customer_id,customer_name,city,country,age_group,segment,signup_date,acquisition_channel,is_member
CUST_1,Agnès Texier,Potier,Sainte Hélène,18-25,Découverte,2024-10-08,Instagram,0
CUST_2,Andrée Roy,Renault,Zaïre,18-25,Premium,2024-03-30,Google Search,0
CUST_3,Noël-Michel Guibert,Grondin,Malte,18-25,Régulier,2025-06-01,Google Search,1
CUST_4,Philippine Martineau,Sainte Théodore,Maldives (Îles),46-60,Régulier,2024-10-11,Event Walk-in,0
CUST_5,Corinne-Valentine Guillot,DuvalVille,Vierges britanniques (Îles),26-35,Corporate,2024-12-14,Instagram,0
CUST_6,Stéphanie du Normand,CousinVille,Andorre,36-45,Régulier,2025-01-24,Instagram,1
CUST_7,Alain Blondel,Paris-sur-Mer,République Dominicaine,36-45,Corporate,2025-04-15,LinkedIn,1
CUST_8,Pierre-Sébastien Royer,CarpentierBourg,République tchèque,46-60,Découverte,2024-10-27,Event Walk-in,1
CUST_9,Timothée Martinez,Lemaire,Lesotho,36-45,Premium,2024-03-12,Instagram,0
CUST_10,Pénélope Rey,Bourdon-sur-Gauthier,Gabon,36-45,Créateur,2024-08-26,Event Walk-in,0
CUST_11,Agathe Thierry,Bertrand-sur-Maury,Thailande,46-60,Premium,2025-01-08,Instagram,0
CUST_12,Diane Brunel,Hernandez-sur-Mer,Portugal,36-45,Corporate,2024-03-14,Google Search,0
CUST_13,Margot Lombard,Saint BernardBourg,Bosnie-Herzégovine,26-35,Régulier,2025-01-23,Instagram,1
CUST_14,Margaux de De Oliveira,Guyon-sur-Gimenez,Nepal,26-35,Corporate,2024-02-27,Instagram,0
CUST_15,Emmanuelle Lévy,Pottier,Féroé (Îles),36-45,Régulier,2024-03-08,Instagram,1
CUST_16,Astrid Techer,Sainte Simone-sur-Mer,Russie,36-45,Régulier,2025-05-26,TikTok,1
CUST_17,Henriette Le Gall,De Oliveira,Slovaquie,46-60,Régulier,2024-05-22,Instagram,1
CUST_18,Richard Launay,Saint SusanVille,Allemagne,36-45,Corporate,2025-03-14,Partnership,0
CUST_19,Alain Rolland,GodardVille,El Salvador,26-35,Créateur,2024-05-21,LinkedIn,0
CUST_20,Manon de Lebreton,David-sur-Mer,Bhoutan,18-25,Corporate,2024-06-05,Google Search,1
CUST_21,Marguerite Muller,Dupré,Nepal,46-60,Premium,2025-01-29,TikTok,1
CUST_22,Marguerite Peron,Lopes-la-Forêt,Monaco,36-45,Créateur,2024-01-12,Referral,0
CUST_23,Marcelle-Claudine Klein,Georges,Falkland (Île),36-45,Corporate,2024-12-14,Instagram,0
CUST_24,Julie-Anne Morin,Bruneau,Géorgie,46-60,Découverte,2024-09-26,Partnership,1
CUST_25,William Boutin,Chauvet,Turkménistan,18-25,Corporate,2024-11-01,Event Walk-in,0
CUST_26,Christophe Berthelot,Bertin-sur-Mer,Burundi,26-35,Régulier,2024-06-14,LinkedIn,1
CUST_27,Franck Nicolas,Gilles,Polynésie française,18-25,Premium,2025-05-15,Instagram,1
CUST_28,Jacques Joseph-Berthelot,Saint Margaret,Vierges (Îles),36-45,Régulier,2024-09-03,Event Walk-in,1
CUST_29,Thomas Le Gall,Rodriguez,Benin,18-25,Corporate,2024-03-11,Partnership,0
CUST_30,Adélaïde-Agnès Gaudin,Berthelot,Cayman (Îles),26-35,Régulier,2025-05-01,Partnership,0
CUST_31,Patrick Leclerc,Blanc,Turkménistan,46-60,Créateur,2024-07-24,Event Walk-in,0
CUST_32,Lucy Delmas Le Perret,Gosselin,Guinée-Bissau,36-45,Régulier,2025-06-13,TikTok,0
CUST_33,Paulette Mercier,ÉtienneVille,Afrique du sud,18-25,Régulier,2024-08-23,Google Search,0
CUST_34,Auguste Hamel,Saint Georgesboeuf,Afghanistan,18-25,Régulier,2024-02-02,Event Walk-in,0
CUST_35,Catherine Camus-Boulanger,Sainte Mathilde,Mali,26-35,Régulier,2025-05-12,Instagram,0
CUST_36,Noémi Valette,Hamelboeuf,Bulgarie,46-60,Régulier,2025-04-29,Event Walk-in,0
CUST_37,Élise-Constance Maillard,Delmas-sur-Mer,Luxembourg,18-25,Premium,2024-12-28,TikTok,0
CUST_38,Cécile Maury,Sainte Victor-les-Bains,Turks et Caïques (Îles),18-25,Premium,2024-04-10,Instagram,1
CUST_39,Victor Evrard,Marchand,Tanzanie,18-25,Régulier,2024-07-13,LinkedIn,0
CUST_40,Henri Moreno,Paul-sur-Boulay,Suède,26-35,Régulier,2024-09-12,Event Walk-in,0
CUST_41,Aurore Potier-Roger,Peltier,Venezuela,18-25,Découverte,2024-01-16,Partnership,1
CUST_42,Monique Le Hamon,LouisBourg,Moldavie,26-35,Régulier,2025-05-12,LinkedIn,1
CUST_43,Anouk Martineau,Laine,Estonie,18-25,Régulier,2024-01-03,Partnership,0
CUST_44,Thierry Turpin-Raymond,Rocher,Pérou,46-60,Régulier,2025-05-13,Instagram,0
CUST_45,Françoise Devaux,Saint Luce,Malawi,18-25,Premium,2024-03-03,Event Walk-in,0
CUST_46,Éric Gomes,Guichard-la-Forêt,Bosnie-Herzégovine,46-60,Premium,2025-06-27,Instagram,1
CUST_47,Suzanne Gomez,Saint Anne,Zaïre,18-25,Corporate,2024-03-11,Google Search,1
CUST_48,Philippe Jacquot-Lecoq,Sainte Philippine,Haïti,26-35,Régulier,2024-09-09,Google Search,0
CUST_49,Lucy Lopez,GrondinVille,Saint-Kitts et Nevis,18-25,Régulier,2025-06-19,TikTok,0
CUST_50,Georges Dupré,Lecoq-la-Forêt,Vietnam,36-45,Régulier,2025-02-09,Instagram,1
CUST_51,Honoré-Charles Blanc,Sainte HenrietteBourg,Croatie,46-60,Régulier,2024-03-15,Instagram,1
CUST_52,Mathilde Fournier-Clément,MorvanVille,Lettonie,18-25,Découverte,2024-08-06,LinkedIn,0
CUST_53,René De Oliveira,Courtois,Vietnam,36-45,Corporate,2024-09-07,TikTok,0
CUST_54,Jacques Fabre,Bailly,Cuba,36-45,Premium,2025-06-25,Instagram,1
CUST_55,Stéphanie Bousquet,Saint Françoisdan,Corée du Nord,36-45,Créateur,2024-04-16,Partnership,0
CUST_56,Augustin-Jules Alves,Delaunay,Niue,18-25,Corporate,2024-06-08,Instagram,1
CUST_57,Monique Nguyen,Cohen,Macau,36-45,Régulier,2024-09-27,LinkedIn,0
CUST_58,Odette Cousin,Saint Suzanne,Haïti,18-25,Régulier,2025-03-09,Event Walk-in,0
CUST_59,Lucie Le Torres,Chartier-la-Forêt,Chili,36-45,Corporate,2024-09-25,Instagram,0
CUST_60,Michelle Charpentier-Aubert,Léger-sur-Mer,Gambie,46-60,Premium,2024-04-24,Instagram,1
CUST_61,Guy Navarro,Saint Édouard,Yougoslavie,26-35,Premium,2025-01-13,Google Search,0
CUST_62,Diane Roussel,Sainte Océane,Roumanie,26-35,Découverte,2025-01-08,Partnership,1
CUST_63,Nath Pelletier,GalletVille,Oman,18-25,Corporate,2024-08-03,Referral,1
CUST_64,Frédérique Pineau,Dupont,Saint Vincent et les Grenadines,36-45,Corporate,2025-02-20,Partnership,1
CUST_65,Frédérique Turpin,Barbe,Wallis et Futuna (Îles),26-35,Corporate,2024-06-30,Event Walk-in,0
CUST_66,Hortense Chartier,Leconte-les-Bains,Yougoslavie,36-45,Corporate,2025-02-25,Event Walk-in,1
CUST_67,Alexandre Carre,Bernier,Samoa,26-35,Régulier,2024-04-20,TikTok,0
CUST_68,Charlotte Pires,Leduc-la-Forêt,Sainte Hélène,46-60,Régulier,2025-04-16,TikTok,1
CUST_69,Alain Verdier,Royer,Saint-Kitts et Nevis,26-35,Régulier,2024-07-16,TikTok,0
CUST_70,André Legros,Saint Alexandria,Zambie,18-25,Créateur,2024-10-12,TikTok,0
CUST_71,Dorothée Leclercq,Saint Jules,Somalie,36-45,Créateur,2024-04-28,Event Walk-in,0
CUST_72,Émilie Gay,LemonnierVille,Portugal,36-45,Découverte,2025-03-20,TikTok,1
CUST_73,Rémy-Isaac Richard,Delannoy-les-Bains,Suisse,46-60,Premium,2025-06-07,Instagram,1
CUST_74,Madeleine Louis-Gosselin,Pelletier,Hongrie,26-35,Régulier,2025-03-22,Instagram,1
CUST_75,William Le Meunier,Tanguy-sur-Devaux,Kazakhstan,26-35,Régulier,2024-03-12,Partnership,1
CUST_76,Victor de la Duhamel,Simon,La Barbad,36-45,Premium,2024-05-07,Event Walk-in,0
CUST_77,Antoinette Ferrand de Blondel,Sainte Danielle,Mongolie,36-45,Premium,2024-11-30,TikTok,0
CUST_78,Victoire Dupuy de la Gillet,Sainte Alexandria,Canada,26-35,Régulier,2025-01-23,Referral,1
CUST_79,Maurice Poulain,Barre-sur-Mer,Slovénie,36-45,Régulier,2024-01-01,TikTok,0
CUST_80,Laure Merle,Ferreira-sur-Mer,Territoires français du sud,36-45,Régulier,2025-03-28,Referral,0
CUST_81,André Huet,Morel,Gambie,26-35,Premium,2024-10-17,LinkedIn,1
CUST_82,Susan-Denise Ollivier,Martin,Lesotho,36-45,Régulier,2024-08-28,Referral,0
CUST_83,Pierre Olivier,Blondel,France,26-35,Régulier,2024-02-17,Instagram,0
CUST_84,Gérard Reynaud,Lefebvre-sur-Mer,Malaisie,18-25,Régulier,2024-07-18,Event Walk-in,0
CUST_85,Patrick Vasseur-Thomas,Klein,Guinée Equatoriale,46-60,Régulier,2024-01-06,Partnership,1
CUST_86,Geneviève Joly,Godard,Andorre,18-25,Corporate,2024-08-12,Instagram,1
CUST_87,Élodie Foucher,Sainte Alice,Bulgarie,46-60,Découverte,2024-09-12,Partnership,0
CUST_88,Timothée Chevalier,Saint Timothée-sur-Mer,Maroc,26-35,Corporate,2025-06-27,Partnership,1
CUST_89,Gérard Mercier-Boucher,Ramos-les-Bains,Macédoine du Nord,46-60,Premium,2025-05-31,TikTok,1
CUST_90,Auguste Bigot,Mathieudan,Royaume-Uni,46-60,Corporate,2025-05-01,TikTok,1
CUST_91,Christophe Giraud,Philippeboeuf,Canada,36-45,Corporate,2025-06-17,LinkedIn,0
CUST_92,Émilie Legendre-Denis,Sainte Laurent,Trinité et Tobago,46-60,Découverte,2024-10-19,Instagram,0
CUST_93,Gilbert Moreno,Peron-sur-Fabre,Trinité et Tobago,18-25,Régulier,2024-08-24,TikTok,0
CUST_94,Xavier Simon,Thomas-sur-Mer,Honduras,26-35,Découverte,2025-02-21,TikTok,0
CUST_95,Nicole Sauvage,ReynaudVille,Jordanie,18-25,Régulier,2025-03-06,TikTok,1
CUST_96,René Weiss-Imbert,Grégoire-sur-Olivier,Namibie,18-25,Corporate,2025-01-24,LinkedIn,1
CUST_97,Christophe Dumont-Petitjean,WagnerBourg,Fidji (République des),36-45,Corporate,2025-03-05,LinkedIn,1
CUST_98,Marcel Ledoux de la Turpin,Georges,France,26-35,Premium,2024-10-06,TikTok,0
CUST_99,Jeanne Vidal,Vincentdan,Bangladesh,36-45,Premium,2025-02-18,Event Walk-in,1
CUST_100,Adrienne Pinto,Morin-les-Bains,Tonga,26-35,Créateur,2025-06-30,Instagram,0
CUST_101,Thomas Bourgeois,Bernard,São Tomé et Príncipe (Rép.),18-25,Régulier,2025-03-14,Instagram,0
CUST_102,Jeanne Rodriguez,Saint Clémence,Pérou,18-25,Régulier,2024-12-01,Instagram,0
CUST_103,Marie Allard,Saint Geneviève,Chili,46-60,Régulier,2025-03-07,Instagram,0
CUST_104,Valérie Gros,Grondin-sur-Godard,Réunion (La),18-25,Corporate,2024-02-23,Partnership,0
CUST_105,Théophile Dias de Aubry,Gauthier-sur-François,Jamaïque,18-25,Corporate,2024-02-11,Event Walk-in,1
CUST_106,Audrey Ribeiro de la Leconte,Buisson-sur-Mer,Tuvalu,26-35,Corporate,2024-06-05,Instagram,0
CUST_107,Laure Roussel,AllainBourg,Mozambique,18-25,Premium,2024-08-11,LinkedIn,0
CUST_108,Dominique Ruiz-Pasquier,Fernandes-sur-Mer,Féroé (Îles),36-45,Régulier,2024-04-27,Event Walk-in,0
CUST_109,Robert Wagner,Sainte Benjamin,Espagne,36-45,Régulier,2024-01-27,Partnership,1
CUST_110,Édith Lemonnier,ParisBourg,Angola,46-60,Régulier,2024-07-22,Instagram,1
CUST_111,Christiane Daniel,Devaux,Grenade,26-35,Régulier,2024-11-04,Event Walk-in,1
CUST_112,Anaïs Lemaître,Dijoux,Moldavie,18-25,Corporate,2024-02-12,TikTok,0
CUST_113,Benjamin de Ollivier,Bonneau-les-Bains,Estonie,36-45,Découverte,2024-12-15,Instagram,0
CUST_114,Lorraine Martel,Costa,Guinée-Bissau,46-60,Régulier,2025-01-05,Google Search,1
CUST_115,Victoire du Pages,Marty-la-Forêt,Nicaragua,26-35,Régulier,2025-06-18,Partnership,0
CUST_116,Odette Valette-Fabre,Saint Emmanuel,Afghanistan,46-60,Régulier,2024-10-01,TikTok,0
CUST_117,Marcel Wagner,Lombard-les-Bains,Laos,18-25,Régulier,2025-04-06,Instagram,0
CUST_118,Isabelle Ferreira,Camusdan,Comores,46-60,Régulier,2025-05-21,Event Walk-in,0
CUST_119,Juliette Le Le Roux,Gomez,République Dominicaine,26-35,Régulier,2024-09-21,TikTok,1
CUST_120,Jacqueline Laurent,GauthierBourg,Belgique,36-45,Premium,2025-06-13,Partnership,0
CUST_121,Adrien Leleu-Gillet,Rey,Paraguay,46-60,Premium,2024-09-03,Event Walk-in,1
CUST_122,Camille Labbé,Massenec,Côte d'Ivoire,46-60,Régulier,2024-01-18,Instagram,0
CUST_123,Nath-Josette Blot,BoulayVille,Bahrain,26-35,Régulier,2025-01-12,LinkedIn,0
CUST_124,Isabelle Leblanc,Sainte Benjamin-la-Forêt,Équateur,46-60,Créateur,2024-12-04,TikTok,0
CUST_125,Alexandria Simon,Giraud,Islande,36-45,Régulier,2024-05-03,Event Walk-in,0
CUST_126,André Le Valette,Robert,Kiribati,26-35,Régulier,2025-05-10,Instagram,1
CUST_127,Agnès Morin,Sainte Dorothée,Mozambique,36-45,Créateur,2024-07-17,TikTok,0
CUST_128,Constance Maillot,Petitjean,Territoire britannique de l'océan Indien,36-45,Découverte,2025-06-30,Instagram,0
CUST_129,André Paris de Legros,Texier-sur-Mer,Guinée,18-25,Premium,2024-05-09,Google Search,1
CUST_130,Inès Descamps,Sainte Maggie,Haïti,18-25,Corporate,2024-10-18,LinkedIn,0
CUST_131,Françoise de Guérin,Morin-sur-Mer,Turkménistan,26-35,Créateur,2024-09-15,Partnership,0
CUST_132,Isaac Descamps,MaceBourg,Bangladesh,18-25,Régulier,2024-03-16,Google Search,1
CUST_133,Thérèse Guyot de la Lopez,Besnard-sur-Moreno,Malawi,26-35,Régulier,2024-11-07,Instagram,0
CUST_134,Hugues-Xavier Voisin,Dufour-la-Forêt,Mariannes du Nord (Îles),46-60,Premium,2024-08-19,Event Walk-in,0
CUST_135,Léon Pasquier,Saint Christelleboeuf,Swaziland,46-60,Régulier,2025-03-15,TikTok,1
CUST_136,Frédérique-Gabrielle Marchand,Parentnec,Polynésie française,18-25,Créateur,2024-07-31,Google Search,0
CUST_137,Mathilde Chevallier-Bousquet,Leduc,Albanie,18-25,Régulier,2024-06-26,Google Search,0
CUST_138,Thérèse-Antoinette Carlier,Mendès-sur-Guillou,Maurice,46-60,Régulier,2025-04-26,TikTok,0
CUST_139,Joseph Perez du Maillard,Andre-sur-Lopes,Jordanie,36-45,Corporate,2025-04-09,Instagram,0
CUST_140,Zacharie Perrot,Saint Anaïs,Sri Lanka,36-45,Corporate,2024-07-21,TikTok,0
CUST_141,Christine-Juliette Turpin,Lesage,Moldavie,26-35,Corporate,2024-05-25,Instagram,0
CUST_142,Bernard Hardy-Fleury,Voisin-sur-Martinez,Tadjikistan,36-45,Premium,2024-10-22,TikTok,0
CUST_143,Denis Lemonnier,Fournier,Italie,36-45,Corporate,2024-10-05,LinkedIn,0
CUST_144,Eugène Chauveau-Dubois,Chrétiendan,Koweit,18-25,Premium,2025-03-18,Event Walk-in,1
CUST_145,Adrien Huet-Vallet,Loiseau,Maurice,18-25,Régulier,2024-01-22,Partnership,1
CUST_146,Jeanne Chevalier,Thibaultnec,Lithuanie,36-45,Premium,2024-06-28,LinkedIn,1
CUST_147,Pierre Julien,Wagner,Argentine,36-45,Régulier,2025-03-22,Google Search,0
CUST_148,Jérôme Thierry,Peltier,Uruguay,18-25,Régulier,2025-02-22,TikTok,1
CUST_149,Inès Rousset,DelormeBourg,Russie,26-35,Régulier,2025-05-22,TikTok,1
CUST_150,Augustin Le Gall,Poulain-la-Forêt,Hongrie,18-25,Régulier,2024-11-18,Instagram,0
CUST_151,Marc Cordier,Ledoux,Portugal,46-60,Corporate,2024-01-02,Referral,0
CUST_152,Pierre Moreau,Duranddan,Nigeria,46-60,Découverte,2025-06-14,TikTok,1
CUST_153,Frédéric Lefebvre,Bouvier,Guatemala,46-60,Corporate,2024-07-27,Instagram,0
CUST_154,Marie Millet,Sanchez,Russie,36-45,Régulier,2025-05-11,Instagram,1
CUST_155,Céline Robert,Perezboeuf,Érythrée,26-35,Corporate,2024-11-14,Google Search,1
CUST_156,Louise Robin,Legrand-la-Forêt,Espagne,18-25,Régulier,2024-04-26,LinkedIn,0
CUST_157,Élise Jacob,PhilippeBourg,Mozambique,26-35,Premium,2024-10-25,LinkedIn,0
CUST_158,Catherine Lambert,Lebreton,Porto Rico,46-60,Créateur,2024-09-06,TikTok,0
CUST_159,Alphonse Collet,Alves,Cayman (Îles),26-35,Corporate,2025-06-04,Event Walk-in,0
CUST_160,René Hamel,Valentin,Côte d'Ivoire,18-25,Régulier,2025-02-28,TikTok,1
CUST_161,Valentine Cohen,Bazin,Afrique du sud,36-45,Corporate,2024-10-16,Event Walk-in,1
CUST_162,Maurice Lambert-Godard,Philippedan,Angola,46-60,Corporate,2025-04-02,LinkedIn,0
CUST_163,Bertrand Georges,Dupré,Sainte Hélène,46-60,Régulier,2024-11-25,Event Walk-in,1
CUST_164,Antoine de Denis,Marques-les-Bains,Belgique,26-35,Premium,2024-08-27,Event Walk-in,0
CUST_165,Danielle Perrot,RogerBourg,Italie,36-45,Corporate,2025-01-25,TikTok,1
CUST_166,Honoré Joseph,BlanchardVille,Ouganda,26-35,Premium,2024-02-07,Instagram,1
CUST_167,Anastasie Gros,Coste-la-Forêt,Géorgie du Sud et Sandwich du Sud (Îles),36-45,Corporate,2025-03-26,Instagram,1
CUST_168,René Lefort-Lamy,Saint Roger,Gibraltar,18-25,Corporate,2025-02-23,Event Walk-in,1
CUST_169,Xavier Normand,Sainte Victoireboeuf,Ukraine,18-25,Régulier,2024-09-28,TikTok,1
CUST_170,Lucy-Michelle Roger,Lacroix,Bahrain,18-25,Corporate,2025-06-30,TikTok,0
CUST_171,Céline Blin,JoubertBourg,Tokelau,46-60,Corporate,2024-02-06,Google Search,0
CUST_172,Margaret Fournier,Deschamps,Bhoutan,36-45,Créateur,2024-04-02,TikTok,0
CUST_173,Adrienne Lévy du Chauvet,Gomez,Italie,18-25,Régulier,2024-11-02,Partnership,0
CUST_174,Chantal Richard,Gomez-sur-Besson,Croatie,18-25,Régulier,2025-01-18,TikTok,0
CUST_175,Timothée Deschamps,Bouvet-les-Bains,"Corée, Sud",46-60,Premium,2024-07-03,Instagram,0
CUST_176,Marthe Collet,Bourgeois,Albanie,46-60,Premium,2024-09-03,LinkedIn,1
CUST_177,René Leclerc-Chartier,De Oliveira,Myanmar,26-35,Régulier,2024-09-17,TikTok,1
CUST_178,Éléonore Le Poirier,Costenec,Australie,46-60,Corporate,2024-06-10,Instagram,1
CUST_179,Alexandrie Léger,Arnaudboeuf,Honduras,36-45,Premium,2025-03-10,Event Walk-in,0
CUST_180,Lucas Chauvin,Thibault-sur-Mer,Vierges (Îles),36-45,Régulier,2025-01-28,Event Walk-in,0
CUST_181,Frédérique Martin,Sainte Thibaut-la-Forêt,Ouzbékistan,46-60,Premium,2024-10-29,Partnership,0
CUST_182,Lucy De Oliveira,Pascal-sur-Mer,Tunisie,46-60,Régulier,2024-02-20,Partnership,1
CUST_183,René Goncalves,Jean,Pérou,36-45,Corporate,2024-08-23,Google Search,0
CUST_184,Emmanuelle Wagner,Barbierboeuf,Nepal,26-35,Premium,2024-05-20,Google Search,1
CUST_185,Patrick Gros,Saint Margot,El Salvador,18-25,Régulier,2025-03-27,Instagram,0
CUST_186,Théodore Andre,Ramos,Mozambique,26-35,Régulier,2024-10-29,TikTok,0
CUST_187,Alex Torres-Laroche,Lopes,Andorre,26-35,Régulier,2025-01-09,LinkedIn,1
CUST_188,Adèle du Henry,Morel,Togo,26-35,Régulier,2025-05-08,Partnership,0
CUST_189,Arthur du Sauvage,Salmondan,Taiwan,36-45,Corporate,2025-04-24,Partnership,0
CUST_190,Yves Couturier,Saint Étienne,Christmas (Île),26-35,Corporate,2025-02-10,Partnership,1
CUST_191,Christelle De Oliveira,Bernard,Saint Pierre et Miquelon,36-45,Régulier,2025-02-08,Instagram,0
CUST_192,Théophile Pierre,Saint Augustin,Tuvalu,46-60,Régulier,2024-09-25,Google Search,1
CUST_193,Franck Hernandez,Rey,Malaisie,36-45,Régulier,2024-08-27,LinkedIn,1
CUST_194,Étienne Lévy,Alexandre-sur-Didier,Ouzbékistan,36-45,Corporate,2024-08-14,Referral,1
CUST_195,Cécile Dumas,SchneiderBourg,Philippines,46-60,Corporate,2024-11-05,Referral,0
CUST_196,Eugène-Laurent Fontaine,Michaud,Fidji (République des),18-25,Créateur,2024-11-07,Partnership,0
CUST_197,Laurence Georges-Costa,Lamy-sur-Mer,Kazakhstan,26-35,Corporate,2024-05-18,TikTok,0
CUST_198,Émilie Salmon,François,Nepal,46-60,Premium,2024-06-07,Event Walk-in,1
CUST_199,Susanne Alexandre,TexierVille,Norfolk (Îles),46-60,Premium,2024-10-13,Instagram,0
CUST_200,Adrien Labbé,Rollandboeuf,Bhoutan,46-60,Régulier,2024-08-29,Event Walk-in,0
CUST_201,Victor Goncalves,Gomes,Afrique du sud,36-45,Premium,2025-01-02,Instagram,0
CUST_202,Renée Le Perrot,Berger,Maroc,18-25,Créateur,2025-04-10,Instagram,0
CUST_203,Lucie-Catherine Meunier,Charles-la-Forêt,Marshall (Îles),18-25,Découverte,2024-12-07,Instagram,0
CUST_204,Gérard Blanchard,Saint Michellenec,Aruba,26-35,Découverte,2024-07-31,Google Search,1
CUST_205,Élodie-Océane Schmitt,Lesage,São Tomé et Príncipe (Rép.),26-35,Régulier,2024-05-31,Event Walk-in,1
CUST_206,Victor de la Briand,Lacroix-sur-Aubry,Turquie,36-45,Corporate,2024-05-28,Partnership,0
CUST_207,Françoise Perrin,Germain,Falkland (Île),26-35,Régulier,2024-01-27,Instagram,0
CUST_208,Gilles Adam,Sainte Élisabeth,Afrique du sud,26-35,Premium,2024-01-17,Instagram,0
CUST_209,Sébastien Perrot-Didier,Saint Raymond,Kirghizistan,46-60,Premium,2024-03-06,LinkedIn,1
CUST_210,Yves Barbe,Perrot,Suède,18-25,Régulier,2024-08-14,Partnership,0
CUST_211,Laure Lefèvre,Sainte Yvesboeuf,Costa Rica,36-45,Régulier,2024-02-01,Instagram,0
CUST_212,Gabriel Lévy,Albert-les-Bains,Turks et Caïques (Îles),46-60,Régulier,2024-04-20,LinkedIn,1
CUST_213,Roger Antoine-Potier,Bailly-sur-Mer,Iran,18-25,Corporate,2024-11-25,Google Search,0
CUST_214,Anne Robin,Breton,Biélorussie,36-45,Premium,2024-11-28,TikTok,1
CUST_215,Richard Reynaud Le Gonzalez,Grondin-la-Forêt,Bulgarie,36-45,Régulier,2025-03-16,Instagram,1
CUST_216,Marine Blin-Gillet,Guillon-la-Forêt,Palau,26-35,Régulier,2024-08-21,TikTok,1
CUST_217,Henriette Lopez,Delannoy,Cayman (Îles),46-60,Régulier,2024-04-07,TikTok,0
CUST_218,Théophile de la De Oliveira,Julien-sur-Mer,Chypre,36-45,Régulier,2024-06-05,Referral,0
CUST_219,Noémi Verdier-Valentin,Hervé,Vierges (Îles),18-25,Corporate,2024-04-05,TikTok,1
CUST_220,Susan Perrot,Blanchet,Irlande,36-45,Corporate,2024-03-02,Google Search,1
CUST_221,Émile Hervé-Vincent,HamonVille,Argentine,36-45,Premium,2025-02-24,TikTok,1
CUST_222,Susanne Schmitt,Bruneau-sur-Delmas,Pérou,46-60,Corporate,2024-02-22,Partnership,1
CUST_223,Pénélope Seguin-Munoz,Sainte Thierry,Équateur,36-45,Régulier,2025-06-03,Instagram,1
CUST_224,Raymond Lecoq,Morel,Mauritanie,26-35,Corporate,2024-12-24,Event Walk-in,0
CUST_225,Frédéric Paris,Bouvet,Wallis et Futuna (Îles),36-45,Premium,2025-03-15,Event Walk-in,1
CUST_226,Mathilde Le Regnier,BrunelVille,Sahara Occidental,18-25,Premium,2024-09-30,Instagram,0
CUST_227,Timothée Gauthier-Paris,Hoareau,Monaco,36-45,Corporate,2024-12-25,Instagram,1
CUST_228,André Delattre Le Weber,Torres-sur-Regnier,Pitcairn (Îles),46-60,Découverte,2024-02-01,Instagram,0
CUST_229,Roger Delorme,Laine,Panama,46-60,Régulier,2024-12-15,Instagram,0
CUST_230,Michèle Coste,Saint Vincentboeuf,Roumanie,36-45,Corporate,2024-03-27,Event Walk-in,0
CUST_231,Élodie Roussel,Gomes,Guyane française,18-25,Premium,2024-10-05,TikTok,0
CUST_232,Josette Guillon,Gimenez,Bahamas,46-60,Régulier,2024-08-08,Event Walk-in,0
CUST_233,Margaud Labbé,Delmasdan,Macau,46-60,Régulier,2025-05-13,LinkedIn,0
CUST_234,Nath Bourgeois-Mercier,Bernard,Benin,26-35,Régulier,2024-02-26,Instagram,0
CUST_235,David Faivre,Rodriguezboeuf,Somalie,26-35,Corporate,2024-09-18,TikTok,0
CUST_236,Marie Faivre Le Lacombe,Delmas-la-Forêt,Saint-Marin (Rép. de),46-60,Corporate,2024-06-28,Instagram,0
CUST_237,André Masson-Evrard,Faure,Malawi,26-35,Premium,2024-12-28,Instagram,1
CUST_238,Inès Allain,Alexandre-les-Bains,Liechtenstein,18-25,Régulier,2025-04-15,Partnership,1
CUST_239,Susan Brunel Le Thomas,Guillaume,Singapour,46-60,Premium,2025-03-03,TikTok,0
CUST_240,Amélie Pires,Gros-sur-Ferrand,Mayotte,36-45,Régulier,2025-04-16,Event Walk-in,1
CUST_241,Auguste Alves,Blanchet,Vietnam,18-25,Régulier,2024-04-18,Instagram,1
CUST_242,Vincent Le Mallet,Petitjean,Costa Rica,18-25,Régulier,2024-11-13,Event Walk-in,0
CUST_243,Denise Ribeiro,DiasVille,Kirghizistan,26-35,Découverte,2024-04-26,LinkedIn,0
CUST_244,Françoise Le Boucher,Saint Luce-les-Bains,Saint Vincent et les Grenadines,36-45,Régulier,2024-05-31,Instagram,0
CUST_245,Bertrand Rousset,Gillet,Moldavie,26-35,Régulier,2024-06-05,Event Walk-in,1
CUST_246,Denis Maurice,David-sur-Mer,Irak,26-35,Créateur,2025-05-20,LinkedIn,1
CUST_247,Pierre-Stéphane Dias,Rocher-sur-Leroux,Tadjikistan,46-60,Corporate,2024-11-26,Event Walk-in,1
CUST_248,Marguerite Renaud-Navarro,Garcia-les-Bains,Brunei,26-35,Régulier,2025-04-25,TikTok,0
CUST_249,Alexandre Coulon,Vincent,Niger,36-45,Premium,2024-12-26,LinkedIn,0
CUST_250,Sylvie Pelletier,Gaudin-les-Bains,Slovaquie,46-60,Découverte,2025-01-12,Event Walk-in,0
CUST_251,Martin-Julien Fournier,Samson,Corée du Nord,18-25,Premium,2025-06-03,TikTok,1
CUST_252,Monique-Nathalie Blot,Ramos,Namibie,18-25,Régulier,2024-07-11,TikTok,0
CUST_253,Thibaut Marchal,Delattre,Russie,26-35,Créateur,2025-04-06,Instagram,1
CUST_254,Lucy Rémy,Fouquet,Émirats arabes unis,36-45,Créateur,2024-03-27,LinkedIn,0
CUST_255,Marcel Louis,Aubry,Égypte,26-35,Corporate,2025-03-25,LinkedIn,1
CUST_256,Claudine Bonnet,Saint Nathalie-les-Bains,Philippines,36-45,Régulier,2024-10-16,TikTok,1
CUST_257,Christophe Charrier,Clémentnec,Arabie saoudite,18-25,Corporate,2024-12-08,Instagram,0
CUST_258,Théophile Vasseur,Sainte Richarddan,Tunisie,46-60,Régulier,2024-06-02,TikTok,1
CUST_259,Joseph Lemoine,Guillot,Jordanie,26-35,Corporate,2024-11-13,Partnership,1
CUST_260,Henri Allard,Roussetboeuf,Cambodge,46-60,Régulier,2024-03-27,TikTok,0
CUST_261,Vincent Payet-Ferreira,Loiseau,Bulgarie,36-45,Corporate,2025-06-23,Instagram,1
CUST_262,Emmanuel Evrard,De Sousa,Pakistan,36-45,Découverte,2024-11-12,Instagram,0
CUST_263,Laure Mercier,Sainte Henridan,Bolivie,46-60,Régulier,2024-05-20,Instagram,0
CUST_264,André Chauveau,Teixeira,Marshall (Îles),18-25,Premium,2025-06-23,Instagram,0
CUST_265,Joséphine Berthelot,Lecoq,Cayman (Îles),26-35,Premium,2024-06-06,Instagram,1
CUST_266,Jules Barbier,HebertVille,Côte d'Ivoire,26-35,Corporate,2024-02-14,TikTok,1
CUST_267,Marc Leroux,Petitjean,Zambie,26-35,Créateur,2024-10-18,Event Walk-in,1
CUST_268,Élise Fournier-Barbe,Nicolas,Kiribati,26-35,Premium,2024-11-12,Partnership,1
CUST_269,Théodore Fontaine,Collin,Rép. Dém. du Congo,26-35,Régulier,2025-03-27,LinkedIn,0
CUST_270,Charles Pichon-Robin,LeroyBourg,Nepal,46-60,Premium,2025-03-04,Partnership,1
CUST_271,Élise Descamps,Pelletier,Syrie,26-35,Corporate,2024-02-23,Referral,1
CUST_272,Susanne Chauveau,Chauveau,Belgique,18-25,Corporate,2025-06-12,Event Walk-in,0
CUST_273,Élisabeth Leduc de la Lefèvre,Thierry-sur-Mer,Nouvelle-Zélande,26-35,Régulier,2025-06-09,Instagram,0
CUST_274,Gilles Perrot,Bruneau,Pays-Bas,26-35,Corporate,2024-12-23,Partnership,0
CUST_275,Stéphane Launay,Blanchard,Koweit,46-60,Premium,2024-08-29,TikTok,0
CUST_276,Édouard Roger-Lejeune,Grégoire-la-Forêt,Guyane,26-35,Découverte,2024-04-11,Event Walk-in,1
CUST_277,Gérard Brun,Saint SabineVille,Costa Rica,26-35,Régulier,2024-10-20,Partnership,0
CUST_278,Roger Gilles,Sainte Frédérique,France,26-35,Corporate,2025-04-25,TikTok,0
CUST_279,Antoinette-Susanne Blondel,Lacombeboeuf,Honduras,18-25,Découverte,2024-08-08,Event Walk-in,0
CUST_280,Alex Hoareau,Bonnin,Djibouti,46-60,Régulier,2024-10-22,Instagram,0
CUST_281,Gabriel-Roger Guichard,Henry,Danemark,26-35,Régulier,2025-04-13,Instagram,1
CUST_282,Émile du Rodrigues,Saint Valentine,Botswana,46-60,Premium,2024-01-17,Google Search,1
CUST_283,Alain Roux,Bigot-sur-Mer,Somalie,26-35,Régulier,2024-01-02,Google Search,0
CUST_284,Édith Collin,Faivre,Philippines,46-60,Régulier,2024-03-28,LinkedIn,0
CUST_285,Arnaude du Chauvin,Sainte Maurice,Antarctique,18-25,Régulier,2025-04-26,Instagram,0
CUST_286,Susan Rodriguez,Thierry,Côte d'Ivoire,36-45,Régulier,2024-01-17,TikTok,0
CUST_287,Jules Pages-Bourgeois,Lefèvre-la-Forêt,Benin,26-35,Corporate,2024-04-16,Event Walk-in,1
CUST_288,Vincent de Duval,Sainte Augustin,Bermudes (Les),36-45,Régulier,2024-12-26,Google Search,1
CUST_289,Patrick Robert,LedouxBourg,Malawi,26-35,Corporate,2025-04-20,Partnership,0
CUST_290,Élise du Hernandez,Nicolas,Nigeria,26-35,Corporate,2024-03-05,Event Walk-in,1
CUST_291,Paul Le Valentin,Meyerboeuf,Turquie,18-25,Régulier,2024-02-14,Event Walk-in,1
CUST_292,Hortense de la Royer,Briand,Pologne,36-45,Créateur,2025-06-11,TikTok,1
CUST_293,Stéphanie Colin,Bousquet,Bolivie,46-60,Régulier,2024-07-14,TikTok,1
CUST_294,Nath Loiseau,Saint Alex,Niue,18-25,Corporate,2024-12-05,Instagram,1
CUST_295,Éléonore-Adélaïde Mercier,Sainte AnneVille,Angola,46-60,Corporate,2025-03-26,Partnership,0
CUST_296,Bernard de Perrot,Sainte FrédériqueBourg,Indonésie,26-35,Premium,2025-05-24,TikTok,1
CUST_297,Théodore Gilles,Saint Luce-les-Bains,Féroé (Îles),36-45,Corporate,2025-03-10,Instagram,1
CUST_298,Émile du Hamel,Parent,Nauru,26-35,Premium,2024-11-24,Instagram,0
CUST_299,Éric Couturier,Laporteboeuf,Argentine,36-45,Régulier,2025-03-12,Instagram,0
CUST_300,Guillaume Samson,Dufour,Iran,46-60,Découverte,2024-12-27,Google Search,0
CUST_301,Emmanuelle Cohen,Sainte Élisabethnec,Antarctique,18-25,Découverte,2025-02-19,TikTok,1
CUST_302,Alice Duval,Pelletier-les-Bains,Heard et McDonald (Îles),26-35,Créateur,2024-05-26,Event Walk-in,1
CUST_303,Gérard Muller,CouturierBourg,Nepal,46-60,Découverte,2024-03-09,Instagram,1
CUST_304,Julie Joubert,Sainte Julie,Falkland (Île),36-45,Régulier,2024-02-03,Google Search,1
CUST_305,Laurent Dumont,Vaillant,São Tomé et Príncipe (Rép.),36-45,Régulier,2024-03-19,Google Search,0
CUST_306,Martine Gonzalez,Saint Franck,Macau,46-60,Régulier,2024-10-12,Instagram,0
CUST_307,Margot Valette du Lebreton,Robindan,Porto Rico,26-35,Premium,2025-01-31,Partnership,0
CUST_308,Matthieu Joseph,Dos Santos,Égypte,36-45,Corporate,2024-08-07,Partnership,0
CUST_309,Hortense Rodrigues,DupréBourg,Botswana,46-60,Régulier,2024-05-18,Event Walk-in,0
CUST_310,Lorraine-Margot Noël,BoutinBourg,Fidji (République des),46-60,Créateur,2024-11-23,Referral,1
CUST_311,Tristan Lévy du Ruiz,Vallée,Niger,36-45,Corporate,2024-06-10,Event Walk-in,1
CUST_312,Gilles Turpin,Sanchez,Féroé (Îles),26-35,Corporate,2025-06-04,Instagram,1
CUST_313,Thibaut Jacob,Le Gall,Venezuela,26-35,Régulier,2025-05-20,Instagram,1
CUST_314,Thibaut De Sousa,Lemaître,Liban,36-45,Régulier,2024-05-12,Google Search,0
CUST_315,Julien Masson,BertinBourg,Azerbaïdjan,36-45,Régulier,2025-05-05,LinkedIn,1
CUST_316,Eugène Étienne,Mathieu,Saint Pierre et Miquelon,18-25,Régulier,2024-11-20,Referral,0
CUST_317,Gabrielle de Dias,Berger,Nouvelle-Zélande,36-45,Régulier,2024-07-05,Event Walk-in,0
CUST_318,Bernard Barthelemy,Saint Matthieu,Antilles néerlandaises,18-25,Corporate,2025-06-14,Instagram,0
CUST_319,Benoît de la Robert,Jourdandan,Cambodge,36-45,Créateur,2024-08-18,TikTok,1
CUST_320,Sabine Durand,Schmitt,Kirghizistan,36-45,Corporate,2024-09-13,Instagram,1
CUST_321,Richard du Charpentier,Gaillard-sur-Lambert,Territoire britannique de l'océan Indien,36-45,Régulier,2024-11-06,Google Search,0
CUST_322,Philippe Guichard,Saint Patricia,Belize,26-35,Premium,2024-06-06,Instagram,1
CUST_323,Amélie Ledoux,Bazin-sur-Le Roux,Côte d'Ivoire,36-45,Corporate,2024-02-12,Event Walk-in,0
CUST_324,Céline-Françoise Torres,Guillot-la-Forêt,Bosnie-Herzégovine,18-25,Créateur,2024-09-28,Referral,1
CUST_325,Franck Cousin,GayVille,Yemen,46-60,Premium,2024-02-01,LinkedIn,1
CUST_326,Thibault-Charles De Oliveira,Hebert,Cook (Îles),36-45,Premium,2024-11-05,LinkedIn,1
CUST_327,Audrey-Anastasie Collet,Sainte Thibaut-la-Forêt,Somalie,46-60,Régulier,2024-03-15,Referral,0
CUST_328,Luce Morvan,De Oliveira-les-Bains,Libye,46-60,Premium,2024-07-27,TikTok,0
CUST_329,Sylvie David de la Delaunay,Peltier,Ethiopie,36-45,Corporate,2024-12-19,Partnership,0
CUST_330,Georges Michaud,Martins-sur-Mer,Guinée-Bissau,36-45,Premium,2024-04-18,TikTok,0
CUST_331,Marcel-Daniel Dufour,RollandVille,Burundi,36-45,Régulier,2024-05-24,Instagram,0
CUST_332,Olivier-Bertrand Deschamps,Roussel-sur-Da Costa,Anguilla,46-60,Corporate,2025-03-04,Instagram,1
CUST_333,Paulette-Charlotte Le Goff,Lopez-sur-Seguin,Côte d'Ivoire,26-35,Corporate,2024-11-16,Instagram,0
CUST_334,Antoine Dupré,De Sousa,Cook (Îles),46-60,Premium,2024-11-11,LinkedIn,0
CUST_335,Roland Hubert,Saint Gilles-la-Forêt,Cap Vert,46-60,Premium,2024-09-03,Instagram,0
CUST_336,Jean-Robert Richard,Poulaindan,Martinique,18-25,Régulier,2025-04-26,TikTok,0
CUST_337,William Brunet du Laroche,Arnaud,Bolivie,18-25,Régulier,2024-09-27,Event Walk-in,1
CUST_338,Lucas de la Grenier,Fernandez-la-Forêt,Mauritanie,36-45,Découverte,2024-02-22,Google Search,0
CUST_339,Aimé Thomas,Sainte Emmanuelle,Maurice,36-45,Découverte,2025-05-31,TikTok,0
CUST_340,Emmanuelle Foucher Le Clerc,Adam,Togo,18-25,Régulier,2024-04-09,TikTok,1
CUST_341,Susan Collin,Martinez-la-Forêt,Falkland (Île),36-45,Premium,2025-01-09,Event Walk-in,0
CUST_342,Corinne Ruiz Le Reynaud,Launay-sur-Neveu,Argentine,46-60,Premium,2024-02-16,Instagram,1
CUST_343,Robert-Roger Cordier,Boutindan,Norfolk (Îles),46-60,Premium,2024-06-01,Google Search,0
CUST_344,Danielle du Gay,Chauveau,Heard et McDonald (Îles),36-45,Créateur,2024-11-22,Instagram,1
CUST_345,Thomas Durand,Goncalves,Zimbabwe,36-45,Premium,2025-06-03,Event Walk-in,0
CUST_346,Jeanne Reynaud,Sainte SébastienBourg,Gibraltar,36-45,Régulier,2024-01-18,TikTok,1
CUST_347,Élise Ruiz,LemonnierBourg,Émirats arabes unis,46-60,Premium,2024-01-28,Google Search,0
CUST_348,Monique Lombard,Chartier-la-Forêt,Bahamas,26-35,Corporate,2025-05-06,Instagram,1
CUST_349,Charles Blanchard,Sainte Rémy-sur-Mer,Ouzbékistan,46-60,Régulier,2024-09-05,Instagram,1
CUST_350,Alice De Sousa,Alexandre-sur-Allain,Cambodge,18-25,Régulier,2025-03-27,TikTok,0
CUST_351,Roger Gay-Perez,Chrétien,Finlande,26-35,Régulier,2025-04-27,Event Walk-in,1
CUST_352,Valentine Bonnet,Saint Suzanne,Mongolie,18-25,Corporate,2025-06-15,Instagram,0
CUST_353,Bernadette Vincent,Dumas-sur-Robin,Cameroun,46-60,Premium,2024-11-17,Partnership,0
CUST_354,Thomas Chauvet,Sainte Lucy-sur-Mer,Samoa,36-45,Premium,2024-09-27,Google Search,0
CUST_355,Michelle Michel,Paul,Brunei,26-35,Régulier,2024-11-01,Instagram,1
CUST_356,Françoise Evrard,Leconte-sur-Gillet,Estonie,36-45,Corporate,2024-07-31,Event Walk-in,0
CUST_357,Victor Foucher,Lebrun,Ukraine,46-60,Régulier,2024-10-07,TikTok,1
CUST_358,Jeanne Guilbert,Sainte Yves,Malte,46-60,Corporate,2025-02-08,Event Walk-in,1
CUST_359,Anne Vidal-Girard,Leclercq,Grenade,26-35,Régulier,2024-10-21,Partnership,0
CUST_360,Alain-Augustin Perret,BoutinVille,Cayman (Îles),46-60,Premium,2025-05-05,Instagram,1
CUST_361,Monique Ruiz,Le Roux,Turkménistan,36-45,Créateur,2024-10-05,Instagram,1
CUST_362,Émile Clément,Lemoine,Irak,26-35,Régulier,2025-06-27,Instagram,0
CUST_363,Sophie-Arnaude Julien,Besnard,Hong Kong,18-25,Régulier,2025-04-28,Instagram,1
CUST_364,Jacques Bourdon,Labbé,Ethiopie,18-25,Créateur,2024-06-10,TikTok,1
CUST_365,Aimé Gosselin de Alexandre,GrenierVille,Monaco,46-60,Régulier,2024-07-23,Event Walk-in,0
CUST_366,Joséphine Vasseur,Renaud,Cap Vert,36-45,Premium,2024-04-01,Referral,0
CUST_367,Richard Boucher du Teixeira,Sainte Véroniqueboeuf,Papouasie-Nouvelle-Guinée,18-25,Corporate,2024-06-28,TikTok,1
CUST_368,Luce Marchand,Morel,Trinité et Tobago,18-25,Créateur,2025-02-10,Event Walk-in,0
CUST_369,Andrée Lemoine de la Ollivier,Sainte Améliedan,Djibouti,36-45,Corporate,2024-01-10,TikTok,1
CUST_370,Éléonore de Perrier,VerdierBourg,Kiribati,36-45,Régulier,2025-06-20,LinkedIn,1
CUST_371,Océane Chevalier,Saint Oliviedan,Dominique,46-60,Régulier,2024-04-25,TikTok,1
CUST_372,Anouk Leblanc du Marty,Benard-sur-Guilbert,Fidji (République des),36-45,Corporate,2024-01-15,Event Walk-in,1
CUST_373,Aimé-Isaac Pascal,Blanchard,Territoire britannique de l'océan Indien,26-35,Régulier,2025-02-19,Event Walk-in,0
CUST_374,Maurice Paris,Courtois,Cambodge,18-25,Régulier,2024-04-07,Instagram,0
CUST_375,Alphonse-Maurice Adam,Toussaint,Maurice,36-45,Créateur,2024-01-07,Instagram,0
CUST_376,Lucas Faure,Hardy,Belgique,36-45,Créateur,2024-11-05,Google Search,1
CUST_377,Xavier Imbert,Lombard,Afrique du sud,36-45,Premium,2024-08-29,Instagram,0
CUST_378,Luc Hardy,Letellier,Grèce,36-45,Régulier,2025-05-29,Partnership,1
CUST_379,Danielle Cousin,Hardy,Antilles néerlandaises,36-45,Corporate,2024-10-29,TikTok,0
CUST_380,Émile Chartier-Langlois,MarchandBourg,Roumanie,26-35,Régulier,2025-04-10,Event Walk-in,1
CUST_381,Véronique-Jeannine Collin,Gaudinnec,Russie,46-60,Corporate,2025-04-27,Event Walk-in,1
CUST_382,Adélaïde Valentin du François,Deschamps-la-Forêt,Indonésie,26-35,Corporate,2024-03-24,LinkedIn,0
CUST_383,Geneviève Marin,Thibault,Aruba,36-45,Découverte,2024-04-24,Instagram,0
CUST_384,Valentine Rousseau,Durand-sur-Mer,Gibraltar,26-35,Premium,2024-06-02,Instagram,1
CUST_385,Édith Boulay,Bigot,Fidji (République des),46-60,Régulier,2024-07-29,Event Walk-in,0
CUST_386,Aurélie-Lucie Robin,Maillot,Burundi,46-60,Corporate,2025-04-09,Instagram,0
CUST_387,Gabriel Delattre,Blanc,Qatar,18-25,Premium,2024-11-11,Event Walk-in,0
CUST_388,Stéphanie Huet,Noëldan,Ukraine,18-25,Corporate,2024-03-15,Instagram,0
CUST_389,Margaux Roussel,Gonzalez,Azerbaïdjan,18-25,Premium,2024-03-02,Partnership,0
CUST_390,Étienne Jacques du Fontaine,Sainte ÉtienneBourg,Algérie,46-60,Découverte,2025-02-22,Instagram,0
CUST_391,Thomas Bonnin,Ponsdan,Algérie,46-60,Régulier,2025-01-26,TikTok,1
CUST_392,Thomas Parent du Lecomte,Pages,Ukraine,46-60,Régulier,2024-05-16,Referral,0
CUST_393,Michel Pages,Sainte LaurenceVille,Bermudes (Les),26-35,Créateur,2025-02-06,LinkedIn,1
CUST_394,Lucas de Gomez,Bonnin,Oman,26-35,Corporate,2024-01-24,Partnership,0
CUST_395,Thibaut Étienne,Sainte Frédéric,Suriname,46-60,Premium,2024-08-23,Instagram,0
CUST_396,Anaïs Didier-Barre,Georges-sur-Georges,Égypte,36-45,Régulier,2024-04-25,Instagram,1
CUST_397,Michel Coste,PiresVille,Arabie saoudite,18-25,Régulier,2024-03-09,Instagram,0
CUST_398,Gilles du Bigot,Sainte MichelleVille,Maurice,18-25,Régulier,2024-02-15,TikTok,0
CUST_399,Élodie Guyot,Roux,Hongrie,26-35,Corporate,2024-02-27,Instagram,1
CUST_400,Élisabeth de la Delahaye,Raymond,Afrique du sud,26-35,Corporate,2024-11-22,Google Search,1
CUST_401,Gabriel-Thomas Leleu,Pineau,Guinée,36-45,Régulier,2024-05-26,Partnership,0
CUST_402,Gérard Evrard,LeconteBourg,Saint-Marin (Rép. de),46-60,Régulier,2024-03-03,Google Search,1
CUST_403,Noël Courtois,Rossi,Bahrain,26-35,Premium,2025-03-13,Google Search,0
CUST_404,Monique Marchal,Lebreton,Yemen,36-45,Créateur,2025-01-25,Event Walk-in,0
CUST_405,Aurélie Le Coulon,Dos SantosBourg,Corée du Nord,46-60,Régulier,2024-11-03,TikTok,1
CUST_406,Michelle Ruiz,Sainte Christelle,Polynésie française,46-60,Régulier,2024-08-18,TikTok,1
CUST_407,Roland Jourdan,Chrétien-sur-Lebon,Bosnie-Herzégovine,46-60,Corporate,2025-02-26,Partnership,1
CUST_408,Gabriel Wagner,Chevallier-sur-Mer,Argentine,26-35,Régulier,2024-09-18,Instagram,1
CUST_409,Joseph Sauvage,BlondelBourg,Irak,46-60,Corporate,2024-04-04,LinkedIn,1
CUST_410,Anastasie Dijoux du Grégoire,BerthelotVille,Malte,18-25,Régulier,2024-02-10,Event Walk-in,0
CUST_411,Marcel-Noël Briand,MonnierVille,Gabon,26-35,Régulier,2024-12-06,TikTok,1
CUST_412,Benjamin Salmon,Leclercq,Sainte Hélène,26-35,Créateur,2024-04-30,Event Walk-in,1
CUST_413,Émile Blanchet,Paris-sur-Gay,Somalie,26-35,Corporate,2024-07-28,TikTok,0
CUST_414,Gilbert-Sébastien Bigot,Chauveau,Cocos (Îles),36-45,Corporate,2025-01-24,LinkedIn,1
CUST_415,Victor Faure,Perrin,Maroc,36-45,Régulier,2025-06-09,Event Walk-in,0
CUST_416,Emmanuel Dupuis,Albert-sur-Chrétien,Guyane,46-60,Corporate,2024-11-23,Partnership,0
CUST_417,Adrienne Coulon-Lemaître,Vallet,Irak,46-60,Découverte,2024-08-14,Event Walk-in,0
CUST_418,Jules Klein,Sainte Aimé-la-Forêt,Svalbard et Jan Mayen (Îles),46-60,Régulier,2024-07-19,TikTok,0
CUST_419,Daniel Goncalves,Saint Franck-la-Forêt,Égypte,26-35,Premium,2024-12-11,Instagram,1
CUST_420,Christiane Evrard,Delannoy,Cook (Îles),46-60,Régulier,2024-12-26,Instagram,1
CUST_421,Paulette Pruvost,Saint Louis,Rwanda,46-60,Régulier,2024-03-01,LinkedIn,1
CUST_422,Olivie Rossi,RuizBourg,Guyane,18-25,Créateur,2024-02-19,Event Walk-in,0
CUST_423,Alex Brunet de la Marty,Carpentier-la-Forêt,Territoire britannique de l'océan Indien,26-35,Découverte,2024-06-03,Instagram,0
CUST_424,Sabine Normand,Saint Sébastien,Marshall (Îles),36-45,Découverte,2025-05-09,Referral,0
CUST_425,Alfred Bazin,Torresboeuf,Norvège,46-60,Découverte,2025-06-26,Event Walk-in,0
CUST_426,Aimé Morvan,Étienne,Turquie,36-45,Découverte,2025-03-16,Event Walk-in,1
CUST_427,Honoré Poulain-Noël,SchmittBourg,Burkina Faso,18-25,Corporate,2025-06-20,Instagram,0
CUST_428,Xavier de la Klein,Sainte Paul,Royaume-Uni,36-45,Corporate,2024-09-30,Event Walk-in,0
CUST_429,Eugène Besnard,Nguyen,Hong Kong,46-60,Régulier,2024-09-06,Partnership,0
CUST_430,Thibaut Ledoux de la Charpentier,Bruneau-la-Forêt,Venezuela,18-25,Premium,2024-02-02,Instagram,0
CUST_431,Colette Hoareau,Boulay-sur-Pascal,Afrique du sud,46-60,Découverte,2024-01-10,Event Walk-in,0
CUST_432,Gérard Neveu,Vincent-les-Bains,Maurice,46-60,Premium,2024-12-05,Google Search,1
CUST_433,Charles Leleu de la Chauveau,Gérardboeuf,Sainte Lucie,18-25,Corporate,2024-02-13,Instagram,1
CUST_434,Éléonore-Frédérique Boyer,Tanguy,Seychelles,46-60,Régulier,2024-03-17,Referral,0
CUST_435,Marcel Lombard Le Roger,ReyBourg,Timor,18-25,Régulier,2024-11-18,Instagram,0
CUST_436,Bernard Baron-Bègue,Lesagedan,Heard et McDonald (Îles),26-35,Corporate,2025-02-11,Partnership,0
CUST_437,Eugène Rolland,Pierre,Kenya,26-35,Premium,2025-02-02,Referral,0
CUST_438,Océane Normand Le Legros,Marydan,Liban,46-60,Corporate,2024-05-23,Event Walk-in,1
CUST_439,Joséphine Vidal,Saint Claire,Sahara Occidental,18-25,Premium,2024-12-20,Instagram,0
CUST_440,Sébastien Teixeira,Le Gall,Philippines,18-25,Régulier,2025-02-10,Partnership,0
CUST_441,Noël Le Vallée,Sainte Odettedan,Sénégal,36-45,Corporate,2025-04-06,LinkedIn,0
CUST_442,Nath-Suzanne Lopes,Weiss,Équateur,46-60,Régulier,2025-01-24,Instagram,1
CUST_443,Louis-Daniel Diallo,Nguyen,Chili,26-35,Corporate,2024-03-25,Instagram,0
CUST_444,Noël Techer,Le Goff,Yougoslavie,26-35,Corporate,2024-11-20,TikTok,0
CUST_445,Léon Royer-Seguin,Gimeneznec,Oman,36-45,Régulier,2024-10-03,Instagram,0
CUST_446,Simone Hoareau,Carlierdan,Bhoutan,46-60,Régulier,2025-06-08,TikTok,0
CUST_447,Christiane Goncalves,Pichon,Suède,36-45,Premium,2024-11-28,Event Walk-in,0
CUST_448,Laurent Guillot,Guyot,Saint Vincent et les Grenadines,46-60,Régulier,2024-03-27,Event Walk-in,1
CUST_449,Jean Ollivier,Payet-sur-Loiseau,Comores,26-35,Premium,2024-06-22,Referral,0
CUST_450,Paul-Philippe Joly,Fernandes,Guinée,36-45,Régulier,2025-05-19,Instagram,0
CUST_451,Aimé Dupont,Rodriguez,Chypre,36-45,Régulier,2025-05-10,Event Walk-in,0
CUST_452,Josette-Louise Bouchet,Marchalboeuf,Rwanda,26-35,Corporate,2025-05-22,Google Search,0
CUST_453,Marc Chauveau,Alexandre,Polynésie française,18-25,Régulier,2024-01-07,Partnership,0
CUST_454,Martin Dijoux,Masse,Suède,46-60,Corporate,2024-12-03,TikTok,0
CUST_455,Camille Thomas,SalmonVille,Mayotte,26-35,Régulier,2024-07-24,LinkedIn,0
CUST_456,Julien Gautier-Nicolas,Gautier-sur-Mer,Niger,46-60,Créateur,2024-10-25,Event Walk-in,1
CUST_457,Emmanuelle de la Dupuis,Mullerboeuf,Zaïre,26-35,Régulier,2024-10-14,Event Walk-in,0
CUST_458,Josette Lelièvre,Renaud,Grèce,18-25,Créateur,2024-07-23,Google Search,0
CUST_459,Augustin Dumont-Hernandez,PineauBourg,Italie,18-25,Créateur,2025-04-17,Partnership,0
CUST_460,Alfred-Yves Raynaud,Saint Adélaïde,Grenade,36-45,Corporate,2024-03-11,Event Walk-in,1
CUST_461,Clémence-Thérèse Leduc,Laporteboeuf,Bulgarie,46-60,Premium,2024-05-22,Google Search,0
CUST_462,Roger Olivier,Courtoisboeuf,Italie,26-35,Corporate,2025-01-21,Instagram,1
CUST_463,Émilie Costa,Lopez,Moldavie,46-60,Premium,2025-06-02,Partnership,1
CUST_464,Joseph de Gérard,Mercier,Gibraltar,46-60,Premium,2025-01-03,Event Walk-in,1
CUST_465,Patrick Da Silva,PelletierBourg,Ethiopie,18-25,Régulier,2024-09-11,Referral,0
CUST_466,François Dufour-Gimenez,Sainte ThibaultVille,Venezuela,18-25,Premium,2025-02-13,Partnership,0
CUST_467,Brigitte Lagarde,PelletierVille,Pitcairn (Îles),46-60,Régulier,2024-04-10,Instagram,0
CUST_468,Benoît Parent,Rossi-sur-Joseph,Norvège,26-35,Régulier,2025-02-04,LinkedIn,1
CUST_469,Charlotte Mahe,Morvan,Corée du Nord,26-35,Régulier,2024-01-26,LinkedIn,0
CUST_470,Noémi Couturier,Joseph,Cameroun,18-25,Régulier,2024-05-25,TikTok,0
CUST_471,Nathalie de la Morin,Leclercq,Vietnam,26-35,Premium,2024-12-22,LinkedIn,0
CUST_472,Adélaïde Roche,Guilbertdan,Cuba,46-60,Régulier,2024-11-03,Instagram,1
CUST_473,Lucie Jacquot,Bodin,Saint-Kitts et Nevis,18-25,Corporate,2024-04-21,Referral,0
CUST_474,Margaret Gallet-Marion,Chauvindan,Territoire britannique de l'océan Indien,26-35,Premium,2024-06-12,TikTok,0
CUST_475,Charles Jean,Saint LouiseVille,Mauritanie,46-60,Régulier,2025-02-18,Google Search,0
CUST_476,Robert Nicolas,Michel-sur-Mer,Luxembourg,46-60,Régulier,2024-07-21,TikTok,0
CUST_477,Noël Pruvost,Saint Audreydan,Argentine,18-25,Corporate,2024-07-29,Instagram,1
CUST_478,Joséphine-Aurélie Lagarde,Georges,Cuba,18-25,Premium,2024-07-10,TikTok,0
CUST_479,Gabrielle Leduc du Lacombe,Schneider,Bosnie-Herzégovine,18-25,Régulier,2025-05-16,LinkedIn,1
CUST_480,Margot Chrétien,Saint MatthieuVille,Vietnam,46-60,Premium,2024-04-26,TikTok,1
CUST_481,Renée Jacquot,Philippe,Japon,26-35,Corporate,2024-10-31,Partnership,1
CUST_482,Bernard du Normand,Becker-sur-Mer,Portugal,26-35,Régulier,2024-09-01,TikTok,0
CUST_483,Christelle Bernier-Joly,Sainte Aurore-la-Forêt,Yemen,26-35,Premium,2025-03-04,Google Search,1
CUST_484,Olivie Maurice,Laroche-les-Bains,Cambodge,46-60,Régulier,2024-06-26,Google Search,0
CUST_485,Brigitte Lévêque-Clerc,Gay,Chili,26-35,Régulier,2025-04-06,Google Search,1
CUST_486,Adrien Couturier,Perez,Hong Kong,18-25,Premium,2024-07-18,Event Walk-in,1
CUST_487,Brigitte Rivière,Seguin,Norfolk (Îles),46-60,Régulier,2025-05-18,TikTok,1
CUST_488,Pierre Moreau,Fernandes-sur-Picard,Afghanistan,46-60,Régulier,2024-02-01,Event Walk-in,0
CUST_489,Marine Guérin,Marchal,Ouganda,18-25,Régulier,2024-10-22,Instagram,0
CUST_490,Marine Texier,Pichon-sur-Alves,Grèce,46-60,Premium,2024-04-25,Google Search,0
CUST_491,Arthur Julien,Sainte Éric,Venezuela,36-45,Premium,2024-02-12,Event Walk-in,0
CUST_492,Paulette Wagner,Bertin,Vietnam,26-35,Créateur,2024-04-14,Event Walk-in,1
CUST_493,Michelle Pruvost-Leblanc,GuillonBourg,Bosnie-Herzégovine,26-35,Régulier,2024-02-03,TikTok,0
CUST_494,Dominique Dos Santos,Gauthier-sur-Mer,Cocos (Îles),18-25,Régulier,2024-04-30,Event Walk-in,0
CUST_495,Joséphine Guillet-Klein,Saint Manon-sur-Mer,Guinée Equatoriale,36-45,Corporate,2025-03-14,Instagram,0
CUST_496,Auguste Le Briand,Dufour,Vatican (Etat du),26-35,Corporate,2024-03-01,Google Search,0
CUST_497,Philippine Leleu,Sainte Grégoireboeuf,La Barbad,26-35,Régulier,2024-10-26,TikTok,0
CUST_498,Françoise Guérin,Becker-sur-Chevalier,Guadeloupe,18-25,Régulier,2025-02-25,Partnership,1
CUST_499,Jeanne Ruiz,Bruneau,Canada,26-35,Corporate,2024-05-15,Instagram,1
CUST_500,Antoinette Girard du Bailly,Monnier,Angola,26-35,Corporate,2025-02-06,LinkedIn,1
CUST_501,Nicolas Camus de Guichard,Fischer-la-Forêt,Bahamas,36-45,Premium,2025-01-19,TikTok,1
CUST_502,Dorothée Weber-Mendès,Baudry,Danemark,18-25,Régulier,2024-10-11,Event Walk-in,1
CUST_503,Édouard Pasquier,Guillou,Guyane française,46-60,Créateur,2024-12-01,Google Search,1
CUST_504,Étienne Lejeune,FabreBourg,Samoa,18-25,Corporate,2025-04-14,Google Search,1
CUST_505,Clémence Lefebvre-Neveu,Besson,Samoa,18-25,Corporate,2025-02-11,Instagram,0
CUST_506,Robert de la Ferrand,Dupuis,Slovaquie,26-35,Premium,2024-11-26,Event Walk-in,0
CUST_507,Dorothée Pinto,Pelletier,Bulgarie,26-35,Premium,2025-05-11,Event Walk-in,1
CUST_508,Émile Vallet-Thomas,Perrier,Guyane,18-25,Découverte,2025-04-15,Instagram,1
CUST_509,Thérèse Gay,Lemaître,Suriname,26-35,Régulier,2024-01-01,Partnership,0
CUST_510,Guillaume De Sousa,Rocher-sur-Leroy,Tadjikistan,26-35,Corporate,2024-11-05,Instagram,1
CUST_511,Benjamin Salmon,Becker,Tokelau,36-45,Régulier,2025-01-04,Instagram,0
CUST_512,Yves-Thibaut Godard,Hoarau,El Salvador,26-35,Découverte,2024-11-08,Event Walk-in,1
CUST_513,Benjamin Delorme-Barre,Guichardnec,Libéria,46-60,Premium,2024-04-07,Instagram,0
CUST_514,Daniel Dos Santos-Colas,Leduc,"Corée, Sud",26-35,Premium,2025-06-15,Referral,0
CUST_515,Denis Voisin-Delaunay,LecomteBourg,Grèce,36-45,Corporate,2025-03-08,Event Walk-in,0
CUST_516,Susan Hervé,Valléenec,Brunei,26-35,Régulier,2024-04-14,Instagram,0
CUST_517,Antoinette Delorme,Mahe,République centrafricaine,36-45,Régulier,2024-05-16,Referral,1
CUST_518,Caroline Delattre,Poulain,République centrafricaine,18-25,Premium,2024-01-09,Google Search,0
CUST_519,Amélie Schmitt,Paris-la-Forêt,Gibraltar,36-45,Corporate,2024-06-04,Partnership,1
CUST_520,Christophe Guyot,Costanec,Îles Mineures Éloignées des États-Unis,46-60,Corporate,2024-03-29,Partnership,0
CUST_521,Jacques-Grégoire Pages,Guillon,Tuvalu,18-25,Premium,2025-01-28,TikTok,0
CUST_522,Gilbert Carre-Bouvet,Saint Marthe,Nepal,26-35,Régulier,2024-03-27,Instagram,1
CUST_523,Hugues-Eugène Marchal,Chevalier,Iran,36-45,Corporate,2024-01-28,Event Walk-in,1
CUST_524,Michelle Legendre,Dos Santos-la-Forêt,Benin,36-45,Régulier,2025-06-05,Instagram,0
CUST_525,Grégoire Le Pires,Lombard-les-Bains,Wallis et Futuna (Îles),18-25,Corporate,2024-09-02,LinkedIn,0
CUST_526,Noël Leleu,Saint MartheVille,Saint-Kitts et Nevis,46-60,Premium,2024-03-13,LinkedIn,1
CUST_527,Stéphanie Pinto,Bigotdan,Suède,36-45,Créateur,2024-05-15,TikTok,1
CUST_528,Margaux Ribeiro,Regniernec,Biélorussie,46-60,Régulier,2024-06-25,Event Walk-in,1
CUST_529,Alphonse-Gérard Seguin,Lecoq,Guyane,18-25,Découverte,2024-03-10,Instagram,0
CUST_530,Dominique Martinez,Leclercq-sur-Normand,Trinité et Tobago,18-25,Créateur,2025-02-11,LinkedIn,1
CUST_531,Édouard Leconte,Saint WilliamVille,Liechtenstein,46-60,Régulier,2025-02-15,Instagram,0
CUST_532,Joséphine Robin,Millet,Italie,26-35,Régulier,2024-11-13,Instagram,1
CUST_533,Audrey Chevallier,Saint Claire-les-Bains,Cameroun,26-35,Premium,2025-02-04,Google Search,1
CUST_534,Benoît Boutin,Sainte Louis,Canada,18-25,Régulier,2025-03-23,Event Walk-in,1
CUST_535,Alix Boucher,Dumont-sur-Lefèvre,Ukraine,18-25,Régulier,2025-03-20,Instagram,1
CUST_536,Jacques Andre de Jacquet,Becker,Cuba,18-25,Régulier,2024-06-28,Instagram,1
CUST_537,Alexandre Duval-Leroux,Julien-sur-Delahaye,Chypre,18-25,Régulier,2024-12-21,LinkedIn,1
CUST_538,Raymond Moulin,Muller-sur-Traore,Royaume-Uni,36-45,Régulier,2024-05-09,Event Walk-in,1
CUST_539,Pierre du Salmon,Dupuis,Saint Vincent et les Grenadines,18-25,Corporate,2024-01-31,TikTok,0
CUST_540,Emmanuel Le Dubois,Gilletdan,Afrique du sud,18-25,Régulier,2024-03-19,LinkedIn,0
CUST_541,Dorothée Marty,Guillet-sur-Payet,Bangladesh,18-25,Premium,2024-06-19,TikTok,0
CUST_542,Georges Joseph,Saint Olivier,Ouganda,18-25,Corporate,2024-04-28,Instagram,0
CUST_543,Paul Descamps,Breton,Guadeloupe,18-25,Corporate,2024-01-13,Instagram,0
CUST_544,Anaïs Auger,Morvan,Nepal,46-60,Corporate,2024-07-02,Partnership,1
CUST_545,Suzanne Lemonnier,Moulin,Bermudes (Les),46-60,Régulier,2024-09-11,TikTok,1
CUST_546,Augustin Lucas,Royer-sur-Barthelemy,Canada,36-45,Corporate,2025-01-16,Instagram,1
CUST_547,Alain du Prévost,Gimenez,Bhoutan,18-25,Régulier,2025-06-12,Partnership,1
CUST_548,Anne Vaillant-Fabre,Dos Santosdan,Bermudes (Les),18-25,Corporate,2024-10-16,Event Walk-in,0
CUST_549,Henriette Pinto,Sainte Alexandriaboeuf,Venezuela,18-25,Premium,2024-01-09,TikTok,0
CUST_550,Marcel Jacquet de Vallée,PiresVille,Maroc,36-45,Corporate,2024-09-05,LinkedIn,1
CUST_551,Bernard-Nicolas Chauveau,Deschampsnec,Pologne,46-60,Créateur,2024-07-19,Event Walk-in,0
CUST_552,Bernard Martinez,Saint Victor,Kirghizistan,26-35,Régulier,2025-02-23,Instagram,0
CUST_553,Roland Payet,Gilbertnec,Féroé (Îles),18-25,Créateur,2024-01-02,Event Walk-in,0
CUST_554,Élodie Lenoir,Reynaud,Tchad,36-45,Régulier,2025-06-26,Partnership,0
CUST_555,Aimé Albert,Guilloudan,Philippines,18-25,Créateur,2024-05-25,Event Walk-in,0
CUST_556,Nathalie-Hélène Mahe,Saint Lorraine-sur-Mer,Paraguay,26-35,Corporate,2025-06-16,TikTok,1
CUST_557,Noémi Lopes,Marchand-sur-Mallet,Zaïre,46-60,Créateur,2024-03-27,Google Search,0
CUST_558,Georges Barbe,Antoinedan,Sainte Lucie,46-60,Découverte,2024-03-04,TikTok,1
CUST_559,Thibaut Raynaud,Sainte ÉdouardVille,Wallis et Futuna (Îles),26-35,Régulier,2024-11-18,Partnership,0
CUST_560,Thomas Le Gall,Jacob-la-Forêt,Mali,36-45,Régulier,2024-10-05,Instagram,1
CUST_561,Isaac Devaux,Devauxdan,Svalbard et Jan Mayen (Îles),26-35,Corporate,2024-04-21,Instagram,0
CUST_562,Amélie Robin,Charles,Guyane française,46-60,Régulier,2024-05-03,LinkedIn,1
CUST_563,Michèle Roy,Sainte Roland,Canada,26-35,Régulier,2025-04-19,Instagram,0
CUST_564,Anne-Nathalie Alves,Saint Alex,Cook (Îles),26-35,Corporate,2024-11-07,Event Walk-in,1
CUST_565,Clémence Marchal-Bernier,Henry,Cayman (Îles),18-25,Régulier,2024-12-01,Instagram,1
CUST_566,Lorraine Perrier,Dijoux-sur-Ribeiro,Mozambique,36-45,Régulier,2024-02-20,Referral,0
CUST_567,Inès Raynaud de la Seguin,Sainte Honorénec,Mexique,26-35,Découverte,2025-02-18,Event Walk-in,1
CUST_568,Philippe Royer,Gallet,Chili,26-35,Régulier,2024-04-14,Event Walk-in,0
CUST_569,Victoire Voisin de Blanc,Merciernec,Nouvelle Calédonie,18-25,Découverte,2024-08-15,Instagram,1
CUST_570,Hugues Fontaine,Hoareau,Norfolk (Îles),36-45,Corporate,2024-03-27,Google Search,0
CUST_571,Marianne Rousset,Leclercqnec,Somalie,18-25,Découverte,2024-03-07,Instagram,1
CUST_572,Alexandre-Augustin Joly,Alves,Guam,26-35,Régulier,2024-12-05,Instagram,1
CUST_573,Martine Clerc du Navarro,Saint Pierre,Vatican (Etat du),18-25,Régulier,2025-03-19,Event Walk-in,0
CUST_574,Sébastien Vincent-Carre,Thomasnec,Mexique,18-25,Régulier,2025-03-12,Instagram,0
CUST_575,Suzanne Poirier,Gimenezboeuf,Brésil,26-35,Régulier,2025-04-01,Event Walk-in,0
CUST_576,Martin Leleu-Lemaître,Saint Isaacdan,Groenland,26-35,Premium,2025-05-25,TikTok,1
CUST_577,Claudine Rodriguez,Laporte,Albanie,18-25,Régulier,2025-01-27,Instagram,0
CUST_578,Lucy Maréchal,Payet-sur-Lenoir,Lithuanie,26-35,Premium,2024-01-20,Partnership,1
CUST_579,Hortense Laurent,ParisBourg,Anguilla,36-45,Régulier,2025-05-11,TikTok,1
CUST_580,Sophie de la Letellier,Noël,Bhoutan,36-45,Régulier,2024-07-03,Instagram,1
CUST_581,Susanne Bertin,Carpentier-sur-Poirier,Équateur,18-25,Corporate,2024-10-14,Instagram,1
CUST_582,Valérie du Denis,Descamps,La Barbad,36-45,Corporate,2024-08-26,Partnership,0
CUST_583,Guillaume-Alain Meyer,Cordier,Soudan,26-35,Régulier,2024-02-27,Event Walk-in,1
CUST_584,Guy Brunet de la Lucas,Lombard-sur-Meunier,Antilles néerlandaises,46-60,Régulier,2024-06-26,Instagram,1
CUST_585,Margaud Peltier,Sainte Grégoire,Canada,36-45,Corporate,2024-01-29,Event Walk-in,0
CUST_586,Paul Paul,Deschamps,Botswana,26-35,Premium,2024-07-11,Event Walk-in,1
CUST_587,Catherine Chauvet,Michel-sur-Ferreira,Libéria,46-60,Premium,2024-06-28,LinkedIn,0
CUST_588,Victor Aubert-Rousset,Guyot-la-Forêt,Botswana,26-35,Premium,2024-01-21,LinkedIn,0
CUST_589,Anne Paris Le Hervé,Sainte AnneVille,Kiribati,26-35,Corporate,2024-12-14,Event Walk-in,1
CUST_590,Adrienne Noël,Maurice-les-Bains,Madagascar,36-45,Découverte,2024-05-31,Google Search,1
CUST_591,Jeanne Laurent-Perrier,Ramos,Andorre,18-25,Corporate,2025-01-08,Partnership,0
CUST_592,Maurice de Rey,Baudry,Luxembourg,46-60,Premium,2024-12-10,TikTok,0
CUST_593,Alfred Besson Le Thomas,Hubert-sur-Brun,Comores,26-35,Corporate,2025-03-23,Event Walk-in,1
CUST_594,Louise Dupuis,Boucher,Yougoslavie,36-45,Régulier,2024-12-31,Instagram,1
CUST_595,Roger du Grégoire,Barre-la-Forêt,Biélorussie,26-35,Régulier,2024-10-28,Instagram,1
CUST_596,Zoé Laurent,Saint Lucynec,Vietnam,46-60,Corporate,2024-02-03,Instagram,0
CUST_597,Alexandre Duval,Gérard,Pitcairn (Îles),26-35,Premium,2024-04-16,Partnership,0
CUST_598,Tristan Michaud,Pelletier,États-Unis,18-25,Régulier,2024-11-23,Instagram,1
CUST_599,Bertrand de Payet,Gimenez-sur-Barre,Somalie,18-25,Corporate,2024-12-09,TikTok,0
CUST_600,Grégoire Da Silva,Toussaint-sur-Mer,Moldavie,26-35,Corporate,2024-12-24,Instagram,0
CUST_601,Élise Georges,Vallée-sur-Aubert,Territoire britannique de l'océan Indien,18-25,Découverte,2025-03-24,Event Walk-in,1
CUST_602,Thibault Carlier,Labbé-sur-Briand,Benin,46-60,Premium,2025-01-22,TikTok,0
CUST_603,Henri de Grégoire,Gay-la-Forêt,Mauritanie,46-60,Corporate,2024-08-18,Instagram,0
CUST_604,Charlotte Faure,Pierreboeuf,Guadeloupe,18-25,Régulier,2024-11-22,Instagram,0
CUST_605,Maryse Durand,Bourdon,Chine (Rép. pop.),36-45,Régulier,2025-01-19,Instagram,0
CUST_606,Aimé Roy de Buisson,Letellier,São Tomé et Príncipe (Rép.),18-25,Régulier,2025-05-09,Event Walk-in,0
CUST_607,Georges Valette,Petitjeannec,Gabon,26-35,Premium,2025-03-20,Instagram,0
CUST_608,Roland-Victor Bertrand,Guillet-sur-Mer,Mayotte,26-35,Créateur,2025-02-23,Event Walk-in,1
CUST_609,Roland Picard Le Cordier,Bazin-sur-Mer,Cuba,36-45,Premium,2024-10-31,Instagram,0
CUST_610,Pierre Germain,Joly-sur-Martel,Thailande,46-60,Régulier,2025-01-04,Instagram,0
CUST_611,Michel-Alain Leduc,Hamelnec,Australie,46-60,Régulier,2024-01-27,Instagram,1
CUST_612,Suzanne du Dupuy,Clerc-la-Forêt,Bulgarie,18-25,Régulier,2024-04-28,TikTok,0
CUST_613,Matthieu Barthelemy-Clément,Jean,Chili,46-60,Corporate,2024-09-28,Instagram,0
CUST_614,Chantal Lambert de la Pineau,Rousseaunec,Maldives (Îles),26-35,Régulier,2025-01-25,TikTok,0
CUST_615,Sébastien Blanchard,Sainte Aurélie,Saint-Kitts et Nevis,36-45,Régulier,2024-09-26,Instagram,0
CUST_616,Nath Boucher-Dos Santos,Lecoq,Pakistan,18-25,Régulier,2024-04-09,Instagram,0
CUST_617,Catherine Le Carlier,Mahe,Koweit,46-60,Créateur,2024-08-20,Google Search,1
CUST_618,Roger Berger,Gallet-les-Bains,Bosnie-Herzégovine,46-60,Créateur,2025-05-01,Google Search,0
CUST_619,Bernard Guillaume,Sainte Paulette,Espagne,36-45,Découverte,2024-02-05,LinkedIn,1
CUST_620,Agathe-Laure Bazin,Guérinboeuf,Jordanie,26-35,Régulier,2025-04-04,Instagram,1
CUST_621,Augustin Dijoux,Julien,États-Unis,26-35,Corporate,2024-05-09,Instagram,0
CUST_622,Émilie Nguyen-Humbert,Wagner-sur-Guillon,Pitcairn (Îles),46-60,Régulier,2024-05-31,Event Walk-in,0
CUST_623,Thomas Joseph,Petitjean,Hong Kong,18-25,Régulier,2025-02-10,Google Search,1
CUST_624,Diane Baudry,Meyer-sur-Mer,Gibraltar,46-60,Corporate,2024-01-13,Event Walk-in,1
CUST_625,Zacharie Guyon,Besnard-la-Forêt,Liechtenstein,46-60,Régulier,2024-06-02,Instagram,1
CUST_626,Cécile Benoit,Lamy-sur-Grondin,Jamaïque,18-25,Corporate,2024-04-13,Event Walk-in,1
CUST_627,Suzanne-Arnaude Rodrigues,Leroux,Arabie saoudite,36-45,Corporate,2024-09-27,TikTok,0
CUST_628,Margaret Lagarde,Sainte Henrietteboeuf,Corée du Nord,46-60,Découverte,2024-10-09,TikTok,1
CUST_629,Adélaïde Chauvet,Barbe-sur-Lebrun,Libye,46-60,Découverte,2024-12-05,Event Walk-in,0
CUST_630,Guillaume Maillot,Saint Alexandria,Maroc,46-60,Corporate,2025-01-16,Instagram,1
CUST_631,Maurice Nicolas,Rey,Sierra Leone,36-45,Régulier,2025-05-18,Event Walk-in,1
CUST_632,Louis Robert,Costa,Azerbaïdjan,26-35,Régulier,2025-03-29,Event Walk-in,0
CUST_633,Victoire Lacroix,Berthelot-les-Bains,Tunisie,46-60,Premium,2024-04-01,Instagram,0
CUST_634,Virginie Traore,Hamon-sur-Thibault,Grenade,46-60,Corporate,2025-06-12,Event Walk-in,1
CUST_635,Christelle-Margaret Goncalves,Roger,Territoires français du sud,26-35,Découverte,2025-06-02,TikTok,1
CUST_636,Étienne Peltier,Saint Adélaïde,Sénégal,18-25,Régulier,2024-07-24,Event Walk-in,0
CUST_637,Jean Marchand,Rey-sur-Germain,Égypte,46-60,Découverte,2025-01-04,Event Walk-in,0
CUST_638,Bertrand Masse,Maurice,Vietnam,46-60,Premium,2024-05-06,Referral,0
CUST_639,Marthe Le Roux,Baron,Libye,46-60,Premium,2024-06-30,Partnership,0
CUST_640,Laurent Bernier,Saint FrédéricVille,Émirats arabes unis,36-45,Régulier,2024-09-21,Event Walk-in,1
CUST_641,Suzanne Meunier de Didier,Parent,Cuba,36-45,Découverte,2024-02-20,Instagram,1
CUST_642,Gilles Guibert,Pelletier-la-Forêt,Sahara Occidental,26-35,Corporate,2024-08-18,Referral,0
CUST_643,Alain-Noël Bigot,Renaud-la-Forêt,Macau,46-60,Premium,2024-01-10,LinkedIn,0
CUST_644,Thierry du Léger,Letellier,Fidji (République des),26-35,Premium,2024-01-09,Instagram,1
CUST_645,Agnès Millet de Marchand,Boucher-la-Forêt,Malaisie,36-45,Corporate,2024-10-08,TikTok,0
CUST_646,Roger Aubry,David,Turkménistan,36-45,Régulier,2024-08-11,LinkedIn,1
CUST_647,Émile-Frédéric Menard,Maillard,Biélorussie,46-60,Premium,2024-01-08,LinkedIn,1
CUST_648,Adèle de la Pineau,Coste,Guyane,36-45,Premium,2024-10-16,TikTok,0
CUST_649,Lucie Colas de la Blanchard,Diallonec,Dominique,18-25,Régulier,2024-10-10,Referral,1
CUST_650,Denis Blanchard,Sainte Stéphanie,Saint Vincent et les Grenadines,36-45,Premium,2024-11-01,Instagram,0
CUST_651,Alphonse du Michaud,Pichon,Niger,26-35,Corporate,2025-02-17,Referral,1
CUST_652,Brigitte Ledoux,Hernandezboeuf,Guyane,18-25,Premium,2024-10-29,Instagram,0
CUST_653,Véronique Rousset,Hardy-les-Bains,Saint Pierre et Miquelon,46-60,Corporate,2024-07-13,TikTok,1
CUST_654,Honoré Seguin,Maurice,Malawi,46-60,Corporate,2025-01-02,LinkedIn,1
CUST_655,Jules Fouquet de Pascal,Laine,Nouvelle Calédonie,26-35,Régulier,2025-04-27,Instagram,0
CUST_656,Daniel Caron-Michaud,Saint Jacqueline,Tchad,26-35,Créateur,2024-12-09,Referral,0
CUST_657,Geneviève Gomes,Leclercboeuf,Philippines,26-35,Corporate,2024-11-10,TikTok,1
CUST_658,Marcel de la Bodin,Hoarau-la-Forêt,Ghana,36-45,Régulier,2024-10-28,LinkedIn,0
CUST_659,Susan du Benoit,Picard,Yemen,18-25,Corporate,2024-03-13,LinkedIn,0
CUST_660,Vincent Bazin,Berthelot,Îles Mineures Éloignées des États-Unis,18-25,Corporate,2025-01-25,LinkedIn,0
CUST_661,Margot Evrard,Hardy,Bolivie,26-35,Régulier,2024-07-24,TikTok,1
CUST_662,Michel Lucas,Duval-sur-Texier,Venezuela,46-60,Régulier,2024-07-03,Event Walk-in,0
CUST_663,Alix Leroux,Paul,Madagascar,26-35,Régulier,2024-02-29,Instagram,0
CUST_664,Isabelle Gay-Leconte,Vidal,Heard et McDonald (Îles),26-35,Premium,2024-06-11,LinkedIn,1
CUST_665,Monique Foucher,Perret,Malawi,18-25,Régulier,2025-03-20,Google Search,0
CUST_666,Nicole Pires,Parisdan,Islande,46-60,Régulier,2024-02-08,LinkedIn,1
CUST_667,Marcelle Guillot de Maury,Muller-sur-Mer,Mozambique,18-25,Corporate,2025-06-27,Instagram,1
CUST_668,Luc Garcia,DupuisVille,Moldavie,26-35,Régulier,2024-12-18,TikTok,0
CUST_669,Philippine Andre,Vidal-les-Bains,Togo,36-45,Régulier,2024-02-16,TikTok,0
CUST_670,Henriette Leroux,Lemonnier-la-Forêt,Qatar,36-45,Régulier,2024-05-17,TikTok,1
CUST_671,Claude Leduc,Saint Alex,Autriche,36-45,Corporate,2024-06-17,Partnership,1
CUST_672,Bernadette-Bernadette Bigot,Saint Élise,Portugal,46-60,Découverte,2024-08-17,Event Walk-in,0
CUST_673,Paul Mendès-Delannoy,Pinto-sur-Baron,Palau,18-25,Premium,2024-06-22,Instagram,1
CUST_674,Marcel Alves,DeschampsBourg,Porto Rico,18-25,Régulier,2024-09-18,Event Walk-in,1
CUST_675,Bernard Guillet,Poulain,Svalbard et Jan Mayen (Îles),18-25,Premium,2024-01-21,Instagram,0
CUST_676,Manon de la Besnard,Poirier,Sahara Occidental,46-60,Régulier,2024-09-15,LinkedIn,0
CUST_677,Adrienne Petitjean-Merle,Leclercq,Estonie,18-25,Régulier,2024-04-13,Referral,0
CUST_678,Antoine Bouvier,Jean,Pays-Bas,26-35,Régulier,2024-04-17,LinkedIn,1
CUST_679,Matthieu-Thomas Hebert,Godard,Cocos (Îles),36-45,Régulier,2024-04-18,LinkedIn,1
CUST_680,Françoise Antoine,CohenVille,Grenade,36-45,Corporate,2024-07-25,TikTok,0
CUST_681,Adèle de la Renard,Saint Margot,Islande,26-35,Découverte,2025-05-23,Partnership,1
CUST_682,Camille Guibert,Delattre,Saint-Marin (Rép. de),46-60,Régulier,2024-01-03,Instagram,0
CUST_683,Luc Courtois,Verdiernec,Liban,18-25,Corporate,2025-05-20,Instagram,0
CUST_684,Antoinette Schneider,Poirier,Polynésie française,18-25,Corporate,2024-04-13,Partnership,1
CUST_685,Maggie Jacques,Rodrigues,Grenade,46-60,Créateur,2024-10-30,Instagram,0
CUST_686,Clémence Gilbert,Vaillant,Vierges (Îles),26-35,Corporate,2024-10-24,TikTok,1
CUST_687,Claudine-Margaud Coste,Lebon-sur-Mer,Bangladesh,46-60,Corporate,2024-04-07,Event Walk-in,1
CUST_688,Anouk Joubert,Saint Claudine,Gabon,18-25,Corporate,2024-06-23,TikTok,1
CUST_689,Suzanne Jacquot,Saint Anaïs-la-Forêt,Ouzbékistan,36-45,Corporate,2024-04-05,TikTok,0
CUST_690,Adrien Becker,Dijouxdan,Bulgarie,18-25,Régulier,2025-04-12,Instagram,0
CUST_691,Isabelle Cordier,Albert,Pakistan,46-60,Corporate,2024-06-19,Instagram,1
CUST_692,André Paul,Renaud,Géorgie,18-25,Créateur,2024-06-12,Instagram,1
CUST_693,Marc Simon,Saint GillesBourg,Philippines,46-60,Corporate,2025-03-24,Instagram,0
CUST_694,Clémence Becker,Saint Aimé-les-Bains,Polynésie française,36-45,Premium,2024-05-13,LinkedIn,0
CUST_695,Martin de la Bernier,Barbe,"Corée, Sud",46-60,Régulier,2024-03-05,Instagram,0
CUST_696,Michelle Chauveau,David,Christmas (Île),26-35,Créateur,2024-12-12,LinkedIn,1
CUST_697,Jeanne Pires,Boucher,Iran,18-25,Régulier,2024-09-11,LinkedIn,1
CUST_698,Émile Breton,GimenezBourg,Saint Vincent et les Grenadines,46-60,Régulier,2024-02-25,Instagram,1
CUST_699,Laure Gomes-Philippe,Schmitt-sur-Barbier,Mexique,46-60,Corporate,2024-06-18,Instagram,0
CUST_700,Margaux Diallo du Rodriguez,Leclercq-sur-Mer,Rwanda,26-35,Régulier,2024-10-11,Instagram,0
CUST_701,Théodore Rolland,Daniel-sur-Da Costa,Jordanie,46-60,Régulier,2024-08-28,Instagram,0
CUST_702,André Guichard,Peltier,Portugal,46-60,Régulier,2025-05-25,TikTok,0
CUST_703,Jeannine Roger,Rousset-la-Forêt,Ghana,46-60,Corporate,2024-01-19,Instagram,0
CUST_704,Lucy Guibert-Besnard,Sainte Élisabethdan,Grèce,18-25,Corporate,2024-11-07,Partnership,1
CUST_705,Thomas Tanguy,Giraud,Honduras,46-60,Créateur,2025-01-07,Event Walk-in,1
CUST_706,Sylvie Roussel,Sainte Susanne,Afrique du sud,46-60,Régulier,2025-04-29,Event Walk-in,0
CUST_707,Maryse-Élisabeth Rolland,Leclercq,La Barbad,46-60,Régulier,2024-08-15,Instagram,0
CUST_708,Agnès Pereira,Leclercq-les-Bains,Luxembourg,36-45,Premium,2025-01-17,Event Walk-in,0
CUST_709,Guy Lejeune,Robertboeuf,Guatemala,26-35,Premium,2025-02-23,Instagram,1
CUST_710,François Peltier,Vidal-sur-Durand,Gambie,26-35,Régulier,2025-02-06,Instagram,1
CUST_711,Anaïs Guérin,Laurent,Afghanistan,26-35,Corporate,2024-04-20,Event Walk-in,0
CUST_712,Valentine Samson,MartinBourg,Pays-Bas,18-25,Corporate,2025-04-06,TikTok,1
CUST_713,Hugues Lebon,Chrétien,Bermudes (Les),26-35,Créateur,2024-01-05,LinkedIn,0
CUST_714,Michelle Carpentier,Mahe,Djibouti,46-60,Corporate,2025-05-09,Partnership,1
CUST_715,Mathilde Monnier,Langlois-la-Forêt,Antarctique,26-35,Corporate,2024-06-26,Event Walk-in,0
CUST_716,Nathalie Carpentier,Laroche-les-Bains,Nouvelle-Zélande,46-60,Premium,2024-11-25,LinkedIn,0
CUST_717,Henri Guyot,Gauthiernec,Svalbard et Jan Mayen (Îles),26-35,Régulier,2024-12-17,Partnership,0
CUST_718,Alfred Gilbert,Léger,Maurice,26-35,Régulier,2025-06-08,TikTok,1
CUST_719,Dorothée Martin,Godarddan,Irak,36-45,Corporate,2024-08-10,Instagram,1
CUST_720,Sébastien Bernier,Nguyen-la-Forêt,Angola,36-45,Corporate,2024-05-15,Partnership,1
CUST_721,Susanne-Claude Lemoine,Sainte Éléonore-la-Forêt,Moldavie,26-35,Premium,2024-11-26,Event Walk-in,1
CUST_722,Emmanuel Allard,Daviddan,Namibie,46-60,Premium,2025-03-03,Referral,1
CUST_723,Margaret Jacques-Arnaud,AlbertBourg,Australie,36-45,Corporate,2025-03-08,Event Walk-in,0
CUST_724,Vincent Turpin-Lesage,Moreau-sur-Poirier,Sainte Hélène,18-25,Régulier,2024-02-24,Referral,0
CUST_725,Noël Roger,Roussel-les-Bains,Christmas (Île),26-35,Créateur,2024-09-13,Instagram,0
CUST_726,Alexandre Duhamel,Renard-sur-Mer,Zaïre,36-45,Régulier,2024-02-03,TikTok,0
CUST_727,Valentine Guichard-Guillou,Allard,Kiribati,26-35,Corporate,2025-02-02,Instagram,1
CUST_728,Henri Perez,Saint Noëlboeuf,Cambodge,36-45,Corporate,2024-02-18,Partnership,0
CUST_729,Thomas Voisin,Maillard,Comores,36-45,Créateur,2024-02-25,Instagram,0
CUST_730,Josette Allain-Rousseau,Da Silva,Hongrie,46-60,Corporate,2025-01-11,Event Walk-in,0
CUST_731,Élisabeth Aubry,Prévost,Indonésie,26-35,Corporate,2024-07-17,TikTok,0
CUST_732,Monique-Océane Aubry,Rossi,Kazakhstan,18-25,Régulier,2024-06-26,Event Walk-in,0
CUST_733,Céline Morin,Maréchal,Costa Rica,18-25,Régulier,2024-09-27,Instagram,1
CUST_734,Anaïs Le Pascal,Saint Luc-les-Bains,Iran,36-45,Découverte,2025-04-22,Event Walk-in,0
CUST_735,Raymond Le Weiss,Beckerdan,Cook (Îles),26-35,Corporate,2024-02-22,Event Walk-in,1
CUST_736,Claude Turpin Le Roger,Sainte Agnès-les-Bains,Jamaïque,36-45,Premium,2025-01-01,Instagram,1
CUST_737,Adèle-Adélaïde Blanchet,Legrand,Vierges (Îles),26-35,Créateur,2025-06-17,Instagram,0
CUST_738,André Gay,Fischer,Christmas (Île),46-60,Premium,2025-02-17,Instagram,0
CUST_739,Isaac Ramos-Delorme,Saint Édouardnec,Chili,26-35,Premium,2024-12-05,TikTok,0
CUST_740,Josette Noël,Mary,Nauru,46-60,Créateur,2024-01-10,Instagram,0
CUST_741,Gilles Boulay,Pascaldan,Libéria,26-35,Corporate,2024-09-06,Partnership,1
CUST_742,Renée Charrier,Merleboeuf,Islande,36-45,Régulier,2024-04-26,TikTok,0
CUST_743,Isabelle Bègue de Hebert,Mathieu,Saint Pierre et Miquelon,36-45,Découverte,2025-06-13,Event Walk-in,0
CUST_744,Guy Guyot,Hervé,Sahara Occidental,46-60,Premium,2024-10-30,Partnership,0
CUST_745,Xavier Dubois de Pinto,Besnarddan,Cocos (Îles),18-25,Créateur,2024-06-20,Partnership,1
CUST_746,Bernard Launay-Bonnin,MaillotVille,Saint Vincent et les Grenadines,18-25,Premium,2024-08-03,Referral,1
CUST_747,Nathalie-Élodie Techer,Boulaynec,Zaïre,46-60,Corporate,2024-07-29,LinkedIn,1
CUST_748,Andrée Deschamps,Gérardnec,Andorre,46-60,Premium,2024-03-14,Event Walk-in,0
CUST_749,Alexandria Arnaud du Ferreira,Saint Mathilde-les-Bains,Territoires français du sud,46-60,Corporate,2024-02-08,Instagram,0
CUST_750,Étienne Leroux,Boucher,Irlande,36-45,Premium,2024-08-21,Partnership,0
CUST_751,Marcelle Lesage,Laurent-sur-Andre,Guadeloupe,46-60,Premium,2025-03-19,TikTok,0
CUST_752,Grégoire Charrier,Dufour,Iran,18-25,Premium,2024-03-05,Event Walk-in,1
CUST_753,Marc Guyot,Pineau,Libye,18-25,Régulier,2025-05-29,Instagram,1
CUST_754,Isabelle Maillet,Delmas-sur-Bousquet,Chypre,36-45,Premium,2024-10-15,Event Walk-in,0
CUST_755,Frédéric de Langlois,Saint Stéphanenec,Heard et McDonald (Îles),46-60,Corporate,2024-02-01,LinkedIn,0
CUST_756,Jeanne Pinto,Saint David,Turquie,26-35,Corporate,2024-10-29,Partnership,0
CUST_757,Rémy-Patrick Bernier,Hardy,Italie,36-45,Créateur,2024-01-12,Google Search,1
CUST_758,Alexandria Perrier,Alexandre,Côte d'Ivoire,18-25,Découverte,2025-02-07,LinkedIn,1
CUST_759,Célina Faivre,Pons,Malte,36-45,Régulier,2024-12-18,Instagram,1
CUST_760,Sylvie Toussaint,Clercnec,Nouvelle Calédonie,26-35,Régulier,2024-08-14,Google Search,0
CUST_761,Lucie Fouquet,Rivière-sur-Mer,Australie,18-25,Régulier,2024-02-25,Event Walk-in,1
CUST_762,Frédéric Louis,Sainte Patrick,Antarctique,46-60,Premium,2024-03-15,TikTok,0
CUST_763,Martine Fontaine-Vallée,SeguinBourg,Tunisie,18-25,Régulier,2025-05-13,Partnership,0
CUST_764,Emmanuelle Leclercq de la Gaillard,Mathieu,Malaisie,26-35,Régulier,2024-03-12,Partnership,0
CUST_765,Laurent Legendre,Berthelotboeuf,Maroc,46-60,Régulier,2024-11-09,Event Walk-in,0
CUST_766,Yves Perrier,Saint Sabinenec,Niue,36-45,Corporate,2025-03-14,Instagram,0
CUST_767,Denise du Legrand,Vaillant-sur-Mer,Maldives (Îles),26-35,Corporate,2025-03-22,Instagram,0
CUST_768,Hugues-Nicolas Vincent,Boulanger,Dominique,36-45,Corporate,2025-04-18,TikTok,1
CUST_769,Astrid Lucas,Caron-la-Forêt,Togo,46-60,Premium,2024-06-28,Referral,0
CUST_770,Édith Pinto,Lefèvre,Kenya,36-45,Corporate,2024-05-23,Partnership,0
CUST_771,Émile Berthelot,Saint Claude,Porto Rico,18-25,Corporate,2024-01-20,Event Walk-in,1
CUST_772,Inès Devaux,Neveu,Niger,46-60,Corporate,2024-08-05,Partnership,1
CUST_773,Roger Ollivier-Poirier,Chauveauboeuf,Venezuela,46-60,Premium,2024-06-01,TikTok,0
CUST_774,Alix Fontaine,Thierry-sur-Buisson,République tchèque,36-45,Régulier,2025-05-28,LinkedIn,0
CUST_775,Claudine Le Gay,Delmas,Soudan,18-25,Premium,2024-06-18,Event Walk-in,0
CUST_776,Gabriel Aubert,Delattre,Colombie,26-35,Régulier,2024-05-29,Event Walk-in,0
CUST_777,Martin Lagarde,Gimenez-sur-Costa,Turquie,36-45,Découverte,2025-05-14,Instagram,0
CUST_778,Agnès Louis,Sainte LucVille,Guinée,26-35,Découverte,2024-07-30,LinkedIn,1
CUST_779,Éric Georges,Guillon,Autriche,46-60,Régulier,2025-04-10,Event Walk-in,0
CUST_780,Benjamin De Oliveira du Ferreira,Fleuryboeuf,Liechtenstein,36-45,Régulier,2025-06-17,Google Search,0
CUST_781,Matthieu Giraud,LévêqueBourg,Nouvelle Calédonie,36-45,Premium,2024-06-27,TikTok,0
CUST_782,Rémy Bouchet,MaryBourg,Vierges britanniques (Îles),18-25,Premium,2025-01-20,Partnership,0
CUST_783,Théophile du Nicolas,Guichard-la-Forêt,Colombie,46-60,Régulier,2024-12-19,LinkedIn,0
CUST_784,Marcel Denis,Aubry-sur-Duval,Territoires français du sud,18-25,Premium,2024-05-22,TikTok,0
CUST_785,Marine-Jeanne Barbier,Sainte Margauxboeuf,Guyane,36-45,Régulier,2024-07-10,Instagram,1
CUST_786,Zacharie-Théodore Girard,Maréchal,Bouvet (Îles),18-25,Premium,2025-02-28,Event Walk-in,1
CUST_787,Corinne Mercier de la Hardy,Lombard,Falkland (Île),46-60,Premium,2025-05-05,Instagram,0
CUST_788,Gilbert Caron,Pires,Territoire britannique de l'océan Indien,46-60,Découverte,2024-02-14,Instagram,1
CUST_789,Patrick Gérard,Bernier,Azerbaïdjan,26-35,Premium,2024-02-10,Partnership,0
CUST_790,Pierre Pruvost,Saint Margot,Dominique,26-35,Régulier,2024-07-03,LinkedIn,0
CUST_791,Olivier Germain du Pereira,Guibert,Turkménistan,18-25,Corporate,2024-10-17,Partnership,0
CUST_792,Nathalie Menard,Pasquier-la-Forêt,Zimbabwe,46-60,Corporate,2024-06-23,Instagram,0
CUST_793,Victor Lesage,Jacob,Australie,26-35,Corporate,2024-07-05,Google Search,0
CUST_794,Olivie-Anaïs Raynaud,Joseph,"Corée, Sud",26-35,Corporate,2024-12-16,Partnership,1
CUST_795,Céline-Laure Leroy,Cohen,Australie,18-25,Régulier,2025-01-29,Instagram,0
CUST_796,Eugène Legros-Perrin,Teixeira-sur-Ramos,Angola,46-60,Corporate,2024-04-08,Instagram,1
CUST_797,Agnès Durand de Perret,Saint Constance,Gabon,18-25,Corporate,2025-06-28,LinkedIn,0
CUST_798,Victoire Martineau,Guillaume,Chine (Rép. pop.),46-60,Premium,2024-01-02,Partnership,1
CUST_799,Aimé Wagner,PagesVille,Burkina Faso,46-60,Premium,2025-01-14,Event Walk-in,1
CUST_800,Valérie Courtois de Michaud,Millet-sur-Mer,Marshall (Îles),46-60,Régulier,2025-05-08,Event Walk-in,0
CUST_801,Élise du Verdier,Saint Anaïs,Chypre,18-25,Régulier,2024-09-17,LinkedIn,0
CUST_802,Catherine Georges,Carredan,Costa Rica,18-25,Régulier,2025-02-22,Instagram,0
CUST_803,Bertrand Fleury-Rey,Faivre,Swaziland,18-25,Premium,2024-04-30,LinkedIn,0
CUST_804,Antoine Le Delahaye,Ledoux-la-Forêt,Estonie,26-35,Corporate,2024-11-19,TikTok,0
CUST_805,Mathilde-Inès Leclerc,Langloisboeuf,Saint-Kitts et Nevis,46-60,Premium,2024-09-16,Instagram,0
CUST_806,Laetitia de la Devaux,Fabre-la-Forêt,Croatie,36-45,Premium,2025-02-10,Event Walk-in,0
CUST_807,Hortense Allard-Bonnet,Garnierdan,Turkménistan,46-60,Régulier,2025-05-10,Instagram,0
CUST_808,Élise Brun-Brunel,Arnaud,Sainte Lucie,36-45,Corporate,2025-02-11,Event Walk-in,1
CUST_809,Roger Carpentier,Guillaume,Australie,18-25,Corporate,2025-04-02,Event Walk-in,1
CUST_810,Timothée Da Costa,Lemonnier,Nauru,18-25,Régulier,2025-02-14,Event Walk-in,1
CUST_811,Aurore Mary-Samson,Huet,Finlande,18-25,Régulier,2024-01-06,Event Walk-in,1
CUST_812,Susan Olivier,Andrenec,Liechtenstein,46-60,Corporate,2025-03-21,Instagram,0
CUST_813,Alain Le Chartier,Grondin-les-Bains,Antigua et Barbuda,36-45,Régulier,2024-02-08,Event Walk-in,1
CUST_814,Gabrielle Fernandes,Saint Andréedan,Kenya,46-60,Premium,2025-06-17,TikTok,1
CUST_815,Frédéric Briand,Rocher,Sénégal,18-25,Créateur,2024-06-28,Referral,0
CUST_816,Zacharie Dos Santos,Labbé,Uruguay,26-35,Corporate,2025-06-14,TikTok,0
CUST_817,Adrien-Alfred Hardy,Sainte JacquelineBourg,Samoa,26-35,Premium,2024-02-06,TikTok,1
CUST_818,William Maurice,Bertrand,Pérou,26-35,Régulier,2024-10-09,Event Walk-in,0
CUST_819,Bernadette Descamps,Jourdan,Heard et McDonald (Îles),46-60,Régulier,2024-07-24,LinkedIn,1
CUST_820,Éléonore Chevalier,Maillotnec,Timor,18-25,Corporate,2024-10-18,Event Walk-in,1
CUST_821,Thomas Cousin-Bazin,Lemaire-sur-Hervé,Cameroun,36-45,Régulier,2024-10-10,Instagram,1
CUST_822,Jérôme Rémy,Sainte Charlotte-sur-Mer,Niue,46-60,Corporate,2024-01-05,Instagram,0
CUST_823,Adrien Lebreton-Hebert,Garcia-sur-Mer,Taiwan,18-25,Premium,2025-05-30,TikTok,1
CUST_824,Christine Devaux,Becker-sur-Mer,Luxembourg,36-45,Corporate,2024-09-13,Event Walk-in,1
CUST_825,Guillaume Ollivier,Françoisdan,Mexique,46-60,Corporate,2024-12-13,Partnership,0
CUST_826,Gilles Rémy,PotierBourg,Taiwan,46-60,Corporate,2024-01-29,LinkedIn,0
CUST_827,Lorraine Barre-Daniel,BarthelemyVille,Estonie,46-60,Premium,2024-08-13,Referral,0
CUST_828,Théophile Fleury Le Parent,Ollivier-les-Bains,Tchad,36-45,Régulier,2024-12-27,LinkedIn,0
CUST_829,Rémy Alexandre,De Oliveira-sur-Auger,Indonésie,36-45,Régulier,2024-04-05,TikTok,1
CUST_830,Antoine Roux,Voisin,Hong Kong,36-45,Découverte,2024-07-01,LinkedIn,0
CUST_831,Stéphanie Martin-Guillou,Ledoux,Yemen,36-45,Régulier,2024-07-13,LinkedIn,0
CUST_832,Aimé Dias,Sainte Matthieu,Colombie,26-35,Corporate,2024-07-30,Instagram,1
CUST_833,Anastasie Delaunay,Langloisnec,Aruba,36-45,Régulier,2024-04-19,Instagram,0
CUST_834,Léon Raymond,Martineau,Papouasie-Nouvelle-Guinée,46-60,Premium,2024-02-13,Event Walk-in,0
CUST_835,Stéphanie Gaillard,Navarro-sur-Martins,Tanzanie,36-45,Premium,2024-10-08,LinkedIn,1
CUST_836,Chantal de Torres,Germain-les-Bains,Pays-Bas,36-45,Régulier,2024-05-11,Instagram,1
CUST_837,Gabriel Monnier,Bouchet,Laos,46-60,Créateur,2024-02-03,LinkedIn,0
CUST_838,Aimée Léger,Massonboeuf,Antigua et Barbuda,26-35,Régulier,2024-05-03,Event Walk-in,0
CUST_839,Colette Jean Le Merle,Saint ChristianeVille,Tchad,18-25,Découverte,2024-08-03,TikTok,0
CUST_840,Marcel de la Breton,Fournier,Gabon,36-45,Premium,2024-09-22,Instagram,0
CUST_841,Gérard Étienne,Regnier-sur-Carpentier,Nepal,36-45,Régulier,2024-12-17,TikTok,0
CUST_842,Nicolas Leclercq,BoulangerVille,États-Unis,26-35,Régulier,2025-01-16,TikTok,0
CUST_843,Paulette Dumas-Mercier,Lévy,Andorre,46-60,Régulier,2024-05-14,Partnership,1
CUST_844,Chantal Humbert,Bigot-sur-Delaunay,Wallis et Futuna (Îles),18-25,Corporate,2024-08-29,Google Search,1
CUST_845,Agathe-Mathilde De Sousa,Navarro-sur-Guyot,Monaco,26-35,Régulier,2024-06-02,LinkedIn,0
CUST_846,Matthieu Bourgeois-Traore,Deschamps,Macau,46-60,Premium,2025-06-13,LinkedIn,0
CUST_847,Gérard de la Paris,Poulain,Kazakhstan,46-60,Régulier,2024-02-18,TikTok,1
CUST_848,Sylvie Mallet Le Menard,Chevalier,Thailande,18-25,Régulier,2024-09-17,LinkedIn,1
CUST_849,Stéphanie Coulon de Vasseur,Delorme,Guyane,46-60,Corporate,2024-09-23,TikTok,1
CUST_850,Christiane Antoine-Michel,Benard,Timor,36-45,Régulier,2025-02-25,Instagram,1
CUST_851,Margot Mercier-Charles,Legros,Moldavie,26-35,Premium,2024-06-27,Partnership,0
CUST_852,Monique Peltier de la Lefèvre,BoulangerBourg,Jamaïque,36-45,Premium,2025-05-14,Event Walk-in,0
CUST_853,Virginie Chartier de Leclercq,Parent-la-Forêt,Montserrat,18-25,Régulier,2024-10-20,LinkedIn,1
CUST_854,Monique Maréchal,Becker,République tchèque,26-35,Premium,2024-12-11,TikTok,1
CUST_855,Paul Lagarde du Hebert,Barbier,Vanuatu,46-60,Corporate,2024-03-14,Instagram,0
CUST_856,Corinne Navarro-Aubry,Maréchal-les-Bains,Argentine,36-45,Régulier,2024-10-25,Event Walk-in,1
CUST_857,Charlotte Lebrun,Gimenez,Antilles néerlandaises,46-60,Régulier,2025-03-31,Event Walk-in,1
CUST_858,Charlotte Maillet-Bouvet,Saint Agathe,Cayman (Îles),46-60,Régulier,2024-07-07,Event Walk-in,0
CUST_859,Antoine Brunel-Mary,Saint Sylvie,Antigua et Barbuda,26-35,Premium,2024-03-22,Instagram,0
CUST_860,Daniel Barre,Rossi,Lesotho,18-25,Découverte,2025-04-29,Google Search,0
CUST_861,Amélie Vallet,Charrier,Allemagne,46-60,Premium,2024-03-26,Instagram,1
CUST_862,Théodore Meunier,Samson,Guinée-Bissau,18-25,Premium,2025-02-03,TikTok,0
CUST_863,Élisabeth Huet de Clerc,GuyonVille,Benin,36-45,Régulier,2024-05-09,Instagram,1
CUST_864,Étienne Bouchet,Brunel,Bahamas,18-25,Découverte,2024-12-31,Event Walk-in,0
CUST_865,Marcel de Lefèvre,Boulay-sur-Garcia,Irak,46-60,Régulier,2024-10-05,Google Search,0
CUST_866,Michelle Regnier,Marin,Nepal,26-35,Premium,2025-04-12,Google Search,1
CUST_867,Guillaume de la Georges,Saint PierreBourg,Chypre,46-60,Premium,2025-06-30,TikTok,0
CUST_868,René Regnier,Sainte GilbertVille,Guinée,26-35,Corporate,2025-03-28,TikTok,0
CUST_869,Inès Poirier,DavidBourg,Mexique,26-35,Régulier,2024-01-01,LinkedIn,1
CUST_870,Pauline Allain,Ollivier,Chili,26-35,Régulier,2025-04-25,LinkedIn,1
CUST_871,Alexandre Hebert de la Salmon,Evrard-sur-Germain,Bhoutan,46-60,Créateur,2025-05-03,TikTok,1
CUST_872,Luce Aubry,GérardVille,Trinité et Tobago,36-45,Premium,2024-01-08,Google Search,0
CUST_873,Timothée-Édouard Buisson,Blanchet-la-Forêt,Iran,46-60,Régulier,2024-06-16,Event Walk-in,1
CUST_874,Marthe Pruvost,Le Gall-sur-Blanchet,Grèce,46-60,Régulier,2024-03-22,TikTok,0
CUST_875,Martin Andre,Nicolas,Zimbabwe,36-45,Régulier,2025-06-28,Event Walk-in,0
CUST_876,Françoise Le De Oliveira,Poulain-sur-Lucas,Laos,18-25,Régulier,2024-10-23,Instagram,0
CUST_877,Margot Masse,Tanguy,République centrafricaine,46-60,Régulier,2025-05-18,Instagram,0
CUST_878,Martine de Vincent,Sainte Robert,Lithuanie,18-25,Créateur,2024-01-23,Instagram,0
CUST_879,René Jourdan,Sainte Sébastien,Territoire britannique de l'océan Indien,36-45,Régulier,2025-03-24,Event Walk-in,0
CUST_880,Sabine Sanchez-Martin,Maurice,Kirghizistan,26-35,Découverte,2024-08-10,TikTok,0
CUST_881,Zoé Barre,Saint Véronique,Irlande,46-60,Créateur,2025-04-19,Event Walk-in,0
CUST_882,Marthe Jacquet Le Monnier,Marion,Jamaïque,18-25,Corporate,2024-05-29,Instagram,1
CUST_883,Grégoire-Timothée Costa,Jacquesboeuf,Zaïre,18-25,Premium,2024-07-04,Instagram,1
CUST_884,Georges Roche-David,Gilles-les-Bains,Ukraine,46-60,Corporate,2024-05-04,Partnership,1
CUST_885,Isabelle Sanchez,Sainte Suzanne-sur-Mer,Antarctique,46-60,Corporate,2025-03-29,Instagram,1
CUST_886,Lorraine Olivier,Mahe,Saint-Kitts et Nevis,26-35,Régulier,2024-04-06,LinkedIn,1
CUST_887,Roger Guillaume,Saint Margot-les-Bains,Estonie,46-60,Régulier,2024-11-15,Partnership,0
CUST_888,William-Denis Reynaud,Saint Sylvie-les-Bains,Montserrat,18-25,Corporate,2025-06-17,Instagram,0
CUST_889,Henri Deschamps,Gomez-sur-David,Japon,36-45,Régulier,2024-02-23,Event Walk-in,0
CUST_890,Alex Schneider-Collin,Masson,Yougoslavie,18-25,Régulier,2025-03-20,TikTok,0
CUST_891,Louis Blanchet,Thomasboeuf,Émirats arabes unis,36-45,Premium,2025-02-09,Event Walk-in,0
CUST_892,Margaux Le Leblanc,Peltiernec,Tchad,18-25,Premium,2025-05-01,Referral,0
CUST_893,Philippe Giraud Le Carre,CouturierBourg,Côte d'Ivoire,18-25,Régulier,2025-05-26,Instagram,1
CUST_894,Étienne du Vidal,Guibert,Zambie,18-25,Découverte,2024-06-06,Event Walk-in,1
CUST_895,Céline Renault du Barre,Rousseau,Géorgie,26-35,Premium,2024-11-20,Partnership,1
CUST_896,Nathalie de Dupuy,Guillot,Saint Pierre et Miquelon,36-45,Corporate,2025-03-25,Event Walk-in,0
CUST_897,Frédéric Guillet,Sainte MargotBourg,Érythrée,46-60,Régulier,2024-05-17,Instagram,0
CUST_898,Louis Seguin,Sainte Aimé,Andorre,46-60,Premium,2025-05-16,Instagram,0
CUST_899,Noémi Paris,Saint Christelle,Colombie,36-45,Régulier,2025-04-24,Instagram,1
CUST_900,Emmanuelle de la Lemaire,Neveu-sur-Bousquet,Micronésie (États fédérés de),26-35,Découverte,2024-06-07,TikTok,1
CUST_901,Colette David,Saint Emmanueldan,Mayotte,36-45,Régulier,2025-06-02,TikTok,0
CUST_902,Véronique Boyer,Mercierboeuf,Trinité et Tobago,18-25,Premium,2025-01-07,Event Walk-in,0
CUST_903,Thibaut Bourgeois,Renault,Gambie,18-25,Premium,2025-01-31,Instagram,1
CUST_904,Timothée Gilles,Berger,Cameroun,26-35,Premium,2024-11-26,TikTok,0
CUST_905,Marcel Chevallier Le Brun,Dias-sur-Voisin,Tanzanie,18-25,Premium,2024-03-09,Instagram,1
CUST_906,Frédéric Mathieu,Sainte Charlotte,Pérou,26-35,Corporate,2024-07-25,Instagram,0
CUST_907,Amélie Blanchard de la Bruneau,Pereiranec,Honduras,18-25,Premium,2025-02-01,Referral,0
CUST_908,Margaud Lopez,De Sousa,Érythrée,36-45,Découverte,2024-08-14,Google Search,0
CUST_909,Grégoire Ledoux,Duhamel-sur-Fleury,Mayotte,26-35,Premium,2024-03-22,LinkedIn,1
CUST_910,Marthe Marie,Saint Jérôme,Gambie,36-45,Premium,2025-03-01,Event Walk-in,1
CUST_911,Louise Le Guibert,Greniernec,Mexique,18-25,Corporate,2024-09-29,LinkedIn,1
CUST_912,Margot Barbe-Hebert,Sainte Élise,Norfolk (Îles),36-45,Découverte,2024-08-09,Partnership,0
CUST_913,Maurice Loiseau,Alves,Turks et Caïques (Îles),26-35,Premium,2024-07-13,Instagram,1
CUST_914,Emmanuel-Bernard Moreau,Chrétien,Singapour,26-35,Premium,2025-03-01,Event Walk-in,1
CUST_915,Aurélie Neveu de la Perez,Samson,Rép. Dém. du Congo,36-45,Premium,2025-03-13,Event Walk-in,0
CUST_916,Paul Labbé-Carre,Dias,Nicaragua,26-35,Premium,2025-05-31,TikTok,0
CUST_917,Bernard de Vidal,Leclercq,Timor,46-60,Créateur,2024-11-18,Google Search,1
CUST_918,Stéphane Tanguy,Sainte Robert,Nepal,36-45,Régulier,2025-03-16,Event Walk-in,0
CUST_919,Patricia Sauvage,Pons-sur-Mer,Vierges britanniques (Îles),26-35,Premium,2024-08-07,TikTok,1
CUST_920,Laurent Fontaine,Gaillard,Ukraine,36-45,Régulier,2025-04-08,TikTok,0
CUST_921,Augustin Mace-Gaudin,Bousquet,Zaïre,18-25,Créateur,2024-01-17,LinkedIn,1
CUST_922,Théophile Menard-Bonneau,Sainte Dorothée-la-Forêt,Arabie saoudite,36-45,Découverte,2024-08-15,Instagram,0
CUST_923,Margaret Chauveau,Petitjean,Haïti,36-45,Corporate,2025-06-07,Google Search,1
CUST_924,David-Thomas Giraud,AntoineVille,Autriche,26-35,Régulier,2025-04-16,TikTok,0
CUST_925,Adèle Deschamps,Saint Amélie,Colombie,36-45,Corporate,2024-09-12,Instagram,1
CUST_926,Tristan Bonnet,Rousset,Saint Pierre et Miquelon,18-25,Premium,2024-08-10,Event Walk-in,1
CUST_927,Chantal Durand,Fournier,Aruba,46-60,Régulier,2024-04-07,Google Search,0
CUST_928,Georges Morel,Sainte Denise,Taiwan,46-60,Découverte,2024-02-27,Partnership,0
CUST_929,Alice Guérin,Sainte Claudine-les-Bains,Uruguay,46-60,Régulier,2024-05-03,Event Walk-in,0
CUST_930,Benjamin Ferreira,Gomez,Guyane française,18-25,Premium,2025-01-26,Instagram,0
CUST_931,Emmanuel Boutin-Guillaume,Delaunay-sur-Antoine,Haïti,36-45,Premium,2024-06-02,TikTok,1
CUST_932,Marcel Berthelot,Collet-sur-Mer,Bermudes (Les),26-35,Découverte,2025-02-06,Partnership,1
CUST_933,Élisabeth du Gaillard,Saint Pierreboeuf,Royaume-Uni,18-25,Régulier,2024-10-23,Event Walk-in,0
CUST_934,Georges Le Roux,Royer,Svalbard et Jan Mayen (Îles),36-45,Régulier,2024-02-20,Google Search,0
CUST_935,Victor Guibert,Denisdan,Moldavie,46-60,Premium,2024-05-13,Event Walk-in,0
CUST_936,Pénélope Cordier-Dupré,Sainte NathalieBourg,Maroc,26-35,Premium,2024-07-19,Google Search,1
CUST_937,Richard Le Brun,RaymondBourg,Svalbard et Jan Mayen (Îles),26-35,Régulier,2024-09-29,Event Walk-in,0
CUST_938,Simone Menard,LacombeVille,Bermudes (Les),18-25,Régulier,2025-02-27,TikTok,0
CUST_939,Clémence Lefebvre-Goncalves,Texier,République tchèque,36-45,Régulier,2024-01-25,Event Walk-in,0
CUST_940,Aimé Gaillard,Mercier,Maroc,36-45,Premium,2025-03-28,Google Search,0
CUST_941,Xavier Girard,Michaud,Vierges britanniques (Îles),26-35,Régulier,2025-01-17,Instagram,1
CUST_942,Paulette-Andrée Vincent,Vallée,Kiribati,18-25,Régulier,2024-02-25,Instagram,1
CUST_943,Alex Bodin,Saint JeanBourg,Angola,26-35,Corporate,2024-10-21,Instagram,1
CUST_944,Nicole Adam,Legros-les-Bains,Kenya,18-25,Régulier,2025-04-27,Instagram,0
CUST_945,Maggie Paris de Mathieu,Sauvagenec,Syrie,26-35,Régulier,2025-06-19,Event Walk-in,0
CUST_946,Astrid Vincent,Sainte Constance,Benin,26-35,Corporate,2024-01-19,TikTok,1
CUST_947,Adélaïde Le Courtois,Saint Claude-la-Forêt,Christmas (Île),18-25,Régulier,2024-03-02,TikTok,1
CUST_948,Laurent Leroux,Roy-sur-Georges,Belgique,36-45,Découverte,2024-01-09,Instagram,1
CUST_949,Stéphane Valette,Bertin,Suisse,36-45,Corporate,2024-01-20,TikTok,1
CUST_950,Roger Charles,Thierry,Norfolk (Îles),46-60,Régulier,2025-01-24,LinkedIn,1
CUST_951,Jules Coste,Le GoffVille,Belize,36-45,Premium,2025-06-28,Instagram,0
CUST_952,Marcel de la Henry,Charrier,Uruguay,46-60,Premium,2024-01-23,Instagram,1
CUST_953,Martin Valette de la Gérard,Arnaud,Svalbard et Jan Mayen (Îles),36-45,Régulier,2025-02-06,Event Walk-in,0
CUST_954,Pierre Joubert,Pinto,Mexique,36-45,Régulier,2024-11-05,Instagram,1
CUST_955,Guillaume Breton,Grenier,Sahara Occidental,36-45,Corporate,2024-09-20,Event Walk-in,1
CUST_956,Louis Lefèvre,Lamy,Namibie,18-25,Créateur,2024-10-13,Instagram,0
CUST_957,Martine Dijoux Le Mary,Charrier-sur-Bazin,Monaco,46-60,Premium,2024-03-30,Event Walk-in,0
CUST_958,Bernard Lombard,Saint Carolineboeuf,Autriche,26-35,Régulier,2024-06-05,TikTok,0
CUST_959,Eugène-Lucas Lecomte,Adam,Panama,36-45,Régulier,2024-05-14,Instagram,0
CUST_960,Sébastien-Alphonse Guyot,Saint Françoise,Arménie,26-35,Corporate,2024-11-12,Referral,1
CUST_961,Margot Weber,Tessiernec,Corée du Nord,26-35,Régulier,2024-05-28,Referral,1
CUST_962,Emmanuel Leconte-Martineau,Sainte Lucas,Russie,26-35,Régulier,2025-06-29,Partnership,0
CUST_963,Théodore Rodriguez,GuillonBourg,Slovaquie,36-45,Corporate,2024-05-29,Event Walk-in,1
CUST_964,Alexandre Lefèvre,ChauveauBourg,Togo,46-60,Créateur,2024-11-06,TikTok,1
CUST_965,Odette Bourgeois,Martinez,Liechtenstein,36-45,Régulier,2024-07-11,Instagram,0
CUST_966,Thomas Antoine,Alexandre-sur-Tessier,Timor,36-45,Premium,2024-08-24,Google Search,0
CUST_967,Philippine Nguyen,Rossi-sur-Verdier,Vierges britanniques (Îles),18-25,Régulier,2025-05-03,Instagram,1
CUST_968,Maggie Guillon,Saint Isaac-la-Forêt,Benin,46-60,Corporate,2025-01-17,Instagram,0
CUST_969,Constance Martin,Bonneau,Estonie,46-60,Régulier,2024-07-16,Instagram,0
CUST_970,Gilbert Lecomte-Blanchet,Bigot,Féroé (Îles),18-25,Corporate,2025-02-26,Instagram,1
CUST_971,Robert de Gillet,Sainte JacquelineBourg,Moldavie,26-35,Corporate,2024-03-08,Instagram,1
CUST_972,Camille de la Martinez,ParisBourg,Cambodge,46-60,Corporate,2025-05-16,Referral,1
CUST_973,Adèle Maury,Muller,Estonie,26-35,Régulier,2024-02-12,Google Search,1
CUST_974,Laurent Clerc,Lemaire-sur-Loiseau,Macédoine du Nord,36-45,Régulier,2025-06-21,Referral,1
CUST_975,Marguerite Deschamps de la Alves,Pelletier,Sainte Lucie,18-25,Premium,2025-04-07,TikTok,1
CUST_976,Stéphane Blanchet,Ruizboeuf,Nouvelle Calédonie,26-35,Premium,2025-02-09,Partnership,0
CUST_977,Margaret Descamps,Voisindan,Norvège,46-60,Premium,2024-02-20,Instagram,0
CUST_978,Hélène Valentin,Le Gall-la-Forêt,Azerbaïdjan,36-45,Corporate,2024-10-19,LinkedIn,0
CUST_979,Timothée Cordier,Loiseau,Sri Lanka,18-25,Corporate,2024-05-25,LinkedIn,1
CUST_980,André Moreau,DiasBourg,Croatie,18-25,Corporate,2024-04-25,Instagram,1
CUST_981,Gabriel-Tristan Ollivier,Sainte Zoé,Thailande,26-35,Régulier,2024-11-27,TikTok,0
CUST_982,Luc Guichard,BernardVille,Argentine,26-35,Corporate,2024-04-02,Instagram,1
CUST_983,Caroline Perez du Leleu,Chartier,La Barbad,26-35,Corporate,2024-05-06,Instagram,1
CUST_984,Alexandrie Teixeira,Garnier,Samoa,36-45,Régulier,2025-01-28,Event Walk-in,1
CUST_985,Gilles Martins,Nguyen-sur-Bouchet,Côte d'Ivoire,26-35,Régulier,2025-01-24,Instagram,0
CUST_986,Josette Joseph de la Bousquet,Lambert-sur-Hamel,Réunion (La),36-45,Premium,2024-06-02,Instagram,0
CUST_987,Christiane Descamps,Gonzalez,Brésil,18-25,Régulier,2024-11-12,Event Walk-in,1
CUST_988,Maryse Fouquet-Delattre,LeducVille,Argentine,36-45,Premium,2024-04-30,Partnership,1
CUST_989,Louise Tessier,Loiseau,Papouasie-Nouvelle-Guinée,18-25,Premium,2024-09-16,Instagram,0
CUST_990,Denise Royer du Pinto,Costa,Vierges (Îles),46-60,Premium,2024-01-06,Google Search,0
CUST_991,Colette Pasquier,Le Roux,Bahamas,26-35,Premium,2025-05-02,TikTok,0
CUST_992,Claire Moulin du Petit,Voisin,Hong Kong,18-25,Régulier,2024-10-11,Google Search,1
CUST_993,Élodie Briand,Sainte Susan,Émirats arabes unis,26-35,Découverte,2024-05-31,Instagram,0
CUST_994,Théophile Giraud,Hernandez,République tchèque,26-35,Corporate,2024-11-01,TikTok,0
CUST_995,Édouard Reynaud-Arnaud,Turpin,Mexique,18-25,Régulier,2024-07-01,Instagram,0
CUST_996,Noël Blondel,Guillon,Portugal,26-35,Créateur,2025-01-03,Partnership,0
CUST_997,Adrien Robert-Traore,Fontaine,Bermudes (Les),36-45,Régulier,2025-01-23,Event Walk-in,1
CUST_998,Bertrand Pelletier,Saint Valentine-la-Forêt,Uruguay,18-25,Régulier,2024-05-17,Instagram,1
CUST_999,Virginie Laroche,Cohen-sur-Mer,Bangladesh,36-45,Premium,2025-06-21,Instagram,0
CUST_1000,Grégoire Picard-Toussaint,Guérin,Fidji (République des),18-25,Régulier,2025-06-25,Partnership,0
CUST_1001,André Collin,Marques-la-Forêt,Ethiopie,36-45,Régulier,2024-11-20,Instagram,1
CUST_1002,Bernadette de la Tessier,Grondin,Martinique,36-45,Corporate,2025-05-23,LinkedIn,1
CUST_1003,Charles Navarro,Millet,Philippines,46-60,Corporate,2024-08-26,Event Walk-in,1
CUST_1004,Xavier Valentin,Barbier,Maroc,18-25,Régulier,2025-04-21,Google Search,0
CUST_1005,Jacqueline du Gaillard,Menard,Myanmar,26-35,Corporate,2025-02-28,TikTok,0
CUST_1006,Gérard Weber,Pinto,Israël,26-35,Découverte,2024-07-25,Event Walk-in,0
CUST_1007,Alfred Masson,Samson,Zimbabwe,18-25,Régulier,2025-06-02,Google Search,1
CUST_1008,Danielle Gros,Barbier-sur-Leduc,Allemagne,18-25,Corporate,2024-12-15,TikTok,1
CUST_1009,Thomas Lopes,Ledoux-sur-Launay,Rwanda,18-25,Corporate,2024-07-17,TikTok,0
CUST_1010,Agnès Lopes-Léger,Sainte MarineVille,Malte,46-60,Corporate,2024-02-06,Referral,0
CUST_1011,Joséphine Duval,Saint Robert,Ghana,46-60,Corporate,2024-12-09,LinkedIn,1
CUST_1012,Suzanne Dos Santos-Courtois,Ollivierdan,Montserrat,18-25,Corporate,2024-11-02,Google Search,1
CUST_1013,Emmanuel Leleu de Hamon,Dupré,Vanuatu,18-25,Régulier,2024-12-05,Event Walk-in,1
CUST_1014,Marthe Pottier,Sainte Christellenec,Cocos (Îles),36-45,Découverte,2024-06-01,TikTok,0
CUST_1015,Susan Guillon-Lebrun,Moreno-sur-Wagner,La Barbad,46-60,Premium,2024-06-18,Google Search,0
CUST_1016,Eugène Le Paris,Saint Antoine,Bhoutan,18-25,Corporate,2024-11-11,Event Walk-in,0
CUST_1017,Suzanne Lacombe,Huetdan,Djibouti,18-25,Régulier,2024-03-29,LinkedIn,0
CUST_1018,Michel Fernandez,Chauvet,Uruguay,46-60,Corporate,2024-11-05,Instagram,0
CUST_1019,François Devaux-Boutin,Lemonnier,Liban,18-25,Régulier,2024-02-08,Event Walk-in,1
CUST_1020,Jacqueline Marques-Lemoine,Lelièvre,Turquie,46-60,Premium,2025-05-09,Partnership,0
CUST_1021,Manon Perrier,Durand,Italie,36-45,Corporate,2025-06-20,TikTok,0
CUST_1022,Guillaume Brun,Blanchet,Israël,18-25,Corporate,2025-06-12,Referral,0
CUST_1023,Aurélie Clerc,Ferreira,Norvège,18-25,Régulier,2025-06-18,Instagram,0
CUST_1024,Sébastien Perrot,Bouvet,Slovénie,18-25,Corporate,2024-03-30,TikTok,1
CUST_1025,Diane Bourgeois,Guillot,Yougoslavie,18-25,Premium,2024-11-15,Instagram,1
CUST_1026,Jeanne Potier,Hubert,Sainte Lucie,26-35,Régulier,2024-07-16,TikTok,0
CUST_1027,Grégoire Blot,Ferreira,Tunisie,46-60,Premium,2024-10-06,Instagram,0
CUST_1028,Sabine de la Gros,Simon-les-Bains,Bolivie,18-25,Créateur,2025-06-10,Instagram,0
CUST_1029,Christiane Monnier,Aubert,Estonie,36-45,Régulier,2024-10-17,Google Search,0
CUST_1030,Lucas Guérin,Sainte Frédériquedan,Ghana,36-45,Premium,2024-12-12,Google Search,0
CUST_1031,Théophile Roussel,Georges-sur-Ledoux,Algérie,18-25,Régulier,2024-02-21,Instagram,0
CUST_1032,Nicolas Buisson-Pineau,Hoarau-sur-Mer,Pakistan,46-60,Régulier,2025-04-01,Google Search,0
CUST_1033,Auguste Huet,Saint Thibault,Royaume-Uni,26-35,Corporate,2025-06-30,Instagram,1
CUST_1034,Franck Didier,Lejeune,Monaco,46-60,Premium,2024-04-05,Event Walk-in,1
CUST_1035,Camille Le Bazin,Vaillant,Timor,46-60,Régulier,2024-11-13,Referral,1
CUST_1036,Thierry Lelièvre,Michaud,Moldavie,46-60,Régulier,2024-08-17,Instagram,1
CUST_1037,Odette-Laetitia Collin,Schmitt,Botswana,36-45,Corporate,2025-02-05,Instagram,1
CUST_1038,Noël-Maurice Moreau,Ferrand-sur-Grondin,Argentine,36-45,Corporate,2024-11-28,TikTok,0
CUST_1039,Alexandria Raymond,Thibaultnec,Venezuela,46-60,Régulier,2025-05-05,LinkedIn,0
CUST_1040,Renée Bazin,Ribeirodan,Nepal,36-45,Premium,2024-05-10,LinkedIn,0
CUST_1041,Thibault Carre de Pineau,Lopes,Chili,18-25,Régulier,2024-03-13,Event Walk-in,0
CUST_1042,Anouk Petitjean,Jourdan-la-Forêt,Zimbabwe,46-60,Premium,2024-09-01,Google Search,0
CUST_1043,Constance Thierry,Sainte Diane-la-Forêt,Cayman (Îles),46-60,Régulier,2024-12-14,Instagram,1
CUST_1044,Denis Vidal de la Lecoq,Baronnec,Rwanda,46-60,Corporate,2025-03-21,Google Search,0
CUST_1045,Marcel-Grégoire Fontaine,Cordierboeuf,Samoa,26-35,Régulier,2024-03-20,Event Walk-in,1
CUST_1046,Édith Bazin,Richard,Réunion (La),46-60,Régulier,2025-04-19,TikTok,0
CUST_1047,Alexandre-Maurice Arnaud,Duhamel,Ouzbékistan,46-60,Régulier,2025-02-19,Instagram,0
CUST_1048,Bernard du Adam,Carlier-les-Bains,Turks et Caïques (Îles),46-60,Régulier,2024-03-03,Instagram,1
CUST_1049,Auguste Ollivier de Alexandre,Bouchet,Irlande,18-25,Corporate,2024-06-01,TikTok,0
CUST_1050,Nath Pichon,Saint Xavier-la-Forêt,Soudan,46-60,Régulier,2024-11-20,TikTok,1
CUST_1051,Constance Merle,Lopez,Vanuatu,36-45,Corporate,2025-03-21,Event Walk-in,1
CUST_1052,Marc-Denis Pasquier,Sainte Maurice,Suisse,18-25,Premium,2025-06-06,TikTok,0
CUST_1053,Denis-Grégoire Coulon,Chauvin,Arabie saoudite,36-45,Découverte,2024-02-24,Instagram,1
CUST_1054,Timothée Bazin du Lebrun,Moulin-la-Forêt,Nicaragua,36-45,Régulier,2024-10-15,Event Walk-in,0
CUST_1055,Alfred Buisson,Bouvetnec,Guinée Equatoriale,46-60,Premium,2025-01-26,TikTok,0
CUST_1056,Élisabeth Blot,Saint Juliette-la-Forêt,Costa Rica,26-35,Premium,2025-05-01,Instagram,1
CUST_1057,Caroline-Agathe Poirier,ClémentBourg,Italie,36-45,Corporate,2024-06-06,TikTok,1
CUST_1058,Dominique Grenier,Saint Adrienne,Turks et Caïques (Îles),26-35,Régulier,2024-03-14,Referral,0
CUST_1059,Louis Marin,Navarro-la-Forêt,Angola,46-60,Premium,2024-05-19,Instagram,1
CUST_1060,Laurence Grenier de Meunier,Dufour,Chine (Rép. pop.),46-60,Corporate,2025-03-11,Google Search,0
CUST_1061,Maurice de Ferrand,Chevallier,Arabie saoudite,46-60,Premium,2025-04-05,TikTok,0
CUST_1062,Élodie Pons,Roger,Albanie,46-60,Premium,2025-05-25,Event Walk-in,0
CUST_1063,Marthe Albert,Robin,Afrique du sud,36-45,Régulier,2025-01-10,Instagram,0
CUST_1064,Camille-Noémi Bourgeois,Jourdan,Seychelles,46-60,Corporate,2024-04-25,Google Search,1
CUST_1065,Joseph Gilles,Aubry,Arménie,18-25,Régulier,2025-06-23,Partnership,1
CUST_1066,Guillaume Le Alexandre,Saint Aimé,Christmas (Île),36-45,Régulier,2024-03-21,LinkedIn,1
CUST_1067,Matthieu Joseph de Pons,Voisin-la-Forêt,Anguilla,26-35,Régulier,2024-03-20,Referral,0
CUST_1068,François Blondel du Garnier,Laine-les-Bains,Sainte Lucie,36-45,Premium,2024-12-17,LinkedIn,0
CUST_1069,Vincent Boucher,Saint Louisnec,Palau,46-60,Premium,2025-04-25,Google Search,0
CUST_1070,Denis de la Jean,Pierre-les-Bains,Vanuatu,36-45,Créateur,2024-10-28,TikTok,0
CUST_1071,Hugues Cohen,Saint ThibaultBourg,Australie,36-45,Corporate,2024-09-23,Instagram,0
CUST_1072,Stéphanie Chevalier,Léger-les-Bains,Corée du Nord,26-35,Premium,2024-10-25,Event Walk-in,1
CUST_1073,Stéphanie Didier-Lesage,Blanchet-sur-Bertin,Tuvalu,36-45,Premium,2024-05-09,LinkedIn,1
CUST_1074,Guy Leduc,Lebon-les-Bains,Benin,36-45,Régulier,2024-10-14,Instagram,0
CUST_1075,Émile Moreau,Boulanger-sur-Pinto,Russie,18-25,Premium,2024-06-03,Referral,0
CUST_1076,Juliette de Vallet,FaivreBourg,Papouasie-Nouvelle-Guinée,26-35,Régulier,2024-08-29,LinkedIn,1
CUST_1077,Philippe de Gallet,Martinez,Sainte Hélène,18-25,Régulier,2024-03-27,Partnership,1
CUST_1078,Thomas Mathieu-Pierre,Gonzalez,Libéria,26-35,Corporate,2025-02-26,Event Walk-in,0
CUST_1079,Joséphine Martineau-Fouquet,Fontaineboeuf,Madagascar,46-60,Corporate,2024-06-20,Instagram,1
CUST_1080,Laurence Germain,Samson-sur-Allard,Swaziland,36-45,Découverte,2024-09-27,Event Walk-in,0
CUST_1081,Édouard Chauveau,Gaudinboeuf,Fidji (République des),26-35,Régulier,2025-05-02,TikTok,1
CUST_1082,Adèle Rousset,VidalVille,Chypre,26-35,Régulier,2025-02-03,LinkedIn,0
CUST_1083,Gilles Menard,Ruiz-sur-Durand,Christmas (Île),46-60,Découverte,2025-04-04,TikTok,0
CUST_1084,Victoire Noël,SimonBourg,Guyane,18-25,Régulier,2025-06-28,Google Search,1
CUST_1085,Augustin Robin,Tessier-sur-Diaz,Japon,46-60,Premium,2024-10-06,TikTok,0
CUST_1086,Jeanne Dumas de Lecoq,Saint Paulineboeuf,Rwanda,18-25,Régulier,2025-02-04,LinkedIn,1
CUST_1087,Éléonore Vincent,Saint Bernadette,Polynésie française,26-35,Corporate,2024-07-18,LinkedIn,1
CUST_1088,Emmanuelle-Élodie Guibert,Dupont-les-Bains,Géorgie,26-35,Régulier,2024-01-11,Referral,1
CUST_1089,Lucie Aubry-Launay,Laine-sur-Mer,Samoa,18-25,Régulier,2025-06-21,Instagram,0
CUST_1090,Aimé Pereira,Guillon-la-Forêt,Israël,26-35,Corporate,2024-09-14,Instagram,0
CUST_1091,Stéphanie Clément,Courtoisdan,Norfolk (Îles),18-25,Découverte,2024-08-10,Partnership,1
CUST_1092,Thérèse Goncalves,Sainte Guillaume,Marshall (Îles),18-25,Régulier,2024-05-13,TikTok,1
CUST_1093,Renée Colas de Berger,Ollivier,Autriche,26-35,Corporate,2024-07-07,Instagram,0
CUST_1094,Jérôme Toussaint,Bousquet,Pérou,18-25,Premium,2024-10-10,Event Walk-in,1
CUST_1095,Suzanne Robert,Rousset,Suède,36-45,Régulier,2024-03-16,Instagram,0
CUST_1096,Zacharie Marques,Juliendan,Jamaïque,46-60,Régulier,2024-03-02,Instagram,1
CUST_1097,Suzanne Rolland,Saint Danieldan,Finlande,26-35,Régulier,2025-05-18,Partnership,0
CUST_1098,François Gosselin-Chevallier,Allain,Jordanie,46-60,Régulier,2025-05-18,Instagram,0
CUST_1099,Nicolas Vidal,Maillot,Autriche,46-60,Régulier,2024-04-18,Partnership,1
CUST_1100,Frédérique Roche,Sainte Augustin,Zambie,18-25,Découverte,2024-03-13,Google Search,0
CUST_1101,Célina Lopes-Parent,Paul-la-Forêt,Taiwan,46-60,Découverte,2025-05-24,Instagram,1
CUST_1102,Christelle Girard,CarlierVille,Australie,18-25,Premium,2024-09-29,Instagram,0
CUST_1103,Julien Moulin,Blanc,Luxembourg,46-60,Premium,2025-06-11,Event Walk-in,1
CUST_1104,Françoise-Agathe Guillon,Allain-la-Forêt,Taiwan,46-60,Régulier,2024-03-12,Google Search,0
CUST_1105,Léon Gilles-Parent,Torres,Mexique,46-60,Régulier,2025-01-02,TikTok,0
CUST_1106,Agnès Charles,Diallo-la-Forêt,Myanmar,18-25,Premium,2024-04-02,TikTok,1
CUST_1107,Hugues Martinez,Regnier,Afrique du sud,36-45,Régulier,2025-04-15,Event Walk-in,0
CUST_1108,Patrick de Ramos,Sainte Alphonse,Tunisie,26-35,Régulier,2024-02-10,Partnership,1
CUST_1109,Célina Rousseau,Leclerc,Azerbaïdjan,36-45,Corporate,2024-04-19,Google Search,0
CUST_1110,Valentine Chauvet,De Sousa-sur-Bruneau,Micronésie (États fédérés de),18-25,Corporate,2025-03-24,Event Walk-in,0
CUST_1111,Grégoire Marchal,Petit-sur-Benoit,République Dominicaine,26-35,Découverte,2024-09-01,LinkedIn,0
CUST_1112,Émile Rocher,Humbertdan,Benin,36-45,Premium,2025-04-05,Partnership,0
CUST_1113,Joseph-Timothée Denis,Rodriguez,Papouasie-Nouvelle-Guinée,36-45,Découverte,2024-02-13,TikTok,0
CUST_1114,Antoine Guillot,DurandBourg,Antarctique,46-60,Créateur,2024-06-01,Event Walk-in,0
CUST_1115,Lorraine Allain Le Potier,Carre,Nauru,18-25,Découverte,2024-05-24,LinkedIn,0
CUST_1116,Stéphanie Turpin,Pons-sur-Alves,Tunisie,18-25,Régulier,2024-05-13,Instagram,1
CUST_1117,Anne Turpin Le Peron,Saint Yves-sur-Mer,Bhoutan,36-45,Corporate,2024-04-09,TikTok,0
CUST_1118,Diane Verdier de Denis,Bertin,Mexique,18-25,Corporate,2024-04-18,Instagram,1
CUST_1119,Noémi Moulin,Lebrun,Afrique du sud,26-35,Découverte,2024-07-26,TikTok,1
CUST_1120,Christelle Duhamel,Saint Eugènenec,États-Unis,46-60,Régulier,2024-05-20,TikTok,1
CUST_1121,Nicolas Allain-Bertin,Jacquot-les-Bains,États-Unis,26-35,Corporate,2024-06-26,TikTok,0
CUST_1122,Susan Blanchet,Renaud,Afghanistan,26-35,Corporate,2024-06-21,Event Walk-in,1
CUST_1123,Guy Julien,Bodin,Réunion (La),46-60,Régulier,2024-02-11,Instagram,1
CUST_1124,Richard Roux,Faure,Samoa,46-60,Corporate,2024-01-17,Event Walk-in,0
CUST_1125,Lucas Leroy,Germainnec,Jordanie,18-25,Régulier,2024-04-01,Event Walk-in,1
CUST_1126,Michelle-Édith Pichon,Martins-sur-Mer,Vatican (Etat du),36-45,Régulier,2025-05-02,Event Walk-in,0
CUST_1127,Célina Lévêque,Duhamel,Guadeloupe,36-45,Premium,2025-02-25,Instagram,0
CUST_1128,Benoît Royer,Legendre,Kirghizistan,18-25,Premium,2025-05-26,Google Search,0
CUST_1129,Luce Collet-Teixeira,Robin,Portugal,36-45,Régulier,2024-01-05,Google Search,0
CUST_1130,Alfred Barbier-Da Costa,Sainte Claudine,Guadeloupe,18-25,Premium,2025-06-03,Instagram,1
CUST_1131,Jacques Lambert,Marynec,Norfolk (Îles),26-35,Régulier,2024-07-17,Instagram,0
CUST_1132,Christophe Carlier,Lebon,Colombie,46-60,Premium,2024-06-12,Referral,0
CUST_1133,Bernard Le Roux,Picard,La Barbad,36-45,Régulier,2025-03-21,Instagram,1
CUST_1134,Marie Legendre,Robert-sur-Poirier,Sri Lanka,46-60,Découverte,2024-02-23,Partnership,0
CUST_1135,Sophie Gérard,Deschamps,Antilles néerlandaises,18-25,Premium,2024-04-28,Instagram,0
CUST_1136,Thomas Lombard,Gomes,Libye,46-60,Premium,2024-11-29,TikTok,1
CUST_1137,Adélaïde Adam,Blanchard-les-Bains,Argentine,36-45,Régulier,2024-04-22,TikTok,0
CUST_1138,Claire Dupont,Legendrenec,Hongrie,46-60,Corporate,2025-01-19,Partnership,0
CUST_1139,Victoire du Gauthier,Sainte Timothéeboeuf,Géorgie du Sud et Sandwich du Sud (Îles),46-60,Découverte,2025-03-22,Instagram,1
CUST_1140,Alix Morin,Sainte Alfred-la-Forêt,Maurice,46-60,Régulier,2025-01-17,Instagram,1
CUST_1141,Hélène Bourgeois,Sainte Thierry,Saint Vincent et les Grenadines,36-45,Créateur,2024-07-26,TikTok,0
CUST_1142,Aimée Denis-Maurice,Saint Marcel-les-Bains,Ghana,18-25,Régulier,2024-04-23,Event Walk-in,0
CUST_1143,Jacqueline Salmon,Bousquet-sur-Da Costa,Hongrie,26-35,Corporate,2024-08-13,Event Walk-in,1
CUST_1144,Élise Auger,Techer-la-Forêt,Japon,26-35,Premium,2024-08-23,Instagram,1
CUST_1145,Véronique-Marthe Lefort,Colas,Irlande,46-60,Corporate,2024-08-09,Google Search,1
CUST_1146,Roger de la Dias,Étienne,Seychelles,36-45,Découverte,2025-03-14,Event Walk-in,0
CUST_1147,Laurent Rodriguez,Vidalnec,Christmas (Île),36-45,Régulier,2024-08-15,Partnership,1
CUST_1148,Françoise-Aimée Masse,PhilippeVille,Bulgarie,26-35,Corporate,2024-01-06,TikTok,0
CUST_1149,Matthieu Boulay,Joly-sur-Normand,Saint Pierre et Miquelon,46-60,Corporate,2025-05-31,Instagram,0
CUST_1150,Bertrand Maillard de Breton,Merle,Belgique,46-60,Corporate,2024-04-10,TikTok,0
CUST_1151,Nicole Denis,Hamon,Colombie,18-25,Corporate,2025-02-20,Partnership,0
CUST_1152,Auguste-Xavier Ruiz,Laporte,Ukraine,36-45,Régulier,2024-04-02,Instagram,1
CUST_1153,Michel Bernard,Parent,Monaco,26-35,Corporate,2024-01-25,Partnership,0
CUST_1154,Virginie Gautier de la Lesage,Pichon,Israël,26-35,Corporate,2025-02-19,Instagram,1
CUST_1155,Olivier Salmon,Saint Léon-la-Forêt,Hongrie,46-60,Corporate,2024-01-02,Event Walk-in,0
CUST_1156,Auguste Leroy,Sainte André-sur-Mer,Antarctique,36-45,Premium,2024-10-30,TikTok,0
CUST_1157,Joseph Caron,Goncalvesnec,Niger,26-35,Corporate,2024-03-23,Google Search,0
CUST_1158,Jules de Morel,Guillou,Cuba,18-25,Premium,2025-01-07,Event Walk-in,0
CUST_1159,Michel Blanchet,Le Goff,Mayotte,36-45,Régulier,2024-02-11,TikTok,0
CUST_1160,Jules Le Noël,Saint Auguste,Finlande,18-25,Premium,2024-07-28,Instagram,0
CUST_1161,Jules Guichard du Texier,Didier,Lithuanie,18-25,Premium,2024-08-02,Event Walk-in,1
CUST_1162,Paul du Daniel,Gallet-sur-Mer,Nouvelle Calédonie,36-45,Régulier,2024-09-30,LinkedIn,0
CUST_1163,Michelle Mercier,Pichon,Corée du Nord,18-25,Découverte,2024-12-19,TikTok,0
CUST_1164,Jacques-Grégoire Chauvin,Martin,Bouvet (Îles),18-25,Régulier,2025-06-28,Referral,0
CUST_1165,Stéphane Pelletier de la Raynaud,Cordier,Bermudes (Les),36-45,Régulier,2025-01-11,Event Walk-in,1
CUST_1166,Suzanne Le Michel,RogerBourg,Argentine,18-25,Régulier,2025-04-13,Instagram,0
CUST_1167,Victoire Vincent,Potier-sur-Leclercq,Groenland,26-35,Régulier,2024-03-19,Instagram,0
CUST_1168,Lucas Lemaire,Ribeiro,Costa Rica,26-35,Premium,2024-07-28,LinkedIn,1
CUST_1169,Maryse Fernandes,Lebon-la-Forêt,Laos,36-45,Régulier,2024-05-15,LinkedIn,0
CUST_1170,Franck Fournier,Imbert-sur-Mer,Samoa,18-25,Régulier,2024-03-05,Instagram,1
CUST_1171,Marine Daniel,Sainte Daviddan,Australie,36-45,Régulier,2024-12-17,Referral,1
CUST_1172,Agnès Devaux,Saint CélineBourg,Guam,46-60,Premium,2025-06-26,Event Walk-in,0
CUST_1173,Claude Chartier,Martinez-sur-Foucher,Gabon,36-45,Premium,2024-11-09,Instagram,0
CUST_1174,Gabrielle Arnaud,Leconte,Égypte,46-60,Régulier,2024-10-22,Event Walk-in,0
CUST_1175,Alain Bourdon,Traore,Groenland,36-45,Régulier,2024-06-19,Google Search,0
CUST_1176,Margaret Gimenez,Leleu-les-Bains,Saint Pierre et Miquelon,36-45,Régulier,2024-06-28,Event Walk-in,1
CUST_1177,Gilles Germain,Guyon,Irak,26-35,Régulier,2024-04-29,Instagram,0
CUST_1178,Bernard Leclerc du Pineau,Marchand,Chine (Rép. pop.),26-35,Régulier,2025-01-13,Instagram,1
CUST_1179,Martin Payet,Descamps-sur-Pasquier,São Tomé et Príncipe (Rép.),18-25,Premium,2024-12-18,Instagram,0
CUST_1180,Luce Da Silva,Salmon,France,26-35,Premium,2024-05-04,Partnership,0
CUST_1181,Léon Lemaire,Maurice,Tokelau,46-60,Corporate,2025-04-14,Partnership,0
CUST_1182,Stéphane Nguyen,Collet,Îles Mineures Éloignées des États-Unis,36-45,Premium,2024-10-29,LinkedIn,0
CUST_1183,Pénélope Maillot,Bernier,"Corée, Sud",26-35,Corporate,2025-03-28,TikTok,0
CUST_1184,Lucas Delahaye,Sainte Nicolas,Marshall (Îles),46-60,Corporate,2024-05-22,Referral,0
CUST_1185,Théophile-Stéphane Langlois,Barbe-sur-Loiseau,Panama,18-25,Régulier,2024-08-13,TikTok,0
CUST_1186,Laure Fontaine-Wagner,Peltierboeuf,Taiwan,18-25,Premium,2024-07-18,Google Search,0
CUST_1187,Yves Muller,MichelBourg,Mauritanie,36-45,Régulier,2024-03-26,LinkedIn,0
CUST_1188,Andrée Bertrand,RenaudVille,Macau,18-25,Créateur,2025-02-07,Instagram,0
CUST_1189,Luc Costa,Sainte Anouk-les-Bains,Émirats arabes unis,18-25,Corporate,2025-01-04,TikTok,1
CUST_1190,Thierry Didier,Guyon,Afrique du sud,46-60,Régulier,2025-01-16,Instagram,0
CUST_1191,Patricia de Bruneau,Merledan,Maroc,36-45,Créateur,2024-03-30,Instagram,1
CUST_1192,Étienne Louis de Huet,Saint SusanBourg,Gibraltar,46-60,Corporate,2024-10-22,Instagram,1
CUST_1193,Alice Sauvage,Lebon,Costa Rica,46-60,Corporate,2025-02-28,Instagram,1
CUST_1194,Monique Poirier,Descamps,Bulgarie,18-25,Régulier,2024-11-06,LinkedIn,1
CUST_1195,André de la Garcia,Roy-sur-Chauvin,Moldavie,36-45,Découverte,2025-01-19,Instagram,0
CUST_1196,Noémi Vaillant de la Pinto,Roussel,Brésil,36-45,Régulier,2025-04-18,Event Walk-in,1
CUST_1197,Cécile-Laetitia Dupuis,Lecomte-la-Forêt,Malaisie,26-35,Régulier,2025-01-25,TikTok,0
CUST_1198,Patrick Rousset,Besnardboeuf,Madagascar,36-45,Corporate,2024-11-07,LinkedIn,1
CUST_1199,Jacqueline Schmitt-Georges,Carpentier,Mongolie,26-35,Découverte,2024-01-03,Instagram,0
CUST_1200,Françoise du Monnier,Leclercqdan,Singapour,46-60,Régulier,2024-10-21,TikTok,0
CUST_1201,Christine Bertin,Berger-la-Forêt,Argentine,26-35,Découverte,2024-10-10,LinkedIn,1
CUST_1202,William Legros,Hernandez-sur-Joubert,Équateur,36-45,Premium,2025-03-22,Event Walk-in,1
CUST_1203,Daniel Goncalves du Poulain,Barbe,Finlande,46-60,Créateur,2024-05-02,TikTok,1
CUST_1204,Emmanuel-Philippe Bouvier,Joubert,Zambie,18-25,Corporate,2024-06-15,Google Search,0
CUST_1205,Michelle de la Leroux,Sainte Anouk-sur-Mer,Érythrée,46-60,Corporate,2024-05-18,TikTok,0
CUST_1206,Gilles Faivre,Lecoq,La Barbad,36-45,Régulier,2024-12-30,Instagram,0
CUST_1207,Étienne Samson,Maillot-sur-Andre,Namibie,18-25,Premium,2024-07-06,Event Walk-in,1
CUST_1208,Anne Roger,Gomez-sur-Dufour,Malte,26-35,Premium,2024-11-19,Event Walk-in,1
CUST_1209,Emmanuel Pasquier de la Dupuis,Roy,Namibie,36-45,Régulier,2025-01-06,Instagram,1
CUST_1210,Jules Leblanc-Briand,Coulon,Aruba,26-35,Découverte,2025-06-14,TikTok,1
CUST_1211,Hortense Mary,Sainte Anastasie,Timor,46-60,Régulier,2024-06-15,Instagram,0
CUST_1212,Camille Gaillard du Lejeune,Martin,Ethiopie,26-35,Corporate,2025-06-22,Event Walk-in,1
CUST_1213,Suzanne Le Gilles,Vincent,Lettonie,18-25,Régulier,2024-03-19,Instagram,0
CUST_1214,Benoît du Moreau,LedouxVille,États-Unis,18-25,Régulier,2024-11-15,Event Walk-in,0
CUST_1215,Laurence Normand,Barthelemyboeuf,Kirghizistan,46-60,Corporate,2025-06-19,Event Walk-in,0
CUST_1216,Aimé Fernandes,Payet,Azerbaïdjan,36-45,Découverte,2024-05-01,Instagram,1
CUST_1217,Léon Leleu,Pereira-sur-Fournier,Territoire britannique de l'océan Indien,26-35,Corporate,2024-11-10,Instagram,0
CUST_1218,Arthur Muller,Pinto-sur-Marchal,Paraguay,18-25,Régulier,2024-04-24,Instagram,1
CUST_1219,Augustin Bègue,Olliviernec,Ouzbékistan,46-60,Découverte,2024-04-20,Instagram,1
CUST_1220,Éric Rey,Saint Véronique,Mexique,18-25,Régulier,2024-09-16,Instagram,0
CUST_1221,Bernard Moreau,Pascal,Turkménistan,18-25,Corporate,2024-05-06,Partnership,0
CUST_1222,Philippe Moulin-Besnard,Boutin-la-Forêt,Zimbabwe,26-35,Régulier,2024-12-25,Instagram,0
CUST_1223,Dorothée Labbé-Gomes,Moreau-sur-Caron,Taiwan,36-45,Créateur,2024-12-22,TikTok,1
CUST_1224,Nath Blanchard,Caron,Autriche,26-35,Premium,2024-03-10,Instagram,1
CUST_1225,Marthe Legrand,Collin-sur-Mer,Danemark,18-25,Premium,2024-07-15,Partnership,0
CUST_1226,Marcelle Lemonnier,Dumas,Afrique du sud,18-25,Créateur,2024-04-11,Partnership,1
CUST_1227,Isaac Lejeune-Hebert,Pasquier,Malte,46-60,Régulier,2024-07-08,TikTok,1
CUST_1228,Éléonore Le Rousseau,Deschamps,Nepal,26-35,Corporate,2025-01-23,TikTok,0
CUST_1229,Josette Bouvier,Sainte Astridboeuf,Bangladesh,46-60,Régulier,2024-11-17,Instagram,0
CUST_1230,Arthur Rey,Guilloudan,Singapour,26-35,Premium,2025-01-04,Event Walk-in,1
CUST_1231,Nathalie Poulain,Saint Margaud,Liechtenstein,18-25,Régulier,2025-05-20,Instagram,0
CUST_1232,Zoé Le Brunet,Ferrand,Pologne,36-45,Corporate,2025-03-30,Instagram,0
CUST_1233,Patricia Ramos de Vasseur,Guillon-sur-Lebrun,Fidji (République des),46-60,Régulier,2024-03-12,Partnership,1
CUST_1234,Christine Lacroix,Toussaint,Colombie,36-45,Régulier,2025-05-18,Referral,0
CUST_1235,Lucas-Martin Vallet,Perrier-les-Bains,Turks et Caïques (Îles),18-25,Régulier,2025-02-08,TikTok,1
CUST_1236,Daniel Nicolas Le Raynaud,Ruiz,Suède,18-25,Corporate,2024-06-21,Instagram,1
CUST_1237,Bernard Dumas,Charpentier,Laos,36-45,Régulier,2025-02-17,Instagram,1
CUST_1238,Jules Dupuy-Grenier,Lelièvre,Bolivie,46-60,Régulier,2024-10-06,Event Walk-in,1
CUST_1239,Lucas Da Silva du Deschamps,Daniel,Slovaquie,46-60,Régulier,2025-02-18,Partnership,0
CUST_1240,Alexandre de Pichon,Valette,Turkménistan,26-35,Corporate,2024-04-20,Instagram,0
CUST_1241,Mathilde-Jeannine Breton,HamonBourg,Chili,26-35,Premium,2024-05-17,Instagram,1
CUST_1242,Henri Moreno-Deschamps,Lebrun,Saint-Kitts et Nevis,18-25,Premium,2024-01-28,Partnership,0
CUST_1243,Jacqueline Leduc,Couturier,Cambodge,36-45,Régulier,2024-04-08,Event Walk-in,1
CUST_1244,Jeanne Payet,Bertin,Samoa,46-60,Corporate,2024-07-25,TikTok,0
CUST_1245,Dominique Lebon de Jean,CourtoisVille,Fidji (République des),36-45,Premium,2024-01-19,Partnership,0
CUST_1246,Susanne Guyon Le Tanguy,Saint Gilles,Espagne,46-60,Corporate,2024-05-01,TikTok,0
CUST_1247,Inès Leclerc,Laporte,Cuba,46-60,Régulier,2024-02-06,Instagram,1
CUST_1248,Bernadette de Mathieu,Blanchard,Haïti,36-45,Corporate,2024-06-17,LinkedIn,0
CUST_1249,Henri-Honoré Bonnet,Roger,Turkménistan,46-60,Premium,2024-04-22,Google Search,0
CUST_1250,Olivier Dias-Collin,BousquetVille,Malaisie,46-60,Régulier,2024-06-09,LinkedIn,0
CUST_1251,Jacques Carpentier,Roche-les-Bains,Azerbaïdjan,46-60,Premium,2025-01-21,Google Search,0
CUST_1252,Laurent Leconte Le Baudry,Sainte Marcboeuf,Égypte,36-45,Régulier,2024-01-29,Google Search,0
CUST_1253,Auguste Breton-Loiseau,Laroche,Guatemala,36-45,Régulier,2024-01-28,Event Walk-in,1
CUST_1254,Henriette Julien,Dumasboeuf,Ukraine,46-60,Régulier,2024-12-19,Partnership,0
CUST_1255,Lucy Verdier,Wagner-sur-Lefort,Vierges britanniques (Îles),18-25,Premium,2024-09-10,Instagram,0
CUST_1256,Honoré Lejeune de Clément,Ferrand,Maldives (Îles),18-25,Corporate,2024-03-08,Event Walk-in,0
CUST_1257,David Charpentier,Sainte Pénélope,Ukraine,26-35,Découverte,2024-11-29,Instagram,1
CUST_1258,Gérard Da Silva,Richard-sur-Blanchet,Botswana,46-60,Premium,2025-03-07,Instagram,1
CUST_1259,Michelle Hervé,Guichardnec,Afghanistan,18-25,Créateur,2025-01-21,Google Search,0
CUST_1260,François Leconte,Rodriguesboeuf,Saint Vincent et les Grenadines,18-25,Corporate,2024-04-12,Event Walk-in,0
CUST_1261,Thibault Daniel,Barthelemy,Kiribati,46-60,Premium,2024-12-13,Instagram,0
CUST_1262,Nicolas Poulain de Adam,Dumas,Marshall (Îles),46-60,Régulier,2024-03-18,Event Walk-in,0
CUST_1263,Suzanne Le Guilbert,Maillarddan,Burundi,36-45,Régulier,2024-10-31,Partnership,0
CUST_1264,Gérard Guyon,Sainte Margaret-la-Forêt,Côte d'Ivoire,26-35,Premium,2024-04-04,Event Walk-in,1
CUST_1265,Alfred Perrier,Sainte Dominique,Allemagne,36-45,Régulier,2025-06-27,LinkedIn,0
CUST_1266,Théodore Legendre,Girard,Brunei,18-25,Premium,2024-11-05,LinkedIn,0
CUST_1267,Agnès Huet,Chauvetnec,Vierges britanniques (Îles),36-45,Régulier,2025-02-15,Instagram,0
CUST_1268,Martine Dupuy,Meyer-sur-Carre,Islande,26-35,Corporate,2025-06-12,Event Walk-in,1
CUST_1269,Agathe Raynaud,Launay-la-Forêt,Tadjikistan,26-35,Premium,2025-04-23,Instagram,1
CUST_1270,Charlotte Le Hoarau,GuillaumeBourg,Espagne,46-60,Créateur,2024-03-02,LinkedIn,0
CUST_1271,Nathalie Lacombe,Perrot-sur-Fontaine,Samoa,26-35,Régulier,2024-11-03,Event Walk-in,0
CUST_1272,Christophe Leduc,Normandboeuf,Équateur,18-25,Premium,2025-02-26,Instagram,0
CUST_1273,Paulette Simon-Picard,Daniel,Burkina Faso,26-35,Régulier,2024-08-29,TikTok,0
CUST_1274,Victor Becker,Simondan,Ghana,26-35,Découverte,2024-11-13,LinkedIn,1
CUST_1275,Jean Carre de la Bruneau,Salmondan,Corée du Nord,46-60,Régulier,2024-02-07,Instagram,0
CUST_1276,Patrick Descamps,Pineau-sur-Mer,Tonga,18-25,Régulier,2024-10-11,Referral,0
CUST_1277,Christine du Grenier,Albert,Suède,18-25,Créateur,2025-05-12,Event Walk-in,0
CUST_1278,Lucie Le Collin,BergerVille,Rép. Dém. du Congo,18-25,Régulier,2024-11-01,Event Walk-in,1
CUST_1279,Marcelle du Bousquet,Jourdan,Tokelau,46-60,Corporate,2024-04-02,TikTok,1
CUST_1280,Margaret Allard,Charpentier,Biélorussie,26-35,Régulier,2025-05-27,Partnership,0
CUST_1281,Marc du Baron,NguyenVille,Tuvalu,36-45,Premium,2024-04-02,Instagram,0
CUST_1282,Robert Mercier,Clément-sur-Leconte,Botswana,36-45,Régulier,2025-02-03,Event Walk-in,1
CUST_1283,Nathalie Pruvost,Evrard,Mayotte,46-60,Régulier,2024-04-19,Instagram,1
CUST_1284,Anaïs Joseph-Rocher,Sainte Thierrydan,Zimbabwe,46-60,Régulier,2024-02-27,LinkedIn,0
CUST_1285,Zacharie Bonnin,Faure,La Barbad,18-25,Régulier,2025-03-09,LinkedIn,0
CUST_1286,Victor Faivre,Camus,La Barbad,36-45,Corporate,2024-05-28,TikTok,1
CUST_1287,Audrey Leduc,Sainte Julesnec,Belize,36-45,Découverte,2024-02-05,Event Walk-in,1
CUST_1288,Anne Huet,Morin,Géorgie,18-25,Corporate,2024-09-02,Instagram,0
CUST_1289,Éléonore Blanchard,Saint Grégoire,Maroc,36-45,Corporate,2024-05-04,LinkedIn,0
CUST_1290,Michèle Poulain,ChevallierVille,Liechtenstein,46-60,Régulier,2025-02-06,Partnership,1
CUST_1291,Sébastien-Aimé Chauveau,Sainte Guyboeuf,Jordanie,36-45,Régulier,2024-08-29,TikTok,1
CUST_1292,Denis Fontaine,Hervé,Nicaragua,26-35,Corporate,2024-11-20,Event Walk-in,1
CUST_1293,Émile Masse,Mahe,Cameroun,46-60,Corporate,2024-10-07,Event Walk-in,1
CUST_1294,Juliette Guilbert,AlexandreBourg,Gabon,46-60,Régulier,2025-02-26,Partnership,0
CUST_1295,Georges Rocher,Berthelot,Guyane française,46-60,Corporate,2024-04-12,Event Walk-in,1
CUST_1296,Éric Cousin de la Teixeira,Bigot,Philippines,18-25,Régulier,2024-11-30,TikTok,0
CUST_1297,Vincent-Thierry Tanguy,Courtois,Mali,18-25,Premium,2024-07-07,Google Search,1
CUST_1298,Jules Vidal,Bègue-sur-Techer,Guam,26-35,Découverte,2024-07-23,Google Search,0
CUST_1299,Émilie Robin-Bertin,Chrétien,Tchad,18-25,Régulier,2024-09-12,LinkedIn,1
CUST_1300,Thérèse Munoz du Barbier,Guichard-les-Bains,Tuvalu,26-35,Corporate,2025-02-24,Event Walk-in,0
CUST_1301,Lucas Hoareau,ChauvinVille,Comores,46-60,Corporate,2024-05-16,Instagram,1
CUST_1302,Auguste Le Ribeiro,Durand-sur-Alexandre,Nouvelle Calédonie,36-45,Corporate,2024-07-22,Instagram,0
CUST_1303,Virginie Voisin,Saint Joseph,Papouasie-Nouvelle-Guinée,46-60,Corporate,2024-08-17,Instagram,0
CUST_1304,Adrienne Maréchal de la Perret,Benoitdan,République tchèque,26-35,Corporate,2025-04-18,Instagram,1
CUST_1305,Marthe Boyer,Petit,Laos,26-35,Découverte,2025-03-15,Google Search,0
CUST_1306,Jules-Bertrand Chevalier,Gérard-sur-Leleu,Brésil,36-45,Régulier,2024-04-30,Instagram,0
CUST_1307,Aurore Petit,Texier,Haïti,46-60,Corporate,2025-05-21,Instagram,1
CUST_1308,Noël Bernard,Rémy-la-Forêt,Papouasie-Nouvelle-Guinée,26-35,Créateur,2024-09-29,TikTok,0
CUST_1309,Thibaut Mendès,Sainte CamilleBourg,Émirats arabes unis,26-35,Régulier,2024-07-30,Google Search,1
CUST_1310,Guillaume Leclercq,Aubry-les-Bains,Malte,36-45,Corporate,2024-07-12,TikTok,0
CUST_1311,Danielle Dupuy,SauvageBourg,Jordanie,26-35,Découverte,2024-09-25,Instagram,0
CUST_1312,Matthieu-Henri Goncalves,Saint Thérèse,Zambie,26-35,Régulier,2025-04-14,Instagram,0
CUST_1313,Olivier Roux-Nguyen,Sainte Éric,Vierges (Îles),36-45,Créateur,2025-02-11,Referral,1
CUST_1314,Isaac-Marcel Ferreira,Traore,Territoires français du sud,46-60,Corporate,2024-09-19,Instagram,1
CUST_1315,Joseph Lemaître,Rolland,Niger,18-25,Régulier,2024-08-28,LinkedIn,0
CUST_1316,Matthieu Jacquot,Sainte Madeleine-les-Bains,Géorgie,18-25,Découverte,2025-05-31,Google Search,0
CUST_1317,Vincent Goncalves,Costa-sur-Goncalves,Pays-Bas,46-60,Premium,2024-05-15,Partnership,1
CUST_1318,Michelle du Joseph,Parent,Turquie,26-35,Régulier,2025-05-30,LinkedIn,0
CUST_1319,Susan Clerc,Sainte Alicenec,Bermudes (Les),46-60,Régulier,2024-11-20,Event Walk-in,0
CUST_1320,Marianne de Lopes,Delaunaydan,Soudan,36-45,Régulier,2024-02-15,Partnership,0
CUST_1321,Roger-Roger Roy,Godard-les-Bains,Nouvelle Calédonie,36-45,Corporate,2025-03-16,TikTok,1
CUST_1322,Zacharie-Denis Delahaye,Gilles,Cameroun,36-45,Premium,2025-03-22,Partnership,0
CUST_1323,Andrée de Vasseur,Barrenec,Norfolk (Îles),46-60,Corporate,2024-06-03,Google Search,1
CUST_1324,Alexandre Muller de Chauvet,Saint SuzanneBourg,Indonésie,46-60,Découverte,2024-06-01,Instagram,0
CUST_1325,Amélie Louis,Saint Benjamin-la-Forêt,Mali,46-60,Régulier,2025-04-23,TikTok,1
CUST_1326,Emmanuelle Grenier,Bernier,Finlande,46-60,Découverte,2024-12-31,Partnership,1
CUST_1327,Susan Collin de la Marchand,Nguyen,Irlande,46-60,Premium,2024-05-31,Instagram,0
CUST_1328,Édouard Laporte,Sainte Michèleboeuf,République centrafricaine,36-45,Régulier,2024-06-21,Event Walk-in,1
CUST_1329,Corinne Garcia,LopesBourg,Honduras,26-35,Premium,2024-01-05,LinkedIn,1
CUST_1330,Alfred du Lenoir,Langlois,République centrafricaine,46-60,Corporate,2024-09-09,Event Walk-in,1
CUST_1331,Guy Chauveau,Sainte Thérèse,Pérou,36-45,Découverte,2024-05-04,TikTok,1
CUST_1332,Nath Garnier,Lamy,Andorre,18-25,Corporate,2024-06-06,Instagram,0
CUST_1333,Julie Joubert,Lesage-sur-Mer,Lettonie,46-60,Régulier,2024-10-02,Google Search,0
CUST_1334,Bernadette Joseph,Saint Anaïs,Portugal,18-25,Premium,2025-04-08,TikTok,1
CUST_1335,Arthur Giraud,Pelletiernec,Myanmar,26-35,Régulier,2024-02-19,Event Walk-in,0
CUST_1336,Victoire Louis,Leclerc,Panama,18-25,Corporate,2025-01-25,Instagram,0
CUST_1337,Laure Guyon,Sainte Margaret-les-Bains,Philippines,26-35,Créateur,2025-02-12,Instagram,1
CUST_1338,François du Bertrand,Julien-les-Bains,Comores,26-35,Régulier,2025-02-16,TikTok,1
CUST_1339,Zacharie Ramos-Marchand,BoucherBourg,Costa Rica,26-35,Régulier,2025-05-17,Event Walk-in,1
CUST_1340,Manon Laroche,Arnaud,Nicaragua,36-45,Corporate,2024-05-14,TikTok,0
CUST_1341,Xavier Charles,Da Silva,Estonie,36-45,Premium,2025-05-16,TikTok,0
CUST_1342,Alfred Valette,Andre-sur-Blanc,Tanzanie,36-45,Premium,2025-03-09,Instagram,0
CUST_1343,Marcelle Menard,SchneiderVille,Russie,36-45,Premium,2025-03-20,Google Search,0
CUST_1344,Michèle Texier de la Rousseau,Weber,Saint Vincent et les Grenadines,36-45,Créateur,2024-08-17,Referral,1
CUST_1345,Sébastien Martineau Le Pons,Garnier-sur-Lucas,Royaume-Uni,46-60,Premium,2025-06-21,Instagram,0
CUST_1346,Éric Rodriguez,Guérin,Cap Vert,18-25,Corporate,2025-05-04,TikTok,1
CUST_1347,Frédéric Merle,Garnier,Irak,36-45,Corporate,2025-06-19,TikTok,1
CUST_1348,Margaux Fabre,Sainte Noémi,Côte d'Ivoire,18-25,Corporate,2025-06-09,Instagram,0
CUST_1349,Alexandrie Schneider,Saint Pierre,Kiribati,18-25,Régulier,2024-09-16,TikTok,1
CUST_1350,Auguste Gomez,Hoarau,Malawi,18-25,Régulier,2025-04-18,Instagram,0
CUST_1351,Yves Goncalves,Traore-la-Forêt,Svalbard et Jan Mayen (Îles),46-60,Découverte,2025-03-02,Event Walk-in,0
CUST_1352,André Gomes,Bodin,Cambodge,46-60,Corporate,2025-04-05,Google Search,0
CUST_1353,Zacharie Berthelot de Thierry,Sainte Nath,Libéria,26-35,Régulier,2024-03-21,Event Walk-in,1
CUST_1354,Zacharie Rodriguez,Laurent-sur-Mer,Saint-Marin (Rép. de),18-25,Régulier,2024-01-19,Instagram,0
CUST_1355,Claire Mace,Peltier-sur-Charles,Turks et Caïques (Îles),26-35,Premium,2025-04-16,Event Walk-in,1
CUST_1356,Capucine Joubert,Caron,Nauru,46-60,Régulier,2025-01-04,Event Walk-in,1
CUST_1357,Franck Klein,Sainte Benoîtboeuf,Moldavie,46-60,Corporate,2024-03-30,Instagram,0
CUST_1358,Agathe Marchal,Seguindan,Autriche,18-25,Corporate,2024-07-11,Event Walk-in,0
CUST_1359,Guy Didier,Baudry,Arabie saoudite,26-35,Premium,2025-03-22,Event Walk-in,1
CUST_1360,Pierre Texier,Guichardboeuf,Antigua et Barbuda,26-35,Régulier,2025-04-19,Instagram,0
CUST_1361,Sébastien Thomas de la Masson,Guillot-sur-Mer,Portugal,18-25,Régulier,2024-06-05,Event Walk-in,0
CUST_1362,Jérôme Le Charpentier,Sainte Jeanne-la-Forêt,Guyane,46-60,Régulier,2025-04-05,Google Search,0
CUST_1363,Antoine Vallée,Ollivierboeuf,Martinique,46-60,Découverte,2024-01-09,Instagram,1
CUST_1364,Clémence de Pruvost,Godard-les-Bains,Gambie,46-60,Créateur,2025-05-22,Event Walk-in,1
CUST_1365,Luce Leblanc-Masse,Roger,Andorre,36-45,Découverte,2025-02-13,LinkedIn,1
CUST_1366,Aimé-André Diallo,Schmitt-les-Bains,Zimbabwe,46-60,Régulier,2024-03-03,LinkedIn,0
CUST_1367,Tristan Vallet,Pasquier-sur-Guillou,Côte d'Ivoire,36-45,Premium,2024-10-01,Partnership,0
CUST_1368,Margaux Chauvin,Pierre-les-Bains,Ukraine,46-60,Régulier,2024-12-21,TikTok,0
CUST_1369,Xavier du Leroy,Weber,Trinité et Tobago,26-35,Régulier,2024-07-15,LinkedIn,0
CUST_1370,Gilles Fabre,Bourgeois,Singapour,26-35,Premium,2024-12-13,Partnership,1
CUST_1371,Théodore Vasseur,Breton-sur-Philippe,Rwanda,46-60,Régulier,2024-10-27,Event Walk-in,0
CUST_1372,Susan Besson,Petit,Japon,46-60,Corporate,2025-01-03,Event Walk-in,1
CUST_1373,Andrée Lopes,Leducnec,Costa Rica,26-35,Premium,2024-10-16,Event Walk-in,0
CUST_1374,Alfred Clerc du Wagner,PoulainBourg,Algérie,46-60,Régulier,2024-07-23,Instagram,0
CUST_1375,Aimée Blanc,Guérindan,Corée du Nord,46-60,Créateur,2025-05-20,TikTok,0
CUST_1376,Frédérique Lecoq,Sainte Luc-la-Forêt,Sainte Hélène,18-25,Créateur,2025-01-02,Event Walk-in,0
CUST_1377,Paul Bodin,Foucher,Nauru,26-35,Régulier,2025-05-30,Instagram,0
CUST_1378,Léon Auger,Lopez-sur-Blanc,Indonésie,46-60,Régulier,2024-08-20,Instagram,0
CUST_1379,Arthur-Georges Besson,Lemaire-les-Bains,Vanuatu,36-45,Créateur,2024-12-29,Event Walk-in,1
CUST_1380,Olivier Rodriguez,Laurent,Gabon,36-45,Corporate,2025-06-11,Google Search,0
CUST_1381,Christophe Durand Le Le Goff,BarbierVille,Polynésie française,18-25,Corporate,2025-03-24,Event Walk-in,1
CUST_1382,Nicole Renault,Saint Gilles,Maroc,18-25,Créateur,2024-04-14,Event Walk-in,0
CUST_1383,Thierry Le Gall,Pineau,Tokelau,18-25,Régulier,2024-04-30,Event Walk-in,1
CUST_1384,Gabriel Legrand,Leblanc-sur-Denis,Émirats arabes unis,26-35,Corporate,2025-03-28,Event Walk-in,0
CUST_1385,Thérèse Morel,David,Roumanie,18-25,Régulier,2025-01-07,TikTok,0
CUST_1386,Marguerite Tessier Le Morin,Labbé-sur-Poirier,Bolivie,26-35,Régulier,2025-03-01,Event Walk-in,0
CUST_1387,Alix Leblanc,Hoarau,Ouganda,46-60,Régulier,2025-06-01,Instagram,0
CUST_1388,Claudine Lemoine,Moulin,Guadeloupe,46-60,Régulier,2024-09-08,Instagram,1
CUST_1389,Alexandre-André Moreau,Dubois-sur-Mer,Burundi,46-60,Corporate,2024-05-21,Event Walk-in,0
CUST_1390,Françoise Baron,Saint Thomas-sur-Mer,Bahamas,46-60,Corporate,2025-06-12,Event Walk-in,0
CUST_1391,Marthe Marques,Le Gall,Brésil,18-25,Régulier,2024-01-11,Event Walk-in,0
CUST_1392,Sophie Hoareau-Jourdan,Humbert-sur-Hebert,Soudan,18-25,Régulier,2024-11-18,TikTok,1
CUST_1393,Simone Moulin de la Jacquet,Loiseau,États-Unis,46-60,Découverte,2024-02-07,Referral,1
CUST_1394,Thérèse Fernandes-Andre,Blanchet,Cayman (Îles),18-25,Créateur,2025-06-16,Partnership,0
CUST_1395,Matthieu de la Lévy,Lebrun-sur-Mer,Norvège,36-45,Corporate,2024-11-17,Partnership,0
CUST_1396,Frédérique Lagarde,Saint PhilippeBourg,Zaïre,36-45,Corporate,2024-05-30,Event Walk-in,0
CUST_1397,Michelle Fabre,Allard,Maroc,26-35,Corporate,2025-03-28,Event Walk-in,1
CUST_1398,René Michaud Le Rousset,Bruneaunec,Pays-Bas,46-60,Corporate,2024-11-04,Instagram,0
CUST_1399,Éléonore Pires,Grégoire,Sainte Lucie,46-60,Corporate,2024-05-09,LinkedIn,0
CUST_1400,Audrey Le Goff,Perez,Vietnam,26-35,Régulier,2024-11-15,LinkedIn,1
CUST_1401,Gabriel-Joseph Lucas,BlanchardVille,Guam,26-35,Découverte,2024-09-21,Instagram,1
CUST_1402,Michelle Bouchet,Lacroix,Maurice,46-60,Créateur,2024-04-23,Event Walk-in,1
CUST_1403,Jules Gomez,Chauvet,Papouasie-Nouvelle-Guinée,36-45,Premium,2024-12-28,Instagram,1
CUST_1404,Victoire de Bertrand,Martin,Comores,18-25,Régulier,2024-01-06,TikTok,1
CUST_1405,Agathe Guillou,Garnier,Cap Vert,26-35,Régulier,2024-10-18,Referral,1
CUST_1406,Émile Boutin,Duprénec,Géorgie,26-35,Corporate,2025-06-16,Event Walk-in,0
CUST_1407,Alain Alexandre Le Traore,Sainte Nathalie,Grèce,26-35,Corporate,2025-01-04,TikTok,0
CUST_1408,Léon Sauvage,Labbé,Sierra Leone,46-60,Corporate,2024-03-24,Instagram,0
CUST_1409,Jérôme Lenoir,DiasBourg,Argentine,26-35,Régulier,2025-04-01,Instagram,1
CUST_1410,Roger Masson,Tanguy,Vierges (Îles),46-60,Premium,2025-06-15,Event Walk-in,1
CUST_1411,Hélène Perrin Le Hoareau,Léger,Myanmar,46-60,Premium,2025-03-26,Referral,1
CUST_1412,Audrey Marty,Carpentier-les-Bains,Burkina Faso,46-60,Corporate,2024-05-27,LinkedIn,0
CUST_1413,Jacqueline Giraud,GiraudBourg,Bulgarie,46-60,Régulier,2025-06-09,Event Walk-in,0
CUST_1414,Augustin Lemaire,Mendès,Niger,26-35,Régulier,2024-02-03,Event Walk-in,1
CUST_1415,Bernadette Vallet,De Oliveira-sur-Mer,Venezuela,36-45,Corporate,2024-05-01,Google Search,0
CUST_1416,Louis-Tristan Giraud,Albert-sur-Pascal,Bosnie-Herzégovine,18-25,Régulier,2024-10-23,Instagram,0
CUST_1417,Dominique Marion de la Didier,Pasquier,Allemagne,36-45,Régulier,2025-01-18,TikTok,0
CUST_1418,Benjamin Roux,BonninBourg,Allemagne,26-35,Régulier,2025-03-07,Instagram,1
CUST_1419,Olivie de la Cohen,Fischernec,Cameroun,36-45,Régulier,2025-05-15,Instagram,0
CUST_1420,Arthur François,Texier,Christmas (Île),18-25,Corporate,2025-03-03,LinkedIn,0
CUST_1421,Michèle Clément Le Ferreira,Chauvet-sur-Guibert,Mongolie,46-60,Corporate,2025-01-21,LinkedIn,1
CUST_1422,Stéphane Didier,Sainte Nathalie,Togo,26-35,Corporate,2025-05-31,Google Search,1
CUST_1423,Noël Samson de la Albert,Sainte JulienBourg,Guinée Equatoriale,46-60,Régulier,2024-11-29,Instagram,1
CUST_1424,David Philippe,Raynaud-les-Bains,Suisse,46-60,Régulier,2025-02-08,TikTok,0
CUST_1425,Valentine de la Julien,Saint Anaïs,São Tomé et Príncipe (Rép.),46-60,Corporate,2024-03-31,Event Walk-in,1
CUST_1426,Yves-Benjamin Devaux,Lamy,Ghana,36-45,Premium,2024-05-06,Referral,0
CUST_1427,Luce Tessier,Jacquet,Mali,18-25,Créateur,2025-06-18,Instagram,0
CUST_1428,Céline Daniel Le Renaud,Descamps-la-Forêt,Espagne,18-25,Régulier,2025-06-28,Instagram,0
CUST_1429,Nicolas Dias de la Benard,Foucher-la-Forêt,Bouvet (Îles),26-35,Régulier,2025-03-30,Instagram,0
CUST_1430,Roger-Yves Millet,Lombard-les-Bains,Tadjikistan,36-45,Régulier,2024-02-16,LinkedIn,1
CUST_1431,Patrick Lecoq,ThibaultVille,Soudan,36-45,Régulier,2025-02-28,Instagram,0
CUST_1432,Nathalie Hoareau-Merle,Barbier-la-Forêt,Royaume-Uni,46-60,Régulier,2024-04-27,Partnership,0
CUST_1433,Hugues Royer Le Dijoux,Dumasnec,Groenland,36-45,Régulier,2024-09-18,Event Walk-in,0
CUST_1434,Théodore de la Legros,Vincent,Libye,46-60,Premium,2024-03-01,Google Search,0
CUST_1435,Emmanuel-Michel Legrand,Gautiernec,Bouvet (Îles),18-25,Corporate,2024-11-01,TikTok,0
CUST_1436,Audrey Royer,Marchal-sur-Hubert,Nepal,46-60,Corporate,2024-09-21,TikTok,1
CUST_1437,Alexandre Gaudin,Sauvage,Porto Rico,18-25,Découverte,2024-09-02,Event Walk-in,1
CUST_1438,Inès Moulin,Aubry,Tonga,46-60,Premium,2025-05-31,TikTok,0
CUST_1439,Diane Vallet,LaunayBourg,Nouvelle-Zélande,18-25,Régulier,2025-02-20,Instagram,0
CUST_1440,Laurence Morin,Bouvier,Portugal,26-35,Corporate,2024-01-20,Instagram,1
CUST_1441,Lucie Breton,Petit,Bahrain,18-25,Régulier,2024-05-08,TikTok,0
CUST_1442,Astrid Carre,Saint RobertBourg,Ghana,18-25,Corporate,2025-05-27,Instagram,1
CUST_1443,Patricia Morvan,Albert,Cayman (Îles),36-45,Premium,2024-06-21,Event Walk-in,0
CUST_1444,Vincent Royer,Chauveau-la-Forêt,Zimbabwe,46-60,Créateur,2025-04-07,Instagram,1
CUST_1445,Suzanne Menard-Grenier,Robin,Tanzanie,36-45,Premium,2024-06-20,Instagram,1
CUST_1446,Margot du Fournier,Saint Emmanuelle-la-Forêt,Slovaquie,46-60,Régulier,2024-09-13,Event Walk-in,0
CUST_1447,Marie Vasseur,Peltier,El Salvador,36-45,Corporate,2024-08-05,Google Search,0
CUST_1448,Margaux Rousseau,Petitjean,Namibie,18-25,Régulier,2025-06-30,Google Search,0
CUST_1449,Claudine Marty,Meyer,Gabon,46-60,Corporate,2024-05-23,Event Walk-in,1
CUST_1450,Jérôme Lecomte,Alves,Botswana,46-60,Régulier,2025-05-31,Partnership,0
CUST_1451,Eugène Guyot-Ferrand,Sainte Grégoire,Grèce,36-45,Premium,2025-04-08,Instagram,1
CUST_1452,Dorothée Charpentier,MasseVille,Brésil,36-45,Régulier,2025-04-15,Partnership,0
CUST_1453,Franck de Mahe,Pereira,Trinité et Tobago,26-35,Premium,2024-01-03,Google Search,0
CUST_1454,Sébastien Riou,Maillardboeuf,Lettonie,18-25,Premium,2025-02-27,Google Search,1
CUST_1455,Daniel Valentin,Saint Théodore,Rwanda,46-60,Corporate,2024-03-24,Event Walk-in,1
CUST_1456,Adélaïde Lemaître-Chauvet,BeckerVille,Macau,18-25,Premium,2025-03-31,Referral,0
CUST_1457,Alfred-Théophile Fournier,Navarro,Nouvelle Calédonie,46-60,Corporate,2025-01-01,TikTok,1
CUST_1458,Thérèse Mallet,Loiseau-la-Forêt,Samoa,18-25,Régulier,2025-01-14,Partnership,0
CUST_1459,Anaïs Meunier,Saint Alphonse,Tuvalu,26-35,Corporate,2024-10-14,Referral,1
CUST_1460,Laure de la Pinto,Tessiernec,Bouvet (Îles),26-35,Régulier,2024-11-06,Event Walk-in,0
CUST_1461,Aimé Rémy,Rolland,Comores,46-60,Créateur,2024-02-07,TikTok,1
CUST_1462,Robert Thibault,Normand,Bosnie-Herzégovine,26-35,Découverte,2025-02-09,Instagram,0
CUST_1463,Adrienne Roger,Chauveau,Azerbaïdjan,46-60,Régulier,2024-07-17,Referral,1
CUST_1464,Michelle Charles,Moulin-sur-Berthelot,Burundi,26-35,Découverte,2024-05-11,Event Walk-in,0
CUST_1465,Noël Jourdan,Sainte Inès,Koweit,26-35,Corporate,2024-10-07,Instagram,1
CUST_1466,Valentine du Klein,Saint CharlesBourg,Bermudes (Les),36-45,Corporate,2025-04-09,Instagram,0
CUST_1467,Étienne-Hugues Renaud,Saint Antoinettenec,Zimbabwe,18-25,Corporate,2024-11-26,TikTok,1
CUST_1468,Danielle Giraud,Dufour,Danemark,36-45,Régulier,2025-06-14,LinkedIn,0
CUST_1469,Gabriel De Oliveira-Bouchet,Langlois-sur-Barthelemy,Bermudes (Les),18-25,Corporate,2024-08-17,Instagram,1
CUST_1470,Philippe Nicolas,Fontaine,Vierges (Îles),46-60,Régulier,2025-02-05,Instagram,0
CUST_1471,Marine Gay,Meunier-sur-Mer,Ghana,18-25,Créateur,2024-08-19,Partnership,0
CUST_1472,Jeannine Caron de Menard,Deschamps,Norvège,18-25,Corporate,2024-07-20,Instagram,0
CUST_1473,Sabine-Aurore Valette,Sauvagenec,Honduras,18-25,Découverte,2025-03-18,Event Walk-in,1
CUST_1474,Cécile-Marine Laroche,Sainte Luc,Bosnie-Herzégovine,36-45,Corporate,2024-09-10,Instagram,0
CUST_1475,Constance Fabre du Descamps,Reyboeuf,Canada,36-45,Corporate,2024-12-07,LinkedIn,0
CUST_1476,Roger Ramos-Gilles,Gilletdan,Territoires français du sud,18-25,Corporate,2025-03-25,Event Walk-in,1
CUST_1477,Marie Julien,Charpentier,Papouasie-Nouvelle-Guinée,18-25,Régulier,2024-03-03,Partnership,0
CUST_1478,Josette Lamy,Fischernec,Guinée,18-25,Corporate,2024-03-04,Partnership,0
CUST_1479,Lucas Fernandez,Besnardnec,Kirghizistan,36-45,Premium,2025-03-18,Instagram,1
CUST_1480,Alfred Guillaume,Chauvet-sur-Mer,Vatican (Etat du),18-25,Régulier,2025-01-25,TikTok,1
CUST_1481,Alfred Parent Le Paul,Schneider,Grèce,46-60,Régulier,2024-01-11,TikTok,0
CUST_1482,Mathilde Bodin de Dumont,Saint Françoise,Grèce,46-60,Corporate,2024-04-13,TikTok,1
CUST_1483,Josette Lambert,Rossi,Chypre,18-25,Régulier,2024-12-02,Google Search,0
CUST_1484,Sophie Dumont,Roy,Argentine,18-25,Premium,2024-03-10,Google Search,1
CUST_1485,Caroline Le Collin,Hamel,Russie,26-35,Premium,2024-09-19,TikTok,0
CUST_1486,Adélaïde Seguin,Marty-sur-Mer,Costa Rica,46-60,Régulier,2024-05-20,Event Walk-in,0
CUST_1487,Adèle Vidal de la Sanchez,Saint CharlotteVille,Roumanie,36-45,Premium,2025-06-09,Partnership,1
CUST_1488,Corinne Neveu du Meyer,Gimenez,Bermudes (Les),36-45,Premium,2024-05-29,Instagram,0
CUST_1489,Laurence Blanchet,Guyonnec,Slovaquie,36-45,Régulier,2024-01-09,LinkedIn,1
CUST_1490,Grégoire Costa,Bigot-sur-Gros,Guadeloupe,26-35,Découverte,2025-06-03,Event Walk-in,1
CUST_1491,Laurent Moreau,Maurydan,Palau,18-25,Régulier,2024-07-19,Partnership,1
CUST_1492,Susan David-Faure,Lopes,Algérie,26-35,Corporate,2024-12-15,Instagram,0
CUST_1493,Marcelle Gérard,Monnier-les-Bains,Monaco,46-60,Premium,2024-12-05,Event Walk-in,1
CUST_1494,Thibaut Dupuy,Hoaraunec,Mauritanie,36-45,Premium,2025-03-04,TikTok,0
CUST_1495,Amélie-Christelle Guyon,Sainte Gérardnec,Chili,18-25,Premium,2024-01-04,Google Search,1
CUST_1496,Aimée Martineau,Lambert,Ghana,46-60,Premium,2024-09-01,LinkedIn,1
CUST_1497,Jules Delattre-Pichon,Sainte Dominique,Afrique du sud,36-45,Corporate,2025-01-19,Instagram,0
CUST_1498,Patrick de la Legrand,Dias,Nouvelle Calédonie,18-25,Régulier,2024-03-16,TikTok,1
CUST_1499,Emmanuel Vidal,Menard,Cap Vert,26-35,Régulier,2024-07-18,Google Search,1
CUST_1500,Caroline Gauthier,Saint Lucie-les-Bains,Suisse,36-45,Découverte,2024-01-31,Instagram,0
