order_id,customer_id,order_date,offer_type,channel,revenue,cost,status
ORD_1,CUST_1117,2024-08-12,Corporate Package,TikTok,255.77,178.66,Completed
ORD_2,CUST_858,2024-12-13,Corporate Package,Event Walk-in,128.83,58.31,Completed
ORD_3,CUST_335,2024-07-19,Event Ticket,Instagram,317.83,189.71,Completed
ORD_4,CUST_409,2024-04-13,Event Ticket,LinkedIn,221.61,117.75,Completed
ORD_5,CUST_1203,2025-01-23,Media Package,TikTok,143.59,50.87,Refunded
ORD_6,CUST_1151,2024-12-12,Partner Offer,Partnership,225.88,120.67,Completed
ORD_7,CUST_762,2024-09-02,Creative Studio,TikTok,31.71,16.89,Completed
ORD_8,CUST_843,2024-06-24,Partner Offer,Partnership,460.07,241.11,Cancelled
ORD_9,CUST_629,2025-03-20,Corporate Package,Event Walk-in,207.09,94.66,Completed
ORD_10,CUST_1316,2024-05-27,Corporate Package,Google Search,496.57,163.26,Completed
ORD_11,CUST_11,2024-07-13,Membership,Instagram,261.23,96.72,Completed
ORD_12,CUST_464,2025-01-18,Creative Studio,Event Walk-in,324.22,167.43,Completed
ORD_13,CUST_307,2024-09-07,Partner Offer,Partnership,114.7,78.05,Completed
ORD_14,CUST_11,2024-07-12,Corporate Package,Instagram,367.74,178.75,Completed
ORD_15,CUST_1083,2024-06-01,Creative Studio,TikTok,189.65,73.12,Completed
ORD_16,CUST_577,2024-10-13,Corporate Package,Instagram,56.09,33.78,Refunded
ORD_17,CUST_206,2025-05-15,Membership,Partnership,51.86,19.46,Completed
ORD_18,CUST_245,2025-04-26,Workshop,Event Walk-in,303.7,198.67,Completed
ORD_19,CUST_1405,2024-06-20,Media Package,Referral,111.97,58.29,Completed
ORD_20,CUST_1399,2025-06-05,Creative Studio,LinkedIn,177.82,111.62,Completed
ORD_21,CUST_1390,2024-07-02,Creative Studio,Event Walk-in,74.96,24.07,Completed
ORD_22,CUST_748,2025-05-09,Media Package,Event Walk-in,213.11,99.22,Completed
ORD_23,CUST_287,2024-10-01,Media Package,Event Walk-in,476.59,313.49,Completed
ORD_24,CUST_1077,2024-02-07,Membership,Partnership,369.75,171.68,Refunded
ORD_25,CUST_655,2025-04-07,Corporate Package,Instagram,171.1,57.9,Completed
ORD_26,CUST_1253,2024-11-09,Creative Studio,Event Walk-in,332.76,107.45,Completed
ORD_27,CUST_942,2024-06-09,Partner Offer,Instagram,227.16,84.21,Completed
ORD_28,CUST_1344,2024-03-27,Event Ticket,Referral,190.27,63.25,Completed
ORD_29,CUST_760,2025-03-31,Media Package,Google Search,261.36,137.55,Completed
ORD_30,CUST_995,2024-02-12,Media Package,Instagram,239.56,159.62,Completed
ORD_31,CUST_1124,2025-03-12,Media Package,Event Walk-in,230.89,84.29,Completed
ORD_32,CUST_1036,2025-01-11,Workshop,Instagram,319.78,134.79,Completed
ORD_33,CUST_1432,2025-01-26,Event Ticket,Partnership,60.45,23.77,Completed
ORD_34,CUST_559,2024-09-28,Media Package,Partnership,411.59,286.08,Completed
ORD_35,CUST_765,2024-03-25,Membership,Event Walk-in,111.95,34.5,Completed
ORD_36,CUST_849,2024-03-21,Workshop,TikTok,248.31,108.68,Refunded
ORD_37,CUST_702,2024-04-10,Event Ticket,TikTok,43.36,29.29,Completed
ORD_38,CUST_456,2024-07-24,Creative Studio,Event Walk-in,54.69,28.7,Completed
ORD_39,CUST_1253,2024-09-13,Creative Studio,Event Walk-in,416.41,143.28,Completed
ORD_40,CUST_1275,2024-10-08,Membership,Instagram,439.86,247.09,Completed
ORD_41,CUST_775,2024-05-21,Partner Offer,Event Walk-in,479.15,251.32,Completed
ORD_42,CUST_866,2024-09-24,Event Ticket,Google Search,75.27,43.6,Completed
ORD_43,CUST_1033,2024-12-20,Workshop,Instagram,192.29,82.21,Completed
ORD_44,CUST_815,2025-02-19,Workshop,Referral,257.91,99.35,Completed
ORD_45,CUST_676,2024-01-13,Media Package,LinkedIn,312.97,174.49,Completed
ORD_46,CUST_1439,2024-06-01,Corporate Package,Instagram,301.11,95.14,Completed
ORD_47,CUST_684,2024-08-02,Media Package,Partnership,79.07,26.87,Completed
ORD_48,CUST_864,2025-04-24,Media Package,Event Walk-in,449.01,162.2,Completed
ORD_49,CUST_1164,2024-03-28,Creative Studio,Referral,157.79,85.38,Completed
ORD_50,CUST_1485,2025-03-03,Membership,TikTok,414.78,195.4,Completed
ORD_51,CUST_1429,2024-01-31,Creative Studio,Instagram,422.15,239.36,Completed
ORD_52,CUST_353,2024-05-11,Creative Studio,Partnership,291.77,196.77,Completed
ORD_53,CUST_1268,2025-05-26,Workshop,Event Walk-in,74.48,41.99,Completed
ORD_54,CUST_346,2024-12-13,Membership,TikTok,123.58,44.58,Completed
ORD_55,CUST_669,2025-02-17,Workshop,TikTok,29.7,11.96,Completed
ORD_56,CUST_871,2024-11-02,Creative Studio,TikTok,171.87,55.35,Completed
ORD_57,CUST_778,2024-02-02,Partner Offer,LinkedIn,222.71,79.15,Completed
ORD_58,CUST_1008,2024-12-04,Media Package,TikTok,311.15,201.22,Completed
ORD_59,CUST_1480,2025-02-04,Partner Offer,TikTok,430.12,199.11,Completed
ORD_60,CUST_10,2025-02-04,Event Ticket,Event Walk-in,143.54,56.91,Completed
ORD_61,CUST_367,2025-05-01,Event Ticket,TikTok,24.97,16.68,Completed
ORD_62,CUST_1061,2025-04-07,Media Package,TikTok,36.03,14.75,Completed
ORD_63,CUST_298,2024-06-24,Event Ticket,Instagram,325.58,172.83,Completed
ORD_64,CUST_555,2024-02-02,Workshop,Event Walk-in,30.83,17.82,Completed
ORD_65,CUST_452,2024-01-28,Membership,Google Search,296.99,89.2,Completed
ORD_66,CUST_356,2025-01-30,Membership,Event Walk-in,239.91,91.91,Completed
ORD_67,CUST_42,2025-06-20,Event Ticket,LinkedIn,248.7,112.0,Completed
ORD_68,CUST_471,2025-06-14,Event Ticket,LinkedIn,101.44,64.98,Completed
ORD_69,CUST_1075,2025-02-24,Creative Studio,Referral,233.95,120.6,Cancelled
ORD_70,CUST_767,2024-05-12,Media Package,Instagram,258.77,151.44,Completed
ORD_71,CUST_210,2024-03-11,Creative Studio,Partnership,432.05,160.42,Refunded
ORD_72,CUST_999,2024-07-30,Event Ticket,Instagram,453.84,307.15,Completed
ORD_73,CUST_571,2025-03-18,Workshop,Instagram,58.86,38.18,Completed
ORD_74,CUST_327,2024-06-11,Media Package,Referral,303.88,122.77,Refunded
ORD_75,CUST_1135,2024-07-26,Media Package,Instagram,351.22,131.58,Completed
ORD_76,CUST_24,2024-10-09,Membership,Partnership,20.63,11.86,Cancelled
ORD_77,CUST_558,2025-04-01,Event Ticket,TikTok,139.96,56.41,Completed
ORD_78,CUST_1116,2024-09-09,Media Package,Instagram,25.84,17.94,Refunded
ORD_79,CUST_1465,2025-05-17,Media Package,Instagram,166.58,62.2,Completed
ORD_80,CUST_1,2024-04-03,Membership,Instagram,386.87,162.88,Refunded
ORD_81,CUST_873,2025-04-12,Creative Studio,Event Walk-in,72.88,47.81,Completed
ORD_82,CUST_673,2024-10-31,Creative Studio,Instagram,21.37,9.51,Completed
ORD_83,CUST_1080,2024-06-28,Creative Studio,Event Walk-in,96.18,57.24,Completed
ORD_84,CUST_287,2025-03-18,Media Package,Event Walk-in,409.46,150.6,Refunded
ORD_85,CUST_1144,2024-07-06,Media Package,Instagram,100.82,32.18,Completed
ORD_86,CUST_737,2024-02-14,Membership,Instagram,124.86,73.87,Refunded
ORD_87,CUST_1154,2024-10-07,Corporate Package,Instagram,419.97,140.55,Completed
ORD_88,CUST_502,2024-03-09,Media Package,Event Walk-in,373.85,250.06,Completed
ORD_89,CUST_339,2024-08-10,Partner Offer,TikTok,449.74,217.15,Completed
ORD_90,CUST_328,2024-05-04,Partner Offer,TikTok,380.11,185.13,Completed
ORD_91,CUST_206,2024-04-17,Media Package,Partnership,184.72,77.06,Completed
ORD_92,CUST_173,2025-02-23,Media Package,Partnership,360.34,112.73,Completed
ORD_93,CUST_60,2025-06-02,Event Ticket,Instagram,101.65,45.08,Completed
ORD_94,CUST_793,2025-04-17,Creative Studio,Google Search,426.91,224.31,Completed
ORD_95,CUST_1229,2024-07-18,Creative Studio,Instagram,446.96,215.05,Completed
ORD_96,CUST_812,2024-04-27,Media Package,Instagram,214.25,68.1,Completed
ORD_97,CUST_1433,2025-04-20,Media Package,Event Walk-in,241.93,89.24,Completed
ORD_98,CUST_555,2024-09-05,Media Package,Event Walk-in,262.08,127.09,Completed
ORD_99,CUST_379,2025-04-27,Workshop,TikTok,326.22,106.63,Completed
ORD_100,CUST_626,2024-06-23,Corporate Package,Event Walk-in,165.77,98.6,Completed
ORD_101,CUST_1131,2024-06-30,Membership,Instagram,68.85,38.0,Completed
ORD_102,CUST_1424,2025-02-04,Event Ticket,TikTok,69.18,45.86,Completed
ORD_103,CUST_66,2024-01-12,Media Package,Event Walk-in,32.65,22.57,Completed
ORD_104,CUST_956,2025-01-01,Event Ticket,Instagram,37.13,23.79,Completed
ORD_105,CUST_1426,2025-06-29,Membership,Referral,395.18,192.27,Completed
ORD_106,CUST_387,2025-06-19,Media Package,Event Walk-in,480.95,188.83,Completed
ORD_107,CUST_1152,2024-04-15,Creative Studio,Instagram,169.64,86.75,Completed
ORD_108,CUST_524,2024-02-23,Media Package,Instagram,35.95,11.59,Completed
ORD_109,CUST_835,2025-01-21,Workshop,LinkedIn,232.1,143.67,Refunded
ORD_110,CUST_1100,2025-01-18,Partner Offer,Google Search,316.64,210.74,Completed
ORD_111,CUST_1065,2024-01-17,Creative Studio,Partnership,184.08,118.85,Cancelled
ORD_112,CUST_1230,2024-12-11,Workshop,Event Walk-in,137.62,50.72,Completed
ORD_113,CUST_1014,2024-03-05,Membership,TikTok,272.23,127.79,Refunded
ORD_114,CUST_1350,2024-06-20,Media Package,Instagram,61.9,27.36,Completed
ORD_115,CUST_287,2025-06-08,Event Ticket,Event Walk-in,464.72,243.2,Completed
ORD_116,CUST_1095,2024-07-13,Media Package,Instagram,365.76,145.68,Refunded
ORD_117,CUST_1107,2025-02-08,Partner Offer,Event Walk-in,171.72,88.94,Completed
ORD_118,CUST_951,2024-08-06,Event Ticket,Instagram,483.02,228.36,Completed
ORD_119,CUST_1008,2024-01-16,Creative Studio,TikTok,272.34,86.24,Completed
ORD_120,CUST_138,2025-02-02,Membership,TikTok,271.94,172.01,Completed
ORD_121,CUST_1136,2024-10-12,Media Package,TikTok,52.77,19.77,Completed
ORD_122,CUST_87,2024-03-09,Corporate Package,Partnership,435.73,156.05,Completed
ORD_123,CUST_1494,2025-05-26,Partner Offer,TikTok,364.28,227.52,Completed
ORD_124,CUST_811,2024-06-24,Membership,Event Walk-in,292.04,124.74,Completed
ORD_125,CUST_59,2024-11-28,Partner Offer,Instagram,176.95,73.27,Completed
ORD_126,CUST_65,2024-05-16,Creative Studio,Event Walk-in,280.46,117.96,Completed
ORD_127,CUST_1246,2024-11-21,Partner Offer,TikTok,400.82,206.07,Completed
ORD_128,CUST_492,2024-03-10,Creative Studio,Event Walk-in,192.22,111.67,Completed
ORD_129,CUST_953,2025-04-04,Creative Studio,Event Walk-in,57.56,19.52,Completed
ORD_130,CUST_120,2024-08-26,Media Package,Partnership,380.11,253.82,Completed
ORD_131,CUST_1103,2024-01-14,Membership,Event Walk-in,170.14,113.06,Completed
ORD_132,CUST_1407,2024-05-07,Creative Studio,TikTok,340.33,114.02,Completed
ORD_133,CUST_1485,2024-09-06,Media Package,TikTok,361.58,188.8,Completed
ORD_134,CUST_684,2025-01-18,Media Package,Partnership,126.09,38.49,Completed
ORD_135,CUST_1162,2025-01-19,Membership,LinkedIn,436.5,168.0,Completed
ORD_136,CUST_514,2025-03-30,Workshop,Referral,189.65,124.61,Completed
ORD_137,CUST_786,2024-10-11,Creative Studio,Event Walk-in,377.61,241.48,Completed
ORD_138,CUST_526,2024-02-10,Media Package,LinkedIn,367.74,249.46,Cancelled
ORD_139,CUST_879,2024-10-22,Workshop,Event Walk-in,286.38,91.64,Completed
ORD_140,CUST_1340,2024-12-05,Creative Studio,TikTok,90.47,27.73,Completed
ORD_141,CUST_673,2024-02-25,Partner Offer,Instagram,499.09,335.6,Completed
ORD_142,CUST_1424,2024-09-11,Workshop,TikTok,106.27,71.04,Completed
ORD_143,CUST_1449,2024-08-15,Media Package,Event Walk-in,101.28,59.18,Completed
ORD_144,CUST_815,2024-11-25,Membership,Referral,472.03,236.28,Completed
ORD_145,CUST_403,2024-03-07,Corporate Package,Google Search,287.34,105.2,Completed
ORD_146,CUST_608,2024-07-16,Event Ticket,Event Walk-in,31.25,9.83,Cancelled
ORD_147,CUST_402,2024-07-28,Event Ticket,Google Search,196.33,134.01,Completed
ORD_148,CUST_366,2024-07-28,Membership,Referral,220.6,110.87,Completed
ORD_149,CUST_466,2025-04-23,Creative Studio,Partnership,177.16,104.79,Completed
ORD_150,CUST_508,2024-09-07,Creative Studio,Instagram,319.96,173.53,Completed
ORD_151,CUST_1387,2024-11-06,Membership,Instagram,149.91,52.36,Completed
ORD_152,CUST_865,2024-07-25,Membership,Google Search,295.46,119.48,Completed
ORD_153,CUST_1040,2024-03-22,Partner Offer,LinkedIn,291.05,100.81,Completed
ORD_154,CUST_249,2025-01-21,Event Ticket,LinkedIn,282.51,186.69,Completed
ORD_155,CUST_1330,2025-06-01,Media Package,Event Walk-in,496.22,336.25,Completed
ORD_156,CUST_1403,2024-06-08,Workshop,Instagram,305.13,198.9,Completed
ORD_157,CUST_217,2024-01-21,Workshop,TikTok,474.62,183.48,Completed
ORD_158,CUST_810,2024-03-26,Workshop,Event Walk-in,88.14,58.96,Refunded
ORD_159,CUST_1474,2024-06-05,Media Package,Instagram,273.31,157.12,Completed
ORD_160,CUST_1149,2025-01-24,Media Package,Instagram,314.56,100.29,Completed
ORD_161,CUST_59,2025-01-19,Media Package,Instagram,133.46,55.73,Completed
ORD_162,CUST_293,2024-12-07,Event Ticket,TikTok,435.45,271.52,Completed
ORD_163,CUST_302,2024-06-07,Partner Offer,Event Walk-in,245.57,171.09,Completed
ORD_164,CUST_454,2025-05-27,Workshop,TikTok,122.05,83.55,Completed
ORD_165,CUST_871,2025-02-18,Partner Offer,TikTok,409.54,150.82,Refunded
ORD_166,CUST_712,2025-01-17,Creative Studio,TikTok,65.28,42.87,Completed
ORD_167,CUST_312,2024-03-13,Creative Studio,Instagram,422.19,247.33,Completed
ORD_168,CUST_963,2024-05-07,Creative Studio,Event Walk-in,340.39,177.9,Completed
ORD_169,CUST_326,2024-07-17,Workshop,LinkedIn,281.72,173.43,Cancelled
ORD_170,CUST_1154,2024-12-22,Media Package,Instagram,201.49,72.07,Completed
ORD_171,CUST_1046,2025-01-12,Media Package,TikTok,370.1,150.04,Completed
ORD_172,CUST_509,2025-03-10,Workshop,Partnership,308.77,215.98,Completed
ORD_173,CUST_1088,2024-02-05,Partner Offer,Referral,217.09,110.62,Completed
ORD_174,CUST_325,2024-01-29,Media Package,LinkedIn,364.97,205.06,Completed
ORD_175,CUST_65,2024-09-24,Media Package,Event Walk-in,321.1,182.32,Refunded
ORD_176,CUST_580,2024-05-30,Membership,Instagram,156.18,52.44,Completed
ORD_177,CUST_1054,2024-06-14,Event Ticket,Event Walk-in,367.09,242.58,Completed
ORD_178,CUST_190,2025-01-28,Creative Studio,Partnership,243.83,168.93,Completed
ORD_179,CUST_453,2024-03-23,Media Package,Partnership,353.66,163.5,Completed
ORD_180,CUST_1009,2025-03-09,Event Ticket,TikTok,114.66,62.26,Completed
ORD_181,CUST_603,2024-11-05,Media Package,Instagram,260.04,163.96,Completed
ORD_182,CUST_1024,2025-01-26,Media Package,TikTok,329.89,111.1,Completed
ORD_183,CUST_464,2024-04-01,Event Ticket,Event Walk-in,371.8,252.34,Completed
ORD_184,CUST_1023,2024-12-18,Workshop,Instagram,269.31,149.21,Completed
ORD_185,CUST_1007,2024-08-02,Partner Offer,Google Search,193.96,129.95,Completed
ORD_186,CUST_1167,2024-11-11,Event Ticket,Instagram,423.2,164.65,Completed
ORD_187,CUST_842,2025-05-18,Event Ticket,TikTok,138.8,50.72,Completed
ORD_188,CUST_711,2025-03-03,Media Package,Event Walk-in,192.04,67.47,Completed
ORD_189,CUST_1335,2025-03-17,Event Ticket,Event Walk-in,453.04,205.97,Completed
ORD_190,CUST_1255,2024-05-17,Membership,Instagram,218.04,144.97,Completed
ORD_191,CUST_716,2024-04-22,Media Package,LinkedIn,70.55,38.09,Completed
ORD_192,CUST_1070,2024-07-09,Membership,TikTok,283.71,90.87,Completed
ORD_193,CUST_1004,2024-07-15,Membership,Google Search,38.36,14.27,Refunded
ORD_194,CUST_1286,2025-02-22,Creative Studio,TikTok,204.31,87.5,Refunded
ORD_195,CUST_330,2024-04-21,Corporate Package,TikTok,493.46,204.51,Completed
ORD_196,CUST_934,2024-10-27,Event Ticket,Google Search,229.49,120.95,Completed
ORD_197,CUST_820,2024-03-06,Creative Studio,Event Walk-in,437.0,289.84,Completed
ORD_198,CUST_328,2025-05-04,Media Package,TikTok,294.01,186.57,Completed
ORD_199,CUST_425,2024-01-10,Event Ticket,Event Walk-in,346.52,126.9,Completed
ORD_200,CUST_588,2024-01-08,Media Package,LinkedIn,84.11,54.64,Completed
ORD_201,CUST_469,2024-02-12,Event Ticket,LinkedIn,255.99,131.38,Completed
ORD_202,CUST_39,2024-01-08,Creative Studio,LinkedIn,476.84,248.71,Completed
ORD_203,CUST_945,2024-09-29,Partner Offer,Event Walk-in,324.7,146.89,Completed
ORD_204,CUST_151,2024-12-11,Media Package,Referral,114.0,61.57,Completed
ORD_205,CUST_380,2024-12-17,Partner Offer,Event Walk-in,490.66,172.06,Completed
ORD_206,CUST_1095,2025-01-04,Media Package,Instagram,264.02,139.19,Completed
ORD_207,CUST_511,2024-02-28,Partner Offer,Instagram,443.34,151.11,Refunded
ORD_208,CUST_711,2024-04-12,Event Ticket,Event Walk-in,395.97,264.66,Refunded
ORD_209,CUST_1182,2025-02-15,Media Package,LinkedIn,141.12,77.31,Refunded
ORD_210,CUST_1370,2024-05-22,Event Ticket,Partnership,98.11,64.0,Completed
ORD_211,CUST_1225,2025-06-27,Membership,Partnership,51.67,27.85,Completed
ORD_212,CUST_1051,2024-09-11,Creative Studio,Event Walk-in,32.46,19.97,Completed
ORD_213,CUST_190,2025-05-01,Media Package,Partnership,217.07,101.79,Completed
ORD_214,CUST_1373,2024-01-04,Partner Offer,Event Walk-in,124.7,58.98,Cancelled
ORD_215,CUST_691,2024-11-25,Event Ticket,Instagram,44.44,13.8,Completed
ORD_216,CUST_547,2024-02-16,Partner Offer,Partnership,223.2,99.23,Completed
ORD_217,CUST_799,2025-03-30,Membership,Event Walk-in,228.48,100.25,Completed
ORD_218,CUST_837,2024-03-24,Creative Studio,LinkedIn,273.37,93.21,Refunded
ORD_219,CUST_488,2025-05-02,Partner Offer,Event Walk-in,165.35,89.65,Refunded
ORD_220,CUST_868,2024-04-12,Workshop,TikTok,403.81,214.37,Completed
ORD_221,CUST_1024,2024-07-18,Media Package,TikTok,373.16,130.94,Refunded
ORD_222,CUST_103,2025-05-31,Event Ticket,Instagram,368.72,171.08,Completed
ORD_223,CUST_1475,2024-03-30,Creative Studio,LinkedIn,276.56,174.12,Completed
ORD_224,CUST_1437,2025-04-23,Event Ticket,Event Walk-in,488.68,197.56,Completed
ORD_225,CUST_1016,2024-04-28,Media Package,Event Walk-in,65.08,44.98,Completed
ORD_226,CUST_1021,2024-09-06,Membership,TikTok,60.06,28.71,Completed
ORD_227,CUST_475,2024-04-01,Event Ticket,Google Search,109.87,50.84,Cancelled
ORD_228,CUST_1060,2024-01-30,Event Ticket,Google Search,182.24,84.39,Refunded
ORD_229,CUST_1446,2025-01-27,Workshop,Event Walk-in,365.34,216.23,Completed
ORD_230,CUST_245,2024-09-20,Media Package,Event Walk-in,228.58,105.67,Cancelled
ORD_231,CUST_351,2024-05-06,Media Package,Event Walk-in,197.38,74.27,Refunded
ORD_232,CUST_1309,2025-05-18,Event Ticket,Google Search,70.93,28.19,Completed
ORD_233,CUST_708,2024-08-17,Partner Offer,Event Walk-in,486.39,202.68,Completed
ORD_234,CUST_14,2024-03-07,Media Package,Instagram,256.36,98.74,Completed
ORD_235,CUST_406,2025-01-25,Media Package,TikTok,146.17,78.15,Completed
ORD_236,CUST_79,2025-03-23,Workshop,TikTok,64.84,29.38,Completed
ORD_237,CUST_644,2024-04-28,Membership,Instagram,186.38,78.3,Completed
ORD_238,CUST_1062,2024-12-14,Workshop,Event Walk-in,241.33,120.03,Refunded
ORD_239,CUST_266,2024-04-28,Media Package,TikTok,228.62,80.09,Completed
ORD_240,CUST_1494,2024-11-16,Partner Offer,TikTok,320.57,211.44,Completed
ORD_241,CUST_1151,2024-01-02,Creative Studio,Partnership,444.59,185.14,Completed
ORD_242,CUST_1130,2024-07-13,Corporate Package,Instagram,356.49,136.8,Cancelled
ORD_243,CUST_363,2024-11-23,Workshop,Instagram,44.12,21.32,Completed
ORD_244,CUST_888,2024-05-09,Media Package,Instagram,127.38,80.73,Completed
ORD_245,CUST_46,2024-08-15,Event Ticket,Instagram,290.92,121.79,Completed
ORD_246,CUST_425,2025-04-16,Creative Studio,Event Walk-in,391.26,207.15,Completed
ORD_247,CUST_1167,2024-10-30,Corporate Package,Instagram,73.86,47.93,Completed
ORD_248,CUST_714,2025-04-11,Event Ticket,Partnership,206.24,85.63,Completed
ORD_249,CUST_555,2024-02-05,Media Package,Event Walk-in,406.05,245.38,Completed
ORD_250,CUST_187,2024-05-06,Membership,LinkedIn,305.96,154.75,Completed
ORD_251,CUST_675,2025-05-04,Media Package,Instagram,258.18,155.73,Completed
ORD_252,CUST_1322,2024-10-25,Media Package,Partnership,106.42,32.29,Completed
ORD_253,CUST_1120,2024-12-07,Event Ticket,TikTok,200.35,113.23,Completed
ORD_254,CUST_1378,2024-08-18,Media Package,Instagram,415.96,228.74,Completed
ORD_255,CUST_549,2024-07-02,Corporate Package,TikTok,408.92,182.82,Completed
ORD_256,CUST_332,2024-11-02,Partner Offer,Instagram,345.37,153.75,Completed
ORD_257,CUST_706,2024-06-12,Partner Offer,Event Walk-in,494.29,246.36,Completed
ORD_258,CUST_6,2024-12-11,Creative Studio,Instagram,273.45,113.14,Completed
ORD_259,CUST_535,2024-12-22,Workshop,Instagram,89.12,37.01,Completed
ORD_260,CUST_300,2025-06-24,Media Package,Google Search,329.32,158.57,Completed
ORD_261,CUST_15,2024-07-18,Media Package,Instagram,318.88,110.01,Completed
ORD_262,CUST_36,2024-04-09,Event Ticket,Event Walk-in,467.04,227.12,Completed
ORD_263,CUST_1465,2024-02-25,Corporate Package,Instagram,83.68,40.1,Completed
ORD_264,CUST_1475,2025-04-13,Media Package,LinkedIn,488.98,156.7,Completed
ORD_265,CUST_1269,2025-03-28,Media Package,Instagram,64.86,20.4,Completed
ORD_266,CUST_979,2024-05-28,Membership,LinkedIn,100.06,48.28,Completed
ORD_267,CUST_387,2024-07-19,Workshop,Event Walk-in,326.97,100.95,Completed
ORD_268,CUST_485,2024-04-14,Media Package,Google Search,415.04,124.79,Cancelled
ORD_269,CUST_1137,2024-05-31,Creative Studio,TikTok,161.43,70.26,Cancelled
ORD_270,CUST_720,2024-06-21,Partner Offer,Partnership,82.02,31.59,Completed
ORD_271,CUST_1264,2025-04-30,Event Ticket,Event Walk-in,494.51,253.22,Completed
ORD_272,CUST_884,2025-06-11,Media Package,Partnership,92.36,57.76,Completed
ORD_273,CUST_47,2024-06-01,Media Package,Google Search,357.38,191.87,Completed
ORD_274,CUST_1208,2024-02-04,Event Ticket,Event Walk-in,175.29,94.65,Completed
ORD_275,CUST_1048,2024-11-05,Media Package,Instagram,102.93,63.61,Cancelled
ORD_276,CUST_426,2025-01-19,Workshop,Event Walk-in,361.59,190.02,Cancelled
ORD_277,CUST_1227,2024-04-01,Workshop,TikTok,251.55,147.84,Refunded
ORD_278,CUST_683,2025-01-26,Membership,Instagram,273.97,181.19,Completed
ORD_279,CUST_149,2025-01-11,Event Ticket,TikTok,342.24,136.11,Completed
ORD_280,CUST_1485,2024-05-04,Media Package,TikTok,226.81,103.34,Completed
ORD_281,CUST_1067,2025-06-05,Membership,Referral,309.28,158.0,Completed
ORD_282,CUST_107,2025-05-06,Membership,LinkedIn,374.64,123.17,Completed
ORD_283,CUST_895,2024-07-04,Creative Studio,Partnership,150.9,73.98,Cancelled
ORD_284,CUST_1110,2025-03-20,Membership,Event Walk-in,48.42,18.61,Completed
ORD_285,CUST_874,2024-11-29,Event Ticket,TikTok,171.38,78.79,Refunded
ORD_286,CUST_566,2024-07-08,Creative Studio,Referral,96.21,33.31,Completed
ORD_287,CUST_1302,2025-02-07,Media Package,Instagram,324.9,185.22,Completed
ORD_288,CUST_601,2025-06-26,Media Package,Event Walk-in,361.22,181.46,Completed
ORD_289,CUST_1228,2024-05-07,Workshop,TikTok,335.27,211.14,Completed
ORD_290,CUST_663,2024-04-30,Membership,Instagram,35.16,12.47,Completed
ORD_291,CUST_1466,2024-07-03,Event Ticket,Instagram,34.15,23.02,Completed
ORD_292,CUST_404,2024-11-17,Event Ticket,Event Walk-in,263.26,133.07,Completed
ORD_293,CUST_942,2024-07-30,Media Package,Instagram,215.83,110.89,Completed
ORD_294,CUST_700,2024-09-19,Corporate Package,Instagram,376.42,148.83,Completed
ORD_295,CUST_1022,2024-05-07,Media Package,Referral,280.69,139.76,Completed
ORD_296,CUST_609,2024-06-24,Creative Studio,Instagram,150.12,90.85,Refunded
ORD_297,CUST_37,2024-01-01,Membership,TikTok,129.96,78.76,Completed
ORD_298,CUST_1155,2025-06-15,Partner Offer,Event Walk-in,131.19,46.12,Completed
ORD_299,CUST_423,2025-06-30,Creative Studio,Instagram,386.85,236.11,Completed
ORD_300,CUST_1022,2024-11-16,Media Package,Referral,132.84,92.65,Cancelled
ORD_301,CUST_194,2024-12-26,Media Package,Referral,70.25,28.0,Completed
ORD_302,CUST_898,2024-04-11,Media Package,Instagram,30.29,19.0,Completed
ORD_303,CUST_249,2024-02-07,Membership,LinkedIn,273.62,91.37,Completed
ORD_304,CUST_267,2024-08-08,Partner Offer,Event Walk-in,29.87,15.46,Completed
ORD_305,CUST_751,2024-08-09,Media Package,TikTok,93.07,57.49,Completed
ORD_306,CUST_197,2025-03-08,Event Ticket,TikTok,230.64,75.71,Completed
ORD_307,CUST_138,2025-01-25,Media Package,TikTok,297.36,150.07,Completed
ORD_308,CUST_517,2025-04-12,Event Ticket,Referral,443.95,187.81,Completed
ORD_309,CUST_1150,2025-03-11,Partner Offer,TikTok,209.89,124.13,Completed
ORD_310,CUST_854,2024-07-27,Event Ticket,TikTok,197.1,124.58,Completed
ORD_311,CUST_908,2024-07-16,Media Package,Google Search,269.33,139.75,Completed
ORD_312,CUST_206,2025-06-07,Media Package,Partnership,28.16,11.97,Completed
ORD_313,CUST_115,2024-06-06,Creative Studio,Partnership,390.75,155.61,Completed
ORD_314,CUST_492,2025-01-23,Event Ticket,Event Walk-in,134.16,70.68,Completed
ORD_315,CUST_1320,2024-03-20,Membership,Partnership,84.14,44.5,Completed
ORD_316,CUST_42,2025-02-20,Event Ticket,LinkedIn,397.12,185.68,Completed
ORD_317,CUST_628,2025-01-06,Partner Offer,TikTok,259.3,122.77,Completed
ORD_318,CUST_201,2024-05-29,Corporate Package,Instagram,253.98,107.07,Completed
ORD_319,CUST_658,2024-01-11,Event Ticket,LinkedIn,215.17,120.55,Cancelled
ORD_320,CUST_1495,2024-08-15,Creative Studio,Google Search,345.25,144.02,Completed
ORD_321,CUST_555,2024-05-06,Event Ticket,Event Walk-in,142.68,50.45,Completed
ORD_322,CUST_530,2024-11-09,Media Package,LinkedIn,325.44,124.82,Completed
ORD_323,CUST_212,2024-04-07,Media Package,LinkedIn,237.94,83.65,Completed
ORD_324,CUST_1115,2024-10-15,Media Package,LinkedIn,426.62,278.74,Completed
ORD_325,CUST_1397,2024-02-19,Event Ticket,Event Walk-in,342.31,184.78,Refunded
ORD_326,CUST_285,2025-02-02,Membership,Instagram,439.17,261.75,Completed
ORD_327,CUST_634,2025-06-28,Media Package,Event Walk-in,115.84,64.97,Refunded
ORD_328,CUST_1013,2025-02-16,Media Package,Event Walk-in,171.01,78.53,Completed
ORD_329,CUST_451,2024-01-10,Media Package,Event Walk-in,343.93,112.47,Completed
ORD_330,CUST_301,2024-05-09,Event Ticket,TikTok,355.31,244.03,Completed
ORD_331,CUST_1085,2024-09-30,Event Ticket,TikTok,72.29,26.84,Completed
ORD_332,CUST_1307,2025-01-14,Media Package,Instagram,299.13,127.41,Completed
ORD_333,CUST_1007,2025-03-04,Media Package,Google Search,492.57,311.45,Completed
ORD_334,CUST_492,2024-12-28,Workshop,Event Walk-in,120.72,53.68,Completed
ORD_335,CUST_1250,2024-10-09,Partner Offer,LinkedIn,210.82,145.76,Completed
ORD_336,CUST_1348,2024-08-22,Creative Studio,Instagram,172.49,78.55,Refunded
ORD_337,CUST_34,2024-11-08,Creative Studio,Event Walk-in,223.5,115.94,Completed
ORD_338,CUST_1453,2024-04-02,Media Package,Google Search,106.27,57.15,Completed
ORD_339,CUST_342,2024-09-02,Partner Offer,Instagram,438.48,224.58,Completed
ORD_340,CUST_906,2024-02-28,Event Ticket,Instagram,253.43,93.45,Completed
ORD_341,CUST_988,2025-05-19,Workshop,Partnership,219.02,148.97,Completed
ORD_342,CUST_510,2025-03-10,Media Package,Instagram,299.49,166.11,Refunded
ORD_343,CUST_59,2024-05-19,Media Package,Instagram,171.2,65.84,Completed
ORD_344,CUST_1324,2025-06-29,Media Package,Instagram,146.2,46.3,Completed
ORD_345,CUST_48,2024-07-13,Partner Offer,Google Search,24.44,8.67,Completed
ORD_346,CUST_516,2025-03-11,Media Package,Instagram,481.02,188.25,Completed
ORD_347,CUST_979,2024-09-07,Partner Offer,LinkedIn,197.48,134.37,Completed
ORD_348,CUST_741,2025-06-24,Media Package,Partnership,267.35,122.94,Completed
ORD_349,CUST_443,2025-04-04,Partner Offer,Instagram,291.74,175.86,Completed
ORD_350,CUST_1412,2025-06-20,Partner Offer,LinkedIn,442.94,136.65,Completed
ORD_351,CUST_487,2025-01-10,Corporate Package,TikTok,461.8,191.5,Completed
ORD_352,CUST_849,2024-02-22,Creative Studio,TikTok,136.05,56.68,Completed
ORD_353,CUST_747,2025-01-17,Partner Offer,LinkedIn,244.51,148.94,Completed
ORD_354,CUST_589,2024-09-12,Corporate Package,Event Walk-in,224.88,154.95,Refunded
ORD_355,CUST_620,2024-04-30,Membership,Instagram,100.11,68.95,Completed
ORD_356,CUST_1316,2024-09-28,Membership,Google Search,78.92,48.51,Completed
ORD_357,CUST_1002,2025-02-07,Membership,LinkedIn,378.68,220.12,Completed
ORD_358,CUST_494,2025-06-11,Workshop,Event Walk-in,35.97,19.53,Completed
ORD_359,CUST_243,2025-04-19,Corporate Package,LinkedIn,50.18,25.17,Completed
ORD_360,CUST_1029,2024-02-28,Creative Studio,Google Search,287.24,177.82,Completed
ORD_361,CUST_375,2024-12-02,Membership,Instagram,157.11,88.07,Completed
ORD_362,CUST_498,2024-12-24,Corporate Package,Partnership,406.22,171.78,Completed
ORD_363,CUST_450,2024-12-29,Event Ticket,Instagram,371.77,208.84,Completed
ORD_364,CUST_20,2024-07-21,Event Ticket,Google Search,250.51,104.21,Completed
ORD_365,CUST_60,2024-06-06,Creative Studio,Instagram,376.93,243.75,Refunded
ORD_366,CUST_1268,2024-01-08,Event Ticket,Event Walk-in,406.55,176.28,Completed
ORD_367,CUST_950,2024-08-19,Media Package,LinkedIn,331.6,221.47,Completed
ORD_368,CUST_1429,2025-01-08,Creative Studio,Instagram,176.82,116.43,Completed
ORD_369,CUST_999,2024-10-02,Event Ticket,Instagram,143.34,60.74,Completed
ORD_370,CUST_631,2025-03-25,Event Ticket,Event Walk-in,85.0,56.54,Completed
ORD_371,CUST_68,2025-03-20,Event Ticket,TikTok,99.08,66.22,Refunded
ORD_372,CUST_58,2024-07-22,Event Ticket,Event Walk-in,165.39,67.94,Completed
ORD_373,CUST_644,2024-05-16,Creative Studio,Instagram,95.13,33.31,Completed
ORD_374,CUST_547,2024-02-02,Event Ticket,Partnership,467.92,213.99,Completed
ORD_375,CUST_207,2025-05-05,Partner Offer,Instagram,296.25,150.33,Cancelled
ORD_376,CUST_175,2024-05-01,Creative Studio,Instagram,382.53,233.46,Completed
ORD_377,CUST_1307,2024-05-10,Creative Studio,Instagram,55.84,22.94,Completed
ORD_378,CUST_72,2025-02-13,Media Package,TikTok,188.85,125.86,Refunded
ORD_379,CUST_960,2025-02-02,Event Ticket,Referral,373.98,209.19,Cancelled
ORD_380,CUST_1209,2024-01-22,Event Ticket,Instagram,34.26,22.27,Completed
ORD_381,CUST_241,2024-01-14,Workshop,Instagram,181.17,77.3,Completed
ORD_382,CUST_208,2024-12-16,Creative Studio,Instagram,93.18,63.24,Completed
ORD_383,CUST_1409,2024-01-09,Creative Studio,Instagram,293.44,164.87,Completed
ORD_384,CUST_1457,2025-05-12,Event Ticket,TikTok,303.08,131.08,Completed
ORD_385,CUST_956,2024-06-05,Media Package,Instagram,370.11,193.67,Completed
ORD_386,CUST_1012,2024-10-14,Workshop,Google Search,70.41,30.65,Refunded
ORD_387,CUST_91,2024-09-10,Media Package,LinkedIn,490.69,273.34,Completed
ORD_388,CUST_749,2025-04-30,Media Package,Instagram,76.97,52.2,Completed
ORD_389,CUST_964,2025-05-29,Media Package,TikTok,406.25,163.67,Completed
ORD_390,CUST_893,2024-06-01,Membership,Instagram,94.99,38.45,Completed
ORD_391,CUST_579,2024-02-09,Membership,TikTok,478.78,305.16,Completed
ORD_392,CUST_342,2024-05-29,Creative Studio,Instagram,334.68,161.34,Completed
ORD_393,CUST_630,2024-04-03,Corporate Package,Instagram,497.63,226.95,Completed
ORD_394,CUST_506,2025-06-21,Creative Studio,Event Walk-in,197.07,108.02,Completed
ORD_395,CUST_235,2024-08-24,Membership,TikTok,249.44,83.52,Completed
ORD_396,CUST_748,2024-03-03,Media Package,Event Walk-in,105.33,50.01,Completed
ORD_397,CUST_1332,2024-11-07,Event Ticket,Instagram,433.44,226.47,Completed
ORD_398,CUST_762,2024-12-25,Media Package,TikTok,88.46,41.53,Completed
ORD_399,CUST_1393,2024-02-18,Membership,Referral,339.43,188.24,Completed
ORD_400,CUST_1350,2024-11-25,Membership,Instagram,109.28,43.9,Completed
ORD_401,CUST_189,2024-04-13,Creative Studio,Partnership,222.86,108.13,Completed
ORD_402,CUST_1498,2025-05-18,Creative Studio,TikTok,272.75,96.79,Completed
ORD_403,CUST_1160,2024-04-09,Media Package,Instagram,48.19,24.19,Completed
ORD_404,CUST_254,2024-05-13,Creative Studio,LinkedIn,327.64,188.57,Completed
ORD_405,CUST_987,2025-01-05,Workshop,Event Walk-in,24.08,8.62,Completed
ORD_406,CUST_1383,2025-01-15,Membership,Event Walk-in,89.15,32.81,Completed
ORD_407,CUST_596,2025-01-28,Event Ticket,Instagram,334.23,195.31,Completed
ORD_408,CUST_176,2024-05-03,Event Ticket,LinkedIn,298.66,97.94,Cancelled
ORD_409,CUST_1408,2024-07-14,Membership,Instagram,478.07,148.08,Completed
ORD_410,CUST_1248,2024-04-11,Event Ticket,LinkedIn,319.65,164.54,Completed
ORD_411,CUST_898,2024-12-17,Creative Studio,Instagram,79.66,43.3,Completed
ORD_412,CUST_77,2024-07-25,Media Package,TikTok,489.13,240.3,Completed
ORD_413,CUST_336,2024-05-10,Membership,TikTok,335.8,215.6,Completed
ORD_414,CUST_419,2024-09-15,Corporate Package,Instagram,384.96,222.87,Completed
ORD_415,CUST_1313,2024-12-21,Corporate Package,Referral,479.03,154.1,Completed
ORD_416,CUST_1011,2024-04-30,Partner Offer,LinkedIn,91.42,48.65,Completed
ORD_417,CUST_618,2025-03-05,Media Package,Google Search,384.69,119.73,Cancelled
ORD_418,CUST_28,2024-01-23,Event Ticket,Event Walk-in,310.38,129.78,Completed
ORD_419,CUST_426,2024-05-12,Membership,Event Walk-in,387.12,160.08,Cancelled
ORD_420,CUST_831,2024-03-03,Workshop,LinkedIn,176.02,98.24,Completed
ORD_421,CUST_719,2025-02-11,Media Package,Instagram,62.67,28.19,Completed
ORD_422,CUST_478,2025-06-09,Partner Offer,TikTok,267.36,98.04,Completed
ORD_423,CUST_219,2025-06-05,Creative Studio,TikTok,85.92,51.02,Completed
ORD_424,CUST_1469,2025-02-14,Media Package,Instagram,472.18,153.42,Completed
ORD_425,CUST_764,2024-01-04,Event Ticket,Partnership,336.53,106.52,Completed
ORD_426,CUST_1107,2024-01-10,Corporate Package,Event Walk-in,341.79,109.06,Completed
ORD_427,CUST_21,2025-04-11,Media Package,TikTok,48.78,31.17,Completed
ORD_428,CUST_30,2024-09-22,Creative Studio,Partnership,394.0,166.0,Completed
ORD_429,CUST_495,2024-10-01,Media Package,Instagram,46.16,15.32,Completed
ORD_430,CUST_649,2024-02-16,Media Package,Referral,490.64,179.53,Completed
ORD_431,CUST_597,2024-05-31,Partner Offer,Partnership,312.17,105.95,Completed
ORD_432,CUST_935,2024-05-16,Membership,Event Walk-in,281.89,155.21,Completed
ORD_433,CUST_372,2024-09-11,Partner Offer,Event Walk-in,282.52,104.52,Completed
ORD_434,CUST_701,2024-04-28,Event Ticket,Instagram,397.68,262.51,Completed
ORD_435,CUST_1370,2025-01-12,Creative Studio,Partnership,186.57,83.8,Refunded
ORD_436,CUST_1205,2024-09-27,Media Package,TikTok,249.25,166.2,Completed
ORD_437,CUST_1320,2024-10-28,Creative Studio,Partnership,230.14,102.57,Completed
ORD_438,CUST_1353,2024-01-11,Workshop,Event Walk-in,268.08,168.07,Completed
ORD_439,CUST_756,2024-10-13,Event Ticket,Partnership,258.1,149.07,Cancelled
ORD_440,CUST_230,2024-04-18,Media Package,Event Walk-in,225.64,139.54,Completed
ORD_441,CUST_74,2024-09-20,Corporate Package,Instagram,45.38,24.94,Completed
ORD_442,CUST_896,2024-07-30,Workshop,Event Walk-in,70.04,41.33,Completed
ORD_443,CUST_336,2024-10-02,Membership,TikTok,411.44,129.04,Completed
ORD_444,CUST_432,2025-02-08,Event Ticket,Google Search,340.75,168.94,Completed
ORD_445,CUST_688,2025-03-20,Creative Studio,TikTok,204.76,86.54,Refunded
ORD_446,CUST_565,2024-04-05,Media Package,Instagram,180.16,95.54,Completed
ORD_447,CUST_1429,2024-06-29,Membership,Instagram,329.09,138.89,Completed
ORD_448,CUST_556,2024-07-03,Media Package,TikTok,118.18,69.28,Completed
ORD_449,CUST_353,2024-06-15,Corporate Package,Partnership,75.78,35.71,Completed
ORD_450,CUST_386,2024-07-11,Event Ticket,Instagram,192.48,116.8,Completed
ORD_451,CUST_1004,2024-09-08,Media Package,Google Search,329.24,220.23,Completed
ORD_452,CUST_1186,2025-02-16,Event Ticket,Google Search,441.85,152.92,Completed
ORD_453,CUST_682,2024-01-13,Media Package,Instagram,151.71,74.86,Completed
ORD_454,CUST_823,2024-01-22,Event Ticket,TikTok,276.89,137.05,Completed
ORD_455,CUST_159,2024-02-14,Event Ticket,Event Walk-in,184.45,104.74,Completed
ORD_456,CUST_1109,2024-10-01,Event Ticket,Google Search,167.61,103.6,Completed
ORD_457,CUST_745,2024-01-14,Workshop,Partnership,311.52,217.29,Completed
ORD_458,CUST_35,2024-04-18,Media Package,Instagram,103.81,59.47,Completed
ORD_459,CUST_1072,2024-03-28,Membership,Event Walk-in,65.23,33.04,Completed
ORD_460,CUST_1383,2025-03-30,Workshop,Event Walk-in,417.72,282.22,Completed
ORD_461,CUST_1481,2025-05-05,Event Ticket,TikTok,102.12,58.29,Completed
ORD_462,CUST_50,2024-09-30,Media Package,Instagram,340.47,222.91,Completed
ORD_463,CUST_1389,2024-02-15,Event Ticket,Event Walk-in,410.06,286.43,Completed
ORD_464,CUST_844,2025-06-07,Corporate Package,Google Search,163.4,86.76,Completed
ORD_465,CUST_994,2024-01-02,Partner Offer,TikTok,320.86,138.58,Completed
ORD_466,CUST_993,2025-03-13,Creative Studio,Instagram,337.75,208.7,Completed
ORD_467,CUST_1420,2024-10-20,Membership,LinkedIn,168.7,101.72,Refunded
ORD_468,CUST_1415,2025-01-28,Media Package,Google Search,297.59,137.42,Completed
ORD_469,CUST_556,2024-04-25,Media Package,TikTok,52.16,32.88,Cancelled
ORD_470,CUST_263,2024-08-17,Event Ticket,Instagram,184.6,103.29,Cancelled
ORD_471,CUST_1172,2024-12-31,Event Ticket,Event Walk-in,247.7,128.43,Completed
ORD_472,CUST_1290,2025-01-04,Partner Offer,Partnership,440.0,150.07,Refunded
ORD_473,CUST_510,2024-02-14,Media Package,Instagram,338.37,124.1,Completed
ORD_474,CUST_804,2025-06-27,Creative Studio,TikTok,72.75,44.41,Completed
ORD_475,CUST_1102,2025-03-11,Event Ticket,Instagram,269.17,94.68,Completed
ORD_476,CUST_1421,2024-11-04,Media Package,LinkedIn,63.82,24.82,Completed
ORD_477,CUST_19,2024-04-16,Membership,LinkedIn,378.17,161.66,Completed
ORD_478,CUST_828,2025-01-12,Partner Offer,LinkedIn,460.12,264.41,Completed
ORD_479,CUST_1484,2024-03-19,Workshop,Google Search,157.48,97.09,Refunded
ORD_480,CUST_720,2024-06-01,Workshop,Partnership,459.76,246.24,Completed
ORD_481,CUST_31,2024-05-31,Creative Studio,Event Walk-in,307.94,127.48,Completed
ORD_482,CUST_1358,2025-05-04,Workshop,Event Walk-in,172.46,92.71,Completed
ORD_483,CUST_1224,2025-03-13,Partner Offer,Instagram,55.89,32.5,Completed
ORD_484,CUST_1257,2024-04-02,Creative Studio,Instagram,478.76,182.39,Completed
ORD_485,CUST_1242,2025-01-29,Creative Studio,Partnership,301.44,181.38,Completed
ORD_486,CUST_1319,2025-05-07,Media Package,Event Walk-in,408.15,134.33,Completed
ORD_487,CUST_1465,2024-12-07,Event Ticket,Instagram,336.1,181.41,Refunded
ORD_488,CUST_1086,2024-09-08,Creative Studio,LinkedIn,274.7,122.76,Completed
ORD_489,CUST_825,2025-06-30,Media Package,Partnership,155.96,85.24,Completed
ORD_490,CUST_1087,2024-08-23,Creative Studio,LinkedIn,165.62,59.69,Completed
ORD_491,CUST_1388,2025-03-07,Media Package,Instagram,462.89,297.58,Completed
ORD_492,CUST_1221,2024-08-12,Media Package,Partnership,426.85,228.45,Completed
ORD_493,CUST_1057,2024-01-03,Membership,TikTok,25.55,14.78,Refunded
ORD_494,CUST_270,2025-01-06,Media Package,Partnership,280.95,140.42,Cancelled
ORD_495,CUST_650,2024-04-22,Event Ticket,Instagram,360.5,127.53,Completed
ORD_496,CUST_1377,2024-05-22,Membership,Instagram,240.21,165.85,Completed
ORD_497,CUST_629,2025-03-07,Membership,Event Walk-in,231.43,140.1,Completed
ORD_498,CUST_311,2024-02-27,Workshop,Event Walk-in,467.04,202.61,Completed
ORD_499,CUST_1341,2024-05-26,Creative Studio,TikTok,297.17,139.95,Completed
ORD_500,CUST_384,2025-03-10,Creative Studio,Instagram,52.12,16.83,Completed
ORD_501,CUST_424,2024-03-16,Media Package,Referral,31.41,11.23,Completed
ORD_502,CUST_216,2024-06-10,Event Ticket,TikTok,329.93,126.69,Completed
ORD_503,CUST_757,2024-03-21,Membership,Google Search,80.61,24.41,Completed
ORD_504,CUST_149,2025-03-02,Event Ticket,TikTok,177.49,120.44,Completed
ORD_505,CUST_997,2024-05-23,Workshop,Event Walk-in,102.76,55.32,Completed
ORD_506,CUST_1018,2024-11-02,Media Package,Instagram,373.68,218.28,Completed
ORD_507,CUST_559,2025-03-30,Workshop,Partnership,464.78,284.84,Completed
ORD_508,CUST_783,2024-10-20,Event Ticket,LinkedIn,47.75,25.59,Completed
ORD_509,CUST_889,2024-02-02,Media Package,Event Walk-in,284.12,183.75,Completed
ORD_510,CUST_675,2024-06-13,Event Ticket,Instagram,58.56,20.57,Completed
ORD_511,CUST_63,2025-04-10,Media Package,Referral,164.08,54.03,Completed
ORD_512,CUST_311,2025-05-28,Creative Studio,Event Walk-in,384.03,189.22,Completed
ORD_513,CUST_451,2024-06-09,Membership,Event Walk-in,208.2,109.57,Completed
ORD_514,CUST_1430,2025-01-21,Partner Offer,LinkedIn,228.57,99.54,Completed
ORD_515,CUST_1021,2024-08-04,Creative Studio,TikTok,247.85,81.86,Completed
ORD_516,CUST_544,2025-02-05,Membership,Partnership,305.16,126.48,Completed
ORD_517,CUST_348,2024-03-20,Workshop,Instagram,184.94,108.94,Completed
ORD_518,CUST_938,2024-11-16,Media Package,TikTok,295.19,115.78,Completed
ORD_519,CUST_1207,2025-01-24,Event Ticket,Event Walk-in,115.5,73.48,Completed
ORD_520,CUST_1231,2025-03-10,Membership,Instagram,51.98,30.31,Completed
ORD_521,CUST_747,2024-03-20,Creative Studio,LinkedIn,327.17,163.89,Completed
ORD_522,CUST_36,2024-12-09,Event Ticket,Event Walk-in,153.16,82.28,Completed
ORD_523,CUST_1199,2024-04-19,Event Ticket,Instagram,346.49,166.72,Completed
ORD_524,CUST_354,2024-11-12,Membership,Google Search,377.91,188.48,Completed
ORD_525,CUST_601,2024-02-03,Membership,Event Walk-in,201.33,72.31,Completed
ORD_526,CUST_819,2024-02-15,Media Package,LinkedIn,262.13,101.59,Completed
ORD_527,CUST_700,2024-02-16,Event Ticket,Instagram,381.89,169.67,Completed
ORD_528,CUST_306,2024-11-12,Event Ticket,Instagram,393.9,233.41,Completed
ORD_529,CUST_1249,2024-10-16,Partner Offer,Google Search,94.45,40.32,Completed
ORD_530,CUST_768,2024-11-18,Workshop,TikTok,125.68,80.58,Completed
ORD_531,CUST_388,2024-05-12,Media Package,Instagram,221.33,85.45,Completed
ORD_532,CUST_720,2025-02-21,Corporate Package,Partnership,422.13,222.57,Completed
ORD_533,CUST_857,2025-05-29,Workshop,Event Walk-in,155.83,93.38,Completed
ORD_534,CUST_737,2025-01-26,Media Package,Instagram,112.85,36.55,Refunded
ORD_535,CUST_671,2024-02-08,Membership,Partnership,383.48,196.15,Completed
ORD_536,CUST_1479,2025-04-19,Event Ticket,Instagram,497.88,232.82,Completed
ORD_537,CUST_1253,2024-08-25,Corporate Package,Event Walk-in,104.89,44.67,Completed
ORD_538,CUST_922,2024-05-24,Workshop,Instagram,253.82,103.5,Completed
ORD_539,CUST_766,2025-05-28,Media Package,Instagram,295.22,165.66,Completed
ORD_540,CUST_1068,2025-06-19,Partner Offer,LinkedIn,43.49,14.61,Completed
ORD_541,CUST_723,2024-05-14,Creative Studio,Event Walk-in,119.53,35.87,Completed
ORD_542,CUST_250,2025-03-17,Event Ticket,Event Walk-in,230.29,158.58,Completed
ORD_543,CUST_989,2025-01-31,Membership,Instagram,316.24,160.11,Cancelled
ORD_544,CUST_191,2024-03-17,Partner Offer,Instagram,293.44,186.63,Completed
ORD_545,CUST_175,2025-05-24,Event Ticket,Instagram,253.78,125.72,Completed
ORD_546,CUST_1340,2024-11-12,Media Package,TikTok,124.02,86.67,Cancelled
ORD_547,CUST_1256,2024-03-30,Media Package,Event Walk-in,93.69,31.81,Completed
ORD_548,CUST_682,2024-06-22,Partner Offer,Instagram,220.49,150.91,Completed
ORD_549,CUST_685,2024-10-13,Media Package,Instagram,105.23,54.29,Completed
ORD_550,CUST_479,2024-03-13,Event Ticket,LinkedIn,295.41,199.51,Completed
ORD_551,CUST_644,2024-09-21,Partner Offer,Instagram,411.78,156.51,Cancelled
ORD_552,CUST_1450,2025-03-28,Media Package,Partnership,330.08,195.0,Completed
ORD_553,CUST_1419,2024-05-06,Partner Offer,Instagram,411.32,243.93,Completed
ORD_554,CUST_418,2025-01-07,Corporate Package,TikTok,302.84,206.14,Completed
ORD_555,CUST_750,2024-05-12,Creative Studio,Partnership,258.27,103.64,Completed
ORD_556,CUST_396,2024-11-17,Creative Studio,Instagram,496.71,281.02,Completed
ORD_557,CUST_922,2025-06-02,Media Package,Instagram,152.33,55.6,Refunded
ORD_558,CUST_994,2024-02-13,Media Package,TikTok,331.44,154.39,Completed
ORD_559,CUST_900,2024-09-07,Media Package,TikTok,425.85,138.48,Completed
ORD_560,CUST_317,2024-06-07,Corporate Package,Event Walk-in,64.02,34.29,Completed
ORD_561,CUST_55,2024-06-11,Media Package,Partnership,128.05,84.95,Refunded
ORD_562,CUST_304,2024-08-16,Creative Studio,Google Search,338.35,224.69,Completed
ORD_563,CUST_1499,2024-04-05,Creative Studio,Google Search,282.02,94.13,Completed
ORD_564,CUST_114,2025-04-21,Event Ticket,Google Search,255.46,107.97,Completed
ORD_565,CUST_729,2024-04-20,Partner Offer,Instagram,469.39,254.59,Refunded
ORD_566,CUST_659,2025-03-19,Membership,LinkedIn,350.86,141.77,Completed
ORD_567,CUST_838,2024-11-20,Creative Studio,Event Walk-in,308.23,160.0,Completed
ORD_568,CUST_279,2024-08-05,Media Package,Event Walk-in,32.78,13.38,Completed
ORD_569,CUST_676,2024-10-12,Media Package,LinkedIn,484.99,283.6,Completed
ORD_570,CUST_635,2025-04-26,Event Ticket,TikTok,406.44,177.98,Completed
ORD_571,CUST_464,2024-02-02,Partner Offer,Event Walk-in,128.86,89.28,Completed
ORD_572,CUST_665,2024-03-04,Partner Offer,Google Search,466.99,260.66,Completed
ORD_573,CUST_1479,2025-03-16,Partner Offer,Instagram,237.39,155.38,Completed
ORD_574,CUST_1096,2024-08-04,Corporate Package,Instagram,152.06,95.78,Cancelled
ORD_575,CUST_346,2025-03-09,Membership,TikTok,32.38,10.13,Completed
ORD_576,CUST_1462,2024-03-26,Event Ticket,Instagram,389.18,197.22,Completed
ORD_577,CUST_431,2024-03-24,Membership,Event Walk-in,195.27,92.57,Completed
ORD_578,CUST_1056,2025-03-05,Media Package,Instagram,165.33,108.08,Completed
ORD_579,CUST_982,2024-09-22,Membership,Instagram,48.63,20.79,Completed
ORD_580,CUST_1173,2025-03-14,Creative Studio,Instagram,346.88,212.25,Completed
ORD_581,CUST_1394,2024-06-17,Membership,Partnership,249.67,161.57,Refunded
ORD_582,CUST_457,2025-05-08,Media Package,Event Walk-in,210.35,75.36,Completed
ORD_583,CUST_230,2024-06-13,Partner Offer,Event Walk-in,95.94,63.76,Completed
ORD_584,CUST_413,2025-02-02,Workshop,TikTok,406.34,192.11,Completed
ORD_585,CUST_501,2024-07-22,Event Ticket,TikTok,438.04,139.96,Completed
ORD_586,CUST_1090,2024-05-28,Creative Studio,Instagram,251.44,109.35,Cancelled
ORD_587,CUST_969,2024-11-20,Event Ticket,Instagram,272.73,165.55,Refunded
ORD_588,CUST_1469,2024-05-31,Media Package,Instagram,349.53,198.07,Completed
ORD_589,CUST_180,2025-02-20,Membership,Event Walk-in,260.41,162.39,Completed
ORD_590,CUST_747,2025-04-06,Partner Offer,LinkedIn,171.48,69.18,Refunded
ORD_591,CUST_1022,2025-04-05,Media Package,Referral,489.61,313.39,Completed
ORD_592,CUST_573,2024-02-07,Membership,Event Walk-in,33.7,18.72,Cancelled
ORD_593,CUST_575,2025-03-06,Media Package,Event Walk-in,455.51,142.73,Completed
ORD_594,CUST_523,2025-01-21,Membership,Event Walk-in,418.65,261.53,Completed
ORD_595,CUST_1013,2024-07-14,Partner Offer,Event Walk-in,343.91,229.14,Completed
ORD_596,CUST_777,2024-01-15,Creative Studio,Instagram,212.5,79.74,Completed
ORD_597,CUST_1469,2024-11-05,Corporate Package,Instagram,98.81,42.45,Completed
ORD_598,CUST_1497,2024-05-07,Media Package,Instagram,158.55,74.03,Completed
ORD_599,CUST_1454,2025-04-11,Creative Studio,Google Search,331.49,126.52,Completed
ORD_600,CUST_32,2025-03-12,Media Package,TikTok,483.12,318.44,Completed
ORD_601,CUST_169,2024-04-26,Partner Offer,TikTok,289.74,87.04,Completed
ORD_602,CUST_1396,2025-01-17,Event Ticket,Event Walk-in,106.07,59.35,Completed
ORD_603,CUST_1178,2025-03-22,Creative Studio,Instagram,416.6,210.41,Completed
ORD_604,CUST_1402,2025-03-23,Media Package,Event Walk-in,107.26,39.57,Completed
ORD_605,CUST_1062,2024-04-11,Partner Offer,Event Walk-in,386.05,199.44,Completed
ORD_606,CUST_839,2024-04-16,Event Ticket,TikTok,441.03,136.12,Completed
ORD_607,CUST_524,2025-02-25,Event Ticket,Instagram,159.5,86.7,Completed
ORD_608,CUST_1439,2024-04-12,Media Package,Instagram,281.82,87.71,Completed
ORD_609,CUST_821,2024-02-03,Media Package,Instagram,394.52,199.06,Refunded
ORD_610,CUST_946,2024-08-04,Membership,TikTok,308.48,186.35,Completed
ORD_611,CUST_1368,2025-01-25,Event Ticket,TikTok,440.48,188.95,Refunded
ORD_612,CUST_387,2024-05-07,Creative Studio,Event Walk-in,75.88,46.97,Completed
ORD_613,CUST_281,2025-04-20,Creative Studio,Instagram,260.83,129.15,Completed
ORD_614,CUST_950,2025-02-09,Event Ticket,LinkedIn,233.25,132.26,Completed
ORD_615,CUST_1314,2024-08-17,Media Package,Instagram,389.52,263.15,Completed
ORD_616,CUST_760,2024-09-27,Creative Studio,Google Search,477.27,228.54,Refunded
ORD_617,CUST_23,2025-02-28,Media Package,Instagram,22.42,13.08,Completed
ORD_618,CUST_1250,2025-02-28,Event Ticket,LinkedIn,438.02,210.15,Completed
ORD_619,CUST_599,2025-01-18,Corporate Package,TikTok,254.82,98.63,Completed
ORD_620,CUST_1222,2024-11-21,Creative Studio,Instagram,186.23,73.87,Cancelled
ORD_621,CUST_774,2025-03-16,Membership,LinkedIn,290.3,154.04,Cancelled
ORD_622,CUST_1001,2024-07-16,Media Package,Instagram,393.16,124.39,Completed
ORD_623,CUST_401,2024-02-22,Workshop,Partnership,290.91,174.46,Completed
ORD_624,CUST_507,2024-05-11,Partner Offer,Event Walk-in,292.2,174.34,Completed
ORD_625,CUST_1470,2024-06-26,Creative Studio,Instagram,275.88,171.39,Completed
ORD_626,CUST_493,2024-06-11,Creative Studio,TikTok,158.02,101.08,Completed
ORD_627,CUST_1288,2024-05-09,Media Package,Instagram,276.62,98.53,Completed
ORD_628,CUST_786,2025-02-05,Corporate Package,Event Walk-in,45.31,24.77,Completed
ORD_629,CUST_1412,2024-09-23,Corporate Package,LinkedIn,85.35,32.81,Completed
ORD_630,CUST_1066,2024-11-26,Membership,LinkedIn,69.55,26.07,Completed
ORD_631,CUST_936,2025-03-23,Event Ticket,Google Search,246.26,166.02,Completed
ORD_632,CUST_1278,2024-06-05,Event Ticket,Event Walk-in,109.74,69.43,Completed
ORD_633,CUST_1303,2024-03-21,Media Package,Instagram,331.12,101.39,Completed
ORD_634,CUST_485,2024-05-13,Partner Offer,Google Search,250.48,152.46,Completed
ORD_635,CUST_772,2025-01-01,Membership,Partnership,66.17,24.61,Completed
ORD_636,CUST_379,2024-08-15,Membership,TikTok,75.57,47.54,Completed
ORD_637,CUST_443,2024-09-08,Media Package,Instagram,228.23,91.47,Completed
ORD_638,CUST_526,2025-01-22,Workshop,LinkedIn,303.12,140.79,Completed
ORD_639,CUST_204,2024-10-08,Event Ticket,Google Search,418.06,291.94,Completed
ORD_640,CUST_1177,2024-01-24,Media Package,Instagram,336.82,225.65,Completed
ORD_641,CUST_208,2024-04-15,Event Ticket,Instagram,135.44,74.58,Refunded
ORD_642,CUST_1163,2024-05-05,Event Ticket,TikTok,215.67,124.06,Completed
ORD_643,CUST_927,2024-07-03,Event Ticket,Google Search,264.53,171.63,Completed
ORD_644,CUST_750,2025-01-05,Partner Offer,Partnership,433.04,135.81,Completed
ORD_645,CUST_1274,2024-04-13,Media Package,LinkedIn,349.24,144.33,Completed
ORD_646,CUST_372,2024-03-16,Media Package,Event Walk-in,62.92,40.68,Completed
ORD_647,CUST_910,2024-08-03,Media Package,Event Walk-in,118.66,42.78,Completed
ORD_648,CUST_1326,2024-11-17,Media Package,Partnership,145.89,86.41,Completed
ORD_649,CUST_150,2024-06-13,Event Ticket,Instagram,410.36,269.29,Completed
ORD_650,CUST_144,2024-07-01,Media Package,Event Walk-in,300.45,157.64,Completed
ORD_651,CUST_1248,2024-02-02,Event Ticket,LinkedIn,22.44,13.86,Completed
ORD_652,CUST_996,2024-12-21,Media Package,Partnership,375.78,222.73,Completed
ORD_653,CUST_1406,2024-01-06,Event Ticket,Event Walk-in,223.0,119.29,Completed
ORD_654,CUST_1207,2024-05-04,Membership,Event Walk-in,90.04,59.17,Completed
ORD_655,CUST_4,2024-01-24,Media Package,Event Walk-in,280.28,97.88,Completed
ORD_656,CUST_985,2024-08-09,Corporate Package,Instagram,370.15,138.9,Completed
ORD_657,CUST_1077,2024-08-10,Event Ticket,Partnership,26.34,13.89,Completed
ORD_658,CUST_297,2024-03-26,Media Package,Instagram,466.41,171.96,Refunded
ORD_659,CUST_1243,2024-10-01,Membership,Event Walk-in,65.12,41.24,Completed
ORD_660,CUST_1207,2024-04-04,Creative Studio,Event Walk-in,174.2,105.08,Completed
ORD_661,CUST_1169,2024-10-28,Media Package,LinkedIn,190.22,104.27,Completed
ORD_662,CUST_859,2025-03-22,Media Package,Instagram,488.24,226.86,Completed
ORD_663,CUST_1304,2024-07-16,Membership,Instagram,343.89,215.43,Completed
ORD_664,CUST_22,2024-10-14,Partner Offer,Referral,248.22,143.13,Completed
ORD_665,CUST_1424,2024-11-15,Event Ticket,TikTok,259.06,93.38,Completed
ORD_666,CUST_677,2025-05-14,Creative Studio,Referral,227.78,151.87,Completed
ORD_667,CUST_1316,2024-10-05,Workshop,Google Search,138.3,67.45,Completed
ORD_668,CUST_987,2025-01-27,Creative Studio,Event Walk-in,403.24,167.23,Completed
ORD_669,CUST_1108,2025-01-17,Corporate Package,Partnership,163.11,56.09,Completed
ORD_670,CUST_1317,2025-04-05,Event Ticket,Partnership,196.13,102.55,Completed
ORD_671,CUST_779,2025-06-07,Membership,Event Walk-in,138.14,74.0,Completed
ORD_672,CUST_684,2025-06-27,Creative Studio,Partnership,423.94,230.01,Completed
ORD_673,CUST_1384,2024-07-03,Workshop,Event Walk-in,468.78,149.4,Completed
ORD_674,CUST_1315,2024-07-09,Creative Studio,LinkedIn,20.06,12.86,Completed
ORD_675,CUST_1033,2025-01-15,Creative Studio,Instagram,410.65,141.32,Completed
ORD_676,CUST_1010,2024-05-05,Event Ticket,Referral,248.81,174.13,Completed
ORD_677,CUST_317,2024-12-02,Membership,Event Walk-in,324.55,121.06,Completed
ORD_678,CUST_1366,2024-11-25,Corporate Package,LinkedIn,248.22,133.93,Completed
ORD_679,CUST_418,2025-01-29,Membership,TikTok,423.58,142.69,Completed
ORD_680,CUST_230,2024-08-10,Event Ticket,Event Walk-in,102.56,32.03,Completed
ORD_681,CUST_754,2024-03-17,Media Package,Event Walk-in,123.71,79.51,Completed
ORD_682,CUST_124,2025-03-21,Creative Studio,TikTok,361.96,221.68,Completed
ORD_683,CUST_1160,2024-07-20,Event Ticket,Instagram,200.51,62.77,Completed
ORD_684,CUST_160,2024-02-17,Partner Offer,TikTok,317.47,97.44,Completed
ORD_685,CUST_1324,2024-05-07,Media Package,Instagram,20.67,11.62,Completed
ORD_686,CUST_1060,2025-01-27,Membership,Google Search,428.32,212.01,Completed
ORD_687,CUST_503,2024-01-19,Media Package,Google Search,487.16,286.91,Refunded
ORD_688,CUST_709,2024-01-05,Partner Offer,Instagram,432.38,241.56,Completed
ORD_689,CUST_1231,2025-02-16,Event Ticket,Instagram,371.85,157.11,Completed
ORD_690,CUST_1,2025-06-24,Event Ticket,Instagram,486.84,200.45,Completed
ORD_691,CUST_1132,2024-03-12,Media Package,Referral,499.4,169.45,Completed
ORD_692,CUST_775,2025-03-01,Media Package,Event Walk-in,21.71,10.88,Completed
ORD_693,CUST_1498,2024-12-20,Creative Studio,TikTok,69.96,22.08,Completed
ORD_694,CUST_1279,2024-11-16,Media Package,TikTok,140.31,94.86,Completed
ORD_695,CUST_693,2024-11-01,Media Package,Instagram,404.43,173.04,Completed
ORD_696,CUST_766,2024-05-04,Corporate Package,Instagram,381.94,261.94,Refunded
ORD_697,CUST_1126,2024-04-15,Event Ticket,Event Walk-in,121.11,79.34,Completed
ORD_698,CUST_650,2024-01-11,Event Ticket,Instagram,193.38,87.06,Cancelled
ORD_699,CUST_820,2025-03-22,Membership,Event Walk-in,179.89,73.01,Completed
ORD_700,CUST_1046,2025-01-12,Workshop,TikTok,436.66,240.66,Completed
ORD_701,CUST_231,2024-01-06,Partner Offer,TikTok,188.26,124.96,Refunded
ORD_702,CUST_710,2024-09-22,Corporate Package,Instagram,466.74,191.18,Completed
ORD_703,CUST_1058,2024-02-19,Partner Offer,Referral,369.27,118.5,Completed
ORD_704,CUST_536,2024-12-03,Media Package,Instagram,263.55,128.58,Completed
ORD_705,CUST_162,2025-01-23,Membership,LinkedIn,334.8,154.95,Completed
ORD_706,CUST_1344,2024-05-21,Media Package,Referral,486.7,229.05,Completed
ORD_707,CUST_1190,2024-11-22,Corporate Package,Instagram,474.21,280.32,Completed
ORD_708,CUST_850,2025-02-27,Media Package,Instagram,55.53,33.69,Completed
ORD_709,CUST_664,2025-06-18,Media Package,LinkedIn,266.04,144.94,Completed
ORD_710,CUST_644,2025-05-16,Partner Offer,Instagram,240.15,88.71,Completed
ORD_711,CUST_737,2025-05-09,Membership,Instagram,269.27,90.56,Completed
ORD_712,CUST_1397,2024-10-30,Media Package,Event Walk-in,144.08,58.71,Completed
ORD_713,CUST_963,2024-09-05,Media Package,Event Walk-in,289.91,117.67,Completed
ORD_714,CUST_1196,2024-07-29,Media Package,Event Walk-in,122.94,62.28,Completed
ORD_715,CUST_391,2025-05-21,Event Ticket,TikTok,272.79,99.02,Completed
ORD_716,CUST_1049,2024-08-09,Media Package,TikTok,477.98,269.95,Completed
ORD_717,CUST_1288,2025-05-14,Event Ticket,Instagram,92.13,63.11,Completed
ORD_718,CUST_1292,2025-06-24,Media Package,Event Walk-in,337.16,108.74,Completed
ORD_719,CUST_748,2024-11-15,Media Package,Event Walk-in,114.29,59.9,Completed
ORD_720,CUST_1253,2025-05-31,Event Ticket,Event Walk-in,402.53,158.64,Completed
ORD_721,CUST_284,2025-01-07,Creative Studio,LinkedIn,201.83,69.06,Completed
ORD_722,CUST_626,2025-06-09,Membership,Event Walk-in,172.36,108.17,Completed
ORD_723,CUST_565,2024-03-11,Membership,Instagram,29.47,17.66,Completed
ORD_724,CUST_1323,2024-11-10,Partner Offer,Google Search,214.21,148.29,Completed
ORD_725,CUST_471,2024-04-14,Event Ticket,LinkedIn,116.3,43.99,Refunded
ORD_726,CUST_1334,2024-04-22,Membership,TikTok,447.74,287.28,Refunded
ORD_727,CUST_746,2024-07-10,Membership,Referral,480.4,212.47,Completed
ORD_728,CUST_1101,2025-06-27,Media Package,Instagram,157.81,64.43,Completed
ORD_729,CUST_696,2024-03-27,Creative Studio,LinkedIn,300.63,160.31,Completed
ORD_730,CUST_1343,2025-02-10,Media Package,Google Search,445.86,235.09,Completed
ORD_731,CUST_438,2024-02-24,Creative Studio,Event Walk-in,458.8,293.91,Completed
ORD_732,CUST_1021,2024-02-20,Media Package,TikTok,226.57,101.34,Completed
ORD_733,CUST_58,2025-03-08,Membership,Event Walk-in,70.23,35.18,Completed
ORD_734,CUST_430,2024-06-29,Media Package,Instagram,330.26,167.12,Completed
ORD_735,CUST_947,2025-05-20,Media Package,TikTok,485.38,311.27,Completed
ORD_736,CUST_61,2024-02-21,Media Package,Google Search,34.32,11.65,Cancelled
ORD_737,CUST_1210,2024-08-12,Event Ticket,TikTok,231.89,103.3,Refunded
ORD_738,CUST_1475,2024-09-29,Membership,LinkedIn,68.81,23.08,Completed
ORD_739,CUST_39,2024-10-09,Membership,LinkedIn,131.78,51.47,Completed
ORD_740,CUST_382,2025-02-18,Creative Studio,LinkedIn,424.61,261.21,Completed
ORD_741,CUST_1224,2024-10-01,Media Package,Instagram,426.12,214.84,Completed
ORD_742,CUST_957,2024-07-27,Creative Studio,Event Walk-in,168.92,74.88,Completed
ORD_743,CUST_346,2024-10-21,Workshop,TikTok,283.15,117.62,Completed
ORD_744,CUST_236,2025-05-30,Partner Offer,Instagram,138.85,70.52,Completed
ORD_745,CUST_217,2024-11-08,Corporate Package,TikTok,491.99,161.93,Completed
ORD_746,CUST_1325,2024-06-23,Creative Studio,TikTok,467.97,281.57,Completed
ORD_747,CUST_1274,2024-07-10,Creative Studio,LinkedIn,379.49,242.18,Completed
ORD_748,CUST_778,2024-01-14,Media Package,LinkedIn,380.3,219.75,Completed
ORD_749,CUST_1097,2024-01-22,Event Ticket,Partnership,466.11,249.17,Completed
ORD_750,CUST_1185,2024-03-19,Event Ticket,TikTok,491.42,205.56,Completed
ORD_751,CUST_1091,2024-01-10,Media Package,Partnership,343.7,234.07,Cancelled
ORD_752,CUST_620,2024-01-02,Media Package,Instagram,81.25,45.67,Completed
ORD_753,CUST_1421,2024-04-22,Event Ticket,LinkedIn,127.19,58.65,Completed
ORD_754,CUST_1153,2024-10-24,Corporate Package,Partnership,262.3,181.75,Completed
ORD_755,CUST_845,2024-06-20,Workshop,LinkedIn,387.74,152.08,Completed
ORD_756,CUST_762,2024-04-12,Creative Studio,TikTok,392.35,229.94,Completed
ORD_757,CUST_1242,2025-04-08,Media Package,Partnership,330.66,174.67,Completed
ORD_758,CUST_704,2024-09-20,Media Package,Partnership,163.82,73.99,Completed
ORD_759,CUST_726,2025-04-14,Event Ticket,TikTok,132.74,62.88,Completed
ORD_760,CUST_1048,2024-12-07,Corporate Package,Instagram,431.37,178.65,Completed
ORD_761,CUST_899,2025-05-10,Event Ticket,Instagram,230.03,89.92,Completed
ORD_762,CUST_261,2024-01-22,Event Ticket,Instagram,488.24,190.46,Completed
ORD_763,CUST_1235,2024-08-13,Media Package,TikTok,386.63,246.93,Completed
ORD_764,CUST_324,2025-05-24,Event Ticket,Referral,453.6,245.4,Completed
ORD_765,CUST_1053,2025-03-17,Creative Studio,Instagram,130.81,76.04,Completed
ORD_766,CUST_664,2024-07-17,Partner Offer,LinkedIn,186.88,63.24,Completed
ORD_767,CUST_270,2024-04-20,Partner Offer,Partnership,218.47,75.91,Refunded
ORD_768,CUST_1419,2025-04-05,Partner Offer,Instagram,126.39,76.28,Refunded
ORD_769,CUST_1221,2024-06-28,Membership,Partnership,287.84,109.97,Completed
ORD_770,CUST_729,2024-12-05,Creative Studio,Instagram,141.31,74.47,Completed
ORD_771,CUST_1411,2024-10-09,Creative Studio,Referral,331.28,158.32,Completed
ORD_772,CUST_656,2025-06-16,Media Package,Referral,384.39,205.56,Completed
ORD_773,CUST_1006,2024-05-05,Creative Studio,Event Walk-in,283.91,152.79,Completed
ORD_774,CUST_45,2024-12-21,Membership,Event Walk-in,372.63,180.46,Cancelled
ORD_775,CUST_1072,2025-05-25,Partner Offer,Event Walk-in,427.5,290.29,Completed
ORD_776,CUST_1048,2024-06-02,Media Package,Instagram,404.04,226.42,Completed
ORD_777,CUST_1492,2024-06-15,Creative Studio,Instagram,202.53,134.89,Completed
ORD_778,CUST_1022,2024-10-28,Event Ticket,Referral,61.7,31.5,Completed
ORD_779,CUST_1315,2024-10-16,Workshop,LinkedIn,122.29,58.4,Completed
ORD_780,CUST_211,2025-05-15,Creative Studio,Instagram,336.07,226.6,Completed
ORD_781,CUST_864,2024-01-01,Event Ticket,Event Walk-in,355.7,171.96,Completed
ORD_782,CUST_326,2024-10-17,Workshop,LinkedIn,250.53,93.69,Completed
ORD_783,CUST_903,2024-06-07,Partner Offer,Instagram,417.4,127.58,Completed
ORD_784,CUST_1119,2024-05-26,Partner Offer,TikTok,92.65,31.21,Completed
ORD_785,CUST_996,2024-03-23,Membership,Partnership,163.94,71.68,Completed
ORD_786,CUST_1280,2024-12-29,Membership,Partnership,163.52,101.28,Completed
ORD_787,CUST_966,2025-01-30,Creative Studio,Google Search,211.41,117.99,Cancelled
ORD_788,CUST_238,2024-04-10,Corporate Package,Partnership,45.84,23.3,Refunded
ORD_789,CUST_1354,2024-11-14,Event Ticket,Instagram,232.54,103.53,Completed
ORD_790,CUST_100,2024-11-26,Workshop,Instagram,384.02,121.39,Completed
ORD_791,CUST_1493,2024-07-23,Membership,Event Walk-in,335.64,181.92,Completed
ORD_792,CUST_1144,2024-07-23,Creative Studio,Instagram,149.27,89.73,Completed
ORD_793,CUST_1360,2025-04-17,Media Package,Instagram,263.54,105.62,Completed
ORD_794,CUST_88,2025-03-23,Event Ticket,Partnership,378.03,255.33,Completed
ORD_795,CUST_154,2024-11-16,Media Package,Instagram,259.18,174.47,Completed
ORD_796,CUST_930,2025-01-01,Media Package,Instagram,376.2,253.22,Completed
ORD_797,CUST_1215,2025-03-06,Partner Offer,Event Walk-in,292.13,138.82,Completed
ORD_798,CUST_1382,2024-01-28,Partner Offer,Event Walk-in,73.39,39.32,Completed
ORD_799,CUST_659,2024-05-23,Media Package,LinkedIn,273.02,119.18,Completed
ORD_800,CUST_364,2024-09-05,Media Package,TikTok,377.7,126.9,Completed
ORD_801,CUST_322,2024-10-27,Event Ticket,Instagram,30.9,15.37,Completed
ORD_802,CUST_37,2024-05-08,Creative Studio,TikTok,214.02,149.12,Completed
ORD_803,CUST_660,2025-06-14,Media Package,LinkedIn,332.66,159.15,Completed
ORD_804,CUST_1069,2024-02-26,Membership,Google Search,62.48,32.03,Cancelled
ORD_805,CUST_1180,2024-04-19,Creative Studio,Partnership,143.11,71.0,Completed
ORD_806,CUST_735,2024-10-24,Media Package,Event Walk-in,116.15,78.24,Completed
ORD_807,CUST_48,2024-03-03,Event Ticket,Google Search,391.18,193.97,Completed
ORD_808,CUST_471,2025-06-07,Workshop,LinkedIn,110.84,62.16,Completed
ORD_809,CUST_590,2024-07-28,Media Package,Google Search,258.17,147.69,Completed
ORD_810,CUST_1181,2025-05-22,Event Ticket,Partnership,300.96,110.47,Refunded
ORD_811,CUST_500,2024-06-07,Creative Studio,LinkedIn,110.92,40.23,Completed
ORD_812,CUST_352,2024-01-07,Workshop,Instagram,403.75,254.68,Completed
ORD_813,CUST_1265,2024-07-24,Event Ticket,LinkedIn,57.34,27.08,Completed
ORD_814,CUST_715,2024-05-03,Media Package,Event Walk-in,353.36,238.31,Completed
ORD_815,CUST_239,2024-04-16,Media Package,TikTok,405.09,240.3,Completed
ORD_816,CUST_624,2025-03-30,Creative Studio,Event Walk-in,447.38,136.3,Refunded
ORD_817,CUST_942,2024-11-03,Creative Studio,Instagram,127.31,88.3,Cancelled
ORD_818,CUST_601,2024-08-28,Corporate Package,Event Walk-in,465.98,195.13,Completed
ORD_819,CUST_1018,2025-03-25,Corporate Package,Instagram,71.1,26.27,Completed
ORD_820,CUST_1324,2025-03-18,Event Ticket,Instagram,371.89,156.91,Completed
ORD_821,CUST_278,2024-05-25,Workshop,TikTok,48.74,18.31,Completed
ORD_822,CUST_1406,2024-06-23,Media Package,Event Walk-in,85.21,55.93,Completed
ORD_823,CUST_160,2024-07-24,Media Package,TikTok,490.84,343.59,Completed
ORD_824,CUST_462,2024-04-12,Partner Offer,Instagram,174.33,114.16,Completed
ORD_825,CUST_350,2024-10-08,Creative Studio,TikTok,462.02,261.24,Completed
ORD_826,CUST_1114,2024-04-19,Media Package,Event Walk-in,107.4,64.34,Completed
ORD_827,CUST_1256,2024-05-31,Event Ticket,Event Walk-in,144.37,44.91,Completed
ORD_828,CUST_1073,2025-02-02,Event Ticket,LinkedIn,257.38,88.66,Completed
ORD_829,CUST_354,2025-03-31,Event Ticket,Google Search,334.23,194.54,Refunded
ORD_830,CUST_184,2024-05-22,Media Package,Google Search,388.43,217.09,Completed
ORD_831,CUST_1071,2024-10-10,Event Ticket,Instagram,468.09,193.04,Completed
ORD_832,CUST_6,2025-05-27,Corporate Package,Instagram,220.18,85.64,Completed
ORD_833,CUST_1309,2024-12-23,Partner Offer,Google Search,324.67,198.19,Completed
ORD_834,CUST_275,2025-06-09,Event Ticket,TikTok,318.3,179.09,Completed
ORD_835,CUST_280,2024-12-26,Media Package,Instagram,177.03,60.18,Completed
ORD_836,CUST_1266,2025-04-15,Media Package,LinkedIn,96.22,28.91,Completed
ORD_837,CUST_1436,2024-10-12,Workshop,TikTok,95.54,34.41,Completed
ORD_838,CUST_348,2025-02-07,Event Ticket,Instagram,174.61,61.95,Completed
ORD_839,CUST_717,2025-05-10,Creative Studio,Partnership,494.65,289.43,Completed
ORD_840,CUST_124,2024-07-03,Media Package,TikTok,96.59,57.16,Refunded
ORD_841,CUST_1077,2025-06-22,Membership,Partnership,359.32,130.54,Completed
ORD_842,CUST_364,2024-12-22,Media Package,TikTok,457.86,227.97,Completed
ORD_843,CUST_611,2024-03-10,Event Ticket,Instagram,229.84,94.05,Refunded
ORD_844,CUST_275,2024-06-11,Membership,TikTok,117.9,65.37,Completed
ORD_845,CUST_962,2025-05-26,Partner Offer,Partnership,417.26,215.16,Completed
ORD_846,CUST_143,2024-08-25,Partner Offer,LinkedIn,212.83,131.96,Completed
ORD_847,CUST_583,2024-08-30,Event Ticket,Event Walk-in,21.63,8.08,Refunded
ORD_848,CUST_1451,2025-01-28,Workshop,Instagram,347.51,186.55,Completed
ORD_849,CUST_875,2024-03-06,Event Ticket,Event Walk-in,162.47,105.67,Completed
ORD_850,CUST_480,2024-02-08,Corporate Package,TikTok,281.86,127.27,Completed
ORD_851,CUST_101,2025-01-18,Media Package,Instagram,143.08,71.56,Completed
ORD_852,CUST_1333,2024-06-27,Creative Studio,Google Search,319.68,138.51,Completed
ORD_853,CUST_321,2025-01-21,Event Ticket,Google Search,40.12,13.34,Completed
ORD_854,CUST_400,2024-07-23,Membership,Google Search,53.82,30.89,Completed
ORD_855,CUST_670,2024-10-19,Membership,TikTok,271.42,189.2,Completed
ORD_856,CUST_1216,2025-03-20,Workshop,Instagram,239.28,102.03,Completed
ORD_857,CUST_392,2024-07-15,Event Ticket,Referral,444.46,197.57,Completed
ORD_858,CUST_1486,2024-04-08,Membership,Event Walk-in,418.1,167.42,Completed
ORD_859,CUST_712,2024-01-06,Creative Studio,TikTok,58.1,19.52,Completed
ORD_860,CUST_61,2024-03-14,Creative Studio,Google Search,223.29,83.87,Completed
ORD_861,CUST_822,2025-06-24,Media Package,Instagram,230.86,125.05,Completed
ORD_862,CUST_595,2025-04-30,Media Package,Instagram,62.33,25.28,Completed
ORD_863,CUST_1281,2024-05-21,Workshop,Instagram,148.45,85.43,Completed
ORD_864,CUST_911,2025-01-20,Corporate Package,LinkedIn,61.88,37.96,Completed
ORD_865,CUST_1390,2024-05-10,Workshop,Event Walk-in,89.85,49.5,Completed
ORD_866,CUST_104,2024-04-30,Media Package,Partnership,405.83,234.35,Completed
ORD_867,CUST_866,2024-12-04,Event Ticket,Google Search,79.0,44.97,Completed
ORD_868,CUST_403,2024-10-23,Partner Offer,Google Search,367.99,127.79,Completed
ORD_869,CUST_1410,2025-01-01,Event Ticket,Event Walk-in,462.82,304.31,Refunded
ORD_870,CUST_1438,2024-10-21,Event Ticket,TikTok,246.91,77.52,Completed
ORD_871,CUST_192,2025-06-14,Partner Offer,Google Search,272.34,93.63,Completed
ORD_872,CUST_273,2025-02-12,Media Package,Instagram,455.13,276.03,Completed
ORD_873,CUST_976,2024-04-23,Media Package,Partnership,252.43,99.0,Refunded
ORD_874,CUST_537,2024-09-26,Media Package,LinkedIn,296.42,149.05,Completed
ORD_875,CUST_65,2025-03-07,Membership,Event Walk-in,493.56,335.63,Completed
ORD_876,CUST_886,2024-03-01,Event Ticket,LinkedIn,432.54,209.51,Completed
ORD_877,CUST_1119,2024-12-03,Partner Offer,TikTok,155.38,103.95,Completed
ORD_878,CUST_799,2024-03-04,Membership,Event Walk-in,143.87,59.57,Completed
ORD_879,CUST_1500,2024-02-06,Creative Studio,Instagram,344.4,104.19,Completed
ORD_880,CUST_1117,2025-03-02,Media Package,TikTok,45.08,23.23,Completed
ORD_881,CUST_400,2024-03-23,Corporate Package,Google Search,277.27,161.05,Completed
ORD_882,CUST_185,2024-05-12,Membership,Instagram,152.45,90.5,Completed
ORD_883,CUST_812,2024-02-06,Media Package,Instagram,23.45,13.68,Completed
ORD_884,CUST_479,2024-12-24,Creative Studio,LinkedIn,390.25,134.82,Completed
ORD_885,CUST_672,2024-08-21,Event Ticket,Event Walk-in,188.63,61.09,Completed
ORD_886,CUST_288,2024-07-19,Media Package,Google Search,361.23,157.78,Refunded
ORD_887,CUST_69,2024-01-19,Media Package,TikTok,161.03,81.16,Completed
ORD_888,CUST_682,2025-01-21,Media Package,Instagram,422.12,254.71,Completed
ORD_889,CUST_227,2025-03-13,Media Package,Instagram,332.1,142.54,Completed
ORD_890,CUST_579,2024-04-30,Corporate Package,TikTok,129.62,74.86,Cancelled
ORD_891,CUST_148,2025-01-11,Creative Studio,TikTok,31.78,14.13,Completed
ORD_892,CUST_1331,2024-02-29,Membership,TikTok,407.52,211.96,Completed
ORD_893,CUST_685,2024-01-11,Membership,Instagram,413.36,171.83,Completed
ORD_894,CUST_1498,2024-02-16,Partner Offer,TikTok,57.18,37.36,Completed
ORD_895,CUST_1013,2024-09-12,Workshop,Event Walk-in,127.44,43.9,Completed
ORD_896,CUST_367,2024-05-09,Creative Studio,TikTok,419.22,215.11,Completed
ORD_897,CUST_458,2024-11-17,Creative Studio,Google Search,205.82,68.23,Completed
ORD_898,CUST_1342,2024-09-07,Partner Offer,Instagram,146.9,67.21,Completed
ORD_899,CUST_1114,2025-02-11,Media Package,Event Walk-in,327.62,110.89,Completed
ORD_900,CUST_584,2024-03-19,Event Ticket,Instagram,409.35,150.99,Refunded
ORD_901,CUST_1310,2024-07-29,Media Package,TikTok,332.8,214.46,Completed
ORD_902,CUST_412,2024-12-31,Corporate Package,Event Walk-in,160.42,56.23,Refunded
ORD_903,CUST_1427,2025-03-30,Media Package,Instagram,221.86,117.61,Refunded
ORD_904,CUST_730,2024-10-26,Corporate Package,Event Walk-in,185.88,65.68,Completed
ORD_905,CUST_765,2024-09-30,Creative Studio,Event Walk-in,142.52,69.4,Completed
ORD_906,CUST_949,2024-04-16,Event Ticket,TikTok,464.11,291.5,Refunded
ORD_907,CUST_1035,2025-05-12,Membership,Referral,416.28,212.38,Completed
ORD_908,CUST_1272,2024-05-20,Corporate Package,Instagram,363.2,187.97,Completed
ORD_909,CUST_169,2024-11-08,Workshop,TikTok,168.01,99.69,Completed
ORD_910,CUST_738,2025-01-16,Media Package,Instagram,197.82,109.98,Completed
ORD_911,CUST_541,2024-02-06,Partner Offer,TikTok,195.05,110.08,Completed
ORD_912,CUST_180,2025-04-09,Partner Offer,Event Walk-in,441.91,260.86,Completed
ORD_913,CUST_818,2024-02-04,Membership,Event Walk-in,432.56,287.51,Completed
ORD_914,CUST_933,2024-11-03,Workshop,Event Walk-in,69.02,34.89,Completed
ORD_915,CUST_122,2024-10-12,Corporate Package,Instagram,462.01,216.42,Completed
ORD_916,CUST_1157,2024-01-20,Corporate Package,Google Search,414.19,198.03,Completed
ORD_917,CUST_1139,2024-02-15,Membership,Instagram,93.98,58.9,Completed
ORD_918,CUST_338,2025-03-17,Media Package,Google Search,276.66,168.77,Completed
ORD_919,CUST_115,2024-02-02,Media Package,Partnership,330.94,211.55,Completed
ORD_920,CUST_552,2024-01-27,Partner Offer,Instagram,496.3,343.4,Completed
ORD_921,CUST_1471,2024-12-10,Partner Offer,Partnership,289.83,168.18,Refunded
ORD_922,CUST_1045,2024-08-09,Workshop,Event Walk-in,486.67,295.47,Completed
ORD_923,CUST_198,2025-03-20,Corporate Package,Event Walk-in,445.76,224.41,Completed
ORD_924,CUST_299,2024-02-28,Workshop,Instagram,323.66,125.38,Completed
ORD_925,CUST_665,2024-10-21,Corporate Package,Google Search,143.8,52.8,Refunded
ORD_926,CUST_901,2025-04-19,Creative Studio,TikTok,176.08,63.01,Completed
ORD_927,CUST_1381,2025-06-15,Membership,Event Walk-in,178.63,109.59,Cancelled
ORD_928,CUST_1464,2025-04-23,Workshop,Event Walk-in,343.96,103.6,Refunded
ORD_929,CUST_1027,2024-05-15,Partner Offer,Instagram,150.63,97.39,Completed
ORD_930,CUST_1092,2024-10-07,Event Ticket,TikTok,281.03,183.96,Completed
ORD_931,CUST_1224,2024-10-29,Creative Studio,Instagram,204.85,120.11,Completed
ORD_932,CUST_580,2024-10-07,Creative Studio,Instagram,357.48,114.25,Completed
ORD_933,CUST_864,2024-01-13,Event Ticket,Event Walk-in,197.91,82.72,Completed
ORD_934,CUST_254,2024-11-24,Corporate Package,LinkedIn,348.73,184.04,Completed
ORD_935,CUST_9,2025-03-30,Media Package,Instagram,434.09,152.18,Completed
ORD_936,CUST_472,2025-04-22,Event Ticket,Instagram,47.7,25.55,Completed
ORD_937,CUST_54,2024-08-11,Creative Studio,Instagram,54.05,36.65,Completed
ORD_938,CUST_1488,2024-03-22,Membership,Instagram,163.52,106.9,Completed
ORD_939,CUST_421,2024-11-17,Partner Offer,LinkedIn,259.49,92.78,Completed
ORD_940,CUST_1293,2024-09-21,Workshop,Event Walk-in,474.76,327.44,Completed
ORD_941,CUST_587,2025-05-21,Event Ticket,LinkedIn,328.96,136.49,Completed
ORD_942,CUST_129,2024-05-30,Corporate Package,Google Search,173.81,81.97,Completed
ORD_943,CUST_94,2024-08-26,Event Ticket,TikTok,206.51,66.79,Completed
ORD_944,CUST_1019,2025-06-02,Corporate Package,Event Walk-in,283.28,121.19,Completed
ORD_945,CUST_1119,2024-02-12,Media Package,TikTok,259.64,95.68,Completed
ORD_946,CUST_118,2024-09-22,Partner Offer,Event Walk-in,186.35,100.56,Completed
ORD_947,CUST_477,2024-12-27,Media Package,Instagram,144.26,69.43,Completed
ORD_948,CUST_908,2024-08-28,Creative Studio,Google Search,79.8,35.25,Completed
ORD_949,CUST_1475,2025-03-30,Event Ticket,LinkedIn,278.4,170.61,Completed
ORD_950,CUST_988,2024-07-27,Creative Studio,Partnership,334.47,193.55,Completed
ORD_951,CUST_1149,2025-03-01,Event Ticket,Instagram,298.37,200.39,Completed
ORD_952,CUST_524,2024-10-16,Event Ticket,Instagram,116.92,66.5,Completed
ORD_953,CUST_819,2025-01-03,Creative Studio,LinkedIn,408.78,125.58,Completed
ORD_954,CUST_936,2025-01-18,Media Package,Google Search,460.66,286.59,Cancelled
ORD_955,CUST_739,2024-02-01,Event Ticket,TikTok,93.44,48.79,Completed
ORD_956,CUST_1034,2024-06-02,Partner Offer,Event Walk-in,91.65,31.91,Completed
ORD_957,CUST_931,2024-08-04,Workshop,TikTok,463.03,199.47,Completed
ORD_958,CUST_552,2025-06-04,Workshop,Instagram,248.63,162.65,Completed
ORD_959,CUST_611,2024-08-08,Creative Studio,Instagram,433.43,277.27,Completed
ORD_960,CUST_449,2024-06-02,Creative Studio,Referral,147.35,56.7,Cancelled
ORD_961,CUST_1339,2024-03-21,Partner Offer,Event Walk-in,374.7,138.26,Cancelled
ORD_962,CUST_326,2024-08-17,Media Package,LinkedIn,413.71,266.87,Cancelled
ORD_963,CUST_1095,2025-03-04,Media Package,Instagram,353.11,222.05,Completed
ORD_964,CUST_806,2025-06-24,Workshop,Event Walk-in,328.91,182.97,Completed
ORD_965,CUST_1458,2025-06-21,Media Package,Partnership,365.97,171.65,Completed
ORD_966,CUST_275,2024-07-18,Corporate Package,TikTok,196.34,134.99,Completed
ORD_967,CUST_632,2024-09-06,Creative Studio,Event Walk-in,243.52,88.15,Completed
ORD_968,CUST_1461,2025-01-05,Membership,TikTok,303.56,132.7,Completed
ORD_969,CUST_1004,2024-04-28,Media Package,Google Search,103.16,66.41,Completed
ORD_970,CUST_912,2025-02-23,Creative Studio,Partnership,24.06,16.77,Completed
ORD_971,CUST_161,2025-06-01,Event Ticket,Event Walk-in,213.58,83.07,Completed
ORD_972,CUST_1077,2025-05-10,Media Package,Partnership,288.58,162.99,Completed
ORD_973,CUST_1156,2025-03-04,Membership,TikTok,277.77,167.86,Completed
ORD_974,CUST_93,2024-05-08,Partner Offer,TikTok,209.61,106.07,Completed
ORD_975,CUST_1039,2025-02-21,Media Package,LinkedIn,493.61,342.55,Completed
ORD_976,CUST_1005,2024-09-23,Workshop,TikTok,120.66,51.72,Completed
ORD_977,CUST_808,2024-04-30,Event Ticket,Event Walk-in,323.14,188.79,Completed
ORD_978,CUST_406,2024-05-31,Media Package,TikTok,406.65,144.26,Completed
ORD_979,CUST_767,2024-07-21,Corporate Package,Instagram,33.39,17.83,Refunded
ORD_980,CUST_792,2024-01-16,Event Ticket,Instagram,227.42,142.93,Completed
ORD_981,CUST_903,2025-04-26,Workshop,Instagram,467.22,166.38,Completed
ORD_982,CUST_698,2024-02-04,Corporate Package,Instagram,202.25,62.82,Completed
ORD_983,CUST_787,2024-06-19,Partner Offer,Instagram,330.91,126.28,Completed
ORD_984,CUST_1130,2025-06-26,Partner Offer,Instagram,74.65,41.05,Refunded
ORD_985,CUST_590,2024-12-28,Event Ticket,Google Search,365.36,207.22,Completed
ORD_986,CUST_1011,2024-09-04,Media Package,LinkedIn,248.88,143.32,Completed
ORD_987,CUST_299,2024-12-10,Media Package,Instagram,168.02,95.54,Completed
ORD_988,CUST_125,2024-02-16,Event Ticket,Event Walk-in,428.5,249.8,Refunded
ORD_989,CUST_1064,2025-04-04,Partner Offer,Google Search,34.4,12.28,Completed
ORD_990,CUST_648,2025-03-22,Membership,TikTok,215.62,110.9,Completed
ORD_991,CUST_1399,2024-05-17,Workshop,LinkedIn,303.78,172.31,Completed
ORD_992,CUST_186,2025-06-05,Event Ticket,TikTok,151.8,67.91,Refunded
ORD_993,CUST_634,2025-01-13,Media Package,Event Walk-in,423.75,279.08,Completed
ORD_994,CUST_1106,2024-11-24,Creative Studio,TikTok,435.49,191.42,Completed
ORD_995,CUST_108,2024-10-13,Partner Offer,Event Walk-in,412.97,276.81,Completed
ORD_996,CUST_561,2024-10-31,Media Package,Instagram,385.87,168.19,Completed
ORD_997,CUST_867,2025-06-14,Corporate Package,TikTok,88.98,29.53,Completed
ORD_998,CUST_1422,2025-03-12,Membership,Google Search,348.37,123.27,Completed
ORD_999,CUST_906,2024-07-01,Partner Offer,Instagram,281.44,151.43,Completed
ORD_1000,CUST_1202,2024-08-03,Creative Studio,Event Walk-in,146.95,49.8,Completed
ORD_1001,CUST_1461,2024-11-17,Event Ticket,TikTok,373.22,161.21,Completed
ORD_1002,CUST_630,2024-05-01,Membership,Instagram,108.24,61.73,Completed
ORD_1003,CUST_744,2024-08-17,Corporate Package,Partnership,405.55,269.33,Completed
ORD_1004,CUST_759,2024-09-22,Partner Offer,Instagram,207.79,119.46,Completed
ORD_1005,CUST_1431,2024-08-25,Media Package,Instagram,392.21,210.52,Completed
ORD_1006,CUST_1224,2024-07-30,Media Package,Instagram,187.5,127.4,Completed
ORD_1007,CUST_1148,2024-06-21,Event Ticket,TikTok,315.22,132.77,Refunded
ORD_1008,CUST_1279,2024-07-18,Event Ticket,TikTok,281.77,172.28,Completed
ORD_1009,CUST_464,2024-01-27,Creative Studio,Event Walk-in,468.33,205.5,Completed
ORD_1010,CUST_322,2025-03-12,Workshop,Instagram,296.37,175.94,Completed
ORD_1011,CUST_291,2025-04-09,Membership,Event Walk-in,484.63,260.13,Completed
ORD_1012,CUST_783,2024-05-02,Creative Studio,LinkedIn,463.9,186.28,Completed
ORD_1013,CUST_68,2024-09-26,Event Ticket,TikTok,486.53,173.38,Completed
ORD_1014,CUST_1133,2024-10-12,Workshop,Instagram,463.31,235.0,Completed
ORD_1015,CUST_541,2024-12-28,Workshop,TikTok,265.51,121.39,Completed
ORD_1016,CUST_643,2024-08-15,Media Package,LinkedIn,499.38,302.6,Completed
ORD_1017,CUST_119,2025-06-03,Creative Studio,TikTok,85.89,56.28,Completed
ORD_1018,CUST_311,2025-06-09,Media Package,Event Walk-in,427.23,243.22,Completed
ORD_1019,CUST_1005,2024-11-18,Corporate Package,TikTok,404.14,275.57,Completed
ORD_1020,CUST_1172,2024-04-12,Partner Offer,Event Walk-in,106.77,71.61,Completed
ORD_1021,CUST_352,2024-11-21,Membership,Instagram,43.02,19.22,Completed
ORD_1022,CUST_717,2024-02-06,Partner Offer,Partnership,288.11,148.23,Completed
ORD_1023,CUST_647,2024-09-08,Event Ticket,LinkedIn,331.28,227.54,Completed
ORD_1024,CUST_232,2024-08-13,Media Package,Event Walk-in,378.1,115.61,Completed
ORD_1025,CUST_635,2024-06-04,Media Package,TikTok,95.99,58.73,Completed
ORD_1026,CUST_870,2025-05-23,Membership,LinkedIn,163.61,102.34,Completed
ORD_1027,CUST_464,2024-03-31,Partner Offer,Event Walk-in,237.82,124.15,Refunded
ORD_1028,CUST_394,2024-08-07,Event Ticket,Partnership,25.7,13.23,Completed
ORD_1029,CUST_1187,2024-08-01,Media Package,LinkedIn,473.56,310.77,Completed
ORD_1030,CUST_1025,2024-09-26,Media Package,Instagram,127.52,84.47,Completed
ORD_1031,CUST_248,2024-08-28,Media Package,TikTok,482.55,237.51,Completed
ORD_1032,CUST_1399,2024-07-03,Corporate Package,LinkedIn,80.32,43.76,Completed
ORD_1033,CUST_444,2024-10-26,Media Package,TikTok,303.3,186.49,Completed
ORD_1034,CUST_261,2025-02-05,Media Package,Instagram,100.74,39.95,Completed
ORD_1035,CUST_1057,2024-10-29,Event Ticket,TikTok,364.22,204.36,Completed
ORD_1036,CUST_1360,2024-10-21,Creative Studio,Instagram,76.04,28.26,Completed
ORD_1037,CUST_811,2024-09-10,Media Package,Event Walk-in,166.07,99.37,Completed
ORD_1038,CUST_709,2025-04-20,Partner Offer,Instagram,194.85,97.25,Completed
ORD_1039,CUST_630,2024-12-21,Media Package,Instagram,379.94,141.06,Completed
ORD_1040,CUST_855,2025-05-10,Corporate Package,Instagram,496.79,342.34,Refunded
ORD_1041,CUST_1243,2025-02-25,Media Package,Event Walk-in,64.55,45.02,Completed
ORD_1042,CUST_752,2024-10-01,Media Package,Event Walk-in,446.29,186.24,Refunded
ORD_1043,CUST_115,2025-02-22,Event Ticket,Partnership,278.56,150.76,Completed
ORD_1044,CUST_402,2024-09-24,Media Package,Google Search,448.54,145.44,Completed
ORD_1045,CUST_275,2025-03-28,Creative Studio,TikTok,341.34,207.73,Completed
ORD_1046,CUST_1141,2024-02-25,Membership,TikTok,408.93,125.74,Completed
ORD_1047,CUST_1445,2024-12-13,Media Package,Instagram,343.81,169.49,Completed
ORD_1048,CUST_144,2025-04-03,Creative Studio,Event Walk-in,203.12,66.73,Completed
ORD_1049,CUST_504,2024-06-19,Media Package,Google Search,467.67,246.07,Completed
ORD_1050,CUST_163,2024-04-22,Partner Offer,Event Walk-in,462.99,213.22,Completed
ORD_1051,CUST_449,2024-12-03,Event Ticket,Referral,122.32,69.86,Completed
ORD_1052,CUST_339,2024-01-22,Workshop,TikTok,327.2,121.37,Completed
ORD_1053,CUST_818,2024-12-07,Partner Offer,Event Walk-in,27.43,13.73,Completed
ORD_1054,CUST_181,2024-03-05,Media Package,Partnership,497.44,334.35,Completed
ORD_1055,CUST_1174,2025-01-05,Media Package,Event Walk-in,309.56,178.33,Cancelled
ORD_1056,CUST_861,2025-02-09,Corporate Package,Instagram,245.55,102.06,Completed
ORD_1057,CUST_709,2024-06-14,Partner Offer,Instagram,239.55,142.1,Completed
ORD_1058,CUST_342,2024-08-08,Media Package,Instagram,186.05,76.69,Completed
ORD_1059,CUST_1362,2024-01-14,Event Ticket,Google Search,80.97,28.86,Completed
ORD_1060,CUST_168,2025-06-23,Event Ticket,Event Walk-in,423.72,221.69,Completed
ORD_1061,CUST_1260,2025-05-11,Event Ticket,Event Walk-in,246.42,160.67,Completed
ORD_1062,CUST_758,2024-01-25,Membership,LinkedIn,255.15,118.38,Completed
ORD_1063,CUST_498,2024-09-10,Event Ticket,Partnership,290.96,155.04,Completed
ORD_1064,CUST_1354,2025-01-21,Media Package,Instagram,444.98,148.88,Completed
ORD_1065,CUST_1282,2024-10-03,Corporate Package,Event Walk-in,242.28,128.52,Completed
ORD_1066,CUST_1444,2025-05-31,Media Package,Instagram,193.95,81.38,Completed
ORD_1067,CUST_520,2025-03-01,Event Ticket,Partnership,310.57,193.91,Completed
ORD_1068,CUST_1043,2024-06-04,Event Ticket,Instagram,304.98,134.47,Completed
ORD_1069,CUST_1367,2025-02-04,Membership,Partnership,400.43,243.48,Completed
ORD_1070,CUST_1420,2024-11-15,Workshop,LinkedIn,440.03,242.96,Completed
ORD_1071,CUST_493,2024-01-24,Creative Studio,TikTok,21.58,13.07,Completed
ORD_1072,CUST_1098,2024-04-12,Membership,Instagram,416.62,165.72,Completed
ORD_1073,CUST_1389,2025-04-27,Creative Studio,Event Walk-in,281.45,141.13,Completed
ORD_1074,CUST_835,2024-08-15,Partner Offer,LinkedIn,247.51,76.28,Completed
ORD_1075,CUST_701,2025-05-09,Membership,Instagram,322.72,147.42,Completed
ORD_1076,CUST_750,2025-06-02,Membership,Partnership,225.69,148.23,Completed
ORD_1077,CUST_846,2025-05-23,Media Package,LinkedIn,297.58,124.55,Cancelled
ORD_1078,CUST_1012,2024-04-20,Media Package,Google Search,41.27,21.03,Completed
ORD_1079,CUST_94,2024-01-26,Creative Studio,TikTok,274.23,86.77,Completed
ORD_1080,CUST_1176,2025-01-13,Media Package,Event Walk-in,354.53,247.92,Completed
ORD_1081,CUST_875,2024-11-14,Creative Studio,Event Walk-in,210.79,91.25,Completed
ORD_1082,CUST_606,2024-03-26,Event Ticket,Event Walk-in,394.15,217.5,Completed
ORD_1083,CUST_783,2025-05-16,Media Package,LinkedIn,232.26,131.76,Completed
ORD_1084,CUST_1419,2025-02-16,Media Package,Instagram,402.67,192.87,Completed
ORD_1085,CUST_832,2024-08-26,Event Ticket,Instagram,436.75,273.49,Completed
ORD_1086,CUST_724,2025-02-25,Creative Studio,Referral,335.7,154.06,Completed
ORD_1087,CUST_25,2024-06-03,Event Ticket,Event Walk-in,405.62,174.41,Completed
ORD_1088,CUST_698,2025-02-20,Corporate Package,Instagram,476.9,227.12,Completed
ORD_1089,CUST_385,2024-08-02,Workshop,Event Walk-in,71.72,44.02,Completed
ORD_1090,CUST_360,2025-05-26,Creative Studio,Instagram,103.45,55.72,Completed
ORD_1091,CUST_839,2024-11-25,Media Package,TikTok,473.78,187.42,Completed
ORD_1092,CUST_1301,2024-03-24,Partner Offer,Instagram,224.17,132.47,Completed
ORD_1093,CUST_418,2024-03-20,Creative Studio,TikTok,335.68,129.44,Completed
ORD_1094,CUST_917,2024-06-14,Media Package,Google Search,314.17,131.51,Completed
ORD_1095,CUST_1179,2024-07-21,Creative Studio,Instagram,37.76,19.0,Cancelled
ORD_1096,CUST_1291,2024-02-09,Corporate Package,TikTok,287.34,165.6,Completed
ORD_1097,CUST_1236,2025-06-21,Media Package,Instagram,125.82,50.79,Completed
ORD_1098,CUST_116,2025-03-04,Creative Studio,TikTok,481.25,222.47,Completed
ORD_1099,CUST_1150,2025-03-21,Partner Offer,TikTok,309.28,151.53,Completed
ORD_1100,CUST_1341,2024-10-04,Media Package,TikTok,434.79,178.93,Completed
ORD_1101,CUST_898,2025-01-15,Media Package,Instagram,229.61,92.32,Completed
ORD_1102,CUST_1357,2024-10-24,Media Package,Instagram,467.49,257.61,Completed
ORD_1103,CUST_743,2025-01-15,Media Package,Event Walk-in,316.75,207.05,Completed
ORD_1104,CUST_1360,2025-04-18,Membership,Instagram,54.57,26.14,Completed
ORD_1105,CUST_611,2024-05-18,Event Ticket,Instagram,406.83,251.35,Completed
ORD_1106,CUST_771,2025-04-30,Event Ticket,Event Walk-in,472.37,306.2,Completed
ORD_1107,CUST_1287,2024-06-02,Media Package,Event Walk-in,97.99,46.18,Cancelled
ORD_1108,CUST_1465,2024-01-06,Creative Studio,Instagram,303.96,162.0,Completed
ORD_1109,CUST_437,2024-04-06,Media Package,Referral,52.85,17.32,Completed
ORD_1110,CUST_1118,2024-03-03,Media Package,Instagram,210.45,85.05,Completed
ORD_1111,CUST_396,2024-03-09,Creative Studio,Instagram,404.28,215.93,Completed
ORD_1112,CUST_856,2024-08-19,Creative Studio,Event Walk-in,433.65,153.54,Completed
ORD_1113,CUST_137,2024-07-16,Membership,Google Search,125.53,53.93,Completed
ORD_1114,CUST_1031,2025-03-12,Media Package,Instagram,326.55,148.64,Completed
ORD_1115,CUST_78,2025-02-16,Partner Offer,Referral,341.66,222.87,Completed
ORD_1116,CUST_625,2024-07-26,Event Ticket,Instagram,36.5,17.94,Completed
ORD_1117,CUST_187,2024-08-09,Membership,LinkedIn,426.58,273.66,Completed
ORD_1118,CUST_1129,2024-04-14,Event Ticket,Google Search,173.09,53.92,Completed
ORD_1119,CUST_709,2025-01-27,Creative Studio,Instagram,295.48,108.4,Completed
ORD_1120,CUST_1261,2024-10-10,Partner Offer,Instagram,469.52,221.98,Completed
ORD_1121,CUST_245,2025-04-29,Membership,Event Walk-in,217.45,127.06,Completed
ORD_1122,CUST_1461,2024-08-25,Partner Offer,TikTok,20.2,7.46,Completed
ORD_1123,CUST_532,2024-05-30,Event Ticket,Instagram,128.95,64.22,Completed
ORD_1124,CUST_88,2024-01-01,Creative Studio,Partnership,154.87,94.11,Refunded
ORD_1125,CUST_714,2024-02-23,Event Ticket,Partnership,257.04,171.52,Completed
ORD_1126,CUST_1196,2025-03-11,Media Package,Event Walk-in,324.7,199.95,Completed
ORD_1127,CUST_1260,2025-05-27,Workshop,Event Walk-in,448.52,134.69,Completed
ORD_1128,CUST_986,2025-02-06,Creative Studio,Instagram,266.36,141.41,Completed
ORD_1129,CUST_1040,2025-04-30,Creative Studio,LinkedIn,189.8,65.07,Completed
ORD_1130,CUST_635,2024-11-20,Media Package,TikTok,465.31,290.61,Refunded
ORD_1131,CUST_309,2024-08-07,Partner Offer,Event Walk-in,70.28,31.74,Refunded
ORD_1132,CUST_1033,2024-10-11,Media Package,Instagram,267.89,85.07,Completed
ORD_1133,CUST_306,2025-03-28,Media Package,Instagram,221.97,67.44,Completed
ORD_1134,CUST_1357,2024-05-03,Media Package,Instagram,407.18,131.91,Completed
ORD_1135,CUST_836,2024-12-22,Event Ticket,Instagram,338.47,102.87,Refunded
ORD_1136,CUST_318,2025-04-22,Workshop,Instagram,465.24,308.29,Completed
ORD_1137,CUST_894,2025-03-10,Membership,Event Walk-in,482.92,238.26,Completed
ORD_1138,CUST_1062,2024-07-14,Creative Studio,Event Walk-in,98.86,38.42,Completed
ORD_1139,CUST_1290,2024-01-11,Membership,Partnership,155.26,49.94,Completed
ORD_1140,CUST_990,2024-07-18,Event Ticket,Google Search,268.0,134.25,Completed
ORD_1141,CUST_826,2024-04-06,Partner Offer,LinkedIn,261.99,139.4,Refunded
ORD_1142,CUST_509,2025-05-29,Partner Offer,Partnership,69.63,42.78,Completed
ORD_1143,CUST_1350,2024-02-04,Media Package,Instagram,314.98,156.09,Completed
ORD_1144,CUST_1181,2025-02-11,Event Ticket,Partnership,388.8,139.66,Completed
ORD_1145,CUST_1124,2024-09-16,Membership,Event Walk-in,120.58,44.9,Completed
ORD_1146,CUST_446,2024-02-01,Corporate Package,TikTok,497.4,174.8,Refunded
ORD_1147,CUST_770,2025-04-10,Media Package,Partnership,426.15,163.18,Completed
ORD_1148,CUST_97,2024-04-16,Event Ticket,LinkedIn,106.83,43.17,Completed
ORD_1149,CUST_573,2024-06-05,Media Package,Event Walk-in,192.65,74.23,Completed
ORD_1150,CUST_804,2024-05-14,Event Ticket,TikTok,278.11,158.79,Completed
ORD_1151,CUST_875,2024-05-02,Event Ticket,Event Walk-in,61.51,35.3,Completed
ORD_1152,CUST_968,2024-03-04,Creative Studio,Instagram,472.11,153.05,Refunded
ORD_1153,CUST_941,2024-10-11,Partner Offer,Instagram,345.53,217.64,Completed
ORD_1154,CUST_547,2024-01-18,Creative Studio,Partnership,338.37,221.92,Completed
ORD_1155,CUST_895,2024-11-20,Corporate Package,Partnership,275.42,137.06,Completed
ORD_1156,CUST_485,2025-01-10,Media Package,Google Search,197.18,132.34,Refunded
ORD_1157,CUST_408,2025-02-16,Creative Studio,Instagram,485.15,185.58,Completed
ORD_1158,CUST_844,2024-03-03,Event Ticket,Google Search,285.14,96.7,Completed
ORD_1159,CUST_737,2025-05-28,Event Ticket,Instagram,230.31,145.91,Completed
ORD_1160,CUST_1395,2024-06-25,Creative Studio,Partnership,411.61,264.08,Completed
ORD_1161,CUST_1436,2024-07-22,Media Package,TikTok,291.77,198.8,Completed
ORD_1162,CUST_934,2024-01-04,Creative Studio,Google Search,190.55,75.29,Completed
ORD_1163,CUST_1353,2024-04-30,Creative Studio,Event Walk-in,451.07,172.28,Completed
ORD_1164,CUST_53,2024-03-29,Media Package,TikTok,246.01,168.44,Completed
ORD_1165,CUST_1051,2024-04-29,Partner Offer,Event Walk-in,418.99,181.63,Completed
ORD_1166,CUST_1312,2024-03-29,Membership,Instagram,452.12,199.36,Completed
ORD_1167,CUST_392,2024-01-21,Workshop,Referral,63.46,30.19,Completed
ORD_1168,CUST_894,2024-08-10,Media Package,Event Walk-in,307.41,192.19,Completed
ORD_1169,CUST_797,2024-09-09,Creative Studio,LinkedIn,161.05,109.8,Completed
ORD_1170,CUST_1454,2024-07-14,Workshop,Google Search,137.34,68.12,Completed
ORD_1171,CUST_161,2024-11-13,Event Ticket,Event Walk-in,305.78,192.41,Completed
ORD_1172,CUST_322,2024-07-01,Membership,Instagram,476.5,239.45,Completed
ORD_1173,CUST_193,2025-02-27,Membership,LinkedIn,149.04,88.67,Completed
ORD_1174,CUST_293,2024-07-23,Event Ticket,TikTok,197.53,81.48,Completed
ORD_1175,CUST_262,2025-03-26,Membership,Instagram,37.42,21.92,Completed
ORD_1176,CUST_699,2025-01-07,Creative Studio,Instagram,485.88,310.88,Completed
ORD_1177,CUST_142,2025-04-05,Workshop,TikTok,211.15,72.01,Completed
ORD_1178,CUST_733,2024-06-23,Event Ticket,Instagram,333.34,227.32,Completed
ORD_1179,CUST_1305,2025-01-29,Event Ticket,Google Search,231.87,74.71,Completed
ORD_1180,CUST_624,2025-03-20,Creative Studio,Event Walk-in,127.1,46.2,Completed
ORD_1181,CUST_1394,2024-10-22,Membership,Partnership,414.81,149.14,Completed
ORD_1182,CUST_1139,2025-05-30,Media Package,Instagram,31.9,18.69,Completed
ORD_1183,CUST_771,2024-10-02,Event Ticket,Event Walk-in,318.83,150.61,Completed
ORD_1184,CUST_401,2024-09-21,Membership,Partnership,163.12,77.66,Completed
ORD_1185,CUST_946,2024-04-28,Media Package,TikTok,154.47,67.6,Completed
ORD_1186,CUST_251,2025-05-01,Event Ticket,TikTok,468.06,263.03,Completed
ORD_1187,CUST_789,2025-01-16,Media Package,Partnership,358.36,219.56,Completed
ORD_1188,CUST_704,2024-02-04,Creative Studio,Partnership,191.2,83.73,Completed
ORD_1189,CUST_1228,2025-01-02,Corporate Package,TikTok,344.67,145.08,Completed
ORD_1190,CUST_1014,2025-03-07,Media Package,TikTok,391.13,231.56,Completed
ORD_1191,CUST_955,2024-04-12,Membership,Event Walk-in,300.63,152.24,Completed
ORD_1192,CUST_765,2024-06-15,Media Package,Event Walk-in,428.18,225.39,Completed
ORD_1193,CUST_1397,2024-01-23,Creative Studio,Event Walk-in,482.27,274.6,Completed
ORD_1194,CUST_434,2025-03-21,Workshop,Referral,467.34,195.34,Completed
ORD_1195,CUST_908,2024-09-06,Membership,Google Search,192.14,121.5,Completed
ORD_1196,CUST_638,2024-12-11,Media Package,Referral,205.01,141.43,Completed
ORD_1197,CUST_1174,2024-02-11,Partner Offer,Event Walk-in,81.46,43.85,Refunded
ORD_1198,CUST_365,2025-06-03,Event Ticket,Event Walk-in,55.86,31.16,Completed
ORD_1199,CUST_1122,2024-10-02,Partner Offer,Event Walk-in,353.21,227.17,Completed
ORD_1200,CUST_1394,2024-01-30,Event Ticket,Partnership,64.83,43.56,Completed
ORD_1201,CUST_423,2024-11-03,Corporate Package,Instagram,473.83,153.28,Cancelled
ORD_1202,CUST_1289,2025-06-20,Membership,LinkedIn,239.02,163.06,Cancelled
ORD_1203,CUST_465,2024-05-22,Event Ticket,Referral,383.29,223.54,Completed
ORD_1204,CUST_525,2024-02-25,Partner Offer,LinkedIn,189.53,82.8,Completed
ORD_1205,CUST_724,2024-05-24,Workshop,Referral,112.88,34.45,Completed
ORD_1206,CUST_1244,2024-06-18,Media Package,TikTok,438.95,240.51,Completed
ORD_1207,CUST_228,2024-07-24,Corporate Package,Instagram,78.36,41.05,Completed
ORD_1208,CUST_1053,2024-03-23,Membership,Instagram,456.32,206.28,Refunded
ORD_1209,CUST_71,2025-03-23,Event Ticket,Event Walk-in,431.32,135.97,Completed
ORD_1210,CUST_311,2025-01-18,Event Ticket,Event Walk-in,428.93,230.92,Completed
ORD_1211,CUST_334,2024-04-12,Media Package,LinkedIn,349.17,164.23,Completed
ORD_1212,CUST_13,2024-08-05,Partner Offer,Instagram,426.5,259.18,Completed
ORD_1213,CUST_986,2025-04-19,Media Package,Instagram,358.03,125.73,Completed
ORD_1214,CUST_1264,2024-04-08,Creative Studio,Event Walk-in,335.81,115.61,Completed
ORD_1215,CUST_1457,2024-05-16,Creative Studio,TikTok,289.44,179.14,Completed
ORD_1216,CUST_1173,2024-10-16,Workshop,Instagram,170.03,119.02,Completed
ORD_1217,CUST_1227,2025-03-10,Media Package,TikTok,256.38,136.2,Completed
ORD_1218,CUST_891,2024-12-21,Media Package,Event Walk-in,50.81,20.43,Completed
ORD_1219,CUST_845,2024-01-28,Membership,LinkedIn,269.75,164.68,Completed
ORD_1220,CUST_1399,2024-08-28,Creative Studio,LinkedIn,188.77,57.27,Completed
ORD_1221,CUST_976,2024-01-02,Media Package,Partnership,434.96,287.68,Completed
ORD_1222,CUST_1332,2024-03-20,Media Package,Instagram,71.32,47.59,Completed
ORD_1223,CUST_813,2024-07-11,Event Ticket,Event Walk-in,230.18,156.54,Completed
ORD_1224,CUST_788,2024-04-05,Creative Studio,Instagram,112.47,47.89,Completed
ORD_1225,CUST_821,2025-03-11,Event Ticket,Instagram,200.46,121.62,Completed
ORD_1226,CUST_689,2025-05-07,Event Ticket,TikTok,227.48,100.39,Cancelled
ORD_1227,CUST_949,2025-03-07,Event Ticket,TikTok,306.09,187.32,Completed
ORD_1228,CUST_1433,2025-06-13,Corporate Package,Event Walk-in,61.24,39.54,Completed
ORD_1229,CUST_819,2024-03-25,Creative Studio,LinkedIn,455.04,267.43,Completed
ORD_1230,CUST_643,2025-02-18,Workshop,LinkedIn,351.22,141.08,Completed
ORD_1231,CUST_515,2024-11-22,Event Ticket,Event Walk-in,229.04,81.43,Completed
ORD_1232,CUST_956,2025-04-10,Event Ticket,Instagram,342.22,144.42,Completed
ORD_1233,CUST_118,2025-02-15,Creative Studio,Event Walk-in,214.86,90.85,Completed
ORD_1234,CUST_1495,2025-03-11,Membership,Google Search,442.08,291.52,Completed
ORD_1235,CUST_1346,2025-04-06,Media Package,TikTok,352.17,240.84,Completed
ORD_1236,CUST_895,2024-12-09,Corporate Package,Partnership,461.78,268.88,Cancelled
ORD_1237,CUST_528,2024-04-24,Workshop,Event Walk-in,269.66,156.91,Cancelled
ORD_1238,CUST_448,2025-06-28,Workshop,Event Walk-in,137.76,80.11,Refunded
ORD_1239,CUST_854,2024-03-22,Event Ticket,TikTok,300.73,209.59,Completed
ORD_1240,CUST_1050,2024-09-21,Membership,TikTok,271.06,149.44,Completed
ORD_1241,CUST_1327,2025-04-10,Creative Studio,Instagram,258.6,154.02,Completed
ORD_1242,CUST_447,2024-02-10,Event Ticket,Event Walk-in,31.54,13.99,Completed
ORD_1243,CUST_1010,2025-01-10,Event Ticket,Referral,55.44,25.41,Completed
ORD_1244,CUST_1426,2025-01-13,Membership,Referral,355.66,176.71,Completed
ORD_1245,CUST_822,2024-10-30,Workshop,Instagram,224.42,156.67,Completed
ORD_1246,CUST_869,2024-09-30,Event Ticket,LinkedIn,286.21,193.32,Completed
ORD_1247,CUST_1401,2024-01-18,Creative Studio,Instagram,189.55,64.88,Completed
ORD_1248,CUST_1013,2024-02-06,Media Package,Event Walk-in,34.03,15.63,Completed
ORD_1249,CUST_232,2024-02-07,Media Package,Event Walk-in,35.38,24.07,Completed
ORD_1250,CUST_965,2024-06-28,Event Ticket,Instagram,95.56,40.36,Completed
ORD_1251,CUST_12,2024-05-28,Media Package,Google Search,440.59,203.59,Completed
ORD_1252,CUST_1041,2024-10-08,Creative Studio,Event Walk-in,145.26,65.62,Completed
ORD_1253,CUST_603,2024-09-06,Partner Offer,Instagram,272.68,104.8,Refunded
ORD_1254,CUST_111,2025-06-20,Media Package,Event Walk-in,182.34,65.15,Completed
ORD_1255,CUST_1148,2024-11-30,Creative Studio,TikTok,104.34,39.11,Completed
ORD_1256,CUST_1440,2024-04-13,Creative Studio,Instagram,357.61,232.95,Cancelled
ORD_1257,CUST_1236,2024-03-21,Creative Studio,Instagram,479.47,253.64,Completed
ORD_1258,CUST_768,2024-11-05,Creative Studio,TikTok,457.73,279.87,Completed
ORD_1259,CUST_1300,2024-09-20,Media Package,Event Walk-in,181.24,86.58,Completed
ORD_1260,CUST_174,2024-03-22,Corporate Package,TikTok,103.94,36.85,Completed
ORD_1261,CUST_957,2024-04-29,Workshop,Event Walk-in,37.12,17.4,Completed
ORD_1262,CUST_827,2024-11-06,Media Package,Referral,489.56,221.48,Completed
ORD_1263,CUST_909,2024-09-06,Media Package,LinkedIn,236.76,78.46,Completed
ORD_1264,CUST_880,2025-04-29,Membership,TikTok,110.43,36.17,Refunded
ORD_1265,CUST_45,2024-10-08,Workshop,Event Walk-in,46.55,29.48,Completed
ORD_1266,CUST_371,2024-10-10,Media Package,TikTok,463.98,146.7,Completed
ORD_1267,CUST_1115,2025-02-12,Partner Offer,LinkedIn,498.1,295.94,Completed
ORD_1268,CUST_762,2024-10-06,Event Ticket,TikTok,207.03,82.33,Completed
ORD_1269,CUST_791,2025-02-28,Media Package,Partnership,354.78,141.68,Completed
ORD_1270,CUST_765,2025-04-18,Media Package,Event Walk-in,389.23,177.95,Cancelled
ORD_1271,CUST_1304,2024-11-21,Event Ticket,Instagram,339.25,120.58,Completed
ORD_1272,CUST_1420,2024-11-28,Membership,LinkedIn,322.99,133.16,Completed
ORD_1273,CUST_839,2025-04-16,Media Package,TikTok,353.47,189.74,Completed
ORD_1274,CUST_685,2024-12-02,Media Package,Instagram,218.7,75.7,Completed
ORD_1275,CUST_616,2024-01-13,Creative Studio,Instagram,123.46,85.57,Completed
ORD_1276,CUST_841,2025-03-31,Event Ticket,TikTok,71.22,33.8,Refunded
ORD_1277,CUST_577,2025-05-25,Membership,Instagram,393.22,244.97,Completed
ORD_1278,CUST_1258,2025-02-03,Membership,Instagram,302.42,111.38,Completed
ORD_1279,CUST_1243,2024-03-21,Media Package,Event Walk-in,435.07,195.08,Completed
ORD_1280,CUST_262,2024-12-19,Event Ticket,Instagram,157.87,104.99,Completed
ORD_1281,CUST_1378,2025-06-26,Creative Studio,Instagram,171.22,99.7,Completed
ORD_1282,CUST_755,2024-11-18,Media Package,LinkedIn,305.46,190.31,Completed
ORD_1283,CUST_350,2024-06-08,Media Package,TikTok,247.26,142.48,Completed
ORD_1284,CUST_239,2024-12-26,Media Package,TikTok,103.23,66.05,Completed
ORD_1285,CUST_481,2024-01-24,Workshop,Partnership,75.83,33.95,Completed
ORD_1286,CUST_651,2025-05-17,Partner Offer,Referral,389.83,179.4,Completed
ORD_1287,CUST_1281,2024-05-14,Creative Studio,Instagram,217.58,146.58,Refunded
ORD_1288,CUST_951,2024-05-06,Event Ticket,Instagram,256.56,167.61,Completed
ORD_1289,CUST_552,2024-04-23,Media Package,Instagram,391.04,179.83,Completed
ORD_1290,CUST_608,2024-06-11,Workshop,Event Walk-in,269.06,132.2,Cancelled
ORD_1291,CUST_964,2025-02-14,Media Package,TikTok,129.02,76.68,Completed
ORD_1292,CUST_1201,2024-08-10,Creative Studio,LinkedIn,488.64,152.24,Completed
ORD_1293,CUST_1314,2024-11-23,Workshop,Instagram,239.31,138.81,Completed
ORD_1294,CUST_140,2024-11-21,Media Package,TikTok,461.35,166.18,Completed
ORD_1295,CUST_871,2024-08-18,Corporate Package,TikTok,132.19,46.4,Completed
ORD_1296,CUST_1001,2025-04-20,Membership,Instagram,441.88,200.34,Refunded
ORD_1297,CUST_956,2024-06-09,Partner Offer,Instagram,99.91,52.43,Completed
ORD_1298,CUST_384,2024-10-22,Event Ticket,Instagram,335.81,104.88,Completed
ORD_1299,CUST_1371,2025-04-20,Media Package,Event Walk-in,464.47,303.19,Completed
ORD_1300,CUST_1203,2024-04-10,Creative Studio,TikTok,33.69,16.47,Completed
ORD_1301,CUST_1295,2025-03-04,Creative Studio,Event Walk-in,395.0,149.95,Completed
ORD_1302,CUST_872,2024-08-17,Event Ticket,Google Search,220.24,130.75,Completed
ORD_1303,CUST_697,2024-03-23,Media Package,LinkedIn,325.68,140.75,Completed
ORD_1304,CUST_616,2024-01-24,Creative Studio,Instagram,408.53,204.26,Completed
ORD_1305,CUST_696,2025-04-28,Media Package,LinkedIn,471.05,217.49,Cancelled
ORD_1306,CUST_227,2024-01-24,Workshop,Instagram,29.19,14.47,Refunded
ORD_1307,CUST_595,2025-02-02,Media Package,Instagram,435.48,153.79,Refunded
ORD_1308,CUST_1123,2024-06-14,Media Package,Instagram,290.45,194.65,Completed
ORD_1309,CUST_927,2024-09-02,Event Ticket,Google Search,132.15,67.39,Refunded
ORD_1310,CUST_186,2024-07-23,Creative Studio,TikTok,187.47,78.03,Completed
ORD_1311,CUST_1092,2024-02-01,Membership,TikTok,30.98,16.52,Completed
ORD_1312,CUST_244,2024-09-07,Media Package,Instagram,331.23,193.78,Completed
ORD_1313,CUST_1070,2024-09-04,Workshop,TikTok,490.72,271.36,Cancelled
ORD_1314,CUST_1031,2025-05-27,Media Package,Instagram,156.38,84.2,Completed
ORD_1315,CUST_476,2024-12-05,Corporate Package,TikTok,22.97,8.54,Refunded
ORD_1316,CUST_477,2024-09-07,Media Package,Instagram,422.31,289.21,Cancelled
ORD_1317,CUST_1252,2024-01-08,Workshop,Google Search,246.19,135.31,Completed
ORD_1318,CUST_999,2025-02-20,Corporate Package,Instagram,81.53,32.59,Cancelled
ORD_1319,CUST_254,2025-01-29,Event Ticket,LinkedIn,89.52,54.37,Completed
ORD_1320,CUST_151,2024-09-23,Corporate Package,Referral,466.75,234.75,Completed
ORD_1321,CUST_506,2025-06-30,Media Package,Event Walk-in,409.08,263.0,Completed
ORD_1322,CUST_492,2024-03-02,Membership,Event Walk-in,311.13,128.81,Completed
ORD_1323,CUST_433,2024-02-10,Creative Studio,Instagram,187.73,66.61,Completed
ORD_1324,CUST_260,2025-06-07,Media Package,TikTok,285.18,184.0,Completed
ORD_1325,CUST_236,2024-05-07,Event Ticket,Instagram,49.38,28.07,Completed
ORD_1326,CUST_609,2024-04-24,Media Package,Instagram,429.76,269.22,Completed
ORD_1327,CUST_1021,2024-12-13,Event Ticket,TikTok,142.29,46.38,Completed
ORD_1328,CUST_236,2025-05-09,Membership,Instagram,445.6,146.71,Completed
ORD_1329,CUST_3,2024-03-16,Media Package,Google Search,35.77,18.88,Completed
ORD_1330,CUST_902,2024-09-07,Workshop,Event Walk-in,105.51,42.16,Completed
ORD_1331,CUST_167,2025-03-31,Creative Studio,Instagram,246.68,109.51,Completed
ORD_1332,CUST_1476,2024-09-21,Media Package,Event Walk-in,421.82,211.54,Completed
ORD_1333,CUST_999,2024-05-23,Event Ticket,Instagram,481.92,220.74,Completed
ORD_1334,CUST_287,2024-08-14,Corporate Package,Event Walk-in,109.65,40.78,Completed
ORD_1335,CUST_173,2024-10-25,Creative Studio,Partnership,208.62,134.33,Completed
ORD_1336,CUST_397,2024-11-08,Media Package,Instagram,183.25,69.01,Completed
ORD_1337,CUST_1253,2024-10-28,Event Ticket,Event Walk-in,74.06,33.15,Completed
ORD_1338,CUST_1178,2024-05-11,Event Ticket,Instagram,419.9,287.34,Completed
ORD_1339,CUST_1292,2025-01-28,Membership,Event Walk-in,474.82,265.36,Completed
ORD_1340,CUST_327,2024-08-04,Media Package,Referral,74.26,43.84,Completed
ORD_1341,CUST_647,2024-01-13,Membership,LinkedIn,157.28,83.61,Completed
ORD_1342,CUST_675,2025-06-13,Creative Studio,Instagram,311.67,156.98,Completed
ORD_1343,CUST_237,2024-06-23,Partner Offer,Instagram,238.67,116.34,Completed
ORD_1344,CUST_1488,2025-05-28,Creative Studio,Instagram,471.66,311.31,Completed
ORD_1345,CUST_1016,2025-05-11,Media Package,Event Walk-in,279.05,105.15,Refunded
ORD_1346,CUST_354,2025-05-08,Event Ticket,Google Search,107.62,60.64,Refunded
ORD_1347,CUST_447,2024-01-15,Media Package,Event Walk-in,190.64,98.17,Completed
ORD_1348,CUST_571,2024-08-18,Creative Studio,Instagram,174.93,79.7,Completed
ORD_1349,CUST_1132,2024-10-11,Media Package,Referral,499.46,161.39,Completed
ORD_1350,CUST_1177,2024-05-02,Media Package,Instagram,161.69,111.04,Completed
ORD_1351,CUST_181,2025-04-15,Media Package,Partnership,380.73,176.12,Completed
ORD_1352,CUST_665,2024-01-13,Corporate Package,Google Search,279.92,105.32,Completed
ORD_1353,CUST_495,2025-06-20,Corporate Package,Instagram,314.61,177.1,Completed
ORD_1354,CUST_36,2025-01-07,Media Package,Event Walk-in,370.42,250.82,Completed
ORD_1355,CUST_1143,2024-04-11,Partner Offer,Event Walk-in,116.72,39.91,Completed
ORD_1356,CUST_258,2024-10-04,Media Package,TikTok,105.98,67.22,Completed
ORD_1357,CUST_962,2024-03-22,Partner Offer,Partnership,152.2,60.84,Completed
ORD_1358,CUST_300,2025-06-19,Membership,Google Search,103.21,32.65,Completed
ORD_1359,CUST_784,2024-07-06,Media Package,TikTok,475.91,309.65,Completed
ORD_1360,CUST_917,2024-09-07,Membership,Google Search,459.09,175.08,Completed
ORD_1361,CUST_357,2024-06-30,Event Ticket,TikTok,130.22,49.91,Completed
ORD_1362,CUST_554,2024-10-11,Event Ticket,Partnership,470.93,230.16,Completed
ORD_1363,CUST_551,2024-03-06,Partner Offer,Event Walk-in,152.51,87.25,Completed
ORD_1364,CUST_1194,2024-11-06,Event Ticket,LinkedIn,438.07,256.96,Completed
ORD_1365,CUST_1194,2025-05-03,Media Package,LinkedIn,467.59,236.75,Completed
ORD_1366,CUST_844,2024-02-22,Creative Studio,Google Search,298.95,200.78,Completed
ORD_1367,CUST_286,2024-07-20,Media Package,TikTok,138.65,65.51,Completed
ORD_1368,CUST_1483,2025-05-02,Membership,Google Search,31.06,12.9,Completed
ORD_1369,CUST_606,2024-08-08,Media Package,Event Walk-in,114.25,49.0,Completed
ORD_1370,CUST_30,2024-01-10,Media Package,Partnership,312.76,199.28,Refunded
ORD_1371,CUST_736,2024-04-24,Media Package,Instagram,369.64,240.39,Completed
ORD_1372,CUST_915,2024-07-18,Media Package,Event Walk-in,432.45,173.51,Completed
ORD_1373,CUST_1485,2025-04-12,Partner Offer,TikTok,306.52,128.56,Completed
ORD_1374,CUST_343,2025-02-20,Media Package,Google Search,245.82,113.31,Completed
ORD_1375,CUST_442,2024-06-29,Creative Studio,Instagram,421.91,149.27,Completed
ORD_1376,CUST_678,2024-10-17,Partner Offer,LinkedIn,201.69,130.56,Completed
ORD_1377,CUST_1024,2025-06-28,Membership,TikTok,497.0,298.05,Completed
ORD_1378,CUST_1263,2025-05-30,Creative Studio,Partnership,381.67,259.17,Completed
ORD_1379,CUST_219,2024-07-05,Media Package,TikTok,28.29,17.41,Completed
ORD_1380,CUST_998,2025-06-05,Media Package,Instagram,199.84,76.03,Completed
ORD_1381,CUST_236,2024-03-08,Workshop,Instagram,471.08,303.58,Completed
ORD_1382,CUST_1402,2024-04-06,Partner Offer,Event Walk-in,359.45,213.66,Completed
ORD_1383,CUST_308,2024-07-06,Membership,Partnership,241.55,131.2,Completed
ORD_1384,CUST_548,2024-08-25,Membership,Event Walk-in,351.31,232.19,Completed
ORD_1385,CUST_841,2024-11-23,Workshop,TikTok,124.45,48.29,Completed
ORD_1386,CUST_1119,2024-11-03,Partner Offer,TikTok,288.25,194.97,Completed
ORD_1387,CUST_498,2024-06-07,Creative Studio,Partnership,57.12,32.83,Completed
ORD_1388,CUST_907,2025-02-09,Workshop,Referral,212.52,134.76,Refunded
ORD_1389,CUST_1305,2024-06-09,Creative Studio,Google Search,424.61,266.71,Completed
ORD_1390,CUST_785,2025-04-30,Media Package,Instagram,352.61,176.25,Completed
ORD_1391,CUST_786,2024-10-02,Membership,Event Walk-in,418.41,252.12,Completed
ORD_1392,CUST_1123,2024-11-06,Creative Studio,Instagram,422.95,179.45,Completed
ORD_1393,CUST_1107,2024-12-28,Workshop,Event Walk-in,375.05,189.78,Completed
ORD_1394,CUST_1281,2024-11-11,Creative Studio,Instagram,28.97,12.77,Completed
ORD_1395,CUST_1249,2025-03-03,Event Ticket,Google Search,186.51,92.85,Refunded
ORD_1396,CUST_1402,2024-02-26,Partner Offer,Event Walk-in,292.35,158.92,Completed
ORD_1397,CUST_604,2024-05-23,Partner Offer,Instagram,491.95,329.6,Completed
ORD_1398,CUST_574,2024-01-20,Workshop,Instagram,432.55,173.76,Completed
ORD_1399,CUST_931,2024-09-19,Membership,TikTok,373.2,238.19,Completed
ORD_1400,CUST_1172,2024-11-25,Creative Studio,Event Walk-in,321.6,159.28,Completed
ORD_1401,CUST_498,2024-07-23,Workshop,Partnership,326.38,106.51,Completed
ORD_1402,CUST_1272,2025-03-26,Corporate Package,Instagram,165.11,87.49,Completed
ORD_1403,CUST_321,2024-09-05,Event Ticket,Google Search,250.93,89.28,Completed
ORD_1404,CUST_80,2025-04-26,Partner Offer,Referral,190.58,110.29,Refunded
ORD_1405,CUST_764,2025-02-03,Media Package,Partnership,409.34,162.88,Refunded
ORD_1406,CUST_65,2025-05-13,Membership,Event Walk-in,118.24,60.13,Cancelled
ORD_1407,CUST_645,2025-01-19,Event Ticket,TikTok,469.83,176.97,Completed
ORD_1408,CUST_609,2024-12-16,Membership,Instagram,434.37,201.33,Completed
ORD_1409,CUST_989,2024-10-18,Event Ticket,Instagram,361.97,210.9,Completed
ORD_1410,CUST_589,2024-03-16,Creative Studio,Event Walk-in,84.85,40.56,Completed
ORD_1411,CUST_533,2025-02-27,Workshop,Google Search,406.16,220.5,Refunded
ORD_1412,CUST_379,2024-11-02,Media Package,TikTok,477.88,257.28,Completed
ORD_1413,CUST_669,2025-03-24,Membership,TikTok,225.76,127.46,Completed
ORD_1414,CUST_256,2024-09-23,Media Package,TikTok,59.3,19.24,Completed
ORD_1415,CUST_1144,2024-01-23,Event Ticket,Instagram,232.61,148.55,Completed
ORD_1416,CUST_343,2024-11-17,Partner Offer,Google Search,45.06,31.53,Completed
ORD_1417,CUST_1250,2025-04-01,Workshop,LinkedIn,273.6,181.23,Completed
ORD_1418,CUST_1116,2024-11-24,Media Package,Instagram,293.19,99.72,Completed
ORD_1419,CUST_618,2024-12-07,Membership,Google Search,286.97,99.26,Cancelled
ORD_1420,CUST_1276,2024-09-22,Membership,Referral,241.04,131.21,Completed
ORD_1421,CUST_1190,2024-01-24,Event Ticket,Instagram,290.9,203.34,Completed
ORD_1422,CUST_870,2025-03-13,Creative Studio,LinkedIn,297.23,127.83,Completed
ORD_1423,CUST_109,2024-02-19,Corporate Package,Partnership,404.54,184.96,Completed
ORD_1424,CUST_935,2025-06-08,Creative Studio,Event Walk-in,35.18,18.22,Completed
ORD_1425,CUST_343,2024-02-02,Partner Offer,Google Search,153.7,99.97,Refunded
ORD_1426,CUST_648,2024-11-30,Workshop,TikTok,434.82,189.38,Completed
ORD_1427,CUST_177,2024-12-07,Media Package,TikTok,241.78,115.06,Completed
ORD_1428,CUST_1402,2024-04-04,Partner Offer,Event Walk-in,119.29,70.31,Completed
ORD_1429,CUST_1166,2025-06-28,Event Ticket,Instagram,133.69,79.8,Completed
ORD_1430,CUST_574,2024-03-30,Media Package,Instagram,424.67,130.65,Completed
ORD_1431,CUST_449,2024-07-14,Workshop,Referral,227.95,129.95,Completed
ORD_1432,CUST_934,2025-03-17,Workshop,Google Search,197.23,92.9,Completed
ORD_1433,CUST_1271,2024-06-04,Media Package,Event Walk-in,299.2,158.56,Completed
ORD_1434,CUST_488,2024-12-13,Media Package,Event Walk-in,98.87,68.41,Completed
ORD_1435,CUST_443,2025-03-18,Corporate Package,Instagram,71.07,30.19,Completed
ORD_1436,CUST_331,2024-10-27,Event Ticket,Instagram,450.73,258.63,Completed
ORD_1437,CUST_1073,2024-01-20,Event Ticket,LinkedIn,483.85,323.75,Completed
ORD_1438,CUST_1058,2024-06-03,Membership,Referral,138.84,45.88,Completed
ORD_1439,CUST_6,2024-11-30,Media Package,Instagram,243.62,79.29,Completed
ORD_1440,CUST_321,2024-07-24,Workshop,Google Search,364.73,115.6,Completed
ORD_1441,CUST_1111,2024-12-29,Corporate Package,LinkedIn,168.97,53.44,Completed
ORD_1442,CUST_88,2024-06-05,Membership,Partnership,456.15,296.87,Completed
ORD_1443,CUST_557,2024-11-11,Membership,Google Search,30.32,13.17,Completed
ORD_1444,CUST_1395,2024-02-10,Workshop,Partnership,294.24,146.32,Completed
ORD_1445,CUST_347,2024-03-11,Creative Studio,Google Search,357.06,204.79,Completed
ORD_1446,CUST_524,2024-08-23,Media Package,Instagram,275.76,142.46,Completed
ORD_1447,CUST_1141,2024-06-16,Creative Studio,TikTok,44.88,26.67,Completed
ORD_1448,CUST_1200,2024-08-10,Workshop,TikTok,252.88,160.23,Completed
ORD_1449,CUST_1256,2025-03-26,Event Ticket,Event Walk-in,127.3,52.03,Refunded
ORD_1450,CUST_422,2024-01-27,Creative Studio,Event Walk-in,219.71,113.5,Completed
ORD_1451,CUST_97,2024-08-01,Creative Studio,LinkedIn,472.99,210.07,Completed
ORD_1452,CUST_1407,2025-02-12,Membership,TikTok,203.17,81.78,Completed
ORD_1453,CUST_788,2024-05-07,Event Ticket,Instagram,450.73,252.35,Completed
ORD_1454,CUST_583,2025-06-12,Event Ticket,Event Walk-in,240.36,156.73,Completed
ORD_1455,CUST_599,2024-05-03,Partner Offer,TikTok,140.31,63.18,Completed
ORD_1456,CUST_408,2025-01-01,Workshop,Instagram,124.17,71.71,Completed
ORD_1457,CUST_1073,2024-07-14,Membership,LinkedIn,220.88,137.0,Completed
ORD_1458,CUST_768,2025-06-03,Creative Studio,TikTok,121.96,55.01,Completed
ORD_1459,CUST_1185,2024-04-24,Partner Offer,TikTok,318.42,136.7,Completed
ORD_1460,CUST_882,2025-01-24,Workshop,Instagram,187.99,116.3,Completed
ORD_1461,CUST_474,2024-04-12,Creative Studio,TikTok,489.34,272.01,Refunded
ORD_1462,CUST_791,2024-03-07,Creative Studio,Partnership,57.59,37.92,Completed
ORD_1463,CUST_319,2024-11-03,Membership,TikTok,25.71,7.71,Completed
ORD_1464,CUST_1068,2025-02-03,Corporate Package,LinkedIn,262.71,136.51,Completed
ORD_1465,CUST_104,2024-10-08,Media Package,Partnership,174.24,82.63,Refunded
ORD_1466,CUST_215,2024-02-16,Event Ticket,Instagram,228.33,159.48,Completed
ORD_1467,CUST_226,2024-01-10,Event Ticket,Instagram,304.59,110.65,Completed
ORD_1468,CUST_1287,2025-04-26,Workshop,Event Walk-in,496.71,260.92,Completed
ORD_1469,CUST_1421,2024-08-02,Corporate Package,LinkedIn,71.22,32.12,Completed
ORD_1470,CUST_836,2025-01-15,Media Package,Instagram,44.87,15.59,Completed
ORD_1471,CUST_743,2025-03-05,Event Ticket,Event Walk-in,305.73,93.91,Refunded
ORD_1472,CUST_807,2024-06-04,Workshop,Instagram,123.79,54.36,Completed
ORD_1473,CUST_977,2024-07-04,Creative Studio,Instagram,360.84,213.52,Refunded
ORD_1474,CUST_799,2024-06-15,Event Ticket,Event Walk-in,143.69,62.76,Completed
ORD_1475,CUST_77,2025-02-17,Media Package,TikTok,385.26,251.39,Refunded
ORD_1476,CUST_697,2024-09-28,Media Package,LinkedIn,351.99,146.93,Completed
ORD_1477,CUST_465,2024-01-27,Creative Studio,Referral,168.29,79.43,Refunded
ORD_1478,CUST_977,2024-02-05,Workshop,Instagram,337.03,124.46,Completed
ORD_1479,CUST_19,2025-02-21,Event Ticket,LinkedIn,313.4,218.07,Completed
ORD_1480,CUST_767,2025-06-21,Event Ticket,Instagram,352.42,189.82,Completed
ORD_1481,CUST_1278,2024-12-23,Corporate Package,Event Walk-in,348.93,116.64,Completed
ORD_1482,CUST_596,2024-03-08,Event Ticket,Instagram,159.48,94.06,Completed
ORD_1483,CUST_393,2025-03-01,Corporate Package,LinkedIn,325.13,190.76,Completed
ORD_1484,CUST_989,2024-05-17,Corporate Package,Instagram,491.28,341.23,Completed
ORD_1485,CUST_250,2024-01-01,Creative Studio,Event Walk-in,133.84,74.22,Completed
ORD_1486,CUST_277,2024-09-20,Event Ticket,Partnership,144.06,69.14,Completed
ORD_1487,CUST_1478,2025-01-09,Partner Offer,Partnership,304.51,107.93,Completed
ORD_1488,CUST_229,2024-04-08,Media Package,Instagram,73.12,41.18,Completed
ORD_1489,CUST_1128,2024-07-19,Event Ticket,Google Search,425.68,221.66,Completed
ORD_1490,CUST_1436,2024-05-26,Membership,TikTok,309.1,151.14,Completed
ORD_1491,CUST_1031,2024-04-07,Media Package,Instagram,369.51,236.28,Completed
ORD_1492,CUST_897,2024-04-17,Membership,Instagram,187.5,81.76,Completed
ORD_1493,CUST_105,2024-11-04,Creative Studio,Event Walk-in,185.65,108.03,Cancelled
ORD_1494,CUST_1163,2025-06-16,Media Package,TikTok,378.18,200.17,Cancelled
ORD_1495,CUST_1127,2024-09-30,Workshop,Instagram,118.58,51.16,Completed
ORD_1496,CUST_551,2025-03-08,Creative Studio,Event Walk-in,445.45,163.47,Completed
ORD_1497,CUST_744,2024-02-05,Workshop,Partnership,280.22,122.15,Completed
ORD_1498,CUST_390,2024-02-19,Workshop,Instagram,392.68,150.65,Cancelled
ORD_1499,CUST_540,2024-01-15,Event Ticket,LinkedIn,211.68,123.25,Completed
ORD_1500,CUST_618,2024-08-31,Event Ticket,Google Search,66.22,23.59,Completed
ORD_1501,CUST_692,2025-05-07,Media Package,Instagram,335.46,221.9,Completed
ORD_1502,CUST_1444,2025-02-19,Media Package,Instagram,120.93,45.55,Completed
ORD_1503,CUST_825,2024-09-26,Media Package,Partnership,45.62,20.63,Completed
ORD_1504,CUST_502,2024-10-13,Media Package,Event Walk-in,294.11,138.65,Completed
ORD_1505,CUST_967,2024-12-11,Creative Studio,Instagram,345.85,158.45,Refunded
ORD_1506,CUST_976,2024-09-18,Creative Studio,Partnership,366.56,184.5,Refunded
ORD_1507,CUST_237,2025-04-12,Media Package,Instagram,206.21,68.91,Completed
ORD_1508,CUST_176,2024-12-16,Workshop,LinkedIn,476.76,211.67,Completed
ORD_1509,CUST_799,2025-01-09,Creative Studio,Event Walk-in,486.75,328.2,Completed
ORD_1510,CUST_341,2024-05-09,Event Ticket,Event Walk-in,113.14,59.94,Cancelled
ORD_1511,CUST_217,2024-04-23,Event Ticket,TikTok,151.31,81.65,Completed
ORD_1512,CUST_204,2024-05-09,Corporate Package,Google Search,285.57,160.95,Completed
ORD_1513,CUST_1386,2025-03-22,Media Package,Event Walk-in,411.87,272.41,Refunded
ORD_1514,CUST_1282,2025-05-31,Membership,Event Walk-in,491.47,303.07,Completed
ORD_1515,CUST_11,2025-06-07,Membership,Instagram,498.05,223.38,Completed
ORD_1516,CUST_327,2024-08-15,Workshop,Referral,199.05,123.15,Completed
ORD_1517,CUST_641,2024-12-28,Media Package,Instagram,282.43,158.53,Completed
ORD_1518,CUST_1139,2025-06-27,Media Package,Instagram,226.0,72.78,Completed
ORD_1519,CUST_1149,2025-01-06,Media Package,Instagram,159.0,109.1,Completed
ORD_1520,CUST_188,2025-06-27,Event Ticket,Partnership,344.3,122.76,Completed
ORD_1521,CUST_1197,2024-06-18,Media Package,TikTok,197.11,70.99,Refunded
ORD_1522,CUST_1402,2024-08-19,Corporate Package,Event Walk-in,176.39,86.27,Completed
ORD_1523,CUST_233,2024-06-04,Media Package,LinkedIn,198.56,80.38,Cancelled
ORD_1524,CUST_1107,2025-03-10,Corporate Package,Event Walk-in,231.03,98.91,Completed
ORD_1525,CUST_1086,2025-02-14,Membership,LinkedIn,304.05,149.69,Refunded
ORD_1526,CUST_1449,2025-03-07,Corporate Package,Event Walk-in,494.52,279.69,Completed
ORD_1527,CUST_255,2024-05-19,Media Package,LinkedIn,313.48,189.17,Completed
ORD_1528,CUST_766,2024-03-17,Membership,Instagram,378.15,124.77,Completed
ORD_1529,CUST_513,2024-11-15,Membership,Instagram,45.02,19.2,Completed
ORD_1530,CUST_964,2024-03-09,Event Ticket,TikTok,131.5,83.98,Completed
ORD_1531,CUST_437,2024-05-27,Media Package,Referral,101.23,36.46,Completed
ORD_1532,CUST_971,2024-09-05,Creative Studio,Instagram,247.54,100.36,Completed
ORD_1533,CUST_294,2025-03-05,Creative Studio,Instagram,368.95,177.82,Completed
ORD_1534,CUST_485,2024-12-24,Event Ticket,Google Search,490.13,213.37,Cancelled
ORD_1535,CUST_521,2024-10-09,Event Ticket,TikTok,376.65,117.27,Completed
ORD_1536,CUST_2,2024-06-04,Membership,Google Search,233.27,136.82,Completed
ORD_1537,CUST_642,2024-10-09,Workshop,Referral,226.57,96.1,Completed
ORD_1538,CUST_1420,2024-04-30,Media Package,LinkedIn,316.57,156.57,Completed
ORD_1539,CUST_519,2025-04-27,Membership,Partnership,409.84,231.46,Completed
ORD_1540,CUST_746,2024-05-07,Media Package,Referral,392.88,137.44,Completed
ORD_1541,CUST_178,2024-06-06,Event Ticket,Instagram,273.92,121.99,Cancelled
ORD_1542,CUST_30,2024-12-15,Corporate Package,Partnership,410.59,145.91,Refunded
ORD_1543,CUST_161,2024-02-11,Creative Studio,Event Walk-in,319.42,106.79,Refunded
ORD_1544,CUST_1387,2024-04-25,Media Package,Instagram,37.41,25.69,Completed
ORD_1545,CUST_1493,2024-06-21,Corporate Package,Event Walk-in,386.62,220.0,Completed
ORD_1546,CUST_1472,2025-05-13,Workshop,Instagram,258.87,124.73,Completed
ORD_1547,CUST_62,2024-04-15,Event Ticket,Partnership,467.68,172.37,Completed
ORD_1548,CUST_975,2025-01-06,Membership,TikTok,177.26,83.86,Completed
ORD_1549,CUST_728,2025-05-21,Corporate Package,Partnership,158.59,65.53,Cancelled
ORD_1550,CUST_1012,2025-03-07,Event Ticket,Google Search,405.44,230.9,Completed
ORD_1551,CUST_369,2024-10-13,Corporate Package,TikTok,201.8,84.62,Completed
ORD_1552,CUST_303,2024-09-14,Media Package,Instagram,108.56,51.84,Completed
ORD_1553,CUST_434,2024-09-14,Partner Offer,Referral,331.02,154.18,Completed
ORD_1554,CUST_251,2024-04-13,Media Package,TikTok,53.58,31.27,Completed
ORD_1555,CUST_705,2025-05-21,Membership,Event Walk-in,186.21,55.92,Completed
ORD_1556,CUST_170,2024-09-29,Event Ticket,TikTok,186.49,68.15,Completed
ORD_1557,CUST_190,2025-05-14,Media Package,Partnership,339.64,215.69,Completed
ORD_1558,CUST_41,2025-01-19,Media Package,Partnership,422.78,177.69,Refunded
ORD_1559,CUST_791,2025-01-26,Event Ticket,Partnership,486.08,259.85,Completed
ORD_1560,CUST_451,2024-04-10,Media Package,Event Walk-in,354.33,226.58,Completed
ORD_1561,CUST_232,2024-09-01,Creative Studio,Event Walk-in,245.68,102.05,Completed
ORD_1562,CUST_755,2025-03-07,Workshop,LinkedIn,157.56,88.48,Completed
ORD_1563,CUST_957,2024-02-10,Creative Studio,Event Walk-in,311.31,169.57,Completed
ORD_1564,CUST_681,2025-04-16,Media Package,Partnership,359.74,134.63,Completed
ORD_1565,CUST_490,2025-02-12,Workshop,Google Search,91.07,40.11,Completed
ORD_1566,CUST_335,2025-03-18,Media Package,Instagram,435.15,171.19,Completed
ORD_1567,CUST_1232,2024-07-04,Event Ticket,Instagram,89.07,43.15,Refunded
ORD_1568,CUST_1456,2024-04-11,Membership,Referral,490.66,278.66,Completed
ORD_1569,CUST_1449,2024-01-30,Media Package,Event Walk-in,486.57,257.33,Completed
ORD_1570,CUST_18,2024-09-16,Creative Studio,Partnership,479.56,263.58,Completed
ORD_1571,CUST_1249,2024-12-26,Partner Offer,Google Search,111.57,50.7,Completed
ORD_1572,CUST_637,2025-04-01,Workshop,Event Walk-in,129.54,73.54,Completed
ORD_1573,CUST_677,2024-09-26,Workshop,Referral,338.57,107.73,Completed
ORD_1574,CUST_17,2024-11-25,Workshop,Instagram,118.29,65.03,Completed
ORD_1575,CUST_1226,2024-06-25,Corporate Package,Partnership,201.87,124.36,Refunded
ORD_1576,CUST_696,2024-12-07,Creative Studio,LinkedIn,61.8,33.52,Completed
ORD_1577,CUST_120,2024-08-21,Creative Studio,Partnership,189.44,78.39,Completed
ORD_1578,CUST_52,2024-04-02,Media Package,LinkedIn,304.7,134.85,Completed
ORD_1579,CUST_1237,2025-05-24,Media Package,Instagram,253.46,76.2,Completed
ORD_1580,CUST_1195,2024-07-26,Membership,Instagram,360.83,197.29,Completed
ORD_1581,CUST_800,2024-12-25,Creative Studio,Event Walk-in,261.0,80.7,Completed
ORD_1582,CUST_885,2025-01-05,Workshop,Instagram,307.31,126.01,Cancelled
ORD_1583,CUST_55,2024-11-26,Event Ticket,Partnership,420.73,204.51,Completed
ORD_1584,CUST_190,2024-11-13,Partner Offer,Partnership,392.6,246.01,Completed
ORD_1585,CUST_1404,2024-10-30,Workshop,TikTok,318.84,97.26,Completed
ORD_1586,CUST_1400,2025-02-11,Media Package,LinkedIn,392.71,273.06,Completed
ORD_1587,CUST_346,2024-04-05,Event Ticket,TikTok,208.7,78.65,Completed
ORD_1588,CUST_88,2025-02-18,Corporate Package,Partnership,300.66,200.17,Completed
ORD_1589,CUST_191,2024-12-14,Media Package,Instagram,408.93,141.3,Completed
ORD_1590,CUST_655,2025-01-29,Event Ticket,Instagram,468.09,211.96,Cancelled
ORD_1591,CUST_958,2024-10-27,Media Package,TikTok,478.31,185.4,Cancelled
ORD_1592,CUST_570,2024-11-27,Partner Offer,Google Search,258.56,83.14,Completed
ORD_1593,CUST_602,2024-02-11,Membership,TikTok,138.75,50.65,Completed
ORD_1594,CUST_1491,2024-10-07,Event Ticket,Partnership,220.6,67.75,Completed
ORD_1595,CUST_1069,2024-08-12,Membership,Google Search,68.12,23.29,Completed
ORD_1596,CUST_1485,2024-08-09,Event Ticket,TikTok,452.76,314.66,Completed
ORD_1597,CUST_638,2024-01-22,Corporate Package,Referral,362.38,129.13,Completed
ORD_1598,CUST_880,2025-03-25,Creative Studio,TikTok,404.28,163.53,Completed
ORD_1599,CUST_857,2024-07-15,Creative Studio,Event Walk-in,126.57,70.32,Completed
ORD_1600,CUST_1385,2025-02-13,Media Package,TikTok,24.73,15.69,Refunded
ORD_1601,CUST_1326,2025-01-31,Workshop,Partnership,216.56,107.26,Completed
ORD_1602,CUST_662,2025-01-07,Workshop,Event Walk-in,102.2,44.88,Completed
ORD_1603,CUST_548,2025-01-14,Creative Studio,Event Walk-in,450.76,240.95,Refunded
ORD_1604,CUST_717,2024-08-28,Creative Studio,Partnership,86.71,26.45,Completed
ORD_1605,CUST_304,2024-05-17,Creative Studio,Google Search,217.25,147.92,Completed
ORD_1606,CUST_1035,2024-09-09,Workshop,Referral,123.16,46.25,Completed
ORD_1607,CUST_415,2024-04-08,Partner Offer,Event Walk-in,339.96,143.81,Completed
ORD_1608,CUST_659,2025-06-03,Media Package,LinkedIn,431.27,218.41,Completed
ORD_1609,CUST_363,2024-04-17,Workshop,Instagram,451.69,293.48,Completed
ORD_1610,CUST_68,2024-12-22,Media Package,TikTok,320.52,106.28,Completed
ORD_1611,CUST_953,2024-08-17,Media Package,Event Walk-in,90.76,47.37,Completed
ORD_1612,CUST_338,2024-02-24,Media Package,Google Search,182.54,114.14,Completed
ORD_1613,CUST_146,2025-03-22,Event Ticket,LinkedIn,215.94,129.03,Cancelled
ORD_1614,CUST_254,2024-01-23,Media Package,LinkedIn,353.26,208.23,Completed
ORD_1615,CUST_1083,2024-02-28,Corporate Package,TikTok,393.05,259.56,Completed
ORD_1616,CUST_1015,2024-05-31,Event Ticket,Google Search,112.25,77.2,Completed
ORD_1617,CUST_1443,2024-10-09,Media Package,Event Walk-in,499.2,339.68,Refunded
ORD_1618,CUST_1170,2024-01-29,Media Package,Instagram,346.44,119.44,Completed
ORD_1619,CUST_1370,2024-05-16,Partner Offer,Partnership,267.59,147.88,Completed
ORD_1620,CUST_1004,2025-04-07,Creative Studio,Google Search,441.31,272.07,Completed
ORD_1621,CUST_1167,2024-11-07,Creative Studio,Instagram,184.73,100.89,Completed
ORD_1622,CUST_603,2025-06-04,Partner Offer,Instagram,25.67,11.63,Completed
ORD_1623,CUST_1312,2024-11-18,Corporate Package,Instagram,329.11,125.82,Cancelled
ORD_1624,CUST_1303,2024-02-24,Media Package,Instagram,225.12,98.29,Completed
ORD_1625,CUST_472,2024-05-02,Workshop,Instagram,112.98,43.65,Completed
ORD_1626,CUST_1376,2024-03-06,Media Package,Event Walk-in,338.9,119.33,Completed
ORD_1627,CUST_1380,2024-07-18,Membership,Google Search,44.67,15.2,Completed
ORD_1628,CUST_888,2024-07-02,Corporate Package,Instagram,444.45,201.52,Completed
ORD_1629,CUST_23,2025-05-21,Media Package,Instagram,449.34,143.29,Completed
ORD_1630,CUST_653,2024-04-06,Partner Offer,TikTok,134.39,85.83,Completed
ORD_1631,CUST_519,2025-01-31,Workshop,Partnership,481.14,236.89,Completed
ORD_1632,CUST_92,2025-04-30,Event Ticket,Instagram,456.94,205.03,Completed
ORD_1633,CUST_591,2024-04-08,Creative Studio,Partnership,107.95,64.63,Completed
ORD_1634,CUST_1375,2025-03-16,Corporate Package,TikTok,189.18,117.66,Completed
ORD_1635,CUST_618,2024-07-07,Membership,Google Search,481.72,198.19,Completed
ORD_1636,CUST_434,2024-12-25,Partner Offer,Referral,81.18,24.87,Completed
ORD_1637,CUST_1202,2024-12-13,Media Package,Event Walk-in,455.75,191.63,Completed
ORD_1638,CUST_1035,2024-09-20,Event Ticket,Referral,490.81,149.64,Completed
ORD_1639,CUST_1328,2024-03-01,Media Package,Event Walk-in,292.92,100.4,Completed
ORD_1640,CUST_1399,2024-01-02,Partner Offer,LinkedIn,324.21,171.71,Completed
ORD_1641,CUST_134,2024-01-05,Creative Studio,Event Walk-in,370.81,148.04,Completed
ORD_1642,CUST_322,2025-01-18,Corporate Package,Instagram,52.26,25.59,Cancelled
ORD_1643,CUST_68,2024-07-12,Media Package,TikTok,459.51,284.71,Completed
ORD_1644,CUST_951,2024-08-11,Partner Offer,Instagram,297.27,95.74,Completed
ORD_1645,CUST_573,2024-06-07,Media Package,Event Walk-in,201.66,81.18,Completed
ORD_1646,CUST_201,2025-03-27,Media Package,Instagram,42.38,21.58,Refunded
ORD_1647,CUST_203,2024-06-30,Media Package,Instagram,194.52,111.66,Completed
ORD_1648,CUST_666,2025-03-31,Event Ticket,LinkedIn,344.19,170.33,Completed
ORD_1649,CUST_1297,2024-05-03,Workshop,Google Search,441.11,268.55,Completed
ORD_1650,CUST_198,2024-10-25,Event Ticket,Event Walk-in,423.09,144.97,Completed
ORD_1651,CUST_207,2025-06-14,Event Ticket,Instagram,199.36,85.64,Completed
ORD_1652,CUST_508,2024-07-16,Media Package,Instagram,210.56,144.02,Cancelled
ORD_1653,CUST_1330,2024-12-11,Partner Offer,Event Walk-in,409.37,261.36,Refunded
ORD_1654,CUST_1439,2025-02-02,Workshop,Instagram,122.24,59.61,Refunded
ORD_1655,CUST_57,2024-03-08,Creative Studio,LinkedIn,284.54,157.81,Completed
ORD_1656,CUST_1044,2024-09-02,Partner Offer,Google Search,471.08,254.34,Completed
ORD_1657,CUST_1151,2025-02-17,Event Ticket,Partnership,381.31,157.36,Completed
ORD_1658,CUST_1445,2025-05-06,Workshop,Instagram,312.24,101.2,Refunded
ORD_1659,CUST_219,2024-04-11,Corporate Package,TikTok,281.04,187.54,Completed
ORD_1660,CUST_1424,2024-11-24,Partner Offer,TikTok,277.55,86.49,Completed
ORD_1661,CUST_158,2025-06-28,Media Package,TikTok,418.04,148.19,Completed
ORD_1662,CUST_1197,2024-07-24,Membership,TikTok,445.79,253.27,Completed
ORD_1663,CUST_1182,2024-07-21,Membership,LinkedIn,150.34,73.33,Completed
ORD_1664,CUST_887,2025-02-17,Creative Studio,Partnership,73.17,44.1,Completed
ORD_1665,CUST_822,2024-01-25,Media Package,Instagram,67.44,28.61,Completed
ORD_1666,CUST_906,2025-05-10,Media Package,Instagram,395.71,138.35,Completed
ORD_1667,CUST_459,2024-10-21,Workshop,Partnership,196.87,71.3,Completed
ORD_1668,CUST_856,2025-06-24,Corporate Package,Event Walk-in,212.01,101.65,Completed
ORD_1669,CUST_918,2024-04-01,Creative Studio,Event Walk-in,85.43,37.17,Completed
ORD_1670,CUST_805,2024-06-26,Media Package,Instagram,119.93,78.78,Completed
ORD_1671,CUST_185,2024-01-29,Event Ticket,Instagram,264.19,177.4,Completed
ORD_1672,CUST_1455,2024-07-11,Creative Studio,Event Walk-in,421.26,257.66,Completed
ORD_1673,CUST_760,2025-03-20,Workshop,Google Search,290.29,143.41,Completed
ORD_1674,CUST_1340,2024-07-01,Media Package,TikTok,492.65,206.3,Completed
ORD_1675,CUST_460,2024-02-15,Partner Offer,Event Walk-in,178.8,116.87,Completed
ORD_1676,CUST_1043,2024-07-09,Corporate Package,Instagram,188.31,101.29,Completed
ORD_1677,CUST_879,2024-03-15,Media Package,Event Walk-in,459.77,155.3,Completed
ORD_1678,CUST_811,2024-01-16,Event Ticket,Event Walk-in,305.54,116.29,Completed
ORD_1679,CUST_873,2024-04-29,Partner Offer,Event Walk-in,219.36,68.48,Completed
ORD_1680,CUST_597,2024-09-03,Media Package,Partnership,448.23,192.27,Refunded
ORD_1681,CUST_371,2024-12-04,Partner Offer,TikTok,480.24,145.38,Cancelled
ORD_1682,CUST_224,2024-08-21,Creative Studio,Event Walk-in,241.03,83.97,Completed
ORD_1683,CUST_1206,2024-02-15,Event Ticket,Instagram,464.85,209.72,Completed
ORD_1684,CUST_1113,2024-09-21,Corporate Package,TikTok,61.28,22.71,Completed
ORD_1685,CUST_1200,2024-11-13,Membership,TikTok,141.65,62.26,Refunded
ORD_1686,CUST_1313,2024-10-06,Creative Studio,Referral,183.62,82.69,Completed
ORD_1687,CUST_127,2025-02-27,Creative Studio,TikTok,146.64,95.76,Completed
ORD_1688,CUST_1096,2024-07-13,Workshop,Instagram,170.44,84.35,Completed
ORD_1689,CUST_962,2024-01-11,Media Package,Partnership,468.56,216.86,Completed
ORD_1690,CUST_1044,2025-04-04,Event Ticket,Google Search,378.91,138.98,Completed
ORD_1691,CUST_586,2024-03-13,Media Package,Event Walk-in,62.01,26.29,Completed
ORD_1692,CUST_70,2025-05-15,Event Ticket,TikTok,263.09,82.2,Completed
ORD_1693,CUST_310,2024-06-20,Partner Offer,Referral,268.38,146.47,Completed
ORD_1694,CUST_1033,2025-02-11,Membership,Instagram,263.07,92.69,Completed
ORD_1695,CUST_560,2024-09-24,Event Ticket,Instagram,326.85,150.93,Completed
ORD_1696,CUST_200,2024-07-25,Partner Offer,Event Walk-in,226.7,75.24,Completed
ORD_1697,CUST_1109,2025-05-24,Membership,Google Search,24.04,16.18,Completed
ORD_1698,CUST_1258,2024-02-06,Media Package,Instagram,110.82,71.69,Completed
ORD_1699,CUST_525,2024-08-22,Event Ticket,LinkedIn,236.78,158.79,Completed
ORD_1700,CUST_367,2024-03-26,Workshop,TikTok,202.14,100.7,Completed
ORD_1701,CUST_1474,2024-09-04,Creative Studio,Instagram,128.52,73.64,Completed
ORD_1702,CUST_893,2024-05-26,Creative Studio,Instagram,324.47,138.31,Completed
ORD_1703,CUST_780,2025-05-30,Workshop,Google Search,488.56,204.99,Completed
ORD_1704,CUST_575,2024-08-03,Media Package,Event Walk-in,494.08,283.05,Completed
ORD_1705,CUST_811,2024-01-15,Partner Offer,Event Walk-in,53.89,32.03,Completed
ORD_1706,CUST_664,2024-09-13,Partner Offer,LinkedIn,477.68,202.06,Completed
ORD_1707,CUST_341,2024-07-24,Partner Offer,Event Walk-in,394.65,219.14,Completed
ORD_1708,CUST_182,2025-01-24,Event Ticket,Partnership,255.0,89.95,Completed
ORD_1709,CUST_479,2024-03-06,Membership,LinkedIn,239.25,148.1,Completed
ORD_1710,CUST_815,2024-12-09,Media Package,Referral,126.69,76.34,Completed
ORD_1711,CUST_1483,2025-03-27,Event Ticket,Google Search,192.17,105.06,Completed
ORD_1712,CUST_915,2025-06-25,Membership,Event Walk-in,470.31,303.71,Completed
ORD_1713,CUST_231,2024-11-21,Event Ticket,TikTok,468.84,197.41,Completed
ORD_1714,CUST_659,2025-02-23,Media Package,LinkedIn,385.75,211.27,Completed
ORD_1715,CUST_1275,2024-06-22,Media Package,Instagram,353.35,137.6,Completed
ORD_1716,CUST_279,2024-02-09,Event Ticket,Event Walk-in,194.38,66.31,Completed
ORD_1717,CUST_547,2024-08-27,Event Ticket,Partnership,466.2,161.76,Completed
ORD_1718,CUST_1023,2024-02-29,Workshop,Instagram,377.28,193.84,Completed
ORD_1719,CUST_871,2024-05-02,Corporate Package,TikTok,343.34,178.31,Completed
ORD_1720,CUST_146,2024-02-06,Media Package,LinkedIn,182.61,96.27,Completed
ORD_1721,CUST_220,2025-05-02,Partner Offer,Google Search,364.42,225.1,Completed
ORD_1722,CUST_327,2024-10-16,Media Package,Referral,69.75,21.74,Completed
ORD_1723,CUST_1350,2024-08-31,Media Package,Instagram,104.4,47.5,Completed
ORD_1724,CUST_505,2024-12-19,Partner Offer,Instagram,381.28,182.96,Completed
ORD_1725,CUST_1456,2025-05-05,Partner Offer,Referral,482.74,287.35,Completed
ORD_1726,CUST_597,2025-01-03,Membership,Partnership,471.68,324.1,Completed
ORD_1727,CUST_1050,2024-06-27,Partner Offer,TikTok,219.87,80.91,Completed
ORD_1728,CUST_1408,2024-09-20,Corporate Package,Instagram,364.95,132.7,Completed
ORD_1729,CUST_237,2024-01-22,Creative Studio,Instagram,45.32,21.66,Completed
ORD_1730,CUST_578,2024-02-13,Media Package,Partnership,264.92,179.99,Completed
ORD_1731,CUST_250,2024-08-20,Partner Offer,Event Walk-in,311.07,176.75,Completed
ORD_1732,CUST_683,2024-12-27,Membership,Instagram,449.56,183.46,Completed
ORD_1733,CUST_1188,2025-03-03,Media Package,Instagram,485.47,176.88,Completed
ORD_1734,CUST_294,2025-02-01,Media Package,Instagram,427.43,275.36,Completed
ORD_1735,CUST_572,2025-02-12,Event Ticket,Instagram,486.02,258.25,Completed
ORD_1736,CUST_433,2024-09-08,Membership,Instagram,68.41,31.89,Completed
ORD_1737,CUST_334,2024-07-18,Partner Offer,LinkedIn,101.67,39.81,Completed
ORD_1738,CUST_891,2025-01-07,Partner Offer,Event Walk-in,470.25,291.72,Completed
ORD_1739,CUST_883,2025-02-22,Creative Studio,Instagram,161.25,109.0,Completed
ORD_1740,CUST_1470,2025-02-06,Event Ticket,Instagram,496.84,312.42,Completed
ORD_1741,CUST_1250,2025-04-08,Creative Studio,LinkedIn,474.26,305.18,Completed
ORD_1742,CUST_941,2025-02-26,Event Ticket,Instagram,440.02,267.82,Completed
ORD_1743,CUST_589,2024-06-09,Media Package,Event Walk-in,20.81,9.32,Refunded
ORD_1744,CUST_42,2025-03-18,Membership,LinkedIn,79.75,37.04,Completed
ORD_1745,CUST_810,2024-07-30,Creative Studio,Event Walk-in,266.16,159.55,Completed
ORD_1746,CUST_1448,2024-10-06,Partner Offer,Google Search,91.23,50.51,Completed
ORD_1747,CUST_1234,2024-06-08,Media Package,Referral,161.85,53.45,Completed
ORD_1748,CUST_589,2024-07-21,Event Ticket,Event Walk-in,209.32,105.97,Completed
ORD_1749,CUST_520,2024-09-08,Corporate Package,Partnership,464.94,148.35,Completed
ORD_1750,CUST_1078,2025-05-13,Creative Studio,Event Walk-in,126.73,66.17,Refunded
ORD_1751,CUST_1198,2025-06-27,Workshop,LinkedIn,310.22,153.42,Refunded
ORD_1752,CUST_117,2024-04-09,Workshop,Instagram,310.15,200.13,Completed
ORD_1753,CUST_174,2024-01-09,Partner Offer,TikTok,399.71,201.8,Refunded
ORD_1754,CUST_579,2024-12-05,Corporate Package,TikTok,148.62,81.02,Completed
ORD_1755,CUST_883,2024-12-31,Membership,Instagram,124.85,68.64,Completed
ORD_1756,CUST_841,2024-08-06,Creative Studio,TikTok,221.17,99.26,Completed
ORD_1757,CUST_1016,2024-11-19,Media Package,Event Walk-in,255.75,108.21,Completed
ORD_1758,CUST_149,2025-05-01,Creative Studio,TikTok,358.62,201.78,Completed
ORD_1759,CUST_766,2024-11-06,Event Ticket,Instagram,122.93,50.26,Completed
ORD_1760,CUST_1021,2024-06-04,Event Ticket,TikTok,459.94,215.7,Completed
ORD_1761,CUST_530,2025-02-23,Event Ticket,LinkedIn,114.47,66.38,Completed
ORD_1762,CUST_1490,2025-04-25,Media Package,Event Walk-in,417.76,276.74,Completed
ORD_1763,CUST_1440,2024-09-12,Partner Offer,Instagram,482.82,322.76,Completed
ORD_1764,CUST_529,2024-05-30,Partner Offer,Instagram,405.63,245.89,Completed
ORD_1765,CUST_1498,2024-02-10,Event Ticket,TikTok,329.92,185.34,Completed
ORD_1766,CUST_784,2025-01-23,Media Package,TikTok,383.86,211.88,Completed
ORD_1767,CUST_180,2025-01-06,Partner Offer,Event Walk-in,462.57,147.97,Completed
ORD_1768,CUST_1124,2024-07-05,Creative Studio,Event Walk-in,27.33,8.2,Completed
ORD_1769,CUST_752,2025-05-18,Partner Offer,Event Walk-in,210.76,91.03,Completed
ORD_1770,CUST_634,2024-12-13,Partner Offer,Event Walk-in,217.75,146.74,Refunded
ORD_1771,CUST_575,2024-03-11,Event Ticket,Event Walk-in,172.13,70.1,Completed
ORD_1772,CUST_290,2025-02-07,Partner Offer,Event Walk-in,323.6,204.1,Completed
ORD_1773,CUST_780,2024-07-20,Partner Offer,Google Search,456.62,239.77,Completed
ORD_1774,CUST_1389,2024-03-26,Creative Studio,Event Walk-in,161.46,59.63,Cancelled
ORD_1775,CUST_201,2025-05-21,Event Ticket,Instagram,490.6,157.32,Refunded
ORD_1776,CUST_324,2025-03-03,Partner Offer,Referral,286.83,87.64,Completed
ORD_1777,CUST_377,2024-09-15,Membership,Instagram,138.56,59.21,Completed
ORD_1778,CUST_866,2025-06-16,Partner Offer,Google Search,127.54,58.28,Completed
ORD_1779,CUST_477,2024-11-22,Partner Offer,Instagram,154.22,86.32,Completed
ORD_1780,CUST_1481,2024-09-01,Media Package,TikTok,357.17,237.5,Completed
ORD_1781,CUST_1161,2025-03-19,Creative Studio,Event Walk-in,342.09,120.79,Completed
ORD_1782,CUST_219,2025-04-14,Media Package,TikTok,277.31,124.99,Completed
ORD_1783,CUST_1198,2024-02-02,Event Ticket,LinkedIn,98.51,41.92,Cancelled
ORD_1784,CUST_133,2024-01-11,Workshop,Instagram,184.14,71.44,Completed
ORD_1785,CUST_1199,2025-01-24,Membership,Instagram,137.17,41.64,Completed
ORD_1786,CUST_714,2025-02-01,Event Ticket,Partnership,214.81,69.86,Completed
ORD_1787,CUST_534,2025-01-19,Creative Studio,Event Walk-in,372.34,159.06,Completed
ORD_1788,CUST_1049,2025-03-10,Creative Studio,TikTok,107.95,42.26,Completed
ORD_1789,CUST_1239,2024-12-20,Media Package,Partnership,53.59,26.9,Completed
ORD_1790,CUST_617,2025-05-15,Membership,Google Search,114.86,73.63,Completed
ORD_1791,CUST_1133,2025-04-05,Partner Offer,Instagram,45.95,30.4,Completed
ORD_1792,CUST_298,2024-11-22,Corporate Package,Instagram,404.17,188.58,Refunded
ORD_1793,CUST_1409,2024-01-24,Workshop,Instagram,274.31,112.39,Completed
ORD_1794,CUST_874,2024-04-19,Membership,TikTok,56.4,18.13,Completed
ORD_1795,CUST_1234,2024-03-07,Event Ticket,Referral,301.19,111.66,Completed
ORD_1796,CUST_346,2024-03-30,Corporate Package,TikTok,359.38,138.31,Completed
ORD_1797,CUST_344,2024-01-14,Workshop,Instagram,134.59,54.74,Completed
ORD_1798,CUST_803,2024-03-13,Event Ticket,LinkedIn,406.88,261.66,Completed
ORD_1799,CUST_313,2025-04-16,Media Package,Instagram,285.97,163.84,Completed
ORD_1800,CUST_812,2024-04-18,Media Package,Instagram,313.2,110.94,Completed
ORD_1801,CUST_640,2024-05-22,Membership,Event Walk-in,316.3,158.75,Completed
ORD_1802,CUST_193,2024-03-24,Membership,LinkedIn,60.88,26.82,Completed
ORD_1803,CUST_783,2024-04-03,Event Ticket,LinkedIn,420.84,248.97,Completed
ORD_1804,CUST_531,2024-08-26,Membership,Instagram,255.23,137.71,Completed
ORD_1805,CUST_837,2025-01-31,Creative Studio,LinkedIn,197.36,78.37,Completed
ORD_1806,CUST_310,2025-05-02,Workshop,Referral,234.42,104.3,Completed
ORD_1807,CUST_1403,2025-05-22,Media Package,Instagram,376.87,123.63,Completed
ORD_1808,CUST_842,2024-10-21,Workshop,TikTok,118.1,73.85,Completed
ORD_1809,CUST_1414,2024-03-03,Creative Studio,Event Walk-in,95.1,64.35,Completed
ORD_1810,CUST_855,2024-03-22,Event Ticket,Instagram,115.49,73.17,Completed
ORD_1811,CUST_1260,2024-05-27,Corporate Package,Event Walk-in,243.53,96.49,Completed
ORD_1812,CUST_825,2024-07-12,Media Package,Partnership,166.82,112.28,Completed
ORD_1813,CUST_214,2024-03-18,Membership,TikTok,420.82,264.08,Completed
ORD_1814,CUST_1166,2024-08-21,Event Ticket,Instagram,145.32,89.31,Completed
ORD_1815,CUST_1382,2024-10-30,Media Package,Event Walk-in,133.97,50.84,Completed
ORD_1816,CUST_695,2024-10-19,Membership,Instagram,460.2,271.3,Completed
ORD_1817,CUST_968,2024-12-19,Workshop,Instagram,136.41,41.57,Completed
ORD_1818,CUST_1199,2024-09-14,Membership,Instagram,471.82,264.95,Completed
ORD_1819,CUST_1033,2024-03-04,Event Ticket,Instagram,212.6,73.98,Completed
ORD_1820,CUST_1353,2024-03-02,Media Package,Event Walk-in,446.56,259.8,Completed
ORD_1821,CUST_972,2024-03-22,Media Package,Referral,263.17,171.4,Refunded
ORD_1822,CUST_922,2025-04-01,Event Ticket,Instagram,376.84,240.28,Completed
ORD_1823,CUST_236,2024-03-31,Creative Studio,Instagram,76.18,46.47,Completed
ORD_1824,CUST_199,2025-01-05,Media Package,Instagram,399.05,196.87,Completed
ORD_1825,CUST_1271,2024-03-08,Media Package,Event Walk-in,183.67,100.9,Completed
ORD_1826,CUST_209,2024-11-22,Media Package,LinkedIn,214.72,65.81,Completed
ORD_1827,CUST_319,2025-05-06,Creative Studio,TikTok,175.52,116.84,Completed
ORD_1828,CUST_1205,2025-05-15,Creative Studio,TikTok,62.7,33.13,Cancelled
ORD_1829,CUST_1354,2024-07-13,Membership,Instagram,403.03,211.79,Completed
ORD_1830,CUST_676,2024-12-27,Creative Studio,LinkedIn,23.47,15.89,Refunded
ORD_1831,CUST_1460,2024-11-28,Partner Offer,Event Walk-in,45.86,20.83,Completed
ORD_1832,CUST_1318,2025-02-16,Media Package,LinkedIn,250.87,150.7,Refunded
ORD_1833,CUST_780,2025-04-08,Event Ticket,Google Search,312.55,216.16,Completed
ORD_1834,CUST_1340,2025-01-29,Creative Studio,TikTok,232.99,111.5,Completed
ORD_1835,CUST_951,2024-05-22,Workshop,Instagram,397.61,225.61,Completed
ORD_1836,CUST_396,2024-06-01,Creative Studio,Instagram,374.25,158.63,Completed
ORD_1837,CUST_397,2024-06-25,Event Ticket,Instagram,410.97,274.92,Refunded
ORD_1838,CUST_1,2024-08-10,Event Ticket,Instagram,364.93,228.04,Completed
ORD_1839,CUST_914,2024-06-02,Membership,Event Walk-in,68.59,31.28,Completed
ORD_1840,CUST_1482,2025-05-24,Creative Studio,TikTok,406.23,172.43,Completed
ORD_1841,CUST_185,2024-10-11,Membership,Instagram,487.86,235.62,Completed
ORD_1842,CUST_751,2025-05-26,Creative Studio,TikTok,286.74,189.35,Refunded
ORD_1843,CUST_1069,2024-06-12,Media Package,Google Search,154.6,88.63,Completed
ORD_1844,CUST_469,2024-12-27,Partner Offer,LinkedIn,387.54,213.91,Completed
ORD_1845,CUST_967,2024-11-27,Media Package,Instagram,359.94,217.07,Completed
ORD_1846,CUST_1242,2024-05-24,Membership,Partnership,477.4,152.48,Refunded
ORD_1847,CUST_274,2024-08-09,Creative Studio,Partnership,180.66,116.7,Completed
ORD_1848,CUST_1061,2024-11-11,Media Package,TikTok,189.47,78.87,Completed
ORD_1849,CUST_800,2024-11-14,Media Package,Event Walk-in,497.56,149.92,Completed
ORD_1850,CUST_407,2024-05-04,Media Package,Partnership,337.32,110.15,Completed
ORD_1851,CUST_413,2024-12-15,Media Package,TikTok,149.39,62.08,Completed
ORD_1852,CUST_929,2024-05-11,Creative Studio,Event Walk-in,85.4,46.55,Cancelled
ORD_1853,CUST_443,2024-03-05,Event Ticket,Instagram,446.51,259.49,Completed
ORD_1854,CUST_295,2024-09-09,Membership,Partnership,123.81,59.21,Completed
ORD_1855,CUST_16,2024-08-27,Partner Offer,TikTok,180.47,65.98,Refunded
ORD_1856,CUST_945,2025-05-02,Workshop,Event Walk-in,466.31,148.0,Completed
ORD_1857,CUST_477,2024-12-05,Media Package,Instagram,251.85,162.56,Refunded
ORD_1858,CUST_938,2024-11-25,Workshop,TikTok,315.04,203.88,Completed
ORD_1859,CUST_303,2024-08-22,Media Package,Instagram,402.94,196.62,Completed
ORD_1860,CUST_605,2024-09-12,Media Package,Instagram,283.62,166.81,Completed
ORD_1861,CUST_130,2024-01-20,Creative Studio,LinkedIn,263.71,134.63,Refunded
ORD_1862,CUST_1135,2025-01-28,Workshop,Instagram,396.22,139.35,Completed
ORD_1863,CUST_102,2024-03-24,Media Package,Instagram,487.86,278.83,Completed
ORD_1864,CUST_6,2024-09-29,Event Ticket,Instagram,42.77,14.16,Completed
ORD_1865,CUST_1311,2024-07-16,Workshop,Instagram,62.82,36.95,Completed
ORD_1866,CUST_35,2024-05-26,Creative Studio,Instagram,221.76,101.76,Completed
ORD_1867,CUST_1242,2025-04-30,Membership,Partnership,302.25,115.67,Completed
ORD_1868,CUST_1149,2024-12-01,Creative Studio,Instagram,47.9,25.34,Completed
ORD_1869,CUST_989,2024-05-29,Workshop,Instagram,302.76,176.75,Cancelled
ORD_1870,CUST_647,2025-05-11,Partner Offer,LinkedIn,219.87,67.91,Completed
ORD_1871,CUST_512,2024-07-23,Workshop,Event Walk-in,79.34,52.38,Completed
ORD_1872,CUST_642,2024-05-03,Membership,Referral,107.62,41.04,Completed
ORD_1873,CUST_522,2024-07-18,Media Package,Instagram,371.56,250.31,Completed
ORD_1874,CUST_463,2024-09-11,Workshop,Partnership,312.45,194.17,Completed
ORD_1875,CUST_198,2024-01-12,Membership,Event Walk-in,279.36,146.71,Completed
ORD_1876,CUST_483,2024-10-30,Event Ticket,Google Search,446.19,298.83,Completed
ORD_1877,CUST_1273,2025-03-07,Event Ticket,TikTok,51.48,24.85,Completed
ORD_1878,CUST_1168,2024-05-31,Creative Studio,LinkedIn,183.99,65.36,Completed
ORD_1879,CUST_840,2024-06-09,Media Package,Instagram,475.74,280.39,Completed
ORD_1880,CUST_170,2024-04-20,Partner Offer,TikTok,119.66,44.18,Completed
ORD_1881,CUST_64,2024-07-21,Media Package,Partnership,66.55,32.72,Completed
ORD_1882,CUST_441,2024-06-15,Media Package,LinkedIn,93.77,41.43,Completed
ORD_1883,CUST_565,2024-01-18,Event Ticket,Instagram,85.62,56.44,Refunded
ORD_1884,CUST_425,2025-05-03,Creative Studio,Event Walk-in,186.88,60.5,Completed
ORD_1885,CUST_541,2025-01-19,Media Package,TikTok,34.59,20.88,Completed
ORD_1886,CUST_1357,2024-11-27,Creative Studio,Instagram,141.02,42.88,Completed
ORD_1887,CUST_1001,2024-02-05,Media Package,Instagram,360.6,206.03,Completed
ORD_1888,CUST_378,2024-02-10,Corporate Package,Partnership,35.97,21.27,Completed
ORD_1889,CUST_709,2024-05-15,Media Package,Instagram,421.66,172.99,Refunded
ORD_1890,CUST_730,2024-05-23,Event Ticket,Event Walk-in,144.01,60.17,Completed
ORD_1891,CUST_412,2024-08-28,Event Ticket,Event Walk-in,100.29,40.88,Completed
ORD_1892,CUST_1434,2024-12-31,Creative Studio,Google Search,111.64,47.59,Completed
ORD_1893,CUST_1444,2024-03-12,Media Package,Instagram,401.16,260.33,Completed
ORD_1894,CUST_909,2025-06-21,Creative Studio,LinkedIn,499.21,343.16,Completed
ORD_1895,CUST_217,2024-06-07,Media Package,TikTok,246.64,96.39,Completed
ORD_1896,CUST_304,2024-07-31,Creative Studio,Google Search,58.94,31.29,Completed
ORD_1897,CUST_1475,2024-09-24,Membership,LinkedIn,64.62,45.1,Completed
ORD_1898,CUST_680,2024-01-25,Event Ticket,TikTok,481.84,322.73,Completed
ORD_1899,CUST_165,2024-08-18,Media Package,TikTok,42.34,28.25,Completed
ORD_1900,CUST_1375,2024-08-26,Partner Offer,TikTok,108.43,37.84,Cancelled
ORD_1901,CUST_1431,2024-05-20,Media Package,Instagram,90.43,30.27,Completed
ORD_1902,CUST_1070,2025-02-09,Event Ticket,TikTok,261.38,118.56,Completed
ORD_1903,CUST_506,2025-05-19,Event Ticket,Event Walk-in,235.67,85.35,Completed
ORD_1904,CUST_283,2025-02-28,Media Package,Google Search,164.96,78.75,Completed
ORD_1905,CUST_715,2024-02-06,Membership,Event Walk-in,386.0,131.98,Completed
ORD_1906,CUST_174,2024-01-08,Creative Studio,TikTok,306.48,178.94,Completed
ORD_1907,CUST_237,2025-01-11,Media Package,Instagram,108.07,39.14,Completed
ORD_1908,CUST_1143,2025-02-10,Membership,Event Walk-in,481.0,145.51,Completed
ORD_1909,CUST_203,2024-10-15,Membership,Instagram,438.85,154.67,Completed
ORD_1910,CUST_863,2025-02-01,Event Ticket,Instagram,448.39,167.8,Completed
ORD_1911,CUST_371,2024-09-19,Creative Studio,TikTok,285.15,140.01,Completed
ORD_1912,CUST_1162,2024-09-23,Creative Studio,LinkedIn,485.74,236.82,Completed
ORD_1913,CUST_686,2025-04-07,Event Ticket,TikTok,478.72,233.77,Completed
ORD_1914,CUST_426,2025-06-08,Workshop,Event Walk-in,27.35,14.54,Completed
ORD_1915,CUST_1044,2024-04-25,Event Ticket,Google Search,229.64,125.28,Completed
ORD_1916,CUST_1193,2024-07-29,Membership,Instagram,325.35,210.86,Completed
ORD_1917,CUST_1364,2024-11-01,Corporate Package,Event Walk-in,260.76,178.67,Completed
ORD_1918,CUST_518,2024-11-06,Creative Studio,Google Search,384.36,176.54,Completed
ORD_1919,CUST_462,2024-08-23,Media Package,Instagram,473.3,154.5,Refunded
ORD_1920,CUST_957,2024-09-15,Membership,Event Walk-in,30.85,14.07,Completed
ORD_1921,CUST_468,2024-01-13,Membership,LinkedIn,471.71,216.55,Completed
ORD_1922,CUST_91,2024-12-07,Membership,LinkedIn,253.07,166.6,Refunded
ORD_1923,CUST_968,2025-02-01,Media Package,Instagram,354.68,170.2,Completed
ORD_1924,CUST_424,2025-02-04,Media Package,Referral,49.99,28.05,Completed
ORD_1925,CUST_96,2025-05-18,Media Package,LinkedIn,414.08,267.51,Completed
ORD_1926,CUST_1441,2024-09-11,Event Ticket,TikTok,198.14,112.18,Completed
ORD_1927,CUST_98,2024-01-01,Corporate Package,TikTok,308.37,127.77,Completed
ORD_1928,CUST_329,2024-01-12,Partner Offer,Partnership,86.09,27.12,Refunded
ORD_1929,CUST_938,2024-11-06,Creative Studio,TikTok,228.79,154.48,Completed
ORD_1930,CUST_901,2024-06-12,Event Ticket,TikTok,56.4,37.96,Completed
ORD_1931,CUST_1388,2024-07-14,Partner Offer,Instagram,25.3,11.85,Completed
ORD_1932,CUST_5,2025-01-16,Event Ticket,Instagram,426.4,242.34,Completed
ORD_1933,CUST_314,2024-01-23,Membership,Google Search,219.04,138.0,Completed
ORD_1934,CUST_1409,2024-05-02,Creative Studio,Instagram,173.66,55.43,Completed
ORD_1935,CUST_583,2024-07-28,Event Ticket,Event Walk-in,271.17,177.9,Completed
ORD_1936,CUST_1129,2024-02-01,Corporate Package,Google Search,114.77,77.98,Refunded
ORD_1937,CUST_283,2024-06-27,Event Ticket,Google Search,127.27,80.05,Completed
ORD_1938,CUST_477,2024-08-28,Media Package,Instagram,443.62,156.55,Refunded
ORD_1939,CUST_1283,2024-10-06,Membership,Instagram,445.19,269.85,Completed
ORD_1940,CUST_1281,2025-05-06,Event Ticket,Instagram,197.18,70.26,Completed
ORD_1941,CUST_315,2024-08-08,Event Ticket,LinkedIn,385.03,212.57,Completed
ORD_1942,CUST_643,2024-01-31,Event Ticket,LinkedIn,248.23,120.27,Completed
ORD_1943,CUST_105,2025-04-21,Creative Studio,Event Walk-in,363.93,217.7,Cancelled
ORD_1944,CUST_195,2024-02-15,Media Package,Referral,426.6,131.9,Cancelled
ORD_1945,CUST_1118,2024-10-14,Media Package,Instagram,246.88,81.02,Completed
ORD_1946,CUST_609,2024-07-26,Workshop,Instagram,54.3,16.46,Completed
ORD_1947,CUST_160,2024-10-05,Partner Offer,TikTok,408.31,142.91,Completed
ORD_1948,CUST_1070,2025-04-03,Workshop,TikTok,463.42,316.81,Cancelled
ORD_1949,CUST_1129,2024-02-15,Corporate Package,Google Search,325.18,182.17,Completed
ORD_1950,CUST_916,2025-03-21,Media Package,TikTok,387.35,127.93,Completed
ORD_1951,CUST_109,2024-08-25,Media Package,Partnership,223.14,140.25,Completed
ORD_1952,CUST_252,2024-10-20,Creative Studio,TikTok,75.95,51.54,Completed
ORD_1953,CUST_547,2025-04-12,Workshop,Partnership,134.28,65.25,Completed
ORD_1954,CUST_661,2025-01-17,Media Package,TikTok,175.24,107.46,Completed
ORD_1955,CUST_274,2024-05-29,Creative Studio,Partnership,237.55,120.45,Completed
ORD_1956,CUST_627,2025-02-20,Event Ticket,TikTok,497.22,277.0,Completed
ORD_1957,CUST_957,2025-04-23,Partner Offer,Event Walk-in,312.28,187.55,Completed
ORD_1958,CUST_784,2024-05-31,Workshop,TikTok,265.59,184.92,Completed
ORD_1959,CUST_640,2025-05-21,Media Package,Event Walk-in,482.83,312.18,Completed
ORD_1960,CUST_597,2025-03-18,Event Ticket,Partnership,159.65,54.17,Completed
ORD_1961,CUST_1093,2024-05-20,Creative Studio,Instagram,137.77,84.12,Completed
ORD_1962,CUST_564,2025-04-22,Media Package,Event Walk-in,492.9,302.92,Completed
ORD_1963,CUST_1295,2024-06-17,Corporate Package,Event Walk-in,474.49,177.55,Completed
ORD_1964,CUST_433,2024-05-28,Media Package,Instagram,134.41,50.05,Completed
ORD_1965,CUST_2,2024-06-12,Corporate Package,Google Search,418.04,224.88,Completed
ORD_1966,CUST_1185,2024-07-29,Workshop,TikTok,37.87,19.5,Completed
ORD_1967,CUST_499,2025-03-05,Corporate Package,Instagram,108.21,49.32,Cancelled
ORD_1968,CUST_1321,2024-02-12,Media Package,TikTok,204.37,116.99,Completed
ORD_1969,CUST_1411,2024-09-17,Partner Offer,Referral,295.69,124.22,Completed
ORD_1970,CUST_622,2024-06-17,Workshop,Event Walk-in,241.37,90.68,Completed
ORD_1971,CUST_190,2024-12-08,Media Package,Partnership,178.69,117.76,Completed
ORD_1972,CUST_46,2025-01-17,Media Package,Instagram,82.77,40.84,Completed
ORD_1973,CUST_556,2025-02-06,Membership,TikTok,417.63,269.61,Completed
ORD_1974,CUST_357,2025-02-21,Media Package,TikTok,384.91,141.02,Cancelled
ORD_1975,CUST_456,2024-08-19,Media Package,Event Walk-in,281.52,157.16,Completed
ORD_1976,CUST_1438,2024-07-11,Media Package,TikTok,497.25,199.63,Refunded
ORD_1977,CUST_1428,2025-05-31,Workshop,Instagram,194.38,123.72,Completed
ORD_1978,CUST_1250,2024-03-14,Media Package,LinkedIn,371.65,132.03,Completed
ORD_1979,CUST_174,2025-02-19,Creative Studio,TikTok,392.38,190.36,Completed
ORD_1980,CUST_1397,2024-04-08,Partner Offer,Event Walk-in,466.91,190.14,Completed
ORD_1981,CUST_98,2024-01-17,Event Ticket,TikTok,430.22,191.81,Completed
ORD_1982,CUST_873,2024-07-09,Workshop,Event Walk-in,65.52,38.83,Completed
ORD_1983,CUST_1153,2024-03-09,Membership,Partnership,76.3,29.8,Cancelled
ORD_1984,CUST_613,2025-03-08,Partner Offer,Instagram,145.17,54.86,Completed
ORD_1985,CUST_1365,2024-01-11,Media Package,LinkedIn,336.23,190.58,Completed
ORD_1986,CUST_148,2025-02-01,Creative Studio,TikTok,245.7,99.94,Completed
ORD_1987,CUST_469,2025-05-04,Media Package,LinkedIn,219.5,152.17,Completed
ORD_1988,CUST_1052,2025-05-18,Partner Offer,TikTok,125.03,60.24,Completed
ORD_1989,CUST_527,2024-12-25,Event Ticket,TikTok,259.25,120.55,Completed
ORD_1990,CUST_1490,2025-01-27,Workshop,Event Walk-in,442.9,168.98,Completed
ORD_1991,CUST_1363,2025-03-08,Media Package,Instagram,495.27,282.82,Completed
ORD_1992,CUST_1189,2024-12-25,Partner Offer,TikTok,347.95,173.75,Completed
ORD_1993,CUST_359,2024-01-28,Creative Studio,Partnership,381.01,178.8,Cancelled
ORD_1994,CUST_1059,2024-03-29,Media Package,Instagram,108.07,39.57,Completed
ORD_1995,CUST_723,2024-03-25,Membership,Event Walk-in,219.7,151.58,Completed
ORD_1996,CUST_780,2024-04-06,Media Package,Google Search,224.13,155.21,Completed
ORD_1997,CUST_1329,2024-09-04,Media Package,LinkedIn,155.02,75.75,Completed
ORD_1998,CUST_249,2024-11-26,Creative Studio,LinkedIn,399.55,235.86,Completed
ORD_1999,CUST_1,2025-04-07,Membership,Instagram,170.56,93.28,Completed
ORD_2000,CUST_1015,2024-01-11,Media Package,Google Search,151.01,82.94,Completed
ORD_2001,CUST_765,2024-01-29,Partner Offer,Event Walk-in,414.34,182.32,Completed
ORD_2002,CUST_1182,2025-05-29,Membership,LinkedIn,262.88,120.7,Completed
ORD_2003,CUST_1339,2025-02-01,Workshop,Event Walk-in,203.76,97.55,Completed
ORD_2004,CUST_485,2024-02-19,Membership,Google Search,199.59,136.55,Completed
ORD_2005,CUST_199,2025-06-13,Media Package,Instagram,348.02,231.7,Refunded
ORD_2006,CUST_887,2024-10-27,Corporate Package,Partnership,226.66,158.12,Completed
ORD_2007,CUST_1068,2024-12-05,Creative Studio,LinkedIn,410.65,225.16,Completed
ORD_2008,CUST_558,2024-03-19,Membership,TikTok,59.36,19.34,Completed
ORD_2009,CUST_432,2024-01-06,Creative Studio,Google Search,248.33,158.39,Completed
ORD_2010,CUST_14,2024-06-29,Workshop,Instagram,238.4,117.18,Completed
ORD_2011,CUST_1255,2024-07-06,Membership,Instagram,218.76,123.86,Refunded
ORD_2012,CUST_690,2025-05-20,Membership,Instagram,296.63,172.99,Completed
ORD_2013,CUST_665,2024-04-28,Event Ticket,Google Search,288.01,126.89,Completed
ORD_2014,CUST_334,2024-01-25,Creative Studio,LinkedIn,218.2,134.18,Completed
ORD_2015,CUST_450,2025-03-16,Event Ticket,Instagram,93.02,29.41,Completed
ORD_2016,CUST_1426,2025-01-12,Media Package,Referral,458.43,295.88,Completed
ORD_2017,CUST_376,2025-04-30,Event Ticket,Google Search,481.86,229.45,Completed
ORD_2018,CUST_1189,2025-03-08,Event Ticket,TikTok,401.4,153.36,Completed
ORD_2019,CUST_589,2025-01-01,Media Package,Event Walk-in,162.33,101.88,Completed
ORD_2020,CUST_1128,2024-09-06,Partner Offer,Google Search,191.23,78.43,Refunded
ORD_2021,CUST_20,2024-05-03,Event Ticket,Google Search,351.09,192.13,Completed
ORD_2022,CUST_286,2024-07-10,Media Package,TikTok,116.62,38.53,Completed
ORD_2023,CUST_554,2025-01-17,Media Package,Partnership,210.39,142.22,Completed
ORD_2024,CUST_328,2024-07-08,Media Package,TikTok,136.18,67.7,Completed
ORD_2025,CUST_2,2024-02-10,Membership,Google Search,185.92,112.93,Completed
ORD_2026,CUST_908,2024-05-16,Workshop,Google Search,51.39,18.16,Completed
ORD_2027,CUST_1096,2025-01-15,Event Ticket,Instagram,32.46,10.54,Completed
ORD_2028,CUST_565,2024-04-25,Media Package,Instagram,77.2,26.42,Completed
ORD_2029,CUST_612,2025-06-27,Event Ticket,TikTok,392.43,179.63,Refunded
ORD_2030,CUST_1278,2024-05-20,Creative Studio,Event Walk-in,59.95,41.46,Completed
ORD_2031,CUST_840,2025-05-06,Workshop,Instagram,165.0,62.81,Completed
ORD_2032,CUST_1306,2025-05-01,Media Package,Instagram,360.92,132.58,Completed
ORD_2033,CUST_928,2024-06-25,Creative Studio,Partnership,390.91,122.79,Completed
ORD_2034,CUST_586,2024-03-13,Event Ticket,Event Walk-in,497.66,342.54,Completed
ORD_2035,CUST_1409,2025-06-06,Event Ticket,Instagram,252.86,128.39,Completed
ORD_2036,CUST_1148,2025-05-04,Media Package,TikTok,278.29,94.72,Cancelled
ORD_2037,CUST_756,2024-06-17,Membership,Partnership,396.25,119.96,Completed
ORD_2038,CUST_492,2025-01-05,Partner Offer,Event Walk-in,66.84,35.61,Completed
ORD_2039,CUST_201,2025-02-20,Event Ticket,Instagram,420.9,132.79,Completed
ORD_2040,CUST_916,2024-11-24,Workshop,TikTok,370.31,159.13,Completed
ORD_2041,CUST_1286,2025-01-17,Creative Studio,TikTok,400.74,280.13,Completed
ORD_2042,CUST_1140,2024-08-18,Workshop,Instagram,498.6,279.2,Completed
ORD_2043,CUST_260,2025-06-05,Corporate Package,TikTok,417.93,192.67,Completed
ORD_2044,CUST_1356,2024-06-10,Membership,Event Walk-in,151.26,55.17,Completed
ORD_2045,CUST_711,2025-05-24,Workshop,Event Walk-in,209.94,88.43,Completed
ORD_2046,CUST_1112,2024-02-01,Creative Studio,Partnership,338.04,188.31,Completed
ORD_2047,CUST_1353,2024-05-29,Workshop,Event Walk-in,245.13,166.19,Completed
ORD_2048,CUST_1045,2024-10-11,Creative Studio,Event Walk-in,486.78,204.89,Completed
ORD_2049,CUST_262,2024-12-15,Creative Studio,Instagram,44.43,25.12,Completed
ORD_2050,CUST_591,2024-11-30,Partner Offer,Partnership,241.12,165.71,Refunded
ORD_2051,CUST_1351,2025-04-26,Media Package,Event Walk-in,335.48,163.18,Completed
ORD_2052,CUST_739,2024-05-20,Media Package,TikTok,348.69,195.46,Completed
ORD_2053,CUST_510,2025-05-16,Partner Offer,Instagram,207.69,125.63,Completed
ORD_2054,CUST_282,2024-03-05,Membership,Google Search,373.14,124.52,Completed
ORD_2055,CUST_1204,2024-10-04,Corporate Package,Google Search,279.68,132.59,Completed
ORD_2056,CUST_574,2024-08-21,Creative Studio,Instagram,364.73,209.43,Refunded
ORD_2057,CUST_786,2024-09-02,Media Package,Event Walk-in,383.28,256.17,Completed
ORD_2058,CUST_936,2024-11-09,Membership,Google Search,445.91,228.98,Completed
ORD_2059,CUST_1246,2025-02-25,Membership,TikTok,291.06,200.36,Completed
ORD_2060,CUST_983,2024-07-11,Workshop,Instagram,132.07,75.58,Refunded
ORD_2061,CUST_1197,2024-05-22,Workshop,TikTok,289.4,125.26,Completed
ORD_2062,CUST_873,2024-07-13,Media Package,Event Walk-in,311.1,104.65,Completed
ORD_2063,CUST_1096,2024-11-24,Membership,Instagram,444.26,284.25,Completed
ORD_2064,CUST_691,2025-06-16,Event Ticket,Instagram,63.26,29.71,Completed
ORD_2065,CUST_599,2024-10-25,Media Package,TikTok,425.13,284.03,Completed
ORD_2066,CUST_989,2024-12-11,Membership,Instagram,96.16,35.72,Completed
ORD_2067,CUST_675,2025-05-23,Creative Studio,Instagram,498.38,153.04,Completed
ORD_2068,CUST_118,2024-10-04,Partner Offer,Event Walk-in,296.07,142.06,Completed
ORD_2069,CUST_105,2024-12-15,Event Ticket,Event Walk-in,178.78,124.98,Completed
ORD_2070,CUST_1160,2024-09-15,Event Ticket,Instagram,422.49,214.18,Completed
ORD_2071,CUST_86,2025-02-06,Event Ticket,Instagram,485.16,178.04,Completed
ORD_2072,CUST_1008,2024-09-17,Partner Offer,TikTok,454.67,246.77,Completed
ORD_2073,CUST_1431,2024-10-10,Media Package,Instagram,288.34,182.82,Completed
ORD_2074,CUST_467,2024-09-29,Event Ticket,Instagram,123.56,74.41,Completed
ORD_2075,CUST_391,2025-05-16,Media Package,TikTok,20.03,8.45,Completed
ORD_2076,CUST_116,2025-01-31,Creative Studio,TikTok,489.2,264.17,Completed
ORD_2077,CUST_1170,2024-05-05,Creative Studio,Instagram,42.34,28.85,Completed
ORD_2078,CUST_1031,2024-02-25,Event Ticket,Instagram,227.68,156.08,Completed
ORD_2079,CUST_410,2024-04-20,Media Package,Event Walk-in,345.13,207.21,Completed
ORD_2080,CUST_678,2024-04-08,Partner Offer,LinkedIn,293.01,102.79,Completed
ORD_2081,CUST_1458,2024-07-28,Event Ticket,Partnership,474.89,227.27,Completed
ORD_2082,CUST_288,2024-03-02,Event Ticket,Google Search,143.52,80.95,Completed
ORD_2083,CUST_376,2024-10-10,Membership,Google Search,82.85,41.01,Completed
ORD_2084,CUST_573,2024-08-13,Media Package,Event Walk-in,89.75,27.01,Completed
ORD_2085,CUST_967,2024-09-30,Partner Offer,Instagram,180.82,57.88,Completed
ORD_2086,CUST_112,2024-08-30,Event Ticket,TikTok,486.42,262.08,Completed
ORD_2087,CUST_950,2024-11-20,Workshop,LinkedIn,302.21,188.36,Completed
ORD_2088,CUST_389,2025-01-27,Membership,Partnership,45.94,27.29,Completed
ORD_2089,CUST_645,2024-06-13,Event Ticket,TikTok,367.88,146.47,Completed
ORD_2090,CUST_188,2024-10-03,Workshop,Partnership,23.38,13.09,Completed
ORD_2091,CUST_1080,2024-09-09,Corporate Package,Event Walk-in,366.71,171.54,Completed
ORD_2092,CUST_1382,2025-04-15,Media Package,Event Walk-in,492.31,295.73,Refunded
ORD_2093,CUST_659,2024-08-13,Membership,LinkedIn,116.81,54.03,Completed
ORD_2094,CUST_993,2024-11-11,Creative Studio,Instagram,420.69,265.81,Refunded
ORD_2095,CUST_1453,2025-01-30,Creative Studio,Google Search,69.59,44.97,Completed
ORD_2096,CUST_977,2024-03-24,Creative Studio,Instagram,253.99,119.77,Completed
ORD_2097,CUST_1013,2024-06-02,Workshop,Event Walk-in,298.41,140.19,Completed
ORD_2098,CUST_862,2025-01-24,Event Ticket,TikTok,152.92,90.04,Completed
ORD_2099,CUST_1331,2024-07-29,Corporate Package,TikTok,264.05,106.82,Completed
ORD_2100,CUST_1459,2025-06-20,Creative Studio,Referral,90.14,31.89,Completed
ORD_2101,CUST_157,2025-06-03,Media Package,LinkedIn,145.65,75.27,Completed
ORD_2102,CUST_1416,2024-07-29,Creative Studio,Instagram,61.55,41.99,Completed
ORD_2103,CUST_1082,2025-01-21,Event Ticket,LinkedIn,144.54,87.43,Completed
ORD_2104,CUST_167,2024-08-11,Creative Studio,Instagram,267.93,100.33,Completed
ORD_2105,CUST_939,2024-09-11,Media Package,Event Walk-in,168.01,72.99,Refunded
ORD_2106,CUST_1439,2025-01-23,Media Package,Instagram,427.52,239.62,Completed
ORD_2107,CUST_618,2024-01-25,Media Package,Google Search,342.64,130.63,Completed
ORD_2108,CUST_302,2024-03-07,Media Package,Event Walk-in,186.67,77.99,Completed
ORD_2109,CUST_1202,2025-02-02,Media Package,Event Walk-in,235.53,101.53,Completed
ORD_2110,CUST_321,2024-01-21,Media Package,Google Search,329.21,209.79,Completed
ORD_2111,CUST_1317,2025-03-10,Event Ticket,Partnership,499.34,200.38,Completed
ORD_2112,CUST_968,2024-08-22,Membership,Instagram,181.2,80.89,Refunded
ORD_2113,CUST_232,2024-09-23,Media Package,Event Walk-in,456.97,202.69,Completed
ORD_2114,CUST_681,2025-06-13,Media Package,Partnership,313.99,120.66,Completed
ORD_2115,CUST_916,2024-02-07,Partner Offer,TikTok,91.51,34.7,Completed
ORD_2116,CUST_37,2024-08-22,Event Ticket,TikTok,437.4,280.53,Refunded
ORD_2117,CUST_204,2024-04-04,Media Package,Google Search,276.05,179.36,Completed
ORD_2118,CUST_597,2024-09-13,Event Ticket,Partnership,74.53,24.84,Refunded
ORD_2119,CUST_160,2025-04-08,Event Ticket,TikTok,294.15,140.43,Completed
ORD_2120,CUST_1207,2025-03-22,Membership,Event Walk-in,391.07,186.07,Refunded
ORD_2121,CUST_646,2024-08-22,Creative Studio,LinkedIn,463.45,315.09,Completed
ORD_2122,CUST_1288,2024-03-09,Membership,Instagram,446.36,256.91,Completed
ORD_2123,CUST_728,2024-02-23,Media Package,Partnership,292.98,125.73,Completed
ORD_2124,CUST_867,2024-06-29,Membership,TikTok,492.27,195.39,Completed
ORD_2125,CUST_1465,2025-03-09,Corporate Package,Instagram,184.79,101.64,Completed
ORD_2126,CUST_406,2024-07-19,Media Package,TikTok,132.12,43.35,Completed
ORD_2127,CUST_371,2024-04-13,Membership,TikTok,432.72,263.03,Completed
ORD_2128,CUST_1148,2025-06-30,Event Ticket,TikTok,411.09,248.42,Completed
ORD_2129,CUST_96,2025-01-12,Media Package,LinkedIn,228.01,148.13,Completed
ORD_2130,CUST_1431,2024-07-10,Membership,Instagram,188.77,126.3,Completed
ORD_2131,CUST_745,2024-06-24,Workshop,Partnership,467.88,303.01,Completed
ORD_2132,CUST_646,2024-01-22,Media Package,LinkedIn,477.33,240.58,Refunded
ORD_2133,CUST_1202,2025-02-07,Event Ticket,Event Walk-in,136.26,86.86,Completed
ORD_2134,CUST_915,2024-06-08,Corporate Package,Event Walk-in,412.33,172.1,Completed
ORD_2135,CUST_926,2025-01-11,Media Package,Event Walk-in,325.56,162.64,Completed
ORD_2136,CUST_84,2024-09-08,Media Package,Event Walk-in,203.8,113.71,Completed
ORD_2137,CUST_246,2024-09-11,Event Ticket,LinkedIn,412.19,240.34,Completed
ORD_2138,CUST_170,2024-02-13,Event Ticket,TikTok,427.64,159.17,Completed
ORD_2139,CUST_1195,2024-01-01,Membership,Instagram,21.1,6.56,Completed
ORD_2140,CUST_1219,2025-05-16,Media Package,Instagram,468.88,302.0,Completed
ORD_2141,CUST_208,2025-02-17,Corporate Package,Instagram,450.71,243.89,Completed
ORD_2142,CUST_233,2025-06-16,Creative Studio,LinkedIn,171.68,78.05,Completed
ORD_2143,CUST_245,2025-02-18,Workshop,Event Walk-in,444.45,304.14,Completed
ORD_2144,CUST_1313,2025-02-21,Event Ticket,Referral,427.52,222.99,Refunded
ORD_2145,CUST_151,2024-05-09,Workshop,Referral,430.94,296.98,Completed
ORD_2146,CUST_549,2025-01-11,Corporate Package,TikTok,221.77,86.29,Completed
ORD_2147,CUST_1068,2025-02-26,Creative Studio,LinkedIn,405.58,268.55,Completed
ORD_2148,CUST_497,2024-01-25,Creative Studio,TikTok,411.63,215.42,Completed
ORD_2149,CUST_1232,2024-01-17,Membership,Instagram,459.78,316.2,Completed
ORD_2150,CUST_877,2024-05-30,Creative Studio,Instagram,495.64,254.88,Completed
ORD_2151,CUST_456,2024-05-23,Media Package,Event Walk-in,359.49,177.44,Completed
ORD_2152,CUST_318,2024-09-07,Event Ticket,Instagram,38.45,22.04,Refunded
ORD_2153,CUST_640,2025-03-25,Membership,Event Walk-in,428.0,156.13,Completed
ORD_2154,CUST_1322,2025-04-21,Creative Studio,Partnership,51.55,28.9,Completed
ORD_2155,CUST_88,2024-05-13,Creative Studio,Partnership,258.78,140.53,Completed
ORD_2156,CUST_852,2024-05-29,Corporate Package,Event Walk-in,183.62,75.71,Refunded
ORD_2157,CUST_960,2024-10-29,Creative Studio,Referral,276.78,138.49,Completed
ORD_2158,CUST_573,2025-01-30,Corporate Package,Event Walk-in,474.11,145.42,Refunded
ORD_2159,CUST_847,2024-03-20,Media Package,TikTok,256.48,137.74,Completed
ORD_2160,CUST_126,2025-06-08,Media Package,Instagram,487.52,238.63,Completed
ORD_2161,CUST_1312,2025-05-05,Event Ticket,Instagram,135.11,89.64,Completed
ORD_2162,CUST_113,2024-11-13,Partner Offer,Instagram,277.84,152.94,Completed
ORD_2163,CUST_1491,2024-04-13,Event Ticket,Partnership,262.43,89.75,Completed
ORD_2164,CUST_1374,2024-10-03,Event Ticket,Instagram,198.77,120.31,Completed
ORD_2165,CUST_1177,2025-06-17,Creative Studio,Instagram,92.83,54.32,Completed
ORD_2166,CUST_1122,2024-12-08,Workshop,Event Walk-in,308.71,169.25,Completed
ORD_2167,CUST_490,2024-11-30,Membership,Google Search,235.65,75.54,Completed
ORD_2168,CUST_566,2025-06-13,Media Package,Referral,342.18,175.61,Refunded
ORD_2169,CUST_1218,2025-05-14,Creative Studio,Instagram,483.65,212.23,Completed
ORD_2170,CUST_918,2025-06-02,Event Ticket,Event Walk-in,34.06,19.47,Cancelled
ORD_2171,CUST_470,2025-01-21,Creative Studio,TikTok,487.04,148.25,Completed
ORD_2172,CUST_220,2024-09-30,Event Ticket,Google Search,206.75,99.37,Completed
ORD_2173,CUST_1459,2024-07-20,Event Ticket,Referral,80.64,55.81,Completed
ORD_2174,CUST_285,2025-02-07,Membership,Instagram,391.95,232.71,Completed
ORD_2175,CUST_629,2024-01-13,Partner Offer,Event Walk-in,89.41,40.88,Completed
ORD_2176,CUST_1124,2024-07-17,Creative Studio,Event Walk-in,478.68,239.71,Completed
ORD_2177,CUST_341,2024-06-04,Creative Studio,Event Walk-in,44.08,16.06,Completed
ORD_2178,CUST_1417,2024-08-03,Event Ticket,TikTok,135.46,66.02,Completed
ORD_2179,CUST_700,2024-02-08,Membership,Instagram,124.75,85.05,Completed
ORD_2180,CUST_485,2024-03-08,Membership,Google Search,445.06,284.06,Refunded
ORD_2181,CUST_599,2024-06-18,Partner Offer,TikTok,35.28,13.15,Completed
ORD_2182,CUST_978,2024-03-22,Media Package,LinkedIn,279.62,160.56,Completed
ORD_2183,CUST_133,2024-12-16,Media Package,Instagram,370.9,118.51,Cancelled
ORD_2184,CUST_544,2025-04-25,Partner Offer,Partnership,337.5,214.45,Completed
ORD_2185,CUST_1050,2024-12-04,Media Package,TikTok,368.37,143.08,Completed
ORD_2186,CUST_945,2024-06-08,Media Package,Event Walk-in,394.06,223.42,Completed
ORD_2187,CUST_1402,2025-06-16,Media Package,Event Walk-in,83.59,27.66,Completed
ORD_2188,CUST_626,2024-09-08,Membership,Event Walk-in,286.52,132.2,Completed
ORD_2189,CUST_1363,2025-05-09,Membership,Instagram,151.3,74.94,Refunded
ORD_2190,CUST_261,2024-11-03,Media Package,Instagram,155.84,70.22,Completed
ORD_2191,CUST_703,2025-02-18,Event Ticket,Instagram,133.28,41.98,Completed
ORD_2192,CUST_303,2024-09-20,Event Ticket,Instagram,360.28,163.3,Completed
ORD_2193,CUST_907,2024-08-16,Corporate Package,Referral,215.03,138.62,Completed
ORD_2194,CUST_604,2024-09-11,Media Package,Instagram,199.5,111.66,Completed
ORD_2195,CUST_1425,2024-04-10,Media Package,Event Walk-in,66.99,27.78,Completed
ORD_2196,CUST_330,2025-02-26,Workshop,TikTok,241.75,152.62,Completed
ORD_2197,CUST_129,2024-12-05,Membership,Google Search,444.54,171.92,Completed
ORD_2198,CUST_243,2025-05-07,Partner Offer,LinkedIn,27.03,14.35,Completed
ORD_2199,CUST_1462,2024-11-17,Partner Offer,Instagram,366.01,136.49,Completed
ORD_2200,CUST_693,2025-02-19,Workshop,Instagram,225.6,94.31,Completed
ORD_2201,CUST_683,2025-04-29,Partner Offer,Instagram,24.34,9.26,Completed
ORD_2202,CUST_272,2025-01-14,Event Ticket,Event Walk-in,200.95,130.08,Completed
ORD_2203,CUST_123,2025-05-18,Partner Offer,LinkedIn,262.64,175.42,Completed
ORD_2204,CUST_973,2024-08-07,Creative Studio,Google Search,408.42,178.32,Completed
ORD_2205,CUST_97,2024-10-20,Membership,LinkedIn,288.02,167.66,Completed
ORD_2206,CUST_870,2024-12-10,Event Ticket,LinkedIn,296.32,160.28,Completed
ORD_2207,CUST_832,2025-01-20,Corporate Package,Instagram,190.64,96.25,Completed
ORD_2208,CUST_994,2024-03-25,Workshop,TikTok,203.28,86.14,Completed
ORD_2209,CUST_621,2025-03-14,Media Package,Instagram,301.4,158.02,Completed
ORD_2210,CUST_577,2024-06-04,Partner Offer,Instagram,121.03,45.06,Completed
ORD_2211,CUST_1082,2024-06-30,Event Ticket,LinkedIn,239.04,140.77,Completed
ORD_2212,CUST_641,2025-01-10,Media Package,Instagram,55.55,36.82,Refunded
ORD_2213,CUST_451,2024-12-31,Media Package,Event Walk-in,175.47,63.6,Completed
ORD_2214,CUST_1449,2024-06-18,Corporate Package,Event Walk-in,124.04,50.78,Completed
ORD_2215,CUST_271,2024-02-09,Partner Offer,Referral,163.33,78.75,Completed
ORD_2216,CUST_1497,2024-02-10,Media Package,Instagram,170.29,87.54,Completed
ORD_2217,CUST_489,2024-07-15,Workshop,Instagram,58.32,29.2,Refunded
ORD_2218,CUST_729,2025-05-17,Event Ticket,Instagram,194.41,75.95,Completed
ORD_2219,CUST_777,2025-06-22,Event Ticket,Instagram,111.97,49.89,Completed
ORD_2220,CUST_577,2024-05-21,Event Ticket,Instagram,104.25,72.0,Completed
ORD_2221,CUST_750,2024-09-23,Event Ticket,Partnership,311.22,103.11,Completed
ORD_2222,CUST_467,2025-06-11,Event Ticket,Instagram,257.87,82.69,Completed
ORD_2223,CUST_767,2024-10-17,Event Ticket,Instagram,475.8,168.14,Refunded
ORD_2224,CUST_1264,2024-06-15,Media Package,Event Walk-in,27.94,11.13,Completed
ORD_2225,CUST_1200,2025-01-02,Partner Offer,TikTok,155.33,65.77,Completed
ORD_2226,CUST_846,2025-02-14,Creative Studio,LinkedIn,286.91,95.67,Refunded
ORD_2227,CUST_801,2024-11-12,Media Package,LinkedIn,428.67,184.89,Completed
ORD_2228,CUST_858,2025-04-17,Event Ticket,Event Walk-in,78.54,38.46,Completed
ORD_2229,CUST_274,2024-03-22,Event Ticket,Partnership,221.33,137.66,Refunded
ORD_2230,CUST_380,2024-05-31,Event Ticket,Event Walk-in,359.64,171.49,Completed
ORD_2231,CUST_423,2024-06-01,Media Package,Instagram,126.81,51.2,Completed
ORD_2232,CUST_635,2024-12-06,Media Package,TikTok,84.45,45.59,Completed
ORD_2233,CUST_498,2025-05-08,Creative Studio,Partnership,37.24,17.58,Completed
ORD_2234,CUST_705,2024-11-05,Partner Offer,Event Walk-in,106.89,50.8,Completed
ORD_2235,CUST_1485,2025-04-29,Media Package,TikTok,277.74,113.98,Completed
ORD_2236,CUST_1351,2025-02-04,Membership,Event Walk-in,371.91,189.17,Completed
ORD_2237,CUST_576,2024-02-02,Corporate Package,TikTok,339.08,183.39,Completed
ORD_2238,CUST_58,2025-02-02,Membership,Event Walk-in,56.25,17.27,Completed
ORD_2239,CUST_770,2025-02-11,Workshop,Partnership,349.93,222.77,Refunded
ORD_2240,CUST_1285,2025-04-05,Event Ticket,LinkedIn,281.4,110.86,Completed
ORD_2241,CUST_1432,2025-03-08,Media Package,Partnership,242.72,134.33,Cancelled
ORD_2242,CUST_221,2024-07-07,Event Ticket,TikTok,466.95,155.76,Completed
ORD_2243,CUST_1042,2024-09-13,Creative Studio,Google Search,209.39,88.06,Completed
ORD_2244,CUST_323,2024-12-08,Event Ticket,Event Walk-in,424.87,146.53,Refunded
ORD_2245,CUST_1211,2024-09-02,Media Package,Instagram,349.61,129.08,Completed
ORD_2246,CUST_21,2024-10-11,Partner Offer,TikTok,450.41,243.14,Completed
ORD_2247,CUST_984,2025-03-03,Event Ticket,Event Walk-in,24.66,13.3,Completed
ORD_2248,CUST_10,2025-01-04,Media Package,Event Walk-in,339.96,214.79,Completed
ORD_2249,CUST_853,2025-01-16,Creative Studio,LinkedIn,215.79,148.15,Completed
ORD_2250,CUST_79,2025-05-28,Membership,TikTok,403.06,168.43,Completed
ORD_2251,CUST_10,2025-06-01,Membership,Event Walk-in,335.37,176.11,Completed
ORD_2252,CUST_1207,2025-06-25,Partner Offer,Event Walk-in,451.27,257.71,Completed
ORD_2253,CUST_776,2024-07-20,Creative Studio,Event Walk-in,346.62,147.68,Refunded
ORD_2254,CUST_1103,2024-02-10,Media Package,Event Walk-in,312.88,170.28,Completed
ORD_2255,CUST_1270,2024-10-24,Media Package,LinkedIn,353.94,145.46,Completed
ORD_2256,CUST_733,2024-02-15,Membership,Instagram,493.93,302.39,Completed
ORD_2257,CUST_377,2024-03-05,Media Package,Instagram,333.95,111.21,Refunded
ORD_2258,CUST_667,2025-04-19,Partner Offer,Instagram,484.31,254.31,Completed
ORD_2259,CUST_1412,2024-08-24,Partner Offer,LinkedIn,56.05,16.84,Completed
ORD_2260,CUST_1088,2024-08-16,Creative Studio,Referral,49.25,21.62,Completed
ORD_2261,CUST_645,2024-02-09,Workshop,TikTok,238.33,141.14,Completed
ORD_2262,CUST_580,2024-09-17,Creative Studio,Instagram,377.06,245.3,Completed
ORD_2263,CUST_19,2024-08-22,Event Ticket,LinkedIn,281.3,147.23,Cancelled
ORD_2264,CUST_678,2025-04-05,Membership,LinkedIn,83.88,55.04,Completed
ORD_2265,CUST_282,2024-02-18,Partner Offer,Google Search,192.08,66.8,Completed
ORD_2266,CUST_121,2024-10-07,Media Package,Event Walk-in,214.31,94.25,Refunded
ORD_2267,CUST_396,2025-03-02,Event Ticket,Instagram,400.89,121.04,Refunded
ORD_2268,CUST_995,2024-11-09,Workshop,Instagram,229.04,94.65,Completed
ORD_2269,CUST_429,2025-05-23,Partner Offer,Partnership,225.82,70.94,Completed
ORD_2270,CUST_501,2024-10-21,Workshop,TikTok,343.28,220.68,Refunded
ORD_2271,CUST_1303,2025-02-02,Media Package,Instagram,467.33,209.63,Completed
ORD_2272,CUST_63,2024-07-24,Event Ticket,Referral,363.91,233.44,Completed
ORD_2273,CUST_1283,2024-12-02,Media Package,Instagram,320.93,103.11,Refunded
ORD_2274,CUST_702,2024-01-22,Event Ticket,TikTok,149.43,86.47,Refunded
ORD_2275,CUST_731,2024-09-21,Event Ticket,TikTok,325.64,141.95,Completed
ORD_2276,CUST_843,2024-09-20,Creative Studio,Partnership,144.31,48.01,Refunded
ORD_2277,CUST_1230,2024-07-27,Media Package,Event Walk-in,422.57,236.46,Completed
ORD_2278,CUST_1266,2024-10-22,Creative Studio,LinkedIn,54.49,16.35,Completed
ORD_2279,CUST_668,2024-03-11,Event Ticket,TikTok,195.53,127.22,Completed
ORD_2280,CUST_1160,2024-05-04,Corporate Package,Instagram,41.35,13.79,Completed
ORD_2281,CUST_66,2024-09-02,Event Ticket,Event Walk-in,363.03,179.2,Completed
ORD_2282,CUST_483,2024-10-03,Partner Offer,Google Search,104.82,47.11,Completed
ORD_2283,CUST_384,2025-04-07,Creative Studio,Instagram,114.78,61.21,Completed
ORD_2284,CUST_431,2025-04-21,Media Package,Event Walk-in,457.42,237.36,Completed
ORD_2285,CUST_968,2024-10-11,Workshop,Instagram,66.34,24.98,Completed
ORD_2286,CUST_189,2024-04-04,Creative Studio,Partnership,399.15,179.45,Completed
ORD_2287,CUST_1341,2024-07-12,Media Package,TikTok,60.91,37.17,Completed
ORD_2288,CUST_1186,2024-01-19,Partner Offer,Google Search,41.64,20.06,Completed
ORD_2289,CUST_527,2024-03-29,Partner Offer,TikTok,179.74,82.48,Completed
ORD_2290,CUST_1492,2024-12-16,Event Ticket,Instagram,344.35,155.2,Completed
ORD_2291,CUST_244,2024-07-17,Media Package,Instagram,52.45,36.63,Refunded
ORD_2292,CUST_549,2024-12-25,Event Ticket,TikTok,24.36,15.4,Refunded
ORD_2293,CUST_914,2025-03-18,Event Ticket,Event Walk-in,364.59,205.73,Completed
ORD_2294,CUST_1180,2025-02-16,Membership,Partnership,114.37,59.11,Completed
ORD_2295,CUST_1285,2025-05-10,Workshop,LinkedIn,276.37,179.73,Completed
ORD_2296,CUST_1156,2024-03-09,Partner Offer,TikTok,477.55,235.89,Completed
ORD_2297,CUST_19,2025-05-21,Media Package,LinkedIn,109.21,43.22,Completed
ORD_2298,CUST_952,2024-11-25,Media Package,Instagram,60.33,35.49,Completed
ORD_2299,CUST_582,2024-02-12,Event Ticket,Partnership,211.43,103.12,Completed
ORD_2300,CUST_111,2024-12-29,Event Ticket,Event Walk-in,233.56,101.63,Completed
ORD_2301,CUST_660,2025-01-16,Media Package,LinkedIn,88.7,38.59,Completed
ORD_2302,CUST_152,2024-01-08,Partner Offer,TikTok,256.09,164.54,Refunded
ORD_2303,CUST_1204,2024-03-28,Event Ticket,Google Search,110.06,52.95,Completed
ORD_2304,CUST_590,2025-06-17,Media Package,Google Search,344.08,234.23,Completed
ORD_2305,CUST_124,2024-05-19,Media Package,TikTok,253.65,99.8,Completed
ORD_2306,CUST_459,2024-12-14,Event Ticket,Partnership,240.64,130.43,Completed
ORD_2307,CUST_549,2024-11-20,Membership,TikTok,261.33,147.2,Completed
ORD_2308,CUST_1184,2025-03-11,Membership,Referral,103.89,68.7,Refunded
ORD_2309,CUST_375,2024-02-26,Partner Offer,Instagram,215.65,86.03,Completed
ORD_2310,CUST_85,2024-05-20,Media Package,Partnership,248.04,122.52,Completed
ORD_2311,CUST_101,2024-06-05,Membership,Instagram,282.53,188.48,Completed
ORD_2312,CUST_1136,2024-03-17,Partner Offer,TikTok,413.96,128.72,Completed
ORD_2313,CUST_1149,2025-05-25,Creative Studio,Instagram,117.83,52.28,Completed
ORD_2314,CUST_114,2024-01-24,Event Ticket,Google Search,101.8,41.35,Completed
ORD_2315,CUST_58,2024-07-08,Media Package,Event Walk-in,135.93,66.53,Refunded
ORD_2316,CUST_968,2025-06-21,Media Package,Instagram,279.7,110.93,Refunded
ORD_2317,CUST_595,2025-01-06,Event Ticket,Instagram,399.76,238.23,Cancelled
ORD_2318,CUST_617,2024-12-07,Creative Studio,Google Search,436.83,228.09,Completed
ORD_2319,CUST_1127,2024-08-05,Media Package,Instagram,194.93,110.34,Completed
ORD_2320,CUST_735,2024-02-20,Membership,Event Walk-in,351.38,190.22,Completed
ORD_2321,CUST_96,2024-03-22,Workshop,LinkedIn,317.95,171.68,Completed
ORD_2322,CUST_1004,2024-10-31,Partner Offer,Google Search,58.06,33.55,Completed
ORD_2323,CUST_178,2024-04-12,Corporate Package,Instagram,202.27,132.66,Completed
ORD_2324,CUST_1129,2024-02-11,Creative Studio,Google Search,131.92,49.71,Refunded
ORD_2325,CUST_1133,2024-04-05,Media Package,Instagram,95.64,32.57,Completed
ORD_2326,CUST_306,2024-02-23,Event Ticket,Instagram,118.11,50.95,Completed
ORD_2327,CUST_57,2024-01-05,Event Ticket,LinkedIn,319.71,189.35,Completed
ORD_2328,CUST_409,2025-04-25,Workshop,LinkedIn,460.45,224.93,Completed
ORD_2329,CUST_249,2024-04-19,Membership,LinkedIn,120.26,73.62,Completed
ORD_2330,CUST_221,2024-09-10,Event Ticket,TikTok,210.88,63.45,Completed
ORD_2331,CUST_1383,2024-04-16,Media Package,Event Walk-in,140.68,53.91,Completed
ORD_2332,CUST_1203,2024-08-11,Media Package,TikTok,434.67,194.68,Completed
ORD_2333,CUST_1317,2025-06-05,Membership,Partnership,189.84,125.68,Completed
ORD_2334,CUST_630,2025-06-19,Corporate Package,Instagram,160.5,78.4,Completed
ORD_2335,CUST_762,2024-07-11,Media Package,TikTok,61.44,26.58,Completed
ORD_2336,CUST_699,2025-03-16,Membership,Instagram,46.93,28.1,Completed
ORD_2337,CUST_272,2024-07-16,Workshop,Event Walk-in,404.71,146.63,Completed
ORD_2338,CUST_1378,2024-05-19,Creative Studio,Instagram,343.72,141.75,Completed
ORD_2339,CUST_380,2024-10-21,Membership,Event Walk-in,173.51,76.47,Completed
ORD_2340,CUST_1452,2024-05-07,Media Package,Partnership,486.03,319.91,Completed
ORD_2341,CUST_1028,2025-05-24,Event Ticket,Instagram,66.71,39.58,Completed
ORD_2342,CUST_1110,2024-07-14,Workshop,Event Walk-in,378.52,195.59,Completed
ORD_2343,CUST_1080,2024-07-07,Workshop,Event Walk-in,167.49,77.61,Completed
ORD_2344,CUST_501,2024-09-11,Event Ticket,TikTok,147.35,100.97,Completed
ORD_2345,CUST_1401,2024-09-12,Workshop,Instagram,101.08,32.93,Completed
ORD_2346,CUST_273,2025-02-08,Event Ticket,Instagram,433.11,168.43,Completed
ORD_2347,CUST_1135,2024-04-25,Media Package,Instagram,478.07,255.72,Completed
ORD_2348,CUST_1452,2024-04-23,Workshop,Partnership,172.85,72.92,Completed
ORD_2349,CUST_1108,2024-04-19,Creative Studio,Partnership,372.83,222.65,Completed
ORD_2350,CUST_226,2024-05-30,Media Package,Instagram,160.8,99.82,Completed
ORD_2351,CUST_1165,2025-01-12,Creative Studio,Event Walk-in,120.97,68.53,Completed
ORD_2352,CUST_805,2025-06-15,Media Package,Instagram,458.18,282.33,Completed
ORD_2353,CUST_625,2024-07-25,Corporate Package,Instagram,208.5,74.97,Completed
ORD_2354,CUST_904,2025-02-02,Creative Studio,TikTok,490.61,201.13,Refunded
ORD_2355,CUST_273,2024-09-05,Media Package,Instagram,273.65,165.9,Refunded
ORD_2356,CUST_1491,2025-03-23,Event Ticket,Partnership,140.83,98.04,Completed
ORD_2357,CUST_1317,2025-04-19,Event Ticket,Partnership,39.04,20.23,Completed
ORD_2358,CUST_573,2024-03-02,Workshop,Event Walk-in,137.48,54.24,Completed
ORD_2359,CUST_1082,2024-07-27,Creative Studio,LinkedIn,481.17,194.09,Refunded
ORD_2360,CUST_823,2024-05-24,Membership,TikTok,129.03,87.84,Completed
ORD_2361,CUST_302,2024-01-15,Media Package,Event Walk-in,97.74,37.5,Completed
ORD_2362,CUST_655,2024-03-07,Media Package,Instagram,312.21,181.86,Completed
ORD_2363,CUST_1439,2024-08-17,Creative Studio,Instagram,411.9,141.95,Completed
ORD_2364,CUST_252,2024-10-09,Corporate Package,TikTok,478.65,242.02,Cancelled
ORD_2365,CUST_1291,2024-10-03,Event Ticket,TikTok,490.54,285.66,Completed
ORD_2366,CUST_607,2024-05-16,Event Ticket,Instagram,52.13,19.71,Completed
ORD_2367,CUST_190,2025-05-12,Creative Studio,Partnership,178.17,99.85,Cancelled
ORD_2368,CUST_956,2025-06-05,Media Package,Instagram,203.23,76.24,Completed
ORD_2369,CUST_244,2024-10-01,Media Package,Instagram,27.85,16.28,Completed
ORD_2370,CUST_1359,2024-04-11,Membership,Event Walk-in,290.62,132.41,Completed
ORD_2371,CUST_289,2024-11-13,Workshop,Partnership,21.76,12.17,Completed
ORD_2372,CUST_803,2024-04-19,Membership,LinkedIn,334.8,126.88,Completed
ORD_2373,CUST_620,2024-09-07,Workshop,Instagram,420.05,271.47,Completed
ORD_2374,CUST_214,2025-06-26,Partner Offer,TikTok,54.74,26.0,Completed
ORD_2375,CUST_1484,2025-06-25,Event Ticket,Google Search,126.43,53.41,Cancelled
ORD_2376,CUST_730,2024-12-01,Workshop,Event Walk-in,98.15,40.81,Completed
ORD_2377,CUST_1100,2025-03-05,Media Package,Google Search,451.78,217.3,Completed
ORD_2378,CUST_357,2024-07-17,Membership,TikTok,192.55,122.09,Completed
ORD_2379,CUST_360,2025-03-11,Membership,Instagram,496.9,149.86,Completed
ORD_2380,CUST_990,2024-07-23,Media Package,Google Search,152.01,105.35,Completed
ORD_2381,CUST_1151,2024-12-31,Event Ticket,Partnership,149.31,87.66,Completed
ORD_2382,CUST_1172,2024-07-19,Corporate Package,Event Walk-in,254.49,128.76,Completed
ORD_2383,CUST_533,2024-12-10,Creative Studio,Google Search,378.69,231.74,Completed
ORD_2384,CUST_102,2025-06-29,Creative Studio,Instagram,267.34,119.84,Completed
ORD_2385,CUST_12,2024-01-17,Media Package,Google Search,439.76,214.76,Completed
ORD_2386,CUST_1008,2024-05-20,Membership,TikTok,209.38,64.89,Refunded
ORD_2387,CUST_415,2024-07-28,Media Package,Event Walk-in,174.33,113.91,Completed
ORD_2388,CUST_704,2024-03-15,Event Ticket,Partnership,379.33,229.24,Cancelled
ORD_2389,CUST_882,2025-03-27,Media Package,Instagram,334.6,203.79,Completed
ORD_2390,CUST_1261,2024-08-07,Membership,Instagram,362.06,240.94,Completed
ORD_2391,CUST_1385,2024-09-19,Event Ticket,TikTok,345.24,110.07,Completed
ORD_2392,CUST_577,2024-05-03,Partner Offer,Instagram,319.02,215.76,Completed
ORD_2393,CUST_256,2025-04-05,Corporate Package,TikTok,467.48,153.96,Completed
ORD_2394,CUST_1175,2024-08-30,Media Package,Google Search,493.87,229.42,Completed
ORD_2395,CUST_446,2024-09-13,Workshop,TikTok,382.55,230.89,Completed
ORD_2396,CUST_749,2024-09-03,Event Ticket,Instagram,180.54,75.23,Completed
ORD_2397,CUST_1332,2024-06-20,Media Package,Instagram,317.93,212.97,Completed
ORD_2398,CUST_1128,2024-01-07,Partner Offer,Google Search,184.01,110.89,Completed
ORD_2399,CUST_1274,2024-08-09,Workshop,LinkedIn,321.09,96.43,Refunded
ORD_2400,CUST_712,2024-04-12,Event Ticket,TikTok,294.69,127.82,Completed
ORD_2401,CUST_1157,2024-10-11,Event Ticket,Google Search,177.85,72.02,Completed
ORD_2402,CUST_103,2024-12-31,Workshop,Instagram,212.77,110.03,Completed
ORD_2403,CUST_1216,2024-06-17,Event Ticket,Instagram,324.93,123.63,Completed
ORD_2404,CUST_937,2024-01-22,Media Package,Event Walk-in,154.59,89.95,Completed
ORD_2405,CUST_1167,2024-06-09,Membership,Instagram,404.9,173.41,Completed
ORD_2406,CUST_8,2024-07-02,Membership,Event Walk-in,421.02,147.17,Completed
ORD_2407,CUST_383,2024-05-15,Membership,Instagram,485.85,248.45,Completed
ORD_2408,CUST_964,2025-04-05,Membership,TikTok,274.3,137.81,Completed
ORD_2409,CUST_854,2024-04-30,Media Package,TikTok,276.57,101.05,Completed
ORD_2410,CUST_800,2025-01-10,Media Package,Event Walk-in,44.39,24.23,Refunded
ORD_2411,CUST_1401,2024-11-02,Corporate Package,Instagram,263.42,126.21,Completed
ORD_2412,CUST_1084,2024-03-05,Corporate Package,Google Search,186.85,92.83,Completed
ORD_2413,CUST_1340,2025-01-22,Event Ticket,TikTok,230.3,103.37,Completed
ORD_2414,CUST_684,2025-06-29,Event Ticket,Partnership,232.97,118.78,Completed
ORD_2415,CUST_1164,2025-03-06,Event Ticket,Referral,185.34,72.28,Completed
ORD_2416,CUST_218,2024-08-04,Event Ticket,Referral,112.03,74.8,Completed
ORD_2417,CUST_286,2025-03-21,Membership,TikTok,455.1,255.39,Completed
ORD_2418,CUST_351,2024-09-29,Media Package,Event Walk-in,201.99,76.39,Completed
ORD_2419,CUST_390,2025-06-27,Partner Offer,Instagram,128.26,77.82,Refunded
ORD_2420,CUST_686,2024-12-03,Corporate Package,TikTok,306.48,162.89,Completed
ORD_2421,CUST_151,2025-06-29,Media Package,Referral,314.74,167.06,Completed
ORD_2422,CUST_668,2025-04-04,Creative Studio,TikTok,412.5,257.05,Completed
ORD_2423,CUST_1017,2025-03-31,Membership,LinkedIn,60.38,34.9,Completed
ORD_2424,CUST_1215,2024-08-07,Partner Offer,Event Walk-in,79.59,33.68,Completed
ORD_2425,CUST_1267,2024-01-21,Membership,Instagram,483.74,207.46,Completed
ORD_2426,CUST_87,2025-04-21,Partner Offer,Partnership,70.34,28.54,Refunded
ORD_2427,CUST_1416,2024-04-28,Workshop,Instagram,26.19,15.69,Completed
ORD_2428,CUST_942,2024-02-25,Membership,Instagram,444.83,141.4,Completed
ORD_2429,CUST_828,2024-04-25,Media Package,LinkedIn,146.78,44.05,Completed
ORD_2430,CUST_1367,2024-05-18,Event Ticket,Partnership,276.76,91.94,Completed
ORD_2431,CUST_1462,2024-08-25,Workshop,Instagram,358.21,214.33,Completed
ORD_2432,CUST_273,2024-02-21,Media Package,Instagram,436.08,176.53,Completed
ORD_2433,CUST_743,2024-03-16,Membership,Event Walk-in,312.35,212.81,Completed
ORD_2434,CUST_1243,2024-12-13,Media Package,Event Walk-in,142.57,85.24,Completed
ORD_2435,CUST_645,2024-09-24,Creative Studio,TikTok,313.43,208.26,Completed
ORD_2436,CUST_1200,2024-07-01,Event Ticket,TikTok,376.24,252.92,Completed
ORD_2437,CUST_1265,2024-07-29,Event Ticket,LinkedIn,470.43,227.33,Completed
ORD_2438,CUST_1155,2024-04-01,Media Package,Event Walk-in,170.12,101.89,Completed
ORD_2439,CUST_990,2024-03-14,Creative Studio,Google Search,468.5,266.42,Completed
ORD_2440,CUST_1483,2024-03-23,Workshop,Google Search,250.83,110.0,Completed
ORD_2441,CUST_553,2024-06-17,Media Package,Event Walk-in,88.65,27.82,Cancelled
ORD_2442,CUST_853,2024-12-11,Event Ticket,LinkedIn,249.95,159.6,Completed
ORD_2443,CUST_645,2024-01-28,Workshop,TikTok,251.77,98.17,Completed
ORD_2444,CUST_347,2024-02-01,Event Ticket,Google Search,381.05,236.76,Completed
ORD_2445,CUST_459,2024-03-24,Event Ticket,Partnership,205.85,80.77,Completed
ORD_2446,CUST_1219,2024-04-10,Creative Studio,Instagram,168.59,51.43,Refunded
ORD_2447,CUST_42,2025-01-15,Event Ticket,LinkedIn,430.42,269.15,Completed
ORD_2448,CUST_716,2024-01-27,Media Package,LinkedIn,415.43,245.4,Cancelled
ORD_2449,CUST_1075,2024-11-16,Creative Studio,Referral,446.94,282.48,Completed
ORD_2450,CUST_1143,2025-05-31,Media Package,Event Walk-in,404.0,265.35,Completed
ORD_2451,CUST_1425,2024-09-24,Event Ticket,Event Walk-in,289.51,153.92,Completed
ORD_2452,CUST_746,2024-05-31,Media Package,Referral,356.07,164.51,Completed
ORD_2453,CUST_4,2025-05-03,Membership,Event Walk-in,240.67,115.02,Completed
ORD_2454,CUST_613,2024-03-19,Event Ticket,Instagram,445.91,248.62,Completed
ORD_2455,CUST_919,2024-10-22,Media Package,TikTok,354.85,211.59,Completed
ORD_2456,CUST_361,2024-11-17,Creative Studio,Instagram,477.53,233.69,Completed
ORD_2457,CUST_374,2025-03-21,Media Package,Instagram,152.75,82.5,Completed
ORD_2458,CUST_237,2024-02-20,Event Ticket,Instagram,440.03,189.36,Completed
ORD_2459,CUST_27,2024-09-08,Creative Studio,Instagram,415.07,249.07,Completed
ORD_2460,CUST_863,2024-03-31,Creative Studio,Instagram,469.51,288.52,Completed
ORD_2461,CUST_391,2025-06-26,Event Ticket,TikTok,388.79,203.85,Completed
ORD_2462,CUST_631,2024-05-05,Membership,Event Walk-in,276.32,118.95,Completed
ORD_2463,CUST_1277,2024-10-02,Media Package,Event Walk-in,248.78,96.58,Cancelled
ORD_2464,CUST_1095,2025-01-13,Media Package,Instagram,481.98,189.67,Completed
ORD_2465,CUST_549,2024-06-23,Workshop,TikTok,439.16,195.04,Completed
ORD_2466,CUST_687,2024-02-12,Media Package,Event Walk-in,250.26,138.5,Completed
ORD_2467,CUST_99,2025-04-26,Event Ticket,Event Walk-in,425.92,152.99,Completed
ORD_2468,CUST_829,2025-02-24,Media Package,TikTok,196.25,92.63,Completed
ORD_2469,CUST_1492,2025-04-16,Media Package,Instagram,198.24,96.68,Completed
ORD_2470,CUST_430,2024-01-18,Workshop,Instagram,109.18,65.7,Completed
ORD_2471,CUST_1469,2025-06-22,Membership,Instagram,23.9,16.26,Completed
ORD_2472,CUST_1416,2024-10-01,Workshop,Instagram,374.79,232.32,Refunded
ORD_2473,CUST_137,2025-02-05,Membership,Google Search,47.3,30.64,Completed
ORD_2474,CUST_1290,2025-06-25,Workshop,Partnership,327.15,188.57,Completed
ORD_2475,CUST_1425,2024-09-21,Partner Offer,Event Walk-in,430.76,130.55,Completed
ORD_2476,CUST_980,2025-04-30,Media Package,Instagram,426.79,217.15,Refunded
ORD_2477,CUST_824,2025-06-12,Membership,Event Walk-in,390.78,272.17,Completed
ORD_2478,CUST_332,2024-07-11,Media Package,Instagram,143.43,65.16,Completed
ORD_2479,CUST_180,2024-10-01,Membership,Event Walk-in,307.92,155.98,Completed
ORD_2480,CUST_841,2024-05-24,Media Package,TikTok,460.29,287.32,Completed
ORD_2481,CUST_253,2024-10-29,Media Package,Instagram,175.99,82.16,Completed
ORD_2482,CUST_747,2024-11-10,Creative Studio,LinkedIn,444.21,208.65,Completed
ORD_2483,CUST_448,2024-09-05,Corporate Package,Event Walk-in,372.53,149.53,Completed
ORD_2484,CUST_651,2024-05-13,Creative Studio,Referral,272.19,158.53,Completed
ORD_2485,CUST_1078,2025-06-25,Creative Studio,Event Walk-in,67.55,20.52,Completed
ORD_2486,CUST_1129,2024-09-14,Event Ticket,Google Search,243.55,160.23,Refunded
ORD_2487,CUST_1028,2025-02-03,Membership,Instagram,266.27,145.13,Cancelled
ORD_2488,CUST_792,2025-02-03,Event Ticket,Instagram,46.22,27.37,Refunded
ORD_2489,CUST_304,2025-01-17,Workshop,Google Search,67.54,21.03,Refunded
ORD_2490,CUST_511,2024-02-13,Membership,Instagram,57.81,26.56,Completed
ORD_2491,CUST_907,2025-01-12,Creative Studio,Referral,203.66,98.96,Completed
ORD_2492,CUST_924,2024-10-27,Membership,TikTok,382.87,256.43,Refunded
ORD_2493,CUST_1148,2024-01-24,Media Package,TikTok,253.8,92.28,Completed
ORD_2494,CUST_79,2024-11-11,Creative Studio,TikTok,391.55,153.35,Completed
ORD_2495,CUST_499,2024-10-24,Media Package,Instagram,475.79,317.39,Cancelled
ORD_2496,CUST_1266,2025-06-27,Media Package,LinkedIn,138.39,59.65,Refunded
ORD_2497,CUST_1409,2024-08-19,Workshop,Instagram,243.89,141.55,Completed
ORD_2498,CUST_1116,2025-05-27,Media Package,Instagram,62.8,19.52,Completed
ORD_2499,CUST_846,2024-10-09,Creative Studio,LinkedIn,24.27,13.12,Cancelled
ORD_2500,CUST_190,2025-04-21,Media Package,Partnership,460.9,213.22,Completed
ORD_2501,CUST_784,2024-12-14,Event Ticket,TikTok,268.56,133.49,Completed
ORD_2502,CUST_1007,2024-02-28,Partner Offer,Google Search,321.36,209.47,Completed
ORD_2503,CUST_582,2024-07-28,Partner Offer,Partnership,250.44,148.86,Completed
ORD_2504,CUST_363,2024-12-29,Membership,Instagram,233.48,90.88,Completed
ORD_2505,CUST_1102,2024-11-18,Corporate Package,Instagram,245.77,110.51,Completed
ORD_2506,CUST_428,2024-08-15,Workshop,Event Walk-in,67.46,44.88,Completed
ORD_2507,CUST_153,2024-04-02,Event Ticket,Instagram,189.01,88.81,Completed
ORD_2508,CUST_1146,2025-06-22,Media Package,Event Walk-in,213.81,105.63,Refunded
ORD_2509,CUST_1163,2024-05-06,Media Package,TikTok,375.91,217.82,Completed
ORD_2510,CUST_898,2024-07-22,Membership,Instagram,24.87,12.25,Completed
ORD_2511,CUST_272,2024-07-21,Media Package,Event Walk-in,352.4,148.58,Completed
ORD_2512,CUST_907,2024-11-26,Partner Offer,Referral,361.15,155.73,Completed
ORD_2513,CUST_522,2025-02-20,Corporate Package,Instagram,247.52,130.0,Completed
ORD_2514,CUST_864,2024-03-26,Partner Offer,Event Walk-in,103.28,48.32,Completed
ORD_2515,CUST_610,2025-06-01,Media Package,Instagram,342.85,161.81,Cancelled
ORD_2516,CUST_26,2025-02-02,Event Ticket,LinkedIn,45.91,23.48,Cancelled
ORD_2517,CUST_1064,2025-02-20,Workshop,Google Search,372.68,209.43,Completed
ORD_2518,CUST_2,2025-06-21,Corporate Package,Google Search,415.44,161.64,Completed
ORD_2519,CUST_904,2024-07-08,Membership,TikTok,163.13,56.96,Completed
ORD_2520,CUST_573,2024-01-31,Media Package,Event Walk-in,456.81,269.63,Completed
ORD_2521,CUST_1489,2025-02-28,Event Ticket,LinkedIn,175.96,62.21,Completed
ORD_2522,CUST_1323,2025-06-20,Partner Offer,Google Search,376.98,177.47,Completed
ORD_2523,CUST_773,2025-01-21,Creative Studio,TikTok,228.42,147.49,Completed
ORD_2524,CUST_313,2025-05-24,Membership,Instagram,46.03,19.72,Completed
ORD_2525,CUST_1498,2024-05-02,Partner Offer,TikTok,496.8,222.56,Refunded
ORD_2526,CUST_190,2024-01-04,Corporate Package,Partnership,318.63,140.39,Completed
ORD_2527,CUST_1217,2025-02-05,Creative Studio,Instagram,481.44,242.81,Completed
ORD_2528,CUST_1224,2024-05-17,Corporate Package,Instagram,49.4,29.14,Completed
ORD_2529,CUST_970,2024-03-13,Workshop,Instagram,158.5,107.47,Refunded
ORD_2530,CUST_960,2024-10-20,Event Ticket,Referral,159.79,69.81,Completed
ORD_2531,CUST_1436,2024-08-24,Creative Studio,TikTok,306.09,192.44,Completed
ORD_2532,CUST_87,2024-01-28,Media Package,Partnership,369.45,219.71,Completed
ORD_2533,CUST_79,2025-02-21,Membership,TikTok,258.39,116.44,Completed
ORD_2534,CUST_255,2024-06-10,Partner Offer,LinkedIn,226.06,106.29,Completed
ORD_2535,CUST_1189,2025-06-01,Event Ticket,TikTok,273.4,153.96,Completed
ORD_2536,CUST_930,2024-10-08,Creative Studio,Instagram,428.99,154.96,Completed
ORD_2537,CUST_1405,2024-04-04,Membership,Referral,258.84,113.14,Completed
ORD_2538,CUST_591,2024-10-28,Event Ticket,Partnership,377.5,144.54,Completed
ORD_2539,CUST_16,2024-02-13,Workshop,TikTok,401.29,132.16,Completed
ORD_2540,CUST_1122,2024-12-11,Membership,Event Walk-in,101.49,41.58,Refunded
ORD_2541,CUST_789,2025-03-14,Creative Studio,Partnership,111.99,61.81,Completed
ORD_2542,CUST_208,2024-02-17,Media Package,Instagram,88.69,49.71,Completed
ORD_2543,CUST_833,2024-05-11,Creative Studio,Instagram,239.47,80.36,Completed
ORD_2544,CUST_71,2024-02-13,Partner Offer,Event Walk-in,133.13,51.25,Refunded
ORD_2545,CUST_106,2024-02-26,Media Package,Instagram,304.61,210.58,Completed
ORD_2546,CUST_1500,2025-02-03,Creative Studio,Instagram,458.03,165.08,Completed
ORD_2547,CUST_164,2024-01-28,Creative Studio,Event Walk-in,102.97,48.67,Completed
ORD_2548,CUST_1069,2024-03-15,Creative Studio,Google Search,123.85,67.99,Completed
ORD_2549,CUST_1087,2024-04-12,Partner Offer,LinkedIn,448.35,236.13,Completed
ORD_2550,CUST_1472,2024-09-17,Corporate Package,Instagram,366.16,132.4,Completed
ORD_2551,CUST_569,2025-03-16,Media Package,Instagram,209.82,99.58,Completed
ORD_2552,CUST_786,2024-04-21,Media Package,Event Walk-in,390.81,160.21,Completed
ORD_2553,CUST_793,2025-03-10,Workshop,Google Search,189.85,78.24,Completed
ORD_2554,CUST_1311,2024-05-26,Media Package,Instagram,37.0,22.52,Cancelled
ORD_2555,CUST_994,2024-09-27,Membership,TikTok,427.23,176.47,Cancelled
ORD_2556,CUST_1410,2024-04-28,Membership,Event Walk-in,416.85,191.24,Refunded
ORD_2557,CUST_144,2024-01-06,Workshop,Event Walk-in,209.75,119.2,Cancelled
ORD_2558,CUST_27,2024-07-17,Creative Studio,Instagram,441.28,231.51,Completed
ORD_2559,CUST_441,2025-06-25,Event Ticket,LinkedIn,455.99,193.65,Completed
ORD_2560,CUST_1062,2024-08-27,Media Package,Event Walk-in,125.96,50.41,Completed
ORD_2561,CUST_516,2024-05-07,Event Ticket,Instagram,452.64,261.25,Completed
ORD_2562,CUST_1113,2025-04-07,Media Package,TikTok,28.54,14.89,Completed
ORD_2563,CUST_619,2024-02-18,Media Package,LinkedIn,25.5,10.86,Cancelled
ORD_2564,CUST_495,2024-03-07,Workshop,Instagram,281.56,117.04,Completed
ORD_2565,CUST_407,2024-07-05,Partner Offer,Partnership,54.15,17.05,Completed
ORD_2566,CUST_70,2025-04-08,Partner Offer,TikTok,56.62,39.3,Completed
ORD_2567,CUST_901,2024-06-18,Creative Studio,TikTok,301.01,115.69,Completed
ORD_2568,CUST_376,2025-03-06,Workshop,Google Search,263.57,128.81,Completed
ORD_2569,CUST_1250,2025-01-19,Corporate Package,LinkedIn,489.44,159.76,Completed
ORD_2570,CUST_578,2025-04-12,Event Ticket,Partnership,135.52,73.31,Completed
ORD_2571,CUST_1419,2024-05-28,Media Package,Instagram,166.55,61.77,Completed
ORD_2572,CUST_1492,2025-01-28,Media Package,Instagram,104.4,52.6,Completed
ORD_2573,CUST_1435,2024-05-30,Creative Studio,TikTok,271.48,162.96,Completed
ORD_2574,CUST_536,2024-01-22,Workshop,Instagram,398.73,152.81,Refunded
ORD_2575,CUST_78,2024-07-18,Partner Offer,Referral,499.36,193.05,Refunded
ORD_2576,CUST_1464,2024-04-20,Membership,Event Walk-in,449.34,230.84,Completed
ORD_2577,CUST_482,2024-08-16,Membership,TikTok,181.14,124.54,Completed
ORD_2578,CUST_1379,2025-03-16,Creative Studio,Event Walk-in,377.9,246.93,Completed
ORD_2579,CUST_299,2024-02-26,Creative Studio,Instagram,308.24,152.04,Completed
ORD_2580,CUST_345,2025-04-29,Event Ticket,Event Walk-in,160.65,63.27,Completed
ORD_2581,CUST_1289,2025-04-13,Workshop,LinkedIn,488.68,164.81,Cancelled
ORD_2582,CUST_766,2024-02-01,Media Package,Instagram,252.12,134.27,Completed
ORD_2583,CUST_1216,2024-08-09,Creative Studio,Instagram,217.33,137.52,Refunded
ORD_2584,CUST_364,2024-08-21,Media Package,TikTok,279.24,87.09,Completed
ORD_2585,CUST_1196,2025-01-05,Media Package,Event Walk-in,228.24,74.96,Refunded
ORD_2586,CUST_1314,2025-06-16,Event Ticket,Instagram,198.06,64.37,Refunded
ORD_2587,CUST_1079,2024-01-18,Corporate Package,Instagram,453.15,296.14,Cancelled
ORD_2588,CUST_1054,2024-01-04,Corporate Package,Event Walk-in,61.32,21.53,Cancelled
ORD_2589,CUST_317,2024-04-30,Partner Offer,Event Walk-in,377.15,186.9,Refunded
ORD_2590,CUST_1395,2025-03-20,Creative Studio,Partnership,119.31,55.41,Completed
ORD_2591,CUST_1002,2024-05-30,Creative Studio,LinkedIn,333.48,143.21,Completed
ORD_2592,CUST_1225,2024-05-30,Creative Studio,Partnership,452.78,178.69,Completed
ORD_2593,CUST_1168,2025-01-26,Media Package,LinkedIn,73.1,23.3,Completed
ORD_2594,CUST_1292,2024-03-15,Partner Offer,Event Walk-in,23.94,16.25,Completed
ORD_2595,CUST_787,2025-05-08,Workshop,Instagram,411.25,204.35,Completed
ORD_2596,CUST_1065,2024-05-29,Workshop,Partnership,399.18,213.62,Completed
ORD_2597,CUST_1,2024-11-17,Media Package,Instagram,494.21,276.41,Cancelled
ORD_2598,CUST_415,2024-05-03,Membership,Event Walk-in,191.01,105.82,Completed
ORD_2599,CUST_1414,2024-09-30,Creative Studio,Event Walk-in,407.37,188.1,Completed
ORD_2600,CUST_1388,2024-11-14,Corporate Package,Instagram,472.64,157.27,Completed
ORD_2601,CUST_844,2024-02-11,Corporate Package,Google Search,435.27,262.26,Completed
ORD_2602,CUST_1109,2024-06-17,Media Package,Google Search,439.7,274.93,Completed
ORD_2603,CUST_536,2024-01-07,Media Package,Instagram,46.14,18.33,Completed
ORD_2604,CUST_868,2025-02-04,Partner Offer,TikTok,378.73,212.66,Completed
ORD_2605,CUST_313,2024-02-26,Event Ticket,Instagram,141.96,74.94,Cancelled
ORD_2606,CUST_6,2025-01-31,Media Package,Instagram,54.18,26.79,Completed
ORD_2607,CUST_539,2024-07-16,Workshop,TikTok,97.87,65.56,Completed
ORD_2608,CUST_1385,2024-01-27,Event Ticket,TikTok,171.33,74.58,Completed
ORD_2609,CUST_1292,2025-06-24,Event Ticket,Event Walk-in,130.43,54.47,Completed
ORD_2610,CUST_518,2024-03-23,Membership,Google Search,49.39,17.96,Completed
ORD_2611,CUST_482,2024-11-25,Event Ticket,TikTok,118.46,46.52,Completed
ORD_2612,CUST_365,2024-06-30,Corporate Package,Event Walk-in,179.82,95.68,Completed
ORD_2613,CUST_818,2025-03-29,Media Package,Event Walk-in,173.57,58.78,Completed
ORD_2614,CUST_684,2024-02-21,Media Package,Partnership,231.25,116.28,Completed
ORD_2615,CUST_303,2024-10-13,Membership,Instagram,141.78,71.48,Refunded
ORD_2616,CUST_80,2025-03-27,Creative Studio,Referral,107.0,33.17,Completed
ORD_2617,CUST_809,2024-06-15,Event Ticket,Event Walk-in,363.6,149.29,Refunded
ORD_2618,CUST_29,2024-05-23,Media Package,Partnership,458.87,288.18,Completed
ORD_2619,CUST_178,2025-02-25,Media Package,Instagram,127.96,52.56,Completed
ORD_2620,CUST_659,2024-12-18,Event Ticket,LinkedIn,488.92,300.03,Completed
ORD_2621,CUST_346,2025-05-18,Media Package,TikTok,87.71,54.73,Completed
ORD_2622,CUST_371,2025-01-28,Partner Offer,TikTok,65.35,20.1,Cancelled
ORD_2623,CUST_669,2024-03-09,Workshop,TikTok,490.21,284.0,Completed
ORD_2624,CUST_261,2025-02-10,Partner Offer,Instagram,243.83,168.31,Completed
ORD_2625,CUST_690,2024-09-26,Event Ticket,Instagram,54.37,35.42,Completed
ORD_2626,CUST_754,2024-07-26,Media Package,Event Walk-in,483.21,236.84,Completed
ORD_2627,CUST_1053,2024-05-15,Partner Offer,Instagram,290.62,185.8,Completed
ORD_2628,CUST_973,2024-06-24,Membership,Google Search,340.6,188.74,Refunded
ORD_2629,CUST_1407,2025-02-14,Event Ticket,TikTok,406.81,151.3,Completed
ORD_2630,CUST_436,2024-03-22,Media Package,Partnership,420.16,271.33,Completed
ORD_2631,CUST_579,2024-06-17,Media Package,TikTok,56.58,27.83,Completed
ORD_2632,CUST_870,2024-06-16,Event Ticket,LinkedIn,30.76,16.17,Completed
ORD_2633,CUST_684,2025-03-08,Membership,Partnership,220.1,146.05,Completed
ORD_2634,CUST_1158,2024-11-21,Event Ticket,Event Walk-in,475.3,173.3,Completed
ORD_2635,CUST_1300,2024-12-19,Creative Studio,Event Walk-in,59.65,25.65,Completed
ORD_2636,CUST_225,2025-04-03,Event Ticket,Event Walk-in,177.09,98.29,Completed
ORD_2637,CUST_672,2024-10-30,Creative Studio,Event Walk-in,121.5,50.52,Completed
ORD_2638,CUST_827,2024-06-21,Corporate Package,Referral,269.17,156.35,Completed
ORD_2639,CUST_308,2024-05-24,Corporate Package,Partnership,152.51,47.03,Completed
ORD_2640,CUST_763,2024-02-14,Partner Offer,Partnership,132.9,66.91,Completed
ORD_2641,CUST_1361,2024-10-09,Membership,Event Walk-in,427.58,171.12,Completed
ORD_2642,CUST_210,2025-04-07,Membership,Partnership,175.74,111.09,Completed
ORD_2643,CUST_1314,2024-04-14,Creative Studio,Instagram,445.48,240.88,Completed
ORD_2644,CUST_871,2024-05-25,Partner Offer,TikTok,495.58,223.0,Completed
ORD_2645,CUST_1199,2025-05-26,Media Package,Instagram,361.15,128.52,Completed
ORD_2646,CUST_1480,2024-07-10,Event Ticket,TikTok,264.42,135.96,Completed
ORD_2647,CUST_76,2024-04-04,Corporate Package,Event Walk-in,392.31,170.74,Refunded
ORD_2648,CUST_720,2024-07-05,Event Ticket,Partnership,183.14,74.36,Completed
ORD_2649,CUST_1078,2025-06-15,Partner Offer,Event Walk-in,481.61,276.7,Completed
ORD_2650,CUST_690,2024-12-14,Workshop,Instagram,222.31,107.76,Completed
ORD_2651,CUST_1008,2025-03-24,Membership,TikTok,42.79,22.45,Completed
ORD_2652,CUST_447,2024-08-25,Corporate Package,Event Walk-in,424.38,141.54,Completed
ORD_2653,CUST_189,2024-04-27,Corporate Package,Partnership,416.71,267.1,Completed
ORD_2654,CUST_724,2024-11-22,Creative Studio,Referral,36.36,25.24,Completed
ORD_2655,CUST_1140,2025-04-05,Partner Offer,Instagram,381.14,210.49,Completed
ORD_2656,CUST_483,2025-03-14,Creative Studio,Google Search,207.64,89.01,Refunded
ORD_2657,CUST_1230,2024-05-01,Media Package,Event Walk-in,496.74,323.1,Completed
ORD_2658,CUST_853,2025-02-16,Corporate Package,LinkedIn,147.37,44.46,Completed
ORD_2659,CUST_12,2025-02-18,Media Package,Google Search,403.73,187.52,Completed
ORD_2660,CUST_1061,2024-01-16,Creative Studio,TikTok,300.29,174.03,Completed
ORD_2661,CUST_237,2024-05-27,Event Ticket,Instagram,488.69,202.89,Completed
ORD_2662,CUST_960,2024-07-03,Membership,Referral,310.14,211.48,Completed
ORD_2663,CUST_1310,2024-06-12,Event Ticket,TikTok,461.75,211.35,Completed
ORD_2664,CUST_853,2025-01-09,Event Ticket,LinkedIn,480.14,312.91,Completed
ORD_2665,CUST_908,2025-04-03,Partner Offer,Google Search,95.48,65.02,Completed
ORD_2666,CUST_875,2025-02-18,Media Package,Event Walk-in,40.1,17.06,Completed
ORD_2667,CUST_1143,2025-06-19,Media Package,Event Walk-in,304.98,151.74,Refunded
ORD_2668,CUST_498,2024-03-15,Partner Offer,Partnership,27.43,10.04,Completed
ORD_2669,CUST_105,2025-02-11,Partner Offer,Event Walk-in,340.22,165.15,Completed
ORD_2670,CUST_1183,2024-02-10,Media Package,TikTok,144.05,88.03,Completed
ORD_2671,CUST_1381,2024-10-01,Membership,Event Walk-in,170.58,81.55,Completed
ORD_2672,CUST_1003,2024-10-22,Workshop,Event Walk-in,155.44,94.09,Refunded
ORD_2673,CUST_507,2024-06-11,Event Ticket,Event Walk-in,213.89,68.49,Refunded
ORD_2674,CUST_1129,2024-12-04,Workshop,Google Search,176.65,69.48,Cancelled
ORD_2675,CUST_1259,2024-08-23,Media Package,Google Search,235.43,161.4,Completed
ORD_2676,CUST_926,2024-09-13,Media Package,Event Walk-in,240.73,121.71,Completed
ORD_2677,CUST_300,2024-05-13,Membership,Google Search,232.19,71.71,Completed
ORD_2678,CUST_1400,2025-06-08,Media Package,LinkedIn,164.31,53.58,Completed
ORD_2679,CUST_284,2024-03-27,Membership,LinkedIn,362.54,142.14,Completed
ORD_2680,CUST_1200,2025-06-03,Media Package,TikTok,175.78,65.2,Completed
ORD_2681,CUST_1141,2024-02-06,Media Package,TikTok,283.39,107.07,Completed
ORD_2682,CUST_928,2024-12-31,Partner Offer,Partnership,309.32,131.1,Completed
ORD_2683,CUST_390,2025-02-15,Creative Studio,Instagram,51.9,25.03,Completed
ORD_2684,CUST_860,2024-07-10,Event Ticket,Google Search,388.07,129.15,Completed
ORD_2685,CUST_1345,2024-10-08,Creative Studio,Instagram,360.57,233.69,Completed
ORD_2686,CUST_480,2024-03-06,Media Package,TikTok,279.92,161.65,Completed
ORD_2687,CUST_1185,2025-04-17,Media Package,TikTok,297.92,99.73,Completed
ORD_2688,CUST_1193,2025-01-28,Media Package,Instagram,65.05,21.27,Refunded
ORD_2689,CUST_1185,2025-03-22,Media Package,TikTok,149.36,102.65,Completed
ORD_2690,CUST_754,2024-06-06,Corporate Package,Event Walk-in,493.33,231.07,Completed
ORD_2691,CUST_1464,2025-06-12,Media Package,Event Walk-in,416.84,247.35,Completed
ORD_2692,CUST_579,2024-02-09,Workshop,TikTok,314.74,148.36,Completed
ORD_2693,CUST_1331,2025-06-20,Event Ticket,TikTok,250.74,109.54,Completed
ORD_2694,CUST_447,2024-08-31,Creative Studio,Event Walk-in,489.8,336.76,Completed
ORD_2695,CUST_1183,2024-01-31,Media Package,TikTok,287.36,94.66,Refunded
ORD_2696,CUST_233,2025-02-03,Creative Studio,LinkedIn,333.6,141.18,Completed
ORD_2697,CUST_379,2025-04-12,Media Package,TikTok,271.51,164.86,Completed
ORD_2698,CUST_916,2024-05-07,Event Ticket,TikTok,27.51,16.46,Refunded
ORD_2699,CUST_469,2024-06-29,Workshop,LinkedIn,469.76,262.75,Completed
ORD_2700,CUST_938,2025-01-18,Membership,TikTok,225.95,131.56,Completed
ORD_2701,CUST_1281,2025-06-20,Creative Studio,Instagram,396.05,234.45,Completed
ORD_2702,CUST_287,2024-07-19,Event Ticket,Event Walk-in,124.15,62.04,Completed
ORD_2703,CUST_228,2024-10-28,Membership,Instagram,323.56,153.33,Completed
ORD_2704,CUST_262,2024-05-16,Media Package,Instagram,33.6,11.28,Completed
ORD_2705,CUST_1330,2024-10-02,Workshop,Event Walk-in,388.64,147.67,Completed
ORD_2706,CUST_213,2024-08-15,Corporate Package,Google Search,221.62,80.9,Completed
ORD_2707,CUST_319,2024-04-15,Creative Studio,TikTok,380.65,240.07,Completed
ORD_2708,CUST_1459,2024-03-22,Media Package,Referral,344.87,223.54,Refunded
ORD_2709,CUST_1051,2024-07-10,Media Package,Event Walk-in,393.18,212.04,Completed
ORD_2710,CUST_1451,2025-05-09,Event Ticket,Instagram,112.93,68.96,Refunded
ORD_2711,CUST_1139,2025-02-02,Event Ticket,Instagram,38.86,25.0,Completed
ORD_2712,CUST_1253,2025-02-17,Partner Offer,Event Walk-in,294.58,185.1,Completed
ORD_2713,CUST_1494,2024-08-15,Creative Studio,TikTok,341.96,139.79,Completed
ORD_2714,CUST_119,2025-01-13,Event Ticket,TikTok,468.11,190.42,Refunded
ORD_2715,CUST_1448,2025-05-31,Event Ticket,Google Search,118.88,48.51,Completed
ORD_2716,CUST_103,2025-01-13,Creative Studio,Instagram,485.6,222.38,Cancelled
ORD_2717,CUST_602,2025-05-16,Media Package,TikTok,112.14,72.9,Cancelled
ORD_2718,CUST_573,2024-11-28,Event Ticket,Event Walk-in,474.23,316.26,Completed
ORD_2719,CUST_759,2025-05-14,Workshop,Instagram,77.15,53.33,Completed
ORD_2720,CUST_598,2024-09-24,Membership,Instagram,236.33,71.18,Completed
ORD_2721,CUST_1255,2024-05-02,Corporate Package,Instagram,275.08,159.02,Refunded
ORD_2722,CUST_546,2024-03-17,Partner Offer,Instagram,390.8,245.68,Completed
ORD_2723,CUST_563,2025-05-07,Media Package,Instagram,478.58,149.49,Completed
ORD_2724,CUST_438,2024-07-22,Media Package,Event Walk-in,189.2,99.8,Completed
ORD_2725,CUST_1258,2024-08-29,Membership,Instagram,129.48,63.11,Completed
ORD_2726,CUST_1158,2025-01-07,Membership,Event Walk-in,448.92,275.63,Completed
ORD_2727,CUST_97,2024-11-29,Membership,LinkedIn,255.84,173.3,Completed
ORD_2728,CUST_150,2024-12-01,Membership,Instagram,439.96,139.5,Completed
ORD_2729,CUST_31,2024-06-26,Creative Studio,Event Walk-in,334.27,120.54,Refunded
ORD_2730,CUST_1249,2025-03-05,Media Package,Google Search,398.55,216.89,Completed
ORD_2731,CUST_732,2025-06-21,Event Ticket,Event Walk-in,178.98,71.33,Completed
ORD_2732,CUST_300,2025-04-03,Corporate Package,Google Search,469.05,153.12,Completed
ORD_2733,CUST_245,2024-09-29,Partner Offer,Event Walk-in,275.76,184.7,Completed
ORD_2734,CUST_1425,2024-04-21,Membership,Event Walk-in,170.71,58.73,Completed
ORD_2735,CUST_431,2024-03-30,Event Ticket,Event Walk-in,164.37,82.72,Completed
ORD_2736,CUST_445,2025-04-12,Creative Studio,Instagram,368.08,130.85,Completed
ORD_2737,CUST_975,2024-05-04,Media Package,TikTok,404.17,220.88,Completed
ORD_2738,CUST_692,2024-03-02,Media Package,Instagram,242.04,129.17,Completed
ORD_2739,CUST_833,2025-05-04,Event Ticket,Instagram,262.16,173.96,Completed
ORD_2740,CUST_1304,2024-08-28,Corporate Package,Instagram,416.73,173.76,Completed
ORD_2741,CUST_160,2024-12-22,Creative Studio,TikTok,316.71,135.93,Refunded
ORD_2742,CUST_285,2024-12-04,Media Package,Instagram,93.89,64.02,Refunded
ORD_2743,CUST_515,2025-03-14,Creative Studio,Event Walk-in,244.78,125.32,Cancelled
ORD_2744,CUST_807,2025-06-02,Creative Studio,Instagram,405.5,172.37,Completed
ORD_2745,CUST_1145,2025-03-28,Membership,Google Search,489.46,172.0,Refunded
ORD_2746,CUST_348,2024-05-21,Media Package,Instagram,369.73,183.17,Completed
ORD_2747,CUST_1287,2024-12-11,Partner Offer,Event Walk-in,380.37,221.92,Refunded
ORD_2748,CUST_1020,2024-10-13,Media Package,Partnership,372.19,158.45,Completed
ORD_2749,CUST_955,2025-03-08,Partner Offer,Event Walk-in,303.16,93.61,Completed
ORD_2750,CUST_1444,2024-11-20,Workshop,Instagram,438.25,264.03,Completed
ORD_2751,CUST_538,2024-10-21,Event Ticket,Event Walk-in,359.83,141.05,Completed
ORD_2752,CUST_277,2024-05-01,Partner Offer,Partnership,435.98,132.24,Completed
ORD_2753,CUST_1020,2025-03-14,Partner Offer,Partnership,265.07,144.83,Completed
ORD_2754,CUST_813,2024-01-07,Corporate Package,Event Walk-in,281.52,159.15,Completed
ORD_2755,CUST_201,2024-11-10,Creative Studio,Instagram,145.8,89.51,Completed
ORD_2756,CUST_1020,2024-08-25,Event Ticket,Partnership,70.12,22.25,Completed
ORD_2757,CUST_695,2024-04-28,Workshop,Instagram,112.66,73.75,Refunded
ORD_2758,CUST_994,2024-03-11,Membership,TikTok,352.77,121.01,Completed
ORD_2759,CUST_993,2025-05-07,Event Ticket,Instagram,226.78,123.06,Completed
ORD_2760,CUST_544,2025-03-11,Media Package,Partnership,318.07,143.62,Completed
ORD_2761,CUST_577,2024-04-12,Membership,Instagram,232.52,133.38,Completed
ORD_2762,CUST_633,2025-06-16,Media Package,Instagram,315.05,126.15,Completed
ORD_2763,CUST_193,2025-05-17,Event Ticket,LinkedIn,157.25,75.89,Cancelled
ORD_2764,CUST_653,2024-08-15,Creative Studio,TikTok,325.58,164.33,Refunded
ORD_2765,CUST_219,2025-03-27,Media Package,TikTok,391.45,236.71,Completed
ORD_2766,CUST_284,2025-02-27,Event Ticket,LinkedIn,400.0,168.3,Completed
ORD_2767,CUST_1229,2025-01-10,Corporate Package,Instagram,471.97,177.86,Cancelled
ORD_2768,CUST_619,2024-06-20,Partner Offer,LinkedIn,56.53,25.01,Completed
ORD_2769,CUST_281,2024-03-12,Media Package,Instagram,245.39,86.79,Completed
ORD_2770,CUST_1494,2024-06-26,Media Package,TikTok,22.67,9.98,Completed
ORD_2771,CUST_1263,2024-04-18,Workshop,Partnership,268.69,101.91,Completed
ORD_2772,CUST_1010,2024-03-05,Event Ticket,Referral,130.94,86.56,Completed
ORD_2773,CUST_1338,2024-01-08,Media Package,TikTok,100.49,43.75,Completed
ORD_2774,CUST_1442,2024-03-01,Creative Studio,Instagram,386.79,255.38,Completed
ORD_2775,CUST_923,2024-04-02,Media Package,Google Search,181.32,97.99,Completed
ORD_2776,CUST_678,2025-05-16,Event Ticket,LinkedIn,23.51,13.17,Completed
ORD_2777,CUST_652,2025-04-19,Creative Studio,Instagram,189.34,96.92,Completed
ORD_2778,CUST_1051,2025-04-27,Creative Studio,Event Walk-in,212.72,129.96,Completed
ORD_2779,CUST_1479,2025-04-11,Event Ticket,Instagram,153.21,97.98,Completed
ORD_2780,CUST_1038,2024-12-24,Media Package,TikTok,173.44,63.58,Completed
ORD_2781,CUST_876,2025-01-06,Media Package,Instagram,215.04,66.05,Completed
ORD_2782,CUST_834,2024-05-18,Creative Studio,Event Walk-in,257.16,96.81,Refunded
ORD_2783,CUST_1428,2024-02-03,Creative Studio,Instagram,358.18,197.52,Completed
ORD_2784,CUST_1471,2025-06-07,Workshop,Partnership,282.82,164.19,Refunded
ORD_2785,CUST_639,2025-04-09,Creative Studio,Partnership,413.95,263.33,Completed
ORD_2786,CUST_1053,2024-09-03,Media Package,Instagram,485.26,228.11,Completed
ORD_2787,CUST_1044,2024-07-05,Media Package,Google Search,31.03,14.27,Cancelled
ORD_2788,CUST_507,2025-04-25,Event Ticket,Event Walk-in,392.31,178.98,Completed
ORD_2789,CUST_162,2024-08-08,Membership,LinkedIn,232.33,135.36,Completed
ORD_2790,CUST_629,2024-08-10,Partner Offer,Event Walk-in,377.48,194.6,Completed
ORD_2791,CUST_363,2024-07-09,Partner Offer,Instagram,321.5,201.07,Refunded
ORD_2792,CUST_392,2024-11-29,Membership,Referral,31.33,13.7,Completed
ORD_2793,CUST_1111,2024-08-07,Workshop,LinkedIn,373.82,195.81,Refunded
ORD_2794,CUST_946,2024-04-13,Workshop,TikTok,491.39,168.55,Completed
ORD_2795,CUST_233,2024-03-18,Media Package,LinkedIn,152.8,60.62,Completed
ORD_2796,CUST_749,2024-05-27,Membership,Instagram,422.69,133.67,Completed
ORD_2797,CUST_1085,2025-01-07,Media Package,TikTok,492.36,202.03,Completed
ORD_2798,CUST_661,2024-07-27,Creative Studio,TikTok,462.76,216.91,Refunded
ORD_2799,CUST_614,2024-09-30,Creative Studio,TikTok,407.87,139.56,Completed
ORD_2800,CUST_1427,2025-04-19,Workshop,Instagram,187.78,61.98,Refunded
ORD_2801,CUST_1252,2024-08-12,Event Ticket,Google Search,310.31,142.35,Completed
ORD_2802,CUST_1423,2024-09-10,Partner Offer,Instagram,124.55,74.02,Completed
ORD_2803,CUST_1234,2024-09-24,Corporate Package,Referral,368.02,238.79,Completed
ORD_2804,CUST_134,2025-05-25,Media Package,Event Walk-in,50.06,28.74,Completed
ORD_2805,CUST_1448,2024-07-03,Corporate Package,Google Search,177.55,94.25,Completed
ORD_2806,CUST_504,2025-03-25,Event Ticket,Google Search,494.3,194.82,Completed
ORD_2807,CUST_239,2025-03-26,Event Ticket,TikTok,353.67,218.72,Completed
ORD_2808,CUST_536,2024-09-09,Media Package,Instagram,419.96,236.07,Completed
ORD_2809,CUST_921,2025-06-23,Partner Offer,LinkedIn,344.81,133.0,Completed
ORD_2810,CUST_288,2024-08-07,Media Package,Google Search,237.97,80.54,Refunded
ORD_2811,CUST_1383,2024-11-30,Event Ticket,Event Walk-in,301.66,95.2,Cancelled
ORD_2812,CUST_1325,2025-06-15,Membership,TikTok,125.08,70.52,Completed
ORD_2813,CUST_366,2024-04-10,Event Ticket,Referral,27.49,16.61,Completed
ORD_2814,CUST_1366,2024-02-25,Media Package,LinkedIn,388.35,164.12,Completed
ORD_2815,CUST_1293,2024-02-15,Membership,Event Walk-in,338.62,230.75,Completed
ORD_2816,CUST_995,2025-04-21,Media Package,Instagram,153.96,97.91,Completed
ORD_2817,CUST_1406,2025-03-24,Creative Studio,Event Walk-in,253.16,131.04,Completed
ORD_2818,CUST_196,2025-01-16,Media Package,Partnership,31.45,16.84,Completed
ORD_2819,CUST_265,2024-08-30,Media Package,Instagram,142.54,46.52,Completed
ORD_2820,CUST_1013,2024-03-03,Workshop,Event Walk-in,69.25,26.4,Refunded
ORD_2821,CUST_965,2024-02-11,Membership,Instagram,395.58,188.9,Completed
ORD_2822,CUST_143,2024-11-05,Membership,LinkedIn,354.54,210.03,Completed
ORD_2823,CUST_1490,2024-03-24,Workshop,Event Walk-in,60.51,22.01,Refunded
ORD_2824,CUST_1000,2024-11-24,Event Ticket,Partnership,472.08,268.9,Completed
ORD_2825,CUST_1134,2024-06-15,Partner Offer,Partnership,49.04,30.08,Refunded
ORD_2826,CUST_112,2024-04-05,Event Ticket,TikTok,32.96,13.31,Completed
ORD_2827,CUST_465,2024-06-20,Workshop,Referral,51.61,23.7,Completed
ORD_2828,CUST_386,2024-12-22,Media Package,Instagram,64.34,26.62,Completed
ORD_2829,CUST_577,2024-07-22,Media Package,Instagram,237.06,82.35,Completed
ORD_2830,CUST_15,2025-06-07,Membership,Instagram,69.42,40.46,Completed
ORD_2831,CUST_475,2024-07-20,Partner Offer,Google Search,101.86,63.85,Completed
ORD_2832,CUST_1170,2025-04-26,Event Ticket,Instagram,406.38,234.6,Completed
ORD_2833,CUST_780,2025-05-26,Event Ticket,Google Search,232.06,83.29,Cancelled
ORD_2834,CUST_232,2024-05-28,Creative Studio,Event Walk-in,37.58,19.18,Completed
ORD_2835,CUST_473,2024-06-04,Event Ticket,Referral,75.24,37.87,Completed
ORD_2836,CUST_219,2025-04-16,Creative Studio,TikTok,32.15,19.59,Completed
ORD_2837,CUST_307,2024-05-22,Event Ticket,Partnership,46.73,31.84,Completed
ORD_2838,CUST_89,2024-04-01,Event Ticket,TikTok,176.55,53.03,Completed
ORD_2839,CUST_600,2024-04-17,Event Ticket,Instagram,425.46,283.32,Completed
ORD_2840,CUST_806,2024-05-03,Media Package,Event Walk-in,323.01,109.2,Completed
ORD_2841,CUST_1006,2024-05-19,Media Package,Event Walk-in,412.72,229.82,Completed
ORD_2842,CUST_1056,2025-06-25,Workshop,Instagram,184.69,63.86,Refunded
ORD_2843,CUST_492,2024-07-21,Partner Offer,Event Walk-in,245.09,166.58,Completed
ORD_2844,CUST_940,2024-08-07,Event Ticket,Google Search,298.68,203.45,Completed
ORD_2845,CUST_301,2025-03-17,Creative Studio,TikTok,100.79,57.07,Completed
ORD_2846,CUST_188,2024-01-14,Media Package,Partnership,496.12,328.01,Completed
ORD_2847,CUST_365,2024-11-04,Workshop,Event Walk-in,179.22,56.37,Completed
ORD_2848,CUST_418,2024-10-15,Event Ticket,TikTok,237.07,124.17,Completed
ORD_2849,CUST_1475,2024-01-24,Workshop,LinkedIn,466.56,166.08,Completed
ORD_2850,CUST_964,2025-06-21,Event Ticket,TikTok,81.77,25.76,Completed
ORD_2851,CUST_303,2024-01-09,Media Package,Instagram,329.58,218.07,Completed
ORD_2852,CUST_549,2024-05-17,Event Ticket,TikTok,449.81,308.49,Completed
ORD_2853,CUST_495,2024-05-11,Event Ticket,Instagram,204.98,104.67,Completed
ORD_2854,CUST_1012,2024-07-17,Media Package,Google Search,173.14,70.47,Completed
ORD_2855,CUST_288,2024-12-24,Media Package,Google Search,499.83,314.97,Completed
ORD_2856,CUST_1,2024-03-08,Workshop,Instagram,173.72,117.13,Completed
ORD_2857,CUST_233,2024-01-02,Workshop,LinkedIn,25.36,13.4,Completed
ORD_2858,CUST_1254,2024-12-19,Event Ticket,Partnership,21.45,7.87,Completed
ORD_2859,CUST_1202,2025-05-23,Workshop,Event Walk-in,109.35,68.04,Completed
ORD_2860,CUST_609,2024-08-22,Partner Offer,Instagram,349.48,221.32,Completed
ORD_2861,CUST_1304,2024-10-09,Membership,Instagram,84.28,35.78,Refunded
ORD_2862,CUST_601,2024-11-30,Media Package,Event Walk-in,61.17,25.5,Completed
ORD_2863,CUST_264,2024-05-13,Membership,Instagram,316.95,209.58,Completed
ORD_2864,CUST_691,2024-03-17,Corporate Package,Instagram,143.61,90.53,Completed
ORD_2865,CUST_1316,2024-01-27,Event Ticket,Google Search,74.06,40.99,Completed
ORD_2866,CUST_764,2024-02-25,Creative Studio,Partnership,328.56,152.03,Completed
ORD_2867,CUST_1380,2024-06-14,Media Package,Google Search,217.82,100.3,Completed
ORD_2868,CUST_889,2024-10-11,Event Ticket,Event Walk-in,298.68,181.17,Completed
ORD_2869,CUST_103,2024-03-03,Creative Studio,Instagram,281.19,130.75,Completed
ORD_2870,CUST_1248,2024-03-28,Creative Studio,LinkedIn,425.07,281.53,Refunded
ORD_2871,CUST_203,2024-01-23,Creative Studio,Instagram,333.02,198.93,Completed
ORD_2872,CUST_1487,2024-10-15,Media Package,Partnership,425.77,282.42,Refunded
ORD_2873,CUST_738,2024-04-19,Creative Studio,Instagram,320.76,146.16,Completed
ORD_2874,CUST_1296,2024-06-11,Workshop,TikTok,382.83,266.15,Completed
ORD_2875,CUST_944,2024-01-08,Membership,Instagram,452.57,265.09,Completed
ORD_2876,CUST_851,2024-10-19,Event Ticket,Partnership,281.58,153.61,Completed
ORD_2877,CUST_550,2024-01-18,Media Package,LinkedIn,103.49,35.03,Refunded
ORD_2878,CUST_717,2025-02-19,Partner Offer,Partnership,69.79,46.71,Completed
ORD_2879,CUST_357,2025-04-07,Creative Studio,TikTok,333.81,141.04,Refunded
ORD_2880,CUST_1190,2024-11-11,Media Package,Instagram,165.83,83.35,Completed
ORD_2881,CUST_1193,2024-12-22,Creative Studio,Instagram,289.62,177.96,Completed
ORD_2882,CUST_1293,2024-06-25,Partner Offer,Event Walk-in,369.68,251.13,Completed
ORD_2883,CUST_957,2024-04-18,Event Ticket,Event Walk-in,237.15,116.55,Completed
ORD_2884,CUST_1303,2025-04-17,Creative Studio,Instagram,54.38,29.68,Completed
ORD_2885,CUST_1171,2024-03-01,Workshop,Referral,498.76,296.54,Completed
ORD_2886,CUST_376,2025-06-10,Event Ticket,Google Search,314.28,176.71,Completed
ORD_2887,CUST_1054,2025-02-26,Media Package,Event Walk-in,126.31,51.51,Completed
ORD_2888,CUST_132,2025-02-12,Membership,Google Search,332.24,169.84,Refunded
ORD_2889,CUST_244,2025-05-15,Event Ticket,Instagram,177.13,119.08,Completed
ORD_2890,CUST_837,2024-01-14,Media Package,LinkedIn,169.22,60.61,Completed
ORD_2891,CUST_145,2025-01-10,Creative Studio,Partnership,280.21,97.6,Completed
ORD_2892,CUST_821,2024-02-01,Corporate Package,Instagram,142.42,69.84,Completed
ORD_2893,CUST_385,2024-12-16,Media Package,Event Walk-in,302.52,113.35,Completed
ORD_2894,CUST_27,2024-07-19,Media Package,Instagram,206.35,91.06,Completed
ORD_2895,CUST_1015,2024-04-14,Membership,Google Search,486.79,168.66,Completed
ORD_2896,CUST_640,2024-08-22,Creative Studio,Event Walk-in,233.99,75.2,Cancelled
ORD_2897,CUST_95,2024-10-21,Creative Studio,TikTok,101.31,48.59,Completed
ORD_2898,CUST_493,2024-10-09,Media Package,TikTok,308.08,124.92,Completed
ORD_2899,CUST_424,2025-02-14,Event Ticket,Referral,189.75,117.63,Completed
ORD_2900,CUST_501,2024-01-26,Event Ticket,TikTok,195.63,75.47,Completed
ORD_2901,CUST_1152,2024-12-23,Media Package,Instagram,89.8,52.06,Completed
ORD_2902,CUST_1197,2024-12-29,Creative Studio,TikTok,296.69,101.71,Completed
ORD_2903,CUST_833,2024-09-16,Media Package,Instagram,81.06,24.9,Completed
ORD_2904,CUST_1022,2024-01-06,Creative Studio,Referral,44.56,24.36,Cancelled
ORD_2905,CUST_87,2024-07-24,Media Package,Partnership,460.7,299.74,Completed
ORD_2906,CUST_1143,2025-03-26,Partner Offer,Event Walk-in,202.08,132.18,Completed
ORD_2907,CUST_788,2025-02-07,Creative Studio,Instagram,269.17,162.46,Completed
ORD_2908,CUST_185,2024-12-27,Media Package,Instagram,358.75,202.21,Completed
ORD_2909,CUST_336,2024-05-21,Media Package,TikTok,350.06,106.11,Completed
ORD_2910,CUST_146,2024-02-02,Event Ticket,LinkedIn,375.02,121.04,Completed
ORD_2911,CUST_1015,2025-02-28,Creative Studio,Google Search,487.32,180.58,Completed
ORD_2912,CUST_1311,2024-12-04,Media Package,Instagram,197.43,84.51,Completed
ORD_2913,CUST_217,2024-03-10,Workshop,TikTok,489.27,298.79,Completed
ORD_2914,CUST_691,2025-05-12,Media Package,Instagram,396.87,254.0,Completed
ORD_2915,CUST_548,2024-09-15,Event Ticket,Event Walk-in,22.26,7.36,Completed
ORD_2916,CUST_1491,2024-09-25,Media Package,Partnership,467.62,267.93,Completed
ORD_2917,CUST_270,2024-03-10,Workshop,Partnership,336.97,137.6,Completed
ORD_2918,CUST_537,2024-10-03,Media Package,LinkedIn,253.64,163.88,Completed
ORD_2919,CUST_728,2024-03-08,Creative Studio,Partnership,228.62,136.92,Completed
ORD_2920,CUST_886,2024-09-18,Media Package,LinkedIn,68.64,26.04,Completed
ORD_2921,CUST_156,2024-10-31,Media Package,LinkedIn,337.85,166.19,Completed
ORD_2922,CUST_676,2025-05-23,Partner Offer,LinkedIn,382.94,251.1,Completed
ORD_2923,CUST_210,2025-06-25,Partner Offer,Partnership,153.57,86.34,Completed
ORD_2924,CUST_465,2024-03-07,Membership,Referral,262.76,155.62,Completed
ORD_2925,CUST_740,2024-05-03,Workshop,Instagram,224.91,97.57,Completed
ORD_2926,CUST_1370,2024-10-26,Event Ticket,Partnership,101.45,41.31,Refunded
ORD_2927,CUST_364,2024-04-11,Event Ticket,TikTok,264.42,184.97,Completed
ORD_2928,CUST_141,2024-02-20,Media Package,Instagram,467.48,289.89,Completed
ORD_2929,CUST_1181,2024-09-11,Membership,Partnership,218.7,93.57,Completed
ORD_2930,CUST_365,2024-11-26,Creative Studio,Event Walk-in,175.84,73.26,Completed
ORD_2931,CUST_264,2025-06-11,Media Package,Instagram,354.12,183.98,Completed
ORD_2932,CUST_643,2024-04-26,Partner Offer,LinkedIn,488.19,184.04,Completed
ORD_2933,CUST_366,2024-01-16,Event Ticket,Referral,333.56,197.52,Completed
ORD_2934,CUST_1342,2024-09-27,Event Ticket,Instagram,36.07,16.6,Completed
ORD_2935,CUST_756,2024-05-22,Event Ticket,Partnership,136.22,57.41,Completed
ORD_2936,CUST_893,2025-06-11,Media Package,Instagram,432.53,229.39,Refunded
ORD_2937,CUST_313,2024-06-24,Event Ticket,Instagram,326.59,113.19,Completed
ORD_2938,CUST_649,2024-06-11,Media Package,Referral,64.77,39.29,Completed
ORD_2939,CUST_198,2024-09-22,Event Ticket,Event Walk-in,107.64,72.92,Refunded
ORD_2940,CUST_257,2024-03-26,Membership,Instagram,444.01,249.17,Completed
ORD_2941,CUST_974,2025-06-09,Media Package,Referral,382.4,220.64,Refunded
ORD_2942,CUST_614,2025-04-04,Partner Offer,TikTok,191.67,127.93,Refunded
ORD_2943,CUST_327,2024-03-26,Partner Offer,Referral,56.24,35.35,Cancelled
ORD_2944,CUST_770,2025-05-30,Media Package,Partnership,51.43,21.33,Cancelled
ORD_2945,CUST_1265,2025-06-04,Event Ticket,LinkedIn,382.69,153.43,Completed
ORD_2946,CUST_207,2024-03-13,Partner Offer,Instagram,38.26,19.26,Refunded
ORD_2947,CUST_1315,2024-09-23,Creative Studio,LinkedIn,90.75,40.51,Completed
ORD_2948,CUST_1250,2024-05-03,Media Package,LinkedIn,288.24,101.89,Refunded
ORD_2949,CUST_467,2024-12-30,Media Package,Instagram,419.08,271.19,Completed
ORD_2950,CUST_1106,2024-08-26,Media Package,TikTok,465.91,321.31,Completed
ORD_2951,CUST_1208,2025-06-03,Creative Studio,Event Walk-in,325.91,138.94,Refunded
ORD_2952,CUST_958,2024-06-25,Event Ticket,TikTok,259.2,112.08,Completed
ORD_2953,CUST_1154,2024-02-17,Creative Studio,Instagram,427.31,287.5,Completed
ORD_2954,CUST_1474,2024-04-05,Workshop,Instagram,415.77,147.13,Completed
ORD_2955,CUST_700,2024-07-12,Creative Studio,Instagram,65.38,32.4,Completed
ORD_2956,CUST_713,2025-02-16,Event Ticket,LinkedIn,410.2,267.18,Completed
ORD_2957,CUST_751,2024-03-27,Partner Offer,TikTok,491.98,335.47,Completed
ORD_2958,CUST_95,2025-05-26,Media Package,TikTok,225.66,154.23,Completed
ORD_2959,CUST_739,2024-06-18,Media Package,TikTok,378.57,197.06,Completed
ORD_2960,CUST_879,2025-05-31,Event Ticket,Event Walk-in,23.36,14.6,Completed
ORD_2961,CUST_1206,2025-02-05,Media Package,Instagram,101.27,61.24,Cancelled
ORD_2962,CUST_1263,2025-05-03,Media Package,Partnership,417.97,252.55,Completed
ORD_2963,CUST_530,2024-02-14,Media Package,LinkedIn,107.4,35.21,Completed
ORD_2964,CUST_960,2024-04-30,Membership,Referral,45.77,14.87,Completed
ORD_2965,CUST_1070,2025-03-09,Event Ticket,TikTok,429.24,216.91,Completed
ORD_2966,CUST_83,2025-05-21,Corporate Package,Instagram,283.38,168.25,Completed
ORD_2967,CUST_324,2024-06-30,Media Package,Referral,186.73,130.56,Completed
ORD_2968,CUST_1332,2024-08-17,Creative Studio,Instagram,107.96,35.37,Completed
ORD_2969,CUST_1172,2024-04-19,Workshop,Event Walk-in,384.35,132.54,Completed
ORD_2970,CUST_341,2025-02-11,Membership,Event Walk-in,136.18,79.47,Completed
ORD_2971,CUST_80,2025-03-07,Media Package,Referral,358.17,183.47,Completed
ORD_2972,CUST_1028,2025-01-20,Creative Studio,Instagram,314.9,181.07,Completed
ORD_2973,CUST_37,2024-09-28,Partner Offer,TikTok,421.62,147.38,Completed
ORD_2974,CUST_697,2024-09-29,Media Package,LinkedIn,308.02,101.48,Completed
ORD_2975,CUST_701,2024-03-07,Creative Studio,Instagram,492.87,218.53,Completed
ORD_2976,CUST_769,2024-12-12,Event Ticket,Referral,152.66,99.05,Completed
ORD_2977,CUST_109,2024-12-30,Media Package,Partnership,92.03,28.19,Completed
ORD_2978,CUST_938,2025-02-20,Membership,TikTok,180.07,65.83,Completed
ORD_2979,CUST_1384,2024-01-01,Media Package,Event Walk-in,57.82,36.48,Completed
ORD_2980,CUST_722,2024-08-15,Membership,Referral,78.28,44.64,Completed
ORD_2981,CUST_1219,2025-05-28,Membership,Instagram,373.07,240.62,Completed
ORD_2982,CUST_1081,2025-03-22,Event Ticket,TikTok,76.18,25.56,Completed
ORD_2983,CUST_813,2025-05-06,Event Ticket,Event Walk-in,275.35,124.58,Cancelled
ORD_2984,CUST_237,2025-06-23,Creative Studio,Instagram,21.14,14.02,Completed
ORD_2985,CUST_924,2025-03-11,Event Ticket,TikTok,224.68,87.29,Completed
ORD_2986,CUST_1171,2024-04-01,Membership,Referral,163.51,110.95,Completed
ORD_2987,CUST_1459,2024-04-25,Media Package,Referral,220.45,75.41,Completed
ORD_2988,CUST_1193,2024-09-11,Creative Studio,Instagram,165.24,89.0,Completed
ORD_2989,CUST_1137,2024-06-16,Partner Offer,TikTok,94.04,38.46,Refunded
ORD_2990,CUST_990,2025-02-21,Event Ticket,Google Search,108.57,39.32,Completed
ORD_2991,CUST_351,2025-02-21,Corporate Package,Event Walk-in,417.41,208.86,Completed
ORD_2992,CUST_1439,2024-09-11,Event Ticket,Instagram,95.06,39.36,Completed
ORD_2993,CUST_1103,2025-06-07,Event Ticket,Event Walk-in,497.33,302.61,Completed
ORD_2994,CUST_1058,2024-01-23,Partner Offer,Referral,188.02,119.9,Completed
ORD_2995,CUST_827,2024-10-12,Workshop,Referral,472.75,258.31,Completed
ORD_2996,CUST_575,2024-09-25,Event Ticket,Event Walk-in,81.8,30.83,Completed
ORD_2997,CUST_1380,2024-11-21,Media Package,Google Search,284.38,174.2,Refunded
ORD_2998,CUST_93,2024-10-23,Membership,TikTok,47.39,29.77,Completed
ORD_2999,CUST_458,2025-03-02,Creative Studio,Google Search,443.81,138.22,Completed
ORD_3000,CUST_1216,2025-05-10,Corporate Package,Instagram,65.47,22.59,Refunded
ORD_3001,CUST_505,2024-03-07,Workshop,Instagram,216.15,69.95,Completed
ORD_3002,CUST_803,2024-09-21,Media Package,LinkedIn,452.05,185.51,Completed
ORD_3003,CUST_709,2024-02-12,Media Package,Instagram,278.9,95.14,Cancelled
ORD_3004,CUST_549,2024-01-03,Corporate Package,TikTok,141.22,47.78,Completed
ORD_3005,CUST_802,2024-05-28,Event Ticket,Instagram,270.45,161.49,Completed
ORD_3006,CUST_232,2024-10-04,Creative Studio,Event Walk-in,288.82,181.96,Completed
ORD_3007,CUST_466,2024-04-17,Workshop,Partnership,103.89,68.4,Completed
ORD_3008,CUST_797,2024-07-08,Partner Offer,LinkedIn,392.05,140.62,Completed
ORD_3009,CUST_112,2024-09-28,Media Package,TikTok,51.26,22.19,Completed
ORD_3010,CUST_192,2024-09-11,Media Package,Google Search,438.05,166.59,Completed
ORD_3011,CUST_522,2025-03-26,Creative Studio,Instagram,81.76,52.54,Completed
ORD_3012,CUST_650,2024-11-15,Media Package,Instagram,232.38,137.0,Refunded
ORD_3013,CUST_738,2024-12-01,Creative Studio,Instagram,111.36,71.43,Completed
ORD_3014,CUST_1451,2024-11-17,Workshop,Instagram,362.4,171.42,Completed
ORD_3015,CUST_961,2024-05-07,Media Package,Referral,414.72,131.5,Completed
ORD_3016,CUST_937,2024-07-03,Event Ticket,Event Walk-in,146.97,89.18,Completed
ORD_3017,CUST_1486,2025-05-04,Partner Offer,Event Walk-in,177.56,99.56,Completed
ORD_3018,CUST_406,2025-01-25,Corporate Package,TikTok,434.73,211.07,Completed
ORD_3019,CUST_660,2024-04-26,Event Ticket,LinkedIn,231.59,87.76,Completed
ORD_3020,CUST_23,2024-03-04,Membership,Instagram,438.07,298.24,Completed
ORD_3021,CUST_325,2025-02-08,Membership,LinkedIn,286.91,119.35,Completed
ORD_3022,CUST_470,2025-02-24,Partner Offer,TikTok,284.03,159.84,Completed
ORD_3023,CUST_450,2024-04-12,Media Package,Instagram,314.38,158.2,Completed
ORD_3024,CUST_908,2025-01-16,Media Package,Google Search,296.99,113.9,Completed
ORD_3025,CUST_570,2024-01-08,Event Ticket,Google Search,399.12,207.74,Completed
ORD_3026,CUST_1050,2024-11-04,Workshop,TikTok,193.84,75.48,Completed
ORD_3027,CUST_569,2024-09-13,Event Ticket,Instagram,237.81,163.12,Completed
ORD_3028,CUST_869,2025-01-20,Partner Offer,LinkedIn,141.92,97.51,Completed
ORD_3029,CUST_1077,2024-10-07,Workshop,Partnership,348.02,173.71,Completed
ORD_3030,CUST_1239,2025-03-21,Creative Studio,Partnership,231.46,141.4,Completed
ORD_3031,CUST_1139,2024-11-30,Workshop,Instagram,425.96,210.97,Completed
ORD_3032,CUST_604,2024-01-15,Workshop,Instagram,449.36,192.85,Refunded
ORD_3033,CUST_216,2024-11-18,Creative Studio,TikTok,199.94,68.4,Completed
ORD_3034,CUST_1193,2025-03-29,Creative Studio,Instagram,83.96,34.18,Refunded
ORD_3035,CUST_1471,2025-04-06,Workshop,Partnership,121.7,43.45,Completed
ORD_3036,CUST_298,2024-11-22,Partner Offer,Instagram,113.62,69.05,Completed
ORD_3037,CUST_948,2025-06-02,Workshop,Instagram,142.9,90.74,Completed
ORD_3038,CUST_44,2024-05-13,Membership,Instagram,242.91,120.58,Completed
ORD_3039,CUST_217,2024-09-21,Workshop,TikTok,279.34,107.23,Refunded
ORD_3040,CUST_1022,2024-05-13,Corporate Package,Referral,48.47,27.32,Completed
ORD_3041,CUST_1297,2025-03-04,Creative Studio,Google Search,316.32,216.51,Completed
ORD_3042,CUST_799,2024-04-21,Creative Studio,Event Walk-in,265.35,164.47,Completed
ORD_3043,CUST_851,2024-12-21,Membership,Partnership,482.99,253.74,Completed
ORD_3044,CUST_1457,2025-03-11,Event Ticket,TikTok,269.4,152.72,Completed
ORD_3045,CUST_866,2024-06-28,Event Ticket,Google Search,457.19,306.03,Completed
ORD_3046,CUST_1068,2025-04-07,Creative Studio,LinkedIn,294.36,187.99,Refunded
ORD_3047,CUST_179,2025-04-30,Creative Studio,Event Walk-in,123.71,68.28,Completed
ORD_3048,CUST_585,2024-11-19,Media Package,Event Walk-in,432.91,215.86,Completed
ORD_3049,CUST_607,2024-04-16,Event Ticket,Instagram,464.36,240.23,Completed
ORD_3050,CUST_394,2024-04-12,Event Ticket,Partnership,192.7,121.95,Refunded
ORD_3051,CUST_1101,2025-05-30,Workshop,Instagram,359.58,198.16,Completed
ORD_3052,CUST_532,2025-06-13,Media Package,Instagram,368.11,193.64,Cancelled
ORD_3053,CUST_1153,2024-01-07,Workshop,Partnership,152.91,105.18,Cancelled
ORD_3054,CUST_299,2024-01-16,Event Ticket,Instagram,350.56,170.6,Completed
ORD_3055,CUST_309,2025-02-09,Media Package,Event Walk-in,189.86,89.02,Completed
ORD_3056,CUST_809,2024-05-10,Membership,Event Walk-in,246.92,131.34,Completed
ORD_3057,CUST_753,2025-01-01,Creative Studio,Instagram,37.24,13.79,Completed
ORD_3058,CUST_27,2024-01-14,Partner Offer,Instagram,365.89,227.11,Completed
ORD_3059,CUST_173,2024-05-18,Partner Offer,Partnership,256.94,179.52,Completed
ORD_3060,CUST_602,2024-09-26,Corporate Package,TikTok,53.03,35.25,Completed
ORD_3061,CUST_873,2025-03-11,Event Ticket,Event Walk-in,79.34,26.91,Completed
ORD_3062,CUST_166,2024-06-17,Event Ticket,Instagram,451.93,287.78,Completed
ORD_3063,CUST_1045,2024-08-22,Workshop,Event Walk-in,429.71,229.3,Refunded
ORD_3064,CUST_718,2024-12-16,Membership,TikTok,451.4,267.97,Completed
ORD_3065,CUST_116,2025-01-30,Corporate Package,TikTok,387.42,241.56,Completed
ORD_3066,CUST_744,2025-04-17,Media Package,Partnership,87.63,46.1,Cancelled
ORD_3067,CUST_469,2024-06-21,Creative Studio,LinkedIn,453.3,201.63,Completed
ORD_3068,CUST_308,2025-06-10,Event Ticket,Partnership,366.26,183.3,Completed
ORD_3069,CUST_815,2024-08-26,Media Package,Referral,224.38,81.47,Refunded
ORD_3070,CUST_1012,2025-01-05,Workshop,Google Search,275.61,166.56,Cancelled
ORD_3071,CUST_142,2024-10-01,Event Ticket,TikTok,87.44,35.87,Completed
ORD_3072,CUST_203,2025-03-15,Membership,Instagram,61.49,19.7,Completed
ORD_3073,CUST_1300,2024-10-19,Media Package,Event Walk-in,79.88,34.47,Completed
ORD_3074,CUST_1234,2024-05-29,Corporate Package,Referral,291.1,183.28,Completed
ORD_3075,CUST_1129,2024-03-19,Event Ticket,Google Search,60.58,24.85,Refunded
ORD_3076,CUST_905,2024-06-06,Partner Offer,Instagram,251.84,113.67,Cancelled
ORD_3077,CUST_154,2024-10-19,Workshop,Instagram,89.85,50.96,Completed
ORD_3078,CUST_269,2025-05-18,Media Package,LinkedIn,413.26,211.17,Completed
ORD_3079,CUST_494,2024-03-27,Media Package,Event Walk-in,149.08,56.01,Refunded
ORD_3080,CUST_3,2025-02-11,Workshop,Google Search,491.74,331.25,Completed
ORD_3081,CUST_852,2024-10-27,Media Package,Event Walk-in,98.57,60.48,Completed
ORD_3082,CUST_154,2024-06-19,Media Package,Instagram,332.93,166.94,Completed
ORD_3083,CUST_653,2025-01-23,Media Package,TikTok,76.15,51.14,Completed
ORD_3084,CUST_41,2025-05-01,Creative Studio,Partnership,395.48,276.75,Completed
ORD_3085,CUST_1162,2024-03-03,Workshop,LinkedIn,227.38,150.0,Completed
ORD_3086,CUST_215,2025-01-31,Partner Offer,Instagram,470.25,282.46,Completed
ORD_3087,CUST_965,2024-09-18,Creative Studio,Instagram,313.22,209.69,Completed
ORD_3088,CUST_454,2024-02-03,Creative Studio,TikTok,155.06,76.0,Cancelled
ORD_3089,CUST_1498,2024-08-23,Creative Studio,TikTok,324.48,218.73,Completed
ORD_3090,CUST_117,2024-05-28,Membership,Instagram,111.3,33.6,Refunded
ORD_3091,CUST_47,2024-12-04,Corporate Package,Google Search,303.73,119.58,Refunded
ORD_3092,CUST_147,2024-01-13,Event Ticket,Google Search,247.58,101.8,Refunded
ORD_3093,CUST_934,2024-04-16,Media Package,Google Search,444.67,257.57,Completed
ORD_3094,CUST_172,2025-02-09,Creative Studio,TikTok,363.94,139.92,Completed
ORD_3095,CUST_910,2025-06-10,Partner Offer,Event Walk-in,132.84,44.3,Completed
ORD_3096,CUST_610,2024-12-19,Partner Offer,Instagram,86.98,26.81,Completed
ORD_3097,CUST_496,2024-09-17,Partner Offer,Google Search,28.6,16.85,Cancelled
ORD_3098,CUST_1355,2024-09-24,Membership,Event Walk-in,330.5,219.7,Completed
ORD_3099,CUST_1191,2025-06-28,Membership,Instagram,130.95,72.94,Completed
ORD_3100,CUST_163,2025-01-05,Media Package,Event Walk-in,386.47,152.21,Completed
ORD_3101,CUST_167,2024-08-10,Media Package,Instagram,32.48,16.63,Completed
ORD_3102,CUST_697,2024-04-19,Event Ticket,LinkedIn,291.7,137.56,Completed
ORD_3103,CUST_1211,2024-11-24,Membership,Instagram,256.13,133.96,Completed
ORD_3104,CUST_1194,2024-05-30,Media Package,LinkedIn,106.56,50.04,Cancelled
ORD_3105,CUST_1365,2025-06-08,Media Package,LinkedIn,395.96,156.24,Refunded
ORD_3106,CUST_635,2025-01-30,Workshop,TikTok,467.65,208.52,Completed
ORD_3107,CUST_219,2025-03-11,Partner Offer,TikTok,145.29,45.46,Completed
ORD_3108,CUST_863,2024-06-07,Corporate Package,Instagram,313.1,100.94,Completed
ORD_3109,CUST_175,2024-03-03,Creative Studio,Instagram,207.76,68.46,Cancelled
ORD_3110,CUST_1204,2025-05-07,Media Package,Google Search,180.43,119.32,Completed
ORD_3111,CUST_325,2025-05-05,Event Ticket,LinkedIn,292.25,114.39,Completed
ORD_3112,CUST_872,2024-05-20,Membership,Google Search,291.21,191.47,Completed
ORD_3113,CUST_1218,2024-04-01,Corporate Package,Instagram,103.89,37.23,Cancelled
ORD_3114,CUST_1190,2025-01-25,Media Package,Instagram,167.15,114.92,Completed
ORD_3115,CUST_1178,2024-05-15,Partner Offer,Instagram,470.06,254.02,Completed
ORD_3116,CUST_88,2024-08-19,Media Package,Partnership,294.2,111.47,Completed
ORD_3117,CUST_1083,2024-08-29,Membership,TikTok,188.15,119.82,Completed
ORD_3118,CUST_561,2024-06-03,Partner Offer,Instagram,47.93,31.02,Cancelled
ORD_3119,CUST_75,2025-05-26,Event Ticket,Partnership,422.54,182.28,Refunded
ORD_3120,CUST_573,2024-06-09,Partner Offer,Event Walk-in,151.42,103.71,Completed
ORD_3121,CUST_778,2024-06-25,Media Package,LinkedIn,45.03,27.08,Completed
ORD_3122,CUST_419,2024-02-20,Media Package,Instagram,24.27,10.72,Completed
ORD_3123,CUST_445,2024-08-05,Event Ticket,Instagram,350.5,167.01,Completed
ORD_3124,CUST_1319,2024-04-29,Event Ticket,Event Walk-in,247.9,92.23,Completed
ORD_3125,CUST_298,2024-01-03,Event Ticket,Instagram,301.76,168.8,Completed
ORD_3126,CUST_899,2025-01-30,Media Package,Instagram,187.14,113.25,Completed
ORD_3127,CUST_758,2024-02-16,Partner Offer,LinkedIn,142.82,98.12,Completed
ORD_3128,CUST_969,2025-05-07,Media Package,Instagram,175.18,82.54,Completed
ORD_3129,CUST_1235,2024-03-26,Workshop,TikTok,72.74,47.02,Completed
ORD_3130,CUST_10,2025-01-27,Workshop,Event Walk-in,167.63,107.05,Completed
ORD_3131,CUST_137,2024-08-28,Corporate Package,Google Search,400.72,182.92,Completed
ORD_3132,CUST_767,2024-11-22,Media Package,Instagram,192.9,62.36,Completed
ORD_3133,CUST_553,2024-03-28,Media Package,Event Walk-in,185.12,122.09,Completed
ORD_3134,CUST_28,2025-05-09,Membership,Event Walk-in,150.29,51.27,Completed
ORD_3135,CUST_34,2024-05-21,Membership,Event Walk-in,331.22,206.53,Completed
ORD_3136,CUST_475,2024-11-19,Corporate Package,Google Search,453.17,221.67,Completed
ORD_3137,CUST_1296,2024-02-05,Event Ticket,TikTok,263.11,175.71,Completed
ORD_3138,CUST_842,2024-01-18,Media Package,TikTok,470.8,295.64,Completed
ORD_3139,CUST_487,2024-07-05,Event Ticket,TikTok,453.19,228.84,Completed
ORD_3140,CUST_179,2024-10-12,Partner Offer,Event Walk-in,484.39,171.59,Cancelled
ORD_3141,CUST_209,2025-01-23,Creative Studio,LinkedIn,69.27,46.01,Completed
ORD_3142,CUST_117,2024-01-21,Partner Offer,Instagram,386.94,237.6,Completed
ORD_3143,CUST_279,2025-03-19,Partner Offer,Event Walk-in,376.89,188.32,Completed
ORD_3144,CUST_1030,2025-03-08,Membership,Google Search,384.32,189.29,Completed
ORD_3145,CUST_719,2025-02-06,Partner Offer,Instagram,172.44,119.76,Completed
ORD_3146,CUST_840,2024-03-29,Media Package,Instagram,346.22,182.42,Completed
ORD_3147,CUST_554,2024-08-18,Partner Offer,Partnership,218.15,134.54,Completed
ORD_3148,CUST_658,2025-04-02,Media Package,LinkedIn,213.35,104.68,Completed
ORD_3149,CUST_794,2024-10-02,Workshop,Partnership,252.93,97.03,Completed
ORD_3150,CUST_149,2025-06-19,Media Package,TikTok,29.85,17.61,Completed
ORD_3151,CUST_1273,2024-07-18,Creative Studio,TikTok,439.56,238.0,Completed
ORD_3152,CUST_902,2024-10-28,Media Package,Event Walk-in,436.04,237.75,Completed
ORD_3153,CUST_421,2025-02-18,Event Ticket,LinkedIn,153.91,82.93,Completed
ORD_3154,CUST_1484,2024-01-16,Media Package,Google Search,111.88,77.63,Completed
ORD_3155,CUST_97,2025-06-16,Corporate Package,LinkedIn,185.04,128.31,Completed
ORD_3156,CUST_808,2025-04-28,Media Package,Event Walk-in,367.18,128.99,Completed
ORD_3157,CUST_233,2025-05-11,Workshop,LinkedIn,158.27,102.82,Completed
ORD_3158,CUST_226,2024-02-01,Creative Studio,Instagram,434.72,156.42,Completed
ORD_3159,CUST_1113,2024-07-03,Creative Studio,TikTok,238.44,165.42,Completed
ORD_3160,CUST_738,2025-04-10,Corporate Package,Instagram,198.46,129.13,Completed
ORD_3161,CUST_788,2024-08-30,Event Ticket,Instagram,237.61,86.69,Refunded
ORD_3162,CUST_294,2024-05-15,Creative Studio,Instagram,294.07,108.09,Completed
ORD_3163,CUST_803,2025-01-02,Media Package,LinkedIn,430.69,281.63,Cancelled
ORD_3164,CUST_550,2025-06-18,Media Package,LinkedIn,230.12,157.04,Completed
ORD_3165,CUST_61,2024-07-10,Creative Studio,Google Search,233.59,94.57,Completed
ORD_3166,CUST_397,2024-03-21,Media Package,Instagram,387.17,181.17,Completed
ORD_3167,CUST_1184,2025-01-12,Partner Offer,Referral,403.34,257.94,Refunded
ORD_3168,CUST_943,2025-04-17,Creative Studio,Instagram,494.0,184.55,Completed
ORD_3169,CUST_1364,2024-04-30,Media Package,Event Walk-in,408.16,179.6,Completed
ORD_3170,CUST_343,2024-04-02,Media Package,Google Search,248.29,157.72,Completed
ORD_3171,CUST_664,2024-10-30,Creative Studio,LinkedIn,68.75,28.87,Completed
ORD_3172,CUST_358,2024-03-17,Event Ticket,Event Walk-in,427.98,198.54,Completed
ORD_3173,CUST_1479,2024-05-28,Membership,Instagram,460.78,313.31,Completed
ORD_3174,CUST_77,2025-02-16,Partner Offer,TikTok,267.81,144.76,Completed
ORD_3175,CUST_1255,2024-06-30,Event Ticket,Instagram,474.0,276.38,Completed
ORD_3176,CUST_1424,2025-05-03,Creative Studio,TikTok,57.78,37.85,Completed
ORD_3177,CUST_843,2025-04-05,Event Ticket,Partnership,292.76,96.87,Completed
ORD_3178,CUST_481,2024-09-27,Media Package,Partnership,157.75,72.07,Completed
ORD_3179,CUST_29,2024-05-15,Event Ticket,Partnership,53.95,25.22,Completed
ORD_3180,CUST_168,2024-10-27,Creative Studio,Event Walk-in,123.01,67.51,Completed
ORD_3181,CUST_1498,2024-02-16,Creative Studio,TikTok,57.37,19.89,Completed
ORD_3182,CUST_1326,2024-05-09,Event Ticket,Partnership,88.4,42.47,Completed
ORD_3183,CUST_1224,2024-05-09,Corporate Package,Instagram,280.43,166.69,Completed
ORD_3184,CUST_1075,2024-01-01,Media Package,Referral,295.44,120.79,Completed
ORD_3185,CUST_992,2024-02-20,Event Ticket,Google Search,54.66,26.02,Completed
ORD_3186,CUST_931,2024-12-16,Creative Studio,TikTok,329.82,154.48,Cancelled
ORD_3187,CUST_541,2025-04-15,Event Ticket,TikTok,496.22,254.53,Completed
ORD_3188,CUST_1111,2024-10-12,Corporate Package,LinkedIn,119.37,51.85,Completed
ORD_3189,CUST_654,2024-06-30,Media Package,LinkedIn,436.76,134.75,Refunded
ORD_3190,CUST_785,2024-12-01,Corporate Package,Instagram,458.25,148.87,Refunded
ORD_3191,CUST_450,2024-10-13,Event Ticket,Instagram,59.35,32.22,Completed
ORD_3192,CUST_370,2025-06-16,Media Package,LinkedIn,150.53,58.09,Refunded
ORD_3193,CUST_926,2025-06-13,Membership,Event Walk-in,467.94,222.81,Completed
ORD_3194,CUST_679,2025-04-08,Membership,LinkedIn,168.31,61.54,Completed
ORD_3195,CUST_529,2025-03-05,Event Ticket,Instagram,211.84,79.49,Refunded
ORD_3196,CUST_228,2025-01-17,Event Ticket,Instagram,375.57,211.94,Completed
ORD_3197,CUST_1397,2024-12-25,Partner Offer,Event Walk-in,292.04,110.54,Completed
ORD_3198,CUST_689,2024-03-01,Event Ticket,TikTok,97.09,65.16,Completed
ORD_3199,CUST_523,2024-01-02,Media Package,Event Walk-in,96.37,45.73,Completed
ORD_3200,CUST_1288,2024-04-21,Partner Offer,Instagram,29.5,13.33,Completed
ORD_3201,CUST_1382,2024-11-18,Membership,Event Walk-in,301.65,139.71,Completed
ORD_3202,CUST_274,2024-02-14,Workshop,Partnership,478.76,218.11,Completed
ORD_3203,CUST_59,2025-03-27,Event Ticket,Instagram,326.53,167.98,Completed
ORD_3204,CUST_742,2024-07-23,Event Ticket,TikTok,437.46,157.23,Completed
ORD_3205,CUST_1007,2025-03-16,Media Package,Google Search,98.16,31.57,Completed
ORD_3206,CUST_1178,2024-01-05,Partner Offer,Instagram,199.76,112.23,Completed
ORD_3207,CUST_203,2024-03-29,Corporate Package,Instagram,302.35,111.42,Completed
ORD_3208,CUST_1105,2024-11-15,Media Package,TikTok,258.48,146.7,Completed
ORD_3209,CUST_296,2024-10-27,Membership,TikTok,388.9,183.09,Completed
ORD_3210,CUST_1274,2025-06-18,Media Package,LinkedIn,64.8,43.86,Completed
ORD_3211,CUST_191,2024-08-06,Corporate Package,Instagram,455.97,224.31,Completed
ORD_3212,CUST_142,2024-05-14,Media Package,TikTok,352.17,173.31,Completed
ORD_3213,CUST_159,2025-04-28,Workshop,Event Walk-in,188.06,85.26,Completed
ORD_3214,CUST_594,2024-03-31,Partner Offer,Instagram,137.16,45.2,Completed
ORD_3215,CUST_1438,2025-06-11,Partner Offer,TikTok,385.29,158.54,Cancelled
ORD_3216,CUST_311,2024-07-26,Workshop,Event Walk-in,66.55,26.32,Completed
ORD_3217,CUST_60,2024-03-25,Membership,Instagram,341.88,166.06,Completed
ORD_3218,CUST_1394,2024-03-13,Event Ticket,Partnership,327.6,135.81,Completed
ORD_3219,CUST_248,2024-06-06,Creative Studio,TikTok,480.12,267.29,Completed
ORD_3220,CUST_750,2025-02-16,Membership,Partnership,61.38,31.72,Completed
ORD_3221,CUST_705,2025-04-24,Corporate Package,Event Walk-in,239.72,156.61,Completed
ORD_3222,CUST_35,2025-01-03,Creative Studio,Instagram,101.89,50.95,Completed
ORD_3223,CUST_897,2024-09-04,Creative Studio,Instagram,280.02,193.03,Refunded
ORD_3224,CUST_752,2025-03-06,Media Package,Event Walk-in,209.66,105.9,Completed
ORD_3225,CUST_1288,2024-10-06,Partner Offer,Instagram,78.6,31.03,Completed
ORD_3226,CUST_640,2025-03-15,Creative Studio,Event Walk-in,496.64,325.52,Completed
ORD_3227,CUST_216,2024-08-12,Partner Offer,TikTok,66.43,24.48,Cancelled
ORD_3228,CUST_475,2024-11-02,Partner Offer,Google Search,337.17,110.67,Completed
ORD_3229,CUST_1023,2024-11-06,Partner Offer,Instagram,476.18,277.5,Completed
ORD_3230,CUST_840,2024-08-21,Creative Studio,Instagram,108.88,71.59,Cancelled
ORD_3231,CUST_1394,2024-11-01,Creative Studio,Partnership,377.97,216.58,Completed
ORD_3232,CUST_1046,2024-02-18,Creative Studio,TikTok,443.48,290.08,Completed
ORD_3233,CUST_764,2025-03-30,Partner Offer,Partnership,232.33,95.51,Completed
ORD_3234,CUST_1394,2025-02-06,Creative Studio,Partnership,363.46,251.44,Completed
ORD_3235,CUST_29,2024-12-26,Event Ticket,Partnership,224.0,126.73,Cancelled
ORD_3236,CUST_932,2024-06-12,Membership,Partnership,302.2,148.22,Completed
ORD_3237,CUST_508,2024-01-10,Media Package,Instagram,475.31,254.29,Completed
ORD_3238,CUST_1414,2024-12-07,Partner Offer,Event Walk-in,285.3,177.32,Completed
ORD_3239,CUST_521,2024-02-13,Media Package,TikTok,319.61,122.37,Completed
ORD_3240,CUST_283,2024-01-29,Media Package,Google Search,197.64,111.7,Completed
ORD_3241,CUST_304,2024-08-27,Event Ticket,Google Search,285.27,98.86,Completed
ORD_3242,CUST_43,2024-04-12,Media Package,Partnership,427.79,272.82,Completed
ORD_3243,CUST_272,2025-02-01,Event Ticket,Event Walk-in,173.51,79.84,Cancelled
ORD_3244,CUST_1240,2024-01-20,Event Ticket,Instagram,360.28,155.37,Completed
ORD_3245,CUST_63,2025-03-31,Media Package,Referral,421.13,151.74,Completed
ORD_3246,CUST_585,2024-06-30,Event Ticket,Event Walk-in,62.55,25.12,Completed
ORD_3247,CUST_267,2025-01-14,Partner Offer,Event Walk-in,81.08,40.15,Completed
ORD_3248,CUST_964,2024-10-01,Media Package,TikTok,202.46,113.89,Completed
ORD_3249,CUST_213,2024-06-30,Partner Offer,Google Search,160.62,94.51,Refunded
ORD_3250,CUST_237,2024-05-18,Membership,Instagram,144.91,89.38,Refunded
ORD_3251,CUST_706,2024-12-31,Corporate Package,Event Walk-in,64.1,44.36,Completed
ORD_3252,CUST_1153,2024-06-10,Corporate Package,Partnership,376.62,212.11,Completed
ORD_3253,CUST_666,2024-02-21,Event Ticket,LinkedIn,232.49,81.83,Completed
ORD_3254,CUST_1247,2024-08-07,Corporate Package,Instagram,184.84,67.53,Refunded
ORD_3255,CUST_380,2024-12-21,Partner Offer,Event Walk-in,35.62,21.44,Completed
ORD_3256,CUST_1300,2024-09-22,Creative Studio,Event Walk-in,293.37,88.78,Refunded
ORD_3257,CUST_1409,2024-12-13,Event Ticket,Instagram,356.05,191.29,Completed
ORD_3258,CUST_1308,2025-05-19,Event Ticket,TikTok,68.43,45.54,Completed
ORD_3259,CUST_77,2024-07-14,Corporate Package,TikTok,134.82,90.56,Completed
ORD_3260,CUST_1462,2024-02-20,Partner Offer,Instagram,195.51,67.29,Completed
ORD_3261,CUST_693,2025-01-09,Media Package,Instagram,323.08,102.88,Refunded
ORD_3262,CUST_156,2024-03-08,Event Ticket,LinkedIn,426.58,140.5,Cancelled
ORD_3263,CUST_677,2024-10-21,Partner Offer,Referral,107.89,48.7,Completed
ORD_3264,CUST_67,2024-11-07,Workshop,TikTok,117.35,62.4,Completed
ORD_3265,CUST_507,2024-05-01,Event Ticket,Event Walk-in,467.35,168.9,Completed
ORD_3266,CUST_616,2024-02-02,Corporate Package,Instagram,25.56,14.84,Completed
ORD_3267,CUST_1377,2025-06-02,Media Package,Instagram,460.11,152.9,Cancelled
ORD_3268,CUST_1127,2024-10-18,Event Ticket,Instagram,279.89,195.03,Completed
ORD_3269,CUST_574,2024-04-06,Partner Offer,Instagram,86.97,33.8,Cancelled
ORD_3270,CUST_255,2024-12-10,Corporate Package,LinkedIn,245.21,141.63,Completed
ORD_3271,CUST_730,2024-06-27,Partner Offer,Event Walk-in,258.47,176.42,Completed
ORD_3272,CUST_1111,2024-09-06,Partner Offer,LinkedIn,242.32,156.08,Completed
ORD_3273,CUST_708,2024-12-14,Event Ticket,Event Walk-in,277.53,159.54,Completed
ORD_3274,CUST_394,2024-03-13,Event Ticket,Partnership,284.38,110.79,Completed
ORD_3275,CUST_366,2025-05-13,Media Package,Referral,455.98,173.56,Completed
ORD_3276,CUST_753,2024-01-20,Creative Studio,Instagram,42.85,21.9,Completed
ORD_3277,CUST_935,2024-03-01,Event Ticket,Event Walk-in,148.91,67.61,Completed
ORD_3278,CUST_1261,2025-03-25,Media Package,Instagram,156.77,78.34,Completed
ORD_3279,CUST_127,2024-09-04,Partner Offer,TikTok,118.82,54.1,Completed
ORD_3280,CUST_352,2024-05-08,Media Package,Instagram,151.82,71.66,Cancelled
ORD_3281,CUST_436,2024-07-17,Media Package,Partnership,361.49,149.86,Completed
ORD_3282,CUST_190,2025-01-18,Corporate Package,Partnership,307.18,134.3,Completed
ORD_3283,CUST_347,2025-02-06,Media Package,Google Search,323.38,148.12,Completed
ORD_3284,CUST_815,2024-06-09,Creative Studio,Referral,323.65,125.71,Completed
ORD_3285,CUST_1047,2024-06-13,Media Package,Instagram,462.76,255.9,Completed
ORD_3286,CUST_864,2024-03-15,Media Package,Event Walk-in,188.8,64.59,Cancelled
ORD_3287,CUST_1361,2024-11-16,Membership,Event Walk-in,193.43,113.6,Refunded
ORD_3288,CUST_1020,2024-07-07,Membership,Partnership,253.42,152.55,Completed
ORD_3289,CUST_1025,2024-09-17,Membership,Instagram,280.3,193.05,Completed
ORD_3290,CUST_1000,2024-07-10,Media Package,Partnership,402.81,123.66,Completed
ORD_3291,CUST_654,2024-06-02,Membership,LinkedIn,489.53,245.22,Completed
ORD_3292,CUST_1350,2024-12-04,Corporate Package,Instagram,229.1,138.66,Completed
ORD_3293,CUST_806,2024-02-02,Media Package,Event Walk-in,318.23,127.91,Completed
ORD_3294,CUST_816,2025-03-07,Corporate Package,TikTok,288.46,112.44,Completed
ORD_3295,CUST_1091,2024-09-07,Event Ticket,Partnership,179.98,68.93,Completed
ORD_3296,CUST_1341,2025-02-27,Media Package,TikTok,440.24,192.21,Completed
ORD_3297,CUST_1321,2024-06-04,Corporate Package,TikTok,408.7,142.31,Completed
ORD_3298,CUST_764,2025-01-28,Creative Studio,Partnership,136.71,75.78,Completed
ORD_3299,CUST_1318,2024-05-19,Media Package,LinkedIn,46.37,15.02,Completed
ORD_3300,CUST_173,2024-12-08,Partner Offer,Partnership,267.73,93.6,Refunded
ORD_3301,CUST_1203,2025-04-12,Creative Studio,TikTok,497.29,214.84,Refunded
ORD_3302,CUST_892,2025-04-06,Creative Studio,Referral,273.49,148.39,Completed
ORD_3303,CUST_1040,2024-07-09,Event Ticket,LinkedIn,334.83,213.77,Completed
ORD_3304,CUST_1042,2025-03-09,Creative Studio,Google Search,384.76,165.96,Completed
ORD_3305,CUST_800,2024-08-24,Partner Offer,Event Walk-in,224.63,134.17,Completed
ORD_3306,CUST_588,2024-07-02,Workshop,LinkedIn,329.8,150.14,Refunded
ORD_3307,CUST_499,2024-05-24,Media Package,Instagram,314.4,143.29,Completed
ORD_3308,CUST_996,2024-07-10,Event Ticket,Partnership,183.95,88.52,Completed
ORD_3309,CUST_80,2025-04-19,Corporate Package,Referral,353.11,108.87,Completed
ORD_3310,CUST_107,2024-05-09,Event Ticket,LinkedIn,406.87,190.71,Completed
ORD_3311,CUST_738,2024-04-03,Workshop,Instagram,50.26,15.33,Completed
ORD_3312,CUST_1236,2024-08-19,Media Package,Instagram,146.77,78.51,Completed
ORD_3313,CUST_422,2024-07-04,Membership,Event Walk-in,184.79,79.38,Completed
ORD_3314,CUST_919,2024-06-21,Event Ticket,TikTok,351.06,127.57,Completed
ORD_3315,CUST_1413,2024-06-24,Event Ticket,Event Walk-in,33.24,12.82,Refunded
ORD_3316,CUST_235,2025-06-21,Workshop,TikTok,146.85,45.63,Completed
ORD_3317,CUST_964,2025-05-15,Media Package,TikTok,227.6,100.77,Completed
ORD_3318,CUST_340,2024-04-06,Creative Studio,TikTok,42.07,15.16,Completed
ORD_3319,CUST_1297,2025-05-30,Creative Studio,Google Search,162.97,106.89,Completed
ORD_3320,CUST_207,2024-12-06,Media Package,Instagram,120.02,64.81,Completed
ORD_3321,CUST_1217,2024-11-16,Media Package,Instagram,371.58,165.59,Completed
ORD_3322,CUST_600,2025-04-26,Event Ticket,Instagram,473.4,318.15,Completed
ORD_3323,CUST_1390,2025-01-25,Media Package,Event Walk-in,405.01,160.38,Completed
ORD_3324,CUST_1418,2024-02-21,Workshop,Instagram,256.59,119.54,Completed
ORD_3325,CUST_1229,2024-08-30,Media Package,Instagram,354.13,202.28,Completed
ORD_3326,CUST_878,2024-08-09,Event Ticket,Instagram,155.33,62.17,Cancelled
ORD_3327,CUST_176,2024-06-07,Media Package,LinkedIn,197.96,110.64,Completed
ORD_3328,CUST_886,2024-06-25,Workshop,LinkedIn,430.42,252.75,Completed
ORD_3329,CUST_1155,2024-11-14,Corporate Package,Event Walk-in,235.1,93.23,Completed
ORD_3330,CUST_546,2025-06-10,Event Ticket,Instagram,204.89,84.55,Completed
ORD_3331,CUST_538,2025-05-03,Event Ticket,Event Walk-in,258.91,107.63,Completed
ORD_3332,CUST_381,2024-08-06,Media Package,Event Walk-in,241.51,78.25,Completed
ORD_3333,CUST_243,2024-08-22,Event Ticket,LinkedIn,136.94,93.27,Refunded
ORD_3334,CUST_1078,2024-03-01,Membership,Event Walk-in,385.08,126.3,Completed
ORD_3335,CUST_655,2025-05-13,Partner Offer,Instagram,449.35,235.76,Completed
ORD_3336,CUST_257,2024-05-14,Partner Offer,Instagram,240.37,83.4,Refunded
ORD_3337,CUST_338,2024-04-22,Event Ticket,Google Search,39.65,19.97,Cancelled
ORD_3338,CUST_1282,2025-01-03,Media Package,Event Walk-in,348.87,239.96,Completed
ORD_3339,CUST_787,2024-01-11,Media Package,Instagram,106.11,38.38,Completed
ORD_3340,CUST_723,2024-01-14,Event Ticket,Event Walk-in,149.2,85.88,Completed
ORD_3341,CUST_291,2024-02-21,Membership,Event Walk-in,266.52,136.3,Completed
ORD_3342,CUST_998,2024-06-01,Membership,Instagram,240.95,131.06,Completed
ORD_3343,CUST_688,2025-03-25,Media Package,TikTok,83.68,29.53,Refunded
ORD_3344,CUST_752,2024-05-10,Media Package,Event Walk-in,307.98,134.03,Completed
ORD_3345,CUST_592,2025-01-16,Media Package,TikTok,323.79,215.43,Completed
ORD_3346,CUST_10,2024-05-13,Media Package,Event Walk-in,254.41,135.93,Completed
ORD_3347,CUST_991,2024-02-18,Creative Studio,TikTok,145.83,89.42,Completed
ORD_3348,CUST_1467,2024-01-03,Media Package,TikTok,374.14,127.45,Completed
ORD_3349,CUST_784,2024-12-18,Media Package,TikTok,162.12,71.8,Completed
ORD_3350,CUST_9,2025-03-26,Media Package,Instagram,116.2,73.72,Completed
ORD_3351,CUST_1440,2024-04-08,Media Package,Instagram,423.07,201.01,Completed
ORD_3352,CUST_896,2024-03-13,Media Package,Event Walk-in,261.9,117.56,Completed
ORD_3353,CUST_237,2024-04-01,Creative Studio,Instagram,29.51,17.71,Refunded
ORD_3354,CUST_1466,2024-03-16,Media Package,Instagram,129.58,61.04,Completed
ORD_3355,CUST_1000,2024-02-11,Corporate Package,Partnership,387.71,210.26,Completed
ORD_3356,CUST_882,2025-06-27,Membership,Instagram,244.48,93.78,Refunded
ORD_3357,CUST_1482,2024-01-30,Membership,TikTok,181.52,66.2,Completed
ORD_3358,CUST_330,2024-10-09,Event Ticket,TikTok,339.46,112.73,Completed
ORD_3359,CUST_569,2024-06-15,Event Ticket,Instagram,106.25,36.52,Completed
ORD_3360,CUST_780,2024-07-26,Partner Offer,Google Search,294.34,150.99,Completed
ORD_3361,CUST_136,2024-01-15,Media Package,Google Search,378.19,137.38,Completed
ORD_3362,CUST_1350,2025-01-12,Partner Offer,Instagram,437.78,234.95,Completed
ORD_3363,CUST_33,2025-02-06,Media Package,Google Search,343.83,124.37,Completed
ORD_3364,CUST_632,2024-02-11,Creative Studio,Event Walk-in,55.96,21.7,Completed
ORD_3365,CUST_347,2024-06-05,Event Ticket,Google Search,99.29,36.29,Completed
ORD_3366,CUST_390,2025-02-07,Creative Studio,Instagram,341.34,116.43,Completed
ORD_3367,CUST_757,2024-10-20,Workshop,Google Search,102.37,62.31,Completed
ORD_3368,CUST_134,2024-11-03,Media Package,Event Walk-in,255.83,160.41,Completed
ORD_3369,CUST_209,2025-03-17,Creative Studio,LinkedIn,81.37,42.94,Completed
ORD_3370,CUST_1028,2024-11-09,Media Package,Instagram,119.85,65.27,Completed
ORD_3371,CUST_616,2024-08-18,Media Package,Instagram,183.88,72.83,Completed
ORD_3372,CUST_695,2024-11-05,Media Package,Instagram,281.7,131.5,Completed
ORD_3373,CUST_918,2025-04-09,Membership,Event Walk-in,328.24,120.41,Completed
ORD_3374,CUST_20,2025-01-29,Event Ticket,Google Search,459.75,183.23,Refunded
ORD_3375,CUST_990,2024-04-30,Event Ticket,Google Search,175.61,63.18,Cancelled
ORD_3376,CUST_308,2024-09-18,Membership,Partnership,364.92,188.43,Completed
ORD_3377,CUST_1343,2024-05-20,Partner Offer,Google Search,364.55,147.91,Completed
ORD_3378,CUST_821,2024-11-24,Membership,Instagram,389.26,129.52,Completed
ORD_3379,CUST_1023,2025-06-11,Corporate Package,Instagram,185.46,66.45,Completed
ORD_3380,CUST_1422,2024-02-10,Media Package,Google Search,389.33,132.31,Completed
ORD_3381,CUST_458,2024-04-10,Workshop,Google Search,69.76,22.28,Refunded
ORD_3382,CUST_227,2024-05-31,Media Package,Instagram,389.63,194.48,Completed
ORD_3383,CUST_1098,2024-03-27,Media Package,Instagram,275.25,147.6,Completed
ORD_3384,CUST_826,2025-01-24,Membership,LinkedIn,195.82,108.37,Completed
ORD_3385,CUST_491,2024-12-12,Workshop,Event Walk-in,268.85,87.68,Refunded
ORD_3386,CUST_913,2024-10-15,Partner Offer,Instagram,121.58,67.67,Cancelled
ORD_3387,CUST_963,2024-07-10,Corporate Package,Event Walk-in,71.96,44.18,Completed
ORD_3388,CUST_139,2025-01-08,Media Package,Instagram,441.93,197.42,Completed
ORD_3389,CUST_1336,2024-09-23,Partner Offer,Instagram,44.79,14.15,Refunded
ORD_3390,CUST_1064,2024-02-05,Workshop,Google Search,187.42,120.02,Completed
ORD_3391,CUST_219,2024-03-21,Media Package,TikTok,209.69,97.68,Completed
ORD_3392,CUST_149,2025-06-25,Media Package,TikTok,53.99,29.19,Completed
ORD_3393,CUST_631,2024-09-30,Creative Studio,Event Walk-in,391.55,216.85,Completed
ORD_3394,CUST_540,2025-02-03,Partner Offer,LinkedIn,165.39,56.59,Completed
ORD_3395,CUST_121,2024-10-02,Media Package,Event Walk-in,187.49,76.51,Completed
ORD_3396,CUST_116,2025-02-15,Media Package,TikTok,448.73,162.06,Refunded
ORD_3397,CUST_1411,2024-10-01,Media Package,Referral,162.28,87.37,Refunded
ORD_3398,CUST_331,2024-12-09,Partner Offer,Instagram,126.81,71.45,Completed
ORD_3399,CUST_1395,2024-09-02,Creative Studio,Partnership,294.25,202.77,Completed
ORD_3400,CUST_240,2024-10-04,Creative Studio,Event Walk-in,300.93,131.1,Refunded
ORD_3401,CUST_465,2025-05-29,Creative Studio,Referral,405.55,188.74,Completed
ORD_3402,CUST_497,2025-03-17,Membership,TikTok,232.87,79.72,Completed
ORD_3403,CUST_622,2024-03-21,Event Ticket,Event Walk-in,465.76,298.56,Completed
ORD_3404,CUST_1342,2024-01-23,Media Package,Instagram,365.46,128.94,Refunded
ORD_3405,CUST_623,2024-12-06,Partner Offer,Google Search,292.62,112.7,Refunded
ORD_3406,CUST_744,2024-11-09,Media Package,Partnership,357.13,136.98,Completed
ORD_3407,CUST_924,2024-07-08,Workshop,TikTok,415.94,139.6,Completed
ORD_3408,CUST_866,2024-11-26,Workshop,Google Search,298.91,188.68,Completed
ORD_3409,CUST_921,2025-01-25,Creative Studio,LinkedIn,37.32,19.08,Completed
ORD_3410,CUST_1456,2024-07-05,Event Ticket,Referral,337.88,185.88,Refunded
ORD_3411,CUST_679,2024-01-14,Media Package,LinkedIn,230.77,144.41,Cancelled
ORD_3412,CUST_518,2024-05-19,Membership,Google Search,256.32,84.52,Completed
ORD_3413,CUST_611,2024-05-01,Membership,Instagram,450.57,306.54,Completed
ORD_3414,CUST_1221,2024-10-19,Event Ticket,Partnership,308.26,95.25,Completed
ORD_3415,CUST_220,2024-09-28,Media Package,Google Search,158.52,93.29,Completed
ORD_3416,CUST_632,2024-09-10,Workshop,Event Walk-in,152.45,101.71,Completed
ORD_3417,CUST_314,2025-03-01,Workshop,Google Search,465.56,275.91,Completed
ORD_3418,CUST_1468,2024-11-20,Corporate Package,LinkedIn,214.28,134.49,Completed
ORD_3419,CUST_174,2024-02-27,Media Package,TikTok,381.74,188.06,Completed
ORD_3420,CUST_217,2025-04-13,Membership,TikTok,342.3,115.88,Cancelled
ORD_3421,CUST_44,2024-01-19,Event Ticket,Instagram,357.15,219.86,Completed
ORD_3422,CUST_1227,2024-05-04,Media Package,TikTok,355.68,157.85,Completed
ORD_3423,CUST_1,2024-12-30,Partner Offer,Instagram,434.4,196.82,Completed
ORD_3424,CUST_1458,2024-05-03,Event Ticket,Partnership,127.8,43.67,Completed
ORD_3425,CUST_122,2025-04-02,Event Ticket,Instagram,490.82,332.41,Refunded
ORD_3426,CUST_519,2024-10-14,Creative Studio,Partnership,367.69,211.14,Completed
ORD_3427,CUST_346,2024-10-13,Workshop,TikTok,112.93,72.81,Completed
ORD_3428,CUST_590,2025-06-01,Workshop,Google Search,38.87,16.69,Completed
ORD_3429,CUST_314,2025-05-25,Event Ticket,Google Search,57.82,22.14,Completed
ORD_3430,CUST_1212,2024-06-16,Corporate Package,Event Walk-in,237.08,98.6,Refunded
ORD_3431,CUST_344,2024-01-26,Media Package,Instagram,271.98,87.12,Completed
ORD_3432,CUST_881,2024-12-15,Corporate Package,Event Walk-in,278.19,169.6,Completed
ORD_3433,CUST_915,2024-08-15,Partner Offer,Event Walk-in,437.27,219.19,Completed
ORD_3434,CUST_475,2024-05-15,Media Package,Google Search,257.84,129.76,Completed
ORD_3435,CUST_1386,2024-11-27,Creative Studio,Event Walk-in,49.44,34.51,Completed
ORD_3436,CUST_105,2024-01-04,Event Ticket,Event Walk-in,156.23,89.13,Refunded
ORD_3437,CUST_78,2024-02-17,Partner Offer,Referral,155.73,77.97,Completed
ORD_3438,CUST_514,2024-12-31,Workshop,Referral,433.97,266.28,Completed
ORD_3439,CUST_1137,2024-03-05,Event Ticket,TikTok,43.53,20.44,Refunded
ORD_3440,CUST_1365,2024-11-29,Media Package,LinkedIn,372.08,123.25,Completed
ORD_3441,CUST_490,2024-02-16,Event Ticket,Google Search,87.45,56.94,Refunded
ORD_3442,CUST_1055,2025-05-10,Corporate Package,TikTok,85.05,39.19,Completed
ORD_3443,CUST_562,2024-05-11,Event Ticket,LinkedIn,284.48,126.27,Completed
ORD_3444,CUST_1276,2025-04-19,Media Package,Referral,346.25,125.82,Refunded
ORD_3445,CUST_114,2024-05-02,Creative Studio,Google Search,220.89,117.05,Completed
ORD_3446,CUST_741,2024-08-20,Partner Offer,Partnership,159.74,88.99,Completed
ORD_3447,CUST_320,2024-05-06,Workshop,Instagram,292.69,169.6,Completed
ORD_3448,CUST_565,2025-02-11,Media Package,Instagram,83.9,28.99,Completed
ORD_3449,CUST_1125,2024-03-29,Media Package,Event Walk-in,271.93,98.45,Completed
ORD_3450,CUST_615,2024-02-05,Membership,Instagram,142.94,89.5,Completed
ORD_3451,CUST_1310,2024-12-20,Creative Studio,TikTok,156.14,49.35,Completed
ORD_3452,CUST_630,2025-02-04,Event Ticket,Instagram,380.05,250.14,Completed
ORD_3453,CUST_198,2024-07-09,Media Package,Event Walk-in,309.0,188.73,Completed
ORD_3454,CUST_281,2025-05-11,Workshop,Instagram,267.3,131.08,Completed
ORD_3455,CUST_133,2025-01-17,Partner Offer,Instagram,354.85,205.01,Completed
ORD_3456,CUST_1205,2024-08-06,Partner Offer,TikTok,335.74,117.58,Completed
ORD_3457,CUST_1208,2024-06-03,Media Package,Event Walk-in,210.84,104.75,Completed
ORD_3458,CUST_806,2025-03-29,Membership,Event Walk-in,336.33,226.46,Completed
ORD_3459,CUST_1441,2025-06-18,Media Package,TikTok,245.98,162.19,Completed
ORD_3460,CUST_103,2024-10-21,Creative Studio,Instagram,448.7,302.44,Completed
ORD_3461,CUST_1496,2024-08-15,Workshop,LinkedIn,467.11,254.17,Completed
ORD_3462,CUST_670,2024-08-20,Creative Studio,TikTok,81.81,46.85,Completed
ORD_3463,CUST_113,2024-12-24,Partner Offer,Instagram,103.19,67.95,Completed
ORD_3464,CUST_1439,2024-04-03,Partner Offer,Instagram,404.35,218.85,Completed
ORD_3465,CUST_1122,2025-04-15,Event Ticket,Event Walk-in,312.74,132.32,Completed
ORD_3466,CUST_1072,2025-05-24,Workshop,Event Walk-in,424.4,209.83,Completed
ORD_3467,CUST_136,2025-06-01,Workshop,Google Search,186.29,75.11,Completed
ORD_3468,CUST_1080,2024-07-23,Creative Studio,Event Walk-in,136.01,48.67,Completed
ORD_3469,CUST_697,2025-05-18,Event Ticket,LinkedIn,489.35,206.64,Completed
ORD_3470,CUST_787,2024-12-28,Media Package,Instagram,472.22,162.92,Cancelled
ORD_3471,CUST_1303,2024-08-15,Corporate Package,Instagram,138.96,41.81,Completed
ORD_3472,CUST_454,2024-07-06,Media Package,TikTok,407.53,251.28,Cancelled
ORD_3473,CUST_994,2025-05-19,Media Package,TikTok,495.91,231.31,Completed
ORD_3474,CUST_617,2025-03-21,Partner Offer,Google Search,291.78,124.27,Completed
ORD_3475,CUST_1204,2025-06-30,Corporate Package,Google Search,332.42,170.29,Completed
ORD_3476,CUST_412,2025-05-04,Membership,Event Walk-in,233.77,131.65,Completed
ORD_3477,CUST_1274,2024-09-25,Event Ticket,LinkedIn,191.04,73.12,Completed
ORD_3478,CUST_1454,2024-08-09,Partner Offer,Google Search,131.01,90.94,Cancelled
ORD_3479,CUST_415,2024-05-25,Partner Offer,Event Walk-in,433.92,164.87,Refunded
ORD_3480,CUST_905,2025-06-04,Event Ticket,Instagram,245.97,136.12,Completed
ORD_3481,CUST_1494,2024-10-26,Membership,TikTok,110.24,35.25,Completed
ORD_3482,CUST_819,2024-06-06,Media Package,LinkedIn,475.39,168.22,Completed
ORD_3483,CUST_357,2024-07-07,Event Ticket,TikTok,166.13,114.1,Cancelled
ORD_3484,CUST_730,2025-02-18,Event Ticket,Event Walk-in,368.83,178.69,Completed
ORD_3485,CUST_1388,2024-12-11,Membership,Instagram,496.64,220.67,Completed
ORD_3486,CUST_1364,2025-02-02,Membership,Event Walk-in,354.28,197.31,Refunded
ORD_3487,CUST_1145,2025-05-05,Corporate Package,Google Search,317.15,210.24,Completed
ORD_3488,CUST_1239,2024-04-27,Media Package,Partnership,64.64,21.46,Completed
ORD_3489,CUST_315,2025-05-18,Membership,LinkedIn,402.01,234.82,Completed
ORD_3490,CUST_449,2024-01-07,Media Package,Referral,75.57,43.23,Completed
ORD_3491,CUST_193,2024-11-08,Workshop,LinkedIn,146.22,67.03,Completed
ORD_3492,CUST_141,2024-11-27,Event Ticket,Instagram,269.95,129.29,Refunded
ORD_3493,CUST_1223,2024-03-14,Membership,TikTok,184.18,78.36,Completed
ORD_3494,CUST_143,2025-02-14,Media Package,LinkedIn,58.82,27.54,Completed
ORD_3495,CUST_742,2024-10-20,Media Package,TikTok,323.23,137.94,Completed
ORD_3496,CUST_1089,2025-04-29,Media Package,Instagram,254.96,124.03,Completed
ORD_3497,CUST_804,2024-11-17,Workshop,TikTok,152.76,64.38,Completed
ORD_3498,CUST_600,2024-02-16,Creative Studio,Instagram,95.68,42.09,Completed
ORD_3499,CUST_644,2024-03-15,Workshop,Instagram,184.7,92.08,Refunded
ORD_3500,CUST_1141,2024-03-09,Creative Studio,TikTok,53.13,20.46,Completed
ORD_3501,CUST_1354,2024-10-01,Event Ticket,Instagram,100.1,52.92,Completed
ORD_3502,CUST_13,2024-12-16,Creative Studio,Instagram,175.38,117.24,Completed
ORD_3503,CUST_543,2024-04-03,Media Package,Instagram,358.51,190.66,Completed
ORD_3504,CUST_712,2024-08-04,Media Package,TikTok,309.5,128.89,Completed
ORD_3505,CUST_32,2025-05-23,Creative Studio,TikTok,425.63,189.4,Completed
ORD_3506,CUST_883,2025-05-03,Workshop,Instagram,462.9,185.73,Completed
ORD_3507,CUST_666,2024-01-19,Membership,LinkedIn,152.44,57.34,Completed
ORD_3508,CUST_82,2024-06-11,Media Package,Referral,111.51,69.13,Completed
ORD_3509,CUST_532,2025-05-23,Event Ticket,Instagram,425.9,262.81,Completed
ORD_3510,CUST_1479,2024-04-01,Event Ticket,Instagram,87.3,29.21,Completed
ORD_3511,CUST_741,2024-07-25,Media Package,Partnership,134.73,91.23,Completed
ORD_3512,CUST_1041,2025-03-16,Partner Offer,Event Walk-in,442.41,193.55,Completed
ORD_3513,CUST_1415,2025-04-18,Media Package,Google Search,132.81,54.25,Completed
ORD_3514,CUST_979,2025-02-19,Event Ticket,LinkedIn,183.15,69.97,Cancelled
ORD_3515,CUST_548,2025-04-30,Membership,Event Walk-in,385.1,131.07,Completed
ORD_3516,CUST_291,2025-05-17,Corporate Package,Event Walk-in,87.44,60.32,Completed
ORD_3517,CUST_1409,2024-07-08,Event Ticket,Instagram,112.51,66.71,Completed
ORD_3518,CUST_1155,2024-01-29,Media Package,Event Walk-in,394.05,178.05,Completed
ORD_3519,CUST_1492,2025-06-27,Media Package,Instagram,167.54,84.26,Completed
ORD_3520,CUST_170,2025-03-06,Creative Studio,TikTok,117.14,63.74,Completed
ORD_3521,CUST_992,2024-07-31,Partner Offer,Google Search,84.97,55.26,Completed
ORD_3522,CUST_1004,2024-11-12,Membership,Google Search,181.37,126.01,Completed
ORD_3523,CUST_1319,2025-01-26,Creative Studio,Event Walk-in,200.18,140.01,Completed
ORD_3524,CUST_373,2025-06-08,Media Package,Event Walk-in,199.56,103.98,Completed
ORD_3525,CUST_1175,2024-12-08,Membership,Google Search,217.38,83.18,Completed
ORD_3526,CUST_1440,2024-02-16,Event Ticket,Instagram,221.04,89.97,Completed
ORD_3527,CUST_99,2024-12-26,Corporate Package,Event Walk-in,86.12,30.67,Completed
ORD_3528,CUST_342,2025-05-12,Workshop,Instagram,33.51,22.94,Completed
ORD_3529,CUST_483,2024-10-16,Media Package,Google Search,324.56,177.3,Completed
ORD_3530,CUST_429,2024-10-17,Media Package,Partnership,296.17,169.54,Completed
ORD_3531,CUST_1096,2024-01-02,Event Ticket,Instagram,497.34,329.45,Cancelled
ORD_3532,CUST_1296,2025-04-20,Creative Studio,TikTok,454.28,246.68,Completed
ORD_3533,CUST_633,2025-03-21,Media Package,Instagram,311.22,109.97,Completed
ORD_3534,CUST_69,2025-04-03,Media Package,TikTok,224.16,105.75,Refunded
ORD_3535,CUST_56,2024-04-01,Creative Studio,Instagram,453.58,167.74,Completed
ORD_3536,CUST_1281,2024-12-21,Creative Studio,Instagram,387.07,217.44,Cancelled
ORD_3537,CUST_1317,2024-09-20,Corporate Package,Partnership,26.75,17.9,Completed
ORD_3538,CUST_831,2025-02-20,Membership,LinkedIn,476.93,230.47,Completed
ORD_3539,CUST_188,2024-08-13,Media Package,Partnership,188.36,70.1,Completed
ORD_3540,CUST_989,2025-01-30,Partner Offer,Instagram,248.87,75.95,Completed
ORD_3541,CUST_697,2024-07-09,Partner Offer,LinkedIn,175.25,115.23,Completed
ORD_3542,CUST_805,2024-04-22,Corporate Package,Instagram,90.04,44.34,Completed
ORD_3543,CUST_212,2025-01-01,Event Ticket,LinkedIn,136.84,91.38,Completed
ORD_3544,CUST_905,2024-08-16,Creative Studio,Instagram,150.75,101.67,Completed
ORD_3545,CUST_831,2025-01-14,Media Package,LinkedIn,245.09,96.8,Completed
ORD_3546,CUST_1206,2024-07-02,Creative Studio,Instagram,131.0,73.59,Completed
ORD_3547,CUST_86,2025-06-25,Event Ticket,Instagram,140.97,94.23,Completed
ORD_3548,CUST_602,2024-07-30,Creative Studio,TikTok,200.08,77.32,Completed
ORD_3549,CUST_1041,2024-03-21,Corporate Package,Event Walk-in,262.59,127.92,Completed
ORD_3550,CUST_979,2025-06-21,Media Package,LinkedIn,442.05,197.3,Completed
ORD_3551,CUST_1145,2024-12-09,Media Package,Google Search,469.04,313.58,Completed
ORD_3552,CUST_782,2024-10-15,Creative Studio,Partnership,402.47,197.93,Completed
ORD_3553,CUST_845,2024-11-01,Partner Offer,LinkedIn,430.01,194.37,Completed
ORD_3554,CUST_848,2024-10-26,Workshop,LinkedIn,279.67,195.59,Completed
ORD_3555,CUST_961,2024-09-20,Workshop,Referral,128.67,73.12,Completed
ORD_3556,CUST_76,2024-11-08,Media Package,Event Walk-in,272.53,186.46,Completed
ORD_3557,CUST_387,2024-09-07,Workshop,Event Walk-in,24.86,14.83,Completed
ORD_3558,CUST_122,2024-09-21,Membership,Instagram,57.01,32.63,Completed
ORD_3559,CUST_229,2024-08-19,Media Package,Instagram,247.15,122.74,Completed
ORD_3560,CUST_1342,2025-02-23,Membership,Instagram,121.18,38.32,Completed
ORD_3561,CUST_1370,2024-06-24,Event Ticket,Partnership,285.56,87.29,Completed
ORD_3562,CUST_316,2024-12-02,Media Package,Referral,161.81,104.63,Completed
ORD_3563,CUST_918,2025-05-03,Media Package,Event Walk-in,332.44,194.17,Completed
ORD_3564,CUST_515,2025-06-29,Media Package,Event Walk-in,391.24,194.79,Refunded
ORD_3565,CUST_1046,2024-10-03,Event Ticket,TikTok,163.68,74.8,Completed
ORD_3566,CUST_1061,2024-01-09,Partner Offer,TikTok,166.57,103.67,Completed
ORD_3567,CUST_525,2025-04-01,Event Ticket,LinkedIn,477.43,241.33,Completed
ORD_3568,CUST_326,2024-04-27,Corporate Package,LinkedIn,328.9,207.21,Completed
ORD_3569,CUST_537,2025-05-05,Creative Studio,LinkedIn,229.94,88.3,Refunded
ORD_3570,CUST_61,2025-06-15,Creative Studio,Google Search,464.91,193.18,Completed
ORD_3571,CUST_94,2025-02-26,Creative Studio,TikTok,313.97,133.05,Completed
ORD_3572,CUST_371,2024-05-15,Corporate Package,TikTok,83.64,45.31,Completed
ORD_3573,CUST_392,2024-09-07,Event Ticket,Referral,383.41,219.81,Completed
ORD_3574,CUST_909,2025-03-19,Corporate Package,LinkedIn,67.94,25.28,Completed
ORD_3575,CUST_1285,2024-03-06,Event Ticket,LinkedIn,493.63,300.65,Completed
ORD_3576,CUST_1052,2024-02-25,Workshop,TikTok,129.83,88.93,Completed
ORD_3577,CUST_1333,2024-12-30,Event Ticket,Google Search,106.85,61.53,Completed
ORD_3578,CUST_503,2024-07-27,Workshop,Google Search,339.51,234.83,Completed
ORD_3579,CUST_877,2025-02-06,Corporate Package,Instagram,211.44,110.14,Completed
ORD_3580,CUST_695,2025-02-05,Membership,Instagram,491.95,295.27,Completed
ORD_3581,CUST_1035,2025-04-27,Partner Offer,Referral,405.97,266.68,Completed
ORD_3582,CUST_1244,2025-03-16,Partner Offer,TikTok,159.54,65.48,Completed
ORD_3583,CUST_1159,2024-08-11,Partner Offer,TikTok,81.74,41.24,Completed
ORD_3584,CUST_407,2025-01-04,Media Package,Partnership,203.94,65.13,Completed
ORD_3585,CUST_980,2024-12-01,Creative Studio,Instagram,47.79,31.93,Completed
ORD_3586,CUST_1255,2024-03-15,Membership,Instagram,438.7,236.13,Completed
ORD_3587,CUST_645,2025-01-14,Event Ticket,TikTok,181.22,69.02,Completed
ORD_3588,CUST_33,2024-07-06,Membership,Google Search,130.76,71.45,Completed
ORD_3589,CUST_171,2024-05-18,Event Ticket,Google Search,203.7,95.34,Completed
ORD_3590,CUST_319,2024-11-13,Media Package,TikTok,319.24,204.15,Completed
ORD_3591,CUST_1054,2025-02-20,Membership,Event Walk-in,443.22,158.32,Completed
ORD_3592,CUST_974,2024-11-04,Membership,Referral,463.11,263.34,Completed
ORD_3593,CUST_30,2025-03-01,Media Package,Partnership,368.02,178.59,Completed
ORD_3594,CUST_337,2025-02-09,Workshop,Event Walk-in,94.02,62.4,Completed
ORD_3595,CUST_172,2024-01-29,Event Ticket,TikTok,493.62,185.63,Completed
ORD_3596,CUST_146,2024-11-17,Media Package,LinkedIn,258.58,132.72,Refunded
ORD_3597,CUST_1186,2024-10-14,Creative Studio,Google Search,473.57,271.3,Completed
ORD_3598,CUST_130,2024-02-21,Event Ticket,LinkedIn,215.07,131.69,Completed
ORD_3599,CUST_849,2024-04-01,Media Package,TikTok,223.84,113.62,Cancelled
ORD_3600,CUST_307,2025-03-24,Corporate Package,Partnership,404.15,249.32,Completed
ORD_3601,CUST_310,2024-09-26,Membership,Referral,47.6,28.25,Completed
ORD_3602,CUST_1174,2024-07-31,Corporate Package,Event Walk-in,155.9,67.72,Completed
ORD_3603,CUST_324,2024-08-21,Media Package,Referral,461.48,206.3,Completed
ORD_3604,CUST_221,2025-01-10,Partner Offer,TikTok,149.64,57.98,Completed
ORD_3605,CUST_1059,2024-10-14,Creative Studio,Instagram,306.55,124.76,Completed
ORD_3606,CUST_919,2025-04-04,Workshop,TikTok,425.42,249.05,Completed
ORD_3607,CUST_69,2024-06-12,Membership,TikTok,262.03,178.03,Completed
ORD_3608,CUST_561,2024-06-05,Media Package,Instagram,361.86,234.56,Completed
ORD_3609,CUST_466,2024-05-19,Event Ticket,Partnership,96.03,54.13,Completed
ORD_3610,CUST_458,2024-04-20,Membership,Google Search,221.57,119.01,Refunded
ORD_3611,CUST_783,2024-08-23,Event Ticket,LinkedIn,94.66,28.71,Completed
ORD_3612,CUST_737,2025-02-22,Media Package,Instagram,412.28,134.1,Completed
ORD_3613,CUST_1265,2024-05-05,Media Package,LinkedIn,246.4,93.79,Completed
ORD_3614,CUST_1449,2025-04-12,Creative Studio,Event Walk-in,184.59,107.04,Completed
ORD_3615,CUST_56,2025-03-24,Corporate Package,Instagram,210.7,107.57,Completed
ORD_3616,CUST_501,2025-05-04,Media Package,TikTok,458.15,269.51,Completed
ORD_3617,CUST_1202,2024-11-18,Membership,Event Walk-in,92.8,64.63,Completed
ORD_3618,CUST_909,2024-06-26,Membership,LinkedIn,200.36,83.0,Completed
ORD_3619,CUST_1469,2024-02-27,Event Ticket,Instagram,374.36,204.78,Refunded
ORD_3620,CUST_409,2024-08-24,Workshop,LinkedIn,444.38,214.44,Completed
ORD_3621,CUST_278,2024-09-21,Workshop,TikTok,249.47,134.79,Completed
ORD_3622,CUST_1475,2024-01-30,Membership,LinkedIn,476.06,310.45,Completed
ORD_3623,CUST_623,2024-05-14,Event Ticket,Google Search,471.47,219.52,Completed
ORD_3624,CUST_114,2025-04-14,Event Ticket,Google Search,243.44,79.49,Cancelled
ORD_3625,CUST_145,2024-01-17,Event Ticket,Partnership,425.74,155.92,Completed
ORD_3626,CUST_436,2024-06-16,Media Package,Partnership,490.76,284.61,Completed
ORD_3627,CUST_870,2024-02-23,Corporate Package,LinkedIn,334.95,213.01,Completed
ORD_3628,CUST_320,2025-02-27,Partner Offer,Instagram,68.39,29.96,Completed
ORD_3629,CUST_1379,2025-04-18,Media Package,Event Walk-in,260.19,175.14,Cancelled
ORD_3630,CUST_556,2025-05-02,Media Package,TikTok,280.58,178.45,Completed
ORD_3631,CUST_971,2024-11-24,Workshop,Instagram,250.23,99.08,Completed
ORD_3632,CUST_1149,2024-07-06,Partner Offer,Instagram,353.98,238.53,Completed
ORD_3633,CUST_1407,2025-01-03,Media Package,TikTok,459.29,318.17,Completed
ORD_3634,CUST_55,2025-03-27,Event Ticket,Partnership,183.28,117.58,Completed
ORD_3635,CUST_534,2024-05-31,Creative Studio,Event Walk-in,480.51,160.45,Refunded
ORD_3636,CUST_132,2024-03-06,Event Ticket,Google Search,312.29,107.34,Completed
ORD_3637,CUST_525,2024-02-11,Workshop,LinkedIn,230.36,129.51,Completed
ORD_3638,CUST_995,2024-12-17,Creative Studio,Instagram,191.44,60.44,Completed
ORD_3639,CUST_1453,2024-10-15,Media Package,Google Search,217.35,101.97,Refunded
ORD_3640,CUST_266,2024-05-30,Partner Offer,TikTok,37.47,15.22,Completed
ORD_3641,CUST_390,2024-07-11,Media Package,Instagram,45.9,30.4,Completed
ORD_3642,CUST_1470,2024-03-19,Workshop,Instagram,39.99,12.25,Completed
ORD_3643,CUST_1349,2024-03-27,Event Ticket,TikTok,71.96,23.61,Completed
ORD_3644,CUST_175,2025-06-27,Media Package,Instagram,498.75,189.14,Completed
ORD_3645,CUST_1387,2024-08-29,Media Package,Instagram,246.57,134.85,Cancelled
ORD_3646,CUST_1369,2025-03-01,Workshop,LinkedIn,166.91,59.68,Completed
ORD_3647,CUST_102,2024-02-21,Media Package,Instagram,33.45,15.26,Refunded
ORD_3648,CUST_1329,2024-03-16,Media Package,LinkedIn,217.1,103.97,Completed
ORD_3649,CUST_343,2025-05-11,Membership,Google Search,429.36,208.48,Completed
ORD_3650,CUST_363,2024-08-18,Media Package,Instagram,144.37,96.89,Completed
ORD_3651,CUST_131,2024-09-14,Media Package,Partnership,447.26,254.12,Completed
ORD_3652,CUST_1459,2024-11-21,Workshop,Referral,360.64,201.39,Refunded
ORD_3653,CUST_652,2024-04-22,Media Package,Instagram,170.35,111.44,Completed
ORD_3654,CUST_858,2024-05-25,Partner Offer,Event Walk-in,406.09,250.33,Refunded
ORD_3655,CUST_453,2024-09-17,Membership,Partnership,223.86,92.61,Completed
ORD_3656,CUST_1100,2024-07-05,Event Ticket,Google Search,219.2,72.4,Completed
ORD_3657,CUST_1269,2024-10-23,Event Ticket,Instagram,393.26,168.62,Completed
ORD_3658,CUST_810,2024-06-29,Creative Studio,Event Walk-in,428.13,142.92,Completed
ORD_3659,CUST_313,2024-09-23,Media Package,Instagram,52.9,33.32,Completed
ORD_3660,CUST_749,2024-07-15,Partner Offer,Instagram,104.83,61.11,Completed
ORD_3661,CUST_1393,2024-01-02,Media Package,Referral,140.46,80.6,Completed
ORD_3662,CUST_862,2024-07-26,Partner Offer,TikTok,422.5,271.29,Completed
ORD_3663,CUST_349,2025-03-29,Corporate Package,Instagram,279.56,110.63,Completed
ORD_3664,CUST_390,2024-11-08,Media Package,Instagram,233.65,83.26,Completed
ORD_3665,CUST_831,2025-06-04,Media Package,LinkedIn,217.89,129.46,Refunded
ORD_3666,CUST_654,2024-01-13,Membership,LinkedIn,344.56,129.89,Completed
ORD_3667,CUST_159,2024-06-19,Event Ticket,Event Walk-in,87.08,30.54,Completed
ORD_3668,CUST_199,2025-01-21,Workshop,Instagram,323.98,116.22,Completed
ORD_3669,CUST_932,2024-03-14,Media Package,Partnership,492.82,324.67,Refunded
ORD_3670,CUST_295,2024-07-13,Workshop,Partnership,109.43,39.28,Completed
ORD_3671,CUST_1051,2024-09-20,Media Package,Event Walk-in,447.38,136.63,Refunded
ORD_3672,CUST_65,2025-02-10,Creative Studio,Event Walk-in,459.09,165.28,Completed
ORD_3673,CUST_882,2024-06-12,Partner Offer,Instagram,435.46,263.4,Completed
ORD_3674,CUST_562,2024-11-20,Creative Studio,LinkedIn,414.26,162.5,Completed
ORD_3675,CUST_365,2025-04-08,Partner Offer,Event Walk-in,440.77,142.32,Completed
ORD_3676,CUST_1467,2024-06-23,Event Ticket,TikTok,130.96,45.09,Completed
ORD_3677,CUST_1390,2024-06-06,Event Ticket,Event Walk-in,488.53,161.57,Completed
ORD_3678,CUST_690,2025-02-12,Creative Studio,Instagram,485.35,232.75,Completed
ORD_3679,CUST_1153,2024-05-17,Event Ticket,Partnership,126.3,61.87,Completed
ORD_3680,CUST_450,2024-06-10,Event Ticket,Instagram,118.94,72.17,Completed
ORD_3681,CUST_1020,2024-03-14,Creative Studio,Partnership,273.56,146.22,Refunded
ORD_3682,CUST_650,2025-02-24,Membership,Instagram,384.64,118.86,Completed
ORD_3683,CUST_612,2024-11-21,Creative Studio,TikTok,174.46,119.01,Completed
ORD_3684,CUST_1440,2025-02-15,Membership,Instagram,130.89,64.16,Completed
ORD_3685,CUST_6,2024-06-06,Media Package,Instagram,270.5,142.06,Completed
ORD_3686,CUST_1181,2024-10-30,Media Package,Partnership,428.34,218.91,Cancelled
ORD_3687,CUST_1493,2024-02-13,Creative Studio,Event Walk-in,66.57,41.79,Completed
ORD_3688,CUST_565,2024-09-22,Media Package,Instagram,445.05,232.83,Completed
ORD_3689,CUST_579,2024-12-13,Event Ticket,TikTok,303.11,118.36,Completed
ORD_3690,CUST_96,2024-04-19,Membership,LinkedIn,183.61,124.44,Completed
ORD_3691,CUST_861,2024-02-11,Event Ticket,Instagram,476.93,324.4,Completed
ORD_3692,CUST_151,2024-08-17,Media Package,Referral,211.08,89.22,Completed
ORD_3693,CUST_199,2024-03-26,Event Ticket,Instagram,51.2,22.88,Completed
ORD_3694,CUST_1455,2024-06-26,Workshop,Event Walk-in,211.03,85.1,Completed
ORD_3695,CUST_949,2024-10-30,Media Package,TikTok,428.32,197.51,Refunded
ORD_3696,CUST_552,2024-04-25,Media Package,Instagram,347.92,241.57,Completed
ORD_3697,CUST_372,2025-03-21,Media Package,Event Walk-in,482.98,189.13,Completed
ORD_3698,CUST_1135,2025-02-15,Membership,Instagram,57.12,25.73,Completed
ORD_3699,CUST_1213,2024-04-22,Media Package,Instagram,106.49,71.54,Completed
ORD_3700,CUST_1451,2024-02-29,Creative Studio,Instagram,300.73,147.9,Cancelled
ORD_3701,CUST_196,2024-05-16,Corporate Package,Partnership,393.88,250.54,Completed
ORD_3702,CUST_124,2024-02-13,Workshop,TikTok,281.43,124.34,Completed
ORD_3703,CUST_163,2025-05-29,Partner Offer,Event Walk-in,419.42,290.21,Completed
ORD_3704,CUST_1167,2025-06-21,Media Package,Instagram,280.99,143.27,Completed
ORD_3705,CUST_320,2025-06-17,Creative Studio,Instagram,151.35,65.4,Completed
ORD_3706,CUST_382,2025-02-01,Media Package,LinkedIn,376.76,197.33,Completed
ORD_3707,CUST_1289,2025-02-12,Workshop,LinkedIn,447.1,244.57,Completed
ORD_3708,CUST_274,2024-05-01,Media Package,Partnership,78.69,47.36,Completed
ORD_3709,CUST_1026,2024-08-10,Membership,TikTok,452.03,160.92,Completed
ORD_3710,CUST_252,2024-05-24,Media Package,TikTok,425.47,269.36,Completed
ORD_3711,CUST_1089,2024-05-28,Event Ticket,Instagram,43.02,19.38,Completed
ORD_3712,CUST_74,2024-01-18,Creative Studio,Instagram,353.62,154.02,Completed
ORD_3713,CUST_571,2024-10-18,Event Ticket,Instagram,392.74,234.85,Completed
ORD_3714,CUST_437,2024-08-10,Workshop,Referral,155.42,105.89,Completed
ORD_3715,CUST_455,2025-05-12,Partner Offer,LinkedIn,187.27,78.18,Refunded
ORD_3716,CUST_475,2024-04-24,Event Ticket,Google Search,259.02,78.49,Refunded
ORD_3717,CUST_636,2025-04-02,Event Ticket,Event Walk-in,437.55,153.65,Completed
ORD_3718,CUST_15,2024-10-11,Media Package,Instagram,155.82,58.56,Completed
ORD_3719,CUST_1012,2024-06-13,Media Package,Google Search,192.32,76.8,Completed
ORD_3720,CUST_1186,2024-01-21,Event Ticket,Google Search,157.03,49.99,Refunded
ORD_3721,CUST_72,2025-03-08,Creative Studio,TikTok,182.97,66.73,Completed
ORD_3722,CUST_595,2024-06-21,Media Package,Instagram,246.58,76.52,Completed
ORD_3723,CUST_135,2024-12-22,Partner Offer,TikTok,27.46,18.42,Completed
ORD_3724,CUST_863,2024-12-10,Membership,Instagram,464.52,210.69,Completed
ORD_3725,CUST_1063,2024-04-08,Event Ticket,Instagram,391.53,151.08,Completed
ORD_3726,CUST_1056,2024-11-30,Workshop,Instagram,480.77,188.74,Completed
ORD_3727,CUST_846,2025-06-26,Corporate Package,LinkedIn,351.16,119.71,Completed
ORD_3728,CUST_844,2024-01-02,Partner Offer,Google Search,166.25,90.48,Completed
ORD_3729,CUST_989,2024-06-14,Partner Offer,Instagram,405.77,273.54,Completed
ORD_3730,CUST_1322,2024-06-24,Media Package,Partnership,202.71,98.29,Completed
ORD_3731,CUST_714,2024-03-04,Event Ticket,Partnership,180.06,105.38,Completed
ORD_3732,CUST_352,2025-03-18,Event Ticket,Instagram,419.68,277.7,Completed
ORD_3733,CUST_611,2025-03-22,Partner Offer,Instagram,182.62,60.9,Refunded
ORD_3734,CUST_1491,2024-06-30,Corporate Package,Partnership,448.94,264.31,Cancelled
ORD_3735,CUST_208,2024-07-30,Corporate Package,Instagram,124.32,85.74,Completed
ORD_3736,CUST_997,2025-01-29,Media Package,Event Walk-in,357.75,189.12,Refunded
ORD_3737,CUST_170,2024-07-27,Membership,TikTok,95.71,44.27,Completed
ORD_3738,CUST_85,2024-03-26,Media Package,Partnership,50.37,23.18,Completed
ORD_3739,CUST_77,2025-02-16,Event Ticket,TikTok,79.92,52.79,Completed
ORD_3740,CUST_860,2024-09-10,Creative Studio,Google Search,397.06,269.87,Completed
ORD_3741,CUST_648,2024-04-21,Event Ticket,TikTok,284.29,197.17,Completed
ORD_3742,CUST_1097,2024-06-07,Media Package,Partnership,454.22,279.62,Completed
ORD_3743,CUST_1351,2024-07-24,Partner Offer,Event Walk-in,84.05,38.91,Completed
ORD_3744,CUST_29,2024-06-05,Event Ticket,Partnership,465.46,182.85,Completed
ORD_3745,CUST_278,2025-06-04,Workshop,TikTok,330.42,180.5,Completed
ORD_3746,CUST_1004,2024-07-10,Media Package,Google Search,245.35,84.06,Completed
ORD_3747,CUST_1490,2024-03-05,Media Package,Event Walk-in,85.21,36.07,Completed
ORD_3748,CUST_850,2024-01-21,Creative Studio,Instagram,451.59,157.49,Refunded
ORD_3749,CUST_476,2025-05-19,Creative Studio,TikTok,206.97,73.47,Completed
ORD_3750,CUST_303,2025-03-08,Workshop,Instagram,303.26,117.83,Completed
ORD_3751,CUST_1201,2024-06-20,Event Ticket,LinkedIn,409.53,145.34,Refunded
ORD_3752,CUST_1399,2025-06-19,Event Ticket,LinkedIn,352.74,201.98,Completed
ORD_3753,CUST_1273,2024-09-29,Membership,TikTok,74.58,45.1,Completed
ORD_3754,CUST_1012,2024-05-10,Media Package,Google Search,146.19,87.09,Completed
ORD_3755,CUST_280,2025-02-23,Event Ticket,Instagram,26.55,14.34,Refunded
ORD_3756,CUST_387,2024-04-23,Creative Studio,Event Walk-in,385.81,121.28,Completed
ORD_3757,CUST_763,2025-06-30,Media Package,Partnership,366.21,208.37,Completed
ORD_3758,CUST_485,2024-11-02,Creative Studio,Google Search,449.84,282.46,Completed
ORD_3759,CUST_713,2024-01-18,Partner Offer,LinkedIn,113.42,62.08,Completed
ORD_3760,CUST_110,2024-06-03,Media Package,Instagram,316.48,95.49,Completed
ORD_3761,CUST_131,2025-02-12,Media Package,Partnership,311.48,152.87,Completed
ORD_3762,CUST_364,2024-12-28,Media Package,TikTok,351.82,197.24,Completed
ORD_3763,CUST_1401,2024-11-27,Creative Studio,Instagram,436.36,276.58,Completed
ORD_3764,CUST_594,2025-06-03,Media Package,Instagram,220.84,133.11,Refunded
ORD_3765,CUST_931,2024-06-15,Creative Studio,TikTok,146.31,77.12,Completed
ORD_3766,CUST_514,2024-10-06,Media Package,Referral,70.11,34.63,Completed
ORD_3767,CUST_477,2024-01-10,Workshop,Instagram,347.13,135.8,Completed
ORD_3768,CUST_232,2024-05-19,Media Package,Event Walk-in,189.57,107.66,Completed
ORD_3769,CUST_623,2025-03-31,Membership,Google Search,223.69,127.57,Completed
ORD_3770,CUST_150,2025-02-25,Creative Studio,Instagram,57.75,23.52,Cancelled
ORD_3771,CUST_1095,2024-11-07,Event Ticket,Instagram,374.94,219.63,Completed
ORD_3772,CUST_340,2025-02-09,Media Package,TikTok,82.46,51.43,Completed
ORD_3773,CUST_1350,2025-04-13,Creative Studio,Instagram,311.62,108.16,Completed
ORD_3774,CUST_1474,2024-09-18,Media Package,Instagram,299.48,125.19,Completed
ORD_3775,CUST_995,2024-10-18,Creative Studio,Instagram,175.46,102.08,Completed
ORD_3776,CUST_1317,2025-06-05,Membership,Partnership,436.31,193.17,Completed
ORD_3777,CUST_309,2025-05-31,Corporate Package,Event Walk-in,179.29,69.34,Completed
ORD_3778,CUST_1463,2025-04-18,Membership,Referral,378.16,191.55,Completed
ORD_3779,CUST_127,2025-06-15,Partner Offer,TikTok,225.36,82.81,Completed
ORD_3780,CUST_1136,2025-02-12,Workshop,TikTok,63.4,31.04,Completed
ORD_3781,CUST_951,2025-06-30,Event Ticket,Instagram,194.76,69.85,Completed
ORD_3782,CUST_222,2025-06-30,Event Ticket,Partnership,110.38,62.46,Completed
ORD_3783,CUST_449,2024-01-11,Workshop,Referral,228.01,94.24,Completed
ORD_3784,CUST_1211,2025-06-11,Workshop,Instagram,48.12,25.87,Refunded
ORD_3785,CUST_193,2024-11-30,Partner Offer,LinkedIn,144.79,82.44,Completed
ORD_3786,CUST_229,2024-02-02,Event Ticket,Instagram,411.84,211.65,Completed
ORD_3787,CUST_1355,2025-04-14,Event Ticket,Event Walk-in,313.48,150.89,Completed
ORD_3788,CUST_39,2024-03-03,Event Ticket,LinkedIn,355.34,154.17,Completed
ORD_3789,CUST_731,2024-10-04,Media Package,TikTok,128.1,80.39,Completed
ORD_3790,CUST_1449,2025-06-16,Event Ticket,Event Walk-in,376.31,181.66,Completed
ORD_3791,CUST_843,2024-07-13,Corporate Package,Partnership,193.38,106.99,Completed
ORD_3792,CUST_1499,2024-12-03,Media Package,Google Search,305.85,100.75,Completed
ORD_3793,CUST_427,2024-08-30,Media Package,Instagram,356.67,143.67,Completed
ORD_3794,CUST_76,2024-09-25,Corporate Package,Event Walk-in,330.77,221.94,Completed
ORD_3795,CUST_151,2024-04-18,Media Package,Referral,253.15,110.13,Completed
ORD_3796,CUST_182,2024-08-30,Event Ticket,Partnership,489.37,176.24,Refunded
ORD_3797,CUST_1176,2025-04-02,Workshop,Event Walk-in,274.73,103.01,Refunded
ORD_3798,CUST_214,2024-02-18,Event Ticket,TikTok,63.61,22.93,Completed
ORD_3799,CUST_837,2024-12-19,Media Package,LinkedIn,337.62,147.62,Completed
ORD_3800,CUST_1024,2025-02-16,Event Ticket,TikTok,330.4,155.96,Refunded
ORD_3801,CUST_36,2024-12-30,Media Package,Event Walk-in,29.79,16.48,Completed
ORD_3802,CUST_582,2025-01-01,Creative Studio,Partnership,371.67,228.79,Completed
ORD_3803,CUST_747,2024-09-24,Workshop,LinkedIn,360.55,129.33,Completed
ORD_3804,CUST_1069,2025-03-24,Partner Offer,Google Search,222.54,138.63,Completed
ORD_3805,CUST_421,2024-10-28,Creative Studio,LinkedIn,119.34,52.77,Completed
ORD_3806,CUST_275,2025-05-29,Workshop,TikTok,423.69,268.15,Refunded
ORD_3807,CUST_39,2024-01-20,Media Package,LinkedIn,273.37,178.02,Completed
ORD_3808,CUST_57,2024-06-14,Creative Studio,LinkedIn,39.57,15.71,Completed
ORD_3809,CUST_194,2024-02-05,Event Ticket,Referral,104.78,62.78,Completed
ORD_3810,CUST_167,2024-07-27,Creative Studio,Instagram,270.0,174.29,Refunded
ORD_3811,CUST_356,2024-05-05,Event Ticket,Event Walk-in,414.38,131.25,Completed
ORD_3812,CUST_726,2024-10-29,Creative Studio,TikTok,369.79,125.89,Cancelled
ORD_3813,CUST_781,2024-05-14,Media Package,TikTok,451.28,280.59,Refunded
ORD_3814,CUST_200,2025-02-06,Media Package,Event Walk-in,361.57,151.37,Completed
ORD_3815,CUST_280,2025-03-08,Media Package,Instagram,48.32,16.98,Refunded
ORD_3816,CUST_1070,2025-01-18,Event Ticket,TikTok,44.24,30.63,Refunded
ORD_3817,CUST_106,2025-01-21,Event Ticket,Instagram,121.06,70.04,Completed
ORD_3818,CUST_68,2024-04-29,Creative Studio,TikTok,431.82,213.74,Completed
ORD_3819,CUST_177,2025-03-22,Corporate Package,TikTok,342.12,211.02,Completed
ORD_3820,CUST_937,2025-03-11,Workshop,Event Walk-in,238.02,101.7,Completed
ORD_3821,CUST_1453,2024-07-04,Event Ticket,Google Search,329.79,179.21,Completed
ORD_3822,CUST_944,2024-08-29,Membership,Instagram,258.69,115.99,Completed
ORD_3823,CUST_247,2024-10-28,Creative Studio,Event Walk-in,299.27,147.42,Completed
ORD_3824,CUST_722,2025-05-25,Creative Studio,Referral,419.66,172.49,Refunded
ORD_3825,CUST_1399,2024-11-06,Media Package,LinkedIn,439.47,189.2,Completed
ORD_3826,CUST_1351,2024-11-29,Creative Studio,Event Walk-in,187.27,59.38,Completed
ORD_3827,CUST_356,2025-03-23,Creative Studio,Event Walk-in,187.52,86.12,Completed
ORD_3828,CUST_594,2024-08-25,Media Package,Instagram,455.25,142.64,Completed
ORD_3829,CUST_597,2025-05-15,Corporate Package,Partnership,267.57,115.25,Cancelled
ORD_3830,CUST_31,2024-10-21,Creative Studio,Event Walk-in,39.3,27.21,Completed
ORD_3831,CUST_1275,2024-04-14,Event Ticket,Instagram,450.09,151.91,Completed
ORD_3832,CUST_575,2024-02-27,Event Ticket,Event Walk-in,31.05,16.95,Completed
ORD_3833,CUST_370,2024-05-10,Media Package,LinkedIn,244.33,147.46,Refunded
ORD_3834,CUST_28,2024-03-10,Partner Offer,Event Walk-in,210.28,68.57,Completed
ORD_3835,CUST_1351,2024-08-30,Partner Offer,Event Walk-in,413.68,190.95,Completed
ORD_3836,CUST_1200,2025-04-19,Media Package,TikTok,201.15,131.18,Completed
ORD_3837,CUST_52,2024-10-04,Media Package,LinkedIn,163.21,99.01,Completed
ORD_3838,CUST_1430,2024-09-09,Media Package,LinkedIn,418.99,228.52,Completed
ORD_3839,CUST_249,2024-11-24,Media Package,LinkedIn,244.93,103.33,Completed
ORD_3840,CUST_592,2024-11-08,Event Ticket,TikTok,331.99,130.86,Completed
ORD_3841,CUST_820,2024-05-23,Media Package,Event Walk-in,22.34,13.15,Completed
ORD_3842,CUST_962,2025-02-19,Event Ticket,Partnership,403.59,133.64,Completed
ORD_3843,CUST_112,2025-05-15,Creative Studio,TikTok,206.04,137.34,Completed
ORD_3844,CUST_1094,2024-03-09,Event Ticket,Event Walk-in,146.64,54.29,Refunded
ORD_3845,CUST_137,2025-06-25,Corporate Package,Google Search,198.6,92.05,Completed
ORD_3846,CUST_28,2024-11-11,Media Package,Event Walk-in,498.53,323.32,Completed
ORD_3847,CUST_206,2025-04-10,Creative Studio,Partnership,410.27,208.49,Completed
ORD_3848,CUST_1098,2025-01-09,Media Package,Instagram,240.47,86.11,Completed
ORD_3849,CUST_826,2024-05-24,Membership,LinkedIn,206.28,82.74,Refunded
ORD_3850,CUST_848,2024-10-29,Event Ticket,LinkedIn,192.99,75.24,Completed
ORD_3851,CUST_1302,2025-04-17,Event Ticket,Instagram,86.49,44.13,Completed
ORD_3852,CUST_116,2025-04-15,Membership,TikTok,408.86,198.26,Completed
ORD_3853,CUST_1202,2024-07-27,Event Ticket,Event Walk-in,202.54,74.25,Completed
ORD_3854,CUST_911,2025-06-06,Media Package,LinkedIn,459.71,255.93,Completed
ORD_3855,CUST_603,2024-05-07,Media Package,Instagram,41.67,14.53,Completed
ORD_3856,CUST_1391,2024-03-11,Media Package,Event Walk-in,424.7,188.4,Completed
ORD_3857,CUST_991,2025-06-17,Partner Offer,TikTok,398.48,191.92,Cancelled
ORD_3858,CUST_734,2025-03-13,Partner Offer,Event Walk-in,477.18,328.0,Completed
ORD_3859,CUST_721,2025-06-02,Media Package,Event Walk-in,143.71,82.97,Completed
ORD_3860,CUST_1467,2024-03-10,Creative Studio,TikTok,314.93,116.78,Completed
ORD_3861,CUST_980,2025-05-01,Membership,Instagram,343.51,113.65,Completed
ORD_3862,CUST_650,2025-03-21,Membership,Instagram,237.48,156.68,Completed
ORD_3863,CUST_467,2024-11-16,Membership,Instagram,447.44,183.79,Completed
ORD_3864,CUST_323,2024-11-09,Creative Studio,Event Walk-in,311.93,217.04,Completed
ORD_3865,CUST_578,2024-08-05,Partner Offer,Partnership,56.86,26.93,Completed
ORD_3866,CUST_770,2025-05-09,Workshop,Partnership,408.09,144.88,Completed
ORD_3867,CUST_614,2024-02-21,Event Ticket,TikTok,363.04,200.03,Completed
ORD_3868,CUST_1489,2024-04-19,Creative Studio,LinkedIn,319.86,184.94,Completed
ORD_3869,CUST_1490,2024-07-11,Membership,Event Walk-in,344.78,168.63,Refunded
ORD_3870,CUST_1259,2025-05-23,Event Ticket,Google Search,137.15,63.01,Completed
ORD_3871,CUST_1357,2025-01-22,Partner Offer,Instagram,125.88,54.96,Completed
ORD_3872,CUST_126,2025-02-11,Media Package,Instagram,488.81,188.36,Completed
ORD_3873,CUST_175,2024-11-13,Membership,Instagram,209.32,67.21,Completed
ORD_3874,CUST_1074,2024-05-19,Media Package,Instagram,290.27,148.04,Completed
ORD_3875,CUST_174,2025-01-20,Media Package,TikTok,277.92,133.31,Completed
ORD_3876,CUST_1106,2024-12-15,Event Ticket,TikTok,291.49,151.55,Completed
ORD_3877,CUST_1053,2024-01-30,Media Package,Instagram,54.52,20.66,Completed
ORD_3878,CUST_1048,2025-06-29,Media Package,Instagram,238.26,128.74,Completed
ORD_3879,CUST_793,2024-08-21,Media Package,Google Search,260.22,161.17,Completed
ORD_3880,CUST_794,2024-08-27,Corporate Package,Partnership,467.97,168.33,Completed
ORD_3881,CUST_1026,2024-12-14,Event Ticket,TikTok,144.54,98.45,Completed
ORD_3882,CUST_980,2025-02-23,Media Package,Instagram,232.23,122.51,Completed
ORD_3883,CUST_999,2024-10-21,Event Ticket,Instagram,475.63,209.57,Completed
ORD_3884,CUST_537,2024-10-10,Workshop,LinkedIn,255.39,86.3,Completed
ORD_3885,CUST_145,2025-06-13,Membership,Partnership,478.93,187.88,Completed
ORD_3886,CUST_114,2025-04-13,Media Package,Google Search,110.47,54.42,Completed
ORD_3887,CUST_972,2025-01-14,Workshop,Referral,322.46,180.69,Refunded
ORD_3888,CUST_1441,2024-12-02,Media Package,TikTok,30.99,18.95,Completed
ORD_3889,CUST_766,2025-06-16,Event Ticket,Instagram,187.71,67.25,Completed
ORD_3890,CUST_1300,2024-04-23,Corporate Package,Event Walk-in,272.77,187.34,Completed
ORD_3891,CUST_759,2024-05-26,Event Ticket,Instagram,43.3,16.28,Completed
ORD_3892,CUST_216,2025-04-18,Workshop,TikTok,337.99,113.92,Completed
ORD_3893,CUST_1245,2024-03-16,Workshop,Partnership,339.15,126.45,Completed
ORD_3894,CUST_1046,2024-07-11,Media Package,TikTok,324.24,99.9,Refunded
ORD_3895,CUST_323,2025-04-07,Corporate Package,Event Walk-in,463.4,288.12,Completed
ORD_3896,CUST_965,2024-12-02,Workshop,Instagram,261.95,107.17,Completed
ORD_3897,CUST_1056,2024-09-25,Partner Offer,Instagram,394.8,129.62,Completed
ORD_3898,CUST_1174,2024-09-29,Workshop,Event Walk-in,135.05,49.92,Completed
ORD_3899,CUST_1197,2025-05-23,Workshop,TikTok,461.4,318.02,Completed
ORD_3900,CUST_364,2025-02-04,Partner Offer,TikTok,138.71,61.52,Completed
ORD_3901,CUST_1028,2024-07-05,Media Package,Instagram,336.62,219.28,Completed
ORD_3902,CUST_388,2024-08-02,Media Package,Instagram,228.38,156.79,Completed
ORD_3903,CUST_606,2025-03-20,Corporate Package,Event Walk-in,38.07,18.15,Completed
ORD_3904,CUST_11,2024-03-24,Media Package,Instagram,33.66,13.54,Completed
ORD_3905,CUST_590,2025-05-18,Corporate Package,Google Search,60.52,41.91,Completed
ORD_3906,CUST_1030,2024-12-10,Media Package,Google Search,334.39,152.18,Refunded
ORD_3907,CUST_938,2024-01-24,Workshop,TikTok,105.68,73.58,Completed
ORD_3908,CUST_338,2024-06-19,Corporate Package,Google Search,229.78,160.66,Completed
ORD_3909,CUST_12,2024-02-18,Creative Studio,Google Search,88.44,47.71,Completed
ORD_3910,CUST_356,2025-03-11,Partner Offer,Event Walk-in,157.0,94.74,Completed
ORD_3911,CUST_1296,2024-08-14,Workshop,TikTok,45.57,31.43,Completed
ORD_3912,CUST_716,2024-11-16,Workshop,LinkedIn,420.06,240.86,Completed
ORD_3913,CUST_725,2024-01-22,Workshop,Instagram,126.16,86.18,Completed
ORD_3914,CUST_1045,2024-01-13,Workshop,Event Walk-in,296.01,116.86,Completed
ORD_3915,CUST_921,2024-07-18,Event Ticket,LinkedIn,34.84,21.49,Completed
ORD_3916,CUST_77,2024-05-04,Event Ticket,TikTok,235.8,99.11,Completed
ORD_3917,CUST_1132,2024-03-22,Event Ticket,Referral,353.07,196.02,Cancelled
ORD_3918,CUST_1227,2025-06-29,Event Ticket,TikTok,385.97,200.68,Completed
ORD_3919,CUST_102,2025-04-30,Creative Studio,Instagram,458.03,162.24,Completed
ORD_3920,CUST_1034,2024-11-18,Creative Studio,Event Walk-in,66.1,30.46,Completed
ORD_3921,CUST_921,2025-03-12,Event Ticket,LinkedIn,412.66,247.7,Completed
ORD_3922,CUST_1098,2025-06-27,Creative Studio,Instagram,293.0,88.15,Completed
ORD_3923,CUST_1269,2024-04-13,Corporate Package,Instagram,105.11,39.34,Completed
ORD_3924,CUST_205,2024-02-13,Membership,Event Walk-in,149.79,100.04,Completed
ORD_3925,CUST_205,2024-05-18,Membership,Event Walk-in,470.46,190.82,Completed
ORD_3926,CUST_834,2024-07-30,Creative Studio,Event Walk-in,409.48,255.72,Refunded
ORD_3927,CUST_56,2025-06-27,Media Package,Instagram,198.2,112.9,Completed
ORD_3928,CUST_479,2025-02-15,Event Ticket,LinkedIn,471.16,154.8,Completed
ORD_3929,CUST_1064,2024-08-10,Media Package,Google Search,321.07,199.59,Completed
ORD_3930,CUST_1181,2025-02-14,Media Package,Partnership,215.63,91.01,Completed
ORD_3931,CUST_212,2024-09-04,Workshop,LinkedIn,149.2,59.84,Completed
ORD_3932,CUST_554,2024-01-08,Media Package,Partnership,309.08,94.53,Completed
ORD_3933,CUST_1052,2025-03-16,Event Ticket,TikTok,91.11,63.19,Completed
ORD_3934,CUST_1380,2024-10-25,Media Package,Google Search,88.91,42.81,Completed
ORD_3935,CUST_1232,2024-12-08,Corporate Package,Instagram,338.27,182.17,Completed
ORD_3936,CUST_886,2024-09-02,Media Package,LinkedIn,333.33,151.42,Completed
ORD_3937,CUST_427,2024-12-31,Creative Studio,Instagram,232.54,154.82,Refunded
ORD_3938,CUST_550,2024-04-13,Creative Studio,LinkedIn,423.28,224.82,Completed
ORD_3939,CUST_1117,2024-02-13,Media Package,TikTok,103.39,35.23,Completed
ORD_3940,CUST_966,2024-09-02,Media Package,Google Search,197.0,96.06,Completed
ORD_3941,CUST_1361,2024-01-29,Corporate Package,Event Walk-in,132.22,61.81,Completed
ORD_3942,CUST_1165,2025-03-07,Partner Offer,Event Walk-in,112.73,53.12,Completed
ORD_3943,CUST_699,2025-02-23,Event Ticket,Instagram,473.69,142.47,Refunded
ORD_3944,CUST_271,2024-10-29,Event Ticket,Referral,285.33,119.27,Completed
ORD_3945,CUST_706,2024-09-18,Membership,Event Walk-in,342.53,131.06,Completed
ORD_3946,CUST_719,2025-02-26,Event Ticket,Instagram,156.74,48.74,Refunded
ORD_3947,CUST_59,2025-04-17,Partner Offer,Instagram,471.51,159.16,Completed
ORD_3948,CUST_94,2024-07-28,Creative Studio,TikTok,355.29,201.56,Refunded
ORD_3949,CUST_518,2024-11-02,Creative Studio,Google Search,343.12,134.14,Completed
ORD_3950,CUST_1013,2025-01-17,Partner Offer,Event Walk-in,198.23,106.71,Completed
ORD_3951,CUST_539,2024-01-02,Event Ticket,TikTok,49.27,19.08,Cancelled
ORD_3952,CUST_613,2024-01-09,Membership,Instagram,355.78,205.97,Completed
ORD_3953,CUST_358,2024-08-01,Creative Studio,Event Walk-in,127.99,76.93,Refunded
ORD_3954,CUST_459,2025-06-05,Corporate Package,Partnership,375.68,138.19,Completed
ORD_3955,CUST_970,2024-09-22,Media Package,Instagram,282.66,164.96,Completed
ORD_3956,CUST_1133,2025-06-25,Workshop,Instagram,441.4,179.25,Completed
ORD_3957,CUST_1497,2024-11-20,Workshop,Instagram,368.48,152.95,Refunded
ORD_3958,CUST_183,2025-02-25,Media Package,Google Search,123.38,37.91,Completed
ORD_3959,CUST_1415,2025-05-22,Creative Studio,Google Search,275.73,137.56,Completed
ORD_3960,CUST_71,2024-01-04,Media Package,Event Walk-in,50.71,17.61,Completed
ORD_3961,CUST_693,2024-10-11,Partner Offer,Instagram,337.2,105.09,Completed
ORD_3962,CUST_1466,2024-10-03,Corporate Package,Instagram,442.08,171.57,Completed
ORD_3963,CUST_875,2024-12-25,Event Ticket,Event Walk-in,388.6,126.4,Completed
ORD_3964,CUST_1396,2024-12-02,Media Package,Event Walk-in,179.63,63.92,Refunded
ORD_3965,CUST_1486,2024-05-19,Corporate Package,Event Walk-in,238.39,106.7,Completed
ORD_3966,CUST_119,2024-09-29,Corporate Package,TikTok,487.28,226.65,Completed
ORD_3967,CUST_1128,2025-03-11,Workshop,Google Search,226.9,98.83,Cancelled
ORD_3968,CUST_65,2024-05-02,Workshop,Event Walk-in,463.55,287.04,Completed
ORD_3969,CUST_576,2024-10-04,Workshop,TikTok,489.98,329.53,Completed
ORD_3970,CUST_968,2024-02-05,Membership,Instagram,167.65,86.08,Refunded
ORD_3971,CUST_508,2025-05-30,Workshop,Instagram,330.01,112.53,Refunded
ORD_3972,CUST_754,2025-06-03,Media Package,Event Walk-in,302.81,96.54,Completed
ORD_3973,CUST_724,2025-03-29,Media Package,Referral,497.96,211.16,Completed
ORD_3974,CUST_1465,2025-06-08,Membership,Instagram,494.7,265.75,Completed
ORD_3975,CUST_417,2025-02-18,Membership,Event Walk-in,489.22,241.33,Completed
ORD_3976,CUST_162,2024-01-15,Workshop,LinkedIn,156.2,59.43,Completed
ORD_3977,CUST_921,2024-01-09,Media Package,LinkedIn,70.35,31.7,Completed
ORD_3978,CUST_720,2024-04-25,Partner Offer,Partnership,203.73,78.61,Completed
ORD_3979,CUST_1250,2025-06-08,Workshop,LinkedIn,227.26,100.34,Refunded
ORD_3980,CUST_173,2024-01-24,Membership,Partnership,356.7,112.11,Completed
ORD_3981,CUST_916,2024-05-16,Creative Studio,TikTok,437.12,219.29,Completed
ORD_3982,CUST_689,2024-02-10,Partner Offer,TikTok,190.19,60.4,Completed
ORD_3983,CUST_121,2024-06-23,Corporate Package,Event Walk-in,172.82,67.74,Completed
ORD_3984,CUST_455,2024-03-28,Media Package,LinkedIn,360.72,181.61,Completed
ORD_3985,CUST_1367,2024-12-30,Media Package,Partnership,221.26,134.37,Completed
ORD_3986,CUST_707,2024-10-01,Workshop,Instagram,406.36,261.08,Completed
ORD_3987,CUST_269,2024-02-27,Media Package,LinkedIn,321.72,197.79,Completed
ORD_3988,CUST_1302,2024-10-05,Event Ticket,Instagram,125.34,76.25,Completed
ORD_3989,CUST_936,2024-10-04,Creative Studio,Google Search,109.2,74.74,Completed
ORD_3990,CUST_398,2024-03-18,Event Ticket,TikTok,295.84,188.46,Completed
ORD_3991,CUST_125,2024-11-12,Event Ticket,Event Walk-in,132.4,90.31,Completed
ORD_3992,CUST_414,2024-05-27,Event Ticket,LinkedIn,339.34,156.51,Completed
ORD_3993,CUST_233,2025-04-21,Event Ticket,LinkedIn,174.72,102.18,Completed
ORD_3994,CUST_1366,2025-05-01,Event Ticket,LinkedIn,266.65,97.98,Completed
ORD_3995,CUST_621,2024-09-18,Corporate Package,Instagram,434.8,163.04,Completed
ORD_3996,CUST_1009,2024-07-28,Membership,TikTok,356.91,147.3,Completed
ORD_3997,CUST_1381,2025-05-22,Corporate Package,Event Walk-in,388.34,173.26,Completed
ORD_3998,CUST_1038,2024-07-08,Membership,TikTok,351.05,193.97,Completed
ORD_3999,CUST_799,2024-08-07,Event Ticket,Event Walk-in,490.18,198.67,Completed
ORD_4000,CUST_479,2025-06-30,Workshop,LinkedIn,491.99,327.54,Completed
ORD_4001,CUST_1464,2024-07-16,Creative Studio,Event Walk-in,312.71,116.06,Completed
ORD_4002,CUST_1199,2024-04-11,Media Package,Instagram,375.8,194.88,Completed
ORD_4003,CUST_461,2025-05-01,Event Ticket,Google Search,136.78,58.62,Completed
ORD_4004,CUST_1465,2025-04-04,Media Package,Instagram,462.36,149.27,Completed
ORD_4005,CUST_839,2024-06-04,Workshop,TikTok,142.71,74.29,Completed
ORD_4006,CUST_1008,2024-12-09,Workshop,TikTok,235.13,81.36,Completed
ORD_4007,CUST_544,2025-02-28,Media Package,Partnership,29.85,18.69,Completed
ORD_4008,CUST_1335,2025-01-04,Membership,Event Walk-in,187.41,75.32,Cancelled
ORD_4009,CUST_493,2024-02-01,Event Ticket,TikTok,466.64,262.64,Completed
ORD_4010,CUST_1457,2024-11-16,Event Ticket,TikTok,325.24,125.63,Completed
ORD_4011,CUST_549,2024-09-06,Event Ticket,TikTok,215.26,76.56,Cancelled
ORD_4012,CUST_523,2024-01-13,Event Ticket,Event Walk-in,434.43,167.14,Completed
ORD_4013,CUST_890,2025-04-17,Event Ticket,TikTok,257.75,173.31,Completed
ORD_4014,CUST_1009,2024-02-05,Media Package,TikTok,60.31,21.87,Completed
ORD_4015,CUST_429,2024-04-05,Event Ticket,Partnership,495.02,163.23,Completed
ORD_4016,CUST_308,2025-01-24,Media Package,Partnership,201.19,128.96,Completed
ORD_4017,CUST_1019,2025-04-28,Corporate Package,Event Walk-in,294.1,97.58,Completed
ORD_4018,CUST_615,2025-05-22,Event Ticket,Instagram,176.65,120.79,Completed
ORD_4019,CUST_141,2024-09-16,Creative Studio,Instagram,397.44,255.12,Refunded
ORD_4020,CUST_735,2024-10-13,Workshop,Event Walk-in,363.69,234.72,Completed
ORD_4021,CUST_501,2025-05-22,Event Ticket,TikTok,148.48,97.2,Completed
ORD_4022,CUST_570,2024-03-11,Media Package,Google Search,454.56,287.74,Completed
ORD_4023,CUST_893,2024-09-19,Creative Studio,Instagram,267.78,144.7,Completed
ORD_4024,CUST_895,2024-05-28,Workshop,Partnership,93.25,47.56,Completed
ORD_4025,CUST_1196,2024-10-27,Corporate Package,Event Walk-in,346.95,125.27,Refunded
ORD_4026,CUST_725,2024-05-14,Membership,Instagram,40.69,14.97,Completed
ORD_4027,CUST_455,2025-02-10,Event Ticket,LinkedIn,124.65,40.01,Completed
ORD_4028,CUST_413,2024-08-07,Partner Offer,TikTok,66.29,39.06,Completed
ORD_4029,CUST_1186,2024-03-25,Event Ticket,Google Search,163.79,108.7,Completed
ORD_4030,CUST_27,2024-01-18,Media Package,Instagram,150.96,52.56,Completed
ORD_4031,CUST_1090,2025-04-01,Workshop,Instagram,114.28,35.94,Completed
ORD_4032,CUST_151,2024-07-03,Creative Studio,Referral,59.74,32.2,Completed
ORD_4033,CUST_470,2024-07-06,Creative Studio,TikTok,428.36,235.14,Completed
ORD_4034,CUST_692,2024-11-19,Event Ticket,Instagram,360.04,201.59,Refunded
ORD_4035,CUST_1412,2025-04-26,Creative Studio,LinkedIn,334.83,113.79,Completed
ORD_4036,CUST_253,2024-11-03,Media Package,Instagram,411.46,267.36,Completed
ORD_4037,CUST_454,2024-05-17,Membership,TikTok,293.74,198.54,Completed
ORD_4038,CUST_1314,2025-01-02,Media Package,Instagram,402.16,268.06,Completed
ORD_4039,CUST_44,2025-01-26,Event Ticket,Instagram,362.29,198.51,Completed
ORD_4040,CUST_1454,2024-04-23,Creative Studio,Google Search,459.15,144.31,Refunded
ORD_4041,CUST_611,2024-04-03,Event Ticket,Instagram,448.54,239.76,Completed
ORD_4042,CUST_1012,2025-02-18,Partner Offer,Google Search,162.36,82.05,Completed
ORD_4043,CUST_1296,2025-02-27,Membership,TikTok,469.77,228.87,Completed
ORD_4044,CUST_289,2025-06-10,Media Package,Partnership,346.9,220.48,Completed
ORD_4045,CUST_962,2025-04-19,Creative Studio,Partnership,419.63,249.57,Completed
ORD_4046,CUST_749,2024-01-10,Media Package,Instagram,385.33,135.97,Completed
ORD_4047,CUST_1174,2025-04-12,Membership,Event Walk-in,211.4,83.34,Completed
ORD_4048,CUST_1214,2024-08-24,Creative Studio,Event Walk-in,211.51,97.79,Completed
ORD_4049,CUST_830,2024-03-31,Partner Offer,LinkedIn,491.76,173.41,Completed
ORD_4050,CUST_1355,2024-02-03,Media Package,Event Walk-in,70.69,35.24,Completed
ORD_4051,CUST_768,2024-05-13,Event Ticket,TikTok,234.86,112.02,Completed
ORD_4052,CUST_783,2024-02-21,Creative Studio,LinkedIn,83.02,34.95,Completed
ORD_4053,CUST_1388,2025-06-25,Partner Offer,Instagram,388.55,171.98,Completed
ORD_4054,CUST_1268,2024-07-25,Creative Studio,Event Walk-in,216.19,121.81,Cancelled
ORD_4055,CUST_1468,2024-05-10,Corporate Package,LinkedIn,143.13,89.32,Completed
ORD_4056,CUST_133,2024-08-23,Membership,Instagram,65.06,27.78,Completed
ORD_4057,CUST_841,2025-03-23,Membership,TikTok,274.5,184.78,Refunded
ORD_4058,CUST_1377,2024-02-10,Media Package,Instagram,250.1,125.39,Completed
ORD_4059,CUST_1264,2025-06-24,Creative Studio,Event Walk-in,248.1,75.89,Completed
ORD_4060,CUST_947,2024-07-10,Event Ticket,TikTok,37.94,15.63,Refunded
ORD_4061,CUST_1166,2024-06-21,Event Ticket,Instagram,112.58,75.16,Completed
ORD_4062,CUST_1301,2025-05-18,Media Package,Instagram,338.18,225.61,Completed
ORD_4063,CUST_579,2024-01-15,Creative Studio,TikTok,143.31,44.35,Completed
ORD_4064,CUST_700,2024-08-01,Workshop,Instagram,319.31,114.12,Completed
ORD_4065,CUST_694,2024-01-22,Event Ticket,LinkedIn,70.58,46.85,Completed
ORD_4066,CUST_1118,2024-09-11,Workshop,Instagram,271.19,101.24,Completed
ORD_4067,CUST_147,2025-02-16,Media Package,Google Search,155.56,60.21,Completed
ORD_4068,CUST_900,2024-01-05,Event Ticket,TikTok,315.22,113.77,Completed
ORD_4069,CUST_336,2024-04-02,Event Ticket,TikTok,61.66,41.96,Completed
ORD_4070,CUST_1361,2024-01-03,Event Ticket,Event Walk-in,358.99,231.61,Cancelled
ORD_4071,CUST_15,2024-04-04,Creative Studio,Instagram,365.57,226.89,Completed
ORD_4072,CUST_818,2024-06-04,Workshop,Event Walk-in,384.4,185.19,Completed
ORD_4073,CUST_1060,2025-05-21,Membership,Google Search,430.51,275.61,Completed
ORD_4074,CUST_31,2025-06-28,Partner Offer,Event Walk-in,445.18,209.14,Completed
ORD_4075,CUST_840,2025-04-15,Workshop,Instagram,236.17,84.04,Completed
ORD_4076,CUST_355,2025-02-01,Event Ticket,Instagram,129.3,62.96,Completed
ORD_4077,CUST_1205,2024-12-10,Creative Studio,TikTok,96.29,37.19,Cancelled
ORD_4078,CUST_1114,2024-03-25,Partner Offer,Event Walk-in,495.13,196.03,Refunded
ORD_4079,CUST_821,2025-03-11,Media Package,Instagram,257.82,77.51,Completed
ORD_4080,CUST_212,2024-09-07,Event Ticket,LinkedIn,62.42,31.25,Completed
ORD_4081,CUST_525,2025-06-11,Membership,LinkedIn,324.77,211.57,Completed
ORD_4082,CUST_1411,2025-03-20,Event Ticket,Referral,386.81,242.08,Completed
ORD_4083,CUST_522,2024-09-07,Partner Offer,Instagram,60.08,26.72,Completed
ORD_4084,CUST_1279,2024-04-08,Media Package,TikTok,251.98,153.0,Completed
ORD_4085,CUST_1244,2024-04-04,Media Package,TikTok,309.36,164.55,Completed
ORD_4086,CUST_350,2025-01-13,Media Package,TikTok,132.95,65.2,Completed
ORD_4087,CUST_228,2024-05-24,Workshop,Instagram,290.04,199.35,Cancelled
ORD_4088,CUST_741,2024-11-12,Event Ticket,Partnership,382.56,155.74,Completed
ORD_4089,CUST_200,2024-09-23,Workshop,Event Walk-in,485.83,181.96,Completed
ORD_4090,CUST_500,2024-03-11,Creative Studio,LinkedIn,168.63,95.18,Completed
ORD_4091,CUST_422,2024-09-01,Membership,Event Walk-in,277.94,154.64,Completed
ORD_4092,CUST_1200,2025-04-02,Creative Studio,TikTok,318.2,121.96,Refunded
ORD_4093,CUST_447,2024-09-13,Membership,Event Walk-in,205.99,72.99,Refunded
ORD_4094,CUST_189,2024-10-06,Corporate Package,Partnership,189.97,84.79,Completed
ORD_4095,CUST_981,2024-05-31,Media Package,TikTok,368.1,172.14,Completed
ORD_4096,CUST_60,2024-05-21,Membership,Instagram,175.13,121.14,Completed
ORD_4097,CUST_739,2024-01-17,Workshop,TikTok,436.11,136.19,Completed
ORD_4098,CUST_997,2024-04-03,Media Package,Event Walk-in,177.11,77.94,Completed
ORD_4099,CUST_1170,2024-05-21,Media Package,Instagram,150.09,93.98,Completed
ORD_4100,CUST_602,2024-10-22,Partner Offer,TikTok,77.58,53.04,Completed
ORD_4101,CUST_1186,2025-02-04,Event Ticket,Google Search,47.56,22.3,Completed
ORD_4102,CUST_1102,2025-05-27,Corporate Package,Instagram,382.76,156.45,Completed
ORD_4103,CUST_435,2024-11-28,Partner Offer,Instagram,56.31,31.07,Completed
ORD_4104,CUST_821,2025-01-02,Media Package,Instagram,23.13,16.08,Completed
ORD_4105,CUST_1497,2024-11-15,Event Ticket,Instagram,226.4,94.71,Refunded
ORD_4106,CUST_925,2024-12-18,Partner Offer,Instagram,454.4,139.38,Completed
ORD_4107,CUST_1380,2024-10-28,Event Ticket,Google Search,340.2,174.2,Completed
ORD_4108,CUST_520,2024-05-22,Media Package,Partnership,436.13,199.38,Completed
ORD_4109,CUST_203,2024-04-28,Media Package,Instagram,34.9,19.27,Refunded
ORD_4110,CUST_890,2024-06-29,Workshop,TikTok,303.51,154.24,Cancelled
ORD_4111,CUST_1124,2024-12-20,Media Package,Event Walk-in,33.05,18.42,Completed
ORD_4112,CUST_949,2025-02-11,Event Ticket,TikTok,243.11,147.07,Completed
ORD_4113,CUST_815,2025-04-20,Media Package,Referral,485.62,272.85,Completed
ORD_4114,CUST_796,2024-09-27,Creative Studio,Instagram,20.95,8.02,Completed
ORD_4115,CUST_1121,2024-03-28,Event Ticket,TikTok,172.98,58.25,Completed
ORD_4116,CUST_612,2024-05-26,Media Package,TikTok,408.65,207.39,Completed
ORD_4117,CUST_1415,2024-06-28,Membership,Google Search,175.41,89.4,Refunded
ORD_4118,CUST_1130,2025-03-13,Event Ticket,Instagram,493.42,253.59,Completed
ORD_4119,CUST_1395,2024-01-31,Media Package,Partnership,352.65,190.29,Completed
ORD_4120,CUST_233,2025-06-29,Media Package,LinkedIn,231.18,120.91,Completed
ORD_4121,CUST_999,2025-03-15,Creative Studio,Instagram,440.34,235.11,Completed
ORD_4122,CUST_779,2024-09-21,Creative Studio,Event Walk-in,429.94,204.82,Completed
ORD_4123,CUST_115,2024-11-08,Media Package,Partnership,285.03,131.86,Refunded
ORD_4124,CUST_362,2025-03-26,Creative Studio,Instagram,379.2,158.97,Completed
ORD_4125,CUST_558,2024-11-03,Creative Studio,TikTok,390.83,175.39,Cancelled
ORD_4126,CUST_490,2024-04-19,Media Package,Google Search,435.97,240.31,Completed
ORD_4127,CUST_62,2024-01-08,Creative Studio,Partnership,52.89,36.77,Completed
ORD_4128,CUST_783,2024-07-28,Partner Offer,LinkedIn,114.21,34.48,Completed
ORD_4129,CUST_913,2024-06-01,Membership,Instagram,443.9,281.53,Completed
ORD_4130,CUST_1246,2025-03-07,Event Ticket,TikTok,142.33,98.96,Cancelled
ORD_4131,CUST_526,2024-06-22,Event Ticket,LinkedIn,81.29,27.54,Completed
ORD_4132,CUST_1,2024-04-13,Workshop,Instagram,109.48,43.63,Completed
ORD_4133,CUST_1436,2025-04-14,Media Package,TikTok,244.78,113.96,Completed
ORD_4134,CUST_1239,2025-04-08,Partner Offer,Partnership,132.52,62.18,Completed
ORD_4135,CUST_255,2025-03-04,Media Package,LinkedIn,480.54,213.9,Completed
ORD_4136,CUST_665,2024-12-25,Partner Offer,Google Search,91.55,46.4,Completed
ORD_4137,CUST_410,2024-06-05,Corporate Package,Event Walk-in,113.72,64.38,Completed
ORD_4138,CUST_284,2024-03-19,Partner Offer,LinkedIn,252.24,81.35,Completed
ORD_4139,CUST_1111,2025-03-28,Corporate Package,LinkedIn,476.25,167.21,Completed
ORD_4140,CUST_742,2025-03-28,Media Package,TikTok,150.36,65.89,Completed
ORD_4141,CUST_867,2024-10-27,Media Package,TikTok,147.43,85.03,Completed
ORD_4142,CUST_697,2024-06-12,Media Package,LinkedIn,254.3,160.43,Completed
ORD_4143,CUST_1227,2025-01-05,Event Ticket,TikTok,477.93,173.68,Completed
ORD_4144,CUST_103,2024-04-21,Workshop,Instagram,222.89,141.03,Completed
ORD_4145,CUST_499,2025-05-09,Partner Offer,Instagram,123.76,59.83,Cancelled
ORD_4146,CUST_57,2024-05-08,Membership,LinkedIn,326.44,199.04,Refunded
ORD_4147,CUST_297,2024-08-02,Creative Studio,Instagram,382.81,180.93,Completed
ORD_4148,CUST_837,2025-03-05,Corporate Package,LinkedIn,457.3,146.68,Completed
ORD_4149,CUST_900,2024-06-05,Partner Offer,TikTok,409.25,284.38,Completed
ORD_4150,CUST_968,2024-12-10,Workshop,Instagram,250.69,109.27,Completed
ORD_4151,CUST_1275,2024-09-15,Media Package,Instagram,436.68,279.3,Completed
ORD_4152,CUST_1010,2024-06-16,Creative Studio,Referral,450.3,158.18,Completed
ORD_4153,CUST_315,2024-06-25,Event Ticket,LinkedIn,484.96,216.85,Completed
ORD_4154,CUST_1347,2024-10-10,Workshop,TikTok,180.63,89.36,Completed
ORD_4155,CUST_310,2024-03-31,Workshop,Referral,34.75,24.1,Completed
ORD_4156,CUST_470,2025-05-19,Workshop,TikTok,176.59,115.82,Completed
ORD_4157,CUST_51,2024-03-23,Media Package,Instagram,283.68,110.88,Completed
ORD_4158,CUST_267,2024-01-03,Corporate Package,Event Walk-in,173.92,70.04,Completed
ORD_4159,CUST_91,2024-11-10,Membership,LinkedIn,101.09,42.0,Completed
ORD_4160,CUST_1230,2024-10-21,Media Package,Event Walk-in,143.55,75.71,Refunded
ORD_4161,CUST_393,2024-07-02,Media Package,LinkedIn,214.64,135.72,Completed
ORD_4162,CUST_49,2024-10-10,Media Package,TikTok,289.51,147.76,Completed
ORD_4163,CUST_48,2024-01-24,Partner Offer,Google Search,82.61,55.95,Completed
ORD_4164,CUST_1248,2024-01-19,Creative Studio,LinkedIn,119.47,70.19,Completed
ORD_4165,CUST_885,2024-04-13,Partner Offer,Instagram,86.57,44.87,Completed
ORD_4166,CUST_636,2024-06-13,Workshop,Event Walk-in,58.41,24.23,Completed
ORD_4167,CUST_463,2024-07-19,Media Package,Partnership,201.92,127.24,Completed
ORD_4168,CUST_92,2024-07-09,Membership,Instagram,49.43,22.62,Completed
ORD_4169,CUST_777,2025-02-15,Event Ticket,Instagram,482.03,309.64,Completed
ORD_4170,CUST_1353,2025-06-24,Creative Studio,Event Walk-in,204.1,105.63,Completed
ORD_4171,CUST_194,2024-09-02,Media Package,Referral,214.52,127.35,Completed
ORD_4172,CUST_367,2025-06-01,Creative Studio,TikTok,191.61,89.39,Cancelled
ORD_4173,CUST_557,2024-07-26,Event Ticket,Google Search,124.64,46.89,Cancelled
ORD_4174,CUST_1206,2024-07-25,Event Ticket,Instagram,248.09,85.98,Completed
ORD_4175,CUST_4,2024-02-20,Event Ticket,Event Walk-in,392.3,173.87,Completed
ORD_4176,CUST_1452,2024-02-03,Partner Offer,Partnership,193.34,60.55,Completed
ORD_4177,CUST_387,2025-05-01,Workshop,Event Walk-in,20.67,10.03,Completed
ORD_4178,CUST_759,2025-05-23,Workshop,Instagram,332.52,122.84,Completed
ORD_4179,CUST_1101,2025-04-22,Workshop,Instagram,95.82,50.68,Completed
ORD_4180,CUST_254,2024-02-16,Workshop,LinkedIn,253.73,79.66,Completed
ORD_4181,CUST_172,2025-02-01,Corporate Package,TikTok,70.22,29.7,Completed
ORD_4182,CUST_398,2024-12-29,Media Package,TikTok,490.61,205.23,Completed
ORD_4183,CUST_1375,2024-02-22,Media Package,TikTok,274.08,117.72,Completed
ORD_4184,CUST_1077,2024-10-18,Corporate Package,Partnership,50.84,28.54,Completed
ORD_4185,CUST_1261,2025-06-20,Creative Studio,Instagram,100.37,36.25,Completed
ORD_4186,CUST_552,2024-01-10,Media Package,Instagram,475.89,257.88,Completed
ORD_4187,CUST_1160,2025-03-24,Creative Studio,Instagram,296.21,91.58,Completed
ORD_4188,CUST_145,2024-06-18,Media Package,Partnership,67.73,26.99,Completed
ORD_4189,CUST_1216,2024-06-19,Media Package,Instagram,283.17,165.4,Completed
ORD_4190,CUST_39,2025-03-30,Media Package,LinkedIn,448.35,248.43,Completed
ORD_4191,CUST_313,2024-05-20,Workshop,Instagram,330.8,124.42,Completed
ORD_4192,CUST_954,2024-02-27,Media Package,Instagram,341.15,220.26,Completed
ORD_4193,CUST_971,2025-03-01,Event Ticket,Instagram,347.42,126.27,Completed
ORD_4194,CUST_1081,2025-06-08,Event Ticket,TikTok,243.21,134.2,Completed
ORD_4195,CUST_246,2024-06-07,Event Ticket,LinkedIn,312.73,206.83,Completed
ORD_4196,CUST_803,2025-01-28,Membership,LinkedIn,163.94,69.16,Completed
ORD_4197,CUST_545,2024-05-03,Media Package,TikTok,45.35,24.03,Completed
ORD_4198,CUST_682,2024-08-20,Event Ticket,Instagram,182.09,103.49,Refunded
ORD_4199,CUST_1421,2024-04-18,Corporate Package,LinkedIn,44.64,18.68,Completed
ORD_4200,CUST_748,2024-10-20,Media Package,Event Walk-in,469.26,171.93,Completed
ORD_4201,CUST_1463,2025-01-10,Workshop,Referral,314.81,158.07,Completed
ORD_4202,CUST_826,2025-05-27,Event Ticket,LinkedIn,365.96,221.96,Completed
ORD_4203,CUST_126,2024-09-20,Media Package,Instagram,141.54,57.41,Completed
ORD_4204,CUST_31,2024-05-18,Membership,Event Walk-in,349.12,240.12,Completed
ORD_4205,CUST_1104,2024-07-09,Event Ticket,Google Search,340.93,129.23,Completed
ORD_4206,CUST_1237,2025-02-04,Media Package,Instagram,409.9,197.43,Completed
ORD_4207,CUST_796,2025-01-28,Media Package,Instagram,420.92,202.68,Completed
ORD_4208,CUST_393,2024-12-26,Corporate Package,LinkedIn,217.25,68.25,Completed
ORD_4209,CUST_28,2025-04-28,Event Ticket,Event Walk-in,126.42,78.72,Completed
ORD_4210,CUST_230,2024-12-31,Event Ticket,Event Walk-in,334.29,179.76,Completed
ORD_4211,CUST_693,2024-05-01,Membership,Instagram,447.38,219.94,Completed
ORD_4212,CUST_718,2025-01-08,Media Package,TikTok,458.77,317.07,Refunded
ORD_4213,CUST_1463,2024-05-25,Event Ticket,Referral,434.75,195.09,Completed
ORD_4214,CUST_1167,2024-04-28,Corporate Package,Instagram,309.07,188.3,Refunded
ORD_4215,CUST_309,2024-05-28,Creative Studio,Event Walk-in,164.46,91.79,Completed
ORD_4216,CUST_808,2024-01-10,Membership,Event Walk-in,21.68,9.46,Completed
ORD_4217,CUST_1142,2025-06-19,Workshop,Event Walk-in,70.53,42.52,Refunded
ORD_4218,CUST_564,2024-06-09,Membership,Event Walk-in,189.56,86.46,Completed
ORD_4219,CUST_362,2024-04-25,Media Package,Instagram,151.94,102.45,Refunded
ORD_4220,CUST_411,2024-05-20,Membership,TikTok,469.46,322.05,Refunded
ORD_4221,CUST_648,2025-05-30,Event Ticket,TikTok,185.87,126.59,Completed
ORD_4222,CUST_200,2024-11-04,Partner Offer,Event Walk-in,114.81,72.22,Completed
ORD_4223,CUST_138,2024-03-17,Workshop,TikTok,409.75,136.28,Completed
ORD_4224,CUST_231,2024-08-22,Event Ticket,TikTok,392.0,162.23,Completed
ORD_4225,CUST_930,2024-03-13,Creative Studio,Instagram,176.38,68.76,Completed
ORD_4226,CUST_1327,2025-02-01,Media Package,Instagram,350.9,183.56,Completed
ORD_4227,CUST_816,2024-09-07,Membership,TikTok,331.17,109.8,Refunded
ORD_4228,CUST_949,2024-12-03,Membership,TikTok,454.14,163.41,Completed
ORD_4229,CUST_1217,2024-04-05,Event Ticket,Instagram,177.04,98.16,Completed
ORD_4230,CUST_555,2024-05-01,Corporate Package,Event Walk-in,442.52,199.78,Completed
ORD_4231,CUST_1060,2025-05-25,Creative Studio,Google Search,417.03,221.76,Completed
ORD_4232,CUST_436,2024-06-08,Media Package,Partnership,92.27,44.2,Completed
ORD_4233,CUST_402,2025-03-10,Corporate Package,Google Search,26.95,14.58,Completed
ORD_4234,CUST_1440,2025-04-28,Membership,Instagram,218.89,90.85,Completed
ORD_4235,CUST_53,2024-04-23,Event Ticket,TikTok,456.86,287.09,Completed
ORD_4236,CUST_1494,2025-04-04,Partner Offer,TikTok,398.99,182.12,Completed
ORD_4237,CUST_304,2024-04-10,Event Ticket,Google Search,20.41,8.79,Completed
ORD_4238,CUST_510,2025-05-24,Media Package,Instagram,304.76,118.81,Completed
ORD_4239,CUST_1118,2024-09-22,Event Ticket,Instagram,243.46,102.84,Refunded
ORD_4240,CUST_822,2024-02-16,Workshop,Instagram,99.41,59.82,Completed
ORD_4241,CUST_295,2025-04-17,Event Ticket,Partnership,265.57,184.91,Completed
ORD_4242,CUST_1433,2024-01-20,Event Ticket,Event Walk-in,72.73,46.9,Completed
ORD_4243,CUST_208,2025-03-21,Workshop,Instagram,451.62,233.86,Completed
ORD_4244,CUST_693,2025-01-13,Workshop,Instagram,246.53,114.15,Completed
ORD_4245,CUST_1197,2025-04-18,Media Package,TikTok,289.96,115.4,Completed
ORD_4246,CUST_514,2024-03-07,Creative Studio,Referral,476.68,313.84,Completed
ORD_4247,CUST_951,2024-07-27,Event Ticket,Instagram,435.99,285.64,Completed
ORD_4248,CUST_980,2024-05-05,Creative Studio,Instagram,172.92,67.27,Completed
ORD_4249,CUST_1300,2025-05-07,Media Package,Event Walk-in,284.61,157.18,Completed
ORD_4250,CUST_494,2024-08-23,Media Package,Event Walk-in,374.5,142.18,Completed
ORD_4251,CUST_1046,2024-08-09,Event Ticket,TikTok,406.07,214.74,Completed
ORD_4252,CUST_1459,2024-08-21,Media Package,Referral,217.68,79.84,Completed
ORD_4253,CUST_627,2025-03-28,Membership,TikTok,376.53,200.31,Completed
ORD_4254,CUST_362,2024-11-04,Media Package,Instagram,92.35,63.8,Completed
ORD_4255,CUST_276,2025-04-15,Media Package,Event Walk-in,394.04,244.29,Completed
ORD_4256,CUST_321,2024-06-14,Media Package,Google Search,484.3,308.03,Completed
ORD_4257,CUST_712,2025-02-07,Media Package,TikTok,42.57,15.13,Completed
ORD_4258,CUST_337,2024-05-31,Corporate Package,Event Walk-in,151.0,86.95,Completed
ORD_4259,CUST_377,2025-06-12,Corporate Package,Instagram,292.77,153.23,Cancelled
ORD_4260,CUST_573,2025-04-04,Creative Studio,Event Walk-in,262.85,157.22,Completed
ORD_4261,CUST_1290,2024-01-11,Creative Studio,Partnership,188.42,106.94,Refunded
ORD_4262,CUST_831,2024-07-30,Event Ticket,LinkedIn,439.62,203.43,Refunded
ORD_4263,CUST_1165,2024-07-30,Partner Offer,Event Walk-in,242.03,111.92,Completed
ORD_4264,CUST_1170,2025-02-14,Media Package,Instagram,84.5,41.78,Completed
ORD_4265,CUST_1215,2025-01-01,Media Package,Event Walk-in,200.12,84.17,Completed
ORD_4266,CUST_636,2025-06-25,Creative Studio,Event Walk-in,314.09,96.47,Completed
ORD_4267,CUST_213,2025-05-01,Media Package,Google Search,88.97,61.91,Completed
ORD_4268,CUST_1151,2024-01-31,Workshop,Partnership,247.52,86.12,Completed
ORD_4269,CUST_742,2025-06-19,Partner Offer,TikTok,240.12,113.62,Completed
ORD_4270,CUST_987,2024-08-27,Event Ticket,Event Walk-in,244.37,155.56,Completed
ORD_4271,CUST_1130,2025-01-14,Workshop,Instagram,410.23,222.05,Completed
ORD_4272,CUST_1393,2024-12-21,Workshop,Referral,262.11,157.34,Completed
ORD_4273,CUST_650,2024-05-28,Media Package,Instagram,410.98,219.46,Completed
ORD_4274,CUST_572,2024-03-26,Partner Offer,Instagram,441.09,235.7,Completed
ORD_4275,CUST_1335,2025-04-05,Creative Studio,Event Walk-in,311.46,195.01,Completed
ORD_4276,CUST_355,2024-01-10,Creative Studio,Instagram,114.71,64.26,Completed
ORD_4277,CUST_1198,2024-11-25,Creative Studio,LinkedIn,492.77,269.55,Completed
ORD_4278,CUST_933,2025-04-30,Media Package,Event Walk-in,434.76,299.92,Refunded
ORD_4279,CUST_842,2025-05-26,Media Package,TikTok,485.56,331.7,Completed
ORD_4280,CUST_1109,2024-06-11,Creative Studio,Google Search,43.42,23.02,Completed
ORD_4281,CUST_832,2024-01-29,Membership,Instagram,194.45,80.05,Completed
ORD_4282,CUST_568,2024-09-22,Event Ticket,Event Walk-in,435.12,204.81,Completed
ORD_4283,CUST_240,2024-08-03,Corporate Package,Event Walk-in,484.6,221.35,Completed
ORD_4284,CUST_273,2024-05-13,Media Package,Instagram,82.43,47.82,Completed
ORD_4285,CUST_788,2024-03-02,Media Package,Instagram,62.3,40.32,Completed
ORD_4286,CUST_951,2024-05-30,Media Package,Instagram,289.17,162.55,Completed
ORD_4287,CUST_272,2024-03-17,Corporate Package,Event Walk-in,71.27,23.35,Completed
ORD_4288,CUST_583,2025-05-16,Creative Studio,Event Walk-in,359.19,183.51,Completed
ORD_4289,CUST_718,2025-05-18,Event Ticket,TikTok,126.33,66.63,Completed
ORD_4290,CUST_1103,2024-10-28,Event Ticket,Event Walk-in,340.14,165.5,Refunded
ORD_4291,CUST_634,2025-01-15,Event Ticket,Event Walk-in,413.71,288.15,Completed
ORD_4292,CUST_1340,2025-02-17,Media Package,TikTok,210.71,91.03,Completed
ORD_4293,CUST_554,2025-01-18,Event Ticket,Partnership,333.89,167.93,Completed
ORD_4294,CUST_727,2025-03-11,Partner Offer,Instagram,227.12,117.91,Completed
ORD_4295,CUST_27,2024-07-02,Membership,Instagram,252.44,130.2,Refunded
ORD_4296,CUST_699,2025-02-27,Partner Offer,Instagram,326.65,147.54,Cancelled
ORD_4297,CUST_570,2024-01-15,Event Ticket,Google Search,197.04,69.18,Cancelled
ORD_4298,CUST_320,2024-09-29,Membership,Instagram,489.78,323.55,Completed
ORD_4299,CUST_451,2025-05-22,Workshop,Event Walk-in,279.72,152.17,Completed
ORD_4300,CUST_1357,2024-01-26,Corporate Package,Instagram,71.41,31.98,Completed
ORD_4301,CUST_1075,2024-01-20,Partner Offer,Referral,262.96,86.37,Completed
ORD_4302,CUST_1428,2024-03-23,Creative Studio,Instagram,410.55,279.73,Completed
ORD_4303,CUST_894,2024-02-10,Corporate Package,Event Walk-in,360.22,174.93,Completed
ORD_4304,CUST_580,2024-02-03,Membership,Instagram,201.43,89.46,Completed
ORD_4305,CUST_727,2024-07-08,Creative Studio,Instagram,470.08,298.24,Completed
ORD_4306,CUST_1103,2024-09-16,Partner Offer,Event Walk-in,395.24,239.31,Completed
ORD_4307,CUST_828,2024-08-17,Corporate Package,LinkedIn,248.23,165.72,Refunded
ORD_4308,CUST_1370,2025-03-27,Event Ticket,Partnership,439.96,300.87,Completed
ORD_4309,CUST_1242,2025-03-30,Creative Studio,Partnership,288.13,114.39,Completed
ORD_4310,CUST_172,2024-01-06,Media Package,TikTok,378.9,257.77,Cancelled
ORD_4311,CUST_803,2024-02-03,Workshop,LinkedIn,265.88,185.05,Completed
ORD_4312,CUST_1453,2024-11-28,Membership,Google Search,499.89,194.38,Completed
ORD_4313,CUST_1337,2024-12-24,Media Package,Instagram,80.17,45.47,Completed
ORD_4314,CUST_1026,2024-11-28,Event Ticket,TikTok,111.63,44.77,Completed
ORD_4315,CUST_742,2024-08-18,Event Ticket,TikTok,203.43,132.83,Completed
ORD_4316,CUST_925,2025-05-20,Membership,Instagram,297.47,90.74,Refunded
ORD_4317,CUST_1141,2024-06-12,Corporate Package,TikTok,160.97,87.97,Completed
ORD_4318,CUST_946,2025-01-31,Membership,TikTok,431.46,219.54,Completed
ORD_4319,CUST_548,2024-11-01,Partner Offer,Event Walk-in,81.99,36.79,Completed
ORD_4320,CUST_1470,2025-03-15,Event Ticket,Instagram,36.37,18.48,Completed
ORD_4321,CUST_427,2025-03-05,Media Package,Instagram,78.94,35.75,Completed
ORD_4322,CUST_1188,2024-06-24,Media Package,Instagram,302.45,106.77,Completed
ORD_4323,CUST_149,2024-11-07,Creative Studio,TikTok,415.34,187.04,Completed
ORD_4324,CUST_1044,2025-05-15,Membership,Google Search,31.65,14.06,Completed
ORD_4325,CUST_1460,2025-01-17,Event Ticket,Event Walk-in,178.2,75.51,Completed
ORD_4326,CUST_689,2025-06-01,Corporate Package,TikTok,306.38,150.03,Completed
ORD_4327,CUST_62,2024-01-03,Creative Studio,Partnership,376.18,114.49,Completed
ORD_4328,CUST_486,2025-01-07,Workshop,Event Walk-in,378.1,257.32,Completed
ORD_4329,CUST_548,2024-01-23,Event Ticket,Event Walk-in,141.01,84.49,Completed
ORD_4330,CUST_1426,2024-04-15,Media Package,Referral,40.73,20.69,Completed
ORD_4331,CUST_1252,2024-06-24,Media Package,Google Search,413.86,153.5,Completed
ORD_4332,CUST_1026,2024-03-20,Partner Offer,TikTok,432.26,165.95,Completed
ORD_4333,CUST_521,2024-11-02,Corporate Package,TikTok,461.97,268.62,Completed
ORD_4334,CUST_299,2024-02-03,Membership,Instagram,231.4,85.08,Completed
ORD_4335,CUST_216,2024-02-05,Media Package,TikTok,435.82,217.61,Completed
ORD_4336,CUST_1148,2024-06-09,Creative Studio,TikTok,112.25,71.98,Completed
ORD_4337,CUST_1056,2024-07-30,Event Ticket,Instagram,324.58,159.43,Cancelled
ORD_4338,CUST_227,2024-09-07,Creative Studio,Instagram,495.69,157.92,Completed
ORD_4339,CUST_422,2025-01-18,Partner Offer,Event Walk-in,215.94,102.7,Completed
ORD_4340,CUST_368,2024-12-18,Corporate Package,Event Walk-in,264.18,172.03,Completed
ORD_4341,CUST_895,2024-08-19,Partner Offer,Partnership,241.98,97.19,Completed
ORD_4342,CUST_1318,2024-02-04,Membership,LinkedIn,224.08,69.3,Completed
ORD_4343,CUST_993,2025-05-31,Workshop,Instagram,265.87,182.11,Completed
ORD_4344,CUST_1486,2024-10-18,Media Package,Event Walk-in,329.73,107.3,Completed
ORD_4345,CUST_447,2024-07-17,Workshop,Event Walk-in,439.76,138.55,Completed
ORD_4346,CUST_210,2024-06-15,Membership,Partnership,436.02,235.47,Completed
ORD_4347,CUST_697,2024-06-16,Media Package,LinkedIn,166.51,81.28,Completed
ORD_4348,CUST_127,2024-01-28,Creative Studio,TikTok,217.33,142.79,Completed
ORD_4349,CUST_409,2024-08-24,Event Ticket,LinkedIn,255.45,99.21,Completed
ORD_4350,CUST_1100,2024-10-02,Workshop,Google Search,153.8,74.25,Completed
ORD_4351,CUST_1093,2024-02-28,Creative Studio,Instagram,415.34,192.12,Completed
ORD_4352,CUST_217,2025-02-06,Creative Studio,TikTok,319.81,127.69,Refunded
ORD_4353,CUST_135,2024-05-17,Partner Offer,TikTok,375.11,251.75,Completed
ORD_4354,CUST_37,2024-09-05,Partner Offer,TikTok,197.8,122.07,Completed
ORD_4355,CUST_279,2024-03-18,Media Package,Event Walk-in,245.99,162.58,Completed
ORD_4356,CUST_377,2025-01-15,Membership,Instagram,59.52,34.68,Completed
ORD_4357,CUST_344,2024-01-16,Creative Studio,Instagram,190.05,103.68,Completed
ORD_4358,CUST_36,2024-10-01,Media Package,Event Walk-in,121.83,63.27,Completed
ORD_4359,CUST_693,2025-04-03,Creative Studio,Instagram,222.19,72.41,Cancelled
ORD_4360,CUST_280,2024-04-10,Media Package,Instagram,343.69,163.86,Completed
ORD_4361,CUST_1002,2025-04-02,Event Ticket,LinkedIn,158.32,61.63,Completed
ORD_4362,CUST_1486,2025-05-08,Creative Studio,Event Walk-in,412.29,126.41,Completed
ORD_4363,CUST_988,2024-05-11,Partner Offer,Partnership,378.88,221.93,Refunded
ORD_4364,CUST_1385,2024-10-07,Media Package,TikTok,318.91,104.66,Completed
ORD_4365,CUST_96,2025-06-04,Media Package,LinkedIn,162.71,103.56,Completed
ORD_4366,CUST_871,2025-01-27,Event Ticket,TikTok,423.19,260.21,Refunded
ORD_4367,CUST_320,2024-01-27,Corporate Package,Instagram,52.26,19.42,Completed
ORD_4368,CUST_879,2025-04-04,Workshop,Event Walk-in,378.72,121.33,Completed
ORD_4369,CUST_425,2024-01-05,Media Package,Event Walk-in,76.96,51.81,Completed
ORD_4370,CUST_1087,2025-06-29,Partner Offer,LinkedIn,470.22,146.79,Completed
ORD_4371,CUST_1002,2024-05-20,Membership,LinkedIn,452.73,279.86,Completed
ORD_4372,CUST_1065,2024-04-18,Event Ticket,Partnership,236.94,73.62,Completed
ORD_4373,CUST_834,2024-12-05,Creative Studio,Event Walk-in,335.93,101.93,Completed
ORD_4374,CUST_262,2024-10-04,Membership,Instagram,185.77,117.22,Completed
ORD_4375,CUST_1188,2024-04-12,Media Package,Instagram,264.89,106.01,Completed
ORD_4376,CUST_1243,2024-08-31,Media Package,Event Walk-in,163.95,66.48,Completed
ORD_4377,CUST_172,2025-03-28,Media Package,TikTok,222.58,154.51,Completed
ORD_4378,CUST_60,2024-05-23,Membership,Instagram,321.35,218.47,Completed
ORD_4379,CUST_581,2024-05-09,Creative Studio,Instagram,402.61,124.02,Completed
ORD_4380,CUST_72,2024-05-14,Event Ticket,TikTok,286.96,107.4,Completed
ORD_4381,CUST_884,2024-08-29,Media Package,Partnership,135.88,74.2,Completed
ORD_4382,CUST_1220,2024-11-25,Media Package,Instagram,171.8,91.0,Completed
ORD_4383,CUST_1040,2024-04-22,Media Package,LinkedIn,379.16,173.49,Completed
ORD_4384,CUST_1427,2024-01-08,Creative Studio,Instagram,86.63,27.46,Completed
ORD_4385,CUST_843,2025-05-19,Event Ticket,Partnership,175.17,96.17,Completed
ORD_4386,CUST_425,2025-01-26,Workshop,Event Walk-in,438.51,268.32,Completed
ORD_4387,CUST_866,2024-08-01,Corporate Package,Google Search,300.96,158.5,Completed
ORD_4388,CUST_321,2025-03-16,Creative Studio,Google Search,359.81,218.59,Completed
ORD_4389,CUST_394,2024-02-28,Event Ticket,Partnership,188.19,82.63,Completed
ORD_4390,CUST_120,2024-10-23,Partner Offer,Partnership,488.24,340.8,Completed
ORD_4391,CUST_649,2025-06-16,Creative Studio,Referral,45.07,29.81,Completed
ORD_4392,CUST_1047,2025-01-02,Workshop,Instagram,491.79,197.73,Completed
ORD_4393,CUST_227,2024-06-24,Partner Offer,Instagram,82.85,28.57,Completed
ORD_4394,CUST_608,2025-03-23,Media Package,Event Walk-in,392.24,139.2,Completed
ORD_4395,CUST_558,2025-02-18,Workshop,TikTok,378.11,246.85,Completed
ORD_4396,CUST_113,2025-06-04,Membership,Instagram,359.59,158.34,Completed
ORD_4397,CUST_1003,2024-06-21,Creative Studio,Event Walk-in,299.17,188.38,Refunded
ORD_4398,CUST_298,2024-11-22,Workshop,Instagram,29.22,15.28,Completed
ORD_4399,CUST_1496,2025-02-05,Event Ticket,LinkedIn,78.46,49.24,Completed
ORD_4400,CUST_565,2024-07-06,Corporate Package,Instagram,64.84,43.64,Completed
ORD_4401,CUST_1132,2024-04-18,Media Package,Referral,113.12,40.21,Completed
ORD_4402,CUST_813,2025-02-19,Event Ticket,Event Walk-in,212.66,143.07,Refunded
ORD_4403,CUST_988,2024-11-03,Creative Studio,Partnership,267.5,101.13,Completed
ORD_4404,CUST_632,2024-07-12,Media Package,Event Walk-in,346.27,131.58,Completed
ORD_4405,CUST_1138,2024-07-03,Media Package,Partnership,187.49,67.21,Completed
ORD_4406,CUST_694,2024-06-22,Workshop,LinkedIn,148.21,69.43,Completed
ORD_4407,CUST_1077,2024-10-07,Event Ticket,Partnership,430.42,130.31,Completed
ORD_4408,CUST_1187,2024-06-28,Media Package,LinkedIn,200.67,130.55,Completed
ORD_4409,CUST_733,2025-03-03,Creative Studio,Instagram,259.32,110.3,Completed
ORD_4410,CUST_551,2025-03-30,Event Ticket,Event Walk-in,416.13,214.45,Completed
ORD_4411,CUST_1164,2024-01-01,Membership,Referral,320.14,133.17,Completed
ORD_4412,CUST_698,2024-12-16,Workshop,Instagram,65.77,43.02,Completed
ORD_4413,CUST_1465,2025-01-04,Creative Studio,Instagram,104.87,70.35,Completed
ORD_4414,CUST_920,2025-05-03,Corporate Package,TikTok,313.88,146.26,Completed
ORD_4415,CUST_1232,2024-01-20,Media Package,Instagram,316.97,210.32,Completed
ORD_4416,CUST_428,2024-02-21,Workshop,Event Walk-in,20.85,9.85,Completed
ORD_4417,CUST_499,2024-08-12,Membership,Instagram,256.45,105.58,Completed
ORD_4418,CUST_1050,2024-06-30,Event Ticket,TikTok,356.15,233.08,Completed
ORD_4419,CUST_1236,2025-04-19,Event Ticket,Instagram,425.91,236.02,Refunded
ORD_4420,CUST_511,2024-08-15,Creative Studio,Instagram,490.97,192.35,Completed
ORD_4421,CUST_1214,2024-02-17,Creative Studio,Event Walk-in,492.77,242.83,Completed
ORD_4422,CUST_1225,2025-06-25,Event Ticket,Partnership,488.33,301.08,Completed
ORD_4423,CUST_797,2024-02-08,Creative Studio,LinkedIn,395.74,129.48,Completed
ORD_4424,CUST_1209,2024-04-23,Partner Offer,Instagram,479.58,154.43,Completed
ORD_4425,CUST_440,2024-02-26,Media Package,Partnership,458.4,139.42,Completed
ORD_4426,CUST_354,2024-05-12,Creative Studio,Google Search,170.85,59.2,Completed
ORD_4427,CUST_375,2025-06-22,Media Package,Instagram,57.18,26.55,Completed
ORD_4428,CUST_354,2024-01-16,Media Package,Google Search,427.09,176.6,Completed
ORD_4429,CUST_1364,2024-06-26,Membership,Event Walk-in,284.33,104.88,Completed
ORD_4430,CUST_514,2025-03-31,Workshop,Referral,323.15,111.46,Completed
ORD_4431,CUST_488,2024-08-16,Media Package,Event Walk-in,194.12,87.81,Completed
ORD_4432,CUST_622,2024-07-21,Workshop,Event Walk-in,93.1,46.09,Completed
ORD_4433,CUST_309,2024-09-22,Membership,Event Walk-in,478.15,323.46,Completed
ORD_4434,CUST_1464,2025-03-21,Membership,Event Walk-in,187.73,57.97,Refunded
ORD_4435,CUST_616,2024-04-11,Creative Studio,Instagram,241.14,129.35,Completed
ORD_4436,CUST_653,2024-10-21,Event Ticket,TikTok,491.3,155.85,Completed
ORD_4437,CUST_1443,2025-04-15,Event Ticket,Event Walk-in,28.24,18.47,Completed
ORD_4438,CUST_1074,2025-02-01,Media Package,Instagram,453.11,140.42,Completed
ORD_4439,CUST_1020,2025-03-06,Corporate Package,Partnership,371.93,238.44,Completed
ORD_4440,CUST_572,2025-03-08,Corporate Package,Instagram,212.14,106.74,Completed
ORD_4441,CUST_1341,2024-09-14,Media Package,TikTok,215.03,98.87,Completed
ORD_4442,CUST_2,2024-02-16,Workshop,Google Search,185.46,92.56,Refunded
ORD_4443,CUST_740,2024-03-12,Media Package,Instagram,369.95,128.49,Refunded
ORD_4444,CUST_159,2024-04-12,Media Package,Event Walk-in,69.64,25.2,Completed
ORD_4445,CUST_908,2024-03-29,Corporate Package,Google Search,495.64,183.23,Completed
ORD_4446,CUST_251,2024-07-12,Event Ticket,TikTok,213.34,113.88,Completed
ORD_4447,CUST_295,2024-02-12,Corporate Package,Partnership,445.5,252.17,Completed
ORD_4448,CUST_82,2024-08-12,Creative Studio,Referral,308.96,123.05,Completed
ORD_4449,CUST_1367,2024-09-30,Event Ticket,Partnership,464.57,152.41,Completed
ORD_4450,CUST_1056,2024-08-12,Membership,Instagram,466.15,173.06,Completed
ORD_4451,CUST_1045,2024-12-09,Workshop,Event Walk-in,113.7,45.14,Completed
ORD_4452,CUST_670,2025-02-02,Media Package,TikTok,247.63,78.26,Completed
ORD_4453,CUST_1077,2024-01-12,Event Ticket,Partnership,281.69,133.93,Refunded
ORD_4454,CUST_1281,2025-01-13,Workshop,Instagram,152.95,65.36,Completed
ORD_4455,CUST_228,2024-05-20,Creative Studio,Instagram,26.88,15.27,Completed
ORD_4456,CUST_474,2024-10-14,Media Package,TikTok,236.37,130.09,Completed
ORD_4457,CUST_264,2025-06-12,Creative Studio,Instagram,92.19,40.81,Completed
ORD_4458,CUST_1302,2024-03-05,Media Package,Instagram,111.5,63.7,Cancelled
ORD_4459,CUST_1285,2024-01-04,Media Package,LinkedIn,471.17,177.77,Completed
ORD_4460,CUST_1304,2024-12-11,Media Package,Instagram,458.61,237.34,Completed
ORD_4461,CUST_1044,2024-10-01,Event Ticket,Google Search,262.15,117.24,Completed
ORD_4462,CUST_857,2024-10-12,Membership,Event Walk-in,234.87,132.88,Completed
ORD_4463,CUST_181,2024-01-17,Corporate Package,Partnership,303.62,141.48,Completed
ORD_4464,CUST_332,2024-08-13,Media Package,Instagram,434.06,182.57,Completed
ORD_4465,CUST_646,2025-03-13,Event Ticket,LinkedIn,108.5,68.08,Completed
ORD_4466,CUST_548,2025-02-24,Workshop,Event Walk-in,449.36,161.47,Completed
ORD_4467,CUST_890,2025-04-11,Media Package,TikTok,131.04,79.72,Refunded
ORD_4468,CUST_1366,2024-09-25,Membership,LinkedIn,147.76,86.8,Completed
ORD_4469,CUST_6,2025-02-09,Media Package,Instagram,244.26,126.84,Completed
ORD_4470,CUST_1458,2025-04-07,Corporate Package,Partnership,317.0,190.63,Cancelled
ORD_4471,CUST_355,2024-12-25,Corporate Package,Instagram,98.72,66.53,Completed
ORD_4472,CUST_726,2025-02-28,Corporate Package,TikTok,291.66,118.61,Completed
ORD_4473,CUST_235,2025-02-01,Workshop,TikTok,263.87,171.9,Completed
ORD_4474,CUST_536,2024-03-09,Creative Studio,Instagram,232.43,141.99,Completed
ORD_4475,CUST_1400,2024-03-30,Media Package,LinkedIn,33.67,21.63,Completed
ORD_4476,CUST_456,2024-02-04,Partner Offer,Event Walk-in,463.61,287.58,Completed
ORD_4477,CUST_325,2025-05-01,Partner Offer,LinkedIn,313.55,139.85,Completed
ORD_4478,CUST_529,2024-04-22,Event Ticket,Instagram,273.87,146.62,Completed
ORD_4479,CUST_426,2024-12-08,Event Ticket,Event Walk-in,473.66,150.67,Completed
ORD_4480,CUST_889,2025-01-29,Event Ticket,Event Walk-in,459.72,287.29,Cancelled
ORD_4481,CUST_1486,2025-01-07,Creative Studio,Event Walk-in,230.03,150.11,Refunded
ORD_4482,CUST_1474,2024-02-04,Creative Studio,Instagram,200.18,100.15,Completed
ORD_4483,CUST_417,2024-09-10,Creative Studio,Event Walk-in,393.24,135.38,Refunded
ORD_4484,CUST_124,2025-06-05,Membership,TikTok,428.24,179.35,Completed
ORD_4485,CUST_485,2025-05-09,Media Package,Google Search,422.11,252.58,Completed
ORD_4486,CUST_1274,2024-01-23,Workshop,LinkedIn,131.48,91.61,Completed
ORD_4487,CUST_419,2024-05-03,Media Package,Instagram,349.6,242.13,Completed
ORD_4488,CUST_475,2024-07-06,Creative Studio,Google Search,491.66,207.06,Refunded
ORD_4489,CUST_728,2025-05-01,Partner Offer,Partnership,109.39,44.02,Completed
ORD_4490,CUST_1214,2024-03-24,Media Package,Event Walk-in,131.58,91.75,Completed
ORD_4491,CUST_767,2025-04-07,Media Package,Instagram,99.41,57.1,Completed
ORD_4492,CUST_643,2024-12-02,Membership,LinkedIn,236.06,159.13,Completed
ORD_4493,CUST_711,2024-02-17,Creative Studio,Event Walk-in,50.89,26.59,Completed
ORD_4494,CUST_698,2025-02-28,Membership,Instagram,302.03,196.18,Completed
ORD_4495,CUST_1483,2024-06-22,Media Package,Google Search,111.86,63.25,Completed
ORD_4496,CUST_532,2025-05-30,Workshop,Instagram,465.89,291.0,Cancelled
ORD_4497,CUST_1446,2024-01-25,Workshop,Event Walk-in,90.31,53.42,Completed
ORD_4498,CUST_748,2024-11-26,Corporate Package,Event Walk-in,129.22,65.91,Completed
ORD_4499,CUST_678,2024-11-05,Media Package,LinkedIn,186.0,116.11,Completed
ORD_4500,CUST_151,2024-04-30,Media Package,Referral,470.51,300.96,Completed
ORD_4501,CUST_441,2025-03-08,Workshop,LinkedIn,305.77,136.24,Completed
ORD_4502,CUST_390,2025-02-15,Media Package,Instagram,222.28,84.65,Completed
ORD_4503,CUST_1246,2025-02-20,Creative Studio,TikTok,454.93,308.48,Completed
ORD_4504,CUST_809,2024-03-03,Workshop,Event Walk-in,412.36,240.19,Completed
ORD_4505,CUST_1275,2024-06-15,Media Package,Instagram,294.75,196.88,Cancelled
ORD_4506,CUST_1293,2024-01-16,Media Package,Event Walk-in,74.4,32.41,Refunded
ORD_4507,CUST_992,2024-06-30,Workshop,Google Search,448.85,147.03,Completed
ORD_4508,CUST_696,2024-03-23,Media Package,LinkedIn,144.52,100.64,Completed
ORD_4509,CUST_1032,2024-06-12,Media Package,Google Search,308.19,157.78,Completed
ORD_4510,CUST_240,2025-03-04,Media Package,Event Walk-in,81.09,40.28,Cancelled
ORD_4511,CUST_685,2024-07-27,Workshop,Instagram,64.51,27.63,Completed
ORD_4512,CUST_1449,2024-04-02,Media Package,Event Walk-in,166.94,93.19,Refunded
ORD_4513,CUST_832,2024-01-07,Media Package,Instagram,474.16,320.88,Completed
ORD_4514,CUST_662,2024-11-11,Media Package,Event Walk-in,470.31,232.49,Completed
ORD_4515,CUST_58,2024-10-25,Event Ticket,Event Walk-in,237.69,135.98,Completed
ORD_4516,CUST_600,2024-08-28,Partner Offer,Instagram,53.32,24.8,Completed
ORD_4517,CUST_598,2024-08-31,Partner Offer,Instagram,282.12,169.11,Completed
ORD_4518,CUST_735,2024-01-20,Event Ticket,Event Walk-in,243.02,111.19,Completed
ORD_4519,CUST_1466,2025-03-04,Creative Studio,Instagram,88.84,40.3,Cancelled
ORD_4520,CUST_1283,2024-07-02,Event Ticket,Instagram,118.75,56.0,Completed
ORD_4521,CUST_1133,2025-03-25,Membership,Instagram,290.09,90.41,Completed
ORD_4522,CUST_1247,2025-06-27,Event Ticket,Instagram,86.96,26.99,Cancelled
ORD_4523,CUST_656,2024-08-25,Media Package,Referral,301.44,181.82,Completed
ORD_4524,CUST_788,2024-10-11,Media Package,Instagram,356.96,193.22,Completed
ORD_4525,CUST_105,2024-02-25,Media Package,Event Walk-in,394.93,172.7,Completed
ORD_4526,CUST_331,2024-03-18,Media Package,Instagram,410.4,287.03,Completed
ORD_4527,CUST_173,2025-02-28,Media Package,Partnership,123.7,76.93,Refunded
ORD_4528,CUST_1212,2024-01-06,Creative Studio,Event Walk-in,219.17,104.3,Completed
ORD_4529,CUST_1414,2024-10-04,Media Package,Event Walk-in,466.83,297.82,Completed
ORD_4530,CUST_796,2024-12-17,Corporate Package,Instagram,272.13,169.67,Completed
ORD_4531,CUST_268,2024-02-23,Event Ticket,Partnership,146.43,82.38,Completed
ORD_4532,CUST_326,2024-09-15,Corporate Package,LinkedIn,282.48,153.63,Completed
ORD_4533,CUST_37,2024-05-25,Partner Offer,TikTok,32.68,18.93,Completed
ORD_4534,CUST_1073,2024-04-05,Creative Studio,LinkedIn,30.31,17.98,Completed
ORD_4535,CUST_1180,2025-04-04,Workshop,Partnership,365.57,228.38,Completed
ORD_4536,CUST_726,2024-02-25,Partner Offer,TikTok,457.07,301.22,Cancelled
ORD_4537,CUST_916,2025-02-26,Media Package,TikTok,274.51,143.78,Completed
ORD_4538,CUST_470,2024-02-19,Membership,TikTok,356.38,176.93,Completed
ORD_4539,CUST_1176,2024-02-02,Media Package,Event Walk-in,51.38,24.42,Refunded
ORD_4540,CUST_596,2024-03-08,Media Package,Instagram,295.61,196.75,Completed
ORD_4541,CUST_1178,2025-06-25,Event Ticket,Instagram,234.86,83.27,Refunded
ORD_4542,CUST_718,2024-06-27,Media Package,TikTok,479.53,328.44,Completed
ORD_4543,CUST_1416,2024-11-02,Corporate Package,Instagram,338.2,180.13,Completed
ORD_4544,CUST_1291,2024-01-31,Media Package,TikTok,333.65,111.78,Completed
ORD_4545,CUST_721,2024-05-30,Media Package,Event Walk-in,309.42,114.0,Completed
ORD_4546,CUST_67,2024-12-13,Partner Offer,TikTok,336.97,207.57,Completed
ORD_4547,CUST_641,2025-04-23,Media Package,Instagram,114.31,37.78,Completed
ORD_4548,CUST_9,2025-03-05,Media Package,Instagram,256.57,130.64,Completed
ORD_4549,CUST_1058,2024-04-25,Media Package,Referral,89.56,57.15,Refunded
ORD_4550,CUST_641,2025-01-29,Corporate Package,Instagram,132.02,86.8,Completed
ORD_4551,CUST_894,2025-04-28,Creative Studio,Event Walk-in,29.46,12.34,Completed
ORD_4552,CUST_1025,2024-02-03,Media Package,Instagram,31.66,17.54,Completed
ORD_4553,CUST_899,2024-09-02,Media Package,Instagram,76.6,42.22,Completed
ORD_4554,CUST_483,2024-06-28,Partner Offer,Google Search,331.95,176.08,Completed
ORD_4555,CUST_955,2024-09-27,Membership,Event Walk-in,497.37,215.98,Completed
ORD_4556,CUST_979,2025-01-25,Media Package,LinkedIn,21.67,6.95,Completed
ORD_4557,CUST_112,2024-09-16,Creative Studio,TikTok,183.62,93.12,Completed
ORD_4558,CUST_748,2025-05-11,Corporate Package,Event Walk-in,377.95,192.27,Completed
ORD_4559,CUST_1153,2024-01-12,Workshop,Partnership,359.96,119.28,Completed
ORD_4560,CUST_624,2024-05-26,Membership,Event Walk-in,194.9,130.35,Completed
ORD_4561,CUST_356,2025-01-17,Membership,Event Walk-in,96.04,51.46,Completed
ORD_4562,CUST_122,2024-04-02,Partner Offer,Instagram,149.37,82.33,Completed
ORD_4563,CUST_1319,2024-08-16,Media Package,Event Walk-in,261.84,99.07,Completed
ORD_4564,CUST_1354,2024-07-06,Media Package,Instagram,123.89,59.81,Completed
ORD_4565,CUST_1374,2025-04-07,Creative Studio,Instagram,443.91,173.33,Completed
ORD_4566,CUST_1433,2024-03-01,Membership,Event Walk-in,260.05,82.63,Completed
ORD_4567,CUST_1440,2025-04-04,Event Ticket,Instagram,425.42,208.8,Refunded
ORD_4568,CUST_1291,2024-10-27,Membership,TikTok,278.31,89.54,Completed
ORD_4569,CUST_92,2024-11-11,Event Ticket,Instagram,372.47,121.28,Completed
ORD_4570,CUST_1066,2025-03-11,Membership,LinkedIn,68.49,20.67,Completed
ORD_4571,CUST_813,2025-06-29,Workshop,Event Walk-in,66.87,41.2,Completed
ORD_4572,CUST_290,2024-10-12,Media Package,Event Walk-in,478.9,260.99,Cancelled
ORD_4573,CUST_1202,2025-02-13,Workshop,Event Walk-in,183.92,88.96,Completed
ORD_4574,CUST_512,2025-06-06,Media Package,Event Walk-in,30.35,18.71,Completed
ORD_4575,CUST_181,2025-04-07,Partner Offer,Partnership,101.97,52.31,Completed
ORD_4576,CUST_849,2025-01-13,Membership,TikTok,411.82,214.33,Completed
ORD_4577,CUST_125,2025-02-24,Event Ticket,Event Walk-in,120.64,65.46,Completed
ORD_4578,CUST_315,2024-05-10,Membership,LinkedIn,267.16,88.74,Completed
ORD_4579,CUST_606,2025-02-16,Workshop,Event Walk-in,304.54,98.41,Completed
ORD_4580,CUST_201,2025-06-25,Creative Studio,Instagram,122.07,51.17,Completed
ORD_4581,CUST_1259,2024-05-12,Creative Studio,Google Search,471.92,154.32,Completed
ORD_4582,CUST_869,2025-05-11,Partner Offer,LinkedIn,43.78,22.39,Refunded
ORD_4583,CUST_1264,2024-06-27,Event Ticket,Event Walk-in,40.89,21.55,Completed
ORD_4584,CUST_838,2024-09-19,Membership,Event Walk-in,169.68,117.93,Completed
ORD_4585,CUST_30,2024-07-07,Event Ticket,Partnership,469.07,305.61,Completed
ORD_4586,CUST_749,2024-05-11,Event Ticket,Instagram,456.33,209.01,Completed
ORD_4587,CUST_917,2024-03-15,Partner Offer,Google Search,420.85,218.01,Refunded
ORD_4588,CUST_568,2025-02-21,Event Ticket,Event Walk-in,300.27,169.88,Refunded
ORD_4589,CUST_874,2025-01-21,Media Package,TikTok,440.03,244.48,Completed
ORD_4590,CUST_1063,2024-06-07,Media Package,Instagram,296.05,93.31,Completed
ORD_4591,CUST_391,2024-09-10,Membership,TikTok,254.37,80.59,Completed
ORD_4592,CUST_1021,2025-05-03,Corporate Package,TikTok,208.68,73.09,Completed
ORD_4593,CUST_550,2025-06-11,Media Package,LinkedIn,479.6,225.38,Completed
ORD_4594,CUST_387,2024-07-10,Creative Studio,Event Walk-in,469.79,171.85,Completed
ORD_4595,CUST_468,2024-01-13,Creative Studio,LinkedIn,425.6,256.36,Completed
ORD_4596,CUST_411,2025-06-21,Event Ticket,TikTok,485.86,333.36,Completed
ORD_4597,CUST_81,2024-09-14,Corporate Package,LinkedIn,421.98,136.98,Completed
ORD_4598,CUST_552,2024-04-07,Creative Studio,Instagram,266.45,174.26,Completed
ORD_4599,CUST_831,2024-07-13,Partner Offer,LinkedIn,292.57,173.85,Completed
ORD_4600,CUST_1098,2024-06-07,Partner Offer,Instagram,217.32,104.93,Completed
ORD_4601,CUST_747,2024-01-31,Event Ticket,LinkedIn,148.4,65.32,Completed
ORD_4602,CUST_707,2024-10-31,Event Ticket,Instagram,68.31,33.8,Cancelled
ORD_4603,CUST_1269,2025-04-22,Partner Offer,Instagram,426.53,220.08,Completed
ORD_4604,CUST_999,2024-03-09,Partner Offer,Instagram,253.63,177.03,Completed
ORD_4605,CUST_725,2024-08-20,Corporate Package,Instagram,49.66,32.2,Refunded
ORD_4606,CUST_1375,2024-03-13,Membership,TikTok,263.98,100.24,Completed
ORD_4607,CUST_222,2024-07-28,Media Package,Partnership,147.9,89.01,Completed
ORD_4608,CUST_189,2024-11-25,Event Ticket,Partnership,123.27,75.81,Completed
ORD_4609,CUST_778,2025-04-26,Event Ticket,LinkedIn,133.04,83.99,Completed
ORD_4610,CUST_120,2025-03-21,Media Package,Partnership,109.14,71.1,Completed
ORD_4611,CUST_779,2025-01-27,Membership,Event Walk-in,54.65,33.81,Completed
ORD_4612,CUST_262,2024-05-18,Membership,Instagram,390.37,147.17,Completed
ORD_4613,CUST_1261,2024-06-03,Event Ticket,Instagram,74.65,35.14,Completed
ORD_4614,CUST_56,2024-12-10,Corporate Package,Instagram,199.88,87.85,Completed
ORD_4615,CUST_953,2025-05-11,Partner Offer,Event Walk-in,189.6,60.98,Completed
ORD_4616,CUST_118,2024-04-14,Media Package,Event Walk-in,196.34,100.63,Completed
ORD_4617,CUST_1008,2025-02-14,Event Ticket,TikTok,39.32,14.68,Refunded
ORD_4618,CUST_460,2024-02-04,Media Package,Event Walk-in,237.83,79.31,Refunded
ORD_4619,CUST_1160,2025-02-15,Media Package,Instagram,378.14,207.71,Refunded
ORD_4620,CUST_724,2024-03-28,Media Package,Referral,470.75,169.05,Completed
ORD_4621,CUST_35,2024-01-03,Creative Studio,Instagram,59.92,34.51,Completed
ORD_4622,CUST_380,2024-04-12,Partner Offer,Event Walk-in,365.05,135.54,Completed
ORD_4623,CUST_144,2024-12-07,Partner Offer,Event Walk-in,405.63,241.35,Completed
ORD_4624,CUST_348,2024-10-24,Corporate Package,Instagram,460.36,256.42,Completed
ORD_4625,CUST_1234,2024-09-10,Workshop,Referral,39.17,12.93,Completed
ORD_4626,CUST_299,2024-09-20,Event Ticket,Instagram,297.11,191.73,Completed
ORD_4627,CUST_1313,2024-08-18,Partner Offer,Referral,492.49,262.31,Completed
ORD_4628,CUST_944,2025-05-08,Media Package,Instagram,96.71,35.52,Completed
ORD_4629,CUST_956,2025-02-18,Event Ticket,Instagram,409.45,261.5,Completed
ORD_4630,CUST_24,2025-05-16,Media Package,Partnership,347.5,128.31,Completed
ORD_4631,CUST_333,2024-03-16,Media Package,Instagram,388.27,140.62,Cancelled
ORD_4632,CUST_675,2024-03-04,Membership,Instagram,136.11,53.41,Completed
ORD_4633,CUST_1076,2024-07-02,Partner Offer,LinkedIn,203.58,140.64,Completed
ORD_4634,CUST_620,2024-12-07,Corporate Package,Instagram,313.33,204.75,Completed
ORD_4635,CUST_609,2024-03-13,Media Package,Instagram,43.9,22.76,Completed
ORD_4636,CUST_613,2024-07-17,Membership,Instagram,84.02,33.27,Completed
ORD_4637,CUST_298,2024-11-01,Workshop,Instagram,70.61,32.26,Completed
ORD_4638,CUST_982,2024-11-13,Membership,Instagram,374.42,133.62,Completed
ORD_4639,CUST_1411,2024-01-01,Workshop,Referral,225.2,96.45,Completed
ORD_4640,CUST_614,2024-01-27,Creative Studio,TikTok,387.84,235.44,Cancelled
ORD_4641,CUST_197,2025-03-01,Corporate Package,TikTok,342.29,223.26,Completed
ORD_4642,CUST_1244,2024-11-18,Partner Offer,TikTok,395.25,238.85,Refunded
ORD_4643,CUST_1449,2024-01-06,Media Package,Event Walk-in,268.16,132.56,Completed
ORD_4644,CUST_445,2024-11-25,Event Ticket,Instagram,363.6,175.65,Completed
ORD_4645,CUST_1133,2024-03-14,Workshop,Instagram,90.41,37.01,Completed
ORD_4646,CUST_167,2024-12-31,Event Ticket,Instagram,241.85,90.5,Completed
ORD_4647,CUST_163,2024-06-19,Corporate Package,Event Walk-in,491.07,236.88,Completed
ORD_4648,CUST_468,2024-03-21,Membership,LinkedIn,97.55,38.6,Completed
ORD_4649,CUST_797,2024-09-18,Event Ticket,LinkedIn,219.9,81.99,Completed
ORD_4650,CUST_1418,2024-12-28,Media Package,Instagram,405.21,200.93,Completed
ORD_4651,CUST_1211,2024-03-21,Media Package,Instagram,394.24,154.07,Completed
ORD_4652,CUST_1491,2024-11-24,Corporate Package,Partnership,249.41,97.12,Completed
ORD_4653,CUST_344,2024-10-04,Media Package,Instagram,68.29,35.95,Completed
ORD_4654,CUST_1075,2025-01-09,Membership,Referral,242.35,107.67,Completed
ORD_4655,CUST_207,2025-02-11,Event Ticket,Instagram,305.03,208.72,Completed
ORD_4656,CUST_515,2025-04-29,Event Ticket,Event Walk-in,72.05,22.88,Completed
ORD_4657,CUST_1150,2024-09-08,Corporate Package,TikTok,449.62,223.61,Completed
ORD_4658,CUST_1462,2024-11-14,Creative Studio,Instagram,476.19,161.37,Completed
ORD_4659,CUST_205,2024-10-09,Partner Offer,Event Walk-in,333.52,214.94,Cancelled
ORD_4660,CUST_663,2024-09-11,Media Package,Instagram,182.78,57.51,Completed
ORD_4661,CUST_292,2024-06-02,Event Ticket,TikTok,332.46,217.56,Completed
ORD_4662,CUST_1046,2024-01-25,Media Package,TikTok,196.67,118.7,Completed
ORD_4663,CUST_360,2025-02-07,Workshop,Instagram,40.19,20.58,Completed
ORD_4664,CUST_631,2024-02-10,Membership,Event Walk-in,127.43,41.34,Completed
ORD_4665,CUST_1101,2025-02-12,Media Package,Instagram,41.49,22.33,Completed
ORD_4666,CUST_26,2024-01-22,Media Package,LinkedIn,158.52,87.38,Completed
ORD_4667,CUST_409,2024-01-13,Event Ticket,LinkedIn,351.08,125.35,Completed
ORD_4668,CUST_1135,2024-12-12,Event Ticket,Instagram,229.63,134.94,Refunded
ORD_4669,CUST_1299,2024-10-16,Media Package,LinkedIn,326.0,132.45,Completed
ORD_4670,CUST_1280,2024-07-30,Corporate Package,Partnership,409.9,167.28,Completed
ORD_4671,CUST_506,2024-12-16,Media Package,Event Walk-in,105.24,70.0,Completed
ORD_4672,CUST_657,2024-02-26,Partner Offer,TikTok,350.11,204.41,Completed
ORD_4673,CUST_248,2025-04-24,Membership,TikTok,428.63,139.99,Refunded
ORD_4674,CUST_433,2025-05-30,Partner Offer,Instagram,323.82,160.57,Refunded
ORD_4675,CUST_1055,2025-03-18,Media Package,TikTok,361.8,135.04,Completed
ORD_4676,CUST_1432,2025-05-09,Partner Offer,Partnership,432.33,222.67,Completed
ORD_4677,CUST_1037,2024-06-21,Event Ticket,Instagram,448.09,299.01,Completed
ORD_4678,CUST_719,2024-04-30,Media Package,Instagram,138.85,49.21,Completed
ORD_4679,CUST_77,2024-10-15,Corporate Package,TikTok,287.55,192.9,Completed
ORD_4680,CUST_754,2024-07-23,Media Package,Event Walk-in,33.51,23.27,Refunded
ORD_4681,CUST_435,2025-02-03,Creative Studio,Instagram,191.6,76.51,Completed
ORD_4682,CUST_47,2024-10-09,Media Package,Google Search,174.53,91.38,Completed
ORD_4683,CUST_795,2024-12-17,Event Ticket,Instagram,440.82,190.28,Completed
ORD_4684,CUST_1004,2024-07-09,Media Package,Google Search,243.09,104.77,Completed
ORD_4685,CUST_733,2025-02-16,Event Ticket,Instagram,410.07,264.3,Cancelled
ORD_4686,CUST_771,2024-06-11,Event Ticket,Event Walk-in,47.4,27.02,Completed
ORD_4687,CUST_322,2025-04-26,Media Package,Instagram,355.99,128.79,Completed
ORD_4688,CUST_1297,2024-10-06,Creative Studio,Google Search,83.71,53.29,Completed
ORD_4689,CUST_777,2025-05-06,Media Package,Instagram,435.29,238.18,Cancelled
ORD_4690,CUST_887,2024-02-28,Corporate Package,Partnership,24.9,11.81,Completed
ORD_4691,CUST_985,2024-05-20,Partner Offer,Instagram,432.05,279.57,Refunded
ORD_4692,CUST_289,2024-03-22,Creative Studio,Partnership,96.2,38.35,Completed
ORD_4693,CUST_1340,2025-02-03,Workshop,TikTok,434.92,149.57,Completed
ORD_4694,CUST_1487,2024-12-13,Media Package,Partnership,410.59,150.01,Completed
ORD_4695,CUST_1296,2025-03-07,Corporate Package,TikTok,294.75,175.1,Completed
ORD_4696,CUST_884,2025-01-31,Partner Offer,Partnership,138.47,54.65,Completed
ORD_4697,CUST_990,2025-02-21,Event Ticket,Google Search,52.06,16.06,Completed
ORD_4698,CUST_1297,2025-01-19,Partner Offer,Google Search,214.23,76.03,Completed
ORD_4699,CUST_285,2024-01-14,Event Ticket,Instagram,469.36,241.53,Completed
ORD_4700,CUST_1429,2024-11-04,Event Ticket,Instagram,160.16,74.7,Completed
ORD_4701,CUST_303,2025-04-04,Event Ticket,Instagram,299.65,107.68,Refunded
ORD_4702,CUST_663,2025-06-13,Creative Studio,Instagram,46.72,22.1,Completed
ORD_4703,CUST_1217,2024-02-23,Creative Studio,Instagram,204.48,99.47,Completed
ORD_4704,CUST_392,2025-02-09,Membership,Referral,109.2,37.0,Completed
ORD_4705,CUST_488,2025-01-14,Event Ticket,Event Walk-in,248.87,101.51,Completed
ORD_4706,CUST_1427,2024-03-30,Media Package,Instagram,124.87,86.52,Completed
ORD_4707,CUST_935,2024-01-09,Media Package,Event Walk-in,477.67,161.35,Completed
ORD_4708,CUST_422,2024-01-12,Corporate Package,Event Walk-in,140.99,56.8,Completed
ORD_4709,CUST_577,2024-05-01,Partner Offer,Instagram,264.92,100.61,Completed
ORD_4710,CUST_1060,2024-08-30,Media Package,Google Search,153.38,74.91,Completed
ORD_4711,CUST_1245,2024-05-18,Event Ticket,Partnership,441.98,158.18,Completed
ORD_4712,CUST_1426,2024-06-10,Media Package,Referral,31.19,13.63,Completed
ORD_4713,CUST_12,2025-04-16,Workshop,Google Search,93.66,51.8,Completed
ORD_4714,CUST_624,2025-01-10,Membership,Event Walk-in,24.05,16.49,Completed
ORD_4715,CUST_580,2024-07-10,Partner Offer,Instagram,195.45,101.23,Completed
ORD_4716,CUST_1335,2025-06-30,Creative Studio,Event Walk-in,415.5,245.95,Completed
ORD_4717,CUST_189,2025-04-19,Creative Studio,Partnership,309.62,136.3,Completed
ORD_4718,CUST_161,2025-05-19,Partner Offer,Event Walk-in,283.67,137.96,Completed
ORD_4719,CUST_1345,2024-09-20,Workshop,Instagram,419.82,220.83,Cancelled
ORD_4720,CUST_1229,2024-05-20,Event Ticket,Instagram,471.28,205.9,Completed
ORD_4721,CUST_1317,2024-10-15,Media Package,Partnership,442.86,137.57,Refunded
ORD_4722,CUST_83,2024-08-18,Media Package,Instagram,83.43,40.99,Completed
ORD_4723,CUST_49,2024-01-17,Media Package,TikTok,316.22,194.81,Completed
ORD_4724,CUST_253,2025-02-02,Creative Studio,Instagram,133.7,85.45,Completed
ORD_4725,CUST_1092,2024-08-04,Membership,TikTok,419.82,222.87,Completed
ORD_4726,CUST_784,2024-10-16,Workshop,TikTok,213.82,75.22,Completed
ORD_4727,CUST_69,2025-02-19,Event Ticket,TikTok,61.98,19.78,Completed
ORD_4728,CUST_1029,2025-01-14,Event Ticket,Google Search,284.87,128.13,Completed
ORD_4729,CUST_371,2025-05-21,Event Ticket,TikTok,474.03,234.23,Completed
ORD_4730,CUST_205,2025-01-24,Event Ticket,Event Walk-in,472.61,167.51,Cancelled
ORD_4731,CUST_763,2025-02-22,Event Ticket,Partnership,306.06,189.53,Completed
ORD_4732,CUST_679,2024-05-22,Creative Studio,LinkedIn,233.91,118.1,Completed
ORD_4733,CUST_1287,2025-04-03,Event Ticket,Event Walk-in,310.8,121.94,Completed
ORD_4734,CUST_1298,2024-06-06,Workshop,Google Search,274.43,82.63,Refunded
ORD_4735,CUST_1015,2025-02-19,Event Ticket,Google Search,478.35,302.48,Completed
ORD_4736,CUST_86,2024-03-05,Creative Studio,Instagram,135.83,41.1,Completed
ORD_4737,CUST_699,2024-03-13,Creative Studio,Instagram,490.21,259.71,Completed
ORD_4738,CUST_306,2024-01-05,Event Ticket,Instagram,97.78,50.34,Completed
ORD_4739,CUST_325,2024-04-02,Creative Studio,LinkedIn,177.97,65.35,Completed
ORD_4740,CUST_602,2024-11-19,Creative Studio,TikTok,288.29,111.03,Completed
ORD_4741,CUST_892,2025-03-26,Media Package,Referral,75.98,43.56,Completed
ORD_4742,CUST_1160,2024-07-02,Membership,Instagram,262.12,93.75,Completed
ORD_4743,CUST_232,2024-09-08,Media Package,Event Walk-in,403.83,230.75,Completed
ORD_4744,CUST_28,2024-09-28,Event Ticket,Event Walk-in,402.78,210.07,Completed
ORD_4745,CUST_763,2024-09-27,Workshop,Partnership,331.66,171.34,Completed
ORD_4746,CUST_1294,2024-04-09,Media Package,Partnership,78.57,38.65,Completed
ORD_4747,CUST_1167,2025-04-23,Media Package,Instagram,414.02,218.42,Completed
ORD_4748,CUST_101,2025-04-16,Event Ticket,Instagram,210.04,68.28,Refunded
ORD_4749,CUST_846,2024-03-22,Workshop,LinkedIn,196.8,128.02,Refunded
ORD_4750,CUST_545,2025-06-28,Creative Studio,TikTok,377.5,251.37,Cancelled
ORD_4751,CUST_911,2024-11-03,Corporate Package,LinkedIn,455.55,245.94,Completed
ORD_4752,CUST_608,2024-08-07,Creative Studio,Event Walk-in,282.82,146.0,Completed
ORD_4753,CUST_1495,2024-05-06,Media Package,Google Search,202.53,74.03,Completed
ORD_4754,CUST_845,2024-11-26,Media Package,LinkedIn,250.83,168.85,Completed
ORD_4755,CUST_632,2025-04-16,Creative Studio,Event Walk-in,125.22,79.36,Cancelled
ORD_4756,CUST_1147,2025-01-18,Media Package,Partnership,245.32,81.28,Completed
ORD_4757,CUST_805,2024-07-09,Partner Offer,Instagram,151.21,85.1,Cancelled
ORD_4758,CUST_1445,2025-05-04,Corporate Package,Instagram,293.17,141.11,Completed
ORD_4759,CUST_183,2024-03-31,Media Package,Google Search,198.66,96.3,Completed
ORD_4760,CUST_49,2024-01-07,Workshop,TikTok,80.05,38.9,Completed
ORD_4761,CUST_679,2024-07-09,Event Ticket,LinkedIn,174.48,89.08,Completed
ORD_4762,CUST_1385,2025-03-18,Media Package,TikTok,296.57,131.08,Completed
ORD_4763,CUST_313,2024-05-27,Media Package,Instagram,296.01,137.73,Completed
ORD_4764,CUST_154,2025-05-05,Membership,Instagram,95.25,39.65,Completed
ORD_4765,CUST_428,2024-08-03,Media Package,Event Walk-in,392.53,237.48,Refunded
ORD_4766,CUST_278,2024-10-23,Membership,TikTok,150.1,82.87,Completed
ORD_4767,CUST_1146,2024-05-16,Creative Studio,Event Walk-in,230.61,132.01,Completed
ORD_4768,CUST_860,2025-02-08,Partner Offer,Google Search,268.48,114.88,Refunded
ORD_4769,CUST_76,2025-04-16,Creative Studio,Event Walk-in,179.62,97.14,Refunded
ORD_4770,CUST_549,2024-07-10,Membership,TikTok,208.61,141.62,Completed
ORD_4771,CUST_1176,2024-08-30,Media Package,Event Walk-in,407.74,225.58,Completed
ORD_4772,CUST_689,2024-08-17,Media Package,TikTok,279.57,181.3,Refunded
ORD_4773,CUST_1095,2024-05-24,Event Ticket,Instagram,235.05,78.52,Completed
ORD_4774,CUST_202,2024-07-05,Event Ticket,Instagram,488.65,217.23,Completed
ORD_4775,CUST_732,2024-01-01,Event Ticket,Event Walk-in,358.34,145.76,Completed
ORD_4776,CUST_11,2024-08-21,Workshop,Instagram,207.02,125.35,Completed
ORD_4777,CUST_1002,2024-10-12,Membership,LinkedIn,349.91,136.04,Completed
ORD_4778,CUST_1200,2024-10-31,Media Package,TikTok,100.29,51.2,Completed
ORD_4779,CUST_491,2025-06-21,Event Ticket,Event Walk-in,167.15,50.44,Completed
ORD_4780,CUST_10,2025-05-09,Creative Studio,Event Walk-in,201.02,84.48,Completed
ORD_4781,CUST_1274,2024-03-27,Creative Studio,LinkedIn,221.68,150.02,Completed
ORD_4782,CUST_1415,2024-12-16,Event Ticket,Google Search,482.62,156.44,Completed
ORD_4783,CUST_467,2025-03-29,Creative Studio,Instagram,356.68,147.12,Completed
ORD_4784,CUST_297,2024-03-12,Membership,Instagram,294.92,179.76,Cancelled
ORD_4785,CUST_1458,2024-05-07,Event Ticket,Partnership,157.4,98.14,Completed
ORD_4786,CUST_1164,2025-02-06,Workshop,Referral,334.77,231.1,Cancelled
ORD_4787,CUST_457,2024-08-06,Media Package,Event Walk-in,250.47,133.99,Completed
ORD_4788,CUST_322,2025-03-18,Partner Offer,Instagram,59.96,24.2,Completed
ORD_4789,CUST_688,2024-06-03,Partner Offer,TikTok,263.88,156.3,Completed
ORD_4790,CUST_812,2025-04-23,Media Package,Instagram,444.18,248.45,Completed
ORD_4791,CUST_718,2024-03-18,Creative Studio,TikTok,29.49,16.81,Completed
ORD_4792,CUST_1291,2024-02-04,Partner Offer,TikTok,128.99,80.57,Completed
ORD_4793,CUST_815,2024-11-01,Workshop,Referral,39.25,21.46,Completed
ORD_4794,CUST_1000,2025-03-29,Event Ticket,Partnership,196.23,78.05,Completed
ORD_4795,CUST_1020,2024-02-23,Membership,Partnership,93.52,34.08,Completed
ORD_4796,CUST_914,2024-12-09,Media Package,Event Walk-in,332.14,143.05,Completed
ORD_4797,CUST_436,2025-05-30,Workshop,Partnership,203.19,65.54,Completed
ORD_4798,CUST_977,2024-10-21,Event Ticket,Instagram,405.61,243.09,Completed
ORD_4799,CUST_1237,2025-04-29,Workshop,Instagram,36.84,12.88,Completed
ORD_4800,CUST_800,2024-02-24,Event Ticket,Event Walk-in,404.96,279.68,Completed
ORD_4801,CUST_698,2024-01-19,Media Package,Instagram,332.6,116.06,Refunded
ORD_4802,CUST_1286,2025-04-29,Workshop,TikTok,239.73,150.08,Completed
ORD_4803,CUST_1091,2024-06-20,Creative Studio,Partnership,329.42,138.59,Completed
ORD_4804,CUST_260,2025-01-15,Media Package,TikTok,294.53,125.1,Completed
ORD_4805,CUST_812,2025-03-16,Corporate Package,Instagram,352.62,206.19,Completed
ORD_4806,CUST_849,2024-02-10,Membership,TikTok,214.53,70.79,Completed
ORD_4807,CUST_626,2025-06-04,Media Package,Event Walk-in,487.47,212.88,Completed
ORD_4808,CUST_1307,2025-02-17,Corporate Package,Instagram,228.71,105.49,Completed
ORD_4809,CUST_1196,2025-02-25,Media Package,Event Walk-in,415.74,271.79,Completed
ORD_4810,CUST_1354,2025-04-03,Membership,Instagram,247.91,152.76,Completed
ORD_4811,CUST_846,2024-08-01,Event Ticket,LinkedIn,187.93,113.72,Refunded
ORD_4812,CUST_124,2025-05-11,Workshop,TikTok,458.32,274.28,Completed
ORD_4813,CUST_2,2024-10-11,Corporate Package,Google Search,169.27,53.8,Completed
ORD_4814,CUST_786,2024-03-20,Membership,Event Walk-in,241.45,80.24,Refunded
ORD_4815,CUST_1163,2025-06-02,Creative Studio,TikTok,257.89,78.04,Completed
ORD_4816,CUST_210,2024-11-18,Workshop,Partnership,192.39,105.55,Completed
ORD_4817,CUST_510,2024-10-15,Media Package,Instagram,406.65,225.43,Completed
ORD_4818,CUST_999,2024-07-31,Event Ticket,Instagram,31.47,20.34,Completed
ORD_4819,CUST_917,2025-03-22,Membership,Google Search,311.64,109.43,Completed
ORD_4820,CUST_712,2024-08-15,Partner Offer,TikTok,480.6,161.34,Completed
ORD_4821,CUST_1360,2025-01-25,Event Ticket,Instagram,320.54,180.23,Completed
ORD_4822,CUST_157,2025-06-30,Workshop,LinkedIn,185.36,78.17,Completed
ORD_4823,CUST_961,2024-04-16,Creative Studio,Referral,247.17,154.33,Completed
ORD_4824,CUST_374,2024-12-13,Membership,Instagram,32.09,16.68,Completed
ORD_4825,CUST_294,2024-03-15,Membership,Instagram,438.12,160.79,Completed
ORD_4826,CUST_647,2024-06-16,Event Ticket,LinkedIn,314.78,147.51,Completed
ORD_4827,CUST_162,2025-06-27,Media Package,LinkedIn,93.26,45.58,Completed
ORD_4828,CUST_527,2025-05-24,Creative Studio,TikTok,21.54,14.16,Completed
ORD_4829,CUST_916,2024-06-14,Creative Studio,TikTok,144.38,48.31,Completed
ORD_4830,CUST_253,2025-05-31,Media Package,Instagram,183.15,69.94,Completed
ORD_4831,CUST_518,2025-06-09,Workshop,Google Search,194.66,108.26,Completed
ORD_4832,CUST_529,2024-05-11,Membership,Instagram,131.33,70.62,Completed
ORD_4833,CUST_426,2025-05-09,Event Ticket,Event Walk-in,495.32,207.19,Completed
ORD_4834,CUST_452,2024-10-24,Event Ticket,Google Search,310.58,208.61,Completed
ORD_4835,CUST_1240,2025-01-28,Media Package,Instagram,355.14,183.47,Cancelled
ORD_4836,CUST_1444,2024-07-23,Media Package,Instagram,135.41,82.01,Completed
ORD_4837,CUST_279,2025-01-13,Creative Studio,Event Walk-in,184.36,66.32,Completed
ORD_4838,CUST_669,2024-10-04,Creative Studio,TikTok,77.48,37.43,Completed
ORD_4839,CUST_81,2024-11-28,Media Package,LinkedIn,361.11,244.3,Completed
ORD_4840,CUST_1316,2024-10-02,Media Package,Google Search,267.51,180.22,Completed
ORD_4841,CUST_445,2024-07-16,Corporate Package,Instagram,437.56,136.2,Completed
ORD_4842,CUST_775,2024-01-04,Corporate Package,Event Walk-in,444.28,294.92,Refunded
ORD_4843,CUST_143,2025-03-31,Event Ticket,LinkedIn,210.94,121.47,Completed
ORD_4844,CUST_836,2024-05-02,Event Ticket,Instagram,253.62,128.28,Completed
ORD_4845,CUST_611,2024-05-24,Creative Studio,Instagram,81.67,39.81,Completed
ORD_4846,CUST_245,2024-05-15,Event Ticket,Event Walk-in,196.79,66.62,Completed
ORD_4847,CUST_733,2024-12-30,Partner Offer,Instagram,312.42,152.98,Completed
ORD_4848,CUST_1362,2025-06-02,Creative Studio,Google Search,105.79,70.3,Completed
ORD_4849,CUST_785,2025-05-26,Media Package,Instagram,318.29,119.72,Completed
ORD_4850,CUST_675,2025-02-12,Creative Studio,Instagram,498.97,244.7,Completed
ORD_4851,CUST_1252,2025-01-02,Corporate Package,Google Search,172.95,74.53,Completed
ORD_4852,CUST_832,2024-06-25,Membership,Instagram,26.74,12.92,Completed
ORD_4853,CUST_1410,2024-01-06,Event Ticket,Event Walk-in,70.73,38.33,Completed
ORD_4854,CUST_757,2025-04-02,Creative Studio,Google Search,235.16,146.13,Completed
ORD_4855,CUST_666,2025-02-28,Workshop,LinkedIn,482.24,206.66,Refunded
ORD_4856,CUST_1436,2024-10-25,Media Package,TikTok,264.44,145.76,Completed
ORD_4857,CUST_102,2025-02-28,Creative Studio,Instagram,105.79,33.82,Completed
ORD_4858,CUST_521,2024-04-19,Event Ticket,TikTok,466.55,240.67,Refunded
ORD_4859,CUST_325,2024-11-05,Membership,LinkedIn,342.26,185.14,Completed
ORD_4860,CUST_1266,2025-04-28,Partner Offer,LinkedIn,481.83,187.61,Completed
ORD_4861,CUST_1228,2024-07-25,Membership,TikTok,216.89,116.46,Completed
ORD_4862,CUST_1282,2025-03-12,Event Ticket,Event Walk-in,444.92,199.79,Completed
ORD_4863,CUST_1067,2024-11-21,Workshop,Referral,220.99,141.43,Refunded
ORD_4864,CUST_625,2024-03-06,Media Package,Instagram,139.34,94.08,Cancelled
ORD_4865,CUST_127,2025-02-22,Membership,TikTok,31.72,17.86,Refunded
ORD_4866,CUST_1471,2024-11-01,Workshop,Partnership,131.84,54.01,Completed
ORD_4867,CUST_1063,2024-08-05,Media Package,Instagram,322.13,173.95,Completed
ORD_4868,CUST_951,2024-06-26,Event Ticket,Instagram,470.0,245.24,Completed
ORD_4869,CUST_379,2024-02-19,Media Package,TikTok,469.98,215.1,Completed
ORD_4870,CUST_1029,2024-08-16,Event Ticket,Google Search,76.33,39.81,Completed
ORD_4871,CUST_117,2024-10-11,Workshop,Instagram,26.64,11.96,Completed
ORD_4872,CUST_1481,2024-01-13,Media Package,TikTok,362.13,144.0,Completed
ORD_4873,CUST_1178,2024-03-08,Workshop,Instagram,224.8,146.9,Completed
ORD_4874,CUST_1365,2025-05-11,Corporate Package,LinkedIn,334.0,175.39,Refunded
ORD_4875,CUST_282,2025-05-13,Event Ticket,Google Search,267.18,94.33,Completed
ORD_4876,CUST_561,2024-06-05,Media Package,Instagram,470.09,193.25,Completed
ORD_4877,CUST_434,2025-01-06,Creative Studio,Referral,121.29,42.9,Completed
ORD_4878,CUST_959,2024-01-14,Membership,Instagram,391.36,141.94,Refunded
ORD_4879,CUST_1466,2025-04-20,Membership,Instagram,57.26,38.22,Completed
ORD_4880,CUST_1345,2025-01-21,Workshop,Instagram,136.94,72.9,Completed
ORD_4881,CUST_1247,2025-06-05,Partner Offer,Instagram,248.59,137.49,Completed
ORD_4882,CUST_979,2024-11-25,Media Package,LinkedIn,433.9,174.98,Completed
ORD_4883,CUST_897,2024-08-16,Media Package,Instagram,459.15,303.96,Completed
ORD_4884,CUST_76,2024-12-10,Media Package,Event Walk-in,396.9,230.13,Completed
ORD_4885,CUST_1243,2024-02-16,Event Ticket,Event Walk-in,371.18,124.26,Cancelled
ORD_4886,CUST_73,2024-01-02,Event Ticket,Instagram,77.1,40.37,Completed
ORD_4887,CUST_1162,2024-10-03,Event Ticket,LinkedIn,128.06,84.18,Refunded
ORD_4888,CUST_807,2024-02-15,Workshop,Instagram,104.68,54.03,Cancelled
ORD_4889,CUST_1382,2024-12-28,Partner Offer,Event Walk-in,220.41,93.58,Completed
ORD_4890,CUST_641,2024-05-23,Creative Studio,Instagram,406.68,209.01,Completed
ORD_4891,CUST_548,2024-01-18,Media Package,Event Walk-in,278.63,166.5,Completed
ORD_4892,CUST_852,2024-06-06,Event Ticket,Event Walk-in,357.18,168.85,Completed
ORD_4893,CUST_1346,2025-03-26,Media Package,TikTok,84.0,45.67,Completed
ORD_4894,CUST_647,2025-06-29,Creative Studio,LinkedIn,430.02,277.79,Completed
ORD_4895,CUST_32,2025-01-09,Partner Offer,TikTok,21.11,8.85,Completed
ORD_4896,CUST_78,2024-11-12,Event Ticket,Referral,73.85,50.11,Refunded
ORD_4897,CUST_1453,2024-09-30,Partner Offer,Google Search,110.46,52.87,Completed
ORD_4898,CUST_1412,2024-06-11,Membership,LinkedIn,36.71,17.62,Completed
ORD_4899,CUST_814,2024-05-12,Corporate Package,TikTok,479.47,315.27,Completed
ORD_4900,CUST_648,2025-06-16,Corporate Package,TikTok,423.52,168.92,Completed
ORD_4901,CUST_1273,2024-10-10,Event Ticket,TikTok,61.02,24.91,Completed
ORD_4902,CUST_482,2024-09-07,Media Package,TikTok,474.22,295.06,Completed
ORD_4903,CUST_557,2025-03-15,Event Ticket,Google Search,235.18,159.07,Completed
ORD_4904,CUST_158,2025-01-20,Media Package,TikTok,213.84,122.94,Completed
ORD_4905,CUST_651,2024-06-18,Media Package,Referral,414.12,234.86,Completed
ORD_4906,CUST_1289,2024-10-26,Partner Offer,LinkedIn,396.97,120.0,Completed
ORD_4907,CUST_541,2025-03-30,Membership,TikTok,33.91,22.63,Completed
ORD_4908,CUST_867,2025-02-16,Membership,TikTok,149.75,70.53,Completed
ORD_4909,CUST_1266,2024-03-29,Creative Studio,LinkedIn,64.29,44.9,Cancelled
ORD_4910,CUST_396,2025-06-26,Partner Offer,Instagram,412.36,134.59,Completed
ORD_4911,CUST_1203,2024-04-02,Media Package,TikTok,203.95,91.53,Completed
ORD_4912,CUST_449,2024-10-28,Workshop,Referral,344.94,172.27,Refunded
ORD_4913,CUST_717,2025-01-05,Workshop,Partnership,54.51,31.18,Completed
ORD_4914,CUST_946,2025-02-28,Media Package,TikTok,493.01,247.83,Completed
ORD_4915,CUST_398,2024-01-24,Partner Offer,TikTok,476.92,314.0,Refunded
ORD_4916,CUST_774,2024-08-29,Event Ticket,LinkedIn,234.46,109.19,Completed
ORD_4917,CUST_132,2024-08-13,Media Package,Google Search,234.46,111.15,Completed
ORD_4918,CUST_1461,2025-05-29,Partner Offer,TikTok,284.84,188.09,Completed
ORD_4919,CUST_668,2024-06-04,Corporate Package,TikTok,365.82,250.0,Completed
ORD_4920,CUST_1393,2024-02-27,Event Ticket,Referral,414.78,241.92,Completed
ORD_4921,CUST_1327,2025-03-14,Creative Studio,Instagram,45.38,18.23,Completed
ORD_4922,CUST_748,2025-04-03,Event Ticket,Event Walk-in,221.95,149.12,Refunded
ORD_4923,CUST_1011,2024-10-14,Workshop,LinkedIn,402.85,221.29,Cancelled
ORD_4924,CUST_911,2024-11-26,Media Package,LinkedIn,78.18,41.07,Completed
ORD_4925,CUST_182,2025-03-31,Creative Studio,Partnership,82.2,49.52,Completed
ORD_4926,CUST_1375,2024-07-26,Media Package,TikTok,374.3,214.49,Completed
ORD_4927,CUST_1240,2024-02-10,Corporate Package,Instagram,319.34,136.0,Completed
ORD_4928,CUST_379,2025-04-18,Media Package,TikTok,299.56,107.18,Completed
ORD_4929,CUST_622,2024-03-07,Creative Studio,Event Walk-in,320.38,110.17,Completed
ORD_4930,CUST_532,2024-11-05,Creative Studio,Instagram,484.23,178.46,Cancelled
ORD_4931,CUST_105,2025-02-03,Event Ticket,Event Walk-in,93.96,36.74,Completed
ORD_4932,CUST_981,2024-08-03,Media Package,TikTok,497.94,279.89,Completed
ORD_4933,CUST_745,2025-03-29,Creative Studio,Partnership,421.93,280.7,Completed
ORD_4934,CUST_1224,2024-06-08,Partner Offer,Instagram,323.79,170.93,Completed
ORD_4935,CUST_799,2025-02-12,Event Ticket,Event Walk-in,247.63,107.13,Completed
ORD_4936,CUST_1147,2025-02-12,Media Package,Partnership,417.29,183.05,Completed
ORD_4937,CUST_467,2024-01-29,Media Package,Instagram,320.99,202.05,Completed
ORD_4938,CUST_374,2024-03-31,Media Package,Instagram,442.66,164.88,Completed
ORD_4939,CUST_1001,2024-04-12,Event Ticket,Instagram,285.86,123.23,Completed
ORD_4940,CUST_1211,2025-06-19,Media Package,Instagram,457.74,185.38,Completed
ORD_4941,CUST_476,2024-04-10,Media Package,TikTok,288.47,141.18,Completed
ORD_4942,CUST_539,2024-01-28,Media Package,TikTok,403.06,121.13,Completed
ORD_4943,CUST_374,2025-02-15,Creative Studio,Instagram,155.86,97.63,Completed
ORD_4944,CUST_1050,2024-02-07,Corporate Package,TikTok,200.49,113.72,Completed
ORD_4945,CUST_14,2024-05-15,Membership,Instagram,386.21,142.65,Completed
ORD_4946,CUST_476,2024-05-27,Creative Studio,TikTok,202.46,109.99,Completed
ORD_4947,CUST_692,2024-08-24,Membership,Instagram,464.07,227.99,Refunded
ORD_4948,CUST_561,2025-06-07,Media Package,Instagram,89.67,54.84,Completed
ORD_4949,CUST_1225,2024-11-07,Media Package,Partnership,276.44,149.05,Completed
ORD_4950,CUST_386,2024-02-17,Membership,Instagram,173.71,81.74,Completed
ORD_4951,CUST_1076,2025-03-06,Media Package,LinkedIn,372.93,131.16,Completed
ORD_4952,CUST_1361,2025-02-27,Corporate Package,Event Walk-in,454.22,293.19,Completed
ORD_4953,CUST_1303,2024-08-18,Partner Offer,Instagram,358.54,130.12,Completed
ORD_4954,CUST_1262,2024-12-28,Media Package,Event Walk-in,131.4,89.48,Completed
ORD_4955,CUST_1231,2025-05-13,Creative Studio,Instagram,261.92,183.23,Completed
ORD_4956,CUST_1209,2024-06-23,Corporate Package,Instagram,262.23,152.0,Completed
ORD_4957,CUST_86,2024-08-11,Event Ticket,Instagram,363.94,209.82,Completed
ORD_4958,CUST_54,2024-02-13,Media Package,Instagram,413.88,225.72,Completed
ORD_4959,CUST_788,2025-03-26,Media Package,Instagram,426.42,156.92,Completed
ORD_4960,CUST_1433,2024-05-10,Media Package,Event Walk-in,337.03,114.54,Completed
ORD_4961,CUST_1125,2024-08-15,Media Package,Event Walk-in,240.32,75.71,Completed
ORD_4962,CUST_111,2024-10-13,Membership,Event Walk-in,344.45,234.8,Completed
ORD_4963,CUST_873,2025-06-05,Media Package,Event Walk-in,432.9,225.79,Completed
ORD_4964,CUST_858,2024-03-19,Creative Studio,Event Walk-in,124.21,56.29,Completed
ORD_4965,CUST_1119,2025-05-09,Partner Offer,TikTok,21.92,7.08,Completed
ORD_4966,CUST_334,2024-04-14,Workshop,LinkedIn,212.36,109.67,Refunded
ORD_4967,CUST_413,2024-11-26,Corporate Package,TikTok,173.53,91.65,Completed
ORD_4968,CUST_188,2025-03-30,Event Ticket,Partnership,89.46,31.32,Completed
ORD_4969,CUST_1172,2025-02-06,Workshop,Event Walk-in,131.73,71.9,Completed
ORD_4970,CUST_1155,2024-03-17,Workshop,Event Walk-in,56.66,26.0,Completed
ORD_4971,CUST_37,2025-03-24,Corporate Package,TikTok,271.69,107.66,Completed
ORD_4972,CUST_530,2025-04-02,Media Package,LinkedIn,215.83,124.16,Refunded
ORD_4973,CUST_598,2024-05-25,Membership,Instagram,361.81,117.68,Cancelled
ORD_4974,CUST_322,2024-09-30,Creative Studio,Instagram,236.56,138.45,Completed
ORD_4975,CUST_795,2024-09-26,Creative Studio,Instagram,365.96,195.2,Completed
ORD_4976,CUST_1006,2024-10-27,Event Ticket,Event Walk-in,114.81,44.81,Completed
ORD_4977,CUST_1226,2024-08-25,Workshop,Partnership,152.4,83.1,Completed
ORD_4978,CUST_92,2025-03-13,Partner Offer,Instagram,297.44,187.17,Completed
ORD_4979,CUST_1211,2024-03-08,Creative Studio,Instagram,381.12,187.27,Refunded
ORD_4980,CUST_1387,2024-11-22,Media Package,Instagram,367.1,166.52,Completed
ORD_4981,CUST_871,2025-06-02,Media Package,TikTok,306.52,129.09,Refunded
ORD_4982,CUST_982,2024-12-29,Media Package,Instagram,227.21,139.52,Completed
ORD_4983,CUST_1434,2025-04-08,Media Package,Google Search,498.7,306.59,Completed
ORD_4984,CUST_281,2024-05-30,Media Package,Instagram,428.38,143.57,Completed
ORD_4985,CUST_497,2025-06-05,Creative Studio,TikTok,60.75,23.37,Completed
ORD_4986,CUST_1024,2024-08-01,Media Package,TikTok,267.0,122.62,Completed
ORD_4987,CUST_1192,2024-03-31,Creative Studio,Instagram,389.93,150.97,Completed
ORD_4988,CUST_935,2024-11-07,Media Package,Event Walk-in,98.04,38.23,Cancelled
ORD_4989,CUST_238,2024-08-20,Membership,Partnership,476.8,176.12,Completed
ORD_4990,CUST_54,2025-01-19,Corporate Package,Instagram,303.74,142.62,Completed
ORD_4991,CUST_1096,2024-03-11,Media Package,Instagram,492.09,325.23,Completed
ORD_4992,CUST_1370,2024-09-17,Media Package,Partnership,485.32,256.78,Completed
ORD_4993,CUST_228,2025-02-02,Event Ticket,Instagram,133.15,89.6,Completed
ORD_4994,CUST_1079,2024-07-31,Membership,Instagram,150.02,77.12,Completed
ORD_4995,CUST_663,2025-04-27,Media Package,Instagram,476.81,300.22,Completed
ORD_4996,CUST_493,2024-05-05,Creative Studio,TikTok,104.1,48.87,Completed
ORD_4997,CUST_1306,2024-12-31,Media Package,Instagram,129.04,80.24,Completed
ORD_4998,CUST_411,2025-05-13,Membership,TikTok,204.68,79.8,Refunded
ORD_4999,CUST_213,2024-04-27,Creative Studio,Google Search,72.38,48.01,Completed
ORD_5000,CUST_79,2024-12-10,Event Ticket,TikTok,433.12,162.4,Completed
ORD_5001,CUST_127,2024-06-18,Event Ticket,TikTok,278.83,185.96,Completed
ORD_5002,CUST_981,2025-02-18,Media Package,TikTok,88.34,31.24,Completed
ORD_5003,CUST_1128,2024-10-20,Corporate Package,Google Search,406.18,231.04,Completed
ORD_5004,CUST_660,2024-11-03,Corporate Package,LinkedIn,395.16,141.58,Completed
ORD_5005,CUST_474,2025-01-30,Media Package,TikTok,56.67,37.85,Completed
ORD_5006,CUST_1096,2024-09-18,Workshop,Instagram,424.47,257.38,Completed
ORD_5007,CUST_1203,2025-05-13,Workshop,TikTok,199.16,104.19,Completed
ORD_5008,CUST_539,2024-05-11,Media Package,TikTok,286.61,133.11,Completed
ORD_5009,CUST_778,2024-05-08,Media Package,LinkedIn,34.01,15.37,Completed
ORD_5010,CUST_1028,2024-09-04,Partner Offer,Instagram,445.0,148.45,Completed
ORD_5011,CUST_854,2024-01-30,Workshop,TikTok,27.31,17.77,Completed
ORD_5012,CUST_527,2024-12-22,Partner Offer,TikTok,152.58,97.72,Completed
ORD_5013,CUST_241,2025-01-28,Media Package,Instagram,24.38,11.46,Completed
ORD_5014,CUST_941,2024-07-12,Creative Studio,Instagram,373.59,192.18,Completed
ORD_5015,CUST_800,2024-05-06,Media Package,Event Walk-in,200.16,76.07,Completed
ORD_5016,CUST_227,2025-03-01,Creative Studio,Instagram,247.44,166.61,Cancelled
ORD_5017,CUST_897,2024-01-02,Event Ticket,Instagram,24.32,15.65,Completed
ORD_5018,CUST_385,2025-02-07,Partner Offer,Event Walk-in,462.41,291.71,Completed
ORD_5019,CUST_101,2024-02-02,Event Ticket,Instagram,276.51,136.44,Completed
ORD_5020,CUST_218,2024-05-11,Event Ticket,Referral,162.38,62.29,Completed
ORD_5021,CUST_1500,2024-08-13,Membership,Instagram,292.21,178.06,Completed
ORD_5022,CUST_971,2024-02-10,Event Ticket,Instagram,90.28,42.95,Cancelled
ORD_5023,CUST_962,2025-03-24,Partner Offer,Partnership,432.91,156.04,Completed
ORD_5024,CUST_1023,2025-03-07,Media Package,Instagram,470.66,300.72,Completed
ORD_5025,CUST_595,2024-01-17,Event Ticket,Instagram,91.87,37.46,Refunded
ORD_5026,CUST_512,2024-03-14,Creative Studio,Event Walk-in,286.35,106.51,Completed
ORD_5027,CUST_1415,2024-10-09,Workshop,Google Search,231.6,83.34,Completed
ORD_5028,CUST_1393,2024-10-27,Event Ticket,Referral,170.23,56.18,Completed
ORD_5029,CUST_1487,2024-09-08,Workshop,Partnership,41.08,15.07,Completed
ORD_5030,CUST_1417,2025-04-13,Creative Studio,TikTok,347.01,226.53,Completed
ORD_5031,CUST_1495,2025-01-04,Creative Studio,Google Search,434.27,137.33,Completed
ORD_5032,CUST_176,2025-01-20,Workshop,LinkedIn,255.27,158.16,Completed
ORD_5033,CUST_624,2025-01-27,Membership,Event Walk-in,433.51,234.35,Completed
ORD_5034,CUST_1245,2025-01-23,Membership,Partnership,197.59,114.21,Completed
ORD_5035,CUST_367,2024-12-31,Workshop,TikTok,273.19,126.1,Completed
ORD_5036,CUST_1084,2024-12-08,Creative Studio,Google Search,75.95,35.34,Completed
ORD_5037,CUST_775,2024-07-06,Media Package,Event Walk-in,68.69,33.74,Completed
ORD_5038,CUST_1466,2024-09-26,Workshop,Instagram,197.56,98.42,Completed
ORD_5039,CUST_1452,2024-02-16,Event Ticket,Partnership,26.12,15.05,Refunded
ORD_5040,CUST_417,2024-11-27,Event Ticket,Event Walk-in,77.83,42.25,Completed
ORD_5041,CUST_1111,2024-12-08,Creative Studio,LinkedIn,492.22,231.8,Completed
ORD_5042,CUST_960,2024-08-01,Corporate Package,Referral,486.24,213.28,Completed
ORD_5043,CUST_357,2024-10-04,Workshop,TikTok,257.5,136.83,Refunded
ORD_5044,CUST_1151,2024-09-18,Corporate Package,Partnership,417.44,259.3,Completed
ORD_5045,CUST_682,2024-05-24,Membership,Instagram,163.18,103.24,Refunded
ORD_5046,CUST_191,2024-08-22,Media Package,Instagram,99.92,37.88,Completed
ORD_5047,CUST_162,2024-09-03,Partner Offer,LinkedIn,494.86,257.38,Completed
ORD_5048,CUST_39,2025-01-04,Membership,LinkedIn,295.75,179.16,Completed
ORD_5049,CUST_561,2024-03-26,Creative Studio,Instagram,489.84,244.77,Completed
ORD_5050,CUST_140,2024-07-21,Event Ticket,TikTok,306.01,132.43,Completed
ORD_5051,CUST_441,2024-09-23,Media Package,LinkedIn,123.49,56.39,Completed
ORD_5052,CUST_1324,2025-06-22,Media Package,Instagram,385.0,122.79,Completed
ORD_5053,CUST_382,2024-11-20,Membership,LinkedIn,345.9,112.26,Completed
ORD_5054,CUST_863,2024-01-09,Membership,Instagram,182.75,69.72,Completed
ORD_5055,CUST_1325,2024-10-19,Membership,TikTok,224.74,98.33,Completed
ORD_5056,CUST_1131,2025-03-21,Creative Studio,Instagram,187.15,103.47,Completed
ORD_5057,CUST_143,2024-02-23,Media Package,LinkedIn,186.56,122.62,Completed
ORD_5058,CUST_287,2025-05-29,Event Ticket,Event Walk-in,179.3,78.75,Completed
ORD_5059,CUST_1127,2025-05-06,Partner Offer,Instagram,95.16,46.96,Completed
ORD_5060,CUST_157,2024-07-30,Media Package,LinkedIn,144.52,69.27,Completed
ORD_5061,CUST_1285,2024-03-07,Membership,LinkedIn,269.45,150.85,Completed
ORD_5062,CUST_157,2025-02-26,Event Ticket,LinkedIn,411.71,233.2,Completed
ORD_5063,CUST_1082,2024-01-16,Media Package,LinkedIn,28.9,18.06,Completed
ORD_5064,CUST_1335,2025-04-12,Event Ticket,Event Walk-in,70.76,43.89,Completed
ORD_5065,CUST_1025,2025-02-19,Media Package,Instagram,337.88,224.97,Completed
ORD_5066,CUST_235,2024-11-04,Event Ticket,TikTok,66.12,42.14,Completed
ORD_5067,CUST_205,2024-02-24,Creative Studio,Event Walk-in,480.51,200.17,Completed
ORD_5068,CUST_255,2024-01-03,Event Ticket,LinkedIn,24.87,7.84,Completed
ORD_5069,CUST_937,2024-07-21,Membership,Event Walk-in,162.68,97.04,Completed
ORD_5070,CUST_1304,2024-03-14,Creative Studio,Instagram,474.24,286.22,Completed
ORD_5071,CUST_308,2024-07-19,Event Ticket,Partnership,402.86,166.19,Completed
ORD_5072,CUST_1453,2024-07-08,Membership,Google Search,387.39,270.06,Completed
ORD_5073,CUST_1412,2025-05-29,Creative Studio,LinkedIn,385.45,242.09,Completed
ORD_5074,CUST_649,2024-12-09,Partner Offer,Referral,407.38,226.08,Completed
ORD_5075,CUST_24,2024-11-30,Partner Offer,Partnership,170.22,77.27,Completed
ORD_5076,CUST_1294,2024-10-22,Workshop,Partnership,125.73,68.34,Completed
ORD_5077,CUST_51,2024-06-06,Event Ticket,Instagram,307.13,180.68,Completed
ORD_5078,CUST_357,2024-02-07,Event Ticket,TikTok,375.3,138.99,Completed
ORD_5079,CUST_1413,2024-11-23,Workshop,Event Walk-in,381.37,250.06,Completed
ORD_5080,CUST_124,2024-01-20,Event Ticket,TikTok,498.62,156.56,Refunded
ORD_5081,CUST_299,2025-03-10,Corporate Package,Instagram,78.13,46.92,Completed
ORD_5082,CUST_326,2025-06-15,Event Ticket,LinkedIn,421.32,262.74,Completed
ORD_5083,CUST_166,2024-05-19,Membership,Instagram,108.61,43.26,Completed
ORD_5084,CUST_723,2024-11-23,Membership,Event Walk-in,139.22,56.91,Cancelled
ORD_5085,CUST_118,2024-05-13,Membership,Event Walk-in,342.49,238.21,Completed
ORD_5086,CUST_1338,2025-01-16,Creative Studio,TikTok,38.62,12.24,Completed
ORD_5087,CUST_477,2024-04-07,Partner Offer,Instagram,102.7,44.66,Completed
ORD_5088,CUST_1359,2024-02-17,Corporate Package,Event Walk-in,334.22,148.49,Completed
ORD_5089,CUST_920,2024-07-31,Membership,TikTok,210.14,64.08,Completed
ORD_5090,CUST_963,2024-08-16,Media Package,Event Walk-in,260.88,105.57,Completed
ORD_5091,CUST_656,2024-06-27,Creative Studio,Referral,453.84,196.15,Completed
ORD_5092,CUST_1483,2024-04-29,Workshop,Google Search,40.27,19.6,Completed
ORD_5093,CUST_1318,2024-09-17,Creative Studio,LinkedIn,457.37,289.74,Refunded
ORD_5094,CUST_912,2024-10-17,Creative Studio,Partnership,205.79,111.15,Completed
ORD_5095,CUST_1409,2024-07-09,Media Package,Instagram,197.43,129.27,Completed
ORD_5096,CUST_1300,2024-11-01,Media Package,Event Walk-in,227.09,131.21,Completed
ORD_5097,CUST_110,2024-01-06,Event Ticket,Instagram,469.4,209.5,Completed
ORD_5098,CUST_717,2025-03-16,Creative Studio,Partnership,137.44,84.24,Completed
ORD_5099,CUST_1008,2024-02-25,Media Package,TikTok,32.73,10.87,Completed
ORD_5100,CUST_608,2024-12-31,Membership,Event Walk-in,59.92,23.42,Completed
ORD_5101,CUST_635,2025-04-29,Media Package,TikTok,174.9,52.64,Refunded
ORD_5102,CUST_1290,2024-09-05,Membership,Partnership,236.69,111.02,Completed
ORD_5103,CUST_1422,2025-01-04,Event Ticket,Google Search,340.96,164.01,Completed
ORD_5104,CUST_1085,2024-08-25,Creative Studio,TikTok,137.62,93.25,Completed
ORD_5105,CUST_1154,2024-04-04,Creative Studio,Instagram,94.88,59.7,Completed
ORD_5106,CUST_480,2025-01-27,Partner Offer,TikTok,245.99,105.85,Completed
ORD_5107,CUST_320,2024-12-06,Media Package,Instagram,400.75,187.79,Completed
ORD_5108,CUST_44,2025-05-14,Workshop,Instagram,162.06,97.17,Completed
ORD_5109,CUST_262,2024-06-10,Creative Studio,Instagram,358.96,160.13,Completed
ORD_5110,CUST_754,2025-06-07,Event Ticket,Event Walk-in,491.95,194.51,Refunded
ORD_5111,CUST_529,2025-03-02,Creative Studio,Instagram,21.48,6.72,Completed
ORD_5112,CUST_1172,2025-01-13,Membership,Event Walk-in,180.82,85.91,Completed
ORD_5113,CUST_1020,2025-01-14,Event Ticket,Partnership,29.58,14.85,Refunded
ORD_5114,CUST_610,2024-10-04,Partner Offer,Instagram,128.04,41.9,Completed
ORD_5115,CUST_1128,2024-11-21,Media Package,Google Search,144.12,67.31,Completed
ORD_5116,CUST_546,2025-02-21,Event Ticket,Instagram,174.27,70.7,Completed
ORD_5117,CUST_1206,2024-12-13,Workshop,Instagram,22.01,10.47,Completed
ORD_5118,CUST_433,2024-07-26,Corporate Package,Instagram,439.98,242.95,Completed
ORD_5119,CUST_612,2025-02-01,Media Package,TikTok,265.82,143.96,Completed
ORD_5120,CUST_1065,2024-10-31,Event Ticket,Partnership,101.51,66.38,Completed
ORD_5121,CUST_628,2024-06-09,Media Package,TikTok,39.89,13.65,Refunded
ORD_5122,CUST_472,2025-03-04,Partner Offer,Instagram,325.77,185.67,Completed
ORD_5123,CUST_1193,2024-08-17,Creative Studio,Instagram,426.18,249.16,Completed
ORD_5124,CUST_653,2024-10-20,Creative Studio,TikTok,457.01,222.27,Completed
ORD_5125,CUST_277,2025-03-15,Membership,Partnership,308.02,98.33,Completed
ORD_5126,CUST_527,2025-02-26,Workshop,TikTok,250.76,100.74,Completed
ORD_5127,CUST_690,2024-05-30,Membership,Instagram,358.16,241.73,Completed
ORD_5128,CUST_302,2024-08-30,Media Package,Event Walk-in,199.63,125.74,Completed
ORD_5129,CUST_98,2024-03-20,Creative Studio,TikTok,438.17,213.52,Completed
ORD_5130,CUST_712,2024-08-17,Media Package,TikTok,379.04,198.4,Completed
ORD_5131,CUST_448,2024-04-13,Creative Studio,Event Walk-in,262.12,172.05,Completed
ORD_5132,CUST_326,2024-07-20,Media Package,LinkedIn,98.79,54.7,Completed
ORD_5133,CUST_448,2024-09-07,Event Ticket,Event Walk-in,259.87,93.76,Completed
ORD_5134,CUST_389,2025-04-30,Event Ticket,Partnership,493.59,313.64,Completed
ORD_5135,CUST_465,2024-06-19,Workshop,Referral,324.06,119.2,Completed
ORD_5136,CUST_663,2024-04-07,Membership,Instagram,291.78,181.35,Completed
ORD_5137,CUST_1094,2025-05-08,Partner Offer,Event Walk-in,463.08,281.04,Refunded
ORD_5138,CUST_631,2024-01-20,Media Package,Event Walk-in,171.55,70.46,Completed
ORD_5139,CUST_517,2024-10-08,Media Package,Referral,341.34,202.71,Completed
ORD_5140,CUST_1135,2024-05-05,Partner Offer,Instagram,437.53,190.45,Completed
ORD_5141,CUST_1148,2024-07-20,Media Package,TikTok,21.81,12.86,Completed
ORD_5142,CUST_385,2025-03-28,Creative Studio,Event Walk-in,401.69,206.8,Completed
ORD_5143,CUST_932,2024-10-11,Corporate Package,Partnership,170.8,93.88,Completed
ORD_5144,CUST_435,2024-06-17,Creative Studio,Instagram,440.52,197.89,Completed
ORD_5145,CUST_499,2024-12-18,Workshop,Instagram,365.9,192.73,Completed
ORD_5146,CUST_96,2024-07-14,Media Package,LinkedIn,418.06,187.91,Completed
ORD_5147,CUST_395,2024-11-03,Event Ticket,Instagram,348.86,198.55,Completed
ORD_5148,CUST_101,2024-09-25,Media Package,Instagram,470.35,254.24,Completed
ORD_5149,CUST_978,2024-04-22,Membership,LinkedIn,147.46,77.62,Completed
ORD_5150,CUST_1418,2025-01-27,Media Package,Instagram,260.17,157.56,Completed
ORD_5151,CUST_988,2024-03-31,Media Package,Partnership,91.03,59.78,Completed
ORD_5152,CUST_605,2024-01-27,Creative Studio,Instagram,187.35,92.0,Refunded
ORD_5153,CUST_80,2024-08-17,Membership,Referral,290.27,87.94,Completed
ORD_5154,CUST_812,2024-04-23,Event Ticket,Instagram,356.77,242.66,Cancelled
ORD_5155,CUST_49,2024-04-20,Event Ticket,TikTok,20.23,12.62,Completed
ORD_5156,CUST_1178,2024-01-29,Event Ticket,Instagram,179.32,100.5,Completed
ORD_5157,CUST_608,2024-09-09,Media Package,Event Walk-in,437.84,275.76,Completed
ORD_5158,CUST_639,2024-02-04,Workshop,Partnership,493.37,155.85,Completed
ORD_5159,CUST_754,2024-08-19,Membership,Event Walk-in,405.74,129.86,Cancelled
ORD_5160,CUST_889,2024-08-08,Media Package,Event Walk-in,265.01,159.16,Completed
ORD_5161,CUST_767,2025-05-08,Media Package,Instagram,423.88,205.23,Completed
ORD_5162,CUST_358,2024-10-07,Media Package,Event Walk-in,99.4,36.56,Completed
ORD_5163,CUST_1265,2024-02-16,Workshop,LinkedIn,113.94,64.67,Completed
ORD_5164,CUST_646,2024-09-28,Event Ticket,LinkedIn,355.77,216.94,Completed
ORD_5165,CUST_963,2024-03-13,Corporate Package,Event Walk-in,325.96,221.81,Completed
ORD_5166,CUST_875,2024-08-09,Event Ticket,Event Walk-in,319.87,133.48,Cancelled
ORD_5167,CUST_1257,2024-04-03,Event Ticket,Instagram,158.42,50.48,Completed
ORD_5168,CUST_832,2024-10-16,Media Package,Instagram,401.7,146.21,Completed
ORD_5169,CUST_977,2024-03-26,Workshop,Instagram,136.04,41.34,Completed
ORD_5170,CUST_305,2024-11-15,Media Package,Google Search,75.93,35.45,Refunded
ORD_5171,CUST_268,2024-02-09,Event Ticket,Partnership,456.44,142.1,Completed
ORD_5172,CUST_1274,2025-03-03,Corporate Package,LinkedIn,480.4,254.51,Refunded
ORD_5173,CUST_104,2025-02-17,Partner Offer,Partnership,438.86,170.33,Cancelled
ORD_5174,CUST_842,2024-03-15,Corporate Package,TikTok,435.3,272.73,Completed
ORD_5175,CUST_855,2024-09-09,Membership,Instagram,74.1,50.53,Completed
ORD_5176,CUST_31,2024-07-24,Membership,Event Walk-in,291.03,200.06,Refunded
ORD_5177,CUST_1352,2024-12-03,Creative Studio,Google Search,281.53,121.03,Completed
ORD_5178,CUST_299,2024-06-08,Partner Offer,Instagram,438.52,223.3,Completed
ORD_5179,CUST_1036,2024-07-21,Event Ticket,Instagram,363.14,185.18,Completed
ORD_5180,CUST_882,2025-05-04,Media Package,Instagram,126.63,82.23,Completed
ORD_5181,CUST_774,2025-05-12,Corporate Package,LinkedIn,436.49,131.97,Refunded
ORD_5182,CUST_720,2024-04-12,Membership,Partnership,144.32,44.34,Completed
ORD_5183,CUST_655,2024-03-01,Event Ticket,Instagram,172.04,59.6,Completed
ORD_5184,CUST_1293,2024-04-11,Corporate Package,Event Walk-in,329.6,115.29,Refunded
ORD_5185,CUST_353,2025-05-22,Event Ticket,Partnership,154.11,58.91,Refunded
ORD_5186,CUST_244,2024-04-10,Media Package,Instagram,223.01,114.02,Completed
ORD_5187,CUST_1452,2024-01-17,Partner Offer,Partnership,45.22,22.53,Completed
ORD_5188,CUST_641,2025-04-20,Media Package,Instagram,154.13,58.04,Completed
ORD_5189,CUST_792,2025-06-17,Media Package,Instagram,129.92,86.35,Completed
ORD_5190,CUST_187,2024-10-23,Event Ticket,LinkedIn,204.61,132.14,Completed
ORD_5191,CUST_783,2025-06-30,Media Package,LinkedIn,383.07,148.74,Completed
ORD_5192,CUST_499,2024-11-20,Event Ticket,Instagram,328.03,202.65,Completed
ORD_5193,CUST_766,2024-03-17,Workshop,Instagram,165.11,103.67,Completed
ORD_5194,CUST_330,2025-03-22,Media Package,TikTok,109.26,64.86,Completed
ORD_5195,CUST_806,2025-05-17,Creative Studio,Event Walk-in,168.77,86.89,Refunded
ORD_5196,CUST_1151,2024-07-11,Media Package,Partnership,210.77,84.93,Completed
ORD_5197,CUST_981,2024-03-22,Event Ticket,TikTok,270.69,156.55,Completed
ORD_5198,CUST_1256,2024-11-04,Media Package,Event Walk-in,297.11,197.53,Completed
ORD_5199,CUST_1099,2025-01-23,Event Ticket,Partnership,279.32,182.59,Completed
ORD_5200,CUST_124,2024-10-20,Event Ticket,TikTok,55.2,29.28,Completed
ORD_5201,CUST_1174,2024-05-01,Creative Studio,Event Walk-in,33.12,16.61,Refunded
ORD_5202,CUST_119,2024-03-18,Media Package,TikTok,120.94,71.26,Completed
ORD_5203,CUST_916,2024-12-09,Membership,TikTok,356.41,151.94,Completed
ORD_5204,CUST_1062,2025-03-19,Partner Offer,Event Walk-in,201.37,71.3,Completed
ORD_5205,CUST_1429,2024-03-09,Creative Studio,Instagram,222.4,116.88,Completed
ORD_5206,CUST_637,2024-12-18,Creative Studio,Event Walk-in,412.91,278.17,Cancelled
ORD_5207,CUST_1209,2024-06-28,Workshop,Instagram,248.26,81.83,Completed
ORD_5208,CUST_281,2024-11-15,Corporate Package,Instagram,181.75,98.43,Completed
ORD_5209,CUST_1387,2025-01-07,Membership,Instagram,366.6,186.25,Completed
ORD_5210,CUST_901,2024-03-07,Partner Offer,TikTok,304.73,190.6,Completed
ORD_5211,CUST_548,2024-10-09,Media Package,Event Walk-in,281.95,105.1,Refunded
ORD_5212,CUST_147,2025-01-02,Creative Studio,Google Search,333.15,120.45,Completed
ORD_5213,CUST_1242,2025-06-02,Media Package,Partnership,49.27,18.58,Refunded
ORD_5214,CUST_1159,2024-08-14,Partner Offer,TikTok,60.24,25.18,Completed
ORD_5215,CUST_591,2024-04-18,Media Package,Partnership,306.56,161.55,Completed
ORD_5216,CUST_639,2024-12-14,Creative Studio,Partnership,23.94,7.21,Completed
ORD_5217,CUST_976,2025-02-15,Membership,Partnership,470.89,164.17,Completed
ORD_5218,CUST_1403,2025-05-31,Membership,Instagram,279.23,173.49,Completed
ORD_5219,CUST_915,2024-07-07,Creative Studio,Event Walk-in,462.99,182.15,Completed
ORD_5220,CUST_163,2025-04-11,Event Ticket,Event Walk-in,362.27,137.86,Completed
ORD_5221,CUST_1222,2025-01-05,Creative Studio,Instagram,385.89,165.06,Completed
ORD_5222,CUST_778,2025-01-26,Corporate Package,LinkedIn,417.6,156.4,Completed
ORD_5223,CUST_1405,2024-02-13,Event Ticket,Referral,184.61,103.31,Refunded
ORD_5224,CUST_915,2024-10-08,Event Ticket,Event Walk-in,55.6,38.8,Completed
ORD_5225,CUST_1114,2025-01-22,Media Package,Event Walk-in,454.06,246.85,Cancelled
ORD_5226,CUST_839,2025-03-07,Corporate Package,TikTok,356.48,189.59,Completed
ORD_5227,CUST_1357,2025-06-08,Creative Studio,Instagram,348.4,162.52,Completed
ORD_5228,CUST_588,2024-01-06,Event Ticket,LinkedIn,151.76,67.35,Completed
ORD_5229,CUST_785,2025-02-25,Creative Studio,Instagram,414.15,278.71,Completed
ORD_5230,CUST_67,2024-10-05,Partner Offer,TikTok,252.97,167.01,Completed
ORD_5231,CUST_338,2024-04-12,Media Package,Google Search,193.88,105.98,Completed
ORD_5232,CUST_1233,2024-01-08,Media Package,Partnership,118.59,66.78,Completed
ORD_5233,CUST_817,2025-05-28,Media Package,TikTok,265.03,120.31,Completed
ORD_5234,CUST_734,2024-06-14,Event Ticket,Event Walk-in,361.71,155.25,Completed
ORD_5235,CUST_1492,2024-05-31,Membership,Instagram,366.28,115.92,Completed
ORD_5236,CUST_2,2024-10-17,Event Ticket,Google Search,129.8,59.58,Completed
ORD_5237,CUST_85,2024-11-30,Corporate Package,Partnership,333.74,203.89,Completed
ORD_5238,CUST_1130,2025-01-01,Partner Offer,Instagram,423.36,198.21,Completed
ORD_5239,CUST_960,2024-10-31,Event Ticket,Referral,212.06,81.57,Completed
ORD_5240,CUST_57,2024-02-09,Media Package,LinkedIn,464.94,270.25,Completed
ORD_5241,CUST_1168,2025-04-08,Media Package,LinkedIn,480.15,292.43,Completed
ORD_5242,CUST_734,2025-01-16,Corporate Package,Event Walk-in,164.72,59.41,Completed
ORD_5243,CUST_1060,2024-04-28,Partner Offer,Google Search,402.98,256.99,Completed
ORD_5244,CUST_936,2024-01-31,Workshop,Google Search,431.3,152.41,Refunded
ORD_5245,CUST_260,2024-11-17,Membership,TikTok,87.28,60.46,Cancelled
ORD_5246,CUST_1423,2025-03-29,Partner Offer,Instagram,139.81,61.61,Completed
ORD_5247,CUST_1001,2025-06-27,Media Package,Instagram,310.18,105.12,Refunded
ORD_5248,CUST_952,2024-01-08,Workshop,Instagram,354.81,216.2,Completed
ORD_5249,CUST_234,2024-04-30,Media Package,Instagram,62.49,41.3,Refunded
ORD_5250,CUST_1309,2025-01-03,Partner Offer,Google Search,225.61,135.53,Completed
ORD_5251,CUST_1496,2024-02-11,Media Package,LinkedIn,125.06,50.03,Completed
ORD_5252,CUST_886,2024-09-03,Event Ticket,LinkedIn,282.39,122.45,Refunded
ORD_5253,CUST_819,2024-01-18,Corporate Package,LinkedIn,105.99,59.05,Completed
ORD_5254,CUST_523,2024-11-03,Event Ticket,Event Walk-in,402.7,243.07,Completed
ORD_5255,CUST_1478,2024-12-03,Membership,Partnership,63.59,39.04,Completed
ORD_5256,CUST_334,2024-12-06,Corporate Package,LinkedIn,131.78,45.17,Completed
ORD_5257,CUST_1471,2025-06-06,Workshop,Partnership,403.25,214.54,Completed
ORD_5258,CUST_614,2024-09-25,Membership,TikTok,204.61,127.77,Completed
ORD_5259,CUST_1153,2025-04-10,Membership,Partnership,188.08,62.4,Refunded
ORD_5260,CUST_141,2024-05-11,Media Package,Instagram,65.52,28.58,Completed
ORD_5261,CUST_993,2025-06-06,Media Package,Instagram,412.68,267.68,Refunded
ORD_5262,CUST_371,2024-08-16,Event Ticket,TikTok,188.87,113.44,Completed
ORD_5263,CUST_1244,2024-12-18,Media Package,TikTok,450.88,186.43,Refunded
ORD_5264,CUST_1310,2024-01-26,Media Package,TikTok,424.21,147.16,Completed
ORD_5265,CUST_921,2024-04-28,Media Package,LinkedIn,125.79,61.37,Completed
ORD_5266,CUST_1333,2025-03-31,Membership,Google Search,470.01,204.92,Refunded
ORD_5267,CUST_991,2024-09-02,Workshop,TikTok,41.65,28.65,Completed
ORD_5268,CUST_856,2024-01-15,Creative Studio,Event Walk-in,75.87,35.38,Completed
ORD_5269,CUST_491,2024-11-26,Partner Offer,Event Walk-in,180.73,55.38,Refunded
ORD_5270,CUST_1219,2025-01-16,Media Package,Instagram,424.77,165.46,Completed
ORD_5271,CUST_958,2024-01-22,Media Package,TikTok,261.01,104.95,Completed
ORD_5272,CUST_228,2024-01-01,Corporate Package,Instagram,232.44,108.12,Completed
ORD_5273,CUST_1217,2025-03-16,Media Package,Instagram,448.93,167.3,Completed
ORD_5274,CUST_13,2024-11-01,Creative Studio,Instagram,313.08,202.89,Completed
ORD_5275,CUST_1114,2025-03-15,Event Ticket,Event Walk-in,141.87,73.37,Completed
ORD_5276,CUST_1071,2024-02-19,Creative Studio,Instagram,184.45,96.66,Completed
ORD_5277,CUST_557,2024-09-03,Membership,Google Search,40.3,20.82,Completed
ORD_5278,CUST_1312,2025-01-15,Creative Studio,Instagram,293.28,116.15,Completed
ORD_5279,CUST_847,2025-02-12,Creative Studio,TikTok,438.07,230.42,Completed
ORD_5280,CUST_907,2024-04-05,Partner Offer,Referral,234.79,108.56,Completed
ORD_5281,CUST_1238,2024-03-11,Membership,Event Walk-in,232.19,99.72,Refunded
ORD_5282,CUST_821,2024-02-29,Event Ticket,Instagram,56.39,19.64,Completed
ORD_5283,CUST_448,2024-01-21,Media Package,Event Walk-in,43.85,16.85,Completed
ORD_5284,CUST_778,2025-02-12,Media Package,LinkedIn,155.34,83.78,Completed
ORD_5285,CUST_758,2025-02-11,Membership,LinkedIn,403.24,208.13,Completed
ORD_5286,CUST_1280,2025-05-25,Corporate Package,Partnership,479.71,277.9,Completed
ORD_5287,CUST_620,2024-01-10,Media Package,Instagram,297.68,160.2,Completed
ORD_5288,CUST_1314,2024-09-03,Workshop,Instagram,385.56,240.01,Refunded
ORD_5289,CUST_773,2024-06-27,Membership,TikTok,484.4,315.78,Completed
ORD_5290,CUST_385,2024-02-02,Membership,Event Walk-in,306.7,193.24,Completed
ORD_5291,CUST_1093,2024-05-09,Creative Studio,Instagram,362.6,211.78,Completed
ORD_5292,CUST_922,2024-12-16,Membership,Instagram,480.97,178.61,Refunded
ORD_5293,CUST_1062,2024-04-20,Creative Studio,Event Walk-in,211.44,144.15,Completed
ORD_5294,CUST_487,2025-04-14,Membership,TikTok,132.39,81.14,Cancelled
ORD_5295,CUST_1191,2024-01-30,Creative Studio,Instagram,409.95,259.28,Completed
ORD_5296,CUST_591,2025-01-22,Event Ticket,Partnership,310.59,117.39,Completed
ORD_5297,CUST_984,2025-01-12,Media Package,Event Walk-in,99.7,66.02,Completed
ORD_5298,CUST_1337,2024-08-06,Membership,Instagram,154.06,99.74,Completed
ORD_5299,CUST_704,2024-12-12,Media Package,Partnership,117.62,76.03,Completed
ORD_5300,CUST_85,2024-07-04,Partner Offer,Partnership,345.96,145.13,Completed
ORD_5301,CUST_762,2024-11-25,Media Package,TikTok,275.75,113.26,Refunded
ORD_5302,CUST_1126,2024-05-22,Media Package,Event Walk-in,62.46,38.28,Completed
ORD_5303,CUST_974,2024-10-13,Event Ticket,Referral,371.34,192.82,Completed
ORD_5304,CUST_1083,2025-03-21,Creative Studio,TikTok,180.05,62.72,Refunded
ORD_5305,CUST_1459,2024-04-02,Creative Studio,Referral,134.12,91.65,Completed
ORD_5306,CUST_206,2024-10-29,Partner Offer,Partnership,446.48,223.75,Completed
ORD_5307,CUST_1014,2024-05-14,Event Ticket,TikTok,212.57,82.56,Completed
ORD_5308,CUST_720,2025-04-20,Media Package,Partnership,215.15,64.63,Completed
ORD_5309,CUST_544,2024-05-02,Creative Studio,Partnership,295.18,135.32,Completed
ORD_5310,CUST_28,2024-06-29,Corporate Package,Event Walk-in,478.86,185.42,Completed
ORD_5311,CUST_1429,2024-08-02,Media Package,Instagram,52.5,15.85,Cancelled
ORD_5312,CUST_1038,2024-01-06,Creative Studio,TikTok,42.0,27.18,Cancelled
ORD_5313,CUST_222,2024-12-29,Workshop,Partnership,78.28,53.51,Cancelled
ORD_5314,CUST_302,2024-05-04,Corporate Package,Event Walk-in,376.17,119.84,Completed
ORD_5315,CUST_309,2025-05-27,Event Ticket,Event Walk-in,372.53,193.5,Completed
ORD_5316,CUST_320,2025-01-01,Event Ticket,Instagram,383.87,166.49,Completed
ORD_5317,CUST_947,2025-03-04,Event Ticket,TikTok,152.89,105.16,Completed
ORD_5318,CUST_1033,2024-04-18,Media Package,Instagram,336.69,208.12,Completed
ORD_5319,CUST_786,2024-08-04,Creative Studio,Event Walk-in,22.52,15.41,Completed
ORD_5320,CUST_891,2025-05-13,Event Ticket,Event Walk-in,96.87,45.3,Completed
ORD_5321,CUST_1413,2024-02-29,Media Package,Event Walk-in,32.19,12.03,Completed
ORD_5322,CUST_412,2024-12-15,Creative Studio,Event Walk-in,85.96,42.89,Completed
ORD_5323,CUST_848,2024-07-07,Corporate Package,LinkedIn,272.47,152.12,Completed
ORD_5324,CUST_658,2024-10-14,Media Package,LinkedIn,332.1,161.81,Completed
ORD_5325,CUST_84,2025-01-12,Creative Studio,Event Walk-in,404.19,210.34,Completed
ORD_5326,CUST_81,2024-01-03,Media Package,LinkedIn,427.29,257.91,Completed
ORD_5327,CUST_1442,2024-05-26,Membership,Instagram,376.32,124.58,Completed
ORD_5328,CUST_590,2024-12-18,Media Package,Google Search,215.16,100.82,Cancelled
ORD_5329,CUST_75,2024-05-19,Workshop,Partnership,378.9,202.25,Completed
ORD_5330,CUST_696,2025-01-29,Media Package,LinkedIn,216.1,78.84,Completed
ORD_5331,CUST_686,2024-03-18,Membership,TikTok,230.82,116.53,Completed
ORD_5332,CUST_1113,2025-03-27,Workshop,TikTok,35.47,18.62,Completed
ORD_5333,CUST_275,2025-03-30,Event Ticket,TikTok,217.12,136.29,Completed
ORD_5334,CUST_1008,2024-10-29,Partner Offer,TikTok,141.55,52.06,Completed
ORD_5335,CUST_418,2024-04-16,Partner Offer,TikTok,89.54,34.01,Completed
ORD_5336,CUST_606,2025-05-25,Creative Studio,Event Walk-in,315.58,168.19,Completed
ORD_5337,CUST_1403,2025-03-14,Creative Studio,Instagram,28.05,17.85,Completed
ORD_5338,CUST_502,2025-04-27,Media Package,Event Walk-in,121.88,46.25,Completed
ORD_5339,CUST_297,2024-03-09,Event Ticket,Instagram,454.57,236.31,Completed
ORD_5340,CUST_1320,2024-06-12,Media Package,Partnership,45.43,20.83,Completed
ORD_5341,CUST_634,2024-11-24,Media Package,Event Walk-in,71.59,46.33,Completed
ORD_5342,CUST_1216,2024-03-16,Workshop,Instagram,232.22,83.01,Completed
ORD_5343,CUST_313,2024-06-08,Event Ticket,Instagram,45.87,14.98,Completed
ORD_5344,CUST_918,2024-04-26,Creative Studio,Event Walk-in,473.24,255.53,Completed
ORD_5345,CUST_676,2025-03-28,Event Ticket,LinkedIn,461.13,278.04,Completed
ORD_5346,CUST_1023,2025-05-04,Media Package,Instagram,292.17,141.33,Completed
ORD_5347,CUST_737,2024-09-08,Event Ticket,Instagram,189.47,121.51,Completed
ORD_5348,CUST_429,2025-05-12,Event Ticket,Partnership,445.1,287.35,Completed
ORD_5349,CUST_668,2024-06-08,Event Ticket,TikTok,404.37,230.27,Completed
ORD_5350,CUST_877,2025-06-13,Media Package,Instagram,88.01,27.21,Completed
ORD_5351,CUST_557,2025-01-11,Creative Studio,Google Search,39.21,18.95,Refunded
ORD_5352,CUST_1460,2024-03-26,Event Ticket,Event Walk-in,338.25,143.2,Completed
ORD_5353,CUST_1154,2024-11-15,Membership,Instagram,228.3,78.07,Completed
ORD_5354,CUST_1165,2024-09-07,Media Package,Event Walk-in,493.57,336.85,Completed
ORD_5355,CUST_1390,2024-09-08,Media Package,Event Walk-in,463.1,157.62,Completed
ORD_5356,CUST_901,2024-06-01,Corporate Package,TikTok,40.92,21.73,Completed
ORD_5357,CUST_127,2024-03-15,Membership,TikTok,67.45,25.6,Completed
ORD_5358,CUST_1097,2024-12-18,Media Package,Partnership,353.17,210.24,Completed
ORD_5359,CUST_369,2025-01-24,Creative Studio,TikTok,141.59,99.01,Completed
ORD_5360,CUST_390,2025-05-05,Workshop,Instagram,382.41,234.81,Completed
ORD_5361,CUST_881,2024-09-21,Event Ticket,Event Walk-in,218.69,87.84,Completed
ORD_5362,CUST_977,2024-07-25,Workshop,Instagram,310.85,94.14,Completed
ORD_5363,CUST_510,2024-12-16,Media Package,Instagram,171.73,105.98,Refunded
ORD_5364,CUST_1108,2024-12-15,Corporate Package,Partnership,360.66,195.3,Refunded
ORD_5365,CUST_312,2024-05-22,Event Ticket,Instagram,237.97,86.33,Completed
ORD_5366,CUST_1191,2024-10-08,Media Package,Instagram,67.64,28.71,Completed
ORD_5367,CUST_247,2025-02-01,Workshop,Event Walk-in,493.5,179.42,Completed
ORD_5368,CUST_1032,2025-03-14,Creative Studio,Google Search,446.37,296.03,Completed
ORD_5369,CUST_486,2025-03-31,Corporate Package,Event Walk-in,77.54,44.27,Refunded
ORD_5370,CUST_930,2025-01-12,Event Ticket,Instagram,478.38,186.96,Completed
ORD_5371,CUST_344,2024-07-06,Partner Offer,Instagram,289.7,108.52,Completed
ORD_5372,CUST_1443,2024-12-19,Membership,Event Walk-in,241.32,92.63,Completed
ORD_5373,CUST_1046,2024-09-11,Media Package,TikTok,400.45,255.75,Completed
ORD_5374,CUST_256,2025-02-05,Creative Studio,TikTok,163.72,63.21,Completed
ORD_5375,CUST_950,2025-04-25,Partner Offer,LinkedIn,410.94,286.73,Completed
ORD_5376,CUST_552,2025-03-27,Media Package,Instagram,421.84,191.04,Completed
ORD_5377,CUST_503,2024-06-12,Event Ticket,Google Search,301.74,197.03,Completed
ORD_5378,CUST_255,2024-10-21,Media Package,LinkedIn,111.25,73.55,Completed
ORD_5379,CUST_978,2024-01-23,Creative Studio,LinkedIn,88.23,50.01,Completed
ORD_5380,CUST_1255,2024-11-18,Event Ticket,Instagram,238.92,79.2,Completed
ORD_5381,CUST_458,2024-05-12,Partner Offer,Google Search,484.56,299.6,Completed
ORD_5382,CUST_465,2025-01-27,Media Package,Referral,410.96,264.88,Completed
ORD_5383,CUST_264,2024-04-22,Event Ticket,Instagram,494.02,284.59,Completed
ORD_5384,CUST_1012,2025-03-07,Workshop,Google Search,316.15,138.22,Completed
ORD_5385,CUST_1188,2025-03-03,Media Package,Instagram,129.66,89.94,Completed
ORD_5386,CUST_1092,2024-08-24,Workshop,TikTok,449.53,152.27,Completed
ORD_5387,CUST_507,2025-03-27,Media Package,Event Walk-in,425.68,133.79,Completed
ORD_5388,CUST_1177,2024-10-02,Corporate Package,Instagram,354.78,157.3,Completed
ORD_5389,CUST_1409,2024-04-22,Creative Studio,Instagram,316.28,109.52,Refunded
ORD_5390,CUST_757,2025-01-15,Partner Offer,Google Search,455.57,270.16,Completed
ORD_5391,CUST_1026,2024-07-19,Membership,TikTok,306.42,131.05,Completed
ORD_5392,CUST_706,2024-01-07,Membership,Event Walk-in,437.89,227.73,Completed
ORD_5393,CUST_196,2025-05-19,Media Package,Partnership,377.03,228.61,Completed
ORD_5394,CUST_746,2024-05-20,Creative Studio,Referral,37.58,18.1,Refunded
ORD_5395,CUST_759,2024-10-25,Media Package,Instagram,246.97,122.93,Completed
ORD_5396,CUST_460,2024-01-25,Membership,Event Walk-in,450.86,278.87,Completed
ORD_5397,CUST_894,2025-06-26,Event Ticket,Event Walk-in,378.14,118.45,Completed
ORD_5398,CUST_1026,2024-05-27,Workshop,TikTok,374.61,216.45,Completed
ORD_5399,CUST_70,2024-06-08,Media Package,TikTok,44.21,20.43,Refunded
ORD_5400,CUST_613,2024-10-03,Creative Studio,Instagram,172.93,113.05,Completed
ORD_5401,CUST_506,2025-02-08,Media Package,Event Walk-in,378.73,203.29,Completed
ORD_5402,CUST_368,2025-03-31,Event Ticket,Event Walk-in,148.77,74.91,Completed
ORD_5403,CUST_38,2024-08-12,Media Package,Instagram,93.01,59.23,Completed
ORD_5404,CUST_319,2025-06-16,Creative Studio,TikTok,207.99,135.54,Completed
ORD_5405,CUST_136,2024-03-09,Partner Offer,Google Search,245.58,144.58,Refunded
ORD_5406,CUST_1160,2024-06-04,Event Ticket,Instagram,422.31,175.45,Refunded
ORD_5407,CUST_76,2024-02-20,Corporate Package,Event Walk-in,333.8,115.4,Completed
ORD_5408,CUST_1080,2025-06-14,Membership,Event Walk-in,345.81,114.46,Refunded
ORD_5409,CUST_1415,2024-05-09,Creative Studio,Google Search,98.84,38.24,Completed
ORD_5410,CUST_85,2024-07-27,Membership,Partnership,57.29,21.06,Completed
ORD_5411,CUST_1453,2025-03-09,Corporate Package,Google Search,337.43,115.37,Completed
ORD_5412,CUST_725,2025-01-25,Event Ticket,Instagram,433.65,161.48,Completed
ORD_5413,CUST_1386,2024-06-19,Partner Offer,Event Walk-in,91.4,37.19,Completed
ORD_5414,CUST_1042,2025-02-19,Media Package,Google Search,122.9,43.31,Completed
ORD_5415,CUST_145,2024-03-28,Media Package,Partnership,360.47,127.07,Completed
ORD_5416,CUST_681,2024-12-09,Media Package,Partnership,375.13,140.06,Completed
ORD_5417,CUST_433,2024-10-19,Corporate Package,Instagram,173.03,84.08,Refunded
ORD_5418,CUST_967,2024-05-16,Event Ticket,Instagram,343.02,107.44,Cancelled
ORD_5419,CUST_462,2025-03-05,Membership,Instagram,330.95,194.87,Completed
ORD_5420,CUST_811,2024-02-23,Event Ticket,Event Walk-in,113.55,68.16,Completed
ORD_5421,CUST_589,2024-09-24,Media Package,Event Walk-in,122.66,60.7,Completed
ORD_5422,CUST_893,2024-04-05,Partner Offer,Instagram,339.17,168.76,Refunded
ORD_5423,CUST_371,2025-01-18,Event Ticket,TikTok,464.03,146.17,Completed
ORD_5424,CUST_410,2024-01-01,Event Ticket,Event Walk-in,425.29,261.91,Refunded
ORD_5425,CUST_608,2024-10-25,Creative Studio,Event Walk-in,143.8,76.68,Completed
ORD_5426,CUST_705,2025-06-27,Media Package,Event Walk-in,205.71,65.34,Refunded
ORD_5427,CUST_952,2024-03-02,Media Package,Instagram,420.22,208.69,Completed
ORD_5428,CUST_1351,2025-06-20,Workshop,Event Walk-in,463.91,257.13,Completed
ORD_5429,CUST_71,2024-02-06,Membership,Event Walk-in,31.36,21.62,Completed
ORD_5430,CUST_483,2024-03-03,Membership,Google Search,176.22,101.17,Completed
ORD_5431,CUST_934,2024-03-06,Creative Studio,Google Search,247.94,168.43,Completed
ORD_5432,CUST_884,2025-06-05,Creative Studio,Partnership,272.49,170.91,Completed
ORD_5433,CUST_1061,2024-12-04,Membership,TikTok,112.66,67.83,Completed
ORD_5434,CUST_913,2024-04-15,Membership,Instagram,293.07,187.77,Completed
ORD_5435,CUST_11,2025-05-03,Creative Studio,Instagram,301.24,148.05,Completed
ORD_5436,CUST_844,2025-06-01,Event Ticket,Google Search,37.28,17.08,Completed
ORD_5437,CUST_642,2024-01-13,Event Ticket,Referral,24.92,13.45,Completed
ORD_5438,CUST_243,2024-11-21,Creative Studio,LinkedIn,496.67,260.57,Completed
ORD_5439,CUST_1434,2025-05-13,Corporate Package,Google Search,97.8,30.76,Completed
ORD_5440,CUST_128,2024-09-25,Event Ticket,Instagram,248.24,114.23,Cancelled
ORD_5441,CUST_600,2024-02-08,Event Ticket,Instagram,77.3,53.66,Completed
ORD_5442,CUST_1208,2024-04-15,Creative Studio,Event Walk-in,58.33,18.48,Completed
ORD_5443,CUST_640,2024-07-28,Media Package,Event Walk-in,273.85,109.3,Completed
ORD_5444,CUST_426,2024-04-05,Event Ticket,Event Walk-in,236.16,112.48,Completed
ORD_5445,CUST_1034,2025-02-02,Creative Studio,Event Walk-in,480.99,242.97,Completed
ORD_5446,CUST_1010,2025-03-08,Event Ticket,Referral,268.66,138.16,Completed
ORD_5447,CUST_1352,2025-04-26,Workshop,Google Search,92.91,32.84,Completed
ORD_5448,CUST_1355,2024-12-30,Media Package,Event Walk-in,372.9,253.19,Completed
ORD_5449,CUST_1447,2024-07-25,Media Package,Google Search,392.11,167.38,Completed
ORD_5450,CUST_1258,2024-03-08,Media Package,Instagram,164.54,62.78,Completed
ORD_5451,CUST_1414,2024-11-24,Corporate Package,Event Walk-in,98.33,44.31,Completed
ORD_5452,CUST_1363,2024-07-31,Creative Studio,Instagram,179.88,78.51,Completed
ORD_5453,CUST_700,2024-03-09,Media Package,Instagram,101.37,36.19,Completed
ORD_5454,CUST_1449,2025-03-26,Media Package,Event Walk-in,192.07,108.35,Completed
ORD_5455,CUST_638,2024-09-09,Creative Studio,Referral,336.44,212.46,Completed
ORD_5456,CUST_1326,2024-09-10,Media Package,Partnership,464.67,316.79,Completed
ORD_5457,CUST_1305,2025-06-05,Event Ticket,Google Search,361.62,219.79,Completed
ORD_5458,CUST_1008,2025-02-13,Media Package,TikTok,197.68,84.45,Completed
ORD_5459,CUST_1500,2025-05-08,Creative Studio,Instagram,251.8,105.28,Completed
ORD_5460,CUST_1112,2024-12-04,Media Package,Partnership,285.78,101.32,Completed
ORD_5461,CUST_347,2025-03-11,Creative Studio,Google Search,497.96,238.49,Completed
ORD_5462,CUST_1367,2024-08-01,Event Ticket,Partnership,118.72,78.85,Refunded
ORD_5463,CUST_593,2024-07-26,Event Ticket,Event Walk-in,454.23,226.99,Completed
ORD_5464,CUST_1215,2024-12-15,Membership,Event Walk-in,439.49,206.24,Refunded
ORD_5465,CUST_1073,2025-04-18,Event Ticket,LinkedIn,363.53,192.01,Completed
ORD_5466,CUST_413,2025-03-16,Media Package,TikTok,155.83,55.13,Completed
ORD_5467,CUST_276,2024-08-15,Membership,Event Walk-in,224.63,149.33,Completed
ORD_5468,CUST_1337,2025-01-14,Workshop,Instagram,237.23,105.32,Completed
ORD_5469,CUST_509,2024-06-17,Creative Studio,Partnership,172.62,113.6,Refunded
ORD_5470,CUST_677,2025-01-14,Partner Offer,Referral,225.56,108.51,Completed
ORD_5471,CUST_1164,2024-09-01,Event Ticket,Referral,146.74,57.14,Completed
ORD_5472,CUST_785,2024-07-14,Partner Offer,Instagram,197.49,88.11,Completed
ORD_5473,CUST_459,2025-04-28,Event Ticket,Partnership,405.09,186.96,Completed
ORD_5474,CUST_1452,2024-01-09,Media Package,Partnership,489.44,176.39,Completed
ORD_5475,CUST_1033,2024-08-17,Media Package,Instagram,294.99,113.2,Completed
ORD_5476,CUST_665,2024-06-19,Partner Offer,Google Search,425.81,241.14,Completed
ORD_5477,CUST_1075,2025-04-25,Media Package,Referral,40.74,25.62,Completed
ORD_5478,CUST_1433,2024-04-28,Event Ticket,Event Walk-in,293.53,119.75,Completed
ORD_5479,CUST_14,2024-10-26,Event Ticket,Instagram,241.17,139.88,Completed
ORD_5480,CUST_1155,2025-05-07,Media Package,Event Walk-in,487.0,149.46,Refunded
ORD_5481,CUST_458,2024-07-22,Event Ticket,Google Search,231.12,80.84,Completed
ORD_5482,CUST_319,2024-01-09,Creative Studio,TikTok,60.74,39.25,Completed
ORD_5483,CUST_523,2024-03-15,Event Ticket,Event Walk-in,37.87,25.96,Completed
ORD_5484,CUST_1385,2024-10-12,Event Ticket,TikTok,269.44,98.29,Completed
ORD_5485,CUST_495,2024-10-24,Media Package,Instagram,366.75,190.03,Refunded
ORD_5486,CUST_61,2024-02-23,Creative Studio,Google Search,409.48,212.02,Completed
ORD_5487,CUST_25,2025-04-02,Partner Offer,Event Walk-in,157.86,67.0,Completed
ORD_5488,CUST_698,2025-03-13,Partner Offer,Instagram,196.39,114.07,Completed
ORD_5489,CUST_392,2025-05-01,Event Ticket,Referral,203.24,94.0,Completed
ORD_5490,CUST_972,2025-03-20,Creative Studio,Referral,309.13,109.56,Completed
ORD_5491,CUST_1369,2025-04-11,Creative Studio,LinkedIn,395.27,261.28,Completed
ORD_5492,CUST_655,2025-01-21,Media Package,Instagram,198.6,106.49,Completed
ORD_5493,CUST_886,2024-10-21,Workshop,LinkedIn,63.64,27.29,Completed
ORD_5494,CUST_578,2025-01-10,Event Ticket,Partnership,404.6,253.09,Refunded
ORD_5495,CUST_33,2024-10-15,Partner Offer,Google Search,146.96,63.18,Cancelled
ORD_5496,CUST_1378,2025-01-23,Media Package,Instagram,43.11,19.99,Completed
ORD_5497,CUST_129,2025-04-14,Media Package,Google Search,467.59,165.72,Cancelled
ORD_5498,CUST_625,2024-07-05,Event Ticket,Instagram,498.02,324.13,Completed
ORD_5499,CUST_219,2024-03-18,Workshop,TikTok,259.77,92.66,Completed
ORD_5500,CUST_3,2024-01-14,Media Package,Google Search,419.49,214.95,Completed
ORD_5501,CUST_622,2024-10-18,Media Package,Event Walk-in,101.84,43.89,Completed
ORD_5502,CUST_386,2024-02-21,Workshop,Instagram,195.05,70.55,Completed
ORD_5503,CUST_1341,2024-04-27,Event Ticket,TikTok,50.12,28.8,Refunded
ORD_5504,CUST_1274,2024-02-08,Workshop,LinkedIn,130.57,60.91,Completed
ORD_5505,CUST_573,2024-03-11,Creative Studio,Event Walk-in,395.53,194.6,Completed
ORD_5506,CUST_1014,2024-06-04,Creative Studio,TikTok,393.81,232.58,Completed
ORD_5507,CUST_1376,2024-02-03,Event Ticket,Event Walk-in,380.98,159.41,Completed
ORD_5508,CUST_514,2024-08-01,Media Package,Referral,154.4,77.27,Completed
ORD_5509,CUST_591,2024-12-10,Media Package,Partnership,292.81,124.46,Refunded
ORD_5510,CUST_563,2024-07-27,Membership,Instagram,40.71,24.11,Completed
ORD_5511,CUST_1125,2025-05-27,Media Package,Event Walk-in,438.82,189.98,Completed
ORD_5512,CUST_1369,2024-04-01,Media Package,LinkedIn,75.42,37.15,Completed
ORD_5513,CUST_900,2025-02-16,Media Package,TikTok,229.44,110.5,Completed
ORD_5514,CUST_168,2024-09-15,Creative Studio,Event Walk-in,407.72,174.91,Cancelled
ORD_5515,CUST_80,2025-06-01,Partner Offer,Referral,265.11,99.44,Cancelled
ORD_5516,CUST_430,2025-01-31,Corporate Package,Instagram,221.96,126.71,Completed
ORD_5517,CUST_1483,2024-09-02,Workshop,Google Search,414.73,218.84,Completed
ORD_5518,CUST_543,2024-07-31,Event Ticket,Instagram,147.09,96.22,Cancelled
ORD_5519,CUST_955,2025-05-21,Media Package,Event Walk-in,425.35,150.73,Completed
ORD_5520,CUST_1124,2025-02-21,Creative Studio,Event Walk-in,463.26,171.78,Completed
ORD_5521,CUST_37,2025-06-14,Event Ticket,TikTok,76.35,44.17,Completed
ORD_5522,CUST_1483,2024-12-07,Membership,Google Search,263.12,162.76,Refunded
ORD_5523,CUST_748,2024-06-19,Partner Offer,Event Walk-in,427.8,280.49,Completed
ORD_5524,CUST_417,2024-05-11,Membership,Event Walk-in,437.54,276.48,Completed
ORD_5525,CUST_480,2024-02-05,Media Package,TikTok,373.2,211.91,Completed
ORD_5526,CUST_466,2024-05-24,Event Ticket,Partnership,206.84,86.65,Completed
ORD_5527,CUST_736,2024-02-20,Event Ticket,Instagram,38.75,16.4,Completed
ORD_5528,CUST_239,2025-01-21,Workshop,TikTok,432.88,157.92,Completed
ORD_5529,CUST_1116,2024-01-25,Media Package,Instagram,463.82,321.03,Completed
ORD_5530,CUST_176,2024-08-01,Workshop,LinkedIn,132.61,88.36,Completed
ORD_5531,CUST_429,2024-04-27,Creative Studio,Partnership,76.4,45.79,Completed
ORD_5532,CUST_1228,2024-02-28,Corporate Package,TikTok,144.72,43.93,Completed
ORD_5533,CUST_586,2024-07-21,Partner Offer,Event Walk-in,275.7,100.09,Completed
ORD_5534,CUST_1376,2025-03-06,Corporate Package,Event Walk-in,221.62,95.2,Refunded
ORD_5535,CUST_438,2025-01-25,Media Package,Event Walk-in,383.02,221.51,Completed
ORD_5536,CUST_1341,2024-07-24,Workshop,TikTok,364.91,213.72,Completed
ORD_5537,CUST_253,2024-02-29,Event Ticket,Instagram,149.42,49.03,Completed
ORD_5538,CUST_39,2024-02-23,Media Package,LinkedIn,429.07,166.77,Completed
ORD_5539,CUST_3,2024-08-28,Event Ticket,Google Search,394.97,217.52,Completed
ORD_5540,CUST_1150,2024-04-26,Media Package,TikTok,395.31,209.34,Completed
ORD_5541,CUST_961,2024-11-13,Corporate Package,Referral,258.26,165.79,Completed
ORD_5542,CUST_221,2024-02-15,Event Ticket,TikTok,112.35,50.07,Completed
ORD_5543,CUST_948,2024-08-24,Creative Studio,Instagram,195.59,109.73,Cancelled
ORD_5544,CUST_621,2024-03-07,Creative Studio,Instagram,207.04,114.27,Refunded
ORD_5545,CUST_835,2024-07-03,Media Package,LinkedIn,137.5,64.68,Completed
ORD_5546,CUST_556,2024-08-23,Event Ticket,TikTok,24.85,10.05,Completed
ORD_5547,CUST_955,2024-08-13,Media Package,Event Walk-in,291.09,133.87,Completed
ORD_5548,CUST_919,2024-03-31,Membership,TikTok,231.89,123.53,Completed
ORD_5549,CUST_1337,2024-06-23,Media Package,Instagram,314.84,132.29,Completed
ORD_5550,CUST_1091,2025-06-08,Workshop,Partnership,144.07,95.37,Completed
ORD_5551,CUST_458,2024-05-20,Media Package,Google Search,115.27,35.54,Completed
ORD_5552,CUST_1226,2024-03-09,Creative Studio,Partnership,298.26,158.74,Cancelled
ORD_5553,CUST_1054,2024-11-06,Workshop,Event Walk-in,420.41,129.1,Refunded
ORD_5554,CUST_724,2024-09-19,Workshop,Referral,193.74,127.37,Completed
ORD_5555,CUST_1052,2024-12-21,Partner Offer,TikTok,192.42,90.02,Completed
ORD_5556,CUST_766,2024-03-31,Event Ticket,Instagram,131.63,91.41,Completed
ORD_5557,CUST_115,2024-08-05,Media Package,Partnership,175.08,94.9,Completed
ORD_5558,CUST_319,2024-01-09,Corporate Package,TikTok,33.25,11.83,Completed
ORD_5559,CUST_51,2024-07-26,Media Package,Instagram,386.09,118.31,Completed
ORD_5560,CUST_933,2024-10-24,Partner Offer,Event Walk-in,398.46,171.59,Completed
ORD_5561,CUST_722,2024-05-07,Workshop,Referral,190.65,130.18,Completed
ORD_5562,CUST_1337,2025-03-08,Media Package,Instagram,468.46,200.61,Completed
ORD_5563,CUST_456,2025-02-21,Workshop,Event Walk-in,314.19,169.5,Completed
ORD_5564,CUST_342,2024-01-30,Workshop,Instagram,105.76,72.65,Completed
ORD_5565,CUST_1311,2025-05-12,Creative Studio,Instagram,459.09,268.02,Completed
ORD_5566,CUST_940,2024-04-10,Media Package,Google Search,345.81,214.57,Completed
ORD_5567,CUST_1374,2024-05-08,Media Package,Instagram,136.47,41.32,Completed
ORD_5568,CUST_990,2024-08-09,Creative Studio,Google Search,114.23,36.99,Completed
ORD_5569,CUST_1192,2025-06-22,Partner Offer,Instagram,400.63,209.71,Completed
ORD_5570,CUST_288,2024-01-26,Event Ticket,Google Search,216.51,102.35,Completed
ORD_5571,CUST_20,2024-06-14,Media Package,Google Search,64.25,44.56,Completed
ORD_5572,CUST_1475,2024-06-11,Membership,LinkedIn,493.82,243.49,Completed
ORD_5573,CUST_277,2025-03-30,Media Package,Partnership,296.17,110.39,Completed
ORD_5574,CUST_1098,2024-01-12,Media Package,Instagram,206.8,73.27,Completed
ORD_5575,CUST_182,2025-04-03,Media Package,Partnership,264.25,92.28,Completed
ORD_5576,CUST_1173,2025-02-08,Partner Offer,Instagram,217.5,97.12,Completed
ORD_5577,CUST_845,2024-07-10,Media Package,LinkedIn,197.63,93.64,Completed
ORD_5578,CUST_1091,2024-01-01,Media Package,Partnership,270.62,169.34,Completed
ORD_5579,CUST_1363,2024-09-04,Workshop,Instagram,230.34,97.86,Completed
ORD_5580,CUST_956,2024-04-18,Event Ticket,Instagram,487.68,222.08,Completed
ORD_5581,CUST_561,2025-05-03,Media Package,Instagram,173.82,55.06,Completed
ORD_5582,CUST_571,2024-11-26,Partner Offer,Instagram,129.92,69.38,Completed
ORD_5583,CUST_590,2025-01-24,Membership,Google Search,26.98,14.87,Completed
ORD_5584,CUST_145,2024-07-11,Partner Offer,Partnership,125.4,65.75,Completed
ORD_5585,CUST_255,2025-06-28,Event Ticket,LinkedIn,71.32,21.67,Completed
ORD_5586,CUST_911,2024-03-15,Partner Offer,LinkedIn,108.67,44.32,Refunded
ORD_5587,CUST_705,2024-10-24,Event Ticket,Event Walk-in,494.77,305.41,Completed
ORD_5588,CUST_655,2025-01-31,Creative Studio,Instagram,365.79,142.25,Completed
ORD_5589,CUST_1491,2024-07-11,Media Package,Partnership,198.02,67.82,Cancelled
ORD_5590,CUST_1313,2024-05-22,Media Package,Referral,484.47,189.42,Refunded
ORD_5591,CUST_383,2024-12-26,Corporate Package,Instagram,438.38,203.7,Completed
ORD_5592,CUST_165,2024-04-05,Media Package,TikTok,273.92,132.86,Completed
ORD_5593,CUST_858,2024-04-26,Corporate Package,Event Walk-in,307.4,162.64,Completed
ORD_5594,CUST_102,2025-03-14,Event Ticket,Instagram,366.66,232.61,Refunded
ORD_5595,CUST_951,2025-01-04,Workshop,Instagram,53.85,20.69,Completed
ORD_5596,CUST_845,2024-07-07,Membership,LinkedIn,251.55,119.48,Completed
ORD_5597,CUST_918,2024-07-04,Media Package,Event Walk-in,494.1,326.45,Completed
ORD_5598,CUST_1165,2025-05-18,Creative Studio,Event Walk-in,488.32,196.46,Completed
ORD_5599,CUST_784,2024-02-20,Media Package,TikTok,22.1,12.92,Completed
ORD_5600,CUST_535,2024-05-24,Media Package,Instagram,445.91,177.17,Completed
ORD_5601,CUST_922,2024-04-14,Workshop,Instagram,384.8,202.29,Completed
ORD_5602,CUST_92,2024-01-14,Event Ticket,Instagram,494.08,328.95,Completed
ORD_5603,CUST_1223,2024-02-06,Media Package,TikTok,221.86,73.67,Completed
ORD_5604,CUST_1082,2024-01-24,Creative Studio,LinkedIn,497.43,315.89,Completed
ORD_5605,CUST_106,2024-12-18,Event Ticket,Instagram,131.01,64.64,Completed
ORD_5606,CUST_577,2024-08-20,Corporate Package,Instagram,128.67,53.63,Completed
ORD_5607,CUST_697,2024-08-03,Workshop,LinkedIn,75.14,34.63,Completed
ORD_5608,CUST_1196,2024-01-17,Creative Studio,Event Walk-in,327.54,226.57,Refunded
ORD_5609,CUST_594,2024-01-14,Workshop,Instagram,284.33,114.96,Completed
ORD_5610,CUST_1074,2024-07-19,Event Ticket,Instagram,286.82,147.34,Completed
ORD_5611,CUST_1480,2024-09-24,Workshop,TikTok,459.39,250.74,Refunded
ORD_5612,CUST_845,2025-03-09,Event Ticket,LinkedIn,331.85,100.95,Completed
ORD_5613,CUST_580,2025-04-07,Creative Studio,Instagram,486.12,285.47,Completed
ORD_5614,CUST_1183,2024-10-22,Partner Offer,TikTok,453.68,204.39,Completed
ORD_5615,CUST_567,2024-11-30,Media Package,Event Walk-in,252.18,100.48,Completed
ORD_5616,CUST_467,2024-04-04,Workshop,Instagram,51.82,29.28,Completed
ORD_5617,CUST_1288,2024-11-08,Creative Studio,Instagram,201.03,114.73,Completed
ORD_5618,CUST_791,2025-01-11,Partner Offer,Partnership,215.68,129.48,Completed
ORD_5619,CUST_809,2025-05-22,Membership,Event Walk-in,232.19,81.47,Completed
ORD_5620,CUST_71,2025-05-19,Workshop,Event Walk-in,167.89,81.48,Completed
ORD_5621,CUST_132,2024-11-07,Membership,Google Search,392.18,210.73,Completed
ORD_5622,CUST_206,2024-09-17,Creative Studio,Partnership,251.75,122.88,Completed
ORD_5623,CUST_717,2025-01-24,Media Package,Partnership,95.53,44.52,Refunded
ORD_5624,CUST_479,2025-03-04,Creative Studio,LinkedIn,380.04,162.1,Refunded
ORD_5625,CUST_79,2024-07-22,Media Package,TikTok,339.24,144.29,Refunded
ORD_5626,CUST_1213,2025-06-02,Membership,Instagram,274.52,143.79,Completed
ORD_5627,CUST_941,2024-08-22,Media Package,Instagram,321.1,147.68,Refunded
ORD_5628,CUST_781,2025-03-15,Media Package,TikTok,380.1,222.35,Refunded
ORD_5629,CUST_47,2025-05-21,Membership,Google Search,138.34,57.91,Cancelled
ORD_5630,CUST_359,2024-11-02,Media Package,Partnership,225.84,83.74,Completed
ORD_5631,CUST_711,2024-01-31,Corporate Package,Event Walk-in,440.09,222.3,Completed
ORD_5632,CUST_1462,2025-04-29,Creative Studio,Instagram,391.84,231.01,Completed
ORD_5633,CUST_1486,2025-06-04,Partner Offer,Event Walk-in,212.31,71.84,Completed
ORD_5634,CUST_776,2024-06-11,Workshop,Event Walk-in,473.86,318.46,Completed
ORD_5635,CUST_1058,2024-08-11,Media Package,Referral,198.65,88.35,Completed
ORD_5636,CUST_834,2024-11-03,Membership,Event Walk-in,416.15,148.29,Cancelled
ORD_5637,CUST_1124,2025-03-16,Partner Offer,Event Walk-in,262.37,124.81,Completed
ORD_5638,CUST_743,2024-02-02,Creative Studio,Event Walk-in,277.71,164.74,Completed
ORD_5639,CUST_1161,2024-11-08,Creative Studio,Event Walk-in,454.52,266.45,Completed
ORD_5640,CUST_1266,2024-02-02,Media Package,LinkedIn,320.1,135.39,Completed
ORD_5641,CUST_293,2025-02-14,Media Package,TikTok,420.99,234.91,Completed
ORD_5642,CUST_147,2024-01-09,Event Ticket,Google Search,58.02,30.57,Completed
ORD_5643,CUST_684,2024-06-25,Partner Offer,Partnership,326.52,183.9,Completed
ORD_5644,CUST_275,2024-07-19,Media Package,TikTok,56.03,17.96,Completed
ORD_5645,CUST_1349,2025-04-02,Membership,TikTok,444.92,228.89,Completed
ORD_5646,CUST_682,2024-05-25,Corporate Package,Instagram,166.58,102.8,Completed
ORD_5647,CUST_1482,2024-10-03,Media Package,TikTok,137.45,74.64,Refunded
ORD_5648,CUST_532,2024-01-05,Membership,Instagram,482.9,248.44,Refunded
ORD_5649,CUST_435,2024-03-05,Creative Studio,Instagram,215.9,76.13,Completed
ORD_5650,CUST_724,2024-12-25,Event Ticket,Referral,110.72,56.73,Completed
ORD_5651,CUST_358,2024-05-15,Media Package,Event Walk-in,240.65,150.39,Completed
ORD_5652,CUST_713,2024-11-03,Partner Offer,LinkedIn,177.68,111.39,Completed
ORD_5653,CUST_1079,2024-07-08,Partner Offer,Instagram,256.66,78.19,Completed
ORD_5654,CUST_530,2024-08-02,Creative Studio,LinkedIn,107.5,57.88,Refunded
ORD_5655,CUST_1391,2024-05-22,Partner Offer,Event Walk-in,154.16,88.0,Completed
ORD_5656,CUST_1279,2024-08-26,Workshop,TikTok,57.42,23.33,Completed
ORD_5657,CUST_120,2024-12-04,Membership,Partnership,96.04,61.35,Completed
ORD_5658,CUST_1126,2024-04-12,Event Ticket,Event Walk-in,373.13,217.67,Completed
ORD_5659,CUST_627,2024-12-27,Media Package,TikTok,298.91,186.07,Completed
ORD_5660,CUST_65,2024-06-19,Creative Studio,Event Walk-in,55.68,25.05,Completed
ORD_5661,CUST_825,2025-04-16,Workshop,Partnership,498.48,161.62,Completed
ORD_5662,CUST_119,2025-03-20,Corporate Package,TikTok,480.4,211.04,Completed
ORD_5663,CUST_621,2024-07-06,Workshop,Instagram,374.86,120.04,Completed
ORD_5664,CUST_833,2024-02-22,Media Package,Instagram,336.14,122.74,Completed
ORD_5665,CUST_1073,2025-06-25,Membership,LinkedIn,457.13,225.77,Completed
ORD_5666,CUST_497,2024-12-24,Creative Studio,TikTok,277.68,178.85,Completed
ORD_5667,CUST_457,2024-03-23,Membership,Event Walk-in,39.75,27.78,Completed
ORD_5668,CUST_1361,2024-02-11,Workshop,Event Walk-in,406.82,230.11,Completed
ORD_5669,CUST_17,2024-03-23,Media Package,Instagram,359.09,149.22,Completed
ORD_5670,CUST_428,2024-03-21,Media Package,Event Walk-in,309.55,152.17,Refunded
ORD_5671,CUST_371,2024-11-07,Creative Studio,TikTok,26.21,10.13,Completed
ORD_5672,CUST_137,2024-08-13,Media Package,Google Search,327.2,188.45,Completed
ORD_5673,CUST_1300,2025-03-03,Event Ticket,Event Walk-in,20.99,8.05,Completed
ORD_5674,CUST_1234,2024-04-20,Creative Studio,Referral,75.22,47.73,Completed
ORD_5675,CUST_1294,2025-03-28,Membership,Partnership,153.77,83.43,Completed
ORD_5676,CUST_419,2024-05-23,Corporate Package,Instagram,66.84,39.22,Completed
ORD_5677,CUST_501,2025-05-02,Creative Studio,TikTok,249.89,110.95,Completed
ORD_5678,CUST_798,2024-06-19,Workshop,Partnership,85.54,43.12,Completed
ORD_5679,CUST_1285,2024-04-13,Event Ticket,LinkedIn,192.35,111.74,Completed
ORD_5680,CUST_975,2025-06-10,Membership,TikTok,193.47,94.28,Completed
ORD_5681,CUST_280,2025-03-28,Creative Studio,Instagram,100.23,34.95,Completed
ORD_5682,CUST_1427,2024-03-01,Creative Studio,Instagram,400.26,227.12,Completed
ORD_5683,CUST_550,2025-03-17,Membership,LinkedIn,73.4,49.34,Completed
ORD_5684,CUST_13,2024-08-28,Partner Offer,Instagram,292.51,158.94,Completed
ORD_5685,CUST_85,2024-03-16,Creative Studio,Partnership,347.66,235.5,Completed
ORD_5686,CUST_949,2024-03-01,Creative Studio,TikTok,275.83,109.03,Completed
ORD_5687,CUST_1176,2024-12-03,Media Package,Event Walk-in,391.1,205.63,Completed
ORD_5688,CUST_553,2024-05-26,Partner Offer,Event Walk-in,309.35,127.73,Completed
ORD_5689,CUST_758,2025-03-04,Creative Studio,LinkedIn,436.98,182.62,Completed
ORD_5690,CUST_949,2024-04-12,Partner Offer,TikTok,411.75,184.57,Cancelled
ORD_5691,CUST_432,2024-08-08,Membership,Google Search,115.49,40.35,Completed
ORD_5692,CUST_1149,2025-06-27,Partner Offer,Instagram,376.65,163.17,Completed
ORD_5693,CUST_693,2024-02-09,Creative Studio,Instagram,314.09,140.53,Completed
ORD_5694,CUST_160,2024-04-02,Media Package,TikTok,24.27,13.0,Completed
ORD_5695,CUST_1401,2024-02-28,Event Ticket,Instagram,357.72,137.35,Completed
ORD_5696,CUST_458,2024-09-05,Creative Studio,Google Search,271.53,162.64,Completed
ORD_5697,CUST_116,2024-05-28,Media Package,TikTok,401.79,242.58,Completed
ORD_5698,CUST_321,2024-08-31,Event Ticket,Google Search,307.47,135.78,Completed
ORD_5699,CUST_1056,2025-04-27,Creative Studio,Instagram,93.02,61.12,Completed
ORD_5700,CUST_81,2025-01-22,Media Package,LinkedIn,312.63,99.36,Completed
ORD_5701,CUST_945,2024-03-06,Event Ticket,Event Walk-in,130.64,67.44,Completed
ORD_5702,CUST_494,2024-01-25,Workshop,Event Walk-in,84.71,32.81,Completed
ORD_5703,CUST_605,2024-07-17,Corporate Package,Instagram,273.11,156.18,Completed
ORD_5704,CUST_275,2024-07-26,Media Package,TikTok,63.59,30.3,Completed
ORD_5705,CUST_1164,2025-01-16,Membership,Referral,391.33,236.98,Completed
ORD_5706,CUST_659,2024-02-09,Media Package,LinkedIn,446.28,225.84,Refunded
ORD_5707,CUST_1444,2025-05-10,Media Package,Instagram,274.49,132.34,Completed
ORD_5708,CUST_64,2024-04-19,Creative Studio,Partnership,460.83,208.45,Completed
ORD_5709,CUST_793,2024-04-27,Partner Offer,Google Search,468.85,170.53,Refunded
ORD_5710,CUST_182,2024-05-09,Creative Studio,Partnership,429.38,185.38,Completed
ORD_5711,CUST_681,2024-12-13,Workshop,Partnership,448.54,288.25,Refunded
ORD_5712,CUST_968,2024-08-06,Corporate Package,Instagram,119.84,36.1,Completed
ORD_5713,CUST_474,2025-03-13,Event Ticket,TikTok,158.08,75.31,Completed
ORD_5714,CUST_1095,2024-02-24,Workshop,Instagram,316.0,202.6,Completed
ORD_5715,CUST_1250,2024-06-08,Event Ticket,LinkedIn,225.03,91.92,Completed
ORD_5716,CUST_925,2024-09-09,Creative Studio,Instagram,383.7,135.95,Refunded
ORD_5717,CUST_334,2024-11-25,Creative Studio,LinkedIn,75.59,33.1,Completed
ORD_5718,CUST_1301,2025-03-21,Workshop,Instagram,26.58,13.35,Completed
ORD_5719,CUST_1473,2024-01-28,Creative Studio,Event Walk-in,459.34,318.87,Completed
ORD_5720,CUST_444,2025-04-07,Media Package,TikTok,446.34,293.04,Completed
ORD_5721,CUST_397,2024-10-26,Creative Studio,Instagram,138.54,88.71,Completed
ORD_5722,CUST_519,2024-03-23,Creative Studio,Partnership,471.41,284.35,Completed
ORD_5723,CUST_509,2024-09-17,Membership,Partnership,484.99,305.08,Completed
ORD_5724,CUST_1344,2024-06-30,Event Ticket,Referral,437.9,299.59,Completed
ORD_5725,CUST_115,2025-01-21,Workshop,Partnership,37.17,21.0,Completed
ORD_5726,CUST_310,2025-05-21,Media Package,Referral,265.48,181.04,Completed
ORD_5727,CUST_669,2024-08-06,Workshop,TikTok,29.17,11.09,Completed
ORD_5728,CUST_1494,2024-12-20,Corporate Package,TikTok,333.8,100.36,Completed
ORD_5729,CUST_294,2024-11-19,Media Package,Instagram,426.88,193.94,Completed
ORD_5730,CUST_944,2025-02-10,Event Ticket,Instagram,477.47,207.8,Completed
ORD_5731,CUST_803,2024-02-18,Membership,LinkedIn,112.73,58.97,Completed
ORD_5732,CUST_1476,2024-07-29,Membership,Event Walk-in,165.37,77.66,Completed
ORD_5733,CUST_865,2025-04-15,Media Package,Google Search,224.01,121.56,Completed
ORD_5734,CUST_1021,2024-03-11,Media Package,TikTok,417.62,200.74,Completed
ORD_5735,CUST_625,2024-09-02,Workshop,Instagram,197.42,136.24,Completed
ORD_5736,CUST_118,2024-04-08,Event Ticket,Event Walk-in,278.81,133.3,Refunded
ORD_5737,CUST_1469,2024-05-15,Creative Studio,Instagram,204.99,74.15,Completed
ORD_5738,CUST_9,2024-11-17,Event Ticket,Instagram,197.16,104.2,Completed
ORD_5739,CUST_1336,2025-01-19,Event Ticket,Instagram,94.74,36.25,Completed
ORD_5740,CUST_1020,2024-06-12,Event Ticket,Partnership,268.53,144.33,Completed
ORD_5741,CUST_734,2024-06-22,Creative Studio,Event Walk-in,48.87,17.12,Completed
ORD_5742,CUST_1382,2024-02-02,Workshop,Event Walk-in,258.85,100.97,Completed
ORD_5743,CUST_981,2024-03-19,Corporate Package,TikTok,337.38,193.32,Completed
ORD_5744,CUST_711,2025-06-19,Event Ticket,Event Walk-in,302.94,143.52,Completed
ORD_5745,CUST_958,2025-02-24,Membership,TikTok,244.71,91.32,Completed
ORD_5746,CUST_1199,2024-08-31,Media Package,Instagram,485.08,234.51,Completed
ORD_5747,CUST_728,2024-03-29,Media Package,Partnership,424.27,276.97,Completed
ORD_5748,CUST_143,2024-09-08,Workshop,LinkedIn,192.11,69.4,Completed
ORD_5749,CUST_10,2025-04-22,Workshop,Event Walk-in,158.45,93.74,Completed
ORD_5750,CUST_949,2024-11-09,Media Package,TikTok,246.73,131.57,Completed
ORD_5751,CUST_1299,2024-07-07,Event Ticket,LinkedIn,435.62,217.54,Completed
ORD_5752,CUST_341,2024-05-12,Event Ticket,Event Walk-in,225.42,144.38,Completed
ORD_5753,CUST_1017,2024-04-12,Workshop,LinkedIn,394.1,146.74,Cancelled
ORD_5754,CUST_1434,2024-01-10,Media Package,Google Search,486.33,215.29,Completed
ORD_5755,CUST_1022,2024-10-02,Media Package,Referral,353.04,164.19,Refunded
ORD_5756,CUST_1007,2024-01-29,Workshop,Google Search,137.16,95.5,Completed
ORD_5757,CUST_773,2024-11-24,Event Ticket,TikTok,260.06,170.52,Completed
ORD_5758,CUST_325,2024-01-07,Media Package,LinkedIn,442.2,299.8,Completed
ORD_5759,CUST_283,2024-04-22,Corporate Package,Google Search,134.75,67.93,Completed
ORD_5760,CUST_255,2024-03-23,Media Package,LinkedIn,177.07,58.79,Completed
ORD_5761,CUST_727,2024-11-07,Creative Studio,Instagram,38.04,14.13,Refunded
ORD_5762,CUST_904,2025-03-06,Media Package,TikTok,205.81,104.59,Completed
ORD_5763,CUST_1190,2025-02-08,Creative Studio,Instagram,43.9,21.69,Completed
ORD_5764,CUST_125,2024-04-27,Media Package,Event Walk-in,410.05,143.42,Completed
ORD_5765,CUST_845,2025-05-25,Event Ticket,LinkedIn,243.86,144.35,Completed
ORD_5766,CUST_365,2024-04-29,Media Package,Event Walk-in,136.27,79.97,Completed
ORD_5767,CUST_1451,2025-05-27,Creative Studio,Instagram,377.54,163.77,Completed
ORD_5768,CUST_1395,2025-03-11,Membership,Partnership,85.6,59.18,Completed
ORD_5769,CUST_983,2024-04-19,Event Ticket,Instagram,333.89,137.93,Completed
ORD_5770,CUST_15,2025-01-25,Partner Offer,Instagram,42.75,23.41,Completed
ORD_5771,CUST_212,2024-08-12,Partner Offer,LinkedIn,496.88,307.21,Completed
ORD_5772,CUST_1467,2025-05-21,Membership,TikTok,315.53,129.07,Completed
ORD_5773,CUST_949,2025-06-21,Media Package,TikTok,356.54,207.97,Completed
ORD_5774,CUST_30,2024-02-17,Event Ticket,Partnership,378.37,184.1,Completed
ORD_5775,CUST_418,2024-10-22,Media Package,TikTok,117.07,46.36,Cancelled
ORD_5776,CUST_253,2024-11-05,Membership,Instagram,352.47,121.71,Completed
ORD_5777,CUST_1232,2025-01-25,Event Ticket,Instagram,338.07,164.44,Completed
ORD_5778,CUST_769,2024-08-11,Event Ticket,Referral,67.89,39.13,Cancelled
ORD_5779,CUST_1463,2024-04-23,Event Ticket,Referral,106.89,65.08,Completed
ORD_5780,CUST_887,2024-04-09,Media Package,Partnership,152.87,63.6,Completed
ORD_5781,CUST_345,2024-04-14,Creative Studio,Event Walk-in,469.98,227.6,Completed
ORD_5782,CUST_1262,2024-08-20,Event Ticket,Event Walk-in,434.62,241.09,Completed
ORD_5783,CUST_549,2025-06-28,Workshop,TikTok,433.21,252.12,Completed
ORD_5784,CUST_653,2025-03-01,Membership,TikTok,152.95,97.65,Completed
ORD_5785,CUST_220,2024-09-13,Creative Studio,Google Search,381.55,199.45,Completed
ORD_5786,CUST_1372,2025-01-31,Media Package,Event Walk-in,361.46,152.28,Refunded
ORD_5787,CUST_856,2024-01-23,Membership,Event Walk-in,131.33,90.1,Completed
ORD_5788,CUST_727,2024-08-24,Event Ticket,Instagram,321.79,163.33,Completed
ORD_5789,CUST_671,2024-08-13,Media Package,Partnership,405.15,218.22,Completed
ORD_5790,CUST_150,2024-08-21,Creative Studio,Instagram,303.52,189.1,Completed
ORD_5791,CUST_1075,2024-03-21,Workshop,Referral,263.84,134.46,Completed
ORD_5792,CUST_417,2024-07-04,Workshop,Event Walk-in,143.93,67.94,Completed
ORD_5793,CUST_955,2024-04-26,Media Package,Event Walk-in,132.52,50.37,Completed
ORD_5794,CUST_755,2024-02-29,Creative Studio,LinkedIn,159.8,50.79,Completed
ORD_5795,CUST_532,2024-10-13,Event Ticket,Instagram,352.55,117.73,Refunded
ORD_5796,CUST_1274,2024-02-21,Creative Studio,LinkedIn,200.39,65.61,Refunded
ORD_5797,CUST_1413,2024-05-28,Media Package,Event Walk-in,127.45,73.54,Completed
ORD_5798,CUST_284,2025-04-07,Event Ticket,LinkedIn,72.33,35.4,Completed
ORD_5799,CUST_93,2024-10-14,Media Package,TikTok,375.67,212.59,Completed
ORD_5800,CUST_121,2024-01-21,Event Ticket,Event Walk-in,366.71,151.35,Completed
ORD_5801,CUST_830,2025-02-14,Media Package,LinkedIn,189.49,110.51,Completed
ORD_5802,CUST_1257,2025-05-06,Creative Studio,Instagram,356.64,207.62,Completed
ORD_5803,CUST_395,2025-06-17,Media Package,Instagram,153.68,91.39,Completed
ORD_5804,CUST_366,2025-05-03,Corporate Package,Referral,341.42,118.62,Completed
ORD_5805,CUST_663,2025-04-04,Media Package,Instagram,94.95,51.17,Completed
ORD_5806,CUST_1382,2024-06-14,Partner Offer,Event Walk-in,321.57,122.36,Completed
ORD_5807,CUST_975,2025-05-17,Event Ticket,TikTok,484.12,276.41,Completed
ORD_5808,CUST_392,2025-02-23,Workshop,Referral,286.67,130.79,Cancelled
ORD_5809,CUST_1105,2024-12-30,Media Package,TikTok,360.32,240.81,Completed
ORD_5810,CUST_1164,2024-04-14,Partner Offer,Referral,88.89,54.57,Refunded
ORD_5811,CUST_1406,2024-01-10,Creative Studio,Event Walk-in,394.45,193.93,Completed
ORD_5812,CUST_813,2024-11-16,Creative Studio,Event Walk-in,260.08,147.23,Completed
ORD_5813,CUST_940,2025-02-21,Membership,Google Search,179.98,117.89,Completed
ORD_5814,CUST_1192,2025-04-17,Partner Offer,Instagram,366.04,206.7,Completed
ORD_5815,CUST_985,2024-12-26,Creative Studio,Instagram,456.63,168.07,Completed
ORD_5816,CUST_480,2025-02-28,Event Ticket,TikTok,367.86,116.94,Completed
ORD_5817,CUST_861,2025-02-24,Membership,Instagram,471.76,276.2,Refunded
ORD_5818,CUST_739,2025-06-03,Event Ticket,TikTok,458.92,255.46,Completed
ORD_5819,CUST_61,2024-08-04,Media Package,Google Search,278.8,192.17,Completed
ORD_5820,CUST_187,2024-02-24,Creative Studio,LinkedIn,295.27,172.78,Cancelled
ORD_5821,CUST_306,2024-06-19,Media Package,Instagram,403.74,152.98,Completed
ORD_5822,CUST_1455,2024-07-31,Media Package,Event Walk-in,137.58,93.39,Completed
ORD_5823,CUST_293,2024-03-19,Creative Studio,TikTok,25.35,13.11,Completed
ORD_5824,CUST_946,2024-07-12,Workshop,TikTok,297.17,157.36,Completed
ORD_5825,CUST_1379,2024-04-27,Creative Studio,Event Walk-in,87.84,29.36,Completed
ORD_5826,CUST_994,2024-07-18,Creative Studio,TikTok,394.83,201.14,Completed
ORD_5827,CUST_332,2024-09-04,Event Ticket,Instagram,169.0,109.48,Completed
ORD_5828,CUST_498,2025-06-23,Creative Studio,Partnership,148.23,54.55,Completed
ORD_5829,CUST_697,2024-02-16,Creative Studio,LinkedIn,85.81,26.11,Completed
ORD_5830,CUST_1321,2024-02-27,Membership,TikTok,227.78,126.28,Completed
ORD_5831,CUST_1487,2024-12-31,Workshop,Partnership,487.26,291.76,Completed
ORD_5832,CUST_27,2024-12-06,Media Package,Instagram,416.56,228.88,Completed
ORD_5833,CUST_347,2025-03-07,Partner Offer,Google Search,402.83,174.72,Completed
ORD_5834,CUST_1358,2024-08-28,Media Package,Event Walk-in,380.63,116.69,Refunded
ORD_5835,CUST_1152,2024-05-06,Event Ticket,Instagram,400.6,140.71,Refunded
ORD_5836,CUST_427,2024-08-11,Media Package,Instagram,444.51,223.89,Completed
ORD_5837,CUST_727,2024-11-25,Workshop,Instagram,89.18,49.58,Refunded
ORD_5838,CUST_211,2024-04-18,Creative Studio,Instagram,394.0,221.95,Completed
ORD_5839,CUST_817,2024-07-07,Creative Studio,TikTok,390.75,137.22,Refunded
ORD_5840,CUST_302,2024-03-09,Media Package,Event Walk-in,75.42,34.66,Completed
ORD_5841,CUST_354,2024-09-17,Corporate Package,Google Search,448.59,174.77,Refunded
ORD_5842,CUST_125,2024-07-02,Partner Offer,Event Walk-in,482.2,273.38,Completed
ORD_5843,CUST_64,2024-07-05,Media Package,Partnership,403.57,264.25,Completed
ORD_5844,CUST_644,2024-02-08,Event Ticket,Instagram,368.7,208.32,Completed
ORD_5845,CUST_1341,2024-08-26,Media Package,TikTok,237.07,164.67,Completed
ORD_5846,CUST_692,2024-09-21,Event Ticket,Instagram,240.12,152.59,Completed
ORD_5847,CUST_495,2024-09-14,Creative Studio,Instagram,274.4,102.78,Completed
ORD_5848,CUST_688,2025-02-02,Membership,TikTok,128.08,78.04,Completed
ORD_5849,CUST_1429,2024-09-05,Event Ticket,Instagram,125.24,73.13,Completed
ORD_5850,CUST_912,2025-04-26,Media Package,Partnership,23.42,14.69,Completed
ORD_5851,CUST_1132,2024-12-11,Workshop,Referral,83.6,30.45,Completed
ORD_5852,CUST_73,2025-03-14,Media Package,Instagram,93.6,49.81,Completed
ORD_5853,CUST_351,2025-04-20,Event Ticket,Event Walk-in,117.82,71.74,Completed
ORD_5854,CUST_598,2024-02-02,Media Package,Instagram,280.11,190.42,Completed
ORD_5855,CUST_706,2024-06-29,Media Package,Event Walk-in,343.86,155.12,Completed
ORD_5856,CUST_436,2024-07-11,Creative Studio,Partnership,375.58,187.71,Refunded
ORD_5857,CUST_1189,2024-04-05,Creative Studio,TikTok,300.91,102.16,Completed
ORD_5858,CUST_163,2024-03-09,Corporate Package,Event Walk-in,182.65,75.91,Completed
ORD_5859,CUST_1204,2025-04-26,Membership,Google Search,466.8,320.81,Completed
ORD_5860,CUST_1411,2024-01-30,Media Package,Referral,399.09,179.59,Completed
ORD_5861,CUST_125,2025-05-05,Media Package,Event Walk-in,48.72,26.92,Completed
ORD_5862,CUST_627,2024-01-12,Media Package,TikTok,150.04,83.15,Completed
ORD_5863,CUST_461,2024-05-15,Media Package,Google Search,151.8,65.9,Completed
ORD_5864,CUST_1282,2024-10-03,Event Ticket,Event Walk-in,131.31,50.73,Completed
ORD_5865,CUST_136,2024-08-23,Workshop,Google Search,51.03,18.51,Completed
ORD_5866,CUST_1476,2024-09-08,Membership,Event Walk-in,496.68,289.34,Completed
ORD_5867,CUST_113,2024-11-16,Creative Studio,Instagram,420.15,153.69,Completed
ORD_5868,CUST_1253,2024-04-12,Media Package,Event Walk-in,417.44,281.05,Completed
ORD_5869,CUST_1392,2024-10-01,Event Ticket,TikTok,442.57,301.29,Completed
ORD_5870,CUST_357,2024-10-04,Event Ticket,TikTok,304.84,119.7,Cancelled
ORD_5871,CUST_544,2024-02-01,Event Ticket,Partnership,158.12,82.14,Completed
ORD_5872,CUST_875,2025-01-11,Event Ticket,Event Walk-in,489.35,178.2,Completed
ORD_5873,CUST_239,2025-03-25,Creative Studio,TikTok,280.11,157.43,Completed
ORD_5874,CUST_221,2024-04-03,Event Ticket,TikTok,342.28,220.76,Completed
ORD_5875,CUST_1488,2025-03-12,Media Package,Instagram,464.19,149.09,Cancelled
ORD_5876,CUST_595,2025-03-02,Partner Offer,Instagram,208.32,95.9,Completed
ORD_5877,CUST_1264,2024-10-18,Event Ticket,Event Walk-in,314.62,202.95,Completed
ORD_5878,CUST_1048,2024-07-16,Media Package,Instagram,205.05,100.01,Completed
ORD_5879,CUST_1098,2024-03-07,Corporate Package,Instagram,270.85,116.9,Completed
ORD_5880,CUST_768,2024-11-23,Creative Studio,TikTok,485.82,213.27,Completed
ORD_5881,CUST_725,2024-11-03,Corporate Package,Instagram,299.84,172.7,Cancelled
ORD_5882,CUST_1351,2024-02-27,Media Package,Event Walk-in,217.04,92.22,Completed
ORD_5883,CUST_1060,2025-01-29,Corporate Package,Google Search,420.92,214.18,Completed
ORD_5884,CUST_1157,2024-03-13,Event Ticket,Google Search,156.74,101.99,Completed
ORD_5885,CUST_947,2025-01-27,Creative Studio,TikTok,58.86,26.52,Completed
ORD_5886,CUST_1500,2024-06-28,Event Ticket,Instagram,307.13,173.37,Cancelled
ORD_5887,CUST_81,2024-09-04,Media Package,LinkedIn,404.08,270.35,Completed
ORD_5888,CUST_25,2025-03-19,Media Package,Event Walk-in,82.37,37.77,Refunded
ORD_5889,CUST_969,2025-03-09,Media Package,Instagram,299.93,132.48,Completed
ORD_5890,CUST_1321,2024-12-21,Membership,TikTok,116.38,61.44,Completed
ORD_5891,CUST_588,2024-04-05,Media Package,LinkedIn,383.49,250.29,Completed
ORD_5892,CUST_795,2024-03-07,Media Package,Instagram,325.25,110.18,Completed
ORD_5893,CUST_512,2024-07-15,Media Package,Event Walk-in,349.77,137.18,Completed
ORD_5894,CUST_141,2024-08-24,Workshop,Instagram,175.76,95.26,Completed
ORD_5895,CUST_702,2024-10-14,Media Package,TikTok,46.21,31.37,Refunded
ORD_5896,CUST_94,2024-10-28,Event Ticket,TikTok,475.53,262.36,Completed
ORD_5897,CUST_354,2024-06-30,Media Package,Google Search,430.74,192.15,Completed
ORD_5898,CUST_1225,2025-02-23,Membership,Partnership,116.33,64.32,Completed
ORD_5899,CUST_55,2025-06-13,Media Package,Partnership,29.85,18.01,Completed
ORD_5900,CUST_614,2024-08-31,Membership,TikTok,347.63,183.78,Completed
ORD_5901,CUST_597,2024-04-14,Partner Offer,Partnership,30.49,19.84,Completed
ORD_5902,CUST_1197,2025-01-25,Creative Studio,TikTok,363.07,143.3,Completed
ORD_5903,CUST_148,2024-02-08,Media Package,TikTok,334.79,131.23,Completed
ORD_5904,CUST_576,2025-01-05,Workshop,TikTok,448.94,298.03,Completed
ORD_5905,CUST_760,2024-09-12,Media Package,Google Search,110.99,70.61,Completed
ORD_5906,CUST_840,2024-05-16,Media Package,Instagram,241.25,161.68,Completed
ORD_5907,CUST_663,2025-04-05,Membership,Instagram,72.76,39.65,Completed
ORD_5908,CUST_1238,2024-01-23,Media Package,Event Walk-in,402.98,252.59,Completed
ORD_5909,CUST_1200,2025-06-19,Workshop,TikTok,353.76,169.29,Cancelled
ORD_5910,CUST_904,2024-10-05,Corporate Package,TikTok,327.93,140.51,Refunded
ORD_5911,CUST_1214,2024-01-09,Membership,Event Walk-in,221.01,130.84,Completed
ORD_5912,CUST_989,2025-03-08,Membership,Instagram,460.52,289.35,Completed
ORD_5913,CUST_525,2024-04-08,Corporate Package,LinkedIn,436.35,195.96,Completed
ORD_5914,CUST_480,2024-12-02,Event Ticket,TikTok,37.13,16.55,Completed
ORD_5915,CUST_795,2025-06-19,Membership,Instagram,54.41,30.58,Completed
ORD_5916,CUST_949,2024-12-14,Membership,TikTok,136.3,90.7,Completed
ORD_5917,CUST_1336,2025-04-11,Membership,Instagram,49.31,19.35,Completed
ORD_5918,CUST_1164,2024-10-18,Workshop,Referral,125.37,49.55,Completed
ORD_5919,CUST_529,2025-02-15,Media Package,Instagram,337.87,134.06,Completed
ORD_5920,CUST_700,2025-03-20,Creative Studio,Instagram,72.2,41.93,Completed
ORD_5921,CUST_1292,2024-09-21,Media Package,Event Walk-in,171.13,79.65,Completed
ORD_5922,CUST_986,2024-04-19,Media Package,Instagram,165.14,62.4,Refunded
ORD_5923,CUST_148,2024-01-23,Corporate Package,TikTok,258.2,164.97,Refunded
ORD_5924,CUST_1404,2025-03-19,Media Package,TikTok,311.12,179.28,Completed
ORD_5925,CUST_467,2024-09-24,Media Package,Instagram,401.4,223.78,Refunded
ORD_5926,CUST_1297,2024-03-23,Event Ticket,Google Search,468.46,156.7,Completed
ORD_5927,CUST_571,2025-06-20,Membership,Instagram,334.03,170.14,Cancelled
ORD_5928,CUST_51,2025-04-03,Event Ticket,Instagram,375.23,136.19,Completed
ORD_5929,CUST_597,2025-01-02,Creative Studio,Partnership,267.7,161.82,Completed
ORD_5930,CUST_1074,2024-01-01,Media Package,Instagram,91.94,48.71,Completed
ORD_5931,CUST_395,2025-06-01,Creative Studio,Instagram,220.6,112.65,Completed
ORD_5932,CUST_559,2024-04-08,Creative Studio,Partnership,116.37,50.04,Completed
ORD_5933,CUST_1498,2024-09-24,Media Package,TikTok,470.57,274.4,Completed
ORD_5934,CUST_1092,2024-07-04,Membership,TikTok,317.82,108.76,Completed
ORD_5935,CUST_1361,2025-01-11,Media Package,Event Walk-in,71.07,42.76,Completed
ORD_5936,CUST_1127,2025-03-21,Media Package,Instagram,391.71,200.28,Completed
ORD_5937,CUST_901,2024-10-11,Creative Studio,TikTok,39.18,25.79,Refunded
ORD_5938,CUST_707,2024-12-09,Workshop,Instagram,374.53,178.34,Completed
ORD_5939,CUST_1336,2024-08-22,Media Package,Instagram,320.52,161.69,Completed
ORD_5940,CUST_706,2024-05-18,Workshop,Event Walk-in,259.3,129.3,Completed
ORD_5941,CUST_1492,2024-09-27,Partner Offer,Instagram,317.16,95.25,Completed
ORD_5942,CUST_343,2025-03-21,Event Ticket,Google Search,277.79,87.76,Completed
ORD_5943,CUST_1087,2024-06-20,Corporate Package,LinkedIn,166.65,74.18,Completed
ORD_5944,CUST_443,2024-05-07,Creative Studio,Instagram,49.8,34.17,Completed
ORD_5945,CUST_751,2024-05-13,Creative Studio,TikTok,449.53,235.83,Cancelled
ORD_5946,CUST_351,2024-09-03,Media Package,Event Walk-in,40.58,17.75,Refunded
ORD_5947,CUST_395,2025-05-17,Creative Studio,Instagram,409.04,231.49,Completed
ORD_5948,CUST_679,2025-01-20,Corporate Package,LinkedIn,247.34,163.23,Completed
ORD_5949,CUST_1318,2024-03-14,Media Package,LinkedIn,372.89,236.23,Completed
ORD_5950,CUST_1228,2024-09-12,Media Package,TikTok,243.16,107.3,Completed
ORD_5951,CUST_872,2024-09-07,Workshop,Google Search,55.49,33.64,Completed
ORD_5952,CUST_1123,2024-02-23,Media Package,Instagram,448.13,277.45,Completed
ORD_5953,CUST_745,2025-06-08,Creative Studio,Partnership,296.46,182.78,Completed
ORD_5954,CUST_383,2024-03-27,Event Ticket,Instagram,221.08,129.97,Completed
ORD_5955,CUST_989,2024-05-24,Creative Studio,Instagram,64.7,28.73,Completed
ORD_5956,CUST_713,2024-12-07,Event Ticket,LinkedIn,345.48,138.23,Completed
ORD_5957,CUST_665,2024-08-01,Event Ticket,Google Search,173.87,94.46,Completed
ORD_5958,CUST_729,2025-05-30,Corporate Package,Instagram,148.11,81.54,Completed
ORD_5959,CUST_643,2025-05-16,Media Package,LinkedIn,91.13,59.83,Completed
ORD_5960,CUST_864,2025-05-01,Event Ticket,Event Walk-in,359.88,186.69,Completed
ORD_5961,CUST_526,2024-12-01,Creative Studio,LinkedIn,205.21,130.11,Completed
ORD_5962,CUST_1167,2024-07-17,Workshop,Instagram,191.42,63.9,Completed
ORD_5963,CUST_25,2024-11-07,Media Package,Event Walk-in,340.57,137.57,Completed
ORD_5964,CUST_721,2024-09-21,Creative Studio,Event Walk-in,41.35,20.54,Completed
ORD_5965,CUST_1272,2025-01-21,Workshop,Instagram,248.41,129.22,Completed
ORD_5966,CUST_86,2024-08-26,Event Ticket,Instagram,83.78,28.01,Completed
ORD_5967,CUST_699,2024-06-03,Membership,Instagram,215.53,129.93,Completed
ORD_5968,CUST_130,2025-03-07,Event Ticket,LinkedIn,219.39,118.16,Completed
ORD_5969,CUST_1183,2024-02-18,Creative Studio,TikTok,346.64,213.45,Completed
ORD_5970,CUST_2,2024-05-07,Corporate Package,Google Search,469.13,284.72,Completed
ORD_5971,CUST_1334,2024-12-31,Media Package,TikTok,142.9,49.71,Refunded
ORD_5972,CUST_97,2024-06-26,Media Package,LinkedIn,164.31,102.02,Refunded
ORD_5973,CUST_607,2025-02-01,Membership,Instagram,456.41,245.92,Completed
ORD_5974,CUST_434,2024-11-16,Media Package,Referral,193.89,101.09,Completed
ORD_5975,CUST_938,2025-05-15,Workshop,TikTok,336.75,145.39,Completed
ORD_5976,CUST_1170,2025-05-22,Partner Offer,Instagram,59.29,31.36,Refunded
ORD_5977,CUST_1244,2024-10-06,Media Package,TikTok,269.14,88.45,Completed
ORD_5978,CUST_63,2024-10-19,Corporate Package,Referral,462.37,220.77,Completed
ORD_5979,CUST_449,2024-05-21,Media Package,Referral,398.29,121.35,Completed
ORD_5980,CUST_221,2025-04-01,Workshop,TikTok,451.1,278.72,Completed
ORD_5981,CUST_7,2024-01-29,Partner Offer,LinkedIn,337.43,212.69,Completed
ORD_5982,CUST_719,2025-05-02,Creative Studio,Instagram,360.72,148.29,Completed
ORD_5983,CUST_1399,2025-05-01,Membership,LinkedIn,390.94,205.31,Completed
ORD_5984,CUST_15,2024-06-02,Event Ticket,Instagram,31.99,18.82,Refunded
ORD_5985,CUST_1122,2025-03-07,Media Package,Event Walk-in,179.44,99.56,Completed
ORD_5986,CUST_436,2025-03-31,Creative Studio,Partnership,37.19,19.73,Completed
ORD_5987,CUST_507,2024-03-18,Creative Studio,Event Walk-in,492.68,221.38,Completed
ORD_5988,CUST_1401,2024-07-31,Media Package,Instagram,390.74,180.2,Completed
ORD_5989,CUST_198,2024-02-29,Workshop,Event Walk-in,461.85,217.08,Completed
ORD_5990,CUST_532,2024-02-17,Media Package,Instagram,187.88,63.6,Completed
ORD_5991,CUST_689,2024-02-04,Workshop,TikTok,39.15,21.59,Completed
ORD_5992,CUST_1493,2024-12-31,Media Package,Event Walk-in,149.62,76.71,Completed
ORD_5993,CUST_200,2024-10-24,Media Package,Event Walk-in,114.95,51.13,Completed
ORD_5994,CUST_179,2025-06-21,Partner Offer,Event Walk-in,320.82,207.2,Completed
ORD_5995,CUST_1289,2025-03-08,Creative Studio,LinkedIn,105.52,71.85,Completed
ORD_5996,CUST_1091,2024-07-03,Partner Offer,Partnership,397.0,190.48,Refunded
ORD_5997,CUST_867,2024-05-13,Partner Offer,TikTok,31.66,18.23,Completed
ORD_5998,CUST_1183,2024-02-02,Media Package,TikTok,498.59,308.5,Refunded
ORD_5999,CUST_397,2024-01-14,Corporate Package,Instagram,83.99,37.26,Completed
ORD_6000,CUST_1467,2025-04-22,Event Ticket,TikTok,342.36,196.43,Cancelled
ORD_6001,CUST_1000,2024-03-21,Event Ticket,Partnership,61.76,41.08,Completed
ORD_6002,CUST_1355,2024-11-11,Media Package,Event Walk-in,27.03,12.91,Completed
ORD_6003,CUST_935,2025-01-05,Workshop,Event Walk-in,258.19,133.9,Completed
ORD_6004,CUST_82,2025-05-28,Media Package,Referral,397.32,225.5,Completed
ORD_6005,CUST_272,2024-11-17,Partner Offer,Event Walk-in,94.64,40.07,Completed
ORD_6006,CUST_1308,2024-04-14,Media Package,TikTok,355.93,176.19,Completed
ORD_6007,CUST_445,2024-08-08,Workshop,Instagram,459.78,193.74,Completed
ORD_6008,CUST_561,2024-10-10,Creative Studio,Instagram,209.95,137.89,Completed
ORD_6009,CUST_640,2024-11-09,Media Package,Event Walk-in,213.54,133.93,Completed
ORD_6010,CUST_1357,2024-04-05,Media Package,Instagram,168.3,77.91,Completed
ORD_6011,CUST_1032,2025-02-22,Media Package,Google Search,332.35,106.51,Completed
ORD_6012,CUST_1317,2024-10-14,Media Package,Partnership,487.04,269.47,Completed
ORD_6013,CUST_366,2025-02-25,Creative Studio,Referral,232.51,123.6,Completed
ORD_6014,CUST_1141,2025-01-27,Media Package,TikTok,221.33,109.45,Completed
ORD_6015,CUST_1146,2024-01-17,Workshop,Event Walk-in,299.74,132.22,Completed
ORD_6016,CUST_884,2025-01-12,Creative Studio,Partnership,263.28,141.21,Cancelled
ORD_6017,CUST_1492,2025-01-18,Event Ticket,Instagram,499.52,302.17,Completed
ORD_6018,CUST_341,2024-03-10,Membership,Event Walk-in,386.88,166.92,Completed
ORD_6019,CUST_812,2024-08-26,Media Package,Instagram,250.6,126.82,Completed
ORD_6020,CUST_740,2024-07-03,Media Package,Instagram,267.21,93.6,Completed
ORD_6021,CUST_80,2025-03-08,Partner Offer,Referral,344.03,239.82,Refunded
ORD_6022,CUST_59,2024-11-19,Membership,Instagram,484.96,170.53,Completed
ORD_6023,CUST_1242,2024-09-04,Media Package,Partnership,42.75,29.22,Completed
ORD_6024,CUST_75,2024-06-08,Event Ticket,Partnership,283.75,147.83,Completed
ORD_6025,CUST_362,2024-03-09,Membership,Instagram,337.56,180.1,Completed
ORD_6026,CUST_1477,2025-02-01,Creative Studio,Partnership,145.55,56.46,Completed
ORD_6027,CUST_20,2024-11-10,Media Package,Google Search,307.24,135.22,Completed
ORD_6028,CUST_1059,2024-04-02,Membership,Instagram,352.15,130.61,Completed
ORD_6029,CUST_691,2025-05-27,Creative Studio,Instagram,418.37,203.2,Completed
ORD_6030,CUST_1326,2024-11-02,Corporate Package,Partnership,44.53,17.88,Completed
ORD_6031,CUST_305,2024-01-03,Membership,Google Search,254.89,129.97,Completed
ORD_6032,CUST_1283,2024-10-15,Event Ticket,Instagram,452.16,253.42,Refunded
ORD_6033,CUST_447,2024-06-19,Partner Offer,Event Walk-in,434.26,209.31,Completed
ORD_6034,CUST_983,2025-05-31,Media Package,Instagram,384.2,128.87,Completed
ORD_6035,CUST_1033,2024-12-31,Partner Offer,Instagram,481.35,258.33,Completed
ORD_6036,CUST_380,2025-02-20,Creative Studio,Event Walk-in,268.98,85.51,Refunded
ORD_6037,CUST_433,2025-05-23,Media Package,Instagram,397.23,131.6,Completed
ORD_6038,CUST_164,2024-04-02,Partner Offer,Event Walk-in,403.98,138.88,Refunded
ORD_6039,CUST_254,2024-03-19,Media Package,LinkedIn,274.33,116.59,Completed
ORD_6040,CUST_1448,2024-05-24,Creative Studio,Google Search,376.83,200.59,Completed
ORD_6041,CUST_820,2024-09-30,Partner Offer,Event Walk-in,154.72,76.78,Cancelled
ORD_6042,CUST_1472,2024-11-21,Media Package,Instagram,133.77,50.55,Completed
ORD_6043,CUST_770,2024-08-03,Partner Offer,Partnership,471.43,174.45,Refunded
ORD_6044,CUST_482,2025-01-08,Media Package,TikTok,363.4,253.8,Completed
ORD_6045,CUST_271,2025-05-15,Media Package,Referral,499.81,172.82,Completed
ORD_6046,CUST_172,2024-02-29,Workshop,TikTok,209.3,121.82,Completed
ORD_6047,CUST_1308,2024-03-18,Partner Offer,TikTok,278.36,194.27,Cancelled
ORD_6048,CUST_1189,2025-01-19,Creative Studio,TikTok,251.98,88.9,Completed
ORD_6049,CUST_1125,2024-04-23,Creative Studio,Event Walk-in,496.62,260.84,Completed
ORD_6050,CUST_404,2024-07-01,Membership,Event Walk-in,169.77,57.83,Completed
ORD_6051,CUST_1230,2024-04-09,Media Package,Event Walk-in,360.58,208.47,Completed
ORD_6052,CUST_1141,2024-04-03,Media Package,TikTok,298.49,206.28,Completed
ORD_6053,CUST_604,2024-02-12,Workshop,Instagram,434.36,288.73,Cancelled
ORD_6054,CUST_678,2025-06-29,Event Ticket,LinkedIn,169.15,108.03,Completed
ORD_6055,CUST_764,2025-01-29,Membership,Partnership,454.4,165.4,Completed
ORD_6056,CUST_191,2024-06-26,Creative Studio,Instagram,399.08,194.7,Completed
ORD_6057,CUST_253,2025-01-13,Media Package,Instagram,300.44,106.51,Completed
ORD_6058,CUST_840,2024-09-04,Partner Offer,Instagram,393.02,240.76,Completed
ORD_6059,CUST_489,2024-04-14,Event Ticket,Instagram,240.41,78.27,Completed
ORD_6060,CUST_1378,2024-06-07,Media Package,Instagram,274.83,172.17,Completed
ORD_6061,CUST_398,2024-04-02,Partner Offer,TikTok,62.12,31.53,Completed
ORD_6062,CUST_1379,2025-02-15,Event Ticket,Event Walk-in,405.52,142.28,Completed
ORD_6063,CUST_154,2024-12-06,Corporate Package,Instagram,76.17,30.61,Completed
ORD_6064,CUST_11,2024-07-19,Corporate Package,Instagram,457.3,162.59,Cancelled
ORD_6065,CUST_1373,2024-11-24,Membership,Event Walk-in,150.38,57.41,Completed
ORD_6066,CUST_805,2024-11-10,Membership,Instagram,433.99,157.86,Completed
ORD_6067,CUST_433,2025-06-29,Event Ticket,Instagram,152.49,85.6,Completed
ORD_6068,CUST_863,2024-02-18,Media Package,Instagram,279.39,88.46,Refunded
ORD_6069,CUST_461,2025-02-21,Creative Studio,Google Search,131.13,53.76,Completed
ORD_6070,CUST_339,2024-11-16,Creative Studio,TikTok,409.71,250.21,Completed
ORD_6071,CUST_1280,2025-03-18,Membership,Partnership,136.8,71.23,Completed
ORD_6072,CUST_254,2024-11-29,Partner Offer,LinkedIn,266.87,119.17,Completed
ORD_6073,CUST_1479,2024-07-07,Media Package,Instagram,138.95,47.13,Completed
ORD_6074,CUST_157,2025-02-20,Partner Offer,LinkedIn,464.53,321.49,Refunded
ORD_6075,CUST_50,2024-09-30,Creative Studio,Instagram,328.87,217.63,Completed
ORD_6076,CUST_1389,2024-11-10,Media Package,Event Walk-in,298.71,130.47,Refunded
ORD_6077,CUST_1086,2024-04-15,Event Ticket,LinkedIn,216.22,89.03,Cancelled
ORD_6078,CUST_1386,2025-01-26,Partner Offer,Event Walk-in,180.4,70.84,Completed
ORD_6079,CUST_1166,2024-04-05,Event Ticket,Instagram,168.51,111.57,Refunded
ORD_6080,CUST_924,2025-06-23,Media Package,TikTok,219.05,117.18,Completed
ORD_6081,CUST_843,2024-09-13,Event Ticket,Partnership,322.72,121.62,Completed
ORD_6082,CUST_1379,2025-02-18,Media Package,Event Walk-in,177.9,79.45,Completed
ORD_6083,CUST_1406,2025-05-30,Partner Offer,Event Walk-in,468.35,265.64,Completed
ORD_6084,CUST_1120,2024-03-26,Media Package,TikTok,381.03,184.79,Completed
ORD_6085,CUST_1378,2025-02-15,Event Ticket,Instagram,281.26,145.53,Completed
ORD_6086,CUST_57,2025-01-25,Partner Offer,LinkedIn,58.82,21.29,Completed
ORD_6087,CUST_616,2024-07-17,Media Package,Instagram,36.47,20.89,Completed
ORD_6088,CUST_400,2024-03-29,Workshop,Google Search,285.96,129.8,Completed
ORD_6089,CUST_7,2024-08-23,Event Ticket,LinkedIn,384.75,118.26,Completed
ORD_6090,CUST_1158,2024-12-26,Media Package,Event Walk-in,295.53,174.48,Completed
ORD_6091,CUST_591,2025-04-11,Event Ticket,Partnership,358.82,201.06,Completed
ORD_6092,CUST_187,2024-05-29,Event Ticket,LinkedIn,351.49,132.66,Cancelled
ORD_6093,CUST_1140,2025-04-19,Partner Offer,Instagram,349.17,124.91,Completed
ORD_6094,CUST_25,2024-12-13,Media Package,Event Walk-in,52.8,16.97,Completed
ORD_6095,CUST_283,2024-09-17,Workshop,Google Search,42.59,20.99,Completed
ORD_6096,CUST_77,2024-05-05,Event Ticket,TikTok,404.24,128.41,Completed
ORD_6097,CUST_1405,2024-10-29,Creative Studio,Referral,487.81,284.3,Refunded
ORD_6098,CUST_189,2024-02-15,Creative Studio,Partnership,88.87,43.44,Cancelled
ORD_6099,CUST_292,2024-01-24,Media Package,TikTok,67.0,23.05,Completed
ORD_6100,CUST_1170,2025-06-12,Creative Studio,Instagram,422.6,148.62,Completed
ORD_6101,CUST_430,2024-02-14,Membership,Instagram,373.28,126.5,Completed
ORD_6102,CUST_396,2024-07-05,Membership,Instagram,79.8,51.88,Completed
ORD_6103,CUST_768,2025-01-02,Corporate Package,TikTok,239.21,77.72,Refunded
ORD_6104,CUST_766,2024-09-26,Media Package,Instagram,443.13,307.96,Completed
ORD_6105,CUST_659,2024-12-15,Event Ticket,LinkedIn,46.33,27.18,Completed
ORD_6106,CUST_73,2024-09-20,Corporate Package,Instagram,486.14,275.37,Completed
ORD_6107,CUST_110,2025-06-01,Creative Studio,Instagram,202.2,138.07,Completed
ORD_6108,CUST_1277,2024-09-22,Membership,Event Walk-in,288.32,102.65,Completed
ORD_6109,CUST_1271,2025-02-02,Creative Studio,Event Walk-in,186.17,112.39,Completed
ORD_6110,CUST_283,2025-03-17,Workshop,Google Search,212.76,76.23,Completed
ORD_6111,CUST_602,2025-05-18,Media Package,TikTok,481.42,170.75,Refunded
ORD_6112,CUST_605,2025-03-29,Media Package,Instagram,107.97,57.62,Completed
ORD_6113,CUST_301,2025-03-11,Media Package,TikTok,454.61,302.39,Refunded
ORD_6114,CUST_525,2024-08-31,Event Ticket,LinkedIn,335.43,209.08,Completed
ORD_6115,CUST_1010,2024-02-23,Creative Studio,Referral,51.75,17.51,Completed
ORD_6116,CUST_47,2024-05-21,Corporate Package,Google Search,30.27,14.92,Completed
ORD_6117,CUST_407,2024-03-31,Partner Offer,Partnership,221.78,140.69,Completed
ORD_6118,CUST_318,2024-07-17,Media Package,Instagram,306.43,130.96,Completed
ORD_6119,CUST_1120,2024-10-13,Media Package,TikTok,353.84,243.71,Completed
ORD_6120,CUST_1032,2025-04-02,Partner Offer,Google Search,238.18,147.82,Completed
ORD_6121,CUST_653,2024-01-16,Membership,TikTok,29.36,14.78,Completed
ORD_6122,CUST_998,2024-12-03,Event Ticket,Instagram,490.97,308.08,Completed
ORD_6123,CUST_1127,2024-09-19,Corporate Package,Instagram,331.21,194.22,Completed
ORD_6124,CUST_940,2024-11-26,Media Package,Google Search,26.83,8.48,Completed
ORD_6125,CUST_298,2024-10-23,Creative Studio,Instagram,27.03,15.04,Completed
ORD_6126,CUST_157,2024-05-04,Membership,LinkedIn,291.82,193.6,Completed
ORD_6127,CUST_857,2024-02-18,Partner Offer,Event Walk-in,212.56,142.27,Completed
ORD_6128,CUST_996,2025-03-27,Event Ticket,Partnership,148.01,54.0,Completed
ORD_6129,CUST_969,2025-01-02,Corporate Package,Instagram,312.92,162.67,Cancelled
ORD_6130,CUST_812,2025-02-22,Media Package,Instagram,157.72,66.94,Completed
ORD_6131,CUST_1171,2024-12-05,Media Package,Referral,461.83,322.71,Completed
ORD_6132,CUST_620,2025-02-07,Media Package,Instagram,441.48,244.2,Completed
ORD_6133,CUST_536,2024-09-18,Corporate Package,Instagram,259.08,162.65,Completed
ORD_6134,CUST_792,2025-02-17,Workshop,Instagram,151.95,59.45,Completed
ORD_6135,CUST_227,2025-02-27,Corporate Package,Instagram,410.33,281.45,Completed
ORD_6136,CUST_422,2024-06-01,Media Package,Event Walk-in,416.98,166.67,Completed
ORD_6137,CUST_1322,2024-07-09,Corporate Package,Partnership,20.31,13.14,Completed
ORD_6138,CUST_77,2024-06-17,Media Package,TikTok,466.36,163.86,Refunded
ORD_6139,CUST_1275,2024-04-23,Media Package,Instagram,478.39,198.44,Completed
ORD_6140,CUST_1080,2025-01-17,Membership,Event Walk-in,62.56,38.87,Completed
ORD_6141,CUST_1263,2025-06-06,Media Package,Partnership,156.29,71.78,Completed
ORD_6142,CUST_324,2024-11-01,Media Package,Referral,205.16,84.32,Completed
ORD_6143,CUST_905,2025-05-11,Partner Offer,Instagram,128.87,86.36,Completed
ORD_6144,CUST_994,2025-05-29,Event Ticket,TikTok,373.28,215.58,Refunded
ORD_6145,CUST_594,2024-10-12,Creative Studio,Instagram,442.85,154.12,Completed
ORD_6146,CUST_1284,2025-05-06,Partner Offer,LinkedIn,436.3,238.37,Completed
ORD_6147,CUST_453,2024-11-29,Corporate Package,Partnership,354.35,195.5,Completed
ORD_6148,CUST_100,2024-05-30,Event Ticket,Instagram,107.76,71.47,Completed
ORD_6149,CUST_1046,2024-07-24,Event Ticket,TikTok,405.0,275.91,Completed
ORD_6150,CUST_660,2024-12-18,Media Package,LinkedIn,496.26,276.46,Completed
ORD_6151,CUST_289,2024-06-11,Partner Offer,Partnership,205.01,143.48,Completed
ORD_6152,CUST_629,2025-05-15,Membership,Event Walk-in,235.94,126.29,Completed
ORD_6153,CUST_621,2024-10-10,Event Ticket,Instagram,37.24,16.25,Completed
ORD_6154,CUST_1294,2024-10-25,Partner Offer,Partnership,236.79,151.28,Completed
ORD_6155,CUST_125,2024-06-09,Creative Studio,Event Walk-in,210.82,130.86,Completed
ORD_6156,CUST_274,2024-05-03,Corporate Package,Partnership,231.86,137.84,Completed
ORD_6157,CUST_1480,2025-05-19,Creative Studio,TikTok,237.43,113.6,Completed
ORD_6158,CUST_157,2024-10-01,Media Package,LinkedIn,22.94,11.03,Completed
ORD_6159,CUST_1304,2024-11-21,Event Ticket,Instagram,173.39,75.03,Completed
ORD_6160,CUST_895,2025-03-22,Creative Studio,Partnership,286.25,126.1,Completed
ORD_6161,CUST_1006,2025-02-16,Creative Studio,Event Walk-in,49.49,29.94,Completed
ORD_6162,CUST_236,2024-08-31,Partner Offer,Instagram,170.28,88.22,Completed
ORD_6163,CUST_674,2024-02-21,Media Package,Event Walk-in,180.08,84.88,Completed
ORD_6164,CUST_541,2025-05-31,Workshop,TikTok,387.12,226.72,Completed
ORD_6165,CUST_1011,2024-04-22,Creative Studio,LinkedIn,126.38,74.2,Completed
ORD_6166,CUST_813,2024-02-08,Event Ticket,Event Walk-in,429.26,147.67,Completed
ORD_6167,CUST_108,2025-05-01,Media Package,Event Walk-in,434.4,142.31,Completed
ORD_6168,CUST_1214,2024-10-14,Event Ticket,Event Walk-in,284.43,136.23,Completed
ORD_6169,CUST_237,2024-08-08,Creative Studio,Instagram,21.13,7.49,Completed
ORD_6170,CUST_726,2024-06-20,Media Package,TikTok,189.78,123.84,Completed
ORD_6171,CUST_354,2024-02-19,Media Package,Google Search,135.29,89.36,Completed
ORD_6172,CUST_1106,2024-09-17,Creative Studio,TikTok,83.0,30.33,Completed
ORD_6173,CUST_771,2024-03-25,Workshop,Event Walk-in,322.81,98.69,Refunded
ORD_6174,CUST_200,2024-02-04,Membership,Event Walk-in,73.13,24.0,Completed
ORD_6175,CUST_561,2024-07-20,Partner Offer,Instagram,120.35,62.17,Completed
ORD_6176,CUST_138,2024-03-14,Corporate Package,TikTok,20.55,13.63,Completed
ORD_6177,CUST_989,2024-08-12,Creative Studio,Instagram,415.86,130.86,Completed
ORD_6178,CUST_55,2025-06-23,Creative Studio,Partnership,413.8,265.44,Cancelled
ORD_6179,CUST_995,2025-05-12,Event Ticket,Instagram,411.35,228.21,Completed
ORD_6180,CUST_1139,2024-09-24,Membership,Instagram,101.37,41.89,Refunded
ORD_6181,CUST_363,2024-12-19,Membership,Instagram,270.67,83.43,Completed
ORD_6182,CUST_1316,2025-02-06,Event Ticket,Google Search,72.09,47.62,Refunded
ORD_6183,CUST_176,2025-05-11,Corporate Package,LinkedIn,74.87,38.84,Refunded
ORD_6184,CUST_287,2025-02-16,Media Package,Event Walk-in,21.28,11.97,Completed
ORD_6185,CUST_836,2024-05-19,Event Ticket,Instagram,489.71,301.07,Completed
ORD_6186,CUST_112,2024-07-30,Creative Studio,TikTok,283.12,115.88,Completed
ORD_6187,CUST_838,2024-11-02,Media Package,Event Walk-in,46.58,20.18,Completed
ORD_6188,CUST_610,2024-06-05,Media Package,Instagram,145.2,98.45,Completed
ORD_6189,CUST_690,2024-12-23,Creative Studio,Instagram,67.89,43.61,Completed
ORD_6190,CUST_9,2024-06-06,Workshop,Instagram,67.17,30.27,Completed
ORD_6191,CUST_1177,2024-02-13,Event Ticket,Instagram,385.75,227.55,Completed
ORD_6192,CUST_275,2024-12-31,Partner Offer,TikTok,64.36,31.49,Completed
ORD_6193,CUST_642,2024-08-10,Media Package,Referral,60.42,31.81,Refunded
ORD_6194,CUST_1486,2025-05-24,Media Package,Event Walk-in,77.49,49.93,Refunded
ORD_6195,CUST_916,2024-05-22,Event Ticket,TikTok,34.2,12.0,Completed
ORD_6196,CUST_163,2024-07-05,Creative Studio,Event Walk-in,493.3,243.24,Completed
ORD_6197,CUST_1299,2025-01-14,Creative Studio,LinkedIn,144.54,63.07,Completed
ORD_6198,CUST_480,2024-09-30,Membership,TikTok,212.6,146.91,Completed
ORD_6199,CUST_854,2025-04-01,Media Package,TikTok,281.89,167.29,Completed
ORD_6200,CUST_978,2024-01-23,Corporate Package,LinkedIn,77.75,41.92,Completed
ORD_6201,CUST_1247,2024-03-25,Media Package,Instagram,96.77,57.15,Refunded
ORD_6202,CUST_366,2024-04-12,Media Package,Referral,60.26,30.09,Completed
ORD_6203,CUST_1099,2025-05-09,Creative Studio,Partnership,206.58,117.2,Completed
ORD_6204,CUST_657,2024-10-10,Membership,TikTok,31.49,21.98,Completed
ORD_6205,CUST_237,2024-06-18,Creative Studio,Instagram,474.81,224.19,Completed
ORD_6206,CUST_1474,2025-03-15,Partner Offer,Instagram,280.51,127.05,Completed
ORD_6207,CUST_796,2024-07-01,Media Package,Instagram,149.21,85.06,Completed
ORD_6208,CUST_1318,2024-09-07,Media Package,LinkedIn,366.18,159.5,Completed
ORD_6209,CUST_1095,2025-05-02,Membership,Instagram,364.35,160.92,Completed
ORD_6210,CUST_1441,2024-12-24,Creative Studio,TikTok,30.69,16.04,Completed
ORD_6211,CUST_1135,2024-02-07,Media Package,Instagram,465.17,197.43,Completed
ORD_6212,CUST_1472,2024-11-06,Media Package,Instagram,89.15,29.44,Completed
ORD_6213,CUST_1338,2024-08-03,Media Package,TikTok,309.96,140.35,Completed
ORD_6214,CUST_1116,2025-03-18,Media Package,Instagram,348.66,202.76,Completed
ORD_6215,CUST_1103,2024-04-14,Creative Studio,Event Walk-in,215.4,81.18,Completed
ORD_6216,CUST_1344,2024-06-27,Partner Offer,Referral,437.83,154.24,Completed
ORD_6217,CUST_1111,2024-09-29,Workshop,LinkedIn,299.84,164.2,Refunded
ORD_6218,CUST_296,2024-02-25,Media Package,TikTok,459.33,208.63,Refunded
ORD_6219,CUST_822,2024-09-03,Membership,Instagram,475.97,261.94,Completed
ORD_6220,CUST_240,2024-08-03,Creative Studio,Event Walk-in,329.82,150.6,Completed
ORD_6221,CUST_728,2024-05-07,Partner Offer,Partnership,161.36,84.5,Completed
ORD_6222,CUST_100,2024-04-22,Event Ticket,Instagram,135.17,69.47,Completed
ORD_6223,CUST_1289,2024-09-15,Media Package,LinkedIn,142.31,97.29,Refunded
ORD_6224,CUST_553,2024-10-21,Media Package,Event Walk-in,242.84,77.01,Completed
ORD_6225,CUST_832,2024-03-14,Workshop,Instagram,194.38,101.29,Completed
ORD_6226,CUST_390,2025-05-10,Event Ticket,Instagram,198.43,130.12,Completed
ORD_6227,CUST_146,2025-01-09,Media Package,LinkedIn,120.74,56.94,Completed
ORD_6228,CUST_79,2025-02-14,Membership,TikTok,402.17,200.42,Completed
ORD_6229,CUST_323,2024-10-03,Media Package,Event Walk-in,141.0,51.08,Completed
ORD_6230,CUST_420,2025-05-14,Creative Studio,Instagram,352.92,153.77,Completed
ORD_6231,CUST_903,2024-12-02,Corporate Package,Instagram,447.58,230.68,Completed
ORD_6232,CUST_853,2024-08-07,Media Package,LinkedIn,257.5,128.99,Completed
ORD_6233,CUST_759,2024-08-31,Corporate Package,Instagram,203.24,121.55,Completed
ORD_6234,CUST_785,2025-01-16,Creative Studio,Instagram,52.77,31.56,Completed
ORD_6235,CUST_1374,2024-12-18,Media Package,Instagram,181.47,125.46,Completed
ORD_6236,CUST_251,2025-05-14,Creative Studio,TikTok,120.18,70.39,Completed
ORD_6237,CUST_681,2025-02-22,Creative Studio,Partnership,167.51,86.6,Completed
ORD_6238,CUST_627,2025-06-27,Workshop,TikTok,226.28,145.69,Completed
ORD_6239,CUST_800,2024-04-30,Workshop,Event Walk-in,61.51,35.41,Completed
ORD_6240,CUST_641,2024-09-01,Membership,Instagram,256.55,144.21,Completed
ORD_6241,CUST_863,2024-11-05,Creative Studio,Instagram,358.24,122.81,Completed
ORD_6242,CUST_1374,2025-04-21,Event Ticket,Instagram,420.07,175.43,Completed
ORD_6243,CUST_592,2025-03-31,Media Package,TikTok,189.46,79.5,Completed
ORD_6244,CUST_1173,2025-05-19,Media Package,Instagram,96.89,66.96,Completed
ORD_6245,CUST_224,2024-09-08,Partner Offer,Event Walk-in,455.09,252.33,Completed
ORD_6246,CUST_322,2024-12-23,Media Package,Instagram,283.9,189.26,Completed
ORD_6247,CUST_36,2024-02-12,Media Package,Event Walk-in,232.36,95.52,Completed
ORD_6248,CUST_144,2024-10-17,Creative Studio,Event Walk-in,209.26,89.46,Completed
ORD_6249,CUST_1296,2024-02-07,Event Ticket,TikTok,436.51,279.69,Completed
ORD_6250,CUST_298,2025-02-01,Event Ticket,Instagram,486.44,284.61,Completed
ORD_6251,CUST_949,2024-12-22,Media Package,TikTok,115.15,75.93,Completed
ORD_6252,CUST_366,2024-02-10,Workshop,Referral,116.04,66.75,Completed
ORD_6253,CUST_994,2024-02-06,Partner Offer,TikTok,488.67,151.46,Completed
ORD_6254,CUST_1173,2024-10-03,Media Package,Instagram,75.82,45.73,Completed
ORD_6255,CUST_726,2025-03-18,Media Package,TikTok,248.18,158.09,Completed
ORD_6256,CUST_273,2025-06-25,Creative Studio,Instagram,98.36,42.56,Completed
ORD_6257,CUST_747,2025-02-11,Partner Offer,LinkedIn,419.76,131.14,Completed
ORD_6258,CUST_428,2025-01-08,Media Package,Event Walk-in,353.67,151.57,Completed
ORD_6259,CUST_1326,2025-03-10,Creative Studio,Partnership,173.21,69.04,Completed
ORD_6260,CUST_690,2024-12-27,Partner Offer,Instagram,328.5,177.02,Completed
ORD_6261,CUST_493,2025-05-13,Partner Offer,TikTok,159.21,57.06,Completed
ORD_6262,CUST_48,2024-12-30,Media Package,Google Search,239.21,136.35,Completed
ORD_6263,CUST_185,2024-02-16,Media Package,Instagram,341.45,237.67,Completed
ORD_6264,CUST_1282,2024-05-16,Media Package,Event Walk-in,446.55,270.97,Completed
ORD_6265,CUST_339,2024-03-28,Partner Offer,TikTok,148.49,68.52,Completed
ORD_6266,CUST_1421,2024-12-19,Workshop,LinkedIn,112.79,73.85,Completed
ORD_6267,CUST_1253,2024-01-08,Event Ticket,Event Walk-in,192.97,104.76,Completed
ORD_6268,CUST_478,2025-04-24,Partner Offer,TikTok,361.43,182.86,Completed
ORD_6269,CUST_1055,2025-05-19,Media Package,TikTok,258.25,148.59,Cancelled
ORD_6270,CUST_893,2024-08-20,Creative Studio,Instagram,315.66,135.6,Refunded
ORD_6271,CUST_611,2024-08-18,Creative Studio,Instagram,447.8,278.08,Completed
ORD_6272,CUST_787,2025-02-27,Creative Studio,Instagram,104.28,66.11,Completed
ORD_6273,CUST_753,2024-03-05,Partner Offer,Instagram,102.96,35.8,Completed
ORD_6274,CUST_1272,2024-01-23,Membership,Instagram,265.16,164.0,Completed
ORD_6275,CUST_210,2024-01-12,Media Package,Partnership,489.01,168.31,Refunded
ORD_6276,CUST_307,2024-08-21,Workshop,Partnership,316.21,194.81,Completed
ORD_6277,CUST_1448,2025-03-23,Corporate Package,Google Search,205.04,90.6,Completed
ORD_6278,CUST_1360,2024-06-06,Creative Studio,Instagram,467.79,228.54,Completed
ORD_6279,CUST_431,2024-06-27,Partner Offer,Event Walk-in,402.28,225.37,Completed
ORD_6280,CUST_415,2025-03-01,Membership,Event Walk-in,430.71,203.23,Completed
ORD_6281,CUST_1392,2024-09-27,Media Package,TikTok,76.35,29.58,Completed
ORD_6282,CUST_509,2024-05-24,Corporate Package,Partnership,23.3,11.99,Refunded
ORD_6283,CUST_1008,2025-06-19,Creative Studio,TikTok,243.89,96.54,Refunded
ORD_6284,CUST_606,2024-04-16,Event Ticket,Event Walk-in,65.71,21.54,Completed
ORD_6285,CUST_1386,2024-05-11,Partner Offer,Event Walk-in,226.93,89.92,Completed
ORD_6286,CUST_1201,2024-06-19,Event Ticket,LinkedIn,444.35,216.92,Completed
ORD_6287,CUST_721,2024-06-19,Creative Studio,Event Walk-in,411.54,182.58,Completed
ORD_6288,CUST_418,2025-01-21,Event Ticket,TikTok,395.88,159.69,Completed
ORD_6289,CUST_20,2025-05-15,Workshop,Google Search,149.84,83.26,Completed
ORD_6290,CUST_880,2024-05-30,Corporate Package,TikTok,188.56,88.26,Completed
ORD_6291,CUST_403,2024-11-09,Creative Studio,Google Search,433.63,143.05,Completed
ORD_6292,CUST_85,2024-11-22,Media Package,Partnership,223.13,98.31,Completed
ORD_6293,CUST_447,2024-10-06,Creative Studio,Event Walk-in,321.71,150.0,Completed
ORD_6294,CUST_1102,2024-08-07,Membership,Instagram,350.25,141.19,Completed
ORD_6295,CUST_19,2024-11-20,Membership,LinkedIn,79.92,42.65,Refunded
ORD_6296,CUST_392,2024-04-22,Media Package,Referral,229.68,100.57,Completed
ORD_6297,CUST_797,2025-06-29,Media Package,LinkedIn,184.7,96.84,Completed
ORD_6298,CUST_849,2024-12-16,Event Ticket,TikTok,375.21,176.13,Completed
ORD_6299,CUST_1497,2025-04-05,Membership,Instagram,231.46,155.28,Cancelled
ORD_6300,CUST_1318,2024-12-12,Event Ticket,LinkedIn,267.53,141.21,Completed
ORD_6301,CUST_1228,2024-04-12,Media Package,TikTok,27.03,8.48,Completed
ORD_6302,CUST_50,2025-03-15,Media Package,Instagram,444.66,283.21,Completed
ORD_6303,CUST_649,2024-10-13,Corporate Package,Referral,112.61,74.77,Refunded
ORD_6304,CUST_1017,2024-09-23,Creative Studio,LinkedIn,78.34,45.38,Completed
ORD_6305,CUST_467,2024-01-29,Partner Offer,Instagram,386.99,263.95,Completed
ORD_6306,CUST_93,2025-06-18,Membership,TikTok,372.7,183.42,Completed
ORD_6307,CUST_1169,2024-09-30,Partner Offer,LinkedIn,235.3,92.62,Refunded
ORD_6308,CUST_428,2024-04-23,Membership,Event Walk-in,413.83,196.71,Completed
ORD_6309,CUST_853,2024-07-31,Partner Offer,LinkedIn,262.93,145.37,Completed
ORD_6310,CUST_29,2024-01-02,Media Package,Partnership,436.82,268.16,Refunded
ORD_6311,CUST_1313,2025-02-08,Partner Offer,Referral,280.23,119.59,Completed
ORD_6312,CUST_652,2025-05-09,Event Ticket,Instagram,83.5,37.66,Completed
ORD_6313,CUST_1273,2025-03-07,Media Package,TikTok,309.7,204.95,Completed
ORD_6314,CUST_1101,2024-04-21,Partner Offer,Instagram,78.65,24.39,Completed
ORD_6315,CUST_366,2025-04-21,Creative Studio,Referral,238.52,73.55,Completed
ORD_6316,CUST_664,2025-01-17,Event Ticket,LinkedIn,264.05,135.37,Completed
ORD_6317,CUST_1218,2025-05-09,Media Package,Instagram,384.99,175.83,Completed
ORD_6318,CUST_240,2025-03-02,Membership,Event Walk-in,440.23,230.61,Completed
ORD_6319,CUST_1485,2024-05-30,Event Ticket,TikTok,405.38,202.66,Completed
ORD_6320,CUST_281,2025-06-12,Creative Studio,Instagram,442.26,137.2,Completed
ORD_6321,CUST_1374,2024-11-02,Event Ticket,Instagram,366.15,176.06,Completed
ORD_6322,CUST_1181,2024-08-15,Event Ticket,Partnership,158.06,62.79,Refunded
ORD_6323,CUST_1189,2024-06-14,Creative Studio,TikTok,367.2,190.22,Completed
ORD_6324,CUST_1050,2024-12-02,Workshop,TikTok,185.01,64.63,Completed
ORD_6325,CUST_687,2025-03-15,Media Package,Event Walk-in,446.42,234.02,Completed
ORD_6326,CUST_340,2024-03-26,Creative Studio,TikTok,231.85,117.63,Completed
ORD_6327,CUST_1272,2024-08-24,Media Package,Instagram,23.79,13.69,Completed
ORD_6328,CUST_368,2024-09-13,Workshop,Event Walk-in,368.33,217.72,Completed
ORD_6329,CUST_23,2025-05-13,Media Package,Instagram,486.92,219.72,Completed
ORD_6330,CUST_1296,2024-05-13,Creative Studio,TikTok,21.48,13.59,Completed
ORD_6331,CUST_872,2024-04-27,Media Package,Google Search,143.39,86.64,Completed
ORD_6332,CUST_310,2024-02-24,Event Ticket,Referral,149.13,94.44,Completed
ORD_6333,CUST_1390,2025-01-17,Media Package,Event Walk-in,256.58,153.97,Completed
ORD_6334,CUST_603,2025-02-10,Partner Offer,Instagram,474.34,250.26,Completed
ORD_6335,CUST_592,2025-02-04,Media Package,TikTok,312.06,155.88,Completed
ORD_6336,CUST_1304,2024-10-10,Event Ticket,Instagram,383.08,160.88,Cancelled
ORD_6337,CUST_258,2024-09-09,Event Ticket,TikTok,465.41,324.39,Completed
ORD_6338,CUST_932,2025-02-11,Media Package,Partnership,105.79,61.77,Completed
ORD_6339,CUST_188,2024-12-15,Partner Offer,Partnership,487.26,282.77,Completed
ORD_6340,CUST_714,2024-01-04,Event Ticket,Partnership,266.57,84.85,Completed
ORD_6341,CUST_1021,2024-01-26,Media Package,TikTok,89.36,58.44,Completed
ORD_6342,CUST_658,2025-01-10,Workshop,LinkedIn,402.53,244.54,Completed
ORD_6343,CUST_33,2024-05-24,Corporate Package,Google Search,469.11,208.13,Refunded
ORD_6344,CUST_636,2024-08-25,Membership,Event Walk-in,159.81,96.96,Cancelled
ORD_6345,CUST_836,2024-08-24,Workshop,Instagram,84.43,47.83,Completed
ORD_6346,CUST_268,2024-07-15,Media Package,Partnership,470.33,299.24,Completed
ORD_6347,CUST_1169,2024-03-25,Event Ticket,LinkedIn,93.28,46.72,Completed
ORD_6348,CUST_451,2024-09-02,Corporate Package,Event Walk-in,171.9,58.15,Completed
ORD_6349,CUST_945,2024-03-27,Media Package,Event Walk-in,337.8,180.93,Completed
ORD_6350,CUST_1284,2024-09-16,Creative Studio,LinkedIn,497.57,192.56,Completed
ORD_6351,CUST_678,2024-12-19,Event Ticket,LinkedIn,441.05,230.26,Refunded
ORD_6352,CUST_837,2024-03-24,Creative Studio,LinkedIn,148.1,89.44,Refunded
ORD_6353,CUST_832,2024-03-31,Event Ticket,Instagram,309.64,122.09,Completed
ORD_6354,CUST_487,2024-07-12,Event Ticket,TikTok,399.51,180.48,Completed
ORD_6355,CUST_51,2025-06-09,Partner Offer,Instagram,266.86,116.81,Completed
ORD_6356,CUST_971,2025-05-08,Media Package,Instagram,26.62,16.55,Completed
ORD_6357,CUST_965,2024-08-13,Creative Studio,Instagram,70.48,45.17,Completed
ORD_6358,CUST_831,2025-04-09,Event Ticket,LinkedIn,366.13,232.23,Refunded
ORD_6359,CUST_825,2024-03-24,Corporate Package,Partnership,348.83,144.78,Completed
ORD_6360,CUST_768,2024-07-15,Event Ticket,TikTok,459.01,171.99,Completed
ORD_6361,CUST_935,2025-04-07,Partner Offer,Event Walk-in,119.15,43.1,Refunded
ORD_6362,CUST_168,2024-11-06,Event Ticket,Event Walk-in,478.32,263.28,Completed
ORD_6363,CUST_510,2025-01-26,Event Ticket,Instagram,313.25,154.09,Completed
ORD_6364,CUST_856,2025-02-05,Membership,Event Walk-in,248.17,151.66,Completed
ORD_6365,CUST_239,2024-11-24,Membership,TikTok,130.41,72.87,Completed
ORD_6366,CUST_589,2024-09-22,Event Ticket,Event Walk-in,243.66,105.01,Completed
ORD_6367,CUST_658,2025-02-17,Media Package,LinkedIn,130.39,48.31,Refunded
ORD_6368,CUST_926,2025-03-22,Corporate Package,Event Walk-in,144.53,85.58,Completed
ORD_6369,CUST_1061,2024-10-13,Membership,TikTok,315.41,211.96,Completed
ORD_6370,CUST_1378,2025-04-10,Media Package,Instagram,255.69,103.83,Completed
ORD_6371,CUST_1047,2024-08-26,Corporate Package,Instagram,302.6,94.1,Completed
ORD_6372,CUST_451,2025-04-28,Workshop,Event Walk-in,179.16,101.74,Completed
ORD_6373,CUST_828,2024-08-19,Event Ticket,LinkedIn,53.44,16.93,Completed
ORD_6374,CUST_658,2025-03-06,Workshop,LinkedIn,378.02,244.19,Completed
ORD_6375,CUST_535,2025-04-07,Creative Studio,Instagram,187.27,58.71,Completed
ORD_6376,CUST_427,2025-05-26,Corporate Package,Instagram,428.55,265.81,Completed
ORD_6377,CUST_1236,2024-12-14,Event Ticket,Instagram,215.18,105.07,Completed
ORD_6378,CUST_1265,2024-10-14,Corporate Package,LinkedIn,381.32,185.76,Refunded
ORD_6379,CUST_933,2024-11-06,Media Package,Event Walk-in,483.58,244.16,Cancelled
ORD_6380,CUST_326,2024-08-10,Corporate Package,LinkedIn,101.74,39.59,Completed
ORD_6381,CUST_1071,2024-12-18,Creative Studio,Instagram,152.52,81.11,Refunded
ORD_6382,CUST_1374,2024-10-23,Event Ticket,Instagram,330.4,137.37,Completed
ORD_6383,CUST_5,2025-01-03,Workshop,Instagram,171.07,67.8,Completed
ORD_6384,CUST_423,2024-11-02,Workshop,Instagram,158.62,70.46,Completed
ORD_6385,CUST_1493,2024-04-30,Event Ticket,Event Walk-in,402.74,169.15,Completed
ORD_6386,CUST_81,2025-04-29,Creative Studio,LinkedIn,81.71,53.01,Refunded
ORD_6387,CUST_1366,2025-01-05,Membership,LinkedIn,192.03,123.62,Completed
ORD_6388,CUST_279,2025-03-04,Creative Studio,Event Walk-in,487.25,190.96,Completed
ORD_6389,CUST_1328,2025-04-11,Event Ticket,Event Walk-in,48.72,20.8,Completed
ORD_6390,CUST_819,2024-08-03,Membership,LinkedIn,107.96,71.72,Completed
ORD_6391,CUST_770,2024-01-26,Workshop,Partnership,201.03,71.15,Completed
ORD_6392,CUST_200,2025-06-03,Membership,Event Walk-in,457.83,203.6,Completed
ORD_6393,CUST_494,2025-06-25,Corporate Package,Event Walk-in,411.3,209.02,Completed
ORD_6394,CUST_706,2024-01-12,Corporate Package,Event Walk-in,164.48,61.86,Completed
ORD_6395,CUST_1302,2024-07-05,Partner Offer,Instagram,63.66,38.0,Cancelled
ORD_6396,CUST_1114,2025-02-21,Event Ticket,Event Walk-in,133.87,66.63,Completed
ORD_6397,CUST_370,2025-02-23,Workshop,LinkedIn,109.09,34.66,Completed
ORD_6398,CUST_1473,2025-03-29,Corporate Package,Event Walk-in,26.81,8.66,Refunded
ORD_6399,CUST_496,2025-03-25,Media Package,Google Search,403.5,149.48,Completed
ORD_6400,CUST_322,2024-07-29,Media Package,Instagram,194.56,106.19,Refunded
ORD_6401,CUST_821,2025-02-20,Event Ticket,Instagram,60.02,26.31,Completed
ORD_6402,CUST_1403,2025-04-24,Media Package,Instagram,115.4,54.38,Refunded
ORD_6403,CUST_1406,2025-03-30,Event Ticket,Event Walk-in,22.37,7.39,Completed
ORD_6404,CUST_1328,2024-02-26,Partner Offer,Event Walk-in,474.98,182.54,Completed
ORD_6405,CUST_45,2025-01-01,Event Ticket,Event Walk-in,241.27,146.4,Completed
ORD_6406,CUST_1349,2025-03-05,Event Ticket,TikTok,315.67,197.82,Completed
ORD_6407,CUST_172,2024-02-03,Creative Studio,TikTok,160.18,64.06,Cancelled
ORD_6408,CUST_324,2024-06-20,Membership,Referral,304.21,156.28,Completed
ORD_6409,CUST_576,2024-07-16,Media Package,TikTok,28.17,16.2,Completed
ORD_6410,CUST_298,2024-02-23,Workshop,Instagram,300.53,145.14,Completed
ORD_6411,CUST_110,2024-08-23,Membership,Instagram,262.72,123.8,Completed
ORD_6412,CUST_647,2025-02-14,Workshop,LinkedIn,412.61,262.62,Refunded
ORD_6413,CUST_716,2025-01-21,Media Package,LinkedIn,466.1,154.27,Cancelled
ORD_6414,CUST_328,2024-08-20,Media Package,TikTok,126.61,68.37,Completed
ORD_6415,CUST_751,2024-12-18,Media Package,TikTok,382.52,119.12,Completed
ORD_6416,CUST_1125,2025-03-24,Media Package,Event Walk-in,431.38,262.23,Completed
ORD_6417,CUST_1443,2024-05-23,Media Package,Event Walk-in,327.81,155.95,Completed
ORD_6418,CUST_155,2025-06-01,Creative Studio,Google Search,404.94,223.66,Completed
ORD_6419,CUST_1277,2024-02-19,Event Ticket,Event Walk-in,96.41,58.77,Completed
ORD_6420,CUST_233,2024-09-28,Membership,LinkedIn,130.92,44.4,Refunded
ORD_6421,CUST_731,2024-12-10,Membership,TikTok,192.97,65.83,Completed
ORD_6422,CUST_48,2024-12-14,Membership,Google Search,61.36,42.27,Completed
ORD_6423,CUST_386,2025-06-16,Workshop,Instagram,292.02,91.76,Completed
ORD_6424,CUST_1144,2025-01-05,Creative Studio,Instagram,482.81,180.19,Completed
ORD_6425,CUST_440,2024-05-26,Media Package,Partnership,84.21,47.68,Completed
ORD_6426,CUST_320,2024-09-10,Partner Offer,Instagram,284.65,124.02,Completed
ORD_6427,CUST_372,2024-11-05,Partner Offer,Event Walk-in,234.65,98.92,Completed
ORD_6428,CUST_1026,2024-01-31,Media Package,TikTok,43.09,14.39,Refunded
ORD_6429,CUST_725,2025-03-10,Media Package,Instagram,215.72,123.4,Completed
ORD_6430,CUST_562,2025-04-02,Media Package,LinkedIn,40.83,13.13,Completed
ORD_6431,CUST_539,2024-07-03,Event Ticket,TikTok,168.06,65.52,Completed
ORD_6432,CUST_118,2024-05-13,Event Ticket,Event Walk-in,446.72,301.34,Completed
ORD_6433,CUST_47,2024-03-17,Partner Offer,Google Search,430.93,222.36,Completed
ORD_6434,CUST_778,2024-04-05,Media Package,LinkedIn,232.47,71.39,Completed
ORD_6435,CUST_269,2024-11-29,Media Package,LinkedIn,486.7,219.3,Cancelled
ORD_6436,CUST_995,2024-08-01,Partner Offer,Instagram,157.86,80.11,Completed
ORD_6437,CUST_32,2024-05-14,Media Package,TikTok,170.63,108.93,Completed
ORD_6438,CUST_851,2025-06-21,Workshop,Partnership,418.44,291.26,Completed
ORD_6439,CUST_945,2025-06-15,Media Package,Event Walk-in,226.88,148.39,Completed
ORD_6440,CUST_580,2024-03-19,Membership,Instagram,21.61,13.78,Completed
ORD_6441,CUST_479,2024-11-13,Media Package,LinkedIn,453.9,297.17,Completed
ORD_6442,CUST_623,2024-06-26,Media Package,Google Search,316.98,196.01,Completed
ORD_6443,CUST_373,2025-02-05,Creative Studio,Event Walk-in,398.68,242.02,Completed
ORD_6444,CUST_39,2024-01-09,Membership,LinkedIn,133.0,91.29,Completed
ORD_6445,CUST_407,2025-06-02,Event Ticket,Partnership,81.28,42.33,Completed
ORD_6446,CUST_938,2024-11-27,Event Ticket,TikTok,95.17,32.38,Completed
ORD_6447,CUST_1479,2025-06-23,Media Package,Instagram,252.05,134.71,Completed
ORD_6448,CUST_1085,2024-03-22,Event Ticket,TikTok,284.77,98.24,Completed
ORD_6449,CUST_434,2024-06-12,Workshop,Referral,284.98,178.6,Completed
ORD_6450,CUST_520,2024-01-04,Event Ticket,Partnership,222.88,104.97,Refunded
ORD_6451,CUST_418,2025-01-04,Membership,TikTok,247.12,163.06,Refunded
ORD_6452,CUST_438,2024-03-09,Creative Studio,Event Walk-in,282.17,136.49,Completed
ORD_6453,CUST_1463,2024-05-20,Media Package,Referral,464.22,155.71,Completed
ORD_6454,CUST_829,2024-02-26,Corporate Package,TikTok,419.44,276.37,Completed
ORD_6455,CUST_1024,2025-03-01,Event Ticket,TikTok,466.22,277.47,Completed
ORD_6456,CUST_1211,2024-01-19,Workshop,Instagram,443.88,165.21,Completed
ORD_6457,CUST_1044,2025-02-19,Media Package,Google Search,421.3,229.27,Completed
ORD_6458,CUST_728,2024-09-15,Membership,Partnership,71.82,33.11,Completed
ORD_6459,CUST_827,2024-08-23,Corporate Package,Referral,196.19,64.47,Completed
ORD_6460,CUST_76,2025-05-07,Media Package,Event Walk-in,260.83,149.11,Completed
ORD_6461,CUST_134,2024-10-26,Workshop,Event Walk-in,70.7,48.25,Refunded
ORD_6462,CUST_1302,2024-07-12,Membership,Instagram,259.37,137.76,Completed
ORD_6463,CUST_603,2025-01-16,Media Package,Instagram,199.13,75.4,Completed
ORD_6464,CUST_44,2024-08-31,Media Package,Instagram,283.29,145.8,Completed
ORD_6465,CUST_1491,2024-01-11,Creative Studio,Partnership,177.9,109.19,Completed
ORD_6466,CUST_1374,2024-09-22,Creative Studio,Instagram,168.74,93.49,Cancelled
ORD_6467,CUST_962,2024-06-06,Membership,Partnership,397.49,222.19,Completed
ORD_6468,CUST_1028,2024-03-18,Membership,Instagram,181.03,74.49,Completed
ORD_6469,CUST_1366,2024-12-16,Media Package,LinkedIn,260.31,151.05,Completed
ORD_6470,CUST_256,2025-04-16,Event Ticket,TikTok,337.71,187.63,Completed
ORD_6471,CUST_39,2024-04-19,Media Package,LinkedIn,196.18,100.0,Completed
ORD_6472,CUST_432,2025-05-09,Media Package,Google Search,474.77,274.93,Completed
ORD_6473,CUST_844,2024-05-12,Creative Studio,Google Search,414.18,183.02,Completed
ORD_6474,CUST_42,2024-02-17,Event Ticket,LinkedIn,309.17,212.52,Completed
ORD_6475,CUST_204,2024-12-27,Event Ticket,Google Search,240.89,90.5,Completed
ORD_6476,CUST_642,2024-06-01,Partner Offer,Referral,271.87,157.27,Completed
ORD_6477,CUST_1042,2024-01-04,Corporate Package,Google Search,156.86,81.48,Completed
ORD_6478,CUST_1092,2024-07-21,Workshop,TikTok,100.83,64.57,Completed
ORD_6479,CUST_489,2025-06-01,Event Ticket,Instagram,109.07,46.09,Refunded
ORD_6480,CUST_1070,2024-12-17,Media Package,TikTok,266.57,163.69,Refunded
ORD_6481,CUST_311,2025-01-15,Partner Offer,Event Walk-in,118.83,39.12,Completed
ORD_6482,CUST_1190,2024-03-20,Creative Studio,Instagram,441.34,234.44,Completed
ORD_6483,CUST_714,2025-03-30,Event Ticket,Partnership,366.29,234.53,Completed
ORD_6484,CUST_1101,2024-01-20,Partner Offer,Instagram,146.71,47.66,Completed
ORD_6485,CUST_738,2025-04-15,Creative Studio,Instagram,74.57,28.11,Refunded
ORD_6486,CUST_1002,2024-11-13,Partner Offer,LinkedIn,329.78,196.95,Completed
ORD_6487,CUST_859,2025-04-23,Workshop,Instagram,280.4,103.94,Completed
ORD_6488,CUST_1485,2024-06-11,Creative Studio,TikTok,499.54,316.77,Completed
ORD_6489,CUST_403,2024-03-22,Media Package,Google Search,347.87,187.17,Completed
ORD_6490,CUST_949,2024-03-12,Event Ticket,TikTok,153.22,49.22,Completed
ORD_6491,CUST_336,2025-04-26,Media Package,TikTok,456.43,211.44,Completed
ORD_6492,CUST_65,2025-03-20,Media Package,Event Walk-in,422.97,293.8,Completed
ORD_6493,CUST_794,2024-06-24,Corporate Package,Partnership,119.27,75.89,Completed
ORD_6494,CUST_281,2024-07-14,Media Package,Instagram,217.79,88.99,Completed
ORD_6495,CUST_37,2024-12-16,Corporate Package,TikTok,81.47,26.38,Completed
ORD_6496,CUST_919,2025-04-18,Media Package,TikTok,487.16,275.33,Completed
ORD_6497,CUST_88,2025-01-20,Creative Studio,Partnership,149.95,74.04,Completed
ORD_6498,CUST_1358,2025-02-19,Workshop,Event Walk-in,34.2,13.83,Refunded
ORD_6499,CUST_1388,2024-08-16,Corporate Package,Instagram,152.0,49.34,Refunded
ORD_6500,CUST_807,2024-02-14,Corporate Package,Instagram,474.4,314.42,Completed
ORD_6501,CUST_702,2024-02-18,Workshop,TikTok,299.6,201.77,Completed
ORD_6502,CUST_399,2025-06-30,Media Package,Instagram,396.01,198.19,Completed
ORD_6503,CUST_170,2024-05-08,Membership,TikTok,81.02,56.67,Completed
ORD_6504,CUST_1153,2025-03-04,Partner Offer,Partnership,123.72,53.62,Completed
ORD_6505,CUST_1373,2024-02-21,Media Package,Event Walk-in,416.65,247.6,Completed
ORD_6506,CUST_790,2024-03-08,Creative Studio,LinkedIn,256.45,111.78,Completed
ORD_6507,CUST_855,2024-08-21,Media Package,Instagram,301.52,154.9,Completed
ORD_6508,CUST_830,2024-06-20,Creative Studio,LinkedIn,356.35,191.19,Completed
ORD_6509,CUST_143,2024-05-21,Event Ticket,LinkedIn,202.7,137.04,Completed
ORD_6510,CUST_810,2024-06-06,Partner Offer,Event Walk-in,255.25,109.3,Completed
ORD_6511,CUST_443,2024-08-24,Event Ticket,Instagram,400.43,153.51,Completed
ORD_6512,CUST_381,2024-10-01,Partner Offer,Event Walk-in,41.16,27.15,Completed
ORD_6513,CUST_804,2024-03-01,Partner Offer,TikTok,412.46,239.54,Completed
ORD_6514,CUST_1410,2024-05-31,Media Package,Event Walk-in,439.97,137.93,Completed
ORD_6515,CUST_356,2024-04-26,Workshop,Event Walk-in,452.8,211.22,Completed
ORD_6516,CUST_837,2024-07-05,Creative Studio,LinkedIn,301.01,126.04,Refunded
ORD_6517,CUST_1075,2024-09-21,Media Package,Referral,456.39,170.12,Refunded
ORD_6518,CUST_116,2025-03-07,Media Package,TikTok,440.86,238.28,Completed
ORD_6519,CUST_1477,2024-01-12,Media Package,Partnership,398.15,266.71,Completed
ORD_6520,CUST_364,2024-05-08,Partner Offer,TikTok,114.04,43.57,Completed
ORD_6521,CUST_1328,2024-08-10,Partner Offer,Event Walk-in,351.4,171.37,Completed
ORD_6522,CUST_860,2024-10-06,Creative Studio,Google Search,172.8,64.96,Completed
ORD_6523,CUST_1206,2024-06-10,Media Package,Instagram,397.31,220.96,Completed
ORD_6524,CUST_676,2024-11-26,Media Package,LinkedIn,137.5,62.34,Completed
ORD_6525,CUST_893,2025-05-07,Workshop,Instagram,62.96,31.46,Completed
ORD_6526,CUST_977,2024-03-25,Partner Offer,Instagram,329.05,159.63,Completed
ORD_6527,CUST_429,2024-01-21,Workshop,Partnership,477.6,250.95,Completed
ORD_6528,CUST_442,2024-06-16,Workshop,Instagram,139.5,68.98,Completed
ORD_6529,CUST_815,2024-08-29,Creative Studio,Referral,122.8,47.78,Completed
ORD_6530,CUST_1233,2024-07-26,Event Ticket,Partnership,27.36,18.88,Completed
ORD_6531,CUST_35,2024-02-08,Media Package,Instagram,146.51,98.54,Completed
ORD_6532,CUST_500,2025-03-18,Creative Studio,LinkedIn,88.02,51.02,Completed
ORD_6533,CUST_1348,2024-03-10,Corporate Package,Instagram,477.06,227.0,Completed
ORD_6534,CUST_1124,2024-11-04,Event Ticket,Event Walk-in,130.98,67.96,Completed
ORD_6535,CUST_241,2024-09-12,Corporate Package,Instagram,262.31,152.11,Completed
ORD_6536,CUST_140,2024-11-21,Membership,TikTok,492.97,233.73,Refunded
ORD_6537,CUST_957,2024-10-17,Event Ticket,Event Walk-in,485.24,331.28,Completed
ORD_6538,CUST_204,2025-02-14,Media Package,Google Search,459.78,207.26,Completed
ORD_6539,CUST_1357,2024-03-03,Workshop,Instagram,63.53,32.25,Completed
ORD_6540,CUST_1100,2025-01-07,Workshop,Google Search,340.39,220.27,Completed
ORD_6541,CUST_1356,2024-08-18,Media Package,Event Walk-in,362.37,132.47,Completed
ORD_6542,CUST_598,2024-08-24,Media Package,Instagram,187.94,81.47,Completed
ORD_6543,CUST_354,2024-01-20,Membership,Google Search,204.03,97.55,Refunded
ORD_6544,CUST_561,2024-07-06,Workshop,Instagram,48.48,31.86,Completed
ORD_6545,CUST_571,2024-06-27,Media Package,Instagram,145.46,93.7,Completed
ORD_6546,CUST_208,2024-08-15,Creative Studio,Instagram,490.71,336.2,Completed
ORD_6547,CUST_490,2025-06-07,Event Ticket,Google Search,490.16,300.31,Completed
ORD_6548,CUST_157,2024-01-21,Partner Offer,LinkedIn,422.25,292.97,Completed
ORD_6549,CUST_316,2024-12-14,Membership,Referral,79.2,27.54,Refunded
ORD_6550,CUST_437,2024-08-01,Event Ticket,Referral,210.27,87.2,Cancelled
ORD_6551,CUST_647,2025-03-09,Creative Studio,LinkedIn,329.31,218.61,Completed
ORD_6552,CUST_575,2024-06-05,Membership,Event Walk-in,128.34,84.48,Completed
ORD_6553,CUST_1216,2024-09-16,Event Ticket,Instagram,371.3,236.57,Completed
ORD_6554,CUST_105,2025-01-18,Membership,Event Walk-in,258.68,128.36,Completed
ORD_6555,CUST_408,2024-06-10,Event Ticket,Instagram,334.39,141.42,Completed
ORD_6556,CUST_828,2024-02-15,Creative Studio,LinkedIn,191.47,67.28,Completed
ORD_6557,CUST_418,2024-02-19,Event Ticket,TikTok,38.22,16.22,Completed
ORD_6558,CUST_772,2024-11-30,Event Ticket,Partnership,388.9,233.13,Completed
ORD_6559,CUST_760,2024-04-01,Creative Studio,Google Search,181.03,104.33,Completed
ORD_6560,CUST_130,2025-05-25,Event Ticket,LinkedIn,340.17,134.61,Completed
ORD_6561,CUST_1150,2024-09-30,Media Package,TikTok,494.7,301.32,Completed
ORD_6562,CUST_790,2024-10-06,Event Ticket,LinkedIn,490.92,168.19,Refunded
ORD_6563,CUST_789,2024-11-02,Partner Offer,Partnership,61.52,31.29,Completed
ORD_6564,CUST_1096,2024-03-13,Event Ticket,Instagram,163.85,77.95,Completed
ORD_6565,CUST_713,2025-01-15,Workshop,LinkedIn,268.95,166.82,Refunded
ORD_6566,CUST_1496,2024-05-14,Creative Studio,LinkedIn,287.36,105.54,Completed
ORD_6567,CUST_1481,2024-02-06,Partner Offer,TikTok,355.36,243.72,Completed
ORD_6568,CUST_453,2024-03-18,Media Package,Partnership,449.96,275.72,Completed
ORD_6569,CUST_1040,2024-12-19,Partner Offer,LinkedIn,382.47,154.39,Completed
ORD_6570,CUST_544,2024-08-16,Media Package,Partnership,425.93,161.44,Completed
ORD_6571,CUST_436,2024-09-17,Partner Offer,Partnership,397.06,223.76,Cancelled
ORD_6572,CUST_603,2025-04-26,Event Ticket,Instagram,343.67,220.38,Completed
ORD_6573,CUST_1010,2024-11-17,Creative Studio,Referral,194.59,112.84,Refunded
ORD_6574,CUST_1154,2025-02-05,Creative Studio,Instagram,172.83,62.3,Completed
ORD_6575,CUST_224,2025-06-11,Media Package,Event Walk-in,438.93,229.33,Completed
ORD_6576,CUST_478,2024-10-11,Creative Studio,TikTok,164.69,84.28,Completed
ORD_6577,CUST_490,2025-03-16,Event Ticket,Google Search,160.62,93.75,Completed
ORD_6578,CUST_1088,2024-03-17,Media Package,Referral,494.86,264.99,Refunded
ORD_6579,CUST_929,2025-01-08,Corporate Package,Event Walk-in,234.14,132.0,Completed
ORD_6580,CUST_446,2024-08-31,Creative Studio,TikTok,364.7,146.8,Completed
ORD_6581,CUST_1302,2024-01-01,Media Package,Instagram,490.18,159.22,Refunded
ORD_6582,CUST_1346,2024-11-16,Event Ticket,TikTok,239.52,165.76,Completed
ORD_6583,CUST_1265,2024-11-17,Media Package,LinkedIn,194.47,98.48,Completed
ORD_6584,CUST_646,2025-05-27,Workshop,LinkedIn,258.45,171.43,Completed
ORD_6585,CUST_1426,2025-03-06,Media Package,Referral,33.23,21.12,Completed
ORD_6586,CUST_35,2024-03-20,Creative Studio,Instagram,280.33,124.84,Completed
ORD_6587,CUST_650,2025-03-08,Event Ticket,Instagram,357.09,138.35,Refunded
ORD_6588,CUST_1039,2024-02-13,Workshop,LinkedIn,220.14,143.81,Completed
ORD_6589,CUST_155,2024-04-21,Event Ticket,Google Search,157.5,85.38,Refunded
ORD_6590,CUST_874,2025-03-03,Workshop,TikTok,470.28,280.77,Completed
ORD_6591,CUST_480,2024-08-09,Media Package,TikTok,121.48,53.42,Completed
ORD_6592,CUST_531,2025-06-09,Media Package,Instagram,320.25,197.28,Completed
ORD_6593,CUST_1186,2024-07-31,Event Ticket,Google Search,71.46,22.76,Completed
ORD_6594,CUST_598,2025-02-04,Media Package,Instagram,162.84,67.71,Completed
ORD_6595,CUST_539,2024-09-05,Media Package,TikTok,352.81,125.33,Completed
ORD_6596,CUST_1430,2025-06-04,Media Package,LinkedIn,477.65,174.39,Completed
ORD_6597,CUST_1448,2024-12-26,Event Ticket,Google Search,120.77,58.9,Completed
ORD_6598,CUST_873,2024-12-27,Partner Offer,Event Walk-in,298.84,135.04,Refunded
ORD_6599,CUST_1207,2024-02-16,Partner Offer,Event Walk-in,45.34,21.51,Completed
ORD_6600,CUST_324,2025-01-25,Creative Studio,Referral,419.71,278.35,Completed
ORD_6601,CUST_864,2024-06-13,Creative Studio,Event Walk-in,32.7,14.47,Completed
ORD_6602,CUST_1485,2024-02-05,Event Ticket,TikTok,88.15,61.52,Refunded
ORD_6603,CUST_907,2025-05-14,Event Ticket,Referral,54.74,24.21,Completed
ORD_6604,CUST_265,2024-04-24,Media Package,Instagram,282.67,179.69,Refunded
ORD_6605,CUST_774,2024-10-24,Creative Studio,LinkedIn,287.87,136.95,Completed
ORD_6606,CUST_838,2025-04-14,Membership,Event Walk-in,140.7,88.74,Completed
ORD_6607,CUST_278,2024-01-19,Media Package,TikTok,449.86,192.14,Completed
ORD_6608,CUST_670,2024-01-30,Partner Offer,TikTok,35.82,18.32,Completed
ORD_6609,CUST_1188,2025-02-13,Media Package,Instagram,50.45,31.03,Cancelled
ORD_6610,CUST_886,2025-06-16,Workshop,LinkedIn,481.63,277.57,Completed
ORD_6611,CUST_636,2025-01-15,Event Ticket,Event Walk-in,494.13,206.45,Completed
ORD_6612,CUST_381,2024-10-17,Media Package,Event Walk-in,260.01,128.4,Completed
ORD_6613,CUST_628,2025-04-17,Corporate Package,TikTok,378.08,128.69,Completed
ORD_6614,CUST_147,2025-05-07,Membership,Google Search,337.83,171.19,Completed
ORD_6615,CUST_562,2025-03-21,Creative Studio,LinkedIn,63.2,24.16,Completed
ORD_6616,CUST_321,2025-03-03,Creative Studio,Google Search,92.51,31.85,Completed
ORD_6617,CUST_608,2024-12-11,Workshop,Event Walk-in,469.15,217.4,Refunded
ORD_6618,CUST_866,2024-03-27,Creative Studio,Google Search,64.49,43.59,Completed
ORD_6619,CUST_1152,2024-02-16,Creative Studio,Instagram,403.28,181.9,Completed
ORD_6620,CUST_1275,2025-01-09,Workshop,Instagram,90.15,29.82,Completed
ORD_6621,CUST_6,2024-11-06,Membership,Instagram,388.28,132.65,Completed
ORD_6622,CUST_966,2025-05-30,Event Ticket,Google Search,85.21,53.47,Completed
ORD_6623,CUST_1394,2025-03-25,Membership,Partnership,445.61,211.67,Refunded
ORD_6624,CUST_1302,2024-01-17,Media Package,Instagram,248.34,143.7,Completed
ORD_6625,CUST_222,2025-06-25,Corporate Package,Partnership,397.38,222.31,Completed
ORD_6626,CUST_250,2024-12-05,Workshop,Event Walk-in,240.74,155.05,Completed
ORD_6627,CUST_321,2025-04-25,Media Package,Google Search,371.77,139.98,Completed
ORD_6628,CUST_738,2024-09-04,Event Ticket,Instagram,473.42,316.9,Completed
ORD_6629,CUST_813,2025-01-22,Media Package,Event Walk-in,243.58,93.48,Completed
ORD_6630,CUST_636,2024-04-20,Media Package,Event Walk-in,442.31,174.54,Completed
ORD_6631,CUST_992,2025-03-01,Event Ticket,Google Search,183.71,104.5,Completed
ORD_6632,CUST_1212,2025-05-07,Media Package,Event Walk-in,239.19,94.01,Completed
ORD_6633,CUST_27,2024-04-15,Event Ticket,Instagram,447.84,223.02,Completed
ORD_6634,CUST_1228,2024-05-21,Partner Offer,TikTok,155.78,77.42,Cancelled
ORD_6635,CUST_1233,2024-10-24,Creative Studio,Partnership,262.91,112.87,Completed
ORD_6636,CUST_81,2024-02-29,Partner Offer,LinkedIn,126.59,79.17,Completed
ORD_6637,CUST_440,2024-02-02,Media Package,Partnership,317.26,144.96,Completed
ORD_6638,CUST_419,2024-02-07,Media Package,Instagram,37.96,16.6,Completed
ORD_6639,CUST_1245,2024-08-01,Media Package,Partnership,309.81,129.76,Completed
ORD_6640,CUST_1243,2025-04-14,Membership,Event Walk-in,380.46,194.5,Completed
ORD_6641,CUST_344,2024-05-18,Creative Studio,Instagram,102.88,39.27,Completed
ORD_6642,CUST_23,2024-08-07,Event Ticket,Instagram,323.84,180.93,Completed
ORD_6643,CUST_987,2024-10-15,Membership,Event Walk-in,27.36,10.25,Completed
ORD_6644,CUST_150,2024-03-01,Event Ticket,Instagram,53.45,30.92,Completed
ORD_6645,CUST_297,2024-10-25,Membership,Instagram,355.17,135.19,Completed
ORD_6646,CUST_821,2024-11-10,Media Package,Instagram,409.8,152.94,Completed
ORD_6647,CUST_1015,2024-01-19,Media Package,Google Search,444.98,274.87,Cancelled
ORD_6648,CUST_604,2024-10-11,Event Ticket,Instagram,373.12,122.76,Cancelled
ORD_6649,CUST_624,2025-02-26,Creative Studio,Event Walk-in,107.75,51.48,Completed
ORD_6650,CUST_1273,2025-01-31,Event Ticket,TikTok,454.23,250.3,Completed
ORD_6651,CUST_202,2024-07-18,Creative Studio,Instagram,278.88,91.78,Completed
ORD_6652,CUST_203,2025-01-21,Event Ticket,Instagram,381.7,166.86,Completed
ORD_6653,CUST_1424,2025-04-08,Workshop,TikTok,61.35,30.51,Completed
ORD_6654,CUST_1228,2024-02-27,Event Ticket,TikTok,78.48,34.09,Completed
ORD_6655,CUST_615,2024-02-08,Event Ticket,Instagram,78.36,23.52,Refunded
ORD_6656,CUST_727,2024-10-20,Event Ticket,Instagram,106.01,72.78,Completed
ORD_6657,CUST_167,2025-04-24,Media Package,Instagram,246.02,139.92,Completed
ORD_6658,CUST_534,2024-04-14,Membership,Event Walk-in,197.41,73.46,Completed
ORD_6659,CUST_391,2025-01-12,Media Package,TikTok,114.8,64.27,Completed
ORD_6660,CUST_726,2024-09-25,Event Ticket,TikTok,109.6,60.1,Completed
ORD_6661,CUST_217,2024-06-18,Workshop,TikTok,459.39,307.33,Completed
ORD_6662,CUST_726,2024-01-13,Creative Studio,TikTok,158.3,52.05,Completed
ORD_6663,CUST_222,2025-03-17,Event Ticket,Partnership,375.77,183.82,Completed
ORD_6664,CUST_1190,2024-04-27,Corporate Package,Instagram,498.28,303.82,Completed
ORD_6665,CUST_1267,2024-05-10,Media Package,Instagram,340.29,136.55,Completed
ORD_6666,CUST_1435,2024-10-09,Media Package,TikTok,239.89,133.71,Completed
ORD_6667,CUST_381,2025-01-25,Workshop,Event Walk-in,128.93,87.9,Completed
ORD_6668,CUST_708,2024-11-30,Event Ticket,Event Walk-in,82.92,48.72,Completed
ORD_6669,CUST_225,2024-11-26,Workshop,Event Walk-in,179.03,93.6,Completed
ORD_6670,CUST_97,2024-10-15,Creative Studio,LinkedIn,96.64,36.52,Completed
ORD_6671,CUST_64,2024-05-28,Event Ticket,Partnership,218.59,80.94,Cancelled
ORD_6672,CUST_304,2024-06-01,Membership,Google Search,161.78,63.96,Completed
ORD_6673,CUST_878,2025-02-06,Membership,Instagram,351.63,227.9,Completed
ORD_6674,CUST_524,2025-04-17,Membership,Instagram,458.2,142.28,Completed
ORD_6675,CUST_501,2025-01-10,Event Ticket,TikTok,423.29,238.89,Refunded
ORD_6676,CUST_559,2024-04-22,Partner Offer,Partnership,51.31,20.07,Completed
ORD_6677,CUST_357,2024-06-05,Creative Studio,TikTok,446.65,239.6,Completed
ORD_6678,CUST_1369,2024-05-04,Partner Offer,LinkedIn,134.99,46.55,Completed
ORD_6679,CUST_1484,2024-09-11,Media Package,Google Search,476.56,303.4,Completed
ORD_6680,CUST_1004,2025-01-27,Event Ticket,Google Search,51.31,27.97,Completed
ORD_6681,CUST_414,2024-04-04,Corporate Package,LinkedIn,270.44,166.76,Completed
ORD_6682,CUST_121,2024-05-07,Corporate Package,Event Walk-in,322.05,158.01,Completed
ORD_6683,CUST_1287,2024-05-08,Workshop,Event Walk-in,194.4,67.26,Completed
ORD_6684,CUST_1467,2025-01-22,Partner Offer,TikTok,107.69,52.9,Completed
ORD_6685,CUST_402,2024-05-26,Corporate Package,Google Search,79.96,48.91,Completed
ORD_6686,CUST_964,2025-02-23,Media Package,TikTok,103.07,71.44,Completed
ORD_6687,CUST_476,2024-08-04,Membership,TikTok,458.52,184.4,Cancelled
ORD_6688,CUST_700,2024-08-13,Membership,Instagram,194.73,64.92,Completed
ORD_6689,CUST_1336,2024-07-21,Workshop,Instagram,105.33,53.24,Completed
ORD_6690,CUST_808,2024-04-23,Partner Offer,Event Walk-in,88.05,33.41,Cancelled
ORD_6691,CUST_1146,2024-04-16,Creative Studio,Event Walk-in,421.94,261.5,Refunded
ORD_6692,CUST_553,2024-12-16,Partner Offer,Event Walk-in,65.59,39.27,Completed
ORD_6693,CUST_43,2024-08-25,Event Ticket,Partnership,61.79,41.62,Completed
ORD_6694,CUST_822,2025-03-31,Corporate Package,Instagram,167.07,86.47,Completed
ORD_6695,CUST_978,2024-11-13,Creative Studio,LinkedIn,413.69,177.34,Completed
ORD_6696,CUST_1387,2025-01-04,Creative Studio,Instagram,471.35,276.01,Completed
ORD_6697,CUST_684,2024-10-08,Workshop,Partnership,347.71,241.98,Completed
ORD_6698,CUST_72,2025-01-30,Media Package,TikTok,226.67,94.15,Completed
ORD_6699,CUST_853,2025-05-30,Media Package,LinkedIn,470.39,256.9,Completed
ORD_6700,CUST_778,2024-01-23,Membership,LinkedIn,424.76,273.31,Completed
ORD_6701,CUST_1451,2024-12-28,Workshop,Instagram,477.98,188.81,Completed
ORD_6702,CUST_391,2024-11-18,Media Package,TikTok,445.94,280.55,Refunded
ORD_6703,CUST_1040,2024-06-05,Media Package,LinkedIn,83.19,53.1,Completed
ORD_6704,CUST_835,2025-04-28,Media Package,LinkedIn,116.88,80.4,Completed
ORD_6705,CUST_1321,2025-04-10,Media Package,TikTok,308.15,177.17,Completed
ORD_6706,CUST_193,2024-08-07,Corporate Package,LinkedIn,76.95,39.63,Refunded
ORD_6707,CUST_277,2024-09-28,Membership,Partnership,492.74,232.6,Completed
ORD_6708,CUST_1124,2025-06-21,Creative Studio,Event Walk-in,246.32,108.72,Completed
ORD_6709,CUST_22,2024-08-23,Membership,Referral,23.25,10.98,Completed
ORD_6710,CUST_295,2024-08-22,Creative Studio,Partnership,147.44,77.87,Cancelled
ORD_6711,CUST_583,2024-10-22,Event Ticket,Event Walk-in,293.26,151.34,Completed
ORD_6712,CUST_24,2025-02-18,Partner Offer,Partnership,447.16,212.7,Completed
ORD_6713,CUST_967,2025-01-29,Event Ticket,Instagram,400.36,166.83,Completed
ORD_6714,CUST_2,2025-04-06,Creative Studio,Google Search,321.46,196.22,Refunded
ORD_6715,CUST_1274,2024-02-16,Creative Studio,LinkedIn,359.18,119.03,Refunded
ORD_6716,CUST_1253,2025-02-10,Membership,Event Walk-in,146.23,69.14,Completed
ORD_6717,CUST_1316,2024-02-07,Event Ticket,Google Search,154.94,95.99,Cancelled
ORD_6718,CUST_297,2025-02-19,Media Package,Instagram,241.14,122.78,Completed
ORD_6719,CUST_261,2024-04-06,Event Ticket,Instagram,494.4,343.31,Completed
ORD_6720,CUST_1421,2024-02-08,Creative Studio,LinkedIn,68.13,42.99,Completed
ORD_6721,CUST_860,2024-03-03,Membership,Google Search,49.72,20.48,Completed
ORD_6722,CUST_542,2025-06-17,Creative Studio,Instagram,275.95,119.57,Completed
ORD_6723,CUST_506,2025-01-22,Workshop,Event Walk-in,164.44,108.1,Completed
ORD_6724,CUST_652,2025-06-15,Media Package,Instagram,251.58,90.01,Completed
ORD_6725,CUST_113,2025-06-13,Event Ticket,Instagram,218.6,90.94,Completed
ORD_6726,CUST_1440,2024-09-09,Creative Studio,Instagram,304.84,91.84,Completed
ORD_6727,CUST_774,2024-02-24,Partner Offer,LinkedIn,339.22,218.75,Completed
ORD_6728,CUST_1274,2025-04-24,Event Ticket,LinkedIn,162.88,70.65,Completed
ORD_6729,CUST_461,2025-05-12,Partner Offer,Google Search,183.78,99.1,Completed
ORD_6730,CUST_72,2024-08-15,Media Package,TikTok,274.1,140.98,Completed
ORD_6731,CUST_589,2024-11-13,Media Package,Event Walk-in,80.41,42.07,Completed
ORD_6732,CUST_954,2024-02-07,Creative Studio,Instagram,446.74,203.9,Completed
ORD_6733,CUST_540,2024-03-16,Creative Studio,LinkedIn,300.8,116.12,Completed
ORD_6734,CUST_933,2025-03-09,Corporate Package,Event Walk-in,343.03,109.26,Cancelled
ORD_6735,CUST_1117,2024-10-11,Media Package,TikTok,158.09,57.49,Completed
ORD_6736,CUST_783,2024-04-05,Membership,LinkedIn,159.09,110.34,Completed
ORD_6737,CUST_662,2024-12-31,Creative Studio,Event Walk-in,190.87,129.23,Completed
ORD_6738,CUST_960,2025-04-03,Membership,Referral,212.5,104.2,Completed
ORD_6739,CUST_65,2025-06-15,Creative Studio,Event Walk-in,177.93,63.45,Completed
ORD_6740,CUST_1272,2025-02-20,Partner Offer,Instagram,361.48,135.64,Refunded
ORD_6741,CUST_550,2025-01-18,Partner Offer,LinkedIn,465.71,157.57,Completed
ORD_6742,CUST_974,2024-04-21,Media Package,Referral,357.14,166.81,Completed
ORD_6743,CUST_1265,2024-08-04,Media Package,LinkedIn,477.77,329.11,Completed
ORD_6744,CUST_569,2024-01-02,Corporate Package,Instagram,475.44,170.28,Completed
ORD_6745,CUST_1453,2024-11-14,Media Package,Google Search,198.91,131.63,Completed
ORD_6746,CUST_637,2024-07-03,Creative Studio,Event Walk-in,103.24,50.34,Completed
ORD_6747,CUST_1186,2024-12-22,Membership,Google Search,478.32,293.88,Completed
ORD_6748,CUST_240,2024-04-24,Partner Offer,Event Walk-in,460.23,270.83,Completed
ORD_6749,CUST_1097,2025-04-12,Membership,Partnership,107.88,63.61,Cancelled
ORD_6750,CUST_972,2024-08-09,Partner Offer,Referral,172.58,65.66,Refunded
ORD_6751,CUST_712,2025-03-13,Media Package,TikTok,25.94,16.49,Completed
ORD_6752,CUST_674,2025-06-02,Media Package,Event Walk-in,72.32,22.33,Completed
ORD_6753,CUST_727,2024-07-19,Workshop,Instagram,277.98,87.08,Completed
ORD_6754,CUST_460,2024-12-23,Corporate Package,Event Walk-in,233.6,107.27,Completed
ORD_6755,CUST_22,2024-12-03,Partner Offer,Referral,44.63,19.55,Completed
ORD_6756,CUST_150,2024-06-06,Corporate Package,Instagram,152.31,102.49,Completed
ORD_6757,CUST_1361,2025-02-01,Media Package,Event Walk-in,468.87,161.49,Completed
ORD_6758,CUST_1169,2024-09-24,Media Package,LinkedIn,477.07,295.8,Cancelled
ORD_6759,CUST_1189,2024-09-04,Membership,TikTok,477.6,282.97,Completed
ORD_6760,CUST_145,2024-05-07,Corporate Package,Partnership,486.29,273.08,Completed
ORD_6761,CUST_921,2025-02-03,Creative Studio,LinkedIn,122.25,41.93,Completed
ORD_6762,CUST_1161,2024-01-07,Creative Studio,Event Walk-in,129.92,71.39,Completed
ORD_6763,CUST_1045,2024-04-13,Media Package,Event Walk-in,134.18,78.87,Completed
ORD_6764,CUST_1104,2024-11-23,Media Package,Google Search,345.25,147.56,Completed
ORD_6765,CUST_994,2024-05-04,Creative Studio,TikTok,71.31,36.67,Completed
ORD_6766,CUST_1219,2025-02-06,Media Package,Instagram,147.23,88.37,Completed
ORD_6767,CUST_1491,2024-07-11,Partner Offer,Partnership,411.4,252.38,Completed
ORD_6768,CUST_46,2024-09-26,Creative Studio,Instagram,177.85,63.12,Completed
ORD_6769,CUST_892,2025-04-03,Event Ticket,Referral,476.79,255.05,Refunded
ORD_6770,CUST_368,2024-12-01,Creative Studio,Event Walk-in,339.54,232.76,Completed
ORD_6771,CUST_1253,2024-08-24,Media Package,Event Walk-in,150.47,63.23,Completed
ORD_6772,CUST_338,2024-05-15,Media Package,Google Search,357.54,126.85,Completed
ORD_6773,CUST_1413,2024-04-11,Media Package,Event Walk-in,375.7,212.62,Cancelled
ORD_6774,CUST_1268,2025-02-11,Partner Offer,Event Walk-in,26.45,9.41,Completed
ORD_6775,CUST_1406,2024-06-03,Creative Studio,Event Walk-in,341.52,126.33,Completed
ORD_6776,CUST_502,2024-02-26,Creative Studio,Event Walk-in,29.78,13.28,Completed
ORD_6777,CUST_874,2024-06-26,Creative Studio,TikTok,399.68,237.98,Completed
ORD_6778,CUST_22,2024-02-19,Media Package,Referral,214.55,68.5,Completed
ORD_6779,CUST_1188,2024-04-23,Media Package,Instagram,419.26,163.81,Completed
ORD_6780,CUST_152,2024-03-26,Workshop,TikTok,74.42,29.74,Completed
ORD_6781,CUST_790,2025-03-01,Event Ticket,LinkedIn,373.58,167.56,Completed
ORD_6782,CUST_459,2024-07-16,Media Package,Partnership,33.39,12.32,Completed
ORD_6783,CUST_653,2025-06-10,Event Ticket,TikTok,432.33,167.19,Refunded
ORD_6784,CUST_787,2024-08-24,Event Ticket,Instagram,239.33,159.36,Completed
ORD_6785,CUST_818,2025-06-08,Event Ticket,Event Walk-in,488.89,204.18,Completed
ORD_6786,CUST_999,2025-06-27,Corporate Package,Instagram,243.07,101.24,Completed
ORD_6787,CUST_1399,2025-01-19,Corporate Package,LinkedIn,488.8,293.04,Completed
ORD_6788,CUST_9,2025-02-18,Media Package,Instagram,459.73,231.8,Completed
ORD_6789,CUST_1372,2024-08-11,Event Ticket,Event Walk-in,344.75,209.73,Completed
ORD_6790,CUST_786,2024-09-25,Media Package,Event Walk-in,401.31,275.06,Completed
ORD_6791,CUST_1120,2025-04-22,Partner Offer,TikTok,347.01,150.29,Completed
ORD_6792,CUST_600,2025-02-26,Corporate Package,Instagram,80.73,46.88,Refunded
ORD_6793,CUST_106,2024-11-20,Media Package,Instagram,278.45,169.47,Completed
ORD_6794,CUST_1101,2024-05-21,Event Ticket,Instagram,394.3,233.8,Completed
ORD_6795,CUST_776,2025-06-27,Media Package,Event Walk-in,380.55,155.11,Refunded
ORD_6796,CUST_741,2024-01-22,Creative Studio,Partnership,120.79,59.85,Completed
ORD_6797,CUST_403,2025-06-22,Media Package,Google Search,380.63,228.48,Completed
ORD_6798,CUST_275,2024-10-21,Event Ticket,TikTok,92.94,56.91,Completed
ORD_6799,CUST_401,2024-08-16,Workshop,Partnership,381.72,265.52,Completed
ORD_6800,CUST_800,2025-02-27,Membership,Event Walk-in,323.18,175.98,Completed
ORD_6801,CUST_646,2025-03-22,Media Package,LinkedIn,394.53,160.43,Completed
ORD_6802,CUST_477,2024-07-12,Creative Studio,Instagram,205.85,128.7,Completed
ORD_6803,CUST_1495,2024-03-08,Creative Studio,Google Search,146.2,98.32,Completed
ORD_6804,CUST_530,2024-10-07,Event Ticket,LinkedIn,147.09,62.99,Completed
ORD_6805,CUST_517,2024-08-18,Workshop,Referral,464.92,211.05,Completed
ORD_6806,CUST_677,2024-08-21,Media Package,Referral,116.44,66.75,Cancelled
ORD_6807,CUST_1498,2024-05-23,Workshop,TikTok,381.65,150.97,Completed
ORD_6808,CUST_1114,2025-02-15,Workshop,Event Walk-in,371.65,242.95,Refunded
ORD_6809,CUST_1237,2024-06-28,Creative Studio,Instagram,158.02,96.88,Completed
ORD_6810,CUST_453,2025-04-17,Media Package,Partnership,228.12,113.93,Completed
ORD_6811,CUST_313,2024-11-24,Corporate Package,Instagram,28.02,15.94,Completed
ORD_6812,CUST_509,2024-07-09,Creative Studio,Partnership,425.97,270.46,Refunded
ORD_6813,CUST_1481,2025-02-28,Workshop,TikTok,280.69,142.37,Completed
ORD_6814,CUST_1291,2025-06-16,Membership,TikTok,344.11,128.1,Cancelled
ORD_6815,CUST_873,2025-03-15,Workshop,Event Walk-in,250.37,131.32,Completed
ORD_6816,CUST_440,2025-03-21,Media Package,Partnership,85.91,44.47,Refunded
ORD_6817,CUST_1123,2024-04-28,Event Ticket,Instagram,96.39,59.63,Completed
ORD_6818,CUST_792,2024-08-15,Membership,Instagram,81.98,27.6,Completed
ORD_6819,CUST_473,2024-01-25,Media Package,Referral,274.08,164.99,Completed
ORD_6820,CUST_624,2024-11-24,Media Package,Event Walk-in,98.03,44.32,Completed
ORD_6821,CUST_35,2024-12-07,Creative Studio,Instagram,391.75,254.18,Completed
ORD_6822,CUST_849,2024-02-27,Workshop,TikTok,363.23,203.98,Refunded
ORD_6823,CUST_1439,2024-06-19,Workshop,Instagram,358.04,130.32,Completed
ORD_6824,CUST_1369,2024-02-23,Event Ticket,LinkedIn,205.26,69.7,Completed
ORD_6825,CUST_231,2024-04-10,Media Package,TikTok,415.39,287.32,Completed
ORD_6826,CUST_228,2024-09-29,Partner Offer,Instagram,325.84,158.99,Cancelled
ORD_6827,CUST_258,2025-04-24,Event Ticket,TikTok,483.2,266.31,Completed
ORD_6828,CUST_1368,2025-02-10,Creative Studio,TikTok,362.64,149.28,Completed
ORD_6829,CUST_93,2024-05-29,Membership,TikTok,390.54,128.66,Completed
ORD_6830,CUST_1351,2024-03-15,Media Package,Event Walk-in,53.7,31.69,Completed
ORD_6831,CUST_146,2024-11-23,Creative Studio,LinkedIn,397.06,126.58,Completed
ORD_6832,CUST_1039,2025-05-16,Media Package,LinkedIn,422.18,221.54,Completed
ORD_6833,CUST_1449,2025-04-11,Partner Offer,Event Walk-in,102.91,68.42,Completed
ORD_6834,CUST_1107,2024-07-19,Media Package,Event Walk-in,41.24,13.27,Completed
ORD_6835,CUST_640,2025-05-15,Corporate Package,Event Walk-in,42.67,26.95,Completed
ORD_6836,CUST_921,2024-12-20,Event Ticket,LinkedIn,37.26,12.28,Cancelled
ORD_6837,CUST_300,2024-05-29,Membership,Google Search,258.51,83.57,Completed
ORD_6838,CUST_981,2024-03-28,Event Ticket,TikTok,491.17,307.69,Completed
ORD_6839,CUST_587,2024-08-09,Partner Offer,LinkedIn,425.25,205.55,Cancelled
ORD_6840,CUST_903,2025-04-11,Event Ticket,Instagram,268.11,127.15,Completed
ORD_6841,CUST_797,2025-03-11,Event Ticket,LinkedIn,80.56,34.18,Completed
ORD_6842,CUST_645,2025-04-19,Corporate Package,TikTok,458.63,164.37,Completed
ORD_6843,CUST_1319,2024-06-13,Creative Studio,Event Walk-in,497.69,329.32,Completed
ORD_6844,CUST_1306,2024-06-13,Membership,Instagram,332.98,197.1,Completed
ORD_6845,CUST_1187,2024-01-15,Media Package,LinkedIn,79.9,40.93,Completed
ORD_6846,CUST_6,2024-09-12,Event Ticket,Instagram,247.31,138.86,Refunded
ORD_6847,CUST_707,2024-05-29,Media Package,Instagram,396.7,198.5,Completed
ORD_6848,CUST_696,2024-09-15,Partner Offer,LinkedIn,248.97,112.66,Completed
ORD_6849,CUST_1246,2025-06-07,Media Package,TikTok,215.79,137.3,Cancelled
ORD_6850,CUST_532,2024-06-24,Workshop,Instagram,386.28,184.58,Completed
ORD_6851,CUST_797,2025-04-28,Media Package,LinkedIn,409.54,196.45,Completed
ORD_6852,CUST_822,2024-07-26,Event Ticket,Instagram,104.16,49.44,Completed
ORD_6853,CUST_411,2024-08-23,Media Package,TikTok,258.78,130.02,Cancelled
ORD_6854,CUST_1209,2024-10-24,Media Package,Instagram,79.77,43.62,Completed
ORD_6855,CUST_888,2024-01-03,Media Package,Instagram,100.02,60.07,Completed
ORD_6856,CUST_1388,2025-04-04,Corporate Package,Instagram,185.72,124.13,Completed
ORD_6857,CUST_43,2024-05-21,Media Package,Partnership,217.57,79.03,Completed
ORD_6858,CUST_864,2024-03-12,Creative Studio,Event Walk-in,469.65,275.44,Completed
ORD_6859,CUST_567,2025-05-16,Media Package,Event Walk-in,201.88,117.66,Completed
ORD_6860,CUST_466,2024-08-02,Media Package,Partnership,202.35,93.79,Completed
ORD_6861,CUST_990,2024-06-09,Media Package,Google Search,233.25,156.52,Completed
ORD_6862,CUST_52,2024-12-27,Creative Studio,LinkedIn,497.43,183.18,Completed
ORD_6863,CUST_589,2024-01-20,Event Ticket,Event Walk-in,351.77,213.73,Completed
ORD_6864,CUST_1042,2024-03-23,Event Ticket,Google Search,109.92,41.87,Completed
ORD_6865,CUST_761,2024-11-06,Media Package,Event Walk-in,179.8,105.38,Completed
ORD_6866,CUST_962,2024-05-11,Event Ticket,Partnership,116.72,60.88,Refunded
ORD_6867,CUST_1220,2024-07-31,Media Package,Instagram,113.75,36.41,Completed
ORD_6868,CUST_901,2025-03-04,Event Ticket,TikTok,159.05,89.51,Completed
ORD_6869,CUST_570,2024-05-12,Membership,Google Search,69.08,47.96,Completed
ORD_6870,CUST_1330,2025-06-25,Membership,Event Walk-in,250.91,114.6,Completed
ORD_6871,CUST_719,2024-07-13,Media Package,Instagram,331.33,146.27,Completed
ORD_6872,CUST_442,2024-10-08,Membership,Instagram,331.0,221.53,Completed
ORD_6873,CUST_4,2024-07-28,Media Package,Event Walk-in,496.18,167.49,Cancelled
ORD_6874,CUST_802,2024-05-24,Corporate Package,Instagram,91.68,45.12,Completed
ORD_6875,CUST_749,2024-04-24,Corporate Package,Instagram,154.48,46.65,Completed
ORD_6876,CUST_953,2024-08-14,Event Ticket,Event Walk-in,66.37,38.21,Completed
ORD_6877,CUST_955,2025-03-12,Media Package,Event Walk-in,206.97,88.84,Completed
ORD_6878,CUST_1031,2025-04-27,Media Package,Instagram,66.37,38.83,Completed
ORD_6879,CUST_966,2024-09-11,Membership,Google Search,408.83,209.34,Completed
ORD_6880,CUST_666,2025-01-17,Membership,LinkedIn,105.37,42.39,Completed
ORD_6881,CUST_4,2024-01-20,Creative Studio,Event Walk-in,369.35,206.82,Completed
ORD_6882,CUST_637,2024-09-27,Media Package,Event Walk-in,383.94,169.87,Completed
ORD_6883,CUST_1303,2024-10-21,Membership,Instagram,219.65,70.04,Completed
ORD_6884,CUST_33,2024-01-29,Event Ticket,Google Search,248.01,127.6,Completed
ORD_6885,CUST_103,2024-04-07,Media Package,Instagram,399.03,276.64,Completed
ORD_6886,CUST_1339,2025-02-26,Corporate Package,Event Walk-in,85.63,32.6,Completed
ORD_6887,CUST_238,2024-01-04,Media Package,Partnership,47.41,27.11,Completed
ORD_6888,CUST_1229,2024-05-01,Creative Studio,Instagram,191.89,69.54,Completed
ORD_6889,CUST_1459,2024-01-19,Media Package,Referral,54.41,36.14,Cancelled
ORD_6890,CUST_778,2025-02-21,Media Package,LinkedIn,54.82,27.07,Cancelled
ORD_6891,CUST_993,2025-03-01,Event Ticket,Instagram,336.08,210.25,Completed
ORD_6892,CUST_1438,2024-07-18,Event Ticket,TikTok,468.61,276.76,Completed
ORD_6893,CUST_316,2024-12-05,Creative Studio,Referral,80.03,35.17,Completed
ORD_6894,CUST_888,2024-06-15,Event Ticket,Instagram,100.95,32.52,Completed
ORD_6895,CUST_971,2024-02-19,Creative Studio,Instagram,221.19,140.38,Completed
ORD_6896,CUST_1144,2024-07-16,Partner Offer,Instagram,471.25,165.67,Completed
ORD_6897,CUST_104,2024-11-07,Membership,Partnership,139.79,66.87,Refunded
ORD_6898,CUST_1050,2024-02-28,Partner Offer,TikTok,446.95,234.05,Refunded
ORD_6899,CUST_1186,2024-11-09,Media Package,Google Search,247.28,99.44,Completed
ORD_6900,CUST_1496,2024-12-14,Workshop,LinkedIn,437.98,224.26,Completed
ORD_6901,CUST_930,2025-01-07,Event Ticket,Instagram,430.71,186.6,Completed
ORD_6902,CUST_359,2024-04-28,Partner Offer,Partnership,377.76,242.49,Completed
ORD_6903,CUST_401,2024-11-28,Creative Studio,Partnership,44.13,23.1,Completed
ORD_6904,CUST_814,2024-07-04,Media Package,TikTok,85.79,57.65,Completed
ORD_6905,CUST_1019,2024-06-30,Creative Studio,Event Walk-in,367.68,250.8,Completed
ORD_6906,CUST_64,2025-03-31,Membership,Partnership,142.95,54.94,Completed
ORD_6907,CUST_1194,2024-08-31,Event Ticket,LinkedIn,52.23,26.13,Refunded
ORD_6908,CUST_17,2025-01-02,Workshop,Instagram,438.87,218.36,Completed
ORD_6909,CUST_656,2025-06-03,Event Ticket,Referral,38.4,23.22,Completed
ORD_6910,CUST_261,2025-04-27,Event Ticket,Instagram,129.08,43.61,Completed
ORD_6911,CUST_1201,2024-03-10,Workshop,LinkedIn,70.17,39.8,Completed
ORD_6912,CUST_1420,2024-11-12,Workshop,LinkedIn,48.55,24.17,Completed
ORD_6913,CUST_981,2024-08-13,Creative Studio,TikTok,226.7,119.03,Completed
ORD_6914,CUST_227,2024-10-29,Media Package,Instagram,118.97,68.12,Completed
ORD_6915,CUST_733,2024-07-04,Event Ticket,Instagram,197.44,114.97,Completed
ORD_6916,CUST_624,2024-12-27,Media Package,Event Walk-in,226.44,76.29,Completed
ORD_6917,CUST_1249,2025-03-31,Media Package,Google Search,164.85,88.58,Completed
ORD_6918,CUST_698,2024-03-31,Event Ticket,Instagram,59.24,29.47,Completed
ORD_6919,CUST_704,2025-04-04,Partner Offer,Partnership,122.92,41.6,Completed
ORD_6920,CUST_502,2024-08-16,Event Ticket,Event Walk-in,137.9,68.87,Completed
ORD_6921,CUST_1225,2024-12-05,Media Package,Partnership,203.41,78.17,Cancelled
ORD_6922,CUST_323,2025-03-28,Corporate Package,Event Walk-in,103.19,33.73,Completed
ORD_6923,CUST_509,2024-04-16,Event Ticket,Partnership,153.87,61.11,Completed
ORD_6924,CUST_129,2024-12-31,Partner Offer,Google Search,106.29,32.78,Completed
ORD_6925,CUST_799,2024-02-09,Workshop,Event Walk-in,285.01,134.41,Completed
ORD_6926,CUST_905,2024-12-22,Media Package,Instagram,73.6,31.48,Cancelled
ORD_6927,CUST_500,2024-07-04,Event Ticket,LinkedIn,53.34,29.88,Completed
ORD_6928,CUST_1200,2025-01-23,Media Package,TikTok,411.37,226.57,Completed
ORD_6929,CUST_469,2025-01-19,Event Ticket,LinkedIn,110.34,34.8,Refunded
ORD_6930,CUST_524,2024-07-19,Membership,Instagram,109.51,37.73,Completed
ORD_6931,CUST_910,2024-03-13,Event Ticket,Event Walk-in,88.69,34.25,Completed
ORD_6932,CUST_481,2025-06-12,Media Package,Partnership,150.62,76.53,Completed
ORD_6933,CUST_912,2024-01-08,Media Package,Partnership,309.31,160.45,Refunded
ORD_6934,CUST_1390,2024-10-14,Creative Studio,Event Walk-in,332.21,121.2,Completed
ORD_6935,CUST_1222,2024-04-29,Workshop,Instagram,353.41,145.2,Completed
ORD_6936,CUST_735,2025-05-05,Media Package,Event Walk-in,338.09,159.72,Refunded
ORD_6937,CUST_1198,2024-05-09,Media Package,LinkedIn,442.02,263.65,Completed
ORD_6938,CUST_288,2024-12-02,Media Package,Google Search,181.24,71.65,Refunded
ORD_6939,CUST_405,2024-08-13,Membership,TikTok,456.94,205.77,Completed
ORD_6940,CUST_378,2025-06-15,Media Package,Partnership,242.32,134.94,Refunded
ORD_6941,CUST_1205,2024-05-29,Media Package,TikTok,305.59,202.56,Completed
ORD_6942,CUST_1388,2025-06-08,Creative Studio,Instagram,238.36,96.96,Completed
ORD_6943,CUST_1088,2024-09-21,Workshop,Referral,427.89,139.44,Cancelled
ORD_6944,CUST_391,2025-04-23,Creative Studio,TikTok,142.98,55.03,Completed
ORD_6945,CUST_536,2024-01-09,Media Package,Instagram,485.14,162.98,Completed
ORD_6946,CUST_296,2025-05-23,Media Package,TikTok,24.78,15.76,Completed
ORD_6947,CUST_456,2024-10-31,Workshop,Event Walk-in,138.32,90.01,Completed
ORD_6948,CUST_929,2024-09-15,Corporate Package,Event Walk-in,203.7,81.18,Completed
ORD_6949,CUST_564,2024-04-22,Corporate Package,Event Walk-in,249.38,85.78,Completed
ORD_6950,CUST_615,2025-02-16,Media Package,Instagram,399.17,213.81,Completed
ORD_6951,CUST_1245,2025-03-12,Event Ticket,Partnership,499.75,341.87,Completed
ORD_6952,CUST_691,2024-12-17,Membership,Instagram,263.67,105.2,Completed
ORD_6953,CUST_251,2025-04-07,Corporate Package,TikTok,50.26,19.78,Cancelled
ORD_6954,CUST_267,2024-04-21,Media Package,Event Walk-in,98.15,64.17,Completed
ORD_6955,CUST_210,2024-09-22,Membership,Partnership,273.33,103.33,Completed
ORD_6956,CUST_232,2025-06-11,Membership,Event Walk-in,195.3,132.32,Completed
ORD_6957,CUST_180,2024-12-03,Partner Offer,Event Walk-in,22.13,7.39,Completed
ORD_6958,CUST_234,2024-02-25,Media Package,Instagram,457.27,232.91,Completed
ORD_6959,CUST_483,2025-03-15,Creative Studio,Google Search,383.14,178.89,Refunded
ORD_6960,CUST_661,2025-04-06,Media Package,TikTok,21.09,10.9,Completed
ORD_6961,CUST_1500,2025-05-23,Creative Studio,Instagram,375.89,181.82,Completed
ORD_6962,CUST_1427,2024-03-14,Creative Studio,Instagram,377.03,214.38,Completed
ORD_6963,CUST_1042,2024-08-11,Partner Offer,Google Search,291.55,111.8,Completed
ORD_6964,CUST_71,2025-05-15,Corporate Package,Event Walk-in,194.71,90.4,Completed
ORD_6965,CUST_1377,2024-02-28,Partner Offer,Instagram,317.94,170.12,Completed
ORD_6966,CUST_535,2024-04-10,Workshop,Instagram,468.85,239.92,Completed
ORD_6967,CUST_1357,2025-04-21,Partner Offer,Instagram,421.86,229.46,Completed
ORD_6968,CUST_267,2024-07-16,Creative Studio,Event Walk-in,261.35,168.89,Completed
ORD_6969,CUST_1475,2024-01-03,Media Package,LinkedIn,115.06,67.69,Completed
ORD_6970,CUST_1198,2025-02-01,Media Package,LinkedIn,59.48,30.72,Completed
ORD_6971,CUST_884,2024-07-21,Media Package,Partnership,216.59,114.92,Completed
ORD_6972,CUST_717,2024-10-16,Event Ticket,Partnership,492.38,327.13,Refunded
ORD_6973,CUST_645,2025-02-22,Media Package,TikTok,90.75,41.67,Completed
ORD_6974,CUST_900,2024-05-13,Partner Offer,TikTok,159.41,85.15,Completed
ORD_6975,CUST_737,2024-02-14,Media Package,Instagram,124.07,52.92,Completed
ORD_6976,CUST_842,2024-05-21,Partner Offer,TikTok,91.95,63.5,Completed
ORD_6977,CUST_461,2025-02-06,Creative Studio,Google Search,251.81,148.79,Completed
ORD_6978,CUST_1487,2024-08-31,Creative Studio,Partnership,174.33,112.34,Completed
ORD_6979,CUST_904,2024-12-04,Workshop,TikTok,88.88,36.93,Completed
ORD_6980,CUST_468,2025-04-06,Event Ticket,LinkedIn,454.44,292.73,Completed
ORD_6981,CUST_570,2024-02-24,Membership,Google Search,102.02,50.2,Cancelled
ORD_6982,CUST_912,2024-09-08,Membership,Partnership,149.69,80.95,Completed
ORD_6983,CUST_1229,2024-10-26,Creative Studio,Instagram,75.97,25.24,Completed
ORD_6984,CUST_1154,2024-02-04,Media Package,Instagram,188.66,125.33,Completed
ORD_6985,CUST_383,2024-11-17,Creative Studio,Instagram,305.24,206.88,Completed
ORD_6986,CUST_1103,2024-02-12,Partner Offer,Event Walk-in,164.29,88.26,Completed
ORD_6987,CUST_558,2024-02-11,Creative Studio,TikTok,486.24,182.23,Completed
ORD_6988,CUST_1295,2024-03-16,Membership,Event Walk-in,349.53,229.07,Cancelled
ORD_6989,CUST_840,2024-09-28,Partner Offer,Instagram,62.88,22.28,Completed
ORD_6990,CUST_866,2024-10-07,Workshop,Google Search,320.05,164.4,Completed
ORD_6991,CUST_1318,2024-04-23,Workshop,LinkedIn,441.39,302.5,Completed
ORD_6992,CUST_623,2024-09-12,Partner Offer,Google Search,88.49,59.75,Completed
ORD_6993,CUST_556,2024-05-31,Media Package,TikTok,330.14,153.36,Completed
ORD_6994,CUST_1165,2024-01-15,Corporate Package,Event Walk-in,222.26,105.07,Completed
ORD_6995,CUST_1465,2025-03-24,Workshop,Instagram,455.48,188.46,Completed
ORD_6996,CUST_388,2024-06-06,Event Ticket,Instagram,122.19,65.12,Completed
ORD_6997,CUST_583,2024-08-30,Media Package,Event Walk-in,418.84,176.16,Completed
ORD_6998,CUST_107,2025-01-08,Creative Studio,LinkedIn,352.35,139.49,Completed
ORD_6999,CUST_587,2024-12-27,Membership,LinkedIn,192.98,100.14,Completed
ORD_7000,CUST_780,2024-09-19,Creative Studio,Google Search,269.3,132.91,Completed
ORD_7001,CUST_563,2024-12-14,Media Package,Instagram,54.45,21.88,Completed
ORD_7002,CUST_1147,2025-02-21,Membership,Partnership,482.36,201.62,Completed
ORD_7003,CUST_455,2024-01-07,Media Package,LinkedIn,237.94,137.37,Completed
ORD_7004,CUST_1303,2024-11-15,Partner Offer,Instagram,396.96,152.76,Completed
ORD_7005,CUST_1270,2024-05-20,Media Package,LinkedIn,240.17,126.99,Refunded
ORD_7006,CUST_138,2024-07-15,Media Package,TikTok,142.11,65.99,Completed
ORD_7007,CUST_189,2024-09-26,Media Package,Partnership,364.67,176.37,Completed
ORD_7008,CUST_1092,2024-01-30,Media Package,TikTok,327.48,110.54,Completed
ORD_7009,CUST_594,2024-09-07,Creative Studio,Instagram,253.2,126.68,Completed
ORD_7010,CUST_1171,2024-05-25,Partner Offer,Referral,204.92,99.59,Completed
ORD_7011,CUST_401,2024-01-18,Membership,Partnership,158.2,69.51,Completed
ORD_7012,CUST_926,2024-06-02,Event Ticket,Event Walk-in,207.52,79.51,Completed
ORD_7013,CUST_1485,2024-12-11,Media Package,TikTok,131.54,44.0,Completed
ORD_7014,CUST_1358,2025-04-13,Workshop,Event Walk-in,218.73,147.39,Completed
ORD_7015,CUST_190,2025-04-18,Event Ticket,Partnership,313.63,116.16,Completed
ORD_7016,CUST_12,2024-12-14,Media Package,Google Search,241.8,159.81,Completed
ORD_7017,CUST_111,2024-02-27,Membership,Event Walk-in,391.36,121.34,Completed
ORD_7018,CUST_980,2024-09-15,Creative Studio,Instagram,79.24,45.12,Completed
ORD_7019,CUST_202,2025-03-22,Media Package,Instagram,317.61,200.32,Refunded
ORD_7020,CUST_53,2024-04-27,Creative Studio,TikTok,495.83,249.39,Completed
ORD_7021,CUST_767,2024-07-17,Media Package,Instagram,58.46,18.17,Completed
ORD_7022,CUST_147,2024-08-24,Media Package,Google Search,246.0,77.54,Completed
ORD_7023,CUST_895,2024-03-15,Workshop,Partnership,305.92,145.19,Completed
ORD_7024,CUST_757,2025-01-21,Workshop,Google Search,179.25,121.67,Completed
ORD_7025,CUST_549,2024-04-25,Event Ticket,TikTok,452.06,179.65,Completed
ORD_7026,CUST_1238,2024-01-26,Media Package,Event Walk-in,436.78,138.39,Completed
ORD_7027,CUST_1204,2025-03-03,Event Ticket,Google Search,228.42,124.08,Completed
ORD_7028,CUST_816,2024-05-08,Corporate Package,TikTok,75.38,42.03,Completed
ORD_7029,CUST_907,2025-04-19,Creative Studio,Referral,240.35,76.09,Completed
ORD_7030,CUST_831,2025-04-09,Workshop,LinkedIn,165.52,60.09,Completed
ORD_7031,CUST_70,2024-11-27,Media Package,TikTok,271.6,132.13,Completed
ORD_7032,CUST_183,2025-03-31,Workshop,Google Search,254.63,121.36,Refunded
ORD_7033,CUST_689,2024-05-28,Event Ticket,TikTok,449.07,239.14,Completed
ORD_7034,CUST_476,2024-06-11,Media Package,TikTok,240.09,79.6,Completed
ORD_7035,CUST_1427,2024-01-27,Partner Offer,Instagram,342.2,109.84,Cancelled
ORD_7036,CUST_1262,2024-06-20,Creative Studio,Event Walk-in,458.2,226.96,Completed
ORD_7037,CUST_1366,2024-02-24,Partner Offer,LinkedIn,304.81,183.84,Completed
ORD_7038,CUST_511,2025-03-05,Creative Studio,Instagram,64.87,43.52,Completed
ORD_7039,CUST_444,2024-05-20,Workshop,TikTok,331.08,131.74,Completed
ORD_7040,CUST_1024,2025-02-22,Event Ticket,TikTok,74.03,33.6,Completed
ORD_7041,CUST_1332,2024-01-20,Media Package,Instagram,45.8,25.66,Refunded
ORD_7042,CUST_1189,2024-09-28,Creative Studio,TikTok,227.58,127.78,Completed
ORD_7043,CUST_1086,2024-09-20,Partner Offer,LinkedIn,221.9,147.65,Cancelled
ORD_7044,CUST_1233,2024-06-30,Creative Studio,Partnership,124.76,56.89,Completed
ORD_7045,CUST_729,2025-04-21,Media Package,Instagram,499.47,278.83,Completed
ORD_7046,CUST_1050,2024-09-24,Event Ticket,TikTok,389.34,249.35,Completed
ORD_7047,CUST_1442,2024-10-06,Creative Studio,Instagram,117.02,40.09,Completed
ORD_7048,CUST_443,2025-04-14,Workshop,Instagram,367.13,254.32,Completed
ORD_7049,CUST_1412,2025-03-20,Event Ticket,LinkedIn,271.79,113.63,Refunded
ORD_7050,CUST_1336,2025-06-10,Media Package,Instagram,109.45,40.19,Completed
ORD_7051,CUST_97,2024-06-05,Media Package,LinkedIn,402.35,148.11,Completed
ORD_7052,CUST_170,2025-06-18,Event Ticket,TikTok,87.45,37.57,Completed
ORD_7053,CUST_421,2025-06-08,Workshop,LinkedIn,295.98,136.74,Completed
ORD_7054,CUST_1468,2025-02-14,Media Package,LinkedIn,131.8,87.51,Completed
ORD_7055,CUST_169,2025-01-21,Membership,TikTok,345.4,161.53,Completed
ORD_7056,CUST_1250,2024-01-02,Creative Studio,LinkedIn,175.13,99.13,Refunded
ORD_7057,CUST_1495,2024-03-17,Media Package,Google Search,91.79,55.71,Refunded
ORD_7058,CUST_593,2024-02-04,Creative Studio,Event Walk-in,290.15,194.95,Completed
ORD_7059,CUST_430,2025-02-11,Media Package,Instagram,360.83,142.63,Completed
ORD_7060,CUST_211,2024-07-25,Event Ticket,Instagram,110.41,63.43,Completed
ORD_7061,CUST_1103,2025-02-15,Creative Studio,Event Walk-in,85.13,56.01,Cancelled
ORD_7062,CUST_18,2025-01-11,Media Package,Partnership,187.54,87.94,Completed
ORD_7063,CUST_837,2025-06-20,Membership,LinkedIn,86.25,56.4,Completed
ORD_7064,CUST_665,2024-06-27,Workshop,Google Search,312.32,130.22,Cancelled
ORD_7065,CUST_1036,2024-05-16,Media Package,Instagram,127.27,39.23,Completed
ORD_7066,CUST_218,2025-01-17,Media Package,Referral,357.39,203.76,Completed
ORD_7067,CUST_884,2025-02-12,Workshop,Partnership,238.23,84.62,Completed
ORD_7068,CUST_328,2024-03-28,Partner Offer,TikTok,57.48,29.29,Completed
ORD_7069,CUST_900,2024-09-24,Media Package,TikTok,329.79,209.67,Completed
ORD_7070,CUST_933,2024-01-03,Partner Offer,Event Walk-in,311.86,183.9,Completed
ORD_7071,CUST_1027,2024-01-02,Media Package,Instagram,73.81,30.7,Completed
ORD_7072,CUST_1440,2025-02-13,Media Package,Instagram,234.92,112.12,Refunded
ORD_7073,CUST_87,2025-01-10,Event Ticket,Partnership,366.1,123.54,Completed
ORD_7074,CUST_962,2024-04-15,Media Package,Partnership,106.21,67.12,Completed
ORD_7075,CUST_784,2024-10-19,Event Ticket,TikTok,480.34,205.94,Completed
ORD_7076,CUST_1187,2025-03-10,Partner Offer,LinkedIn,406.0,254.16,Completed
ORD_7077,CUST_282,2025-03-29,Media Package,Google Search,483.05,301.17,Completed
ORD_7078,CUST_277,2024-06-04,Media Package,Partnership,103.11,54.66,Completed
ORD_7079,CUST_91,2024-03-26,Media Package,LinkedIn,363.81,250.24,Completed
ORD_7080,CUST_769,2024-03-09,Event Ticket,Referral,368.53,154.97,Refunded
ORD_7081,CUST_672,2024-01-01,Event Ticket,Event Walk-in,159.77,68.18,Completed
ORD_7082,CUST_949,2024-04-18,Media Package,TikTok,262.87,173.53,Completed
ORD_7083,CUST_535,2024-01-29,Media Package,Instagram,252.87,118.37,Completed
ORD_7084,CUST_1262,2024-02-19,Event Ticket,Event Walk-in,142.96,89.53,Completed
ORD_7085,CUST_1302,2025-04-29,Event Ticket,Instagram,150.52,80.03,Completed
ORD_7086,CUST_1247,2024-08-23,Media Package,Instagram,371.0,162.98,Completed
ORD_7087,CUST_651,2024-02-03,Event Ticket,Referral,117.51,69.22,Cancelled
ORD_7088,CUST_735,2024-06-25,Media Package,Event Walk-in,184.24,127.34,Refunded
ORD_7089,CUST_1369,2025-01-08,Partner Offer,LinkedIn,227.97,130.87,Completed
ORD_7090,CUST_842,2025-04-29,Membership,TikTok,495.02,279.65,Completed
ORD_7091,CUST_1253,2024-12-07,Media Package,Event Walk-in,191.13,120.07,Refunded
ORD_7092,CUST_845,2025-03-08,Creative Studio,LinkedIn,492.02,201.78,Refunded
ORD_7093,CUST_1216,2025-04-07,Workshop,Instagram,480.38,235.76,Completed
ORD_7094,CUST_954,2024-06-20,Creative Studio,Instagram,246.73,134.53,Completed
ORD_7095,CUST_1169,2024-09-21,Media Package,LinkedIn,477.11,214.57,Completed
ORD_7096,CUST_854,2024-10-15,Event Ticket,TikTok,215.96,93.56,Completed
ORD_7097,CUST_1318,2024-12-23,Workshop,LinkedIn,445.92,203.41,Completed
ORD_7098,CUST_147,2024-10-25,Event Ticket,Google Search,127.21,68.46,Completed
ORD_7099,CUST_509,2025-01-10,Event Ticket,Partnership,355.89,122.38,Refunded
ORD_7100,CUST_1042,2024-07-11,Membership,Google Search,122.31,61.53,Refunded
ORD_7101,CUST_1090,2024-08-23,Corporate Package,Instagram,71.05,44.86,Completed
ORD_7102,CUST_237,2025-02-08,Workshop,Instagram,499.03,334.93,Completed
ORD_7103,CUST_560,2025-04-03,Creative Studio,Instagram,368.11,183.73,Completed
ORD_7104,CUST_581,2025-01-20,Workshop,Instagram,61.11,35.56,Completed
ORD_7105,CUST_358,2025-06-26,Creative Studio,Event Walk-in,285.85,163.55,Completed
ORD_7106,CUST_552,2024-03-31,Workshop,Instagram,384.37,220.46,Completed
ORD_7107,CUST_1196,2024-02-17,Workshop,Event Walk-in,295.87,119.5,Completed
ORD_7108,CUST_1398,2025-02-04,Media Package,Instagram,22.01,6.79,Completed
ORD_7109,CUST_918,2024-10-06,Media Package,Event Walk-in,382.58,212.45,Completed
ORD_7110,CUST_751,2024-02-29,Membership,TikTok,416.4,159.56,Completed
ORD_7111,CUST_1413,2024-12-11,Media Package,Event Walk-in,175.64,109.19,Completed
ORD_7112,CUST_933,2024-02-16,Media Package,Event Walk-in,456.32,277.03,Completed
ORD_7113,CUST_121,2024-09-28,Creative Studio,Event Walk-in,209.82,64.67,Completed
ORD_7114,CUST_1077,2025-03-23,Membership,Partnership,102.39,38.63,Completed
ORD_7115,CUST_913,2024-09-06,Creative Studio,Instagram,43.29,21.66,Cancelled
ORD_7116,CUST_1061,2024-04-21,Event Ticket,TikTok,41.43,20.48,Completed
ORD_7117,CUST_1421,2024-02-28,Partner Offer,LinkedIn,474.62,301.61,Completed
ORD_7118,CUST_470,2024-03-13,Partner Offer,TikTok,189.45,59.44,Completed
ORD_7119,CUST_1193,2025-03-10,Corporate Package,Instagram,205.8,103.39,Completed
ORD_7120,CUST_624,2024-11-25,Media Package,Event Walk-in,96.54,66.17,Completed
ORD_7121,CUST_360,2024-03-19,Membership,Instagram,185.95,71.73,Completed
ORD_7122,CUST_199,2025-02-25,Event Ticket,Instagram,391.64,125.9,Completed
ORD_7123,CUST_806,2024-02-23,Workshop,Event Walk-in,130.65,85.04,Completed
ORD_7124,CUST_1429,2024-07-22,Media Package,Instagram,399.79,163.86,Completed
ORD_7125,CUST_964,2025-06-28,Event Ticket,TikTok,44.03,25.0,Completed
ORD_7126,CUST_968,2024-06-08,Event Ticket,Instagram,35.35,21.44,Refunded
ORD_7127,CUST_1227,2024-09-28,Event Ticket,TikTok,104.06,63.28,Completed
ORD_7128,CUST_979,2025-05-22,Media Package,LinkedIn,270.63,101.31,Completed
ORD_7129,CUST_1268,2024-12-08,Corporate Package,Event Walk-in,371.55,160.86,Completed
ORD_7130,CUST_1016,2024-06-16,Workshop,Event Walk-in,249.61,131.46,Completed
ORD_7131,CUST_620,2025-05-10,Partner Offer,Instagram,175.92,119.13,Completed
ORD_7132,CUST_814,2024-04-14,Media Package,TikTok,374.35,129.78,Completed
ORD_7133,CUST_414,2024-03-06,Corporate Package,LinkedIn,359.27,209.55,Completed
ORD_7134,CUST_173,2025-04-26,Partner Offer,Partnership,375.23,173.16,Completed
ORD_7135,CUST_923,2024-10-13,Creative Studio,Google Search,277.57,95.43,Completed
ORD_7136,CUST_842,2024-10-28,Event Ticket,TikTok,335.6,119.27,Completed
ORD_7137,CUST_1416,2025-04-11,Partner Offer,Instagram,197.22,84.32,Completed
ORD_7138,CUST_1489,2024-09-15,Media Package,LinkedIn,182.01,81.52,Cancelled
ORD_7139,CUST_1338,2024-07-03,Event Ticket,TikTok,165.69,66.94,Completed
ORD_7140,CUST_505,2025-04-14,Membership,Instagram,163.45,54.94,Completed
ORD_7141,CUST_790,2024-02-18,Workshop,LinkedIn,327.15,201.91,Completed
ORD_7142,CUST_1362,2024-05-27,Media Package,Google Search,159.27,62.19,Refunded
ORD_7143,CUST_248,2025-03-09,Creative Studio,TikTok,368.48,125.92,Refunded
ORD_7144,CUST_1413,2025-03-14,Media Package,Event Walk-in,402.46,153.37,Completed
ORD_7145,CUST_66,2025-04-10,Media Package,Event Walk-in,390.65,219.69,Completed
ORD_7146,CUST_1045,2025-04-17,Partner Offer,Event Walk-in,30.04,13.82,Completed
ORD_7147,CUST_968,2024-10-12,Creative Studio,Instagram,410.68,259.23,Completed
ORD_7148,CUST_385,2025-04-07,Workshop,Event Walk-in,353.45,161.26,Cancelled
ORD_7149,CUST_176,2024-08-29,Membership,LinkedIn,270.58,98.75,Completed
ORD_7150,CUST_117,2024-05-19,Media Package,Instagram,274.97,177.37,Completed
ORD_7151,CUST_404,2024-08-06,Creative Studio,Event Walk-in,332.49,119.55,Refunded
ORD_7152,CUST_776,2024-01-04,Media Package,Event Walk-in,244.34,159.28,Cancelled
ORD_7153,CUST_569,2025-03-21,Membership,Instagram,370.09,125.13,Completed
ORD_7154,CUST_230,2024-03-06,Partner Offer,Event Walk-in,42.24,27.92,Completed
ORD_7155,CUST_950,2024-09-14,Creative Studio,LinkedIn,450.83,187.12,Completed
ORD_7156,CUST_1234,2024-01-28,Event Ticket,Referral,177.76,57.84,Completed
ORD_7157,CUST_748,2025-06-24,Membership,Event Walk-in,357.75,237.45,Completed
ORD_7158,CUST_498,2024-09-05,Creative Studio,Partnership,265.98,100.64,Completed
ORD_7159,CUST_1251,2024-12-23,Creative Studio,Google Search,442.9,168.07,Refunded
ORD_7160,CUST_1103,2024-03-12,Partner Offer,Event Walk-in,367.66,135.81,Completed
ORD_7161,CUST_518,2025-02-15,Event Ticket,Google Search,350.86,115.6,Completed
ORD_7162,CUST_257,2024-09-02,Corporate Package,Instagram,99.3,54.18,Completed
ORD_7163,CUST_932,2025-04-21,Event Ticket,Partnership,162.98,66.69,Completed
ORD_7164,CUST_629,2024-09-15,Media Package,Event Walk-in,186.66,88.14,Refunded
ORD_7165,CUST_240,2024-08-25,Event Ticket,Event Walk-in,36.46,13.5,Completed
ORD_7166,CUST_156,2024-05-13,Creative Studio,LinkedIn,429.42,198.81,Refunded
ORD_7167,CUST_159,2024-09-04,Membership,Event Walk-in,405.76,234.74,Completed
ORD_7168,CUST_614,2025-03-26,Partner Offer,TikTok,127.52,58.21,Completed
ORD_7169,CUST_1343,2025-05-18,Event Ticket,Google Search,274.63,94.27,Completed
ORD_7170,CUST_276,2024-06-14,Membership,Event Walk-in,173.97,105.18,Completed
ORD_7171,CUST_1298,2024-12-26,Creative Studio,Google Search,292.64,128.46,Refunded
ORD_7172,CUST_944,2024-04-17,Event Ticket,Instagram,260.82,102.14,Completed
ORD_7173,CUST_1337,2024-01-15,Media Package,Instagram,86.02,36.78,Completed
ORD_7174,CUST_1381,2025-05-14,Media Package,Event Walk-in,69.85,36.19,Completed
ORD_7175,CUST_103,2025-02-08,Creative Studio,Instagram,248.1,139.8,Completed
ORD_7176,CUST_1451,2024-11-01,Creative Studio,Instagram,415.61,190.42,Refunded
ORD_7177,CUST_373,2024-12-05,Media Package,Event Walk-in,277.97,135.1,Completed
ORD_7178,CUST_762,2024-12-28,Creative Studio,TikTok,256.27,85.05,Completed
ORD_7179,CUST_1061,2024-10-30,Event Ticket,TikTok,358.31,208.66,Refunded
ORD_7180,CUST_1027,2024-06-18,Media Package,Instagram,427.26,189.97,Completed
ORD_7181,CUST_103,2025-06-18,Event Ticket,Instagram,492.51,331.81,Completed
ORD_7182,CUST_1126,2024-06-24,Partner Offer,Event Walk-in,80.25,55.35,Completed
ORD_7183,CUST_530,2025-01-25,Creative Studio,LinkedIn,285.67,191.96,Completed
ORD_7184,CUST_617,2024-11-19,Corporate Package,Google Search,26.74,13.16,Completed
ORD_7185,CUST_312,2025-02-03,Media Package,Instagram,448.88,173.43,Completed
ORD_7186,CUST_235,2025-06-22,Workshop,TikTok,421.44,175.77,Completed
ORD_7187,CUST_64,2025-05-28,Corporate Package,Partnership,428.48,231.79,Cancelled
ORD_7188,CUST_1264,2025-06-29,Partner Offer,Event Walk-in,494.32,261.63,Completed
ORD_7189,CUST_1432,2024-02-06,Creative Studio,Partnership,368.31,222.06,Completed
ORD_7190,CUST_1216,2024-03-22,Media Package,Instagram,243.27,99.77,Completed
ORD_7191,CUST_981,2024-06-20,Workshop,TikTok,375.3,239.16,Completed
ORD_7192,CUST_1400,2025-04-16,Event Ticket,LinkedIn,333.42,192.82,Completed
ORD_7193,CUST_419,2024-06-20,Membership,Instagram,48.88,27.04,Completed
ORD_7194,CUST_534,2024-01-18,Membership,Event Walk-in,432.21,230.0,Completed
ORD_7195,CUST_665,2025-01-25,Media Package,Google Search,332.33,106.22,Cancelled
ORD_7196,CUST_843,2024-05-09,Workshop,Partnership,406.37,261.24,Refunded
ORD_7197,CUST_678,2025-05-07,Media Package,LinkedIn,191.94,115.4,Completed
ORD_7198,CUST_966,2024-12-12,Membership,Google Search,478.37,158.09,Completed
ORD_7199,CUST_122,2025-04-18,Workshop,Instagram,402.61,187.26,Cancelled
ORD_7200,CUST_1472,2024-09-06,Event Ticket,Instagram,322.04,106.86,Completed
ORD_7201,CUST_1189,2025-05-09,Creative Studio,TikTok,97.39,64.45,Completed
ORD_7202,CUST_660,2024-10-02,Creative Studio,LinkedIn,41.06,18.12,Completed
ORD_7203,CUST_642,2024-01-08,Creative Studio,Referral,389.32,154.46,Completed
ORD_7204,CUST_790,2024-08-21,Workshop,LinkedIn,377.27,194.76,Completed
ORD_7205,CUST_448,2024-12-21,Workshop,Event Walk-in,359.03,165.9,Completed
ORD_7206,CUST_583,2025-01-12,Media Package,Event Walk-in,69.86,35.53,Completed
ORD_7207,CUST_1142,2025-03-11,Event Ticket,Event Walk-in,250.28,81.72,Cancelled
ORD_7208,CUST_512,2024-05-12,Corporate Package,Event Walk-in,142.47,91.26,Refunded
ORD_7209,CUST_935,2025-04-08,Media Package,Event Walk-in,392.51,227.08,Completed
ORD_7210,CUST_1143,2024-02-07,Event Ticket,Event Walk-in,229.4,71.32,Completed
ORD_7211,CUST_930,2024-12-13,Media Package,Instagram,482.6,267.02,Completed
ORD_7212,CUST_376,2025-04-26,Membership,Google Search,337.36,173.92,Refunded
ORD_7213,CUST_629,2025-04-18,Membership,Event Walk-in,276.94,116.75,Completed
ORD_7214,CUST_1368,2024-05-09,Event Ticket,TikTok,280.09,90.18,Completed
ORD_7215,CUST_1230,2025-04-03,Partner Offer,Event Walk-in,461.28,150.87,Completed
ORD_7216,CUST_974,2024-06-16,Workshop,Referral,399.71,218.76,Completed
ORD_7217,CUST_901,2024-06-05,Creative Studio,TikTok,154.28,52.59,Completed
ORD_7218,CUST_1315,2025-02-24,Media Package,LinkedIn,279.81,96.08,Completed
ORD_7219,CUST_73,2024-08-16,Partner Offer,Instagram,68.2,41.24,Completed
ORD_7220,CUST_826,2025-04-14,Media Package,LinkedIn,414.52,227.6,Completed
ORD_7221,CUST_672,2024-04-16,Creative Studio,Event Walk-in,55.17,19.03,Cancelled
ORD_7222,CUST_197,2024-03-11,Creative Studio,TikTok,102.45,36.58,Completed
ORD_7223,CUST_1324,2024-10-19,Creative Studio,Instagram,287.59,173.98,Completed
ORD_7224,CUST_1416,2024-08-26,Media Package,Instagram,317.63,196.36,Completed
ORD_7225,CUST_796,2024-12-17,Creative Studio,Instagram,274.3,182.44,Completed
ORD_7226,CUST_1292,2024-10-12,Media Package,Event Walk-in,70.58,41.17,Refunded
ORD_7227,CUST_232,2024-09-27,Workshop,Event Walk-in,454.61,158.67,Completed
ORD_7228,CUST_1404,2024-08-21,Membership,TikTok,205.05,129.69,Completed
ORD_7229,CUST_1196,2024-03-13,Partner Offer,Event Walk-in,88.35,27.26,Completed
ORD_7230,CUST_435,2024-12-04,Creative Studio,Instagram,182.78,105.86,Completed
ORD_7231,CUST_306,2025-03-24,Event Ticket,Instagram,307.35,149.03,Completed
ORD_7232,CUST_995,2025-03-09,Corporate Package,Instagram,341.65,117.81,Completed
ORD_7233,CUST_1388,2024-09-25,Partner Offer,Instagram,32.36,18.16,Completed
ORD_7234,CUST_416,2024-10-12,Partner Offer,Partnership,103.8,62.59,Completed
ORD_7235,CUST_1094,2024-02-02,Media Package,Event Walk-in,362.69,120.85,Completed
ORD_7236,CUST_1052,2024-11-26,Membership,TikTok,67.55,36.22,Completed
ORD_7237,CUST_246,2024-02-18,Membership,LinkedIn,220.99,108.93,Cancelled
ORD_7238,CUST_926,2025-06-07,Event Ticket,Event Walk-in,214.94,102.94,Completed
ORD_7239,CUST_308,2025-05-31,Media Package,Partnership,347.98,192.6,Refunded
ORD_7240,CUST_1052,2025-01-19,Event Ticket,TikTok,251.74,142.87,Completed
ORD_7241,CUST_1189,2024-12-30,Creative Studio,TikTok,28.29,9.0,Completed
ORD_7242,CUST_479,2024-11-24,Corporate Package,LinkedIn,386.26,167.37,Completed
ORD_7243,CUST_218,2024-03-18,Event Ticket,Referral,27.98,9.46,Completed
ORD_7244,CUST_1040,2024-04-29,Creative Studio,LinkedIn,289.81,119.38,Completed
ORD_7245,CUST_501,2025-04-13,Membership,TikTok,364.84,158.35,Completed
ORD_7246,CUST_248,2024-11-29,Creative Studio,TikTok,271.77,156.61,Completed
ORD_7247,CUST_998,2025-04-05,Media Package,Instagram,186.85,117.46,Completed
ORD_7248,CUST_1220,2025-04-16,Event Ticket,Instagram,353.51,201.34,Completed
ORD_7249,CUST_471,2025-01-25,Creative Studio,LinkedIn,403.37,195.4,Completed
ORD_7250,CUST_1345,2025-01-11,Media Package,Instagram,371.0,193.35,Refunded
ORD_7251,CUST_467,2024-10-29,Creative Studio,Instagram,188.35,95.7,Completed
ORD_7252,CUST_380,2024-12-17,Media Package,Event Walk-in,355.05,151.17,Completed
ORD_7253,CUST_1165,2025-01-11,Event Ticket,Event Walk-in,233.84,122.87,Completed
ORD_7254,CUST_493,2024-09-02,Media Package,TikTok,179.89,93.89,Completed
ORD_7255,CUST_803,2024-03-25,Creative Studio,LinkedIn,311.8,178.94,Completed
ORD_7256,CUST_560,2025-01-08,Corporate Package,Instagram,483.37,268.82,Cancelled
ORD_7257,CUST_479,2024-10-20,Corporate Package,LinkedIn,414.41,261.25,Completed
ORD_7258,CUST_1094,2024-12-19,Partner Offer,Event Walk-in,236.33,120.16,Completed
ORD_7259,CUST_1302,2024-05-14,Workshop,Instagram,90.1,51.3,Completed
ORD_7260,CUST_1171,2025-01-10,Event Ticket,Referral,400.72,276.13,Refunded
ORD_7261,CUST_937,2025-04-09,Corporate Package,Event Walk-in,283.8,190.23,Completed
ORD_7262,CUST_882,2025-05-27,Event Ticket,Instagram,265.5,94.45,Completed
ORD_7263,CUST_1067,2025-02-07,Media Package,Referral,68.86,30.3,Completed
ORD_7264,CUST_1491,2024-03-09,Media Package,Partnership,121.51,46.72,Completed
ORD_7265,CUST_417,2024-04-04,Membership,Event Walk-in,377.13,262.4,Refunded
ORD_7266,CUST_340,2025-05-18,Membership,TikTok,158.09,57.53,Completed
ORD_7267,CUST_375,2024-06-01,Event Ticket,Instagram,320.96,147.98,Completed
ORD_7268,CUST_43,2024-05-18,Media Package,Partnership,435.63,202.75,Completed
ORD_7269,CUST_107,2024-09-25,Media Package,LinkedIn,42.59,27.87,Completed
ORD_7270,CUST_932,2024-05-24,Creative Studio,Partnership,266.43,82.41,Completed
ORD_7271,CUST_556,2025-01-06,Media Package,TikTok,102.07,55.43,Completed
ORD_7272,CUST_1151,2024-04-03,Workshop,Partnership,73.93,49.62,Completed
ORD_7273,CUST_1288,2024-10-18,Corporate Package,Instagram,67.15,24.26,Completed
ORD_7274,CUST_68,2024-06-26,Media Package,TikTok,403.31,150.74,Cancelled
ORD_7275,CUST_291,2025-03-22,Membership,Event Walk-in,335.6,100.69,Completed
ORD_7276,CUST_891,2024-01-23,Media Package,Event Walk-in,158.01,106.72,Completed
ORD_7277,CUST_490,2024-03-31,Workshop,Google Search,374.33,250.45,Refunded
ORD_7278,CUST_206,2025-01-05,Media Package,Partnership,290.23,145.34,Completed
ORD_7279,CUST_498,2024-12-28,Media Package,Partnership,325.9,188.08,Completed
ORD_7280,CUST_551,2024-03-03,Media Package,Event Walk-in,454.13,257.57,Completed
ORD_7281,CUST_851,2025-05-04,Media Package,Partnership,432.36,228.16,Completed
ORD_7282,CUST_943,2024-05-19,Workshop,Instagram,94.21,65.0,Completed
ORD_7283,CUST_234,2024-06-06,Creative Studio,Instagram,396.38,243.3,Completed
ORD_7284,CUST_1383,2024-03-29,Media Package,Event Walk-in,351.64,174.45,Completed
ORD_7285,CUST_1273,2024-04-26,Membership,TikTok,399.76,232.21,Completed
ORD_7286,CUST_58,2024-08-26,Membership,Event Walk-in,496.35,215.03,Completed
ORD_7287,CUST_734,2025-01-10,Media Package,Event Walk-in,116.23,55.18,Completed
ORD_7288,CUST_1374,2025-03-18,Media Package,Instagram,224.2,68.36,Refunded
ORD_7289,CUST_1145,2025-03-13,Media Package,Google Search,185.06,65.21,Completed
ORD_7290,CUST_708,2025-05-20,Membership,Event Walk-in,438.64,281.04,Completed
ORD_7291,CUST_722,2024-04-28,Workshop,Referral,230.77,90.95,Completed
ORD_7292,CUST_1153,2024-06-18,Media Package,Partnership,93.82,45.65,Refunded
ORD_7293,CUST_1103,2024-07-27,Media Package,Event Walk-in,495.09,302.61,Cancelled
ORD_7294,CUST_1317,2024-02-10,Event Ticket,Partnership,194.65,131.86,Completed
ORD_7295,CUST_33,2024-11-08,Media Package,Google Search,314.35,171.72,Completed
ORD_7296,CUST_1415,2025-06-22,Partner Offer,Google Search,47.2,18.49,Completed
ORD_7297,CUST_1000,2025-06-24,Media Package,Partnership,463.87,163.77,Completed
ORD_7298,CUST_224,2025-02-26,Creative Studio,Event Walk-in,396.69,259.67,Completed
ORD_7299,CUST_89,2024-07-11,Event Ticket,TikTok,409.77,255.57,Completed
ORD_7300,CUST_1163,2024-02-06,Media Package,TikTok,497.29,252.25,Completed
ORD_7301,CUST_346,2024-08-10,Membership,TikTok,128.45,43.67,Completed
ORD_7302,CUST_670,2024-07-30,Event Ticket,TikTok,88.18,41.76,Cancelled
ORD_7303,CUST_1361,2024-08-27,Workshop,Event Walk-in,397.84,233.44,Refunded
ORD_7304,CUST_240,2025-02-12,Media Package,Event Walk-in,318.5,108.35,Cancelled
ORD_7305,CUST_1074,2024-03-11,Partner Offer,Instagram,369.0,130.69,Completed
ORD_7306,CUST_1355,2024-08-10,Media Package,Event Walk-in,436.18,284.94,Refunded
ORD_7307,CUST_1313,2024-04-04,Media Package,Referral,189.14,80.59,Refunded
ORD_7308,CUST_284,2025-05-05,Membership,LinkedIn,134.67,47.4,Completed
ORD_7309,CUST_1254,2024-01-31,Event Ticket,Partnership,251.62,145.07,Completed
ORD_7310,CUST_743,2024-06-11,Event Ticket,Event Walk-in,481.18,283.17,Refunded
ORD_7311,CUST_976,2024-09-11,Membership,Partnership,371.74,156.91,Completed
ORD_7312,CUST_1183,2025-01-11,Creative Studio,TikTok,269.85,162.01,Cancelled
ORD_7313,CUST_451,2024-03-19,Membership,Event Walk-in,306.32,121.86,Completed
ORD_7314,CUST_1400,2025-02-04,Creative Studio,LinkedIn,55.2,29.05,Completed
ORD_7315,CUST_1347,2025-05-22,Media Package,TikTok,413.26,257.19,Completed
ORD_7316,CUST_728,2024-06-06,Creative Studio,Partnership,318.74,212.21,Refunded
ORD_7317,CUST_322,2025-04-15,Event Ticket,Instagram,141.21,43.56,Completed
ORD_7318,CUST_961,2025-01-21,Workshop,Referral,369.15,151.8,Completed
ORD_7319,CUST_1244,2025-02-07,Event Ticket,TikTok,496.08,263.51,Completed
ORD_7320,CUST_1164,2025-05-24,Partner Offer,Referral,149.68,103.42,Completed
ORD_7321,CUST_124,2024-03-19,Event Ticket,TikTok,75.75,35.37,Cancelled
ORD_7322,CUST_882,2024-02-26,Creative Studio,Instagram,447.32,265.28,Refunded
ORD_7323,CUST_356,2025-03-26,Partner Offer,Event Walk-in,321.28,162.01,Cancelled
ORD_7324,CUST_1405,2024-07-11,Workshop,Referral,290.14,179.25,Completed
ORD_7325,CUST_601,2025-01-23,Corporate Package,Event Walk-in,287.37,94.44,Completed
ORD_7326,CUST_840,2025-03-10,Creative Studio,Instagram,441.02,137.62,Completed
ORD_7327,CUST_1484,2024-01-14,Creative Studio,Google Search,162.76,68.66,Completed
ORD_7328,CUST_1295,2025-02-16,Partner Offer,Event Walk-in,388.25,264.64,Refunded
ORD_7329,CUST_381,2025-02-10,Creative Studio,Event Walk-in,420.59,143.89,Completed
ORD_7330,CUST_1085,2024-05-20,Partner Offer,TikTok,166.5,89.66,Completed
ORD_7331,CUST_483,2025-04-17,Event Ticket,Google Search,106.64,33.78,Completed
ORD_7332,CUST_997,2024-11-21,Media Package,Event Walk-in,37.96,18.1,Completed
ORD_7333,CUST_110,2024-01-28,Media Package,Instagram,210.08,100.79,Refunded
ORD_7334,CUST_326,2024-03-08,Membership,LinkedIn,282.04,124.98,Completed
ORD_7335,CUST_350,2025-03-06,Membership,TikTok,285.11,179.53,Completed
ORD_7336,CUST_1260,2024-11-01,Membership,Event Walk-in,67.83,39.8,Completed
ORD_7337,CUST_445,2025-02-19,Creative Studio,Instagram,346.05,142.41,Completed
ORD_7338,CUST_218,2025-05-17,Membership,Referral,251.02,141.67,Refunded
ORD_7339,CUST_546,2025-06-22,Media Package,Instagram,376.03,163.94,Completed
ORD_7340,CUST_363,2024-06-24,Membership,Instagram,133.71,54.04,Completed
ORD_7341,CUST_595,2024-01-06,Corporate Package,Instagram,132.66,61.73,Completed
ORD_7342,CUST_40,2024-05-25,Media Package,Event Walk-in,363.64,168.68,Refunded
ORD_7343,CUST_585,2024-05-24,Media Package,Event Walk-in,488.66,308.45,Completed
ORD_7344,CUST_1117,2024-12-11,Workshop,TikTok,71.87,25.97,Completed
ORD_7345,CUST_55,2024-04-25,Membership,Partnership,433.72,242.1,Completed
ORD_7346,CUST_122,2025-03-06,Workshop,Instagram,53.38,17.14,Cancelled
ORD_7347,CUST_1308,2024-11-14,Media Package,TikTok,353.87,136.72,Completed
ORD_7348,CUST_1250,2024-08-28,Creative Studio,LinkedIn,454.81,187.8,Completed
ORD_7349,CUST_625,2024-07-30,Media Package,Instagram,83.8,44.26,Completed
ORD_7350,CUST_1025,2025-02-09,Corporate Package,Instagram,132.26,41.63,Completed
ORD_7351,CUST_651,2024-07-16,Event Ticket,Referral,452.64,179.38,Completed
ORD_7352,CUST_481,2024-01-18,Event Ticket,Partnership,340.45,151.62,Completed
ORD_7353,CUST_593,2025-02-25,Membership,Event Walk-in,128.41,71.78,Completed
ORD_7354,CUST_889,2024-11-14,Creative Studio,Event Walk-in,112.49,57.03,Refunded
ORD_7355,CUST_659,2024-10-07,Media Package,LinkedIn,476.06,262.87,Completed
ORD_7356,CUST_1202,2024-09-29,Event Ticket,Event Walk-in,471.96,150.1,Completed
ORD_7357,CUST_902,2024-03-31,Event Ticket,Event Walk-in,392.55,124.22,Completed
ORD_7358,CUST_1428,2024-04-18,Media Package,Instagram,105.22,71.08,Completed
ORD_7359,CUST_246,2024-06-21,Media Package,LinkedIn,298.45,151.95,Completed
ORD_7360,CUST_946,2024-02-08,Event Ticket,TikTok,347.55,242.34,Completed
ORD_7361,CUST_1190,2024-11-05,Event Ticket,Instagram,32.33,20.86,Completed
ORD_7362,CUST_13,2024-10-02,Membership,Instagram,194.42,83.39,Completed
ORD_7363,CUST_1067,2025-03-25,Event Ticket,Referral,392.85,126.08,Completed
ORD_7364,CUST_457,2024-11-15,Media Package,Event Walk-in,228.13,130.95,Completed
ORD_7365,CUST_1245,2024-03-11,Event Ticket,Partnership,327.31,189.81,Completed
ORD_7366,CUST_1223,2024-05-01,Event Ticket,TikTok,349.79,243.49,Completed
ORD_7367,CUST_1272,2024-02-01,Corporate Package,Instagram,59.37,36.1,Refunded
ORD_7368,CUST_738,2024-03-18,Event Ticket,Instagram,238.07,161.07,Completed
ORD_7369,CUST_1147,2025-02-13,Workshop,Partnership,385.31,234.53,Completed
ORD_7370,CUST_1405,2024-12-06,Creative Studio,Referral,443.1,196.47,Completed
ORD_7371,CUST_1058,2024-10-03,Creative Studio,Referral,268.97,180.53,Completed
ORD_7372,CUST_405,2024-09-21,Event Ticket,TikTok,219.22,67.89,Completed
ORD_7373,CUST_462,2024-09-09,Creative Studio,Instagram,325.76,151.65,Completed
ORD_7374,CUST_1101,2024-08-25,Media Package,Instagram,172.57,97.93,Completed
ORD_7375,CUST_139,2024-09-30,Workshop,Instagram,237.6,82.68,Completed
ORD_7376,CUST_597,2024-10-06,Media Package,Partnership,353.78,120.42,Completed
ORD_7377,CUST_1059,2024-12-12,Corporate Package,Instagram,55.62,24.95,Completed
ORD_7378,CUST_481,2025-02-24,Workshop,Partnership,146.6,77.92,Completed
ORD_7379,CUST_79,2024-08-24,Partner Offer,TikTok,135.43,42.35,Refunded
ORD_7380,CUST_77,2024-04-04,Media Package,TikTok,352.01,196.7,Completed
ORD_7381,CUST_66,2024-05-20,Event Ticket,Event Walk-in,258.07,77.84,Completed
ORD_7382,CUST_423,2024-08-13,Partner Offer,Instagram,439.84,227.21,Completed
ORD_7383,CUST_1006,2025-04-27,Partner Offer,Event Walk-in,424.37,135.35,Completed
ORD_7384,CUST_914,2024-04-11,Media Package,Event Walk-in,388.36,140.7,Completed
ORD_7385,CUST_940,2025-03-31,Workshop,Google Search,259.51,146.49,Completed
ORD_7386,CUST_1183,2025-02-03,Workshop,TikTok,41.57,16.07,Completed
ORD_7387,CUST_1140,2025-01-11,Media Package,Instagram,314.52,165.48,Refunded
ORD_7388,CUST_1189,2024-11-28,Corporate Package,TikTok,90.7,36.22,Completed
ORD_7389,CUST_71,2024-01-22,Partner Offer,Event Walk-in,428.95,295.6,Completed
ORD_7390,CUST_626,2024-09-21,Event Ticket,Event Walk-in,430.36,168.01,Completed
ORD_7391,CUST_580,2024-03-28,Creative Studio,Instagram,267.49,154.46,Refunded
ORD_7392,CUST_1234,2025-01-04,Event Ticket,Referral,196.5,109.69,Completed
ORD_7393,CUST_1083,2024-07-12,Creative Studio,TikTok,275.12,152.78,Completed
ORD_7394,CUST_563,2024-09-22,Corporate Package,Instagram,354.87,141.1,Completed
ORD_7395,CUST_1364,2024-01-20,Membership,Event Walk-in,210.96,119.5,Completed
ORD_7396,CUST_1381,2024-09-14,Media Package,Event Walk-in,399.74,151.3,Completed
ORD_7397,CUST_412,2025-04-30,Workshop,Event Walk-in,69.05,47.62,Completed
ORD_7398,CUST_706,2025-03-06,Event Ticket,Event Walk-in,54.52,22.69,Completed
ORD_7399,CUST_1179,2024-12-04,Media Package,Instagram,270.24,140.13,Completed
ORD_7400,CUST_983,2024-05-07,Creative Studio,Instagram,372.29,161.41,Completed
ORD_7401,CUST_827,2024-12-29,Membership,Referral,84.03,33.76,Completed
ORD_7402,CUST_460,2025-01-31,Creative Studio,Event Walk-in,141.53,56.94,Completed
ORD_7403,CUST_1345,2024-05-21,Corporate Package,Instagram,132.65,56.95,Cancelled
ORD_7404,CUST_1171,2025-05-02,Corporate Package,Referral,267.18,174.45,Completed
ORD_7405,CUST_674,2024-12-28,Corporate Package,Event Walk-in,252.8,79.84,Completed
ORD_7406,CUST_121,2024-12-17,Event Ticket,Event Walk-in,357.76,214.24,Completed
ORD_7407,CUST_1321,2024-01-13,Event Ticket,TikTok,428.74,248.98,Cancelled
ORD_7408,CUST_1237,2024-03-09,Media Package,Instagram,141.5,56.84,Completed
ORD_7409,CUST_1184,2024-10-04,Creative Studio,Referral,207.17,81.8,Completed
ORD_7410,CUST_1457,2024-10-18,Media Package,TikTok,247.54,171.24,Completed
ORD_7411,CUST_87,2024-07-07,Membership,Partnership,69.84,29.47,Completed
ORD_7412,CUST_1270,2025-02-23,Media Package,LinkedIn,472.49,245.75,Completed
ORD_7413,CUST_1041,2024-06-15,Creative Studio,Event Walk-in,81.71,57.14,Refunded
ORD_7414,CUST_229,2025-06-10,Media Package,Instagram,362.38,193.02,Completed
ORD_7415,CUST_564,2024-02-17,Event Ticket,Event Walk-in,347.96,113.14,Completed
ORD_7416,CUST_1406,2025-04-21,Media Package,Event Walk-in,309.22,119.96,Refunded
ORD_7417,CUST_650,2024-05-08,Media Package,Instagram,70.05,40.11,Completed
ORD_7418,CUST_393,2024-12-11,Creative Studio,LinkedIn,48.54,28.19,Cancelled
ORD_7419,CUST_914,2024-09-02,Event Ticket,Event Walk-in,255.79,160.43,Completed
ORD_7420,CUST_255,2024-11-04,Media Package,LinkedIn,334.42,154.94,Completed
ORD_7421,CUST_840,2024-10-22,Event Ticket,Instagram,263.04,153.01,Completed
ORD_7422,CUST_474,2024-09-08,Creative Studio,TikTok,245.33,144.7,Completed
ORD_7423,CUST_1193,2024-06-02,Workshop,Instagram,498.89,315.31,Refunded
ORD_7424,CUST_1039,2024-07-25,Media Package,LinkedIn,33.84,21.41,Completed
ORD_7425,CUST_433,2025-04-28,Media Package,Instagram,189.73,125.45,Refunded
ORD_7426,CUST_890,2025-05-18,Media Package,TikTok,60.47,39.52,Completed
ORD_7427,CUST_77,2024-08-01,Event Ticket,TikTok,283.17,149.22,Completed
ORD_7428,CUST_280,2024-11-29,Creative Studio,Instagram,21.18,8.42,Completed
ORD_7429,CUST_197,2025-04-28,Event Ticket,TikTok,341.81,210.59,Completed
ORD_7430,CUST_192,2025-06-14,Media Package,Google Search,397.83,209.02,Refunded
ORD_7431,CUST_604,2024-03-07,Corporate Package,Instagram,372.3,171.03,Refunded
ORD_7432,CUST_671,2025-04-24,Partner Offer,Partnership,296.08,134.36,Completed
ORD_7433,CUST_747,2025-06-18,Workshop,LinkedIn,87.04,30.93,Completed
ORD_7434,CUST_165,2024-01-03,Media Package,TikTok,194.33,76.86,Completed
ORD_7435,CUST_1156,2024-04-28,Partner Offer,TikTok,265.57,168.66,Completed
ORD_7436,CUST_1103,2024-11-03,Partner Offer,Event Walk-in,414.65,288.86,Completed
ORD_7437,CUST_1222,2025-01-25,Media Package,Instagram,234.71,137.9,Completed
ORD_7438,CUST_1081,2024-04-15,Partner Offer,TikTok,203.14,106.78,Refunded
ORD_7439,CUST_1177,2024-09-03,Event Ticket,Instagram,425.03,191.98,Completed
ORD_7440,CUST_1217,2025-01-06,Workshop,Instagram,354.4,203.76,Completed
ORD_7441,CUST_880,2024-11-05,Corporate Package,TikTok,431.05,254.28,Completed
ORD_7442,CUST_1401,2025-06-12,Partner Offer,Instagram,32.39,19.47,Refunded
ORD_7443,CUST_124,2024-12-10,Partner Offer,TikTok,73.35,23.62,Completed
ORD_7444,CUST_261,2025-05-23,Partner Offer,Instagram,38.63,12.75,Completed
ORD_7445,CUST_285,2024-10-26,Media Package,Instagram,122.79,51.36,Completed
ORD_7446,CUST_117,2025-05-22,Media Package,Instagram,493.92,208.13,Completed
ORD_7447,CUST_496,2024-05-03,Media Package,Google Search,176.15,76.91,Completed
ORD_7448,CUST_885,2024-06-25,Creative Studio,Instagram,94.53,30.33,Completed
ORD_7449,CUST_488,2024-03-29,Workshop,Event Walk-in,435.93,236.43,Completed
ORD_7450,CUST_1368,2024-02-01,Media Package,TikTok,218.37,81.75,Completed
ORD_7451,CUST_420,2024-06-18,Creative Studio,Instagram,20.64,9.29,Completed
ORD_7452,CUST_1154,2024-03-02,Media Package,Instagram,238.16,159.27,Completed
ORD_7453,CUST_126,2025-02-25,Media Package,Instagram,214.88,138.9,Completed
ORD_7454,CUST_809,2025-03-16,Creative Studio,Event Walk-in,358.61,121.54,Completed
ORD_7455,CUST_1208,2024-07-27,Media Package,Event Walk-in,42.16,19.34,Completed
ORD_7456,CUST_797,2025-01-04,Media Package,LinkedIn,447.28,243.32,Completed
ORD_7457,CUST_1196,2025-02-16,Workshop,Event Walk-in,87.6,50.23,Completed
ORD_7458,CUST_1447,2024-05-16,Partner Offer,Google Search,238.54,84.25,Completed
ORD_7459,CUST_1342,2024-01-02,Workshop,Instagram,102.62,35.62,Completed
ORD_7460,CUST_471,2025-04-28,Event Ticket,LinkedIn,82.96,34.07,Completed
ORD_7461,CUST_1174,2024-01-22,Creative Studio,Event Walk-in,350.94,196.14,Completed
ORD_7462,CUST_1461,2025-05-14,Media Package,TikTok,66.72,44.3,Completed
ORD_7463,CUST_1369,2025-06-08,Workshop,LinkedIn,163.43,79.32,Completed
ORD_7464,CUST_636,2025-03-21,Workshop,Event Walk-in,215.7,145.68,Refunded
ORD_7465,CUST_828,2024-08-18,Event Ticket,LinkedIn,443.08,243.41,Completed
ORD_7466,CUST_541,2024-02-05,Media Package,TikTok,72.05,30.84,Refunded
ORD_7467,CUST_1192,2025-06-11,Membership,Instagram,54.93,36.98,Completed
ORD_7468,CUST_476,2024-06-07,Media Package,TikTok,154.05,73.78,Completed
ORD_7469,CUST_1383,2025-05-18,Media Package,Event Walk-in,447.64,281.36,Completed
ORD_7470,CUST_408,2025-02-23,Partner Offer,Instagram,243.55,161.21,Completed
ORD_7471,CUST_396,2025-02-23,Creative Studio,Instagram,376.9,262.73,Refunded
ORD_7472,CUST_455,2024-10-20,Media Package,LinkedIn,289.76,162.25,Completed
ORD_7473,CUST_866,2024-12-14,Creative Studio,Google Search,448.75,307.97,Completed
ORD_7474,CUST_1280,2025-03-13,Media Package,Partnership,125.42,85.87,Completed
ORD_7475,CUST_409,2024-10-09,Event Ticket,LinkedIn,158.14,95.56,Completed
ORD_7476,CUST_871,2024-06-13,Media Package,TikTok,64.59,35.8,Completed
ORD_7477,CUST_918,2024-10-04,Media Package,Event Walk-in,251.62,132.96,Completed
ORD_7478,CUST_1145,2024-01-04,Corporate Package,Google Search,326.72,132.88,Completed
ORD_7479,CUST_119,2024-07-17,Creative Studio,TikTok,430.28,247.63,Completed
ORD_7480,CUST_344,2024-06-01,Event Ticket,Instagram,34.48,23.46,Completed
ORD_7481,CUST_596,2024-07-02,Creative Studio,Instagram,154.93,88.31,Cancelled
ORD_7482,CUST_1225,2024-08-19,Event Ticket,Partnership,401.42,280.45,Completed
ORD_7483,CUST_1175,2025-02-02,Media Package,Google Search,191.76,118.86,Refunded
ORD_7484,CUST_688,2024-12-19,Event Ticket,TikTok,158.96,78.83,Refunded
ORD_7485,CUST_1094,2025-03-29,Membership,Event Walk-in,444.68,229.77,Completed
ORD_7486,CUST_1360,2024-02-03,Partner Offer,Instagram,318.78,131.22,Completed
ORD_7487,CUST_1002,2024-09-21,Workshop,LinkedIn,26.7,18.55,Completed
ORD_7488,CUST_609,2025-01-25,Membership,Instagram,444.95,292.35,Completed
ORD_7489,CUST_990,2025-06-11,Creative Studio,Google Search,195.29,77.08,Completed
ORD_7490,CUST_223,2024-10-05,Media Package,Instagram,496.67,216.48,Completed
ORD_7491,CUST_608,2025-01-11,Event Ticket,Event Walk-in,167.46,107.07,Completed
ORD_7492,CUST_206,2024-07-23,Media Package,Partnership,61.43,39.31,Completed
ORD_7493,CUST_1415,2024-01-26,Event Ticket,Google Search,477.69,319.07,Completed
ORD_7494,CUST_1089,2024-08-02,Creative Studio,Instagram,354.67,116.36,Refunded
ORD_7495,CUST_715,2025-02-21,Media Package,Event Walk-in,192.2,97.67,Completed
ORD_7496,CUST_1030,2024-05-19,Media Package,Google Search,48.1,19.01,Completed
ORD_7497,CUST_822,2024-09-21,Event Ticket,Instagram,220.2,71.33,Completed
ORD_7498,CUST_1398,2024-12-29,Media Package,Instagram,426.49,158.77,Completed
ORD_7499,CUST_961,2025-06-16,Membership,Referral,385.28,175.81,Completed
ORD_7500,CUST_506,2024-08-12,Media Package,Event Walk-in,35.93,14.24,Completed
ORD_7501,CUST_1350,2024-12-11,Workshop,Instagram,194.86,94.85,Completed
ORD_7502,CUST_545,2024-02-06,Membership,TikTok,346.36,241.2,Completed
ORD_7503,CUST_505,2025-04-27,Workshop,Instagram,248.45,83.28,Completed
ORD_7504,CUST_91,2024-02-24,Event Ticket,LinkedIn,212.15,108.13,Completed
ORD_7505,CUST_818,2024-11-15,Event Ticket,Event Walk-in,314.0,134.91,Completed
ORD_7506,CUST_1416,2024-02-04,Membership,Instagram,296.69,196.88,Completed
ORD_7507,CUST_6,2024-09-30,Membership,Instagram,330.31,172.71,Completed
ORD_7508,CUST_445,2024-07-20,Media Package,Instagram,377.7,160.87,Completed
ORD_7509,CUST_1432,2025-06-10,Membership,Partnership,209.74,80.66,Completed
ORD_7510,CUST_790,2025-02-12,Media Package,LinkedIn,311.67,176.22,Cancelled
ORD_7511,CUST_478,2024-05-10,Creative Studio,TikTok,22.66,11.94,Completed
ORD_7512,CUST_501,2024-01-13,Membership,TikTok,365.26,150.38,Completed
ORD_7513,CUST_514,2024-04-13,Media Package,Referral,30.52,18.87,Completed
ORD_7514,CUST_412,2025-01-15,Workshop,Event Walk-in,210.86,76.16,Completed
ORD_7515,CUST_694,2024-04-26,Media Package,LinkedIn,93.05,61.23,Completed
ORD_7516,CUST_369,2025-01-29,Media Package,TikTok,433.56,244.11,Refunded
ORD_7517,CUST_604,2025-01-30,Membership,Instagram,456.96,302.16,Completed
ORD_7518,CUST_453,2024-12-31,Creative Studio,Partnership,108.99,40.14,Completed
ORD_7519,CUST_16,2024-05-27,Event Ticket,TikTok,355.05,127.21,Completed
ORD_7520,CUST_735,2024-08-15,Media Package,Event Walk-in,394.39,237.33,Completed
ORD_7521,CUST_103,2025-03-21,Membership,Instagram,276.68,160.25,Completed
ORD_7522,CUST_208,2024-05-28,Media Package,Instagram,204.01,86.74,Completed
ORD_7523,CUST_585,2025-03-14,Media Package,Event Walk-in,452.06,136.74,Completed
ORD_7524,CUST_499,2024-07-28,Membership,Instagram,111.42,35.16,Cancelled
ORD_7525,CUST_1448,2025-06-22,Partner Offer,Google Search,351.73,110.73,Completed
ORD_7526,CUST_424,2024-02-08,Membership,Referral,345.32,165.51,Completed
ORD_7527,CUST_475,2025-04-24,Partner Offer,Google Search,332.47,114.74,Completed
ORD_7528,CUST_151,2025-06-14,Corporate Package,Referral,378.04,242.22,Completed
ORD_7529,CUST_363,2024-03-23,Media Package,Instagram,429.38,257.02,Completed
ORD_7530,CUST_366,2024-06-17,Event Ticket,Referral,493.58,320.93,Completed
ORD_7531,CUST_605,2025-03-06,Partner Offer,Instagram,131.09,88.53,Completed
ORD_7532,CUST_417,2024-03-23,Media Package,Event Walk-in,55.65,38.76,Completed
ORD_7533,CUST_949,2024-05-10,Creative Studio,TikTok,305.71,93.6,Completed
ORD_7534,CUST_1239,2025-03-20,Corporate Package,Partnership,201.82,124.09,Completed
ORD_7535,CUST_653,2025-06-20,Creative Studio,TikTok,95.1,51.95,Completed
ORD_7536,CUST_34,2024-02-07,Creative Studio,Event Walk-in,204.12,71.2,Completed
ORD_7537,CUST_939,2024-10-31,Media Package,Event Walk-in,365.7,153.98,Completed
ORD_7538,CUST_149,2024-10-31,Workshop,TikTok,172.1,52.41,Completed
ORD_7539,CUST_136,2025-06-28,Creative Studio,Google Search,417.69,190.91,Completed
ORD_7540,CUST_553,2025-01-01,Media Package,Event Walk-in,340.89,149.09,Completed
ORD_7541,CUST_1025,2024-01-01,Membership,Instagram,127.9,45.03,Completed
ORD_7542,CUST_52,2024-11-13,Event Ticket,LinkedIn,230.35,122.03,Completed
ORD_7543,CUST_373,2024-06-21,Event Ticket,Event Walk-in,345.53,198.24,Completed
ORD_7544,CUST_985,2025-02-14,Membership,Instagram,249.46,80.56,Completed
ORD_7545,CUST_1004,2024-10-29,Membership,Google Search,296.97,172.97,Completed
ORD_7546,CUST_344,2025-02-28,Membership,Instagram,281.08,182.44,Completed
ORD_7547,CUST_1484,2024-12-10,Partner Offer,Google Search,145.77,75.43,Completed
ORD_7548,CUST_209,2024-07-24,Media Package,LinkedIn,36.2,13.05,Completed
ORD_7549,CUST_1332,2024-10-19,Creative Studio,Instagram,24.25,10.02,Completed
ORD_7550,CUST_764,2025-01-11,Membership,Partnership,147.2,83.18,Completed
ORD_7551,CUST_1361,2025-06-09,Media Package,Event Walk-in,408.56,235.06,Completed
ORD_7552,CUST_60,2024-06-02,Workshop,Instagram,499.42,185.04,Completed
ORD_7553,CUST_43,2024-05-29,Workshop,Partnership,136.98,85.6,Refunded
ORD_7554,CUST_463,2024-07-27,Creative Studio,Partnership,479.16,271.5,Completed
ORD_7555,CUST_399,2024-06-20,Creative Studio,Instagram,46.34,23.13,Completed
ORD_7556,CUST_383,2025-04-17,Membership,Instagram,381.21,228.81,Completed
ORD_7557,CUST_316,2024-07-09,Event Ticket,Referral,96.22,63.23,Completed
ORD_7558,CUST_18,2024-10-18,Partner Offer,Partnership,264.28,171.91,Completed
ORD_7559,CUST_1275,2024-08-06,Media Package,Instagram,133.2,59.68,Completed
ORD_7560,CUST_621,2025-02-04,Event Ticket,Instagram,340.67,161.99,Completed
ORD_7561,CUST_866,2024-05-06,Event Ticket,Google Search,241.86,132.79,Completed
ORD_7562,CUST_841,2025-06-15,Creative Studio,TikTok,364.6,213.43,Completed
ORD_7563,CUST_417,2024-01-24,Workshop,Event Walk-in,122.89,50.11,Completed
ORD_7564,CUST_784,2024-06-06,Creative Studio,TikTok,404.92,128.12,Completed
ORD_7565,CUST_1427,2025-04-03,Workshop,Instagram,63.5,43.38,Completed
ORD_7566,CUST_601,2024-07-21,Media Package,Event Walk-in,149.17,69.59,Completed
ORD_7567,CUST_1272,2025-01-06,Media Package,Instagram,187.32,105.69,Completed
ORD_7568,CUST_715,2025-05-10,Partner Offer,Event Walk-in,490.39,155.59,Completed
ORD_7569,CUST_786,2024-01-24,Media Package,Event Walk-in,339.02,107.62,Completed
ORD_7570,CUST_884,2025-02-28,Membership,Partnership,288.48,129.96,Refunded
ORD_7571,CUST_652,2025-01-09,Media Package,Instagram,324.5,98.88,Completed
ORD_7572,CUST_453,2024-01-15,Membership,Partnership,440.96,165.94,Completed
ORD_7573,CUST_37,2024-09-09,Media Package,TikTok,397.69,274.12,Completed
ORD_7574,CUST_801,2024-11-03,Membership,LinkedIn,88.25,27.32,Completed
ORD_7575,CUST_1115,2024-08-06,Media Package,LinkedIn,141.82,83.45,Cancelled
ORD_7576,CUST_1044,2025-03-27,Workshop,Google Search,351.4,128.85,Refunded
ORD_7577,CUST_439,2024-11-29,Event Ticket,Instagram,85.27,57.85,Refunded
ORD_7578,CUST_340,2024-01-31,Media Package,TikTok,264.96,109.45,Completed
ORD_7579,CUST_854,2024-12-19,Partner Offer,TikTok,103.46,60.09,Completed
ORD_7580,CUST_670,2024-07-14,Creative Studio,TikTok,345.34,216.52,Completed
ORD_7581,CUST_796,2024-11-06,Workshop,Instagram,389.13,223.17,Completed
ORD_7582,CUST_292,2025-06-25,Partner Offer,TikTok,283.72,153.81,Completed
ORD_7583,CUST_1336,2024-08-30,Partner Offer,Instagram,63.85,32.92,Completed
ORD_7584,CUST_1044,2024-09-27,Creative Studio,Google Search,204.27,112.81,Completed
ORD_7585,CUST_1042,2025-02-16,Media Package,Google Search,390.68,160.54,Completed
ORD_7586,CUST_726,2025-05-30,Event Ticket,TikTok,93.7,65.52,Completed
ORD_7587,CUST_1479,2024-11-27,Event Ticket,Instagram,483.45,170.06,Completed
ORD_7588,CUST_946,2025-06-07,Corporate Package,TikTok,78.79,38.45,Completed
ORD_7589,CUST_102,2025-02-03,Membership,Instagram,159.86,91.51,Completed
ORD_7590,CUST_336,2024-06-18,Membership,TikTok,470.58,299.22,Completed
ORD_7591,CUST_610,2024-08-25,Creative Studio,Instagram,97.98,56.37,Completed
ORD_7592,CUST_1328,2024-12-03,Event Ticket,Event Walk-in,229.22,137.27,Completed
ORD_7593,CUST_320,2024-04-14,Media Package,Instagram,454.75,305.69,Completed
ORD_7594,CUST_531,2024-08-28,Media Package,Instagram,144.39,89.69,Completed
ORD_7595,CUST_1158,2025-06-17,Media Package,Event Walk-in,478.38,269.16,Completed
ORD_7596,CUST_1146,2024-11-13,Creative Studio,Event Walk-in,320.91,124.1,Completed
ORD_7597,CUST_968,2025-03-13,Event Ticket,Instagram,400.88,176.22,Completed
ORD_7598,CUST_1265,2024-03-01,Membership,LinkedIn,84.33,36.43,Completed
ORD_7599,CUST_1336,2025-03-27,Membership,Instagram,73.86,43.69,Completed
ORD_7600,CUST_757,2024-05-05,Media Package,Google Search,113.17,71.85,Refunded
ORD_7601,CUST_1023,2025-03-12,Event Ticket,Instagram,432.6,273.65,Completed
ORD_7602,CUST_419,2024-12-12,Event Ticket,Instagram,284.64,101.8,Completed
ORD_7603,CUST_1283,2025-02-18,Media Package,Instagram,130.8,78.38,Cancelled
ORD_7604,CUST_803,2025-02-22,Media Package,LinkedIn,174.41,87.1,Completed
ORD_7605,CUST_1463,2024-03-12,Media Package,Referral,69.13,41.14,Refunded
ORD_7606,CUST_257,2024-02-15,Event Ticket,Instagram,458.64,227.73,Completed
ORD_7607,CUST_57,2024-05-05,Creative Studio,LinkedIn,111.08,42.28,Completed
ORD_7608,CUST_1288,2024-08-08,Membership,Instagram,335.64,187.69,Completed
ORD_7609,CUST_189,2025-03-01,Media Package,Partnership,386.93,173.04,Completed
ORD_7610,CUST_911,2024-01-02,Event Ticket,LinkedIn,394.14,165.09,Completed
ORD_7611,CUST_474,2024-11-17,Creative Studio,TikTok,140.16,91.04,Completed
ORD_7612,CUST_907,2024-01-27,Event Ticket,Referral,475.97,207.82,Completed
ORD_7613,CUST_1047,2025-05-08,Membership,Instagram,281.69,133.88,Completed
ORD_7614,CUST_16,2024-04-18,Partner Offer,TikTok,168.34,100.03,Refunded
ORD_7615,CUST_286,2024-03-11,Membership,TikTok,166.55,78.36,Completed
ORD_7616,CUST_881,2024-12-28,Corporate Package,Event Walk-in,241.12,146.3,Completed
ORD_7617,CUST_244,2024-04-04,Partner Offer,Instagram,189.1,104.87,Completed
ORD_7618,CUST_646,2025-01-29,Workshop,LinkedIn,327.65,158.98,Completed
ORD_7619,CUST_1132,2024-04-02,Media Package,Referral,489.93,286.88,Completed
ORD_7620,CUST_1259,2024-04-28,Membership,Google Search,82.79,52.8,Completed
ORD_7621,CUST_734,2025-01-17,Event Ticket,Event Walk-in,262.46,173.96,Completed
ORD_7622,CUST_116,2024-05-03,Media Package,TikTok,484.43,201.96,Completed
ORD_7623,CUST_501,2024-08-15,Corporate Package,TikTok,110.88,56.58,Completed
ORD_7624,CUST_259,2025-06-29,Creative Studio,Partnership,316.74,141.31,Completed
ORD_7625,CUST_523,2025-05-19,Event Ticket,Event Walk-in,224.39,138.96,Completed
ORD_7626,CUST_557,2024-01-12,Media Package,Google Search,369.09,166.49,Completed
ORD_7627,CUST_1403,2024-05-31,Media Package,Instagram,426.93,161.21,Completed
ORD_7628,CUST_105,2024-06-15,Workshop,Event Walk-in,494.48,176.03,Refunded
ORD_7629,CUST_1121,2025-01-09,Event Ticket,TikTok,469.37,305.07,Refunded
ORD_7630,CUST_377,2024-04-13,Media Package,Instagram,153.06,50.15,Completed
ORD_7631,CUST_657,2024-08-13,Membership,TikTok,374.24,209.85,Completed
ORD_7632,CUST_75,2024-07-18,Membership,Partnership,98.6,64.08,Completed
ORD_7633,CUST_617,2024-05-18,Event Ticket,Google Search,191.53,95.6,Refunded
ORD_7634,CUST_300,2024-09-28,Event Ticket,Google Search,45.13,15.36,Completed
ORD_7635,CUST_20,2024-08-06,Media Package,Google Search,192.97,75.74,Completed
ORD_7636,CUST_705,2025-04-27,Media Package,Event Walk-in,173.95,60.53,Completed
ORD_7637,CUST_1237,2024-12-23,Creative Studio,Instagram,428.49,162.32,Completed
ORD_7638,CUST_1445,2024-09-18,Media Package,Instagram,25.42,11.17,Completed
ORD_7639,CUST_1164,2024-04-18,Event Ticket,Referral,481.37,303.72,Refunded
ORD_7640,CUST_465,2024-07-04,Partner Offer,Referral,441.21,206.24,Completed
ORD_7641,CUST_1042,2024-05-14,Media Package,Google Search,192.41,70.69,Completed
ORD_7642,CUST_189,2024-03-01,Partner Offer,Partnership,330.99,171.84,Completed
ORD_7643,CUST_860,2025-01-14,Partner Offer,Google Search,462.26,215.98,Completed
ORD_7644,CUST_1110,2025-05-17,Media Package,Event Walk-in,203.12,111.66,Completed
ORD_7645,CUST_642,2024-04-30,Media Package,Referral,263.35,112.59,Completed
ORD_7646,CUST_1491,2024-03-05,Media Package,Partnership,404.89,124.57,Refunded
ORD_7647,CUST_1451,2024-05-14,Corporate Package,Instagram,347.69,121.87,Completed
ORD_7648,CUST_623,2024-08-23,Corporate Package,Google Search,30.73,11.94,Completed
ORD_7649,CUST_656,2024-08-14,Membership,Referral,412.15,267.54,Completed
ORD_7650,CUST_369,2024-12-31,Media Package,TikTok,496.73,229.43,Completed
ORD_7651,CUST_370,2025-05-22,Media Package,LinkedIn,246.75,118.12,Refunded
ORD_7652,CUST_1204,2024-03-01,Creative Studio,Google Search,489.96,237.46,Completed
ORD_7653,CUST_934,2024-04-27,Workshop,Google Search,462.48,305.76,Completed
ORD_7654,CUST_1043,2024-12-15,Media Package,Instagram,381.68,200.5,Completed
ORD_7655,CUST_156,2025-06-01,Media Package,LinkedIn,472.88,328.56,Cancelled
ORD_7656,CUST_1074,2024-04-17,Corporate Package,Instagram,315.41,107.14,Refunded
ORD_7657,CUST_1368,2025-01-31,Media Package,TikTok,368.75,254.67,Completed
ORD_7658,CUST_71,2025-02-18,Corporate Package,Event Walk-in,23.37,14.69,Completed
ORD_7659,CUST_1425,2024-10-22,Creative Studio,Event Walk-in,205.9,132.52,Completed
ORD_7660,CUST_1221,2024-04-01,Event Ticket,Partnership,189.02,119.8,Completed
ORD_7661,CUST_137,2024-08-10,Workshop,Google Search,381.24,206.63,Completed
ORD_7662,CUST_250,2024-05-05,Creative Studio,Event Walk-in,278.03,127.53,Completed
ORD_7663,CUST_560,2024-04-15,Partner Offer,Instagram,475.26,274.32,Refunded
ORD_7664,CUST_276,2024-01-14,Membership,Event Walk-in,317.86,124.98,Completed
ORD_7665,CUST_1218,2025-02-20,Corporate Package,Instagram,364.06,177.8,Refunded
ORD_7666,CUST_1078,2024-03-18,Media Package,Event Walk-in,24.15,7.3,Completed
ORD_7667,CUST_400,2024-04-14,Membership,Google Search,33.69,17.49,Completed
ORD_7668,CUST_1424,2024-08-29,Membership,TikTok,56.87,38.32,Completed
ORD_7669,CUST_419,2024-09-26,Membership,Instagram,238.75,104.62,Refunded
ORD_7670,CUST_1432,2024-01-31,Workshop,Partnership,368.69,217.9,Completed
ORD_7671,CUST_1248,2024-12-06,Workshop,LinkedIn,183.37,57.47,Refunded
ORD_7672,CUST_872,2024-02-05,Creative Studio,Google Search,202.82,129.52,Completed
ORD_7673,CUST_497,2025-04-12,Membership,TikTok,84.49,29.66,Completed
ORD_7674,CUST_125,2024-08-13,Media Package,Event Walk-in,112.9,78.9,Completed
ORD_7675,CUST_594,2024-12-22,Media Package,Instagram,72.85,25.12,Completed
ORD_7676,CUST_1384,2024-09-21,Event Ticket,Event Walk-in,491.82,204.51,Cancelled
ORD_7677,CUST_220,2024-03-21,Creative Studio,Google Search,286.9,135.41,Completed
ORD_7678,CUST_1005,2024-01-17,Membership,TikTok,213.13,130.15,Completed
ORD_7679,CUST_782,2025-03-29,Partner Offer,Partnership,335.68,158.57,Completed
ORD_7680,CUST_584,2024-07-14,Media Package,Instagram,499.43,202.51,Completed
ORD_7681,CUST_94,2024-10-21,Media Package,TikTok,219.76,143.13,Completed
ORD_7682,CUST_739,2024-03-28,Corporate Package,TikTok,296.82,149.15,Completed
ORD_7683,CUST_1161,2024-07-18,Event Ticket,Event Walk-in,129.65,71.92,Completed
ORD_7684,CUST_1362,2024-10-19,Media Package,Google Search,47.32,17.67,Completed
ORD_7685,CUST_564,2025-02-14,Event Ticket,Event Walk-in,464.4,231.25,Cancelled
ORD_7686,CUST_474,2025-01-19,Corporate Package,TikTok,236.13,134.34,Completed
ORD_7687,CUST_869,2024-01-15,Event Ticket,LinkedIn,213.13,87.39,Completed
ORD_7688,CUST_224,2025-01-31,Event Ticket,Event Walk-in,404.99,269.52,Completed
ORD_7689,CUST_322,2025-02-01,Event Ticket,Instagram,300.73,142.81,Completed
ORD_7690,CUST_1381,2025-01-31,Event Ticket,Event Walk-in,381.49,208.35,Completed
ORD_7691,CUST_1267,2025-02-12,Creative Studio,Instagram,289.7,115.68,Completed
ORD_7692,CUST_132,2024-11-11,Media Package,Google Search,229.33,115.01,Completed
ORD_7693,CUST_1364,2025-02-13,Corporate Package,Event Walk-in,336.56,115.83,Completed
ORD_7694,CUST_1409,2025-02-26,Media Package,Instagram,454.29,202.05,Completed
ORD_7695,CUST_631,2025-02-09,Creative Studio,Event Walk-in,204.35,63.66,Completed
ORD_7696,CUST_797,2025-05-24,Workshop,LinkedIn,127.27,55.1,Completed
ORD_7697,CUST_908,2024-10-29,Event Ticket,Google Search,454.92,205.23,Completed
ORD_7698,CUST_5,2025-01-07,Workshop,Instagram,296.8,105.49,Completed
ORD_7699,CUST_529,2024-05-15,Membership,Instagram,161.43,76.73,Completed
ORD_7700,CUST_957,2024-05-31,Creative Studio,Event Walk-in,409.94,141.7,Completed
ORD_7701,CUST_437,2024-07-26,Creative Studio,Referral,57.61,23.55,Completed
ORD_7702,CUST_43,2025-02-03,Corporate Package,Partnership,356.7,182.98,Completed
ORD_7703,CUST_891,2024-11-24,Workshop,Event Walk-in,437.11,176.49,Completed
ORD_7704,CUST_1275,2024-11-12,Media Package,Instagram,138.24,77.49,Refunded
ORD_7705,CUST_986,2025-04-08,Event Ticket,Instagram,460.33,291.78,Completed
ORD_7706,CUST_1131,2024-02-27,Creative Studio,Instagram,29.74,17.77,Completed
ORD_7707,CUST_400,2025-01-03,Partner Offer,Google Search,202.46,138.51,Refunded
ORD_7708,CUST_288,2024-12-04,Membership,Google Search,215.77,112.45,Completed
ORD_7709,CUST_1190,2024-05-01,Media Package,Instagram,395.4,144.53,Completed
ORD_7710,CUST_1092,2025-02-27,Event Ticket,TikTok,484.86,173.87,Completed
ORD_7711,CUST_415,2024-08-23,Membership,Event Walk-in,186.21,73.93,Completed
ORD_7712,CUST_856,2024-06-02,Event Ticket,Event Walk-in,260.23,86.66,Completed
ORD_7713,CUST_1240,2024-05-06,Event Ticket,Instagram,461.53,156.79,Completed
ORD_7714,CUST_661,2024-05-30,Partner Offer,TikTok,490.72,233.06,Completed
ORD_7715,CUST_593,2024-09-21,Corporate Package,Event Walk-in,116.7,57.3,Completed
ORD_7716,CUST_1416,2024-04-21,Workshop,Instagram,348.72,218.28,Completed
ORD_7717,CUST_150,2024-03-17,Membership,Instagram,463.76,257.24,Completed
ORD_7718,CUST_54,2025-05-12,Media Package,Instagram,473.76,330.65,Completed
ORD_7719,CUST_1224,2024-07-20,Media Package,Instagram,448.07,261.83,Completed
ORD_7720,CUST_1187,2025-05-08,Media Package,LinkedIn,375.95,193.55,Completed
ORD_7721,CUST_178,2024-11-07,Event Ticket,Instagram,276.6,147.64,Completed
ORD_7722,CUST_1142,2024-04-27,Creative Studio,Event Walk-in,66.86,31.62,Completed
ORD_7723,CUST_237,2024-08-21,Event Ticket,Instagram,255.15,178.21,Completed
ORD_7724,CUST_225,2025-06-13,Event Ticket,Event Walk-in,245.46,78.76,Completed
ORD_7725,CUST_1020,2024-01-16,Partner Offer,Partnership,177.94,70.33,Completed
ORD_7726,CUST_1290,2025-01-27,Event Ticket,Partnership,398.13,218.25,Completed
ORD_7727,CUST_83,2025-02-22,Creative Studio,Instagram,286.18,86.91,Completed
ORD_7728,CUST_1129,2025-03-21,Workshop,Google Search,270.98,183.5,Completed
ORD_7729,CUST_1252,2025-01-05,Media Package,Google Search,288.27,155.91,Completed
ORD_7730,CUST_488,2024-10-16,Workshop,Event Walk-in,98.74,56.86,Refunded
ORD_7731,CUST_5,2024-05-10,Creative Studio,Instagram,134.56,81.0,Completed
ORD_7732,CUST_704,2024-11-03,Media Package,Partnership,269.06,166.03,Cancelled
ORD_7733,CUST_1264,2024-05-27,Membership,Event Walk-in,395.09,152.33,Completed
ORD_7734,CUST_339,2025-05-20,Workshop,TikTok,366.81,175.23,Completed
ORD_7735,CUST_281,2024-11-14,Membership,Instagram,315.87,134.91,Completed
ORD_7736,CUST_130,2024-11-25,Membership,LinkedIn,417.67,245.77,Completed
ORD_7737,CUST_997,2025-04-22,Partner Offer,Event Walk-in,480.82,254.61,Completed
ORD_7738,CUST_845,2024-07-10,Media Package,LinkedIn,324.62,217.47,Completed
ORD_7739,CUST_57,2024-09-12,Membership,LinkedIn,440.59,186.3,Completed
ORD_7740,CUST_1194,2025-06-23,Membership,LinkedIn,32.35,18.27,Cancelled
ORD_7741,CUST_42,2024-06-11,Event Ticket,LinkedIn,391.07,241.79,Completed
ORD_7742,CUST_425,2025-02-10,Media Package,Event Walk-in,354.51,134.32,Completed
ORD_7743,CUST_421,2025-01-22,Media Package,LinkedIn,41.64,28.17,Completed
ORD_7744,CUST_759,2025-05-22,Membership,Instagram,320.69,210.02,Completed
ORD_7745,CUST_1030,2025-05-27,Creative Studio,Google Search,493.52,244.99,Completed
ORD_7746,CUST_1132,2024-05-12,Event Ticket,Referral,155.67,74.68,Completed
ORD_7747,CUST_777,2024-07-31,Event Ticket,Instagram,408.95,208.26,Completed
ORD_7748,CUST_359,2024-08-08,Media Package,Partnership,393.03,160.18,Completed
ORD_7749,CUST_410,2025-01-03,Media Package,Event Walk-in,53.85,35.26,Completed
ORD_7750,CUST_853,2024-05-19,Creative Studio,LinkedIn,315.51,142.15,Completed
ORD_7751,CUST_468,2024-02-05,Media Package,LinkedIn,187.49,88.98,Completed
ORD_7752,CUST_799,2024-03-25,Membership,Event Walk-in,131.89,64.12,Cancelled
ORD_7753,CUST_786,2024-08-13,Event Ticket,Event Walk-in,256.0,104.99,Completed
ORD_7754,CUST_126,2024-01-16,Workshop,Instagram,75.1,27.98,Completed
ORD_7755,CUST_6,2024-10-20,Creative Studio,Instagram,156.98,61.97,Completed
ORD_7756,CUST_398,2025-01-26,Partner Offer,TikTok,31.2,15.66,Completed
ORD_7757,CUST_599,2025-04-17,Creative Studio,TikTok,452.88,278.61,Refunded
ORD_7758,CUST_19,2024-08-06,Event Ticket,LinkedIn,119.03,66.63,Completed
ORD_7759,CUST_767,2025-05-05,Event Ticket,Instagram,432.92,160.47,Completed
ORD_7760,CUST_1447,2025-01-06,Membership,Google Search,238.7,101.79,Completed
ORD_7761,CUST_595,2024-10-10,Workshop,Instagram,119.25,37.97,Refunded
ORD_7762,CUST_892,2024-06-17,Media Package,Referral,407.4,192.06,Completed
ORD_7763,CUST_335,2025-04-23,Event Ticket,Instagram,36.69,16.37,Completed
ORD_7764,CUST_1448,2024-02-16,Workshop,Google Search,165.92,58.99,Completed
ORD_7765,CUST_1261,2024-11-05,Membership,Instagram,393.15,229.27,Completed
ORD_7766,CUST_136,2025-05-23,Creative Studio,Google Search,450.98,252.23,Completed
ORD_7767,CUST_44,2024-12-30,Workshop,Instagram,109.21,48.67,Completed
ORD_7768,CUST_684,2024-03-11,Workshop,Partnership,360.24,169.92,Completed
ORD_7769,CUST_1145,2024-04-04,Corporate Package,Google Search,357.65,193.14,Completed
ORD_7770,CUST_208,2025-02-17,Event Ticket,Instagram,120.37,70.19,Completed
ORD_7771,CUST_1373,2024-05-13,Event Ticket,Event Walk-in,441.13,247.32,Completed
ORD_7772,CUST_1183,2024-06-06,Media Package,TikTok,190.49,108.45,Completed
ORD_7773,CUST_1465,2025-04-12,Creative Studio,Instagram,383.97,210.84,Refunded
ORD_7774,CUST_283,2025-06-11,Event Ticket,Google Search,346.25,112.59,Refunded
ORD_7775,CUST_989,2024-02-16,Partner Offer,Instagram,184.26,58.26,Completed
ORD_7776,CUST_1484,2024-04-30,Event Ticket,Google Search,235.39,144.5,Completed
ORD_7777,CUST_332,2024-11-25,Membership,Instagram,240.2,152.77,Completed
ORD_7778,CUST_13,2025-03-25,Event Ticket,Instagram,242.52,153.36,Completed
ORD_7779,CUST_654,2024-04-30,Partner Offer,LinkedIn,105.51,62.54,Completed
ORD_7780,CUST_1331,2025-06-21,Membership,TikTok,159.14,105.18,Completed
ORD_7781,CUST_838,2025-04-19,Creative Studio,Event Walk-in,156.78,104.28,Completed
ORD_7782,CUST_1286,2025-05-23,Membership,TikTok,371.98,223.38,Completed
ORD_7783,CUST_131,2024-08-14,Creative Studio,Partnership,140.69,69.48,Completed
ORD_7784,CUST_416,2024-12-27,Creative Studio,Partnership,453.12,241.69,Completed
ORD_7785,CUST_1212,2025-04-05,Creative Studio,Event Walk-in,117.96,61.32,Completed
ORD_7786,CUST_239,2024-06-14,Corporate Package,TikTok,294.34,97.53,Completed
ORD_7787,CUST_909,2024-06-07,Event Ticket,LinkedIn,120.11,77.61,Cancelled
ORD_7788,CUST_31,2024-05-10,Event Ticket,Event Walk-in,352.09,237.23,Completed
ORD_7789,CUST_536,2024-08-05,Corporate Package,Instagram,284.52,118.28,Completed
ORD_7790,CUST_391,2024-06-17,Media Package,TikTok,398.76,235.21,Completed
ORD_7791,CUST_737,2025-03-26,Event Ticket,Instagram,278.58,149.69,Completed
ORD_7792,CUST_202,2024-08-08,Media Package,Instagram,245.02,134.63,Completed
ORD_7793,CUST_996,2024-01-12,Partner Offer,Partnership,308.6,203.83,Completed
ORD_7794,CUST_331,2025-01-03,Media Package,Instagram,382.02,172.13,Cancelled
ORD_7795,CUST_175,2025-03-17,Media Package,Instagram,43.35,22.82,Completed
ORD_7796,CUST_1025,2024-02-07,Partner Offer,Instagram,462.59,282.45,Completed
ORD_7797,CUST_246,2025-02-10,Event Ticket,LinkedIn,267.7,184.71,Completed
ORD_7798,CUST_1438,2024-12-26,Partner Offer,TikTok,57.81,34.31,Completed
ORD_7799,CUST_483,2024-07-26,Membership,Google Search,329.38,164.41,Refunded
ORD_7800,CUST_1433,2024-07-29,Partner Offer,Event Walk-in,69.86,24.58,Completed
ORD_7801,CUST_1254,2024-10-10,Media Package,Partnership,200.67,85.9,Cancelled
ORD_7802,CUST_649,2024-04-03,Event Ticket,Referral,238.2,124.88,Completed
ORD_7803,CUST_1391,2024-11-12,Partner Offer,Event Walk-in,298.39,182.43,Completed
ORD_7804,CUST_226,2024-12-25,Event Ticket,Instagram,211.16,82.51,Cancelled
ORD_7805,CUST_344,2024-07-04,Event Ticket,Instagram,67.9,33.34,Refunded
ORD_7806,CUST_152,2024-08-28,Media Package,TikTok,149.33,47.77,Completed
ORD_7807,CUST_1280,2025-04-30,Workshop,Partnership,381.44,161.27,Completed
ORD_7808,CUST_1101,2024-08-18,Workshop,Instagram,235.45,73.62,Completed
ORD_7809,CUST_1348,2025-06-25,Event Ticket,Instagram,265.22,143.45,Completed
ORD_7810,CUST_1046,2024-12-12,Media Package,TikTok,38.86,19.91,Refunded
ORD_7811,CUST_372,2025-01-16,Media Package,Event Walk-in,337.97,207.77,Completed
ORD_7812,CUST_899,2024-03-16,Media Package,Instagram,283.69,94.34,Completed
ORD_7813,CUST_739,2024-07-21,Partner Offer,TikTok,367.32,181.26,Completed
ORD_7814,CUST_1019,2025-02-23,Membership,Event Walk-in,99.18,67.17,Completed
ORD_7815,CUST_605,2024-12-10,Media Package,Instagram,241.81,116.57,Completed
ORD_7816,CUST_1168,2025-02-13,Media Package,LinkedIn,217.38,118.93,Completed
ORD_7817,CUST_768,2025-05-02,Media Package,TikTok,374.39,229.86,Completed
ORD_7818,CUST_98,2025-01-04,Workshop,TikTok,138.17,50.94,Completed
ORD_7819,CUST_1470,2024-08-01,Corporate Package,Instagram,100.59,46.79,Completed
ORD_7820,CUST_343,2025-05-12,Membership,Google Search,43.95,20.29,Completed
ORD_7821,CUST_47,2024-12-20,Membership,Google Search,266.39,131.69,Completed
ORD_7822,CUST_907,2024-01-25,Partner Offer,Referral,236.65,73.71,Completed
ORD_7823,CUST_1225,2024-10-31,Event Ticket,Partnership,228.58,89.78,Completed
ORD_7824,CUST_589,2024-05-13,Membership,Event Walk-in,358.17,197.48,Completed
ORD_7825,CUST_636,2024-01-14,Media Package,Event Walk-in,202.69,65.2,Completed
ORD_7826,CUST_881,2025-02-19,Event Ticket,Event Walk-in,74.94,30.45,Refunded
ORD_7827,CUST_1299,2024-02-03,Event Ticket,LinkedIn,149.15,61.41,Completed
ORD_7828,CUST_1127,2024-04-18,Creative Studio,Instagram,326.86,219.77,Completed
ORD_7829,CUST_1408,2024-01-01,Creative Studio,Instagram,37.97,15.39,Completed
ORD_7830,CUST_813,2024-07-22,Creative Studio,Event Walk-in,464.24,291.17,Completed
ORD_7831,CUST_991,2024-06-09,Workshop,TikTok,416.76,192.71,Completed
ORD_7832,CUST_198,2024-01-14,Event Ticket,Event Walk-in,470.22,254.52,Refunded
ORD_7833,CUST_117,2025-06-21,Partner Offer,Instagram,430.13,173.65,Completed
ORD_7834,CUST_97,2025-01-28,Workshop,LinkedIn,497.98,302.21,Refunded
ORD_7835,CUST_674,2024-09-13,Workshop,Event Walk-in,224.59,152.94,Completed
ORD_7836,CUST_82,2024-01-19,Creative Studio,Referral,442.94,152.79,Completed
ORD_7837,CUST_846,2024-04-01,Creative Studio,LinkedIn,241.2,77.0,Refunded
ORD_7838,CUST_595,2024-08-17,Media Package,Instagram,77.05,52.27,Refunded
ORD_7839,CUST_326,2025-01-25,Media Package,LinkedIn,313.21,206.73,Refunded
ORD_7840,CUST_1399,2025-01-25,Media Package,LinkedIn,140.67,66.83,Completed
ORD_7841,CUST_790,2025-04-07,Membership,LinkedIn,321.96,195.04,Completed
ORD_7842,CUST_1030,2025-02-07,Event Ticket,Google Search,63.87,21.13,Completed
ORD_7843,CUST_480,2024-07-17,Media Package,TikTok,112.77,64.83,Completed
ORD_7844,CUST_412,2024-08-17,Media Package,Event Walk-in,209.63,140.37,Completed
ORD_7845,CUST_716,2025-06-05,Workshop,LinkedIn,38.56,22.61,Completed
ORD_7846,CUST_1449,2025-03-25,Partner Offer,Event Walk-in,231.25,73.12,Refunded
ORD_7847,CUST_833,2025-01-06,Media Package,Instagram,220.55,120.3,Completed
ORD_7848,CUST_1099,2025-01-07,Creative Studio,Partnership,359.36,201.0,Completed
ORD_7849,CUST_1227,2024-07-19,Event Ticket,TikTok,163.3,93.56,Refunded
ORD_7850,CUST_1076,2025-04-23,Event Ticket,LinkedIn,151.49,71.41,Completed
ORD_7851,CUST_914,2024-12-09,Creative Studio,Event Walk-in,432.64,194.42,Completed
ORD_7852,CUST_628,2025-04-22,Media Package,TikTok,179.13,114.69,Completed
ORD_7853,CUST_929,2024-07-06,Workshop,Event Walk-in,428.8,240.02,Refunded
ORD_7854,CUST_377,2024-01-05,Workshop,Instagram,486.44,173.88,Completed
ORD_7855,CUST_1070,2025-06-04,Creative Studio,TikTok,71.11,27.74,Completed
ORD_7856,CUST_863,2025-03-06,Workshop,Instagram,263.78,178.84,Completed
ORD_7857,CUST_1209,2025-06-20,Creative Studio,Instagram,293.24,202.45,Completed
ORD_7858,CUST_496,2024-07-24,Partner Offer,Google Search,359.63,242.23,Completed
ORD_7859,CUST_1498,2025-05-05,Corporate Package,TikTok,168.09,84.84,Completed
ORD_7860,CUST_1000,2024-10-27,Workshop,Partnership,43.38,18.84,Refunded
ORD_7861,CUST_634,2024-07-18,Partner Offer,Event Walk-in,131.02,55.31,Completed
ORD_7862,CUST_1226,2024-10-05,Corporate Package,Partnership,249.97,106.19,Completed
ORD_7863,CUST_1344,2025-01-26,Membership,Referral,465.48,147.99,Completed
ORD_7864,CUST_1009,2025-05-19,Media Package,TikTok,425.9,174.11,Refunded
ORD_7865,CUST_1300,2024-12-25,Media Package,Event Walk-in,42.36,19.48,Completed
ORD_7866,CUST_360,2024-09-27,Workshop,Instagram,307.09,186.11,Completed
ORD_7867,CUST_1033,2025-01-31,Creative Studio,Instagram,331.46,138.24,Completed
ORD_7868,CUST_237,2024-09-28,Partner Offer,Instagram,49.85,30.16,Completed
ORD_7869,CUST_1399,2024-12-23,Creative Studio,LinkedIn,303.41,171.99,Completed
ORD_7870,CUST_1380,2024-09-01,Membership,Google Search,329.56,145.85,Completed
ORD_7871,CUST_385,2024-09-15,Corporate Package,Event Walk-in,71.31,21.71,Completed
ORD_7872,CUST_1217,2024-05-12,Membership,Instagram,28.74,9.64,Completed
ORD_7873,CUST_1444,2024-09-04,Creative Studio,Instagram,72.55,38.28,Completed
ORD_7874,CUST_1236,2024-01-06,Media Package,Instagram,436.26,242.55,Completed
ORD_7875,CUST_561,2025-06-20,Media Package,Instagram,337.07,184.91,Completed
ORD_7876,CUST_1167,2024-08-20,Media Package,Instagram,491.33,229.98,Completed
ORD_7877,CUST_932,2024-01-28,Membership,Partnership,87.94,52.43,Completed
ORD_7878,CUST_1481,2024-12-23,Membership,TikTok,473.74,242.72,Refunded
ORD_7879,CUST_171,2024-02-03,Workshop,Google Search,371.92,240.69,Completed
ORD_7880,CUST_672,2024-01-08,Creative Studio,Event Walk-in,481.32,328.9,Completed
ORD_7881,CUST_880,2024-07-22,Media Package,TikTok,358.04,190.73,Completed
ORD_7882,CUST_1329,2025-02-16,Media Package,LinkedIn,51.7,27.74,Completed
ORD_7883,CUST_338,2024-05-03,Membership,Google Search,482.55,172.05,Completed
ORD_7884,CUST_338,2024-11-06,Partner Offer,Google Search,25.99,15.9,Completed
ORD_7885,CUST_518,2024-10-10,Workshop,Google Search,485.62,250.56,Completed
ORD_7886,CUST_831,2024-08-14,Media Package,LinkedIn,270.6,184.35,Completed
ORD_7887,CUST_853,2024-10-08,Event Ticket,LinkedIn,344.08,165.18,Completed
ORD_7888,CUST_522,2025-01-30,Membership,Instagram,53.55,24.12,Completed
ORD_7889,CUST_476,2024-09-20,Corporate Package,TikTok,381.79,161.14,Completed
ORD_7890,CUST_1250,2024-02-16,Workshop,LinkedIn,387.72,259.29,Refunded
ORD_7891,CUST_1433,2025-02-21,Creative Studio,Event Walk-in,115.62,61.94,Completed
ORD_7892,CUST_777,2025-06-29,Media Package,Instagram,75.55,37.8,Completed
ORD_7893,CUST_1414,2024-07-29,Membership,Event Walk-in,481.92,226.56,Completed
ORD_7894,CUST_552,2025-02-08,Media Package,Instagram,326.57,132.57,Completed
ORD_7895,CUST_832,2024-09-29,Media Package,Instagram,137.27,59.25,Cancelled
ORD_7896,CUST_429,2025-02-07,Corporate Package,Partnership,116.04,69.32,Completed
ORD_7897,CUST_556,2024-09-10,Membership,TikTok,394.59,168.03,Refunded
ORD_7898,CUST_124,2024-05-19,Partner Offer,TikTok,308.13,109.78,Completed
ORD_7899,CUST_363,2025-04-30,Membership,Instagram,153.58,100.51,Completed
ORD_7900,CUST_683,2024-05-30,Workshop,Instagram,71.25,35.11,Completed
ORD_7901,CUST_1029,2024-10-17,Workshop,Google Search,477.0,188.71,Completed
ORD_7902,CUST_154,2024-03-31,Event Ticket,Instagram,145.14,63.88,Completed
ORD_7903,CUST_306,2025-03-22,Event Ticket,Instagram,68.17,22.23,Completed
ORD_7904,CUST_345,2024-04-22,Media Package,Event Walk-in,370.61,212.82,Completed
ORD_7905,CUST_942,2024-04-27,Creative Studio,Instagram,311.38,127.56,Cancelled
ORD_7906,CUST_632,2024-09-25,Media Package,Event Walk-in,331.79,115.39,Completed
ORD_7907,CUST_1094,2025-04-25,Membership,Event Walk-in,319.64,171.2,Completed
ORD_7908,CUST_1409,2024-08-29,Corporate Package,Instagram,94.45,47.56,Completed
ORD_7909,CUST_1149,2024-03-30,Membership,Instagram,274.64,170.88,Completed
ORD_7910,CUST_88,2024-11-25,Creative Studio,Partnership,401.07,234.95,Completed
ORD_7911,CUST_1443,2024-10-03,Media Package,Event Walk-in,360.55,131.0,Completed
ORD_7912,CUST_750,2024-08-03,Corporate Package,Partnership,479.84,329.38,Completed
ORD_7913,CUST_1014,2024-12-18,Media Package,TikTok,134.45,87.15,Completed
ORD_7914,CUST_287,2024-07-06,Creative Studio,Event Walk-in,118.88,70.15,Completed
ORD_7915,CUST_1444,2025-04-23,Event Ticket,Instagram,368.49,121.18,Completed
ORD_7916,CUST_420,2025-06-24,Media Package,Instagram,355.25,176.74,Completed
ORD_7917,CUST_131,2025-04-26,Event Ticket,Partnership,359.04,166.46,Completed
ORD_7918,CUST_1302,2024-05-02,Partner Offer,Instagram,357.8,160.88,Completed
ORD_7919,CUST_1344,2024-09-01,Corporate Package,Referral,357.26,145.91,Completed
ORD_7920,CUST_1160,2024-04-07,Corporate Package,Instagram,108.84,51.48,Completed
ORD_7921,CUST_710,2024-05-10,Membership,Instagram,341.7,214.86,Completed
ORD_7922,CUST_484,2025-01-07,Media Package,Google Search,264.09,175.83,Completed
ORD_7923,CUST_193,2024-10-31,Partner Offer,LinkedIn,305.92,114.61,Completed
ORD_7924,CUST_17,2024-07-31,Partner Offer,Instagram,272.38,92.77,Completed
ORD_7925,CUST_956,2025-02-25,Partner Offer,Instagram,58.28,40.12,Completed
ORD_7926,CUST_1372,2024-12-08,Partner Offer,Event Walk-in,125.51,45.92,Completed
ORD_7927,CUST_683,2024-01-12,Media Package,Instagram,96.37,66.58,Completed
ORD_7928,CUST_907,2024-02-15,Media Package,Referral,373.7,169.72,Completed
ORD_7929,CUST_44,2025-01-07,Event Ticket,Instagram,229.36,75.94,Completed
ORD_7930,CUST_586,2025-03-13,Membership,Event Walk-in,299.96,95.91,Completed
ORD_7931,CUST_194,2025-04-10,Media Package,Referral,286.77,195.45,Completed
ORD_7932,CUST_934,2024-11-04,Creative Studio,Google Search,335.13,170.24,Completed
ORD_7933,CUST_801,2025-06-08,Partner Offer,LinkedIn,442.6,176.35,Completed
ORD_7934,CUST_758,2024-08-21,Membership,LinkedIn,216.24,145.35,Completed
ORD_7935,CUST_1058,2024-12-25,Media Package,Referral,60.39,18.28,Completed
ORD_7936,CUST_965,2024-12-02,Media Package,Instagram,417.27,274.17,Completed
ORD_7937,CUST_622,2024-01-08,Corporate Package,Event Walk-in,256.02,158.86,Refunded
ORD_7938,CUST_1488,2024-05-12,Media Package,Instagram,216.65,135.74,Completed
ORD_7939,CUST_1306,2024-01-11,Membership,Instagram,463.35,293.78,Refunded
ORD_7940,CUST_1051,2025-06-02,Membership,Event Walk-in,311.11,177.63,Completed
ORD_7941,CUST_1341,2025-02-03,Workshop,TikTok,335.7,183.08,Completed
ORD_7942,CUST_940,2024-03-25,Creative Studio,Google Search,257.1,91.27,Completed
ORD_7943,CUST_739,2024-11-29,Workshop,TikTok,336.26,157.06,Completed
ORD_7944,CUST_956,2024-09-30,Partner Offer,Instagram,439.87,251.14,Cancelled
ORD_7945,CUST_556,2024-02-12,Media Package,TikTok,310.62,208.19,Completed
ORD_7946,CUST_675,2024-11-19,Partner Offer,Instagram,109.78,58.94,Completed
ORD_7947,CUST_191,2024-01-25,Membership,Instagram,99.87,63.73,Completed
ORD_7948,CUST_427,2024-02-04,Media Package,Instagram,195.07,70.14,Refunded
ORD_7949,CUST_1117,2025-03-22,Event Ticket,TikTok,290.28,172.28,Completed
ORD_7950,CUST_712,2024-12-16,Event Ticket,TikTok,399.07,124.71,Completed
ORD_7951,CUST_667,2024-02-25,Event Ticket,Instagram,275.53,163.72,Completed
ORD_7952,CUST_411,2024-07-30,Corporate Package,TikTok,161.01,49.46,Completed
ORD_7953,CUST_873,2024-05-13,Media Package,Event Walk-in,291.31,190.61,Completed
ORD_7954,CUST_1365,2025-02-15,Creative Studio,LinkedIn,50.97,26.89,Completed
ORD_7955,CUST_1261,2024-06-18,Partner Offer,Instagram,175.62,79.55,Completed
ORD_7956,CUST_83,2025-02-13,Creative Studio,Instagram,402.08,246.17,Cancelled
ORD_7957,CUST_577,2024-09-07,Event Ticket,Instagram,185.48,72.91,Completed
ORD_7958,CUST_1254,2024-04-30,Workshop,Partnership,223.34,96.95,Completed
ORD_7959,CUST_809,2024-03-02,Workshop,Event Walk-in,53.49,20.91,Completed
ORD_7960,CUST_1438,2024-08-01,Partner Offer,TikTok,158.88,98.88,Completed
ORD_7961,CUST_265,2024-05-29,Corporate Package,Instagram,374.0,252.65,Completed
ORD_7962,CUST_923,2024-12-31,Membership,Google Search,494.06,279.97,Completed
ORD_7963,CUST_479,2024-11-30,Event Ticket,LinkedIn,475.81,303.34,Completed
ORD_7964,CUST_831,2024-07-24,Event Ticket,LinkedIn,338.61,189.76,Refunded
ORD_7965,CUST_334,2024-05-23,Media Package,LinkedIn,137.54,83.86,Completed
ORD_7966,CUST_85,2025-01-28,Partner Offer,Partnership,314.1,105.53,Completed
ORD_7967,CUST_828,2024-02-26,Creative Studio,LinkedIn,344.84,182.14,Refunded
ORD_7968,CUST_1006,2024-02-03,Media Package,Event Walk-in,210.68,70.15,Refunded
ORD_7969,CUST_1425,2024-02-27,Partner Offer,Event Walk-in,337.24,215.97,Completed
ORD_7970,CUST_540,2025-06-27,Membership,LinkedIn,219.22,143.07,Completed
ORD_7971,CUST_1116,2025-06-12,Creative Studio,Instagram,363.25,110.95,Completed
ORD_7972,CUST_1338,2025-05-12,Media Package,TikTok,152.43,82.83,Refunded
ORD_7973,CUST_413,2025-06-22,Partner Offer,TikTok,128.13,53.0,Completed
ORD_7974,CUST_1118,2024-12-03,Media Package,Instagram,255.96,114.06,Completed
ORD_7975,CUST_838,2025-06-22,Workshop,Event Walk-in,291.24,96.87,Completed
ORD_7976,CUST_756,2024-03-27,Media Package,Partnership,206.41,99.1,Completed
ORD_7977,CUST_1098,2024-07-11,Workshop,Instagram,72.27,44.23,Refunded
ORD_7978,CUST_76,2025-03-23,Partner Offer,Event Walk-in,291.92,141.7,Refunded
ORD_7979,CUST_954,2024-12-29,Corporate Package,Instagram,185.35,88.38,Completed
ORD_7980,CUST_1094,2024-12-17,Membership,Event Walk-in,255.8,121.28,Completed
ORD_7981,CUST_379,2025-04-23,Media Package,TikTok,492.16,163.77,Completed
ORD_7982,CUST_94,2025-06-22,Media Package,TikTok,336.47,194.72,Completed
ORD_7983,CUST_1277,2024-12-12,Media Package,Event Walk-in,136.79,75.74,Completed
ORD_7984,CUST_771,2025-06-09,Event Ticket,Event Walk-in,397.1,192.79,Completed
ORD_7985,CUST_660,2024-12-02,Corporate Package,LinkedIn,45.94,21.59,Completed
ORD_7986,CUST_125,2025-05-28,Media Package,Event Walk-in,167.97,90.49,Completed
ORD_7987,CUST_8,2024-12-12,Event Ticket,Event Walk-in,74.11,38.48,Completed
ORD_7988,CUST_1143,2024-10-28,Media Package,Event Walk-in,229.24,78.2,Completed
ORD_7989,CUST_1166,2024-04-27,Corporate Package,Instagram,424.96,145.19,Completed
ORD_7990,CUST_1047,2024-02-01,Media Package,Instagram,375.84,136.02,Completed
ORD_7991,CUST_1230,2024-09-18,Membership,Event Walk-in,308.03,127.8,Completed
ORD_7992,CUST_1281,2024-02-12,Membership,Instagram,394.66,258.83,Completed
ORD_7993,CUST_298,2025-03-30,Partner Offer,Instagram,313.01,138.67,Completed
ORD_7994,CUST_1087,2025-01-04,Creative Studio,LinkedIn,103.19,33.74,Completed
ORD_7995,CUST_476,2024-08-03,Creative Studio,TikTok,78.67,33.71,Completed
ORD_7996,CUST_1025,2025-06-07,Event Ticket,Instagram,319.2,208.52,Completed
ORD_7997,CUST_862,2024-05-17,Media Package,TikTok,350.67,115.3,Completed
ORD_7998,CUST_448,2024-12-03,Creative Studio,Event Walk-in,310.87,170.64,Completed
ORD_7999,CUST_158,2025-04-07,Media Package,TikTok,201.18,76.2,Refunded
ORD_8000,CUST_480,2024-10-05,Creative Studio,TikTok,204.26,73.57,Refunded
ORD_8001,CUST_1311,2025-01-13,Membership,Instagram,125.18,50.43,Completed
ORD_8002,CUST_1348,2024-05-09,Membership,Instagram,42.49,13.17,Completed
ORD_8003,CUST_179,2024-10-22,Workshop,Event Walk-in,474.77,189.71,Completed
ORD_8004,CUST_487,2024-09-11,Media Package,TikTok,476.57,318.87,Completed
ORD_8005,CUST_96,2024-02-09,Event Ticket,LinkedIn,301.01,203.52,Completed
ORD_8006,CUST_572,2024-10-18,Corporate Package,Instagram,64.07,36.45,Refunded
ORD_8007,CUST_156,2024-10-18,Media Package,LinkedIn,135.42,65.84,Completed
ORD_8008,CUST_111,2025-03-02,Media Package,Event Walk-in,52.99,17.61,Completed
ORD_8009,CUST_1177,2024-04-18,Creative Studio,Instagram,259.82,153.56,Completed
ORD_8010,CUST_747,2024-12-15,Workshop,LinkedIn,380.09,204.23,Completed
ORD_8011,CUST_1497,2025-05-15,Event Ticket,Instagram,256.9,129.14,Completed
ORD_8012,CUST_708,2024-08-14,Creative Studio,Event Walk-in,330.64,127.53,Completed
ORD_8013,CUST_1022,2024-06-21,Workshop,Referral,57.19,31.32,Completed
ORD_8014,CUST_1317,2024-09-26,Media Package,Partnership,488.53,264.16,Completed
ORD_8015,CUST_821,2025-01-19,Creative Studio,Instagram,47.24,19.87,Completed
ORD_8016,CUST_584,2024-06-05,Media Package,Instagram,247.95,169.84,Completed
ORD_8017,CUST_1376,2025-02-10,Creative Studio,Event Walk-in,293.56,153.55,Completed
ORD_8018,CUST_702,2024-10-16,Workshop,TikTok,179.45,124.74,Refunded
ORD_8019,CUST_973,2024-07-25,Membership,Google Search,489.98,325.32,Completed
ORD_8020,CUST_921,2024-02-20,Event Ticket,LinkedIn,60.73,19.25,Completed
ORD_8021,CUST_732,2025-01-08,Creative Studio,Event Walk-in,21.12,6.97,Completed
ORD_8022,CUST_1241,2024-10-23,Creative Studio,Instagram,249.44,138.62,Completed
ORD_8023,CUST_104,2024-12-10,Corporate Package,Partnership,485.44,298.36,Completed
ORD_8024,CUST_644,2025-03-21,Workshop,Instagram,343.1,194.96,Cancelled
ORD_8025,CUST_1125,2025-03-10,Partner Offer,Event Walk-in,252.07,155.92,Cancelled
ORD_8026,CUST_587,2024-08-07,Membership,LinkedIn,250.51,160.96,Completed
ORD_8027,CUST_78,2025-05-10,Media Package,Referral,95.36,52.07,Refunded
ORD_8028,CUST_1158,2025-02-28,Creative Studio,Event Walk-in,440.38,153.52,Completed
ORD_8029,CUST_644,2024-12-30,Workshop,Instagram,219.88,133.58,Completed
ORD_8030,CUST_507,2024-04-03,Event Ticket,Event Walk-in,275.32,119.3,Completed
ORD_8031,CUST_254,2024-02-22,Membership,LinkedIn,338.29,185.25,Completed
ORD_8032,CUST_1187,2024-03-31,Creative Studio,LinkedIn,61.3,25.8,Completed
ORD_8033,CUST_989,2025-04-27,Media Package,Instagram,123.02,84.44,Completed
ORD_8034,CUST_375,2024-04-05,Media Package,Instagram,146.58,52.25,Completed
ORD_8035,CUST_1083,2024-08-25,Membership,TikTok,450.95,172.55,Completed
ORD_8036,CUST_13,2024-02-17,Workshop,Instagram,488.14,269.9,Completed
ORD_8037,CUST_856,2024-09-05,Corporate Package,Event Walk-in,380.89,133.82,Completed
ORD_8038,CUST_789,2025-03-06,Event Ticket,Partnership,203.75,61.68,Completed
ORD_8039,CUST_486,2025-06-14,Partner Offer,Event Walk-in,219.39,140.83,Completed
ORD_8040,CUST_181,2024-01-26,Partner Offer,Partnership,309.37,168.87,Completed
ORD_8041,CUST_786,2025-01-15,Workshop,Event Walk-in,382.93,214.72,Completed
ORD_8042,CUST_104,2024-03-21,Event Ticket,Partnership,388.78,246.42,Completed
ORD_8043,CUST_1415,2024-07-28,Event Ticket,Google Search,134.63,93.57,Completed
ORD_8044,CUST_687,2024-10-18,Event Ticket,Event Walk-in,271.99,94.47,Completed
ORD_8045,CUST_1129,2024-07-13,Media Package,Google Search,121.61,56.73,Completed
ORD_8046,CUST_871,2024-08-10,Partner Offer,TikTok,117.11,35.69,Completed
ORD_8047,CUST_699,2025-05-26,Media Package,Instagram,68.15,43.26,Completed
ORD_8048,CUST_1021,2024-01-03,Media Package,TikTok,82.61,29.88,Refunded
ORD_8049,CUST_688,2025-04-03,Media Package,TikTok,220.31,86.93,Refunded
ORD_8050,CUST_309,2024-03-05,Media Package,Event Walk-in,441.17,273.27,Completed
ORD_8051,CUST_928,2025-06-24,Membership,Partnership,406.81,252.37,Cancelled
ORD_8052,CUST_1059,2025-04-05,Media Package,Instagram,433.26,180.43,Completed
ORD_8053,CUST_379,2025-02-26,Workshop,TikTok,456.25,149.76,Completed
ORD_8054,CUST_289,2024-09-11,Workshop,Partnership,114.53,58.31,Completed
ORD_8055,CUST_288,2024-05-18,Workshop,Google Search,32.34,18.19,Completed
ORD_8056,CUST_70,2024-11-02,Media Package,TikTok,306.59,200.17,Completed
ORD_8057,CUST_1271,2024-10-28,Membership,Event Walk-in,289.03,140.05,Completed
ORD_8058,CUST_351,2025-03-21,Membership,Event Walk-in,151.11,71.29,Completed
ORD_8059,CUST_1102,2025-02-26,Creative Studio,Instagram,398.24,212.64,Completed
ORD_8060,CUST_446,2024-09-20,Media Package,TikTok,470.1,270.86,Completed
ORD_8061,CUST_147,2024-06-19,Workshop,Google Search,370.52,257.73,Completed
ORD_8062,CUST_531,2025-03-20,Creative Studio,Instagram,271.49,142.82,Completed
ORD_8063,CUST_1120,2024-12-01,Media Package,TikTok,108.13,45.6,Completed
ORD_8064,CUST_428,2025-04-30,Creative Studio,Event Walk-in,384.23,238.4,Refunded
ORD_8065,CUST_420,2024-10-06,Media Package,Instagram,232.0,116.13,Completed
ORD_8066,CUST_1422,2025-02-01,Media Package,Google Search,475.1,242.44,Completed
ORD_8067,CUST_1204,2024-11-09,Partner Offer,Google Search,313.56,133.54,Completed
ORD_8068,CUST_1140,2024-08-10,Partner Offer,Instagram,442.58,241.8,Completed
ORD_8069,CUST_1412,2024-12-08,Membership,LinkedIn,370.15,117.72,Completed
ORD_8070,CUST_1126,2024-12-04,Workshop,Event Walk-in,465.08,275.15,Completed
ORD_8071,CUST_492,2024-05-27,Membership,Event Walk-in,22.53,11.17,Completed
ORD_8072,CUST_1022,2024-06-05,Media Package,Referral,172.51,86.89,Completed
ORD_8073,CUST_945,2024-01-12,Corporate Package,Event Walk-in,339.22,230.15,Refunded
ORD_8074,CUST_704,2025-01-19,Membership,Partnership,98.43,68.78,Cancelled
ORD_8075,CUST_1130,2025-02-01,Creative Studio,Instagram,395.9,168.11,Completed
ORD_8076,CUST_1239,2025-06-15,Event Ticket,Partnership,169.94,106.84,Refunded
ORD_8077,CUST_682,2024-07-05,Corporate Package,Instagram,417.71,222.71,Completed
ORD_8078,CUST_1089,2024-05-29,Membership,Instagram,429.88,292.55,Completed
ORD_8079,CUST_672,2024-05-19,Membership,Event Walk-in,440.41,300.18,Completed
ORD_8080,CUST_1164,2024-05-20,Membership,Referral,137.64,83.31,Completed
ORD_8081,CUST_762,2025-04-23,Membership,TikTok,153.0,77.94,Completed
ORD_8082,CUST_1148,2024-10-03,Event Ticket,TikTok,398.74,174.16,Completed
ORD_8083,CUST_930,2024-03-06,Membership,Instagram,25.83,15.96,Completed
ORD_8084,CUST_1160,2024-11-04,Media Package,Instagram,201.91,83.0,Cancelled
ORD_8085,CUST_744,2024-11-30,Media Package,Partnership,373.69,202.52,Completed
ORD_8086,CUST_154,2024-09-28,Workshop,Instagram,118.0,55.44,Completed
ORD_8087,CUST_321,2025-01-29,Media Package,Google Search,280.97,161.02,Refunded
ORD_8088,CUST_847,2024-11-29,Media Package,TikTok,38.9,16.15,Completed
ORD_8089,CUST_97,2025-02-12,Media Package,LinkedIn,413.4,132.68,Completed
ORD_8090,CUST_1056,2025-01-15,Workshop,Instagram,391.25,135.42,Completed
ORD_8091,CUST_756,2025-01-29,Media Package,Partnership,29.13,15.52,Completed
ORD_8092,CUST_1244,2024-12-27,Creative Studio,TikTok,338.48,133.46,Completed
ORD_8093,CUST_1041,2024-05-14,Partner Offer,Event Walk-in,329.16,210.57,Completed
ORD_8094,CUST_219,2025-05-05,Media Package,TikTok,283.85,107.04,Completed
ORD_8095,CUST_456,2024-09-18,Partner Offer,Event Walk-in,232.64,150.85,Completed
ORD_8096,CUST_1141,2025-02-28,Partner Offer,TikTok,351.02,182.28,Completed
ORD_8097,CUST_883,2024-02-07,Creative Studio,Instagram,197.99,121.6,Completed
ORD_8098,CUST_977,2025-03-20,Creative Studio,Instagram,371.66,254.28,Refunded
ORD_8099,CUST_1205,2024-09-16,Event Ticket,TikTok,93.13,48.34,Completed
ORD_8100,CUST_1408,2024-06-03,Event Ticket,Instagram,371.13,155.21,Completed
ORD_8101,CUST_246,2025-03-17,Creative Studio,LinkedIn,478.63,281.31,Completed
ORD_8102,CUST_1281,2024-04-12,Corporate Package,Instagram,101.83,35.04,Completed
ORD_8103,CUST_259,2024-09-12,Creative Studio,Partnership,233.18,142.54,Completed
ORD_8104,CUST_914,2024-04-04,Media Package,Event Walk-in,56.71,26.44,Completed
ORD_8105,CUST_988,2024-01-23,Workshop,Partnership,466.48,315.77,Completed
ORD_8106,CUST_337,2024-04-13,Membership,Event Walk-in,490.88,163.93,Completed
ORD_8107,CUST_570,2024-11-23,Event Ticket,Google Search,212.42,66.69,Completed
ORD_8108,CUST_1074,2024-09-26,Partner Offer,Instagram,47.37,28.96,Refunded
ORD_8109,CUST_815,2024-07-09,Media Package,Referral,230.35,137.21,Completed
ORD_8110,CUST_1475,2025-05-02,Corporate Package,LinkedIn,198.45,74.18,Completed
ORD_8111,CUST_770,2024-07-28,Membership,Partnership,350.01,216.55,Completed
ORD_8112,CUST_909,2024-02-18,Workshop,LinkedIn,356.97,192.34,Completed
ORD_8113,CUST_852,2024-07-28,Media Package,Event Walk-in,413.9,219.72,Completed
ORD_8114,CUST_944,2024-02-11,Partner Offer,Instagram,211.53,73.27,Completed
ORD_8115,CUST_1195,2025-06-01,Media Package,Instagram,268.08,113.16,Completed
ORD_8116,CUST_286,2025-05-17,Event Ticket,TikTok,172.37,112.81,Completed
ORD_8117,CUST_1302,2024-05-09,Media Package,Instagram,192.14,93.1,Completed
ORD_8118,CUST_588,2024-12-23,Media Package,LinkedIn,328.89,100.77,Completed
ORD_8119,CUST_585,2024-10-29,Media Package,Event Walk-in,284.6,168.29,Completed
ORD_8120,CUST_1120,2025-01-05,Media Package,TikTok,412.71,126.7,Completed
ORD_8121,CUST_1241,2024-05-15,Media Package,Instagram,428.62,275.09,Completed
ORD_8122,CUST_817,2024-12-25,Media Package,TikTok,331.36,215.0,Completed
ORD_8123,CUST_1310,2024-04-25,Workshop,TikTok,484.82,245.41,Completed
ORD_8124,CUST_820,2025-05-30,Workshop,Event Walk-in,37.56,24.0,Completed
ORD_8125,CUST_1019,2024-01-07,Media Package,Event Walk-in,138.05,48.48,Completed
ORD_8126,CUST_214,2025-01-10,Event Ticket,TikTok,402.59,238.4,Completed
ORD_8127,CUST_1032,2024-03-19,Event Ticket,Google Search,131.77,51.02,Completed
ORD_8128,CUST_659,2024-05-23,Event Ticket,LinkedIn,112.0,49.69,Completed
ORD_8129,CUST_1477,2025-04-11,Membership,Partnership,66.82,33.78,Completed
ORD_8130,CUST_806,2024-07-24,Workshop,Event Walk-in,264.04,88.2,Completed
ORD_8131,CUST_97,2025-04-02,Membership,LinkedIn,268.4,168.43,Completed
ORD_8132,CUST_460,2024-02-14,Membership,Event Walk-in,444.54,217.81,Completed
ORD_8133,CUST_840,2024-05-09,Creative Studio,Instagram,291.55,117.3,Completed
ORD_8134,CUST_929,2024-03-30,Event Ticket,Event Walk-in,223.18,96.51,Completed
ORD_8135,CUST_1397,2024-12-25,Creative Studio,Event Walk-in,24.65,7.7,Completed
ORD_8136,CUST_66,2024-08-14,Membership,Event Walk-in,90.29,29.55,Completed
ORD_8137,CUST_134,2025-02-27,Partner Offer,Event Walk-in,297.35,129.73,Completed
ORD_8138,CUST_1153,2024-01-23,Creative Studio,Partnership,164.16,61.03,Completed
ORD_8139,CUST_764,2025-04-09,Creative Studio,Partnership,111.4,39.29,Completed
ORD_8140,CUST_788,2025-03-07,Media Package,Instagram,445.62,210.8,Completed
ORD_8141,CUST_1119,2024-02-25,Media Package,TikTok,255.01,107.87,Completed
ORD_8142,CUST_570,2025-04-29,Workshop,Google Search,315.64,100.04,Completed
ORD_8143,CUST_1126,2024-11-17,Event Ticket,Event Walk-in,154.72,55.71,Completed
ORD_8144,CUST_1163,2024-12-30,Partner Offer,TikTok,325.04,123.99,Completed
ORD_8145,CUST_977,2025-03-23,Media Package,Instagram,495.18,170.98,Completed
ORD_8146,CUST_1323,2024-01-03,Creative Studio,Google Search,134.79,83.55,Cancelled
ORD_8147,CUST_469,2024-03-13,Partner Offer,LinkedIn,28.34,15.51,Completed
ORD_8148,CUST_624,2025-06-19,Event Ticket,Event Walk-in,86.82,28.05,Completed
ORD_8149,CUST_613,2024-07-26,Workshop,Instagram,359.22,189.11,Cancelled
ORD_8150,CUST_1128,2025-01-08,Workshop,Google Search,112.39,54.14,Completed
ORD_8151,CUST_765,2024-08-23,Workshop,Event Walk-in,365.27,234.72,Refunded
ORD_8152,CUST_278,2024-01-18,Media Package,TikTok,342.84,125.0,Completed
ORD_8153,CUST_1058,2025-06-26,Membership,Referral,88.69,29.03,Completed
ORD_8154,CUST_890,2024-11-23,Partner Offer,TikTok,267.49,165.11,Refunded
ORD_8155,CUST_552,2025-03-04,Creative Studio,Instagram,369.9,226.94,Completed
ORD_8156,CUST_333,2025-03-28,Media Package,Instagram,27.76,16.39,Completed
ORD_8157,CUST_223,2024-04-20,Media Package,Instagram,84.59,53.28,Completed
ORD_8158,CUST_1120,2024-05-31,Membership,TikTok,422.08,200.56,Completed
ORD_8159,CUST_1453,2024-09-28,Creative Studio,Google Search,44.34,29.44,Completed
ORD_8160,CUST_871,2024-12-08,Media Package,TikTok,377.8,253.65,Completed
ORD_8161,CUST_200,2024-04-23,Media Package,Event Walk-in,471.3,278.91,Completed
ORD_8162,CUST_1174,2024-02-05,Creative Studio,Event Walk-in,198.04,107.44,Refunded
ORD_8163,CUST_558,2024-03-07,Creative Studio,TikTok,275.86,105.63,Completed
ORD_8164,CUST_1127,2025-05-31,Event Ticket,Instagram,63.0,41.43,Completed
ORD_8165,CUST_1116,2024-02-21,Media Package,Instagram,197.19,71.31,Completed
ORD_8166,CUST_414,2025-02-04,Workshop,LinkedIn,111.12,76.39,Completed
ORD_8167,CUST_944,2024-08-17,Partner Offer,Instagram,245.43,171.09,Completed
ORD_8168,CUST_958,2024-08-31,Event Ticket,TikTok,201.67,105.28,Completed
ORD_8169,CUST_895,2025-01-12,Media Package,Partnership,228.96,71.77,Completed
ORD_8170,CUST_91,2024-02-24,Event Ticket,LinkedIn,185.12,77.27,Completed
ORD_8171,CUST_1006,2024-10-15,Event Ticket,Event Walk-in,270.87,124.59,Completed
ORD_8172,CUST_1259,2024-09-26,Membership,Google Search,224.48,81.86,Refunded
ORD_8173,CUST_947,2024-02-03,Media Package,TikTok,119.18,51.94,Completed
ORD_8174,CUST_686,2025-04-18,Event Ticket,TikTok,130.06,81.63,Cancelled
ORD_8175,CUST_566,2024-10-03,Creative Studio,Referral,351.15,105.36,Completed
ORD_8176,CUST_1275,2024-07-07,Creative Studio,Instagram,497.02,247.65,Completed
ORD_8177,CUST_272,2024-06-22,Media Package,Event Walk-in,276.78,185.34,Completed
ORD_8178,CUST_93,2024-08-17,Corporate Package,TikTok,334.47,101.28,Refunded
ORD_8179,CUST_341,2025-04-26,Event Ticket,Event Walk-in,418.35,230.04,Completed
ORD_8180,CUST_810,2025-01-18,Creative Studio,Event Walk-in,91.95,42.14,Completed
ORD_8181,CUST_806,2025-01-22,Media Package,Event Walk-in,89.77,34.18,Completed
ORD_8182,CUST_759,2024-12-29,Media Package,Instagram,133.24,66.99,Completed
ORD_8183,CUST_92,2024-08-30,Partner Offer,Instagram,86.63,46.33,Completed
ORD_8184,CUST_31,2024-09-01,Event Ticket,Event Walk-in,319.12,172.37,Completed
ORD_8185,CUST_1176,2024-02-28,Media Package,Event Walk-in,404.4,128.16,Completed
ORD_8186,CUST_1275,2024-03-26,Workshop,Instagram,274.95,92.53,Completed
ORD_8187,CUST_458,2024-07-12,Membership,Google Search,429.81,199.32,Completed
ORD_8188,CUST_1258,2025-05-14,Media Package,Instagram,294.81,172.52,Cancelled
ORD_8189,CUST_1158,2025-01-19,Membership,Event Walk-in,431.39,220.99,Completed
ORD_8190,CUST_543,2025-06-15,Media Package,Instagram,275.49,168.73,Completed
ORD_8191,CUST_1444,2024-11-03,Event Ticket,Instagram,293.88,170.02,Completed
ORD_8192,CUST_205,2024-10-30,Partner Offer,Event Walk-in,341.53,128.58,Refunded
ORD_8193,CUST_121,2024-06-01,Partner Offer,Event Walk-in,29.23,15.43,Completed
ORD_8194,CUST_737,2024-07-26,Partner Offer,Instagram,115.7,50.62,Completed
ORD_8195,CUST_480,2024-01-22,Media Package,TikTok,167.94,93.85,Refunded
ORD_8196,CUST_1490,2025-01-26,Corporate Package,Event Walk-in,341.81,232.25,Completed
ORD_8197,CUST_417,2024-09-24,Creative Studio,Event Walk-in,423.49,235.74,Refunded
ORD_8198,CUST_188,2025-04-25,Media Package,Partnership,120.33,52.49,Completed
ORD_8199,CUST_1261,2025-03-11,Event Ticket,Instagram,269.82,96.83,Refunded
ORD_8200,CUST_55,2024-07-05,Media Package,Partnership,60.29,33.08,Completed
ORD_8201,CUST_78,2024-06-12,Creative Studio,Referral,40.47,13.9,Completed
ORD_8202,CUST_1415,2025-01-27,Workshop,Google Search,250.23,105.97,Completed
ORD_8203,CUST_271,2024-03-07,Event Ticket,Referral,427.56,243.98,Completed
ORD_8204,CUST_1353,2024-01-21,Workshop,Event Walk-in,86.91,58.61,Completed
ORD_8205,CUST_678,2024-08-13,Creative Studio,LinkedIn,252.26,121.32,Completed
ORD_8206,CUST_80,2024-03-10,Media Package,Referral,171.24,85.73,Completed
ORD_8207,CUST_108,2024-01-04,Workshop,Event Walk-in,221.82,152.0,Completed
ORD_8208,CUST_879,2025-04-23,Event Ticket,Event Walk-in,266.55,118.28,Refunded
ORD_8209,CUST_1475,2024-05-19,Media Package,LinkedIn,295.97,185.89,Completed
ORD_8210,CUST_1207,2024-06-21,Media Package,Event Walk-in,302.84,194.52,Completed
ORD_8211,CUST_512,2025-06-20,Media Package,Event Walk-in,224.55,131.31,Completed
ORD_8212,CUST_1365,2025-05-22,Workshop,LinkedIn,299.57,90.62,Completed
ORD_8213,CUST_1325,2025-04-20,Event Ticket,TikTok,148.02,69.45,Completed
ORD_8214,CUST_1495,2024-05-12,Corporate Package,Google Search,440.88,149.38,Completed
ORD_8215,CUST_1116,2024-12-09,Creative Studio,Instagram,498.49,258.76,Completed
ORD_8216,CUST_418,2025-02-14,Creative Studio,TikTok,382.85,248.63,Completed
ORD_8217,CUST_310,2025-05-17,Creative Studio,Referral,359.81,247.6,Completed
ORD_8218,CUST_1473,2025-01-05,Creative Studio,Event Walk-in,288.12,150.28,Completed
ORD_8219,CUST_377,2024-04-24,Partner Offer,Instagram,304.57,117.43,Completed
ORD_8220,CUST_419,2024-06-01,Event Ticket,Instagram,180.17,123.3,Refunded
ORD_8221,CUST_1295,2024-05-03,Partner Offer,Event Walk-in,166.65,109.19,Completed
ORD_8222,CUST_1064,2024-09-02,Corporate Package,Google Search,223.76,154.5,Completed
ORD_8223,CUST_398,2025-04-15,Workshop,TikTok,461.26,294.64,Completed
ORD_8224,CUST_1139,2024-06-27,Creative Studio,Instagram,158.98,59.57,Completed
ORD_8225,CUST_1384,2024-12-31,Event Ticket,Event Walk-in,480.49,207.09,Completed
ORD_8226,CUST_1326,2024-09-29,Corporate Package,Partnership,438.96,200.61,Completed
ORD_8227,CUST_899,2025-03-02,Media Package,Instagram,436.22,166.74,Completed
ORD_8228,CUST_1452,2024-05-03,Media Package,Partnership,331.02,141.99,Completed
ORD_8229,CUST_1402,2025-05-16,Media Package,Event Walk-in,306.55,148.5,Completed
ORD_8230,CUST_977,2025-04-05,Partner Offer,Instagram,315.69,182.08,Completed
ORD_8231,CUST_1100,2025-04-06,Media Package,Google Search,332.72,154.03,Completed
ORD_8232,CUST_592,2024-12-07,Media Package,TikTok,296.6,172.32,Completed
ORD_8233,CUST_1191,2024-08-28,Creative Studio,Instagram,351.83,116.56,Completed
ORD_8234,CUST_910,2025-04-25,Workshop,Event Walk-in,369.85,163.73,Completed
ORD_8235,CUST_695,2024-05-28,Workshop,Instagram,387.99,183.72,Completed
ORD_8236,CUST_1152,2024-07-23,Event Ticket,Instagram,28.02,16.89,Completed
ORD_8237,CUST_1371,2024-09-17,Creative Studio,Event Walk-in,157.17,86.57,Completed
ORD_8238,CUST_1181,2024-06-01,Creative Studio,Partnership,40.65,20.45,Completed
ORD_8239,CUST_1401,2024-04-01,Media Package,Instagram,22.63,8.83,Cancelled
ORD_8240,CUST_768,2024-07-12,Membership,TikTok,389.67,149.38,Completed
ORD_8241,CUST_832,2024-02-08,Membership,Instagram,132.11,55.66,Completed
ORD_8242,CUST_987,2025-05-04,Media Package,Event Walk-in,293.19,106.88,Completed
ORD_8243,CUST_57,2025-02-06,Media Package,LinkedIn,438.58,243.68,Completed
ORD_8244,CUST_436,2025-05-03,Creative Studio,Partnership,232.32,112.79,Completed
ORD_8245,CUST_552,2024-12-05,Event Ticket,Instagram,200.19,62.23,Completed
ORD_8246,CUST_576,2024-02-24,Event Ticket,TikTok,296.35,138.07,Completed
ORD_8247,CUST_1051,2025-05-17,Membership,Event Walk-in,385.85,218.72,Completed
ORD_8248,CUST_549,2024-04-26,Membership,TikTok,142.47,79.71,Completed
ORD_8249,CUST_877,2024-07-20,Membership,Instagram,257.61,121.1,Completed
ORD_8250,CUST_740,2025-04-07,Membership,Instagram,382.98,161.77,Cancelled
ORD_8251,CUST_480,2024-05-10,Event Ticket,TikTok,127.63,50.1,Completed
ORD_8252,CUST_60,2025-03-27,Media Package,Instagram,392.28,145.9,Completed
ORD_8253,CUST_496,2024-12-09,Partner Offer,Google Search,476.58,219.1,Completed
ORD_8254,CUST_1175,2024-09-07,Media Package,Google Search,108.82,71.77,Completed
ORD_8255,CUST_1375,2025-03-25,Creative Studio,TikTok,130.89,61.88,Completed
ORD_8256,CUST_393,2024-02-26,Creative Studio,LinkedIn,360.46,112.17,Cancelled
ORD_8257,CUST_879,2025-05-21,Media Package,Event Walk-in,485.99,169.2,Completed
ORD_8258,CUST_420,2024-03-21,Media Package,Instagram,298.24,154.49,Completed
ORD_8259,CUST_1193,2024-05-08,Media Package,Instagram,438.78,262.32,Completed
ORD_8260,CUST_826,2024-11-22,Membership,LinkedIn,355.86,247.6,Completed
ORD_8261,CUST_159,2024-03-19,Event Ticket,Event Walk-in,486.86,338.26,Completed
ORD_8262,CUST_293,2024-12-26,Event Ticket,TikTok,114.12,54.67,Completed
ORD_8263,CUST_363,2025-04-15,Event Ticket,Instagram,63.04,37.81,Completed
ORD_8264,CUST_1376,2025-06-11,Event Ticket,Event Walk-in,495.06,340.93,Completed
ORD_8265,CUST_1154,2025-01-24,Media Package,Instagram,215.55,147.32,Refunded
ORD_8266,CUST_613,2025-04-06,Media Package,Instagram,309.37,166.73,Cancelled
ORD_8267,CUST_1021,2024-07-09,Corporate Package,TikTok,376.05,234.15,Completed
ORD_8268,CUST_216,2024-07-23,Media Package,TikTok,102.81,58.59,Completed
ORD_8269,CUST_1484,2025-01-21,Corporate Package,Google Search,322.79,213.06,Completed
ORD_8270,CUST_100,2024-01-05,Workshop,Instagram,366.87,129.89,Completed
ORD_8271,CUST_683,2024-11-28,Event Ticket,Instagram,358.8,130.95,Completed
ORD_8272,CUST_2,2024-10-05,Membership,Google Search,56.96,29.62,Refunded
ORD_8273,CUST_883,2024-10-06,Membership,Instagram,263.72,123.66,Completed
ORD_8274,CUST_1092,2024-03-10,Event Ticket,TikTok,468.02,178.0,Completed
ORD_8275,CUST_263,2025-05-13,Workshop,Instagram,34.93,16.9,Completed
ORD_8276,CUST_563,2024-09-23,Media Package,Instagram,256.87,79.49,Completed
ORD_8277,CUST_124,2024-06-02,Event Ticket,TikTok,87.19,41.65,Cancelled
ORD_8278,CUST_832,2024-04-19,Corporate Package,Instagram,429.26,220.35,Completed
ORD_8279,CUST_876,2025-06-01,Media Package,Instagram,49.2,24.24,Completed
ORD_8280,CUST_1447,2025-03-01,Media Package,Google Search,325.48,188.51,Refunded
ORD_8281,CUST_444,2024-04-26,Membership,TikTok,154.38,106.53,Completed
ORD_8282,CUST_1264,2024-09-08,Creative Studio,Event Walk-in,435.12,232.54,Cancelled
ORD_8283,CUST_141,2024-11-24,Membership,Instagram,117.32,54.89,Completed
ORD_8284,CUST_1423,2025-05-29,Corporate Package,Instagram,394.76,262.62,Completed
ORD_8285,CUST_1262,2024-04-01,Creative Studio,Event Walk-in,236.87,117.3,Completed
ORD_8286,CUST_191,2024-07-12,Membership,Instagram,88.04,32.24,Completed
ORD_8287,CUST_610,2024-02-24,Media Package,Instagram,201.19,122.46,Refunded
ORD_8288,CUST_428,2025-02-25,Membership,Event Walk-in,126.12,61.15,Refunded
ORD_8289,CUST_572,2024-06-14,Creative Studio,Instagram,110.12,57.73,Completed
ORD_8290,CUST_915,2024-12-08,Partner Offer,Event Walk-in,422.18,223.42,Completed
ORD_8291,CUST_1350,2024-06-15,Event Ticket,Instagram,90.22,52.94,Completed
ORD_8292,CUST_1294,2024-05-06,Corporate Package,Partnership,385.14,159.63,Completed
ORD_8293,CUST_457,2024-09-13,Workshop,Event Walk-in,402.38,121.6,Completed
ORD_8294,CUST_553,2024-06-22,Event Ticket,Event Walk-in,428.41,174.41,Completed
ORD_8295,CUST_1105,2024-10-18,Event Ticket,TikTok,211.47,130.62,Completed
ORD_8296,CUST_1062,2024-03-26,Workshop,Event Walk-in,488.01,149.4,Completed
ORD_8297,CUST_1427,2024-10-29,Membership,Instagram,75.64,25.96,Completed
ORD_8298,CUST_229,2024-03-04,Partner Offer,Instagram,179.33,95.27,Completed
ORD_8299,CUST_1500,2024-12-14,Corporate Package,Instagram,386.15,229.87,Completed
ORD_8300,CUST_1114,2024-02-20,Media Package,Event Walk-in,260.44,155.54,Completed
ORD_8301,CUST_1455,2024-02-21,Workshop,Event Walk-in,77.41,23.43,Completed
ORD_8302,CUST_900,2025-06-22,Corporate Package,TikTok,51.88,25.31,Completed
ORD_8303,CUST_942,2025-03-28,Media Package,Instagram,278.89,128.03,Completed
ORD_8304,CUST_264,2024-04-20,Creative Studio,Instagram,405.35,192.44,Completed
ORD_8305,CUST_1221,2024-03-17,Membership,Partnership,38.11,20.52,Completed
ORD_8306,CUST_631,2024-03-28,Workshop,Event Walk-in,459.2,285.63,Completed
ORD_8307,CUST_762,2024-06-23,Event Ticket,TikTok,358.69,174.17,Completed
ORD_8308,CUST_145,2025-05-14,Creative Studio,Partnership,141.58,95.96,Completed
ORD_8309,CUST_178,2025-06-10,Event Ticket,Instagram,103.67,47.83,Completed
ORD_8310,CUST_732,2025-03-22,Membership,Event Walk-in,363.6,219.25,Completed
ORD_8311,CUST_82,2025-06-25,Workshop,Referral,444.65,283.02,Refunded
ORD_8312,CUST_1186,2024-10-03,Event Ticket,Google Search,44.98,23.28,Completed
ORD_8313,CUST_648,2024-07-20,Creative Studio,TikTok,171.84,52.31,Completed
ORD_8314,CUST_120,2024-01-13,Event Ticket,Partnership,395.46,170.84,Completed
ORD_8315,CUST_219,2024-03-09,Creative Studio,TikTok,403.08,216.34,Completed
ORD_8316,CUST_10,2024-11-23,Media Package,Event Walk-in,436.69,183.56,Completed
ORD_8317,CUST_1265,2024-04-11,Media Package,LinkedIn,132.44,91.4,Completed
ORD_8318,CUST_290,2024-06-23,Media Package,Event Walk-in,103.57,44.01,Completed
ORD_8319,CUST_384,2024-06-30,Workshop,Instagram,183.59,97.45,Completed
ORD_8320,CUST_954,2024-07-01,Event Ticket,Instagram,216.42,68.22,Completed
ORD_8321,CUST_439,2024-04-28,Media Package,Instagram,199.94,84.58,Completed
ORD_8322,CUST_846,2024-10-16,Event Ticket,LinkedIn,386.46,231.81,Completed
ORD_8323,CUST_1068,2024-10-03,Media Package,LinkedIn,104.49,37.29,Completed
ORD_8324,CUST_1395,2024-10-18,Event Ticket,Partnership,36.52,23.03,Completed
ORD_8325,CUST_216,2025-06-09,Partner Offer,TikTok,229.95,147.37,Completed
ORD_8326,CUST_983,2025-02-10,Partner Offer,Instagram,135.29,87.5,Completed
ORD_8327,CUST_1113,2024-05-03,Membership,TikTok,494.37,175.71,Completed
ORD_8328,CUST_999,2024-11-25,Event Ticket,Instagram,434.31,275.65,Refunded
ORD_8329,CUST_945,2024-06-15,Workshop,Event Walk-in,437.71,183.19,Completed
ORD_8330,CUST_310,2025-04-06,Creative Studio,Referral,195.68,66.39,Completed
ORD_8331,CUST_1084,2024-02-22,Media Package,Google Search,381.22,115.78,Completed
ORD_8332,CUST_164,2024-11-05,Media Package,Event Walk-in,439.28,149.58,Completed
ORD_8333,CUST_48,2025-05-30,Media Package,Google Search,402.12,163.15,Completed
ORD_8334,CUST_988,2025-02-16,Creative Studio,Partnership,433.28,191.14,Completed
ORD_8335,CUST_1111,2024-03-16,Media Package,LinkedIn,103.97,65.38,Completed
ORD_8336,CUST_1138,2024-07-10,Partner Offer,Partnership,320.58,216.35,Completed
ORD_8337,CUST_342,2024-09-10,Media Package,Instagram,489.7,304.07,Completed
ORD_8338,CUST_1494,2024-11-30,Partner Offer,TikTok,404.62,179.83,Cancelled
ORD_8339,CUST_1474,2025-03-02,Creative Studio,Instagram,287.32,90.43,Completed
ORD_8340,CUST_1176,2024-05-06,Partner Offer,Event Walk-in,452.85,308.19,Cancelled
ORD_8341,CUST_1065,2024-07-14,Workshop,Partnership,219.35,115.16,Completed
ORD_8342,CUST_911,2024-01-27,Corporate Package,LinkedIn,71.21,34.14,Completed
ORD_8343,CUST_1383,2024-03-04,Media Package,Event Walk-in,252.36,152.3,Refunded
ORD_8344,CUST_341,2024-08-10,Event Ticket,Event Walk-in,207.12,94.23,Completed
ORD_8345,CUST_1192,2025-06-30,Workshop,Instagram,320.39,96.51,Refunded
ORD_8346,CUST_1079,2024-08-29,Membership,Instagram,453.63,176.43,Completed
ORD_8347,CUST_115,2024-01-13,Media Package,Partnership,413.48,187.17,Completed
ORD_8348,CUST_901,2024-09-14,Creative Studio,TikTok,247.46,119.7,Refunded
ORD_8349,CUST_1005,2025-05-03,Corporate Package,TikTok,228.87,119.67,Completed
ORD_8350,CUST_521,2024-06-10,Event Ticket,TikTok,154.77,56.99,Completed
ORD_8351,CUST_718,2024-09-09,Partner Offer,TikTok,36.44,23.04,Cancelled
ORD_8352,CUST_853,2024-09-16,Event Ticket,LinkedIn,37.45,25.96,Completed
ORD_8353,CUST_184,2025-03-27,Workshop,Google Search,277.95,169.78,Completed
ORD_8354,CUST_680,2025-04-30,Creative Studio,TikTok,73.5,23.38,Completed
ORD_8355,CUST_884,2024-05-17,Media Package,Partnership,472.28,261.3,Completed
ORD_8356,CUST_1022,2025-05-20,Media Package,Referral,429.68,147.3,Refunded
ORD_8357,CUST_928,2025-03-12,Media Package,Partnership,354.71,112.2,Refunded
ORD_8358,CUST_374,2024-11-05,Event Ticket,Instagram,462.69,212.12,Completed
ORD_8359,CUST_680,2025-05-26,Media Package,TikTok,49.42,27.69,Completed
ORD_8360,CUST_467,2024-02-10,Creative Studio,Instagram,130.07,74.66,Completed
ORD_8361,CUST_1483,2024-10-26,Corporate Package,Google Search,133.88,73.75,Completed
ORD_8362,CUST_202,2024-09-03,Corporate Package,Instagram,335.2,189.8,Completed
ORD_8363,CUST_1194,2025-01-14,Corporate Package,LinkedIn,317.81,188.2,Completed
ORD_8364,CUST_1127,2025-05-19,Partner Offer,Instagram,117.78,75.81,Completed
ORD_8365,CUST_68,2025-04-18,Workshop,TikTok,36.0,12.44,Completed
ORD_8366,CUST_1477,2024-10-10,Membership,Partnership,344.5,199.79,Completed
ORD_8367,CUST_167,2024-03-07,Creative Studio,Instagram,96.1,57.14,Completed
ORD_8368,CUST_904,2025-06-28,Media Package,TikTok,44.28,25.06,Completed
ORD_8369,CUST_269,2024-07-01,Media Package,LinkedIn,493.15,254.3,Completed
ORD_8370,CUST_101,2024-08-27,Media Package,Instagram,229.51,134.47,Completed
ORD_8371,CUST_1082,2024-07-08,Membership,LinkedIn,165.22,99.96,Completed
ORD_8372,CUST_1048,2024-06-22,Workshop,Instagram,294.55,122.58,Completed
ORD_8373,CUST_1409,2024-07-14,Partner Offer,Instagram,300.83,171.44,Completed
ORD_8374,CUST_547,2024-06-19,Workshop,Partnership,144.64,67.64,Completed
ORD_8375,CUST_1344,2025-03-12,Media Package,Referral,257.69,106.5,Completed
ORD_8376,CUST_450,2024-02-10,Membership,Instagram,326.21,223.75,Completed
ORD_8377,CUST_814,2024-08-25,Creative Studio,TikTok,115.18,76.38,Refunded
ORD_8378,CUST_935,2024-08-24,Event Ticket,Event Walk-in,289.66,106.39,Completed
ORD_8379,CUST_958,2025-01-11,Media Package,TikTok,27.09,9.26,Completed
ORD_8380,CUST_376,2024-03-23,Media Package,Google Search,268.97,143.86,Completed
ORD_8381,CUST_1204,2024-07-10,Media Package,Google Search,194.27,80.38,Completed
ORD_8382,CUST_1195,2024-11-22,Membership,Instagram,375.57,185.86,Completed
ORD_8383,CUST_325,2024-02-28,Creative Studio,LinkedIn,332.2,171.18,Completed
ORD_8384,CUST_345,2024-01-04,Media Package,Event Walk-in,456.86,147.88,Completed
ORD_8385,CUST_448,2024-10-31,Media Package,Event Walk-in,383.37,218.63,Completed
ORD_8386,CUST_163,2025-02-13,Membership,Event Walk-in,375.94,175.49,Completed
ORD_8387,CUST_61,2025-01-21,Media Package,Google Search,187.63,82.37,Completed
ORD_8388,CUST_131,2025-02-28,Event Ticket,Partnership,186.62,92.42,Completed
ORD_8389,CUST_912,2024-01-12,Workshop,Partnership,221.31,131.19,Refunded
ORD_8390,CUST_1308,2025-01-02,Event Ticket,TikTok,397.26,144.23,Completed
ORD_8391,CUST_205,2024-09-20,Media Package,Event Walk-in,369.3,190.39,Completed
ORD_8392,CUST_1124,2024-10-11,Workshop,Event Walk-in,229.77,154.34,Completed
ORD_8393,CUST_1314,2025-01-14,Media Package,Instagram,70.16,35.57,Completed
ORD_8394,CUST_136,2024-07-19,Workshop,Google Search,309.1,187.86,Completed
ORD_8395,CUST_812,2024-02-05,Workshop,Instagram,51.44,31.96,Completed
ORD_8396,CUST_1222,2024-12-25,Membership,Instagram,286.56,122.06,Completed
ORD_8397,CUST_1456,2024-08-01,Media Package,Referral,310.12,117.59,Completed
ORD_8398,CUST_595,2024-04-11,Event Ticket,Instagram,422.29,245.38,Completed
ORD_8399,CUST_755,2024-11-12,Creative Studio,LinkedIn,478.55,214.16,Completed
ORD_8400,CUST_1497,2025-03-15,Membership,Instagram,65.33,37.3,Completed
ORD_8401,CUST_824,2024-01-11,Partner Offer,Event Walk-in,266.83,118.87,Completed
ORD_8402,CUST_1264,2024-02-01,Membership,Event Walk-in,36.58,20.7,Completed
ORD_8403,CUST_1280,2025-05-23,Corporate Package,Partnership,430.9,222.74,Refunded
ORD_8404,CUST_479,2024-05-24,Membership,LinkedIn,276.7,165.05,Completed
ORD_8405,CUST_1348,2025-05-13,Corporate Package,Instagram,230.71,153.53,Completed
ORD_8406,CUST_907,2025-04-22,Corporate Package,Referral,498.44,295.94,Cancelled
ORD_8407,CUST_1286,2024-07-22,Corporate Package,TikTok,295.06,126.04,Completed
ORD_8408,CUST_898,2024-06-25,Membership,Instagram,143.39,84.59,Completed
ORD_8409,CUST_114,2024-04-24,Event Ticket,Google Search,189.1,110.9,Completed
ORD_8410,CUST_549,2024-03-05,Corporate Package,TikTok,396.9,266.2,Refunded
ORD_8411,CUST_1235,2024-08-23,Creative Studio,TikTok,325.02,214.41,Refunded
ORD_8412,CUST_1237,2025-03-29,Workshop,Instagram,372.35,206.84,Refunded
ORD_8413,CUST_765,2024-11-23,Corporate Package,Event Walk-in,400.83,190.63,Cancelled
ORD_8414,CUST_631,2024-05-02,Event Ticket,Event Walk-in,307.98,211.71,Completed
ORD_8415,CUST_1398,2024-11-20,Partner Offer,Instagram,47.19,19.36,Completed
ORD_8416,CUST_988,2025-05-24,Corporate Package,Partnership,192.8,69.7,Completed
ORD_8417,CUST_655,2024-03-30,Creative Studio,Instagram,384.98,123.15,Completed
ORD_8418,CUST_1464,2024-07-29,Membership,Event Walk-in,207.8,116.96,Cancelled
ORD_8419,CUST_297,2024-01-17,Partner Offer,Instagram,49.44,18.84,Completed
ORD_8420,CUST_1272,2024-06-14,Partner Offer,Instagram,339.86,189.71,Completed
ORD_8421,CUST_675,2025-03-18,Workshop,Instagram,82.83,50.77,Completed
ORD_8422,CUST_1051,2024-09-22,Media Package,Event Walk-in,433.67,268.31,Completed
ORD_8423,CUST_452,2024-08-28,Workshop,Google Search,282.37,107.65,Completed
ORD_8424,CUST_594,2025-06-05,Workshop,Instagram,193.09,133.56,Completed
ORD_8425,CUST_1220,2025-03-03,Membership,Instagram,176.62,65.87,Cancelled
ORD_8426,CUST_859,2024-04-04,Media Package,Instagram,486.32,270.74,Refunded
ORD_8427,CUST_170,2024-05-12,Event Ticket,TikTok,366.77,189.46,Completed
ORD_8428,CUST_944,2024-03-18,Media Package,Instagram,282.73,184.08,Completed
ORD_8429,CUST_973,2024-03-30,Creative Studio,Google Search,452.74,280.76,Completed
ORD_8430,CUST_308,2024-09-25,Partner Offer,Partnership,220.46,108.85,Completed
ORD_8431,CUST_1019,2025-04-26,Media Package,Event Walk-in,327.69,214.51,Completed
ORD_8432,CUST_1024,2024-07-15,Membership,TikTok,297.99,129.06,Completed
ORD_8433,CUST_843,2025-05-04,Corporate Package,Partnership,126.83,72.1,Refunded
ORD_8434,CUST_1148,2024-08-02,Media Package,TikTok,393.11,191.63,Cancelled
ORD_8435,CUST_299,2024-10-13,Membership,Instagram,58.15,21.49,Completed
ORD_8436,CUST_1364,2025-05-22,Membership,Event Walk-in,322.5,191.19,Completed
ORD_8437,CUST_217,2024-11-10,Creative Studio,TikTok,202.14,134.77,Completed
ORD_8438,CUST_974,2025-02-25,Creative Studio,Referral,120.57,65.51,Refunded
ORD_8439,CUST_1175,2024-01-22,Membership,Google Search,330.19,183.86,Completed
ORD_8440,CUST_44,2024-03-08,Event Ticket,Instagram,55.83,32.24,Completed
ORD_8441,CUST_1371,2024-07-23,Event Ticket,Event Walk-in,23.03,10.8,Completed
ORD_8442,CUST_44,2024-12-07,Partner Offer,Instagram,218.42,145.32,Completed
ORD_8443,CUST_1473,2024-11-06,Event Ticket,Event Walk-in,266.84,131.73,Completed
ORD_8444,CUST_114,2024-05-30,Media Package,Google Search,294.29,100.24,Completed
ORD_8445,CUST_1173,2024-08-25,Media Package,Instagram,302.14,150.69,Completed
ORD_8446,CUST_411,2025-04-20,Event Ticket,TikTok,147.46,60.23,Completed
ORD_8447,CUST_1311,2025-01-21,Workshop,Instagram,357.07,118.96,Completed
ORD_8448,CUST_588,2025-06-19,Workshop,LinkedIn,425.47,222.52,Completed
ORD_8449,CUST_117,2025-05-23,Media Package,Instagram,448.26,148.21,Refunded
ORD_8450,CUST_124,2025-04-09,Media Package,TikTok,119.58,52.0,Completed
ORD_8451,CUST_1040,2025-03-24,Partner Offer,LinkedIn,271.89,105.11,Refunded
ORD_8452,CUST_963,2024-08-10,Media Package,Event Walk-in,466.2,240.21,Completed
ORD_8453,CUST_221,2024-03-19,Event Ticket,TikTok,99.87,65.68,Completed
ORD_8454,CUST_1042,2024-03-27,Media Package,Google Search,480.22,195.8,Completed
ORD_8455,CUST_167,2025-04-12,Media Package,Instagram,146.29,102.04,Completed
ORD_8456,CUST_145,2024-02-12,Membership,Partnership,91.35,50.06,Completed
ORD_8457,CUST_1090,2024-02-09,Membership,Instagram,227.21,112.32,Completed
ORD_8458,CUST_763,2024-09-15,Creative Studio,Partnership,482.06,167.43,Completed
ORD_8459,CUST_578,2025-02-23,Partner Offer,Partnership,321.55,123.96,Completed
ORD_8460,CUST_977,2024-03-27,Media Package,Instagram,339.14,131.48,Completed
ORD_8461,CUST_1364,2024-08-16,Membership,Event Walk-in,43.98,14.4,Completed
ORD_8462,CUST_860,2024-02-01,Media Package,Google Search,335.65,110.79,Cancelled
ORD_8463,CUST_830,2025-02-16,Workshop,LinkedIn,117.74,63.14,Completed
ORD_8464,CUST_1118,2024-02-11,Membership,Instagram,468.3,280.12,Completed
ORD_8465,CUST_1408,2024-04-19,Creative Studio,Instagram,453.73,257.18,Completed
ORD_8466,CUST_604,2024-11-22,Media Package,Instagram,192.13,79.04,Completed
ORD_8467,CUST_796,2024-04-18,Workshop,Instagram,26.33,14.12,Completed
ORD_8468,CUST_941,2024-11-29,Membership,Instagram,452.47,160.13,Completed
ORD_8469,CUST_693,2024-05-23,Event Ticket,Instagram,377.92,113.59,Refunded
ORD_8470,CUST_978,2024-11-09,Media Package,LinkedIn,416.25,196.03,Completed
ORD_8471,CUST_378,2024-07-06,Creative Studio,Partnership,344.78,175.71,Completed
ORD_8472,CUST_1075,2024-11-19,Membership,Referral,287.34,93.14,Refunded
ORD_8473,CUST_792,2024-08-21,Media Package,Instagram,330.23,121.13,Completed
ORD_8474,CUST_303,2025-04-12,Event Ticket,Instagram,342.16,142.99,Cancelled
ORD_8475,CUST_201,2025-04-24,Partner Offer,Instagram,322.44,130.61,Completed
ORD_8476,CUST_302,2024-12-29,Membership,Event Walk-in,376.64,229.67,Completed
ORD_8477,CUST_1497,2024-10-12,Membership,Instagram,264.96,118.26,Completed
ORD_8478,CUST_582,2024-12-20,Creative Studio,Partnership,249.64,167.03,Completed
ORD_8479,CUST_1309,2024-12-10,Workshop,Google Search,135.06,77.73,Completed
ORD_8480,CUST_1072,2024-09-30,Membership,Event Walk-in,146.11,45.7,Completed
ORD_8481,CUST_217,2024-02-06,Media Package,TikTok,229.67,151.68,Refunded
ORD_8482,CUST_692,2025-06-12,Media Package,Instagram,129.25,39.61,Completed
ORD_8483,CUST_1467,2025-04-11,Media Package,TikTok,166.43,73.22,Cancelled
ORD_8484,CUST_555,2025-06-22,Media Package,Event Walk-in,334.08,120.93,Completed
ORD_8485,CUST_191,2024-06-17,Media Package,Instagram,246.44,141.83,Refunded
ORD_8486,CUST_1452,2024-05-18,Partner Offer,Partnership,115.74,44.76,Completed
ORD_8487,CUST_960,2024-02-02,Workshop,Referral,459.68,317.76,Completed
ORD_8488,CUST_1188,2024-05-23,Media Package,Instagram,363.96,224.83,Completed
ORD_8489,CUST_125,2024-10-10,Event Ticket,Event Walk-in,92.24,60.79,Completed
ORD_8490,CUST_845,2024-11-13,Media Package,LinkedIn,121.53,69.51,Cancelled
ORD_8491,CUST_781,2024-05-07,Workshop,TikTok,120.95,38.53,Completed
ORD_8492,CUST_301,2024-04-18,Media Package,TikTok,151.68,75.21,Completed
ORD_8493,CUST_1437,2025-05-18,Media Package,Event Walk-in,114.36,48.79,Completed
ORD_8494,CUST_1035,2024-10-13,Event Ticket,Referral,488.64,201.93,Refunded
ORD_8495,CUST_1226,2024-11-14,Media Package,Partnership,258.75,146.6,Completed
ORD_8496,CUST_16,2024-03-24,Media Package,TikTok,303.54,169.44,Completed
ORD_8497,CUST_450,2024-10-06,Event Ticket,Instagram,305.13,180.41,Completed
ORD_8498,CUST_567,2024-10-26,Creative Studio,Event Walk-in,396.13,198.32,Refunded
ORD_8499,CUST_850,2025-05-24,Event Ticket,Instagram,226.85,93.21,Completed
ORD_8500,CUST_954,2025-02-28,Media Package,Instagram,38.75,14.62,Completed
ORD_8501,CUST_1356,2024-01-17,Partner Offer,Event Walk-in,23.44,13.66,Completed
ORD_8502,CUST_1044,2025-04-22,Workshop,Google Search,210.24,95.26,Completed
ORD_8503,CUST_558,2024-06-09,Creative Studio,TikTok,86.24,57.51,Completed
ORD_8504,CUST_1366,2024-10-19,Media Package,LinkedIn,127.98,72.86,Completed
ORD_8505,CUST_969,2024-01-30,Media Package,Instagram,345.24,107.09,Completed
ORD_8506,CUST_590,2025-01-20,Media Package,Google Search,126.87,84.82,Completed
ORD_8507,CUST_345,2025-05-09,Media Package,Event Walk-in,220.46,100.67,Completed
ORD_8508,CUST_1158,2024-03-02,Workshop,Event Walk-in,285.21,116.47,Completed
ORD_8509,CUST_981,2024-02-28,Membership,TikTok,498.89,264.06,Cancelled
ORD_8510,CUST_1371,2025-06-09,Partner Offer,Event Walk-in,338.41,113.63,Completed
ORD_8511,CUST_1084,2025-03-28,Media Package,Google Search,474.4,192.44,Refunded
ORD_8512,CUST_1222,2025-05-27,Partner Offer,Instagram,152.97,101.2,Completed
ORD_8513,CUST_763,2024-09-24,Creative Studio,Partnership,331.88,205.85,Completed
ORD_8514,CUST_1343,2024-10-17,Media Package,Google Search,260.93,148.82,Completed
ORD_8515,CUST_466,2025-06-24,Event Ticket,Partnership,343.92,142.67,Refunded
ORD_8516,CUST_1395,2024-07-15,Event Ticket,Partnership,264.25,179.07,Completed
ORD_8517,CUST_854,2024-10-22,Membership,TikTok,223.39,71.23,Completed
ORD_8518,CUST_169,2024-09-27,Partner Offer,TikTok,85.88,51.8,Completed
ORD_8519,CUST_744,2025-01-15,Event Ticket,Partnership,363.73,212.34,Completed
ORD_8520,CUST_911,2024-06-19,Media Package,LinkedIn,197.54,99.82,Completed
ORD_8521,CUST_844,2025-05-01,Event Ticket,Google Search,434.76,157.57,Completed
ORD_8522,CUST_1081,2024-09-04,Partner Offer,TikTok,253.4,164.43,Completed
ORD_8523,CUST_1109,2024-07-21,Media Package,Google Search,340.3,145.05,Completed
ORD_8524,CUST_771,2025-01-25,Workshop,Event Walk-in,475.0,262.25,Completed
ORD_8525,CUST_1279,2024-01-30,Partner Offer,TikTok,322.18,214.39,Completed
ORD_8526,CUST_526,2024-12-04,Membership,LinkedIn,431.26,289.48,Completed
ORD_8527,CUST_160,2024-04-03,Corporate Package,TikTok,419.76,184.57,Completed
ORD_8528,CUST_771,2024-07-29,Event Ticket,Event Walk-in,51.56,26.31,Completed
ORD_8529,CUST_1286,2024-09-21,Event Ticket,TikTok,58.85,24.84,Completed
ORD_8530,CUST_928,2024-01-28,Media Package,Partnership,207.0,110.41,Completed
ORD_8531,CUST_1435,2024-01-12,Media Package,TikTok,257.48,92.98,Completed
ORD_8532,CUST_1121,2025-02-15,Media Package,TikTok,42.61,16.36,Completed
ORD_8533,CUST_41,2024-02-03,Creative Studio,Partnership,224.15,115.65,Completed
ORD_8534,CUST_1493,2024-03-18,Partner Offer,Event Walk-in,89.94,47.74,Completed
ORD_8535,CUST_511,2024-06-16,Media Package,Instagram,303.56,209.29,Completed
ORD_8536,CUST_922,2025-03-24,Media Package,Instagram,485.85,333.14,Refunded
ORD_8537,CUST_600,2025-01-09,Workshop,Instagram,156.45,53.43,Completed
ORD_8538,CUST_629,2024-05-19,Creative Studio,Event Walk-in,456.43,150.43,Completed
ORD_8539,CUST_462,2024-05-06,Corporate Package,Instagram,334.32,204.02,Completed
ORD_8540,CUST_738,2024-11-16,Media Package,Instagram,308.41,142.54,Completed
ORD_8541,CUST_612,2024-11-14,Membership,TikTok,282.54,164.39,Completed
ORD_8542,CUST_1408,2024-03-28,Media Package,Instagram,159.4,78.79,Refunded
ORD_8543,CUST_680,2024-12-03,Creative Studio,TikTok,249.36,101.23,Completed
ORD_8544,CUST_149,2024-11-20,Media Package,TikTok,51.4,29.89,Completed
ORD_8545,CUST_560,2025-06-26,Event Ticket,Instagram,478.43,295.63,Completed
ORD_8546,CUST_108,2025-01-12,Event Ticket,Event Walk-in,296.99,133.11,Completed
ORD_8547,CUST_61,2024-11-14,Partner Offer,Google Search,167.48,108.16,Completed
ORD_8548,CUST_607,2024-07-15,Event Ticket,Instagram,299.56,195.08,Completed
ORD_8549,CUST_979,2025-01-14,Media Package,LinkedIn,295.02,165.23,Completed
ORD_8550,CUST_1386,2025-06-07,Event Ticket,Event Walk-in,255.26,89.63,Completed
ORD_8551,CUST_1167,2024-12-07,Corporate Package,Instagram,306.94,163.25,Completed
ORD_8552,CUST_41,2025-06-14,Event Ticket,Partnership,381.44,146.6,Completed
ORD_8553,CUST_594,2025-05-22,Creative Studio,Instagram,161.36,109.39,Refunded
ORD_8554,CUST_256,2025-06-04,Event Ticket,TikTok,498.57,319.33,Completed
ORD_8555,CUST_902,2025-04-06,Workshop,Event Walk-in,290.35,171.7,Completed
ORD_8556,CUST_187,2024-10-28,Partner Offer,LinkedIn,364.19,233.71,Completed
ORD_8557,CUST_614,2024-10-14,Media Package,TikTok,137.49,76.35,Completed
ORD_8558,CUST_697,2025-05-15,Media Package,LinkedIn,207.69,121.6,Completed
ORD_8559,CUST_43,2024-10-07,Media Package,Partnership,215.11,125.11,Completed
ORD_8560,CUST_252,2024-09-08,Event Ticket,TikTok,227.82,102.11,Completed
ORD_8561,CUST_797,2024-02-24,Event Ticket,LinkedIn,326.33,154.61,Completed
ORD_8562,CUST_707,2025-06-28,Corporate Package,Instagram,477.27,257.67,Refunded
ORD_8563,CUST_1207,2025-02-03,Membership,Event Walk-in,67.72,27.61,Completed
ORD_8564,CUST_547,2025-04-13,Creative Studio,Partnership,459.22,228.46,Completed
ORD_8565,CUST_707,2024-07-31,Media Package,Instagram,84.58,35.15,Completed
ORD_8566,CUST_907,2024-12-26,Partner Offer,Referral,113.11,39.4,Refunded
ORD_8567,CUST_784,2025-01-23,Event Ticket,TikTok,437.9,209.78,Completed
ORD_8568,CUST_579,2024-05-04,Event Ticket,TikTok,144.17,66.18,Completed
ORD_8569,CUST_943,2024-01-25,Media Package,Instagram,448.65,159.55,Refunded
ORD_8570,CUST_639,2024-09-16,Workshop,Partnership,127.01,72.6,Completed
ORD_8571,CUST_1111,2024-07-21,Media Package,LinkedIn,276.31,95.53,Completed
ORD_8572,CUST_487,2025-03-20,Event Ticket,TikTok,294.06,160.68,Completed
ORD_8573,CUST_299,2024-08-15,Event Ticket,Instagram,162.85,75.97,Completed
ORD_8574,CUST_345,2024-09-15,Media Package,Event Walk-in,139.11,76.02,Completed
ORD_8575,CUST_768,2024-05-26,Creative Studio,TikTok,420.48,252.53,Completed
ORD_8576,CUST_1311,2024-04-16,Media Package,Instagram,419.21,283.29,Completed
ORD_8577,CUST_1402,2024-05-07,Media Package,Event Walk-in,376.32,225.29,Completed
ORD_8578,CUST_177,2024-08-10,Event Ticket,TikTok,102.5,34.33,Completed
ORD_8579,CUST_935,2024-08-24,Workshop,Event Walk-in,458.92,227.65,Cancelled
ORD_8580,CUST_1239,2024-10-31,Membership,Partnership,351.15,180.92,Completed
ORD_8581,CUST_590,2025-06-04,Partner Offer,Google Search,462.65,256.16,Completed
ORD_8582,CUST_686,2024-09-30,Partner Offer,TikTok,373.81,200.48,Completed
ORD_8583,CUST_1431,2025-01-01,Event Ticket,Instagram,102.58,59.5,Refunded
ORD_8584,CUST_519,2025-03-13,Event Ticket,Partnership,180.44,118.51,Refunded
ORD_8585,CUST_225,2024-09-27,Media Package,Event Walk-in,458.6,198.34,Completed
ORD_8586,CUST_352,2024-12-10,Partner Offer,Instagram,225.86,81.98,Completed
ORD_8587,CUST_1025,2024-12-28,Media Package,Instagram,57.94,19.15,Completed
ORD_8588,CUST_1307,2025-04-12,Workshop,Instagram,479.39,299.21,Refunded
ORD_8589,CUST_70,2024-06-26,Creative Studio,TikTok,487.91,193.39,Completed
ORD_8590,CUST_664,2024-04-21,Media Package,LinkedIn,297.08,165.15,Refunded
ORD_8591,CUST_1242,2024-05-27,Creative Studio,Partnership,411.1,172.73,Completed
ORD_8592,CUST_90,2024-08-22,Event Ticket,TikTok,132.99,76.86,Completed
ORD_8593,CUST_1101,2024-10-13,Partner Offer,Instagram,234.42,107.83,Completed
ORD_8594,CUST_182,2024-08-01,Creative Studio,Partnership,209.28,131.3,Completed
ORD_8595,CUST_866,2024-05-12,Media Package,Google Search,323.0,142.6,Completed
ORD_8596,CUST_827,2025-02-22,Partner Offer,Referral,249.58,112.82,Completed
ORD_8597,CUST_307,2024-02-01,Workshop,Partnership,198.6,62.24,Completed
ORD_8598,CUST_1057,2024-02-11,Membership,TikTok,107.01,71.9,Refunded
ORD_8599,CUST_382,2024-12-10,Media Package,LinkedIn,414.88,232.82,Completed
ORD_8600,CUST_1083,2024-06-16,Media Package,TikTok,151.11,51.3,Completed
ORD_8601,CUST_104,2024-03-22,Partner Offer,Partnership,460.75,189.89,Cancelled
ORD_8602,CUST_617,2024-12-24,Event Ticket,Google Search,124.2,81.68,Completed
ORD_8603,CUST_1158,2024-05-14,Media Package,Event Walk-in,181.76,125.64,Completed
ORD_8604,CUST_170,2024-02-08,Media Package,TikTok,117.58,56.49,Completed
ORD_8605,CUST_172,2024-12-12,Media Package,TikTok,49.37,16.4,Completed
ORD_8606,CUST_668,2025-06-22,Partner Offer,TikTok,325.45,174.08,Refunded
ORD_8607,CUST_1248,2025-03-28,Workshop,LinkedIn,78.97,44.54,Refunded
ORD_8608,CUST_1084,2025-05-17,Media Package,Google Search,236.73,78.73,Completed
ORD_8609,CUST_690,2024-07-30,Media Package,Instagram,103.07,44.06,Completed
ORD_8610,CUST_97,2024-09-28,Membership,LinkedIn,150.3,68.59,Completed
ORD_8611,CUST_1063,2025-04-12,Membership,Instagram,82.35,34.74,Completed
ORD_8612,CUST_282,2025-03-27,Media Package,Google Search,420.61,171.26,Completed
ORD_8613,CUST_1155,2025-03-04,Workshop,Event Walk-in,223.09,79.72,Completed
ORD_8614,CUST_1163,2024-03-22,Workshop,TikTok,328.95,156.17,Completed
ORD_8615,CUST_1220,2024-02-12,Event Ticket,Instagram,438.66,210.05,Completed
ORD_8616,CUST_436,2025-05-16,Creative Studio,Partnership,30.19,11.79,Completed
ORD_8617,CUST_1115,2024-09-20,Membership,LinkedIn,41.91,19.8,Completed
ORD_8618,CUST_1214,2024-09-14,Partner Offer,Event Walk-in,498.8,273.51,Completed
ORD_8619,CUST_344,2025-01-29,Partner Offer,Instagram,475.57,182.03,Completed
ORD_8620,CUST_903,2025-01-26,Partner Offer,Instagram,488.3,177.67,Refunded
ORD_8621,CUST_768,2024-12-17,Membership,TikTok,400.27,211.06,Completed
ORD_8622,CUST_85,2025-01-04,Partner Offer,Partnership,196.85,80.62,Completed
ORD_8623,CUST_1440,2024-04-24,Partner Offer,Instagram,65.71,45.06,Completed
ORD_8624,CUST_6,2024-01-05,Media Package,Instagram,460.46,145.14,Completed
ORD_8625,CUST_162,2024-03-08,Media Package,LinkedIn,180.38,65.1,Completed
ORD_8626,CUST_1443,2025-01-05,Event Ticket,Event Walk-in,354.56,161.27,Completed
ORD_8627,CUST_1113,2024-08-26,Media Package,TikTok,448.84,211.04,Completed
ORD_8628,CUST_622,2024-08-21,Event Ticket,Event Walk-in,468.62,250.21,Completed
ORD_8629,CUST_477,2025-05-02,Partner Offer,Instagram,316.73,190.78,Refunded
ORD_8630,CUST_737,2024-10-08,Partner Offer,Instagram,29.14,14.1,Completed
ORD_8631,CUST_391,2025-06-13,Creative Studio,TikTok,133.58,41.01,Refunded
ORD_8632,CUST_356,2024-06-12,Media Package,Event Walk-in,321.27,191.48,Completed
ORD_8633,CUST_62,2025-01-17,Media Package,Partnership,243.31,91.02,Completed
ORD_8634,CUST_76,2024-01-28,Media Package,Event Walk-in,170.32,70.98,Completed
ORD_8635,CUST_568,2024-01-19,Event Ticket,Event Walk-in,96.08,64.81,Completed
ORD_8636,CUST_519,2024-06-03,Event Ticket,Partnership,161.82,60.01,Completed
ORD_8637,CUST_608,2025-05-04,Event Ticket,Event Walk-in,431.51,199.52,Completed
ORD_8638,CUST_1051,2024-05-04,Media Package,Event Walk-in,315.65,217.83,Completed
ORD_8639,CUST_312,2024-10-12,Creative Studio,Instagram,223.63,114.51,Completed
ORD_8640,CUST_1307,2024-11-27,Media Package,Instagram,42.45,20.01,Completed
ORD_8641,CUST_1067,2024-05-14,Membership,Referral,27.05,8.12,Completed
ORD_8642,CUST_1440,2024-12-01,Workshop,Instagram,237.24,158.54,Refunded
ORD_8643,CUST_1470,2025-06-12,Media Package,Instagram,388.85,120.86,Refunded
ORD_8644,CUST_300,2024-04-27,Media Package,Google Search,405.85,248.3,Completed
ORD_8645,CUST_592,2024-01-31,Membership,TikTok,133.67,87.27,Completed
ORD_8646,CUST_430,2025-06-22,Media Package,Instagram,383.22,138.59,Completed
ORD_8647,CUST_978,2024-01-04,Corporate Package,LinkedIn,192.07,115.61,Completed
ORD_8648,CUST_484,2024-03-09,Media Package,Google Search,83.04,35.16,Completed
ORD_8649,CUST_1119,2024-10-13,Event Ticket,TikTok,41.97,21.33,Completed
ORD_8650,CUST_261,2024-01-25,Event Ticket,Instagram,342.55,136.9,Completed
ORD_8651,CUST_117,2025-03-09,Media Package,Instagram,462.91,159.12,Completed
ORD_8652,CUST_581,2025-05-11,Creative Studio,Instagram,433.59,164.52,Completed
ORD_8653,CUST_501,2024-12-12,Partner Offer,TikTok,334.87,188.37,Completed
ORD_8654,CUST_1184,2024-12-12,Media Package,Referral,328.32,229.02,Completed
ORD_8655,CUST_567,2024-12-09,Event Ticket,Event Walk-in,76.98,25.21,Completed
ORD_8656,CUST_111,2025-03-24,Event Ticket,Event Walk-in,475.3,237.25,Completed
ORD_8657,CUST_27,2025-02-26,Media Package,Instagram,118.01,60.94,Completed
ORD_8658,CUST_969,2024-05-11,Creative Studio,Instagram,281.04,87.01,Completed
ORD_8659,CUST_1262,2024-12-13,Event Ticket,Event Walk-in,124.41,46.17,Refunded
ORD_8660,CUST_418,2024-10-21,Workshop,TikTok,199.36,70.76,Completed
ORD_8661,CUST_1040,2024-11-11,Workshop,LinkedIn,450.75,204.48,Refunded
ORD_8662,CUST_789,2024-10-03,Workshop,Partnership,208.92,107.41,Completed
ORD_8663,CUST_674,2024-02-17,Media Package,Event Walk-in,109.53,67.26,Completed
ORD_8664,CUST_1438,2025-02-14,Event Ticket,TikTok,487.04,193.73,Completed
ORD_8665,CUST_397,2025-01-30,Membership,Instagram,330.34,143.4,Completed
ORD_8666,CUST_1327,2024-10-29,Media Package,Instagram,497.16,248.66,Completed
ORD_8667,CUST_815,2024-10-20,Event Ticket,Referral,377.5,174.12,Completed
ORD_8668,CUST_892,2025-01-21,Creative Studio,Referral,330.95,167.81,Cancelled
ORD_8669,CUST_897,2025-03-28,Media Package,Instagram,279.77,119.48,Completed
ORD_8670,CUST_1178,2025-03-05,Media Package,Instagram,38.2,11.59,Completed
ORD_8671,CUST_938,2025-01-03,Media Package,TikTok,182.12,97.94,Completed
ORD_8672,CUST_1191,2024-03-18,Partner Offer,Instagram,200.54,67.26,Completed
ORD_8673,CUST_1417,2025-02-08,Media Package,TikTok,30.01,9.33,Refunded
ORD_8674,CUST_460,2025-04-13,Media Package,Event Walk-in,314.19,141.01,Cancelled
ORD_8675,CUST_1076,2024-10-23,Partner Offer,LinkedIn,336.79,157.94,Completed
ORD_8676,CUST_614,2024-08-29,Media Package,TikTok,347.51,138.85,Completed
ORD_8677,CUST_726,2024-11-20,Membership,TikTok,109.7,33.49,Completed
ORD_8678,CUST_67,2024-03-15,Partner Offer,TikTok,44.73,28.8,Completed
ORD_8679,CUST_1168,2024-08-05,Corporate Package,LinkedIn,45.41,22.81,Completed
ORD_8680,CUST_62,2024-09-29,Creative Studio,Partnership,318.13,178.22,Completed
ORD_8681,CUST_437,2025-06-18,Partner Offer,Referral,208.75,108.55,Refunded
ORD_8682,CUST_771,2024-09-21,Partner Offer,Event Walk-in,40.83,16.94,Cancelled
ORD_8683,CUST_502,2025-03-25,Media Package,Event Walk-in,243.99,109.93,Completed
ORD_8684,CUST_67,2024-01-03,Membership,TikTok,213.12,137.67,Completed
ORD_8685,CUST_1262,2024-07-24,Creative Studio,Event Walk-in,213.68,102.18,Completed
ORD_8686,CUST_329,2025-06-05,Corporate Package,Partnership,283.75,109.58,Completed
ORD_8687,CUST_930,2024-07-01,Partner Offer,Instagram,335.22,154.98,Refunded
ORD_8688,CUST_364,2024-05-22,Workshop,TikTok,35.95,22.89,Completed
ORD_8689,CUST_1198,2024-08-13,Media Package,LinkedIn,405.51,168.75,Refunded
ORD_8690,CUST_237,2024-06-11,Media Package,Instagram,202.23,89.27,Completed
ORD_8691,CUST_525,2024-12-16,Workshop,LinkedIn,458.95,276.86,Completed
ORD_8692,CUST_1039,2025-01-07,Creative Studio,LinkedIn,315.4,95.87,Completed
ORD_8693,CUST_701,2024-07-08,Partner Offer,Instagram,497.19,323.57,Completed
ORD_8694,CUST_524,2024-09-12,Event Ticket,Instagram,180.72,83.01,Completed
ORD_8695,CUST_208,2024-12-15,Media Package,Instagram,469.07,297.25,Completed
ORD_8696,CUST_261,2024-12-23,Workshop,Instagram,408.0,133.27,Completed
ORD_8697,CUST_1451,2024-08-27,Event Ticket,Instagram,180.2,95.68,Completed
ORD_8698,CUST_93,2024-12-14,Workshop,TikTok,452.05,257.31,Completed
ORD_8699,CUST_512,2024-01-08,Media Package,Event Walk-in,383.75,196.88,Completed
ORD_8700,CUST_446,2024-01-01,Corporate Package,TikTok,249.24,84.08,Completed
ORD_8701,CUST_59,2025-05-17,Workshop,Instagram,305.55,181.93,Completed
ORD_8702,CUST_276,2024-02-17,Media Package,Event Walk-in,316.89,207.8,Completed
ORD_8703,CUST_675,2024-07-26,Partner Offer,Instagram,492.17,186.57,Completed
ORD_8704,CUST_1067,2024-09-08,Workshop,Referral,49.79,26.06,Completed
ORD_8705,CUST_689,2024-07-12,Event Ticket,TikTok,95.06,50.47,Completed
ORD_8706,CUST_1194,2025-03-20,Workshop,LinkedIn,28.41,8.95,Completed
ORD_8707,CUST_91,2025-03-30,Corporate Package,LinkedIn,354.28,124.97,Completed
ORD_8708,CUST_220,2024-01-29,Workshop,Google Search,423.13,155.68,Completed
ORD_8709,CUST_137,2025-03-12,Event Ticket,Google Search,303.34,191.07,Completed
ORD_8710,CUST_70,2025-01-21,Event Ticket,TikTok,407.02,196.16,Completed
ORD_8711,CUST_248,2024-09-02,Membership,TikTok,433.66,222.13,Completed
ORD_8712,CUST_865,2024-02-22,Workshop,Google Search,111.95,55.99,Completed
ORD_8713,CUST_1197,2024-03-22,Media Package,TikTok,263.68,155.59,Completed
ORD_8714,CUST_1231,2024-11-12,Corporate Package,Instagram,234.09,148.43,Completed
ORD_8715,CUST_55,2025-01-31,Media Package,Partnership,447.24,218.63,Completed
ORD_8716,CUST_1136,2025-01-25,Membership,TikTok,312.31,100.98,Refunded
ORD_8717,CUST_207,2025-04-14,Creative Studio,Instagram,301.86,107.0,Refunded
ORD_8718,CUST_1166,2025-01-01,Corporate Package,Instagram,454.13,145.65,Completed
ORD_8719,CUST_1304,2024-11-04,Corporate Package,Instagram,473.97,212.66,Completed
ORD_8720,CUST_522,2024-09-18,Partner Offer,Instagram,125.54,68.46,Completed
ORD_8721,CUST_1232,2025-03-23,Creative Studio,Instagram,194.77,91.9,Completed
ORD_8722,CUST_1452,2024-10-24,Workshop,Partnership,495.54,296.64,Completed
ORD_8723,CUST_191,2024-11-10,Event Ticket,Instagram,261.54,126.78,Completed
ORD_8724,CUST_1483,2025-06-02,Creative Studio,Google Search,47.2,21.48,Completed
ORD_8725,CUST_1336,2024-03-06,Membership,Instagram,88.68,50.74,Completed
ORD_8726,CUST_688,2025-05-30,Media Package,TikTok,190.15,85.62,Completed
ORD_8727,CUST_1399,2024-07-31,Media Package,LinkedIn,472.84,295.01,Completed
ORD_8728,CUST_125,2024-06-25,Event Ticket,Event Walk-in,485.78,215.01,Completed
ORD_8729,CUST_227,2024-07-28,Media Package,Instagram,388.91,253.32,Completed
ORD_8730,CUST_383,2025-06-20,Corporate Package,Instagram,219.36,94.35,Completed
ORD_8731,CUST_414,2024-06-12,Event Ticket,LinkedIn,353.49,232.34,Completed
ORD_8732,CUST_1418,2024-01-25,Event Ticket,Instagram,339.25,223.67,Completed
ORD_8733,CUST_438,2024-05-05,Membership,Event Walk-in,314.16,142.64,Cancelled
ORD_8734,CUST_479,2024-01-07,Membership,LinkedIn,259.64,146.92,Completed
ORD_8735,CUST_194,2025-06-07,Membership,Referral,184.01,68.0,Completed
ORD_8736,CUST_1408,2025-03-05,Media Package,Instagram,404.24,254.97,Completed
ORD_8737,CUST_603,2024-03-13,Creative Studio,Instagram,63.93,24.02,Completed
ORD_8738,CUST_765,2024-09-29,Event Ticket,Event Walk-in,67.58,29.2,Cancelled
ORD_8739,CUST_324,2025-01-23,Creative Studio,Referral,69.05,29.36,Completed
ORD_8740,CUST_1267,2025-03-03,Media Package,Instagram,336.68,188.79,Completed
ORD_8741,CUST_1367,2024-03-27,Corporate Package,Partnership,174.93,87.04,Completed
ORD_8742,CUST_471,2024-11-13,Creative Studio,LinkedIn,70.83,30.28,Completed
ORD_8743,CUST_77,2025-05-18,Partner Offer,TikTok,288.06,160.56,Completed
ORD_8744,CUST_952,2025-04-05,Workshop,Instagram,369.23,172.69,Completed
ORD_8745,CUST_1455,2025-01-16,Workshop,Event Walk-in,152.4,51.9,Completed
ORD_8746,CUST_590,2025-01-29,Creative Studio,Google Search,358.55,133.02,Completed
ORD_8747,CUST_656,2025-02-07,Event Ticket,Referral,70.59,28.76,Completed
ORD_8748,CUST_1,2024-01-09,Media Package,Instagram,85.76,38.5,Completed
ORD_8749,CUST_478,2024-12-16,Corporate Package,TikTok,93.11,61.61,Completed
ORD_8750,CUST_195,2025-03-22,Creative Studio,Referral,237.24,87.51,Refunded
ORD_8751,CUST_1054,2024-07-08,Event Ticket,Event Walk-in,266.01,113.89,Completed
ORD_8752,CUST_1352,2024-10-21,Media Package,Google Search,234.7,131.12,Completed
ORD_8753,CUST_1298,2025-05-21,Media Package,Google Search,489.07,218.51,Completed
ORD_8754,CUST_155,2025-05-28,Media Package,Google Search,298.7,126.3,Completed
ORD_8755,CUST_84,2025-01-04,Membership,Event Walk-in,329.64,156.48,Completed
ORD_8756,CUST_307,2024-06-19,Event Ticket,Partnership,294.64,175.36,Completed
ORD_8757,CUST_1355,2025-01-05,Media Package,Event Walk-in,238.32,149.81,Completed
ORD_8758,CUST_688,2024-06-23,Media Package,TikTok,38.52,20.28,Completed
ORD_8759,CUST_97,2024-08-25,Media Package,LinkedIn,242.92,93.84,Completed
ORD_8760,CUST_913,2024-10-09,Event Ticket,Instagram,360.73,198.01,Completed
ORD_8761,CUST_656,2025-05-05,Event Ticket,Referral,192.97,57.99,Completed
ORD_8762,CUST_207,2025-03-18,Membership,Instagram,198.5,134.21,Completed
ORD_8763,CUST_216,2024-06-15,Workshop,TikTok,396.34,133.74,Completed
ORD_8764,CUST_1048,2024-09-10,Event Ticket,Instagram,224.09,144.41,Completed
ORD_8765,CUST_827,2024-07-13,Partner Offer,Referral,291.26,152.57,Completed
ORD_8766,CUST_1103,2024-09-01,Membership,Event Walk-in,436.39,133.95,Completed
ORD_8767,CUST_158,2024-03-21,Event Ticket,TikTok,270.98,144.62,Completed
ORD_8768,CUST_982,2025-06-04,Membership,Instagram,419.32,235.52,Completed
ORD_8769,CUST_200,2024-12-28,Membership,Event Walk-in,402.91,214.56,Completed
ORD_8770,CUST_479,2024-12-17,Media Package,LinkedIn,213.01,74.12,Completed
ORD_8771,CUST_654,2024-05-16,Media Package,LinkedIn,327.25,130.76,Completed
ORD_8772,CUST_919,2025-02-06,Event Ticket,TikTok,158.55,66.63,Completed
ORD_8773,CUST_390,2024-07-16,Creative Studio,Instagram,435.29,226.59,Completed
ORD_8774,CUST_786,2024-09-16,Creative Studio,Event Walk-in,354.79,175.31,Completed
ORD_8775,CUST_440,2025-06-19,Membership,Partnership,226.36,82.04,Completed
ORD_8776,CUST_67,2025-04-08,Partner Offer,TikTok,297.51,184.71,Refunded
ORD_8777,CUST_1285,2024-07-23,Media Package,LinkedIn,76.39,38.58,Completed
ORD_8778,CUST_1446,2024-04-01,Media Package,Event Walk-in,168.87,93.25,Completed
ORD_8779,CUST_369,2025-02-10,Partner Offer,TikTok,72.07,42.24,Refunded
ORD_8780,CUST_247,2025-03-18,Partner Offer,Event Walk-in,259.91,113.89,Completed
ORD_8781,CUST_567,2024-07-27,Workshop,Event Walk-in,275.19,92.62,Completed
ORD_8782,CUST_40,2024-12-29,Media Package,Event Walk-in,492.02,253.22,Completed
ORD_8783,CUST_647,2025-03-23,Media Package,LinkedIn,336.39,188.46,Completed
ORD_8784,CUST_63,2025-06-30,Partner Offer,Referral,35.16,15.3,Completed
ORD_8785,CUST_858,2025-01-31,Partner Offer,Event Walk-in,370.98,255.77,Completed
ORD_8786,CUST_169,2024-04-23,Workshop,TikTok,482.41,253.94,Refunded
ORD_8787,CUST_1050,2025-03-18,Event Ticket,TikTok,272.82,140.68,Refunded
ORD_8788,CUST_786,2024-11-09,Media Package,Event Walk-in,132.36,63.55,Completed
ORD_8789,CUST_301,2024-06-21,Media Package,TikTok,427.44,181.78,Completed
ORD_8790,CUST_165,2024-10-17,Event Ticket,TikTok,76.3,35.26,Completed
ORD_8791,CUST_1346,2025-01-05,Corporate Package,TikTok,35.0,20.22,Completed
ORD_8792,CUST_1429,2025-04-13,Membership,Instagram,322.72,190.47,Completed
ORD_8793,CUST_907,2024-02-19,Event Ticket,Referral,40.7,23.08,Refunded
ORD_8794,CUST_1472,2024-05-14,Media Package,Instagram,149.64,83.75,Refunded
ORD_8795,CUST_560,2025-05-21,Workshop,Instagram,330.2,146.89,Completed
ORD_8796,CUST_205,2024-02-29,Media Package,Event Walk-in,487.18,171.13,Cancelled
ORD_8797,CUST_921,2024-11-16,Corporate Package,LinkedIn,79.16,39.8,Completed
ORD_8798,CUST_858,2024-05-10,Corporate Package,Event Walk-in,205.1,70.51,Completed
ORD_8799,CUST_192,2025-04-10,Event Ticket,Google Search,445.84,296.94,Refunded
ORD_8800,CUST_133,2024-05-07,Workshop,Instagram,70.9,22.44,Completed
ORD_8801,CUST_195,2024-03-18,Media Package,Referral,474.35,239.77,Completed
ORD_8802,CUST_608,2024-12-26,Workshop,Event Walk-in,20.76,7.0,Completed
ORD_8803,CUST_19,2024-11-08,Workshop,LinkedIn,421.01,294.2,Completed
ORD_8804,CUST_840,2025-03-03,Media Package,Instagram,240.02,165.05,Completed
ORD_8805,CUST_726,2024-04-06,Creative Studio,TikTok,368.11,181.32,Completed
ORD_8806,CUST_1029,2024-08-10,Media Package,Google Search,98.84,40.92,Completed
ORD_8807,CUST_554,2024-08-05,Partner Offer,Partnership,474.33,264.29,Completed
ORD_8808,CUST_1228,2025-06-18,Event Ticket,TikTok,485.73,296.73,Completed
ORD_8809,CUST_1161,2024-05-14,Creative Studio,Event Walk-in,410.01,233.64,Completed
ORD_8810,CUST_662,2024-04-03,Partner Offer,Event Walk-in,114.45,51.27,Completed
ORD_8811,CUST_76,2024-02-24,Media Package,Event Walk-in,157.24,96.28,Completed
ORD_8812,CUST_1022,2025-06-23,Corporate Package,Referral,351.15,210.06,Completed
ORD_8813,CUST_923,2024-10-07,Corporate Package,Google Search,169.72,65.53,Completed
ORD_8814,CUST_99,2024-10-16,Media Package,Event Walk-in,115.28,77.93,Completed
ORD_8815,CUST_1063,2024-12-20,Event Ticket,Instagram,179.59,106.14,Completed
ORD_8816,CUST_438,2024-01-15,Workshop,Event Walk-in,294.59,186.73,Completed
ORD_8817,CUST_1032,2024-08-05,Workshop,Google Search,306.9,160.8,Completed
ORD_8818,CUST_876,2024-07-07,Media Package,Instagram,88.87,35.59,Refunded
ORD_8819,CUST_1103,2025-04-21,Event Ticket,Event Walk-in,177.72,90.37,Completed
ORD_8820,CUST_791,2024-01-05,Creative Studio,Partnership,193.53,88.5,Completed
ORD_8821,CUST_875,2024-03-29,Event Ticket,Event Walk-in,150.67,84.23,Completed
ORD_8822,CUST_1355,2025-04-24,Media Package,Event Walk-in,376.47,256.49,Completed
ORD_8823,CUST_692,2024-06-27,Membership,Instagram,306.4,201.79,Completed
ORD_8824,CUST_1007,2024-09-04,Partner Offer,Google Search,413.65,273.29,Completed
ORD_8825,CUST_1018,2025-05-15,Media Package,Instagram,481.41,217.39,Completed
ORD_8826,CUST_569,2025-05-16,Creative Studio,Instagram,79.57,42.41,Completed
ORD_8827,CUST_575,2025-03-27,Creative Studio,Event Walk-in,181.71,72.26,Completed
ORD_8828,CUST_73,2025-03-30,Creative Studio,Instagram,266.56,120.24,Refunded
ORD_8829,CUST_86,2024-12-11,Creative Studio,Instagram,149.33,62.57,Completed
ORD_8830,CUST_535,2024-04-19,Membership,Instagram,148.06,48.73,Refunded
ORD_8831,CUST_1184,2024-07-03,Partner Offer,Referral,379.01,220.75,Completed
ORD_8832,CUST_1470,2024-04-18,Creative Studio,Instagram,358.95,212.05,Completed
ORD_8833,CUST_1276,2024-08-10,Workshop,Referral,42.18,24.48,Completed
ORD_8834,CUST_589,2024-05-10,Media Package,Event Walk-in,113.58,60.85,Completed
ORD_8835,CUST_479,2024-02-22,Corporate Package,LinkedIn,93.27,49.08,Cancelled
ORD_8836,CUST_1103,2024-12-20,Event Ticket,Event Walk-in,371.66,156.02,Completed
ORD_8837,CUST_1106,2024-07-31,Corporate Package,TikTok,149.95,62.78,Completed
ORD_8838,CUST_214,2024-08-15,Media Package,TikTok,60.98,39.8,Completed
ORD_8839,CUST_693,2025-03-23,Event Ticket,Instagram,148.97,91.88,Completed
ORD_8840,CUST_84,2024-12-04,Media Package,Event Walk-in,295.56,137.72,Refunded
ORD_8841,CUST_832,2025-04-02,Media Package,Instagram,290.3,128.01,Completed
ORD_8842,CUST_462,2024-03-12,Corporate Package,Instagram,260.99,113.3,Completed
ORD_8843,CUST_828,2024-02-14,Membership,LinkedIn,228.2,145.59,Refunded
ORD_8844,CUST_91,2024-04-22,Event Ticket,LinkedIn,327.97,139.02,Completed
ORD_8845,CUST_1466,2024-09-05,Media Package,Instagram,135.39,73.42,Completed
ORD_8846,CUST_1377,2024-11-18,Media Package,Instagram,443.41,210.69,Refunded
ORD_8847,CUST_1137,2024-10-21,Workshop,TikTok,230.76,140.03,Completed
ORD_8848,CUST_145,2024-04-01,Creative Studio,Partnership,303.35,106.62,Completed
ORD_8849,CUST_754,2024-06-30,Event Ticket,Event Walk-in,400.86,155.47,Refunded
ORD_8850,CUST_978,2025-02-04,Corporate Package,LinkedIn,494.88,289.41,Completed
ORD_8851,CUST_894,2024-11-29,Media Package,Event Walk-in,234.17,122.87,Completed
ORD_8852,CUST_1465,2024-10-09,Corporate Package,Instagram,80.29,31.39,Completed
ORD_8853,CUST_738,2024-09-14,Corporate Package,Instagram,125.06,44.45,Completed
ORD_8854,CUST_1446,2024-10-24,Membership,Event Walk-in,374.11,237.73,Completed
ORD_8855,CUST_89,2025-03-04,Media Package,TikTok,136.87,65.25,Completed
ORD_8856,CUST_841,2024-06-09,Media Package,TikTok,495.93,340.25,Cancelled
ORD_8857,CUST_450,2024-01-08,Media Package,Instagram,252.91,139.94,Completed
ORD_8858,CUST_838,2024-06-02,Event Ticket,Event Walk-in,29.59,18.69,Refunded
ORD_8859,CUST_1370,2025-03-28,Creative Studio,Partnership,269.75,143.43,Completed
ORD_8860,CUST_427,2024-11-22,Event Ticket,Instagram,247.59,124.51,Completed
ORD_8861,CUST_237,2025-06-03,Partner Offer,Instagram,432.67,256.48,Refunded
ORD_8862,CUST_739,2024-11-23,Media Package,TikTok,218.2,126.23,Completed
ORD_8863,CUST_356,2024-08-11,Membership,Event Walk-in,363.13,160.5,Completed
ORD_8864,CUST_372,2024-08-11,Event Ticket,Event Walk-in,57.26,32.47,Completed
ORD_8865,CUST_304,2024-02-14,Corporate Package,Google Search,396.34,197.28,Completed
ORD_8866,CUST_690,2024-08-04,Media Package,Instagram,24.03,15.97,Completed
ORD_8867,CUST_556,2025-06-10,Workshop,TikTok,274.97,84.65,Completed
ORD_8868,CUST_1353,2025-05-02,Partner Offer,Event Walk-in,170.56,103.72,Refunded
ORD_8869,CUST_137,2024-10-17,Creative Studio,Google Search,53.08,24.98,Completed
ORD_8870,CUST_665,2024-05-03,Media Package,Google Search,257.05,106.92,Completed
ORD_8871,CUST_1439,2024-11-12,Partner Offer,Instagram,254.92,99.71,Completed
ORD_8872,CUST_1125,2024-09-04,Membership,Event Walk-in,28.14,17.64,Completed
ORD_8873,CUST_563,2024-08-09,Membership,Instagram,31.56,18.23,Completed
ORD_8874,CUST_892,2025-01-22,Creative Studio,Referral,317.27,201.57,Completed
ORD_8875,CUST_1263,2025-02-27,Corporate Package,Partnership,309.37,108.8,Completed
ORD_8876,CUST_419,2024-03-07,Creative Studio,Instagram,42.88,18.44,Completed
ORD_8877,CUST_55,2024-07-24,Creative Studio,Partnership,472.21,293.87,Completed
ORD_8878,CUST_888,2025-05-21,Membership,Instagram,168.17,56.52,Cancelled
ORD_8879,CUST_397,2024-03-10,Workshop,Instagram,76.44,35.02,Completed
ORD_8880,CUST_633,2024-04-20,Workshop,Instagram,398.0,248.98,Completed
ORD_8881,CUST_187,2025-05-26,Creative Studio,LinkedIn,333.29,102.22,Completed
ORD_8882,CUST_675,2025-01-02,Media Package,Instagram,180.7,122.37,Completed
ORD_8883,CUST_1264,2025-02-22,Creative Studio,Event Walk-in,226.16,125.83,Completed
ORD_8884,CUST_787,2024-02-12,Workshop,Instagram,219.9,106.78,Completed
ORD_8885,CUST_102,2024-08-22,Media Package,Instagram,357.62,123.7,Completed
ORD_8886,CUST_860,2024-11-18,Event Ticket,Google Search,190.91,85.28,Completed
ORD_8887,CUST_19,2025-02-08,Workshop,LinkedIn,460.94,252.92,Completed
ORD_8888,CUST_330,2024-05-23,Event Ticket,TikTok,313.02,179.25,Completed
ORD_8889,CUST_583,2024-07-07,Partner Offer,Event Walk-in,301.52,198.7,Completed
ORD_8890,CUST_1294,2024-04-04,Workshop,Partnership,458.3,141.27,Completed
ORD_8891,CUST_294,2025-05-06,Partner Offer,Instagram,200.0,118.99,Completed
ORD_8892,CUST_715,2024-07-21,Media Package,Event Walk-in,279.34,127.47,Completed
ORD_8893,CUST_1308,2025-05-11,Creative Studio,TikTok,255.22,114.89,Completed
ORD_8894,CUST_955,2024-03-12,Membership,Event Walk-in,284.96,162.11,Refunded
ORD_8895,CUST_146,2024-11-10,Membership,LinkedIn,34.22,21.42,Completed
ORD_8896,CUST_1349,2025-04-28,Event Ticket,TikTok,305.19,168.5,Completed
ORD_8897,CUST_773,2025-05-13,Event Ticket,TikTok,322.13,98.72,Completed
ORD_8898,CUST_994,2024-05-26,Event Ticket,TikTok,34.79,11.92,Completed
ORD_8899,CUST_468,2024-07-24,Creative Studio,LinkedIn,73.18,29.2,Completed
ORD_8900,CUST_312,2024-11-14,Corporate Package,Instagram,111.09,51.89,Completed
ORD_8901,CUST_546,2024-06-05,Event Ticket,Instagram,128.29,66.34,Completed
ORD_8902,CUST_184,2024-02-03,Event Ticket,Google Search,203.31,71.66,Cancelled
ORD_8903,CUST_559,2024-11-08,Media Package,Partnership,435.94,261.3,Refunded
ORD_8904,CUST_1134,2024-09-23,Event Ticket,Partnership,462.64,188.28,Completed
ORD_8905,CUST_656,2024-12-02,Membership,Referral,300.89,102.7,Completed
ORD_8906,CUST_648,2025-04-24,Media Package,TikTok,110.77,72.21,Completed
ORD_8907,CUST_506,2024-10-28,Workshop,Event Walk-in,406.03,176.41,Completed
ORD_8908,CUST_1421,2024-01-25,Event Ticket,LinkedIn,310.66,139.82,Cancelled
ORD_8909,CUST_1430,2025-06-01,Event Ticket,LinkedIn,134.74,54.22,Completed
ORD_8910,CUST_122,2025-03-17,Partner Offer,Instagram,99.13,33.52,Completed
ORD_8911,CUST_1307,2024-11-12,Media Package,Instagram,202.0,128.93,Completed
ORD_8912,CUST_296,2024-01-05,Media Package,TikTok,62.53,39.62,Completed
ORD_8913,CUST_831,2024-11-12,Membership,LinkedIn,232.4,98.05,Completed
ORD_8914,CUST_1441,2024-06-11,Corporate Package,TikTok,119.35,68.25,Completed
ORD_8915,CUST_154,2024-01-17,Media Package,Instagram,384.3,189.82,Completed
ORD_8916,CUST_1297,2024-07-04,Creative Studio,Google Search,473.6,326.99,Completed
ORD_8917,CUST_1448,2024-06-18,Media Package,Google Search,172.0,107.78,Completed
ORD_8918,CUST_1099,2025-01-21,Creative Studio,Partnership,161.83,49.56,Completed
ORD_8919,CUST_436,2024-05-29,Membership,Partnership,33.4,18.98,Refunded
ORD_8920,CUST_762,2024-05-26,Creative Studio,TikTok,436.64,178.31,Completed
ORD_8921,CUST_68,2024-06-11,Media Package,TikTok,360.78,206.93,Completed
ORD_8922,CUST_768,2024-11-07,Media Package,TikTok,413.01,248.84,Refunded
ORD_8923,CUST_162,2024-06-18,Media Package,LinkedIn,477.91,262.43,Completed
ORD_8924,CUST_1431,2024-10-03,Media Package,Instagram,318.57,111.66,Completed
ORD_8925,CUST_1404,2024-09-03,Membership,TikTok,413.25,185.06,Completed
ORD_8926,CUST_1006,2025-03-16,Creative Studio,Event Walk-in,217.72,83.23,Completed
ORD_8927,CUST_776,2024-12-27,Event Ticket,Event Walk-in,188.58,111.45,Cancelled
ORD_8928,CUST_1211,2025-01-30,Event Ticket,Instagram,378.54,154.26,Completed
ORD_8929,CUST_1000,2025-01-22,Corporate Package,Partnership,71.39,32.91,Completed
ORD_8930,CUST_578,2025-05-29,Workshop,Partnership,112.71,63.52,Completed
ORD_8931,CUST_191,2025-06-16,Media Package,Instagram,208.27,69.03,Cancelled
ORD_8932,CUST_775,2024-06-22,Membership,Event Walk-in,251.95,121.41,Completed
ORD_8933,CUST_1489,2024-09-17,Corporate Package,LinkedIn,448.91,145.1,Completed
ORD_8934,CUST_511,2025-01-03,Event Ticket,Instagram,50.1,33.72,Cancelled
ORD_8935,CUST_1354,2024-11-27,Creative Studio,Instagram,200.31,87.81,Completed
ORD_8936,CUST_999,2024-11-02,Membership,Instagram,419.5,160.5,Refunded
ORD_8937,CUST_10,2024-08-21,Media Package,Event Walk-in,158.93,54.72,Completed
ORD_8938,CUST_111,2024-04-13,Media Package,Event Walk-in,79.46,39.8,Completed
ORD_8939,CUST_1362,2024-05-04,Creative Studio,Google Search,47.31,14.93,Completed
ORD_8940,CUST_1376,2024-10-01,Media Package,Event Walk-in,491.37,156.48,Completed
ORD_8941,CUST_1069,2024-05-18,Media Package,Google Search,342.59,145.88,Completed
ORD_8942,CUST_704,2024-07-27,Media Package,Partnership,304.49,128.18,Completed
ORD_8943,CUST_644,2024-09-10,Media Package,Instagram,462.67,169.56,Completed
ORD_8944,CUST_1018,2024-01-03,Event Ticket,Instagram,236.21,144.93,Completed
ORD_8945,CUST_922,2024-06-10,Event Ticket,Instagram,406.42,191.19,Completed
ORD_8946,CUST_1294,2024-03-19,Creative Studio,Partnership,251.93,162.75,Completed
ORD_8947,CUST_833,2025-01-10,Membership,Instagram,90.75,56.12,Completed
ORD_8948,CUST_550,2024-06-05,Membership,LinkedIn,47.02,17.64,Completed
ORD_8949,CUST_84,2024-06-04,Membership,Event Walk-in,139.1,54.27,Refunded
ORD_8950,CUST_1261,2024-09-05,Workshop,Instagram,238.04,135.79,Completed
ORD_8951,CUST_1401,2024-08-10,Media Package,Instagram,155.83,90.73,Completed
ORD_8952,CUST_1032,2024-01-05,Media Package,Google Search,298.0,91.66,Completed
ORD_8953,CUST_1214,2024-06-20,Media Package,Event Walk-in,58.56,40.33,Completed
ORD_8954,CUST_1121,2024-05-05,Media Package,TikTok,167.79,95.57,Refunded
ORD_8955,CUST_304,2025-05-10,Membership,Google Search,321.47,109.92,Completed
ORD_8956,CUST_931,2024-07-06,Media Package,TikTok,436.18,153.67,Completed
ORD_8957,CUST_1362,2024-09-07,Event Ticket,Google Search,89.16,28.9,Completed
ORD_8958,CUST_776,2025-05-12,Media Package,Event Walk-in,102.99,68.49,Completed
ORD_8959,CUST_1154,2024-01-15,Event Ticket,Instagram,426.76,247.77,Completed
ORD_8960,CUST_1052,2024-04-17,Media Package,TikTok,353.99,109.09,Completed
ORD_8961,CUST_533,2024-03-22,Partner Offer,Google Search,431.82,249.4,Completed
ORD_8962,CUST_1314,2024-12-16,Corporate Package,Instagram,276.53,182.84,Refunded
ORD_8963,CUST_1475,2024-06-27,Partner Offer,LinkedIn,310.04,205.36,Completed
ORD_8964,CUST_1236,2025-06-26,Membership,Instagram,227.41,135.61,Cancelled
ORD_8965,CUST_878,2025-06-06,Partner Offer,Instagram,254.46,88.16,Completed
ORD_8966,CUST_1427,2025-01-16,Partner Offer,Instagram,99.75,44.34,Completed
ORD_8967,CUST_28,2025-05-19,Creative Studio,Event Walk-in,52.15,20.4,Completed
ORD_8968,CUST_1485,2024-04-26,Media Package,TikTok,418.21,144.14,Completed
ORD_8969,CUST_570,2025-04-08,Event Ticket,Google Search,259.03,120.54,Completed
ORD_8970,CUST_1051,2025-06-29,Partner Offer,Event Walk-in,481.89,245.15,Refunded
ORD_8971,CUST_1334,2024-09-17,Event Ticket,TikTok,317.4,161.87,Completed
ORD_8972,CUST_99,2025-06-16,Event Ticket,Event Walk-in,198.67,66.2,Refunded
ORD_8973,CUST_307,2024-07-25,Membership,Partnership,53.84,35.71,Completed
ORD_8974,CUST_21,2024-04-26,Event Ticket,TikTok,499.32,344.47,Completed
ORD_8975,CUST_911,2024-04-25,Creative Studio,LinkedIn,223.97,107.65,Completed
ORD_8976,CUST_807,2024-01-26,Creative Studio,Instagram,98.72,68.45,Completed
ORD_8977,CUST_1384,2024-08-07,Event Ticket,Event Walk-in,329.05,136.48,Completed
ORD_8978,CUST_1190,2024-08-27,Event Ticket,Instagram,315.53,127.26,Completed
ORD_8979,CUST_1196,2024-12-24,Membership,Event Walk-in,342.92,158.16,Completed
ORD_8980,CUST_317,2024-06-13,Creative Studio,Event Walk-in,482.93,208.23,Completed
ORD_8981,CUST_1495,2024-02-13,Corporate Package,Google Search,356.3,237.49,Completed
ORD_8982,CUST_1117,2024-04-24,Event Ticket,TikTok,143.98,73.1,Completed
ORD_8983,CUST_1039,2024-12-20,Media Package,LinkedIn,498.07,342.57,Completed
ORD_8984,CUST_598,2024-08-08,Event Ticket,Instagram,195.18,118.23,Completed
ORD_8985,CUST_438,2024-01-28,Event Ticket,Event Walk-in,470.78,226.99,Completed
ORD_8986,CUST_874,2025-02-14,Creative Studio,TikTok,164.83,69.27,Completed
ORD_8987,CUST_1118,2025-03-19,Partner Offer,Instagram,499.94,330.95,Completed
ORD_8988,CUST_70,2025-02-25,Workshop,TikTok,267.64,143.29,Cancelled
ORD_8989,CUST_407,2024-01-08,Event Ticket,Partnership,171.78,76.96,Completed
ORD_8990,CUST_591,2024-07-12,Media Package,Partnership,348.96,127.57,Refunded
ORD_8991,CUST_1240,2024-06-22,Creative Studio,Instagram,465.91,322.74,Completed
ORD_8992,CUST_312,2024-01-17,Event Ticket,Instagram,166.45,66.1,Completed
ORD_8993,CUST_395,2024-11-02,Event Ticket,Instagram,181.23,66.67,Completed
ORD_8994,CUST_1395,2024-12-12,Membership,Partnership,201.25,114.08,Refunded
ORD_8995,CUST_1040,2024-10-16,Partner Offer,LinkedIn,104.83,31.59,Completed
ORD_8996,CUST_477,2024-07-21,Event Ticket,Instagram,460.62,138.23,Completed
ORD_8997,CUST_1224,2024-03-17,Event Ticket,Instagram,324.15,203.72,Completed
ORD_8998,CUST_80,2025-04-03,Creative Studio,Referral,109.18,33.49,Completed
ORD_8999,CUST_311,2025-06-24,Membership,Event Walk-in,142.95,49.54,Completed
ORD_9000,CUST_841,2024-10-25,Creative Studio,TikTok,184.86,123.04,Completed
ORD_9001,CUST_264,2024-03-04,Membership,Instagram,145.92,71.42,Completed
ORD_9002,CUST_977,2024-09-13,Creative Studio,Instagram,223.97,116.46,Completed
ORD_9003,CUST_374,2024-02-20,Workshop,Instagram,470.11,218.24,Completed
ORD_9004,CUST_1488,2024-08-20,Partner Offer,Instagram,260.51,108.73,Completed
ORD_9005,CUST_650,2025-02-06,Membership,Instagram,339.29,125.04,Completed
ORD_9006,CUST_946,2024-02-11,Creative Studio,TikTok,63.27,23.63,Completed
ORD_9007,CUST_778,2024-11-25,Creative Studio,LinkedIn,65.26,45.65,Refunded
ORD_9008,CUST_83,2024-03-27,Media Package,Instagram,362.5,118.11,Completed
ORD_9009,CUST_904,2024-06-20,Media Package,TikTok,155.93,80.81,Completed
ORD_9010,CUST_654,2025-03-29,Membership,LinkedIn,390.13,250.75,Completed
ORD_9011,CUST_490,2024-07-10,Media Package,Google Search,61.15,38.72,Completed
ORD_9012,CUST_1168,2024-08-29,Event Ticket,LinkedIn,267.4,89.53,Completed
ORD_9013,CUST_968,2024-04-02,Workshop,Instagram,393.84,244.4,Completed
ORD_9014,CUST_1156,2024-07-16,Membership,TikTok,45.32,20.92,Completed
ORD_9015,CUST_1328,2024-07-19,Corporate Package,Event Walk-in,97.18,57.66,Completed
ORD_9016,CUST_35,2024-03-15,Corporate Package,Instagram,313.72,106.7,Completed
ORD_9017,CUST_1087,2025-01-07,Event Ticket,LinkedIn,269.61,110.9,Completed
ORD_9018,CUST_79,2025-02-14,Creative Studio,TikTok,21.1,13.92,Completed
ORD_9019,CUST_144,2025-04-25,Media Package,Event Walk-in,92.97,51.85,Completed
ORD_9020,CUST_339,2025-05-01,Workshop,TikTok,195.74,76.18,Completed
ORD_9021,CUST_1297,2025-04-16,Event Ticket,Google Search,342.28,130.21,Completed
ORD_9022,CUST_246,2024-12-26,Partner Offer,LinkedIn,402.14,238.2,Refunded
ORD_9023,CUST_1207,2025-03-22,Partner Offer,Event Walk-in,320.13,176.47,Completed
ORD_9024,CUST_98,2024-07-18,Media Package,TikTok,255.51,107.19,Completed
ORD_9025,CUST_867,2024-09-17,Workshop,TikTok,324.94,207.15,Completed
ORD_9026,CUST_874,2024-01-26,Creative Studio,TikTok,364.6,170.73,Completed
ORD_9027,CUST_519,2024-03-23,Partner Offer,Partnership,52.34,34.59,Completed
ORD_9028,CUST_1491,2025-06-17,Event Ticket,Partnership,415.59,199.96,Completed
ORD_9029,CUST_304,2024-05-07,Event Ticket,Google Search,90.74,30.17,Completed
ORD_9030,CUST_675,2024-10-07,Workshop,Instagram,380.27,137.02,Completed
ORD_9031,CUST_493,2025-02-20,Media Package,TikTok,480.98,266.66,Completed
ORD_9032,CUST_167,2025-04-20,Creative Studio,Instagram,349.07,154.31,Refunded
ORD_9033,CUST_1196,2024-12-12,Event Ticket,Event Walk-in,148.64,50.99,Completed
ORD_9034,CUST_1232,2024-01-30,Event Ticket,Instagram,172.83,70.45,Completed
ORD_9035,CUST_258,2024-06-05,Workshop,TikTok,438.24,168.28,Completed
ORD_9036,CUST_971,2024-11-09,Creative Studio,Instagram,259.07,97.88,Refunded
ORD_9037,CUST_300,2025-05-09,Corporate Package,Google Search,164.88,109.85,Completed
ORD_9038,CUST_1328,2024-02-11,Event Ticket,Event Walk-in,456.67,318.32,Completed
ORD_9039,CUST_1317,2024-07-29,Media Package,Partnership,187.06,89.75,Completed
ORD_9040,CUST_1328,2024-12-24,Partner Offer,Event Walk-in,155.19,92.4,Completed
ORD_9041,CUST_654,2025-05-31,Corporate Package,LinkedIn,98.56,49.33,Completed
ORD_9042,CUST_1408,2024-05-19,Creative Studio,Instagram,346.63,240.94,Completed
ORD_9043,CUST_744,2024-06-01,Event Ticket,Partnership,422.62,191.6,Refunded
ORD_9044,CUST_93,2024-07-05,Media Package,TikTok,77.48,35.54,Completed
ORD_9045,CUST_1065,2025-04-30,Workshop,Partnership,189.17,115.48,Completed
ORD_9046,CUST_1407,2025-05-29,Media Package,TikTok,179.62,91.26,Cancelled
ORD_9047,CUST_859,2024-06-24,Media Package,Instagram,442.05,140.66,Refunded
ORD_9048,CUST_1054,2024-07-13,Membership,Event Walk-in,113.95,62.1,Completed
ORD_9049,CUST_933,2025-04-28,Corporate Package,Event Walk-in,400.21,200.38,Completed
ORD_9050,CUST_1052,2024-06-16,Media Package,TikTok,34.47,15.84,Completed
ORD_9051,CUST_1445,2024-09-05,Media Package,Instagram,164.14,61.68,Completed
ORD_9052,CUST_802,2025-03-09,Membership,Instagram,327.69,198.47,Completed
ORD_9053,CUST_410,2025-06-25,Creative Studio,Event Walk-in,92.25,41.02,Completed
ORD_9054,CUST_509,2025-06-30,Membership,Partnership,176.14,81.0,Completed
ORD_9055,CUST_635,2025-04-10,Membership,TikTok,329.14,195.47,Completed
ORD_9056,CUST_157,2024-11-22,Media Package,LinkedIn,363.13,116.95,Completed
ORD_9057,CUST_1342,2024-12-21,Event Ticket,Instagram,246.33,149.33,Completed
ORD_9058,CUST_162,2024-03-20,Media Package,LinkedIn,346.35,162.16,Completed
ORD_9059,CUST_96,2025-04-09,Creative Studio,LinkedIn,462.3,296.11,Completed
ORD_9060,CUST_377,2024-06-08,Media Package,Instagram,334.11,232.22,Completed
ORD_9061,CUST_1002,2024-08-19,Corporate Package,LinkedIn,446.89,286.57,Refunded
ORD_9062,CUST_449,2024-01-04,Partner Offer,Referral,203.66,123.27,Completed
ORD_9063,CUST_1227,2024-02-27,Corporate Package,TikTok,425.95,286.89,Completed
ORD_9064,CUST_1021,2024-07-18,Membership,TikTok,449.94,261.4,Completed
ORD_9065,CUST_691,2024-04-29,Membership,Instagram,259.39,107.18,Refunded
ORD_9066,CUST_1315,2024-04-04,Creative Studio,LinkedIn,245.98,89.86,Completed
ORD_9067,CUST_477,2024-09-18,Corporate Package,Instagram,180.74,55.12,Cancelled
ORD_9068,CUST_249,2024-06-30,Partner Offer,LinkedIn,231.95,110.68,Completed
ORD_9069,CUST_1047,2025-02-14,Event Ticket,Instagram,355.12,162.88,Refunded
ORD_9070,CUST_429,2025-03-05,Membership,Partnership,486.84,277.76,Completed
ORD_9071,CUST_381,2025-01-08,Media Package,Event Walk-in,35.99,13.41,Completed
ORD_9072,CUST_50,2024-09-29,Creative Studio,Instagram,427.24,165.11,Completed
ORD_9073,CUST_603,2024-04-30,Workshop,Instagram,245.98,131.76,Refunded
ORD_9074,CUST_778,2024-11-09,Membership,LinkedIn,419.73,202.06,Refunded
ORD_9075,CUST_349,2024-05-30,Event Ticket,Instagram,127.29,42.58,Completed
ORD_9076,CUST_115,2024-12-13,Membership,Partnership,324.76,140.78,Completed
ORD_9077,CUST_1328,2024-10-27,Partner Offer,Event Walk-in,499.27,318.79,Completed
ORD_9078,CUST_419,2024-10-22,Event Ticket,Instagram,220.15,91.92,Completed
ORD_9079,CUST_87,2025-06-28,Media Package,Partnership,47.78,30.94,Completed
ORD_9080,CUST_706,2024-11-03,Creative Studio,Event Walk-in,128.07,50.19,Completed
ORD_9081,CUST_1387,2025-01-10,Event Ticket,Instagram,436.94,171.87,Completed
ORD_9082,CUST_1477,2024-05-05,Partner Offer,Partnership,224.26,69.05,Completed
ORD_9083,CUST_421,2025-05-17,Media Package,LinkedIn,378.76,188.44,Completed
ORD_9084,CUST_892,2024-09-14,Media Package,Referral,399.49,179.58,Completed
ORD_9085,CUST_474,2025-05-28,Partner Offer,TikTok,408.74,174.65,Completed
ORD_9086,CUST_1430,2025-03-27,Media Package,LinkedIn,334.06,112.51,Completed
ORD_9087,CUST_1183,2025-06-24,Corporate Package,TikTok,126.87,65.85,Completed
ORD_9088,CUST_976,2024-05-01,Creative Studio,Partnership,301.51,176.37,Refunded
ORD_9089,CUST_636,2024-03-03,Media Package,Event Walk-in,427.59,167.99,Completed
ORD_9090,CUST_1013,2024-09-24,Creative Studio,Event Walk-in,343.48,216.92,Refunded
ORD_9091,CUST_626,2024-03-18,Workshop,Event Walk-in,442.15,148.08,Completed
ORD_9092,CUST_1137,2024-10-11,Media Package,TikTok,380.62,245.44,Completed
ORD_9093,CUST_1340,2024-08-28,Event Ticket,TikTok,300.03,178.76,Cancelled
ORD_9094,CUST_803,2024-06-24,Membership,LinkedIn,66.35,37.63,Completed
ORD_9095,CUST_295,2024-03-19,Event Ticket,Partnership,30.17,10.91,Completed
ORD_9096,CUST_1396,2024-05-23,Membership,Event Walk-in,448.8,271.18,Cancelled
ORD_9097,CUST_1187,2024-09-01,Workshop,LinkedIn,461.25,186.6,Completed
ORD_9098,CUST_1266,2025-01-28,Partner Offer,LinkedIn,244.09,164.82,Completed
ORD_9099,CUST_1387,2024-02-18,Partner Offer,Instagram,264.54,146.97,Completed
ORD_9100,CUST_1350,2024-10-02,Media Package,Instagram,304.18,205.52,Completed
ORD_9101,CUST_75,2025-03-06,Workshop,Partnership,41.3,21.78,Completed
ORD_9102,CUST_238,2024-04-26,Media Package,Partnership,392.2,152.0,Completed
ORD_9103,CUST_1047,2025-02-27,Membership,Instagram,450.89,312.21,Completed
ORD_9104,CUST_1112,2024-11-12,Media Package,Partnership,282.76,148.11,Refunded
ORD_9105,CUST_587,2024-05-30,Workshop,LinkedIn,306.48,193.28,Completed
ORD_9106,CUST_495,2025-06-15,Partner Offer,Instagram,485.33,327.39,Completed
ORD_9107,CUST_684,2024-02-07,Creative Studio,Partnership,370.54,143.42,Completed
ORD_9108,CUST_693,2024-03-20,Corporate Package,Instagram,295.0,148.17,Completed
ORD_9109,CUST_1466,2024-03-26,Creative Studio,Instagram,496.0,181.24,Completed
ORD_9110,CUST_1486,2024-04-20,Partner Offer,Event Walk-in,285.58,100.09,Completed
ORD_9111,CUST_113,2024-05-22,Media Package,Instagram,443.51,239.78,Completed
ORD_9112,CUST_486,2025-03-01,Event Ticket,Event Walk-in,351.87,106.21,Refunded
ORD_9113,CUST_1070,2024-02-23,Membership,TikTok,57.48,29.48,Cancelled
ORD_9114,CUST_203,2024-06-18,Media Package,Instagram,376.81,260.5,Completed
ORD_9115,CUST_2,2025-03-01,Workshop,Google Search,294.99,146.78,Cancelled
ORD_9116,CUST_1074,2025-06-07,Partner Offer,Instagram,72.22,42.66,Completed
ORD_9117,CUST_967,2024-04-25,Partner Offer,Instagram,413.21,174.62,Completed
ORD_9118,CUST_523,2025-02-04,Corporate Package,Event Walk-in,449.1,187.99,Completed
ORD_9119,CUST_978,2024-10-29,Event Ticket,LinkedIn,213.85,119.28,Completed
ORD_9120,CUST_343,2025-04-18,Media Package,Google Search,330.08,186.94,Completed
ORD_9121,CUST_1055,2025-04-08,Media Package,TikTok,124.4,75.1,Completed
ORD_9122,CUST_841,2024-02-03,Partner Offer,TikTok,279.26,108.0,Completed
ORD_9123,CUST_1049,2024-10-19,Event Ticket,TikTok,493.22,307.48,Completed
ORD_9124,CUST_976,2024-05-19,Membership,Partnership,307.38,135.17,Completed
ORD_9125,CUST_706,2025-05-02,Membership,Event Walk-in,232.11,158.78,Completed
ORD_9126,CUST_630,2024-09-09,Media Package,Instagram,132.69,51.88,Completed
ORD_9127,CUST_534,2025-03-09,Event Ticket,Event Walk-in,83.81,40.66,Cancelled
ORD_9128,CUST_60,2025-01-12,Event Ticket,Instagram,338.46,157.5,Completed
ORD_9129,CUST_773,2024-11-25,Workshop,TikTok,155.36,75.55,Completed
ORD_9130,CUST_1448,2024-10-06,Media Package,Google Search,435.98,191.35,Completed
ORD_9131,CUST_1455,2025-04-26,Media Package,Event Walk-in,90.68,33.67,Completed
ORD_9132,CUST_1343,2025-05-16,Media Package,Google Search,271.79,91.64,Completed
ORD_9133,CUST_336,2024-06-23,Media Package,TikTok,363.78,195.8,Completed
ORD_9134,CUST_1015,2024-11-17,Media Package,Google Search,372.46,237.97,Completed
ORD_9135,CUST_1139,2024-08-01,Creative Studio,Instagram,375.51,158.86,Completed
ORD_9136,CUST_140,2025-04-25,Creative Studio,TikTok,128.77,83.88,Completed
ORD_9137,CUST_1439,2024-02-11,Creative Studio,Instagram,348.65,221.38,Completed
ORD_9138,CUST_248,2024-10-06,Media Package,TikTok,497.61,338.3,Completed
ORD_9139,CUST_464,2024-11-20,Event Ticket,Event Walk-in,94.76,61.83,Completed
ORD_9140,CUST_1221,2024-08-23,Media Package,Partnership,367.05,219.04,Cancelled
ORD_9141,CUST_1242,2024-12-15,Partner Offer,Partnership,253.09,139.13,Completed
ORD_9142,CUST_604,2024-01-27,Corporate Package,Instagram,180.88,71.79,Completed
ORD_9143,CUST_148,2025-02-23,Media Package,TikTok,481.67,251.93,Cancelled
ORD_9144,CUST_144,2025-03-11,Media Package,Event Walk-in,118.84,50.46,Refunded
ORD_9145,CUST_1189,2025-03-05,Membership,TikTok,264.34,151.07,Completed
ORD_9146,CUST_892,2025-04-24,Partner Offer,Referral,89.72,39.79,Completed
ORD_9147,CUST_406,2025-05-12,Creative Studio,TikTok,309.2,102.99,Completed
ORD_9148,CUST_844,2024-06-24,Event Ticket,Google Search,159.92,69.95,Completed
ORD_9149,CUST_1239,2024-10-24,Event Ticket,Partnership,436.29,287.32,Completed
ORD_9150,CUST_785,2024-05-20,Creative Studio,Instagram,81.81,54.18,Completed
ORD_9151,CUST_1440,2024-10-19,Partner Offer,Instagram,65.09,43.62,Completed
ORD_9152,CUST_841,2024-05-13,Corporate Package,TikTok,171.15,60.3,Completed
ORD_9153,CUST_917,2024-10-27,Event Ticket,Google Search,473.79,193.23,Completed
ORD_9154,CUST_1238,2024-08-27,Creative Studio,Event Walk-in,472.22,170.55,Completed
ORD_9155,CUST_1440,2024-12-10,Event Ticket,Instagram,371.69,234.15,Completed
ORD_9156,CUST_144,2024-09-07,Media Package,Event Walk-in,162.87,64.37,Completed
ORD_9157,CUST_1278,2024-12-04,Event Ticket,Event Walk-in,229.28,72.74,Completed
ORD_9158,CUST_28,2025-03-03,Partner Offer,Event Walk-in,318.62,197.1,Refunded
ORD_9159,CUST_1315,2024-11-26,Media Package,LinkedIn,163.9,74.61,Completed
ORD_9160,CUST_884,2024-09-15,Media Package,Partnership,156.02,98.74,Completed
ORD_9161,CUST_198,2024-12-27,Media Package,Event Walk-in,64.04,43.17,Completed
ORD_9162,CUST_928,2024-12-04,Event Ticket,Partnership,211.74,124.39,Completed
ORD_9163,CUST_1363,2024-12-04,Partner Offer,Instagram,301.99,137.12,Completed
ORD_9164,CUST_1416,2024-10-24,Creative Studio,Instagram,95.12,46.72,Completed
ORD_9165,CUST_327,2024-02-22,Event Ticket,Referral,472.2,167.7,Completed
ORD_9166,CUST_155,2024-11-28,Workshop,Google Search,255.61,140.3,Refunded
ORD_9167,CUST_927,2025-05-06,Media Package,Google Search,124.65,48.93,Completed
ORD_9168,CUST_1333,2024-06-28,Media Package,Google Search,69.63,36.49,Completed
ORD_9169,CUST_632,2025-03-14,Creative Studio,Event Walk-in,60.4,27.33,Completed
ORD_9170,CUST_354,2025-02-10,Media Package,Google Search,256.44,155.09,Completed
ORD_9171,CUST_984,2024-02-24,Event Ticket,Event Walk-in,316.52,157.61,Completed
ORD_9172,CUST_1376,2025-06-13,Creative Studio,Event Walk-in,227.46,101.2,Completed
ORD_9173,CUST_1248,2024-01-01,Event Ticket,LinkedIn,129.32,59.29,Completed
ORD_9174,CUST_796,2024-04-01,Creative Studio,Instagram,274.15,102.9,Completed
ORD_9175,CUST_490,2024-05-11,Membership,Google Search,316.15,164.74,Completed
ORD_9176,CUST_182,2024-11-23,Media Package,Partnership,395.92,182.26,Completed
ORD_9177,CUST_287,2024-12-14,Event Ticket,Event Walk-in,64.31,36.91,Cancelled
ORD_9178,CUST_393,2025-05-08,Creative Studio,LinkedIn,165.93,86.33,Completed
ORD_9179,CUST_1128,2024-06-13,Media Package,Google Search,396.49,198.98,Completed
ORD_9180,CUST_926,2024-11-15,Event Ticket,Event Walk-in,284.26,87.26,Completed
ORD_9181,CUST_1202,2024-06-20,Event Ticket,Event Walk-in,183.56,118.32,Completed
ORD_9182,CUST_1468,2024-12-28,Event Ticket,LinkedIn,441.71,164.71,Completed
ORD_9183,CUST_277,2024-09-08,Membership,Partnership,41.31,26.47,Refunded
ORD_9184,CUST_889,2024-03-19,Event Ticket,Event Walk-in,444.76,229.66,Completed
ORD_9185,CUST_467,2025-06-22,Media Package,Instagram,55.78,21.58,Completed
ORD_9186,CUST_1479,2025-06-17,Event Ticket,Instagram,387.81,262.53,Completed
ORD_9187,CUST_715,2024-12-23,Partner Offer,Event Walk-in,277.56,140.93,Refunded
ORD_9188,CUST_916,2024-07-12,Media Package,TikTok,116.93,76.34,Completed
ORD_9189,CUST_849,2024-02-12,Membership,TikTok,334.69,161.39,Completed
ORD_9190,CUST_412,2024-03-08,Media Package,Event Walk-in,237.46,126.26,Completed
ORD_9191,CUST_508,2025-01-28,Event Ticket,Instagram,128.0,62.45,Completed
ORD_9192,CUST_1492,2024-08-24,Event Ticket,Instagram,38.58,16.46,Completed
ORD_9193,CUST_1410,2024-10-25,Membership,Event Walk-in,454.33,217.2,Completed
ORD_9194,CUST_1028,2024-11-04,Membership,Instagram,377.74,196.42,Completed
ORD_9195,CUST_874,2025-03-16,Event Ticket,TikTok,352.72,206.04,Completed
ORD_9196,CUST_964,2024-01-17,Media Package,TikTok,470.03,224.89,Refunded
ORD_9197,CUST_634,2024-03-30,Membership,Event Walk-in,55.36,21.76,Refunded
ORD_9198,CUST_511,2024-02-19,Workshop,Instagram,247.65,168.38,Completed
ORD_9199,CUST_964,2024-03-09,Event Ticket,TikTok,216.26,95.76,Completed
ORD_9200,CUST_1094,2025-03-01,Media Package,Event Walk-in,185.21,73.51,Cancelled
ORD_9201,CUST_1070,2025-02-27,Media Package,TikTok,163.28,53.78,Completed
ORD_9202,CUST_608,2025-04-19,Media Package,Event Walk-in,272.84,144.24,Refunded
ORD_9203,CUST_1043,2024-12-16,Workshop,Instagram,107.62,33.14,Completed
ORD_9204,CUST_666,2024-11-14,Creative Studio,LinkedIn,55.77,38.65,Completed
ORD_9205,CUST_843,2024-02-29,Membership,Partnership,243.55,150.2,Refunded
ORD_9206,CUST_1249,2025-05-31,Event Ticket,Google Search,258.71,107.26,Completed
ORD_9207,CUST_487,2024-09-13,Membership,TikTok,260.72,105.93,Completed
ORD_9208,CUST_1043,2024-04-23,Event Ticket,Instagram,51.09,20.79,Completed
ORD_9209,CUST_1241,2025-01-25,Media Package,Instagram,120.27,54.39,Completed
ORD_9210,CUST_288,2025-01-15,Membership,Google Search,262.85,158.96,Completed
ORD_9211,CUST_103,2024-05-18,Membership,Instagram,216.35,118.82,Completed
ORD_9212,CUST_661,2024-03-25,Membership,TikTok,405.17,217.74,Completed
ORD_9213,CUST_101,2024-03-12,Creative Studio,Instagram,401.7,260.9,Completed
ORD_9214,CUST_679,2024-11-18,Creative Studio,LinkedIn,285.01,108.17,Completed
ORD_9215,CUST_476,2025-04-20,Event Ticket,TikTok,48.34,21.12,Completed
ORD_9216,CUST_968,2024-01-18,Creative Studio,Instagram,342.32,153.6,Completed
ORD_9217,CUST_144,2025-03-08,Event Ticket,Event Walk-in,299.35,124.18,Completed
ORD_9218,CUST_1273,2024-04-18,Creative Studio,TikTok,306.98,138.22,Cancelled
ORD_9219,CUST_1171,2024-10-31,Creative Studio,Referral,392.33,218.5,Completed
ORD_9220,CUST_420,2025-03-23,Event Ticket,Instagram,44.12,24.08,Refunded
ORD_9221,CUST_1441,2025-03-06,Partner Offer,TikTok,48.39,19.13,Completed
ORD_9222,CUST_1071,2024-09-07,Workshop,Instagram,387.25,255.39,Completed
ORD_9223,CUST_837,2024-05-19,Media Package,LinkedIn,386.29,187.52,Refunded
ORD_9224,CUST_1331,2025-04-09,Membership,TikTok,451.78,143.63,Completed
ORD_9225,CUST_297,2024-10-15,Event Ticket,Instagram,62.42,28.67,Completed
ORD_9226,CUST_634,2025-05-04,Partner Offer,Event Walk-in,378.36,166.71,Completed
ORD_9227,CUST_880,2024-02-04,Event Ticket,TikTok,438.77,233.76,Completed
ORD_9228,CUST_157,2025-01-04,Media Package,LinkedIn,48.12,20.4,Completed
ORD_9229,CUST_1365,2025-04-18,Workshop,LinkedIn,396.8,193.99,Completed
ORD_9230,CUST_610,2024-07-04,Media Package,Instagram,214.58,144.49,Completed
ORD_9231,CUST_803,2024-03-27,Media Package,LinkedIn,237.32,99.63,Refunded
ORD_9232,CUST_208,2024-11-03,Corporate Package,Instagram,337.14,127.09,Completed
ORD_9233,CUST_964,2024-03-25,Creative Studio,TikTok,386.78,248.41,Completed
ORD_9234,CUST_936,2024-03-09,Workshop,Google Search,293.81,144.36,Completed
ORD_9235,CUST_262,2024-10-09,Creative Studio,Instagram,156.03,106.67,Completed
ORD_9236,CUST_784,2024-10-27,Partner Offer,TikTok,392.62,172.16,Completed
ORD_9237,CUST_522,2024-11-25,Event Ticket,Instagram,139.8,52.05,Completed
ORD_9238,CUST_1440,2024-01-07,Event Ticket,Instagram,231.64,74.42,Completed
ORD_9239,CUST_710,2025-01-14,Event Ticket,Instagram,109.82,64.18,Refunded
ORD_9240,CUST_394,2025-06-22,Creative Studio,Partnership,184.37,95.54,Completed
ORD_9241,CUST_1208,2024-12-04,Membership,Event Walk-in,473.74,256.05,Refunded
ORD_9242,CUST_912,2024-03-11,Media Package,Partnership,261.26,172.39,Completed
ORD_9243,CUST_40,2025-05-14,Media Package,Event Walk-in,435.6,203.7,Completed
ORD_9244,CUST_1324,2024-02-16,Event Ticket,Instagram,276.32,147.56,Completed
ORD_9245,CUST_1237,2025-01-19,Media Package,Instagram,141.37,91.27,Completed
ORD_9246,CUST_318,2024-08-21,Creative Studio,Instagram,340.98,203.26,Completed
ORD_9247,CUST_309,2024-12-17,Partner Offer,Event Walk-in,175.23,79.95,Completed
ORD_9248,CUST_1487,2025-05-30,Media Package,Partnership,84.54,57.52,Completed
ORD_9249,CUST_1486,2024-11-13,Media Package,Event Walk-in,445.31,193.59,Completed
ORD_9250,CUST_185,2024-02-03,Workshop,Instagram,399.92,216.73,Completed
ORD_9251,CUST_1144,2024-10-03,Media Package,Instagram,386.64,253.4,Completed
ORD_9252,CUST_1112,2024-09-11,Event Ticket,Partnership,226.4,71.15,Completed
ORD_9253,CUST_1270,2024-11-01,Event Ticket,LinkedIn,182.55,77.35,Completed
ORD_9254,CUST_969,2024-05-10,Workshop,Instagram,178.08,116.19,Completed
ORD_9255,CUST_1435,2025-01-29,Corporate Package,TikTok,286.4,165.76,Completed
ORD_9256,CUST_104,2024-11-27,Corporate Package,Partnership,268.94,113.4,Completed
ORD_9257,CUST_1425,2024-10-22,Media Package,Event Walk-in,301.88,95.66,Completed
ORD_9258,CUST_575,2024-07-25,Corporate Package,Event Walk-in,203.09,130.4,Completed
ORD_9259,CUST_1125,2025-02-13,Media Package,Event Walk-in,28.61,13.52,Refunded
ORD_9260,CUST_1438,2024-12-12,Partner Offer,TikTok,382.99,213.42,Cancelled
ORD_9261,CUST_1175,2024-02-23,Creative Studio,Google Search,43.76,26.4,Refunded
ORD_9262,CUST_808,2025-06-17,Partner Offer,Event Walk-in,438.67,248.38,Completed
ORD_9263,CUST_467,2025-01-02,Workshop,Instagram,469.93,313.21,Completed
ORD_9264,CUST_1044,2024-11-28,Creative Studio,Google Search,20.59,10.32,Completed
ORD_9265,CUST_607,2025-03-02,Event Ticket,Instagram,483.85,158.56,Completed
ORD_9266,CUST_414,2024-11-04,Partner Offer,LinkedIn,310.44,206.18,Completed
ORD_9267,CUST_853,2025-03-06,Partner Offer,LinkedIn,432.05,278.73,Completed
ORD_9268,CUST_102,2024-09-13,Creative Studio,Instagram,440.9,270.16,Completed
ORD_9269,CUST_615,2025-01-14,Creative Studio,Instagram,228.42,72.55,Completed
ORD_9270,CUST_1209,2024-04-29,Corporate Package,Instagram,97.22,34.09,Completed
ORD_9271,CUST_532,2024-07-31,Media Package,Instagram,302.34,126.0,Completed
ORD_9272,CUST_143,2024-07-11,Membership,LinkedIn,261.95,182.63,Completed
ORD_9273,CUST_1119,2025-01-15,Partner Offer,TikTok,215.93,144.4,Completed
ORD_9274,CUST_1455,2025-01-17,Creative Studio,Event Walk-in,231.35,124.57,Completed
ORD_9275,CUST_848,2024-05-11,Event Ticket,LinkedIn,133.72,87.97,Completed
ORD_9276,CUST_1357,2025-03-15,Partner Offer,Instagram,440.58,224.95,Completed
ORD_9277,CUST_487,2024-11-15,Media Package,TikTok,451.72,254.05,Completed
ORD_9278,CUST_1114,2025-02-01,Media Package,Event Walk-in,441.52,279.48,Completed
ORD_9279,CUST_1193,2025-06-22,Media Package,Instagram,348.0,165.37,Completed
ORD_9280,CUST_554,2025-06-03,Media Package,Partnership,385.91,238.65,Cancelled
ORD_9281,CUST_1273,2024-07-21,Event Ticket,TikTok,243.67,113.18,Completed
ORD_9282,CUST_599,2024-08-17,Event Ticket,TikTok,430.69,289.26,Completed
ORD_9283,CUST_627,2024-02-22,Membership,TikTok,139.13,55.58,Completed
ORD_9284,CUST_580,2024-07-06,Membership,Instagram,286.97,86.6,Completed
ORD_9285,CUST_493,2024-03-21,Creative Studio,TikTok,58.48,31.48,Completed
ORD_9286,CUST_202,2024-01-05,Partner Offer,Instagram,117.83,64.26,Completed
ORD_9287,CUST_557,2024-10-15,Creative Studio,Google Search,485.17,255.26,Refunded
ORD_9288,CUST_207,2024-01-11,Event Ticket,Instagram,49.09,31.41,Completed
ORD_9289,CUST_143,2024-04-20,Workshop,LinkedIn,154.47,86.7,Completed
ORD_9290,CUST_579,2025-05-29,Corporate Package,TikTok,263.72,127.47,Completed
ORD_9291,CUST_1110,2024-01-18,Corporate Package,Event Walk-in,263.47,141.11,Completed
ORD_9292,CUST_1422,2024-12-20,Membership,Google Search,360.32,165.75,Completed
ORD_9293,CUST_872,2025-03-06,Workshop,Google Search,199.35,99.82,Completed
ORD_9294,CUST_672,2024-01-13,Creative Studio,Event Walk-in,292.97,108.66,Completed
ORD_9295,CUST_1355,2025-04-26,Membership,Event Walk-in,251.37,158.96,Completed
ORD_9296,CUST_1291,2025-05-17,Media Package,TikTok,54.99,38.03,Completed
ORD_9297,CUST_258,2024-10-23,Event Ticket,TikTok,142.85,46.75,Completed
ORD_9298,CUST_664,2024-11-12,Workshop,LinkedIn,272.87,143.03,Completed
ORD_9299,CUST_639,2024-11-01,Corporate Package,Partnership,57.82,30.39,Completed
ORD_9300,CUST_1432,2024-02-06,Membership,Partnership,327.8,108.06,Completed
ORD_9301,CUST_804,2025-04-25,Membership,TikTok,412.27,144.31,Completed
ORD_9302,CUST_143,2024-05-10,Creative Studio,LinkedIn,278.34,103.08,Completed
ORD_9303,CUST_1411,2025-03-31,Creative Studio,Referral,23.12,12.79,Completed
ORD_9304,CUST_1201,2025-01-25,Membership,LinkedIn,48.3,26.48,Completed
ORD_9305,CUST_743,2024-05-10,Media Package,Event Walk-in,372.7,133.52,Completed
ORD_9306,CUST_1228,2024-12-15,Corporate Package,TikTok,75.85,31.68,Completed
ORD_9307,CUST_973,2025-06-11,Media Package,Google Search,48.86,34.09,Completed
ORD_9308,CUST_684,2024-09-05,Corporate Package,Partnership,66.39,31.43,Completed
ORD_9309,CUST_294,2025-03-15,Corporate Package,Instagram,286.82,148.31,Completed
ORD_9310,CUST_320,2024-12-03,Media Package,Instagram,45.34,26.7,Cancelled
ORD_9311,CUST_289,2024-05-22,Media Package,Partnership,284.64,133.2,Completed
ORD_9312,CUST_1262,2024-07-23,Partner Offer,Event Walk-in,352.76,240.23,Cancelled
ORD_9313,CUST_109,2024-03-06,Media Package,Partnership,154.69,73.01,Completed
ORD_9314,CUST_440,2024-06-16,Media Package,Partnership,73.67,40.78,Completed
ORD_9315,CUST_626,2025-05-11,Workshop,Event Walk-in,43.6,25.64,Completed
ORD_9316,CUST_1162,2024-08-02,Media Package,LinkedIn,221.44,76.34,Completed
ORD_9317,CUST_11,2025-02-06,Membership,Instagram,392.77,155.45,Completed
ORD_9318,CUST_1065,2024-11-07,Media Package,Partnership,415.5,133.28,Completed
ORD_9319,CUST_1472,2024-09-09,Event Ticket,Instagram,347.13,112.25,Cancelled
ORD_9320,CUST_43,2024-11-30,Media Package,Partnership,452.11,187.83,Completed
ORD_9321,CUST_1234,2024-01-11,Membership,Referral,73.34,42.09,Cancelled
ORD_9322,CUST_808,2025-05-18,Media Package,Event Walk-in,454.87,249.52,Completed
ORD_9323,CUST_1131,2024-10-11,Partner Offer,Instagram,141.67,62.74,Completed
ORD_9324,CUST_989,2024-08-18,Media Package,Instagram,145.25,83.38,Completed
ORD_9325,CUST_1386,2024-07-21,Media Package,Event Walk-in,336.3,107.3,Completed
ORD_9326,CUST_900,2024-07-24,Event Ticket,TikTok,156.84,107.09,Completed
ORD_9327,CUST_1087,2024-12-17,Event Ticket,LinkedIn,280.27,166.12,Completed
ORD_9328,CUST_267,2024-12-03,Creative Studio,Event Walk-in,57.58,21.56,Completed
ORD_9329,CUST_169,2024-12-16,Event Ticket,TikTok,81.42,50.7,Completed
ORD_9330,CUST_103,2024-09-12,Event Ticket,Instagram,342.71,188.57,Completed
ORD_9331,CUST_186,2025-04-10,Media Package,TikTok,187.72,71.06,Completed
ORD_9332,CUST_921,2024-03-09,Event Ticket,LinkedIn,290.06,153.76,Refunded
ORD_9333,CUST_759,2025-02-11,Creative Studio,Instagram,387.04,132.38,Completed
ORD_9334,CUST_606,2024-10-26,Workshop,Event Walk-in,146.24,50.19,Completed
ORD_9335,CUST_346,2025-05-27,Creative Studio,TikTok,221.98,122.1,Completed
ORD_9336,CUST_799,2025-06-01,Membership,Event Walk-in,154.28,100.0,Completed
ORD_9337,CUST_188,2024-06-22,Partner Offer,Partnership,22.16,8.68,Refunded
ORD_9338,CUST_860,2024-03-16,Creative Studio,Google Search,261.15,173.31,Completed
ORD_9339,CUST_244,2025-04-23,Creative Studio,Instagram,345.54,131.77,Completed
ORD_9340,CUST_996,2024-04-01,Membership,Partnership,475.4,164.39,Completed
ORD_9341,CUST_841,2025-02-22,Corporate Package,TikTok,391.29,138.37,Completed
ORD_9342,CUST_260,2024-12-20,Event Ticket,TikTok,430.67,282.65,Refunded
ORD_9343,CUST_479,2024-06-19,Partner Offer,LinkedIn,87.5,60.8,Completed
ORD_9344,CUST_491,2025-01-31,Event Ticket,Event Walk-in,345.86,200.39,Completed
ORD_9345,CUST_1122,2024-12-01,Media Package,Event Walk-in,383.28,238.09,Completed
ORD_9346,CUST_1415,2024-01-25,Corporate Package,Google Search,374.38,217.35,Cancelled
ORD_9347,CUST_52,2024-11-08,Media Package,LinkedIn,476.09,185.05,Completed
ORD_9348,CUST_1369,2024-10-30,Membership,LinkedIn,318.44,192.61,Refunded
ORD_9349,CUST_84,2024-09-19,Workshop,Event Walk-in,124.79,57.61,Completed
ORD_9350,CUST_1039,2025-05-06,Corporate Package,LinkedIn,371.52,114.84,Cancelled
ORD_9351,CUST_251,2025-02-08,Event Ticket,TikTok,367.86,151.9,Refunded
ORD_9352,CUST_260,2025-03-23,Creative Studio,TikTok,327.04,126.12,Completed
ORD_9353,CUST_1183,2024-02-04,Media Package,TikTok,492.68,313.73,Completed
ORD_9354,CUST_1127,2024-04-02,Media Package,Instagram,120.93,57.14,Completed
ORD_9355,CUST_217,2025-02-13,Workshop,TikTok,243.5,93.13,Completed
ORD_9356,CUST_1287,2024-05-25,Partner Offer,Event Walk-in,371.28,171.63,Completed
ORD_9357,CUST_103,2025-01-08,Partner Offer,Instagram,44.38,19.86,Completed
ORD_9358,CUST_944,2024-07-11,Creative Studio,Instagram,459.78,230.53,Completed
ORD_9359,CUST_801,2024-04-29,Media Package,LinkedIn,444.11,174.46,Completed
ORD_9360,CUST_749,2024-06-06,Media Package,Instagram,209.81,82.34,Completed
ORD_9361,CUST_168,2025-01-27,Event Ticket,Event Walk-in,260.73,80.74,Completed
ORD_9362,CUST_326,2024-08-23,Creative Studio,LinkedIn,255.15,78.37,Completed
ORD_9363,CUST_928,2025-05-19,Media Package,Partnership,66.28,42.58,Cancelled
ORD_9364,CUST_1176,2025-03-24,Event Ticket,Event Walk-in,372.31,183.93,Completed
ORD_9365,CUST_852,2024-01-30,Partner Offer,Event Walk-in,394.78,132.09,Refunded
ORD_9366,CUST_1055,2024-08-07,Media Package,TikTok,61.3,30.99,Completed
ORD_9367,CUST_786,2024-03-09,Event Ticket,Event Walk-in,168.09,107.77,Completed
ORD_9368,CUST_718,2025-03-13,Creative Studio,TikTok,466.6,243.04,Completed
ORD_9369,CUST_670,2024-08-13,Creative Studio,TikTok,440.8,138.56,Refunded
ORD_9370,CUST_85,2024-07-23,Media Package,Partnership,488.2,315.04,Completed
ORD_9371,CUST_1102,2024-09-13,Media Package,Instagram,416.69,247.51,Cancelled
ORD_9372,CUST_847,2025-01-19,Creative Studio,TikTok,96.35,60.19,Completed
ORD_9373,CUST_1310,2025-04-16,Media Package,TikTok,208.87,71.03,Completed
ORD_9374,CUST_496,2024-01-03,Creative Studio,Google Search,386.0,149.92,Completed
ORD_9375,CUST_1460,2024-11-29,Media Package,Event Walk-in,342.74,230.01,Completed
ORD_9376,CUST_1402,2024-07-17,Media Package,Event Walk-in,205.93,122.16,Completed
ORD_9377,CUST_706,2024-02-04,Creative Studio,Event Walk-in,36.97,12.56,Completed
ORD_9378,CUST_1274,2025-04-06,Membership,LinkedIn,135.15,91.66,Completed
ORD_9379,CUST_765,2025-02-05,Membership,Event Walk-in,21.4,14.25,Completed
ORD_9380,CUST_451,2024-12-15,Membership,Event Walk-in,58.16,23.52,Completed
ORD_9381,CUST_1456,2025-06-29,Media Package,Referral,229.87,149.75,Cancelled
ORD_9382,CUST_346,2024-02-21,Workshop,TikTok,473.23,266.97,Completed
ORD_9383,CUST_300,2025-05-29,Creative Studio,Google Search,295.45,170.25,Completed
ORD_9384,CUST_581,2024-06-13,Creative Studio,Instagram,144.13,44.2,Cancelled
ORD_9385,CUST_150,2024-05-19,Partner Offer,Instagram,192.96,72.16,Completed
ORD_9386,CUST_1412,2025-03-08,Corporate Package,LinkedIn,488.42,195.84,Completed
ORD_9387,CUST_12,2024-11-19,Membership,Google Search,217.3,89.89,Completed
ORD_9388,CUST_582,2025-06-04,Corporate Package,Partnership,298.1,120.28,Completed
ORD_9389,CUST_512,2024-12-01,Media Package,Event Walk-in,365.22,159.71,Completed
ORD_9390,CUST_403,2024-04-02,Workshop,Google Search,101.23,48.69,Completed
ORD_9391,CUST_1336,2024-11-19,Media Package,Instagram,77.28,37.68,Completed
ORD_9392,CUST_913,2024-01-14,Event Ticket,Instagram,184.64,57.84,Completed
ORD_9393,CUST_498,2024-02-26,Partner Offer,Partnership,80.96,29.91,Refunded
ORD_9394,CUST_353,2025-04-06,Membership,Partnership,254.39,130.0,Completed
ORD_9395,CUST_1177,2024-11-23,Membership,Instagram,271.75,162.25,Completed
ORD_9396,CUST_518,2024-08-25,Media Package,Google Search,382.09,189.25,Completed
ORD_9397,CUST_1098,2024-10-16,Membership,Instagram,305.62,117.52,Completed
ORD_9398,CUST_278,2024-08-25,Workshop,TikTok,148.74,95.05,Completed
ORD_9399,CUST_1320,2024-02-03,Media Package,Partnership,33.41,17.87,Completed
ORD_9400,CUST_695,2024-08-03,Event Ticket,Instagram,215.16,129.21,Completed
ORD_9401,CUST_208,2025-01-22,Media Package,Instagram,53.38,18.49,Completed
ORD_9402,CUST_1013,2024-05-26,Event Ticket,Event Walk-in,323.66,213.85,Cancelled
ORD_9403,CUST_1090,2024-12-24,Membership,Instagram,241.85,109.08,Refunded
ORD_9404,CUST_1484,2024-09-16,Media Package,Google Search,167.37,91.86,Completed
ORD_9405,CUST_1295,2025-01-02,Media Package,Event Walk-in,296.71,162.75,Completed
ORD_9406,CUST_1115,2024-02-12,Membership,LinkedIn,57.82,25.16,Completed
ORD_9407,CUST_972,2024-11-03,Corporate Package,Referral,297.52,116.72,Completed
ORD_9408,CUST_90,2024-10-27,Event Ticket,TikTok,54.15,37.5,Completed
ORD_9409,CUST_984,2024-03-05,Workshop,Event Walk-in,173.32,118.2,Completed
ORD_9410,CUST_602,2025-04-04,Media Package,TikTok,207.55,77.74,Completed
ORD_9411,CUST_977,2024-02-07,Media Package,Instagram,138.23,85.84,Completed
ORD_9412,CUST_1429,2024-05-22,Membership,Instagram,373.72,198.69,Completed
ORD_9413,CUST_290,2025-04-03,Media Package,Event Walk-in,423.22,262.3,Cancelled
ORD_9414,CUST_1035,2025-02-02,Corporate Package,Referral,330.67,138.77,Completed
ORD_9415,CUST_711,2025-01-31,Corporate Package,Event Walk-in,160.32,54.85,Completed
ORD_9416,CUST_686,2025-06-20,Media Package,TikTok,485.83,149.64,Completed
ORD_9417,CUST_77,2024-03-13,Corporate Package,TikTok,48.51,20.2,Completed
ORD_9418,CUST_223,2024-11-13,Event Ticket,Instagram,66.73,38.77,Completed
ORD_9419,CUST_1286,2025-04-26,Media Package,TikTok,319.69,178.36,Completed
ORD_9420,CUST_1074,2024-10-20,Membership,Instagram,123.83,69.32,Completed
ORD_9421,CUST_1220,2024-07-18,Event Ticket,Instagram,300.79,134.91,Completed
ORD_9422,CUST_1268,2024-07-20,Creative Studio,Event Walk-in,466.51,211.28,Completed
ORD_9423,CUST_2,2024-07-28,Media Package,Google Search,126.23,49.43,Refunded
ORD_9424,CUST_1061,2025-04-03,Media Package,TikTok,238.02,95.96,Completed
ORD_9425,CUST_187,2025-01-26,Membership,LinkedIn,152.78,103.1,Completed
ORD_9426,CUST_409,2024-01-05,Media Package,LinkedIn,422.17,286.0,Completed
ORD_9427,CUST_675,2024-11-12,Media Package,Instagram,31.02,16.53,Completed
ORD_9428,CUST_542,2024-04-30,Membership,Instagram,89.11,59.86,Completed
ORD_9429,CUST_328,2024-04-17,Event Ticket,TikTok,46.49,24.82,Completed
ORD_9430,CUST_1223,2025-02-28,Event Ticket,TikTok,319.99,164.34,Completed
ORD_9431,CUST_960,2025-04-04,Creative Studio,Referral,281.95,161.51,Completed
ORD_9432,CUST_958,2024-03-14,Media Package,TikTok,463.32,159.18,Cancelled
ORD_9433,CUST_717,2024-05-18,Workshop,Partnership,312.79,96.31,Refunded
ORD_9434,CUST_968,2024-03-01,Partner Offer,Instagram,89.08,35.48,Completed
ORD_9435,CUST_997,2025-03-30,Creative Studio,Event Walk-in,112.05,51.94,Completed
ORD_9436,CUST_565,2024-02-04,Creative Studio,Instagram,444.21,140.56,Completed
ORD_9437,CUST_1176,2024-07-09,Membership,Event Walk-in,81.3,27.37,Completed
ORD_9438,CUST_91,2024-08-02,Creative Studio,LinkedIn,336.75,164.31,Completed
ORD_9439,CUST_821,2025-05-15,Media Package,Instagram,461.35,271.82,Completed
ORD_9440,CUST_783,2024-06-22,Membership,LinkedIn,296.64,193.65,Completed
ORD_9441,CUST_97,2024-06-28,Creative Studio,LinkedIn,40.03,25.42,Completed
ORD_9442,CUST_530,2025-04-21,Event Ticket,LinkedIn,164.1,108.7,Refunded
ORD_9443,CUST_609,2024-10-15,Media Package,Instagram,417.78,193.82,Completed
ORD_9444,CUST_880,2024-09-21,Media Package,TikTok,461.54,282.57,Completed
ORD_9445,CUST_448,2024-11-12,Creative Studio,Event Walk-in,199.25,60.17,Completed
ORD_9446,CUST_15,2024-06-30,Creative Studio,Instagram,413.18,230.41,Completed
ORD_9447,CUST_155,2024-10-31,Media Package,Google Search,362.79,252.69,Refunded
ORD_9448,CUST_745,2025-06-14,Media Package,Partnership,339.28,231.47,Cancelled
ORD_9449,CUST_1157,2024-11-26,Event Ticket,Google Search,253.06,113.46,Completed
ORD_9450,CUST_1119,2024-02-19,Media Package,TikTok,322.84,192.66,Completed
ORD_9451,CUST_110,2025-01-09,Partner Offer,Instagram,161.02,62.68,Completed
ORD_9452,CUST_1344,2024-04-15,Workshop,Referral,215.85,145.16,Completed
ORD_9453,CUST_457,2025-03-19,Media Package,Event Walk-in,86.29,37.5,Completed
ORD_9454,CUST_560,2024-08-25,Media Package,Instagram,208.27,111.21,Completed
ORD_9455,CUST_1494,2024-11-23,Media Package,TikTok,391.79,151.94,Completed
ORD_9456,CUST_298,2025-03-06,Media Package,Instagram,378.49,140.99,Completed
ORD_9457,CUST_236,2025-01-12,Event Ticket,Instagram,475.9,239.64,Completed
ORD_9458,CUST_906,2025-06-28,Event Ticket,Instagram,430.17,249.54,Completed
ORD_9459,CUST_104,2024-07-26,Media Package,Partnership,499.97,225.03,Completed
ORD_9460,CUST_1299,2024-03-10,Corporate Package,LinkedIn,145.73,76.46,Completed
ORD_9461,CUST_705,2025-03-20,Creative Studio,Event Walk-in,498.99,283.28,Completed
ORD_9462,CUST_50,2025-05-11,Creative Studio,Instagram,489.29,331.45,Cancelled
ORD_9463,CUST_690,2024-02-22,Membership,Instagram,378.75,233.99,Completed
ORD_9464,CUST_514,2024-12-18,Creative Studio,Referral,96.56,65.66,Completed
ORD_9465,CUST_1014,2024-07-30,Workshop,TikTok,255.98,105.22,Completed
ORD_9466,CUST_553,2024-09-07,Creative Studio,Event Walk-in,205.78,75.15,Cancelled
ORD_9467,CUST_719,2025-01-03,Event Ticket,Instagram,330.95,231.58,Completed
ORD_9468,CUST_722,2025-04-07,Event Ticket,Referral,451.98,202.34,Completed
ORD_9469,CUST_441,2024-12-11,Media Package,LinkedIn,203.76,139.16,Refunded
ORD_9470,CUST_390,2024-05-16,Creative Studio,Instagram,234.84,106.02,Completed
ORD_9471,CUST_1075,2024-01-08,Workshop,Referral,99.1,45.28,Completed
ORD_9472,CUST_404,2024-06-19,Partner Offer,Event Walk-in,40.02,24.62,Cancelled
ORD_9473,CUST_1254,2024-05-28,Media Package,Partnership,455.84,305.96,Completed
ORD_9474,CUST_238,2025-06-21,Workshop,Partnership,199.85,61.42,Completed
ORD_9475,CUST_1026,2024-06-13,Media Package,TikTok,378.26,203.85,Completed
ORD_9476,CUST_158,2025-01-21,Media Package,TikTok,379.5,166.2,Completed
ORD_9477,CUST_636,2024-09-13,Media Package,Event Walk-in,186.87,85.75,Completed
ORD_9478,CUST_1034,2024-07-03,Partner Offer,Event Walk-in,418.35,186.52,Cancelled
ORD_9479,CUST_1052,2025-04-25,Event Ticket,TikTok,126.92,75.3,Completed
ORD_9480,CUST_456,2024-12-18,Media Package,Event Walk-in,153.38,80.42,Completed
ORD_9481,CUST_1496,2025-03-30,Workshop,LinkedIn,379.78,131.9,Completed
ORD_9482,CUST_1418,2025-02-27,Media Package,Instagram,442.08,296.57,Completed
ORD_9483,CUST_84,2024-07-12,Partner Offer,Event Walk-in,416.08,176.61,Completed
ORD_9484,CUST_1154,2024-06-07,Event Ticket,Instagram,372.74,221.71,Completed
ORD_9485,CUST_565,2024-10-14,Event Ticket,Instagram,465.12,161.17,Completed
ORD_9486,CUST_892,2024-06-28,Partner Offer,Referral,338.66,212.93,Completed
ORD_9487,CUST_276,2024-05-22,Media Package,Event Walk-in,85.97,36.5,Completed
ORD_9488,CUST_1092,2025-02-05,Membership,TikTok,300.34,185.35,Completed
ORD_9489,CUST_63,2024-09-13,Corporate Package,Referral,325.52,169.7,Completed
ORD_9490,CUST_1038,2025-05-28,Creative Studio,TikTok,71.45,45.85,Completed
ORD_9491,CUST_319,2024-10-11,Event Ticket,TikTok,304.33,154.25,Completed
ORD_9492,CUST_144,2024-06-17,Creative Studio,Event Walk-in,304.85,190.78,Refunded
ORD_9493,CUST_1165,2024-09-01,Event Ticket,Event Walk-in,311.54,149.09,Completed
ORD_9494,CUST_98,2024-02-22,Corporate Package,TikTok,463.56,251.84,Completed
ORD_9495,CUST_634,2024-08-18,Event Ticket,Event Walk-in,214.51,99.34,Refunded
ORD_9496,CUST_1453,2024-06-11,Media Package,Google Search,409.69,216.89,Completed
ORD_9497,CUST_787,2024-07-14,Creative Studio,Instagram,417.19,290.74,Completed
ORD_9498,CUST_736,2024-01-10,Creative Studio,Instagram,447.3,249.53,Completed
ORD_9499,CUST_1233,2025-01-24,Creative Studio,Partnership,142.13,71.6,Completed
ORD_9500,CUST_1117,2025-05-30,Media Package,TikTok,197.34,129.86,Completed
ORD_9501,CUST_594,2024-05-22,Event Ticket,Instagram,156.36,91.71,Completed
ORD_9502,CUST_249,2025-01-10,Event Ticket,LinkedIn,408.98,150.28,Completed
ORD_9503,CUST_1000,2025-02-21,Partner Offer,Partnership,395.07,235.35,Completed
ORD_9504,CUST_627,2024-10-26,Partner Offer,TikTok,25.41,14.54,Completed
ORD_9505,CUST_938,2025-03-24,Creative Studio,TikTok,370.66,180.17,Completed
ORD_9506,CUST_183,2025-06-20,Workshop,Google Search,401.23,275.01,Refunded
ORD_9507,CUST_391,2024-06-28,Membership,TikTok,211.3,87.72,Completed
ORD_9508,CUST_701,2025-01-05,Media Package,Instagram,314.27,211.9,Completed
ORD_9509,CUST_246,2024-10-23,Creative Studio,LinkedIn,49.83,34.03,Refunded
ORD_9510,CUST_1415,2024-08-06,Creative Studio,Google Search,30.91,16.0,Completed
ORD_9511,CUST_343,2024-07-26,Membership,Google Search,273.96,103.4,Refunded
ORD_9512,CUST_1310,2024-10-27,Creative Studio,TikTok,28.43,10.74,Completed
ORD_9513,CUST_1192,2024-06-10,Workshop,Instagram,225.62,126.71,Cancelled
ORD_9514,CUST_781,2024-06-04,Media Package,TikTok,109.74,38.34,Completed
ORD_9515,CUST_824,2024-07-31,Media Package,Event Walk-in,416.26,228.21,Completed
ORD_9516,CUST_12,2024-02-20,Media Package,Google Search,340.19,125.18,Completed
ORD_9517,CUST_267,2025-05-26,Membership,Event Walk-in,438.01,250.53,Completed
ORD_9518,CUST_313,2024-04-02,Creative Studio,Instagram,333.27,215.0,Cancelled
ORD_9519,CUST_45,2024-09-17,Corporate Package,Event Walk-in,409.58,131.79,Completed
ORD_9520,CUST_1313,2024-02-05,Membership,Referral,242.58,159.89,Completed
ORD_9521,CUST_1171,2024-04-10,Creative Studio,Referral,338.49,152.1,Completed
ORD_9522,CUST_1322,2025-01-19,Creative Studio,Partnership,231.64,112.26,Cancelled
ORD_9523,CUST_1394,2024-05-27,Media Package,Partnership,487.29,278.04,Completed
ORD_9524,CUST_1477,2024-11-21,Creative Studio,Partnership,53.16,29.76,Completed
ORD_9525,CUST_303,2024-01-03,Media Package,Instagram,126.25,59.61,Completed
ORD_9526,CUST_15,2025-01-22,Event Ticket,Instagram,389.54,169.34,Refunded
ORD_9527,CUST_685,2024-12-26,Event Ticket,Instagram,222.23,119.04,Completed
ORD_9528,CUST_1354,2024-01-02,Media Package,Instagram,217.28,112.32,Completed
ORD_9529,CUST_574,2024-03-22,Event Ticket,Instagram,346.37,209.19,Completed
ORD_9530,CUST_1455,2025-02-28,Workshop,Event Walk-in,409.51,164.54,Completed
ORD_9531,CUST_57,2024-03-02,Membership,LinkedIn,187.8,95.5,Completed
ORD_9532,CUST_1171,2024-01-07,Membership,Referral,177.45,116.54,Completed
ORD_9533,CUST_246,2024-04-16,Creative Studio,LinkedIn,302.29,192.15,Completed
ORD_9534,CUST_1297,2024-12-09,Membership,Google Search,365.16,209.71,Completed
ORD_9535,CUST_633,2024-04-18,Partner Offer,Instagram,409.8,265.61,Completed
ORD_9536,CUST_1476,2024-05-17,Partner Offer,Event Walk-in,369.34,237.01,Completed
ORD_9537,CUST_1011,2024-01-25,Creative Studio,LinkedIn,340.65,112.95,Completed
ORD_9538,CUST_803,2024-10-21,Creative Studio,LinkedIn,384.52,119.07,Completed
ORD_9539,CUST_1191,2024-08-14,Corporate Package,Instagram,295.19,118.5,Completed
ORD_9540,CUST_188,2024-03-18,Creative Studio,Partnership,236.08,115.47,Completed
ORD_9541,CUST_840,2024-06-30,Partner Offer,Instagram,194.57,130.48,Completed
ORD_9542,CUST_1067,2024-08-04,Workshop,Referral,220.41,78.56,Completed
ORD_9543,CUST_999,2024-12-20,Membership,Instagram,213.19,96.96,Completed
ORD_9544,CUST_1209,2024-01-15,Media Package,Instagram,55.18,23.01,Completed
ORD_9545,CUST_799,2024-01-16,Media Package,Event Walk-in,125.08,78.7,Completed
ORD_9546,CUST_118,2025-06-12,Creative Studio,Event Walk-in,117.73,59.33,Completed
ORD_9547,CUST_1342,2024-01-27,Partner Offer,Instagram,498.66,301.05,Completed
ORD_9548,CUST_442,2024-02-01,Corporate Package,Instagram,399.48,142.29,Completed
ORD_9549,CUST_944,2024-04-06,Membership,Instagram,297.16,103.96,Completed
ORD_9550,CUST_225,2024-08-15,Media Package,Event Walk-in,26.63,14.25,Completed
ORD_9551,CUST_1191,2025-05-26,Workshop,Instagram,154.78,47.43,Completed
ORD_9552,CUST_787,2024-11-20,Creative Studio,Instagram,191.19,130.1,Completed
ORD_9553,CUST_460,2024-03-08,Event Ticket,Event Walk-in,177.08,115.42,Refunded
ORD_9554,CUST_1203,2024-06-18,Membership,TikTok,273.84,108.13,Completed
ORD_9555,CUST_829,2024-07-01,Event Ticket,TikTok,35.95,11.65,Completed
ORD_9556,CUST_449,2024-07-03,Media Package,Referral,389.84,189.01,Completed
ORD_9557,CUST_167,2024-03-14,Creative Studio,Instagram,68.58,32.07,Completed
ORD_9558,CUST_876,2024-02-18,Media Package,Instagram,138.31,86.85,Refunded
ORD_9559,CUST_1084,2024-12-28,Event Ticket,Google Search,279.71,105.85,Completed
ORD_9560,CUST_565,2025-02-05,Media Package,Instagram,66.17,28.15,Completed
ORD_9561,CUST_927,2024-06-10,Creative Studio,Google Search,471.84,311.96,Completed
ORD_9562,CUST_776,2024-12-08,Partner Offer,Event Walk-in,395.97,262.4,Refunded
ORD_9563,CUST_1132,2024-02-28,Media Package,Referral,131.31,66.88,Completed
ORD_9564,CUST_1488,2024-05-19,Membership,Instagram,355.12,244.15,Refunded
ORD_9565,CUST_609,2024-03-05,Membership,Instagram,191.17,106.1,Completed
ORD_9566,CUST_818,2024-09-01,Event Ticket,Event Walk-in,159.52,97.09,Completed
ORD_9567,CUST_942,2024-06-21,Creative Studio,Instagram,351.62,209.1,Completed
ORD_9568,CUST_406,2024-06-21,Media Package,TikTok,21.53,8.35,Completed
ORD_9569,CUST_210,2024-06-04,Workshop,Partnership,402.32,267.18,Completed
ORD_9570,CUST_1197,2024-08-23,Media Package,TikTok,100.55,47.22,Completed
ORD_9571,CUST_1110,2024-02-18,Workshop,Event Walk-in,114.69,70.28,Refunded
ORD_9572,CUST_37,2024-08-25,Media Package,TikTok,57.89,30.52,Completed
ORD_9573,CUST_741,2024-09-20,Membership,Partnership,400.43,132.28,Completed
ORD_9574,CUST_181,2024-09-29,Event Ticket,Partnership,331.85,229.68,Completed
ORD_9575,CUST_1105,2024-12-30,Workshop,TikTok,57.26,17.69,Completed
ORD_9576,CUST_906,2024-08-18,Partner Offer,Instagram,69.71,29.54,Completed
ORD_9577,CUST_786,2024-09-17,Workshop,Event Walk-in,308.65,123.05,Completed
ORD_9578,CUST_1494,2025-02-25,Media Package,TikTok,210.3,130.62,Completed
ORD_9579,CUST_754,2024-02-17,Media Package,Event Walk-in,234.48,122.87,Completed
ORD_9580,CUST_1401,2024-12-06,Partner Offer,Instagram,477.74,284.64,Completed
ORD_9581,CUST_1324,2024-10-05,Partner Offer,Instagram,111.24,49.63,Completed
ORD_9582,CUST_1108,2025-05-22,Media Package,Partnership,131.41,48.58,Completed
ORD_9583,CUST_1390,2024-01-29,Corporate Package,Event Walk-in,141.53,45.26,Completed
ORD_9584,CUST_777,2024-05-08,Partner Offer,Instagram,241.1,93.4,Completed
ORD_9585,CUST_1055,2024-06-23,Event Ticket,TikTok,60.91,20.22,Completed
ORD_9586,CUST_34,2025-05-09,Membership,Event Walk-in,27.61,13.67,Completed
ORD_9587,CUST_1218,2024-08-25,Media Package,Instagram,404.82,199.45,Completed
ORD_9588,CUST_463,2025-04-27,Event Ticket,Partnership,22.65,10.26,Refunded
ORD_9589,CUST_1174,2024-01-11,Event Ticket,Event Walk-in,490.53,301.14,Completed
ORD_9590,CUST_135,2024-12-31,Creative Studio,TikTok,218.08,108.27,Completed
ORD_9591,CUST_338,2025-05-31,Media Package,Google Search,114.25,52.43,Refunded
ORD_9592,CUST_1052,2025-06-26,Creative Studio,TikTok,161.12,102.51,Completed
ORD_9593,CUST_434,2025-05-13,Workshop,Referral,468.77,201.46,Completed
ORD_9594,CUST_1106,2024-10-11,Media Package,TikTok,366.06,117.79,Completed
ORD_9595,CUST_1369,2024-01-06,Creative Studio,LinkedIn,370.53,254.9,Completed
ORD_9596,CUST_289,2025-01-22,Media Package,Partnership,315.71,183.27,Completed
ORD_9597,CUST_493,2025-04-26,Membership,TikTok,461.26,230.11,Completed
ORD_9598,CUST_1112,2024-04-18,Media Package,Partnership,385.16,250.3,Completed
ORD_9599,CUST_445,2025-06-13,Media Package,Instagram,256.96,118.78,Completed
ORD_9600,CUST_209,2024-06-06,Creative Studio,LinkedIn,110.4,37.95,Refunded
ORD_9601,CUST_1430,2025-06-30,Media Package,LinkedIn,413.02,178.68,Completed
ORD_9602,CUST_1472,2024-10-15,Event Ticket,Instagram,286.8,142.35,Completed
ORD_9603,CUST_975,2024-09-09,Workshop,TikTok,322.09,140.12,Completed
ORD_9604,CUST_1243,2024-01-19,Event Ticket,Event Walk-in,380.32,235.73,Completed
ORD_9605,CUST_1137,2024-12-02,Media Package,TikTok,470.8,155.16,Completed
ORD_9606,CUST_784,2024-05-15,Media Package,TikTok,259.81,134.8,Completed
ORD_9607,CUST_366,2024-10-23,Partner Offer,Referral,418.75,236.62,Refunded
ORD_9608,CUST_1341,2024-08-10,Media Package,TikTok,216.07,116.54,Completed
ORD_9609,CUST_34,2024-07-20,Creative Studio,Event Walk-in,212.79,72.46,Completed
ORD_9610,CUST_617,2025-04-15,Creative Studio,Google Search,25.38,15.33,Completed
ORD_9611,CUST_1446,2024-03-09,Membership,Event Walk-in,95.47,56.01,Completed
ORD_9612,CUST_959,2025-01-29,Corporate Package,Instagram,161.86,102.27,Completed
ORD_9613,CUST_617,2025-06-11,Membership,Google Search,69.26,42.34,Completed
ORD_9614,CUST_1294,2024-01-12,Membership,Partnership,55.1,25.39,Completed
ORD_9615,CUST_325,2025-01-01,Membership,LinkedIn,368.54,111.54,Completed
ORD_9616,CUST_457,2025-02-10,Event Ticket,Event Walk-in,21.25,13.2,Completed
ORD_9617,CUST_1454,2024-12-20,Membership,Google Search,474.94,269.2,Completed
ORD_9618,CUST_1244,2025-04-24,Corporate Package,TikTok,220.67,152.79,Completed
ORD_9619,CUST_749,2024-01-31,Event Ticket,Instagram,28.14,8.75,Completed
ORD_9620,CUST_251,2025-05-15,Corporate Package,TikTok,408.13,223.52,Completed
ORD_9621,CUST_883,2024-12-02,Membership,Instagram,378.31,166.19,Completed
ORD_9622,CUST_494,2025-04-05,Corporate Package,Event Walk-in,78.46,31.37,Completed
ORD_9623,CUST_496,2024-02-10,Media Package,Google Search,250.39,91.78,Completed
ORD_9624,CUST_1346,2025-06-30,Event Ticket,TikTok,192.02,92.36,Completed
ORD_9625,CUST_602,2025-02-02,Partner Offer,TikTok,471.17,273.51,Completed
ORD_9626,CUST_1048,2025-05-05,Partner Offer,Instagram,160.32,67.09,Completed
ORD_9627,CUST_1302,2025-01-29,Event Ticket,Instagram,282.72,125.42,Refunded
ORD_9628,CUST_1214,2024-07-24,Workshop,Event Walk-in,254.42,93.23,Completed
ORD_9629,CUST_1422,2024-12-17,Media Package,Google Search,157.13,93.56,Refunded
ORD_9630,CUST_128,2025-02-15,Media Package,Instagram,312.84,147.46,Completed
ORD_9631,CUST_561,2024-04-08,Partner Offer,Instagram,311.72,142.48,Completed
ORD_9632,CUST_829,2024-01-21,Membership,TikTok,463.21,191.16,Completed
ORD_9633,CUST_1095,2025-05-23,Partner Offer,Instagram,215.56,91.04,Completed
ORD_9634,CUST_1125,2024-10-11,Corporate Package,Event Walk-in,487.58,281.23,Completed
ORD_9635,CUST_317,2024-06-14,Workshop,Event Walk-in,311.24,194.89,Refunded
ORD_9636,CUST_232,2025-05-29,Media Package,Event Walk-in,418.52,196.92,Completed
ORD_9637,CUST_872,2025-04-09,Workshop,Google Search,86.68,58.43,Completed
ORD_9638,CUST_893,2025-03-10,Partner Offer,Instagram,471.7,170.39,Completed
ORD_9639,CUST_82,2024-04-13,Creative Studio,Referral,68.52,38.5,Completed
ORD_9640,CUST_1489,2024-07-04,Membership,LinkedIn,478.77,197.77,Completed
ORD_9641,CUST_15,2024-03-12,Event Ticket,Instagram,312.32,102.12,Completed
ORD_9642,CUST_138,2024-12-05,Creative Studio,TikTok,65.24,22.15,Completed
ORD_9643,CUST_973,2025-03-05,Creative Studio,Google Search,157.09,48.49,Refunded
ORD_9644,CUST_80,2024-05-28,Creative Studio,Referral,91.95,36.62,Completed
ORD_9645,CUST_1010,2024-06-12,Media Package,Referral,247.59,90.99,Completed
ORD_9646,CUST_238,2024-05-27,Corporate Package,Partnership,499.16,211.72,Completed
ORD_9647,CUST_308,2024-04-30,Event Ticket,Partnership,441.85,143.64,Completed
ORD_9648,CUST_338,2025-06-30,Media Package,Google Search,261.25,179.0,Refunded
ORD_9649,CUST_398,2024-06-17,Membership,TikTok,35.59,19.63,Cancelled
ORD_9650,CUST_1417,2024-03-06,Media Package,TikTok,336.69,221.72,Completed
ORD_9651,CUST_1304,2025-06-26,Membership,Instagram,335.67,106.82,Completed
ORD_9652,CUST_1039,2024-12-22,Media Package,LinkedIn,181.32,54.8,Completed
ORD_9653,CUST_859,2024-12-08,Corporate Package,Instagram,220.23,148.5,Completed
ORD_9654,CUST_419,2024-08-20,Event Ticket,Instagram,179.18,74.74,Completed
ORD_9655,CUST_1013,2024-08-07,Media Package,Event Walk-in,363.72,199.82,Completed
ORD_9656,CUST_293,2024-05-06,Media Package,TikTok,382.47,249.95,Completed
ORD_9657,CUST_820,2025-02-17,Partner Offer,Event Walk-in,288.31,134.43,Completed
ORD_9658,CUST_914,2024-05-06,Creative Studio,Event Walk-in,302.45,175.92,Completed
ORD_9659,CUST_623,2024-09-18,Membership,Google Search,400.33,267.37,Completed
ORD_9660,CUST_1306,2024-04-07,Membership,Instagram,353.0,157.89,Completed
ORD_9661,CUST_1478,2024-01-05,Event Ticket,Partnership,440.22,263.93,Completed
ORD_9662,CUST_762,2024-02-07,Workshop,TikTok,387.76,254.41,Completed
ORD_9663,CUST_875,2024-02-16,Event Ticket,Event Walk-in,70.43,44.31,Completed
ORD_9664,CUST_514,2024-05-05,Event Ticket,Referral,103.87,49.17,Completed
ORD_9665,CUST_575,2024-02-11,Creative Studio,Event Walk-in,237.17,94.8,Cancelled
ORD_9666,CUST_908,2025-05-12,Event Ticket,Google Search,253.4,139.39,Completed
ORD_9667,CUST_1158,2024-06-14,Event Ticket,Event Walk-in,459.16,219.19,Completed
ORD_9668,CUST_57,2024-12-04,Workshop,LinkedIn,426.29,200.6,Completed
ORD_9669,CUST_1033,2025-04-09,Partner Offer,Instagram,217.51,98.74,Completed
ORD_9670,CUST_1122,2024-09-21,Partner Offer,Event Walk-in,404.33,137.82,Completed
ORD_9671,CUST_881,2024-06-01,Corporate Package,Event Walk-in,282.96,196.17,Completed
ORD_9672,CUST_1347,2025-05-06,Media Package,TikTok,238.93,148.38,Completed
ORD_9673,CUST_922,2025-02-21,Media Package,Instagram,434.67,228.93,Refunded
ORD_9674,CUST_306,2024-10-09,Creative Studio,Instagram,187.29,74.36,Refunded
ORD_9675,CUST_697,2025-06-04,Partner Offer,LinkedIn,60.49,20.99,Completed
ORD_9676,CUST_854,2024-09-06,Partner Offer,TikTok,100.68,65.21,Completed
ORD_9677,CUST_466,2024-03-09,Partner Offer,Partnership,58.76,25.02,Completed
ORD_9678,CUST_774,2024-11-26,Membership,LinkedIn,174.63,97.07,Completed
ORD_9679,CUST_240,2024-05-26,Creative Studio,Event Walk-in,478.79,302.29,Completed
ORD_9680,CUST_423,2024-02-26,Workshop,Instagram,470.22,177.3,Completed
ORD_9681,CUST_846,2025-05-22,Media Package,LinkedIn,458.92,252.79,Completed
ORD_9682,CUST_705,2024-07-18,Media Package,Event Walk-in,176.61,81.26,Completed
ORD_9683,CUST_144,2024-04-19,Media Package,Event Walk-in,339.03,169.25,Refunded
ORD_9684,CUST_678,2024-01-21,Membership,LinkedIn,121.88,42.46,Cancelled
ORD_9685,CUST_472,2024-06-10,Creative Studio,Instagram,230.13,155.94,Cancelled
ORD_9686,CUST_333,2024-03-01,Event Ticket,Instagram,146.97,55.4,Completed
ORD_9687,CUST_976,2024-04-11,Creative Studio,Partnership,155.12,69.43,Completed
ORD_9688,CUST_1458,2025-05-21,Media Package,Partnership,385.0,141.13,Completed
ORD_9689,CUST_449,2024-01-01,Creative Studio,Referral,148.15,63.7,Cancelled
ORD_9690,CUST_942,2025-04-03,Media Package,Instagram,113.22,56.56,Completed
ORD_9691,CUST_2,2025-04-24,Event Ticket,Google Search,183.79,70.79,Completed
ORD_9692,CUST_438,2024-11-29,Event Ticket,Event Walk-in,223.92,69.23,Refunded
ORD_9693,CUST_767,2024-10-29,Event Ticket,Instagram,32.1,13.58,Completed
ORD_9694,CUST_1109,2024-06-10,Media Package,Google Search,445.39,137.43,Completed
ORD_9695,CUST_547,2024-01-25,Media Package,Partnership,209.36,109.23,Completed
ORD_9696,CUST_1435,2024-04-13,Media Package,TikTok,498.2,292.23,Completed
ORD_9697,CUST_206,2025-04-17,Creative Studio,Partnership,440.35,258.49,Refunded
ORD_9698,CUST_1320,2024-06-20,Corporate Package,Partnership,53.29,35.11,Completed
ORD_9699,CUST_1468,2024-05-27,Workshop,LinkedIn,117.42,47.99,Completed
ORD_9700,CUST_755,2024-03-14,Creative Studio,LinkedIn,330.37,148.66,Cancelled
ORD_9701,CUST_951,2024-08-25,Media Package,Instagram,277.42,154.58,Completed
ORD_9702,CUST_589,2024-11-12,Partner Offer,Event Walk-in,379.96,139.15,Completed
ORD_9703,CUST_616,2025-05-09,Event Ticket,Instagram,97.02,63.97,Completed
ORD_9704,CUST_1389,2024-10-16,Creative Studio,Event Walk-in,152.48,49.62,Completed
ORD_9705,CUST_1249,2025-06-08,Event Ticket,Google Search,222.12,129.81,Completed
ORD_9706,CUST_728,2024-07-28,Creative Studio,Partnership,195.61,64.86,Completed
ORD_9707,CUST_514,2024-04-20,Creative Studio,Referral,482.9,286.71,Completed
ORD_9708,CUST_173,2024-12-25,Event Ticket,Partnership,308.14,136.64,Completed
ORD_9709,CUST_665,2025-02-06,Partner Offer,Google Search,285.21,106.53,Completed
ORD_9710,CUST_1378,2024-01-31,Media Package,Instagram,112.28,68.87,Refunded
ORD_9711,CUST_1375,2025-04-27,Membership,TikTok,108.59,46.2,Refunded
ORD_9712,CUST_218,2024-06-07,Workshop,Referral,20.18,11.1,Completed
ORD_9713,CUST_1357,2025-03-18,Creative Studio,Instagram,133.29,66.4,Completed
ORD_9714,CUST_173,2024-11-26,Membership,Partnership,152.29,106.26,Completed
ORD_9715,CUST_1360,2024-08-27,Workshop,Instagram,60.91,27.25,Completed
ORD_9716,CUST_792,2024-06-09,Media Package,Instagram,296.48,181.37,Completed
ORD_9717,CUST_724,2025-02-25,Partner Offer,Referral,210.09,72.78,Completed
ORD_9718,CUST_835,2024-12-08,Membership,LinkedIn,30.1,15.29,Completed
ORD_9719,CUST_980,2025-05-27,Workshop,Instagram,129.51,44.72,Refunded
ORD_9720,CUST_568,2025-04-22,Media Package,Event Walk-in,34.05,14.08,Completed
ORD_9721,CUST_377,2024-03-10,Membership,Instagram,498.92,228.11,Cancelled
ORD_9722,CUST_551,2024-02-02,Partner Offer,Event Walk-in,104.71,65.42,Completed
ORD_9723,CUST_14,2024-07-10,Event Ticket,Instagram,183.07,63.35,Completed
ORD_9724,CUST_692,2025-03-30,Corporate Package,Instagram,413.82,259.48,Completed
ORD_9725,CUST_215,2025-01-29,Membership,Instagram,166.98,77.43,Completed
ORD_9726,CUST_57,2025-01-16,Event Ticket,LinkedIn,399.29,121.51,Completed
ORD_9727,CUST_1008,2024-05-02,Event Ticket,TikTok,490.45,175.06,Completed
ORD_9728,CUST_261,2024-12-22,Media Package,Instagram,491.1,240.05,Cancelled
ORD_9729,CUST_578,2024-01-09,Creative Studio,Partnership,344.61,116.9,Cancelled
ORD_9730,CUST_1458,2025-01-17,Event Ticket,Partnership,239.53,103.06,Completed
ORD_9731,CUST_1431,2025-05-19,Corporate Package,Instagram,226.46,146.79,Completed
ORD_9732,CUST_1124,2024-04-04,Event Ticket,Event Walk-in,459.25,312.86,Completed
ORD_9733,CUST_1016,2025-03-20,Media Package,Event Walk-in,187.43,106.47,Refunded
ORD_9734,CUST_560,2024-11-21,Media Package,Instagram,189.57,103.9,Completed
ORD_9735,CUST_987,2025-02-12,Membership,Event Walk-in,109.91,39.88,Completed
ORD_9736,CUST_960,2024-02-05,Creative Studio,Referral,258.17,106.01,Completed
ORD_9737,CUST_672,2024-12-20,Event Ticket,Event Walk-in,198.01,124.08,Completed
ORD_9738,CUST_254,2025-04-02,Media Package,LinkedIn,345.26,163.26,Completed
ORD_9739,CUST_877,2024-07-24,Media Package,Instagram,402.98,167.76,Completed
ORD_9740,CUST_1148,2024-12-08,Membership,TikTok,301.68,190.62,Completed
ORD_9741,CUST_821,2024-06-25,Media Package,Instagram,157.58,100.77,Completed
ORD_9742,CUST_1099,2024-09-14,Workshop,Partnership,306.71,123.37,Completed
ORD_9743,CUST_1403,2024-01-21,Media Package,Instagram,32.53,13.65,Completed
ORD_9744,CUST_1416,2025-05-19,Creative Studio,Instagram,353.93,112.36,Completed
ORD_9745,CUST_938,2024-07-21,Partner Offer,TikTok,275.38,154.92,Completed
ORD_9746,CUST_1216,2024-04-01,Creative Studio,Instagram,214.66,139.55,Completed
ORD_9747,CUST_729,2024-03-19,Creative Studio,Instagram,36.6,18.32,Refunded
ORD_9748,CUST_499,2025-03-17,Workshop,Instagram,303.74,134.22,Completed
ORD_9749,CUST_1263,2024-05-24,Event Ticket,Partnership,116.38,45.24,Completed
ORD_9750,CUST_144,2024-09-24,Partner Offer,Event Walk-in,115.02,79.76,Completed
ORD_9751,CUST_491,2024-02-10,Workshop,Event Walk-in,402.72,193.22,Completed
ORD_9752,CUST_687,2024-01-03,Event Ticket,Event Walk-in,496.71,170.95,Completed
ORD_9753,CUST_110,2024-04-20,Event Ticket,Instagram,488.23,313.78,Completed
ORD_9754,CUST_737,2024-03-15,Media Package,Instagram,456.62,284.88,Completed
ORD_9755,CUST_348,2024-02-14,Workshop,Instagram,476.14,300.0,Completed
ORD_9756,CUST_1338,2024-09-14,Membership,TikTok,131.35,45.17,Completed
ORD_9757,CUST_606,2024-11-05,Media Package,Event Walk-in,154.18,70.01,Completed
ORD_9758,CUST_58,2024-05-02,Workshop,Event Walk-in,187.52,128.45,Refunded
ORD_9759,CUST_450,2025-06-11,Event Ticket,Instagram,478.39,205.53,Completed
ORD_9760,CUST_138,2024-09-12,Event Ticket,TikTok,210.04,115.72,Completed
ORD_9761,CUST_787,2024-01-19,Creative Studio,Instagram,109.35,73.8,Completed
ORD_9762,CUST_1247,2024-01-13,Creative Studio,Instagram,197.84,128.41,Completed
ORD_9763,CUST_641,2025-06-04,Event Ticket,Instagram,296.79,103.57,Completed
ORD_9764,CUST_161,2024-01-17,Membership,Event Walk-in,237.22,161.39,Completed
ORD_9765,CUST_1361,2024-01-26,Creative Studio,Event Walk-in,33.83,22.05,Completed
ORD_9766,CUST_1421,2024-04-25,Media Package,LinkedIn,326.38,223.82,Refunded
ORD_9767,CUST_319,2024-12-13,Creative Studio,TikTok,394.22,131.74,Refunded
ORD_9768,CUST_1166,2024-08-14,Creative Studio,Instagram,121.41,84.25,Completed
ORD_9769,CUST_300,2025-03-18,Workshop,Google Search,420.05,276.74,Completed
ORD_9770,CUST_1073,2024-02-08,Media Package,LinkedIn,124.44,63.71,Cancelled
ORD_9771,CUST_979,2024-08-29,Partner Offer,LinkedIn,20.09,13.56,Completed
ORD_9772,CUST_271,2025-02-28,Media Package,Referral,337.25,150.41,Completed
ORD_9773,CUST_282,2024-05-20,Partner Offer,Google Search,217.1,105.59,Completed
ORD_9774,CUST_186,2024-10-24,Partner Offer,TikTok,453.97,306.38,Cancelled
ORD_9775,CUST_186,2025-03-08,Workshop,TikTok,77.49,49.1,Completed
ORD_9776,CUST_295,2024-04-27,Event Ticket,Partnership,324.06,112.58,Completed
ORD_9777,CUST_335,2024-12-21,Media Package,Instagram,307.25,103.72,Refunded
ORD_9778,CUST_879,2025-02-10,Workshop,Event Walk-in,215.76,68.93,Completed
ORD_9779,CUST_659,2024-09-30,Media Package,LinkedIn,364.5,202.37,Completed
ORD_9780,CUST_1248,2024-09-26,Media Package,LinkedIn,278.49,174.93,Completed
ORD_9781,CUST_751,2024-11-24,Media Package,TikTok,415.66,209.74,Completed
ORD_9782,CUST_10,2025-02-02,Event Ticket,Event Walk-in,30.27,16.94,Completed
ORD_9783,CUST_932,2024-01-01,Membership,Partnership,425.12,271.07,Completed
ORD_9784,CUST_510,2024-09-22,Workshop,Instagram,277.99,111.31,Completed
ORD_9785,CUST_1145,2024-12-28,Media Package,Google Search,426.57,279.77,Refunded
ORD_9786,CUST_1037,2024-05-02,Workshop,Instagram,393.88,264.66,Completed
ORD_9787,CUST_596,2025-05-17,Corporate Package,Instagram,449.92,222.4,Refunded
ORD_9788,CUST_282,2024-04-08,Membership,Google Search,221.16,144.33,Completed
ORD_9789,CUST_497,2024-12-19,Corporate Package,TikTok,274.21,141.37,Completed
ORD_9790,CUST_1314,2025-05-28,Media Package,Instagram,324.32,143.91,Completed
ORD_9791,CUST_589,2024-10-24,Media Package,Event Walk-in,226.22,120.45,Completed
ORD_9792,CUST_234,2024-12-26,Event Ticket,Instagram,390.49,222.7,Completed
ORD_9793,CUST_136,2024-11-26,Membership,Google Search,185.1,119.78,Refunded
ORD_9794,CUST_535,2024-05-10,Corporate Package,Instagram,190.47,112.58,Completed
ORD_9795,CUST_234,2024-05-31,Partner Offer,Instagram,87.89,46.64,Refunded
ORD_9796,CUST_1333,2025-05-15,Creative Studio,Google Search,394.79,122.05,Completed
ORD_9797,CUST_162,2024-07-09,Creative Studio,LinkedIn,465.84,159.78,Refunded
ORD_9798,CUST_1312,2025-01-07,Workshop,Instagram,482.2,182.17,Refunded
ORD_9799,CUST_86,2025-01-06,Media Package,Instagram,121.18,46.32,Completed
ORD_9800,CUST_603,2025-02-10,Event Ticket,Instagram,485.01,179.96,Completed
ORD_9801,CUST_856,2024-11-26,Corporate Package,Event Walk-in,96.15,47.56,Completed
ORD_9802,CUST_1340,2024-09-08,Creative Studio,TikTok,91.3,35.34,Cancelled
ORD_9803,CUST_342,2025-06-14,Membership,Instagram,426.74,162.45,Completed
ORD_9804,CUST_357,2024-10-12,Corporate Package,TikTok,495.09,186.23,Completed
ORD_9805,CUST_941,2025-04-30,Media Package,Instagram,67.29,33.78,Completed
ORD_9806,CUST_86,2025-06-06,Event Ticket,Instagram,132.13,76.72,Completed
ORD_9807,CUST_236,2025-03-19,Media Package,Instagram,404.52,223.74,Completed
ORD_9808,CUST_135,2024-07-19,Event Ticket,TikTok,290.66,112.3,Completed
ORD_9809,CUST_870,2025-02-28,Workshop,LinkedIn,212.12,134.54,Cancelled
ORD_9810,CUST_603,2025-03-22,Media Package,Instagram,292.45,144.18,Completed
ORD_9811,CUST_1156,2025-02-28,Media Package,TikTok,227.21,154.6,Completed
ORD_9812,CUST_373,2024-06-27,Media Package,Event Walk-in,482.45,165.36,Completed
ORD_9813,CUST_488,2024-09-17,Event Ticket,Event Walk-in,455.15,204.54,Completed
ORD_9814,CUST_991,2024-12-18,Partner Offer,TikTok,316.74,100.87,Completed
ORD_9815,CUST_905,2025-04-26,Corporate Package,Instagram,70.61,37.67,Completed
ORD_9816,CUST_63,2024-02-03,Event Ticket,Referral,256.45,143.17,Cancelled
ORD_9817,CUST_136,2024-05-17,Corporate Package,Google Search,372.65,203.38,Completed
ORD_9818,CUST_218,2025-04-10,Media Package,Referral,323.09,160.53,Completed
ORD_9819,CUST_954,2024-01-28,Creative Studio,Instagram,223.5,67.28,Completed
ORD_9820,CUST_93,2025-01-06,Corporate Package,TikTok,159.82,106.11,Completed
ORD_9821,CUST_177,2025-01-30,Media Package,TikTok,412.21,128.14,Completed
ORD_9822,CUST_1451,2024-09-30,Media Package,Instagram,259.47,116.38,Completed
ORD_9823,CUST_541,2024-08-06,Membership,TikTok,25.39,14.7,Cancelled
ORD_9824,CUST_513,2024-10-15,Media Package,Instagram,455.18,257.01,Completed
ORD_9825,CUST_499,2024-02-01,Workshop,Instagram,169.49,100.05,Completed
ORD_9826,CUST_129,2024-09-01,Workshop,Google Search,447.69,169.17,Completed
ORD_9827,CUST_422,2025-06-25,Creative Studio,Event Walk-in,359.53,187.26,Completed
ORD_9828,CUST_50,2025-03-13,Partner Offer,Instagram,139.26,83.72,Refunded
ORD_9829,CUST_547,2024-02-21,Corporate Package,Partnership,461.71,227.52,Completed
ORD_9830,CUST_159,2025-05-13,Partner Offer,Event Walk-in,278.72,130.41,Completed
ORD_9831,CUST_23,2025-05-08,Media Package,Instagram,371.45,223.55,Completed
ORD_9832,CUST_1323,2024-02-22,Media Package,Google Search,150.71,57.15,Completed
ORD_9833,CUST_1095,2024-03-03,Membership,Instagram,367.21,188.27,Completed
ORD_9834,CUST_685,2025-06-05,Membership,Instagram,293.43,137.86,Completed
ORD_9835,CUST_1368,2024-06-26,Creative Studio,TikTok,451.42,232.0,Completed
ORD_9836,CUST_161,2025-04-02,Media Package,Event Walk-in,39.54,26.9,Completed
ORD_9837,CUST_632,2024-12-20,Media Package,Event Walk-in,314.56,182.2,Completed
ORD_9838,CUST_874,2024-10-16,Event Ticket,TikTok,31.45,14.07,Completed
ORD_9839,CUST_596,2024-08-19,Partner Offer,Instagram,160.23,109.96,Completed
ORD_9840,CUST_155,2024-09-27,Event Ticket,Google Search,188.94,112.25,Refunded
ORD_9841,CUST_1361,2025-05-19,Media Package,Event Walk-in,487.04,274.55,Completed
ORD_9842,CUST_216,2025-04-11,Media Package,TikTok,131.12,46.69,Completed
ORD_9843,CUST_447,2024-12-13,Event Ticket,Event Walk-in,312.24,183.78,Cancelled
ORD_9844,CUST_164,2025-06-17,Media Package,Event Walk-in,315.71,182.0,Completed
ORD_9845,CUST_363,2024-04-05,Event Ticket,Instagram,434.8,206.78,Refunded
ORD_9846,CUST_1338,2025-06-22,Creative Studio,TikTok,414.88,221.58,Cancelled
ORD_9847,CUST_1484,2024-08-20,Media Package,Google Search,219.02,89.0,Completed
ORD_9848,CUST_1027,2024-08-23,Media Package,Instagram,79.22,52.92,Completed
ORD_9849,CUST_557,2025-05-15,Media Package,Google Search,214.15,71.8,Completed
ORD_9850,CUST_799,2024-10-31,Event Ticket,Event Walk-in,437.52,209.07,Completed
ORD_9851,CUST_303,2024-10-19,Media Package,Instagram,65.14,40.8,Refunded
ORD_9852,CUST_290,2024-09-09,Creative Studio,Event Walk-in,209.63,83.78,Completed
ORD_9853,CUST_584,2024-11-14,Creative Studio,Instagram,96.31,63.44,Completed
ORD_9854,CUST_128,2025-01-27,Media Package,Instagram,440.18,249.85,Cancelled
ORD_9855,CUST_218,2024-09-07,Media Package,Referral,328.87,222.86,Completed
ORD_9856,CUST_191,2024-12-14,Membership,Instagram,78.21,40.33,Completed
ORD_9857,CUST_177,2024-02-25,Event Ticket,TikTok,244.5,116.53,Cancelled
ORD_9858,CUST_1150,2024-11-20,Creative Studio,TikTok,240.31,148.24,Completed
ORD_9859,CUST_347,2025-03-05,Media Package,Google Search,102.89,61.3,Completed
ORD_9860,CUST_1066,2025-04-30,Media Package,LinkedIn,356.68,183.07,Completed
ORD_9861,CUST_9,2025-03-31,Media Package,Instagram,367.66,142.65,Completed
ORD_9862,CUST_312,2024-03-10,Media Package,Instagram,130.94,66.52,Completed
ORD_9863,CUST_1435,2025-06-13,Workshop,TikTok,70.72,32.15,Completed
ORD_9864,CUST_297,2025-02-28,Workshop,Instagram,467.44,152.88,Completed
ORD_9865,CUST_1104,2024-08-18,Corporate Package,Google Search,35.66,13.48,Completed
ORD_9866,CUST_169,2024-10-24,Workshop,TikTok,342.23,190.43,Completed
ORD_9867,CUST_950,2024-05-18,Media Package,LinkedIn,356.26,248.9,Completed
ORD_9868,CUST_200,2024-12-09,Workshop,Event Walk-in,410.94,181.99,Completed
ORD_9869,CUST_36,2024-12-06,Partner Offer,Event Walk-in,430.11,277.08,Completed
ORD_9870,CUST_956,2024-10-14,Media Package,Instagram,223.34,110.61,Completed
ORD_9871,CUST_886,2025-03-08,Event Ticket,LinkedIn,423.1,161.87,Completed
ORD_9872,CUST_244,2025-06-01,Partner Offer,Instagram,88.74,54.39,Completed
ORD_9873,CUST_1461,2024-12-27,Membership,TikTok,259.39,80.56,Cancelled
ORD_9874,CUST_193,2025-05-20,Media Package,LinkedIn,98.29,58.97,Completed
ORD_9875,CUST_1031,2025-05-05,Media Package,Instagram,191.76,72.97,Completed
ORD_9876,CUST_417,2024-05-18,Event Ticket,Event Walk-in,89.62,30.22,Completed
ORD_9877,CUST_401,2024-05-06,Event Ticket,Partnership,167.12,65.19,Completed
ORD_9878,CUST_363,2024-09-18,Event Ticket,Instagram,157.23,78.41,Completed
ORD_9879,CUST_180,2025-03-02,Media Package,Event Walk-in,150.35,63.41,Completed
ORD_9880,CUST_787,2024-11-23,Event Ticket,Instagram,341.11,135.71,Completed
ORD_9881,CUST_893,2024-12-14,Event Ticket,Instagram,393.76,199.49,Refunded
ORD_9882,CUST_308,2024-02-13,Media Package,Partnership,255.14,159.92,Completed
ORD_9883,CUST_1306,2024-04-10,Media Package,Instagram,427.09,220.09,Completed
ORD_9884,CUST_291,2024-01-15,Media Package,Event Walk-in,92.95,39.64,Completed
ORD_9885,CUST_169,2024-09-28,Media Package,TikTok,262.22,87.15,Completed
ORD_9886,CUST_707,2025-05-10,Partner Offer,Instagram,77.89,49.3,Completed
ORD_9887,CUST_1029,2024-06-27,Media Package,Google Search,182.39,55.68,Completed
ORD_9888,CUST_669,2024-10-27,Corporate Package,TikTok,38.41,23.16,Completed
ORD_9889,CUST_641,2025-02-07,Creative Studio,Instagram,188.95,105.57,Completed
ORD_9890,CUST_110,2024-05-11,Media Package,Instagram,434.54,198.36,Completed
ORD_9891,CUST_39,2024-07-22,Corporate Package,LinkedIn,195.37,72.26,Refunded
ORD_9892,CUST_315,2024-12-19,Event Ticket,LinkedIn,483.74,256.96,Completed
ORD_9893,CUST_347,2025-04-20,Event Ticket,Google Search,289.21,193.36,Completed
ORD_9894,CUST_735,2024-07-03,Media Package,Event Walk-in,342.97,137.22,Refunded
ORD_9895,CUST_749,2024-09-19,Membership,Instagram,143.98,77.0,Refunded
ORD_9896,CUST_458,2024-12-01,Membership,Google Search,333.09,151.3,Completed
ORD_9897,CUST_950,2025-01-17,Media Package,LinkedIn,304.59,104.49,Completed
ORD_9898,CUST_34,2025-05-24,Creative Studio,Event Walk-in,218.32,83.03,Completed
ORD_9899,CUST_529,2024-05-13,Creative Studio,Instagram,147.14,90.37,Completed
ORD_9900,CUST_1178,2024-12-08,Media Package,Instagram,188.03,127.45,Completed
ORD_9901,CUST_1092,2024-02-19,Membership,TikTok,377.48,193.33,Completed
ORD_9902,CUST_784,2024-11-02,Media Package,TikTok,464.43,264.02,Completed
ORD_9903,CUST_1223,2024-04-04,Membership,TikTok,56.6,37.31,Completed
ORD_9904,CUST_188,2025-05-03,Event Ticket,Partnership,196.69,87.14,Refunded
ORD_9905,CUST_319,2024-07-05,Corporate Package,TikTok,393.44,274.03,Completed
ORD_9906,CUST_1467,2025-02-26,Event Ticket,TikTok,441.46,304.04,Completed
ORD_9907,CUST_985,2024-02-06,Media Package,Instagram,230.87,70.03,Completed
ORD_9908,CUST_1333,2025-02-07,Creative Studio,Google Search,156.47,73.36,Completed
ORD_9909,CUST_1495,2025-02-26,Media Package,Google Search,219.57,143.69,Completed
ORD_9910,CUST_134,2024-10-06,Media Package,Event Walk-in,395.83,181.82,Completed
ORD_9911,CUST_336,2024-04-02,Media Package,TikTok,454.0,161.89,Completed
ORD_9912,CUST_107,2024-06-23,Membership,LinkedIn,319.18,137.62,Completed
ORD_9913,CUST_810,2025-02-03,Creative Studio,Event Walk-in,30.51,16.73,Completed
ORD_9914,CUST_1409,2024-09-07,Workshop,Instagram,206.33,108.8,Completed
ORD_9915,CUST_1416,2024-08-11,Event Ticket,Instagram,225.96,134.0,Completed
ORD_9916,CUST_528,2025-01-31,Partner Offer,Event Walk-in,68.6,42.51,Completed
ORD_9917,CUST_1106,2025-01-15,Media Package,TikTok,65.14,40.18,Refunded
ORD_9918,CUST_361,2024-11-29,Media Package,Instagram,460.01,198.2,Completed
ORD_9919,CUST_1440,2025-01-23,Media Package,Instagram,468.99,226.37,Completed
ORD_9920,CUST_836,2024-01-11,Media Package,Instagram,120.19,69.1,Completed
ORD_9921,CUST_307,2024-04-05,Workshop,Partnership,322.69,224.11,Completed
ORD_9922,CUST_1351,2024-06-29,Media Package,Event Walk-in,137.58,75.39,Completed
ORD_9923,CUST_812,2024-10-31,Workshop,Instagram,448.57,271.38,Completed
ORD_9924,CUST_1300,2024-10-01,Partner Offer,Event Walk-in,81.88,33.14,Completed
ORD_9925,CUST_592,2024-03-14,Membership,TikTok,249.47,157.4,Completed
ORD_9926,CUST_1376,2024-09-23,Media Package,Event Walk-in,53.38,30.18,Completed
ORD_9927,CUST_743,2024-07-28,Media Package,Event Walk-in,207.69,62.43,Completed
ORD_9928,CUST_996,2024-08-30,Event Ticket,Partnership,456.34,233.83,Completed
ORD_9929,CUST_836,2024-06-29,Corporate Package,Instagram,23.63,11.74,Refunded
ORD_9930,CUST_1467,2024-12-07,Creative Studio,TikTok,29.89,12.23,Completed
ORD_9931,CUST_1280,2024-08-16,Media Package,Partnership,382.0,226.2,Completed
ORD_9932,CUST_375,2024-11-22,Event Ticket,Instagram,312.96,177.83,Completed
ORD_9933,CUST_1451,2024-12-10,Creative Studio,Instagram,384.15,154.12,Cancelled
ORD_9934,CUST_294,2024-08-10,Partner Offer,Instagram,332.64,182.7,Completed
ORD_9935,CUST_516,2025-02-07,Membership,Instagram,143.43,74.58,Completed
ORD_9936,CUST_1256,2024-04-30,Workshop,Event Walk-in,236.37,133.22,Completed
ORD_9937,CUST_1011,2024-03-20,Creative Studio,LinkedIn,358.67,152.94,Completed
ORD_9938,CUST_1090,2025-06-06,Media Package,Instagram,163.34,66.25,Completed
ORD_9939,CUST_482,2024-02-26,Corporate Package,TikTok,364.15,192.02,Completed
ORD_9940,CUST_1219,2025-05-28,Event Ticket,Instagram,469.28,171.42,Completed
ORD_9941,CUST_1271,2025-01-07,Workshop,Event Walk-in,30.46,12.78,Refunded
ORD_9942,CUST_985,2024-07-19,Corporate Package,Instagram,430.13,137.6,Completed
ORD_9943,CUST_877,2025-05-02,Workshop,Instagram,420.66,232.94,Cancelled
ORD_9944,CUST_745,2024-09-09,Media Package,Partnership,21.83,8.13,Completed
ORD_9945,CUST_584,2024-06-12,Media Package,Instagram,143.45,60.32,Completed
ORD_9946,CUST_934,2024-06-16,Workshop,Google Search,186.92,98.38,Completed
ORD_9947,CUST_367,2025-02-05,Creative Studio,TikTok,175.46,106.05,Completed
ORD_9948,CUST_70,2024-03-03,Creative Studio,TikTok,382.61,181.02,Completed
ORD_9949,CUST_299,2024-02-07,Media Package,Instagram,94.03,53.93,Cancelled
ORD_9950,CUST_1050,2025-01-28,Media Package,TikTok,295.32,121.09,Completed
ORD_9951,CUST_1269,2024-04-08,Creative Studio,Instagram,435.86,259.46,Completed
ORD_9952,CUST_512,2024-07-06,Partner Offer,Event Walk-in,141.28,50.99,Refunded
ORD_9953,CUST_330,2024-01-10,Event Ticket,TikTok,88.39,41.62,Completed
ORD_9954,CUST_975,2024-09-10,Membership,TikTok,407.2,213.12,Completed
ORD_9955,CUST_948,2024-04-17,Membership,Instagram,267.96,182.66,Completed
ORD_9956,CUST_482,2025-06-05,Media Package,TikTok,154.28,79.07,Completed
ORD_9957,CUST_896,2024-09-25,Creative Studio,Event Walk-in,405.79,198.15,Completed
ORD_9958,CUST_1391,2024-09-12,Creative Studio,Event Walk-in,446.94,229.89,Completed
ORD_9959,CUST_433,2024-10-21,Event Ticket,Instagram,256.84,80.68,Completed
ORD_9960,CUST_932,2024-03-26,Media Package,Partnership,22.66,10.36,Completed
ORD_9961,CUST_309,2024-03-10,Media Package,Event Walk-in,465.45,319.05,Completed
ORD_9962,CUST_248,2025-01-18,Event Ticket,TikTok,173.78,61.89,Completed
ORD_9963,CUST_1127,2025-02-27,Workshop,Instagram,228.49,146.02,Completed
ORD_9964,CUST_534,2025-01-08,Creative Studio,Event Walk-in,367.84,154.27,Completed
ORD_9965,CUST_1055,2024-06-07,Membership,TikTok,249.98,97.34,Completed
ORD_9966,CUST_778,2024-05-12,Media Package,LinkedIn,64.36,36.22,Completed
ORD_9967,CUST_244,2025-05-17,Media Package,Instagram,246.28,166.46,Refunded
ORD_9968,CUST_917,2025-03-23,Membership,Google Search,161.28,86.59,Completed
ORD_9969,CUST_221,2024-06-03,Workshop,TikTok,352.61,112.22,Completed
ORD_9970,CUST_1245,2024-06-30,Media Package,Partnership,310.35,212.06,Completed
ORD_9971,CUST_344,2024-08-29,Creative Studio,Instagram,331.2,114.07,Completed
ORD_9972,CUST_1,2025-03-25,Media Package,Instagram,233.5,86.32,Completed
ORD_9973,CUST_445,2025-01-18,Media Package,Instagram,408.06,126.53,Completed
ORD_9974,CUST_867,2025-02-23,Creative Studio,TikTok,304.32,182.75,Refunded
ORD_9975,CUST_1035,2025-02-24,Media Package,Referral,236.22,127.75,Completed
ORD_9976,CUST_1227,2025-05-25,Membership,TikTok,270.56,150.81,Completed
ORD_9977,CUST_372,2025-01-03,Creative Studio,Event Walk-in,249.41,157.41,Completed
ORD_9978,CUST_704,2024-06-03,Corporate Package,Partnership,474.96,158.45,Completed
ORD_9979,CUST_1478,2024-01-11,Partner Offer,Partnership,489.64,185.22,Completed
ORD_9980,CUST_1227,2024-12-27,Media Package,TikTok,320.86,194.83,Completed
ORD_9981,CUST_1308,2024-02-20,Partner Offer,TikTok,287.0,89.03,Completed
ORD_9982,CUST_6,2025-02-16,Workshop,Instagram,468.82,290.76,Completed
ORD_9983,CUST_584,2024-12-25,Workshop,Instagram,181.36,92.86,Completed
ORD_9984,CUST_1462,2024-12-12,Media Package,Instagram,306.59,209.38,Completed
ORD_9985,CUST_911,2024-11-23,Media Package,LinkedIn,20.18,8.09,Completed
ORD_9986,CUST_562,2025-03-06,Media Package,LinkedIn,270.72,138.25,Completed
ORD_9987,CUST_191,2024-09-23,Membership,Instagram,206.0,82.54,Completed
ORD_9988,CUST_1094,2024-08-05,Creative Studio,Event Walk-in,474.87,295.95,Completed
ORD_9989,CUST_5,2025-03-13,Creative Studio,Instagram,439.78,232.15,Completed
ORD_9990,CUST_1193,2024-10-29,Creative Studio,Instagram,422.12,242.33,Completed
ORD_9991,CUST_1417,2024-08-12,Membership,TikTok,95.87,61.84,Completed
ORD_9992,CUST_1227,2025-03-29,Membership,TikTok,327.77,192.86,Completed
ORD_9993,CUST_1001,2024-08-22,Membership,Instagram,471.94,308.84,Completed
ORD_9994,CUST_410,2024-05-31,Event Ticket,Event Walk-in,238.69,141.91,Refunded
ORD_9995,CUST_1074,2025-03-16,Partner Offer,Instagram,127.56,44.45,Completed
ORD_9996,CUST_605,2024-04-27,Media Package,Instagram,276.21,126.61,Completed
ORD_9997,CUST_1333,2024-01-01,Membership,Google Search,400.44,279.82,Completed
ORD_9998,CUST_959,2024-07-30,Media Package,Instagram,179.18,117.67,Completed
ORD_9999,CUST_932,2024-09-07,Membership,Partnership,28.12,14.41,Completed
ORD_10000,CUST_858,2024-11-26,Partner Offer,Event Walk-in,98.66,41.2,Completed
