feedback_id,customer_id,date,score,complaint_category,comment
FB_1,CUST_928,2024-10-23,1,Qualité service,Très bonne expérience globale.
FB_2,CUST_85,2024-09-15,4,Support client,Très satisfait de l’ambiance.
FB_3,CUST_1473,2024-01-28,4,Support client,Expérience premium.
FB_4,CUST_147,2025-03-13,2,Aucune plainte,Je reviendrai pour un prochain événement.
FB_5,CUST_1357,2024-12-29,5,Communication,Le studio créatif est top.
FB_6,CUST_599,2024-08-29,5,Communication,Très satisfait de l’ambiance.
FB_7,CUST_25,2024-01-17,4,Support client,Le support a mis du temps à répondre.
FB_8,CUST_231,2024-04-27,4,Aucune plainte,Le studio créatif est top.
FB_9,CUST_284,2024-11-01,4,Qualité service,Excellent service client.
FB_10,CUST_205,2025-02-02,4,Prix,Expérience premium.
FB_11,CUST_712,2025-03-27,4,Organisation,Le support a mis du temps à répondre.
FB_12,CUST_608,2025-06-20,4,Réservation,Organisation moyenne.
FB_13,CUST_942,2024-12-20,5,Support client,Le support a mis du temps à répondre.
FB_14,CUST_1390,2025-04-08,2,Aucune plainte,Expérience premium.
FB_15,CUST_190,2024-09-16,5,Réservation,Expérience premium.
FB_16,CUST_1071,2025-02-03,1,Communication,Excellent service client.
FB_17,CUST_915,2024-11-23,2,Communication,Je reviendrai pour un prochain événement.
FB_18,CUST_1376,2025-05-03,4,Réservation,Excellent service client.
FB_19,CUST_66,2025-03-25,4,Aucune plainte,Le processus de réservation est compliqué.
FB_20,CUST_1371,2024-08-15,4,Organisation,Le studio créatif est top.
FB_21,CUST_13,2025-03-31,3,Support client,Le prix est un peu élevé.
FB_22,CUST_81,2024-03-24,5,Support client,Expérience premium.
FB_23,CUST_1109,2025-06-15,4,Réservation,Le studio créatif est top.
FB_24,CUST_404,2024-08-14,2,Prix,Expérience premium.
FB_25,CUST_236,2024-02-11,4,Aucune plainte,Très bonne expérience globale.
FB_26,CUST_211,2024-11-27,4,Réservation,Je reviendrai pour un prochain événement.
FB_27,CUST_1429,2024-12-25,5,Communication,Excellent service client.
FB_28,CUST_612,2025-01-23,3,Réservation,Je reviendrai pour un prochain événement.
FB_29,CUST_783,2024-02-03,3,Organisation,Le prix est un peu élevé.
FB_30,CUST_919,2024-08-17,3,Prix,Je reviendrai pour un prochain événement.
FB_31,CUST_669,2025-02-22,2,Qualité service,Le studio créatif est top.
FB_32,CUST_1090,2024-04-15,5,Prix,Expérience premium.
FB_33,CUST_1249,2024-08-27,3,Aucune plainte,Très satisfait de l’ambiance.
FB_34,CUST_1043,2024-12-10,3,Réservation,Excellent service client.
FB_35,CUST_1165,2025-01-12,4,Communication,Le support a mis du temps à répondre.
FB_36,CUST_732,2024-01-21,4,Support client,Le processus de réservation est compliqué.
FB_37,CUST_346,2025-05-30,2,Qualité service,Le prix est un peu élevé.
FB_38,CUST_891,2025-02-17,5,Organisation,Le studio créatif est top.
FB_39,CUST_1026,2025-05-15,5,Réservation,Le studio créatif est top.
FB_40,CUST_1094,2025-05-31,4,Organisation,Le processus de réservation est compliqué.
FB_41,CUST_1410,2025-05-02,5,Communication,Très satisfait de l’ambiance.
FB_42,CUST_305,2024-09-10,1,Communication,Le studio créatif est top.
FB_43,CUST_324,2024-08-12,4,Support client,Organisation moyenne.
FB_44,CUST_113,2024-09-10,5,Support client,Très satisfait de l’ambiance.
FB_45,CUST_1079,2025-02-25,1,Communication,Expérience premium.
FB_46,CUST_825,2025-05-25,4,Réservation,Le support a mis du temps à répondre.
FB_47,CUST_1204,2024-01-12,5,Support client,Très bonne expérience globale.
FB_48,CUST_300,2024-10-26,3,Réservation,Très bonne expérience globale.
FB_49,CUST_1350,2025-03-30,4,Organisation,Très satisfait de l’ambiance.
FB_50,CUST_802,2024-06-09,5,Qualité service,Très bonne expérience globale.
FB_51,CUST_1009,2024-03-24,1,Communication,Expérience premium.
FB_52,CUST_362,2024-08-24,4,Qualité service,Le processus de réservation est compliqué.
FB_53,CUST_522,2025-02-18,3,Communication,Organisation moyenne.
FB_54,CUST_167,2024-06-11,3,Communication,Excellent service client.
FB_55,CUST_739,2024-01-17,3,Réservation,Le prix est un peu élevé.
FB_56,CUST_71,2024-12-25,4,Aucune plainte,Le prix est un peu élevé.
FB_57,CUST_343,2025-04-14,4,Prix,Expérience premium.
FB_58,CUST_102,2025-03-28,2,Support client,Le support a mis du temps à répondre.
FB_59,CUST_709,2024-04-02,4,Organisation,Organisation moyenne.
FB_60,CUST_1267,2025-04-16,4,Organisation,Organisation moyenne.
FB_61,CUST_359,2024-11-07,1,Réservation,Le support a mis du temps à répondre.
FB_62,CUST_1360,2024-07-24,4,Support client,Très bonne expérience globale.
FB_63,CUST_1202,2025-01-08,2,Communication,Le support a mis du temps à répondre.
FB_64,CUST_1354,2025-05-03,2,Organisation,Excellent service client.
FB_65,CUST_607,2025-01-14,1,Communication,Très bonne expérience globale.
FB_66,CUST_969,2024-12-23,2,Prix,Très bonne expérience globale.
FB_67,CUST_1493,2025-02-22,4,Communication,Le processus de réservation est compliqué.
FB_68,CUST_249,2024-03-07,5,Organisation,Le prix est un peu élevé.
FB_69,CUST_1194,2024-11-21,4,Prix,Organisation moyenne.
FB_70,CUST_1302,2025-04-05,5,Support client,Le processus de réservation est compliqué.
FB_71,CUST_636,2025-05-10,5,Organisation,Le support a mis du temps à répondre.
FB_72,CUST_1337,2024-08-17,4,Support client,Organisation moyenne.
FB_73,CUST_791,2024-06-08,2,Qualité service,Expérience premium.
FB_74,CUST_679,2024-06-23,3,Prix,Le studio créatif est top.
FB_75,CUST_1363,2024-04-15,4,Aucune plainte,Très satisfait de l’ambiance.
FB_76,CUST_103,2024-07-15,4,Support client,Organisation moyenne.
FB_77,CUST_222,2025-01-15,4,Aucune plainte,Très satisfait de l’ambiance.
FB_78,CUST_533,2024-09-24,4,Organisation,Excellent service client.
FB_79,CUST_1029,2025-03-11,5,Support client,Organisation moyenne.
FB_80,CUST_931,2024-05-06,4,Prix,Excellent service client.
FB_81,CUST_384,2025-02-08,4,Qualité service,Très satisfait de l’ambiance.
FB_82,CUST_484,2024-02-17,5,Communication,Le studio créatif est top.
FB_83,CUST_111,2025-01-15,5,Réservation,Expérience premium.
FB_84,CUST_534,2024-12-30,4,Prix,Le support a mis du temps à répondre.
FB_85,CUST_44,2024-10-24,2,Aucune plainte,Le support a mis du temps à répondre.
FB_86,CUST_1388,2025-03-28,4,Qualité service,Le processus de réservation est compliqué.
FB_87,CUST_1479,2024-12-28,5,Réservation,Très bonne expérience globale.
FB_88,CUST_1433,2024-07-02,3,Support client,Organisation moyenne.
FB_89,CUST_550,2025-05-29,4,Aucune plainte,Organisation moyenne.
FB_90,CUST_1163,2024-11-23,5,Organisation,Le studio créatif est top.
FB_91,CUST_606,2024-06-03,3,Communication,Organisation moyenne.
FB_92,CUST_1122,2024-10-25,5,Support client,Le studio créatif est top.
FB_93,CUST_525,2024-06-01,1,Aucune plainte,Le processus de réservation est compliqué.
FB_94,CUST_341,2024-10-22,5,Aucune plainte,Je reviendrai pour un prochain événement.
FB_95,CUST_1041,2024-03-28,3,Support client,Le studio créatif est top.
FB_96,CUST_550,2024-11-06,4,Aucune plainte,Très satisfait de l’ambiance.
FB_97,CUST_592,2025-01-23,1,Qualité service,Le prix est un peu élevé.
FB_98,CUST_564,2025-03-14,5,Support client,Le prix est un peu élevé.
FB_99,CUST_1040,2024-03-29,3,Réservation,Très satisfait de l’ambiance.
FB_100,CUST_741,2025-03-23,2,Qualité service,Je reviendrai pour un prochain événement.
FB_101,CUST_1416,2024-01-18,4,Communication,Le support a mis du temps à répondre.
FB_102,CUST_271,2024-02-16,1,Support client,Je reviendrai pour un prochain événement.
FB_103,CUST_556,2024-12-09,4,Aucune plainte,Organisation moyenne.
FB_104,CUST_277,2024-05-21,2,Communication,Très bonne expérience globale.
FB_105,CUST_263,2025-02-19,5,Organisation,Expérience premium.
FB_106,CUST_439,2024-02-08,5,Communication,Je reviendrai pour un prochain événement.
FB_107,CUST_1065,2024-11-11,4,Réservation,Très satisfait de l’ambiance.
FB_108,CUST_1435,2024-12-22,5,Support client,Organisation moyenne.
FB_109,CUST_801,2024-02-11,5,Prix,Très satisfait de l’ambiance.
FB_110,CUST_284,2024-08-04,4,Communication,Je reviendrai pour un prochain événement.
FB_111,CUST_874,2025-05-13,2,Prix,Je reviendrai pour un prochain événement.
FB_112,CUST_401,2025-01-06,3,Organisation,Le prix est un peu élevé.
FB_113,CUST_1421,2025-05-11,1,Qualité service,Excellent service client.
FB_114,CUST_190,2024-08-29,3,Support client,Je reviendrai pour un prochain événement.
FB_115,CUST_1487,2024-07-07,3,Qualité service,Expérience premium.
FB_116,CUST_658,2025-02-20,4,Prix,Expérience premium.
FB_117,CUST_210,2024-02-06,5,Qualité service,Très bonne expérience globale.
FB_118,CUST_529,2024-09-23,3,Organisation,Organisation moyenne.
FB_119,CUST_1079,2024-01-19,3,Support client,Organisation moyenne.
FB_120,CUST_846,2025-03-03,4,Prix,Le support a mis du temps à répondre.
FB_121,CUST_1311,2024-04-16,3,Qualité service,Expérience premium.
FB_122,CUST_1470,2025-01-20,2,Communication,Très bonne expérience globale.
FB_123,CUST_1273,2025-05-29,5,Prix,Le prix est un peu élevé.
FB_124,CUST_352,2025-05-24,5,Organisation,Organisation moyenne.
FB_125,CUST_1188,2024-04-28,5,Communication,Organisation moyenne.
FB_126,CUST_1077,2024-04-15,3,Aucune plainte,Excellent service client.
FB_127,CUST_1395,2024-10-28,3,Aucune plainte,Le processus de réservation est compliqué.
FB_128,CUST_207,2024-04-08,3,Aucune plainte,Très satisfait de l’ambiance.
FB_129,CUST_1272,2024-09-15,3,Communication,Très satisfait de l’ambiance.
FB_130,CUST_328,2024-06-06,3,Prix,Le prix est un peu élevé.
FB_131,CUST_213,2024-06-07,5,Prix,Très satisfait de l’ambiance.
FB_132,CUST_158,2024-04-20,2,Communication,Expérience premium.
FB_133,CUST_971,2025-05-27,4,Prix,Le processus de réservation est compliqué.
FB_134,CUST_432,2024-12-29,5,Support client,Expérience premium.
FB_135,CUST_602,2024-11-12,4,Réservation,Très bonne expérience globale.
FB_136,CUST_875,2024-03-02,4,Qualité service,Organisation moyenne.
FB_137,CUST_1426,2025-04-07,2,Prix,Excellent service client.
FB_138,CUST_880,2024-04-01,5,Support client,Le studio créatif est top.
FB_139,CUST_530,2024-04-06,5,Aucune plainte,Je reviendrai pour un prochain événement.
FB_140,CUST_1208,2024-06-25,4,Support client,Le prix est un peu élevé.
FB_141,CUST_1147,2024-09-28,5,Support client,Je reviendrai pour un prochain événement.
FB_142,CUST_1182,2025-04-03,2,Communication,Le support a mis du temps à répondre.
FB_143,CUST_1002,2024-02-07,5,Réservation,Le prix est un peu élevé.
FB_144,CUST_405,2025-01-13,2,Réservation,Je reviendrai pour un prochain événement.
FB_145,CUST_1334,2024-12-19,4,Organisation,Le processus de réservation est compliqué.
FB_146,CUST_1058,2025-02-28,5,Réservation,Le support a mis du temps à répondre.
FB_147,CUST_1439,2024-09-20,2,Qualité service,Expérience premium.
FB_148,CUST_1256,2024-04-27,5,Qualité service,Le studio créatif est top.
FB_149,CUST_125,2024-02-15,3,Organisation,Le studio créatif est top.
FB_150,CUST_563,2025-03-14,2,Organisation,Excellent service client.
FB_151,CUST_1334,2024-07-15,4,Organisation,Très satisfait de l’ambiance.
FB_152,CUST_103,2024-11-29,5,Réservation,Le processus de réservation est compliqué.
FB_153,CUST_1359,2025-05-01,4,Aucune plainte,Le studio créatif est top.
FB_154,CUST_539,2024-10-15,4,Aucune plainte,Je reviendrai pour un prochain événement.
FB_155,CUST_730,2025-03-23,3,Support client,Je reviendrai pour un prochain événement.
FB_156,CUST_647,2024-01-04,5,Communication,Le prix est un peu élevé.
FB_157,CUST_419,2024-07-13,3,Réservation,Le processus de réservation est compliqué.
FB_158,CUST_949,2024-11-29,3,Communication,Le prix est un peu élevé.
FB_159,CUST_1278,2024-07-21,2,Communication,Le processus de réservation est compliqué.
FB_160,CUST_520,2024-03-31,3,Réservation,Le prix est un peu élevé.
FB_161,CUST_1345,2025-01-03,3,Support client,Très bonne expérience globale.
FB_162,CUST_688,2024-12-26,3,Prix,Le support a mis du temps à répondre.
FB_163,CUST_1458,2024-05-24,5,Réservation,Très bonne expérience globale.
FB_164,CUST_1311,2025-01-11,4,Organisation,Organisation moyenne.
FB_165,CUST_999,2024-03-04,4,Réservation,Organisation moyenne.
FB_166,CUST_974,2024-06-25,4,Communication,Le processus de réservation est compliqué.
FB_167,CUST_781,2025-04-27,1,Communication,Excellent service client.
FB_168,CUST_49,2024-07-29,3,Qualité service,Le processus de réservation est compliqué.
FB_169,CUST_1087,2024-08-04,4,Aucune plainte,Excellent service client.
FB_170,CUST_1165,2024-06-04,4,Prix,Le studio créatif est top.
FB_171,CUST_765,2024-09-10,3,Communication,Le processus de réservation est compliqué.
FB_172,CUST_1261,2025-04-04,4,Qualité service,Très satisfait de l’ambiance.
FB_173,CUST_438,2025-03-25,3,Organisation,Le support a mis du temps à répondre.
FB_174,CUST_181,2025-06-02,5,Support client,Le prix est un peu élevé.
FB_175,CUST_372,2024-10-26,5,Organisation,Le studio créatif est top.
FB_176,CUST_803,2025-04-13,5,Organisation,Le processus de réservation est compliqué.
FB_177,CUST_1325,2024-10-23,3,Organisation,Excellent service client.
FB_178,CUST_1444,2024-03-15,3,Communication,Le support a mis du temps à répondre.
FB_179,CUST_823,2025-05-21,2,Support client,Très satisfait de l’ambiance.
FB_180,CUST_874,2025-02-22,4,Qualité service,Expérience premium.
FB_181,CUST_469,2024-01-05,5,Réservation,Excellent service client.
FB_182,CUST_355,2025-02-18,4,Communication,Organisation moyenne.
FB_183,CUST_1088,2024-08-02,5,Aucune plainte,Excellent service client.
FB_184,CUST_3,2024-03-18,4,Qualité service,Excellent service client.
FB_185,CUST_523,2024-04-19,4,Organisation,Très bonne expérience globale.
FB_186,CUST_1088,2024-12-15,3,Aucune plainte,Excellent service client.
FB_187,CUST_737,2025-06-30,3,Prix,Le prix est un peu élevé.
FB_188,CUST_117,2024-11-22,5,Qualité service,Le prix est un peu élevé.
FB_189,CUST_916,2025-06-08,1,Communication,Très satisfait de l’ambiance.
FB_190,CUST_345,2024-10-13,4,Aucune plainte,Le processus de réservation est compliqué.
FB_191,CUST_793,2024-09-12,4,Organisation,Très bonne expérience globale.
FB_192,CUST_788,2024-05-02,5,Prix,Organisation moyenne.
FB_193,CUST_1386,2025-06-25,5,Qualité service,Expérience premium.
FB_194,CUST_708,2025-01-09,5,Aucune plainte,Le prix est un peu élevé.
FB_195,CUST_340,2024-12-28,3,Qualité service,Excellent service client.
FB_196,CUST_364,2025-05-10,4,Aucune plainte,Le support a mis du temps à répondre.
FB_197,CUST_15,2025-05-11,3,Support client,Le prix est un peu élevé.
FB_198,CUST_126,2024-11-21,4,Aucune plainte,Très bonne expérience globale.
FB_199,CUST_1183,2025-01-21,5,Aucune plainte,Organisation moyenne.
FB_200,CUST_1337,2025-03-06,5,Prix,Très satisfait de l’ambiance.
FB_201,CUST_564,2024-12-27,1,Communication,Très bonne expérience globale.
FB_202,CUST_1498,2024-05-24,4,Qualité service,Le processus de réservation est compliqué.
FB_203,CUST_1298,2024-05-26,3,Communication,Organisation moyenne.
FB_204,CUST_412,2024-05-14,2,Réservation,Le prix est un peu élevé.
FB_205,CUST_560,2024-05-29,5,Communication,Le prix est un peu élevé.
FB_206,CUST_762,2024-09-07,3,Communication,Le processus de réservation est compliqué.
FB_207,CUST_267,2024-03-07,1,Réservation,Très bonne expérience globale.
FB_208,CUST_1291,2024-03-20,3,Communication,Expérience premium.
FB_209,CUST_282,2025-05-23,5,Aucune plainte,Très satisfait de l’ambiance.
FB_210,CUST_1129,2024-05-19,4,Organisation,Le prix est un peu élevé.
FB_211,CUST_846,2024-02-08,4,Organisation,Le studio créatif est top.
FB_212,CUST_897,2024-12-28,2,Communication,Organisation moyenne.
FB_213,CUST_1464,2025-02-09,4,Réservation,Très bonne expérience globale.
FB_214,CUST_335,2025-06-30,3,Organisation,Le prix est un peu élevé.
FB_215,CUST_89,2025-02-04,4,Support client,Le processus de réservation est compliqué.
FB_216,CUST_157,2024-04-26,3,Communication,Excellent service client.
FB_217,CUST_1339,2025-04-27,5,Aucune plainte,Organisation moyenne.
FB_218,CUST_199,2025-04-09,2,Réservation,Excellent service client.
FB_219,CUST_218,2024-01-19,2,Aucune plainte,Expérience premium.
FB_220,CUST_1189,2024-06-07,1,Aucune plainte,Le support a mis du temps à répondre.
FB_221,CUST_755,2025-02-04,2,Support client,Très bonne expérience globale.
FB_222,CUST_155,2025-05-08,1,Prix,Je reviendrai pour un prochain événement.
FB_223,CUST_1076,2025-05-19,3,Support client,Le support a mis du temps à répondre.
FB_224,CUST_1178,2025-04-04,4,Qualité service,Organisation moyenne.
FB_225,CUST_139,2025-06-26,4,Aucune plainte,Excellent service client.
FB_226,CUST_1145,2024-06-21,4,Organisation,Le prix est un peu élevé.
FB_227,CUST_887,2024-12-04,5,Prix,Expérience premium.
FB_228,CUST_726,2024-07-31,2,Organisation,Le studio créatif est top.
FB_229,CUST_502,2024-06-27,5,Réservation,Je reviendrai pour un prochain événement.
FB_230,CUST_620,2024-02-08,2,Organisation,Excellent service client.
FB_231,CUST_661,2024-10-29,4,Réservation,Je reviendrai pour un prochain événement.
FB_232,CUST_685,2024-08-28,4,Organisation,Organisation moyenne.
FB_233,CUST_1084,2025-02-15,5,Réservation,Expérience premium.
FB_234,CUST_1091,2024-10-01,4,Aucune plainte,Très bonne expérience globale.
FB_235,CUST_381,2025-05-01,5,Support client,Expérience premium.
FB_236,CUST_72,2024-06-26,5,Réservation,Très satisfait de l’ambiance.
FB_237,CUST_895,2024-08-09,4,Organisation,Organisation moyenne.
FB_238,CUST_1319,2024-09-04,4,Réservation,Le support a mis du temps à répondre.
FB_239,CUST_142,2025-01-09,4,Réservation,Le support a mis du temps à répondre.
FB_240,CUST_828,2024-09-06,4,Réservation,Très bonne expérience globale.
FB_241,CUST_631,2024-01-14,5,Communication,Le studio créatif est top.
FB_242,CUST_1185,2024-02-02,4,Aucune plainte,Excellent service client.
FB_243,CUST_720,2024-04-28,4,Prix,Le prix est un peu élevé.
FB_244,CUST_441,2024-03-20,5,Support client,Le support a mis du temps à répondre.
FB_245,CUST_533,2025-05-27,1,Prix,Excellent service client.
FB_246,CUST_27,2024-08-30,2,Support client,Le support a mis du temps à répondre.
FB_247,CUST_556,2025-03-06,4,Réservation,Très bonne expérience globale.
FB_248,CUST_299,2024-04-28,1,Réservation,Très satisfait de l’ambiance.
FB_249,CUST_68,2024-02-01,2,Organisation,Excellent service client.
FB_250,CUST_222,2024-08-01,3,Aucune plainte,Très satisfait de l’ambiance.
FB_251,CUST_560,2024-06-19,5,Support client,Très satisfait de l’ambiance.
FB_252,CUST_1463,2024-02-25,4,Prix,Le prix est un peu élevé.
FB_253,CUST_325,2025-02-01,5,Prix,Très satisfait de l’ambiance.
FB_254,CUST_1230,2025-02-12,5,Prix,Excellent service client.
FB_255,CUST_307,2024-04-29,3,Réservation,Très bonne expérience globale.
FB_256,CUST_363,2024-06-08,2,Aucune plainte,Le prix est un peu élevé.
FB_257,CUST_338,2025-05-01,2,Communication,Le prix est un peu élevé.
FB_258,CUST_1139,2024-10-29,3,Qualité service,Je reviendrai pour un prochain événement.
FB_259,CUST_1212,2024-02-17,3,Aucune plainte,Expérience premium.
FB_260,CUST_655,2025-01-05,1,Aucune plainte,Expérience premium.
FB_261,CUST_143,2024-01-12,1,Support client,Le support a mis du temps à répondre.
FB_262,CUST_1269,2025-02-26,5,Support client,Excellent service client.
FB_263,CUST_1125,2025-01-01,2,Communication,Excellent service client.
FB_264,CUST_1295,2025-01-08,4,Aucune plainte,Le studio créatif est top.
FB_265,CUST_1254,2025-03-18,3,Prix,Je reviendrai pour un prochain événement.
FB_266,CUST_239,2024-04-22,3,Aucune plainte,Le processus de réservation est compliqué.
FB_267,CUST_1425,2024-07-09,5,Organisation,Très satisfait de l’ambiance.
FB_268,CUST_1163,2025-05-05,5,Aucune plainte,Très satisfait de l’ambiance.
FB_269,CUST_1063,2025-02-28,3,Communication,Très bonne expérience globale.
FB_270,CUST_690,2024-06-21,3,Prix,Excellent service client.
FB_271,CUST_110,2025-01-10,5,Communication,Le studio créatif est top.
FB_272,CUST_1441,2024-10-21,2,Réservation,Expérience premium.
FB_273,CUST_1320,2024-02-14,3,Aucune plainte,Le studio créatif est top.
FB_274,CUST_30,2024-12-11,2,Prix,Le studio créatif est top.
FB_275,CUST_606,2025-05-20,4,Qualité service,Le support a mis du temps à répondre.
FB_276,CUST_557,2024-06-16,4,Aucune plainte,Le support a mis du temps à répondre.
FB_277,CUST_1319,2025-06-23,4,Organisation,Expérience premium.
FB_278,CUST_141,2025-06-20,4,Qualité service,Le prix est un peu élevé.
FB_279,CUST_1235,2025-02-14,5,Organisation,Excellent service client.
FB_280,CUST_816,2024-04-11,4,Aucune plainte,Le support a mis du temps à répondre.
FB_281,CUST_1191,2024-04-26,2,Réservation,Le processus de réservation est compliqué.
FB_282,CUST_128,2024-09-26,2,Réservation,Organisation moyenne.
FB_283,CUST_951,2024-11-15,5,Réservation,Très satisfait de l’ambiance.
FB_284,CUST_697,2025-03-26,3,Qualité service,Excellent service client.
FB_285,CUST_131,2025-03-30,1,Qualité service,Le studio créatif est top.
FB_286,CUST_1159,2024-09-27,2,Aucune plainte,Très satisfait de l’ambiance.
FB_287,CUST_1255,2025-02-15,4,Réservation,Le support a mis du temps à répondre.
FB_288,CUST_231,2024-02-24,4,Communication,Très bonne expérience globale.
FB_289,CUST_529,2024-07-15,3,Aucune plainte,Le prix est un peu élevé.
FB_290,CUST_174,2025-05-19,4,Aucune plainte,Le studio créatif est top.
FB_291,CUST_682,2024-01-30,4,Prix,Très bonne expérience globale.
FB_292,CUST_886,2024-04-26,2,Prix,Le studio créatif est top.
FB_293,CUST_251,2024-08-06,4,Support client,Le prix est un peu élevé.
FB_294,CUST_1095,2025-06-18,4,Qualité service,Le prix est un peu élevé.
FB_295,CUST_286,2025-04-10,2,Prix,Le support a mis du temps à répondre.
FB_296,CUST_1238,2025-04-26,4,Réservation,Très satisfait de l’ambiance.
FB_297,CUST_1385,2024-09-22,1,Aucune plainte,Expérience premium.
FB_298,CUST_1474,2024-03-06,4,Support client,Le support a mis du temps à répondre.
FB_299,CUST_892,2024-10-24,5,Support client,Très satisfait de l’ambiance.
FB_300,CUST_1023,2024-02-28,4,Support client,Le studio créatif est top.
FB_301,CUST_1030,2024-06-01,5,Aucune plainte,Le prix est un peu élevé.
FB_302,CUST_407,2025-03-07,5,Prix,Je reviendrai pour un prochain événement.
FB_303,CUST_237,2024-06-25,3,Qualité service,Le prix est un peu élevé.
FB_304,CUST_612,2024-05-05,3,Communication,Le support a mis du temps à répondre.
FB_305,CUST_641,2024-10-25,4,Communication,Le processus de réservation est compliqué.
FB_306,CUST_857,2024-10-08,5,Organisation,Le processus de réservation est compliqué.
FB_307,CUST_487,2024-05-09,3,Support client,Très bonne expérience globale.
FB_308,CUST_341,2025-03-11,5,Réservation,Le processus de réservation est compliqué.
FB_309,CUST_147,2024-03-16,5,Communication,Organisation moyenne.
FB_310,CUST_1246,2024-09-24,4,Prix,Organisation moyenne.
FB_311,CUST_514,2024-12-22,2,Qualité service,Le support a mis du temps à répondre.
FB_312,CUST_195,2024-06-01,3,Qualité service,Très satisfait de l’ambiance.
FB_313,CUST_1167,2025-02-04,3,Aucune plainte,Le studio créatif est top.
FB_314,CUST_278,2024-10-20,4,Réservation,Excellent service client.
FB_315,CUST_1165,2024-08-27,2,Communication,Je reviendrai pour un prochain événement.
FB_316,CUST_1140,2024-11-18,1,Aucune plainte,Le support a mis du temps à répondre.
FB_317,CUST_529,2024-10-21,2,Qualité service,Excellent service client.
FB_318,CUST_1314,2025-05-02,5,Qualité service,Le prix est un peu élevé.
FB_319,CUST_899,2024-08-17,4,Réservation,Très satisfait de l’ambiance.
FB_320,CUST_1093,2024-09-04,4,Support client,Très bonne expérience globale.
FB_321,CUST_1269,2025-05-23,4,Support client,Très bonne expérience globale.
FB_322,CUST_246,2025-05-10,4,Organisation,Le support a mis du temps à répondre.
FB_323,CUST_515,2025-04-08,5,Aucune plainte,Le prix est un peu élevé.
FB_324,CUST_1052,2025-06-23,3,Aucune plainte,Je reviendrai pour un prochain événement.
FB_325,CUST_1047,2024-04-19,4,Réservation,Je reviendrai pour un prochain événement.
FB_326,CUST_334,2024-10-17,4,Support client,Le studio créatif est top.
FB_327,CUST_441,2024-09-03,3,Qualité service,Excellent service client.
FB_328,CUST_583,2025-01-15,5,Support client,Expérience premium.
FB_329,CUST_14,2025-04-25,3,Support client,Expérience premium.
FB_330,CUST_56,2025-05-04,1,Qualité service,Très satisfait de l’ambiance.
FB_331,CUST_923,2025-05-29,5,Prix,Le support a mis du temps à répondre.
FB_332,CUST_1076,2024-09-04,1,Support client,Le studio créatif est top.
FB_333,CUST_462,2024-11-23,1,Aucune plainte,Expérience premium.
FB_334,CUST_357,2024-08-07,4,Aucune plainte,Le prix est un peu élevé.
FB_335,CUST_516,2025-06-14,3,Communication,Organisation moyenne.
FB_336,CUST_1003,2025-04-03,3,Aucune plainte,Expérience premium.
FB_337,CUST_1243,2025-01-02,2,Aucune plainte,Le support a mis du temps à répondre.
FB_338,CUST_1183,2024-12-28,1,Réservation,Le studio créatif est top.
FB_339,CUST_419,2024-06-05,4,Organisation,Je reviendrai pour un prochain événement.
FB_340,CUST_22,2025-04-02,5,Communication,Très satisfait de l’ambiance.
FB_341,CUST_143,2025-06-01,1,Prix,Expérience premium.
FB_342,CUST_306,2024-06-25,3,Communication,Le prix est un peu élevé.
FB_343,CUST_1231,2024-04-02,4,Support client,Je reviendrai pour un prochain événement.
FB_344,CUST_681,2024-02-06,5,Qualité service,Très satisfait de l’ambiance.
FB_345,CUST_775,2024-06-30,5,Organisation,Expérience premium.
FB_346,CUST_516,2024-01-27,4,Organisation,Très bonne expérience globale.
FB_347,CUST_254,2025-02-07,4,Prix,Le prix est un peu élevé.
FB_348,CUST_212,2024-05-05,2,Qualité service,Le prix est un peu élevé.
FB_349,CUST_1404,2025-04-16,5,Réservation,Expérience premium.
FB_350,CUST_401,2024-05-22,5,Prix,Le processus de réservation est compliqué.
FB_351,CUST_566,2024-08-02,3,Aucune plainte,Le processus de réservation est compliqué.
FB_352,CUST_810,2024-12-03,4,Communication,Le processus de réservation est compliqué.
FB_353,CUST_1464,2024-12-20,1,Qualité service,Excellent service client.
FB_354,CUST_785,2025-06-15,5,Support client,Très satisfait de l’ambiance.
FB_355,CUST_1297,2024-05-06,4,Qualité service,Le studio créatif est top.
FB_356,CUST_208,2024-04-28,5,Réservation,Le prix est un peu élevé.
FB_357,CUST_12,2024-07-13,3,Prix,Le studio créatif est top.
FB_358,CUST_55,2025-05-21,2,Prix,Le support a mis du temps à répondre.
FB_359,CUST_1185,2025-05-18,3,Communication,Je reviendrai pour un prochain événement.
FB_360,CUST_606,2024-07-03,5,Aucune plainte,Je reviendrai pour un prochain événement.
FB_361,CUST_426,2024-06-03,1,Réservation,Le processus de réservation est compliqué.
FB_362,CUST_900,2024-02-05,4,Prix,Le studio créatif est top.
FB_363,CUST_1319,2024-09-24,2,Qualité service,Organisation moyenne.
FB_364,CUST_375,2025-04-11,1,Qualité service,Expérience premium.
FB_365,CUST_107,2024-10-21,2,Aucune plainte,Le support a mis du temps à répondre.
FB_366,CUST_511,2024-05-19,4,Support client,Le support a mis du temps à répondre.
FB_367,CUST_35,2024-08-19,5,Qualité service,Très bonne expérience globale.
FB_368,CUST_685,2025-01-07,3,Support client,Organisation moyenne.
FB_369,CUST_746,2025-05-18,4,Support client,Expérience premium.
FB_370,CUST_552,2024-08-17,4,Qualité service,Le processus de réservation est compliqué.
FB_371,CUST_177,2025-05-15,3,Organisation,Le support a mis du temps à répondre.
FB_372,CUST_90,2025-04-09,2,Organisation,Le prix est un peu élevé.
FB_373,CUST_1180,2025-03-08,5,Support client,Le prix est un peu élevé.
FB_374,CUST_139,2024-05-10,4,Aucune plainte,Excellent service client.
FB_375,CUST_201,2024-11-24,2,Qualité service,Le prix est un peu élevé.
FB_376,CUST_793,2024-09-02,4,Aucune plainte,Le prix est un peu élevé.
FB_377,CUST_1191,2024-01-31,4,Prix,Le support a mis du temps à répondre.
FB_378,CUST_292,2024-02-15,2,Réservation,Très satisfait de l’ambiance.
FB_379,CUST_241,2024-10-12,5,Support client,Je reviendrai pour un prochain événement.
FB_380,CUST_1197,2024-04-16,2,Prix,Le processus de réservation est compliqué.
FB_381,CUST_299,2024-07-04,3,Prix,Très bonne expérience globale.
FB_382,CUST_495,2025-05-10,5,Organisation,Le support a mis du temps à répondre.
FB_383,CUST_1103,2025-04-30,1,Support client,Expérience premium.
FB_384,CUST_1034,2024-11-07,3,Support client,Le prix est un peu élevé.
FB_385,CUST_1419,2024-09-11,4,Organisation,Le support a mis du temps à répondre.
FB_386,CUST_1269,2025-03-26,5,Prix,Le studio créatif est top.
FB_387,CUST_542,2024-06-22,2,Aucune plainte,Très satisfait de l’ambiance.
FB_388,CUST_210,2024-07-09,2,Qualité service,Très bonne expérience globale.
FB_389,CUST_155,2025-06-12,1,Support client,Expérience premium.
FB_390,CUST_419,2024-08-02,4,Réservation,Le prix est un peu élevé.
FB_391,CUST_477,2024-08-25,1,Communication,Organisation moyenne.
FB_392,CUST_218,2024-11-04,3,Organisation,Organisation moyenne.
FB_393,CUST_970,2024-09-09,4,Prix,Le studio créatif est top.
FB_394,CUST_230,2024-10-11,5,Communication,Excellent service client.
FB_395,CUST_796,2024-05-06,2,Support client,Excellent service client.
FB_396,CUST_1146,2025-04-01,1,Réservation,Expérience premium.
FB_397,CUST_826,2024-09-29,4,Réservation,Le support a mis du temps à répondre.
FB_398,CUST_30,2024-11-16,3,Communication,Le studio créatif est top.
FB_399,CUST_775,2024-01-16,1,Prix,Le support a mis du temps à répondre.
FB_400,CUST_850,2024-11-25,4,Organisation,Organisation moyenne.
FB_401,CUST_693,2024-05-13,5,Réservation,Organisation moyenne.
FB_402,CUST_212,2024-04-13,4,Support client,Organisation moyenne.
FB_403,CUST_73,2024-01-29,4,Support client,Le processus de réservation est compliqué.
FB_404,CUST_337,2024-08-25,4,Réservation,Très bonne expérience globale.
FB_405,CUST_1141,2024-05-19,5,Organisation,Je reviendrai pour un prochain événement.
FB_406,CUST_1186,2025-05-18,4,Organisation,Le processus de réservation est compliqué.
FB_407,CUST_384,2024-12-14,4,Qualité service,Le support a mis du temps à répondre.
FB_408,CUST_809,2024-08-12,4,Réservation,Très satisfait de l’ambiance.
FB_409,CUST_1470,2024-10-28,2,Support client,Excellent service client.
FB_410,CUST_962,2024-08-09,5,Communication,Très bonne expérience globale.
FB_411,CUST_509,2025-01-25,4,Qualité service,Le studio créatif est top.
FB_412,CUST_494,2024-03-03,4,Qualité service,Très satisfait de l’ambiance.
FB_413,CUST_1157,2024-08-06,5,Prix,Le prix est un peu élevé.
FB_414,CUST_36,2024-04-12,4,Aucune plainte,Très satisfait de l’ambiance.
FB_415,CUST_171,2024-04-05,5,Organisation,Le support a mis du temps à répondre.
FB_416,CUST_1272,2024-12-11,5,Aucune plainte,Expérience premium.
FB_417,CUST_181,2024-09-07,4,Qualité service,Le prix est un peu élevé.
FB_418,CUST_566,2024-07-13,3,Aucune plainte,Excellent service client.
FB_419,CUST_646,2025-05-14,4,Aucune plainte,Le studio créatif est top.
FB_420,CUST_375,2024-01-09,5,Prix,Le studio créatif est top.
FB_421,CUST_173,2024-08-04,1,Aucune plainte,Organisation moyenne.
FB_422,CUST_1407,2024-05-20,5,Aucune plainte,Je reviendrai pour un prochain événement.
FB_423,CUST_538,2025-01-14,4,Aucune plainte,Le studio créatif est top.
FB_424,CUST_922,2024-05-27,5,Communication,Le processus de réservation est compliqué.
FB_425,CUST_798,2024-10-03,4,Qualité service,Je reviendrai pour un prochain événement.
FB_426,CUST_796,2024-05-10,3,Organisation,Je reviendrai pour un prochain événement.
FB_427,CUST_1111,2025-05-04,3,Réservation,Le support a mis du temps à répondre.
FB_428,CUST_158,2024-03-03,5,Réservation,Le processus de réservation est compliqué.
FB_429,CUST_545,2024-01-25,3,Prix,Très satisfait de l’ambiance.
FB_430,CUST_1281,2025-03-27,4,Aucune plainte,Le processus de réservation est compliqué.
FB_431,CUST_470,2024-01-25,5,Prix,Très bonne expérience globale.
FB_432,CUST_269,2024-12-19,4,Support client,Expérience premium.
FB_433,CUST_440,2024-01-24,5,Réservation,Le support a mis du temps à répondre.
FB_434,CUST_971,2024-01-12,5,Organisation,Le prix est un peu élevé.
FB_435,CUST_417,2025-02-28,4,Support client,Je reviendrai pour un prochain événement.
FB_436,CUST_489,2024-10-11,3,Réservation,Le studio créatif est top.
FB_437,CUST_1140,2024-03-22,5,Communication,Je reviendrai pour un prochain événement.
FB_438,CUST_577,2024-10-28,5,Aucune plainte,Le support a mis du temps à répondre.
FB_439,CUST_1204,2024-09-23,1,Qualité service,Le support a mis du temps à répondre.
FB_440,CUST_834,2024-03-27,5,Réservation,Le support a mis du temps à répondre.
FB_441,CUST_731,2025-03-05,4,Réservation,Très bonne expérience globale.
FB_442,CUST_76,2024-06-27,1,Qualité service,Très satisfait de l’ambiance.
FB_443,CUST_111,2025-05-25,5,Organisation,Expérience premium.
FB_444,CUST_347,2024-09-05,1,Aucune plainte,Le prix est un peu élevé.
FB_445,CUST_690,2024-08-17,5,Support client,Le prix est un peu élevé.
FB_446,CUST_499,2024-11-06,5,Réservation,Organisation moyenne.
FB_447,CUST_4,2024-02-23,4,Communication,Très bonne expérience globale.
FB_448,CUST_84,2024-03-14,5,Support client,Je reviendrai pour un prochain événement.
FB_449,CUST_537,2025-03-19,3,Organisation,Je reviendrai pour un prochain événement.
FB_450,CUST_329,2024-01-06,5,Aucune plainte,Très bonne expérience globale.
FB_451,CUST_862,2024-10-27,1,Réservation,Très satisfait de l’ambiance.
FB_452,CUST_931,2024-09-17,5,Réservation,Expérience premium.
FB_453,CUST_1478,2025-04-18,4,Support client,Excellent service client.
FB_454,CUST_1215,2024-10-29,5,Organisation,Le studio créatif est top.
FB_455,CUST_164,2024-12-25,2,Communication,Très bonne expérience globale.
FB_456,CUST_403,2024-10-15,5,Organisation,Expérience premium.
FB_457,CUST_358,2024-05-25,5,Communication,Très satisfait de l’ambiance.
FB_458,CUST_1355,2024-05-17,3,Communication,Très bonne expérience globale.
FB_459,CUST_1387,2024-03-26,5,Organisation,Très bonne expérience globale.
FB_460,CUST_35,2025-04-26,4,Qualité service,Le prix est un peu élevé.
FB_461,CUST_1022,2024-04-01,5,Aucune plainte,Le processus de réservation est compliqué.
FB_462,CUST_1309,2024-04-19,5,Communication,Le support a mis du temps à répondre.
FB_463,CUST_806,2024-06-30,4,Réservation,Très bonne expérience globale.
FB_464,CUST_1065,2024-04-30,3,Réservation,Expérience premium.
FB_465,CUST_1281,2024-01-24,3,Aucune plainte,Le support a mis du temps à répondre.
FB_466,CUST_937,2024-01-23,4,Support client,Le prix est un peu élevé.
FB_467,CUST_1496,2025-05-24,3,Qualité service,Très satisfait de l’ambiance.
FB_468,CUST_671,2024-10-08,4,Support client,Le studio créatif est top.
FB_469,CUST_110,2025-01-31,5,Support client,Le prix est un peu élevé.
FB_470,CUST_848,2024-02-10,4,Prix,Le processus de réservation est compliqué.
FB_471,CUST_1226,2024-09-10,2,Communication,Très satisfait de l’ambiance.
FB_472,CUST_399,2025-04-28,1,Réservation,Je reviendrai pour un prochain événement.
FB_473,CUST_967,2025-01-19,2,Organisation,Je reviendrai pour un prochain événement.
FB_474,CUST_773,2024-10-26,3,Organisation,Très satisfait de l’ambiance.
FB_475,CUST_957,2024-10-16,3,Qualité service,Organisation moyenne.
FB_476,CUST_1196,2024-07-03,3,Réservation,Le prix est un peu élevé.
FB_477,CUST_1329,2024-08-21,2,Support client,Le prix est un peu élevé.
FB_478,CUST_943,2024-03-31,5,Support client,Excellent service client.
FB_479,CUST_982,2025-03-30,4,Réservation,Je reviendrai pour un prochain événement.
FB_480,CUST_1318,2025-05-19,5,Organisation,Le processus de réservation est compliqué.
FB_481,CUST_666,2025-04-13,5,Réservation,Expérience premium.
FB_482,CUST_596,2024-04-04,4,Réservation,Je reviendrai pour un prochain événement.
FB_483,CUST_1095,2025-06-26,5,Organisation,Je reviendrai pour un prochain événement.
FB_484,CUST_662,2024-01-21,5,Organisation,Je reviendrai pour un prochain événement.
FB_485,CUST_775,2025-01-28,3,Support client,Organisation moyenne.
FB_486,CUST_221,2024-09-18,5,Prix,Expérience premium.
FB_487,CUST_1237,2024-06-07,4,Réservation,Organisation moyenne.
FB_488,CUST_1260,2025-05-30,4,Aucune plainte,Le studio créatif est top.
FB_489,CUST_463,2024-09-06,4,Qualité service,Le studio créatif est top.
FB_490,CUST_1196,2025-03-04,5,Support client,Expérience premium.
FB_491,CUST_94,2025-04-26,5,Communication,Organisation moyenne.
FB_492,CUST_313,2024-02-16,3,Réservation,Le processus de réservation est compliqué.
FB_493,CUST_96,2024-12-25,2,Aucune plainte,Organisation moyenne.
FB_494,CUST_695,2025-04-10,2,Prix,Organisation moyenne.
FB_495,CUST_1218,2025-04-02,3,Communication,Le studio créatif est top.
FB_496,CUST_320,2025-03-18,4,Communication,Très bonne expérience globale.
FB_497,CUST_305,2024-03-24,4,Organisation,Excellent service client.
FB_498,CUST_859,2025-01-08,2,Support client,Je reviendrai pour un prochain événement.
FB_499,CUST_1207,2024-05-09,3,Qualité service,Expérience premium.
FB_500,CUST_1176,2024-08-03,2,Communication,Expérience premium.
FB_501,CUST_1041,2025-05-23,5,Support client,Très bonne expérience globale.
FB_502,CUST_629,2025-06-27,5,Communication,Le studio créatif est top.
FB_503,CUST_317,2024-11-22,4,Aucune plainte,Le support a mis du temps à répondre.
FB_504,CUST_841,2025-03-22,5,Prix,Expérience premium.
FB_505,CUST_786,2025-03-01,4,Qualité service,Je reviendrai pour un prochain événement.
FB_506,CUST_897,2024-10-11,5,Communication,Le studio créatif est top.
FB_507,CUST_37,2024-04-23,3,Réservation,Le studio créatif est top.
FB_508,CUST_147,2025-04-24,5,Aucune plainte,Le processus de réservation est compliqué.
FB_509,CUST_854,2025-01-08,5,Qualité service,Très bonne expérience globale.
FB_510,CUST_1153,2024-03-28,3,Réservation,Je reviendrai pour un prochain événement.
FB_511,CUST_973,2024-10-15,1,Support client,Expérience premium.
FB_512,CUST_1400,2024-11-24,4,Réservation,Le processus de réservation est compliqué.
FB_513,CUST_748,2025-01-14,4,Qualité service,Excellent service client.
FB_514,CUST_1312,2025-05-17,3,Réservation,Organisation moyenne.
FB_515,CUST_768,2024-10-02,3,Qualité service,Le support a mis du temps à répondre.
FB_516,CUST_181,2025-04-29,4,Support client,Très satisfait de l’ambiance.
FB_517,CUST_490,2024-08-03,3,Réservation,Je reviendrai pour un prochain événement.
FB_518,CUST_900,2024-07-07,1,Réservation,Très bonne expérience globale.
FB_519,CUST_946,2024-12-15,5,Support client,Très bonne expérience globale.
FB_520,CUST_191,2025-04-05,2,Qualité service,Le studio créatif est top.
FB_521,CUST_9,2024-05-13,4,Qualité service,Le processus de réservation est compliqué.
FB_522,CUST_1448,2025-05-01,4,Réservation,Organisation moyenne.
FB_523,CUST_499,2025-05-24,1,Qualité service,Organisation moyenne.
FB_524,CUST_397,2024-10-06,5,Support client,Le processus de réservation est compliqué.
FB_525,CUST_397,2025-03-12,5,Aucune plainte,Excellent service client.
FB_526,CUST_371,2025-02-23,5,Support client,Expérience premium.
FB_527,CUST_804,2024-02-01,5,Prix,Le studio créatif est top.
FB_528,CUST_680,2025-03-21,4,Réservation,Je reviendrai pour un prochain événement.
FB_529,CUST_500,2024-06-25,4,Support client,Expérience premium.
FB_530,CUST_691,2024-10-19,2,Réservation,Très bonne expérience globale.
FB_531,CUST_34,2024-02-27,5,Organisation,Très satisfait de l’ambiance.
FB_532,CUST_363,2024-04-15,4,Prix,Le studio créatif est top.
FB_533,CUST_957,2025-05-22,5,Communication,Organisation moyenne.
FB_534,CUST_667,2024-09-19,2,Communication,Le prix est un peu élevé.
FB_535,CUST_274,2025-03-06,5,Organisation,Le prix est un peu élevé.
FB_536,CUST_1338,2024-04-24,4,Qualité service,Très satisfait de l’ambiance.
FB_537,CUST_351,2024-12-07,1,Support client,Le studio créatif est top.
FB_538,CUST_1244,2024-06-26,3,Prix,Le support a mis du temps à répondre.
FB_539,CUST_535,2024-02-06,2,Organisation,Le prix est un peu élevé.
FB_540,CUST_751,2024-12-23,4,Communication,Organisation moyenne.
FB_541,CUST_1055,2024-03-04,4,Organisation,Le processus de réservation est compliqué.
FB_542,CUST_70,2024-08-01,1,Qualité service,Très bonne expérience globale.
FB_543,CUST_1129,2024-01-22,4,Prix,Excellent service client.
FB_544,CUST_1500,2024-11-11,5,Organisation,Très bonne expérience globale.
FB_545,CUST_929,2024-05-24,3,Support client,Le studio créatif est top.
FB_546,CUST_1322,2024-11-02,3,Support client,Très satisfait de l’ambiance.
FB_547,CUST_476,2024-06-28,5,Réservation,Expérience premium.
FB_548,CUST_894,2024-10-15,2,Aucune plainte,Le prix est un peu élevé.
FB_549,CUST_916,2025-01-23,4,Qualité service,Le support a mis du temps à répondre.
FB_550,CUST_1392,2024-04-30,2,Qualité service,Le processus de réservation est compliqué.
FB_551,CUST_1171,2024-11-03,4,Réservation,Très bonne expérience globale.
FB_552,CUST_602,2024-09-10,1,Aucune plainte,Organisation moyenne.
FB_553,CUST_1169,2024-06-08,4,Organisation,Le prix est un peu élevé.
FB_554,CUST_537,2024-09-26,4,Réservation,Expérience premium.
FB_555,CUST_1282,2024-12-23,2,Aucune plainte,Le processus de réservation est compliqué.
FB_556,CUST_368,2024-01-29,5,Support client,Excellent service client.
FB_557,CUST_30,2024-03-01,5,Organisation,Très satisfait de l’ambiance.
FB_558,CUST_1429,2025-03-18,4,Qualité service,Expérience premium.
FB_559,CUST_939,2024-09-16,2,Organisation,Je reviendrai pour un prochain événement.
FB_560,CUST_475,2024-07-12,4,Prix,Le studio créatif est top.
FB_561,CUST_252,2024-12-31,5,Qualité service,Je reviendrai pour un prochain événement.
FB_562,CUST_778,2024-06-11,4,Réservation,Très satisfait de l’ambiance.
FB_563,CUST_1097,2024-09-05,4,Communication,Excellent service client.
FB_564,CUST_281,2024-11-09,4,Qualité service,Le support a mis du temps à répondre.
FB_565,CUST_1303,2024-02-24,5,Aucune plainte,Le processus de réservation est compliqué.
FB_566,CUST_1251,2025-04-04,4,Prix,Le prix est un peu élevé.
FB_567,CUST_1171,2025-04-09,4,Support client,Le prix est un peu élevé.
FB_568,CUST_210,2025-02-14,2,Aucune plainte,Le support a mis du temps à répondre.
FB_569,CUST_436,2024-12-26,2,Communication,Le studio créatif est top.
FB_570,CUST_710,2024-05-29,3,Support client,Je reviendrai pour un prochain événement.
FB_571,CUST_1303,2025-06-07,3,Communication,Le processus de réservation est compliqué.
FB_572,CUST_481,2025-02-08,5,Qualité service,Le studio créatif est top.
FB_573,CUST_1206,2025-05-14,4,Prix,Organisation moyenne.
FB_574,CUST_502,2025-06-23,4,Réservation,Expérience premium.
FB_575,CUST_1358,2024-03-22,5,Support client,Organisation moyenne.
FB_576,CUST_295,2025-03-22,4,Organisation,Le studio créatif est top.
FB_577,CUST_1297,2025-05-06,3,Support client,Organisation moyenne.
FB_578,CUST_849,2025-01-27,5,Aucune plainte,Très bonne expérience globale.
FB_579,CUST_984,2024-10-28,1,Communication,Le processus de réservation est compliqué.
FB_580,CUST_1017,2025-01-21,5,Support client,Très satisfait de l’ambiance.
FB_581,CUST_668,2024-11-17,2,Qualité service,Je reviendrai pour un prochain événement.
FB_582,CUST_1445,2024-04-12,5,Communication,Excellent service client.
FB_583,CUST_1109,2024-03-17,4,Aucune plainte,Le processus de réservation est compliqué.
FB_584,CUST_1288,2024-01-19,3,Réservation,Le prix est un peu élevé.
FB_585,CUST_396,2024-01-09,4,Aucune plainte,Expérience premium.
FB_586,CUST_80,2024-03-11,2,Support client,Je reviendrai pour un prochain événement.
FB_587,CUST_277,2024-09-12,5,Prix,Le studio créatif est top.
FB_588,CUST_332,2024-02-27,5,Prix,Très satisfait de l’ambiance.
FB_589,CUST_776,2025-01-08,4,Aucune plainte,Je reviendrai pour un prochain événement.
FB_590,CUST_114,2025-02-09,3,Réservation,Le support a mis du temps à répondre.
FB_591,CUST_431,2024-01-31,1,Prix,Le support a mis du temps à répondre.
FB_592,CUST_1255,2024-08-02,5,Qualité service,Le prix est un peu élevé.
FB_593,CUST_142,2024-02-01,5,Qualité service,Le support a mis du temps à répondre.
FB_594,CUST_1072,2025-06-07,3,Communication,Le studio créatif est top.
FB_595,CUST_1186,2024-08-18,5,Aucune plainte,Excellent service client.
FB_596,CUST_627,2025-05-03,1,Aucune plainte,Le prix est un peu élevé.
FB_597,CUST_976,2025-04-17,3,Prix,Le prix est un peu élevé.
FB_598,CUST_876,2025-04-06,3,Aucune plainte,Le studio créatif est top.
FB_599,CUST_219,2024-08-26,1,Aucune plainte,Le studio créatif est top.
FB_600,CUST_1218,2024-08-06,4,Prix,Expérience premium.
FB_601,CUST_149,2025-05-07,5,Qualité service,Très bonne expérience globale.
FB_602,CUST_212,2024-03-26,5,Support client,Très bonne expérience globale.
FB_603,CUST_1237,2024-04-10,4,Réservation,Expérience premium.
FB_604,CUST_842,2024-06-24,4,Aucune plainte,Organisation moyenne.
FB_605,CUST_255,2024-06-10,5,Prix,Je reviendrai pour un prochain événement.
FB_606,CUST_730,2024-01-16,5,Communication,Le prix est un peu élevé.
FB_607,CUST_414,2024-08-01,4,Réservation,Je reviendrai pour un prochain événement.
FB_608,CUST_719,2025-03-12,5,Aucune plainte,Le processus de réservation est compliqué.
FB_609,CUST_636,2024-11-16,5,Réservation,Excellent service client.
FB_610,CUST_344,2024-12-15,4,Aucune plainte,Je reviendrai pour un prochain événement.
FB_611,CUST_1144,2025-04-27,2,Support client,Organisation moyenne.
FB_612,CUST_1142,2024-02-01,5,Aucune plainte,Je reviendrai pour un prochain événement.
FB_613,CUST_807,2024-12-13,1,Réservation,Excellent service client.
FB_614,CUST_1038,2024-03-12,4,Organisation,Le support a mis du temps à répondre.
FB_615,CUST_218,2025-02-20,1,Prix,Le studio créatif est top.
FB_616,CUST_818,2025-02-19,4,Prix,Je reviendrai pour un prochain événement.
FB_617,CUST_1009,2025-05-21,5,Organisation,Très satisfait de l’ambiance.
FB_618,CUST_797,2025-03-03,1,Réservation,Je reviendrai pour un prochain événement.
FB_619,CUST_1115,2025-05-29,5,Réservation,Très satisfait de l’ambiance.
FB_620,CUST_273,2024-06-02,3,Réservation,Très bonne expérience globale.
FB_621,CUST_291,2024-10-06,2,Réservation,Très satisfait de l’ambiance.
FB_622,CUST_135,2024-09-24,5,Communication,Expérience premium.
FB_623,CUST_136,2024-09-26,4,Qualité service,Organisation moyenne.
FB_624,CUST_386,2025-02-28,5,Support client,Le studio créatif est top.
FB_625,CUST_371,2024-12-11,5,Aucune plainte,Organisation moyenne.
FB_626,CUST_1139,2024-06-12,4,Communication,Le prix est un peu élevé.
FB_627,CUST_525,2024-04-28,3,Organisation,Le prix est un peu élevé.
FB_628,CUST_100,2025-01-26,1,Organisation,Très bonne expérience globale.
FB_629,CUST_796,2024-03-18,4,Qualité service,Le support a mis du temps à répondre.
FB_630,CUST_961,2024-12-28,5,Aucune plainte,Organisation moyenne.
FB_631,CUST_1156,2024-06-23,4,Qualité service,Organisation moyenne.
FB_632,CUST_1295,2025-01-25,5,Réservation,Très bonne expérience globale.
FB_633,CUST_607,2024-09-25,3,Réservation,Le prix est un peu élevé.
FB_634,CUST_761,2024-11-02,5,Réservation,Le processus de réservation est compliqué.
FB_635,CUST_1412,2024-09-23,5,Qualité service,Très satisfait de l’ambiance.
FB_636,CUST_1291,2025-05-20,5,Aucune plainte,Organisation moyenne.
FB_637,CUST_84,2024-03-03,4,Support client,Très bonne expérience globale.
FB_638,CUST_616,2024-03-07,3,Aucune plainte,Excellent service client.
FB_639,CUST_679,2025-03-24,4,Qualité service,Très satisfait de l’ambiance.
FB_640,CUST_148,2024-06-30,4,Réservation,Expérience premium.
FB_641,CUST_731,2025-03-30,1,Prix,Je reviendrai pour un prochain événement.
FB_642,CUST_1011,2024-03-05,4,Organisation,Organisation moyenne.
FB_643,CUST_232,2024-04-29,3,Support client,Très bonne expérience globale.
FB_644,CUST_1145,2025-03-31,5,Qualité service,Organisation moyenne.
FB_645,CUST_855,2024-03-21,4,Aucune plainte,Très bonne expérience globale.
FB_646,CUST_1138,2025-03-15,4,Réservation,Excellent service client.
FB_647,CUST_1281,2025-03-12,3,Communication,Le processus de réservation est compliqué.
FB_648,CUST_190,2024-08-19,4,Qualité service,Le studio créatif est top.
FB_649,CUST_424,2025-02-04,4,Aucune plainte,Très bonne expérience globale.
FB_650,CUST_1396,2024-11-16,3,Support client,Le studio créatif est top.
FB_651,CUST_234,2024-03-26,3,Aucune plainte,Le studio créatif est top.
FB_652,CUST_872,2025-03-18,1,Qualité service,Le studio créatif est top.
FB_653,CUST_990,2024-12-22,5,Aucune plainte,Organisation moyenne.
FB_654,CUST_63,2024-01-07,1,Communication,Le studio créatif est top.
FB_655,CUST_578,2024-09-13,2,Réservation,Le support a mis du temps à répondre.
FB_656,CUST_381,2025-01-06,4,Aucune plainte,Organisation moyenne.
FB_657,CUST_289,2025-03-14,5,Communication,Très bonne expérience globale.
FB_658,CUST_243,2025-03-19,4,Prix,Le prix est un peu élevé.
FB_659,CUST_1049,2024-06-12,5,Prix,Organisation moyenne.
FB_660,CUST_171,2024-08-26,3,Support client,Le prix est un peu élevé.
FB_661,CUST_808,2024-09-22,3,Qualité service,Expérience premium.
FB_662,CUST_369,2024-06-03,2,Prix,Le studio créatif est top.
FB_663,CUST_550,2024-06-29,5,Organisation,Le studio créatif est top.
FB_664,CUST_1478,2024-08-15,2,Support client,Le studio créatif est top.
FB_665,CUST_1463,2024-10-14,5,Aucune plainte,Organisation moyenne.
FB_666,CUST_605,2024-04-14,2,Support client,Très bonne expérience globale.
FB_667,CUST_804,2024-12-19,4,Support client,Je reviendrai pour un prochain événement.
FB_668,CUST_334,2024-10-20,4,Qualité service,Très satisfait de l’ambiance.
FB_669,CUST_1334,2025-06-30,5,Organisation,Très bonne expérience globale.
FB_670,CUST_88,2024-04-02,2,Support client,Le processus de réservation est compliqué.
FB_671,CUST_1186,2024-12-16,5,Support client,Le processus de réservation est compliqué.
FB_672,CUST_962,2024-03-03,4,Communication,Le prix est un peu élevé.
FB_673,CUST_628,2024-01-15,5,Organisation,Très bonne expérience globale.
FB_674,CUST_159,2024-06-01,3,Support client,Très bonne expérience globale.
FB_675,CUST_1112,2024-03-12,5,Support client,Le processus de réservation est compliqué.
FB_676,CUST_1051,2024-02-18,5,Communication,Excellent service client.
FB_677,CUST_1247,2025-04-13,1,Réservation,Le support a mis du temps à répondre.
FB_678,CUST_578,2024-12-26,5,Organisation,Le prix est un peu élevé.
FB_679,CUST_901,2024-11-21,2,Communication,Très satisfait de l’ambiance.
FB_680,CUST_787,2024-03-19,4,Communication,Le processus de réservation est compliqué.
FB_681,CUST_281,2025-02-19,5,Réservation,Organisation moyenne.
FB_682,CUST_891,2025-02-10,5,Qualité service,Excellent service client.
FB_683,CUST_1386,2025-01-30,5,Aucune plainte,Le processus de réservation est compliqué.
FB_684,CUST_714,2025-01-03,3,Support client,Très satisfait de l’ambiance.
FB_685,CUST_1465,2025-06-09,4,Prix,Très bonne expérience globale.
FB_686,CUST_785,2024-05-31,2,Support client,Je reviendrai pour un prochain événement.
FB_687,CUST_749,2025-01-03,1,Organisation,Très bonne expérience globale.
FB_688,CUST_285,2025-01-31,4,Aucune plainte,Expérience premium.
FB_689,CUST_765,2025-03-25,4,Communication,Excellent service client.
FB_690,CUST_212,2025-05-24,5,Support client,Organisation moyenne.
FB_691,CUST_793,2024-07-23,4,Réservation,Le prix est un peu élevé.
FB_692,CUST_826,2024-02-27,5,Qualité service,Très bonne expérience globale.
FB_693,CUST_965,2025-03-23,4,Organisation,Je reviendrai pour un prochain événement.
FB_694,CUST_921,2025-06-11,3,Prix,Expérience premium.
FB_695,CUST_575,2024-08-24,5,Support client,Très bonne expérience globale.
FB_696,CUST_259,2024-10-10,4,Prix,Le support a mis du temps à répondre.
FB_697,CUST_1421,2025-02-28,1,Organisation,Expérience premium.
FB_698,CUST_339,2025-05-23,5,Communication,Je reviendrai pour un prochain événement.
FB_699,CUST_139,2024-09-07,4,Organisation,Très bonne expérience globale.
FB_700,CUST_726,2024-10-18,3,Organisation,Très bonne expérience globale.
FB_701,CUST_93,2024-11-18,5,Support client,Excellent service client.
FB_702,CUST_735,2024-02-29,3,Aucune plainte,Le processus de réservation est compliqué.
FB_703,CUST_64,2025-05-15,4,Organisation,Très bonne expérience globale.
FB_704,CUST_1053,2024-06-12,5,Communication,Je reviendrai pour un prochain événement.
FB_705,CUST_841,2025-01-12,2,Prix,Très bonne expérience globale.
FB_706,CUST_618,2024-02-18,3,Qualité service,Très bonne expérience globale.
FB_707,CUST_433,2024-05-01,5,Organisation,Le support a mis du temps à répondre.
FB_708,CUST_1147,2025-05-17,3,Communication,Excellent service client.
FB_709,CUST_1309,2025-06-04,5,Organisation,Je reviendrai pour un prochain événement.
FB_710,CUST_1487,2024-07-03,4,Aucune plainte,Très satisfait de l’ambiance.
FB_711,CUST_569,2024-06-12,4,Organisation,Le support a mis du temps à répondre.
FB_712,CUST_1221,2024-01-03,4,Réservation,Le support a mis du temps à répondre.
FB_713,CUST_740,2024-08-17,2,Réservation,Le processus de réservation est compliqué.
FB_714,CUST_626,2025-01-04,1,Support client,Le support a mis du temps à répondre.
FB_715,CUST_350,2024-02-27,2,Réservation,Le processus de réservation est compliqué.
FB_716,CUST_1224,2024-09-15,4,Aucune plainte,Le studio créatif est top.
FB_717,CUST_291,2025-06-06,4,Support client,Le support a mis du temps à répondre.
FB_718,CUST_344,2024-01-14,4,Aucune plainte,Excellent service client.
FB_719,CUST_1305,2024-05-03,5,Qualité service,Je reviendrai pour un prochain événement.
FB_720,CUST_302,2024-03-30,4,Réservation,Le prix est un peu élevé.
FB_721,CUST_721,2024-10-23,2,Aucune plainte,Très bonne expérience globale.
FB_722,CUST_1157,2025-05-19,3,Aucune plainte,Je reviendrai pour un prochain événement.
FB_723,CUST_1112,2025-01-17,1,Communication,Expérience premium.
FB_724,CUST_1080,2024-08-05,3,Support client,Le processus de réservation est compliqué.
FB_725,CUST_1055,2025-04-29,4,Organisation,Le processus de réservation est compliqué.
FB_726,CUST_556,2025-01-26,4,Organisation,Je reviendrai pour un prochain événement.
FB_727,CUST_727,2025-04-03,3,Communication,Expérience premium.
FB_728,CUST_1309,2024-07-26,1,Prix,Le support a mis du temps à répondre.
FB_729,CUST_924,2024-07-01,5,Organisation,Très bonne expérience globale.
FB_730,CUST_1147,2025-01-19,5,Réservation,Très satisfait de l’ambiance.
FB_731,CUST_532,2024-07-22,4,Aucune plainte,Le studio créatif est top.
FB_732,CUST_1269,2024-03-23,2,Support client,Le prix est un peu élevé.
FB_733,CUST_137,2024-07-27,4,Organisation,Je reviendrai pour un prochain événement.
FB_734,CUST_1256,2024-03-29,2,Réservation,Organisation moyenne.
FB_735,CUST_1234,2024-03-12,4,Communication,Très satisfait de l’ambiance.
FB_736,CUST_1157,2024-10-21,5,Communication,Je reviendrai pour un prochain événement.
FB_737,CUST_1174,2024-07-31,5,Réservation,Excellent service client.
FB_738,CUST_263,2024-03-27,4,Qualité service,Le support a mis du temps à répondre.
FB_739,CUST_1027,2024-10-13,3,Communication,Organisation moyenne.
FB_740,CUST_1062,2024-04-30,3,Support client,Organisation moyenne.
FB_741,CUST_1065,2024-11-23,5,Réservation,Très satisfait de l’ambiance.
FB_742,CUST_525,2024-08-26,5,Aucune plainte,Organisation moyenne.
FB_743,CUST_74,2025-04-03,4,Organisation,Le studio créatif est top.
FB_744,CUST_1261,2025-02-24,5,Prix,Très bonne expérience globale.
FB_745,CUST_1195,2024-05-11,2,Réservation,Le processus de réservation est compliqué.
FB_746,CUST_1498,2024-08-03,3,Prix,Organisation moyenne.
FB_747,CUST_1241,2025-06-21,4,Prix,Le prix est un peu élevé.
FB_748,CUST_1445,2025-01-30,1,Prix,Le support a mis du temps à répondre.
FB_749,CUST_1228,2024-01-28,4,Qualité service,Le processus de réservation est compliqué.
FB_750,CUST_1233,2025-05-22,1,Aucune plainte,Très bonne expérience globale.
FB_751,CUST_1115,2024-11-13,3,Support client,Organisation moyenne.
FB_752,CUST_35,2025-03-21,5,Communication,Organisation moyenne.
FB_753,CUST_298,2024-11-06,4,Support client,Le studio créatif est top.
FB_754,CUST_594,2024-06-05,4,Qualité service,Le processus de réservation est compliqué.
FB_755,CUST_1446,2025-04-20,3,Qualité service,Organisation moyenne.
FB_756,CUST_250,2025-03-04,5,Prix,Très satisfait de l’ambiance.
FB_757,CUST_102,2025-05-30,1,Prix,Le studio créatif est top.
FB_758,CUST_178,2024-07-17,4,Support client,Organisation moyenne.
FB_759,CUST_1490,2025-06-22,5,Prix,Excellent service client.
FB_760,CUST_370,2024-07-13,5,Aucune plainte,Expérience premium.
FB_761,CUST_97,2025-04-16,1,Organisation,Expérience premium.
FB_762,CUST_562,2024-06-22,3,Communication,Très bonne expérience globale.
FB_763,CUST_485,2025-04-22,3,Organisation,Très satisfait de l’ambiance.
FB_764,CUST_1313,2024-05-21,2,Organisation,Organisation moyenne.
FB_765,CUST_1472,2025-02-27,5,Communication,Le studio créatif est top.
FB_766,CUST_1098,2025-06-24,5,Qualité service,Le processus de réservation est compliqué.
FB_767,CUST_1381,2025-06-01,4,Aucune plainte,Très satisfait de l’ambiance.
FB_768,CUST_696,2025-01-31,1,Communication,Très satisfait de l’ambiance.
FB_769,CUST_1066,2025-05-31,4,Organisation,Le prix est un peu élevé.
FB_770,CUST_710,2024-06-12,4,Aucune plainte,Je reviendrai pour un prochain événement.
FB_771,CUST_1300,2024-06-16,3,Organisation,Je reviendrai pour un prochain événement.
FB_772,CUST_591,2025-01-21,3,Aucune plainte,Très satisfait de l’ambiance.
FB_773,CUST_844,2024-03-17,4,Organisation,Le processus de réservation est compliqué.
FB_774,CUST_1297,2024-06-09,4,Aucune plainte,Expérience premium.
FB_775,CUST_156,2025-04-12,5,Communication,Très bonne expérience globale.
FB_776,CUST_341,2024-08-10,2,Organisation,Très bonne expérience globale.
FB_777,CUST_99,2025-06-27,3,Organisation,Très bonne expérience globale.
FB_778,CUST_1011,2024-12-20,5,Réservation,Je reviendrai pour un prochain événement.
FB_779,CUST_1234,2025-06-27,5,Organisation,Expérience premium.
FB_780,CUST_807,2024-02-15,5,Support client,Je reviendrai pour un prochain événement.
FB_781,CUST_1498,2025-06-30,3,Réservation,Très satisfait de l’ambiance.
FB_782,CUST_732,2024-11-21,4,Qualité service,Le studio créatif est top.
FB_783,CUST_660,2024-05-18,4,Prix,Le prix est un peu élevé.
FB_784,CUST_1048,2024-08-09,1,Organisation,Très bonne expérience globale.
FB_785,CUST_435,2025-03-08,4,Qualité service,Très satisfait de l’ambiance.
FB_786,CUST_1463,2024-10-31,1,Qualité service,Expérience premium.
FB_787,CUST_551,2025-05-02,4,Réservation,Excellent service client.
FB_788,CUST_268,2024-01-25,4,Qualité service,Organisation moyenne.
FB_789,CUST_147,2024-01-09,5,Prix,Le studio créatif est top.
FB_790,CUST_222,2025-06-20,2,Qualité service,Le support a mis du temps à répondre.
FB_791,CUST_938,2024-09-03,4,Prix,Très satisfait de l’ambiance.
FB_792,CUST_1371,2025-06-22,4,Aucune plainte,Je reviendrai pour un prochain événement.
FB_793,CUST_444,2024-03-23,3,Réservation,Le studio créatif est top.
FB_794,CUST_1016,2024-04-10,3,Qualité service,Le studio créatif est top.
FB_795,CUST_626,2024-07-24,4,Réservation,Le processus de réservation est compliqué.
FB_796,CUST_666,2024-05-02,5,Qualité service,Le support a mis du temps à répondre.
FB_797,CUST_337,2025-02-01,5,Réservation,Le studio créatif est top.
FB_798,CUST_409,2024-10-09,5,Réservation,Excellent service client.
FB_799,CUST_844,2024-07-20,5,Communication,Organisation moyenne.
FB_800,CUST_537,2024-06-11,4,Qualité service,Très bonne expérience globale.
FB_801,CUST_413,2024-12-26,4,Organisation,Le studio créatif est top.
FB_802,CUST_816,2025-02-22,4,Aucune plainte,Organisation moyenne.
FB_803,CUST_4,2024-11-12,5,Communication,Organisation moyenne.
FB_804,CUST_1149,2024-10-07,4,Communication,Je reviendrai pour un prochain événement.
FB_805,CUST_1469,2024-01-14,5,Réservation,Le studio créatif est top.
FB_806,CUST_202,2025-04-04,3,Communication,Le processus de réservation est compliqué.
FB_807,CUST_180,2024-04-29,4,Qualité service,Le studio créatif est top.
FB_808,CUST_1338,2025-06-07,4,Support client,Très satisfait de l’ambiance.
FB_809,CUST_26,2024-12-17,4,Réservation,Le support a mis du temps à répondre.
FB_810,CUST_620,2024-11-03,2,Réservation,Organisation moyenne.
FB_811,CUST_520,2025-03-08,4,Prix,Expérience premium.
FB_812,CUST_605,2024-07-01,4,Aucune plainte,Le studio créatif est top.
FB_813,CUST_640,2024-06-14,2,Qualité service,Très satisfait de l’ambiance.
FB_814,CUST_459,2025-04-28,4,Aucune plainte,Très satisfait de l’ambiance.
FB_815,CUST_637,2024-01-25,2,Support client,Je reviendrai pour un prochain événement.
FB_816,CUST_134,2024-04-16,3,Prix,Le studio créatif est top.
FB_817,CUST_1281,2024-08-26,4,Qualité service,Organisation moyenne.
FB_818,CUST_740,2025-06-22,3,Prix,Expérience premium.
FB_819,CUST_909,2024-05-18,5,Support client,Organisation moyenne.
FB_820,CUST_887,2025-06-21,4,Prix,Le support a mis du temps à répondre.
FB_821,CUST_973,2024-09-15,4,Organisation,Très satisfait de l’ambiance.
FB_822,CUST_36,2024-07-10,4,Communication,Le prix est un peu élevé.
FB_823,CUST_1492,2024-03-02,3,Communication,Le support a mis du temps à répondre.
FB_824,CUST_1054,2025-05-24,3,Organisation,Très bonne expérience globale.
FB_825,CUST_412,2024-11-15,3,Qualité service,Le prix est un peu élevé.
FB_826,CUST_1483,2024-11-08,5,Organisation,Le processus de réservation est compliqué.
FB_827,CUST_661,2025-02-24,2,Prix,Le support a mis du temps à répondre.
FB_828,CUST_899,2024-01-05,4,Aucune plainte,Très bonne expérience globale.
FB_829,CUST_796,2024-03-20,2,Communication,Très satisfait de l’ambiance.
FB_830,CUST_921,2024-10-19,5,Qualité service,Très bonne expérience globale.
FB_831,CUST_1274,2025-03-20,1,Organisation,Très bonne expérience globale.
FB_832,CUST_712,2024-03-26,1,Organisation,Le prix est un peu élevé.
FB_833,CUST_502,2025-03-16,4,Support client,Expérience premium.
FB_834,CUST_1113,2024-11-26,3,Réservation,Excellent service client.
FB_835,CUST_1271,2024-02-09,1,Communication,Organisation moyenne.
FB_836,CUST_1093,2024-10-02,5,Prix,Le studio créatif est top.
FB_837,CUST_241,2024-11-01,5,Qualité service,Le processus de réservation est compliqué.
FB_838,CUST_1139,2024-01-05,5,Réservation,Le processus de réservation est compliqué.
FB_839,CUST_1341,2024-05-13,3,Qualité service,Organisation moyenne.
FB_840,CUST_1123,2025-06-02,5,Communication,Excellent service client.
FB_841,CUST_1232,2024-02-27,4,Prix,Le processus de réservation est compliqué.
FB_842,CUST_577,2024-04-21,4,Communication,Le support a mis du temps à répondre.
FB_843,CUST_1284,2025-02-13,4,Aucune plainte,Très bonne expérience globale.
FB_844,CUST_1186,2025-04-03,1,Organisation,Très satisfait de l’ambiance.
FB_845,CUST_727,2024-03-08,5,Support client,Le studio créatif est top.
FB_846,CUST_45,2024-04-05,3,Réservation,Très bonne expérience globale.
FB_847,CUST_1430,2024-05-30,3,Aucune plainte,Très satisfait de l’ambiance.
FB_848,CUST_951,2024-10-03,2,Communication,Très satisfait de l’ambiance.
FB_849,CUST_503,2024-09-20,3,Support client,Expérience premium.
FB_850,CUST_620,2024-11-09,5,Communication,Le support a mis du temps à répondre.
FB_851,CUST_99,2024-05-23,5,Qualité service,Le support a mis du temps à répondre.
FB_852,CUST_1084,2024-03-03,5,Prix,Je reviendrai pour un prochain événement.
FB_853,CUST_537,2025-05-26,5,Qualité service,Je reviendrai pour un prochain événement.
FB_854,CUST_133,2024-03-22,2,Communication,Très bonne expérience globale.
FB_855,CUST_1286,2024-06-09,4,Qualité service,Expérience premium.
FB_856,CUST_903,2024-12-26,2,Support client,Organisation moyenne.
FB_857,CUST_522,2025-05-25,3,Organisation,Organisation moyenne.
FB_858,CUST_300,2025-05-20,5,Organisation,Le processus de réservation est compliqué.
FB_859,CUST_177,2024-03-01,3,Aucune plainte,Le support a mis du temps à répondre.
FB_860,CUST_1229,2024-11-26,2,Support client,Organisation moyenne.
FB_861,CUST_759,2024-06-17,5,Aucune plainte,Le prix est un peu élevé.
FB_862,CUST_972,2025-02-12,5,Réservation,Excellent service client.
FB_863,CUST_72,2024-01-21,5,Prix,Le processus de réservation est compliqué.
FB_864,CUST_772,2025-05-21,4,Réservation,Je reviendrai pour un prochain événement.
FB_865,CUST_774,2024-10-21,3,Support client,Le processus de réservation est compliqué.
FB_866,CUST_501,2024-11-12,3,Communication,Organisation moyenne.
FB_867,CUST_815,2025-03-14,5,Communication,Je reviendrai pour un prochain événement.
FB_868,CUST_761,2024-02-25,3,Support client,Le studio créatif est top.
FB_869,CUST_1293,2025-04-10,2,Qualité service,Très satisfait de l’ambiance.
FB_870,CUST_673,2024-10-07,5,Communication,Le processus de réservation est compliqué.
FB_871,CUST_592,2025-06-06,3,Support client,Je reviendrai pour un prochain événement.
FB_872,CUST_1117,2024-04-15,4,Aucune plainte,Très satisfait de l’ambiance.
FB_873,CUST_147,2025-04-06,4,Support client,Le prix est un peu élevé.
FB_874,CUST_1317,2024-01-23,1,Organisation,Le studio créatif est top.
FB_875,CUST_221,2024-10-25,3,Prix,Expérience premium.
FB_876,CUST_242,2025-06-04,2,Organisation,Excellent service client.
FB_877,CUST_389,2024-03-08,3,Réservation,Le processus de réservation est compliqué.
FB_878,CUST_1255,2024-05-04,2,Prix,Très satisfait de l’ambiance.
FB_879,CUST_695,2024-12-30,4,Organisation,Le studio créatif est top.
FB_880,CUST_349,2024-02-21,5,Support client,Le processus de réservation est compliqué.
FB_881,CUST_374,2024-10-18,4,Aucune plainte,Très bonne expérience globale.
FB_882,CUST_1020,2024-12-16,4,Communication,Expérience premium.
FB_883,CUST_1164,2024-03-31,3,Support client,Organisation moyenne.
FB_884,CUST_214,2024-09-24,3,Qualité service,Le support a mis du temps à répondre.
FB_885,CUST_676,2025-01-22,3,Aucune plainte,Le processus de réservation est compliqué.
FB_886,CUST_1083,2024-08-16,3,Réservation,Je reviendrai pour un prochain événement.
FB_887,CUST_1091,2024-02-27,4,Communication,Très bonne expérience globale.
FB_888,CUST_1167,2025-06-10,5,Communication,Excellent service client.
FB_889,CUST_275,2024-03-13,5,Prix,Expérience premium.
FB_890,CUST_1368,2024-12-02,4,Réservation,Excellent service client.
FB_891,CUST_626,2024-11-26,5,Organisation,Je reviendrai pour un prochain événement.
FB_892,CUST_1085,2024-11-29,4,Qualité service,Le studio créatif est top.
FB_893,CUST_1139,2024-08-02,5,Qualité service,Le prix est un peu élevé.
FB_894,CUST_883,2024-06-08,4,Aucune plainte,Le prix est un peu élevé.
FB_895,CUST_982,2024-03-14,2,Réservation,Le processus de réservation est compliqué.
FB_896,CUST_1171,2024-04-06,5,Organisation,Le prix est un peu élevé.
FB_897,CUST_1450,2024-11-23,3,Support client,Le studio créatif est top.
FB_898,CUST_1349,2025-06-01,4,Support client,Le studio créatif est top.
FB_899,CUST_389,2025-04-11,1,Aucune plainte,Le support a mis du temps à répondre.
FB_900,CUST_1408,2024-01-29,4,Organisation,Le support a mis du temps à répondre.
FB_901,CUST_794,2024-01-21,4,Prix,Très satisfait de l’ambiance.
FB_902,CUST_363,2024-08-10,2,Communication,Le processus de réservation est compliqué.
FB_903,CUST_980,2024-09-18,4,Support client,Excellent service client.
FB_904,CUST_1041,2024-05-13,4,Communication,Le processus de réservation est compliqué.
FB_905,CUST_266,2024-01-04,5,Communication,Expérience premium.
FB_906,CUST_1250,2025-06-21,1,Qualité service,Le studio créatif est top.
FB_907,CUST_56,2024-02-11,4,Organisation,Excellent service client.
FB_908,CUST_1033,2025-03-27,4,Organisation,Le studio créatif est top.
FB_909,CUST_1323,2025-05-21,4,Prix,Excellent service client.
FB_910,CUST_269,2025-03-21,5,Prix,Très satisfait de l’ambiance.
FB_911,CUST_1078,2024-04-21,5,Réservation,Le support a mis du temps à répondre.
FB_912,CUST_438,2024-10-10,3,Support client,Expérience premium.
FB_913,CUST_517,2024-08-17,5,Réservation,Le studio créatif est top.
FB_914,CUST_1013,2024-06-06,4,Communication,Le processus de réservation est compliqué.
FB_915,CUST_1428,2024-01-19,2,Support client,Le support a mis du temps à répondre.
FB_916,CUST_179,2024-04-17,3,Qualité service,Expérience premium.
FB_917,CUST_668,2024-11-17,2,Réservation,Le studio créatif est top.
FB_918,CUST_1234,2025-05-20,5,Réservation,Le support a mis du temps à répondre.
FB_919,CUST_1020,2024-08-17,2,Prix,Le prix est un peu élevé.
FB_920,CUST_1094,2025-04-01,4,Support client,Excellent service client.
FB_921,CUST_334,2024-03-13,5,Prix,Je reviendrai pour un prochain événement.
FB_922,CUST_104,2025-05-21,3,Communication,Le prix est un peu élevé.
FB_923,CUST_1371,2025-03-09,5,Support client,Le studio créatif est top.
FB_924,CUST_21,2025-01-23,3,Aucune plainte,Le processus de réservation est compliqué.
FB_925,CUST_1449,2024-04-25,5,Support client,Très bonne expérience globale.
FB_926,CUST_1161,2024-02-14,2,Organisation,Très satisfait de l’ambiance.
FB_927,CUST_424,2024-11-11,4,Support client,Expérience premium.
FB_928,CUST_410,2024-12-31,5,Support client,Organisation moyenne.
FB_929,CUST_1224,2025-04-20,1,Aucune plainte,Le support a mis du temps à répondre.
FB_930,CUST_1335,2024-05-03,4,Réservation,Excellent service client.
FB_931,CUST_1314,2025-06-09,5,Aucune plainte,Très satisfait de l’ambiance.
FB_932,CUST_721,2024-07-16,2,Qualité service,Très bonne expérience globale.
FB_933,CUST_1062,2024-12-04,5,Communication,Très satisfait de l’ambiance.
FB_934,CUST_344,2024-08-01,2,Organisation,Le studio créatif est top.
FB_935,CUST_946,2024-06-20,4,Communication,Je reviendrai pour un prochain événement.
FB_936,CUST_1466,2025-01-29,5,Prix,Très satisfait de l’ambiance.
FB_937,CUST_1155,2025-06-11,4,Communication,Le support a mis du temps à répondre.
FB_938,CUST_1037,2024-07-18,2,Qualité service,Le support a mis du temps à répondre.
FB_939,CUST_439,2024-06-16,4,Support client,Excellent service client.
FB_940,CUST_330,2025-05-18,2,Qualité service,Très bonne expérience globale.
FB_941,CUST_1126,2025-03-31,3,Organisation,Excellent service client.
FB_942,CUST_7,2024-04-09,3,Qualité service,Je reviendrai pour un prochain événement.
FB_943,CUST_1266,2024-09-14,4,Réservation,Le prix est un peu élevé.
FB_944,CUST_901,2025-01-19,4,Réservation,Expérience premium.
FB_945,CUST_912,2025-01-28,2,Réservation,Excellent service client.
FB_946,CUST_1310,2024-10-11,1,Organisation,Le processus de réservation est compliqué.
FB_947,CUST_475,2025-05-19,4,Qualité service,Le prix est un peu élevé.
FB_948,CUST_60,2024-12-29,4,Prix,Très satisfait de l’ambiance.
FB_949,CUST_977,2025-06-24,3,Qualité service,Le studio créatif est top.
FB_950,CUST_1123,2024-03-01,3,Aucune plainte,Organisation moyenne.
FB_951,CUST_1438,2024-06-08,3,Qualité service,Le prix est un peu élevé.
FB_952,CUST_1414,2024-02-01,5,Aucune plainte,Organisation moyenne.
FB_953,CUST_1313,2025-03-20,4,Aucune plainte,Le studio créatif est top.
FB_954,CUST_929,2024-12-29,4,Réservation,Je reviendrai pour un prochain événement.
FB_955,CUST_918,2025-01-17,4,Aucune plainte,Expérience premium.
FB_956,CUST_1042,2025-02-21,5,Qualité service,Le studio créatif est top.
FB_957,CUST_1076,2025-01-20,5,Aucune plainte,Le support a mis du temps à répondre.
FB_958,CUST_934,2024-02-25,4,Prix,Je reviendrai pour un prochain événement.
FB_959,CUST_1211,2024-01-02,5,Aucune plainte,Le processus de réservation est compliqué.
FB_960,CUST_857,2025-02-05,4,Réservation,Le studio créatif est top.
FB_961,CUST_1020,2025-01-22,4,Communication,Le support a mis du temps à répondre.
FB_962,CUST_1283,2025-03-05,5,Support client,Très satisfait de l’ambiance.
FB_963,CUST_1196,2025-01-06,5,Prix,Le processus de réservation est compliqué.
FB_964,CUST_843,2025-05-03,4,Réservation,Le prix est un peu élevé.
FB_965,CUST_328,2024-03-01,3,Communication,Organisation moyenne.
FB_966,CUST_882,2024-11-28,4,Support client,Le processus de réservation est compliqué.
FB_967,CUST_736,2024-09-04,3,Organisation,Je reviendrai pour un prochain événement.
FB_968,CUST_197,2025-03-12,5,Prix,Le prix est un peu élevé.
FB_969,CUST_741,2024-11-14,4,Qualité service,Très bonne expérience globale.
FB_970,CUST_725,2025-03-04,5,Support client,Très satisfait de l’ambiance.
FB_971,CUST_370,2024-12-08,3,Support client,Le studio créatif est top.
FB_972,CUST_1489,2024-08-13,5,Support client,Très bonne expérience globale.
FB_973,CUST_1258,2024-11-25,3,Support client,Je reviendrai pour un prochain événement.
FB_974,CUST_193,2024-06-17,4,Aucune plainte,Le studio créatif est top.
FB_975,CUST_1430,2025-06-24,1,Support client,Très satisfait de l’ambiance.
FB_976,CUST_1091,2024-06-01,4,Aucune plainte,Expérience premium.
FB_977,CUST_1026,2025-01-21,2,Support client,Très bonne expérience globale.
FB_978,CUST_995,2025-05-05,2,Support client,Très bonne expérience globale.
FB_979,CUST_1490,2025-03-18,4,Communication,Expérience premium.
FB_980,CUST_18,2024-02-25,3,Support client,Le studio créatif est top.
FB_981,CUST_62,2024-02-29,3,Aucune plainte,Je reviendrai pour un prochain événement.
FB_982,CUST_1459,2024-05-01,2,Qualité service,Expérience premium.
FB_983,CUST_976,2025-04-25,4,Communication,Excellent service client.
FB_984,CUST_1213,2024-04-16,4,Réservation,Très satisfait de l’ambiance.
FB_985,CUST_297,2025-03-29,1,Organisation,Très satisfait de l’ambiance.
FB_986,CUST_1480,2024-02-19,4,Réservation,Expérience premium.
FB_987,CUST_512,2025-03-06,5,Support client,Le processus de réservation est compliqué.
FB_988,CUST_1239,2024-06-02,4,Organisation,Excellent service client.
FB_989,CUST_516,2024-01-19,4,Support client,Le studio créatif est top.
FB_990,CUST_886,2025-06-13,3,Communication,Le studio créatif est top.
FB_991,CUST_380,2025-06-04,5,Prix,Je reviendrai pour un prochain événement.
FB_992,CUST_705,2024-08-09,4,Organisation,Très satisfait de l’ambiance.
FB_993,CUST_243,2025-06-27,5,Organisation,Très satisfait de l’ambiance.
FB_994,CUST_594,2024-06-30,4,Réservation,Organisation moyenne.
FB_995,CUST_390,2024-07-10,5,Prix,Très bonne expérience globale.
FB_996,CUST_372,2024-02-06,4,Communication,Le prix est un peu élevé.
FB_997,CUST_1242,2024-11-28,3,Support client,Le support a mis du temps à répondre.
FB_998,CUST_1114,2024-12-29,1,Support client,Excellent service client.
FB_999,CUST_793,2024-08-09,4,Support client,Le processus de réservation est compliqué.
FB_1000,CUST_1065,2024-03-30,1,Réservation,Très satisfait de l’ambiance.
FB_1001,CUST_1213,2025-04-01,5,Organisation,Le prix est un peu élevé.
FB_1002,CUST_841,2024-10-10,1,Prix,Organisation moyenne.
FB_1003,CUST_571,2024-07-05,5,Support client,Très satisfait de l’ambiance.
FB_1004,CUST_967,2024-11-11,5,Qualité service,Le prix est un peu élevé.
FB_1005,CUST_1428,2024-09-02,4,Communication,Le support a mis du temps à répondre.
FB_1006,CUST_985,2024-02-27,4,Qualité service,Le processus de réservation est compliqué.
FB_1007,CUST_387,2024-08-09,4,Réservation,Expérience premium.
FB_1008,CUST_92,2025-02-22,4,Communication,Organisation moyenne.
FB_1009,CUST_1421,2024-03-28,5,Aucune plainte,Expérience premium.
FB_1010,CUST_786,2024-03-05,3,Organisation,Le prix est un peu élevé.
FB_1011,CUST_440,2024-09-04,4,Organisation,Très bonne expérience globale.
FB_1012,CUST_386,2024-01-27,3,Communication,Expérience premium.
FB_1013,CUST_324,2024-02-19,3,Qualité service,Je reviendrai pour un prochain événement.
FB_1014,CUST_913,2024-10-15,4,Aucune plainte,Le support a mis du temps à répondre.
FB_1015,CUST_877,2024-03-07,3,Organisation,Excellent service client.
FB_1016,CUST_134,2024-09-18,5,Communication,Organisation moyenne.
FB_1017,CUST_119,2024-04-05,5,Qualité service,Le prix est un peu élevé.
FB_1018,CUST_1054,2024-06-13,4,Support client,Organisation moyenne.
FB_1019,CUST_884,2024-02-25,1,Organisation,Très satisfait de l’ambiance.
FB_1020,CUST_476,2024-02-21,4,Support client,Organisation moyenne.
FB_1021,CUST_1371,2024-03-15,5,Support client,Je reviendrai pour un prochain événement.
FB_1022,CUST_1206,2024-11-11,5,Communication,Très satisfait de l’ambiance.
FB_1023,CUST_515,2025-02-02,2,Communication,Le studio créatif est top.
FB_1024,CUST_832,2024-06-04,5,Réservation,Le processus de réservation est compliqué.
FB_1025,CUST_44,2024-01-03,4,Support client,Le studio créatif est top.
FB_1026,CUST_158,2024-02-21,4,Aucune plainte,Le support a mis du temps à répondre.
FB_1027,CUST_238,2025-06-15,5,Réservation,Organisation moyenne.
FB_1028,CUST_419,2024-06-06,3,Qualité service,Très bonne expérience globale.
FB_1029,CUST_1495,2024-09-18,4,Communication,Le studio créatif est top.
FB_1030,CUST_1180,2024-11-26,4,Prix,Je reviendrai pour un prochain événement.
FB_1031,CUST_1029,2024-01-07,1,Aucune plainte,Excellent service client.
FB_1032,CUST_694,2024-03-26,3,Qualité service,Organisation moyenne.
FB_1033,CUST_474,2025-02-27,2,Réservation,Expérience premium.
FB_1034,CUST_423,2025-03-21,2,Prix,Je reviendrai pour un prochain événement.
FB_1035,CUST_1398,2024-11-07,4,Communication,Très satisfait de l’ambiance.
FB_1036,CUST_538,2024-09-27,4,Aucune plainte,Expérience premium.
FB_1037,CUST_608,2024-10-03,4,Support client,Le support a mis du temps à répondre.
FB_1038,CUST_1293,2025-06-02,5,Prix,Le support a mis du temps à répondre.
FB_1039,CUST_259,2024-03-18,4,Aucune plainte,Le prix est un peu élevé.
FB_1040,CUST_1342,2024-01-11,2,Support client,Très satisfait de l’ambiance.
FB_1041,CUST_249,2024-08-25,3,Organisation,Le processus de réservation est compliqué.
FB_1042,CUST_1314,2024-05-28,4,Support client,Le studio créatif est top.
FB_1043,CUST_754,2025-04-29,1,Réservation,Expérience premium.
FB_1044,CUST_666,2024-11-09,5,Prix,Très satisfait de l’ambiance.
FB_1045,CUST_473,2025-06-02,2,Organisation,Le support a mis du temps à répondre.
FB_1046,CUST_708,2025-01-14,3,Qualité service,Je reviendrai pour un prochain événement.
FB_1047,CUST_853,2024-09-19,4,Prix,Le prix est un peu élevé.
FB_1048,CUST_621,2024-09-03,4,Aucune plainte,Le prix est un peu élevé.
FB_1049,CUST_546,2024-05-03,3,Support client,Le support a mis du temps à répondre.
FB_1050,CUST_101,2025-05-03,4,Réservation,Le prix est un peu élevé.
FB_1051,CUST_94,2025-01-14,5,Aucune plainte,Excellent service client.
FB_1052,CUST_949,2025-01-06,5,Support client,Excellent service client.
FB_1053,CUST_594,2024-06-09,5,Prix,Le studio créatif est top.
FB_1054,CUST_1152,2025-01-05,1,Support client,Excellent service client.
FB_1055,CUST_197,2025-05-21,3,Communication,Le support a mis du temps à répondre.
FB_1056,CUST_469,2024-06-19,5,Prix,Excellent service client.
FB_1057,CUST_415,2024-05-30,3,Réservation,Le processus de réservation est compliqué.
FB_1058,CUST_205,2024-04-08,5,Organisation,Le support a mis du temps à répondre.
FB_1059,CUST_97,2025-05-09,5,Communication,Le support a mis du temps à répondre.
FB_1060,CUST_921,2025-03-23,2,Aucune plainte,Le studio créatif est top.
FB_1061,CUST_48,2024-07-21,5,Réservation,Très bonne expérience globale.
FB_1062,CUST_241,2024-01-13,4,Réservation,Le support a mis du temps à répondre.
FB_1063,CUST_180,2024-11-29,5,Aucune plainte,Je reviendrai pour un prochain événement.
FB_1064,CUST_169,2025-06-14,2,Réservation,Très bonne expérience globale.
FB_1065,CUST_552,2025-05-02,5,Organisation,Le processus de réservation est compliqué.
FB_1066,CUST_421,2025-06-15,3,Réservation,Le support a mis du temps à répondre.
FB_1067,CUST_586,2025-06-18,4,Prix,Expérience premium.
FB_1068,CUST_1073,2024-07-12,5,Qualité service,Le studio créatif est top.
FB_1069,CUST_807,2024-01-24,5,Support client,Le processus de réservation est compliqué.
FB_1070,CUST_1348,2025-01-04,5,Communication,Excellent service client.
FB_1071,CUST_1019,2025-01-24,1,Aucune plainte,Le support a mis du temps à répondre.
FB_1072,CUST_346,2024-12-26,4,Support client,Le processus de réservation est compliqué.
FB_1073,CUST_831,2025-03-04,2,Prix,Le prix est un peu élevé.
FB_1074,CUST_901,2025-02-22,5,Réservation,Très bonne expérience globale.
FB_1075,CUST_1137,2024-03-06,2,Prix,Le processus de réservation est compliqué.
FB_1076,CUST_46,2025-04-05,5,Support client,Excellent service client.
FB_1077,CUST_361,2024-11-03,5,Support client,Je reviendrai pour un prochain événement.
FB_1078,CUST_357,2025-03-30,4,Réservation,Très satisfait de l’ambiance.
FB_1079,CUST_284,2025-06-05,4,Communication,Excellent service client.
FB_1080,CUST_282,2025-05-14,2,Communication,Expérience premium.
FB_1081,CUST_1140,2025-04-28,1,Aucune plainte,Le support a mis du temps à répondre.
FB_1082,CUST_1172,2024-09-11,4,Organisation,Expérience premium.
FB_1083,CUST_105,2024-03-18,5,Qualité service,Le processus de réservation est compliqué.
FB_1084,CUST_193,2024-08-16,5,Support client,Expérience premium.
FB_1085,CUST_247,2025-02-03,5,Réservation,Le studio créatif est top.
FB_1086,CUST_1030,2025-01-07,5,Support client,Le studio créatif est top.
FB_1087,CUST_1202,2025-02-02,3,Réservation,Le support a mis du temps à répondre.
FB_1088,CUST_1162,2024-04-26,2,Réservation,Très satisfait de l’ambiance.
FB_1089,CUST_209,2024-06-07,5,Prix,Très bonne expérience globale.
FB_1090,CUST_416,2024-07-29,5,Support client,Très satisfait de l’ambiance.
FB_1091,CUST_1018,2024-09-19,4,Support client,Le processus de réservation est compliqué.
FB_1092,CUST_1376,2025-01-30,2,Organisation,Très bonne expérience globale.
FB_1093,CUST_43,2025-04-03,1,Qualité service,Très satisfait de l’ambiance.
FB_1094,CUST_13,2024-02-15,5,Communication,Expérience premium.
FB_1095,CUST_1456,2024-07-26,4,Réservation,Le support a mis du temps à répondre.
FB_1096,CUST_1292,2024-03-17,1,Communication,Organisation moyenne.
FB_1097,CUST_1155,2024-07-23,4,Prix,Expérience premium.
FB_1098,CUST_1036,2024-05-24,1,Prix,Expérience premium.
FB_1099,CUST_1449,2025-06-12,5,Communication,Très bonne expérience globale.
FB_1100,CUST_216,2024-11-09,4,Communication,Organisation moyenne.
FB_1101,CUST_1280,2025-01-17,4,Support client,Le prix est un peu élevé.
FB_1102,CUST_595,2024-02-28,3,Qualité service,Excellent service client.
FB_1103,CUST_612,2024-01-13,3,Organisation,Le support a mis du temps à répondre.
FB_1104,CUST_937,2025-03-01,5,Réservation,Très bonne expérience globale.
FB_1105,CUST_415,2025-01-27,4,Aucune plainte,Le processus de réservation est compliqué.
FB_1106,CUST_114,2024-08-07,3,Organisation,Organisation moyenne.
FB_1107,CUST_256,2024-01-02,4,Organisation,Organisation moyenne.
FB_1108,CUST_1445,2025-06-15,5,Support client,Très bonne expérience globale.
FB_1109,CUST_929,2025-06-21,1,Aucune plainte,Le studio créatif est top.
FB_1110,CUST_459,2024-04-11,3,Qualité service,Le processus de réservation est compliqué.
FB_1111,CUST_1293,2024-07-28,4,Aucune plainte,Excellent service client.
FB_1112,CUST_842,2025-02-27,4,Organisation,Le support a mis du temps à répondre.
FB_1113,CUST_1476,2025-06-01,3,Support client,Je reviendrai pour un prochain événement.
FB_1114,CUST_362,2024-08-02,5,Communication,Le processus de réservation est compliqué.
FB_1115,CUST_1444,2024-04-25,5,Prix,Très satisfait de l’ambiance.
FB_1116,CUST_1013,2025-05-21,5,Support client,Très satisfait de l’ambiance.
FB_1117,CUST_1074,2024-08-05,5,Support client,Excellent service client.
FB_1118,CUST_1057,2024-03-15,4,Aucune plainte,Organisation moyenne.
FB_1119,CUST_30,2024-02-26,5,Prix,Organisation moyenne.
FB_1120,CUST_1393,2024-10-31,4,Aucune plainte,Expérience premium.
FB_1121,CUST_878,2025-04-25,4,Communication,Le support a mis du temps à répondre.
FB_1122,CUST_117,2025-01-19,4,Support client,Je reviendrai pour un prochain événement.
FB_1123,CUST_1147,2024-06-29,2,Aucune plainte,Organisation moyenne.
FB_1124,CUST_1317,2024-02-03,1,Organisation,Le studio créatif est top.
FB_1125,CUST_21,2024-10-12,4,Organisation,Le prix est un peu élevé.
FB_1126,CUST_1106,2024-08-21,2,Prix,Très satisfait de l’ambiance.
FB_1127,CUST_992,2024-12-31,4,Communication,Je reviendrai pour un prochain événement.
FB_1128,CUST_67,2025-01-31,1,Aucune plainte,Le processus de réservation est compliqué.
FB_1129,CUST_890,2024-08-05,2,Aucune plainte,Le studio créatif est top.
FB_1130,CUST_456,2025-06-24,2,Support client,Très bonne expérience globale.
FB_1131,CUST_532,2024-11-11,2,Prix,Le processus de réservation est compliqué.
FB_1132,CUST_136,2025-05-20,5,Organisation,Organisation moyenne.
FB_1133,CUST_1400,2024-04-04,5,Organisation,Le support a mis du temps à répondre.
FB_1134,CUST_832,2024-06-19,1,Prix,Très bonne expérience globale.
FB_1135,CUST_859,2024-09-24,2,Réservation,Le processus de réservation est compliqué.
FB_1136,CUST_1454,2025-04-09,2,Communication,Le prix est un peu élevé.
FB_1137,CUST_1305,2024-04-15,1,Réservation,Excellent service client.
FB_1138,CUST_978,2024-04-09,5,Aucune plainte,Le prix est un peu élevé.
FB_1139,CUST_1459,2025-04-15,4,Support client,Le processus de réservation est compliqué.
FB_1140,CUST_486,2024-11-27,1,Communication,Le processus de réservation est compliqué.
FB_1141,CUST_1321,2024-06-08,2,Qualité service,Très bonne expérience globale.
FB_1142,CUST_53,2024-03-17,3,Communication,Très bonne expérience globale.
FB_1143,CUST_611,2024-06-29,1,Organisation,Organisation moyenne.
FB_1144,CUST_418,2024-04-03,5,Réservation,Très bonne expérience globale.
FB_1145,CUST_431,2024-03-17,5,Support client,Je reviendrai pour un prochain événement.
FB_1146,CUST_1220,2025-02-01,4,Aucune plainte,Excellent service client.
FB_1147,CUST_793,2025-02-16,1,Communication,Le studio créatif est top.
FB_1148,CUST_1304,2024-05-26,5,Prix,Très bonne expérience globale.
FB_1149,CUST_998,2024-10-16,3,Qualité service,Expérience premium.
FB_1150,CUST_1409,2024-01-08,4,Support client,Excellent service client.
FB_1151,CUST_355,2024-12-25,3,Prix,Le support a mis du temps à répondre.
FB_1152,CUST_415,2024-01-28,2,Communication,Le processus de réservation est compliqué.
FB_1153,CUST_546,2025-03-07,2,Aucune plainte,Très bonne expérience globale.
FB_1154,CUST_19,2024-11-15,5,Organisation,Je reviendrai pour un prochain événement.
FB_1155,CUST_360,2025-01-21,5,Communication,Excellent service client.
FB_1156,CUST_1195,2024-02-06,5,Réservation,Le prix est un peu élevé.
FB_1157,CUST_918,2024-12-12,2,Prix,Le processus de réservation est compliqué.
FB_1158,CUST_363,2024-01-31,4,Communication,Excellent service client.
FB_1159,CUST_1404,2024-02-26,5,Organisation,Le processus de réservation est compliqué.
FB_1160,CUST_989,2024-10-27,5,Communication,Je reviendrai pour un prochain événement.
FB_1161,CUST_464,2024-04-05,4,Prix,Le support a mis du temps à répondre.
FB_1162,CUST_12,2025-03-05,4,Prix,Excellent service client.
FB_1163,CUST_1306,2024-02-21,3,Communication,Excellent service client.
FB_1164,CUST_1389,2025-06-13,5,Réservation,Le studio créatif est top.
FB_1165,CUST_1302,2024-10-11,3,Organisation,Le prix est un peu élevé.
FB_1166,CUST_1392,2024-11-23,5,Aucune plainte,Très bonne expérience globale.
FB_1167,CUST_1054,2024-01-29,5,Réservation,Le prix est un peu élevé.
FB_1168,CUST_271,2025-02-05,2,Communication,Le studio créatif est top.
FB_1169,CUST_1396,2025-01-04,1,Qualité service,Je reviendrai pour un prochain événement.
FB_1170,CUST_319,2025-03-16,4,Qualité service,Le prix est un peu élevé.
FB_1171,CUST_62,2024-10-01,4,Aucune plainte,Très bonne expérience globale.
FB_1172,CUST_360,2024-08-18,4,Support client,Le support a mis du temps à répondre.
FB_1173,CUST_1062,2025-01-04,4,Qualité service,Je reviendrai pour un prochain événement.
FB_1174,CUST_696,2025-02-01,5,Réservation,Le processus de réservation est compliqué.
FB_1175,CUST_835,2024-03-01,2,Aucune plainte,Expérience premium.
FB_1176,CUST_786,2024-01-22,2,Prix,Très bonne expérience globale.
FB_1177,CUST_1428,2024-04-07,3,Réservation,Le prix est un peu élevé.
FB_1178,CUST_1036,2025-06-18,4,Organisation,Très bonne expérience globale.
FB_1179,CUST_981,2025-02-19,5,Support client,Expérience premium.
FB_1180,CUST_836,2024-04-24,5,Support client,Le support a mis du temps à répondre.
FB_1181,CUST_662,2024-02-03,4,Réservation,Le prix est un peu élevé.
FB_1182,CUST_1184,2024-06-14,4,Communication,Le studio créatif est top.
FB_1183,CUST_1449,2024-12-28,5,Réservation,Très satisfait de l’ambiance.
FB_1184,CUST_1058,2024-04-06,5,Qualité service,Le processus de réservation est compliqué.
FB_1185,CUST_741,2024-05-28,4,Organisation,Je reviendrai pour un prochain événement.
FB_1186,CUST_848,2024-07-19,5,Qualité service,Très satisfait de l’ambiance.
FB_1187,CUST_1319,2024-12-20,4,Qualité service,Organisation moyenne.
FB_1188,CUST_92,2025-05-26,5,Prix,Très bonne expérience globale.
FB_1189,CUST_402,2024-05-25,5,Réservation,Organisation moyenne.
FB_1190,CUST_376,2025-05-12,2,Aucune plainte,Excellent service client.
FB_1191,CUST_860,2025-01-27,5,Réservation,Excellent service client.
FB_1192,CUST_525,2024-10-18,4,Support client,Je reviendrai pour un prochain événement.
FB_1193,CUST_1083,2024-03-31,3,Support client,Le processus de réservation est compliqué.
FB_1194,CUST_234,2025-04-25,2,Organisation,Le studio créatif est top.
FB_1195,CUST_1368,2024-10-29,3,Aucune plainte,Je reviendrai pour un prochain événement.
FB_1196,CUST_1324,2025-01-07,4,Réservation,Très bonne expérience globale.
FB_1197,CUST_942,2024-02-22,1,Qualité service,Expérience premium.
FB_1198,CUST_530,2024-01-19,5,Qualité service,Expérience premium.
FB_1199,CUST_467,2024-12-24,3,Prix,Le support a mis du temps à répondre.
FB_1200,CUST_870,2025-03-10,5,Réservation,Le processus de réservation est compliqué.
FB_1201,CUST_1035,2025-04-04,4,Organisation,Je reviendrai pour un prochain événement.
FB_1202,CUST_1134,2024-07-27,4,Aucune plainte,Très bonne expérience globale.
FB_1203,CUST_701,2024-01-26,4,Prix,Je reviendrai pour un prochain événement.
FB_1204,CUST_156,2024-11-27,1,Organisation,Le prix est un peu élevé.
FB_1205,CUST_90,2024-09-27,4,Qualité service,Je reviendrai pour un prochain événement.
FB_1206,CUST_215,2025-03-28,1,Support client,Excellent service client.
FB_1207,CUST_120,2025-03-04,1,Réservation,Le prix est un peu élevé.
FB_1208,CUST_1283,2025-05-18,1,Communication,Très bonne expérience globale.
FB_1209,CUST_85,2024-06-20,2,Prix,Le support a mis du temps à répondre.
FB_1210,CUST_1030,2024-11-26,5,Prix,Le prix est un peu élevé.
FB_1211,CUST_1305,2024-07-11,3,Aucune plainte,Le studio créatif est top.
FB_1212,CUST_984,2025-03-07,2,Prix,Organisation moyenne.
FB_1213,CUST_941,2024-01-29,5,Réservation,Je reviendrai pour un prochain événement.
FB_1214,CUST_1387,2024-03-11,4,Réservation,Très bonne expérience globale.
FB_1215,CUST_101,2024-04-08,4,Communication,Expérience premium.
FB_1216,CUST_222,2024-02-07,3,Organisation,Je reviendrai pour un prochain événement.
FB_1217,CUST_428,2024-06-17,4,Communication,Excellent service client.
FB_1218,CUST_722,2024-07-28,3,Support client,Expérience premium.
FB_1219,CUST_985,2025-02-19,4,Aucune plainte,Très bonne expérience globale.
FB_1220,CUST_693,2024-06-16,5,Communication,Le support a mis du temps à répondre.
FB_1221,CUST_1255,2025-03-20,5,Prix,Très bonne expérience globale.
FB_1222,CUST_562,2025-01-26,3,Réservation,Très satisfait de l’ambiance.
FB_1223,CUST_404,2025-05-06,3,Communication,Organisation moyenne.
FB_1224,CUST_101,2024-12-30,4,Réservation,Très bonne expérience globale.
FB_1225,CUST_240,2024-09-24,5,Aucune plainte,Le prix est un peu élevé.
FB_1226,CUST_1419,2024-11-09,3,Support client,Expérience premium.
FB_1227,CUST_1138,2024-06-07,3,Aucune plainte,Expérience premium.
FB_1228,CUST_782,2024-06-23,4,Aucune plainte,Très bonne expérience globale.
FB_1229,CUST_609,2024-05-27,4,Qualité service,Le support a mis du temps à répondre.
FB_1230,CUST_1289,2024-04-19,3,Organisation,Le processus de réservation est compliqué.
FB_1231,CUST_706,2024-11-26,4,Prix,Très bonne expérience globale.
FB_1232,CUST_1140,2024-09-09,2,Qualité service,Organisation moyenne.
FB_1233,CUST_238,2025-02-23,3,Organisation,Le prix est un peu élevé.
FB_1234,CUST_1343,2024-05-05,5,Organisation,Organisation moyenne.
FB_1235,CUST_391,2024-02-06,5,Prix,Organisation moyenne.
FB_1236,CUST_69,2024-07-29,5,Support client,Très bonne expérience globale.
FB_1237,CUST_103,2024-12-12,2,Communication,Le studio créatif est top.
FB_1238,CUST_204,2024-08-12,5,Qualité service,Organisation moyenne.
FB_1239,CUST_1182,2024-08-18,5,Prix,Organisation moyenne.
FB_1240,CUST_932,2025-06-23,3,Aucune plainte,Très satisfait de l’ambiance.
FB_1241,CUST_772,2025-05-01,4,Communication,Expérience premium.
FB_1242,CUST_277,2024-05-25,4,Support client,Le prix est un peu élevé.
FB_1243,CUST_645,2024-05-05,5,Réservation,Très bonne expérience globale.
FB_1244,CUST_558,2025-05-16,5,Organisation,Le studio créatif est top.
FB_1245,CUST_804,2024-02-05,4,Communication,Je reviendrai pour un prochain événement.
FB_1246,CUST_198,2024-11-09,3,Qualité service,Je reviendrai pour un prochain événement.
FB_1247,CUST_1067,2024-01-26,5,Organisation,Le prix est un peu élevé.
FB_1248,CUST_502,2024-11-12,3,Communication,Très satisfait de l’ambiance.
FB_1249,CUST_259,2025-04-27,3,Qualité service,Je reviendrai pour un prochain événement.
FB_1250,CUST_1496,2024-09-08,2,Qualité service,Le support a mis du temps à répondre.
FB_1251,CUST_222,2025-01-16,4,Communication,Expérience premium.
FB_1252,CUST_1387,2024-11-18,4,Communication,Expérience premium.
FB_1253,CUST_546,2024-06-16,4,Prix,Très satisfait de l’ambiance.
FB_1254,CUST_1390,2024-08-20,2,Communication,Excellent service client.
FB_1255,CUST_165,2024-06-20,5,Prix,Le studio créatif est top.
FB_1256,CUST_545,2024-02-13,2,Support client,Expérience premium.
FB_1257,CUST_544,2024-03-21,4,Aucune plainte,Le support a mis du temps à répondre.
FB_1258,CUST_1212,2025-02-22,4,Réservation,Le prix est un peu élevé.
FB_1259,CUST_116,2024-09-28,1,Prix,Je reviendrai pour un prochain événement.
FB_1260,CUST_1453,2024-07-14,1,Communication,Très satisfait de l’ambiance.
FB_1261,CUST_72,2025-06-14,4,Prix,Le processus de réservation est compliqué.
FB_1262,CUST_697,2025-06-03,4,Support client,Organisation moyenne.
FB_1263,CUST_636,2024-03-28,4,Qualité service,Très satisfait de l’ambiance.
FB_1264,CUST_581,2024-02-04,5,Support client,Le prix est un peu élevé.
FB_1265,CUST_856,2024-04-15,4,Aucune plainte,Le processus de réservation est compliqué.
FB_1266,CUST_740,2024-10-01,2,Prix,Très satisfait de l’ambiance.
FB_1267,CUST_180,2024-09-03,4,Qualité service,Excellent service client.
FB_1268,CUST_751,2025-04-18,3,Aucune plainte,Le prix est un peu élevé.
FB_1269,CUST_775,2024-08-11,5,Organisation,Je reviendrai pour un prochain événement.
FB_1270,CUST_347,2024-07-16,3,Prix,Le support a mis du temps à répondre.
FB_1271,CUST_980,2025-05-08,4,Support client,Très satisfait de l’ambiance.
FB_1272,CUST_1443,2024-05-26,4,Aucune plainte,Le prix est un peu élevé.
FB_1273,CUST_727,2024-10-20,4,Prix,Très bonne expérience globale.
FB_1274,CUST_1387,2025-03-31,3,Communication,Organisation moyenne.
FB_1275,CUST_1098,2025-05-08,5,Support client,Excellent service client.
FB_1276,CUST_1160,2024-12-18,3,Réservation,Le support a mis du temps à répondre.
FB_1277,CUST_1130,2024-12-23,5,Communication,Je reviendrai pour un prochain événement.
FB_1278,CUST_1268,2025-04-07,5,Prix,Le prix est un peu élevé.
FB_1279,CUST_924,2024-04-10,5,Organisation,Organisation moyenne.
FB_1280,CUST_183,2024-11-30,4,Communication,Très satisfait de l’ambiance.
FB_1281,CUST_1290,2024-08-24,4,Qualité service,Très bonne expérience globale.
FB_1282,CUST_347,2024-01-15,4,Qualité service,Organisation moyenne.
FB_1283,CUST_1128,2024-10-01,3,Prix,Très bonne expérience globale.
FB_1284,CUST_940,2024-05-07,3,Qualité service,Le support a mis du temps à répondre.
FB_1285,CUST_1270,2025-04-30,4,Aucune plainte,Très satisfait de l’ambiance.
FB_1286,CUST_451,2025-01-17,5,Aucune plainte,Organisation moyenne.
FB_1287,CUST_715,2025-06-26,5,Qualité service,Je reviendrai pour un prochain événement.
FB_1288,CUST_530,2024-03-11,4,Organisation,Très bonne expérience globale.
FB_1289,CUST_602,2024-05-12,3,Communication,Le processus de réservation est compliqué.
FB_1290,CUST_844,2025-06-23,5,Communication,Le prix est un peu élevé.
FB_1291,CUST_1358,2025-04-23,3,Qualité service,Très satisfait de l’ambiance.
FB_1292,CUST_661,2024-02-04,5,Support client,Organisation moyenne.
FB_1293,CUST_10,2025-04-13,3,Support client,Très satisfait de l’ambiance.
FB_1294,CUST_617,2024-07-25,1,Organisation,Excellent service client.
FB_1295,CUST_671,2024-04-05,4,Prix,Le studio créatif est top.
FB_1296,CUST_1118,2024-05-16,5,Organisation,Excellent service client.
FB_1297,CUST_1397,2025-06-16,5,Aucune plainte,Je reviendrai pour un prochain événement.
FB_1298,CUST_1058,2024-12-13,1,Prix,Très bonne expérience globale.
FB_1299,CUST_1436,2025-06-21,5,Prix,Je reviendrai pour un prochain événement.
FB_1300,CUST_1491,2024-04-24,4,Communication,Je reviendrai pour un prochain événement.
FB_1301,CUST_1010,2025-05-16,4,Organisation,Le processus de réservation est compliqué.
FB_1302,CUST_357,2025-05-03,2,Qualité service,Très satisfait de l’ambiance.
FB_1303,CUST_698,2024-04-08,3,Prix,Le studio créatif est top.
FB_1304,CUST_935,2024-05-14,5,Prix,Le studio créatif est top.
FB_1305,CUST_362,2024-04-15,4,Réservation,Le support a mis du temps à répondre.
FB_1306,CUST_741,2024-07-31,4,Prix,Le support a mis du temps à répondre.
FB_1307,CUST_846,2025-05-30,4,Aucune plainte,Le processus de réservation est compliqué.
FB_1308,CUST_1330,2024-03-31,3,Communication,Le prix est un peu élevé.
FB_1309,CUST_1354,2025-02-21,1,Prix,Excellent service client.
FB_1310,CUST_156,2025-05-30,3,Qualité service,Le studio créatif est top.
FB_1311,CUST_135,2025-06-17,4,Aucune plainte,Le processus de réservation est compliqué.
FB_1312,CUST_868,2025-06-07,4,Organisation,Très bonne expérience globale.
FB_1313,CUST_1431,2025-04-28,2,Qualité service,Je reviendrai pour un prochain événement.
FB_1314,CUST_948,2025-06-27,4,Aucune plainte,Le support a mis du temps à répondre.
FB_1315,CUST_950,2024-02-01,3,Aucune plainte,Très satisfait de l’ambiance.
FB_1316,CUST_995,2025-05-07,4,Prix,Organisation moyenne.
FB_1317,CUST_501,2025-06-06,4,Communication,Expérience premium.
FB_1318,CUST_221,2024-08-14,4,Organisation,Le support a mis du temps à répondre.
FB_1319,CUST_1392,2024-08-16,5,Aucune plainte,Organisation moyenne.
FB_1320,CUST_252,2024-06-07,5,Support client,Le processus de réservation est compliqué.
FB_1321,CUST_508,2025-04-03,4,Organisation,Le prix est un peu élevé.
FB_1322,CUST_289,2024-10-07,4,Réservation,Excellent service client.
FB_1323,CUST_1262,2024-11-20,3,Support client,Très satisfait de l’ambiance.
FB_1324,CUST_1126,2025-06-12,5,Prix,Le processus de réservation est compliqué.
FB_1325,CUST_1490,2024-02-13,4,Qualité service,Je reviendrai pour un prochain événement.
FB_1326,CUST_541,2025-06-07,4,Support client,Le prix est un peu élevé.
FB_1327,CUST_261,2024-12-14,4,Qualité service,Le processus de réservation est compliqué.
FB_1328,CUST_1368,2024-08-24,5,Support client,Très satisfait de l’ambiance.
FB_1329,CUST_652,2025-05-25,4,Aucune plainte,Expérience premium.
FB_1330,CUST_1330,2024-10-13,4,Aucune plainte,Le prix est un peu élevé.
FB_1331,CUST_1214,2024-10-10,4,Aucune plainte,Le processus de réservation est compliqué.
FB_1332,CUST_1478,2024-01-01,3,Communication,Le prix est un peu élevé.
FB_1333,CUST_652,2024-06-11,1,Organisation,Excellent service client.
FB_1334,CUST_293,2025-03-05,2,Organisation,Le studio créatif est top.
FB_1335,CUST_668,2024-11-10,4,Communication,Le processus de réservation est compliqué.
FB_1336,CUST_1365,2024-08-07,5,Organisation,Organisation moyenne.
FB_1337,CUST_169,2025-03-11,4,Communication,Excellent service client.
FB_1338,CUST_720,2024-05-13,5,Communication,Très satisfait de l’ambiance.
FB_1339,CUST_1461,2024-01-26,4,Support client,Excellent service client.
FB_1340,CUST_1255,2024-12-05,4,Qualité service,Excellent service client.
FB_1341,CUST_481,2025-02-21,4,Support client,Expérience premium.
FB_1342,CUST_1063,2024-02-20,4,Support client,Le studio créatif est top.
FB_1343,CUST_1299,2024-10-25,1,Communication,Expérience premium.
FB_1344,CUST_1400,2024-09-14,4,Communication,Très satisfait de l’ambiance.
FB_1345,CUST_381,2024-09-06,4,Communication,Le support a mis du temps à répondre.
FB_1346,CUST_145,2025-03-02,5,Support client,Organisation moyenne.
FB_1347,CUST_887,2024-10-05,3,Réservation,Le studio créatif est top.
FB_1348,CUST_1322,2025-04-08,4,Communication,Organisation moyenne.
FB_1349,CUST_1216,2025-01-05,4,Qualité service,Expérience premium.
FB_1350,CUST_120,2024-10-10,5,Organisation,Excellent service client.
FB_1351,CUST_398,2025-02-27,1,Qualité service,Organisation moyenne.
FB_1352,CUST_1435,2024-07-15,4,Réservation,Organisation moyenne.
FB_1353,CUST_294,2024-06-19,2,Organisation,Très satisfait de l’ambiance.
FB_1354,CUST_960,2024-02-08,3,Réservation,Je reviendrai pour un prochain événement.
FB_1355,CUST_1098,2024-11-28,1,Réservation,Très satisfait de l’ambiance.
FB_1356,CUST_1165,2025-05-23,4,Prix,Le prix est un peu élevé.
FB_1357,CUST_797,2025-05-05,5,Prix,Expérience premium.
FB_1358,CUST_247,2024-12-06,5,Organisation,Organisation moyenne.
FB_1359,CUST_329,2024-03-14,5,Support client,Le prix est un peu élevé.
FB_1360,CUST_302,2024-01-04,5,Communication,Très satisfait de l’ambiance.
FB_1361,CUST_326,2024-08-01,5,Organisation,Je reviendrai pour un prochain événement.
FB_1362,CUST_1335,2024-01-03,3,Support client,Organisation moyenne.
FB_1363,CUST_1110,2024-02-01,3,Communication,Je reviendrai pour un prochain événement.
FB_1364,CUST_587,2024-04-02,4,Communication,Expérience premium.
FB_1365,CUST_651,2024-01-10,4,Communication,Le support a mis du temps à répondre.
FB_1366,CUST_1039,2024-11-22,5,Aucune plainte,Organisation moyenne.
FB_1367,CUST_550,2025-02-27,5,Aucune plainte,Expérience premium.
FB_1368,CUST_274,2025-04-18,5,Aucune plainte,Le studio créatif est top.
FB_1369,CUST_132,2025-05-29,3,Support client,Excellent service client.
FB_1370,CUST_1203,2024-03-22,3,Organisation,Je reviendrai pour un prochain événement.
FB_1371,CUST_1141,2024-02-03,2,Communication,Le support a mis du temps à répondre.
FB_1372,CUST_929,2024-10-24,2,Aucune plainte,Le prix est un peu élevé.
FB_1373,CUST_318,2025-02-17,3,Réservation,Le support a mis du temps à répondre.
FB_1374,CUST_565,2024-11-23,4,Organisation,Très satisfait de l’ambiance.
FB_1375,CUST_192,2024-08-05,4,Organisation,Le prix est un peu élevé.
FB_1376,CUST_1116,2024-01-12,4,Qualité service,Le studio créatif est top.
FB_1377,CUST_50,2024-01-04,5,Communication,Très bonne expérience globale.
FB_1378,CUST_1422,2024-12-11,5,Communication,Excellent service client.
FB_1379,CUST_1063,2025-06-19,4,Support client,Je reviendrai pour un prochain événement.
FB_1380,CUST_1472,2024-04-28,1,Communication,Très bonne expérience globale.
FB_1381,CUST_61,2024-01-30,5,Communication,Le prix est un peu élevé.
FB_1382,CUST_625,2025-02-21,5,Support client,Le prix est un peu élevé.
FB_1383,CUST_60,2024-12-17,2,Aucune plainte,Le studio créatif est top.
FB_1384,CUST_641,2025-01-22,4,Support client,Le processus de réservation est compliqué.
FB_1385,CUST_905,2024-10-27,3,Réservation,Très satisfait de l’ambiance.
FB_1386,CUST_1364,2025-04-19,4,Aucune plainte,Organisation moyenne.
FB_1387,CUST_20,2024-03-27,3,Prix,Très satisfait de l’ambiance.
FB_1388,CUST_160,2025-04-07,3,Réservation,Le support a mis du temps à répondre.
FB_1389,CUST_162,2024-09-26,4,Aucune plainte,Très satisfait de l’ambiance.
FB_1390,CUST_1413,2024-07-14,3,Prix,Très satisfait de l’ambiance.
FB_1391,CUST_706,2024-01-22,3,Prix,Organisation moyenne.
FB_1392,CUST_168,2024-06-10,5,Réservation,Expérience premium.
FB_1393,CUST_447,2025-03-21,4,Communication,Très bonne expérience globale.
FB_1394,CUST_285,2024-04-28,4,Support client,Le support a mis du temps à répondre.
FB_1395,CUST_144,2025-06-13,4,Réservation,Le prix est un peu élevé.
FB_1396,CUST_424,2024-10-23,4,Prix,Très satisfait de l’ambiance.
FB_1397,CUST_77,2024-08-16,5,Organisation,Le studio créatif est top.
FB_1398,CUST_293,2024-09-23,3,Prix,Très satisfait de l’ambiance.
FB_1399,CUST_852,2024-05-03,5,Prix,Le studio créatif est top.
FB_1400,CUST_1295,2024-02-27,5,Prix,Expérience premium.
FB_1401,CUST_1099,2024-08-01,5,Organisation,Je reviendrai pour un prochain événement.
FB_1402,CUST_433,2024-10-28,3,Aucune plainte,Le processus de réservation est compliqué.
FB_1403,CUST_982,2024-03-27,5,Réservation,Le support a mis du temps à répondre.
FB_1404,CUST_696,2024-12-04,5,Organisation,Expérience premium.
FB_1405,CUST_352,2024-02-01,5,Communication,Le processus de réservation est compliqué.
FB_1406,CUST_1352,2024-12-16,4,Support client,Organisation moyenne.
FB_1407,CUST_1031,2025-05-11,2,Prix,Très bonne expérience globale.
FB_1408,CUST_831,2025-01-25,4,Communication,Le support a mis du temps à répondre.
FB_1409,CUST_253,2025-04-02,5,Prix,Le studio créatif est top.
FB_1410,CUST_757,2024-03-16,4,Réservation,Le prix est un peu élevé.
FB_1411,CUST_1356,2024-02-23,3,Prix,Très satisfait de l’ambiance.
FB_1412,CUST_541,2025-05-12,4,Communication,Le studio créatif est top.
FB_1413,CUST_863,2025-01-04,5,Qualité service,Excellent service client.
FB_1414,CUST_1486,2024-05-11,4,Prix,Je reviendrai pour un prochain événement.
FB_1415,CUST_24,2025-01-27,4,Communication,Le prix est un peu élevé.
FB_1416,CUST_911,2025-03-07,4,Réservation,Le studio créatif est top.
FB_1417,CUST_728,2024-05-01,5,Aucune plainte,Expérience premium.
FB_1418,CUST_871,2024-11-09,3,Qualité service,Très bonne expérience globale.
FB_1419,CUST_222,2024-06-16,4,Organisation,Je reviendrai pour un prochain événement.
FB_1420,CUST_713,2024-11-01,3,Qualité service,Organisation moyenne.
FB_1421,CUST_793,2024-05-21,3,Organisation,Le studio créatif est top.
FB_1422,CUST_882,2025-02-17,4,Aucune plainte,Excellent service client.
FB_1423,CUST_1419,2025-02-01,4,Réservation,Organisation moyenne.
FB_1424,CUST_527,2025-06-17,4,Organisation,Expérience premium.
FB_1425,CUST_458,2025-02-04,4,Aucune plainte,Organisation moyenne.
FB_1426,CUST_962,2025-05-05,4,Prix,Expérience premium.
FB_1427,CUST_433,2024-03-21,5,Réservation,Le prix est un peu élevé.
FB_1428,CUST_862,2024-09-02,3,Aucune plainte,Expérience premium.
FB_1429,CUST_275,2024-10-19,4,Qualité service,Je reviendrai pour un prochain événement.
FB_1430,CUST_757,2024-10-25,3,Réservation,Le processus de réservation est compliqué.
FB_1431,CUST_690,2025-04-14,1,Prix,Le support a mis du temps à répondre.
FB_1432,CUST_375,2024-11-03,3,Qualité service,Le processus de réservation est compliqué.
FB_1433,CUST_596,2025-05-06,4,Aucune plainte,Très bonne expérience globale.
FB_1434,CUST_1190,2024-12-08,3,Support client,Le processus de réservation est compliqué.
FB_1435,CUST_871,2025-05-01,3,Aucune plainte,Le studio créatif est top.
FB_1436,CUST_716,2024-11-21,5,Support client,Expérience premium.
FB_1437,CUST_592,2024-09-08,4,Réservation,Très satisfait de l’ambiance.
FB_1438,CUST_5,2024-01-08,3,Organisation,Le processus de réservation est compliqué.
FB_1439,CUST_138,2024-02-01,3,Communication,Organisation moyenne.
FB_1440,CUST_1181,2024-04-27,4,Aucune plainte,Organisation moyenne.
FB_1441,CUST_911,2025-01-16,4,Communication,Le studio créatif est top.
FB_1442,CUST_84,2024-01-01,5,Communication,Le support a mis du temps à répondre.
FB_1443,CUST_623,2024-01-31,2,Organisation,Expérience premium.
FB_1444,CUST_368,2024-08-08,5,Organisation,Le processus de réservation est compliqué.
FB_1445,CUST_510,2024-11-26,4,Communication,Expérience premium.
FB_1446,CUST_937,2025-05-04,4,Réservation,Très satisfait de l’ambiance.
FB_1447,CUST_1137,2024-09-07,2,Communication,Le studio créatif est top.
FB_1448,CUST_905,2024-03-09,4,Prix,Très satisfait de l’ambiance.
FB_1449,CUST_249,2025-02-20,5,Qualité service,Organisation moyenne.
FB_1450,CUST_1136,2025-02-25,1,Prix,Excellent service client.
FB_1451,CUST_735,2025-02-05,3,Organisation,Le prix est un peu élevé.
FB_1452,CUST_525,2024-09-04,1,Prix,Le processus de réservation est compliqué.
FB_1453,CUST_604,2025-02-23,2,Qualité service,Expérience premium.
FB_1454,CUST_219,2025-06-12,4,Aucune plainte,Expérience premium.
FB_1455,CUST_1069,2024-09-15,4,Réservation,Je reviendrai pour un prochain événement.
FB_1456,CUST_1395,2025-05-13,4,Support client,Le support a mis du temps à répondre.
FB_1457,CUST_479,2024-08-18,4,Réservation,Excellent service client.
FB_1458,CUST_1496,2024-09-19,5,Qualité service,Le support a mis du temps à répondre.
FB_1459,CUST_8,2024-10-21,2,Aucune plainte,Le studio créatif est top.
FB_1460,CUST_1070,2025-01-24,2,Organisation,Très bonne expérience globale.
FB_1461,CUST_1275,2024-03-19,4,Support client,Organisation moyenne.
FB_1462,CUST_891,2024-09-12,5,Organisation,Le processus de réservation est compliqué.
FB_1463,CUST_221,2025-06-29,1,Aucune plainte,Expérience premium.
FB_1464,CUST_645,2024-06-15,5,Réservation,Excellent service client.
FB_1465,CUST_1098,2025-01-29,3,Réservation,Le support a mis du temps à répondre.
FB_1466,CUST_1281,2025-02-12,4,Organisation,Très satisfait de l’ambiance.
FB_1467,CUST_20,2024-02-10,1,Aucune plainte,Expérience premium.
FB_1468,CUST_461,2024-06-22,5,Prix,Le prix est un peu élevé.
FB_1469,CUST_625,2024-11-19,2,Réservation,Très bonne expérience globale.
FB_1470,CUST_2,2024-10-05,5,Aucune plainte,Le support a mis du temps à répondre.
FB_1471,CUST_50,2025-04-12,3,Qualité service,Je reviendrai pour un prochain événement.
FB_1472,CUST_62,2024-05-28,4,Organisation,Très satisfait de l’ambiance.
FB_1473,CUST_787,2024-04-05,4,Prix,Le studio créatif est top.
FB_1474,CUST_1361,2025-04-04,5,Qualité service,Expérience premium.
FB_1475,CUST_955,2024-07-21,5,Prix,Excellent service client.
FB_1476,CUST_772,2024-12-02,4,Support client,Expérience premium.
FB_1477,CUST_444,2024-11-14,5,Aucune plainte,Le prix est un peu élevé.
FB_1478,CUST_1025,2024-10-01,3,Réservation,Le studio créatif est top.
FB_1479,CUST_1033,2025-02-07,5,Aucune plainte,Très satisfait de l’ambiance.
FB_1480,CUST_1468,2024-06-28,5,Support client,Le support a mis du temps à répondre.
FB_1481,CUST_1265,2024-02-24,5,Réservation,Le prix est un peu élevé.
FB_1482,CUST_1080,2024-01-15,3,Organisation,Je reviendrai pour un prochain événement.
FB_1483,CUST_1454,2024-03-05,4,Communication,Excellent service client.
FB_1484,CUST_803,2024-07-03,4,Réservation,Le processus de réservation est compliqué.
FB_1485,CUST_569,2024-08-05,3,Communication,Le support a mis du temps à répondre.
FB_1486,CUST_64,2025-01-05,3,Qualité service,Le prix est un peu élevé.
FB_1487,CUST_688,2024-05-10,5,Support client,Très bonne expérience globale.
FB_1488,CUST_339,2024-08-13,5,Organisation,Je reviendrai pour un prochain événement.
FB_1489,CUST_1294,2025-02-25,4,Prix,Très satisfait de l’ambiance.
FB_1490,CUST_504,2024-09-23,3,Aucune plainte,Le prix est un peu élevé.
FB_1491,CUST_193,2025-06-09,4,Qualité service,Organisation moyenne.
FB_1492,CUST_1373,2024-04-27,5,Qualité service,Excellent service client.
FB_1493,CUST_1469,2024-12-07,5,Réservation,Je reviendrai pour un prochain événement.
FB_1494,CUST_778,2024-07-03,3,Qualité service,Très satisfait de l’ambiance.
FB_1495,CUST_911,2024-05-08,5,Organisation,Très satisfait de l’ambiance.
FB_1496,CUST_166,2024-01-03,4,Organisation,Le prix est un peu élevé.
FB_1497,CUST_297,2024-09-11,5,Organisation,Je reviendrai pour un prochain événement.
FB_1498,CUST_1400,2025-04-10,5,Support client,Le prix est un peu élevé.
FB_1499,CUST_240,2024-09-07,5,Réservation,Très bonne expérience globale.
FB_1500,CUST_888,2025-04-19,4,Organisation,Le prix est un peu élevé.
FB_1501,CUST_852,2025-05-30,5,Réservation,Très bonne expérience globale.
FB_1502,CUST_414,2025-01-18,4,Organisation,Le processus de réservation est compliqué.
FB_1503,CUST_343,2024-09-23,1,Réservation,Le support a mis du temps à répondre.
FB_1504,CUST_632,2024-10-02,4,Réservation,Le prix est un peu élevé.
FB_1505,CUST_1077,2024-05-14,1,Organisation,Très bonne expérience globale.
FB_1506,CUST_171,2025-03-17,2,Organisation,Le support a mis du temps à répondre.
FB_1507,CUST_1389,2025-04-10,3,Communication,Le processus de réservation est compliqué.
FB_1508,CUST_674,2024-12-02,3,Aucune plainte,Excellent service client.
FB_1509,CUST_1459,2024-05-01,3,Réservation,Très satisfait de l’ambiance.
FB_1510,CUST_1365,2024-11-12,3,Support client,Expérience premium.
FB_1511,CUST_1020,2024-09-13,3,Support client,Le processus de réservation est compliqué.
FB_1512,CUST_830,2024-01-17,4,Réservation,Très bonne expérience globale.
FB_1513,CUST_1394,2024-03-03,4,Prix,Excellent service client.
FB_1514,CUST_975,2024-04-20,4,Aucune plainte,Le studio créatif est top.
FB_1515,CUST_1197,2025-05-23,3,Support client,Le support a mis du temps à répondre.
FB_1516,CUST_848,2024-07-12,4,Support client,Très bonne expérience globale.
FB_1517,CUST_685,2024-09-02,5,Qualité service,Excellent service client.
FB_1518,CUST_575,2024-07-09,5,Prix,Très satisfait de l’ambiance.
FB_1519,CUST_116,2024-05-25,1,Réservation,Le support a mis du temps à répondre.
FB_1520,CUST_1263,2025-01-11,4,Qualité service,Très satisfait de l’ambiance.
FB_1521,CUST_841,2024-05-31,5,Réservation,Expérience premium.
FB_1522,CUST_1496,2025-05-24,3,Support client,Le support a mis du temps à répondre.
FB_1523,CUST_179,2025-03-29,4,Prix,Excellent service client.
FB_1524,CUST_1389,2024-09-05,4,Support client,Je reviendrai pour un prochain événement.
FB_1525,CUST_319,2024-07-31,1,Organisation,Le support a mis du temps à répondre.
FB_1526,CUST_918,2024-03-22,5,Organisation,Organisation moyenne.
FB_1527,CUST_537,2024-12-27,5,Organisation,Le studio créatif est top.
FB_1528,CUST_480,2025-06-27,5,Support client,Organisation moyenne.
FB_1529,CUST_698,2024-01-16,4,Organisation,Le support a mis du temps à répondre.
FB_1530,CUST_1231,2025-05-08,2,Support client,Organisation moyenne.
FB_1531,CUST_36,2024-09-05,4,Organisation,Excellent service client.
FB_1532,CUST_162,2024-01-13,4,Aucune plainte,Organisation moyenne.
FB_1533,CUST_1455,2025-03-18,5,Qualité service,Expérience premium.
FB_1534,CUST_67,2025-06-19,3,Support client,Très bonne expérience globale.
FB_1535,CUST_584,2025-04-06,5,Réservation,Très satisfait de l’ambiance.
FB_1536,CUST_83,2024-06-10,4,Qualité service,Très satisfait de l’ambiance.
FB_1537,CUST_490,2025-04-23,1,Prix,Le processus de réservation est compliqué.
FB_1538,CUST_303,2025-04-03,2,Organisation,Organisation moyenne.
FB_1539,CUST_755,2025-04-02,3,Communication,Le support a mis du temps à répondre.
FB_1540,CUST_834,2024-02-24,5,Organisation,Très bonne expérience globale.
FB_1541,CUST_291,2024-05-15,1,Réservation,Le processus de réservation est compliqué.
FB_1542,CUST_798,2024-02-16,3,Support client,Expérience premium.
FB_1543,CUST_674,2024-02-18,5,Réservation,Excellent service client.
FB_1544,CUST_1076,2024-01-22,4,Support client,Je reviendrai pour un prochain événement.
FB_1545,CUST_255,2025-06-29,3,Communication,Excellent service client.
FB_1546,CUST_401,2024-06-20,1,Réservation,Je reviendrai pour un prochain événement.
FB_1547,CUST_1402,2024-10-02,1,Communication,Excellent service client.
FB_1548,CUST_1197,2024-04-13,4,Aucune plainte,Organisation moyenne.
FB_1549,CUST_1136,2024-01-01,2,Prix,Très bonne expérience globale.
FB_1550,CUST_811,2024-07-19,5,Communication,Le processus de réservation est compliqué.
FB_1551,CUST_204,2024-03-14,5,Organisation,Je reviendrai pour un prochain événement.
FB_1552,CUST_399,2024-05-08,5,Aucune plainte,Très satisfait de l’ambiance.
FB_1553,CUST_192,2025-03-01,4,Réservation,Le studio créatif est top.
FB_1554,CUST_299,2024-03-08,5,Communication,Expérience premium.
FB_1555,CUST_287,2024-08-13,3,Communication,Le support a mis du temps à répondre.
FB_1556,CUST_1035,2025-03-06,3,Qualité service,Très bonne expérience globale.
FB_1557,CUST_253,2024-09-10,2,Qualité service,Excellent service client.
FB_1558,CUST_280,2024-01-12,4,Aucune plainte,Très satisfait de l’ambiance.
FB_1559,CUST_805,2024-03-22,4,Organisation,Excellent service client.
FB_1560,CUST_464,2024-07-01,2,Prix,Expérience premium.
FB_1561,CUST_1058,2024-02-17,1,Communication,Je reviendrai pour un prochain événement.
FB_1562,CUST_1421,2024-03-12,5,Communication,Très satisfait de l’ambiance.
FB_1563,CUST_1141,2024-10-01,3,Aucune plainte,Organisation moyenne.
FB_1564,CUST_457,2025-01-21,1,Réservation,Le processus de réservation est compliqué.
FB_1565,CUST_1189,2024-08-28,2,Communication,Le processus de réservation est compliqué.
FB_1566,CUST_985,2024-08-05,2,Réservation,Très satisfait de l’ambiance.
FB_1567,CUST_1229,2024-09-15,5,Communication,Le prix est un peu élevé.
FB_1568,CUST_1064,2024-02-09,4,Support client,Très satisfait de l’ambiance.
FB_1569,CUST_1463,2024-03-03,4,Qualité service,Excellent service client.
FB_1570,CUST_465,2025-05-18,5,Organisation,Organisation moyenne.
FB_1571,CUST_963,2024-06-17,1,Aucune plainte,Organisation moyenne.
FB_1572,CUST_821,2024-04-30,1,Communication,Le processus de réservation est compliqué.
FB_1573,CUST_688,2024-01-27,4,Réservation,Le studio créatif est top.
FB_1574,CUST_425,2025-06-29,4,Qualité service,Le prix est un peu élevé.
FB_1575,CUST_1149,2024-04-07,4,Qualité service,Le support a mis du temps à répondre.
FB_1576,CUST_1065,2025-02-04,3,Qualité service,Très satisfait de l’ambiance.
FB_1577,CUST_1209,2024-12-04,4,Réservation,Le studio créatif est top.
FB_1578,CUST_28,2025-01-08,4,Aucune plainte,Excellent service client.
FB_1579,CUST_1439,2024-08-18,4,Communication,Le support a mis du temps à répondre.
FB_1580,CUST_195,2024-10-13,5,Organisation,Le prix est un peu élevé.
FB_1581,CUST_935,2024-01-22,5,Support client,Expérience premium.
FB_1582,CUST_765,2024-08-10,5,Communication,Organisation moyenne.
FB_1583,CUST_573,2024-10-16,4,Support client,Très satisfait de l’ambiance.
FB_1584,CUST_997,2024-11-18,2,Support client,Très bonne expérience globale.
FB_1585,CUST_1443,2024-01-05,3,Support client,Excellent service client.
FB_1586,CUST_858,2024-07-17,3,Prix,Très bonne expérience globale.
FB_1587,CUST_1171,2024-09-27,4,Organisation,Le processus de réservation est compliqué.
FB_1588,CUST_1289,2024-01-27,5,Support client,Très bonne expérience globale.
FB_1589,CUST_376,2024-01-03,1,Communication,Le studio créatif est top.
FB_1590,CUST_1449,2024-12-23,3,Communication,Le support a mis du temps à répondre.
FB_1591,CUST_1302,2024-07-26,5,Support client,Expérience premium.
FB_1592,CUST_888,2025-03-20,5,Support client,Le prix est un peu élevé.
FB_1593,CUST_1464,2025-03-10,3,Prix,Le support a mis du temps à répondre.
FB_1594,CUST_966,2024-03-23,2,Support client,Le processus de réservation est compliqué.
FB_1595,CUST_1462,2024-07-26,1,Support client,Le support a mis du temps à répondre.
FB_1596,CUST_1425,2025-06-03,2,Communication,Le processus de réservation est compliqué.
FB_1597,CUST_853,2025-02-01,5,Qualité service,Excellent service client.
FB_1598,CUST_1187,2024-01-30,4,Aucune plainte,Je reviendrai pour un prochain événement.
FB_1599,CUST_1422,2024-01-14,4,Qualité service,Organisation moyenne.
FB_1600,CUST_1378,2025-03-15,5,Aucune plainte,Le prix est un peu élevé.
FB_1601,CUST_494,2024-06-19,5,Organisation,Très bonne expérience globale.
FB_1602,CUST_342,2024-11-05,3,Prix,Très bonne expérience globale.
FB_1603,CUST_984,2025-02-11,5,Qualité service,Le studio créatif est top.
FB_1604,CUST_1349,2025-05-10,2,Aucune plainte,Le processus de réservation est compliqué.
FB_1605,CUST_1033,2025-03-31,2,Communication,Organisation moyenne.
FB_1606,CUST_1077,2024-04-18,1,Organisation,Le prix est un peu élevé.
FB_1607,CUST_685,2025-04-09,5,Communication,Excellent service client.
FB_1608,CUST_1465,2025-01-11,2,Réservation,Le processus de réservation est compliqué.
FB_1609,CUST_638,2025-03-04,4,Support client,Le studio créatif est top.
FB_1610,CUST_145,2024-04-27,1,Communication,Très bonne expérience globale.
FB_1611,CUST_381,2025-02-08,4,Organisation,Très satisfait de l’ambiance.
FB_1612,CUST_385,2024-10-07,4,Qualité service,Je reviendrai pour un prochain événement.
FB_1613,CUST_915,2024-04-13,3,Prix,Le support a mis du temps à répondre.
FB_1614,CUST_1388,2024-11-14,4,Organisation,Le support a mis du temps à répondre.
FB_1615,CUST_1471,2024-07-15,4,Réservation,Le processus de réservation est compliqué.
FB_1616,CUST_283,2024-12-17,2,Communication,Le studio créatif est top.
FB_1617,CUST_853,2025-01-23,4,Support client,Expérience premium.
FB_1618,CUST_918,2025-05-18,4,Support client,Excellent service client.
FB_1619,CUST_1250,2025-01-17,2,Qualité service,Très satisfait de l’ambiance.
FB_1620,CUST_64,2024-02-04,3,Prix,Excellent service client.
FB_1621,CUST_1067,2025-05-06,5,Aucune plainte,Le prix est un peu élevé.
FB_1622,CUST_548,2024-09-28,4,Aucune plainte,Expérience premium.
FB_1623,CUST_996,2024-12-27,4,Aucune plainte,Le studio créatif est top.
FB_1624,CUST_828,2024-03-19,3,Support client,Le prix est un peu élevé.
FB_1625,CUST_861,2025-01-24,5,Qualité service,Excellent service client.
FB_1626,CUST_860,2024-05-24,3,Qualité service,Je reviendrai pour un prochain événement.
FB_1627,CUST_1044,2025-05-14,5,Prix,Le support a mis du temps à répondre.
FB_1628,CUST_164,2025-03-04,1,Aucune plainte,Le support a mis du temps à répondre.
FB_1629,CUST_550,2024-12-18,4,Qualité service,Excellent service client.
FB_1630,CUST_1051,2024-08-23,5,Organisation,Je reviendrai pour un prochain événement.
FB_1631,CUST_1014,2024-04-03,4,Support client,Expérience premium.
FB_1632,CUST_188,2024-01-18,4,Organisation,Organisation moyenne.
FB_1633,CUST_1206,2024-03-30,3,Qualité service,Très satisfait de l’ambiance.
FB_1634,CUST_1391,2025-02-11,1,Support client,Excellent service client.
FB_1635,CUST_498,2024-01-28,5,Organisation,Organisation moyenne.
FB_1636,CUST_381,2024-02-29,3,Aucune plainte,Organisation moyenne.
FB_1637,CUST_690,2024-08-08,3,Prix,Je reviendrai pour un prochain événement.
FB_1638,CUST_162,2024-07-28,4,Réservation,Très satisfait de l’ambiance.
FB_1639,CUST_849,2025-06-24,1,Organisation,Le studio créatif est top.
FB_1640,CUST_68,2025-03-29,4,Support client,Excellent service client.
FB_1641,CUST_590,2024-10-18,4,Réservation,Je reviendrai pour un prochain événement.
FB_1642,CUST_643,2024-04-06,4,Communication,Très satisfait de l’ambiance.
FB_1643,CUST_615,2024-05-27,2,Organisation,Le studio créatif est top.
FB_1644,CUST_881,2024-10-24,3,Organisation,Très satisfait de l’ambiance.
FB_1645,CUST_208,2024-10-19,4,Prix,Expérience premium.
FB_1646,CUST_1462,2024-07-24,2,Organisation,Excellent service client.
FB_1647,CUST_68,2024-11-05,4,Aucune plainte,Expérience premium.
FB_1648,CUST_504,2024-06-25,4,Réservation,Le prix est un peu élevé.
FB_1649,CUST_820,2025-03-06,4,Organisation,Expérience premium.
FB_1650,CUST_1188,2024-02-11,4,Réservation,Je reviendrai pour un prochain événement.
FB_1651,CUST_329,2025-06-22,5,Communication,Le processus de réservation est compliqué.
FB_1652,CUST_801,2025-03-24,4,Prix,Excellent service client.
FB_1653,CUST_336,2024-04-14,5,Prix,Le support a mis du temps à répondre.
FB_1654,CUST_529,2025-06-17,2,Qualité service,Organisation moyenne.
FB_1655,CUST_1062,2025-04-21,4,Communication,Excellent service client.
FB_1656,CUST_610,2024-09-29,1,Support client,Le prix est un peu élevé.
FB_1657,CUST_498,2025-03-28,5,Qualité service,Je reviendrai pour un prochain événement.
FB_1658,CUST_1213,2024-09-24,5,Communication,Très satisfait de l’ambiance.
FB_1659,CUST_931,2024-12-15,4,Support client,Le processus de réservation est compliqué.
FB_1660,CUST_1197,2024-11-06,4,Organisation,Très satisfait de l’ambiance.
FB_1661,CUST_608,2025-06-12,5,Support client,Le prix est un peu élevé.
FB_1662,CUST_1130,2025-02-26,4,Aucune plainte,Le studio créatif est top.
FB_1663,CUST_419,2025-01-14,1,Aucune plainte,Excellent service client.
FB_1664,CUST_1185,2025-01-15,4,Prix,Organisation moyenne.
FB_1665,CUST_30,2024-10-31,3,Qualité service,Le studio créatif est top.
FB_1666,CUST_1305,2024-01-30,4,Support client,Le support a mis du temps à répondre.
FB_1667,CUST_1132,2024-01-08,4,Réservation,Le studio créatif est top.
FB_1668,CUST_1087,2024-09-23,4,Qualité service,Organisation moyenne.
FB_1669,CUST_644,2024-02-14,4,Communication,Je reviendrai pour un prochain événement.
FB_1670,CUST_324,2025-04-15,4,Aucune plainte,Excellent service client.
FB_1671,CUST_287,2024-09-12,2,Communication,Très satisfait de l’ambiance.
FB_1672,CUST_179,2024-02-17,4,Support client,Excellent service client.
FB_1673,CUST_69,2024-07-20,3,Réservation,Organisation moyenne.
FB_1674,CUST_444,2024-06-29,4,Support client,Le processus de réservation est compliqué.
FB_1675,CUST_830,2024-09-19,3,Réservation,Organisation moyenne.
FB_1676,CUST_692,2024-05-01,4,Aucune plainte,Excellent service client.
FB_1677,CUST_448,2025-01-08,5,Réservation,Le prix est un peu élevé.
FB_1678,CUST_208,2025-05-13,4,Support client,Le support a mis du temps à répondre.
FB_1679,CUST_249,2024-11-14,4,Support client,Je reviendrai pour un prochain événement.
FB_1680,CUST_973,2024-04-11,2,Support client,Expérience premium.
FB_1681,CUST_828,2024-04-21,1,Aucune plainte,Je reviendrai pour un prochain événement.
FB_1682,CUST_363,2025-04-18,5,Organisation,Le prix est un peu élevé.
FB_1683,CUST_1144,2024-06-22,5,Organisation,Excellent service client.
FB_1684,CUST_545,2024-11-16,4,Réservation,Organisation moyenne.
FB_1685,CUST_526,2024-01-09,4,Prix,Le studio créatif est top.
FB_1686,CUST_324,2025-05-01,1,Communication,Le studio créatif est top.
FB_1687,CUST_1319,2024-04-17,5,Communication,Organisation moyenne.
FB_1688,CUST_1274,2024-12-12,2,Support client,Expérience premium.
FB_1689,CUST_1385,2024-01-05,5,Aucune plainte,Le studio créatif est top.
FB_1690,CUST_769,2024-10-15,3,Organisation,Je reviendrai pour un prochain événement.
FB_1691,CUST_26,2024-01-15,5,Aucune plainte,Excellent service client.
FB_1692,CUST_249,2024-01-30,5,Support client,Organisation moyenne.
FB_1693,CUST_529,2024-06-12,2,Qualité service,Très bonne expérience globale.
FB_1694,CUST_1087,2025-02-16,3,Aucune plainte,Expérience premium.
FB_1695,CUST_657,2025-02-02,3,Qualité service,Je reviendrai pour un prochain événement.
FB_1696,CUST_1458,2024-02-03,2,Organisation,Excellent service client.
FB_1697,CUST_1171,2025-04-20,4,Réservation,Le processus de réservation est compliqué.
FB_1698,CUST_1020,2025-03-01,4,Organisation,Le studio créatif est top.
FB_1699,CUST_1433,2024-05-12,4,Prix,Excellent service client.
FB_1700,CUST_584,2025-01-29,3,Prix,Très satisfait de l’ambiance.
FB_1701,CUST_1449,2024-02-14,5,Organisation,Très bonne expérience globale.
FB_1702,CUST_1181,2025-01-08,4,Aucune plainte,Le prix est un peu élevé.
FB_1703,CUST_1349,2025-06-22,5,Organisation,Très bonne expérience globale.
FB_1704,CUST_63,2024-01-08,4,Aucune plainte,Très bonne expérience globale.
FB_1705,CUST_1482,2024-12-06,5,Communication,Organisation moyenne.
FB_1706,CUST_390,2024-06-06,4,Communication,Organisation moyenne.
FB_1707,CUST_367,2025-05-05,4,Support client,Le processus de réservation est compliqué.
FB_1708,CUST_743,2024-02-22,5,Prix,Très bonne expérience globale.
FB_1709,CUST_326,2025-04-10,1,Support client,Organisation moyenne.
FB_1710,CUST_467,2024-03-05,5,Communication,Expérience premium.
FB_1711,CUST_1232,2024-06-23,5,Prix,Expérience premium.
FB_1712,CUST_1342,2025-04-23,3,Qualité service,Très satisfait de l’ambiance.
FB_1713,CUST_241,2024-06-20,2,Réservation,Le prix est un peu élevé.
FB_1714,CUST_22,2024-12-22,5,Qualité service,Le prix est un peu élevé.
FB_1715,CUST_1061,2024-03-01,4,Support client,Le processus de réservation est compliqué.
FB_1716,CUST_1256,2025-04-10,5,Organisation,Le processus de réservation est compliqué.
FB_1717,CUST_130,2024-11-11,5,Prix,Organisation moyenne.
FB_1718,CUST_1060,2025-02-22,3,Organisation,Excellent service client.
FB_1719,CUST_1181,2024-11-09,4,Qualité service,Très satisfait de l’ambiance.
FB_1720,CUST_832,2024-07-24,4,Support client,Organisation moyenne.
FB_1721,CUST_723,2025-05-14,4,Réservation,Expérience premium.
FB_1722,CUST_693,2024-11-27,3,Aucune plainte,Très bonne expérience globale.
FB_1723,CUST_868,2024-05-24,5,Qualité service,Excellent service client.
FB_1724,CUST_977,2024-09-02,3,Support client,Organisation moyenne.
FB_1725,CUST_334,2025-05-31,3,Support client,Le processus de réservation est compliqué.
FB_1726,CUST_51,2025-06-11,4,Réservation,Très satisfait de l’ambiance.
FB_1727,CUST_541,2024-08-08,4,Support client,Expérience premium.
FB_1728,CUST_295,2024-04-09,5,Aucune plainte,Expérience premium.
FB_1729,CUST_243,2024-01-28,3,Organisation,Le studio créatif est top.
FB_1730,CUST_172,2025-01-09,3,Qualité service,Le processus de réservation est compliqué.
FB_1731,CUST_6,2025-02-23,2,Qualité service,Expérience premium.
FB_1732,CUST_652,2024-02-28,5,Qualité service,Expérience premium.
FB_1733,CUST_848,2024-10-31,1,Communication,Expérience premium.
FB_1734,CUST_421,2024-12-01,4,Prix,Très bonne expérience globale.
FB_1735,CUST_1120,2024-07-10,4,Support client,Organisation moyenne.
FB_1736,CUST_1479,2024-04-08,3,Support client,Je reviendrai pour un prochain événement.
FB_1737,CUST_5,2024-03-23,5,Organisation,Expérience premium.
FB_1738,CUST_332,2024-05-03,4,Prix,Organisation moyenne.
FB_1739,CUST_703,2024-10-13,3,Organisation,Je reviendrai pour un prochain événement.
FB_1740,CUST_689,2025-05-10,3,Réservation,Très bonne expérience globale.
FB_1741,CUST_1416,2024-02-15,4,Prix,Très satisfait de l’ambiance.
FB_1742,CUST_1449,2024-07-07,4,Support client,Organisation moyenne.
FB_1743,CUST_43,2025-02-11,3,Organisation,Très bonne expérience globale.
FB_1744,CUST_783,2025-05-20,4,Aucune plainte,Très bonne expérience globale.
FB_1745,CUST_1327,2024-01-24,3,Support client,Très bonne expérience globale.
FB_1746,CUST_891,2024-03-23,4,Communication,Je reviendrai pour un prochain événement.
FB_1747,CUST_787,2024-08-03,5,Qualité service,Le support a mis du temps à répondre.
FB_1748,CUST_265,2025-04-02,3,Prix,Expérience premium.
FB_1749,CUST_63,2024-05-11,3,Support client,Le support a mis du temps à répondre.
FB_1750,CUST_1332,2025-03-07,4,Qualité service,Organisation moyenne.
FB_1751,CUST_1379,2024-10-01,4,Organisation,Très bonne expérience globale.
FB_1752,CUST_461,2024-01-02,2,Qualité service,Organisation moyenne.
FB_1753,CUST_356,2024-04-23,2,Prix,Très satisfait de l’ambiance.
FB_1754,CUST_1160,2024-06-05,3,Prix,Je reviendrai pour un prochain événement.
FB_1755,CUST_829,2024-10-19,5,Qualité service,Très bonne expérience globale.
FB_1756,CUST_606,2024-01-05,2,Réservation,Le prix est un peu élevé.
FB_1757,CUST_153,2024-02-10,4,Qualité service,Le studio créatif est top.
FB_1758,CUST_443,2024-05-22,3,Réservation,Très satisfait de l’ambiance.
FB_1759,CUST_858,2024-02-21,4,Réservation,Le studio créatif est top.
FB_1760,CUST_1192,2025-05-11,5,Support client,Je reviendrai pour un prochain événement.
FB_1761,CUST_665,2025-06-29,4,Réservation,Le studio créatif est top.
FB_1762,CUST_751,2025-01-30,3,Aucune plainte,Organisation moyenne.
FB_1763,CUST_1445,2024-08-05,3,Prix,Organisation moyenne.
FB_1764,CUST_1107,2024-01-31,5,Aucune plainte,Très bonne expérience globale.
FB_1765,CUST_928,2024-02-07,4,Support client,Très satisfait de l’ambiance.
FB_1766,CUST_175,2024-09-12,3,Communication,Je reviendrai pour un prochain événement.
FB_1767,CUST_541,2024-03-23,4,Support client,Je reviendrai pour un prochain événement.
FB_1768,CUST_1129,2024-05-17,1,Prix,Le processus de réservation est compliqué.
FB_1769,CUST_1294,2024-07-18,1,Support client,Expérience premium.
FB_1770,CUST_628,2025-05-03,5,Communication,Excellent service client.
FB_1771,CUST_181,2024-08-07,5,Support client,Très satisfait de l’ambiance.
FB_1772,CUST_936,2024-07-10,5,Support client,Le studio créatif est top.
FB_1773,CUST_929,2025-01-22,3,Communication,Le support a mis du temps à répondre.
FB_1774,CUST_312,2024-12-31,3,Réservation,Organisation moyenne.
FB_1775,CUST_232,2025-02-27,4,Communication,Organisation moyenne.
FB_1776,CUST_365,2025-01-03,1,Communication,Très satisfait de l’ambiance.
FB_1777,CUST_425,2024-09-30,5,Organisation,Le studio créatif est top.
FB_1778,CUST_720,2025-06-21,2,Communication,Je reviendrai pour un prochain événement.
FB_1779,CUST_1438,2025-06-06,4,Prix,Très bonne expérience globale.
FB_1780,CUST_1490,2024-02-22,1,Réservation,Le support a mis du temps à répondre.
FB_1781,CUST_1012,2024-09-24,4,Réservation,Le support a mis du temps à répondre.
FB_1782,CUST_1276,2024-09-12,3,Communication,Expérience premium.
FB_1783,CUST_14,2025-06-05,3,Organisation,Je reviendrai pour un prochain événement.
FB_1784,CUST_1030,2025-06-04,3,Communication,Très bonne expérience globale.
FB_1785,CUST_242,2024-10-20,5,Qualité service,Je reviendrai pour un prochain événement.
FB_1786,CUST_1369,2025-01-15,1,Qualité service,Très satisfait de l’ambiance.
FB_1787,CUST_533,2024-08-05,5,Communication,Très bonne expérience globale.
FB_1788,CUST_177,2025-03-13,4,Réservation,Le prix est un peu élevé.
FB_1789,CUST_1283,2024-03-08,4,Organisation,Très satisfait de l’ambiance.
FB_1790,CUST_1249,2024-05-03,2,Qualité service,Le studio créatif est top.
FB_1791,CUST_66,2025-01-07,4,Réservation,Le support a mis du temps à répondre.
FB_1792,CUST_1084,2024-10-13,2,Organisation,Organisation moyenne.
FB_1793,CUST_694,2024-04-15,4,Prix,Le processus de réservation est compliqué.
FB_1794,CUST_190,2024-10-22,1,Qualité service,Expérience premium.
FB_1795,CUST_994,2025-04-16,5,Communication,Le prix est un peu élevé.
FB_1796,CUST_629,2024-03-23,4,Support client,Le prix est un peu élevé.
FB_1797,CUST_625,2025-01-21,4,Support client,Le studio créatif est top.
FB_1798,CUST_47,2024-10-28,5,Prix,Très satisfait de l’ambiance.
FB_1799,CUST_573,2024-02-22,5,Organisation,Expérience premium.
FB_1800,CUST_336,2024-01-03,5,Organisation,Le support a mis du temps à répondre.
FB_1801,CUST_103,2024-06-07,4,Réservation,Excellent service client.
FB_1802,CUST_381,2025-03-01,4,Réservation,Le studio créatif est top.
FB_1803,CUST_285,2024-09-15,5,Prix,Je reviendrai pour un prochain événement.
FB_1804,CUST_916,2025-05-06,4,Organisation,Organisation moyenne.
FB_1805,CUST_243,2024-08-05,4,Communication,Le prix est un peu élevé.
FB_1806,CUST_1031,2025-02-04,4,Aucune plainte,Organisation moyenne.
FB_1807,CUST_1012,2025-05-07,5,Communication,Je reviendrai pour un prochain événement.
FB_1808,CUST_362,2024-11-19,4,Aucune plainte,Organisation moyenne.
FB_1809,CUST_645,2024-10-26,2,Support client,Expérience premium.
FB_1810,CUST_831,2025-02-28,4,Prix,Le prix est un peu élevé.
FB_1811,CUST_778,2025-04-02,5,Qualité service,Très bonne expérience globale.
FB_1812,CUST_499,2024-01-29,5,Prix,Le prix est un peu élevé.
FB_1813,CUST_541,2024-05-17,5,Aucune plainte,Le support a mis du temps à répondre.
FB_1814,CUST_179,2024-11-22,4,Communication,Je reviendrai pour un prochain événement.
FB_1815,CUST_365,2024-03-04,2,Qualité service,Organisation moyenne.
FB_1816,CUST_777,2024-11-05,5,Organisation,Le support a mis du temps à répondre.
FB_1817,CUST_1024,2025-03-28,4,Réservation,Le support a mis du temps à répondre.
FB_1818,CUST_284,2024-04-06,4,Communication,Organisation moyenne.
FB_1819,CUST_1367,2024-04-02,3,Communication,Organisation moyenne.
FB_1820,CUST_183,2024-09-04,4,Prix,Le prix est un peu élevé.
FB_1821,CUST_235,2025-06-16,4,Prix,Le support a mis du temps à répondre.
FB_1822,CUST_1087,2024-11-10,2,Qualité service,Excellent service client.
FB_1823,CUST_1389,2024-09-24,3,Qualité service,Le processus de réservation est compliqué.
FB_1824,CUST_522,2024-07-25,2,Réservation,Organisation moyenne.
FB_1825,CUST_1083,2024-02-27,5,Prix,Je reviendrai pour un prochain événement.
FB_1826,CUST_624,2024-12-21,3,Communication,Le prix est un peu élevé.
FB_1827,CUST_399,2024-04-14,5,Prix,Le studio créatif est top.
FB_1828,CUST_1376,2024-10-03,5,Réservation,Le prix est un peu élevé.
FB_1829,CUST_416,2024-10-16,4,Organisation,Très satisfait de l’ambiance.
FB_1830,CUST_547,2024-07-24,2,Qualité service,Très bonne expérience globale.
FB_1831,CUST_217,2024-06-06,3,Communication,Je reviendrai pour un prochain événement.
FB_1832,CUST_70,2024-02-04,2,Qualité service,Le prix est un peu élevé.
FB_1833,CUST_1285,2024-02-15,5,Aucune plainte,Le studio créatif est top.
FB_1834,CUST_919,2025-02-01,3,Réservation,Je reviendrai pour un prochain événement.
FB_1835,CUST_525,2024-07-31,3,Qualité service,Très satisfait de l’ambiance.
FB_1836,CUST_27,2024-01-03,2,Qualité service,Très satisfait de l’ambiance.
FB_1837,CUST_1069,2024-08-01,3,Réservation,Très satisfait de l’ambiance.
FB_1838,CUST_753,2024-10-11,1,Communication,Le processus de réservation est compliqué.
FB_1839,CUST_911,2025-05-22,1,Prix,Le support a mis du temps à répondre.
FB_1840,CUST_1225,2024-06-03,2,Qualité service,Le prix est un peu élevé.
FB_1841,CUST_1115,2024-10-02,4,Qualité service,Excellent service client.
FB_1842,CUST_497,2024-12-25,5,Aucune plainte,Le studio créatif est top.
FB_1843,CUST_387,2024-05-13,4,Qualité service,Très satisfait de l’ambiance.
FB_1844,CUST_149,2025-06-03,3,Réservation,Je reviendrai pour un prochain événement.
FB_1845,CUST_981,2025-01-07,2,Aucune plainte,Le processus de réservation est compliqué.
FB_1846,CUST_1386,2024-09-08,3,Qualité service,Le studio créatif est top.
FB_1847,CUST_67,2024-06-06,5,Réservation,Très bonne expérience globale.
FB_1848,CUST_261,2024-11-23,5,Réservation,Excellent service client.
FB_1849,CUST_829,2024-02-16,5,Aucune plainte,Le prix est un peu élevé.
FB_1850,CUST_1489,2024-08-19,4,Aucune plainte,Je reviendrai pour un prochain événement.
FB_1851,CUST_493,2025-01-09,4,Organisation,Le processus de réservation est compliqué.
FB_1852,CUST_296,2025-04-29,3,Qualité service,Le processus de réservation est compliqué.
FB_1853,CUST_1493,2024-07-20,3,Organisation,Le studio créatif est top.
FB_1854,CUST_244,2024-02-06,5,Communication,Organisation moyenne.
FB_1855,CUST_855,2024-08-18,3,Réservation,Le support a mis du temps à répondre.
FB_1856,CUST_1041,2025-02-15,3,Réservation,Expérience premium.
FB_1857,CUST_893,2024-03-05,4,Prix,Organisation moyenne.
FB_1858,CUST_1424,2024-09-23,5,Organisation,Expérience premium.
FB_1859,CUST_1498,2025-03-25,3,Support client,Très satisfait de l’ambiance.
FB_1860,CUST_711,2024-02-13,1,Réservation,Le support a mis du temps à répondre.
FB_1861,CUST_1042,2025-05-15,4,Prix,Excellent service client.
FB_1862,CUST_1122,2025-06-21,1,Organisation,Le processus de réservation est compliqué.
FB_1863,CUST_155,2025-02-19,4,Aucune plainte,Expérience premium.
FB_1864,CUST_821,2024-10-22,1,Réservation,Le studio créatif est top.
FB_1865,CUST_709,2025-01-14,1,Communication,Le support a mis du temps à répondre.
FB_1866,CUST_565,2024-01-16,3,Qualité service,Très satisfait de l’ambiance.
FB_1867,CUST_326,2024-12-21,5,Organisation,Expérience premium.
FB_1868,CUST_501,2024-02-09,4,Réservation,Organisation moyenne.
FB_1869,CUST_298,2025-02-10,5,Communication,Le processus de réservation est compliqué.
FB_1870,CUST_1469,2024-06-16,3,Réservation,Le processus de réservation est compliqué.
FB_1871,CUST_1223,2024-02-13,3,Aucune plainte,Très bonne expérience globale.
FB_1872,CUST_297,2025-02-12,3,Aucune plainte,Expérience premium.
FB_1873,CUST_1130,2024-04-17,5,Support client,Très satisfait de l’ambiance.
FB_1874,CUST_761,2025-04-25,5,Aucune plainte,Excellent service client.
FB_1875,CUST_1139,2025-01-25,5,Réservation,Expérience premium.
FB_1876,CUST_1084,2024-03-21,5,Support client,Le prix est un peu élevé.
FB_1877,CUST_180,2024-11-04,5,Prix,Très bonne expérience globale.
FB_1878,CUST_767,2024-06-06,4,Aucune plainte,Le processus de réservation est compliqué.
FB_1879,CUST_1369,2024-05-27,3,Organisation,Très satisfait de l’ambiance.
FB_1880,CUST_536,2024-05-03,3,Qualité service,Le processus de réservation est compliqué.
FB_1881,CUST_183,2024-10-21,5,Réservation,Le processus de réservation est compliqué.
FB_1882,CUST_1356,2024-05-29,3,Organisation,Le processus de réservation est compliqué.
FB_1883,CUST_208,2024-06-23,3,Aucune plainte,Le processus de réservation est compliqué.
FB_1884,CUST_586,2024-08-24,4,Support client,Très bonne expérience globale.
FB_1885,CUST_1465,2024-01-16,1,Prix,Le processus de réservation est compliqué.
FB_1886,CUST_232,2025-04-03,4,Organisation,Le processus de réservation est compliqué.
FB_1887,CUST_734,2024-06-13,3,Prix,Le support a mis du temps à répondre.
FB_1888,CUST_858,2024-03-03,4,Support client,Le studio créatif est top.
FB_1889,CUST_207,2024-04-08,4,Prix,Le support a mis du temps à répondre.
FB_1890,CUST_1269,2024-08-23,5,Organisation,Le support a mis du temps à répondre.
FB_1891,CUST_156,2025-01-24,2,Communication,Très satisfait de l’ambiance.
FB_1892,CUST_775,2024-07-07,4,Qualité service,Organisation moyenne.
FB_1893,CUST_1315,2024-10-08,4,Communication,Très satisfait de l’ambiance.
FB_1894,CUST_1111,2024-10-19,1,Support client,Organisation moyenne.
FB_1895,CUST_1015,2025-04-10,4,Réservation,Excellent service client.
FB_1896,CUST_496,2025-01-19,1,Réservation,Très bonne expérience globale.
FB_1897,CUST_1041,2024-07-12,1,Communication,Très bonne expérience globale.
FB_1898,CUST_154,2024-02-25,4,Prix,Très satisfait de l’ambiance.
FB_1899,CUST_930,2024-02-26,2,Prix,Le prix est un peu élevé.
FB_1900,CUST_681,2024-12-08,4,Support client,Le processus de réservation est compliqué.
FB_1901,CUST_489,2025-03-07,1,Qualité service,Excellent service client.
FB_1902,CUST_1387,2025-03-15,2,Prix,Je reviendrai pour un prochain événement.
FB_1903,CUST_1157,2024-11-24,5,Qualité service,Organisation moyenne.
FB_1904,CUST_368,2025-04-26,4,Support client,Le studio créatif est top.
FB_1905,CUST_1128,2024-07-19,4,Qualité service,Le processus de réservation est compliqué.
FB_1906,CUST_762,2024-11-03,2,Organisation,Le processus de réservation est compliqué.
FB_1907,CUST_120,2024-03-06,3,Prix,Expérience premium.
FB_1908,CUST_821,2024-06-12,2,Prix,Organisation moyenne.
FB_1909,CUST_1121,2024-08-16,2,Qualité service,Le prix est un peu élevé.
FB_1910,CUST_598,2024-07-20,4,Réservation,Le processus de réservation est compliqué.
FB_1911,CUST_1414,2024-06-16,3,Organisation,Très bonne expérience globale.
FB_1912,CUST_1089,2025-01-29,2,Qualité service,Très bonne expérience globale.
FB_1913,CUST_1267,2024-10-25,5,Support client,Très bonne expérience globale.
FB_1914,CUST_1215,2024-04-08,5,Réservation,Le prix est un peu élevé.
FB_1915,CUST_1029,2024-06-24,3,Prix,Le processus de réservation est compliqué.
FB_1916,CUST_461,2024-06-07,3,Réservation,Très satisfait de l’ambiance.
FB_1917,CUST_615,2025-03-29,4,Organisation,Expérience premium.
FB_1918,CUST_795,2024-08-13,4,Prix,Le support a mis du temps à répondre.
FB_1919,CUST_198,2024-02-05,3,Prix,Expérience premium.
FB_1920,CUST_159,2024-07-12,2,Communication,Je reviendrai pour un prochain événement.
FB_1921,CUST_1257,2024-04-25,3,Prix,Le support a mis du temps à répondre.
FB_1922,CUST_776,2024-08-27,3,Organisation,Le studio créatif est top.
FB_1923,CUST_1003,2025-06-04,4,Organisation,Le support a mis du temps à répondre.
FB_1924,CUST_1069,2024-03-22,5,Support client,Expérience premium.
FB_1925,CUST_1216,2024-01-23,3,Support client,Très bonne expérience globale.
FB_1926,CUST_1262,2024-10-01,3,Communication,Le support a mis du temps à répondre.
FB_1927,CUST_343,2024-12-19,1,Qualité service,Le processus de réservation est compliqué.
FB_1928,CUST_1314,2024-12-19,5,Communication,Le processus de réservation est compliqué.
FB_1929,CUST_576,2024-08-18,2,Qualité service,Excellent service client.
FB_1930,CUST_1486,2024-01-15,1,Aucune plainte,Organisation moyenne.
FB_1931,CUST_882,2025-03-07,5,Aucune plainte,Organisation moyenne.
FB_1932,CUST_1310,2025-03-22,4,Réservation,Organisation moyenne.
FB_1933,CUST_1151,2024-11-01,4,Communication,Je reviendrai pour un prochain événement.
FB_1934,CUST_127,2025-04-22,4,Support client,Le support a mis du temps à répondre.
FB_1935,CUST_58,2024-06-21,5,Aucune plainte,Je reviendrai pour un prochain événement.
FB_1936,CUST_92,2024-09-12,5,Qualité service,Très satisfait de l’ambiance.
FB_1937,CUST_1320,2025-01-06,1,Qualité service,Très satisfait de l’ambiance.
FB_1938,CUST_385,2024-05-19,4,Prix,Le studio créatif est top.
FB_1939,CUST_1050,2024-01-01,5,Réservation,Le processus de réservation est compliqué.
FB_1940,CUST_276,2025-01-12,5,Qualité service,Je reviendrai pour un prochain événement.
FB_1941,CUST_1125,2024-04-15,5,Qualité service,Très bonne expérience globale.
FB_1942,CUST_1335,2025-01-11,3,Communication,Le processus de réservation est compliqué.
FB_1943,CUST_1205,2024-11-06,5,Prix,Très satisfait de l’ambiance.
FB_1944,CUST_322,2025-02-21,4,Qualité service,Organisation moyenne.
FB_1945,CUST_1331,2024-01-27,5,Organisation,Je reviendrai pour un prochain événement.
FB_1946,CUST_1476,2024-02-20,5,Organisation,Très satisfait de l’ambiance.
FB_1947,CUST_633,2024-11-05,4,Prix,Excellent service client.
FB_1948,CUST_168,2025-03-10,5,Prix,Je reviendrai pour un prochain événement.
FB_1949,CUST_1293,2024-11-28,5,Qualité service,Le processus de réservation est compliqué.
FB_1950,CUST_1369,2024-01-25,4,Réservation,Excellent service client.
FB_1951,CUST_1199,2024-05-23,5,Qualité service,Le prix est un peu élevé.
FB_1952,CUST_917,2024-10-29,5,Réservation,Très bonne expérience globale.
FB_1953,CUST_1304,2024-07-31,4,Réservation,Le processus de réservation est compliqué.
FB_1954,CUST_1315,2024-09-29,2,Aucune plainte,Très bonne expérience globale.
FB_1955,CUST_417,2024-03-07,3,Support client,Très satisfait de l’ambiance.
FB_1956,CUST_1351,2025-06-30,3,Aucune plainte,Expérience premium.
FB_1957,CUST_215,2025-01-08,3,Aucune plainte,Le processus de réservation est compliqué.
FB_1958,CUST_1188,2024-06-16,5,Prix,Très satisfait de l’ambiance.
FB_1959,CUST_741,2024-10-09,4,Réservation,Le studio créatif est top.
FB_1960,CUST_227,2025-04-19,1,Communication,Très satisfait de l’ambiance.
FB_1961,CUST_285,2024-10-24,3,Organisation,Très satisfait de l’ambiance.
FB_1962,CUST_400,2024-08-26,1,Qualité service,Très bonne expérience globale.
FB_1963,CUST_737,2025-04-16,4,Qualité service,Très bonne expérience globale.
FB_1964,CUST_967,2024-03-11,5,Aucune plainte,Le processus de réservation est compliqué.
FB_1965,CUST_757,2024-10-28,5,Réservation,Organisation moyenne.
FB_1966,CUST_440,2024-01-10,3,Organisation,Je reviendrai pour un prochain événement.
FB_1967,CUST_353,2024-05-11,2,Qualité service,Organisation moyenne.
FB_1968,CUST_346,2025-05-08,3,Organisation,Très bonne expérience globale.
FB_1969,CUST_128,2024-01-27,3,Organisation,Le prix est un peu élevé.
FB_1970,CUST_133,2024-02-25,4,Support client,Très bonne expérience globale.
FB_1971,CUST_129,2025-03-25,2,Prix,Le prix est un peu élevé.
FB_1972,CUST_321,2024-10-27,5,Prix,Très bonne expérience globale.
FB_1973,CUST_578,2024-10-17,4,Prix,Très bonne expérience globale.
FB_1974,CUST_236,2025-02-28,3,Réservation,Le prix est un peu élevé.
FB_1975,CUST_868,2024-05-13,1,Communication,Très bonne expérience globale.
FB_1976,CUST_783,2024-10-08,4,Prix,Le prix est un peu élevé.
FB_1977,CUST_199,2024-01-30,5,Réservation,Très bonne expérience globale.
FB_1978,CUST_1376,2024-08-10,2,Qualité service,Organisation moyenne.
FB_1979,CUST_329,2025-06-09,4,Réservation,Très bonne expérience globale.
FB_1980,CUST_1369,2025-01-31,4,Support client,Très satisfait de l’ambiance.
FB_1981,CUST_1195,2025-03-31,5,Réservation,Le prix est un peu élevé.
FB_1982,CUST_464,2024-09-30,2,Organisation,Excellent service client.
FB_1983,CUST_305,2024-12-19,5,Réservation,Très satisfait de l’ambiance.
FB_1984,CUST_375,2024-01-22,4,Aucune plainte,Je reviendrai pour un prochain événement.
FB_1985,CUST_1293,2024-05-14,5,Communication,Très bonne expérience globale.
FB_1986,CUST_474,2024-06-08,1,Support client,Excellent service client.
FB_1987,CUST_1078,2025-02-01,2,Réservation,Le prix est un peu élevé.
FB_1988,CUST_974,2024-04-30,1,Qualité service,Très satisfait de l’ambiance.
FB_1989,CUST_709,2024-06-27,5,Communication,Le prix est un peu élevé.
FB_1990,CUST_632,2024-09-19,3,Réservation,Expérience premium.
FB_1991,CUST_272,2024-07-16,3,Aucune plainte,Très satisfait de l’ambiance.
FB_1992,CUST_392,2024-04-17,4,Communication,Le support a mis du temps à répondre.
FB_1993,CUST_1000,2024-01-11,4,Qualité service,Le studio créatif est top.
FB_1994,CUST_701,2024-07-10,5,Réservation,Excellent service client.
FB_1995,CUST_1034,2024-05-04,5,Aucune plainte,Le studio créatif est top.
FB_1996,CUST_415,2024-07-23,4,Aucune plainte,Le processus de réservation est compliqué.
FB_1997,CUST_905,2024-05-29,1,Prix,Le support a mis du temps à répondre.
FB_1998,CUST_634,2024-02-02,4,Réservation,Le support a mis du temps à répondre.
FB_1999,CUST_399,2024-06-30,3,Aucune plainte,Organisation moyenne.
FB_2000,CUST_1058,2025-06-13,4,Support client,Très bonne expérience globale.
FB_2001,CUST_574,2025-03-14,4,Prix,Le support a mis du temps à répondre.
FB_2002,CUST_312,2024-08-23,5,Communication,Très bonne expérience globale.
FB_2003,CUST_961,2024-04-11,4,Organisation,Expérience premium.
FB_2004,CUST_251,2024-08-31,5,Support client,Expérience premium.
FB_2005,CUST_373,2024-04-10,5,Qualité service,Je reviendrai pour un prochain événement.
FB_2006,CUST_278,2024-03-01,1,Organisation,Expérience premium.
FB_2007,CUST_114,2025-06-01,2,Support client,Expérience premium.
FB_2008,CUST_483,2025-04-07,5,Aucune plainte,Expérience premium.
FB_2009,CUST_1496,2024-05-18,4,Support client,Le processus de réservation est compliqué.
FB_2010,CUST_1135,2025-06-12,4,Support client,Je reviendrai pour un prochain événement.
FB_2011,CUST_212,2024-03-19,3,Organisation,Je reviendrai pour un prochain événement.
FB_2012,CUST_19,2024-06-02,5,Réservation,Excellent service client.
FB_2013,CUST_299,2024-11-01,4,Support client,Très bonne expérience globale.
FB_2014,CUST_1487,2024-06-01,4,Réservation,Le processus de réservation est compliqué.
FB_2015,CUST_86,2025-05-05,3,Qualité service,Très satisfait de l’ambiance.
FB_2016,CUST_552,2025-02-07,5,Réservation,Organisation moyenne.
FB_2017,CUST_189,2024-03-05,5,Aucune plainte,Le support a mis du temps à répondre.
FB_2018,CUST_22,2024-03-12,5,Prix,Expérience premium.
FB_2019,CUST_728,2024-05-18,4,Communication,Le processus de réservation est compliqué.
FB_2020,CUST_886,2024-10-04,2,Qualité service,Très satisfait de l’ambiance.
FB_2021,CUST_991,2025-05-19,4,Organisation,Organisation moyenne.
FB_2022,CUST_1401,2024-08-27,4,Communication,Le studio créatif est top.
FB_2023,CUST_1453,2025-06-03,1,Communication,Très bonne expérience globale.
FB_2024,CUST_976,2025-06-06,4,Prix,Je reviendrai pour un prochain événement.
FB_2025,CUST_1406,2024-02-25,4,Support client,Excellent service client.
FB_2026,CUST_1249,2025-01-02,2,Qualité service,Excellent service client.
FB_2027,CUST_964,2024-07-14,5,Aucune plainte,Le support a mis du temps à répondre.
FB_2028,CUST_307,2025-04-10,4,Aucune plainte,Organisation moyenne.
FB_2029,CUST_1247,2024-07-03,4,Support client,Très satisfait de l’ambiance.
FB_2030,CUST_591,2025-01-29,2,Qualité service,Très satisfait de l’ambiance.
FB_2031,CUST_1272,2024-06-16,1,Communication,Le processus de réservation est compliqué.
FB_2032,CUST_1427,2024-11-29,5,Qualité service,Le processus de réservation est compliqué.
FB_2033,CUST_1482,2025-01-25,4,Support client,Très satisfait de l’ambiance.
FB_2034,CUST_1159,2024-02-29,5,Organisation,Très satisfait de l’ambiance.
FB_2035,CUST_210,2025-03-09,5,Aucune plainte,Très bonne expérience globale.
FB_2036,CUST_1113,2024-10-04,1,Prix,Expérience premium.
FB_2037,CUST_480,2024-01-28,5,Prix,Le studio créatif est top.
FB_2038,CUST_773,2025-02-04,5,Prix,Très satisfait de l’ambiance.
FB_2039,CUST_1394,2024-01-22,5,Communication,Excellent service client.
FB_2040,CUST_1489,2024-07-30,3,Organisation,Expérience premium.
FB_2041,CUST_608,2024-12-20,1,Communication,Très satisfait de l’ambiance.
FB_2042,CUST_232,2025-05-20,4,Support client,Le support a mis du temps à répondre.
FB_2043,CUST_564,2024-12-28,1,Qualité service,Très bonne expérience globale.
FB_2044,CUST_1108,2024-02-07,3,Aucune plainte,Expérience premium.
FB_2045,CUST_239,2024-02-24,4,Aucune plainte,Très satisfait de l’ambiance.
FB_2046,CUST_489,2024-07-10,3,Qualité service,Expérience premium.
FB_2047,CUST_44,2025-06-01,5,Réservation,Le support a mis du temps à répondre.
FB_2048,CUST_1344,2025-03-17,5,Réservation,Le prix est un peu élevé.
FB_2049,CUST_1348,2024-10-21,5,Support client,Le processus de réservation est compliqué.
FB_2050,CUST_952,2024-09-24,3,Aucune plainte,Très satisfait de l’ambiance.
FB_2051,CUST_1143,2024-02-19,3,Qualité service,Le processus de réservation est compliqué.
FB_2052,CUST_694,2024-02-13,4,Aucune plainte,Expérience premium.
FB_2053,CUST_147,2024-04-30,5,Organisation,Le prix est un peu élevé.
FB_2054,CUST_3,2024-11-13,4,Organisation,Excellent service client.
FB_2055,CUST_736,2025-02-26,4,Réservation,Expérience premium.
FB_2056,CUST_1150,2024-01-15,3,Support client,Le prix est un peu élevé.
FB_2057,CUST_311,2025-04-05,4,Organisation,Le prix est un peu élevé.
FB_2058,CUST_908,2024-05-01,5,Communication,Le studio créatif est top.
FB_2059,CUST_646,2024-12-06,3,Qualité service,Très bonne expérience globale.
FB_2060,CUST_283,2024-10-12,2,Communication,Le support a mis du temps à répondre.
FB_2061,CUST_218,2024-07-22,5,Aucune plainte,Le support a mis du temps à répondre.
FB_2062,CUST_610,2025-04-01,3,Qualité service,Le processus de réservation est compliqué.
FB_2063,CUST_1495,2024-06-30,4,Aucune plainte,Organisation moyenne.
FB_2064,CUST_943,2024-09-10,5,Communication,Très bonne expérience globale.
FB_2065,CUST_981,2024-07-21,5,Aucune plainte,Excellent service client.
FB_2066,CUST_476,2025-03-10,4,Organisation,Très satisfait de l’ambiance.
FB_2067,CUST_452,2025-03-28,5,Communication,Le studio créatif est top.
FB_2068,CUST_351,2025-01-11,5,Support client,Le support a mis du temps à répondre.
FB_2069,CUST_750,2024-03-17,5,Prix,Je reviendrai pour un prochain événement.
FB_2070,CUST_946,2025-05-20,3,Organisation,Le processus de réservation est compliqué.
FB_2071,CUST_504,2025-05-23,1,Aucune plainte,Le processus de réservation est compliqué.
FB_2072,CUST_935,2024-02-28,4,Aucune plainte,Très bonne expérience globale.
FB_2073,CUST_185,2024-07-31,4,Aucune plainte,Très bonne expérience globale.
FB_2074,CUST_741,2024-04-28,1,Qualité service,Le processus de réservation est compliqué.
FB_2075,CUST_732,2024-01-06,4,Support client,Excellent service client.
FB_2076,CUST_676,2024-09-20,5,Support client,Très satisfait de l’ambiance.
FB_2077,CUST_265,2024-01-10,4,Organisation,Très bonne expérience globale.
FB_2078,CUST_1406,2025-04-20,3,Qualité service,Organisation moyenne.
FB_2079,CUST_369,2024-12-28,2,Communication,Très satisfait de l’ambiance.
FB_2080,CUST_304,2024-03-27,4,Communication,Très satisfait de l’ambiance.
FB_2081,CUST_1127,2024-09-23,3,Organisation,Très bonne expérience globale.
FB_2082,CUST_1071,2024-10-14,3,Organisation,Je reviendrai pour un prochain événement.
FB_2083,CUST_769,2025-02-12,4,Communication,Le processus de réservation est compliqué.
FB_2084,CUST_731,2024-05-08,4,Communication,Le studio créatif est top.
FB_2085,CUST_296,2024-05-15,4,Aucune plainte,Le support a mis du temps à répondre.
FB_2086,CUST_951,2024-10-02,5,Support client,Très bonne expérience globale.
FB_2087,CUST_715,2024-06-22,5,Aucune plainte,Le processus de réservation est compliqué.
FB_2088,CUST_636,2025-06-19,4,Support client,Très satisfait de l’ambiance.
FB_2089,CUST_1455,2024-12-30,5,Organisation,Le processus de réservation est compliqué.
FB_2090,CUST_75,2024-04-03,4,Organisation,Le support a mis du temps à répondre.
FB_2091,CUST_557,2025-01-27,4,Support client,Très satisfait de l’ambiance.
FB_2092,CUST_847,2024-09-13,5,Organisation,Expérience premium.
FB_2093,CUST_241,2024-08-10,5,Qualité service,Expérience premium.
FB_2094,CUST_1429,2025-04-05,5,Réservation,Excellent service client.
FB_2095,CUST_163,2024-03-05,4,Prix,Excellent service client.
FB_2096,CUST_1125,2024-10-28,4,Communication,Le prix est un peu élevé.
FB_2097,CUST_1495,2024-11-07,3,Prix,Excellent service client.
FB_2098,CUST_336,2025-03-27,5,Communication,Très bonne expérience globale.
FB_2099,CUST_1241,2024-03-04,4,Communication,Le support a mis du temps à répondre.
FB_2100,CUST_1043,2024-08-16,5,Communication,Expérience premium.
FB_2101,CUST_980,2024-11-09,4,Support client,Excellent service client.
FB_2102,CUST_647,2024-04-17,4,Prix,Je reviendrai pour un prochain événement.
FB_2103,CUST_833,2024-07-03,4,Aucune plainte,Très bonne expérience globale.
FB_2104,CUST_216,2024-06-11,3,Organisation,Le processus de réservation est compliqué.
FB_2105,CUST_1170,2025-05-13,4,Support client,Le support a mis du temps à répondre.
FB_2106,CUST_673,2024-06-09,5,Réservation,Très satisfait de l’ambiance.
FB_2107,CUST_487,2024-03-21,3,Support client,Le processus de réservation est compliqué.
FB_2108,CUST_878,2024-04-24,5,Communication,Le studio créatif est top.
FB_2109,CUST_732,2025-02-16,5,Support client,Organisation moyenne.
FB_2110,CUST_166,2025-02-22,1,Aucune plainte,Très satisfait de l’ambiance.
FB_2111,CUST_671,2025-03-13,5,Organisation,Expérience premium.
FB_2112,CUST_414,2025-04-01,4,Prix,Je reviendrai pour un prochain événement.
FB_2113,CUST_1415,2024-05-12,5,Support client,Très satisfait de l’ambiance.
FB_2114,CUST_1397,2025-01-04,4,Support client,Expérience premium.
FB_2115,CUST_1058,2024-08-11,4,Réservation,Je reviendrai pour un prochain événement.
FB_2116,CUST_1261,2024-02-12,4,Réservation,Je reviendrai pour un prochain événement.
FB_2117,CUST_473,2024-12-10,1,Prix,Expérience premium.
FB_2118,CUST_593,2025-02-12,2,Prix,Je reviendrai pour un prochain événement.
FB_2119,CUST_1232,2025-01-21,5,Communication,Expérience premium.
FB_2120,CUST_1439,2024-01-24,4,Réservation,Je reviendrai pour un prochain événement.
FB_2121,CUST_315,2025-06-27,4,Aucune plainte,Le processus de réservation est compliqué.
FB_2122,CUST_1365,2025-02-18,5,Prix,Le processus de réservation est compliqué.
FB_2123,CUST_726,2024-08-16,5,Réservation,Excellent service client.
FB_2124,CUST_1448,2024-01-23,4,Communication,Expérience premium.
FB_2125,CUST_1376,2024-04-16,4,Support client,Je reviendrai pour un prochain événement.
FB_2126,CUST_1243,2025-06-23,4,Organisation,Très satisfait de l’ambiance.
FB_2127,CUST_336,2024-01-24,1,Aucune plainte,Organisation moyenne.
FB_2128,CUST_955,2024-08-19,5,Prix,Je reviendrai pour un prochain événement.
FB_2129,CUST_261,2024-11-22,1,Organisation,Organisation moyenne.
FB_2130,CUST_50,2024-06-01,4,Qualité service,Je reviendrai pour un prochain événement.
FB_2131,CUST_647,2024-12-21,3,Aucune plainte,Organisation moyenne.
FB_2132,CUST_736,2024-08-01,2,Communication,Organisation moyenne.
FB_2133,CUST_140,2025-06-17,2,Qualité service,Le studio créatif est top.
FB_2134,CUST_840,2024-11-10,2,Réservation,Très bonne expérience globale.
FB_2135,CUST_213,2025-04-13,5,Réservation,Excellent service client.
FB_2136,CUST_1471,2025-06-22,5,Aucune plainte,Excellent service client.
FB_2137,CUST_231,2024-12-30,5,Aucune plainte,Très bonne expérience globale.
FB_2138,CUST_768,2025-03-29,4,Communication,Le studio créatif est top.
FB_2139,CUST_1220,2024-12-06,3,Aucune plainte,Le support a mis du temps à répondre.
FB_2140,CUST_1150,2024-07-13,5,Réservation,Le studio créatif est top.
FB_2141,CUST_134,2025-01-27,4,Qualité service,Excellent service client.
FB_2142,CUST_463,2025-02-05,5,Prix,Excellent service client.
FB_2143,CUST_1302,2025-02-02,1,Prix,Je reviendrai pour un prochain événement.
FB_2144,CUST_351,2025-04-28,3,Réservation,Le prix est un peu élevé.
FB_2145,CUST_913,2025-03-20,5,Prix,Expérience premium.
FB_2146,CUST_449,2024-11-19,4,Qualité service,Le prix est un peu élevé.
FB_2147,CUST_1325,2024-10-08,4,Support client,Le processus de réservation est compliqué.
FB_2148,CUST_648,2024-09-27,4,Communication,Je reviendrai pour un prochain événement.
FB_2149,CUST_529,2024-12-16,1,Organisation,Le processus de réservation est compliqué.
FB_2150,CUST_1287,2025-04-05,4,Qualité service,Le studio créatif est top.
FB_2151,CUST_591,2025-04-30,3,Support client,Très satisfait de l’ambiance.
FB_2152,CUST_641,2024-03-10,3,Communication,Très bonne expérience globale.
FB_2153,CUST_1091,2024-03-22,4,Réservation,Le prix est un peu élevé.
FB_2154,CUST_1468,2025-01-21,3,Qualité service,Très bonne expérience globale.
FB_2155,CUST_1082,2024-03-03,5,Organisation,Le processus de réservation est compliqué.
FB_2156,CUST_257,2024-12-01,4,Organisation,Excellent service client.
FB_2157,CUST_1181,2024-12-03,5,Qualité service,Très satisfait de l’ambiance.
FB_2158,CUST_250,2024-05-09,4,Prix,Organisation moyenne.
FB_2159,CUST_1020,2025-04-30,4,Communication,Le support a mis du temps à répondre.
FB_2160,CUST_560,2024-09-23,1,Prix,Je reviendrai pour un prochain événement.
FB_2161,CUST_100,2025-04-27,5,Réservation,Le support a mis du temps à répondre.
FB_2162,CUST_281,2024-04-27,5,Communication,Je reviendrai pour un prochain événement.
FB_2163,CUST_996,2024-01-07,5,Organisation,Le processus de réservation est compliqué.
FB_2164,CUST_345,2025-03-04,5,Support client,Très satisfait de l’ambiance.
FB_2165,CUST_252,2024-12-16,2,Prix,Très satisfait de l’ambiance.
FB_2166,CUST_49,2025-05-05,3,Prix,Le studio créatif est top.
FB_2167,CUST_292,2025-01-13,5,Réservation,Je reviendrai pour un prochain événement.
FB_2168,CUST_981,2024-01-15,3,Réservation,Expérience premium.
FB_2169,CUST_1323,2025-06-06,5,Organisation,Excellent service client.
FB_2170,CUST_1322,2025-04-04,3,Réservation,Le support a mis du temps à répondre.
FB_2171,CUST_1328,2024-08-30,4,Réservation,Le processus de réservation est compliqué.
FB_2172,CUST_340,2024-07-04,4,Support client,Expérience premium.
FB_2173,CUST_460,2024-09-25,4,Réservation,Je reviendrai pour un prochain événement.
FB_2174,CUST_1147,2024-09-23,4,Communication,Le support a mis du temps à répondre.
FB_2175,CUST_807,2025-05-31,5,Qualité service,Excellent service client.
FB_2176,CUST_1445,2024-01-12,1,Organisation,Le studio créatif est top.
FB_2177,CUST_723,2025-01-29,5,Support client,Expérience premium.
FB_2178,CUST_456,2024-06-17,5,Aucune plainte,Je reviendrai pour un prochain événement.
FB_2179,CUST_13,2024-09-02,4,Réservation,Le processus de réservation est compliqué.
FB_2180,CUST_727,2025-06-15,4,Support client,Le support a mis du temps à répondre.
FB_2181,CUST_95,2025-06-14,3,Qualité service,Je reviendrai pour un prochain événement.
FB_2182,CUST_545,2024-08-18,1,Support client,Expérience premium.
FB_2183,CUST_53,2025-04-22,5,Prix,Organisation moyenne.
FB_2184,CUST_1325,2024-11-21,3,Support client,Le processus de réservation est compliqué.
FB_2185,CUST_1486,2024-10-14,1,Organisation,Je reviendrai pour un prochain événement.
FB_2186,CUST_881,2024-01-08,3,Communication,Organisation moyenne.
FB_2187,CUST_1179,2025-06-21,4,Qualité service,Expérience premium.
FB_2188,CUST_420,2024-02-17,4,Communication,Très satisfait de l’ambiance.
FB_2189,CUST_1402,2024-07-23,5,Support client,Je reviendrai pour un prochain événement.
FB_2190,CUST_1330,2024-06-27,4,Réservation,Le studio créatif est top.
FB_2191,CUST_23,2025-04-21,2,Réservation,Le studio créatif est top.
FB_2192,CUST_796,2025-04-12,2,Support client,Organisation moyenne.
FB_2193,CUST_221,2024-03-28,3,Communication,Le prix est un peu élevé.
FB_2194,CUST_610,2025-02-17,2,Qualité service,Le studio créatif est top.
FB_2195,CUST_800,2024-08-04,3,Communication,Le prix est un peu élevé.
FB_2196,CUST_756,2024-08-28,5,Qualité service,Le studio créatif est top.
FB_2197,CUST_310,2024-07-21,1,Aucune plainte,Excellent service client.
FB_2198,CUST_551,2024-03-18,4,Support client,Le prix est un peu élevé.
FB_2199,CUST_1260,2025-02-11,4,Support client,Le prix est un peu élevé.
FB_2200,CUST_1013,2025-03-10,2,Qualité service,Très satisfait de l’ambiance.
FB_2201,CUST_601,2025-06-19,5,Qualité service,Très satisfait de l’ambiance.
FB_2202,CUST_1316,2025-05-06,5,Communication,Le processus de réservation est compliqué.
FB_2203,CUST_1325,2024-03-18,4,Prix,Je reviendrai pour un prochain événement.
FB_2204,CUST_822,2025-04-20,4,Qualité service,Le processus de réservation est compliqué.
FB_2205,CUST_408,2024-05-08,3,Communication,Organisation moyenne.
FB_2206,CUST_524,2025-03-09,4,Qualité service,Le studio créatif est top.
FB_2207,CUST_641,2024-04-14,4,Communication,Le prix est un peu élevé.
FB_2208,CUST_201,2024-10-01,4,Organisation,Le support a mis du temps à répondre.
FB_2209,CUST_378,2025-04-16,4,Réservation,Le studio créatif est top.
FB_2210,CUST_1341,2025-01-14,4,Prix,Le support a mis du temps à répondre.
FB_2211,CUST_1450,2024-06-03,4,Aucune plainte,Très bonne expérience globale.
FB_2212,CUST_610,2024-07-12,3,Aucune plainte,Excellent service client.
FB_2213,CUST_339,2025-03-28,3,Réservation,Je reviendrai pour un prochain événement.
FB_2214,CUST_900,2024-05-11,5,Communication,Le prix est un peu élevé.
FB_2215,CUST_3,2024-03-08,3,Réservation,Organisation moyenne.
FB_2216,CUST_684,2024-07-09,5,Aucune plainte,Organisation moyenne.
FB_2217,CUST_808,2024-04-25,5,Réservation,Le prix est un peu élevé.
FB_2218,CUST_647,2025-03-31,2,Organisation,Très bonne expérience globale.
FB_2219,CUST_222,2025-04-06,5,Communication,Le studio créatif est top.
FB_2220,CUST_543,2025-04-28,4,Qualité service,Expérience premium.
FB_2221,CUST_1320,2024-07-21,5,Aucune plainte,Excellent service client.
FB_2222,CUST_296,2024-04-09,5,Communication,Je reviendrai pour un prochain événement.
FB_2223,CUST_830,2024-11-16,3,Prix,Excellent service client.
FB_2224,CUST_723,2025-02-13,5,Prix,Le support a mis du temps à répondre.
FB_2225,CUST_205,2024-11-26,5,Support client,Excellent service client.
FB_2226,CUST_110,2025-01-04,3,Qualité service,Le processus de réservation est compliqué.
FB_2227,CUST_782,2024-03-31,1,Prix,Le support a mis du temps à répondre.
FB_2228,CUST_572,2024-11-03,4,Communication,Le support a mis du temps à répondre.
FB_2229,CUST_1018,2024-03-11,3,Organisation,Expérience premium.
FB_2230,CUST_525,2025-01-01,5,Support client,Le studio créatif est top.
FB_2231,CUST_1338,2025-04-27,1,Aucune plainte,Le studio créatif est top.
FB_2232,CUST_1209,2024-01-02,3,Organisation,Le processus de réservation est compliqué.
FB_2233,CUST_80,2025-01-13,4,Prix,Très bonne expérience globale.
FB_2234,CUST_909,2024-03-09,5,Support client,Excellent service client.
FB_2235,CUST_1150,2024-12-03,3,Communication,Excellent service client.
FB_2236,CUST_1070,2025-02-09,5,Organisation,Organisation moyenne.
FB_2237,CUST_604,2025-06-11,4,Prix,Très satisfait de l’ambiance.
FB_2238,CUST_1062,2025-05-27,4,Communication,Je reviendrai pour un prochain événement.
FB_2239,CUST_1173,2024-11-15,4,Organisation,Organisation moyenne.
FB_2240,CUST_1425,2024-04-29,1,Communication,Excellent service client.
FB_2241,CUST_33,2024-05-15,5,Support client,Le studio créatif est top.
FB_2242,CUST_371,2024-07-16,4,Qualité service,Très bonne expérience globale.
FB_2243,CUST_1394,2025-01-21,5,Support client,Très bonne expérience globale.
FB_2244,CUST_999,2024-10-08,2,Organisation,Je reviendrai pour un prochain événement.
FB_2245,CUST_943,2024-05-30,4,Support client,Le processus de réservation est compliqué.
FB_2246,CUST_978,2024-03-19,2,Support client,Le processus de réservation est compliqué.
FB_2247,CUST_751,2024-09-29,4,Prix,Le support a mis du temps à répondre.
FB_2248,CUST_858,2024-02-21,4,Qualité service,Le studio créatif est top.
FB_2249,CUST_201,2024-06-22,1,Organisation,Excellent service client.
FB_2250,CUST_584,2025-05-29,4,Support client,Le prix est un peu élevé.
FB_2251,CUST_21,2024-04-06,2,Aucune plainte,Excellent service client.
FB_2252,CUST_1413,2025-06-07,2,Organisation,Expérience premium.
FB_2253,CUST_765,2025-06-01,2,Support client,Expérience premium.
FB_2254,CUST_507,2024-02-11,2,Aucune plainte,Le support a mis du temps à répondre.
FB_2255,CUST_198,2024-12-23,5,Communication,Très satisfait de l’ambiance.
FB_2256,CUST_1483,2024-03-21,4,Support client,Très bonne expérience globale.
FB_2257,CUST_1003,2025-02-01,4,Prix,Très bonne expérience globale.
FB_2258,CUST_697,2024-11-13,5,Support client,Très bonne expérience globale.
FB_2259,CUST_381,2024-01-07,5,Réservation,Je reviendrai pour un prochain événement.
FB_2260,CUST_711,2025-03-06,4,Aucune plainte,Excellent service client.
FB_2261,CUST_1433,2024-05-01,5,Réservation,Excellent service client.
FB_2262,CUST_351,2024-09-03,4,Réservation,Le studio créatif est top.
FB_2263,CUST_1419,2024-09-25,2,Aucune plainte,Le prix est un peu élevé.
FB_2264,CUST_172,2024-05-02,5,Réservation,Je reviendrai pour un prochain événement.
FB_2265,CUST_77,2024-12-06,4,Qualité service,Expérience premium.
FB_2266,CUST_835,2024-05-13,4,Support client,Le studio créatif est top.
FB_2267,CUST_312,2024-04-20,4,Support client,Expérience premium.
FB_2268,CUST_1329,2024-02-18,4,Aucune plainte,Excellent service client.
FB_2269,CUST_478,2025-01-23,3,Communication,Très satisfait de l’ambiance.
FB_2270,CUST_1441,2024-11-20,5,Organisation,Le processus de réservation est compliqué.
FB_2271,CUST_736,2024-01-19,5,Support client,Le support a mis du temps à répondre.
FB_2272,CUST_1166,2024-11-05,4,Prix,Très satisfait de l’ambiance.
FB_2273,CUST_451,2024-01-26,5,Aucune plainte,Le prix est un peu élevé.
FB_2274,CUST_1124,2025-03-06,5,Aucune plainte,Le prix est un peu élevé.
FB_2275,CUST_190,2024-03-25,3,Support client,Excellent service client.
FB_2276,CUST_675,2025-03-02,1,Communication,Je reviendrai pour un prochain événement.
FB_2277,CUST_1093,2024-08-03,4,Réservation,Excellent service client.
FB_2278,CUST_1429,2024-09-30,5,Communication,Excellent service client.
FB_2279,CUST_123,2024-05-09,1,Support client,Expérience premium.
FB_2280,CUST_692,2025-02-27,1,Aucune plainte,Le support a mis du temps à répondre.
FB_2281,CUST_1297,2024-07-20,3,Support client,Très bonne expérience globale.
FB_2282,CUST_484,2025-01-02,3,Support client,Le support a mis du temps à répondre.
FB_2283,CUST_482,2025-03-18,5,Réservation,Organisation moyenne.
FB_2284,CUST_705,2024-01-18,5,Réservation,Expérience premium.
FB_2285,CUST_1319,2025-05-22,1,Communication,Je reviendrai pour un prochain événement.
FB_2286,CUST_1105,2024-12-04,3,Aucune plainte,Très satisfait de l’ambiance.
FB_2287,CUST_265,2024-08-03,2,Réservation,Très bonne expérience globale.
FB_2288,CUST_1015,2024-12-06,5,Qualité service,Le studio créatif est top.
FB_2289,CUST_508,2024-10-23,2,Qualité service,Expérience premium.
FB_2290,CUST_370,2024-07-28,3,Organisation,Le prix est un peu élevé.
FB_2291,CUST_111,2024-01-02,3,Qualité service,Expérience premium.
FB_2292,CUST_947,2024-03-16,4,Support client,Très satisfait de l’ambiance.
FB_2293,CUST_1220,2025-05-24,4,Aucune plainte,Expérience premium.
FB_2294,CUST_436,2025-01-03,2,Organisation,Le support a mis du temps à répondre.
FB_2295,CUST_963,2025-05-31,5,Communication,Organisation moyenne.
FB_2296,CUST_1090,2024-02-13,3,Prix,Expérience premium.
FB_2297,CUST_5,2024-09-23,2,Aucune plainte,Très bonne expérience globale.
FB_2298,CUST_1481,2025-06-11,4,Organisation,Expérience premium.
FB_2299,CUST_299,2024-05-26,3,Support client,Organisation moyenne.
FB_2300,CUST_471,2024-11-28,4,Support client,Excellent service client.
FB_2301,CUST_80,2024-02-16,2,Aucune plainte,Excellent service client.
FB_2302,CUST_830,2025-04-08,4,Support client,Le prix est un peu élevé.
FB_2303,CUST_809,2024-06-06,1,Organisation,Organisation moyenne.
FB_2304,CUST_728,2025-02-23,4,Qualité service,Je reviendrai pour un prochain événement.
FB_2305,CUST_967,2025-06-15,3,Qualité service,Très bonne expérience globale.
FB_2306,CUST_189,2025-04-12,3,Communication,Organisation moyenne.
FB_2307,CUST_52,2024-03-20,5,Réservation,Très bonne expérience globale.
FB_2308,CUST_410,2024-12-23,4,Aucune plainte,Je reviendrai pour un prochain événement.
FB_2309,CUST_1295,2024-01-15,3,Qualité service,Le prix est un peu élevé.
FB_2310,CUST_1437,2024-04-13,3,Support client,Très satisfait de l’ambiance.
FB_2311,CUST_375,2024-03-17,4,Aucune plainte,Très bonne expérience globale.
FB_2312,CUST_879,2024-02-08,5,Organisation,Le support a mis du temps à répondre.
FB_2313,CUST_1412,2024-11-07,5,Aucune plainte,Le processus de réservation est compliqué.
FB_2314,CUST_852,2024-07-15,4,Organisation,Le prix est un peu élevé.
FB_2315,CUST_181,2024-01-09,5,Organisation,Je reviendrai pour un prochain événement.
FB_2316,CUST_1466,2024-11-29,2,Réservation,Excellent service client.
FB_2317,CUST_488,2025-01-29,2,Support client,Le support a mis du temps à répondre.
FB_2318,CUST_134,2025-03-17,1,Réservation,Le prix est un peu élevé.
FB_2319,CUST_779,2024-06-08,4,Qualité service,Expérience premium.
FB_2320,CUST_316,2025-04-01,1,Support client,Très bonne expérience globale.
FB_2321,CUST_277,2024-07-14,4,Aucune plainte,Le support a mis du temps à répondre.
FB_2322,CUST_933,2024-05-29,4,Aucune plainte,Le studio créatif est top.
FB_2323,CUST_1344,2025-03-17,2,Aucune plainte,Je reviendrai pour un prochain événement.
FB_2324,CUST_366,2025-06-11,5,Prix,Je reviendrai pour un prochain événement.
FB_2325,CUST_48,2024-02-08,4,Qualité service,Le support a mis du temps à répondre.
FB_2326,CUST_342,2024-05-18,5,Communication,Le prix est un peu élevé.
FB_2327,CUST_462,2024-05-14,2,Support client,Très satisfait de l’ambiance.
FB_2328,CUST_1261,2024-11-01,4,Qualité service,Très bonne expérience globale.
FB_2329,CUST_917,2024-01-02,1,Prix,Excellent service client.
FB_2330,CUST_967,2024-08-12,5,Aucune plainte,Le prix est un peu élevé.
FB_2331,CUST_843,2025-03-05,4,Support client,Très satisfait de l’ambiance.
FB_2332,CUST_214,2024-12-11,5,Qualité service,Très satisfait de l’ambiance.
FB_2333,CUST_114,2025-04-20,5,Prix,Excellent service client.
FB_2334,CUST_1045,2024-07-15,4,Réservation,Le prix est un peu élevé.
FB_2335,CUST_1233,2024-10-27,3,Réservation,Très satisfait de l’ambiance.
FB_2336,CUST_890,2024-06-22,2,Organisation,Très bonne expérience globale.
FB_2337,CUST_217,2025-05-13,3,Organisation,Très bonne expérience globale.
FB_2338,CUST_1361,2024-11-17,5,Organisation,Expérience premium.
FB_2339,CUST_239,2024-01-14,3,Organisation,Le support a mis du temps à répondre.
FB_2340,CUST_694,2024-01-08,4,Qualité service,Je reviendrai pour un prochain événement.
FB_2341,CUST_1074,2024-06-14,4,Aucune plainte,Très satisfait de l’ambiance.
FB_2342,CUST_805,2024-08-24,4,Réservation,Le studio créatif est top.
FB_2343,CUST_812,2025-05-18,2,Aucune plainte,Organisation moyenne.
FB_2344,CUST_321,2025-05-17,2,Réservation,Le prix est un peu élevé.
FB_2345,CUST_1126,2024-02-21,5,Réservation,Expérience premium.
FB_2346,CUST_1363,2024-03-22,5,Réservation,Le studio créatif est top.
FB_2347,CUST_823,2025-06-05,5,Qualité service,Le prix est un peu élevé.
FB_2348,CUST_603,2025-01-17,3,Aucune plainte,Organisation moyenne.
FB_2349,CUST_483,2024-11-15,4,Qualité service,Le support a mis du temps à répondre.
FB_2350,CUST_1220,2024-06-20,4,Réservation,Excellent service client.
FB_2351,CUST_1488,2024-11-21,2,Aucune plainte,Le studio créatif est top.
FB_2352,CUST_536,2024-07-22,2,Réservation,Le processus de réservation est compliqué.
FB_2353,CUST_1305,2024-09-27,5,Communication,Le processus de réservation est compliqué.
FB_2354,CUST_1158,2024-03-02,4,Aucune plainte,Le processus de réservation est compliqué.
FB_2355,CUST_124,2024-03-18,4,Communication,Le processus de réservation est compliqué.
FB_2356,CUST_987,2025-01-28,3,Aucune plainte,Excellent service client.
FB_2357,CUST_677,2024-09-26,2,Réservation,Le support a mis du temps à répondre.
FB_2358,CUST_529,2025-05-17,4,Aucune plainte,Excellent service client.
FB_2359,CUST_869,2024-04-19,3,Support client,Très satisfait de l’ambiance.
FB_2360,CUST_604,2024-05-20,5,Prix,Très bonne expérience globale.
FB_2361,CUST_129,2024-08-11,1,Prix,Je reviendrai pour un prochain événement.
FB_2362,CUST_1181,2024-03-07,3,Aucune plainte,Le prix est un peu élevé.
FB_2363,CUST_897,2024-04-25,3,Réservation,Très satisfait de l’ambiance.
FB_2364,CUST_1438,2024-11-05,5,Prix,Le prix est un peu élevé.
FB_2365,CUST_644,2024-10-15,3,Qualité service,Le studio créatif est top.
FB_2366,CUST_784,2025-05-29,4,Qualité service,Très bonne expérience globale.
FB_2367,CUST_1338,2025-01-15,3,Organisation,Le processus de réservation est compliqué.
FB_2368,CUST_910,2024-05-16,5,Communication,Très bonne expérience globale.
FB_2369,CUST_312,2024-05-09,4,Qualité service,Je reviendrai pour un prochain événement.
FB_2370,CUST_282,2025-04-22,4,Qualité service,Le studio créatif est top.
FB_2371,CUST_994,2025-06-14,5,Qualité service,Le processus de réservation est compliqué.
FB_2372,CUST_755,2024-12-25,4,Organisation,Très satisfait de l’ambiance.
FB_2373,CUST_789,2024-11-09,1,Prix,Le support a mis du temps à répondre.
FB_2374,CUST_1077,2024-01-16,5,Qualité service,Très satisfait de l’ambiance.
FB_2375,CUST_176,2024-10-23,4,Communication,Le studio créatif est top.
FB_2376,CUST_1429,2024-06-20,4,Qualité service,Très satisfait de l’ambiance.
FB_2377,CUST_334,2024-07-13,3,Communication,Organisation moyenne.
FB_2378,CUST_1486,2024-01-27,5,Communication,Le prix est un peu élevé.
FB_2379,CUST_1479,2024-04-18,4,Réservation,Le studio créatif est top.
FB_2380,CUST_1103,2024-11-17,1,Support client,Le support a mis du temps à répondre.
FB_2381,CUST_360,2024-07-07,2,Aucune plainte,Le prix est un peu élevé.
FB_2382,CUST_1330,2024-05-27,5,Support client,Le studio créatif est top.
FB_2383,CUST_49,2024-01-09,5,Prix,Le processus de réservation est compliqué.
FB_2384,CUST_732,2025-01-13,5,Qualité service,Excellent service client.
FB_2385,CUST_565,2024-08-29,4,Prix,Excellent service client.
FB_2386,CUST_964,2024-03-28,5,Prix,Excellent service client.
FB_2387,CUST_248,2024-04-24,4,Aucune plainte,Très satisfait de l’ambiance.
FB_2388,CUST_957,2025-02-19,5,Organisation,Le studio créatif est top.
FB_2389,CUST_1459,2024-11-10,4,Communication,Expérience premium.
FB_2390,CUST_676,2025-05-13,1,Aucune plainte,Le prix est un peu élevé.
FB_2391,CUST_794,2025-06-23,5,Organisation,Le support a mis du temps à répondre.
FB_2392,CUST_1272,2024-03-10,5,Aucune plainte,Le support a mis du temps à répondre.
FB_2393,CUST_912,2025-05-20,4,Communication,Le processus de réservation est compliqué.
FB_2394,CUST_1068,2024-09-02,4,Prix,Le studio créatif est top.
FB_2395,CUST_441,2024-04-30,3,Réservation,Organisation moyenne.
FB_2396,CUST_1394,2025-02-14,1,Communication,Je reviendrai pour un prochain événement.
FB_2397,CUST_667,2024-05-13,3,Support client,Le processus de réservation est compliqué.
FB_2398,CUST_983,2024-11-05,3,Organisation,Organisation moyenne.
FB_2399,CUST_1329,2024-10-19,4,Qualité service,Expérience premium.
FB_2400,CUST_1147,2024-07-30,4,Support client,Je reviendrai pour un prochain événement.
FB_2401,CUST_314,2025-04-17,4,Communication,Le support a mis du temps à répondre.
FB_2402,CUST_132,2024-01-27,4,Aucune plainte,Le support a mis du temps à répondre.
FB_2403,CUST_1269,2025-04-15,4,Aucune plainte,Le studio créatif est top.
FB_2404,CUST_251,2025-06-25,3,Réservation,Je reviendrai pour un prochain événement.
FB_2405,CUST_490,2024-02-20,1,Qualité service,Le studio créatif est top.
FB_2406,CUST_1343,2024-09-23,5,Organisation,Je reviendrai pour un prochain événement.
FB_2407,CUST_603,2024-06-23,3,Prix,Le studio créatif est top.
FB_2408,CUST_853,2024-07-28,4,Communication,Très bonne expérience globale.
FB_2409,CUST_162,2024-10-20,3,Support client,Très satisfait de l’ambiance.
FB_2410,CUST_395,2025-04-14,2,Organisation,Organisation moyenne.
FB_2411,CUST_1474,2024-03-18,4,Organisation,Le processus de réservation est compliqué.
FB_2412,CUST_964,2025-05-16,4,Qualité service,Excellent service client.
FB_2413,CUST_675,2024-10-29,5,Communication,Je reviendrai pour un prochain événement.
FB_2414,CUST_630,2025-03-03,4,Organisation,Je reviendrai pour un prochain événement.
FB_2415,CUST_1382,2025-01-18,4,Communication,Excellent service client.
FB_2416,CUST_774,2024-09-05,4,Qualité service,Le prix est un peu élevé.
FB_2417,CUST_627,2025-06-12,5,Organisation,Le prix est un peu élevé.
FB_2418,CUST_616,2024-11-21,4,Réservation,Je reviendrai pour un prochain événement.
FB_2419,CUST_1217,2024-05-03,5,Support client,Le support a mis du temps à répondre.
FB_2420,CUST_1476,2024-10-10,4,Support client,Le support a mis du temps à répondre.
FB_2421,CUST_867,2024-12-17,4,Organisation,Le studio créatif est top.
FB_2422,CUST_413,2024-01-31,5,Organisation,Très bonne expérience globale.
FB_2423,CUST_715,2025-05-02,5,Qualité service,Très bonne expérience globale.
FB_2424,CUST_358,2024-11-12,4,Réservation,Le support a mis du temps à répondre.
FB_2425,CUST_1185,2024-08-03,1,Aucune plainte,Le prix est un peu élevé.
FB_2426,CUST_1306,2025-05-11,2,Support client,Je reviendrai pour un prochain événement.
FB_2427,CUST_1083,2024-04-16,2,Prix,Le support a mis du temps à répondre.
FB_2428,CUST_99,2024-06-28,2,Prix,Expérience premium.
FB_2429,CUST_552,2024-12-31,4,Qualité service,Le processus de réservation est compliqué.
FB_2430,CUST_1191,2024-09-21,1,Réservation,Le support a mis du temps à répondre.
FB_2431,CUST_1129,2024-06-15,3,Support client,Le prix est un peu élevé.
FB_2432,CUST_1070,2025-05-25,4,Qualité service,Organisation moyenne.
FB_2433,CUST_777,2024-12-29,4,Prix,Très satisfait de l’ambiance.
FB_2434,CUST_1113,2024-11-11,5,Support client,Je reviendrai pour un prochain événement.
FB_2435,CUST_607,2024-08-09,4,Prix,Organisation moyenne.
FB_2436,CUST_501,2024-05-18,5,Aucune plainte,Le processus de réservation est compliqué.
FB_2437,CUST_824,2024-05-10,1,Aucune plainte,Très bonne expérience globale.
FB_2438,CUST_1406,2025-03-04,3,Organisation,Très satisfait de l’ambiance.
FB_2439,CUST_25,2024-02-12,4,Communication,Le support a mis du temps à répondre.
FB_2440,CUST_1386,2024-06-09,4,Support client,Le prix est un peu élevé.
FB_2441,CUST_621,2024-10-12,4,Communication,Très bonne expérience globale.
FB_2442,CUST_741,2025-02-25,4,Prix,Le studio créatif est top.
FB_2443,CUST_1110,2024-06-23,3,Aucune plainte,Expérience premium.
FB_2444,CUST_791,2024-09-01,5,Aucune plainte,Expérience premium.
FB_2445,CUST_809,2024-12-16,4,Support client,Expérience premium.
FB_2446,CUST_943,2024-07-18,5,Aucune plainte,Le support a mis du temps à répondre.
FB_2447,CUST_195,2024-01-02,4,Réservation,Très bonne expérience globale.
FB_2448,CUST_477,2025-02-10,5,Communication,Le prix est un peu élevé.
FB_2449,CUST_300,2024-12-09,5,Organisation,Je reviendrai pour un prochain événement.
FB_2450,CUST_326,2024-10-06,4,Prix,Excellent service client.
FB_2451,CUST_1102,2025-02-10,3,Réservation,Le prix est un peu élevé.
FB_2452,CUST_549,2024-04-15,5,Aucune plainte,Très bonne expérience globale.
FB_2453,CUST_1495,2024-06-23,1,Organisation,Très satisfait de l’ambiance.
FB_2454,CUST_104,2025-05-18,4,Aucune plainte,Je reviendrai pour un prochain événement.
FB_2455,CUST_16,2024-02-29,5,Communication,Le processus de réservation est compliqué.
FB_2456,CUST_296,2024-09-07,5,Aucune plainte,Le support a mis du temps à répondre.
FB_2457,CUST_1400,2024-05-02,4,Support client,Le studio créatif est top.
FB_2458,CUST_1270,2024-11-18,2,Communication,Le studio créatif est top.
FB_2459,CUST_131,2024-07-02,5,Communication,Très bonne expérience globale.
FB_2460,CUST_1073,2024-12-11,4,Réservation,Excellent service client.
FB_2461,CUST_1330,2024-03-23,5,Qualité service,Excellent service client.
FB_2462,CUST_1124,2024-10-03,5,Prix,Très bonne expérience globale.
FB_2463,CUST_175,2025-05-22,5,Réservation,Excellent service client.
FB_2464,CUST_366,2024-03-21,5,Aucune plainte,Le studio créatif est top.
FB_2465,CUST_944,2025-04-13,2,Prix,Organisation moyenne.
FB_2466,CUST_925,2025-04-22,3,Organisation,Le support a mis du temps à répondre.
FB_2467,CUST_1055,2025-06-02,4,Qualité service,Très satisfait de l’ambiance.
FB_2468,CUST_1360,2025-05-13,5,Prix,Organisation moyenne.
FB_2469,CUST_658,2025-02-11,1,Communication,Très satisfait de l’ambiance.
FB_2470,CUST_494,2025-04-27,4,Organisation,Le studio créatif est top.
FB_2471,CUST_148,2024-08-06,5,Support client,Organisation moyenne.
FB_2472,CUST_1481,2024-02-28,2,Aucune plainte,Excellent service client.
FB_2473,CUST_1256,2024-02-03,4,Prix,Expérience premium.
FB_2474,CUST_912,2024-06-03,5,Organisation,Excellent service client.
FB_2475,CUST_767,2025-01-07,5,Prix,Le processus de réservation est compliqué.
FB_2476,CUST_218,2024-08-03,4,Réservation,Très bonne expérience globale.
FB_2477,CUST_408,2024-10-03,3,Organisation,Très bonne expérience globale.
FB_2478,CUST_782,2025-02-11,4,Qualité service,Le processus de réservation est compliqué.
FB_2479,CUST_1028,2024-09-27,3,Qualité service,Expérience premium.
FB_2480,CUST_187,2025-02-12,4,Communication,Très bonne expérience globale.
FB_2481,CUST_948,2024-10-12,5,Qualité service,Le processus de réservation est compliqué.
FB_2482,CUST_270,2025-03-04,2,Qualité service,Le support a mis du temps à répondre.
FB_2483,CUST_62,2024-11-28,4,Prix,Le studio créatif est top.
FB_2484,CUST_567,2024-09-10,2,Organisation,Expérience premium.
FB_2485,CUST_699,2025-04-25,1,Aucune plainte,Je reviendrai pour un prochain événement.
FB_2486,CUST_1272,2025-01-25,1,Communication,Expérience premium.
FB_2487,CUST_1481,2024-02-05,3,Qualité service,Très satisfait de l’ambiance.
FB_2488,CUST_231,2024-03-15,1,Organisation,Très satisfait de l’ambiance.
FB_2489,CUST_1360,2025-01-10,3,Aucune plainte,Expérience premium.
FB_2490,CUST_335,2024-02-15,5,Réservation,Excellent service client.
FB_2491,CUST_52,2025-05-16,4,Aucune plainte,Le processus de réservation est compliqué.
FB_2492,CUST_1318,2025-02-28,4,Aucune plainte,Le support a mis du temps à répondre.
FB_2493,CUST_1122,2024-01-11,3,Communication,Le processus de réservation est compliqué.
FB_2494,CUST_1480,2024-08-31,5,Support client,Le processus de réservation est compliqué.
FB_2495,CUST_106,2024-10-07,4,Réservation,Le support a mis du temps à répondre.
FB_2496,CUST_1092,2025-02-10,1,Organisation,Le support a mis du temps à répondre.
FB_2497,CUST_1185,2024-03-29,2,Organisation,Très bonne expérience globale.
FB_2498,CUST_1440,2025-02-18,3,Communication,Excellent service client.
FB_2499,CUST_361,2024-06-29,5,Qualité service,Très satisfait de l’ambiance.
FB_2500,CUST_1172,2025-05-11,4,Support client,Le prix est un peu élevé.
FB_2501,CUST_527,2024-03-19,5,Organisation,Le support a mis du temps à répondre.
FB_2502,CUST_1475,2024-04-26,2,Organisation,Le processus de réservation est compliqué.
FB_2503,CUST_648,2025-04-10,2,Organisation,Le prix est un peu élevé.
FB_2504,CUST_1339,2025-02-19,4,Prix,Le processus de réservation est compliqué.
FB_2505,CUST_1460,2024-05-13,5,Organisation,Le processus de réservation est compliqué.
FB_2506,CUST_776,2024-12-22,3,Réservation,Le prix est un peu élevé.
FB_2507,CUST_120,2025-03-29,3,Support client,Le studio créatif est top.
FB_2508,CUST_177,2025-02-03,2,Communication,Le support a mis du temps à répondre.
FB_2509,CUST_205,2025-05-11,2,Qualité service,Je reviendrai pour un prochain événement.
FB_2510,CUST_900,2025-01-07,5,Support client,Organisation moyenne.
FB_2511,CUST_135,2024-08-29,4,Aucune plainte,Le studio créatif est top.
FB_2512,CUST_163,2024-08-09,3,Qualité service,Je reviendrai pour un prochain événement.
FB_2513,CUST_1003,2024-02-18,4,Qualité service,Excellent service client.
FB_2514,CUST_1202,2025-04-28,4,Communication,Le prix est un peu élevé.
FB_2515,CUST_482,2024-12-26,5,Organisation,Le processus de réservation est compliqué.
FB_2516,CUST_1238,2025-02-02,4,Communication,Très satisfait de l’ambiance.
FB_2517,CUST_504,2025-06-14,1,Aucune plainte,Le studio créatif est top.
FB_2518,CUST_753,2025-01-13,4,Prix,Très bonne expérience globale.
FB_2519,CUST_843,2024-01-26,1,Support client,Le processus de réservation est compliqué.
FB_2520,CUST_181,2025-05-11,5,Aucune plainte,Expérience premium.
FB_2521,CUST_123,2024-07-25,4,Qualité service,Très bonne expérience globale.
FB_2522,CUST_805,2024-10-14,4,Aucune plainte,Expérience premium.
FB_2523,CUST_284,2024-06-08,4,Prix,Excellent service client.
FB_2524,CUST_1471,2025-04-08,5,Réservation,Le processus de réservation est compliqué.
FB_2525,CUST_605,2024-04-24,3,Communication,Je reviendrai pour un prochain événement.
FB_2526,CUST_800,2025-04-05,5,Communication,Expérience premium.
FB_2527,CUST_1407,2024-08-21,4,Qualité service,Le processus de réservation est compliqué.
FB_2528,CUST_1101,2025-02-21,5,Qualité service,Organisation moyenne.
FB_2529,CUST_994,2024-10-12,5,Réservation,Je reviendrai pour un prochain événement.
FB_2530,CUST_332,2024-06-10,4,Communication,Le processus de réservation est compliqué.
FB_2531,CUST_795,2024-09-09,5,Support client,Excellent service client.
FB_2532,CUST_1079,2025-02-08,5,Support client,Organisation moyenne.
FB_2533,CUST_1339,2024-08-07,2,Réservation,Très bonne expérience globale.
FB_2534,CUST_1107,2025-04-27,2,Organisation,Le prix est un peu élevé.
FB_2535,CUST_221,2024-12-19,4,Aucune plainte,Très satisfait de l’ambiance.
FB_2536,CUST_188,2024-03-18,4,Aucune plainte,Expérience premium.
FB_2537,CUST_1250,2025-06-02,5,Aucune plainte,Expérience premium.
FB_2538,CUST_309,2024-03-04,3,Organisation,Excellent service client.
FB_2539,CUST_767,2024-08-24,4,Prix,Le studio créatif est top.
FB_2540,CUST_1042,2024-05-30,5,Support client,Je reviendrai pour un prochain événement.
FB_2541,CUST_546,2024-12-03,5,Prix,Le studio créatif est top.
FB_2542,CUST_669,2025-01-03,4,Prix,Très satisfait de l’ambiance.
FB_2543,CUST_332,2025-05-15,3,Prix,Le studio créatif est top.
FB_2544,CUST_1304,2024-07-02,2,Prix,Le prix est un peu élevé.
FB_2545,CUST_1308,2024-11-18,5,Prix,Le processus de réservation est compliqué.
FB_2546,CUST_473,2024-11-23,1,Aucune plainte,Très satisfait de l’ambiance.
FB_2547,CUST_230,2024-07-11,5,Prix,Expérience premium.
FB_2548,CUST_438,2025-03-29,3,Aucune plainte,Le prix est un peu élevé.
FB_2549,CUST_1444,2025-02-08,3,Qualité service,Le prix est un peu élevé.
FB_2550,CUST_1322,2025-03-08,1,Communication,Le processus de réservation est compliqué.
FB_2551,CUST_852,2024-10-30,5,Support client,Le support a mis du temps à répondre.
FB_2552,CUST_659,2024-04-18,3,Organisation,Très satisfait de l’ambiance.
FB_2553,CUST_1223,2025-03-12,5,Aucune plainte,Le support a mis du temps à répondre.
FB_2554,CUST_842,2025-04-20,3,Prix,Expérience premium.
FB_2555,CUST_281,2025-02-19,4,Réservation,Le studio créatif est top.
FB_2556,CUST_1087,2024-03-08,5,Aucune plainte,Organisation moyenne.
FB_2557,CUST_1062,2024-03-28,3,Prix,Très bonne expérience globale.
FB_2558,CUST_910,2025-04-09,2,Qualité service,Expérience premium.
FB_2559,CUST_474,2024-05-01,4,Aucune plainte,Organisation moyenne.
FB_2560,CUST_266,2024-09-26,5,Réservation,Le support a mis du temps à répondre.
FB_2561,CUST_968,2024-02-25,5,Prix,Très satisfait de l’ambiance.
FB_2562,CUST_126,2025-06-04,3,Support client,Le prix est un peu élevé.
FB_2563,CUST_512,2025-01-22,4,Qualité service,Très satisfait de l’ambiance.
FB_2564,CUST_587,2025-01-04,3,Organisation,Expérience premium.
FB_2565,CUST_1346,2024-03-18,5,Organisation,Très satisfait de l’ambiance.
FB_2566,CUST_424,2025-02-26,4,Communication,Très bonne expérience globale.
FB_2567,CUST_1324,2024-07-07,2,Communication,Je reviendrai pour un prochain événement.
FB_2568,CUST_627,2024-11-09,4,Organisation,Le support a mis du temps à répondre.
FB_2569,CUST_476,2024-04-16,5,Prix,Le studio créatif est top.
FB_2570,CUST_39,2024-01-05,5,Prix,Je reviendrai pour un prochain événement.
FB_2571,CUST_800,2024-06-07,3,Aucune plainte,Très satisfait de l’ambiance.
FB_2572,CUST_522,2024-06-08,4,Aucune plainte,Le studio créatif est top.
FB_2573,CUST_1108,2025-04-24,4,Réservation,Je reviendrai pour un prochain événement.
FB_2574,CUST_1003,2024-05-31,2,Aucune plainte,Le processus de réservation est compliqué.
FB_2575,CUST_1370,2024-11-04,2,Qualité service,Le prix est un peu élevé.
FB_2576,CUST_593,2025-05-06,2,Organisation,Le prix est un peu élevé.
FB_2577,CUST_13,2024-01-29,5,Réservation,Le studio créatif est top.
FB_2578,CUST_157,2024-07-27,2,Réservation,Le prix est un peu élevé.
FB_2579,CUST_191,2024-02-02,4,Organisation,Le support a mis du temps à répondre.
FB_2580,CUST_770,2024-08-30,5,Réservation,Très bonne expérience globale.
FB_2581,CUST_449,2025-06-02,5,Prix,Le processus de réservation est compliqué.
FB_2582,CUST_30,2025-04-30,2,Réservation,Le support a mis du temps à répondre.
FB_2583,CUST_718,2024-07-31,5,Réservation,Le prix est un peu élevé.
FB_2584,CUST_954,2024-08-10,3,Communication,Excellent service client.
FB_2585,CUST_53,2024-10-28,5,Aucune plainte,Le studio créatif est top.
FB_2586,CUST_37,2024-03-20,4,Qualité service,Le prix est un peu élevé.
FB_2587,CUST_221,2025-01-24,3,Support client,Excellent service client.
FB_2588,CUST_463,2024-12-22,3,Qualité service,Le prix est un peu élevé.
FB_2589,CUST_114,2025-01-02,5,Support client,Excellent service client.
FB_2590,CUST_1282,2024-09-05,5,Qualité service,Organisation moyenne.
FB_2591,CUST_1229,2024-06-19,3,Aucune plainte,Le studio créatif est top.
FB_2592,CUST_595,2025-02-24,4,Prix,Le processus de réservation est compliqué.
FB_2593,CUST_1417,2024-02-03,4,Organisation,Le processus de réservation est compliqué.
FB_2594,CUST_789,2024-09-17,3,Organisation,Très bonne expérience globale.
FB_2595,CUST_168,2024-06-26,5,Réservation,Le support a mis du temps à répondre.
FB_2596,CUST_60,2025-04-16,2,Organisation,Très satisfait de l’ambiance.
FB_2597,CUST_97,2024-04-12,5,Qualité service,Organisation moyenne.
FB_2598,CUST_1125,2024-03-28,4,Prix,Le support a mis du temps à répondre.
FB_2599,CUST_203,2024-10-27,4,Prix,Le prix est un peu élevé.
FB_2600,CUST_143,2024-11-05,3,Qualité service,Très satisfait de l’ambiance.
FB_2601,CUST_229,2024-12-12,2,Prix,Organisation moyenne.
FB_2602,CUST_739,2025-03-20,2,Prix,Très satisfait de l’ambiance.
FB_2603,CUST_688,2025-04-22,4,Support client,Très satisfait de l’ambiance.
FB_2604,CUST_878,2024-03-24,4,Communication,Très bonne expérience globale.
FB_2605,CUST_602,2024-11-22,3,Prix,Le studio créatif est top.
FB_2606,CUST_716,2024-01-21,4,Qualité service,Excellent service client.
FB_2607,CUST_626,2025-01-26,4,Prix,Le studio créatif est top.
FB_2608,CUST_956,2024-09-22,4,Communication,Expérience premium.
FB_2609,CUST_292,2025-01-18,5,Support client,Le prix est un peu élevé.
FB_2610,CUST_785,2024-06-27,2,Support client,Organisation moyenne.
FB_2611,CUST_615,2024-11-05,5,Qualité service,Très satisfait de l’ambiance.
FB_2612,CUST_140,2025-04-06,2,Organisation,Très satisfait de l’ambiance.
FB_2613,CUST_629,2025-04-02,5,Support client,Très bonne expérience globale.
FB_2614,CUST_1234,2024-10-06,2,Communication,Le processus de réservation est compliqué.
FB_2615,CUST_192,2024-07-19,1,Support client,Le prix est un peu élevé.
FB_2616,CUST_1319,2025-01-21,5,Organisation,Le studio créatif est top.
FB_2617,CUST_1288,2024-11-17,5,Organisation,Très satisfait de l’ambiance.
FB_2618,CUST_911,2024-09-21,4,Réservation,Très bonne expérience globale.
FB_2619,CUST_1036,2024-04-29,4,Prix,Le support a mis du temps à répondre.
FB_2620,CUST_828,2024-12-18,3,Aucune plainte,Le studio créatif est top.
FB_2621,CUST_74,2024-12-08,3,Aucune plainte,Je reviendrai pour un prochain événement.
FB_2622,CUST_471,2025-02-04,5,Communication,Le prix est un peu élevé.
FB_2623,CUST_258,2024-10-29,4,Organisation,Je reviendrai pour un prochain événement.
FB_2624,CUST_188,2024-02-20,3,Support client,Le studio créatif est top.
FB_2625,CUST_513,2024-05-08,5,Communication,Le support a mis du temps à répondre.
FB_2626,CUST_223,2024-10-15,3,Communication,Expérience premium.
FB_2627,CUST_1114,2024-02-28,4,Aucune plainte,Je reviendrai pour un prochain événement.
FB_2628,CUST_368,2024-05-12,3,Qualité service,Très bonne expérience globale.
FB_2629,CUST_1032,2024-12-27,4,Communication,Très bonne expérience globale.
FB_2630,CUST_1486,2024-08-11,4,Qualité service,Le support a mis du temps à répondre.
FB_2631,CUST_1170,2024-06-13,4,Organisation,Le processus de réservation est compliqué.
FB_2632,CUST_1019,2024-07-13,2,Prix,Le processus de réservation est compliqué.
FB_2633,CUST_738,2025-03-13,4,Prix,Je reviendrai pour un prochain événement.
FB_2634,CUST_917,2024-07-26,5,Organisation,Le support a mis du temps à répondre.
FB_2635,CUST_416,2024-04-20,5,Communication,Le studio créatif est top.
FB_2636,CUST_668,2025-02-23,3,Réservation,Organisation moyenne.
FB_2637,CUST_197,2025-02-05,4,Qualité service,Expérience premium.
FB_2638,CUST_1129,2024-05-31,2,Qualité service,Je reviendrai pour un prochain événement.
FB_2639,CUST_32,2024-08-20,4,Communication,Excellent service client.
FB_2640,CUST_1335,2025-03-07,4,Organisation,Le studio créatif est top.
FB_2641,CUST_1141,2024-04-09,1,Support client,Le prix est un peu élevé.
FB_2642,CUST_237,2025-03-23,3,Prix,Le support a mis du temps à répondre.
FB_2643,CUST_260,2024-12-06,3,Prix,Expérience premium.
FB_2644,CUST_701,2024-10-02,5,Support client,Très bonne expérience globale.
FB_2645,CUST_423,2025-03-11,4,Organisation,Expérience premium.
FB_2646,CUST_970,2024-12-10,4,Qualité service,Le processus de réservation est compliqué.
FB_2647,CUST_1477,2024-09-26,4,Prix,Très bonne expérience globale.
FB_2648,CUST_1472,2025-04-17,4,Organisation,Le support a mis du temps à répondre.
FB_2649,CUST_499,2024-11-29,4,Réservation,Le prix est un peu élevé.
FB_2650,CUST_648,2025-04-02,4,Qualité service,Expérience premium.
FB_2651,CUST_973,2024-11-02,5,Aucune plainte,Je reviendrai pour un prochain événement.
FB_2652,CUST_1409,2024-05-01,3,Aucune plainte,Le support a mis du temps à répondre.
FB_2653,CUST_238,2024-09-15,3,Support client,Très bonne expérience globale.
FB_2654,CUST_699,2025-02-15,4,Communication,Le processus de réservation est compliqué.
FB_2655,CUST_1289,2024-11-14,5,Organisation,Le support a mis du temps à répondre.
FB_2656,CUST_464,2025-05-21,3,Réservation,Très bonne expérience globale.
FB_2657,CUST_82,2025-01-13,2,Qualité service,Le studio créatif est top.
FB_2658,CUST_229,2025-04-21,5,Support client,Très bonne expérience globale.
FB_2659,CUST_1066,2024-07-24,3,Communication,Très satisfait de l’ambiance.
FB_2660,CUST_1436,2025-01-24,5,Support client,Excellent service client.
FB_2661,CUST_1060,2024-02-21,5,Support client,Le studio créatif est top.
FB_2662,CUST_198,2025-05-15,3,Qualité service,Très bonne expérience globale.
FB_2663,CUST_923,2024-01-29,4,Qualité service,Le support a mis du temps à répondre.
FB_2664,CUST_846,2024-04-10,4,Réservation,Très bonne expérience globale.
FB_2665,CUST_1411,2025-05-14,2,Support client,Excellent service client.
FB_2666,CUST_1070,2024-10-14,5,Communication,Le prix est un peu élevé.
FB_2667,CUST_206,2025-01-06,5,Réservation,Le prix est un peu élevé.
FB_2668,CUST_856,2024-03-05,4,Organisation,Le processus de réservation est compliqué.
FB_2669,CUST_1000,2024-06-04,2,Organisation,Le processus de réservation est compliqué.
FB_2670,CUST_1382,2024-11-21,2,Qualité service,Excellent service client.
FB_2671,CUST_770,2024-01-30,1,Organisation,Le support a mis du temps à répondre.
FB_2672,CUST_586,2024-02-15,1,Qualité service,Le prix est un peu élevé.
FB_2673,CUST_722,2024-11-07,4,Qualité service,Le studio créatif est top.
FB_2674,CUST_891,2024-06-29,4,Aucune plainte,Le support a mis du temps à répondre.
FB_2675,CUST_471,2025-01-14,3,Prix,Le studio créatif est top.
FB_2676,CUST_1080,2025-05-31,2,Organisation,Très bonne expérience globale.
FB_2677,CUST_693,2024-09-15,4,Communication,Le support a mis du temps à répondre.
FB_2678,CUST_699,2025-05-06,4,Réservation,Le support a mis du temps à répondre.
FB_2679,CUST_1104,2025-01-20,5,Réservation,Je reviendrai pour un prochain événement.
FB_2680,CUST_1120,2024-05-19,5,Prix,Excellent service client.
FB_2681,CUST_907,2024-08-03,5,Prix,Organisation moyenne.
FB_2682,CUST_712,2024-11-10,5,Support client,Très satisfait de l’ambiance.
FB_2683,CUST_649,2024-12-16,1,Aucune plainte,Excellent service client.
FB_2684,CUST_234,2024-10-24,4,Support client,Très bonne expérience globale.
FB_2685,CUST_847,2024-05-21,3,Prix,Très bonne expérience globale.
FB_2686,CUST_148,2024-04-30,4,Aucune plainte,Très satisfait de l’ambiance.
FB_2687,CUST_445,2024-09-17,4,Qualité service,Je reviendrai pour un prochain événement.
FB_2688,CUST_204,2024-02-12,3,Qualité service,Expérience premium.
FB_2689,CUST_1111,2024-09-05,5,Réservation,Le prix est un peu élevé.
FB_2690,CUST_365,2025-05-11,4,Qualité service,Excellent service client.
FB_2691,CUST_246,2024-07-27,3,Qualité service,Excellent service client.
FB_2692,CUST_1317,2024-02-13,5,Qualité service,Le studio créatif est top.
FB_2693,CUST_942,2024-04-23,4,Support client,Le processus de réservation est compliqué.
FB_2694,CUST_708,2024-04-12,4,Organisation,Le processus de réservation est compliqué.
FB_2695,CUST_1155,2024-04-04,5,Qualité service,Très bonne expérience globale.
FB_2696,CUST_597,2025-03-20,4,Organisation,Le processus de réservation est compliqué.
FB_2697,CUST_230,2024-08-13,1,Communication,Le studio créatif est top.
FB_2698,CUST_350,2025-06-17,2,Aucune plainte,Très bonne expérience globale.
FB_2699,CUST_1188,2024-03-03,2,Support client,Excellent service client.
FB_2700,CUST_1343,2024-09-03,5,Organisation,Le studio créatif est top.
FB_2701,CUST_1239,2024-01-07,5,Prix,Le support a mis du temps à répondre.
FB_2702,CUST_541,2025-04-05,4,Réservation,Excellent service client.
FB_2703,CUST_1128,2025-01-01,4,Réservation,Le prix est un peu élevé.
FB_2704,CUST_1325,2024-03-12,4,Qualité service,Excellent service client.
FB_2705,CUST_443,2024-12-23,3,Support client,Le studio créatif est top.
FB_2706,CUST_1165,2024-07-08,4,Prix,Expérience premium.
FB_2707,CUST_1158,2025-02-05,2,Support client,Très bonne expérience globale.
FB_2708,CUST_404,2024-06-09,3,Qualité service,Je reviendrai pour un prochain événement.
FB_2709,CUST_1012,2024-05-27,1,Aucune plainte,Le studio créatif est top.
FB_2710,CUST_406,2024-12-19,4,Réservation,Le support a mis du temps à répondre.
FB_2711,CUST_989,2024-01-11,4,Organisation,Très bonne expérience globale.
FB_2712,CUST_239,2024-07-14,4,Réservation,Le studio créatif est top.
FB_2713,CUST_474,2024-05-21,4,Communication,Expérience premium.
FB_2714,CUST_345,2024-09-04,4,Prix,Expérience premium.
FB_2715,CUST_19,2024-04-01,1,Support client,Le studio créatif est top.
FB_2716,CUST_459,2024-08-19,3,Organisation,Le processus de réservation est compliqué.
FB_2717,CUST_323,2025-03-31,4,Réservation,Excellent service client.
FB_2718,CUST_857,2024-10-29,4,Aucune plainte,Le processus de réservation est compliqué.
FB_2719,CUST_629,2024-11-03,4,Communication,Organisation moyenne.
FB_2720,CUST_1380,2024-06-24,3,Organisation,Le support a mis du temps à répondre.
FB_2721,CUST_347,2024-12-19,5,Qualité service,Le processus de réservation est compliqué.
FB_2722,CUST_1207,2024-01-28,1,Qualité service,Le prix est un peu élevé.
FB_2723,CUST_446,2025-01-07,4,Réservation,Je reviendrai pour un prochain événement.
FB_2724,CUST_930,2024-11-13,4,Prix,Très bonne expérience globale.
FB_2725,CUST_353,2025-04-02,3,Réservation,Le prix est un peu élevé.
FB_2726,CUST_78,2025-04-22,1,Prix,Le processus de réservation est compliqué.
FB_2727,CUST_1435,2024-06-23,2,Qualité service,Le studio créatif est top.
FB_2728,CUST_617,2025-04-12,3,Organisation,Très bonne expérience globale.
FB_2729,CUST_1348,2024-05-17,3,Réservation,Expérience premium.
FB_2730,CUST_775,2025-06-26,3,Aucune plainte,Très bonne expérience globale.
FB_2731,CUST_916,2024-08-01,2,Qualité service,Je reviendrai pour un prochain événement.
FB_2732,CUST_277,2024-04-18,5,Prix,Le studio créatif est top.
FB_2733,CUST_1345,2024-05-14,4,Aucune plainte,Très bonne expérience globale.
FB_2734,CUST_116,2024-06-02,5,Organisation,Le studio créatif est top.
FB_2735,CUST_574,2024-06-25,4,Support client,Le studio créatif est top.
FB_2736,CUST_383,2024-11-30,5,Aucune plainte,Le processus de réservation est compliqué.
FB_2737,CUST_1479,2025-03-17,3,Aucune plainte,Très bonne expérience globale.
FB_2738,CUST_48,2025-05-20,5,Communication,Excellent service client.
FB_2739,CUST_1297,2024-07-31,4,Support client,Le processus de réservation est compliqué.
FB_2740,CUST_552,2024-06-11,3,Communication,Très satisfait de l’ambiance.
FB_2741,CUST_375,2025-03-15,4,Organisation,Expérience premium.
FB_2742,CUST_172,2024-06-27,2,Prix,Le studio créatif est top.
FB_2743,CUST_801,2024-10-19,4,Aucune plainte,Excellent service client.
FB_2744,CUST_1297,2024-08-07,3,Organisation,Le support a mis du temps à répondre.
FB_2745,CUST_1017,2024-06-30,4,Réservation,Très satisfait de l’ambiance.
FB_2746,CUST_770,2024-12-24,4,Aucune plainte,Expérience premium.
FB_2747,CUST_1422,2024-06-24,4,Qualité service,Le support a mis du temps à répondre.
FB_2748,CUST_1162,2024-02-03,4,Qualité service,Expérience premium.
FB_2749,CUST_307,2024-11-07,5,Aucune plainte,Je reviendrai pour un prochain événement.
FB_2750,CUST_438,2025-05-25,3,Prix,Le studio créatif est top.
FB_2751,CUST_661,2025-03-13,5,Support client,Le studio créatif est top.
FB_2752,CUST_683,2024-06-28,3,Communication,Je reviendrai pour un prochain événement.
FB_2753,CUST_160,2025-06-04,3,Communication,Je reviendrai pour un prochain événement.
FB_2754,CUST_631,2025-05-24,4,Organisation,Le support a mis du temps à répondre.
FB_2755,CUST_167,2024-11-27,4,Communication,Très bonne expérience globale.
FB_2756,CUST_535,2024-11-25,2,Communication,Le support a mis du temps à répondre.
FB_2757,CUST_921,2024-02-23,4,Organisation,Expérience premium.
FB_2758,CUST_337,2025-02-27,5,Support client,Le support a mis du temps à répondre.
FB_2759,CUST_215,2024-03-09,2,Organisation,Très bonne expérience globale.
FB_2760,CUST_1314,2024-11-16,4,Support client,Le support a mis du temps à répondre.
FB_2761,CUST_73,2025-02-26,4,Aucune plainte,Je reviendrai pour un prochain événement.
FB_2762,CUST_383,2024-06-18,4,Communication,Expérience premium.
FB_2763,CUST_581,2025-05-26,4,Aucune plainte,Organisation moyenne.
FB_2764,CUST_992,2024-02-18,5,Réservation,Très satisfait de l’ambiance.
FB_2765,CUST_737,2025-02-21,5,Qualité service,Très satisfait de l’ambiance.
FB_2766,CUST_32,2024-08-13,4,Support client,Le processus de réservation est compliqué.
FB_2767,CUST_201,2025-05-31,3,Qualité service,Je reviendrai pour un prochain événement.
FB_2768,CUST_524,2024-04-14,4,Support client,Le studio créatif est top.
FB_2769,CUST_215,2024-12-04,1,Support client,Le processus de réservation est compliqué.
FB_2770,CUST_507,2024-01-29,4,Prix,Le processus de réservation est compliqué.
FB_2771,CUST_1107,2024-12-08,2,Prix,Excellent service client.
FB_2772,CUST_857,2024-01-13,2,Support client,Je reviendrai pour un prochain événement.
FB_2773,CUST_1425,2024-09-28,4,Communication,Le processus de réservation est compliqué.
FB_2774,CUST_963,2025-05-19,3,Réservation,Le prix est un peu élevé.
FB_2775,CUST_431,2024-10-27,4,Réservation,Expérience premium.
FB_2776,CUST_1193,2025-04-27,4,Réservation,Le prix est un peu élevé.
FB_2777,CUST_1087,2024-05-14,4,Réservation,Je reviendrai pour un prochain événement.
FB_2778,CUST_640,2025-01-13,5,Organisation,Expérience premium.
FB_2779,CUST_1059,2024-09-03,5,Organisation,Le support a mis du temps à répondre.
FB_2780,CUST_1410,2024-08-16,5,Support client,Excellent service client.
FB_2781,CUST_524,2024-12-05,4,Qualité service,Je reviendrai pour un prochain événement.
FB_2782,CUST_1197,2024-03-09,4,Réservation,Excellent service client.
FB_2783,CUST_38,2024-12-22,5,Qualité service,Expérience premium.
FB_2784,CUST_784,2024-12-13,2,Organisation,Le studio créatif est top.
FB_2785,CUST_694,2024-11-25,1,Aucune plainte,Expérience premium.
FB_2786,CUST_353,2024-02-15,1,Aucune plainte,Le studio créatif est top.
FB_2787,CUST_239,2024-11-05,5,Communication,Excellent service client.
FB_2788,CUST_300,2024-03-05,2,Réservation,Expérience premium.
FB_2789,CUST_791,2025-03-09,3,Communication,Très bonne expérience globale.
FB_2790,CUST_349,2024-04-08,5,Aucune plainte,Le support a mis du temps à répondre.
FB_2791,CUST_274,2024-01-03,3,Support client,Le support a mis du temps à répondre.
FB_2792,CUST_516,2025-02-02,4,Aucune plainte,Expérience premium.
FB_2793,CUST_61,2025-04-08,5,Réservation,Très bonne expérience globale.
FB_2794,CUST_33,2024-01-29,5,Réservation,Expérience premium.
FB_2795,CUST_1458,2025-05-17,3,Organisation,Excellent service client.
FB_2796,CUST_158,2024-09-25,5,Réservation,Le support a mis du temps à répondre.
FB_2797,CUST_284,2024-10-06,2,Aucune plainte,Je reviendrai pour un prochain événement.
FB_2798,CUST_169,2024-06-15,1,Organisation,Je reviendrai pour un prochain événement.
FB_2799,CUST_1093,2024-04-01,5,Prix,Organisation moyenne.
FB_2800,CUST_387,2025-02-20,3,Organisation,Très bonne expérience globale.
FB_2801,CUST_90,2025-04-21,4,Prix,Le support a mis du temps à répondre.
FB_2802,CUST_1165,2024-12-02,1,Réservation,Je reviendrai pour un prochain événement.
FB_2803,CUST_957,2024-05-02,3,Aucune plainte,Expérience premium.
FB_2804,CUST_269,2024-02-19,4,Communication,Le support a mis du temps à répondre.
FB_2805,CUST_1236,2025-04-03,5,Aucune plainte,Le studio créatif est top.
FB_2806,CUST_699,2025-01-23,4,Aucune plainte,Très satisfait de l’ambiance.
FB_2807,CUST_30,2024-04-04,5,Communication,Expérience premium.
FB_2808,CUST_927,2024-10-09,2,Support client,Le support a mis du temps à répondre.
FB_2809,CUST_93,2024-04-12,2,Organisation,Je reviendrai pour un prochain événement.
FB_2810,CUST_1002,2024-07-28,3,Organisation,Le support a mis du temps à répondre.
FB_2811,CUST_811,2025-01-03,4,Réservation,Organisation moyenne.
FB_2812,CUST_1019,2024-06-12,4,Qualité service,Très bonne expérience globale.
FB_2813,CUST_505,2025-02-23,4,Support client,Le processus de réservation est compliqué.
FB_2814,CUST_1407,2024-05-19,4,Support client,Le prix est un peu élevé.
FB_2815,CUST_32,2025-01-18,4,Qualité service,Je reviendrai pour un prochain événement.
FB_2816,CUST_1001,2024-01-30,4,Aucune plainte,Organisation moyenne.
FB_2817,CUST_12,2024-07-01,4,Aucune plainte,Très bonne expérience globale.
FB_2818,CUST_715,2024-01-12,2,Prix,Le support a mis du temps à répondre.
FB_2819,CUST_60,2024-03-19,4,Aucune plainte,Expérience premium.
FB_2820,CUST_209,2024-09-22,3,Organisation,Très satisfait de l’ambiance.
FB_2821,CUST_776,2024-04-22,3,Support client,Le studio créatif est top.
FB_2822,CUST_20,2024-07-29,4,Organisation,Je reviendrai pour un prochain événement.
FB_2823,CUST_383,2024-07-18,4,Qualité service,Très satisfait de l’ambiance.
FB_2824,CUST_1162,2024-07-24,3,Réservation,Expérience premium.
FB_2825,CUST_1198,2025-06-08,4,Réservation,Expérience premium.
FB_2826,CUST_73,2024-03-28,3,Organisation,Le studio créatif est top.
FB_2827,CUST_1256,2025-06-25,4,Aucune plainte,Le prix est un peu élevé.
FB_2828,CUST_1177,2025-06-12,2,Support client,Le prix est un peu élevé.
FB_2829,CUST_58,2024-05-02,5,Prix,Le studio créatif est top.
FB_2830,CUST_399,2024-11-29,5,Prix,Excellent service client.
FB_2831,CUST_597,2024-07-25,2,Prix,Le processus de réservation est compliqué.
FB_2832,CUST_306,2024-10-09,2,Communication,Très bonne expérience globale.
FB_2833,CUST_94,2025-04-21,5,Support client,Le prix est un peu élevé.
FB_2834,CUST_1201,2024-05-28,4,Communication,Expérience premium.
FB_2835,CUST_883,2025-03-02,3,Qualité service,Organisation moyenne.
FB_2836,CUST_205,2025-05-11,5,Organisation,Très bonne expérience globale.
FB_2837,CUST_741,2025-06-08,5,Prix,Le processus de réservation est compliqué.
FB_2838,CUST_1393,2024-06-25,5,Support client,Organisation moyenne.
FB_2839,CUST_958,2024-05-25,2,Aucune plainte,Je reviendrai pour un prochain événement.
FB_2840,CUST_139,2024-10-15,4,Qualité service,Excellent service client.
FB_2841,CUST_939,2024-11-21,2,Communication,Organisation moyenne.
FB_2842,CUST_543,2024-04-10,4,Réservation,Expérience premium.
FB_2843,CUST_1332,2024-12-27,4,Support client,Très bonne expérience globale.
FB_2844,CUST_504,2024-10-24,5,Qualité service,Le support a mis du temps à répondre.
FB_2845,CUST_847,2024-01-18,1,Support client,Le processus de réservation est compliqué.
FB_2846,CUST_1105,2025-06-07,3,Prix,Je reviendrai pour un prochain événement.
FB_2847,CUST_94,2024-04-09,4,Qualité service,Le prix est un peu élevé.
FB_2848,CUST_734,2024-08-16,5,Support client,Le prix est un peu élevé.
FB_2849,CUST_152,2024-09-01,4,Qualité service,Je reviendrai pour un prochain événement.
FB_2850,CUST_1245,2024-08-02,3,Prix,Très bonne expérience globale.
FB_2851,CUST_1460,2024-12-15,5,Communication,Expérience premium.
FB_2852,CUST_638,2024-06-23,3,Support client,Le prix est un peu élevé.
FB_2853,CUST_451,2025-05-24,3,Prix,Le support a mis du temps à répondre.
FB_2854,CUST_408,2025-06-17,2,Communication,Organisation moyenne.
FB_2855,CUST_571,2024-06-16,5,Aucune plainte,Le prix est un peu élevé.
FB_2856,CUST_1394,2024-12-08,5,Organisation,Le studio créatif est top.
FB_2857,CUST_1018,2025-03-04,4,Réservation,Très satisfait de l’ambiance.
FB_2858,CUST_1443,2024-06-28,2,Communication,Le studio créatif est top.
FB_2859,CUST_1352,2024-01-09,4,Communication,Le processus de réservation est compliqué.
FB_2860,CUST_1079,2024-02-14,4,Aucune plainte,Le processus de réservation est compliqué.
FB_2861,CUST_1242,2024-10-01,1,Support client,Très satisfait de l’ambiance.
FB_2862,CUST_383,2025-03-19,3,Qualité service,Le support a mis du temps à répondre.
FB_2863,CUST_1167,2024-08-06,4,Support client,Expérience premium.
FB_2864,CUST_269,2024-05-10,2,Qualité service,Excellent service client.
FB_2865,CUST_143,2024-12-06,1,Support client,Le prix est un peu élevé.
FB_2866,CUST_1463,2024-04-17,3,Réservation,Expérience premium.
FB_2867,CUST_258,2025-01-21,4,Qualité service,Expérience premium.
FB_2868,CUST_746,2024-11-30,1,Prix,Expérience premium.
FB_2869,CUST_1184,2024-03-25,5,Organisation,Je reviendrai pour un prochain événement.
FB_2870,CUST_983,2025-06-04,5,Organisation,Je reviendrai pour un prochain événement.
FB_2871,CUST_1287,2024-12-30,3,Qualité service,Expérience premium.
FB_2872,CUST_1230,2024-10-11,5,Communication,Le processus de réservation est compliqué.
FB_2873,CUST_857,2024-12-26,3,Support client,Le processus de réservation est compliqué.
FB_2874,CUST_794,2024-02-26,3,Réservation,Je reviendrai pour un prochain événement.
FB_2875,CUST_591,2024-05-08,4,Communication,Le support a mis du temps à répondre.
FB_2876,CUST_143,2025-02-25,3,Réservation,Expérience premium.
FB_2877,CUST_921,2024-01-02,5,Support client,Très satisfait de l’ambiance.
FB_2878,CUST_1480,2024-11-29,2,Réservation,Je reviendrai pour un prochain événement.
FB_2879,CUST_395,2024-09-21,3,Qualité service,Le support a mis du temps à répondre.
FB_2880,CUST_1453,2025-05-11,3,Aucune plainte,Je reviendrai pour un prochain événement.
FB_2881,CUST_198,2024-11-21,2,Prix,Organisation moyenne.
FB_2882,CUST_1325,2025-06-07,4,Support client,Très satisfait de l’ambiance.
FB_2883,CUST_939,2024-11-01,3,Support client,Très bonne expérience globale.
FB_2884,CUST_1204,2024-08-22,5,Réservation,Excellent service client.
FB_2885,CUST_1044,2024-03-25,4,Organisation,Je reviendrai pour un prochain événement.
FB_2886,CUST_466,2024-06-07,1,Organisation,Le prix est un peu élevé.
FB_2887,CUST_814,2024-08-17,5,Qualité service,Expérience premium.
FB_2888,CUST_117,2025-05-26,3,Organisation,Excellent service client.
FB_2889,CUST_1141,2024-08-07,4,Communication,Le processus de réservation est compliqué.
FB_2890,CUST_112,2025-03-27,5,Réservation,Je reviendrai pour un prochain événement.
FB_2891,CUST_1180,2024-06-04,2,Aucune plainte,Le processus de réservation est compliqué.
FB_2892,CUST_311,2024-11-20,5,Support client,Très bonne expérience globale.
FB_2893,CUST_508,2024-07-27,5,Qualité service,Excellent service client.
FB_2894,CUST_1474,2024-10-08,5,Prix,Je reviendrai pour un prochain événement.
FB_2895,CUST_715,2025-05-01,2,Prix,Le studio créatif est top.
FB_2896,CUST_747,2024-05-29,1,Réservation,Le prix est un peu élevé.
FB_2897,CUST_510,2025-05-09,3,Support client,Le studio créatif est top.
FB_2898,CUST_397,2024-02-20,5,Aucune plainte,Très satisfait de l’ambiance.
FB_2899,CUST_1345,2024-08-29,2,Organisation,Expérience premium.
FB_2900,CUST_262,2025-05-16,5,Prix,Excellent service client.
FB_2901,CUST_683,2025-01-16,2,Aucune plainte,Organisation moyenne.
FB_2902,CUST_1177,2024-12-15,5,Prix,Le studio créatif est top.
FB_2903,CUST_449,2025-01-09,3,Organisation,Le processus de réservation est compliqué.
FB_2904,CUST_934,2025-03-01,5,Prix,Le prix est un peu élevé.
FB_2905,CUST_73,2025-06-24,4,Support client,Le support a mis du temps à répondre.
FB_2906,CUST_1282,2024-04-12,5,Organisation,Organisation moyenne.
FB_2907,CUST_369,2024-12-20,5,Organisation,Expérience premium.
FB_2908,CUST_1215,2025-06-12,5,Qualité service,Le prix est un peu élevé.
FB_2909,CUST_1146,2025-06-24,2,Aucune plainte,Expérience premium.
FB_2910,CUST_252,2024-10-03,2,Aucune plainte,Le studio créatif est top.
FB_2911,CUST_273,2024-08-28,3,Support client,Très bonne expérience globale.
FB_2912,CUST_1349,2025-02-25,3,Prix,Expérience premium.
FB_2913,CUST_470,2024-11-22,3,Support client,Je reviendrai pour un prochain événement.
FB_2914,CUST_866,2024-07-19,2,Organisation,Le studio créatif est top.
FB_2915,CUST_945,2024-04-11,5,Communication,Le processus de réservation est compliqué.
FB_2916,CUST_267,2024-01-13,3,Support client,Expérience premium.
FB_2917,CUST_937,2024-08-08,2,Prix,Je reviendrai pour un prochain événement.
FB_2918,CUST_1225,2024-07-19,5,Support client,Très bonne expérience globale.
FB_2919,CUST_976,2024-01-26,4,Aucune plainte,Le studio créatif est top.
FB_2920,CUST_161,2024-08-18,2,Prix,Excellent service client.
FB_2921,CUST_813,2024-05-16,3,Prix,Très bonne expérience globale.
FB_2922,CUST_1336,2025-06-12,4,Qualité service,Le studio créatif est top.
FB_2923,CUST_1025,2024-06-23,3,Communication,Organisation moyenne.
FB_2924,CUST_1426,2024-09-01,5,Qualité service,Très bonne expérience globale.
FB_2925,CUST_321,2025-05-12,2,Prix,Le prix est un peu élevé.
FB_2926,CUST_1039,2024-06-20,3,Organisation,Organisation moyenne.
FB_2927,CUST_1439,2025-03-18,5,Aucune plainte,Très bonne expérience globale.
FB_2928,CUST_524,2024-05-30,3,Aucune plainte,Expérience premium.
FB_2929,CUST_1307,2025-05-30,5,Qualité service,Le processus de réservation est compliqué.
FB_2930,CUST_470,2025-04-27,5,Réservation,Je reviendrai pour un prochain événement.
FB_2931,CUST_393,2025-01-03,2,Aucune plainte,Le studio créatif est top.
FB_2932,CUST_1338,2025-01-28,4,Qualité service,Le prix est un peu élevé.
FB_2933,CUST_1393,2024-12-30,2,Organisation,Excellent service client.
FB_2934,CUST_367,2024-03-28,2,Support client,Expérience premium.
FB_2935,CUST_1141,2025-04-19,4,Organisation,Le support a mis du temps à répondre.
FB_2936,CUST_744,2024-04-19,4,Réservation,Très bonne expérience globale.
FB_2937,CUST_983,2024-04-19,5,Aucune plainte,Très bonne expérience globale.
FB_2938,CUST_1252,2025-01-16,3,Aucune plainte,Le processus de réservation est compliqué.
FB_2939,CUST_137,2025-04-22,4,Aucune plainte,Le prix est un peu élevé.
FB_2940,CUST_1378,2024-05-09,3,Communication,Le processus de réservation est compliqué.
FB_2941,CUST_116,2024-12-13,5,Réservation,Le prix est un peu élevé.
FB_2942,CUST_197,2024-01-26,5,Aucune plainte,Excellent service client.
FB_2943,CUST_1374,2025-01-30,5,Support client,Organisation moyenne.
FB_2944,CUST_775,2024-12-23,4,Réservation,Excellent service client.
FB_2945,CUST_877,2025-05-01,5,Prix,Organisation moyenne.
FB_2946,CUST_1149,2024-10-03,5,Communication,Le prix est un peu élevé.
FB_2947,CUST_1323,2024-10-02,5,Réservation,Organisation moyenne.
FB_2948,CUST_511,2024-03-17,5,Prix,Très bonne expérience globale.
FB_2949,CUST_325,2024-06-29,2,Organisation,Le prix est un peu élevé.
FB_2950,CUST_337,2024-06-11,2,Prix,Le studio créatif est top.
FB_2951,CUST_1002,2024-05-17,3,Aucune plainte,Le prix est un peu élevé.
FB_2952,CUST_1422,2024-05-22,4,Organisation,Très bonne expérience globale.
FB_2953,CUST_581,2024-07-29,5,Qualité service,Le prix est un peu élevé.
FB_2954,CUST_727,2024-02-23,2,Prix,Excellent service client.
FB_2955,CUST_1082,2025-03-27,1,Aucune plainte,Très satisfait de l’ambiance.
FB_2956,CUST_1443,2025-04-10,4,Organisation,Le processus de réservation est compliqué.
FB_2957,CUST_584,2024-12-24,2,Prix,Expérience premium.
FB_2958,CUST_1183,2024-06-12,3,Support client,Très satisfait de l’ambiance.
FB_2959,CUST_713,2024-12-10,5,Support client,Je reviendrai pour un prochain événement.
FB_2960,CUST_685,2025-05-21,3,Support client,Le prix est un peu élevé.
FB_2961,CUST_1284,2025-03-18,4,Réservation,Le support a mis du temps à répondre.
FB_2962,CUST_27,2024-12-28,5,Support client,Très bonne expérience globale.
FB_2963,CUST_856,2024-07-30,4,Prix,Le support a mis du temps à répondre.
FB_2964,CUST_594,2024-10-15,2,Prix,Le studio créatif est top.
FB_2965,CUST_58,2024-06-12,5,Réservation,Très satisfait de l’ambiance.
FB_2966,CUST_1218,2025-03-10,4,Communication,Le processus de réservation est compliqué.
FB_2967,CUST_1140,2024-06-20,4,Qualité service,Le studio créatif est top.
FB_2968,CUST_1253,2025-02-03,1,Réservation,Le studio créatif est top.
FB_2969,CUST_1154,2024-01-13,3,Réservation,Le support a mis du temps à répondre.
FB_2970,CUST_1427,2024-06-19,5,Réservation,Le processus de réservation est compliqué.
FB_2971,CUST_370,2024-02-14,3,Support client,Très satisfait de l’ambiance.
FB_2972,CUST_511,2024-09-23,5,Prix,Le support a mis du temps à répondre.
FB_2973,CUST_384,2024-10-22,4,Organisation,Très bonne expérience globale.
FB_2974,CUST_1194,2025-01-19,3,Communication,Le prix est un peu élevé.
FB_2975,CUST_1491,2025-02-11,1,Qualité service,Excellent service client.
FB_2976,CUST_278,2024-10-24,5,Support client,Organisation moyenne.
FB_2977,CUST_419,2025-05-12,5,Prix,Le prix est un peu élevé.
FB_2978,CUST_1121,2024-04-21,4,Aucune plainte,Le support a mis du temps à répondre.
FB_2979,CUST_777,2025-01-24,5,Prix,Expérience premium.
FB_2980,CUST_1037,2025-01-14,2,Aucune plainte,Le prix est un peu élevé.
FB_2981,CUST_1125,2024-11-21,3,Prix,Je reviendrai pour un prochain événement.
FB_2982,CUST_1020,2024-01-05,2,Aucune plainte,Je reviendrai pour un prochain événement.
FB_2983,CUST_312,2024-08-06,5,Communication,Expérience premium.
FB_2984,CUST_617,2024-03-03,4,Communication,Organisation moyenne.
FB_2985,CUST_130,2024-01-28,4,Organisation,Excellent service client.
FB_2986,CUST_860,2024-12-12,4,Qualité service,Le support a mis du temps à répondre.
FB_2987,CUST_669,2024-12-26,5,Qualité service,Excellent service client.
FB_2988,CUST_698,2025-03-13,3,Réservation,Organisation moyenne.
FB_2989,CUST_1109,2025-04-04,3,Organisation,Le studio créatif est top.
FB_2990,CUST_629,2025-05-09,3,Réservation,Je reviendrai pour un prochain événement.
FB_2991,CUST_1113,2024-06-14,4,Qualité service,Très bonne expérience globale.
FB_2992,CUST_5,2024-11-06,3,Organisation,Le processus de réservation est compliqué.
FB_2993,CUST_158,2025-05-03,3,Organisation,Je reviendrai pour un prochain événement.
FB_2994,CUST_139,2025-05-21,5,Organisation,Le support a mis du temps à répondre.
FB_2995,CUST_466,2024-03-04,5,Communication,Organisation moyenne.
FB_2996,CUST_1189,2025-03-17,5,Communication,Le processus de réservation est compliqué.
FB_2997,CUST_1173,2024-11-21,3,Support client,Organisation moyenne.
FB_2998,CUST_1215,2024-04-19,3,Aucune plainte,Organisation moyenne.
FB_2999,CUST_449,2025-02-17,5,Organisation,Expérience premium.
FB_3000,CUST_215,2024-09-24,3,Aucune plainte,Expérience premium.
