order_id,customer_id,order_date,offer_type,channel,revenue,cost,status
ORD_1,CUST_756,2025-03-06,Business Plan,Google Search,988.73,191.77,Completed
ORD_2,CUST_292,2024-05-05,Enterprise Plan,LinkedIn,1085.0,275.93,Completed
ORD_3,CUST_117,2024-11-20,Business Plan,LinkedIn,89.27,36.88,Completed
ORD_4,CUST_271,2025-06-10,Basic Plan,Google Search,1105.58,451.38,Completed
ORD_5,CUST_590,2025-02-09,Pro Plan,LinkedIn,102.26,16.39,Refunded
ORD_6,CUST_1042,2025-04-13,Business Plan,LinkedIn,175.12,32.34,Completed
ORD_7,CUST_195,2024-02-16,Pro Plan,Google Search,1057.78,189.63,Completed
ORD_8,CUST_472,2025-05-08,Business Plan,Instagram,255.07,76.84,Completed
ORD_9,CUST_1082,2024-04-26,Pro Plan,LinkedIn,217.96,82.28,Completed
ORD_10,CUST_900,2024-05-13,Business Plan,Partnership,765.19,301.47,Completed
ORD_11,CUST_669,2024-09-13,Pro Plan,Google Search,959.91,356.82,Refunded
ORD_12,CUST_761,2025-06-29,Pro Plan,TikTok,1001.07,310.9,Completed
ORD_13,CUST_828,2024-09-10,Basic Plan,Google Search,1179.57,449.92,Completed
ORD_14,CUST_1311,2025-04-01,Business Plan,Google Search,721.44,322.08,Completed
ORD_15,CUST_46,2025-04-27,Business Plan,Instagram,80.21,30.16,Refunded
ORD_16,CUST_883,2025-02-15,Enterprise Plan,Google Search,546.99,95.42,Completed
ORD_17,CUST_387,2024-03-05,Business Plan,LinkedIn,758.99,251.36,Completed
ORD_18,CUST_328,2025-06-02,Basic Plan,Google Search,1154.46,221.63,Completed
ORD_19,CUST_253,2024-04-21,Business Plan,Google Search,840.49,220.83,Completed
ORD_20,CUST_1128,2024-10-25,Pro Plan,LinkedIn,872.04,183.96,Completed
ORD_21,CUST_1011,2025-03-22,Onboarding,Partnership,434.53,161.07,Refunded
ORD_22,CUST_644,2025-06-19,Pro Plan,Google Search,189.06,72.79,Completed
ORD_23,CUST_1027,2024-05-08,Pro Plan,Google Search,715.1,253.52,Completed
ORD_24,CUST_768,2025-06-15,Enterprise Plan,TikTok,972.12,185.75,Completed
ORD_25,CUST_1196,2024-02-08,Enterprise Plan,Partnership,130.27,42.71,Completed
ORD_26,CUST_1194,2024-11-01,Pro Plan,Google Search,322.68,88.78,Completed
ORD_27,CUST_1196,2024-02-02,Basic Plan,Partnership,873.77,131.43,Completed
ORD_28,CUST_903,2024-11-24,Basic Plan,Partnership,983.76,319.05,Completed
ORD_29,CUST_734,2025-04-12,Pro Plan,Google Search,444.18,126.03,Completed
ORD_30,CUST_939,2024-09-10,Basic Plan,Google Search,269.45,54.33,Completed
ORD_31,CUST_275,2025-01-23,Onboarding,Google Search,833.89,310.02,Completed
ORD_32,CUST_45,2024-01-03,Basic Plan,Referral,293.54,127.74,Completed
ORD_33,CUST_1466,2024-03-18,Basic Plan,Google Search,176.12,52.77,Refunded
ORD_34,CUST_1211,2024-04-01,Basic Plan,LinkedIn,739.55,141.91,Completed
ORD_35,CUST_1396,2024-08-19,Pro Plan,Google Search,68.24,14.94,Completed
ORD_36,CUST_1021,2024-06-12,Pro Plan,Google Search,197.52,59.0,Completed
ORD_37,CUST_463,2024-05-03,Onboarding,Google Search,1036.49,224.37,Refunded
ORD_38,CUST_1250,2024-03-20,Basic Plan,Partnership,540.41,132.71,Completed
ORD_39,CUST_256,2024-10-19,Add-on,LinkedIn,427.79,178.32,Completed
ORD_40,CUST_766,2025-03-26,Onboarding,Partnership,967.26,380.11,Completed
ORD_41,CUST_1130,2025-03-18,Basic Plan,Partnership,150.05,33.17,Completed
ORD_42,CUST_1105,2024-11-25,Pro Plan,LinkedIn,655.61,143.41,Completed
ORD_43,CUST_424,2024-09-06,Add-on,LinkedIn,1045.26,261.15,Completed
ORD_44,CUST_222,2025-05-01,Basic Plan,LinkedIn,105.63,23.06,Completed
ORD_45,CUST_693,2024-11-29,Pro Plan,Partnership,161.97,65.96,Completed
ORD_46,CUST_567,2025-03-23,Basic Plan,TikTok,1172.3,279.38,Completed
ORD_47,CUST_946,2024-06-06,Basic Plan,Google Search,318.31,100.54,Completed
ORD_48,CUST_1439,2024-08-10,Pro Plan,LinkedIn,629.05,134.65,Completed
ORD_49,CUST_204,2024-11-12,Pro Plan,LinkedIn,272.09,84.86,Completed
ORD_50,CUST_248,2024-02-14,Pro Plan,Event Walk-in,641.97,173.05,Completed
ORD_51,CUST_1447,2025-02-27,Basic Plan,LinkedIn,1011.99,231.42,Completed
ORD_52,CUST_1423,2024-01-01,Business Plan,Google Search,1111.02,492.07,Completed
ORD_53,CUST_69,2024-09-27,Basic Plan,Partnership,253.59,110.12,Completed
ORD_54,CUST_1248,2024-09-12,Basic Plan,LinkedIn,652.3,228.41,Completed
ORD_55,CUST_57,2024-05-31,Basic Plan,LinkedIn,913.23,261.48,Completed
ORD_56,CUST_7,2024-05-20,Pro Plan,Partnership,364.46,84.03,Refunded
ORD_57,CUST_934,2025-02-14,Enterprise Plan,Google Search,116.75,20.04,Completed
ORD_58,CUST_876,2024-04-12,Pro Plan,Google Search,958.23,147.9,Completed
ORD_59,CUST_1474,2024-07-17,Basic Plan,Google Search,965.79,234.47,Completed
ORD_60,CUST_1288,2024-10-17,Basic Plan,Partnership,288.98,127.13,Refunded
ORD_61,CUST_818,2024-12-12,Basic Plan,Instagram,103.09,42.46,Completed
ORD_62,CUST_1281,2024-03-20,Business Plan,Google Search,441.94,161.29,Completed
ORD_63,CUST_1121,2024-02-03,Basic Plan,Google Search,894.65,398.03,Completed
ORD_64,CUST_848,2025-04-24,Enterprise Plan,Google Search,1105.69,321.2,Refunded
ORD_65,CUST_63,2024-08-28,Basic Plan,Google Search,1074.99,295.86,Completed
ORD_66,CUST_752,2024-09-28,Basic Plan,LinkedIn,638.07,283.38,Completed
ORD_67,CUST_275,2024-05-09,Basic Plan,Google Search,869.06,184.8,Completed
ORD_68,CUST_203,2024-11-28,Pro Plan,Instagram,1026.33,396.08,Completed
ORD_69,CUST_1298,2024-05-14,Pro Plan,LinkedIn,1043.34,232.3,Completed
ORD_70,CUST_1093,2025-06-23,Pro Plan,Google Search,187.21,76.95,Completed
ORD_71,CUST_815,2024-08-04,Basic Plan,Google Search,581.54,248.01,Completed
ORD_72,CUST_707,2024-04-18,Basic Plan,LinkedIn,446.78,170.79,Completed
ORD_73,CUST_380,2024-04-07,Basic Plan,Instagram,487.41,148.98,Completed
ORD_74,CUST_1383,2024-08-17,Business Plan,Instagram,840.5,240.25,Completed
ORD_75,CUST_117,2025-06-26,Basic Plan,LinkedIn,167.76,27.09,Completed
ORD_76,CUST_523,2025-01-02,Add-on,LinkedIn,1129.63,233.38,Cancelled
ORD_77,CUST_440,2025-05-31,Pro Plan,Google Search,681.46,165.42,Completed
ORD_78,CUST_1493,2024-09-28,Basic Plan,Google Search,920.45,208.29,Refunded
ORD_79,CUST_317,2024-10-29,Add-on,Google Search,370.57,105.06,Completed
ORD_80,CUST_5,2025-03-16,Business Plan,LinkedIn,626.36,123.23,Refunded
ORD_81,CUST_727,2024-10-30,Basic Plan,Instagram,858.93,225.58,Completed
ORD_82,CUST_24,2025-05-11,Business Plan,LinkedIn,404.66,91.91,Cancelled
ORD_83,CUST_1285,2024-11-06,Pro Plan,Instagram,564.15,129.68,Completed
ORD_84,CUST_9,2024-12-23,Basic Plan,Google Search,829.8,138.96,Completed
ORD_85,CUST_1099,2024-03-16,Business Plan,Instagram,1158.72,333.63,Completed
ORD_86,CUST_1417,2024-11-12,Basic Plan,Google Search,564.63,90.89,Completed
ORD_87,CUST_1148,2024-02-11,Pro Plan,Partnership,896.78,209.61,Completed
ORD_88,CUST_1226,2024-03-03,Onboarding,Google Search,705.47,192.46,Completed
ORD_89,CUST_784,2024-12-24,Basic Plan,Partnership,1152.31,394.87,Cancelled
ORD_90,CUST_597,2024-12-15,Premium Support,Google Search,307.81,124.62,Completed
ORD_91,CUST_1136,2024-05-30,Enterprise Plan,Partnership,865.15,213.97,Completed
ORD_92,CUST_1113,2025-01-06,Basic Plan,Referral,668.6,212.23,Refunded
ORD_93,CUST_568,2025-01-21,Basic Plan,Partnership,850.65,245.43,Completed
ORD_94,CUST_921,2025-06-21,Enterprise Plan,LinkedIn,584.73,89.11,Completed
ORD_95,CUST_256,2024-01-12,Basic Plan,LinkedIn,258.06,93.93,Completed
ORD_96,CUST_1336,2024-07-19,Enterprise Plan,Referral,967.68,346.9,Completed
ORD_97,CUST_1330,2024-09-14,Enterprise Plan,Instagram,263.79,58.06,Completed
ORD_98,CUST_1211,2024-02-25,Pro Plan,LinkedIn,941.92,306.4,Completed
ORD_99,CUST_1193,2024-07-23,Enterprise Plan,Google Search,1033.24,367.26,Completed
ORD_100,CUST_651,2024-06-03,Basic Plan,LinkedIn,100.81,23.64,Completed
ORD_101,CUST_305,2025-06-03,Pro Plan,LinkedIn,85.2,32.34,Completed
ORD_102,CUST_933,2024-07-04,Enterprise Plan,Google Search,628.27,275.99,Cancelled
ORD_103,CUST_806,2025-05-06,Basic Plan,LinkedIn,874.07,250.59,Completed
ORD_104,CUST_568,2025-04-22,Pro Plan,Partnership,1160.51,477.85,Completed
ORD_105,CUST_365,2024-03-06,Basic Plan,TikTok,919.66,297.83,Completed
ORD_106,CUST_1001,2024-12-25,Business Plan,Partnership,1195.24,256.48,Refunded
ORD_107,CUST_134,2025-03-03,Pro Plan,LinkedIn,812.27,269.89,Completed
ORD_108,CUST_1297,2024-12-30,Basic Plan,Google Search,414.84,169.74,Completed
ORD_109,CUST_355,2024-02-28,Pro Plan,LinkedIn,471.23,208.84,Completed
ORD_110,CUST_1481,2025-06-05,Basic Plan,LinkedIn,88.04,14.48,Completed
ORD_111,CUST_923,2025-05-06,Basic Plan,LinkedIn,1145.09,511.64,Cancelled
ORD_112,CUST_478,2025-04-29,Onboarding,LinkedIn,1108.96,235.76,Completed
ORD_113,CUST_1449,2024-10-15,Basic Plan,TikTok,743.65,287.01,Completed
ORD_114,CUST_446,2024-09-29,Basic Plan,Google Search,320.98,113.31,Completed
ORD_115,CUST_821,2024-10-16,Onboarding,TikTok,327.6,94.32,Refunded
ORD_116,CUST_899,2024-06-27,Business Plan,LinkedIn,178.83,31.03,Completed
ORD_117,CUST_987,2024-06-21,Business Plan,LinkedIn,401.93,153.23,Completed
ORD_118,CUST_180,2025-02-20,Enterprise Plan,Partnership,666.47,266.66,Completed
ORD_119,CUST_18,2025-06-15,Onboarding,LinkedIn,663.92,274.01,Completed
ORD_120,CUST_112,2024-08-06,Pro Plan,Google Search,472.78,74.2,Completed
ORD_121,CUST_466,2024-05-04,Basic Plan,TikTok,453.16,126.17,Cancelled
ORD_122,CUST_225,2024-08-23,Basic Plan,LinkedIn,249.81,44.4,Completed
ORD_123,CUST_621,2025-02-20,Pro Plan,Instagram,410.99,178.73,Completed
ORD_124,CUST_1403,2024-12-27,Pro Plan,Google Search,827.19,217.33,Completed
ORD_125,CUST_12,2024-12-25,Pro Plan,LinkedIn,1097.16,383.37,Completed
ORD_126,CUST_266,2024-08-23,Basic Plan,Google Search,434.55,167.3,Completed
ORD_127,CUST_1310,2024-03-04,Pro Plan,Google Search,795.78,228.95,Completed
ORD_128,CUST_1428,2024-11-06,Pro Plan,Google Search,41.57,6.8,Cancelled
ORD_129,CUST_771,2025-05-14,Add-on,Google Search,38.7,8.26,Completed
ORD_130,CUST_1085,2024-10-11,Basic Plan,Partnership,602.4,187.71,Completed
ORD_131,CUST_1268,2024-10-19,Enterprise Plan,Google Search,718.38,112.1,Completed
ORD_132,CUST_1186,2025-03-23,Add-on,TikTok,504.1,114.29,Completed
ORD_133,CUST_793,2024-08-31,Pro Plan,Instagram,1168.48,242.7,Refunded
ORD_134,CUST_373,2024-08-20,Enterprise Plan,LinkedIn,739.59,304.19,Completed
ORD_135,CUST_1376,2024-12-21,Pro Plan,LinkedIn,496.44,172.02,Completed
ORD_136,CUST_544,2024-04-06,Business Plan,LinkedIn,324.0,60.64,Completed
ORD_137,CUST_481,2024-04-17,Basic Plan,Google Search,110.42,38.27,Completed
ORD_138,CUST_26,2025-02-23,Basic Plan,Google Search,1117.92,455.23,Completed
ORD_139,CUST_20,2024-07-08,Pro Plan,LinkedIn,1114.04,371.12,Completed
ORD_140,CUST_848,2024-04-08,Premium Support,Google Search,750.87,193.56,Completed
ORD_141,CUST_1021,2024-02-29,Pro Plan,Google Search,975.08,148.25,Completed
ORD_142,CUST_782,2024-07-29,Pro Plan,Event Walk-in,323.5,63.43,Refunded
ORD_143,CUST_1434,2025-01-24,Basic Plan,Google Search,860.52,360.17,Completed
ORD_144,CUST_241,2025-02-23,Basic Plan,Google Search,849.96,154.02,Completed
ORD_145,CUST_1316,2025-06-12,Enterprise Plan,TikTok,511.08,132.59,Completed
ORD_146,CUST_421,2025-06-08,Pro Plan,LinkedIn,367.58,121.2,Completed
ORD_147,CUST_1000,2025-03-06,Premium Support,LinkedIn,501.43,212.69,Completed
ORD_148,CUST_582,2024-07-03,Basic Plan,LinkedIn,621.39,237.49,Completed
ORD_149,CUST_558,2024-07-14,Enterprise Plan,Google Search,337.93,87.51,Completed
ORD_150,CUST_1375,2025-03-01,Basic Plan,Google Search,1196.59,374.37,Completed
ORD_151,CUST_1410,2025-06-04,Pro Plan,LinkedIn,229.45,98.66,Completed
ORD_152,CUST_860,2024-04-10,Basic Plan,Partnership,1054.96,380.65,Completed
ORD_153,CUST_304,2024-11-18,Pro Plan,Partnership,676.21,277.64,Completed
ORD_154,CUST_715,2024-03-24,Pro Plan,Instagram,516.72,202.45,Refunded
ORD_155,CUST_140,2025-01-11,Basic Plan,Google Search,36.16,6.53,Completed
ORD_156,CUST_640,2025-02-20,Pro Plan,Google Search,660.43,109.21,Completed
ORD_157,CUST_394,2024-03-11,Pro Plan,LinkedIn,700.72,136.9,Completed
ORD_158,CUST_667,2025-01-29,Business Plan,LinkedIn,503.75,87.81,Completed
ORD_159,CUST_1271,2025-02-16,Business Plan,TikTok,1170.51,331.21,Completed
ORD_160,CUST_1414,2024-04-06,Basic Plan,Partnership,239.09,97.87,Completed
ORD_161,CUST_467,2025-04-04,Basic Plan,LinkedIn,859.8,262.99,Completed
ORD_162,CUST_890,2024-05-12,Pro Plan,Partnership,611.88,130.6,Completed
ORD_163,CUST_31,2024-12-23,Enterprise Plan,Event Walk-in,151.6,56.2,Completed
ORD_164,CUST_703,2024-08-14,Pro Plan,Partnership,135.02,53.81,Completed
ORD_165,CUST_967,2025-02-24,Basic Plan,LinkedIn,532.1,190.27,Refunded
ORD_166,CUST_92,2024-08-19,Basic Plan,Google Search,71.08,19.42,Cancelled
ORD_167,CUST_612,2024-05-27,Business Plan,Google Search,1005.43,282.12,Completed
ORD_168,CUST_727,2025-01-23,Business Plan,Instagram,691.74,189.56,Completed
ORD_169,CUST_1241,2024-07-09,Enterprise Plan,Google Search,358.89,63.8,Completed
ORD_170,CUST_1368,2025-06-17,Basic Plan,LinkedIn,763.83,271.65,Completed
ORD_171,CUST_1162,2024-06-26,Add-on,Event Walk-in,443.72,117.29,Completed
ORD_172,CUST_389,2025-02-19,Basic Plan,Google Search,672.45,156.25,Completed
ORD_173,CUST_149,2024-07-06,Business Plan,Instagram,600.82,173.99,Completed
ORD_174,CUST_981,2025-01-29,Pro Plan,Google Search,840.42,231.53,Completed
ORD_175,CUST_636,2024-09-09,Add-on,LinkedIn,919.6,291.21,Completed
ORD_176,CUST_1325,2024-07-20,Pro Plan,Google Search,112.39,47.77,Completed
ORD_177,CUST_777,2024-11-01,Basic Plan,Google Search,163.68,60.59,Completed
ORD_178,CUST_942,2025-03-13,Business Plan,LinkedIn,602.29,192.79,Completed
ORD_179,CUST_403,2024-05-01,Add-on,LinkedIn,202.73,45.2,Refunded
ORD_180,CUST_1262,2024-04-07,Basic Plan,LinkedIn,937.07,186.34,Completed
ORD_181,CUST_471,2024-10-20,Enterprise Plan,LinkedIn,1078.84,287.23,Completed
ORD_182,CUST_1212,2024-11-11,Basic Plan,Partnership,1016.71,170.41,Completed
ORD_183,CUST_666,2024-06-30,Basic Plan,Instagram,696.44,273.53,Completed
ORD_184,CUST_868,2024-07-27,Pro Plan,Partnership,363.21,128.67,Completed
ORD_185,CUST_792,2025-03-10,Basic Plan,Instagram,312.36,100.62,Completed
ORD_186,CUST_1046,2025-06-23,Basic Plan,Instagram,345.05,111.05,Completed
ORD_187,CUST_485,2024-11-27,Basic Plan,Google Search,253.89,105.31,Completed
ORD_188,CUST_777,2025-02-27,Business Plan,Google Search,952.86,193.79,Completed
ORD_189,CUST_1390,2024-03-06,Add-on,LinkedIn,310.67,78.97,Completed
ORD_190,CUST_1431,2024-11-29,Pro Plan,Instagram,834.72,333.85,Completed
ORD_191,CUST_94,2025-03-31,Pro Plan,Google Search,1162.4,355.01,Completed
ORD_192,CUST_1268,2025-04-06,Basic Plan,Google Search,607.88,171.77,Completed
ORD_193,CUST_71,2024-06-10,Basic Plan,Google Search,649.87,113.85,Completed
ORD_194,CUST_1189,2024-11-15,Pro Plan,Instagram,1190.29,362.25,Completed
ORD_195,CUST_73,2024-11-08,Pro Plan,Google Search,892.16,195.35,Completed
ORD_196,CUST_500,2024-04-03,Basic Plan,Google Search,989.18,152.86,Completed
ORD_197,CUST_764,2024-05-29,Business Plan,Google Search,371.35,128.04,Completed
ORD_198,CUST_516,2024-12-10,Business Plan,Partnership,1050.9,370.75,Completed
ORD_199,CUST_744,2025-05-11,Enterprise Plan,LinkedIn,1105.3,382.45,Completed
ORD_200,CUST_783,2024-06-02,Business Plan,LinkedIn,816.81,305.78,Completed
ORD_201,CUST_990,2024-01-01,Basic Plan,Instagram,1101.34,484.35,Completed
ORD_202,CUST_432,2024-09-13,Basic Plan,Partnership,899.2,380.96,Completed
ORD_203,CUST_796,2024-08-23,Basic Plan,LinkedIn,1168.03,415.9,Completed
ORD_204,CUST_647,2024-09-25,Business Plan,LinkedIn,423.42,126.51,Completed
ORD_205,CUST_477,2024-12-01,Pro Plan,Partnership,321.63,56.96,Cancelled
ORD_206,CUST_927,2024-08-05,Basic Plan,LinkedIn,999.69,351.81,Completed
ORD_207,CUST_703,2024-09-10,Pro Plan,Partnership,944.31,307.0,Completed
ORD_208,CUST_1248,2024-07-21,Pro Plan,LinkedIn,975.23,277.67,Completed
ORD_209,CUST_256,2024-12-24,Onboarding,LinkedIn,831.91,149.76,Refunded
ORD_210,CUST_1456,2024-10-15,Business Plan,Google Search,632.53,226.32,Refunded
ORD_211,CUST_600,2025-04-09,Onboarding,LinkedIn,669.57,127.6,Completed
ORD_212,CUST_389,2024-03-24,Basic Plan,Google Search,944.17,361.2,Refunded
ORD_213,CUST_1272,2024-01-02,Pro Plan,LinkedIn,708.21,292.93,Cancelled
ORD_214,CUST_509,2024-09-15,Basic Plan,Google Search,538.21,225.56,Completed
ORD_215,CUST_1153,2024-12-28,Basic Plan,LinkedIn,884.28,364.49,Completed
ORD_216,CUST_425,2025-03-16,Pro Plan,Referral,1169.86,295.77,Refunded
ORD_217,CUST_572,2025-05-04,Basic Plan,Instagram,947.29,381.28,Completed
ORD_218,CUST_1077,2025-03-15,Enterprise Plan,TikTok,1134.96,294.95,Completed
ORD_219,CUST_914,2024-05-04,Basic Plan,Instagram,27.17,7.53,Completed
ORD_220,CUST_405,2025-04-20,Business Plan,Google Search,820.95,261.99,Completed
ORD_221,CUST_880,2025-04-19,Basic Plan,LinkedIn,66.31,18.78,Cancelled
ORD_222,CUST_298,2024-11-08,Basic Plan,Google Search,26.1,7.56,Completed
ORD_223,CUST_49,2024-05-17,Add-on,LinkedIn,116.03,17.67,Completed
ORD_224,CUST_808,2024-06-07,Pro Plan,Google Search,1100.72,281.63,Completed
ORD_225,CUST_239,2024-02-23,Add-on,LinkedIn,90.89,13.88,Completed
ORD_226,CUST_1089,2025-03-17,Basic Plan,Google Search,965.23,413.85,Completed
ORD_227,CUST_1151,2024-09-01,Onboarding,LinkedIn,594.86,196.66,Completed
ORD_228,CUST_159,2024-02-18,Enterprise Plan,Instagram,212.63,90.59,Completed
ORD_229,CUST_25,2025-01-28,Basic Plan,Google Search,353.05,113.61,Completed
ORD_230,CUST_469,2024-08-19,Basic Plan,LinkedIn,314.04,128.0,Completed
ORD_231,CUST_273,2024-09-15,Basic Plan,LinkedIn,700.42,170.25,Completed
ORD_232,CUST_1183,2024-06-02,Premium Support,LinkedIn,214.2,67.2,Completed
ORD_233,CUST_75,2024-01-09,Business Plan,Partnership,634.92,108.62,Completed
ORD_234,CUST_1447,2025-02-25,Basic Plan,LinkedIn,1096.37,379.48,Completed
ORD_235,CUST_1260,2024-06-17,Business Plan,Partnership,1028.13,185.45,Completed
ORD_236,CUST_801,2024-08-06,Basic Plan,LinkedIn,827.57,223.38,Completed
ORD_237,CUST_1493,2024-03-15,Pro Plan,Google Search,403.52,151.75,Completed
ORD_238,CUST_1038,2025-02-14,Basic Plan,Google Search,706.83,288.3,Completed
ORD_239,CUST_444,2024-12-10,Business Plan,Event Walk-in,359.31,76.69,Refunded
ORD_240,CUST_941,2024-07-26,Basic Plan,LinkedIn,526.32,92.39,Completed
ORD_241,CUST_1120,2024-07-14,Basic Plan,LinkedIn,738.49,231.92,Completed
ORD_242,CUST_1070,2025-06-17,Pro Plan,Instagram,520.28,216.38,Completed
ORD_243,CUST_263,2025-05-08,Onboarding,LinkedIn,599.83,213.62,Cancelled
ORD_244,CUST_1174,2025-01-23,Pro Plan,Event Walk-in,642.8,127.42,Completed
ORD_245,CUST_244,2024-12-09,Basic Plan,LinkedIn,866.53,367.65,Completed
ORD_246,CUST_1005,2024-08-22,Pro Plan,Instagram,1072.75,226.12,Completed
ORD_247,CUST_1254,2024-05-29,Pro Plan,Instagram,93.14,21.47,Completed
ORD_248,CUST_1052,2025-01-19,Basic Plan,Partnership,1033.44,219.37,Completed
ORD_249,CUST_470,2025-04-15,Add-on,Partnership,908.36,149.61,Completed
ORD_250,CUST_670,2024-08-23,Pro Plan,Instagram,321.4,112.6,Completed
ORD_251,CUST_739,2025-05-10,Pro Plan,TikTok,282.8,89.62,Completed
ORD_252,CUST_1443,2024-03-29,Basic Plan,Google Search,894.14,157.52,Refunded
ORD_253,CUST_176,2024-07-01,Enterprise Plan,Partnership,1136.67,387.62,Refunded
ORD_254,CUST_1398,2024-10-21,Basic Plan,LinkedIn,902.75,291.89,Cancelled
ORD_255,CUST_883,2024-08-27,Basic Plan,Google Search,424.93,145.67,Completed
ORD_256,CUST_1357,2024-09-25,Enterprise Plan,Google Search,124.23,20.68,Completed
ORD_257,CUST_964,2025-03-01,Business Plan,Google Search,774.38,141.01,Refunded
ORD_258,CUST_210,2025-02-21,Onboarding,Google Search,335.89,123.79,Refunded
ORD_259,CUST_177,2025-04-25,Basic Plan,Google Search,964.35,146.86,Completed
ORD_260,CUST_447,2025-04-20,Add-on,LinkedIn,487.18,152.36,Completed
ORD_261,CUST_1032,2024-11-12,Basic Plan,Instagram,365.18,157.13,Completed
ORD_262,CUST_937,2024-06-02,Enterprise Plan,Partnership,468.54,118.7,Completed
ORD_263,CUST_1054,2024-12-29,Business Plan,LinkedIn,110.77,17.44,Refunded
ORD_264,CUST_738,2024-04-22,Basic Plan,Instagram,940.67,203.88,Completed
ORD_265,CUST_951,2025-04-26,Business Plan,LinkedIn,221.88,36.27,Completed
ORD_266,CUST_135,2024-08-19,Basic Plan,Instagram,157.15,57.07,Completed
ORD_267,CUST_1366,2024-08-15,Basic Plan,Partnership,908.06,359.79,Completed
ORD_268,CUST_688,2024-01-17,Business Plan,Google Search,392.33,155.07,Completed
ORD_269,CUST_850,2024-12-01,Basic Plan,Google Search,218.96,81.78,Completed
ORD_270,CUST_631,2024-03-07,Basic Plan,Google Search,1180.62,298.23,Completed
ORD_271,CUST_467,2024-01-15,Basic Plan,LinkedIn,348.48,156.06,Refunded
ORD_272,CUST_209,2024-11-09,Basic Plan,LinkedIn,239.83,58.83,Completed
ORD_273,CUST_1052,2024-04-15,Pro Plan,Partnership,619.19,277.1,Completed
ORD_274,CUST_23,2024-07-09,Business Plan,TikTok,280.25,112.45,Completed
ORD_275,CUST_253,2024-08-19,Business Plan,Google Search,1134.46,413.62,Completed
ORD_276,CUST_951,2025-01-14,Basic Plan,LinkedIn,90.43,16.58,Refunded
ORD_277,CUST_68,2024-04-17,Pro Plan,Google Search,463.78,76.79,Completed
ORD_278,CUST_54,2024-06-20,Enterprise Plan,Referral,370.83,115.5,Completed
ORD_279,CUST_1242,2025-03-05,Pro Plan,Google Search,1030.94,395.31,Refunded
ORD_280,CUST_19,2024-04-27,Business Plan,Partnership,791.44,300.49,Completed
ORD_281,CUST_352,2025-04-14,Pro Plan,Partnership,544.77,166.32,Completed
ORD_282,CUST_681,2024-03-26,Business Plan,Partnership,1103.52,448.04,Completed
ORD_283,CUST_1094,2025-03-16,Business Plan,LinkedIn,808.56,203.59,Completed
ORD_284,CUST_166,2025-02-17,Basic Plan,Google Search,719.08,260.41,Completed
ORD_285,CUST_793,2024-03-29,Business Plan,Instagram,416.86,139.89,Completed
ORD_286,CUST_266,2024-06-17,Business Plan,Google Search,586.53,101.31,Completed
ORD_287,CUST_136,2024-03-22,Pro Plan,Google Search,394.37,166.13,Completed
ORD_288,CUST_876,2025-01-10,Basic Plan,Google Search,1138.48,227.2,Completed
ORD_289,CUST_1426,2024-07-25,Basic Plan,LinkedIn,273.73,43.18,Completed
ORD_290,CUST_1267,2024-11-06,Business Plan,Google Search,384.13,75.07,Completed
ORD_291,CUST_1495,2025-05-03,Pro Plan,Google Search,147.96,51.5,Completed
ORD_292,CUST_782,2025-02-05,Business Plan,Event Walk-in,1092.9,270.55,Completed
ORD_293,CUST_844,2024-01-29,Basic Plan,Instagram,452.73,140.53,Completed
ORD_294,CUST_239,2025-02-14,Pro Plan,LinkedIn,215.78,70.32,Completed
ORD_295,CUST_218,2025-03-21,Basic Plan,Event Walk-in,167.09,47.2,Completed
ORD_296,CUST_1499,2024-07-14,Basic Plan,LinkedIn,241.28,59.97,Completed
ORD_297,CUST_1176,2025-06-12,Basic Plan,Partnership,612.56,118.62,Cancelled
ORD_298,CUST_1006,2024-12-17,Basic Plan,Partnership,29.56,10.1,Completed
ORD_299,CUST_342,2024-10-06,Enterprise Plan,Google Search,892.5,146.75,Completed
ORD_300,CUST_1091,2024-04-01,Pro Plan,Partnership,1155.34,371.81,Completed
ORD_301,CUST_166,2025-06-02,Business Plan,Google Search,514.09,168.32,Completed
ORD_302,CUST_243,2024-02-19,Enterprise Plan,Event Walk-in,373.15,102.22,Completed
ORD_303,CUST_474,2024-07-07,Basic Plan,LinkedIn,805.96,165.5,Completed
ORD_304,CUST_1404,2025-04-07,Basic Plan,Google Search,589.57,195.03,Completed
ORD_305,CUST_751,2024-03-19,Business Plan,Referral,638.39,150.5,Completed
ORD_306,CUST_611,2024-06-02,Business Plan,Partnership,1197.31,253.02,Refunded
ORD_307,CUST_1391,2025-02-28,Business Plan,Google Search,76.29,27.47,Cancelled
ORD_308,CUST_701,2024-09-26,Basic Plan,Google Search,36.18,6.15,Completed
ORD_309,CUST_856,2024-03-12,Onboarding,Instagram,639.51,137.8,Completed
ORD_310,CUST_570,2024-01-24,Pro Plan,LinkedIn,510.25,168.25,Completed
ORD_311,CUST_39,2024-11-27,Business Plan,LinkedIn,890.6,276.1,Completed
ORD_312,CUST_1406,2024-08-28,Pro Plan,Google Search,639.04,106.36,Refunded
ORD_313,CUST_34,2024-03-01,Pro Plan,LinkedIn,457.9,83.51,Completed
ORD_314,CUST_910,2025-06-18,Onboarding,LinkedIn,727.92,254.11,Completed
ORD_315,CUST_1340,2025-06-06,Pro Plan,Partnership,1090.21,239.87,Completed
ORD_316,CUST_1122,2024-10-07,Basic Plan,Partnership,364.85,87.88,Completed
ORD_317,CUST_29,2025-04-10,Business Plan,LinkedIn,1085.33,248.81,Completed
ORD_318,CUST_216,2025-01-02,Premium Support,Google Search,488.2,159.24,Completed
ORD_319,CUST_850,2024-07-22,Basic Plan,Google Search,50.73,22.82,Completed
ORD_320,CUST_899,2025-02-17,Onboarding,LinkedIn,76.37,16.92,Completed
ORD_321,CUST_1187,2024-11-04,Onboarding,LinkedIn,299.54,86.07,Completed
ORD_322,CUST_1229,2024-09-07,Business Plan,Instagram,483.84,74.18,Completed
ORD_323,CUST_1485,2025-04-08,Pro Plan,LinkedIn,364.53,97.23,Completed
ORD_324,CUST_332,2025-04-12,Basic Plan,LinkedIn,667.01,145.39,Completed
ORD_325,CUST_1051,2025-01-31,Business Plan,LinkedIn,739.44,253.78,Refunded
ORD_326,CUST_832,2024-01-11,Add-on,LinkedIn,434.57,169.03,Completed
ORD_327,CUST_1377,2025-05-05,Basic Plan,Instagram,114.12,45.04,Cancelled
ORD_328,CUST_656,2025-05-13,Add-on,Google Search,634.28,179.01,Cancelled
ORD_329,CUST_542,2024-08-23,Basic Plan,Google Search,89.05,28.65,Refunded
ORD_330,CUST_511,2024-11-03,Pro Plan,Google Search,121.06,51.78,Completed
ORD_331,CUST_1211,2024-05-02,Basic Plan,LinkedIn,133.72,28.6,Completed
ORD_332,CUST_1146,2025-02-07,Pro Plan,Google Search,745.82,266.56,Completed
ORD_333,CUST_47,2024-05-11,Pro Plan,TikTok,1101.15,389.17,Completed
ORD_334,CUST_264,2024-12-18,Pro Plan,LinkedIn,517.46,101.29,Refunded
ORD_335,CUST_816,2024-03-31,Pro Plan,Partnership,802.92,137.41,Completed
ORD_336,CUST_840,2024-11-26,Onboarding,LinkedIn,512.2,173.36,Completed
ORD_337,CUST_612,2025-06-06,Onboarding,Google Search,379.35,123.99,Completed
ORD_338,CUST_693,2024-07-15,Basic Plan,Partnership,539.72,102.21,Completed
ORD_339,CUST_1475,2024-11-10,Onboarding,Partnership,349.39,108.59,Completed
ORD_340,CUST_529,2025-01-22,Business Plan,LinkedIn,465.19,165.3,Completed
ORD_341,CUST_34,2024-09-06,Enterprise Plan,LinkedIn,1065.39,179.49,Completed
ORD_342,CUST_832,2024-05-05,Pro Plan,LinkedIn,727.04,114.71,Completed
ORD_343,CUST_1239,2024-03-16,Basic Plan,LinkedIn,274.81,114.32,Completed
ORD_344,CUST_952,2024-07-04,Onboarding,LinkedIn,924.47,357.17,Refunded
ORD_345,CUST_177,2024-01-06,Basic Plan,Google Search,800.47,165.1,Completed
ORD_346,CUST_989,2025-03-20,Pro Plan,TikTok,349.62,140.36,Completed
ORD_347,CUST_400,2024-09-14,Basic Plan,LinkedIn,215.09,84.46,Completed
ORD_348,CUST_1390,2024-05-03,Pro Plan,LinkedIn,590.78,196.34,Completed
ORD_349,CUST_574,2024-08-08,Pro Plan,TikTok,277.76,74.2,Completed
ORD_350,CUST_585,2025-04-08,Enterprise Plan,LinkedIn,486.53,108.2,Completed
ORD_351,CUST_362,2024-06-03,Basic Plan,LinkedIn,299.54,129.73,Refunded
ORD_352,CUST_1234,2024-04-14,Basic Plan,Google Search,1105.19,483.47,Completed
ORD_353,CUST_425,2024-03-31,Enterprise Plan,Referral,1000.05,378.94,Completed
ORD_354,CUST_287,2024-07-08,Pro Plan,LinkedIn,417.34,78.09,Completed
ORD_355,CUST_231,2024-10-18,Basic Plan,LinkedIn,749.75,208.53,Completed
ORD_356,CUST_89,2024-03-05,Basic Plan,LinkedIn,408.64,145.41,Refunded
ORD_357,CUST_1250,2024-12-06,Business Plan,Partnership,283.3,114.15,Refunded
ORD_358,CUST_754,2024-04-20,Basic Plan,LinkedIn,1104.57,268.09,Completed
ORD_359,CUST_1381,2024-04-13,Business Plan,Google Search,898.48,263.12,Completed
ORD_360,CUST_1064,2025-03-29,Premium Support,LinkedIn,184.47,28.7,Cancelled
ORD_361,CUST_270,2025-02-24,Onboarding,LinkedIn,997.13,192.22,Cancelled
ORD_362,CUST_388,2025-02-15,Pro Plan,Instagram,1189.78,355.28,Refunded
ORD_363,CUST_140,2024-03-25,Pro Plan,Google Search,526.11,116.6,Completed
ORD_364,CUST_48,2024-02-09,Business Plan,Google Search,1018.68,161.55,Completed
ORD_365,CUST_15,2025-01-25,Pro Plan,Google Search,813.1,315.14,Completed
ORD_366,CUST_713,2025-03-28,Business Plan,Instagram,1179.33,459.73,Completed
ORD_367,CUST_825,2025-02-07,Pro Plan,Google Search,174.6,67.11,Completed
ORD_368,CUST_537,2024-04-24,Basic Plan,Google Search,242.85,68.15,Completed
ORD_369,CUST_356,2024-07-29,Business Plan,Google Search,531.22,141.91,Completed
ORD_370,CUST_992,2024-06-09,Pro Plan,Partnership,228.22,95.44,Completed
ORD_371,CUST_179,2024-07-06,Pro Plan,Instagram,136.47,36.85,Completed
ORD_372,CUST_696,2024-01-05,Basic Plan,LinkedIn,991.73,370.07,Completed
ORD_373,CUST_802,2024-04-15,Pro Plan,LinkedIn,749.32,328.95,Completed
ORD_374,CUST_518,2025-03-19,Business Plan,Google Search,697.9,119.73,Completed
ORD_375,CUST_1209,2024-01-04,Basic Plan,LinkedIn,631.94,102.77,Completed
ORD_376,CUST_1308,2024-02-16,Pro Plan,LinkedIn,98.29,18.05,Cancelled
ORD_377,CUST_368,2024-12-02,Add-on,Google Search,903.09,389.56,Completed
ORD_378,CUST_458,2025-02-01,Pro Plan,Google Search,165.56,40.54,Completed
ORD_379,CUST_313,2025-02-10,Pro Plan,Google Search,965.9,297.85,Completed
ORD_380,CUST_1341,2025-02-05,Basic Plan,Instagram,512.95,228.77,Completed
ORD_381,CUST_905,2025-06-09,Onboarding,Partnership,165.15,33.55,Completed
ORD_382,CUST_1227,2024-10-18,Enterprise Plan,LinkedIn,1167.08,283.55,Completed
ORD_383,CUST_222,2024-05-05,Basic Plan,LinkedIn,1184.59,334.53,Completed
ORD_384,CUST_274,2025-04-15,Basic Plan,Google Search,381.32,158.25,Refunded
ORD_385,CUST_440,2024-03-23,Pro Plan,Google Search,1173.75,443.84,Completed
ORD_386,CUST_78,2025-01-01,Basic Plan,Referral,611.82,272.48,Cancelled
ORD_387,CUST_1200,2025-02-04,Basic Plan,Instagram,666.17,262.53,Completed
ORD_388,CUST_1484,2025-06-01,Business Plan,Partnership,289.15,77.43,Completed
ORD_389,CUST_497,2024-01-15,Basic Plan,Google Search,1173.31,300.33,Completed
ORD_390,CUST_432,2025-01-04,Add-on,Partnership,763.02,228.77,Completed
ORD_391,CUST_1194,2024-02-08,Business Plan,Google Search,695.48,117.87,Completed
ORD_392,CUST_1374,2024-02-27,Basic Plan,TikTok,29.99,4.68,Completed
ORD_393,CUST_1313,2024-11-27,Business Plan,Google Search,280.02,65.17,Completed
ORD_394,CUST_1066,2024-08-12,Enterprise Plan,LinkedIn,683.58,250.99,Completed
ORD_395,CUST_756,2024-12-27,Enterprise Plan,Google Search,429.15,149.09,Completed
ORD_396,CUST_1348,2024-07-03,Basic Plan,Referral,282.9,77.65,Completed
ORD_397,CUST_768,2024-01-18,Basic Plan,TikTok,327.61,118.06,Completed
ORD_398,CUST_818,2025-06-03,Basic Plan,Instagram,535.62,139.47,Completed
ORD_399,CUST_473,2025-02-22,Onboarding,Instagram,689.39,170.08,Completed
ORD_400,CUST_1151,2024-01-24,Basic Plan,LinkedIn,395.82,176.1,Completed
ORD_401,CUST_502,2025-03-15,Basic Plan,LinkedIn,566.26,206.54,Completed
ORD_402,CUST_402,2025-06-04,Basic Plan,LinkedIn,500.49,215.6,Completed
ORD_403,CUST_1445,2024-05-29,Pro Plan,LinkedIn,363.96,64.15,Completed
ORD_404,CUST_1268,2025-04-20,Pro Plan,Google Search,711.75,318.33,Completed
ORD_405,CUST_410,2024-07-31,Basic Plan,Google Search,625.64,195.02,Completed
ORD_406,CUST_212,2024-02-12,Basic Plan,Google Search,968.74,398.07,Completed
ORD_407,CUST_722,2024-08-27,Basic Plan,Partnership,85.38,21.2,Completed
ORD_408,CUST_1458,2024-10-08,Premium Support,Google Search,1058.52,406.7,Completed
ORD_409,CUST_710,2024-06-21,Business Plan,Partnership,306.57,129.42,Completed
ORD_410,CUST_615,2024-06-11,Basic Plan,Partnership,371.29,99.89,Completed
ORD_411,CUST_705,2024-06-30,Business Plan,LinkedIn,137.37,22.53,Completed
ORD_412,CUST_1267,2024-08-19,Basic Plan,Google Search,463.1,140.88,Completed
ORD_413,CUST_262,2025-01-27,Pro Plan,Instagram,1017.88,389.53,Completed
ORD_414,CUST_1173,2024-03-20,Basic Plan,Google Search,1127.11,355.79,Refunded
ORD_415,CUST_122,2024-12-17,Pro Plan,Instagram,224.36,56.84,Completed
ORD_416,CUST_1382,2024-12-17,Business Plan,Google Search,1119.93,499.48,Completed
ORD_417,CUST_620,2024-05-19,Basic Plan,LinkedIn,484.1,133.5,Completed
ORD_418,CUST_433,2025-03-10,Pro Plan,Partnership,793.3,314.47,Completed
ORD_419,CUST_881,2025-04-01,Basic Plan,LinkedIn,410.9,182.99,Refunded
ORD_420,CUST_1015,2024-07-08,Basic Plan,Google Search,717.44,115.2,Completed
ORD_421,CUST_454,2024-03-02,Basic Plan,LinkedIn,949.82,265.52,Completed
ORD_422,CUST_165,2024-10-26,Basic Plan,Partnership,604.91,149.16,Completed
ORD_423,CUST_119,2024-11-18,Basic Plan,Google Search,995.46,209.27,Refunded
ORD_424,CUST_1274,2024-03-08,Business Plan,Google Search,102.24,39.63,Completed
ORD_425,CUST_1073,2025-05-01,Basic Plan,LinkedIn,77.66,12.87,Completed
ORD_426,CUST_53,2024-06-29,Basic Plan,LinkedIn,104.56,20.13,Completed
ORD_427,CUST_597,2024-10-07,Enterprise Plan,Google Search,399.23,87.09,Completed
ORD_428,CUST_457,2024-01-02,Basic Plan,LinkedIn,295.75,96.65,Completed
ORD_429,CUST_1353,2025-02-24,Pro Plan,Partnership,388.66,76.13,Completed
ORD_430,CUST_233,2024-01-14,Basic Plan,LinkedIn,409.16,137.37,Cancelled
ORD_431,CUST_1118,2025-04-09,Basic Plan,TikTok,765.64,119.28,Completed
ORD_432,CUST_562,2025-03-08,Pro Plan,LinkedIn,648.84,132.52,Completed
ORD_433,CUST_1331,2024-06-03,Business Plan,Google Search,285.11,111.1,Completed
ORD_434,CUST_546,2025-06-07,Business Plan,LinkedIn,543.88,229.99,Completed
ORD_435,CUST_773,2025-05-17,Business Plan,Google Search,999.6,298.12,Completed
ORD_436,CUST_372,2024-11-26,Basic Plan,Referral,203.77,73.2,Completed
ORD_437,CUST_930,2024-07-15,Pro Plan,Partnership,391.73,131.66,Completed
ORD_438,CUST_61,2024-04-12,Business Plan,Google Search,966.96,321.86,Completed
ORD_439,CUST_47,2025-05-31,Enterprise Plan,TikTok,1186.13,393.86,Completed
ORD_440,CUST_1011,2025-02-23,Pro Plan,Partnership,955.63,339.04,Completed
ORD_441,CUST_1015,2024-06-25,Enterprise Plan,Google Search,557.15,194.37,Completed
ORD_442,CUST_516,2024-02-19,Business Plan,Partnership,908.87,200.42,Refunded
ORD_443,CUST_354,2025-05-11,Onboarding,Google Search,972.52,258.31,Completed
ORD_444,CUST_469,2024-03-29,Basic Plan,LinkedIn,1166.28,515.01,Completed
ORD_445,CUST_1353,2025-02-02,Basic Plan,Partnership,440.34,135.25,Completed
ORD_446,CUST_1161,2024-06-02,Basic Plan,LinkedIn,33.09,12.67,Completed
ORD_447,CUST_611,2024-08-17,Business Plan,Partnership,459.43,148.24,Completed
ORD_448,CUST_706,2024-05-12,Pro Plan,LinkedIn,712.44,266.0,Completed
ORD_449,CUST_782,2024-10-21,Pro Plan,Event Walk-in,986.54,287.27,Completed
ORD_450,CUST_1386,2025-05-01,Pro Plan,LinkedIn,304.67,85.81,Completed
ORD_451,CUST_1037,2024-08-31,Basic Plan,Google Search,381.79,77.55,Refunded
ORD_452,CUST_950,2024-04-20,Add-on,LinkedIn,653.52,215.07,Completed
ORD_453,CUST_750,2024-02-19,Basic Plan,LinkedIn,1035.0,355.98,Completed
ORD_454,CUST_1051,2024-10-12,Add-on,LinkedIn,888.0,139.47,Completed
ORD_455,CUST_582,2024-07-28,Onboarding,LinkedIn,640.72,282.3,Completed
ORD_456,CUST_930,2024-11-22,Basic Plan,Partnership,179.88,32.56,Completed
ORD_457,CUST_802,2025-01-29,Pro Plan,LinkedIn,829.91,219.09,Completed
ORD_458,CUST_1464,2024-11-20,Business Plan,Instagram,700.54,116.76,Completed
ORD_459,CUST_1013,2024-04-18,Basic Plan,Google Search,202.35,62.61,Completed
ORD_460,CUST_221,2024-08-20,Basic Plan,Instagram,1095.12,319.27,Completed
ORD_461,CUST_801,2024-12-10,Pro Plan,LinkedIn,20.02,4.12,Completed
ORD_462,CUST_1253,2025-05-05,Basic Plan,Partnership,61.34,26.77,Completed
ORD_463,CUST_1261,2024-06-23,Pro Plan,Instagram,810.95,332.02,Completed
ORD_464,CUST_523,2025-04-17,Onboarding,LinkedIn,923.76,234.39,Completed
ORD_465,CUST_599,2024-03-23,Business Plan,Google Search,241.95,51.1,Completed
ORD_466,CUST_592,2024-07-04,Pro Plan,Google Search,20.02,4.57,Completed
ORD_467,CUST_524,2025-06-26,Basic Plan,LinkedIn,187.64,43.52,Completed
ORD_468,CUST_1460,2024-04-16,Business Plan,LinkedIn,1110.47,464.68,Completed
ORD_469,CUST_109,2024-08-15,Basic Plan,LinkedIn,776.32,140.78,Completed
ORD_470,CUST_681,2025-06-13,Add-on,Partnership,286.98,76.76,Refunded
ORD_471,CUST_842,2025-02-23,Basic Plan,Partnership,1196.38,393.38,Completed
ORD_472,CUST_1173,2025-04-08,Pro Plan,Google Search,337.69,85.72,Completed
ORD_473,CUST_893,2024-05-06,Basic Plan,Google Search,489.59,141.03,Refunded
ORD_474,CUST_1231,2024-06-30,Enterprise Plan,LinkedIn,24.46,4.06,Completed
ORD_475,CUST_1397,2025-02-28,Basic Plan,LinkedIn,1017.86,361.08,Completed
ORD_476,CUST_1350,2024-02-03,Basic Plan,Google Search,428.86,86.6,Refunded
ORD_477,CUST_1487,2025-04-19,Pro Plan,Google Search,101.55,22.68,Refunded
ORD_478,CUST_1409,2024-12-31,Pro Plan,LinkedIn,34.49,7.53,Completed
ORD_479,CUST_979,2024-09-21,Pro Plan,LinkedIn,843.74,183.0,Completed
ORD_480,CUST_1382,2025-04-04,Business Plan,Google Search,947.53,410.18,Completed
ORD_481,CUST_823,2025-01-14,Pro Plan,Google Search,41.23,17.81,Completed
ORD_482,CUST_594,2024-02-27,Basic Plan,Google Search,97.07,28.91,Completed
ORD_483,CUST_536,2025-03-30,Premium Support,Google Search,1184.21,383.62,Completed
ORD_484,CUST_329,2024-10-02,Premium Support,Google Search,683.69,213.49,Refunded
ORD_485,CUST_427,2025-01-13,Business Plan,Google Search,84.83,17.82,Completed
ORD_486,CUST_738,2025-02-18,Pro Plan,Instagram,464.58,203.59,Completed
ORD_487,CUST_196,2025-03-18,Onboarding,Google Search,555.43,205.63,Refunded
ORD_488,CUST_1040,2024-09-15,Enterprise Plan,Google Search,884.38,170.02,Cancelled
ORD_489,CUST_1351,2024-11-19,Premium Support,LinkedIn,1074.19,423.52,Completed
ORD_490,CUST_710,2025-02-28,Business Plan,Partnership,456.08,187.44,Completed
ORD_491,CUST_228,2024-02-28,Business Plan,Instagram,187.52,30.23,Completed
ORD_492,CUST_2,2025-05-20,Premium Support,Google Search,841.84,358.86,Completed
ORD_493,CUST_236,2025-05-26,Basic Plan,LinkedIn,437.87,89.56,Refunded
ORD_494,CUST_512,2025-04-16,Business Plan,LinkedIn,1002.2,204.45,Completed
ORD_495,CUST_1215,2024-07-18,Pro Plan,LinkedIn,446.23,137.45,Completed
ORD_496,CUST_1162,2024-11-24,Enterprise Plan,Event Walk-in,989.58,347.14,Completed
ORD_497,CUST_1228,2024-09-26,Pro Plan,Google Search,682.37,211.91,Completed
ORD_498,CUST_1144,2024-07-31,Business Plan,Google Search,697.4,118.8,Completed
ORD_499,CUST_1276,2025-02-22,Premium Support,Partnership,588.89,219.48,Completed
ORD_500,CUST_1175,2025-01-25,Add-on,Google Search,607.63,200.7,Completed
ORD_501,CUST_206,2024-02-06,Basic Plan,LinkedIn,1132.08,485.51,Completed
ORD_502,CUST_756,2025-03-22,Onboarding,Google Search,1000.41,329.64,Completed
ORD_503,CUST_1468,2024-09-23,Business Plan,Instagram,684.64,270.4,Completed
ORD_504,CUST_1056,2024-10-09,Add-on,Google Search,1121.73,189.61,Completed
ORD_505,CUST_105,2024-08-28,Pro Plan,LinkedIn,1155.5,419.54,Completed
ORD_506,CUST_791,2024-03-29,Pro Plan,Event Walk-in,132.14,26.41,Completed
ORD_507,CUST_682,2024-05-17,Enterprise Plan,LinkedIn,960.95,394.49,Completed
ORD_508,CUST_1013,2025-05-08,Pro Plan,Google Search,486.2,187.03,Completed
ORD_509,CUST_200,2024-08-31,Pro Plan,TikTok,564.07,223.43,Completed
ORD_510,CUST_806,2024-03-23,Add-on,LinkedIn,1199.78,522.72,Completed
ORD_511,CUST_356,2024-04-27,Basic Plan,Google Search,637.64,234.21,Completed
ORD_512,CUST_218,2024-09-05,Pro Plan,Event Walk-in,403.2,116.77,Completed
ORD_513,CUST_1122,2024-11-13,Basic Plan,Partnership,313.34,75.74,Cancelled
ORD_514,CUST_1406,2025-01-24,Pro Plan,Google Search,459.65,71.27,Completed
ORD_515,CUST_394,2024-07-27,Basic Plan,LinkedIn,927.9,163.16,Completed
ORD_516,CUST_999,2024-10-10,Basic Plan,LinkedIn,968.68,311.54,Completed
ORD_517,CUST_586,2024-05-04,Basic Plan,Google Search,313.4,95.88,Completed
ORD_518,CUST_1495,2024-02-16,Pro Plan,Google Search,930.48,396.31,Completed
ORD_519,CUST_1451,2025-02-19,Pro Plan,Google Search,426.1,110.6,Completed
ORD_520,CUST_226,2025-02-28,Basic Plan,TikTok,624.23,103.72,Completed
ORD_521,CUST_602,2024-07-05,Business Plan,LinkedIn,967.4,410.92,Completed
ORD_522,CUST_909,2025-01-20,Basic Plan,LinkedIn,208.65,71.76,Completed
ORD_523,CUST_26,2024-01-29,Premium Support,Google Search,486.47,85.91,Cancelled
ORD_524,CUST_1338,2024-08-31,Onboarding,LinkedIn,488.75,198.07,Completed
ORD_525,CUST_1321,2024-02-21,Basic Plan,Partnership,285.3,105.96,Completed
ORD_526,CUST_833,2025-01-05,Basic Plan,LinkedIn,418.14,115.69,Completed
ORD_527,CUST_931,2024-12-06,Basic Plan,Partnership,400.72,72.86,Completed
ORD_528,CUST_758,2024-12-09,Basic Plan,Google Search,361.43,59.05,Cancelled
ORD_529,CUST_1174,2025-06-29,Pro Plan,Event Walk-in,204.37,52.44,Completed
ORD_530,CUST_554,2024-05-15,Basic Plan,LinkedIn,877.82,318.01,Completed
ORD_531,CUST_158,2024-07-25,Business Plan,LinkedIn,543.63,225.37,Completed
ORD_532,CUST_399,2024-05-12,Business Plan,LinkedIn,857.04,158.91,Completed
ORD_533,CUST_726,2025-04-25,Basic Plan,Google Search,86.34,35.81,Completed
ORD_534,CUST_49,2025-02-24,Basic Plan,LinkedIn,1154.11,376.59,Completed
ORD_535,CUST_931,2025-03-30,Basic Plan,Partnership,306.5,64.38,Completed
ORD_536,CUST_494,2024-02-09,Basic Plan,Event Walk-in,390.73,69.2,Completed
ORD_537,CUST_280,2024-11-13,Basic Plan,Partnership,443.69,91.87,Completed
ORD_538,CUST_1157,2024-12-21,Pro Plan,LinkedIn,426.8,104.76,Completed
ORD_539,CUST_1384,2024-12-23,Business Plan,Instagram,147.49,52.48,Completed
ORD_540,CUST_949,2025-02-04,Add-on,LinkedIn,539.68,175.82,Completed
ORD_541,CUST_1208,2024-05-07,Basic Plan,LinkedIn,90.16,38.59,Completed
ORD_542,CUST_399,2024-04-06,Onboarding,LinkedIn,65.6,20.46,Completed
ORD_543,CUST_395,2024-04-24,Basic Plan,LinkedIn,642.54,105.12,Completed
ORD_544,CUST_942,2025-01-07,Business Plan,LinkedIn,148.78,38.36,Completed
ORD_545,CUST_137,2024-07-22,Pro Plan,LinkedIn,114.6,41.2,Completed
ORD_546,CUST_92,2025-04-29,Pro Plan,Google Search,1122.48,446.08,Refunded
ORD_547,CUST_15,2024-10-09,Enterprise Plan,Google Search,266.21,102.1,Completed
ORD_548,CUST_1182,2024-06-29,Basic Plan,Google Search,581.8,228.17,Refunded
ORD_549,CUST_561,2024-09-25,Basic Plan,LinkedIn,233.39,40.52,Completed
ORD_550,CUST_367,2025-05-31,Basic Plan,LinkedIn,864.37,363.02,Completed
ORD_551,CUST_151,2024-06-24,Basic Plan,LinkedIn,625.81,206.17,Completed
ORD_552,CUST_1222,2024-12-16,Pro Plan,LinkedIn,709.06,206.9,Completed
ORD_553,CUST_142,2024-06-14,Onboarding,Google Search,429.11,71.76,Completed
ORD_554,CUST_1484,2024-03-15,Business Plan,Partnership,633.04,237.18,Completed
ORD_555,CUST_547,2024-12-02,Enterprise Plan,Instagram,256.69,78.57,Completed
ORD_556,CUST_849,2024-01-14,Business Plan,Google Search,661.68,207.01,Completed
ORD_557,CUST_67,2025-04-03,Basic Plan,LinkedIn,946.79,218.63,Completed
ORD_558,CUST_321,2025-02-23,Basic Plan,LinkedIn,521.87,83.46,Completed
ORD_559,CUST_168,2025-01-19,Basic Plan,Instagram,283.18,110.73,Completed
ORD_560,CUST_477,2025-03-30,Business Plan,Partnership,250.1,103.93,Refunded
ORD_561,CUST_512,2025-05-31,Basic Plan,LinkedIn,577.86,239.92,Completed
ORD_562,CUST_1233,2025-01-17,Basic Plan,LinkedIn,490.09,174.84,Refunded
ORD_563,CUST_595,2024-08-31,Basic Plan,LinkedIn,505.99,163.17,Completed
ORD_564,CUST_1085,2024-06-09,Onboarding,Partnership,1105.0,257.99,Completed
ORD_565,CUST_847,2024-07-07,Pro Plan,TikTok,760.88,258.6,Refunded
ORD_566,CUST_62,2024-10-04,Pro Plan,Partnership,641.48,150.79,Completed
ORD_567,CUST_23,2024-08-23,Onboarding,TikTok,641.04,258.58,Completed
ORD_568,CUST_57,2025-02-09,Enterprise Plan,LinkedIn,231.45,37.78,Completed
ORD_569,CUST_454,2024-10-22,Pro Plan,LinkedIn,147.34,23.7,Completed
ORD_570,CUST_471,2025-03-25,Basic Plan,LinkedIn,128.45,29.43,Refunded
ORD_571,CUST_846,2024-04-22,Basic Plan,LinkedIn,477.59,90.16,Completed
ORD_572,CUST_209,2024-07-08,Enterprise Plan,LinkedIn,224.7,65.92,Completed
ORD_573,CUST_549,2024-02-22,Basic Plan,Instagram,576.22,216.5,Completed
ORD_574,CUST_1156,2024-05-26,Pro Plan,Referral,863.76,371.81,Completed
ORD_575,CUST_297,2025-06-01,Pro Plan,Google Search,284.33,62.76,Refunded
ORD_576,CUST_976,2024-10-16,Add-on,Partnership,260.38,66.13,Completed
ORD_577,CUST_1388,2025-05-14,Add-on,Instagram,492.3,113.86,Completed
ORD_578,CUST_1286,2025-06-24,Pro Plan,Referral,289.74,67.28,Completed
ORD_579,CUST_681,2024-09-15,Basic Plan,Partnership,510.09,151.09,Completed
ORD_580,CUST_1083,2024-12-25,Basic Plan,LinkedIn,416.36,86.96,Completed
ORD_581,CUST_344,2024-12-18,Pro Plan,Google Search,1035.87,379.26,Completed
ORD_582,CUST_1204,2025-01-19,Add-on,LinkedIn,1102.18,186.35,Completed
ORD_583,CUST_458,2025-06-05,Pro Plan,Google Search,604.96,229.99,Completed
ORD_584,CUST_1477,2024-04-14,Business Plan,Partnership,1074.28,287.41,Completed
ORD_585,CUST_752,2024-04-07,Basic Plan,LinkedIn,1122.07,214.62,Completed
ORD_586,CUST_96,2024-09-29,Basic Plan,Partnership,435.87,91.1,Completed
ORD_587,CUST_920,2025-02-14,Enterprise Plan,Google Search,319.05,138.3,Refunded
ORD_588,CUST_1018,2024-03-18,Basic Plan,Partnership,1190.7,481.22,Completed
ORD_589,CUST_1324,2024-04-16,Add-on,Referral,258.04,61.02,Completed
ORD_590,CUST_401,2025-02-28,Onboarding,Partnership,675.81,272.76,Completed
ORD_591,CUST_800,2024-10-25,Business Plan,Partnership,1095.7,195.31,Completed
ORD_592,CUST_1500,2024-05-18,Basic Plan,Google Search,1106.33,222.79,Completed
ORD_593,CUST_563,2025-04-27,Pro Plan,LinkedIn,597.78,254.29,Completed
ORD_594,CUST_703,2024-04-14,Enterprise Plan,Partnership,292.42,122.16,Completed
ORD_595,CUST_631,2024-09-02,Add-on,Google Search,719.95,321.47,Completed
ORD_596,CUST_1370,2025-01-05,Basic Plan,Partnership,434.63,77.13,Completed
ORD_597,CUST_1355,2024-05-03,Enterprise Plan,LinkedIn,1029.69,202.65,Completed
ORD_598,CUST_807,2025-05-09,Basic Plan,Google Search,96.7,29.66,Completed
ORD_599,CUST_1439,2024-06-29,Basic Plan,LinkedIn,562.29,86.42,Completed
ORD_600,CUST_1019,2024-03-10,Business Plan,Instagram,1081.47,267.06,Completed
ORD_601,CUST_1105,2024-12-06,Pro Plan,LinkedIn,724.71,236.57,Completed
ORD_602,CUST_1207,2025-01-29,Onboarding,Google Search,808.31,209.01,Completed
ORD_603,CUST_789,2024-02-13,Basic Plan,Partnership,807.58,166.97,Completed
ORD_604,CUST_1301,2024-08-05,Basic Plan,LinkedIn,1186.81,357.1,Completed
ORD_605,CUST_545,2025-05-14,Basic Plan,Google Search,307.83,114.11,Refunded
ORD_606,CUST_1255,2024-04-17,Premium Support,LinkedIn,377.5,62.56,Completed
ORD_607,CUST_823,2025-05-11,Business Plan,Google Search,1102.61,414.41,Completed
ORD_608,CUST_920,2025-02-17,Basic Plan,Google Search,32.14,8.95,Completed
ORD_609,CUST_1332,2024-03-10,Business Plan,Google Search,943.2,403.38,Completed
ORD_610,CUST_947,2024-03-08,Basic Plan,Partnership,179.05,54.53,Completed
ORD_611,CUST_1006,2024-11-19,Pro Plan,Partnership,529.96,237.93,Cancelled
ORD_612,CUST_1185,2025-04-05,Onboarding,Partnership,990.83,254.21,Cancelled
ORD_613,CUST_1433,2024-02-05,Add-on,Google Search,1160.57,202.64,Refunded
ORD_614,CUST_423,2024-09-21,Basic Plan,Partnership,367.74,71.03,Completed
ORD_615,CUST_427,2025-04-22,Business Plan,Google Search,1113.4,275.14,Completed
ORD_616,CUST_55,2025-05-04,Pro Plan,LinkedIn,1130.57,255.55,Completed
ORD_617,CUST_1423,2025-02-09,Business Plan,Google Search,1073.51,469.44,Completed
ORD_618,CUST_287,2024-09-05,Pro Plan,LinkedIn,650.08,234.46,Completed
ORD_619,CUST_1273,2024-01-03,Basic Plan,Google Search,92.26,40.57,Completed
ORD_620,CUST_1149,2025-04-20,Business Plan,Google Search,663.69,294.84,Completed
ORD_621,CUST_1099,2024-02-10,Add-on,Instagram,168.93,47.44,Completed
ORD_622,CUST_1048,2024-12-11,Add-on,Google Search,298.51,56.58,Completed
ORD_623,CUST_907,2024-01-13,Pro Plan,Instagram,996.37,336.53,Completed
ORD_624,CUST_593,2024-12-14,Basic Plan,TikTok,978.29,327.13,Completed
ORD_625,CUST_145,2025-06-08,Enterprise Plan,Google Search,276.55,111.16,Completed
ORD_626,CUST_67,2024-06-09,Basic Plan,LinkedIn,669.33,252.26,Completed
ORD_627,CUST_138,2025-04-24,Business Plan,LinkedIn,337.12,77.82,Refunded
ORD_628,CUST_43,2025-05-11,Enterprise Plan,Partnership,965.54,429.35,Completed
ORD_629,CUST_374,2024-02-24,Business Plan,Google Search,1090.72,183.2,Completed
ORD_630,CUST_1423,2025-06-28,Add-on,Google Search,771.79,128.28,Completed
ORD_631,CUST_205,2024-09-13,Pro Plan,Google Search,587.07,219.75,Completed
ORD_632,CUST_1464,2024-02-09,Pro Plan,Instagram,57.92,21.18,Completed
ORD_633,CUST_44,2024-01-30,Onboarding,TikTok,766.05,229.97,Completed
ORD_634,CUST_1408,2024-11-15,Basic Plan,Google Search,70.2,25.51,Completed
ORD_635,CUST_1014,2025-02-24,Pro Plan,Partnership,569.52,201.26,Completed
ORD_636,CUST_718,2024-12-17,Pro Plan,Referral,1171.57,386.26,Completed
ORD_637,CUST_475,2024-08-11,Pro Plan,Partnership,746.84,157.12,Completed
ORD_638,CUST_743,2024-10-03,Basic Plan,Partnership,519.56,217.8,Completed
ORD_639,CUST_99,2024-08-13,Premium Support,Google Search,550.83,118.28,Completed
ORD_640,CUST_94,2024-01-27,Pro Plan,Google Search,146.65,54.91,Completed
ORD_641,CUST_392,2024-12-27,Pro Plan,Referral,419.86,64.0,Completed
ORD_642,CUST_876,2024-11-30,Business Plan,Google Search,1123.5,349.1,Completed
ORD_643,CUST_1248,2024-05-05,Business Plan,LinkedIn,33.3,10.69,Completed
ORD_644,CUST_1171,2025-05-31,Basic Plan,LinkedIn,467.5,203.31,Completed
ORD_645,CUST_1053,2025-06-08,Business Plan,LinkedIn,1076.46,230.01,Completed
ORD_646,CUST_1462,2025-05-11,Basic Plan,LinkedIn,272.88,65.06,Completed
ORD_647,CUST_990,2024-05-03,Onboarding,Instagram,1067.23,166.52,Cancelled
ORD_648,CUST_1447,2025-04-10,Enterprise Plan,LinkedIn,240.85,63.45,Completed
ORD_649,CUST_1197,2025-05-14,Pro Plan,Partnership,973.84,343.16,Completed
ORD_650,CUST_379,2024-06-10,Premium Support,Partnership,622.09,167.19,Completed
ORD_651,CUST_187,2024-03-30,Pro Plan,LinkedIn,1049.9,378.51,Completed
ORD_652,CUST_771,2024-09-27,Basic Plan,Google Search,227.05,41.17,Completed
ORD_653,CUST_343,2024-07-01,Basic Plan,Partnership,719.14,197.46,Completed
ORD_654,CUST_1391,2024-11-04,Business Plan,Google Search,665.1,286.41,Refunded
ORD_655,CUST_836,2024-06-19,Enterprise Plan,Instagram,286.59,91.94,Completed
ORD_656,CUST_105,2025-01-05,Basic Plan,LinkedIn,334.66,84.5,Completed
ORD_657,CUST_709,2025-02-04,Basic Plan,Google Search,889.63,168.75,Completed
ORD_658,CUST_398,2024-11-12,Basic Plan,Google Search,59.3,15.92,Completed
ORD_659,CUST_754,2024-02-02,Basic Plan,LinkedIn,23.88,5.45,Completed
ORD_660,CUST_321,2025-02-05,Enterprise Plan,LinkedIn,906.43,156.17,Completed
ORD_661,CUST_845,2024-02-06,Add-on,Partnership,102.73,44.14,Completed
ORD_662,CUST_213,2024-06-30,Basic Plan,Google Search,380.99,60.78,Completed
ORD_663,CUST_384,2025-04-18,Enterprise Plan,Partnership,813.2,254.64,Completed
ORD_664,CUST_1078,2025-03-13,Basic Plan,LinkedIn,551.91,179.59,Completed
ORD_665,CUST_759,2024-09-14,Pro Plan,LinkedIn,348.58,99.6,Completed
ORD_666,CUST_748,2024-12-19,Pro Plan,Google Search,727.66,283.73,Completed
ORD_667,CUST_416,2024-11-26,Basic Plan,LinkedIn,454.88,82.86,Cancelled
ORD_668,CUST_39,2024-07-29,Basic Plan,LinkedIn,598.42,227.2,Completed
ORD_669,CUST_298,2024-02-20,Basic Plan,Google Search,400.26,81.0,Completed
ORD_670,CUST_394,2025-01-13,Pro Plan,LinkedIn,1153.82,201.44,Completed
ORD_671,CUST_869,2025-03-30,Pro Plan,Partnership,343.09,112.31,Completed
ORD_672,CUST_304,2024-03-29,Business Plan,Partnership,904.63,288.26,Completed
ORD_673,CUST_1495,2024-05-10,Business Plan,Google Search,1006.08,352.88,Completed
ORD_674,CUST_270,2025-03-09,Basic Plan,LinkedIn,1055.82,234.64,Completed
ORD_675,CUST_476,2024-11-27,Pro Plan,Google Search,415.21,159.02,Completed
ORD_676,CUST_975,2025-05-22,Enterprise Plan,TikTok,20.98,6.65,Completed
ORD_677,CUST_219,2025-04-30,Business Plan,Google Search,701.9,181.77,Completed
ORD_678,CUST_230,2024-03-24,Add-on,LinkedIn,680.15,222.59,Completed
ORD_679,CUST_832,2024-02-09,Premium Support,LinkedIn,781.58,141.12,Completed
ORD_680,CUST_1425,2024-03-29,Basic Plan,LinkedIn,695.02,106.99,Completed
ORD_681,CUST_1201,2024-12-15,Enterprise Plan,LinkedIn,440.46,111.92,Completed
ORD_682,CUST_225,2024-02-01,Premium Support,LinkedIn,1051.26,159.69,Completed
ORD_683,CUST_647,2024-06-10,Pro Plan,LinkedIn,1025.79,300.71,Completed
ORD_684,CUST_536,2024-04-23,Pro Plan,Google Search,450.34,174.98,Refunded
ORD_685,CUST_1394,2025-05-23,Basic Plan,Google Search,253.31,59.36,Completed
ORD_686,CUST_1272,2025-01-19,Basic Plan,LinkedIn,668.97,133.93,Refunded
ORD_687,CUST_979,2024-01-18,Premium Support,LinkedIn,1132.05,287.86,Completed
ORD_688,CUST_645,2024-10-17,Basic Plan,TikTok,1153.85,402.3,Completed
ORD_689,CUST_235,2025-06-05,Onboarding,LinkedIn,1094.48,440.25,Completed
ORD_690,CUST_175,2025-06-30,Pro Plan,Google Search,874.92,139.77,Completed
ORD_691,CUST_1018,2025-03-26,Basic Plan,Partnership,881.05,230.56,Completed
ORD_692,CUST_675,2025-06-12,Pro Plan,LinkedIn,1142.04,478.3,Completed
ORD_693,CUST_202,2024-11-26,Basic Plan,Google Search,1023.09,187.46,Completed
ORD_694,CUST_766,2025-03-18,Enterprise Plan,Partnership,1110.94,364.3,Completed
ORD_695,CUST_668,2025-04-03,Basic Plan,LinkedIn,223.2,51.93,Completed
ORD_696,CUST_623,2025-05-06,Pro Plan,Partnership,153.34,37.8,Cancelled
ORD_697,CUST_948,2025-05-03,Pro Plan,LinkedIn,1077.23,177.43,Completed
ORD_698,CUST_1201,2025-01-05,Basic Plan,LinkedIn,920.38,243.82,Completed
ORD_699,CUST_776,2024-03-29,Basic Plan,LinkedIn,508.1,86.93,Completed
ORD_700,CUST_1464,2024-04-05,Basic Plan,Instagram,189.94,64.62,Completed
ORD_701,CUST_35,2025-05-05,Basic Plan,LinkedIn,418.5,84.76,Completed
ORD_702,CUST_1026,2025-02-04,Basic Plan,LinkedIn,660.99,126.65,Completed
ORD_703,CUST_217,2024-11-30,Business Plan,Google Search,469.78,88.7,Completed
ORD_704,CUST_299,2024-06-04,Pro Plan,LinkedIn,405.2,92.55,Completed
ORD_705,CUST_1323,2024-09-25,Basic Plan,Google Search,318.9,108.72,Completed
ORD_706,CUST_991,2025-03-18,Business Plan,Partnership,1061.63,233.52,Completed
ORD_707,CUST_1459,2024-06-07,Business Plan,Google Search,488.49,91.31,Completed
ORD_708,CUST_405,2024-04-25,Basic Plan,Google Search,529.48,102.35,Completed
ORD_709,CUST_1062,2024-11-17,Pro Plan,LinkedIn,167.31,40.28,Completed
ORD_710,CUST_1047,2024-07-15,Basic Plan,LinkedIn,760.74,249.68,Completed
ORD_711,CUST_1138,2024-07-26,Business Plan,Google Search,526.56,144.95,Completed
ORD_712,CUST_524,2024-12-08,Basic Plan,LinkedIn,500.11,208.17,Completed
ORD_713,CUST_969,2025-06-08,Premium Support,Instagram,1037.55,374.61,Refunded
ORD_714,CUST_702,2024-02-14,Premium Support,Google Search,649.04,268.86,Refunded
ORD_715,CUST_377,2024-09-06,Basic Plan,LinkedIn,473.86,162.16,Completed
ORD_716,CUST_416,2024-08-02,Enterprise Plan,LinkedIn,68.84,15.65,Completed
ORD_717,CUST_1140,2024-11-01,Basic Plan,LinkedIn,671.44,202.43,Completed
ORD_718,CUST_991,2024-03-08,Pro Plan,Partnership,392.51,102.93,Completed
ORD_719,CUST_1037,2024-10-22,Pro Plan,Google Search,305.97,92.73,Completed
ORD_720,CUST_722,2024-05-16,Business Plan,Partnership,51.99,12.07,Completed
ORD_721,CUST_1079,2025-03-09,Enterprise Plan,Instagram,496.92,172.08,Completed
ORD_722,CUST_1260,2024-02-03,Pro Plan,Partnership,271.24,96.53,Completed
ORD_723,CUST_922,2024-02-23,Basic Plan,Partnership,353.88,81.34,Completed
ORD_724,CUST_704,2025-04-21,Pro Plan,LinkedIn,999.83,152.48,Completed
ORD_725,CUST_352,2025-03-30,Basic Plan,Partnership,693.77,251.84,Completed
ORD_726,CUST_181,2024-03-09,Add-on,Google Search,1085.69,226.72,Completed
ORD_727,CUST_1301,2024-08-30,Enterprise Plan,LinkedIn,669.07,186.11,Completed
ORD_728,CUST_1474,2024-08-03,Pro Plan,Google Search,120.22,51.26,Completed
ORD_729,CUST_1151,2025-03-12,Business Plan,LinkedIn,22.5,8.99,Completed
ORD_730,CUST_271,2025-03-19,Basic Plan,Google Search,567.36,254.98,Completed
ORD_731,CUST_1450,2024-11-26,Premium Support,LinkedIn,414.76,104.88,Completed
ORD_732,CUST_463,2024-05-20,Basic Plan,Google Search,823.14,182.17,Completed
ORD_733,CUST_1394,2024-11-09,Basic Plan,Google Search,966.66,321.08,Completed
ORD_734,CUST_1323,2024-08-16,Basic Plan,Google Search,453.31,125.88,Completed
ORD_735,CUST_857,2024-09-05,Business Plan,LinkedIn,715.76,230.78,Completed
ORD_736,CUST_191,2024-08-10,Basic Plan,Google Search,59.7,21.82,Completed
ORD_737,CUST_946,2024-05-26,Enterprise Plan,Google Search,985.51,233.79,Completed
ORD_738,CUST_262,2024-08-12,Basic Plan,Instagram,238.4,78.37,Completed
ORD_739,CUST_616,2024-04-09,Pro Plan,LinkedIn,471.32,186.1,Completed
ORD_740,CUST_134,2024-06-28,Basic Plan,LinkedIn,1057.27,264.32,Completed
ORD_741,CUST_1223,2024-10-25,Pro Plan,Google Search,1073.02,310.36,Completed
ORD_742,CUST_962,2024-02-01,Pro Plan,LinkedIn,57.04,21.69,Completed
ORD_743,CUST_842,2025-05-23,Basic Plan,Partnership,37.62,14.64,Completed
ORD_744,CUST_756,2024-01-31,Pro Plan,Google Search,249.4,60.4,Completed
ORD_745,CUST_925,2024-10-02,Basic Plan,Google Search,651.78,167.41,Completed
ORD_746,CUST_873,2025-04-11,Basic Plan,Partnership,186.9,81.56,Completed
ORD_747,CUST_746,2024-08-15,Business Plan,LinkedIn,196.83,57.83,Completed
ORD_748,CUST_607,2024-12-13,Business Plan,Google Search,1176.4,199.4,Completed
ORD_749,CUST_356,2024-03-25,Business Plan,Google Search,253.02,56.96,Completed
ORD_750,CUST_1153,2024-06-06,Basic Plan,LinkedIn,72.23,14.89,Refunded
ORD_751,CUST_1341,2025-01-05,Basic Plan,Instagram,745.0,220.64,Completed
ORD_752,CUST_697,2025-01-10,Enterprise Plan,TikTok,918.23,191.45,Completed
ORD_753,CUST_587,2024-03-22,Basic Plan,Instagram,779.78,142.9,Completed
ORD_754,CUST_1168,2024-12-06,Enterprise Plan,Partnership,440.33,101.87,Refunded
ORD_755,CUST_1462,2024-06-26,Pro Plan,LinkedIn,184.88,42.2,Completed
ORD_756,CUST_89,2024-02-01,Pro Plan,LinkedIn,112.46,44.66,Refunded
ORD_757,CUST_365,2024-11-19,Business Plan,TikTok,883.57,200.79,Completed
ORD_758,CUST_1428,2024-05-14,Business Plan,Google Search,684.15,158.16,Completed
ORD_759,CUST_1335,2024-06-18,Basic Plan,Google Search,659.52,113.71,Completed
ORD_760,CUST_347,2024-09-14,Basic Plan,Google Search,1124.98,380.98,Completed
ORD_761,CUST_904,2024-11-09,Basic Plan,LinkedIn,1070.35,305.52,Completed
ORD_762,CUST_1067,2025-04-10,Basic Plan,LinkedIn,503.08,163.7,Refunded
ORD_763,CUST_465,2025-06-28,Business Plan,Instagram,55.56,17.36,Cancelled
ORD_764,CUST_300,2025-04-22,Basic Plan,Google Search,995.58,338.62,Completed
ORD_765,CUST_1228,2024-02-08,Enterprise Plan,Google Search,727.09,269.72,Cancelled
ORD_766,CUST_721,2024-07-27,Basic Plan,Partnership,679.79,220.86,Completed
ORD_767,CUST_1435,2024-04-12,Basic Plan,Google Search,904.63,387.37,Cancelled
ORD_768,CUST_563,2024-09-08,Basic Plan,LinkedIn,578.68,146.56,Completed
ORD_769,CUST_1344,2024-07-10,Enterprise Plan,Instagram,435.76,139.07,Completed
ORD_770,CUST_714,2024-12-13,Basic Plan,LinkedIn,741.33,113.67,Completed
ORD_771,CUST_375,2025-06-28,Business Plan,Partnership,1045.49,455.39,Completed
ORD_772,CUST_307,2024-07-27,Basic Plan,LinkedIn,329.48,129.97,Completed
ORD_773,CUST_1135,2025-05-25,Pro Plan,Google Search,1182.33,191.58,Completed
ORD_774,CUST_819,2024-12-05,Basic Plan,Partnership,537.94,193.42,Completed
ORD_775,CUST_76,2024-05-08,Basic Plan,LinkedIn,64.1,15.18,Refunded
ORD_776,CUST_1307,2024-10-04,Basic Plan,Referral,870.13,252.33,Completed
ORD_777,CUST_698,2024-02-05,Pro Plan,Google Search,99.04,18.83,Cancelled
ORD_778,CUST_1495,2024-03-21,Business Plan,Google Search,99.59,36.62,Completed
ORD_779,CUST_1223,2024-09-16,Onboarding,Google Search,203.06,51.08,Completed
ORD_780,CUST_1248,2024-04-20,Add-on,LinkedIn,1189.28,357.08,Refunded
ORD_781,CUST_660,2024-05-28,Pro Plan,LinkedIn,1065.47,464.4,Completed
ORD_782,CUST_165,2025-05-09,Pro Plan,Partnership,517.99,156.45,Cancelled
ORD_783,CUST_1462,2024-09-20,Enterprise Plan,LinkedIn,1021.32,225.95,Completed
ORD_784,CUST_877,2024-12-24,Basic Plan,LinkedIn,354.7,68.93,Completed
ORD_785,CUST_119,2025-06-27,Add-on,Google Search,254.56,45.84,Refunded
ORD_786,CUST_57,2025-01-28,Basic Plan,LinkedIn,1098.78,363.65,Completed
ORD_787,CUST_932,2024-05-26,Basic Plan,TikTok,131.47,26.65,Completed
ORD_788,CUST_150,2024-07-15,Basic Plan,Google Search,309.42,104.91,Completed
ORD_789,CUST_195,2024-03-24,Basic Plan,Google Search,894.08,253.95,Refunded
ORD_790,CUST_25,2024-02-14,Basic Plan,Google Search,1071.32,315.72,Completed
ORD_791,CUST_252,2024-03-26,Basic Plan,Google Search,814.1,243.47,Completed
ORD_792,CUST_1270,2024-04-12,Business Plan,Partnership,433.18,163.96,Completed
ORD_793,CUST_612,2024-05-02,Enterprise Plan,Google Search,341.92,101.29,Completed
ORD_794,CUST_388,2024-08-26,Pro Plan,Instagram,532.65,191.94,Completed
ORD_795,CUST_1268,2024-04-17,Pro Plan,Google Search,129.81,41.12,Completed
ORD_796,CUST_499,2024-01-23,Basic Plan,Google Search,1087.07,300.42,Completed
ORD_797,CUST_931,2024-09-23,Basic Plan,Partnership,946.57,317.19,Completed
ORD_798,CUST_242,2025-04-01,Pro Plan,Instagram,117.05,18.71,Refunded
ORD_799,CUST_1109,2024-05-17,Basic Plan,Instagram,571.9,154.19,Completed
ORD_800,CUST_1266,2024-07-28,Enterprise Plan,TikTok,413.94,82.48,Completed
ORD_801,CUST_1472,2024-01-31,Business Plan,TikTok,1050.28,216.02,Completed
ORD_802,CUST_873,2024-04-26,Enterprise Plan,Partnership,297.03,84.62,Completed
ORD_803,CUST_1007,2025-06-23,Basic Plan,Partnership,674.06,265.95,Completed
ORD_804,CUST_1248,2025-01-13,Basic Plan,LinkedIn,181.93,70.64,Completed
ORD_805,CUST_1320,2024-06-17,Enterprise Plan,LinkedIn,744.31,197.03,Refunded
ORD_806,CUST_19,2025-04-25,Business Plan,Partnership,254.74,45.38,Completed
ORD_807,CUST_390,2024-04-01,Pro Plan,LinkedIn,265.26,83.66,Refunded
ORD_808,CUST_1184,2024-08-25,Pro Plan,Partnership,711.69,256.11,Refunded
ORD_809,CUST_1130,2024-03-01,Basic Plan,Partnership,505.36,155.88,Completed
ORD_810,CUST_1176,2024-04-08,Business Plan,Partnership,656.22,150.07,Completed
ORD_811,CUST_1378,2024-06-02,Enterprise Plan,Partnership,831.3,129.28,Completed
ORD_812,CUST_420,2024-03-08,Pro Plan,LinkedIn,530.91,165.62,Completed
ORD_813,CUST_1047,2025-02-05,Business Plan,LinkedIn,906.23,257.73,Completed
ORD_814,CUST_1294,2024-12-04,Basic Plan,LinkedIn,820.83,335.31,Refunded
ORD_815,CUST_161,2024-01-08,Basic Plan,Instagram,640.82,104.27,Completed
ORD_816,CUST_980,2024-02-09,Pro Plan,Google Search,1124.26,479.43,Completed
ORD_817,CUST_1298,2024-06-11,Basic Plan,LinkedIn,887.39,315.37,Completed
ORD_818,CUST_1092,2025-04-13,Premium Support,LinkedIn,708.87,134.72,Refunded
ORD_819,CUST_282,2024-10-07,Premium Support,Referral,1050.93,442.76,Completed
ORD_820,CUST_81,2024-02-08,Pro Plan,TikTok,923.12,286.92,Completed
ORD_821,CUST_661,2024-06-03,Basic Plan,Google Search,830.35,239.76,Completed
ORD_822,CUST_385,2024-12-13,Add-on,LinkedIn,1005.79,346.17,Completed
ORD_823,CUST_82,2024-04-05,Basic Plan,Instagram,496.4,222.24,Completed
ORD_824,CUST_895,2024-08-09,Pro Plan,Google Search,1087.59,319.45,Completed
ORD_825,CUST_814,2024-03-22,Basic Plan,LinkedIn,1130.34,300.11,Completed
ORD_826,CUST_1416,2024-09-10,Premium Support,LinkedIn,958.47,279.56,Completed
ORD_827,CUST_190,2024-12-10,Premium Support,LinkedIn,652.89,227.14,Completed
ORD_828,CUST_305,2025-05-06,Business Plan,LinkedIn,49.7,18.28,Completed
ORD_829,CUST_836,2024-06-29,Basic Plan,Instagram,358.05,83.06,Completed
ORD_830,CUST_1320,2024-08-16,Pro Plan,LinkedIn,543.56,160.96,Completed
ORD_831,CUST_782,2024-12-04,Basic Plan,Event Walk-in,130.8,42.54,Completed
ORD_832,CUST_590,2025-02-14,Basic Plan,LinkedIn,64.93,25.93,Completed
ORD_833,CUST_543,2024-06-07,Enterprise Plan,Referral,147.97,42.8,Completed
ORD_834,CUST_766,2025-02-20,Basic Plan,Partnership,560.41,191.62,Completed
ORD_835,CUST_605,2025-06-17,Basic Plan,LinkedIn,815.23,209.89,Completed
ORD_836,CUST_265,2025-04-21,Add-on,Instagram,1014.73,416.57,Completed
ORD_837,CUST_412,2024-08-19,Basic Plan,Instagram,555.9,121.54,Cancelled
ORD_838,CUST_893,2024-09-14,Enterprise Plan,Google Search,685.51,145.6,Completed
ORD_839,CUST_251,2024-10-19,Basic Plan,LinkedIn,291.19,44.01,Completed
ORD_840,CUST_970,2025-01-18,Basic Plan,Referral,696.72,219.97,Completed
ORD_841,CUST_1360,2024-04-17,Business Plan,Google Search,1129.72,282.87,Completed
ORD_842,CUST_319,2024-09-22,Basic Plan,LinkedIn,53.99,24.22,Completed
ORD_843,CUST_412,2024-09-10,Basic Plan,Instagram,310.12,137.93,Completed
ORD_844,CUST_549,2024-11-07,Basic Plan,Instagram,603.18,253.29,Completed
ORD_845,CUST_1411,2024-08-11,Business Plan,Google Search,1169.61,256.46,Completed
ORD_846,CUST_374,2025-05-14,Pro Plan,Google Search,120.44,33.68,Refunded
ORD_847,CUST_1477,2024-09-20,Basic Plan,Partnership,242.24,97.95,Completed
ORD_848,CUST_336,2025-05-17,Pro Plan,Event Walk-in,77.67,31.79,Refunded
ORD_849,CUST_121,2024-04-10,Business Plan,Google Search,890.31,365.92,Completed
ORD_850,CUST_418,2024-11-22,Basic Plan,Google Search,136.75,49.05,Completed
ORD_851,CUST_562,2024-10-15,Pro Plan,LinkedIn,1117.86,488.33,Completed
ORD_852,CUST_70,2024-07-16,Pro Plan,Google Search,839.83,143.87,Completed
ORD_853,CUST_544,2024-05-15,Pro Plan,LinkedIn,738.96,160.75,Completed
ORD_854,CUST_696,2024-08-16,Pro Plan,LinkedIn,857.91,193.71,Refunded
ORD_855,CUST_1036,2024-01-08,Basic Plan,TikTok,401.24,156.17,Completed
ORD_856,CUST_1314,2025-04-09,Pro Plan,Google Search,576.91,184.11,Completed
ORD_857,CUST_1367,2024-01-13,Enterprise Plan,LinkedIn,790.83,160.82,Completed
ORD_858,CUST_243,2024-04-09,Basic Plan,Event Walk-in,1080.47,266.79,Completed
ORD_859,CUST_1067,2025-03-25,Enterprise Plan,LinkedIn,924.32,268.75,Completed
ORD_860,CUST_1025,2025-01-29,Business Plan,Event Walk-in,607.99,193.27,Completed
ORD_861,CUST_1209,2025-06-04,Business Plan,LinkedIn,1056.86,275.72,Completed
ORD_862,CUST_1393,2024-02-10,Basic Plan,Event Walk-in,124.97,54.24,Completed
ORD_863,CUST_1071,2024-04-04,Onboarding,LinkedIn,181.4,52.32,Completed
ORD_864,CUST_1234,2024-07-14,Business Plan,Google Search,1136.67,283.56,Completed
ORD_865,CUST_184,2025-02-27,Business Plan,LinkedIn,860.18,134.71,Completed
ORD_866,CUST_1309,2024-04-22,Basic Plan,Google Search,1092.53,364.51,Completed
ORD_867,CUST_699,2024-06-15,Pro Plan,Instagram,1041.61,253.07,Completed
ORD_868,CUST_695,2024-05-14,Business Plan,LinkedIn,522.01,183.08,Completed
ORD_869,CUST_711,2024-09-23,Premium Support,TikTok,1026.19,359.58,Completed
ORD_870,CUST_55,2024-09-27,Business Plan,LinkedIn,497.48,178.73,Completed
ORD_871,CUST_753,2024-10-05,Basic Plan,LinkedIn,281.86,47.28,Completed
ORD_872,CUST_1041,2025-04-30,Onboarding,Google Search,1147.75,433.09,Completed
ORD_873,CUST_395,2024-10-19,Pro Plan,LinkedIn,755.9,151.03,Completed
ORD_874,CUST_1035,2024-01-11,Business Plan,TikTok,930.19,320.53,Completed
ORD_875,CUST_703,2024-12-21,Enterprise Plan,Partnership,363.11,161.13,Completed
ORD_876,CUST_223,2025-01-22,Basic Plan,Google Search,57.47,25.72,Completed
ORD_877,CUST_391,2025-02-22,Pro Plan,LinkedIn,245.83,84.37,Refunded
ORD_878,CUST_786,2025-01-16,Pro Plan,LinkedIn,482.46,125.71,Completed
ORD_879,CUST_1076,2024-08-17,Pro Plan,Google Search,775.2,239.58,Completed
ORD_880,CUST_824,2025-05-12,Basic Plan,Instagram,938.04,398.42,Refunded
ORD_881,CUST_1403,2025-05-06,Basic Plan,Google Search,262.85,111.41,Completed
ORD_882,CUST_1321,2024-03-01,Basic Plan,Partnership,833.02,227.49,Completed
ORD_883,CUST_896,2024-07-06,Basic Plan,Partnership,761.11,150.6,Completed
ORD_884,CUST_274,2025-03-02,Pro Plan,Google Search,940.87,243.05,Completed
ORD_885,CUST_447,2024-03-09,Basic Plan,LinkedIn,426.65,103.63,Completed
ORD_886,CUST_1175,2025-05-01,Premium Support,Google Search,1056.77,278.21,Completed
ORD_887,CUST_960,2024-07-10,Pro Plan,Partnership,1083.59,247.02,Completed
ORD_888,CUST_1416,2025-04-20,Pro Plan,LinkedIn,119.46,29.75,Completed
ORD_889,CUST_82,2024-10-14,Add-on,Instagram,1130.74,225.69,Completed
ORD_890,CUST_1326,2024-09-12,Basic Plan,LinkedIn,544.64,159.16,Refunded
ORD_891,CUST_1051,2025-01-19,Basic Plan,LinkedIn,421.33,63.55,Completed
ORD_892,CUST_1130,2024-08-18,Basic Plan,Partnership,848.19,162.71,Cancelled
ORD_893,CUST_517,2024-11-09,Pro Plan,Google Search,704.45,304.51,Completed
ORD_894,CUST_773,2024-02-27,Onboarding,Google Search,1175.96,471.13,Completed
ORD_895,CUST_889,2024-09-25,Business Plan,LinkedIn,504.06,218.34,Completed
ORD_896,CUST_147,2024-04-07,Enterprise Plan,LinkedIn,181.62,73.58,Completed
ORD_897,CUST_871,2024-01-16,Pro Plan,Partnership,632.16,173.31,Completed
ORD_898,CUST_1375,2025-01-05,Onboarding,Google Search,1002.76,450.67,Completed
ORD_899,CUST_1469,2024-11-14,Basic Plan,Instagram,923.51,349.57,Completed
ORD_900,CUST_1461,2024-06-21,Basic Plan,Google Search,275.85,123.36,Completed
ORD_901,CUST_529,2024-04-14,Basic Plan,LinkedIn,884.67,370.94,Completed
ORD_902,CUST_395,2024-04-22,Onboarding,LinkedIn,835.92,200.01,Completed
ORD_903,CUST_712,2024-02-23,Pro Plan,Partnership,59.0,25.71,Refunded
ORD_904,CUST_1102,2024-09-19,Pro Plan,Google Search,103.23,41.15,Completed
ORD_905,CUST_630,2024-02-22,Basic Plan,LinkedIn,768.05,275.6,Completed
ORD_906,CUST_953,2025-05-01,Business Plan,LinkedIn,1164.99,217.0,Completed
ORD_907,CUST_423,2024-05-07,Basic Plan,Partnership,592.94,98.31,Completed
ORD_908,CUST_1081,2024-02-12,Business Plan,Google Search,20.89,6.76,Completed
ORD_909,CUST_763,2024-03-01,Pro Plan,Referral,843.77,264.12,Completed
ORD_910,CUST_724,2025-05-14,Onboarding,Referral,1075.38,390.13,Completed
ORD_911,CUST_1311,2024-03-21,Pro Plan,Google Search,495.34,191.26,Completed
ORD_912,CUST_1289,2025-01-06,Basic Plan,Google Search,425.23,102.71,Completed
ORD_913,CUST_152,2024-03-22,Enterprise Plan,Google Search,558.4,100.05,Completed
ORD_914,CUST_409,2024-11-28,Premium Support,Instagram,992.37,424.7,Refunded
ORD_915,CUST_185,2025-02-25,Add-on,LinkedIn,955.5,227.34,Completed
ORD_916,CUST_1321,2024-12-27,Pro Plan,Partnership,468.8,76.13,Completed
ORD_917,CUST_287,2025-01-22,Basic Plan,LinkedIn,125.22,32.46,Completed
ORD_918,CUST_478,2025-03-18,Enterprise Plan,LinkedIn,70.01,20.1,Refunded
ORD_919,CUST_125,2024-04-09,Pro Plan,Google Search,198.16,60.79,Refunded
ORD_920,CUST_717,2024-02-29,Basic Plan,Google Search,954.77,426.16,Completed
ORD_921,CUST_452,2024-01-30,Enterprise Plan,LinkedIn,182.27,30.18,Completed
ORD_922,CUST_825,2024-02-19,Pro Plan,Google Search,469.88,81.42,Completed
ORD_923,CUST_209,2024-02-02,Pro Plan,LinkedIn,884.79,286.16,Completed
ORD_924,CUST_1088,2025-04-13,Pro Plan,Google Search,292.24,61.36,Refunded
ORD_925,CUST_696,2024-11-01,Pro Plan,LinkedIn,979.23,320.35,Completed
ORD_926,CUST_574,2024-08-08,Basic Plan,TikTok,1015.32,382.98,Completed
ORD_927,CUST_808,2024-10-04,Onboarding,Google Search,38.15,14.34,Completed
ORD_928,CUST_522,2025-06-30,Premium Support,TikTok,1131.48,312.92,Refunded
ORD_929,CUST_154,2025-04-14,Pro Plan,Google Search,803.3,166.66,Completed
ORD_930,CUST_1261,2024-04-05,Basic Plan,Instagram,602.33,125.25,Completed
ORD_931,CUST_459,2025-06-13,Pro Plan,Google Search,151.51,55.86,Completed
ORD_932,CUST_948,2025-03-12,Add-on,LinkedIn,295.04,96.55,Completed
ORD_933,CUST_927,2024-03-01,Basic Plan,LinkedIn,166.25,71.93,Completed
ORD_934,CUST_390,2024-03-06,Onboarding,LinkedIn,755.02,243.15,Completed
ORD_935,CUST_79,2025-05-05,Pro Plan,LinkedIn,991.22,231.11,Completed
ORD_936,CUST_1248,2025-06-06,Basic Plan,LinkedIn,607.7,198.42,Completed
ORD_937,CUST_726,2024-04-17,Pro Plan,Google Search,640.84,134.52,Completed
ORD_938,CUST_358,2024-07-25,Basic Plan,Instagram,282.27,126.54,Completed
ORD_939,CUST_395,2024-02-04,Enterprise Plan,LinkedIn,217.11,34.94,Completed
ORD_940,CUST_774,2025-02-21,Pro Plan,TikTok,442.88,194.26,Completed
ORD_941,CUST_1272,2024-04-03,Basic Plan,LinkedIn,179.14,29.94,Refunded
ORD_942,CUST_546,2024-04-24,Onboarding,LinkedIn,964.98,389.25,Completed
ORD_943,CUST_330,2025-02-12,Business Plan,Instagram,212.98,95.39,Completed
ORD_944,CUST_822,2024-04-27,Basic Plan,Instagram,96.31,31.71,Completed
ORD_945,CUST_615,2024-01-15,Basic Plan,Partnership,93.7,40.53,Refunded
ORD_946,CUST_113,2025-04-30,Pro Plan,Google Search,613.9,217.07,Completed
ORD_947,CUST_1447,2025-04-19,Basic Plan,LinkedIn,94.84,33.19,Completed
ORD_948,CUST_813,2025-04-03,Pro Plan,Partnership,993.35,372.18,Completed
ORD_949,CUST_532,2024-03-23,Onboarding,LinkedIn,654.78,183.7,Completed
ORD_950,CUST_426,2025-02-25,Basic Plan,Google Search,1078.44,432.28,Completed
ORD_951,CUST_489,2024-03-03,Premium Support,Google Search,533.14,131.64,Completed
ORD_952,CUST_834,2024-01-21,Basic Plan,LinkedIn,527.78,90.78,Completed
ORD_953,CUST_1206,2024-11-06,Basic Plan,LinkedIn,492.39,163.21,Completed
ORD_954,CUST_372,2025-02-01,Basic Plan,Referral,161.02,57.82,Completed
ORD_955,CUST_440,2024-09-17,Onboarding,Google Search,781.9,231.42,Completed
ORD_956,CUST_201,2024-11-21,Pro Plan,Google Search,775.61,120.43,Completed
ORD_957,CUST_245,2024-12-20,Basic Plan,LinkedIn,287.03,120.54,Completed
ORD_958,CUST_1099,2024-01-31,Pro Plan,Instagram,1121.28,337.77,Completed
ORD_959,CUST_235,2024-02-15,Basic Plan,LinkedIn,931.7,391.91,Completed
ORD_960,CUST_1049,2024-09-25,Premium Support,Partnership,168.21,52.18,Completed
ORD_961,CUST_1158,2024-04-17,Basic Plan,LinkedIn,718.52,279.74,Completed
ORD_962,CUST_1410,2024-03-10,Basic Plan,LinkedIn,808.06,180.23,Cancelled
ORD_963,CUST_1319,2024-01-13,Basic Plan,Google Search,1113.1,331.71,Completed
ORD_964,CUST_586,2024-12-06,Basic Plan,Google Search,752.0,177.94,Completed
ORD_965,CUST_94,2024-02-28,Basic Plan,Google Search,610.13,210.16,Completed
ORD_966,CUST_288,2024-11-16,Basic Plan,Google Search,665.25,203.45,Completed
ORD_967,CUST_1436,2024-02-18,Business Plan,Google Search,520.29,106.37,Completed
ORD_968,CUST_758,2024-10-23,Pro Plan,Google Search,708.6,200.47,Completed
ORD_969,CUST_906,2025-02-17,Basic Plan,Referral,1110.62,328.08,Completed
ORD_970,CUST_251,2024-05-31,Basic Plan,LinkedIn,660.98,155.17,Refunded
ORD_971,CUST_137,2024-11-22,Business Plan,LinkedIn,236.62,36.15,Completed
ORD_972,CUST_1257,2025-04-23,Pro Plan,LinkedIn,863.26,167.18,Completed
ORD_973,CUST_1474,2024-02-10,Onboarding,Google Search,1112.19,328.05,Completed
ORD_974,CUST_866,2024-03-06,Premium Support,LinkedIn,872.04,221.32,Completed
ORD_975,CUST_129,2024-04-27,Basic Plan,Google Search,439.71,141.59,Completed
ORD_976,CUST_289,2024-09-06,Add-on,Google Search,187.25,44.01,Completed
ORD_977,CUST_1315,2024-08-06,Pro Plan,Google Search,825.39,188.5,Completed
ORD_978,CUST_1006,2024-10-28,Enterprise Plan,Partnership,703.81,286.92,Completed
ORD_979,CUST_946,2025-06-04,Premium Support,Google Search,844.95,139.28,Completed
ORD_980,CUST_758,2024-11-25,Enterprise Plan,Google Search,126.52,41.84,Completed
ORD_981,CUST_867,2024-02-27,Business Plan,Google Search,193.97,44.2,Completed
ORD_982,CUST_1164,2025-05-02,Pro Plan,LinkedIn,35.74,5.95,Refunded
ORD_983,CUST_791,2024-01-10,Add-on,Event Walk-in,1145.08,329.8,Completed
ORD_984,CUST_310,2024-07-25,Onboarding,Instagram,1093.38,187.46,Completed
ORD_985,CUST_529,2024-03-24,Add-on,LinkedIn,102.25,23.16,Completed
ORD_986,CUST_1041,2024-11-06,Premium Support,Google Search,854.75,168.52,Completed
ORD_987,CUST_107,2024-08-05,Add-on,Google Search,1016.34,375.66,Completed
ORD_988,CUST_953,2024-06-13,Pro Plan,LinkedIn,58.41,12.33,Completed
ORD_989,CUST_1384,2025-04-04,Business Plan,Instagram,906.44,328.63,Cancelled
ORD_990,CUST_973,2024-01-12,Onboarding,LinkedIn,485.55,105.95,Completed
ORD_991,CUST_1158,2025-04-15,Onboarding,LinkedIn,488.93,183.76,Refunded
ORD_992,CUST_480,2025-05-15,Pro Plan,LinkedIn,309.95,117.88,Completed
ORD_993,CUST_308,2025-05-20,Business Plan,Google Search,927.56,186.05,Completed
ORD_994,CUST_793,2025-01-30,Basic Plan,Instagram,912.1,407.38,Completed
ORD_995,CUST_152,2024-01-04,Business Plan,Google Search,1155.79,382.91,Completed
ORD_996,CUST_364,2024-03-23,Basic Plan,Partnership,296.13,105.02,Completed
ORD_997,CUST_826,2024-12-28,Pro Plan,LinkedIn,1156.33,425.66,Completed
ORD_998,CUST_1251,2024-03-30,Business Plan,LinkedIn,373.31,103.57,Completed
ORD_999,CUST_490,2024-07-25,Basic Plan,LinkedIn,573.43,118.2,Completed
ORD_1000,CUST_60,2025-01-29,Business Plan,Google Search,742.57,249.93,Completed
ORD_1001,CUST_895,2024-08-01,Basic Plan,Google Search,1189.65,449.95,Completed
ORD_1002,CUST_1499,2025-06-27,Business Plan,LinkedIn,1149.84,493.31,Completed
ORD_1003,CUST_52,2024-01-13,Basic Plan,Google Search,642.79,245.96,Completed
ORD_1004,CUST_257,2024-09-20,Onboarding,Google Search,267.7,98.99,Completed
ORD_1005,CUST_193,2024-03-13,Basic Plan,Instagram,161.82,25.49,Completed
ORD_1006,CUST_295,2025-04-23,Basic Plan,Google Search,465.92,76.76,Completed
ORD_1007,CUST_667,2024-06-23,Basic Plan,LinkedIn,28.36,10.87,Completed
ORD_1008,CUST_220,2024-02-25,Basic Plan,Google Search,704.43,130.03,Cancelled
ORD_1009,CUST_441,2025-03-19,Pro Plan,LinkedIn,1011.42,411.06,Cancelled
ORD_1010,CUST_1255,2024-02-07,Pro Plan,LinkedIn,922.15,412.86,Completed
ORD_1011,CUST_196,2024-09-25,Basic Plan,Google Search,643.78,130.27,Completed
ORD_1012,CUST_1174,2024-07-31,Enterprise Plan,Event Walk-in,57.45,17.86,Completed
ORD_1013,CUST_1456,2024-03-30,Basic Plan,Google Search,480.6,144.82,Completed
ORD_1014,CUST_760,2024-10-17,Enterprise Plan,LinkedIn,766.45,307.59,Completed
ORD_1015,CUST_367,2025-06-07,Basic Plan,LinkedIn,761.93,270.29,Completed
ORD_1016,CUST_333,2025-05-01,Basic Plan,Google Search,991.7,350.97,Completed
ORD_1017,CUST_920,2024-12-12,Pro Plan,Google Search,325.31,139.57,Completed
ORD_1018,CUST_281,2024-04-07,Pro Plan,Google Search,655.23,112.49,Completed
ORD_1019,CUST_833,2024-12-06,Basic Plan,LinkedIn,169.0,74.45,Completed
ORD_1020,CUST_1343,2024-07-24,Business Plan,Google Search,956.36,243.99,Refunded
ORD_1021,CUST_873,2024-05-19,Add-on,Partnership,42.35,18.72,Completed
ORD_1022,CUST_531,2024-02-10,Onboarding,Instagram,608.48,125.26,Completed
ORD_1023,CUST_656,2025-01-05,Onboarding,Google Search,414.49,122.28,Completed
ORD_1024,CUST_1262,2024-09-01,Basic Plan,LinkedIn,610.47,113.94,Completed
ORD_1025,CUST_1388,2024-03-31,Business Plan,Instagram,148.39,40.87,Completed
ORD_1026,CUST_526,2024-07-22,Pro Plan,Instagram,422.22,88.24,Completed
ORD_1027,CUST_924,2024-12-26,Business Plan,Event Walk-in,265.67,91.01,Completed
ORD_1028,CUST_1074,2024-06-07,Enterprise Plan,Partnership,1188.96,409.83,Completed
ORD_1029,CUST_1136,2024-03-08,Business Plan,Partnership,717.48,162.94,Refunded
ORD_1030,CUST_671,2025-04-05,Business Plan,Google Search,140.53,32.41,Completed
ORD_1031,CUST_763,2024-07-17,Basic Plan,Referral,547.38,221.57,Completed
ORD_1032,CUST_656,2024-08-03,Pro Plan,Google Search,429.85,125.37,Completed
ORD_1033,CUST_1095,2025-01-03,Business Plan,Google Search,193.18,76.36,Completed
ORD_1034,CUST_1404,2024-11-14,Basic Plan,Google Search,764.72,155.13,Completed
ORD_1035,CUST_1077,2024-09-04,Pro Plan,TikTok,712.02,225.42,Completed
ORD_1036,CUST_1467,2025-04-04,Enterprise Plan,Partnership,480.04,88.3,Completed
ORD_1037,CUST_846,2025-01-21,Enterprise Plan,LinkedIn,982.82,159.28,Completed
ORD_1038,CUST_1059,2024-09-13,Basic Plan,Partnership,1006.83,208.54,Refunded
ORD_1039,CUST_1147,2024-10-17,Pro Plan,Google Search,301.1,69.03,Refunded
ORD_1040,CUST_6,2024-10-22,Basic Plan,Google Search,551.05,227.27,Cancelled
ORD_1041,CUST_1457,2025-04-12,Basic Plan,LinkedIn,755.42,293.67,Completed
ORD_1042,CUST_898,2024-06-20,Basic Plan,LinkedIn,528.85,167.99,Completed
ORD_1043,CUST_1260,2024-02-10,Pro Plan,Partnership,1002.07,309.63,Completed
ORD_1044,CUST_420,2024-01-21,Enterprise Plan,LinkedIn,89.04,35.52,Completed
ORD_1045,CUST_1263,2025-04-11,Basic Plan,Event Walk-in,52.13,14.98,Completed
ORD_1046,CUST_1095,2024-09-05,Enterprise Plan,Google Search,272.08,121.54,Completed
ORD_1047,CUST_503,2025-02-12,Add-on,Google Search,627.38,160.0,Completed
ORD_1048,CUST_112,2025-06-18,Business Plan,Google Search,952.26,255.41,Completed
ORD_1049,CUST_687,2024-04-01,Pro Plan,LinkedIn,943.08,395.24,Cancelled
ORD_1050,CUST_1178,2024-02-15,Enterprise Plan,Instagram,517.33,148.4,Completed
ORD_1051,CUST_497,2024-09-04,Business Plan,Google Search,546.96,245.47,Completed
ORD_1052,CUST_1024,2025-03-05,Business Plan,LinkedIn,829.96,342.84,Completed
ORD_1053,CUST_1223,2025-03-21,Business Plan,Google Search,921.88,327.97,Completed
ORD_1054,CUST_275,2024-02-12,Onboarding,Google Search,413.55,181.74,Cancelled
ORD_1055,CUST_888,2024-03-20,Pro Plan,Referral,787.95,203.04,Completed
ORD_1056,CUST_655,2024-04-05,Pro Plan,Google Search,473.51,170.85,Completed
ORD_1057,CUST_1321,2024-02-15,Basic Plan,Partnership,739.8,157.25,Completed
ORD_1058,CUST_487,2024-11-23,Business Plan,Partnership,301.65,85.16,Completed
ORD_1059,CUST_627,2024-01-13,Pro Plan,Instagram,1127.68,379.6,Completed
ORD_1060,CUST_34,2024-10-09,Enterprise Plan,LinkedIn,527.76,120.87,Completed
ORD_1061,CUST_1426,2024-06-24,Basic Plan,LinkedIn,557.92,122.9,Completed
ORD_1062,CUST_426,2024-05-14,Basic Plan,Google Search,730.86,258.17,Completed
ORD_1063,CUST_513,2024-12-27,Pro Plan,Google Search,581.88,114.35,Refunded
ORD_1064,CUST_880,2024-04-28,Enterprise Plan,LinkedIn,988.48,277.42,Completed
ORD_1065,CUST_1065,2025-04-13,Basic Plan,LinkedIn,922.91,318.17,Completed
ORD_1066,CUST_1305,2024-01-11,Business Plan,Google Search,1119.73,474.87,Refunded
ORD_1067,CUST_999,2024-01-24,Pro Plan,LinkedIn,1160.37,333.39,Completed
ORD_1068,CUST_1117,2025-02-27,Onboarding,LinkedIn,790.87,138.11,Completed
ORD_1069,CUST_202,2024-12-18,Onboarding,Google Search,1088.78,469.13,Completed
ORD_1070,CUST_801,2025-03-17,Pro Plan,LinkedIn,849.51,185.82,Completed
ORD_1071,CUST_828,2025-04-16,Basic Plan,Google Search,659.1,197.04,Completed
ORD_1072,CUST_1200,2024-05-13,Basic Plan,Instagram,31.96,12.06,Completed
ORD_1073,CUST_908,2024-06-29,Business Plan,LinkedIn,481.62,120.78,Completed
ORD_1074,CUST_1121,2024-02-28,Enterprise Plan,Google Search,1161.1,322.82,Completed
ORD_1075,CUST_753,2025-03-06,Basic Plan,LinkedIn,695.84,231.48,Completed
ORD_1076,CUST_997,2025-01-03,Business Plan,LinkedIn,784.62,162.39,Completed
ORD_1077,CUST_716,2024-06-07,Onboarding,TikTok,63.39,14.33,Completed
ORD_1078,CUST_818,2024-02-16,Enterprise Plan,Instagram,762.93,231.08,Completed
ORD_1079,CUST_1044,2024-01-30,Basic Plan,Partnership,322.88,70.78,Completed
ORD_1080,CUST_3,2025-06-17,Add-on,Instagram,471.33,71.65,Completed
ORD_1081,CUST_119,2025-05-29,Basic Plan,Google Search,1187.98,450.64,Completed
ORD_1082,CUST_1143,2024-08-21,Pro Plan,Google Search,497.7,191.92,Refunded
ORD_1083,CUST_869,2025-02-13,Basic Plan,Partnership,914.73,228.39,Completed
ORD_1084,CUST_174,2024-01-05,Basic Plan,LinkedIn,614.08,107.24,Completed
ORD_1085,CUST_926,2025-05-01,Basic Plan,LinkedIn,684.9,154.77,Completed
ORD_1086,CUST_1058,2025-01-29,Enterprise Plan,Instagram,145.83,51.51,Completed
ORD_1087,CUST_679,2024-10-12,Enterprise Plan,Google Search,1082.73,429.4,Cancelled
ORD_1088,CUST_323,2024-08-02,Basic Plan,Partnership,100.48,43.42,Refunded
ORD_1089,CUST_129,2024-02-02,Business Plan,Google Search,106.09,43.53,Completed
ORD_1090,CUST_1237,2024-05-04,Onboarding,LinkedIn,1193.77,259.81,Refunded
ORD_1091,CUST_32,2024-09-23,Pro Plan,Google Search,731.11,248.48,Completed
ORD_1092,CUST_72,2025-06-08,Pro Plan,Google Search,44.31,17.77,Completed
ORD_1093,CUST_1073,2025-05-07,Basic Plan,LinkedIn,1018.83,156.25,Completed
ORD_1094,CUST_700,2024-07-04,Onboarding,Google Search,608.25,185.84,Completed
ORD_1095,CUST_33,2024-04-14,Basic Plan,Referral,327.39,79.1,Completed
ORD_1096,CUST_1079,2024-07-16,Pro Plan,Instagram,212.97,49.99,Completed
ORD_1097,CUST_973,2025-01-17,Basic Plan,LinkedIn,738.28,281.47,Completed
ORD_1098,CUST_1499,2024-08-14,Pro Plan,LinkedIn,671.06,293.27,Completed
ORD_1099,CUST_158,2025-03-14,Basic Plan,LinkedIn,1016.63,255.43,Completed
ORD_1100,CUST_840,2024-12-07,Pro Plan,LinkedIn,1168.64,452.71,Cancelled
ORD_1101,CUST_128,2025-03-23,Basic Plan,LinkedIn,195.77,40.95,Completed
ORD_1102,CUST_175,2025-03-09,Basic Plan,Google Search,413.42,153.41,Completed
ORD_1103,CUST_420,2024-06-02,Basic Plan,LinkedIn,1172.15,182.06,Completed
ORD_1104,CUST_435,2024-03-08,Basic Plan,Google Search,1083.07,466.31,Completed
ORD_1105,CUST_1281,2025-02-22,Business Plan,Google Search,868.73,308.69,Completed
ORD_1106,CUST_1048,2024-06-19,Pro Plan,Google Search,292.7,124.4,Cancelled
ORD_1107,CUST_260,2024-06-05,Basic Plan,LinkedIn,1086.07,300.75,Completed
ORD_1108,CUST_1085,2025-05-10,Pro Plan,Partnership,408.68,163.52,Completed
ORD_1109,CUST_1059,2024-04-06,Business Plan,Partnership,66.89,28.65,Cancelled
ORD_1110,CUST_469,2024-04-27,Basic Plan,LinkedIn,726.14,158.35,Completed
ORD_1111,CUST_14,2025-05-27,Pro Plan,Event Walk-in,874.0,332.85,Completed
ORD_1112,CUST_188,2024-01-13,Pro Plan,LinkedIn,580.44,195.33,Refunded
ORD_1113,CUST_1118,2024-10-12,Premium Support,TikTok,644.98,120.04,Completed
ORD_1114,CUST_417,2024-03-22,Basic Plan,Partnership,80.81,18.93,Refunded
ORD_1115,CUST_1451,2024-10-24,Enterprise Plan,Google Search,1101.99,240.38,Cancelled
ORD_1116,CUST_1125,2024-12-07,Add-on,LinkedIn,1104.58,434.92,Completed
ORD_1117,CUST_384,2024-04-22,Pro Plan,Partnership,36.12,11.67,Refunded
ORD_1118,CUST_109,2024-09-04,Basic Plan,LinkedIn,801.25,237.88,Completed
ORD_1119,CUST_1200,2024-09-25,Business Plan,Instagram,999.16,293.68,Completed
ORD_1120,CUST_831,2024-06-23,Pro Plan,Instagram,684.12,295.54,Completed
ORD_1121,CUST_967,2025-04-03,Pro Plan,LinkedIn,796.09,321.01,Completed
ORD_1122,CUST_656,2024-02-06,Add-on,Google Search,549.87,191.41,Completed
ORD_1123,CUST_798,2024-03-31,Business Plan,LinkedIn,798.01,280.23,Completed
ORD_1124,CUST_833,2024-10-25,Premium Support,LinkedIn,292.7,93.53,Completed
ORD_1125,CUST_95,2024-02-05,Pro Plan,LinkedIn,927.25,263.08,Completed
ORD_1126,CUST_1390,2024-12-09,Basic Plan,LinkedIn,570.57,151.71,Completed
ORD_1127,CUST_1446,2024-08-17,Business Plan,LinkedIn,24.56,8.52,Refunded
ORD_1128,CUST_239,2024-04-04,Pro Plan,LinkedIn,673.51,217.07,Refunded
ORD_1129,CUST_507,2025-03-13,Pro Plan,LinkedIn,660.71,234.93,Completed
ORD_1130,CUST_844,2025-03-05,Business Plan,Instagram,160.43,40.5,Completed
ORD_1131,CUST_361,2025-01-23,Pro Plan,Google Search,765.35,341.76,Completed
ORD_1132,CUST_54,2024-02-05,Business Plan,Referral,529.41,201.73,Refunded
ORD_1133,CUST_165,2024-07-01,Business Plan,Partnership,202.81,60.99,Completed
ORD_1134,CUST_899,2024-10-10,Enterprise Plan,LinkedIn,746.04,255.61,Completed
ORD_1135,CUST_1269,2024-11-16,Basic Plan,Partnership,1190.52,450.9,Completed
ORD_1136,CUST_498,2025-06-15,Premium Support,LinkedIn,28.18,11.47,Completed
ORD_1137,CUST_197,2024-12-09,Add-on,Google Search,714.66,288.52,Completed
ORD_1138,CUST_89,2024-12-31,Business Plan,LinkedIn,909.3,404.08,Completed
ORD_1139,CUST_1150,2024-10-09,Basic Plan,LinkedIn,740.18,124.84,Completed
ORD_1140,CUST_1399,2024-01-04,Basic Plan,Partnership,737.84,143.04,Completed
ORD_1141,CUST_858,2024-09-16,Enterprise Plan,LinkedIn,735.16,218.97,Completed
ORD_1142,CUST_1191,2024-12-09,Basic Plan,Google Search,817.88,276.74,Completed
ORD_1143,CUST_1496,2025-01-21,Basic Plan,LinkedIn,613.9,118.16,Completed
ORD_1144,CUST_17,2024-03-06,Premium Support,Google Search,744.57,194.73,Completed
ORD_1145,CUST_1421,2024-05-21,Basic Plan,LinkedIn,695.7,141.58,Cancelled
ORD_1146,CUST_390,2024-10-09,Add-on,LinkedIn,556.47,141.61,Completed
ORD_1147,CUST_1443,2025-04-14,Onboarding,Google Search,164.0,51.55,Refunded
ORD_1148,CUST_304,2024-01-01,Enterprise Plan,Partnership,599.26,249.41,Completed
ORD_1149,CUST_1044,2025-02-12,Basic Plan,Partnership,1150.51,440.04,Completed
ORD_1150,CUST_1320,2024-11-18,Pro Plan,LinkedIn,107.41,35.1,Completed
ORD_1151,CUST_17,2024-06-09,Pro Plan,Google Search,686.95,169.01,Completed
ORD_1152,CUST_1122,2024-12-30,Enterprise Plan,Partnership,461.77,145.62,Completed
ORD_1153,CUST_1472,2025-05-14,Basic Plan,TikTok,383.86,160.83,Completed
ORD_1154,CUST_489,2024-07-17,Pro Plan,Google Search,1163.21,380.74,Completed
ORD_1155,CUST_1122,2025-01-10,Pro Plan,Partnership,972.57,264.18,Refunded
ORD_1156,CUST_975,2025-06-09,Pro Plan,TikTok,182.42,57.55,Completed
ORD_1157,CUST_995,2024-12-05,Pro Plan,Partnership,431.6,115.58,Completed
ORD_1158,CUST_256,2024-04-09,Basic Plan,LinkedIn,595.92,102.51,Completed
ORD_1159,CUST_1336,2025-01-22,Enterprise Plan,Referral,917.66,226.02,Completed
ORD_1160,CUST_418,2024-10-26,Basic Plan,Google Search,139.27,50.34,Completed
ORD_1161,CUST_1448,2024-11-17,Basic Plan,Referral,209.7,66.39,Completed
ORD_1162,CUST_453,2024-02-29,Business Plan,Partnership,314.56,62.18,Completed
ORD_1163,CUST_1318,2024-04-11,Add-on,Google Search,504.53,132.36,Completed
ORD_1164,CUST_1158,2024-05-27,Pro Plan,LinkedIn,902.1,314.12,Refunded
ORD_1165,CUST_260,2024-08-03,Pro Plan,LinkedIn,28.29,5.4,Refunded
ORD_1166,CUST_372,2024-05-28,Business Plan,Referral,840.89,174.36,Completed
ORD_1167,CUST_1119,2024-09-20,Basic Plan,LinkedIn,101.05,18.92,Refunded
ORD_1168,CUST_1365,2025-02-27,Enterprise Plan,LinkedIn,644.09,129.18,Cancelled
ORD_1169,CUST_1445,2024-12-18,Add-on,LinkedIn,292.34,65.26,Completed
ORD_1170,CUST_648,2024-08-24,Business Plan,Google Search,785.9,226.26,Cancelled
ORD_1171,CUST_1350,2024-12-02,Business Plan,Google Search,966.01,148.96,Completed
ORD_1172,CUST_78,2025-03-26,Basic Plan,Referral,611.74,232.96,Completed
ORD_1173,CUST_514,2024-03-02,Basic Plan,Google Search,30.54,11.76,Refunded
ORD_1174,CUST_1040,2024-07-27,Business Plan,Google Search,373.31,62.47,Completed
ORD_1175,CUST_193,2024-03-31,Basic Plan,Instagram,69.58,31.21,Completed
ORD_1176,CUST_753,2024-12-20,Basic Plan,LinkedIn,442.38,67.06,Completed
ORD_1177,CUST_429,2024-12-27,Business Plan,Google Search,821.26,126.81,Completed
ORD_1178,CUST_179,2024-04-20,Add-on,Instagram,329.19,78.51,Completed
ORD_1179,CUST_650,2024-01-17,Enterprise Plan,Google Search,618.63,195.58,Completed
ORD_1180,CUST_1222,2024-08-28,Basic Plan,LinkedIn,93.62,26.15,Completed
ORD_1181,CUST_104,2025-06-05,Onboarding,Referral,174.8,62.36,Completed
ORD_1182,CUST_1287,2024-01-13,Pro Plan,LinkedIn,960.88,409.36,Refunded
ORD_1183,CUST_878,2024-08-28,Business Plan,Google Search,250.49,62.72,Completed
ORD_1184,CUST_85,2025-03-28,Basic Plan,LinkedIn,88.25,35.44,Refunded
ORD_1185,CUST_210,2025-06-06,Business Plan,Google Search,27.94,10.76,Completed
ORD_1186,CUST_955,2024-11-23,Business Plan,Google Search,1028.19,368.07,Completed
ORD_1187,CUST_373,2025-03-17,Pro Plan,LinkedIn,172.96,50.04,Completed
ORD_1188,CUST_1142,2024-11-17,Pro Plan,LinkedIn,542.15,87.27,Refunded
ORD_1189,CUST_1370,2025-03-06,Enterprise Plan,Partnership,535.13,184.74,Completed
ORD_1190,CUST_621,2024-03-26,Business Plan,Instagram,45.89,11.24,Completed
ORD_1191,CUST_843,2024-03-21,Basic Plan,Instagram,816.03,273.21,Completed
ORD_1192,CUST_850,2025-05-25,Basic Plan,Google Search,575.75,128.42,Completed
ORD_1193,CUST_955,2025-01-03,Enterprise Plan,Google Search,464.95,149.61,Completed
ORD_1194,CUST_852,2024-10-11,Pro Plan,Google Search,943.34,175.19,Refunded
ORD_1195,CUST_344,2024-05-17,Business Plan,Google Search,263.32,50.22,Completed
ORD_1196,CUST_412,2024-05-23,Basic Plan,Instagram,759.28,125.83,Refunded
ORD_1197,CUST_553,2024-01-23,Business Plan,Google Search,743.16,227.28,Completed
ORD_1198,CUST_33,2025-06-25,Onboarding,Referral,518.13,126.69,Completed
ORD_1199,CUST_468,2024-12-18,Basic Plan,Referral,624.9,244.98,Completed
ORD_1200,CUST_1444,2024-05-08,Pro Plan,Google Search,1181.57,496.16,Completed
ORD_1201,CUST_548,2024-08-11,Enterprise Plan,LinkedIn,1036.97,291.98,Completed
ORD_1202,CUST_212,2024-04-05,Enterprise Plan,Google Search,126.52,25.88,Completed
ORD_1203,CUST_1141,2024-01-30,Pro Plan,Instagram,77.42,15.19,Completed
ORD_1204,CUST_439,2024-09-16,Basic Plan,TikTok,745.06,175.03,Cancelled
ORD_1205,CUST_959,2024-02-06,Pro Plan,Instagram,1083.2,177.12,Completed
ORD_1206,CUST_108,2024-07-31,Basic Plan,Instagram,1198.23,495.49,Completed
ORD_1207,CUST_1336,2024-02-06,Pro Plan,Referral,344.87,128.48,Refunded
ORD_1208,CUST_692,2024-09-06,Pro Plan,Google Search,1115.41,457.32,Cancelled
ORD_1209,CUST_539,2025-04-25,Enterprise Plan,Google Search,611.27,262.62,Completed
ORD_1210,CUST_1334,2024-02-12,Onboarding,TikTok,469.48,172.27,Completed
ORD_1211,CUST_1295,2024-02-25,Basic Plan,LinkedIn,1117.12,205.98,Refunded
ORD_1212,CUST_600,2024-04-28,Business Plan,LinkedIn,1087.36,215.24,Completed
ORD_1213,CUST_1333,2024-03-04,Basic Plan,LinkedIn,674.82,255.31,Completed
ORD_1214,CUST_883,2024-01-18,Enterprise Plan,Google Search,1037.85,380.02,Completed
ORD_1215,CUST_817,2025-02-25,Basic Plan,LinkedIn,1126.71,195.07,Completed
ORD_1216,CUST_342,2024-10-20,Onboarding,Google Search,655.59,265.71,Completed
ORD_1217,CUST_1465,2024-12-28,Business Plan,Google Search,398.37,104.26,Completed
ORD_1218,CUST_1489,2024-12-29,Basic Plan,Google Search,394.97,164.06,Completed
ORD_1219,CUST_217,2025-06-23,Basic Plan,Google Search,120.83,36.41,Completed
ORD_1220,CUST_411,2024-09-10,Pro Plan,Google Search,850.72,286.58,Cancelled
ORD_1221,CUST_267,2024-01-30,Add-on,Instagram,307.05,96.25,Completed
ORD_1222,CUST_229,2025-06-13,Add-on,LinkedIn,1033.51,384.56,Completed
ORD_1223,CUST_373,2024-03-12,Basic Plan,LinkedIn,679.88,114.58,Completed
ORD_1224,CUST_708,2025-06-23,Basic Plan,Instagram,652.13,249.75,Completed
ORD_1225,CUST_772,2025-04-24,Enterprise Plan,Partnership,192.72,36.84,Completed
ORD_1226,CUST_434,2025-04-17,Onboarding,LinkedIn,912.7,284.51,Completed
ORD_1227,CUST_486,2024-08-22,Basic Plan,LinkedIn,485.55,103.32,Completed
ORD_1228,CUST_1134,2024-06-25,Pro Plan,LinkedIn,313.41,67.74,Completed
ORD_1229,CUST_1163,2024-03-05,Basic Plan,Google Search,371.3,118.88,Refunded
ORD_1230,CUST_1187,2024-06-13,Pro Plan,LinkedIn,688.1,265.03,Completed
ORD_1231,CUST_801,2025-04-19,Onboarding,LinkedIn,819.04,322.01,Completed
ORD_1232,CUST_887,2024-10-14,Business Plan,Google Search,506.09,132.6,Refunded
ORD_1233,CUST_334,2024-04-25,Business Plan,LinkedIn,440.76,193.21,Completed
ORD_1234,CUST_1012,2024-01-23,Pro Plan,Instagram,409.13,173.43,Completed
ORD_1235,CUST_295,2025-04-18,Onboarding,Google Search,1127.31,431.19,Completed
ORD_1236,CUST_643,2024-11-05,Pro Plan,Instagram,407.67,87.57,Completed
ORD_1237,CUST_611,2024-11-29,Basic Plan,Partnership,1169.66,414.37,Completed
ORD_1238,CUST_728,2024-04-27,Business Plan,Google Search,681.5,253.96,Completed
ORD_1239,CUST_819,2025-05-21,Pro Plan,Partnership,428.14,99.74,Completed
ORD_1240,CUST_323,2024-06-17,Pro Plan,Partnership,674.41,212.02,Completed
ORD_1241,CUST_1011,2024-07-18,Basic Plan,Partnership,116.43,21.1,Completed
ORD_1242,CUST_171,2025-01-17,Basic Plan,Instagram,960.77,242.96,Completed
ORD_1243,CUST_1405,2025-04-19,Basic Plan,Partnership,113.37,17.91,Completed
ORD_1244,CUST_556,2024-08-14,Basic Plan,LinkedIn,952.2,255.07,Refunded
ORD_1245,CUST_134,2024-06-20,Premium Support,LinkedIn,542.43,170.27,Completed
ORD_1246,CUST_1063,2025-04-26,Pro Plan,Partnership,159.7,60.46,Completed
ORD_1247,CUST_427,2024-08-14,Basic Plan,Google Search,579.0,257.99,Completed
ORD_1248,CUST_903,2025-06-09,Onboarding,Partnership,533.55,83.07,Completed
ORD_1249,CUST_1033,2024-08-28,Business Plan,LinkedIn,469.51,178.37,Completed
ORD_1250,CUST_548,2024-08-11,Pro Plan,LinkedIn,210.37,77.06,Completed
ORD_1251,CUST_946,2024-07-23,Business Plan,Google Search,181.69,74.39,Completed
ORD_1252,CUST_368,2024-09-29,Onboarding,Google Search,63.58,24.79,Completed
ORD_1253,CUST_609,2025-05-08,Basic Plan,LinkedIn,482.45,84.97,Cancelled
ORD_1254,CUST_829,2024-08-09,Business Plan,LinkedIn,1049.01,316.41,Completed
ORD_1255,CUST_259,2025-06-01,Basic Plan,LinkedIn,719.63,215.93,Completed
ORD_1256,CUST_1428,2025-02-25,Basic Plan,Google Search,719.77,228.58,Completed
ORD_1257,CUST_485,2024-01-01,Basic Plan,Google Search,343.66,105.9,Completed
ORD_1258,CUST_1327,2024-08-29,Basic Plan,Google Search,350.79,151.66,Completed
ORD_1259,CUST_559,2024-06-03,Basic Plan,LinkedIn,520.65,205.49,Completed
ORD_1260,CUST_707,2025-06-26,Business Plan,LinkedIn,789.46,258.0,Completed
ORD_1261,CUST_46,2024-01-08,Add-on,Instagram,62.68,11.11,Completed
ORD_1262,CUST_396,2024-11-22,Business Plan,LinkedIn,124.14,26.19,Completed
ORD_1263,CUST_290,2025-04-10,Pro Plan,LinkedIn,1063.14,457.2,Completed
ORD_1264,CUST_710,2024-09-06,Business Plan,Partnership,925.33,349.71,Completed
ORD_1265,CUST_1227,2024-11-01,Pro Plan,LinkedIn,397.1,118.63,Completed
ORD_1266,CUST_1113,2025-06-25,Business Plan,Referral,435.58,139.93,Completed
ORD_1267,CUST_413,2024-07-10,Basic Plan,LinkedIn,799.89,285.32,Completed
ORD_1268,CUST_1462,2025-01-19,Business Plan,LinkedIn,460.55,154.24,Completed
ORD_1269,CUST_607,2025-02-04,Basic Plan,Google Search,840.97,247.5,Completed
ORD_1270,CUST_191,2025-06-10,Pro Plan,Google Search,326.21,137.02,Completed
ORD_1271,CUST_805,2024-09-18,Pro Plan,Google Search,94.57,21.03,Refunded
ORD_1272,CUST_914,2024-07-08,Pro Plan,Instagram,468.66,165.96,Completed
ORD_1273,CUST_29,2025-05-18,Pro Plan,LinkedIn,233.89,84.6,Completed
ORD_1274,CUST_954,2024-07-19,Pro Plan,Instagram,82.9,16.97,Completed
ORD_1275,CUST_899,2024-01-14,Basic Plan,LinkedIn,1022.87,349.69,Completed
ORD_1276,CUST_1324,2024-10-10,Pro Plan,Referral,1121.81,220.39,Completed
ORD_1277,CUST_1056,2024-04-26,Business Plan,Google Search,821.87,203.12,Completed
ORD_1278,CUST_240,2024-06-06,Basic Plan,Referral,1047.67,327.7,Completed
ORD_1279,CUST_1117,2025-04-24,Business Plan,LinkedIn,277.53,55.99,Completed
ORD_1280,CUST_561,2024-01-17,Pro Plan,LinkedIn,420.63,184.96,Completed
ORD_1281,CUST_328,2024-04-19,Pro Plan,Google Search,280.49,115.79,Completed
ORD_1282,CUST_233,2025-06-22,Pro Plan,LinkedIn,379.29,69.41,Completed
ORD_1283,CUST_831,2025-03-25,Business Plan,Instagram,417.29,89.99,Completed
ORD_1284,CUST_683,2025-06-09,Pro Plan,Partnership,155.81,41.12,Completed
ORD_1285,CUST_1242,2025-06-26,Pro Plan,Google Search,1085.75,203.11,Cancelled
ORD_1286,CUST_196,2024-06-07,Basic Plan,Google Search,380.84,113.52,Completed
ORD_1287,CUST_125,2025-03-12,Business Plan,Google Search,802.37,227.51,Completed
ORD_1288,CUST_121,2024-09-26,Business Plan,Google Search,1011.58,227.58,Refunded
ORD_1289,CUST_1272,2024-04-24,Basic Plan,LinkedIn,204.02,65.6,Completed
ORD_1290,CUST_927,2024-07-29,Pro Plan,LinkedIn,333.75,72.01,Completed
ORD_1291,CUST_938,2024-01-29,Pro Plan,Google Search,76.52,26.15,Refunded
ORD_1292,CUST_981,2024-10-26,Basic Plan,Google Search,47.36,10.22,Completed
ORD_1293,CUST_1469,2024-02-02,Basic Plan,Instagram,904.03,286.89,Completed
ORD_1294,CUST_1290,2024-07-18,Onboarding,Instagram,959.86,358.43,Completed
ORD_1295,CUST_1195,2024-09-01,Business Plan,Instagram,1093.68,403.21,Completed
ORD_1296,CUST_79,2025-02-14,Basic Plan,LinkedIn,346.55,87.52,Completed
ORD_1297,CUST_1343,2024-01-13,Onboarding,Google Search,233.52,79.64,Completed
ORD_1298,CUST_1271,2024-09-26,Pro Plan,TikTok,542.32,119.99,Completed
ORD_1299,CUST_1178,2024-04-26,Basic Plan,Instagram,649.21,288.82,Refunded
ORD_1300,CUST_1024,2025-03-08,Pro Plan,LinkedIn,866.61,265.29,Completed
ORD_1301,CUST_1484,2024-01-12,Pro Plan,Partnership,905.83,197.16,Completed
ORD_1302,CUST_48,2024-08-08,Basic Plan,Google Search,705.83,291.57,Completed
ORD_1303,CUST_398,2024-05-05,Enterprise Plan,Google Search,589.45,169.2,Completed
ORD_1304,CUST_835,2025-05-12,Pro Plan,LinkedIn,772.24,239.23,Completed
ORD_1305,CUST_1163,2025-03-05,Business Plan,Google Search,843.6,366.53,Completed
ORD_1306,CUST_1472,2025-06-26,Onboarding,TikTok,898.76,188.64,Completed
ORD_1307,CUST_343,2024-06-20,Business Plan,Partnership,1168.53,345.09,Cancelled
ORD_1308,CUST_828,2025-03-30,Pro Plan,Google Search,207.15,63.7,Refunded
ORD_1309,CUST_1170,2024-10-25,Basic Plan,Partnership,171.47,73.51,Completed
ORD_1310,CUST_165,2024-09-04,Pro Plan,Partnership,709.16,128.21,Completed
ORD_1311,CUST_1445,2025-03-14,Premium Support,LinkedIn,618.05,242.98,Completed
ORD_1312,CUST_889,2025-05-18,Business Plan,LinkedIn,815.1,257.04,Completed
ORD_1313,CUST_772,2024-10-18,Basic Plan,Partnership,1007.83,388.94,Refunded
ORD_1314,CUST_239,2024-11-19,Business Plan,LinkedIn,461.53,147.64,Completed
ORD_1315,CUST_1191,2025-01-01,Business Plan,Google Search,397.17,101.43,Completed
ORD_1316,CUST_1340,2024-04-07,Basic Plan,Partnership,945.74,384.79,Completed
ORD_1317,CUST_700,2025-04-25,Pro Plan,Google Search,897.25,177.46,Completed
ORD_1318,CUST_564,2024-08-17,Basic Plan,TikTok,600.71,149.65,Refunded
ORD_1319,CUST_1024,2024-12-11,Enterprise Plan,LinkedIn,603.42,229.72,Completed
ORD_1320,CUST_154,2024-12-20,Basic Plan,Google Search,1127.03,446.2,Completed
ORD_1321,CUST_151,2024-05-29,Basic Plan,LinkedIn,423.01,131.96,Completed
ORD_1322,CUST_536,2024-03-22,Basic Plan,Google Search,651.35,287.27,Cancelled
ORD_1323,CUST_311,2024-08-05,Pro Plan,Instagram,136.99,39.99,Completed
ORD_1324,CUST_1226,2024-03-09,Business Plan,Google Search,1113.06,229.06,Completed
ORD_1325,CUST_1266,2024-03-18,Basic Plan,TikTok,1197.21,271.03,Completed
ORD_1326,CUST_972,2025-02-02,Premium Support,LinkedIn,144.66,61.43,Completed
ORD_1327,CUST_95,2024-09-05,Basic Plan,LinkedIn,481.78,76.15,Completed
ORD_1328,CUST_517,2024-09-07,Business Plan,Google Search,763.37,131.18,Completed
ORD_1329,CUST_1328,2025-06-22,Enterprise Plan,LinkedIn,551.76,192.51,Completed
ORD_1330,CUST_368,2024-08-27,Pro Plan,Google Search,447.36,162.02,Completed
ORD_1331,CUST_24,2025-02-02,Enterprise Plan,LinkedIn,390.73,74.32,Completed
ORD_1332,CUST_849,2025-06-10,Basic Plan,Google Search,702.9,127.26,Completed
ORD_1333,CUST_777,2025-01-16,Basic Plan,Google Search,831.01,224.55,Completed
ORD_1334,CUST_731,2024-03-31,Premium Support,Partnership,210.42,67.73,Completed
ORD_1335,CUST_1055,2024-08-11,Pro Plan,LinkedIn,907.28,347.38,Completed
ORD_1336,CUST_132,2025-04-24,Business Plan,TikTok,546.5,152.48,Refunded
ORD_1337,CUST_722,2024-04-03,Enterprise Plan,Partnership,1088.52,429.02,Refunded
ORD_1338,CUST_348,2024-04-22,Basic Plan,Google Search,882.59,171.75,Completed
ORD_1339,CUST_1260,2024-12-06,Business Plan,Partnership,559.16,222.59,Completed
ORD_1340,CUST_1393,2024-06-08,Enterprise Plan,Event Walk-in,392.72,103.18,Completed
ORD_1341,CUST_554,2024-10-12,Basic Plan,LinkedIn,310.08,97.23,Completed
ORD_1342,CUST_993,2025-01-16,Pro Plan,LinkedIn,741.92,152.11,Completed
ORD_1343,CUST_365,2025-05-05,Pro Plan,TikTok,600.54,209.77,Completed
ORD_1344,CUST_1397,2024-04-23,Business Plan,LinkedIn,417.29,84.23,Completed
ORD_1345,CUST_1421,2024-04-04,Onboarding,LinkedIn,696.4,234.42,Completed
ORD_1346,CUST_1070,2024-04-28,Business Plan,Instagram,46.03,8.37,Completed
ORD_1347,CUST_16,2024-06-22,Business Plan,Partnership,842.99,325.69,Refunded
ORD_1348,CUST_1310,2025-05-18,Basic Plan,Google Search,414.29,95.33,Cancelled
ORD_1349,CUST_1390,2025-01-17,Onboarding,LinkedIn,63.88,22.03,Completed
ORD_1350,CUST_279,2024-04-26,Business Plan,Google Search,63.39,21.87,Completed
ORD_1351,CUST_417,2024-04-13,Premium Support,Partnership,44.15,13.62,Completed
ORD_1352,CUST_495,2025-06-04,Onboarding,Partnership,1123.42,358.94,Completed
ORD_1353,CUST_900,2024-04-18,Pro Plan,Partnership,769.43,261.9,Completed
ORD_1354,CUST_111,2024-01-19,Pro Plan,Google Search,492.52,142.69,Completed
ORD_1355,CUST_643,2024-04-11,Pro Plan,Instagram,825.08,177.54,Completed
ORD_1356,CUST_368,2024-10-10,Add-on,Google Search,720.47,200.65,Completed
ORD_1357,CUST_739,2024-09-13,Pro Plan,TikTok,457.95,140.92,Completed
ORD_1358,CUST_40,2024-01-20,Pro Plan,Referral,755.97,266.96,Completed
ORD_1359,CUST_1119,2024-01-08,Pro Plan,LinkedIn,910.32,350.8,Completed
ORD_1360,CUST_1370,2024-01-30,Basic Plan,Partnership,870.12,143.76,Completed
ORD_1361,CUST_31,2025-01-21,Business Plan,Event Walk-in,915.43,190.13,Completed
ORD_1362,CUST_1110,2024-05-25,Business Plan,Google Search,356.27,139.34,Completed
ORD_1363,CUST_725,2024-09-04,Pro Plan,Google Search,21.49,7.75,Completed
ORD_1364,CUST_496,2024-05-28,Basic Plan,LinkedIn,124.31,38.7,Refunded
ORD_1365,CUST_1362,2024-07-06,Pro Plan,Referral,298.29,63.84,Completed
ORD_1366,CUST_899,2024-03-17,Enterprise Plan,LinkedIn,78.62,29.3,Completed
ORD_1367,CUST_340,2024-05-13,Basic Plan,Partnership,730.18,316.89,Refunded
ORD_1368,CUST_150,2024-04-09,Basic Plan,Google Search,772.42,242.56,Refunded
ORD_1369,CUST_1044,2024-06-29,Basic Plan,Partnership,354.63,65.48,Completed
ORD_1370,CUST_1480,2024-08-23,Business Plan,LinkedIn,228.88,67.28,Completed
ORD_1371,CUST_411,2024-11-05,Pro Plan,Google Search,1166.73,198.49,Completed
ORD_1372,CUST_526,2024-05-25,Pro Plan,Instagram,345.52,137.92,Cancelled
ORD_1373,CUST_1038,2025-02-13,Basic Plan,Google Search,316.13,126.09,Completed
ORD_1374,CUST_1145,2024-05-18,Business Plan,LinkedIn,82.43,25.9,Completed
ORD_1375,CUST_694,2024-03-08,Basic Plan,LinkedIn,181.16,70.37,Completed
ORD_1376,CUST_1358,2025-05-22,Basic Plan,Partnership,371.52,90.16,Completed
ORD_1377,CUST_728,2025-03-26,Enterprise Plan,Google Search,170.54,34.44,Completed
ORD_1378,CUST_64,2024-08-14,Business Plan,Partnership,804.93,359.64,Completed
ORD_1379,CUST_758,2024-09-18,Basic Plan,Google Search,185.11,71.35,Completed
ORD_1380,CUST_395,2024-08-02,Pro Plan,LinkedIn,346.33,101.82,Completed
ORD_1381,CUST_678,2025-04-10,Basic Plan,Google Search,410.08,184.14,Completed
ORD_1382,CUST_439,2024-05-10,Basic Plan,TikTok,506.08,155.94,Completed
ORD_1383,CUST_663,2024-04-10,Business Plan,Partnership,1018.1,451.05,Completed
ORD_1384,CUST_1372,2025-04-24,Enterprise Plan,Partnership,616.64,180.72,Completed
ORD_1385,CUST_301,2024-08-19,Pro Plan,Referral,475.82,172.99,Completed
ORD_1386,CUST_8,2024-06-07,Basic Plan,LinkedIn,417.59,82.92,Completed
ORD_1387,CUST_760,2024-06-13,Enterprise Plan,LinkedIn,1048.03,358.29,Completed
ORD_1388,CUST_1161,2025-04-25,Pro Plan,LinkedIn,308.36,59.95,Completed
ORD_1389,CUST_740,2024-02-23,Basic Plan,Instagram,1040.6,466.75,Completed
ORD_1390,CUST_151,2025-06-16,Basic Plan,LinkedIn,255.39,83.25,Completed
ORD_1391,CUST_589,2025-01-18,Business Plan,LinkedIn,758.69,232.81,Completed
ORD_1392,CUST_807,2024-10-13,Basic Plan,Google Search,261.88,100.21,Completed
ORD_1393,CUST_333,2024-05-16,Onboarding,Google Search,136.65,52.84,Completed
ORD_1394,CUST_1074,2024-09-19,Basic Plan,Partnership,979.3,274.27,Cancelled
ORD_1395,CUST_658,2024-04-01,Premium Support,LinkedIn,1027.43,381.32,Completed
ORD_1396,CUST_255,2024-03-01,Pro Plan,Google Search,616.17,204.62,Completed
ORD_1397,CUST_1086,2024-08-16,Pro Plan,Referral,155.9,57.38,Completed
ORD_1398,CUST_637,2025-02-10,Basic Plan,LinkedIn,179.7,71.62,Completed
ORD_1399,CUST_979,2024-08-23,Business Plan,LinkedIn,626.02,275.37,Completed
ORD_1400,CUST_2,2024-03-16,Basic Plan,Google Search,961.31,206.0,Completed
ORD_1401,CUST_417,2024-01-09,Enterprise Plan,Partnership,1108.79,188.2,Completed
ORD_1402,CUST_921,2025-03-02,Business Plan,LinkedIn,968.41,213.18,Refunded
ORD_1403,CUST_948,2024-11-19,Pro Plan,LinkedIn,52.28,16.41,Completed
ORD_1404,CUST_699,2025-04-04,Business Plan,Instagram,933.81,343.12,Completed
ORD_1405,CUST_1085,2024-07-02,Basic Plan,Partnership,151.92,40.59,Completed
ORD_1406,CUST_755,2024-05-31,Pro Plan,Partnership,237.57,80.47,Completed
ORD_1407,CUST_1455,2024-12-30,Business Plan,LinkedIn,1132.94,193.01,Completed
ORD_1408,CUST_1175,2024-10-06,Pro Plan,Google Search,233.36,96.4,Refunded
ORD_1409,CUST_505,2024-01-21,Basic Plan,LinkedIn,554.23,116.26,Completed
ORD_1410,CUST_756,2024-02-09,Add-on,Google Search,291.4,124.14,Completed
ORD_1411,CUST_231,2024-10-01,Basic Plan,LinkedIn,1021.52,197.27,Cancelled
ORD_1412,CUST_884,2025-02-25,Pro Plan,Instagram,82.72,35.3,Refunded
ORD_1413,CUST_564,2024-09-10,Business Plan,TikTok,1133.24,244.3,Completed
ORD_1414,CUST_206,2025-05-08,Pro Plan,LinkedIn,1194.89,248.75,Completed
ORD_1415,CUST_97,2024-05-14,Pro Plan,Google Search,540.88,132.07,Completed
ORD_1416,CUST_914,2024-02-22,Enterprise Plan,Instagram,919.25,236.3,Cancelled
ORD_1417,CUST_723,2024-12-19,Basic Plan,Partnership,861.63,377.39,Completed
ORD_1418,CUST_223,2025-05-20,Basic Plan,Google Search,1080.62,246.29,Completed
ORD_1419,CUST_483,2024-12-28,Pro Plan,LinkedIn,205.15,32.55,Completed
ORD_1420,CUST_512,2024-02-05,Basic Plan,LinkedIn,303.13,48.52,Completed
ORD_1421,CUST_253,2024-10-31,Onboarding,Google Search,709.96,125.28,Completed
ORD_1422,CUST_1171,2025-03-30,Enterprise Plan,LinkedIn,164.17,27.49,Completed
ORD_1423,CUST_138,2025-01-05,Business Plan,LinkedIn,734.43,228.99,Completed
ORD_1424,CUST_272,2024-04-13,Basic Plan,Instagram,585.53,249.57,Completed
ORD_1425,CUST_589,2025-04-04,Business Plan,LinkedIn,263.94,112.6,Cancelled
ORD_1426,CUST_1047,2025-04-02,Basic Plan,LinkedIn,99.26,38.88,Completed
ORD_1427,CUST_350,2024-04-14,Pro Plan,Google Search,865.82,255.67,Completed
ORD_1428,CUST_1416,2025-03-21,Pro Plan,LinkedIn,91.3,19.09,Cancelled
ORD_1429,CUST_629,2025-04-27,Add-on,Google Search,519.49,121.71,Completed
ORD_1430,CUST_177,2024-06-07,Business Plan,Google Search,779.25,244.35,Cancelled
ORD_1431,CUST_242,2025-05-28,Business Plan,Instagram,1097.72,248.58,Completed
ORD_1432,CUST_788,2025-02-09,Basic Plan,Google Search,1090.65,402.69,Completed
ORD_1433,CUST_339,2024-07-18,Basic Plan,LinkedIn,381.79,148.85,Completed
ORD_1434,CUST_1463,2025-02-01,Pro Plan,Instagram,573.86,93.56,Completed
ORD_1435,CUST_515,2025-02-26,Basic Plan,LinkedIn,1005.16,369.18,Completed
ORD_1436,CUST_808,2024-03-27,Pro Plan,Google Search,483.4,82.66,Completed
ORD_1437,CUST_132,2025-03-23,Basic Plan,TikTok,781.21,333.2,Cancelled
ORD_1438,CUST_312,2024-05-19,Onboarding,Google Search,1045.34,383.62,Completed
ORD_1439,CUST_1254,2024-09-06,Basic Plan,Instagram,325.95,80.49,Completed
ORD_1440,CUST_393,2024-05-27,Basic Plan,LinkedIn,748.09,269.95,Completed
ORD_1441,CUST_763,2024-10-11,Pro Plan,Referral,672.59,211.55,Completed
ORD_1442,CUST_301,2024-09-28,Basic Plan,Referral,1088.52,322.75,Completed
ORD_1443,CUST_1275,2024-03-12,Basic Plan,Event Walk-in,548.27,82.4,Completed
ORD_1444,CUST_1234,2024-11-05,Basic Plan,Google Search,1102.61,287.9,Completed
ORD_1445,CUST_824,2024-11-01,Onboarding,Instagram,269.29,119.97,Completed
ORD_1446,CUST_1050,2024-10-13,Pro Plan,Google Search,276.22,60.62,Completed
ORD_1447,CUST_90,2024-05-03,Basic Plan,Google Search,206.0,82.63,Completed
ORD_1448,CUST_1140,2024-12-27,Basic Plan,LinkedIn,337.58,92.61,Refunded
ORD_1449,CUST_312,2024-01-11,Pro Plan,Google Search,423.89,156.95,Completed
ORD_1450,CUST_892,2024-11-07,Basic Plan,LinkedIn,1153.73,276.77,Completed
ORD_1451,CUST_1415,2024-01-10,Basic Plan,LinkedIn,1191.88,251.38,Completed
ORD_1452,CUST_17,2025-03-08,Business Plan,Google Search,67.28,16.95,Completed
ORD_1453,CUST_86,2025-05-14,Enterprise Plan,Event Walk-in,512.12,212.45,Cancelled
ORD_1454,CUST_916,2024-01-25,Basic Plan,Partnership,739.49,305.34,Completed
ORD_1455,CUST_297,2024-11-24,Business Plan,Google Search,1053.53,439.98,Completed
ORD_1456,CUST_252,2024-04-12,Basic Plan,Google Search,662.01,254.28,Completed
ORD_1457,CUST_661,2025-04-12,Basic Plan,Google Search,621.6,203.06,Refunded
ORD_1458,CUST_401,2024-07-06,Add-on,Partnership,145.32,45.02,Completed
ORD_1459,CUST_967,2024-05-06,Business Plan,LinkedIn,546.11,229.88,Refunded
ORD_1460,CUST_159,2025-02-11,Basic Plan,Instagram,130.34,29.83,Completed
ORD_1461,CUST_234,2024-02-08,Basic Plan,Instagram,946.74,293.2,Refunded
ORD_1462,CUST_105,2024-03-04,Pro Plan,LinkedIn,974.92,265.39,Refunded
ORD_1463,CUST_1185,2025-03-18,Business Plan,Partnership,318.38,57.68,Completed
ORD_1464,CUST_1438,2024-09-16,Basic Plan,LinkedIn,498.72,77.86,Completed
ORD_1465,CUST_725,2025-05-03,Add-on,Google Search,956.84,416.47,Completed
ORD_1466,CUST_825,2025-06-04,Basic Plan,Google Search,235.43,50.0,Completed
ORD_1467,CUST_891,2024-01-17,Basic Plan,TikTok,515.29,98.0,Completed
ORD_1468,CUST_1373,2024-04-12,Onboarding,LinkedIn,288.18,125.03,Refunded
ORD_1469,CUST_1213,2025-02-12,Business Plan,Google Search,949.84,388.56,Completed
ORD_1470,CUST_897,2025-03-03,Basic Plan,Instagram,615.53,216.41,Completed
ORD_1471,CUST_189,2025-01-31,Basic Plan,TikTok,429.34,83.71,Completed
ORD_1472,CUST_485,2024-09-21,Basic Plan,Google Search,1070.39,185.64,Completed
ORD_1473,CUST_634,2024-01-25,Onboarding,LinkedIn,657.35,184.29,Completed
ORD_1474,CUST_329,2024-11-06,Basic Plan,Google Search,886.74,341.15,Refunded
ORD_1475,CUST_1014,2025-04-22,Onboarding,Partnership,926.91,173.76,Completed
ORD_1476,CUST_466,2025-06-15,Basic Plan,TikTok,752.3,302.23,Refunded
ORD_1477,CUST_1189,2024-12-15,Basic Plan,Instagram,592.7,138.03,Completed
ORD_1478,CUST_1116,2024-05-19,Business Plan,LinkedIn,807.3,243.68,Completed
ORD_1479,CUST_1077,2024-04-11,Basic Plan,TikTok,742.58,207.66,Cancelled
ORD_1480,CUST_1155,2025-01-20,Pro Plan,LinkedIn,828.2,256.32,Cancelled
ORD_1481,CUST_332,2025-02-19,Enterprise Plan,LinkedIn,683.24,183.35,Completed
ORD_1482,CUST_274,2025-03-31,Basic Plan,Google Search,143.31,33.25,Completed
ORD_1483,CUST_568,2025-03-16,Enterprise Plan,Partnership,373.85,165.29,Completed
ORD_1484,CUST_882,2024-02-10,Pro Plan,Google Search,417.25,91.02,Cancelled
ORD_1485,CUST_1489,2025-06-04,Basic Plan,Google Search,517.03,147.48,Completed
ORD_1486,CUST_336,2024-05-23,Basic Plan,Event Walk-in,804.23,356.38,Completed
ORD_1487,CUST_661,2025-05-15,Pro Plan,Google Search,856.25,213.91,Cancelled
ORD_1488,CUST_336,2024-01-11,Enterprise Plan,Event Walk-in,980.92,335.24,Completed
ORD_1489,CUST_955,2024-04-24,Basic Plan,Google Search,733.1,303.42,Completed
ORD_1490,CUST_1384,2024-09-28,Basic Plan,Instagram,965.74,411.98,Refunded
ORD_1491,CUST_36,2024-10-25,Pro Plan,LinkedIn,712.07,175.68,Completed
ORD_1492,CUST_885,2024-07-29,Basic Plan,Partnership,600.93,203.62,Cancelled
ORD_1493,CUST_1445,2025-03-07,Pro Plan,LinkedIn,557.68,198.2,Completed
ORD_1494,CUST_330,2024-11-13,Basic Plan,Instagram,741.14,276.09,Completed
ORD_1495,CUST_665,2024-03-15,Pro Plan,LinkedIn,234.73,100.8,Completed
ORD_1496,CUST_555,2024-11-27,Basic Plan,Google Search,913.12,242.37,Completed
ORD_1497,CUST_211,2024-10-08,Pro Plan,LinkedIn,1139.03,255.49,Completed
ORD_1498,CUST_810,2024-05-21,Enterprise Plan,LinkedIn,986.15,153.73,Completed
ORD_1499,CUST_1048,2024-05-02,Basic Plan,Google Search,195.1,79.46,Completed
ORD_1500,CUST_667,2025-02-23,Basic Plan,LinkedIn,129.62,45.4,Completed
ORD_1501,CUST_1278,2024-06-24,Basic Plan,Google Search,591.84,200.59,Completed
ORD_1502,CUST_341,2025-05-01,Pro Plan,Partnership,589.88,128.67,Completed
ORD_1503,CUST_1199,2024-03-03,Basic Plan,LinkedIn,988.2,159.3,Completed
ORD_1504,CUST_1084,2024-09-08,Business Plan,Google Search,300.73,81.14,Completed
ORD_1505,CUST_757,2024-12-13,Business Plan,LinkedIn,158.91,41.84,Completed
ORD_1506,CUST_572,2024-03-10,Basic Plan,Instagram,531.57,156.0,Completed
ORD_1507,CUST_1189,2024-08-02,Pro Plan,Instagram,1116.45,471.54,Completed
ORD_1508,CUST_353,2025-01-24,Basic Plan,TikTok,591.89,222.06,Completed
ORD_1509,CUST_1286,2024-05-07,Basic Plan,Referral,848.37,152.33,Completed
ORD_1510,CUST_43,2024-09-15,Add-on,Partnership,1080.9,308.09,Completed
ORD_1511,CUST_445,2024-08-07,Onboarding,Google Search,606.23,216.12,Completed
ORD_1512,CUST_1051,2025-03-17,Business Plan,LinkedIn,659.87,239.73,Completed
ORD_1513,CUST_225,2025-04-08,Business Plan,LinkedIn,774.16,311.49,Completed
ORD_1514,CUST_746,2024-12-04,Business Plan,LinkedIn,506.54,135.43,Completed
ORD_1515,CUST_22,2025-02-09,Pro Plan,Partnership,947.56,286.78,Completed
ORD_1516,CUST_196,2024-01-07,Basic Plan,Google Search,659.68,117.3,Cancelled
ORD_1517,CUST_1264,2024-11-28,Basic Plan,Partnership,117.03,45.78,Completed
ORD_1518,CUST_1339,2024-01-03,Onboarding,LinkedIn,845.43,199.11,Completed
ORD_1519,CUST_988,2025-03-28,Basic Plan,Instagram,769.6,143.59,Completed
ORD_1520,CUST_645,2024-01-17,Enterprise Plan,TikTok,847.53,285.21,Completed
ORD_1521,CUST_656,2025-05-25,Basic Plan,Google Search,1041.95,349.59,Completed
ORD_1522,CUST_1388,2024-05-09,Business Plan,Instagram,399.51,123.25,Completed
ORD_1523,CUST_230,2024-07-29,Basic Plan,LinkedIn,614.53,226.93,Completed
ORD_1524,CUST_1477,2024-03-24,Basic Plan,Partnership,122.77,43.07,Completed
ORD_1525,CUST_781,2024-09-17,Basic Plan,Google Search,687.91,229.33,Completed
ORD_1526,CUST_1273,2024-12-11,Business Plan,Google Search,212.67,83.46,Completed
ORD_1527,CUST_1113,2025-01-18,Business Plan,Referral,931.94,173.83,Completed
ORD_1528,CUST_1272,2025-02-18,Pro Plan,LinkedIn,778.27,166.61,Completed
ORD_1529,CUST_1221,2025-05-27,Basic Plan,LinkedIn,347.58,73.11,Completed
ORD_1530,CUST_1305,2024-08-07,Pro Plan,Google Search,240.91,78.23,Completed
ORD_1531,CUST_569,2025-03-29,Pro Plan,Google Search,934.48,230.79,Completed
ORD_1532,CUST_877,2024-12-22,Premium Support,LinkedIn,145.56,24.11,Completed
ORD_1533,CUST_747,2024-07-03,Basic Plan,Referral,399.87,168.46,Completed
ORD_1534,CUST_362,2024-02-11,Basic Plan,LinkedIn,850.15,182.92,Completed
ORD_1535,CUST_39,2024-07-04,Basic Plan,LinkedIn,107.32,38.7,Completed
ORD_1536,CUST_155,2024-12-11,Pro Plan,TikTok,889.31,285.92,Completed
ORD_1537,CUST_656,2025-02-25,Basic Plan,Google Search,447.43,67.7,Refunded
ORD_1538,CUST_749,2024-09-14,Basic Plan,Referral,741.53,182.29,Cancelled
ORD_1539,CUST_1477,2024-06-12,Add-on,Partnership,988.89,371.86,Refunded
ORD_1540,CUST_1149,2025-01-02,Basic Plan,Google Search,1051.95,379.42,Completed
ORD_1541,CUST_120,2025-03-05,Onboarding,TikTok,1173.6,193.46,Completed
ORD_1542,CUST_75,2024-08-15,Add-on,Partnership,1178.37,186.8,Completed
ORD_1543,CUST_400,2025-05-18,Basic Plan,LinkedIn,783.01,303.08,Completed
ORD_1544,CUST_350,2025-04-14,Basic Plan,Google Search,303.57,123.15,Completed
ORD_1545,CUST_1125,2024-03-13,Basic Plan,LinkedIn,958.67,266.25,Completed
ORD_1546,CUST_1422,2024-10-31,Basic Plan,TikTok,431.52,171.39,Completed
ORD_1547,CUST_1256,2024-09-05,Business Plan,LinkedIn,865.92,369.62,Completed
ORD_1548,CUST_921,2024-08-09,Basic Plan,LinkedIn,394.35,107.78,Completed
ORD_1549,CUST_150,2025-06-06,Basic Plan,Google Search,197.71,72.54,Completed
ORD_1550,CUST_1041,2024-11-27,Basic Plan,Google Search,599.05,210.9,Completed
ORD_1551,CUST_1470,2025-03-05,Basic Plan,LinkedIn,1181.41,320.32,Completed
ORD_1552,CUST_1211,2025-03-30,Enterprise Plan,LinkedIn,760.87,278.62,Completed
ORD_1553,CUST_102,2024-01-31,Premium Support,Partnership,44.41,9.25,Completed
ORD_1554,CUST_1389,2024-01-12,Basic Plan,LinkedIn,402.87,136.61,Completed
ORD_1555,CUST_479,2025-02-22,Pro Plan,LinkedIn,438.96,101.91,Completed
ORD_1556,CUST_1064,2025-04-15,Basic Plan,LinkedIn,851.88,336.18,Completed
ORD_1557,CUST_1054,2024-01-03,Pro Plan,LinkedIn,992.58,216.11,Completed
ORD_1558,CUST_590,2024-09-12,Pro Plan,LinkedIn,364.94,115.67,Completed
ORD_1559,CUST_53,2024-07-18,Pro Plan,LinkedIn,634.47,169.99,Completed
ORD_1560,CUST_1283,2024-04-26,Enterprise Plan,LinkedIn,306.78,61.32,Completed
ORD_1561,CUST_1026,2025-05-06,Pro Plan,LinkedIn,109.16,33.81,Completed
ORD_1562,CUST_1160,2024-01-27,Enterprise Plan,LinkedIn,225.29,63.49,Completed
ORD_1563,CUST_1134,2024-02-17,Basic Plan,LinkedIn,300.95,117.17,Completed
ORD_1564,CUST_995,2024-12-21,Add-on,Partnership,791.76,160.56,Completed
ORD_1565,CUST_961,2024-11-08,Pro Plan,LinkedIn,1176.79,261.09,Completed
ORD_1566,CUST_1247,2025-04-28,Pro Plan,LinkedIn,316.79,83.22,Completed
ORD_1567,CUST_1321,2025-06-10,Pro Plan,Partnership,160.78,45.54,Completed
ORD_1568,CUST_396,2024-06-02,Enterprise Plan,LinkedIn,102.42,29.27,Completed
ORD_1569,CUST_387,2025-04-12,Basic Plan,LinkedIn,1045.77,226.82,Refunded
ORD_1570,CUST_1016,2025-06-18,Pro Plan,Instagram,506.37,146.59,Completed
ORD_1571,CUST_1191,2025-03-19,Business Plan,Google Search,500.96,163.96,Completed
ORD_1572,CUST_633,2025-05-13,Pro Plan,TikTok,743.22,286.2,Completed
ORD_1573,CUST_396,2024-08-27,Add-on,LinkedIn,1091.88,232.93,Completed
ORD_1574,CUST_395,2024-02-27,Basic Plan,LinkedIn,28.03,9.93,Completed
ORD_1575,CUST_1461,2024-04-24,Basic Plan,Google Search,138.4,56.7,Completed
ORD_1576,CUST_970,2024-03-19,Basic Plan,Referral,710.09,273.71,Completed
ORD_1577,CUST_556,2024-06-23,Basic Plan,LinkedIn,938.89,314.33,Completed
ORD_1578,CUST_1314,2024-04-11,Basic Plan,Google Search,93.96,36.33,Completed
ORD_1579,CUST_264,2024-07-18,Onboarding,LinkedIn,427.98,164.72,Completed
ORD_1580,CUST_944,2025-04-25,Business Plan,Partnership,937.76,204.88,Completed
ORD_1581,CUST_1357,2024-08-13,Basic Plan,Google Search,1020.36,205.72,Completed
ORD_1582,CUST_860,2025-04-15,Business Plan,Partnership,445.69,100.48,Completed
ORD_1583,CUST_63,2024-10-24,Pro Plan,Google Search,54.13,10.4,Completed
ORD_1584,CUST_169,2025-05-30,Business Plan,LinkedIn,234.31,99.7,Completed
ORD_1585,CUST_1486,2024-01-09,Basic Plan,Partnership,198.68,39.4,Completed
ORD_1586,CUST_310,2024-10-19,Enterprise Plan,Instagram,951.12,352.24,Completed
ORD_1587,CUST_1022,2024-08-08,Basic Plan,Google Search,547.0,123.07,Completed
ORD_1588,CUST_1203,2024-03-18,Pro Plan,Partnership,833.2,277.72,Completed
ORD_1589,CUST_463,2024-06-19,Business Plan,Google Search,84.73,37.09,Completed
ORD_1590,CUST_328,2025-03-19,Add-on,Google Search,829.18,290.77,Completed
ORD_1591,CUST_364,2025-04-14,Pro Plan,Partnership,168.29,32.49,Completed
ORD_1592,CUST_320,2024-04-08,Basic Plan,LinkedIn,999.98,232.98,Completed
ORD_1593,CUST_1139,2024-08-13,Pro Plan,LinkedIn,937.27,186.6,Completed
ORD_1594,CUST_1213,2025-03-08,Business Plan,Google Search,1047.55,299.79,Refunded
ORD_1595,CUST_83,2025-05-11,Basic Plan,LinkedIn,593.94,107.25,Completed
ORD_1596,CUST_712,2024-03-06,Basic Plan,Partnership,502.8,178.01,Cancelled
ORD_1597,CUST_375,2024-11-21,Basic Plan,Partnership,421.03,73.7,Completed
ORD_1598,CUST_624,2024-03-04,Business Plan,LinkedIn,434.64,91.06,Refunded
ORD_1599,CUST_836,2024-08-21,Premium Support,Instagram,277.03,52.65,Completed
ORD_1600,CUST_246,2024-03-16,Enterprise Plan,Google Search,75.66,25.41,Completed
ORD_1601,CUST_132,2025-06-13,Basic Plan,TikTok,970.05,423.96,Completed
ORD_1602,CUST_1292,2024-02-13,Business Plan,Referral,194.69,52.64,Completed
ORD_1603,CUST_160,2025-01-24,Basic Plan,LinkedIn,316.15,75.73,Cancelled
ORD_1604,CUST_870,2025-04-21,Business Plan,Referral,164.28,59.16,Refunded
ORD_1605,CUST_1304,2024-10-26,Basic Plan,Google Search,128.97,23.14,Completed
ORD_1606,CUST_720,2024-03-19,Basic Plan,Google Search,718.69,221.68,Completed
ORD_1607,CUST_1063,2025-06-09,Business Plan,Partnership,43.5,9.47,Refunded
ORD_1608,CUST_1315,2025-01-13,Business Plan,Google Search,1199.39,278.27,Refunded
ORD_1609,CUST_65,2025-01-11,Basic Plan,Instagram,483.54,113.32,Completed
ORD_1610,CUST_787,2024-07-07,Onboarding,Google Search,311.51,111.23,Completed
ORD_1611,CUST_195,2025-01-07,Basic Plan,Google Search,132.91,28.29,Completed
ORD_1612,CUST_920,2024-05-27,Business Plan,Google Search,711.94,191.05,Refunded
ORD_1613,CUST_790,2024-05-11,Basic Plan,LinkedIn,357.05,108.27,Completed
ORD_1614,CUST_708,2025-02-14,Pro Plan,Instagram,231.94,66.96,Completed
ORD_1615,CUST_705,2024-02-27,Onboarding,LinkedIn,1077.4,190.81,Completed
ORD_1616,CUST_17,2024-12-13,Basic Plan,Google Search,299.95,102.55,Completed
ORD_1617,CUST_451,2024-07-13,Business Plan,Instagram,520.93,124.73,Completed
ORD_1618,CUST_250,2025-02-18,Onboarding,Instagram,830.21,236.26,Completed
ORD_1619,CUST_25,2024-06-14,Business Plan,Google Search,301.45,59.58,Completed
ORD_1620,CUST_172,2024-12-31,Enterprise Plan,Instagram,329.93,76.3,Completed
ORD_1621,CUST_1050,2025-06-12,Basic Plan,Google Search,718.79,249.76,Completed
ORD_1622,CUST_1163,2025-04-04,Basic Plan,Google Search,535.1,103.59,Completed
ORD_1623,CUST_973,2024-06-21,Pro Plan,LinkedIn,991.51,154.25,Completed
ORD_1624,CUST_959,2025-04-09,Basic Plan,Instagram,85.51,25.03,Completed
ORD_1625,CUST_411,2024-10-27,Basic Plan,Google Search,1197.58,425.33,Completed
ORD_1626,CUST_161,2025-06-12,Business Plan,Instagram,922.62,299.71,Completed
ORD_1627,CUST_1338,2024-11-17,Pro Plan,LinkedIn,60.31,26.35,Completed
ORD_1628,CUST_1372,2024-04-24,Add-on,Partnership,287.47,77.32,Completed
ORD_1629,CUST_157,2024-03-27,Business Plan,LinkedIn,1127.03,461.24,Completed
ORD_1630,CUST_705,2024-11-30,Pro Plan,LinkedIn,1132.31,174.87,Completed
ORD_1631,CUST_994,2024-02-01,Business Plan,Event Walk-in,701.78,276.17,Completed
ORD_1632,CUST_1398,2024-08-11,Basic Plan,LinkedIn,863.94,245.69,Completed
ORD_1633,CUST_804,2024-09-21,Basic Plan,LinkedIn,665.11,254.85,Refunded
ORD_1634,CUST_835,2025-02-11,Basic Plan,LinkedIn,152.34,33.57,Completed
ORD_1635,CUST_1331,2024-04-23,Add-on,Google Search,852.5,200.03,Completed
ORD_1636,CUST_293,2024-03-30,Add-on,Google Search,246.95,59.64,Completed
ORD_1637,CUST_1047,2025-03-14,Basic Plan,LinkedIn,1166.89,195.22,Refunded
ORD_1638,CUST_1428,2025-03-25,Pro Plan,Google Search,311.87,73.58,Completed
ORD_1639,CUST_596,2025-04-11,Pro Plan,LinkedIn,635.77,131.46,Completed
ORD_1640,CUST_1165,2024-10-03,Pro Plan,LinkedIn,1088.4,221.78,Completed
ORD_1641,CUST_1078,2024-11-08,Enterprise Plan,LinkedIn,150.31,35.37,Completed
ORD_1642,CUST_706,2025-04-30,Business Plan,LinkedIn,217.36,73.32,Completed
ORD_1643,CUST_1100,2024-05-07,Basic Plan,Referral,605.14,257.14,Completed
ORD_1644,CUST_1003,2025-01-23,Basic Plan,TikTok,403.41,152.2,Completed
ORD_1645,CUST_357,2024-01-19,Pro Plan,Google Search,749.71,218.12,Refunded
ORD_1646,CUST_115,2024-09-10,Pro Plan,Event Walk-in,192.89,41.52,Completed
ORD_1647,CUST_1404,2024-11-02,Pro Plan,Google Search,531.72,127.3,Completed
ORD_1648,CUST_1210,2024-12-11,Pro Plan,Referral,337.47,83.61,Completed
ORD_1649,CUST_767,2025-01-04,Business Plan,Google Search,376.23,97.63,Completed
ORD_1650,CUST_847,2024-02-26,Enterprise Plan,TikTok,1159.46,242.01,Completed
ORD_1651,CUST_956,2024-05-17,Pro Plan,Google Search,551.57,82.75,Refunded
ORD_1652,CUST_163,2024-03-01,Business Plan,Partnership,84.27,33.27,Completed
ORD_1653,CUST_189,2024-09-28,Enterprise Plan,TikTok,1157.05,218.26,Completed
ORD_1654,CUST_233,2024-03-19,Pro Plan,LinkedIn,478.41,140.66,Completed
ORD_1655,CUST_1206,2024-04-11,Add-on,LinkedIn,144.45,41.02,Completed
ORD_1656,CUST_221,2024-11-14,Business Plan,Instagram,414.05,64.6,Completed
ORD_1657,CUST_415,2025-02-02,Pro Plan,LinkedIn,368.61,154.79,Completed
ORD_1658,CUST_809,2024-03-03,Business Plan,LinkedIn,642.12,107.25,Completed
ORD_1659,CUST_771,2024-06-20,Business Plan,Google Search,518.76,129.53,Completed
ORD_1660,CUST_396,2025-05-27,Premium Support,LinkedIn,1023.14,426.39,Completed
ORD_1661,CUST_861,2025-03-30,Enterprise Plan,LinkedIn,866.31,285.52,Completed
ORD_1662,CUST_985,2024-01-24,Business Plan,Partnership,691.48,264.26,Completed
ORD_1663,CUST_200,2024-04-18,Business Plan,TikTok,987.87,182.12,Completed
ORD_1664,CUST_348,2024-05-13,Pro Plan,Google Search,1099.58,342.37,Completed
ORD_1665,CUST_357,2024-06-20,Business Plan,Google Search,527.98,112.49,Completed
ORD_1666,CUST_40,2024-03-26,Onboarding,Referral,427.74,104.57,Refunded
ORD_1667,CUST_630,2025-02-13,Basic Plan,LinkedIn,453.32,176.65,Cancelled
ORD_1668,CUST_515,2024-09-29,Pro Plan,LinkedIn,347.4,141.89,Completed
ORD_1669,CUST_279,2025-05-23,Pro Plan,Google Search,194.23,73.68,Completed
ORD_1670,CUST_276,2024-05-24,Basic Plan,Google Search,503.29,170.8,Completed
ORD_1671,CUST_577,2024-10-21,Basic Plan,Google Search,113.53,20.61,Refunded
ORD_1672,CUST_628,2024-06-02,Add-on,Instagram,1010.45,405.94,Completed
ORD_1673,CUST_1104,2024-11-18,Basic Plan,Partnership,905.56,170.65,Completed
ORD_1674,CUST_1305,2024-01-28,Basic Plan,Google Search,327.83,102.69,Completed
ORD_1675,CUST_565,2024-06-24,Basic Plan,LinkedIn,938.26,393.43,Completed
ORD_1676,CUST_267,2024-06-11,Basic Plan,Instagram,716.82,186.17,Cancelled
ORD_1677,CUST_1050,2025-02-27,Pro Plan,Google Search,723.41,229.61,Completed
ORD_1678,CUST_88,2025-05-09,Pro Plan,LinkedIn,1130.39,424.9,Completed
ORD_1679,CUST_1028,2025-01-20,Onboarding,LinkedIn,546.24,90.79,Cancelled
ORD_1680,CUST_354,2024-06-11,Business Plan,Google Search,749.68,291.98,Completed
ORD_1681,CUST_130,2025-06-14,Business Plan,TikTok,822.07,256.8,Refunded
ORD_1682,CUST_1190,2024-01-06,Basic Plan,LinkedIn,805.73,299.85,Completed
ORD_1683,CUST_213,2025-05-16,Pro Plan,Google Search,893.67,202.52,Completed
ORD_1684,CUST_102,2024-01-22,Business Plan,Partnership,409.95,144.96,Completed
ORD_1685,CUST_228,2025-05-28,Basic Plan,Instagram,1088.25,176.14,Refunded
ORD_1686,CUST_1163,2024-04-29,Add-on,Google Search,843.68,302.14,Completed
ORD_1687,CUST_1006,2024-06-30,Enterprise Plan,Partnership,166.59,29.2,Completed
ORD_1688,CUST_398,2025-06-12,Business Plan,Google Search,1002.29,262.2,Completed
ORD_1689,CUST_411,2025-05-21,Business Plan,Google Search,482.79,150.92,Completed
ORD_1690,CUST_336,2024-06-08,Enterprise Plan,Event Walk-in,942.83,262.02,Completed
ORD_1691,CUST_972,2024-01-18,Business Plan,LinkedIn,90.05,27.65,Cancelled
ORD_1692,CUST_1314,2025-03-05,Add-on,Google Search,107.22,33.94,Completed
ORD_1693,CUST_356,2024-02-21,Basic Plan,Google Search,1009.64,185.68,Completed
ORD_1694,CUST_26,2024-01-01,Add-on,Google Search,173.91,56.36,Completed
ORD_1695,CUST_305,2025-04-03,Pro Plan,LinkedIn,879.88,361.25,Completed
ORD_1696,CUST_757,2025-03-04,Business Plan,LinkedIn,212.35,69.26,Completed
ORD_1697,CUST_291,2025-03-19,Pro Plan,Instagram,1065.7,392.56,Completed
ORD_1698,CUST_397,2024-06-10,Basic Plan,LinkedIn,270.91,58.55,Completed
ORD_1699,CUST_1238,2024-05-22,Business Plan,Instagram,984.35,176.6,Completed
ORD_1700,CUST_1097,2024-07-05,Business Plan,Google Search,340.14,98.14,Cancelled
ORD_1701,CUST_457,2025-05-03,Pro Plan,LinkedIn,29.35,13.2,Completed
ORD_1702,CUST_642,2024-02-17,Pro Plan,Google Search,1172.28,450.88,Cancelled
ORD_1703,CUST_1068,2024-02-12,Enterprise Plan,Partnership,687.11,146.7,Refunded
ORD_1704,CUST_1126,2024-03-16,Pro Plan,Google Search,1087.54,337.52,Completed
ORD_1705,CUST_660,2025-01-28,Basic Plan,LinkedIn,784.29,346.73,Completed
ORD_1706,CUST_965,2024-12-10,Basic Plan,Google Search,1077.48,203.18,Cancelled
ORD_1707,CUST_912,2024-11-16,Add-on,Instagram,1088.09,215.93,Refunded
ORD_1708,CUST_1060,2024-04-18,Onboarding,LinkedIn,573.73,114.45,Completed
ORD_1709,CUST_930,2024-03-09,Pro Plan,Partnership,1013.41,380.22,Completed
ORD_1710,CUST_1415,2024-02-08,Add-on,LinkedIn,992.79,228.88,Completed
ORD_1711,CUST_1169,2024-09-01,Enterprise Plan,Partnership,1160.71,387.24,Completed
ORD_1712,CUST_365,2024-11-27,Pro Plan,TikTok,561.34,198.74,Cancelled
ORD_1713,CUST_546,2024-01-14,Basic Plan,LinkedIn,944.75,252.05,Completed
ORD_1714,CUST_495,2024-04-07,Basic Plan,Partnership,918.13,387.92,Completed
ORD_1715,CUST_307,2025-01-29,Business Plan,LinkedIn,545.91,154.66,Completed
ORD_1716,CUST_760,2025-01-26,Business Plan,LinkedIn,438.06,161.98,Completed
ORD_1717,CUST_673,2025-01-19,Basic Plan,Instagram,90.0,32.89,Completed
ORD_1718,CUST_638,2024-02-23,Basic Plan,LinkedIn,1069.85,369.57,Completed
ORD_1719,CUST_1310,2024-08-06,Basic Plan,Google Search,664.94,122.15,Completed
ORD_1720,CUST_916,2024-07-20,Basic Plan,Partnership,218.31,40.09,Completed
ORD_1721,CUST_18,2024-03-10,Basic Plan,LinkedIn,512.67,107.72,Completed
ORD_1722,CUST_1300,2024-04-11,Business Plan,Google Search,531.72,87.07,Completed
ORD_1723,CUST_155,2025-06-17,Pro Plan,TikTok,502.51,128.1,Completed
ORD_1724,CUST_235,2024-11-20,Business Plan,LinkedIn,672.92,260.85,Completed
ORD_1725,CUST_1430,2024-10-12,Basic Plan,Google Search,841.65,171.92,Completed
ORD_1726,CUST_365,2024-08-27,Basic Plan,TikTok,37.34,8.48,Refunded
ORD_1727,CUST_662,2024-08-14,Basic Plan,Partnership,745.75,285.24,Completed
ORD_1728,CUST_1327,2024-01-08,Pro Plan,Google Search,1184.59,304.74,Refunded
ORD_1729,CUST_203,2025-03-13,Business Plan,Instagram,1131.57,440.34,Completed
ORD_1730,CUST_420,2024-11-09,Pro Plan,LinkedIn,1060.81,296.47,Completed
ORD_1731,CUST_430,2024-01-18,Basic Plan,LinkedIn,45.76,19.64,Cancelled
ORD_1732,CUST_887,2025-01-07,Pro Plan,Google Search,632.94,246.73,Completed
ORD_1733,CUST_669,2024-09-19,Pro Plan,Google Search,95.19,14.68,Refunded
ORD_1734,CUST_1241,2024-06-12,Pro Plan,Google Search,49.09,17.0,Completed
ORD_1735,CUST_758,2025-05-22,Business Plan,Google Search,733.36,212.18,Completed
ORD_1736,CUST_407,2024-07-17,Business Plan,Instagram,48.41,9.02,Completed
ORD_1737,CUST_301,2025-01-25,Basic Plan,Referral,1090.25,238.53,Completed
ORD_1738,CUST_199,2024-06-07,Add-on,Google Search,90.16,26.47,Completed
ORD_1739,CUST_61,2025-01-19,Pro Plan,Google Search,265.15,117.4,Completed
ORD_1740,CUST_413,2024-05-16,Business Plan,LinkedIn,122.71,47.83,Refunded
ORD_1741,CUST_629,2024-08-04,Onboarding,Google Search,50.76,15.67,Completed
ORD_1742,CUST_1047,2024-08-27,Basic Plan,LinkedIn,1162.84,460.9,Refunded
ORD_1743,CUST_253,2024-05-28,Enterprise Plan,Google Search,668.66,270.21,Completed
ORD_1744,CUST_777,2024-07-16,Business Plan,Google Search,310.69,115.53,Completed
ORD_1745,CUST_1415,2024-01-07,Enterprise Plan,LinkedIn,494.36,140.08,Refunded
ORD_1746,CUST_216,2024-09-09,Basic Plan,Google Search,551.77,147.1,Completed
ORD_1747,CUST_84,2024-07-03,Business Plan,Partnership,750.73,323.24,Cancelled
ORD_1748,CUST_787,2025-04-12,Enterprise Plan,Google Search,98.81,37.1,Completed
ORD_1749,CUST_1500,2025-04-24,Pro Plan,Google Search,66.53,28.59,Completed
ORD_1750,CUST_1379,2025-03-07,Pro Plan,Referral,200.51,48.48,Completed
ORD_1751,CUST_185,2024-12-14,Business Plan,LinkedIn,987.43,394.58,Completed
ORD_1752,CUST_81,2024-01-22,Basic Plan,TikTok,569.96,104.06,Completed
ORD_1753,CUST_922,2025-06-28,Basic Plan,Partnership,887.69,325.89,Completed
ORD_1754,CUST_705,2025-02-19,Basic Plan,LinkedIn,618.11,152.08,Completed
ORD_1755,CUST_3,2024-05-04,Pro Plan,Instagram,592.59,151.78,Completed
ORD_1756,CUST_492,2025-06-12,Basic Plan,Instagram,742.44,126.85,Completed
ORD_1757,CUST_86,2024-07-09,Business Plan,Event Walk-in,438.01,66.32,Completed
ORD_1758,CUST_1388,2024-05-10,Business Plan,Instagram,1005.67,362.68,Completed
ORD_1759,CUST_230,2024-11-12,Business Plan,LinkedIn,236.68,103.11,Completed
ORD_1760,CUST_1009,2024-03-30,Pro Plan,Google Search,1177.18,260.62,Completed
ORD_1761,CUST_1155,2025-01-26,Onboarding,LinkedIn,136.53,45.19,Cancelled
ORD_1762,CUST_767,2025-03-17,Add-on,Google Search,484.5,181.44,Completed
ORD_1763,CUST_875,2024-11-26,Pro Plan,Referral,562.18,218.41,Completed
ORD_1764,CUST_778,2025-02-20,Business Plan,Google Search,639.09,105.54,Completed
ORD_1765,CUST_212,2024-09-06,Pro Plan,Google Search,205.79,36.41,Completed
ORD_1766,CUST_826,2024-03-07,Basic Plan,LinkedIn,537.41,96.31,Refunded
ORD_1767,CUST_82,2025-02-24,Basic Plan,Instagram,1158.92,353.8,Completed
ORD_1768,CUST_1160,2024-11-04,Basic Plan,LinkedIn,726.17,176.54,Completed
ORD_1769,CUST_548,2024-06-03,Onboarding,LinkedIn,215.35,47.0,Completed
ORD_1770,CUST_1310,2024-12-01,Business Plan,Google Search,1000.65,345.06,Cancelled
ORD_1771,CUST_452,2024-05-24,Pro Plan,LinkedIn,387.14,170.84,Completed
ORD_1772,CUST_303,2025-01-26,Basic Plan,LinkedIn,888.98,229.05,Completed
ORD_1773,CUST_310,2025-03-25,Pro Plan,Instagram,360.64,128.75,Completed
ORD_1774,CUST_865,2024-08-19,Onboarding,LinkedIn,1042.68,405.65,Completed
ORD_1775,CUST_469,2024-08-11,Enterprise Plan,LinkedIn,898.26,218.34,Completed
ORD_1776,CUST_240,2025-01-08,Pro Plan,Referral,952.26,241.7,Completed
ORD_1777,CUST_742,2024-06-20,Pro Plan,LinkedIn,454.98,106.9,Completed
ORD_1778,CUST_543,2024-07-24,Pro Plan,Referral,225.65,93.44,Completed
ORD_1779,CUST_481,2024-10-30,Pro Plan,Google Search,1015.38,404.12,Cancelled
ORD_1780,CUST_1077,2024-01-29,Business Plan,TikTok,768.76,179.85,Completed
ORD_1781,CUST_633,2024-03-20,Basic Plan,TikTok,610.69,154.02,Completed
ORD_1782,CUST_538,2024-09-11,Basic Plan,Partnership,391.69,126.96,Completed
ORD_1783,CUST_613,2024-06-27,Onboarding,LinkedIn,782.44,186.85,Completed
ORD_1784,CUST_899,2024-04-10,Basic Plan,LinkedIn,411.86,83.59,Completed
ORD_1785,CUST_321,2024-12-18,Add-on,LinkedIn,506.87,96.8,Completed
ORD_1786,CUST_778,2024-02-23,Basic Plan,Google Search,1110.83,215.74,Completed
ORD_1787,CUST_768,2024-08-22,Business Plan,TikTok,807.3,313.34,Completed
ORD_1788,CUST_370,2025-05-24,Enterprise Plan,LinkedIn,473.91,210.45,Refunded
ORD_1789,CUST_490,2025-02-24,Onboarding,LinkedIn,500.71,122.12,Refunded
ORD_1790,CUST_105,2024-11-05,Basic Plan,LinkedIn,121.52,30.92,Completed
ORD_1791,CUST_15,2024-03-03,Basic Plan,Google Search,288.44,105.62,Completed
ORD_1792,CUST_1349,2025-06-13,Pro Plan,TikTok,268.33,81.43,Completed
ORD_1793,CUST_560,2024-08-27,Basic Plan,Partnership,674.61,242.07,Cancelled
ORD_1794,CUST_833,2024-04-03,Pro Plan,LinkedIn,992.74,347.2,Refunded
ORD_1795,CUST_1479,2024-07-17,Business Plan,Partnership,274.19,95.73,Cancelled
ORD_1796,CUST_400,2024-03-22,Premium Support,LinkedIn,89.84,29.99,Completed
ORD_1797,CUST_1227,2024-03-29,Pro Plan,LinkedIn,79.85,16.56,Completed
ORD_1798,CUST_1284,2024-08-08,Business Plan,LinkedIn,991.56,154.96,Completed
ORD_1799,CUST_1447,2025-01-01,Basic Plan,LinkedIn,301.29,52.23,Completed
ORD_1800,CUST_639,2025-06-03,Pro Plan,LinkedIn,737.4,223.2,Completed
ORD_1801,CUST_1174,2025-01-08,Pro Plan,Event Walk-in,303.26,50.03,Refunded
ORD_1802,CUST_315,2025-05-20,Basic Plan,Referral,806.67,245.31,Completed
ORD_1803,CUST_716,2024-12-21,Basic Plan,TikTok,780.25,203.76,Completed
ORD_1804,CUST_187,2025-02-08,Business Plan,LinkedIn,85.44,18.69,Completed
ORD_1805,CUST_586,2024-08-13,Pro Plan,Google Search,220.0,33.28,Completed
ORD_1806,CUST_215,2024-05-18,Basic Plan,Partnership,1057.02,401.14,Completed
ORD_1807,CUST_1183,2024-02-21,Pro Plan,LinkedIn,286.51,81.21,Completed
ORD_1808,CUST_1000,2024-09-04,Business Plan,LinkedIn,927.01,143.16,Completed
ORD_1809,CUST_760,2025-05-06,Basic Plan,LinkedIn,390.55,165.92,Cancelled
ORD_1810,CUST_1441,2024-02-29,Add-on,Instagram,559.2,123.73,Completed
ORD_1811,CUST_1101,2024-09-30,Basic Plan,Google Search,803.53,335.37,Completed
ORD_1812,CUST_306,2024-10-05,Business Plan,LinkedIn,613.05,243.05,Completed
ORD_1813,CUST_470,2025-01-08,Pro Plan,Partnership,399.05,173.14,Refunded
ORD_1814,CUST_566,2025-02-16,Pro Plan,Google Search,52.2,18.17,Completed
ORD_1815,CUST_1274,2024-08-29,Basic Plan,Google Search,195.04,41.33,Refunded
ORD_1816,CUST_242,2024-07-14,Basic Plan,Instagram,511.88,183.39,Completed
ORD_1817,CUST_510,2024-03-14,Business Plan,Partnership,829.57,240.78,Completed
ORD_1818,CUST_1120,2024-07-16,Basic Plan,LinkedIn,802.73,237.2,Completed
ORD_1819,CUST_1358,2024-05-31,Basic Plan,Partnership,666.0,217.87,Completed
ORD_1820,CUST_924,2025-01-29,Business Plan,Event Walk-in,430.09,121.86,Completed
ORD_1821,CUST_1500,2024-10-12,Basic Plan,Google Search,660.54,123.79,Completed
ORD_1822,CUST_944,2025-03-14,Basic Plan,Partnership,679.22,146.15,Refunded
ORD_1823,CUST_425,2024-02-12,Basic Plan,Referral,457.52,128.47,Refunded
ORD_1824,CUST_795,2025-03-21,Basic Plan,LinkedIn,277.37,59.26,Completed
ORD_1825,CUST_72,2025-01-06,Pro Plan,Google Search,99.02,25.63,Completed
ORD_1826,CUST_347,2025-05-28,Business Plan,Google Search,208.4,47.66,Refunded
ORD_1827,CUST_194,2024-03-29,Pro Plan,LinkedIn,231.59,95.34,Completed
ORD_1828,CUST_243,2024-08-02,Basic Plan,Event Walk-in,1052.26,453.69,Completed
ORD_1829,CUST_912,2024-02-16,Pro Plan,Instagram,341.39,135.92,Completed
ORD_1830,CUST_929,2024-02-21,Pro Plan,Google Search,1042.8,214.77,Completed
ORD_1831,CUST_776,2024-07-16,Basic Plan,LinkedIn,365.82,79.36,Completed
ORD_1832,CUST_1231,2025-05-01,Basic Plan,LinkedIn,789.33,349.54,Completed
ORD_1833,CUST_1266,2025-06-30,Add-on,TikTok,152.28,60.76,Completed
ORD_1834,CUST_410,2024-06-19,Onboarding,Google Search,1130.35,300.31,Completed
ORD_1835,CUST_46,2024-05-03,Basic Plan,Instagram,134.18,57.83,Completed
ORD_1836,CUST_371,2025-02-17,Basic Plan,Instagram,53.42,12.56,Completed
ORD_1837,CUST_264,2024-10-28,Basic Plan,LinkedIn,422.76,122.92,Completed
ORD_1838,CUST_929,2024-01-13,Add-on,Google Search,380.62,84.06,Completed
ORD_1839,CUST_557,2024-12-24,Basic Plan,Instagram,478.14,198.84,Completed
ORD_1840,CUST_912,2025-04-08,Basic Plan,Instagram,883.16,157.86,Completed
ORD_1841,CUST_362,2024-02-11,Basic Plan,LinkedIn,1130.26,252.79,Completed
ORD_1842,CUST_491,2025-01-26,Business Plan,LinkedIn,242.36,64.04,Completed
ORD_1843,CUST_216,2024-02-03,Enterprise Plan,Google Search,903.09,221.98,Completed
ORD_1844,CUST_277,2024-01-30,Pro Plan,Google Search,342.91,142.02,Completed
ORD_1845,CUST_598,2024-01-25,Basic Plan,LinkedIn,750.17,227.33,Completed
ORD_1846,CUST_1422,2024-04-28,Business Plan,TikTok,394.1,78.41,Completed
ORD_1847,CUST_270,2025-01-28,Add-on,LinkedIn,20.43,3.55,Cancelled
ORD_1848,CUST_1119,2024-11-04,Enterprise Plan,LinkedIn,165.1,54.37,Refunded
ORD_1849,CUST_274,2024-06-07,Pro Plan,Google Search,499.27,129.66,Completed
ORD_1850,CUST_1293,2025-06-23,Basic Plan,LinkedIn,981.02,185.5,Cancelled
ORD_1851,CUST_174,2025-02-27,Premium Support,LinkedIn,510.3,168.54,Completed
ORD_1852,CUST_378,2024-03-22,Onboarding,LinkedIn,1185.48,389.53,Completed
ORD_1853,CUST_516,2025-04-03,Add-on,Partnership,1066.94,260.09,Completed
ORD_1854,CUST_1004,2025-01-27,Basic Plan,LinkedIn,425.04,66.12,Completed
ORD_1855,CUST_66,2024-01-21,Basic Plan,LinkedIn,740.18,145.17,Completed
ORD_1856,CUST_28,2024-08-04,Pro Plan,LinkedIn,332.3,75.62,Completed
ORD_1857,CUST_63,2024-05-19,Basic Plan,Google Search,932.05,214.71,Completed
ORD_1858,CUST_1055,2024-11-26,Add-on,LinkedIn,50.41,8.45,Completed
ORD_1859,CUST_1102,2025-06-25,Pro Plan,Google Search,345.01,72.63,Cancelled
ORD_1860,CUST_1208,2024-07-23,Pro Plan,LinkedIn,348.64,103.03,Cancelled
ORD_1861,CUST_734,2025-04-10,Basic Plan,Google Search,791.67,265.44,Completed
ORD_1862,CUST_1129,2024-07-12,Basic Plan,LinkedIn,496.22,151.1,Completed
ORD_1863,CUST_393,2024-12-17,Basic Plan,LinkedIn,970.81,302.14,Completed
ORD_1864,CUST_1406,2024-02-26,Pro Plan,Google Search,902.35,158.65,Completed
ORD_1865,CUST_201,2025-03-10,Add-on,Google Search,357.94,103.07,Completed
ORD_1866,CUST_931,2024-06-30,Basic Plan,Partnership,320.55,98.63,Completed
ORD_1867,CUST_544,2024-06-24,Onboarding,LinkedIn,450.43,165.96,Cancelled
ORD_1868,CUST_583,2025-03-31,Business Plan,Instagram,588.7,235.08,Completed
ORD_1869,CUST_981,2024-11-18,Pro Plan,Google Search,208.7,76.25,Completed
ORD_1870,CUST_1095,2025-03-19,Basic Plan,Google Search,537.1,93.34,Completed
ORD_1871,CUST_920,2024-03-15,Business Plan,Google Search,642.27,221.98,Completed
ORD_1872,CUST_506,2024-02-25,Enterprise Plan,Google Search,212.63,78.89,Cancelled
ORD_1873,CUST_147,2024-05-18,Business Plan,LinkedIn,525.13,153.39,Completed
ORD_1874,CUST_48,2024-11-24,Business Plan,Google Search,1081.99,483.67,Completed
ORD_1875,CUST_808,2025-04-03,Pro Plan,Google Search,457.13,158.52,Completed
ORD_1876,CUST_1063,2025-01-30,Basic Plan,Partnership,154.2,48.5,Cancelled
ORD_1877,CUST_887,2024-06-23,Business Plan,Google Search,972.85,177.51,Completed
ORD_1878,CUST_384,2024-06-06,Basic Plan,Partnership,349.67,150.9,Completed
ORD_1879,CUST_1124,2025-03-22,Enterprise Plan,LinkedIn,787.37,344.36,Completed
ORD_1880,CUST_95,2024-03-29,Onboarding,LinkedIn,154.35,33.9,Completed
ORD_1881,CUST_1198,2025-05-26,Enterprise Plan,LinkedIn,141.78,32.18,Completed
ORD_1882,CUST_1052,2025-06-12,Business Plan,Partnership,913.14,378.3,Completed
ORD_1883,CUST_76,2024-08-03,Business Plan,LinkedIn,847.09,235.81,Completed
ORD_1884,CUST_41,2025-04-03,Pro Plan,LinkedIn,626.37,280.42,Completed
ORD_1885,CUST_314,2024-03-21,Basic Plan,Google Search,275.78,48.94,Completed
ORD_1886,CUST_450,2024-03-23,Business Plan,Google Search,1132.44,273.83,Refunded
ORD_1887,CUST_184,2024-12-09,Business Plan,LinkedIn,1009.59,334.3,Completed
ORD_1888,CUST_187,2025-06-03,Basic Plan,LinkedIn,810.19,229.06,Completed
ORD_1889,CUST_652,2024-08-15,Enterprise Plan,LinkedIn,808.2,302.2,Completed
ORD_1890,CUST_347,2024-06-21,Pro Plan,Google Search,63.51,23.59,Cancelled
ORD_1891,CUST_60,2024-11-19,Basic Plan,Google Search,940.62,230.43,Completed
ORD_1892,CUST_1456,2025-02-22,Enterprise Plan,Google Search,703.8,314.98,Completed
ORD_1893,CUST_1173,2025-03-17,Pro Plan,Google Search,841.48,375.11,Completed
ORD_1894,CUST_1445,2024-12-12,Basic Plan,LinkedIn,1008.04,175.87,Completed
ORD_1895,CUST_649,2024-06-28,Basic Plan,Partnership,1001.17,238.81,Refunded
ORD_1896,CUST_504,2024-11-09,Pro Plan,LinkedIn,862.12,314.15,Completed
ORD_1897,CUST_719,2025-04-12,Business Plan,LinkedIn,917.78,401.05,Completed
ORD_1898,CUST_1372,2024-03-27,Add-on,Partnership,492.74,173.02,Refunded
ORD_1899,CUST_48,2025-02-09,Basic Plan,Google Search,223.31,56.51,Completed
ORD_1900,CUST_44,2025-01-24,Enterprise Plan,TikTok,459.14,100.25,Completed
ORD_1901,CUST_1223,2024-09-20,Pro Plan,Google Search,146.75,41.59,Completed
ORD_1902,CUST_822,2024-10-05,Business Plan,Instagram,791.66,230.24,Completed
ORD_1903,CUST_757,2024-11-06,Basic Plan,LinkedIn,364.89,98.18,Completed
ORD_1904,CUST_943,2025-04-12,Pro Plan,Google Search,912.21,353.86,Completed
ORD_1905,CUST_638,2024-07-27,Basic Plan,LinkedIn,22.42,6.91,Completed
ORD_1906,CUST_1092,2024-10-22,Onboarding,LinkedIn,1144.04,320.71,Completed
ORD_1907,CUST_385,2024-08-24,Add-on,LinkedIn,1195.22,466.24,Completed
ORD_1908,CUST_1408,2024-05-16,Enterprise Plan,Google Search,1141.23,457.06,Completed
ORD_1909,CUST_321,2025-06-01,Pro Plan,LinkedIn,484.06,85.34,Completed
ORD_1910,CUST_689,2025-05-03,Onboarding,Partnership,1134.07,388.91,Refunded
ORD_1911,CUST_530,2025-03-19,Add-on,Google Search,802.93,326.13,Completed
ORD_1912,CUST_1028,2024-10-24,Basic Plan,LinkedIn,713.79,255.34,Completed
ORD_1913,CUST_1357,2025-05-20,Basic Plan,Google Search,84.24,24.2,Completed
ORD_1914,CUST_554,2024-02-03,Basic Plan,LinkedIn,547.04,103.21,Refunded
ORD_1915,CUST_164,2024-07-12,Basic Plan,LinkedIn,912.5,309.02,Completed
ORD_1916,CUST_308,2024-05-25,Business Plan,Google Search,721.47,192.64,Refunded
ORD_1917,CUST_128,2025-06-10,Basic Plan,LinkedIn,432.33,126.86,Completed
ORD_1918,CUST_1225,2025-01-14,Pro Plan,Google Search,49.87,10.11,Completed
ORD_1919,CUST_925,2025-01-20,Add-on,Google Search,718.84,108.11,Completed
ORD_1920,CUST_3,2024-06-11,Onboarding,Instagram,180.96,64.83,Completed
ORD_1921,CUST_1273,2024-12-06,Pro Plan,Google Search,1132.34,359.39,Completed
ORD_1922,CUST_687,2025-03-16,Enterprise Plan,LinkedIn,259.87,44.89,Completed
ORD_1923,CUST_570,2025-02-01,Basic Plan,LinkedIn,583.37,207.11,Completed
ORD_1924,CUST_1037,2025-01-16,Basic Plan,Google Search,45.03,9.79,Cancelled
ORD_1925,CUST_1306,2024-08-18,Basic Plan,Google Search,834.48,280.71,Completed
ORD_1926,CUST_600,2024-07-09,Pro Plan,LinkedIn,796.87,348.61,Completed
ORD_1927,CUST_672,2025-01-26,Basic Plan,Referral,678.41,109.68,Completed
ORD_1928,CUST_496,2025-05-21,Basic Plan,LinkedIn,1115.86,206.51,Completed
ORD_1929,CUST_1162,2025-03-14,Business Plan,Event Walk-in,1153.89,379.93,Completed
ORD_1930,CUST_1067,2024-05-07,Pro Plan,LinkedIn,679.91,109.45,Completed
ORD_1931,CUST_1336,2024-02-20,Pro Plan,Referral,1131.28,346.35,Completed
ORD_1932,CUST_849,2024-07-15,Onboarding,Google Search,956.31,245.49,Completed
ORD_1933,CUST_1103,2025-05-13,Basic Plan,Google Search,717.66,236.58,Completed
ORD_1934,CUST_881,2024-02-16,Basic Plan,LinkedIn,596.12,158.57,Completed
ORD_1935,CUST_545,2024-03-05,Basic Plan,Google Search,712.46,302.57,Completed
ORD_1936,CUST_841,2024-01-09,Business Plan,TikTok,531.97,208.15,Completed
ORD_1937,CUST_227,2024-08-16,Pro Plan,Google Search,650.93,110.18,Completed
ORD_1938,CUST_1187,2025-04-17,Basic Plan,LinkedIn,1049.59,262.95,Completed
ORD_1939,CUST_1249,2024-07-22,Basic Plan,LinkedIn,341.0,129.47,Completed
ORD_1940,CUST_432,2025-05-06,Business Plan,Partnership,941.66,253.84,Completed
ORD_1941,CUST_1229,2024-11-16,Basic Plan,Instagram,806.72,153.48,Completed
ORD_1942,CUST_422,2024-07-30,Add-on,Referral,1023.27,244.83,Completed
ORD_1943,CUST_946,2025-05-20,Premium Support,Google Search,516.81,174.84,Completed
ORD_1944,CUST_220,2024-09-29,Pro Plan,Google Search,399.47,111.55,Completed
ORD_1945,CUST_1038,2024-02-19,Business Plan,Google Search,306.84,99.91,Completed
ORD_1946,CUST_549,2024-08-11,Pro Plan,Instagram,933.82,372.53,Completed
ORD_1947,CUST_1195,2024-09-18,Basic Plan,Instagram,61.1,18.64,Completed
ORD_1948,CUST_1131,2024-06-01,Onboarding,Event Walk-in,637.17,137.45,Refunded
ORD_1949,CUST_980,2024-09-15,Enterprise Plan,Google Search,545.57,196.33,Completed
ORD_1950,CUST_713,2025-06-28,Enterprise Plan,Instagram,1000.73,198.07,Refunded
ORD_1951,CUST_699,2024-04-01,Pro Plan,Instagram,133.58,35.28,Completed
ORD_1952,CUST_213,2024-04-09,Business Plan,Google Search,489.25,192.33,Completed
ORD_1953,CUST_1112,2024-08-22,Basic Plan,Partnership,668.96,263.68,Completed
ORD_1954,CUST_1306,2024-10-28,Pro Plan,Google Search,114.31,21.48,Refunded
ORD_1955,CUST_33,2024-09-07,Onboarding,Referral,1184.85,387.66,Completed
ORD_1956,CUST_989,2024-09-15,Basic Plan,TikTok,348.57,70.13,Completed
ORD_1957,CUST_1457,2025-05-05,Basic Plan,LinkedIn,1135.13,334.55,Completed
ORD_1958,CUST_43,2024-10-09,Basic Plan,Partnership,1161.42,303.26,Completed
ORD_1959,CUST_634,2025-04-13,Enterprise Plan,LinkedIn,460.54,75.45,Completed
ORD_1960,CUST_954,2024-09-05,Pro Plan,Instagram,1094.36,349.48,Completed
ORD_1961,CUST_128,2025-03-31,Pro Plan,LinkedIn,29.79,6.14,Completed
ORD_1962,CUST_756,2024-06-12,Basic Plan,Google Search,644.31,175.17,Completed
ORD_1963,CUST_165,2024-02-22,Basic Plan,Partnership,1075.27,266.27,Completed
ORD_1964,CUST_561,2025-04-17,Pro Plan,LinkedIn,609.28,108.05,Cancelled
ORD_1965,CUST_1415,2024-10-28,Pro Plan,LinkedIn,1139.01,316.64,Refunded
ORD_1966,CUST_1490,2025-01-09,Onboarding,Event Walk-in,769.98,209.67,Completed
ORD_1967,CUST_535,2024-07-13,Basic Plan,Google Search,824.51,283.28,Completed
ORD_1968,CUST_886,2024-11-23,Basic Plan,Instagram,395.37,95.51,Completed
ORD_1969,CUST_1444,2025-05-19,Business Plan,Google Search,356.53,97.53,Completed
ORD_1970,CUST_1442,2024-02-22,Pro Plan,Google Search,109.97,20.37,Completed
ORD_1971,CUST_357,2024-01-22,Basic Plan,Google Search,140.54,53.61,Completed
ORD_1972,CUST_812,2024-11-11,Business Plan,LinkedIn,715.08,256.51,Completed
ORD_1973,CUST_249,2024-07-28,Pro Plan,LinkedIn,47.93,10.94,Completed
ORD_1974,CUST_1338,2024-07-22,Business Plan,LinkedIn,304.96,106.97,Completed
ORD_1975,CUST_1480,2025-06-14,Business Plan,LinkedIn,808.08,363.46,Completed
ORD_1976,CUST_213,2024-06-10,Business Plan,Google Search,890.79,379.84,Completed
ORD_1977,CUST_163,2025-05-11,Business Plan,Partnership,432.77,134.62,Refunded
ORD_1978,CUST_387,2025-01-17,Business Plan,LinkedIn,51.95,15.74,Completed
ORD_1979,CUST_344,2024-11-15,Pro Plan,Google Search,27.93,6.95,Completed
ORD_1980,CUST_267,2024-11-11,Business Plan,Instagram,29.73,10.35,Completed
ORD_1981,CUST_944,2024-05-20,Basic Plan,Partnership,571.48,242.99,Completed
ORD_1982,CUST_1064,2025-04-29,Pro Plan,LinkedIn,333.21,68.94,Completed
ORD_1983,CUST_1087,2025-05-10,Business Plan,Google Search,879.46,336.05,Completed
ORD_1984,CUST_1485,2024-03-31,Pro Plan,LinkedIn,397.02,153.03,Completed
ORD_1985,CUST_454,2024-03-17,Business Plan,LinkedIn,42.38,17.34,Cancelled
ORD_1986,CUST_1118,2024-07-08,Enterprise Plan,TikTok,627.8,239.76,Completed
ORD_1987,CUST_384,2024-01-25,Pro Plan,Partnership,388.28,95.15,Completed
ORD_1988,CUST_1488,2025-01-08,Pro Plan,Partnership,784.17,290.36,Cancelled
ORD_1989,CUST_161,2024-10-21,Pro Plan,Instagram,157.21,32.06,Completed
ORD_1990,CUST_118,2025-05-31,Basic Plan,LinkedIn,1063.9,323.84,Completed
ORD_1991,CUST_524,2024-03-21,Pro Plan,LinkedIn,148.86,56.03,Completed
ORD_1992,CUST_110,2025-02-10,Add-on,LinkedIn,357.0,131.48,Completed
ORD_1993,CUST_51,2024-05-13,Basic Plan,Instagram,596.15,135.82,Cancelled
ORD_1994,CUST_172,2024-11-29,Basic Plan,Instagram,278.93,122.4,Completed
ORD_1995,CUST_207,2025-02-22,Business Plan,Partnership,33.62,11.7,Completed
ORD_1996,CUST_1089,2024-05-03,Basic Plan,Google Search,798.03,208.93,Refunded
ORD_1997,CUST_1489,2024-12-23,Business Plan,Google Search,574.31,92.63,Completed
ORD_1998,CUST_1243,2025-06-06,Premium Support,Google Search,762.84,222.91,Completed
ORD_1999,CUST_552,2025-04-11,Pro Plan,Google Search,1193.06,255.24,Completed
ORD_2000,CUST_247,2024-11-11,Business Plan,Instagram,450.68,169.7,Completed
ORD_2001,CUST_1220,2024-10-31,Basic Plan,LinkedIn,1142.13,462.51,Completed
ORD_2002,CUST_461,2024-04-20,Pro Plan,Referral,995.93,367.61,Completed
ORD_2003,CUST_1172,2025-03-28,Business Plan,LinkedIn,105.59,25.12,Completed
ORD_2004,CUST_1182,2024-08-02,Basic Plan,Google Search,1170.63,186.79,Completed
ORD_2005,CUST_1386,2025-01-28,Business Plan,LinkedIn,1045.65,322.24,Completed
ORD_2006,CUST_1394,2025-04-01,Pro Plan,Google Search,53.2,17.74,Completed
ORD_2007,CUST_1065,2025-01-06,Basic Plan,LinkedIn,77.6,34.16,Cancelled
ORD_2008,CUST_1142,2024-04-12,Business Plan,LinkedIn,768.74,265.11,Completed
ORD_2009,CUST_395,2025-04-12,Onboarding,LinkedIn,1062.88,288.39,Completed
ORD_2010,CUST_508,2024-12-24,Basic Plan,Google Search,1165.38,194.62,Cancelled
ORD_2011,CUST_387,2025-05-08,Business Plan,LinkedIn,935.18,140.89,Completed
ORD_2012,CUST_571,2024-09-21,Pro Plan,Partnership,425.92,90.64,Cancelled
ORD_2013,CUST_481,2024-11-08,Basic Plan,Google Search,1085.88,316.44,Cancelled
ORD_2014,CUST_387,2024-05-30,Business Plan,LinkedIn,193.73,38.12,Completed
ORD_2015,CUST_1391,2025-03-16,Enterprise Plan,Google Search,908.63,227.77,Completed
ORD_2016,CUST_1441,2024-12-19,Pro Plan,Instagram,50.95,17.69,Completed
ORD_2017,CUST_183,2024-06-08,Basic Plan,LinkedIn,296.77,67.31,Completed
ORD_2018,CUST_1293,2024-06-27,Enterprise Plan,LinkedIn,623.6,214.67,Refunded
ORD_2019,CUST_458,2025-02-07,Business Plan,Google Search,57.5,11.47,Completed
ORD_2020,CUST_126,2025-04-03,Enterprise Plan,TikTok,673.46,267.17,Completed
ORD_2021,CUST_186,2025-06-19,Pro Plan,LinkedIn,799.77,315.43,Completed
ORD_2022,CUST_347,2024-04-21,Basic Plan,Google Search,138.98,54.19,Completed
ORD_2023,CUST_1107,2024-04-05,Enterprise Plan,Instagram,1088.26,361.15,Completed
ORD_2024,CUST_368,2024-09-24,Basic Plan,Google Search,257.17,57.25,Refunded
ORD_2025,CUST_1052,2025-04-11,Basic Plan,Partnership,383.02,112.57,Completed
ORD_2026,CUST_287,2024-07-23,Business Plan,LinkedIn,380.9,98.55,Cancelled
ORD_2027,CUST_1143,2024-01-14,Basic Plan,Google Search,213.16,45.47,Completed
ORD_2028,CUST_639,2024-11-26,Basic Plan,LinkedIn,798.23,271.7,Completed
ORD_2029,CUST_516,2024-03-12,Basic Plan,Partnership,1120.42,286.06,Completed
ORD_2030,CUST_151,2024-11-19,Pro Plan,LinkedIn,616.05,254.67,Completed
ORD_2031,CUST_1122,2024-07-03,Pro Plan,Partnership,800.52,245.53,Cancelled
ORD_2032,CUST_559,2024-05-30,Onboarding,LinkedIn,91.09,17.49,Completed
ORD_2033,CUST_45,2024-02-21,Premium Support,Referral,65.24,16.77,Completed
ORD_2034,CUST_180,2025-04-22,Onboarding,Partnership,763.44,146.27,Completed
ORD_2035,CUST_583,2024-02-26,Basic Plan,Instagram,284.58,61.31,Completed
ORD_2036,CUST_10,2025-01-27,Enterprise Plan,Google Search,1165.75,437.06,Completed
ORD_2037,CUST_461,2024-01-29,Business Plan,Referral,680.32,229.28,Completed
ORD_2038,CUST_1428,2024-08-11,Pro Plan,Google Search,978.51,427.45,Completed
ORD_2039,CUST_556,2024-11-16,Basic Plan,LinkedIn,125.71,32.49,Completed
ORD_2040,CUST_1080,2024-04-06,Add-on,Partnership,672.63,127.52,Completed
ORD_2041,CUST_620,2024-03-23,Basic Plan,LinkedIn,178.77,52.85,Completed
ORD_2042,CUST_445,2025-01-12,Pro Plan,Google Search,917.14,322.06,Completed
ORD_2043,CUST_750,2024-06-11,Pro Plan,LinkedIn,428.26,142.26,Completed
ORD_2044,CUST_1395,2025-04-08,Basic Plan,LinkedIn,22.78,7.15,Completed
ORD_2045,CUST_1248,2024-05-30,Enterprise Plan,LinkedIn,1199.49,407.44,Completed
ORD_2046,CUST_1490,2024-05-23,Business Plan,Event Walk-in,830.65,281.67,Refunded
ORD_2047,CUST_1196,2024-05-13,Basic Plan,Partnership,592.17,254.55,Completed
ORD_2048,CUST_165,2025-06-04,Basic Plan,Partnership,265.01,56.35,Completed
ORD_2049,CUST_439,2024-09-16,Basic Plan,TikTok,957.68,188.31,Completed
ORD_2050,CUST_981,2024-09-25,Enterprise Plan,Google Search,372.15,56.27,Completed
ORD_2051,CUST_702,2024-10-25,Basic Plan,Google Search,164.59,64.08,Completed
ORD_2052,CUST_278,2025-01-23,Basic Plan,Partnership,271.39,45.68,Completed
ORD_2053,CUST_739,2025-05-30,Pro Plan,TikTok,200.46,65.72,Completed
ORD_2054,CUST_1324,2025-03-06,Onboarding,Referral,1036.01,194.13,Completed
ORD_2055,CUST_149,2024-09-12,Basic Plan,Instagram,763.29,299.62,Completed
ORD_2056,CUST_450,2024-02-24,Business Plan,Google Search,516.59,211.82,Cancelled
ORD_2057,CUST_1391,2025-03-28,Add-on,Google Search,567.22,222.68,Completed
ORD_2058,CUST_256,2024-06-09,Basic Plan,LinkedIn,579.4,198.63,Completed
ORD_2059,CUST_1036,2025-05-20,Basic Plan,TikTok,1104.94,354.97,Refunded
ORD_2060,CUST_773,2024-04-11,Pro Plan,Google Search,366.9,151.15,Completed
ORD_2061,CUST_930,2025-05-11,Pro Plan,Partnership,687.34,203.36,Completed
ORD_2062,CUST_849,2024-09-20,Pro Plan,Google Search,1187.53,273.94,Completed
ORD_2063,CUST_1036,2025-04-03,Pro Plan,TikTok,263.38,75.76,Completed
ORD_2064,CUST_775,2024-06-20,Basic Plan,Referral,1018.98,295.23,Completed
ORD_2065,CUST_637,2024-09-27,Business Plan,LinkedIn,492.79,187.79,Completed
ORD_2066,CUST_1378,2025-01-29,Add-on,Partnership,600.04,246.88,Completed
ORD_2067,CUST_688,2025-05-31,Basic Plan,Google Search,1074.3,274.7,Completed
ORD_2068,CUST_212,2025-03-28,Basic Plan,Google Search,1072.94,352.85,Completed
ORD_2069,CUST_234,2024-02-19,Basic Plan,Instagram,128.53,33.6,Completed
ORD_2070,CUST_1410,2024-04-22,Basic Plan,LinkedIn,214.99,79.92,Completed
ORD_2071,CUST_1111,2024-10-26,Basic Plan,Referral,214.31,51.0,Completed
ORD_2072,CUST_1104,2024-06-12,Business Plan,Partnership,624.86,112.21,Completed
ORD_2073,CUST_906,2024-01-02,Basic Plan,Referral,474.55,204.64,Completed
ORD_2074,CUST_664,2024-01-08,Pro Plan,Google Search,931.01,238.99,Completed
ORD_2075,CUST_1084,2024-01-02,Basic Plan,Google Search,1130.18,418.13,Completed
ORD_2076,CUST_745,2025-01-18,Add-on,Google Search,1166.38,333.3,Completed
ORD_2077,CUST_1109,2025-03-11,Business Plan,Instagram,280.83,47.92,Completed
ORD_2078,CUST_528,2024-09-10,Business Plan,LinkedIn,649.51,246.01,Completed
ORD_2079,CUST_238,2024-10-05,Pro Plan,LinkedIn,273.78,66.24,Completed
ORD_2080,CUST_248,2024-05-02,Business Plan,Event Walk-in,155.71,24.8,Completed
ORD_2081,CUST_1016,2024-02-01,Business Plan,Instagram,326.29,114.61,Completed
ORD_2082,CUST_186,2025-01-12,Pro Plan,LinkedIn,864.41,131.07,Completed
ORD_2083,CUST_1265,2024-05-15,Basic Plan,TikTok,213.58,58.71,Completed
ORD_2084,CUST_954,2024-09-23,Basic Plan,Instagram,1078.6,317.51,Completed
ORD_2085,CUST_434,2024-08-25,Basic Plan,LinkedIn,670.59,217.91,Completed
ORD_2086,CUST_892,2024-06-29,Basic Plan,LinkedIn,56.43,14.46,Completed
ORD_2087,CUST_749,2024-04-03,Basic Plan,Referral,666.52,115.54,Completed
ORD_2088,CUST_504,2025-04-07,Basic Plan,LinkedIn,142.41,63.68,Completed
ORD_2089,CUST_203,2024-11-03,Business Plan,Instagram,1027.0,365.01,Completed
ORD_2090,CUST_315,2025-06-18,Business Plan,Referral,991.84,195.72,Completed
ORD_2091,CUST_384,2024-01-26,Add-on,Partnership,327.1,115.46,Completed
ORD_2092,CUST_1337,2024-05-22,Enterprise Plan,Partnership,24.0,5.41,Completed
ORD_2093,CUST_1117,2024-03-25,Basic Plan,LinkedIn,362.83,69.73,Completed
ORD_2094,CUST_925,2025-02-09,Business Plan,Google Search,414.2,145.49,Completed
ORD_2095,CUST_152,2025-04-21,Business Plan,Google Search,685.64,166.09,Completed
ORD_2096,CUST_883,2024-05-01,Basic Plan,Google Search,715.96,206.34,Completed
ORD_2097,CUST_1284,2025-03-05,Pro Plan,LinkedIn,26.31,8.41,Refunded
ORD_2098,CUST_1332,2024-06-05,Business Plan,Google Search,406.42,79.87,Completed
ORD_2099,CUST_102,2025-04-28,Enterprise Plan,Partnership,424.2,112.85,Completed
ORD_2100,CUST_1394,2025-03-17,Onboarding,Google Search,551.37,88.31,Completed
ORD_2101,CUST_725,2025-06-21,Pro Plan,Google Search,877.23,258.47,Completed
ORD_2102,CUST_1298,2025-03-22,Enterprise Plan,LinkedIn,53.94,9.63,Completed
ORD_2103,CUST_1384,2024-11-15,Pro Plan,Instagram,1010.95,223.55,Completed
ORD_2104,CUST_1339,2025-06-16,Add-on,LinkedIn,879.41,186.89,Completed
ORD_2105,CUST_132,2024-04-06,Basic Plan,TikTok,722.69,109.5,Completed
ORD_2106,CUST_1391,2024-06-30,Pro Plan,Google Search,219.38,34.69,Completed
ORD_2107,CUST_1136,2024-10-25,Basic Plan,Partnership,398.37,100.45,Refunded
ORD_2108,CUST_1486,2024-08-20,Basic Plan,Partnership,798.26,235.75,Completed
ORD_2109,CUST_341,2024-02-21,Pro Plan,Partnership,734.1,183.26,Refunded
ORD_2110,CUST_865,2025-06-20,Basic Plan,LinkedIn,1112.6,321.35,Completed
ORD_2111,CUST_723,2025-05-18,Pro Plan,Partnership,1100.04,287.73,Completed
ORD_2112,CUST_1236,2025-03-30,Pro Plan,Google Search,421.43,185.08,Completed
ORD_2113,CUST_36,2024-08-21,Business Plan,LinkedIn,682.1,145.01,Completed
ORD_2114,CUST_937,2025-02-03,Premium Support,Partnership,345.09,80.16,Refunded
ORD_2115,CUST_338,2024-08-17,Enterprise Plan,Google Search,781.15,287.21,Completed
ORD_2116,CUST_1459,2024-07-13,Basic Plan,Google Search,1190.19,527.73,Completed
ORD_2117,CUST_546,2025-01-27,Basic Plan,LinkedIn,64.94,12.67,Completed
ORD_2118,CUST_1394,2024-03-24,Business Plan,Google Search,509.89,136.88,Refunded
ORD_2119,CUST_233,2025-04-25,Business Plan,LinkedIn,455.54,144.96,Completed
ORD_2120,CUST_691,2024-08-08,Basic Plan,Google Search,388.98,82.94,Completed
ORD_2121,CUST_520,2025-05-31,Business Plan,Google Search,625.63,93.91,Completed
ORD_2122,CUST_156,2024-08-24,Basic Plan,LinkedIn,966.26,285.42,Completed
ORD_2123,CUST_3,2025-05-19,Pro Plan,Instagram,1186.87,314.4,Completed
ORD_2124,CUST_171,2024-03-05,Add-on,Instagram,606.37,243.04,Completed
ORD_2125,CUST_1202,2025-04-25,Pro Plan,LinkedIn,50.28,8.23,Completed
ORD_2126,CUST_847,2024-11-22,Business Plan,TikTok,269.47,101.81,Completed
ORD_2127,CUST_630,2024-06-30,Basic Plan,LinkedIn,1148.01,392.01,Refunded
ORD_2128,CUST_917,2025-06-09,Add-on,LinkedIn,110.05,36.93,Cancelled
ORD_2129,CUST_608,2024-06-14,Add-on,Google Search,910.81,307.16,Completed
ORD_2130,CUST_76,2024-01-09,Basic Plan,LinkedIn,388.47,124.59,Completed
ORD_2131,CUST_307,2025-01-19,Basic Plan,LinkedIn,1147.04,503.11,Completed
ORD_2132,CUST_120,2024-02-14,Basic Plan,TikTok,727.76,245.4,Completed
ORD_2133,CUST_444,2024-01-27,Pro Plan,Event Walk-in,520.16,140.82,Completed
ORD_2134,CUST_621,2025-06-19,Pro Plan,Instagram,639.42,108.38,Completed
ORD_2135,CUST_1337,2025-04-17,Pro Plan,Partnership,344.26,99.68,Completed
ORD_2136,CUST_444,2024-11-17,Pro Plan,Event Walk-in,791.91,134.55,Refunded
ORD_2137,CUST_1079,2025-03-13,Business Plan,Instagram,325.68,62.92,Completed
ORD_2138,CUST_970,2024-09-19,Pro Plan,Referral,352.2,109.75,Completed
ORD_2139,CUST_1164,2024-11-16,Business Plan,LinkedIn,31.33,6.67,Refunded
ORD_2140,CUST_615,2024-11-16,Business Plan,Partnership,422.2,186.06,Completed
ORD_2141,CUST_672,2025-04-09,Pro Plan,Referral,1015.97,452.48,Completed
ORD_2142,CUST_1320,2024-10-24,Business Plan,LinkedIn,773.26,310.19,Completed
ORD_2143,CUST_828,2025-04-04,Pro Plan,Google Search,45.5,12.43,Completed
ORD_2144,CUST_695,2025-01-28,Pro Plan,LinkedIn,793.58,209.07,Completed
ORD_2145,CUST_530,2025-06-05,Pro Plan,Google Search,688.02,272.89,Completed
ORD_2146,CUST_624,2025-05-30,Enterprise Plan,LinkedIn,54.05,20.95,Completed
ORD_2147,CUST_663,2024-10-28,Business Plan,Partnership,732.33,158.3,Completed
ORD_2148,CUST_11,2024-01-22,Enterprise Plan,Google Search,85.06,13.44,Completed
ORD_2149,CUST_1283,2024-03-22,Business Plan,LinkedIn,1129.19,251.91,Completed
ORD_2150,CUST_914,2024-01-07,Basic Plan,Instagram,382.67,86.8,Refunded
ORD_2151,CUST_1398,2025-02-21,Basic Plan,LinkedIn,1021.11,410.03,Completed
ORD_2152,CUST_985,2025-05-08,Premium Support,Partnership,695.16,207.04,Completed
ORD_2153,CUST_1071,2025-02-27,Premium Support,LinkedIn,348.55,133.16,Completed
ORD_2154,CUST_1484,2024-08-22,Onboarding,Partnership,786.79,166.06,Completed
ORD_2155,CUST_684,2024-08-08,Pro Plan,LinkedIn,521.97,217.65,Completed
ORD_2156,CUST_68,2025-02-06,Pro Plan,Google Search,928.91,348.5,Completed
ORD_2157,CUST_869,2024-06-23,Pro Plan,Partnership,415.33,182.87,Cancelled
ORD_2158,CUST_1473,2025-06-20,Add-on,Google Search,923.93,288.84,Completed
ORD_2159,CUST_1051,2024-11-29,Basic Plan,LinkedIn,271.09,105.59,Completed
ORD_2160,CUST_1072,2025-06-16,Add-on,LinkedIn,1054.47,239.21,Completed
ORD_2161,CUST_1227,2024-10-10,Enterprise Plan,LinkedIn,574.53,189.11,Completed
ORD_2162,CUST_222,2025-01-21,Basic Plan,LinkedIn,353.15,77.56,Completed
ORD_2163,CUST_607,2024-11-05,Enterprise Plan,Google Search,137.52,38.26,Completed
ORD_2164,CUST_801,2024-09-01,Pro Plan,LinkedIn,982.25,227.35,Refunded
ORD_2165,CUST_436,2024-04-03,Premium Support,LinkedIn,78.19,14.38,Completed
ORD_2166,CUST_138,2024-04-08,Basic Plan,LinkedIn,21.0,6.04,Completed
ORD_2167,CUST_661,2024-12-25,Business Plan,Google Search,799.18,133.8,Completed
ORD_2168,CUST_137,2025-05-19,Basic Plan,LinkedIn,609.35,111.7,Completed
ORD_2169,CUST_637,2024-07-05,Business Plan,LinkedIn,549.14,235.92,Completed
ORD_2170,CUST_28,2024-07-12,Basic Plan,LinkedIn,797.95,216.23,Completed
ORD_2171,CUST_520,2024-03-04,Basic Plan,Google Search,1179.21,297.46,Completed
ORD_2172,CUST_1132,2025-06-09,Basic Plan,TikTok,941.8,229.72,Completed
ORD_2173,CUST_1069,2024-01-25,Pro Plan,Partnership,1042.6,205.41,Completed
ORD_2174,CUST_439,2024-10-21,Business Plan,TikTok,673.46,112.88,Refunded
ORD_2175,CUST_956,2024-03-15,Basic Plan,Google Search,232.7,74.65,Completed
ORD_2176,CUST_952,2025-04-02,Add-on,LinkedIn,364.24,58.56,Completed
ORD_2177,CUST_516,2024-07-01,Pro Plan,Partnership,585.65,232.21,Cancelled
ORD_2178,CUST_824,2024-12-27,Pro Plan,Instagram,904.4,324.51,Completed
ORD_2179,CUST_1188,2024-05-08,Basic Plan,Google Search,1156.76,334.86,Refunded
ORD_2180,CUST_1414,2024-02-28,Basic Plan,Partnership,478.61,157.77,Completed
ORD_2181,CUST_1367,2024-12-30,Basic Plan,LinkedIn,96.65,27.92,Completed
ORD_2182,CUST_1371,2025-06-08,Onboarding,Instagram,338.82,56.18,Completed
ORD_2183,CUST_1090,2024-10-11,Basic Plan,Instagram,1185.87,517.78,Completed
ORD_2184,CUST_395,2025-01-10,Pro Plan,LinkedIn,143.22,63.36,Completed
ORD_2185,CUST_958,2024-03-23,Basic Plan,Google Search,1102.04,345.02,Completed
ORD_2186,CUST_274,2024-06-20,Basic Plan,Google Search,567.13,98.94,Completed
ORD_2187,CUST_221,2024-09-01,Add-on,Instagram,1075.23,431.15,Completed
ORD_2188,CUST_1466,2024-07-05,Pro Plan,Google Search,484.92,122.44,Completed
ORD_2189,CUST_637,2025-01-15,Enterprise Plan,LinkedIn,362.69,149.3,Completed
ORD_2190,CUST_1306,2024-01-29,Pro Plan,Google Search,526.65,225.81,Completed
ORD_2191,CUST_597,2025-01-12,Business Plan,Google Search,936.55,367.81,Completed
ORD_2192,CUST_124,2024-08-19,Enterprise Plan,LinkedIn,673.54,126.25,Completed
ORD_2193,CUST_555,2024-08-07,Basic Plan,Google Search,47.93,12.1,Completed
ORD_2194,CUST_1092,2025-04-28,Pro Plan,LinkedIn,406.19,172.91,Completed
ORD_2195,CUST_930,2024-01-05,Basic Plan,Partnership,612.65,176.29,Completed
ORD_2196,CUST_415,2024-03-17,Business Plan,LinkedIn,231.26,46.31,Refunded
ORD_2197,CUST_154,2025-05-04,Business Plan,Google Search,1012.94,428.76,Completed
ORD_2198,CUST_429,2025-06-29,Business Plan,Google Search,916.4,270.62,Completed
ORD_2199,CUST_483,2024-12-04,Basic Plan,LinkedIn,206.94,62.86,Completed
ORD_2200,CUST_134,2024-01-07,Pro Plan,LinkedIn,950.83,246.14,Completed
ORD_2201,CUST_14,2024-10-10,Basic Plan,Event Walk-in,985.95,375.98,Cancelled
ORD_2202,CUST_1278,2024-02-18,Basic Plan,Google Search,59.6,12.4,Completed
ORD_2203,CUST_1035,2024-10-04,Basic Plan,TikTok,192.9,51.94,Completed
ORD_2204,CUST_906,2024-01-07,Pro Plan,Referral,1126.27,460.95,Completed
ORD_2205,CUST_597,2024-01-11,Pro Plan,Google Search,401.05,107.06,Refunded
ORD_2206,CUST_1456,2024-05-14,Basic Plan,Google Search,71.64,27.37,Completed
ORD_2207,CUST_263,2025-01-23,Add-on,LinkedIn,457.97,178.84,Completed
ORD_2208,CUST_889,2024-06-02,Pro Plan,LinkedIn,246.14,104.88,Refunded
ORD_2209,CUST_272,2025-01-31,Basic Plan,Instagram,894.17,297.33,Completed
ORD_2210,CUST_1152,2024-02-03,Enterprise Plan,Referral,409.64,92.97,Completed
ORD_2211,CUST_877,2025-03-10,Pro Plan,LinkedIn,203.63,66.04,Refunded
ORD_2212,CUST_872,2024-07-08,Pro Plan,Partnership,721.75,156.83,Completed
ORD_2213,CUST_102,2025-02-01,Basic Plan,Partnership,269.17,49.5,Completed
ORD_2214,CUST_578,2024-03-13,Enterprise Plan,TikTok,221.98,97.87,Completed
ORD_2215,CUST_191,2025-03-10,Basic Plan,Google Search,48.52,20.37,Refunded
ORD_2216,CUST_1354,2025-03-16,Basic Plan,Partnership,440.77,141.59,Refunded
ORD_2217,CUST_195,2024-08-04,Add-on,Google Search,275.54,69.2,Completed
ORD_2218,CUST_1127,2024-09-26,Business Plan,LinkedIn,589.64,232.07,Completed
ORD_2219,CUST_1084,2025-03-05,Pro Plan,Google Search,745.87,292.66,Completed
ORD_2220,CUST_749,2025-01-31,Add-on,Referral,569.5,213.29,Completed
ORD_2221,CUST_458,2024-03-23,Basic Plan,Google Search,401.4,93.97,Completed
ORD_2222,CUST_1221,2024-10-26,Pro Plan,LinkedIn,285.27,68.82,Completed
ORD_2223,CUST_103,2024-02-27,Basic Plan,Partnership,764.4,319.17,Completed
ORD_2224,CUST_1192,2024-11-03,Business Plan,Partnership,212.29,64.09,Completed
ORD_2225,CUST_1076,2024-08-27,Basic Plan,Google Search,322.79,66.58,Completed
ORD_2226,CUST_622,2024-10-15,Business Plan,Referral,893.9,237.44,Completed
ORD_2227,CUST_40,2025-06-17,Pro Plan,Referral,760.88,326.29,Completed
ORD_2228,CUST_650,2025-03-10,Add-on,Google Search,167.81,27.12,Completed
ORD_2229,CUST_350,2025-01-21,Basic Plan,Google Search,549.61,217.45,Completed
ORD_2230,CUST_410,2024-08-06,Pro Plan,Google Search,1033.12,245.92,Refunded
ORD_2231,CUST_1197,2024-11-06,Basic Plan,Partnership,358.83,72.61,Completed
ORD_2232,CUST_696,2024-03-06,Onboarding,LinkedIn,953.81,208.41,Completed
ORD_2233,CUST_288,2025-04-01,Pro Plan,Google Search,1086.79,337.77,Completed
ORD_2234,CUST_511,2024-09-11,Basic Plan,Google Search,680.02,170.69,Completed
ORD_2235,CUST_751,2025-06-21,Pro Plan,Referral,1102.92,300.75,Completed
ORD_2236,CUST_1315,2024-06-03,Pro Plan,Google Search,790.05,165.34,Completed
ORD_2237,CUST_1473,2024-03-02,Basic Plan,Google Search,189.35,61.77,Completed
ORD_2238,CUST_530,2025-05-14,Pro Plan,Google Search,503.53,92.12,Completed
ORD_2239,CUST_190,2024-11-14,Basic Plan,LinkedIn,925.21,335.28,Completed
ORD_2240,CUST_417,2024-02-13,Basic Plan,Partnership,167.69,27.73,Completed
ORD_2241,CUST_1290,2024-07-24,Pro Plan,Instagram,918.96,275.71,Refunded
ORD_2242,CUST_1352,2025-05-05,Basic Plan,LinkedIn,383.05,133.38,Completed
ORD_2243,CUST_1151,2025-01-08,Business Plan,LinkedIn,340.32,121.93,Completed
ORD_2244,CUST_239,2024-09-11,Business Plan,LinkedIn,484.8,136.01,Completed
ORD_2245,CUST_131,2024-09-26,Add-on,Partnership,418.79,115.71,Completed
ORD_2246,CUST_1372,2024-12-18,Business Plan,Partnership,1145.39,420.33,Completed
ORD_2247,CUST_956,2024-02-20,Business Plan,Google Search,1186.6,497.93,Completed
ORD_2248,CUST_445,2025-03-13,Business Plan,Google Search,340.48,110.92,Completed
ORD_2249,CUST_1353,2024-07-26,Business Plan,Partnership,505.48,76.54,Completed
ORD_2250,CUST_898,2025-04-26,Basic Plan,LinkedIn,364.93,90.35,Cancelled
ORD_2251,CUST_878,2024-11-21,Pro Plan,Google Search,971.86,367.23,Completed
ORD_2252,CUST_117,2024-02-05,Pro Plan,LinkedIn,504.26,192.63,Refunded
ORD_2253,CUST_180,2025-05-02,Business Plan,Partnership,1154.92,317.65,Cancelled
ORD_2254,CUST_368,2024-05-18,Basic Plan,Google Search,58.44,17.62,Cancelled
ORD_2255,CUST_449,2025-04-20,Basic Plan,Google Search,736.19,170.84,Completed
ORD_2256,CUST_308,2024-02-01,Basic Plan,Google Search,455.13,139.42,Completed
ORD_2257,CUST_496,2025-01-11,Pro Plan,LinkedIn,751.88,281.0,Refunded
ORD_2258,CUST_488,2024-02-28,Pro Plan,Partnership,719.86,248.24,Completed
ORD_2259,CUST_549,2024-04-18,Enterprise Plan,Instagram,262.17,44.01,Completed
ORD_2260,CUST_1206,2025-06-20,Basic Plan,LinkedIn,1048.36,417.83,Completed
ORD_2261,CUST_634,2025-06-30,Business Plan,LinkedIn,72.88,30.4,Completed
ORD_2262,CUST_478,2024-10-11,Pro Plan,LinkedIn,720.57,167.91,Completed
ORD_2263,CUST_391,2024-05-27,Basic Plan,LinkedIn,559.24,139.79,Completed
ORD_2264,CUST_141,2025-04-20,Basic Plan,Referral,596.75,222.59,Completed
ORD_2265,CUST_665,2024-12-01,Pro Plan,LinkedIn,781.68,212.56,Completed
ORD_2266,CUST_1006,2025-02-02,Basic Plan,Partnership,437.12,171.97,Completed
ORD_2267,CUST_1083,2024-02-13,Basic Plan,LinkedIn,1148.34,228.29,Completed
ORD_2268,CUST_723,2024-09-11,Business Plan,Partnership,286.1,57.49,Completed
ORD_2269,CUST_331,2025-05-06,Basic Plan,LinkedIn,605.57,199.77,Refunded
ORD_2270,CUST_908,2024-08-07,Pro Plan,LinkedIn,244.71,101.43,Completed
ORD_2271,CUST_87,2025-06-08,Enterprise Plan,LinkedIn,756.54,149.86,Completed
ORD_2272,CUST_1322,2024-12-27,Basic Plan,Google Search,1132.99,367.68,Completed
ORD_2273,CUST_1389,2024-02-29,Business Plan,LinkedIn,851.06,303.81,Refunded
ORD_2274,CUST_1105,2025-05-13,Enterprise Plan,LinkedIn,950.25,172.97,Completed
ORD_2275,CUST_516,2024-01-20,Pro Plan,Partnership,265.81,92.5,Completed
ORD_2276,CUST_1302,2025-05-17,Pro Plan,Google Search,330.62,105.56,Completed
ORD_2277,CUST_1123,2024-10-24,Enterprise Plan,Instagram,1164.35,443.14,Completed
ORD_2278,CUST_88,2025-04-16,Add-on,LinkedIn,140.52,52.45,Completed
ORD_2279,CUST_516,2025-01-03,Pro Plan,Partnership,335.36,93.96,Completed
ORD_2280,CUST_1081,2024-09-04,Business Plan,Google Search,1086.2,443.75,Refunded
ORD_2281,CUST_266,2024-06-21,Pro Plan,Google Search,984.23,149.46,Refunded
ORD_2282,CUST_715,2024-10-03,Premium Support,Instagram,391.57,67.34,Completed
ORD_2283,CUST_1239,2025-04-27,Onboarding,LinkedIn,495.38,76.83,Completed
ORD_2284,CUST_437,2024-10-29,Pro Plan,Partnership,409.18,103.78,Completed
ORD_2285,CUST_1144,2024-02-13,Pro Plan,Google Search,212.57,38.58,Completed
ORD_2286,CUST_1160,2024-03-11,Pro Plan,LinkedIn,596.69,120.41,Refunded
ORD_2287,CUST_928,2024-04-14,Premium Support,LinkedIn,852.35,176.35,Completed
ORD_2288,CUST_618,2024-02-27,Pro Plan,Google Search,48.18,10.08,Completed
ORD_2289,CUST_808,2024-06-04,Pro Plan,Google Search,919.1,302.68,Completed
ORD_2290,CUST_223,2024-03-25,Basic Plan,Google Search,474.27,87.81,Completed
ORD_2291,CUST_1203,2025-05-24,Basic Plan,Partnership,151.26,35.44,Cancelled
ORD_2292,CUST_931,2024-07-08,Basic Plan,Partnership,852.35,223.57,Completed
ORD_2293,CUST_1083,2024-04-15,Enterprise Plan,LinkedIn,800.78,128.45,Completed
ORD_2294,CUST_108,2024-03-01,Basic Plan,Instagram,277.19,43.27,Completed
ORD_2295,CUST_83,2024-02-19,Basic Plan,LinkedIn,489.3,166.44,Refunded
ORD_2296,CUST_1214,2024-03-02,Premium Support,LinkedIn,811.9,166.0,Completed
ORD_2297,CUST_514,2025-03-20,Pro Plan,Google Search,632.4,150.16,Completed
ORD_2298,CUST_855,2025-05-17,Basic Plan,LinkedIn,850.56,362.55,Completed
ORD_2299,CUST_801,2024-03-17,Add-on,LinkedIn,791.03,130.18,Completed
ORD_2300,CUST_107,2024-05-12,Enterprise Plan,Google Search,660.49,174.59,Completed
ORD_2301,CUST_1285,2024-12-05,Pro Plan,Instagram,283.26,61.31,Completed
ORD_2302,CUST_742,2025-02-12,Basic Plan,LinkedIn,964.96,175.42,Completed
ORD_2303,CUST_708,2024-06-21,Basic Plan,Instagram,734.85,329.62,Completed
ORD_2304,CUST_1458,2024-05-06,Basic Plan,Google Search,1164.15,332.77,Completed
ORD_2305,CUST_644,2025-05-29,Enterprise Plan,Google Search,357.46,105.83,Completed
ORD_2306,CUST_565,2025-02-23,Business Plan,LinkedIn,1176.69,403.71,Completed
ORD_2307,CUST_968,2024-04-11,Business Plan,LinkedIn,787.03,235.82,Completed
ORD_2308,CUST_354,2024-05-27,Enterprise Plan,Google Search,518.74,218.59,Completed
ORD_2309,CUST_235,2024-08-12,Enterprise Plan,LinkedIn,838.91,143.21,Completed
ORD_2310,CUST_896,2024-06-20,Pro Plan,Partnership,616.63,110.04,Completed
ORD_2311,CUST_221,2025-01-25,Basic Plan,Instagram,1116.67,244.2,Completed
ORD_2312,CUST_969,2024-12-12,Basic Plan,Instagram,518.2,101.05,Completed
ORD_2313,CUST_1463,2024-05-12,Basic Plan,Instagram,261.56,115.52,Completed
ORD_2314,CUST_920,2025-01-15,Basic Plan,Google Search,44.44,9.47,Completed
ORD_2315,CUST_629,2024-03-22,Basic Plan,Google Search,150.28,43.79,Completed
ORD_2316,CUST_243,2025-06-05,Pro Plan,Event Walk-in,550.91,103.27,Completed
ORD_2317,CUST_1146,2025-06-27,Basic Plan,Google Search,627.33,205.11,Refunded
ORD_2318,CUST_839,2024-07-25,Business Plan,Partnership,607.13,96.96,Completed
ORD_2319,CUST_989,2024-04-07,Basic Plan,TikTok,603.12,95.16,Completed
ORD_2320,CUST_911,2024-05-01,Basic Plan,Partnership,968.55,256.13,Completed
ORD_2321,CUST_839,2024-08-04,Pro Plan,Partnership,464.76,193.77,Completed
ORD_2322,CUST_51,2025-02-18,Add-on,Instagram,523.93,133.81,Completed
ORD_2323,CUST_722,2024-06-26,Business Plan,Partnership,254.07,56.79,Refunded
ORD_2324,CUST_518,2025-03-31,Enterprise Plan,Google Search,536.95,235.74,Completed
ORD_2325,CUST_191,2025-03-18,Basic Plan,Google Search,374.22,142.3,Completed
ORD_2326,CUST_1098,2024-11-27,Onboarding,LinkedIn,248.6,53.4,Completed
ORD_2327,CUST_853,2024-11-22,Business Plan,TikTok,796.84,263.15,Completed
ORD_2328,CUST_712,2024-04-02,Pro Plan,Partnership,301.63,120.09,Completed
ORD_2329,CUST_43,2024-11-25,Basic Plan,Partnership,237.59,45.57,Completed
ORD_2330,CUST_111,2024-03-14,Pro Plan,Google Search,347.88,81.77,Completed
ORD_2331,CUST_888,2024-10-27,Basic Plan,Referral,686.48,173.78,Cancelled
ORD_2332,CUST_627,2024-08-12,Business Plan,Instagram,729.55,325.49,Completed
ORD_2333,CUST_1083,2024-09-20,Basic Plan,LinkedIn,169.75,57.02,Completed
ORD_2334,CUST_344,2024-10-13,Basic Plan,Google Search,702.63,205.08,Completed
ORD_2335,CUST_1129,2025-03-02,Enterprise Plan,LinkedIn,1184.66,270.09,Completed
ORD_2336,CUST_1209,2024-08-26,Basic Plan,LinkedIn,765.27,173.86,Completed
ORD_2337,CUST_490,2024-05-18,Pro Plan,LinkedIn,588.76,141.17,Completed
ORD_2338,CUST_205,2025-06-14,Basic Plan,Google Search,906.66,198.44,Completed
ORD_2339,CUST_507,2024-04-28,Basic Plan,LinkedIn,1128.94,453.98,Completed
ORD_2340,CUST_486,2024-04-07,Basic Plan,LinkedIn,1130.29,438.65,Completed
ORD_2341,CUST_432,2024-05-05,Enterprise Plan,Partnership,405.72,176.16,Completed
ORD_2342,CUST_204,2025-05-31,Pro Plan,LinkedIn,204.91,55.12,Completed
ORD_2343,CUST_1380,2025-03-26,Business Plan,LinkedIn,26.95,6.42,Completed
ORD_2344,CUST_239,2024-08-27,Pro Plan,LinkedIn,867.88,169.1,Completed
ORD_2345,CUST_65,2025-05-31,Pro Plan,Instagram,499.07,145.19,Completed
ORD_2346,CUST_1337,2024-06-18,Basic Plan,Partnership,309.48,75.0,Completed
ORD_2347,CUST_883,2024-07-12,Enterprise Plan,Google Search,1097.56,492.14,Completed
ORD_2348,CUST_929,2025-02-25,Business Plan,Google Search,455.67,131.79,Cancelled
ORD_2349,CUST_949,2025-03-31,Basic Plan,LinkedIn,65.9,19.46,Completed
ORD_2350,CUST_948,2024-08-04,Pro Plan,LinkedIn,618.52,184.06,Completed
ORD_2351,CUST_181,2024-02-23,Basic Plan,Google Search,840.37,208.41,Completed
ORD_2352,CUST_43,2025-03-24,Pro Plan,Partnership,138.33,48.82,Completed
ORD_2353,CUST_1073,2024-02-08,Business Plan,LinkedIn,471.35,178.78,Refunded
ORD_2354,CUST_210,2025-04-19,Business Plan,Google Search,430.48,86.31,Completed
ORD_2355,CUST_856,2025-01-10,Pro Plan,Instagram,772.2,324.45,Completed
ORD_2356,CUST_1001,2024-08-06,Basic Plan,Partnership,709.31,195.8,Completed
ORD_2357,CUST_285,2024-08-23,Basic Plan,Google Search,381.77,101.69,Completed
ORD_2358,CUST_1278,2024-09-20,Basic Plan,Google Search,160.53,66.02,Completed
ORD_2359,CUST_197,2025-04-09,Business Plan,Google Search,861.8,228.49,Completed
ORD_2360,CUST_785,2024-10-17,Basic Plan,LinkedIn,840.99,182.55,Completed
ORD_2361,CUST_156,2025-04-12,Pro Plan,LinkedIn,395.74,139.58,Refunded
ORD_2362,CUST_359,2025-04-26,Pro Plan,LinkedIn,1139.09,259.39,Completed
ORD_2363,CUST_1281,2024-04-30,Pro Plan,Google Search,1029.17,158.6,Refunded
ORD_2364,CUST_307,2024-06-24,Basic Plan,LinkedIn,975.69,435.86,Refunded
ORD_2365,CUST_865,2025-06-19,Basic Plan,LinkedIn,1039.93,234.02,Completed
ORD_2366,CUST_737,2025-06-05,Enterprise Plan,Google Search,241.83,55.33,Completed
ORD_2367,CUST_932,2025-03-16,Onboarding,TikTok,430.34,103.04,Completed
ORD_2368,CUST_308,2024-04-20,Pro Plan,Google Search,348.43,64.68,Completed
ORD_2369,CUST_724,2024-11-02,Basic Plan,Referral,427.08,99.35,Completed
ORD_2370,CUST_978,2025-04-07,Add-on,Google Search,1106.3,352.44,Cancelled
ORD_2371,CUST_640,2025-01-25,Pro Plan,Google Search,94.13,40.84,Completed
ORD_2372,CUST_918,2024-02-21,Business Plan,LinkedIn,654.87,287.88,Completed
ORD_2373,CUST_41,2024-06-08,Business Plan,LinkedIn,341.85,152.53,Completed
ORD_2374,CUST_832,2024-03-16,Onboarding,LinkedIn,1091.94,429.85,Completed
ORD_2375,CUST_1379,2024-08-01,Business Plan,Referral,265.5,59.48,Completed
ORD_2376,CUST_561,2024-07-10,Add-on,LinkedIn,53.48,18.16,Completed
ORD_2377,CUST_1467,2025-02-24,Onboarding,Partnership,130.88,40.03,Refunded
ORD_2378,CUST_1210,2024-04-18,Enterprise Plan,Referral,184.68,79.51,Completed
ORD_2379,CUST_802,2024-12-07,Basic Plan,LinkedIn,692.8,230.32,Completed
ORD_2380,CUST_1013,2025-01-21,Onboarding,Google Search,307.66,53.41,Completed
ORD_2381,CUST_243,2025-06-25,Pro Plan,Event Walk-in,1195.08,192.6,Completed
ORD_2382,CUST_865,2024-04-15,Add-on,LinkedIn,930.83,216.94,Completed
ORD_2383,CUST_749,2024-01-23,Pro Plan,Referral,629.53,195.85,Completed
ORD_2384,CUST_272,2025-02-11,Basic Plan,Instagram,418.84,171.11,Completed
ORD_2385,CUST_721,2024-06-09,Basic Plan,Partnership,738.84,303.23,Cancelled
ORD_2386,CUST_587,2025-02-19,Business Plan,Instagram,513.6,226.05,Completed
ORD_2387,CUST_876,2024-06-24,Business Plan,Google Search,929.33,154.76,Completed
ORD_2388,CUST_841,2025-04-17,Add-on,TikTok,388.87,67.71,Completed
ORD_2389,CUST_1079,2024-08-28,Business Plan,Instagram,433.53,194.41,Completed
ORD_2390,CUST_288,2024-09-05,Pro Plan,Google Search,54.9,13.59,Completed
ORD_2391,CUST_482,2025-06-25,Basic Plan,Instagram,1028.01,324.1,Completed
ORD_2392,CUST_767,2024-04-24,Basic Plan,Google Search,324.61,117.41,Completed
ORD_2393,CUST_25,2024-07-05,Basic Plan,Google Search,832.36,129.13,Completed
ORD_2394,CUST_1134,2025-06-15,Basic Plan,LinkedIn,647.07,170.88,Cancelled
ORD_2395,CUST_1225,2024-03-28,Onboarding,Google Search,961.23,210.01,Completed
ORD_2396,CUST_809,2024-10-26,Basic Plan,LinkedIn,874.81,357.16,Completed
ORD_2397,CUST_1058,2025-06-09,Business Plan,Instagram,111.75,43.57,Completed
ORD_2398,CUST_120,2024-01-02,Pro Plan,TikTok,230.47,57.46,Completed
ORD_2399,CUST_888,2024-06-17,Onboarding,Referral,420.11,144.54,Completed
ORD_2400,CUST_1000,2025-05-08,Basic Plan,LinkedIn,891.08,149.66,Completed
ORD_2401,CUST_1095,2025-01-23,Enterprise Plan,Google Search,610.51,273.11,Completed
ORD_2402,CUST_1262,2024-06-29,Basic Plan,LinkedIn,1069.1,369.15,Completed
ORD_2403,CUST_1280,2024-06-10,Pro Plan,Google Search,205.86,72.19,Completed
ORD_2404,CUST_1111,2024-12-20,Basic Plan,Referral,1047.92,434.91,Completed
ORD_2405,CUST_585,2025-06-18,Basic Plan,LinkedIn,821.81,303.92,Completed
ORD_2406,CUST_1404,2024-06-15,Basic Plan,Google Search,915.98,218.51,Completed
ORD_2407,CUST_525,2024-09-30,Basic Plan,Google Search,593.96,137.38,Completed
ORD_2408,CUST_1401,2024-04-01,Basic Plan,LinkedIn,1059.42,430.26,Completed
ORD_2409,CUST_120,2024-11-04,Pro Plan,TikTok,28.2,5.81,Completed
ORD_2410,CUST_1500,2024-10-23,Pro Plan,Google Search,919.23,354.93,Completed
ORD_2411,CUST_1068,2024-06-23,Onboarding,Partnership,277.02,62.9,Completed
ORD_2412,CUST_1436,2025-06-30,Premium Support,Google Search,260.18,53.34,Completed
ORD_2413,CUST_638,2024-12-25,Pro Plan,LinkedIn,176.69,52.24,Completed
ORD_2414,CUST_39,2024-09-30,Basic Plan,LinkedIn,476.64,145.87,Completed
ORD_2415,CUST_392,2024-01-24,Basic Plan,Referral,866.05,335.7,Completed
ORD_2416,CUST_886,2024-04-09,Basic Plan,Instagram,134.67,57.51,Completed
ORD_2417,CUST_1484,2024-07-27,Business Plan,Partnership,831.35,262.1,Completed
ORD_2418,CUST_884,2024-02-10,Add-on,Instagram,904.12,205.92,Completed
ORD_2419,CUST_456,2024-04-16,Basic Plan,TikTok,692.95,242.3,Completed
ORD_2420,CUST_1046,2025-05-22,Basic Plan,Instagram,483.75,103.64,Completed
ORD_2421,CUST_772,2024-05-04,Basic Plan,Partnership,1022.53,337.8,Completed
ORD_2422,CUST_1063,2025-05-28,Enterprise Plan,Partnership,775.07,276.97,Completed
ORD_2423,CUST_1420,2025-05-25,Basic Plan,LinkedIn,867.45,283.66,Completed
ORD_2424,CUST_996,2024-12-23,Business Plan,LinkedIn,754.32,144.72,Completed
ORD_2425,CUST_180,2024-03-28,Pro Plan,Partnership,838.14,143.85,Completed
ORD_2426,CUST_628,2024-10-30,Business Plan,Instagram,668.8,187.48,Completed
ORD_2427,CUST_1074,2025-06-13,Pro Plan,Partnership,368.86,86.12,Completed
ORD_2428,CUST_262,2025-06-22,Enterprise Plan,Instagram,867.8,388.91,Completed
ORD_2429,CUST_335,2024-11-19,Enterprise Plan,TikTok,623.9,234.68,Completed
ORD_2430,CUST_1161,2024-07-30,Basic Plan,LinkedIn,628.12,131.93,Completed
ORD_2431,CUST_1428,2024-07-10,Basic Plan,Google Search,478.29,100.3,Completed
ORD_2432,CUST_747,2025-06-13,Basic Plan,Referral,325.6,120.27,Refunded
ORD_2433,CUST_820,2024-09-25,Pro Plan,Partnership,368.55,133.85,Completed
ORD_2434,CUST_1351,2024-12-13,Add-on,LinkedIn,940.6,366.48,Completed
ORD_2435,CUST_311,2025-06-16,Pro Plan,Instagram,449.03,197.28,Completed
ORD_2436,CUST_531,2024-08-26,Basic Plan,Instagram,685.13,299.64,Completed
ORD_2437,CUST_192,2024-05-31,Business Plan,Google Search,87.95,36.48,Completed
ORD_2438,CUST_374,2024-11-19,Pro Plan,Google Search,698.32,280.87,Refunded
ORD_2439,CUST_981,2025-02-07,Business Plan,Google Search,860.91,139.2,Completed
ORD_2440,CUST_137,2024-07-20,Basic Plan,LinkedIn,654.48,188.21,Completed
ORD_2441,CUST_393,2025-06-07,Basic Plan,LinkedIn,423.75,137.6,Completed
ORD_2442,CUST_983,2025-03-19,Pro Plan,TikTok,1157.64,442.93,Completed
ORD_2443,CUST_1019,2025-02-15,Business Plan,Instagram,652.65,241.55,Completed
ORD_2444,CUST_193,2024-08-23,Pro Plan,Instagram,1174.39,416.39,Completed
ORD_2445,CUST_74,2024-05-22,Pro Plan,Instagram,228.26,80.18,Completed
ORD_2446,CUST_878,2024-06-09,Onboarding,Google Search,701.34,301.56,Completed
ORD_2447,CUST_249,2024-08-19,Pro Plan,LinkedIn,667.96,202.37,Cancelled
ORD_2448,CUST_1301,2024-10-05,Basic Plan,LinkedIn,319.09,56.26,Cancelled
ORD_2449,CUST_1352,2025-01-25,Basic Plan,LinkedIn,71.21,14.56,Completed
ORD_2450,CUST_210,2024-12-24,Business Plan,Google Search,179.15,35.45,Completed
ORD_2451,CUST_658,2025-05-18,Basic Plan,LinkedIn,278.1,53.9,Completed
ORD_2452,CUST_35,2024-03-28,Pro Plan,LinkedIn,233.77,42.83,Refunded
ORD_2453,CUST_1411,2024-05-10,Pro Plan,Google Search,678.53,295.36,Completed
ORD_2454,CUST_1462,2024-06-30,Pro Plan,LinkedIn,76.59,17.35,Completed
ORD_2455,CUST_308,2025-06-06,Pro Plan,Google Search,1085.23,285.58,Refunded
ORD_2456,CUST_471,2025-04-20,Pro Plan,LinkedIn,485.05,112.01,Completed
ORD_2457,CUST_459,2024-12-12,Basic Plan,Google Search,729.77,141.54,Completed
ORD_2458,CUST_1282,2024-01-21,Business Plan,LinkedIn,634.29,259.89,Completed
ORD_2459,CUST_396,2024-07-24,Basic Plan,LinkedIn,378.59,124.94,Completed
ORD_2460,CUST_81,2024-09-06,Pro Plan,TikTok,562.91,238.46,Completed
ORD_2461,CUST_1103,2024-04-11,Enterprise Plan,Google Search,892.8,285.26,Completed
ORD_2462,CUST_1432,2024-11-06,Premium Support,LinkedIn,626.77,273.18,Completed
ORD_2463,CUST_90,2024-06-19,Add-on,Google Search,709.91,107.05,Completed
ORD_2464,CUST_1343,2024-02-05,Enterprise Plan,Google Search,522.74,116.89,Completed
ORD_2465,CUST_730,2024-12-28,Pro Plan,LinkedIn,324.58,112.74,Completed
ORD_2466,CUST_191,2024-12-09,Basic Plan,Google Search,53.73,14.21,Completed
ORD_2467,CUST_929,2024-08-04,Pro Plan,Google Search,916.05,231.02,Completed
ORD_2468,CUST_191,2025-06-13,Pro Plan,Google Search,1097.34,180.14,Completed
ORD_2469,CUST_532,2024-11-26,Pro Plan,LinkedIn,589.56,208.82,Completed
ORD_2470,CUST_805,2024-11-01,Enterprise Plan,Google Search,1044.59,259.97,Completed
ORD_2471,CUST_39,2024-03-31,Add-on,LinkedIn,141.39,39.07,Completed
ORD_2472,CUST_246,2025-03-21,Pro Plan,Google Search,149.97,46.6,Completed
ORD_2473,CUST_281,2024-10-17,Pro Plan,Google Search,429.76,104.46,Completed
ORD_2474,CUST_836,2024-04-20,Basic Plan,Instagram,937.64,250.58,Completed
ORD_2475,CUST_858,2024-12-28,Pro Plan,LinkedIn,67.47,19.2,Completed
ORD_2476,CUST_334,2024-04-24,Basic Plan,LinkedIn,1103.66,250.03,Completed
ORD_2477,CUST_1179,2024-09-14,Business Plan,Partnership,322.11,138.64,Completed
ORD_2478,CUST_355,2024-11-06,Basic Plan,LinkedIn,70.44,20.41,Completed
ORD_2479,CUST_1054,2025-03-30,Onboarding,LinkedIn,584.94,181.2,Cancelled
ORD_2480,CUST_819,2024-08-08,Add-on,Partnership,1061.0,292.04,Completed
ORD_2481,CUST_1393,2025-03-19,Pro Plan,Event Walk-in,583.47,118.23,Completed
ORD_2482,CUST_660,2024-07-27,Business Plan,LinkedIn,1105.89,321.82,Completed
ORD_2483,CUST_1228,2025-05-04,Basic Plan,Google Search,979.87,264.77,Completed
ORD_2484,CUST_306,2025-05-24,Pro Plan,LinkedIn,138.65,41.45,Completed
ORD_2485,CUST_294,2024-07-12,Enterprise Plan,LinkedIn,614.03,256.77,Completed
ORD_2486,CUST_614,2025-02-10,Basic Plan,Referral,225.63,62.05,Completed
ORD_2487,CUST_125,2025-06-19,Pro Plan,Google Search,319.08,69.49,Completed
ORD_2488,CUST_801,2025-05-19,Enterprise Plan,LinkedIn,342.16,103.57,Refunded
ORD_2489,CUST_1287,2024-03-01,Pro Plan,LinkedIn,460.41,151.56,Completed
ORD_2490,CUST_703,2024-06-10,Add-on,Partnership,627.84,278.31,Completed
ORD_2491,CUST_1273,2024-07-02,Enterprise Plan,Google Search,596.92,161.2,Completed
ORD_2492,CUST_903,2025-05-09,Enterprise Plan,Partnership,327.13,79.48,Completed
ORD_2493,CUST_994,2024-11-28,Premium Support,Event Walk-in,1145.53,424.28,Refunded
ORD_2494,CUST_1423,2024-09-15,Business Plan,Google Search,557.43,192.08,Completed
ORD_2495,CUST_238,2024-07-12,Enterprise Plan,LinkedIn,40.35,16.29,Completed
ORD_2496,CUST_164,2025-02-03,Basic Plan,LinkedIn,780.09,140.39,Completed
ORD_2497,CUST_425,2025-02-26,Basic Plan,Referral,1033.83,403.06,Completed
ORD_2498,CUST_196,2024-02-19,Premium Support,Google Search,991.65,361.42,Completed
ORD_2499,CUST_194,2024-12-24,Basic Plan,LinkedIn,511.38,189.98,Completed
ORD_2500,CUST_851,2024-01-26,Basic Plan,Google Search,348.79,56.41,Refunded
ORD_2501,CUST_830,2025-05-01,Business Plan,TikTok,1184.59,514.97,Completed
ORD_2502,CUST_1378,2024-11-07,Basic Plan,Partnership,423.68,145.69,Completed
ORD_2503,CUST_170,2024-03-06,Enterprise Plan,Partnership,497.57,77.91,Completed
ORD_2504,CUST_418,2025-03-25,Basic Plan,Google Search,91.11,14.19,Completed
ORD_2505,CUST_51,2025-03-28,Pro Plan,Instagram,319.27,83.35,Completed
ORD_2506,CUST_959,2024-05-22,Pro Plan,Instagram,604.56,148.32,Completed
ORD_2507,CUST_1008,2024-09-02,Onboarding,Instagram,650.04,218.19,Completed
ORD_2508,CUST_877,2024-03-25,Basic Plan,LinkedIn,729.02,190.56,Completed
ORD_2509,CUST_1254,2024-05-02,Onboarding,Instagram,467.11,73.93,Refunded
ORD_2510,CUST_550,2024-11-27,Pro Plan,Partnership,1060.09,455.84,Completed
ORD_2511,CUST_1446,2024-09-30,Basic Plan,LinkedIn,45.49,13.01,Completed
ORD_2512,CUST_414,2024-06-16,Basic Plan,LinkedIn,956.44,273.79,Completed
ORD_2513,CUST_807,2025-05-08,Basic Plan,Google Search,875.31,228.87,Completed
ORD_2514,CUST_223,2024-11-18,Pro Plan,Google Search,935.41,389.25,Completed
ORD_2515,CUST_445,2024-05-14,Pro Plan,Google Search,905.65,200.78,Completed
ORD_2516,CUST_768,2025-02-28,Basic Plan,TikTok,683.35,186.42,Completed
ORD_2517,CUST_667,2025-03-22,Basic Plan,LinkedIn,1031.25,165.45,Completed
ORD_2518,CUST_420,2024-06-30,Basic Plan,LinkedIn,752.47,338.37,Completed
ORD_2519,CUST_1493,2024-08-27,Pro Plan,Google Search,216.99,93.84,Completed
ORD_2520,CUST_1016,2024-12-08,Pro Plan,Instagram,1032.31,323.71,Completed
ORD_2521,CUST_759,2024-04-14,Basic Plan,LinkedIn,259.17,74.6,Completed
ORD_2522,CUST_1059,2024-02-06,Basic Plan,Partnership,143.07,42.94,Completed
ORD_2523,CUST_1222,2024-08-12,Premium Support,LinkedIn,179.48,78.54,Cancelled
ORD_2524,CUST_1318,2024-08-24,Pro Plan,Google Search,587.82,183.88,Cancelled
ORD_2525,CUST_1308,2024-05-07,Business Plan,LinkedIn,755.27,201.74,Cancelled
ORD_2526,CUST_1048,2024-04-04,Enterprise Plan,Google Search,374.15,108.08,Completed
ORD_2527,CUST_553,2024-11-13,Basic Plan,Google Search,431.63,169.51,Cancelled
ORD_2528,CUST_1033,2024-10-12,Pro Plan,LinkedIn,488.41,181.86,Completed
ORD_2529,CUST_932,2024-01-04,Basic Plan,TikTok,389.03,142.03,Completed
ORD_2530,CUST_1006,2024-07-10,Business Plan,Partnership,433.3,125.81,Completed
ORD_2531,CUST_622,2024-03-29,Basic Plan,Referral,610.13,193.34,Cancelled
ORD_2532,CUST_808,2025-04-25,Basic Plan,Google Search,935.21,270.81,Completed
ORD_2533,CUST_1124,2024-03-08,Enterprise Plan,LinkedIn,1153.27,316.25,Cancelled
ORD_2534,CUST_944,2024-01-29,Onboarding,Partnership,496.41,89.15,Completed
ORD_2535,CUST_13,2024-12-17,Pro Plan,Instagram,402.0,103.74,Completed
ORD_2536,CUST_83,2024-04-18,Premium Support,LinkedIn,396.68,71.25,Refunded
ORD_2537,CUST_1431,2024-08-09,Add-on,Instagram,581.47,211.38,Completed
ORD_2538,CUST_23,2025-04-14,Add-on,TikTok,235.11,73.88,Refunded
ORD_2539,CUST_1275,2024-11-29,Enterprise Plan,Event Walk-in,890.89,282.28,Completed
ORD_2540,CUST_218,2024-04-27,Onboarding,Event Walk-in,746.63,247.32,Refunded
ORD_2541,CUST_703,2024-01-13,Basic Plan,Partnership,124.5,42.85,Completed
ORD_2542,CUST_877,2024-05-30,Business Plan,LinkedIn,724.65,190.36,Completed
ORD_2543,CUST_925,2024-06-05,Business Plan,Google Search,982.71,403.28,Completed
ORD_2544,CUST_991,2025-06-11,Business Plan,Partnership,1125.92,237.63,Completed
ORD_2545,CUST_1084,2024-05-06,Basic Plan,Google Search,442.95,91.79,Completed
ORD_2546,CUST_683,2024-05-31,Onboarding,Partnership,1190.71,429.05,Completed
ORD_2547,CUST_822,2024-04-08,Pro Plan,Instagram,721.84,249.5,Completed
ORD_2548,CUST_1325,2025-03-28,Pro Plan,Google Search,191.39,85.55,Completed
ORD_2549,CUST_247,2024-09-07,Basic Plan,Instagram,758.67,197.6,Completed
ORD_2550,CUST_1265,2024-05-19,Pro Plan,TikTok,482.56,184.49,Completed
ORD_2551,CUST_1230,2024-08-11,Add-on,LinkedIn,1098.88,274.76,Completed
ORD_2552,CUST_1054,2024-11-23,Basic Plan,LinkedIn,806.32,206.97,Completed
ORD_2553,CUST_1451,2024-10-21,Business Plan,Google Search,1043.36,419.07,Cancelled
ORD_2554,CUST_1493,2025-05-28,Basic Plan,Google Search,189.28,58.41,Completed
ORD_2555,CUST_142,2025-02-26,Pro Plan,Google Search,602.55,199.53,Cancelled
ORD_2556,CUST_1008,2025-03-11,Basic Plan,Instagram,20.62,3.95,Completed
ORD_2557,CUST_549,2025-05-04,Basic Plan,Instagram,880.93,187.09,Completed
ORD_2558,CUST_324,2024-03-18,Business Plan,LinkedIn,882.41,217.25,Refunded
ORD_2559,CUST_969,2024-04-26,Pro Plan,Instagram,876.64,308.89,Completed
ORD_2560,CUST_239,2024-01-23,Pro Plan,LinkedIn,883.33,365.47,Completed
ORD_2561,CUST_1381,2024-07-22,Basic Plan,Google Search,484.08,188.94,Cancelled
ORD_2562,CUST_50,2025-04-15,Basic Plan,LinkedIn,468.88,146.0,Completed
ORD_2563,CUST_532,2024-10-18,Basic Plan,LinkedIn,67.08,15.48,Refunded
ORD_2564,CUST_909,2024-03-28,Basic Plan,LinkedIn,557.31,231.69,Completed
ORD_2565,CUST_673,2024-01-25,Business Plan,Instagram,250.26,100.67,Completed
ORD_2566,CUST_515,2024-11-13,Basic Plan,LinkedIn,795.95,275.24,Refunded
ORD_2567,CUST_326,2024-08-30,Business Plan,Google Search,1066.66,236.19,Completed
ORD_2568,CUST_420,2024-04-07,Pro Plan,LinkedIn,993.06,186.03,Completed
ORD_2569,CUST_874,2025-04-21,Basic Plan,Referral,967.5,308.44,Completed
ORD_2570,CUST_1129,2024-02-24,Basic Plan,LinkedIn,444.53,146.67,Completed
ORD_2571,CUST_21,2024-04-06,Basic Plan,Google Search,680.79,161.68,Completed
ORD_2572,CUST_1036,2024-10-03,Business Plan,TikTok,104.37,29.8,Completed
ORD_2573,CUST_1374,2024-01-26,Pro Plan,TikTok,245.39,50.39,Cancelled
ORD_2574,CUST_1409,2024-01-18,Business Plan,LinkedIn,839.92,307.15,Refunded
ORD_2575,CUST_1069,2025-02-26,Basic Plan,Partnership,505.12,100.57,Completed
ORD_2576,CUST_1345,2024-12-26,Enterprise Plan,Google Search,1056.09,188.96,Completed
ORD_2577,CUST_700,2025-06-22,Pro Plan,Google Search,461.9,186.78,Completed
ORD_2578,CUST_1252,2024-07-16,Business Plan,Google Search,824.86,131.35,Completed
ORD_2579,CUST_1322,2024-02-23,Pro Plan,Google Search,772.52,161.88,Refunded
ORD_2580,CUST_1335,2024-01-30,Basic Plan,Google Search,104.6,38.38,Completed
ORD_2581,CUST_618,2024-09-29,Basic Plan,Google Search,1017.01,266.35,Completed
ORD_2582,CUST_353,2024-05-04,Basic Plan,TikTok,555.23,138.26,Completed
ORD_2583,CUST_177,2024-10-11,Onboarding,Google Search,349.61,99.9,Completed
ORD_2584,CUST_681,2025-01-20,Enterprise Plan,Partnership,631.06,283.6,Completed
ORD_2585,CUST_1171,2024-08-01,Pro Plan,LinkedIn,263.44,72.55,Completed
ORD_2586,CUST_681,2024-12-21,Enterprise Plan,Partnership,762.37,236.93,Completed
ORD_2587,CUST_1162,2024-12-08,Basic Plan,Event Walk-in,484.04,111.42,Completed
ORD_2588,CUST_1319,2025-05-22,Basic Plan,Google Search,514.77,187.2,Completed
ORD_2589,CUST_1397,2024-01-20,Pro Plan,LinkedIn,533.15,144.26,Completed
ORD_2590,CUST_1364,2024-10-11,Basic Plan,Partnership,453.04,147.4,Completed
ORD_2591,CUST_383,2024-10-16,Pro Plan,Instagram,757.15,163.85,Completed
ORD_2592,CUST_1033,2024-12-07,Basic Plan,LinkedIn,950.36,381.96,Refunded
ORD_2593,CUST_474,2024-03-01,Basic Plan,LinkedIn,250.53,65.9,Completed
ORD_2594,CUST_391,2024-07-20,Basic Plan,LinkedIn,1096.51,454.15,Completed
ORD_2595,CUST_851,2024-08-19,Premium Support,Google Search,953.25,282.22,Completed
ORD_2596,CUST_6,2025-01-05,Business Plan,Google Search,968.93,177.02,Completed
ORD_2597,CUST_661,2025-04-03,Pro Plan,Google Search,923.0,194.69,Completed
ORD_2598,CUST_305,2025-01-12,Business Plan,LinkedIn,64.83,18.17,Completed
ORD_2599,CUST_151,2024-11-18,Business Plan,LinkedIn,812.63,330.15,Refunded
ORD_2600,CUST_378,2024-11-25,Pro Plan,LinkedIn,252.5,91.7,Refunded
ORD_2601,CUST_992,2024-12-06,Basic Plan,Partnership,909.22,232.21,Completed
ORD_2602,CUST_1097,2025-06-06,Pro Plan,Google Search,510.41,116.82,Completed
ORD_2603,CUST_881,2024-02-28,Basic Plan,LinkedIn,196.93,34.6,Completed
ORD_2604,CUST_545,2025-04-09,Pro Plan,Google Search,467.94,166.51,Completed
ORD_2605,CUST_403,2024-05-21,Basic Plan,LinkedIn,484.65,80.22,Completed
ORD_2606,CUST_819,2025-01-17,Pro Plan,Partnership,268.15,75.92,Completed
ORD_2607,CUST_256,2024-02-21,Pro Plan,LinkedIn,834.06,365.89,Completed
ORD_2608,CUST_1331,2025-01-25,Pro Plan,Google Search,257.94,66.36,Completed
ORD_2609,CUST_872,2024-02-01,Business Plan,Partnership,634.96,212.57,Completed
ORD_2610,CUST_178,2024-12-02,Pro Plan,Partnership,265.49,49.83,Cancelled
ORD_2611,CUST_807,2024-01-11,Basic Plan,Google Search,990.17,289.52,Completed
ORD_2612,CUST_1309,2024-09-30,Pro Plan,Google Search,240.86,72.18,Completed
ORD_2613,CUST_71,2024-11-23,Add-on,Google Search,428.34,127.28,Refunded
ORD_2614,CUST_420,2025-06-30,Pro Plan,LinkedIn,21.72,7.5,Completed
ORD_2615,CUST_825,2025-04-19,Pro Plan,Google Search,113.73,37.92,Completed
ORD_2616,CUST_1193,2024-12-31,Pro Plan,Google Search,1087.9,331.92,Completed
ORD_2617,CUST_1242,2024-07-01,Basic Plan,Google Search,37.55,15.89,Completed
ORD_2618,CUST_1388,2025-06-10,Basic Plan,Instagram,588.42,130.18,Completed
ORD_2619,CUST_149,2024-02-29,Basic Plan,Instagram,233.04,37.76,Completed
ORD_2620,CUST_127,2024-07-31,Basic Plan,LinkedIn,444.02,130.91,Completed
ORD_2621,CUST_921,2024-06-22,Add-on,LinkedIn,688.54,185.01,Completed
ORD_2622,CUST_457,2025-03-12,Basic Plan,LinkedIn,393.9,176.32,Completed
ORD_2623,CUST_1415,2024-08-29,Pro Plan,LinkedIn,968.26,206.12,Completed
ORD_2624,CUST_679,2025-03-24,Onboarding,Google Search,826.0,253.03,Completed
ORD_2625,CUST_1,2024-07-22,Basic Plan,LinkedIn,70.31,18.46,Completed
ORD_2626,CUST_1198,2024-09-11,Basic Plan,LinkedIn,125.61,35.46,Completed
ORD_2627,CUST_1386,2024-01-10,Enterprise Plan,LinkedIn,1146.5,291.13,Completed
ORD_2628,CUST_652,2024-11-07,Pro Plan,LinkedIn,592.12,161.96,Completed
ORD_2629,CUST_1421,2024-04-25,Basic Plan,LinkedIn,380.59,106.2,Completed
ORD_2630,CUST_23,2024-10-04,Add-on,TikTok,500.52,108.75,Completed
ORD_2631,CUST_1216,2024-12-03,Add-on,LinkedIn,965.79,319.73,Completed
ORD_2632,CUST_452,2024-09-09,Basic Plan,LinkedIn,994.16,363.42,Completed
ORD_2633,CUST_749,2024-05-18,Basic Plan,Referral,307.82,57.72,Completed
ORD_2634,CUST_906,2025-05-25,Basic Plan,Referral,742.0,243.05,Completed
ORD_2635,CUST_850,2024-12-14,Onboarding,Google Search,1093.33,431.68,Completed
ORD_2636,CUST_324,2024-05-16,Business Plan,LinkedIn,892.81,262.67,Completed
ORD_2637,CUST_69,2024-10-18,Add-on,Partnership,836.13,300.23,Completed
ORD_2638,CUST_667,2024-11-14,Enterprise Plan,LinkedIn,897.96,139.34,Completed
ORD_2639,CUST_935,2025-03-20,Onboarding,Partnership,476.67,128.69,Completed
ORD_2640,CUST_736,2024-10-10,Business Plan,LinkedIn,297.31,67.18,Refunded
ORD_2641,CUST_1446,2024-10-21,Basic Plan,LinkedIn,610.14,221.02,Completed
ORD_2642,CUST_178,2025-06-12,Add-on,Partnership,1054.28,235.14,Completed
ORD_2643,CUST_671,2024-01-10,Basic Plan,Google Search,402.92,127.01,Refunded
ORD_2644,CUST_330,2025-01-23,Pro Plan,Instagram,395.43,98.1,Completed
ORD_2645,CUST_1352,2024-07-03,Enterprise Plan,LinkedIn,614.75,227.74,Completed
ORD_2646,CUST_830,2024-06-20,Onboarding,TikTok,393.39,175.77,Completed
ORD_2647,CUST_282,2024-09-12,Business Plan,Referral,765.55,321.68,Completed
ORD_2648,CUST_420,2024-12-17,Basic Plan,LinkedIn,632.91,275.79,Completed
ORD_2649,CUST_445,2024-05-10,Basic Plan,Google Search,615.58,232.55,Completed
ORD_2650,CUST_1404,2025-05-26,Enterprise Plan,Google Search,56.33,24.12,Completed
ORD_2651,CUST_201,2024-07-18,Onboarding,Google Search,356.9,84.64,Completed
ORD_2652,CUST_1161,2024-11-24,Basic Plan,LinkedIn,614.38,242.08,Completed
ORD_2653,CUST_89,2024-11-16,Basic Plan,LinkedIn,792.45,201.11,Completed
ORD_2654,CUST_417,2025-05-14,Basic Plan,Partnership,626.98,171.72,Completed
ORD_2655,CUST_554,2025-06-24,Basic Plan,LinkedIn,309.81,90.83,Refunded
ORD_2656,CUST_610,2025-05-18,Onboarding,LinkedIn,752.7,254.61,Completed
ORD_2657,CUST_987,2024-05-29,Enterprise Plan,LinkedIn,21.89,5.57,Completed
ORD_2658,CUST_476,2024-02-14,Basic Plan,Google Search,484.58,196.55,Completed
ORD_2659,CUST_1047,2025-02-13,Basic Plan,LinkedIn,894.0,144.23,Completed
ORD_2660,CUST_580,2025-03-29,Pro Plan,LinkedIn,725.97,115.93,Completed
ORD_2661,CUST_342,2025-01-20,Enterprise Plan,Google Search,156.15,28.02,Completed
ORD_2662,CUST_1176,2025-06-20,Basic Plan,Partnership,853.7,194.12,Completed
ORD_2663,CUST_1082,2024-06-06,Onboarding,LinkedIn,309.86,60.64,Cancelled
ORD_2664,CUST_859,2024-09-23,Basic Plan,Google Search,419.48,121.59,Completed
ORD_2665,CUST_898,2025-06-01,Pro Plan,LinkedIn,1130.66,502.52,Completed
ORD_2666,CUST_907,2024-10-05,Business Plan,Instagram,725.16,276.6,Completed
ORD_2667,CUST_814,2024-09-10,Basic Plan,LinkedIn,42.41,18.61,Completed
ORD_2668,CUST_694,2024-09-22,Business Plan,LinkedIn,68.94,17.15,Completed
ORD_2669,CUST_593,2024-09-15,Basic Plan,TikTok,537.58,201.65,Completed
ORD_2670,CUST_1110,2024-07-15,Pro Plan,Google Search,934.18,181.14,Completed
ORD_2671,CUST_51,2024-08-15,Business Plan,Instagram,913.32,195.08,Completed
ORD_2672,CUST_1134,2024-11-07,Pro Plan,LinkedIn,973.42,184.4,Completed
ORD_2673,CUST_184,2024-09-03,Business Plan,LinkedIn,281.77,47.07,Completed
ORD_2674,CUST_917,2025-05-18,Basic Plan,LinkedIn,1076.52,322.26,Completed
ORD_2675,CUST_222,2024-12-19,Pro Plan,LinkedIn,362.62,114.45,Completed
ORD_2676,CUST_538,2024-07-01,Basic Plan,Partnership,570.36,227.74,Completed
ORD_2677,CUST_735,2025-03-22,Business Plan,LinkedIn,131.81,33.21,Completed
ORD_2678,CUST_801,2024-03-24,Pro Plan,LinkedIn,1180.56,320.54,Completed
ORD_2679,CUST_6,2025-04-12,Basic Plan,Google Search,203.3,69.46,Completed
ORD_2680,CUST_170,2024-01-10,Basic Plan,Partnership,535.51,234.26,Completed
ORD_2681,CUST_451,2025-02-05,Onboarding,Instagram,277.08,48.69,Completed
ORD_2682,CUST_560,2024-12-07,Premium Support,Partnership,1119.03,234.86,Completed
ORD_2683,CUST_571,2025-04-14,Pro Plan,Partnership,1011.84,400.3,Completed
ORD_2684,CUST_245,2025-06-04,Pro Plan,LinkedIn,1155.47,455.66,Completed
ORD_2685,CUST_1319,2024-02-17,Add-on,Google Search,282.35,66.4,Completed
ORD_2686,CUST_1116,2024-05-09,Basic Plan,LinkedIn,55.21,10.33,Completed
ORD_2687,CUST_543,2024-07-30,Basic Plan,Referral,929.13,171.26,Completed
ORD_2688,CUST_806,2025-06-13,Enterprise Plan,LinkedIn,327.5,95.77,Completed
ORD_2689,CUST_1176,2024-07-25,Enterprise Plan,Partnership,889.52,173.83,Completed
ORD_2690,CUST_265,2024-04-27,Basic Plan,Instagram,1069.0,351.0,Completed
ORD_2691,CUST_811,2024-04-16,Enterprise Plan,Google Search,673.3,276.07,Completed
ORD_2692,CUST_828,2024-11-18,Onboarding,Google Search,507.05,152.43,Completed
ORD_2693,CUST_487,2024-10-15,Basic Plan,Partnership,484.15,77.28,Completed
ORD_2694,CUST_190,2025-06-01,Premium Support,LinkedIn,425.43,78.93,Completed
ORD_2695,CUST_751,2025-01-22,Basic Plan,Referral,482.37,81.36,Completed
ORD_2696,CUST_1038,2024-03-17,Enterprise Plan,Google Search,857.01,161.09,Completed
ORD_2697,CUST_1141,2025-04-02,Basic Plan,Instagram,294.73,106.29,Completed
ORD_2698,CUST_635,2025-04-23,Business Plan,LinkedIn,656.86,174.78,Completed
ORD_2699,CUST_464,2024-04-17,Enterprise Plan,LinkedIn,819.7,142.22,Completed
ORD_2700,CUST_1056,2024-10-16,Basic Plan,Google Search,234.12,55.89,Completed
ORD_2701,CUST_189,2024-03-10,Pro Plan,TikTok,1177.42,417.15,Completed
ORD_2702,CUST_361,2025-03-11,Basic Plan,Google Search,763.71,231.06,Completed
ORD_2703,CUST_738,2024-02-01,Basic Plan,Instagram,502.95,187.08,Cancelled
ORD_2704,CUST_1408,2024-02-21,Pro Plan,Google Search,579.41,108.0,Completed
ORD_2705,CUST_485,2025-05-06,Basic Plan,Google Search,949.69,305.19,Completed
ORD_2706,CUST_491,2025-03-22,Basic Plan,LinkedIn,146.73,60.86,Completed
ORD_2707,CUST_343,2025-01-23,Business Plan,Partnership,1148.59,277.43,Refunded
ORD_2708,CUST_444,2024-06-04,Basic Plan,Event Walk-in,1052.02,374.73,Completed
ORD_2709,CUST_701,2024-03-30,Basic Plan,Google Search,406.12,114.41,Completed
ORD_2710,CUST_208,2024-10-27,Pro Plan,Google Search,27.56,9.79,Completed
ORD_2711,CUST_1489,2025-03-23,Premium Support,Google Search,342.9,116.42,Completed
ORD_2712,CUST_1181,2025-02-09,Business Plan,Instagram,686.27,250.53,Completed
ORD_2713,CUST_1291,2024-06-30,Basic Plan,Event Walk-in,937.08,343.84,Completed
ORD_2714,CUST_831,2024-05-14,Pro Plan,Instagram,861.2,385.74,Cancelled
ORD_2715,CUST_751,2024-03-01,Add-on,Referral,102.38,38.97,Completed
ORD_2716,CUST_1066,2024-09-15,Basic Plan,LinkedIn,124.0,41.63,Completed
ORD_2717,CUST_1024,2024-03-31,Pro Plan,LinkedIn,51.55,19.12,Completed
ORD_2718,CUST_679,2024-03-02,Pro Plan,Google Search,693.95,197.78,Completed
ORD_2719,CUST_37,2025-05-11,Pro Plan,TikTok,1043.39,310.45,Refunded
ORD_2720,CUST_626,2024-01-30,Basic Plan,LinkedIn,1169.39,181.46,Completed
ORD_2721,CUST_1346,2024-03-26,Business Plan,LinkedIn,283.77,68.34,Completed
ORD_2722,CUST_305,2024-12-17,Basic Plan,LinkedIn,1012.59,340.29,Cancelled
ORD_2723,CUST_40,2024-05-29,Pro Plan,Referral,29.9,7.32,Completed
ORD_2724,CUST_1492,2024-04-30,Pro Plan,Partnership,889.74,245.18,Completed
ORD_2725,CUST_453,2025-01-14,Business Plan,Partnership,166.62,54.01,Completed
ORD_2726,CUST_1087,2024-10-16,Enterprise Plan,Google Search,632.0,227.92,Completed
ORD_2727,CUST_130,2024-09-21,Add-on,TikTok,297.59,86.77,Completed
ORD_2728,CUST_995,2025-04-03,Basic Plan,Partnership,364.66,109.2,Completed
ORD_2729,CUST_819,2025-05-09,Pro Plan,Partnership,533.64,90.09,Completed
ORD_2730,CUST_253,2025-01-04,Enterprise Plan,Google Search,881.43,164.48,Completed
ORD_2731,CUST_325,2024-05-27,Pro Plan,LinkedIn,228.74,84.31,Completed
ORD_2732,CUST_201,2024-12-25,Pro Plan,Google Search,819.48,130.4,Completed
ORD_2733,CUST_16,2024-09-10,Basic Plan,Partnership,1060.72,365.47,Completed
ORD_2734,CUST_305,2024-01-01,Business Plan,LinkedIn,732.99,143.7,Completed
ORD_2735,CUST_1352,2024-12-13,Basic Plan,LinkedIn,1144.14,317.07,Completed
ORD_2736,CUST_227,2024-06-18,Basic Plan,Google Search,818.33,267.62,Completed
ORD_2737,CUST_549,2024-10-27,Business Plan,Instagram,143.5,35.74,Completed
ORD_2738,CUST_716,2024-01-03,Business Plan,TikTok,277.77,107.17,Completed
ORD_2739,CUST_1016,2024-06-15,Basic Plan,Instagram,529.65,192.22,Completed
ORD_2740,CUST_1481,2025-05-25,Premium Support,LinkedIn,926.97,264.97,Completed
ORD_2741,CUST_1283,2024-12-06,Add-on,LinkedIn,832.29,274.77,Completed
ORD_2742,CUST_929,2024-03-22,Basic Plan,Google Search,69.83,12.18,Completed
ORD_2743,CUST_374,2024-03-30,Business Plan,Google Search,1199.57,381.53,Completed
ORD_2744,CUST_260,2025-02-15,Pro Plan,LinkedIn,1105.7,394.21,Completed
ORD_2745,CUST_983,2025-03-22,Business Plan,TikTok,186.18,46.07,Completed
ORD_2746,CUST_916,2025-03-05,Onboarding,Partnership,751.88,196.98,Completed
ORD_2747,CUST_907,2025-05-26,Enterprise Plan,Instagram,1094.57,446.71,Completed
ORD_2748,CUST_1226,2025-06-07,Pro Plan,Google Search,341.13,125.49,Completed
ORD_2749,CUST_1120,2024-06-06,Pro Plan,LinkedIn,388.93,64.23,Completed
ORD_2750,CUST_1459,2024-01-06,Enterprise Plan,Google Search,462.69,184.0,Completed
ORD_2751,CUST_761,2024-05-10,Onboarding,TikTok,880.69,224.0,Completed
ORD_2752,CUST_1345,2024-05-20,Basic Plan,Google Search,1172.82,342.31,Completed
ORD_2753,CUST_1339,2024-04-10,Onboarding,LinkedIn,439.08,195.62,Completed
ORD_2754,CUST_242,2024-10-23,Add-on,Instagram,525.87,141.05,Completed
ORD_2755,CUST_46,2024-10-01,Add-on,Instagram,360.21,109.77,Completed
ORD_2756,CUST_339,2024-05-25,Add-on,LinkedIn,640.0,267.91,Cancelled
ORD_2757,CUST_633,2024-11-01,Add-on,TikTok,195.6,59.33,Completed
ORD_2758,CUST_141,2024-01-16,Basic Plan,Referral,666.38,225.35,Completed
ORD_2759,CUST_35,2024-04-11,Pro Plan,LinkedIn,309.95,84.22,Completed
ORD_2760,CUST_1061,2024-03-02,Business Plan,Instagram,707.63,173.78,Completed
ORD_2761,CUST_1111,2025-05-02,Business Plan,Referral,1168.95,456.17,Completed
ORD_2762,CUST_161,2024-10-01,Pro Plan,Instagram,100.87,37.85,Completed
ORD_2763,CUST_1251,2024-12-09,Pro Plan,LinkedIn,630.5,265.36,Completed
ORD_2764,CUST_1047,2024-10-17,Pro Plan,LinkedIn,873.98,206.75,Completed
ORD_2765,CUST_583,2024-08-12,Business Plan,Instagram,809.75,339.23,Completed
ORD_2766,CUST_771,2024-10-13,Basic Plan,Google Search,211.6,37.23,Refunded
ORD_2767,CUST_175,2024-01-29,Basic Plan,Google Search,369.75,165.41,Completed
ORD_2768,CUST_307,2025-01-03,Pro Plan,LinkedIn,1198.91,529.32,Completed
ORD_2769,CUST_472,2024-02-09,Onboarding,Instagram,155.82,40.3,Completed
ORD_2770,CUST_64,2024-08-13,Business Plan,Partnership,967.9,312.23,Completed
ORD_2771,CUST_831,2025-02-08,Pro Plan,Instagram,593.35,190.43,Refunded
ORD_2772,CUST_708,2024-06-13,Pro Plan,Instagram,1164.6,482.98,Completed
ORD_2773,CUST_191,2025-05-21,Pro Plan,Google Search,133.97,22.74,Completed
ORD_2774,CUST_657,2024-10-19,Pro Plan,Instagram,235.72,47.96,Completed
ORD_2775,CUST_1001,2025-04-12,Business Plan,Partnership,963.84,221.38,Completed
ORD_2776,CUST_409,2025-04-03,Basic Plan,Instagram,879.07,329.03,Completed
ORD_2777,CUST_531,2025-03-28,Onboarding,Instagram,147.93,59.87,Completed
ORD_2778,CUST_18,2024-10-18,Enterprise Plan,LinkedIn,671.74,163.33,Completed
ORD_2779,CUST_180,2024-11-11,Pro Plan,Partnership,817.38,199.81,Completed
ORD_2780,CUST_307,2024-08-10,Business Plan,LinkedIn,369.16,75.19,Completed
ORD_2781,CUST_1464,2025-02-28,Basic Plan,Instagram,852.58,282.01,Completed
ORD_2782,CUST_1166,2025-05-14,Basic Plan,LinkedIn,831.17,325.05,Completed
ORD_2783,CUST_1140,2024-09-14,Pro Plan,LinkedIn,922.33,361.55,Completed
ORD_2784,CUST_278,2024-08-14,Business Plan,Partnership,694.8,289.13,Completed
ORD_2785,CUST_1224,2024-04-08,Basic Plan,TikTok,932.08,189.56,Completed
ORD_2786,CUST_422,2025-06-29,Onboarding,Referral,935.59,372.81,Completed
ORD_2787,CUST_570,2024-12-04,Pro Plan,LinkedIn,155.14,63.72,Completed
ORD_2788,CUST_9,2025-02-24,Pro Plan,Google Search,1174.4,269.34,Refunded
ORD_2789,CUST_1110,2024-07-07,Basic Plan,Google Search,1175.25,486.45,Completed
ORD_2790,CUST_922,2024-11-03,Pro Plan,Partnership,785.04,168.54,Completed
ORD_2791,CUST_86,2025-03-11,Pro Plan,Event Walk-in,793.96,130.29,Completed
ORD_2792,CUST_968,2024-04-24,Onboarding,LinkedIn,574.61,255.39,Completed
ORD_2793,CUST_770,2025-03-18,Premium Support,Partnership,599.91,178.19,Completed
ORD_2794,CUST_165,2025-03-05,Basic Plan,Partnership,50.6,21.06,Completed
ORD_2795,CUST_331,2024-12-16,Basic Plan,LinkedIn,69.01,30.91,Refunded
ORD_2796,CUST_427,2025-05-23,Basic Plan,Google Search,985.5,152.56,Refunded
ORD_2797,CUST_1482,2024-12-04,Add-on,Partnership,185.47,46.9,Completed
ORD_2798,CUST_53,2024-09-07,Enterprise Plan,LinkedIn,1061.18,348.14,Completed
ORD_2799,CUST_449,2024-06-02,Business Plan,Google Search,914.1,182.87,Cancelled
ORD_2800,CUST_746,2024-01-15,Pro Plan,LinkedIn,510.82,100.82,Completed
ORD_2801,CUST_790,2024-02-22,Pro Plan,LinkedIn,862.83,250.66,Completed
ORD_2802,CUST_737,2024-05-08,Business Plan,Google Search,1148.72,324.59,Completed
ORD_2803,CUST_151,2024-01-10,Business Plan,LinkedIn,1181.17,315.57,Completed
ORD_2804,CUST_1061,2024-05-12,Enterprise Plan,Instagram,517.82,86.77,Completed
ORD_2805,CUST_400,2024-09-23,Pro Plan,LinkedIn,387.71,123.97,Completed
ORD_2806,CUST_19,2024-04-10,Enterprise Plan,Partnership,1123.41,336.76,Cancelled
ORD_2807,CUST_319,2024-05-28,Business Plan,LinkedIn,775.63,347.56,Completed
ORD_2808,CUST_1370,2024-06-27,Pro Plan,Partnership,948.4,342.19,Completed
ORD_2809,CUST_912,2025-04-10,Pro Plan,Instagram,1092.95,350.8,Completed
ORD_2810,CUST_891,2024-10-19,Business Plan,TikTok,194.26,45.19,Completed
ORD_2811,CUST_1347,2024-12-31,Basic Plan,LinkedIn,581.95,243.05,Completed
ORD_2812,CUST_420,2024-09-24,Basic Plan,LinkedIn,972.57,149.27,Completed
ORD_2813,CUST_1334,2024-10-29,Business Plan,TikTok,445.17,110.0,Completed
ORD_2814,CUST_1204,2024-07-22,Business Plan,LinkedIn,507.72,198.31,Completed
ORD_2815,CUST_164,2025-05-06,Onboarding,LinkedIn,369.89,76.04,Completed
ORD_2816,CUST_1213,2024-09-09,Basic Plan,Google Search,801.55,348.89,Completed
ORD_2817,CUST_1270,2024-07-19,Onboarding,Partnership,1043.29,395.41,Completed
ORD_2818,CUST_1145,2024-06-28,Business Plan,LinkedIn,473.22,207.7,Completed
ORD_2819,CUST_96,2025-03-05,Pro Plan,Partnership,68.52,15.39,Completed
ORD_2820,CUST_925,2025-03-15,Basic Plan,Google Search,235.39,60.64,Completed
ORD_2821,CUST_576,2025-04-07,Basic Plan,LinkedIn,104.6,23.41,Completed
ORD_2822,CUST_722,2025-05-05,Pro Plan,Partnership,882.73,268.14,Completed
ORD_2823,CUST_588,2025-01-09,Business Plan,TikTok,556.64,121.31,Completed
ORD_2824,CUST_516,2024-08-25,Onboarding,Partnership,1147.9,357.82,Cancelled
ORD_2825,CUST_826,2024-09-29,Basic Plan,LinkedIn,88.93,32.03,Completed
ORD_2826,CUST_997,2024-12-01,Pro Plan,LinkedIn,603.52,96.22,Completed
ORD_2827,CUST_432,2025-06-24,Basic Plan,Partnership,1037.13,234.35,Completed
ORD_2828,CUST_1054,2025-02-28,Pro Plan,LinkedIn,403.76,79.65,Cancelled
ORD_2829,CUST_1076,2025-05-18,Add-on,Google Search,1175.22,330.01,Completed
ORD_2830,CUST_889,2024-11-09,Basic Plan,LinkedIn,800.69,135.71,Completed
ORD_2831,CUST_333,2025-01-20,Pro Plan,Google Search,234.89,81.14,Completed
ORD_2832,CUST_1132,2024-02-05,Basic Plan,TikTok,784.6,267.47,Completed
ORD_2833,CUST_601,2025-05-06,Enterprise Plan,LinkedIn,86.09,33.84,Completed
ORD_2834,CUST_977,2024-02-02,Business Plan,LinkedIn,49.08,18.38,Completed
ORD_2835,CUST_545,2025-03-28,Basic Plan,Google Search,1113.48,446.29,Cancelled
ORD_2836,CUST_111,2024-02-11,Add-on,Google Search,322.44,115.26,Completed
ORD_2837,CUST_204,2025-06-06,Basic Plan,LinkedIn,263.14,112.29,Completed
ORD_2838,CUST_72,2025-03-24,Basic Plan,Google Search,897.55,188.94,Completed
ORD_2839,CUST_602,2024-06-29,Enterprise Plan,LinkedIn,1152.89,306.93,Completed
ORD_2840,CUST_614,2024-02-28,Business Plan,Referral,685.44,131.24,Completed
ORD_2841,CUST_38,2024-11-13,Basic Plan,LinkedIn,847.98,238.17,Completed
ORD_2842,CUST_238,2025-01-30,Pro Plan,LinkedIn,870.95,225.35,Refunded
ORD_2843,CUST_623,2024-06-25,Basic Plan,Partnership,865.81,310.98,Completed
ORD_2844,CUST_1161,2024-07-18,Add-on,LinkedIn,174.18,59.6,Completed
ORD_2845,CUST_1019,2024-02-03,Pro Plan,Instagram,180.66,67.46,Completed
ORD_2846,CUST_1155,2025-01-19,Onboarding,LinkedIn,647.2,164.6,Completed
ORD_2847,CUST_366,2025-05-02,Enterprise Plan,Partnership,1012.2,404.33,Completed
ORD_2848,CUST_328,2025-03-16,Basic Plan,Google Search,553.36,112.04,Completed
ORD_2849,CUST_952,2024-10-31,Pro Plan,LinkedIn,913.32,217.99,Refunded
ORD_2850,CUST_653,2024-07-13,Pro Plan,Instagram,934.15,283.55,Completed
ORD_2851,CUST_676,2024-01-25,Basic Plan,LinkedIn,889.48,152.26,Completed
ORD_2852,CUST_1064,2024-12-17,Basic Plan,LinkedIn,360.1,61.37,Completed
ORD_2853,CUST_1113,2025-06-30,Business Plan,Referral,813.29,179.39,Completed
ORD_2854,CUST_694,2024-04-13,Enterprise Plan,LinkedIn,579.86,124.52,Completed
ORD_2855,CUST_470,2024-03-01,Premium Support,Partnership,654.36,242.98,Completed
ORD_2856,CUST_160,2024-11-08,Basic Plan,LinkedIn,855.82,260.85,Completed
ORD_2857,CUST_180,2024-11-02,Pro Plan,Partnership,793.85,231.23,Completed
ORD_2858,CUST_334,2025-01-26,Onboarding,LinkedIn,783.73,253.39,Completed
ORD_2859,CUST_40,2024-01-23,Onboarding,Referral,1041.81,315.99,Completed
ORD_2860,CUST_1257,2024-11-18,Basic Plan,LinkedIn,355.06,57.28,Completed
ORD_2861,CUST_940,2024-05-31,Basic Plan,LinkedIn,221.81,54.82,Completed
ORD_2862,CUST_265,2025-06-30,Pro Plan,Instagram,169.51,47.0,Completed
ORD_2863,CUST_395,2024-05-20,Basic Plan,LinkedIn,506.4,174.42,Completed
ORD_2864,CUST_1121,2024-12-18,Basic Plan,Google Search,343.89,82.41,Refunded
ORD_2865,CUST_1216,2024-11-14,Onboarding,LinkedIn,1136.64,352.09,Completed
ORD_2866,CUST_899,2024-02-29,Enterprise Plan,LinkedIn,703.19,272.22,Completed
ORD_2867,CUST_1160,2025-05-28,Premium Support,LinkedIn,334.81,68.01,Completed
ORD_2868,CUST_957,2024-03-15,Basic Plan,Google Search,522.93,125.22,Completed
ORD_2869,CUST_1313,2024-06-18,Premium Support,Google Search,736.39,231.91,Completed
ORD_2870,CUST_1137,2024-02-23,Basic Plan,Partnership,1091.1,213.6,Completed
ORD_2871,CUST_173,2025-04-07,Basic Plan,Google Search,398.06,61.81,Completed
ORD_2872,CUST_1446,2024-04-08,Pro Plan,LinkedIn,753.22,198.47,Completed
ORD_2873,CUST_102,2024-04-08,Onboarding,Partnership,963.87,315.33,Completed
ORD_2874,CUST_1026,2024-09-24,Add-on,LinkedIn,212.64,64.64,Completed
ORD_2875,CUST_1054,2025-02-02,Basic Plan,LinkedIn,221.29,84.73,Completed
ORD_2876,CUST_810,2024-01-11,Pro Plan,LinkedIn,510.17,147.64,Completed
ORD_2877,CUST_115,2024-06-11,Business Plan,Event Walk-in,1106.38,417.32,Completed
ORD_2878,CUST_1306,2024-05-06,Pro Plan,Google Search,538.67,150.68,Refunded
ORD_2879,CUST_1138,2024-03-21,Pro Plan,Google Search,712.19,255.48,Completed
ORD_2880,CUST_1081,2025-04-17,Basic Plan,Google Search,528.5,138.96,Completed
ORD_2881,CUST_684,2025-06-03,Basic Plan,LinkedIn,1090.24,291.62,Completed
ORD_2882,CUST_1093,2024-02-19,Business Plan,Google Search,596.19,176.37,Completed
ORD_2883,CUST_9,2024-02-03,Business Plan,Google Search,448.96,107.43,Completed
ORD_2884,CUST_73,2024-02-22,Basic Plan,Google Search,1135.35,424.27,Completed
ORD_2885,CUST_281,2025-06-16,Basic Plan,Google Search,205.06,46.97,Completed
ORD_2886,CUST_426,2025-02-01,Business Plan,Google Search,451.11,131.84,Completed
ORD_2887,CUST_710,2024-03-18,Basic Plan,Partnership,940.77,266.91,Completed
ORD_2888,CUST_602,2024-07-11,Basic Plan,LinkedIn,256.46,110.63,Completed
ORD_2889,CUST_370,2024-07-21,Basic Plan,LinkedIn,633.74,218.16,Completed
ORD_2890,CUST_967,2025-05-06,Basic Plan,LinkedIn,595.7,196.39,Completed
ORD_2891,CUST_114,2024-07-17,Enterprise Plan,LinkedIn,824.54,351.65,Completed
ORD_2892,CUST_1352,2024-05-12,Pro Plan,LinkedIn,169.18,30.02,Completed
ORD_2893,CUST_1041,2024-06-13,Business Plan,Google Search,562.28,250.66,Completed
ORD_2894,CUST_504,2025-03-03,Basic Plan,LinkedIn,662.35,286.89,Completed
ORD_2895,CUST_998,2024-01-04,Pro Plan,LinkedIn,160.5,48.32,Completed
ORD_2896,CUST_181,2025-01-26,Business Plan,Google Search,857.97,287.86,Completed
ORD_2897,CUST_238,2025-02-16,Pro Plan,LinkedIn,412.14,177.61,Completed
ORD_2898,CUST_1071,2025-04-26,Basic Plan,LinkedIn,639.99,211.33,Completed
ORD_2899,CUST_113,2024-04-27,Basic Plan,Google Search,811.1,285.52,Completed
ORD_2900,CUST_1219,2024-01-12,Basic Plan,LinkedIn,214.37,39.47,Completed
ORD_2901,CUST_357,2024-09-28,Business Plan,Google Search,826.02,155.12,Completed
ORD_2902,CUST_1366,2024-01-27,Business Plan,Partnership,104.77,42.66,Completed
ORD_2903,CUST_1223,2025-04-23,Basic Plan,Google Search,1088.77,321.75,Completed
ORD_2904,CUST_954,2024-01-27,Basic Plan,Instagram,943.87,381.89,Cancelled
ORD_2905,CUST_287,2025-01-20,Basic Plan,LinkedIn,300.2,115.39,Completed
ORD_2906,CUST_703,2025-01-04,Pro Plan,Partnership,53.78,15.07,Completed
ORD_2907,CUST_10,2024-03-07,Premium Support,Google Search,288.31,86.91,Completed
ORD_2908,CUST_908,2024-03-22,Basic Plan,LinkedIn,590.06,227.66,Completed
ORD_2909,CUST_1347,2024-07-09,Onboarding,LinkedIn,407.93,111.96,Completed
ORD_2910,CUST_1436,2025-04-22,Business Plan,Google Search,365.36,124.17,Completed
ORD_2911,CUST_613,2024-02-11,Basic Plan,LinkedIn,1045.42,406.68,Completed
ORD_2912,CUST_391,2024-10-07,Basic Plan,LinkedIn,200.39,52.45,Completed
ORD_2913,CUST_1034,2024-08-24,Basic Plan,Google Search,530.05,151.1,Completed
ORD_2914,CUST_1287,2024-08-22,Business Plan,LinkedIn,128.07,49.65,Completed
ORD_2915,CUST_124,2025-02-07,Basic Plan,LinkedIn,927.24,246.03,Completed
ORD_2916,CUST_379,2024-03-27,Basic Plan,Partnership,1009.68,231.78,Completed
ORD_2917,CUST_715,2024-03-03,Basic Plan,Instagram,921.41,269.87,Completed
ORD_2918,CUST_787,2025-01-18,Enterprise Plan,Google Search,1119.99,287.71,Completed
ORD_2919,CUST_904,2024-01-13,Pro Plan,LinkedIn,775.45,346.44,Completed
ORD_2920,CUST_533,2024-10-02,Pro Plan,Instagram,499.12,212.91,Completed
ORD_2921,CUST_454,2024-10-30,Basic Plan,LinkedIn,443.36,76.27,Completed
ORD_2922,CUST_875,2024-11-18,Business Plan,Referral,941.02,215.97,Completed
ORD_2923,CUST_1322,2024-01-06,Pro Plan,Google Search,757.23,309.44,Refunded
ORD_2924,CUST_229,2025-02-21,Enterprise Plan,LinkedIn,1158.42,334.1,Completed
ORD_2925,CUST_458,2025-03-01,Pro Plan,Google Search,521.43,195.11,Completed
ORD_2926,CUST_1491,2025-01-30,Business Plan,Partnership,795.86,324.28,Completed
ORD_2927,CUST_373,2025-03-10,Business Plan,LinkedIn,32.55,8.3,Refunded
ORD_2928,CUST_391,2024-02-11,Pro Plan,LinkedIn,130.27,24.45,Completed
ORD_2929,CUST_161,2024-12-29,Premium Support,Instagram,1161.21,460.35,Completed
ORD_2930,CUST_110,2024-01-12,Pro Plan,LinkedIn,757.98,221.18,Completed
ORD_2931,CUST_1160,2025-05-07,Enterprise Plan,LinkedIn,780.93,165.92,Completed
ORD_2932,CUST_304,2024-08-08,Pro Plan,Partnership,561.11,123.76,Completed
ORD_2933,CUST_914,2025-01-05,Pro Plan,Instagram,174.0,67.96,Cancelled
ORD_2934,CUST_106,2024-01-01,Pro Plan,LinkedIn,942.51,343.6,Completed
ORD_2935,CUST_147,2025-03-15,Premium Support,LinkedIn,934.49,244.84,Completed
ORD_2936,CUST_1064,2025-01-20,Business Plan,LinkedIn,130.67,22.95,Completed
ORD_2937,CUST_156,2024-01-10,Basic Plan,LinkedIn,168.93,57.09,Completed
ORD_2938,CUST_1345,2024-03-11,Basic Plan,Google Search,654.51,254.52,Completed
ORD_2939,CUST_639,2025-01-21,Business Plan,LinkedIn,866.34,355.24,Completed
ORD_2940,CUST_532,2024-05-13,Pro Plan,LinkedIn,684.04,127.83,Completed
ORD_2941,CUST_400,2025-05-25,Pro Plan,LinkedIn,946.34,238.13,Completed
ORD_2942,CUST_269,2024-08-14,Business Plan,Instagram,794.72,280.94,Completed
ORD_2943,CUST_548,2024-11-14,Basic Plan,LinkedIn,677.7,132.59,Completed
ORD_2944,CUST_1380,2025-03-02,Onboarding,LinkedIn,410.8,107.09,Completed
ORD_2945,CUST_832,2024-03-21,Business Plan,LinkedIn,847.3,325.95,Cancelled
ORD_2946,CUST_348,2024-10-02,Basic Plan,Google Search,176.2,53.45,Refunded
ORD_2947,CUST_1318,2024-05-16,Basic Plan,Google Search,238.81,42.14,Completed
ORD_2948,CUST_1353,2024-09-08,Basic Plan,Partnership,926.79,323.13,Completed
ORD_2949,CUST_1074,2025-02-01,Business Plan,Partnership,941.08,336.62,Completed
ORD_2950,CUST_399,2024-09-15,Business Plan,LinkedIn,277.76,88.67,Refunded
ORD_2951,CUST_700,2024-09-23,Basic Plan,Google Search,335.22,90.43,Completed
ORD_2952,CUST_1055,2025-05-18,Pro Plan,LinkedIn,1006.54,175.03,Completed
ORD_2953,CUST_92,2024-09-05,Basic Plan,Google Search,255.12,43.85,Completed
ORD_2954,CUST_315,2024-12-12,Basic Plan,Referral,408.21,119.67,Completed
ORD_2955,CUST_1310,2024-01-07,Onboarding,Google Search,38.06,13.63,Completed
ORD_2956,CUST_916,2024-01-13,Basic Plan,Partnership,61.3,17.66,Completed
ORD_2957,CUST_998,2024-01-15,Basic Plan,LinkedIn,881.65,198.56,Completed
ORD_2958,CUST_79,2024-07-08,Business Plan,LinkedIn,262.04,116.21,Completed
ORD_2959,CUST_1217,2024-07-28,Basic Plan,LinkedIn,642.49,280.58,Completed
ORD_2960,CUST_753,2024-07-09,Enterprise Plan,LinkedIn,192.79,34.48,Completed
ORD_2961,CUST_702,2024-12-11,Pro Plan,Google Search,985.95,226.19,Refunded
ORD_2962,CUST_310,2025-01-28,Enterprise Plan,Instagram,336.83,92.44,Completed
ORD_2963,CUST_72,2024-10-28,Enterprise Plan,Google Search,181.05,47.22,Completed
ORD_2964,CUST_1349,2024-11-10,Business Plan,TikTok,1075.78,239.1,Completed
ORD_2965,CUST_543,2024-11-14,Pro Plan,Referral,1199.09,325.33,Completed
ORD_2966,CUST_83,2025-02-09,Basic Plan,LinkedIn,208.24,60.45,Completed
ORD_2967,CUST_1167,2024-08-20,Pro Plan,LinkedIn,144.91,26.31,Refunded
ORD_2968,CUST_196,2024-02-21,Basic Plan,Google Search,606.57,238.42,Completed
ORD_2969,CUST_567,2024-06-26,Pro Plan,TikTok,1105.05,340.98,Refunded
ORD_2970,CUST_417,2024-04-10,Pro Plan,Partnership,681.64,106.06,Refunded
ORD_2971,CUST_1176,2024-09-26,Business Plan,Partnership,476.46,149.51,Cancelled
ORD_2972,CUST_30,2024-04-15,Business Plan,Partnership,638.46,236.42,Completed
ORD_2973,CUST_1117,2024-10-09,Add-on,LinkedIn,931.51,274.36,Completed
ORD_2974,CUST_1012,2025-06-24,Business Plan,Instagram,283.22,97.87,Completed
ORD_2975,CUST_1108,2024-08-15,Basic Plan,Partnership,185.16,70.25,Cancelled
ORD_2976,CUST_19,2024-08-16,Pro Plan,Partnership,301.61,125.33,Completed
ORD_2977,CUST_1051,2024-08-16,Business Plan,LinkedIn,400.93,149.59,Completed
ORD_2978,CUST_1012,2024-11-03,Pro Plan,Instagram,342.5,61.64,Completed
ORD_2979,CUST_835,2024-09-07,Business Plan,LinkedIn,285.73,114.35,Refunded
ORD_2980,CUST_546,2024-11-14,Pro Plan,LinkedIn,506.93,182.3,Cancelled
ORD_2981,CUST_1210,2024-12-06,Enterprise Plan,Referral,348.65,118.42,Completed
ORD_2982,CUST_1322,2025-04-14,Business Plan,Google Search,883.72,306.72,Completed
ORD_2983,CUST_1145,2024-01-20,Basic Plan,LinkedIn,545.77,128.71,Completed
ORD_2984,CUST_288,2025-04-19,Basic Plan,Google Search,431.61,179.88,Completed
ORD_2985,CUST_431,2025-06-08,Business Plan,Google Search,787.87,338.44,Refunded
ORD_2986,CUST_972,2025-03-27,Enterprise Plan,LinkedIn,890.67,187.34,Completed
ORD_2987,CUST_855,2024-05-02,Pro Plan,LinkedIn,481.87,192.06,Completed
ORD_2988,CUST_1135,2024-03-17,Basic Plan,Google Search,691.83,123.99,Completed
ORD_2989,CUST_1389,2025-03-16,Basic Plan,LinkedIn,162.56,58.58,Completed
ORD_2990,CUST_779,2024-11-05,Pro Plan,Instagram,622.98,278.02,Completed
ORD_2991,CUST_805,2024-07-23,Basic Plan,Google Search,591.92,245.99,Completed
ORD_2992,CUST_996,2025-03-28,Pro Plan,LinkedIn,397.44,122.51,Refunded
ORD_2993,CUST_407,2025-02-14,Pro Plan,Instagram,547.6,196.28,Completed
ORD_2994,CUST_351,2024-09-22,Pro Plan,LinkedIn,555.34,122.06,Completed
ORD_2995,CUST_125,2024-06-25,Pro Plan,Google Search,387.85,97.24,Completed
ORD_2996,CUST_285,2024-11-01,Basic Plan,Google Search,542.24,203.63,Cancelled
ORD_2997,CUST_772,2024-12-18,Pro Plan,Partnership,764.33,133.76,Refunded
ORD_2998,CUST_1332,2024-09-28,Basic Plan,Google Search,1023.94,392.94,Completed
ORD_2999,CUST_1349,2024-05-29,Pro Plan,TikTok,391.62,88.25,Completed
ORD_3000,CUST_373,2024-12-29,Add-on,LinkedIn,102.88,18.88,Completed
ORD_3001,CUST_234,2024-01-04,Basic Plan,Instagram,219.65,70.51,Completed
ORD_3002,CUST_991,2025-04-21,Onboarding,Partnership,772.3,321.63,Completed
ORD_3003,CUST_747,2024-06-28,Basic Plan,Referral,1011.42,433.27,Completed
ORD_3004,CUST_268,2024-08-17,Pro Plan,LinkedIn,37.52,14.48,Completed
ORD_3005,CUST_599,2024-01-17,Enterprise Plan,Google Search,606.08,148.75,Completed
ORD_3006,CUST_914,2025-06-19,Basic Plan,Instagram,1076.21,390.46,Completed
ORD_3007,CUST_11,2025-06-13,Pro Plan,Google Search,252.83,94.21,Completed
ORD_3008,CUST_1111,2024-11-02,Basic Plan,Referral,762.22,334.15,Completed
ORD_3009,CUST_854,2024-02-02,Business Plan,Partnership,290.13,114.02,Completed
ORD_3010,CUST_883,2024-12-21,Pro Plan,Google Search,1017.46,223.95,Completed
ORD_3011,CUST_341,2024-12-14,Basic Plan,Partnership,1043.21,426.89,Completed
ORD_3012,CUST_1427,2024-06-01,Enterprise Plan,LinkedIn,784.04,202.75,Completed
ORD_3013,CUST_625,2024-08-05,Onboarding,Google Search,948.87,274.31,Refunded
ORD_3014,CUST_519,2024-07-27,Business Plan,Google Search,36.45,7.16,Refunded
ORD_3015,CUST_989,2024-07-10,Pro Plan,TikTok,195.13,69.11,Completed
ORD_3016,CUST_268,2024-07-24,Basic Plan,LinkedIn,728.46,221.87,Completed
ORD_3017,CUST_79,2024-05-27,Pro Plan,LinkedIn,786.17,191.36,Completed
ORD_3018,CUST_212,2024-02-07,Business Plan,Google Search,90.07,24.69,Completed
ORD_3019,CUST_104,2024-01-09,Basic Plan,Referral,118.84,21.2,Completed
ORD_3020,CUST_93,2024-12-22,Pro Plan,Google Search,255.38,71.26,Completed
ORD_3021,CUST_220,2024-05-19,Pro Plan,Google Search,657.62,268.13,Completed
ORD_3022,CUST_386,2025-05-17,Onboarding,LinkedIn,1018.05,191.13,Completed
ORD_3023,CUST_336,2024-11-08,Basic Plan,Event Walk-in,1046.74,284.55,Completed
ORD_3024,CUST_243,2024-06-22,Business Plan,Event Walk-in,362.6,119.9,Completed
ORD_3025,CUST_857,2024-02-02,Basic Plan,LinkedIn,457.39,149.89,Completed
ORD_3026,CUST_104,2025-02-25,Business Plan,Referral,607.2,230.5,Completed
ORD_3027,CUST_395,2024-03-02,Basic Plan,LinkedIn,791.66,199.48,Completed
ORD_3028,CUST_130,2025-06-22,Enterprise Plan,TikTok,514.84,84.47,Completed
ORD_3029,CUST_1107,2025-01-28,Onboarding,Instagram,743.38,111.6,Completed
ORD_3030,CUST_458,2024-09-21,Basic Plan,Google Search,414.16,167.81,Completed
ORD_3031,CUST_1352,2024-10-06,Basic Plan,LinkedIn,868.3,364.77,Completed
ORD_3032,CUST_574,2025-03-19,Basic Plan,TikTok,1134.19,412.56,Completed
ORD_3033,CUST_1220,2025-05-02,Pro Plan,LinkedIn,564.66,173.77,Completed
ORD_3034,CUST_1285,2024-06-11,Add-on,Instagram,879.28,346.71,Completed
ORD_3035,CUST_198,2025-04-03,Enterprise Plan,LinkedIn,517.62,136.94,Completed
ORD_3036,CUST_907,2024-06-14,Onboarding,Instagram,563.92,110.18,Completed
ORD_3037,CUST_1267,2024-02-22,Onboarding,Google Search,349.73,52.72,Completed
ORD_3038,CUST_1193,2024-01-10,Pro Plan,Google Search,344.69,62.66,Completed
ORD_3039,CUST_1321,2024-05-24,Basic Plan,Partnership,1010.94,163.64,Completed
ORD_3040,CUST_192,2025-02-05,Add-on,Google Search,753.43,173.25,Completed
ORD_3041,CUST_517,2024-07-30,Basic Plan,Google Search,300.22,93.58,Completed
ORD_3042,CUST_186,2024-01-16,Business Plan,LinkedIn,158.6,24.62,Completed
ORD_3043,CUST_1334,2024-02-20,Onboarding,TikTok,233.17,55.41,Completed
ORD_3044,CUST_716,2025-03-29,Pro Plan,TikTok,1030.04,327.17,Completed
ORD_3045,CUST_385,2024-03-05,Pro Plan,LinkedIn,615.25,222.27,Cancelled
ORD_3046,CUST_1096,2025-01-27,Enterprise Plan,LinkedIn,1087.98,219.63,Cancelled
ORD_3047,CUST_235,2025-02-26,Pro Plan,LinkedIn,576.89,154.67,Completed
ORD_3048,CUST_1447,2025-04-30,Pro Plan,LinkedIn,1064.2,386.72,Completed
ORD_3049,CUST_623,2025-04-07,Onboarding,Partnership,1053.59,392.91,Completed
ORD_3050,CUST_616,2025-03-25,Business Plan,LinkedIn,643.35,275.61,Completed
ORD_3051,CUST_612,2025-06-01,Basic Plan,Google Search,643.57,229.63,Completed
ORD_3052,CUST_696,2024-07-14,Pro Plan,LinkedIn,848.99,238.96,Completed
ORD_3053,CUST_1325,2024-09-04,Onboarding,Google Search,140.77,36.57,Completed
ORD_3054,CUST_1121,2024-08-22,Basic Plan,Google Search,118.25,32.6,Completed
ORD_3055,CUST_273,2024-07-08,Basic Plan,LinkedIn,164.15,33.66,Completed
ORD_3056,CUST_933,2024-10-28,Add-on,Google Search,135.05,23.63,Completed
ORD_3057,CUST_1379,2025-01-30,Pro Plan,Referral,1081.77,203.98,Completed
ORD_3058,CUST_649,2025-05-12,Basic Plan,Partnership,1093.14,281.02,Completed
ORD_3059,CUST_1307,2024-10-31,Basic Plan,Referral,973.28,388.73,Completed
ORD_3060,CUST_159,2025-03-29,Enterprise Plan,Instagram,340.37,127.36,Completed
ORD_3061,CUST_604,2025-05-21,Basic Plan,Partnership,285.61,55.65,Completed
ORD_3062,CUST_10,2025-01-13,Business Plan,Google Search,775.28,294.92,Completed
ORD_3063,CUST_1452,2025-03-11,Premium Support,Google Search,184.48,70.13,Cancelled
ORD_3064,CUST_1279,2024-06-20,Pro Plan,LinkedIn,245.06,105.23,Completed
ORD_3065,CUST_650,2024-12-02,Pro Plan,Google Search,832.43,183.89,Refunded
ORD_3066,CUST_1414,2024-11-16,Basic Plan,Partnership,481.56,94.76,Cancelled
ORD_3067,CUST_4,2025-01-08,Business Plan,Instagram,1021.5,374.9,Completed
ORD_3068,CUST_1326,2024-05-16,Basic Plan,LinkedIn,73.5,17.7,Completed
ORD_3069,CUST_826,2024-11-27,Onboarding,LinkedIn,967.56,349.51,Completed
ORD_3070,CUST_125,2024-03-02,Business Plan,Google Search,1120.2,438.82,Cancelled
ORD_3071,CUST_552,2024-09-10,Basic Plan,Google Search,1074.3,310.43,Completed
ORD_3072,CUST_949,2024-10-14,Pro Plan,LinkedIn,579.56,237.06,Completed
ORD_3073,CUST_715,2025-03-12,Onboarding,Instagram,604.29,229.29,Completed
ORD_3074,CUST_1200,2024-05-15,Basic Plan,Instagram,489.49,143.56,Completed
ORD_3075,CUST_236,2024-06-05,Pro Plan,LinkedIn,727.27,317.11,Completed
ORD_3076,CUST_201,2024-01-03,Basic Plan,Google Search,756.7,292.01,Completed
ORD_3077,CUST_317,2025-01-25,Pro Plan,Google Search,608.4,183.7,Cancelled
ORD_3078,CUST_1117,2025-04-29,Business Plan,LinkedIn,583.35,140.12,Completed
ORD_3079,CUST_1179,2024-01-05,Pro Plan,Partnership,749.86,183.5,Completed
ORD_3080,CUST_155,2024-08-21,Business Plan,TikTok,880.68,298.74,Completed
ORD_3081,CUST_311,2025-04-14,Pro Plan,Instagram,363.75,160.18,Completed
ORD_3082,CUST_206,2025-05-31,Pro Plan,LinkedIn,926.31,338.06,Completed
ORD_3083,CUST_1,2025-03-01,Business Plan,LinkedIn,1144.84,426.64,Completed
ORD_3084,CUST_982,2024-10-26,Business Plan,Google Search,753.88,331.15,Completed
ORD_3085,CUST_543,2025-02-23,Pro Plan,Referral,611.76,260.96,Completed
ORD_3086,CUST_688,2024-06-23,Pro Plan,Google Search,296.95,114.22,Refunded
ORD_3087,CUST_1002,2025-06-14,Add-on,Partnership,38.01,11.67,Completed
ORD_3088,CUST_333,2024-11-23,Add-on,Google Search,813.81,325.35,Completed
ORD_3089,CUST_999,2025-01-13,Basic Plan,LinkedIn,473.39,99.73,Refunded
ORD_3090,CUST_392,2024-12-27,Basic Plan,Referral,464.22,161.08,Completed
ORD_3091,CUST_937,2025-04-09,Pro Plan,Partnership,390.68,71.4,Completed
ORD_3092,CUST_114,2024-06-18,Enterprise Plan,LinkedIn,720.78,220.91,Completed
ORD_3093,CUST_1429,2024-03-24,Pro Plan,LinkedIn,503.62,178.26,Completed
ORD_3094,CUST_970,2024-07-11,Enterprise Plan,Referral,1146.12,246.37,Completed
ORD_3095,CUST_979,2025-03-24,Enterprise Plan,LinkedIn,370.59,67.39,Completed
ORD_3096,CUST_329,2024-01-28,Basic Plan,Google Search,359.99,89.26,Completed
ORD_3097,CUST_654,2024-09-17,Enterprise Plan,Partnership,1008.75,418.24,Completed
ORD_3098,CUST_159,2025-01-13,Business Plan,Instagram,1060.03,441.91,Completed
ORD_3099,CUST_829,2024-02-20,Premium Support,LinkedIn,204.76,90.47,Completed
ORD_3100,CUST_858,2024-11-26,Add-on,LinkedIn,33.14,12.93,Completed
ORD_3101,CUST_604,2025-03-27,Basic Plan,Partnership,87.14,15.76,Completed
ORD_3102,CUST_25,2025-06-18,Add-on,Google Search,147.3,55.69,Completed
ORD_3103,CUST_456,2024-11-04,Basic Plan,TikTok,529.32,124.71,Completed
ORD_3104,CUST_1430,2025-05-29,Onboarding,Google Search,653.56,154.4,Completed
ORD_3105,CUST_3,2024-09-17,Pro Plan,Instagram,1016.5,402.43,Completed
ORD_3106,CUST_991,2025-01-31,Basic Plan,Partnership,821.88,360.42,Completed
ORD_3107,CUST_782,2025-03-29,Basic Plan,Event Walk-in,869.8,352.46,Completed
ORD_3108,CUST_276,2025-05-20,Pro Plan,Google Search,1040.75,210.02,Completed
ORD_3109,CUST_530,2024-01-03,Basic Plan,Google Search,765.98,215.97,Completed
ORD_3110,CUST_1071,2025-03-08,Business Plan,LinkedIn,978.26,359.54,Completed
ORD_3111,CUST_323,2025-04-17,Basic Plan,Partnership,911.59,335.14,Completed
ORD_3112,CUST_982,2025-06-23,Basic Plan,Google Search,1047.86,408.07,Cancelled
ORD_3113,CUST_987,2024-04-17,Pro Plan,LinkedIn,834.42,168.71,Cancelled
ORD_3114,CUST_1253,2024-12-26,Basic Plan,Partnership,141.73,43.18,Completed
ORD_3115,CUST_203,2024-08-06,Basic Plan,Instagram,1158.92,330.8,Refunded
ORD_3116,CUST_418,2024-03-10,Basic Plan,Google Search,645.05,248.83,Completed
ORD_3117,CUST_553,2025-02-15,Business Plan,Google Search,955.54,238.6,Completed
ORD_3118,CUST_241,2025-05-06,Enterprise Plan,Google Search,210.98,72.65,Refunded
ORD_3119,CUST_766,2024-05-02,Basic Plan,Partnership,997.4,309.01,Completed
ORD_3120,CUST_919,2024-02-19,Onboarding,TikTok,293.65,62.34,Refunded
ORD_3121,CUST_1223,2024-12-09,Business Plan,Google Search,1166.98,489.77,Completed
ORD_3122,CUST_1102,2024-10-09,Basic Plan,Google Search,753.52,158.29,Refunded
ORD_3123,CUST_1103,2025-02-05,Basic Plan,Google Search,934.0,266.52,Cancelled
ORD_3124,CUST_756,2025-06-13,Basic Plan,Google Search,1096.38,244.6,Completed
ORD_3125,CUST_930,2025-02-18,Basic Plan,Partnership,236.48,69.71,Completed
ORD_3126,CUST_1295,2025-04-19,Pro Plan,LinkedIn,841.88,335.8,Completed
ORD_3127,CUST_508,2025-02-19,Pro Plan,Google Search,920.28,224.22,Completed
ORD_3128,CUST_1467,2024-07-23,Pro Plan,Partnership,331.93,142.57,Completed
ORD_3129,CUST_894,2025-06-14,Basic Plan,Google Search,1040.33,236.32,Completed
ORD_3130,CUST_1373,2024-07-15,Basic Plan,LinkedIn,367.91,100.02,Completed
ORD_3131,CUST_1001,2025-05-25,Basic Plan,Partnership,36.95,13.47,Completed
ORD_3132,CUST_741,2025-01-07,Business Plan,Google Search,998.22,352.6,Completed
ORD_3133,CUST_380,2024-01-04,Basic Plan,Instagram,764.7,177.82,Completed
ORD_3134,CUST_1047,2024-07-19,Business Plan,LinkedIn,455.71,172.3,Completed
ORD_3135,CUST_1395,2024-10-30,Business Plan,LinkedIn,869.59,141.83,Completed
ORD_3136,CUST_359,2025-01-03,Pro Plan,LinkedIn,515.42,200.08,Completed
ORD_3137,CUST_1388,2025-02-22,Basic Plan,Instagram,884.57,291.4,Completed
ORD_3138,CUST_246,2024-12-01,Pro Plan,Google Search,322.68,82.1,Completed
ORD_3139,CUST_51,2024-03-08,Add-on,Instagram,1031.8,258.17,Completed
ORD_3140,CUST_25,2025-01-08,Business Plan,Google Search,891.31,236.28,Refunded
ORD_3141,CUST_775,2024-12-02,Basic Plan,Referral,175.49,58.99,Completed
ORD_3142,CUST_695,2025-05-08,Basic Plan,LinkedIn,1037.11,236.74,Refunded
ORD_3143,CUST_530,2024-01-24,Business Plan,Google Search,915.52,312.12,Completed
ORD_3144,CUST_811,2024-12-23,Basic Plan,Google Search,1120.3,175.37,Completed
ORD_3145,CUST_460,2024-08-05,Business Plan,LinkedIn,216.5,96.62,Completed
ORD_3146,CUST_457,2024-02-22,Add-on,LinkedIn,147.14,55.49,Cancelled
ORD_3147,CUST_440,2024-05-24,Business Plan,Google Search,1114.6,473.74,Completed
ORD_3148,CUST_772,2024-07-24,Pro Plan,Partnership,916.33,320.62,Completed
ORD_3149,CUST_22,2024-11-06,Premium Support,Partnership,1166.89,493.31,Completed
ORD_3150,CUST_522,2025-02-16,Pro Plan,TikTok,872.86,289.16,Completed
ORD_3151,CUST_1486,2024-04-16,Business Plan,Partnership,939.58,311.02,Refunded
ORD_3152,CUST_585,2024-03-21,Basic Plan,LinkedIn,477.81,154.81,Completed
ORD_3153,CUST_1171,2024-10-13,Pro Plan,LinkedIn,467.36,165.42,Completed
ORD_3154,CUST_33,2024-06-07,Basic Plan,Referral,687.86,184.67,Completed
ORD_3155,CUST_1229,2024-03-21,Basic Plan,Instagram,1010.87,440.94,Completed
ORD_3156,CUST_748,2025-01-08,Business Plan,Google Search,820.56,190.54,Completed
ORD_3157,CUST_843,2025-03-25,Business Plan,Instagram,927.69,331.03,Completed
ORD_3158,CUST_487,2024-09-03,Enterprise Plan,Partnership,51.69,11.2,Refunded
ORD_3159,CUST_1242,2025-05-09,Onboarding,Google Search,1158.92,354.78,Completed
ORD_3160,CUST_562,2025-02-12,Business Plan,LinkedIn,728.81,147.6,Completed
ORD_3161,CUST_1313,2024-06-25,Business Plan,Google Search,414.53,67.44,Completed
ORD_3162,CUST_1086,2025-03-24,Business Plan,Referral,1078.58,450.33,Completed
ORD_3163,CUST_891,2024-09-24,Basic Plan,TikTok,572.53,116.18,Completed
ORD_3164,CUST_985,2024-09-19,Onboarding,Partnership,205.37,49.12,Completed
ORD_3165,CUST_1048,2024-11-29,Basic Plan,Google Search,975.64,389.65,Completed
ORD_3166,CUST_1350,2025-03-11,Basic Plan,Google Search,882.21,333.41,Completed
ORD_3167,CUST_88,2024-03-13,Basic Plan,LinkedIn,281.52,46.94,Completed
ORD_3168,CUST_1329,2025-03-22,Business Plan,LinkedIn,317.17,83.54,Completed
ORD_3169,CUST_1074,2024-04-01,Basic Plan,Partnership,124.21,46.87,Completed
ORD_3170,CUST_1479,2025-04-03,Basic Plan,Partnership,300.61,116.07,Completed
ORD_3171,CUST_583,2024-03-20,Business Plan,Instagram,391.67,150.85,Completed
ORD_3172,CUST_26,2024-08-13,Basic Plan,Google Search,31.03,12.92,Completed
ORD_3173,CUST_1374,2024-03-07,Business Plan,TikTok,606.63,252.27,Completed
ORD_3174,CUST_377,2025-06-18,Pro Plan,LinkedIn,640.19,127.49,Refunded
ORD_3175,CUST_11,2025-01-23,Pro Plan,Google Search,997.71,359.88,Cancelled
ORD_3176,CUST_263,2025-06-20,Onboarding,LinkedIn,688.08,290.54,Completed
ORD_3177,CUST_303,2024-03-13,Basic Plan,LinkedIn,815.36,143.79,Completed
ORD_3178,CUST_255,2024-12-06,Business Plan,Google Search,317.15,115.97,Completed
ORD_3179,CUST_1083,2025-05-11,Basic Plan,LinkedIn,158.16,26.33,Completed
ORD_3180,CUST_1395,2024-09-29,Onboarding,LinkedIn,938.92,180.43,Completed
ORD_3181,CUST_1433,2024-04-13,Basic Plan,Google Search,330.91,123.69,Completed
ORD_3182,CUST_792,2025-03-23,Pro Plan,Instagram,799.67,302.82,Completed
ORD_3183,CUST_1487,2024-05-30,Basic Plan,Google Search,1028.37,380.38,Completed
ORD_3184,CUST_1069,2024-03-10,Enterprise Plan,Partnership,262.96,112.15,Completed
ORD_3185,CUST_628,2024-07-04,Basic Plan,Instagram,423.87,187.9,Completed
ORD_3186,CUST_917,2024-06-15,Premium Support,LinkedIn,1010.75,184.73,Completed
ORD_3187,CUST_757,2025-05-24,Pro Plan,LinkedIn,85.65,21.35,Completed
ORD_3188,CUST_801,2024-05-26,Basic Plan,LinkedIn,1071.85,247.14,Completed
ORD_3189,CUST_133,2024-06-28,Pro Plan,LinkedIn,556.51,103.07,Completed
ORD_3190,CUST_1245,2024-08-15,Basic Plan,Google Search,846.97,286.0,Completed
ORD_3191,CUST_385,2025-02-20,Onboarding,LinkedIn,483.44,167.48,Completed
ORD_3192,CUST_1418,2024-08-05,Basic Plan,LinkedIn,887.74,207.03,Completed
ORD_3193,CUST_1263,2024-12-14,Basic Plan,Event Walk-in,379.36,71.68,Completed
ORD_3194,CUST_1142,2024-04-28,Basic Plan,LinkedIn,1192.15,229.2,Completed
ORD_3195,CUST_401,2025-05-25,Add-on,Partnership,42.45,6.93,Completed
ORD_3196,CUST_439,2024-12-06,Basic Plan,TikTok,393.67,150.55,Completed
ORD_3197,CUST_992,2024-11-27,Business Plan,Partnership,437.37,192.45,Completed
ORD_3198,CUST_828,2024-01-25,Basic Plan,Google Search,533.48,178.63,Completed
ORD_3199,CUST_491,2025-05-09,Pro Plan,LinkedIn,563.18,109.33,Refunded
ORD_3200,CUST_1362,2024-11-06,Business Plan,Referral,1000.47,352.78,Completed
ORD_3201,CUST_1313,2024-06-21,Business Plan,Google Search,207.69,88.83,Completed
ORD_3202,CUST_810,2024-06-23,Enterprise Plan,LinkedIn,286.13,77.49,Completed
ORD_3203,CUST_1016,2024-02-08,Basic Plan,Instagram,1085.18,262.06,Completed
ORD_3204,CUST_796,2024-10-16,Onboarding,LinkedIn,1057.78,336.7,Completed
ORD_3205,CUST_1212,2024-01-23,Basic Plan,Partnership,126.31,37.96,Completed
ORD_3206,CUST_545,2024-09-26,Pro Plan,Google Search,528.13,134.15,Completed
ORD_3207,CUST_1318,2025-05-09,Pro Plan,Google Search,879.31,345.69,Completed
ORD_3208,CUST_778,2024-08-02,Pro Plan,Google Search,1017.98,304.0,Completed
ORD_3209,CUST_134,2025-01-21,Business Plan,LinkedIn,281.49,74.23,Completed
ORD_3210,CUST_4,2025-06-29,Business Plan,Instagram,25.19,10.99,Refunded
ORD_3211,CUST_107,2025-02-21,Pro Plan,Google Search,944.78,278.79,Completed
ORD_3212,CUST_1410,2024-08-24,Basic Plan,LinkedIn,983.15,187.16,Refunded
ORD_3213,CUST_163,2025-06-20,Onboarding,Partnership,711.37,208.18,Completed
ORD_3214,CUST_1304,2025-02-28,Enterprise Plan,Google Search,90.7,32.25,Completed
ORD_3215,CUST_1036,2024-05-12,Onboarding,TikTok,1116.59,347.33,Completed
ORD_3216,CUST_1307,2024-03-05,Basic Plan,Referral,524.2,101.28,Refunded
ORD_3217,CUST_1476,2025-04-28,Basic Plan,Partnership,224.53,85.6,Completed
ORD_3218,CUST_715,2024-08-29,Add-on,Instagram,1050.69,206.21,Completed
ORD_3219,CUST_1299,2024-10-23,Business Plan,Instagram,27.81,6.45,Completed
ORD_3220,CUST_826,2024-06-18,Basic Plan,LinkedIn,654.14,114.31,Refunded
ORD_3221,CUST_1113,2024-06-10,Add-on,Referral,154.07,27.53,Completed
ORD_3222,CUST_1500,2024-12-25,Basic Plan,Google Search,807.78,135.25,Completed
ORD_3223,CUST_377,2024-04-16,Enterprise Plan,LinkedIn,754.62,118.64,Completed
ORD_3224,CUST_795,2024-05-10,Pro Plan,LinkedIn,994.12,283.96,Completed
ORD_3225,CUST_493,2024-01-24,Business Plan,Partnership,908.16,406.33,Completed
ORD_3226,CUST_301,2024-09-30,Basic Plan,Referral,41.4,18.38,Completed
ORD_3227,CUST_792,2024-05-04,Basic Plan,Instagram,971.37,196.57,Completed
ORD_3228,CUST_810,2025-04-30,Pro Plan,LinkedIn,368.65,104.91,Completed
ORD_3229,CUST_1303,2024-11-11,Basic Plan,Instagram,631.63,148.03,Completed
ORD_3230,CUST_761,2024-04-22,Basic Plan,TikTok,217.2,36.49,Completed
ORD_3231,CUST_587,2024-11-23,Basic Plan,Instagram,499.05,81.17,Refunded
ORD_3232,CUST_755,2024-08-08,Basic Plan,Partnership,261.95,85.12,Completed
ORD_3233,CUST_459,2025-03-10,Enterprise Plan,Google Search,242.72,102.28,Refunded
ORD_3234,CUST_953,2025-05-13,Pro Plan,LinkedIn,556.3,187.22,Completed
ORD_3235,CUST_981,2024-07-02,Basic Plan,Google Search,1065.67,472.74,Completed
ORD_3236,CUST_288,2024-03-08,Pro Plan,Google Search,915.75,224.71,Completed
ORD_3237,CUST_1324,2024-11-27,Pro Plan,Referral,129.66,35.15,Completed
ORD_3238,CUST_669,2024-08-25,Onboarding,Google Search,213.23,64.34,Completed
ORD_3239,CUST_1412,2024-11-19,Add-on,Google Search,857.44,128.8,Completed
ORD_3240,CUST_643,2024-06-07,Business Plan,Instagram,1146.45,217.86,Completed
ORD_3241,CUST_27,2024-09-10,Onboarding,Google Search,151.53,38.3,Completed
ORD_3242,CUST_972,2024-07-28,Basic Plan,LinkedIn,99.08,35.81,Completed
ORD_3243,CUST_1067,2024-01-10,Basic Plan,LinkedIn,1013.28,372.67,Completed
ORD_3244,CUST_493,2024-10-21,Business Plan,Partnership,986.8,169.62,Refunded
ORD_3245,CUST_3,2024-09-27,Pro Plan,Instagram,763.81,293.0,Completed
ORD_3246,CUST_1476,2024-03-19,Basic Plan,Partnership,429.35,144.54,Completed
ORD_3247,CUST_444,2025-02-08,Pro Plan,Event Walk-in,841.57,342.08,Completed
ORD_3248,CUST_170,2024-07-26,Business Plan,Partnership,40.27,7.73,Completed
ORD_3249,CUST_197,2024-09-29,Business Plan,Google Search,134.7,56.63,Completed
ORD_3250,CUST_1492,2024-10-23,Onboarding,Partnership,149.88,51.83,Completed
ORD_3251,CUST_1155,2024-11-10,Basic Plan,LinkedIn,935.87,274.84,Completed
ORD_3252,CUST_1336,2024-10-08,Basic Plan,Referral,613.97,172.73,Completed
ORD_3253,CUST_824,2024-06-25,Premium Support,Instagram,986.64,417.5,Completed
ORD_3254,CUST_108,2024-07-08,Enterprise Plan,Instagram,157.21,70.08,Completed
ORD_3255,CUST_569,2024-04-11,Basic Plan,Google Search,1073.25,276.49,Completed
ORD_3256,CUST_706,2025-04-11,Onboarding,LinkedIn,482.95,113.17,Refunded
ORD_3257,CUST_607,2024-01-30,Basic Plan,Google Search,601.52,253.05,Completed
ORD_3258,CUST_1122,2024-09-16,Pro Plan,Partnership,640.67,273.53,Completed
ORD_3259,CUST_1407,2024-09-28,Basic Plan,Referral,1126.62,188.17,Completed
ORD_3260,CUST_436,2024-08-23,Business Plan,LinkedIn,421.15,154.77,Completed
ORD_3261,CUST_602,2025-02-11,Basic Plan,LinkedIn,234.95,74.61,Completed
ORD_3262,CUST_201,2025-04-23,Pro Plan,Google Search,1145.89,487.35,Completed
ORD_3263,CUST_578,2024-10-10,Pro Plan,TikTok,873.95,374.72,Completed
ORD_3264,CUST_461,2024-06-18,Pro Plan,Referral,1125.07,440.58,Completed
ORD_3265,CUST_76,2025-03-01,Basic Plan,LinkedIn,510.59,195.5,Completed
ORD_3266,CUST_1444,2025-01-25,Enterprise Plan,Google Search,960.62,158.84,Refunded
ORD_3267,CUST_951,2024-06-19,Enterprise Plan,LinkedIn,158.95,55.21,Completed
ORD_3268,CUST_860,2024-08-07,Basic Plan,Partnership,603.9,119.07,Completed
ORD_3269,CUST_797,2025-04-05,Pro Plan,Instagram,368.74,94.2,Refunded
ORD_3270,CUST_459,2024-01-10,Pro Plan,Google Search,174.06,37.71,Cancelled
ORD_3271,CUST_1252,2025-03-18,Add-on,Google Search,1159.17,427.73,Completed
ORD_3272,CUST_608,2025-03-28,Premium Support,Google Search,565.32,205.93,Completed
ORD_3273,CUST_671,2024-07-22,Basic Plan,Google Search,1124.66,216.89,Completed
ORD_3274,CUST_122,2024-04-08,Business Plan,Instagram,1134.62,399.47,Refunded
ORD_3275,CUST_972,2024-10-31,Basic Plan,LinkedIn,83.02,33.15,Completed
ORD_3276,CUST_1400,2024-06-05,Pro Plan,Google Search,1098.91,400.93,Completed
ORD_3277,CUST_995,2024-06-10,Business Plan,Partnership,1177.8,214.1,Completed
ORD_3278,CUST_1221,2024-12-16,Pro Plan,LinkedIn,918.77,347.36,Completed
ORD_3279,CUST_1113,2024-04-08,Pro Plan,Referral,1023.71,324.52,Completed
ORD_3280,CUST_183,2025-01-23,Basic Plan,LinkedIn,1055.43,259.97,Completed
ORD_3281,CUST_959,2024-09-17,Pro Plan,Instagram,678.91,215.52,Refunded
ORD_3282,CUST_983,2025-06-15,Pro Plan,TikTok,470.12,137.46,Completed
ORD_3283,CUST_960,2024-12-25,Basic Plan,Partnership,606.97,153.82,Completed
ORD_3284,CUST_830,2024-06-25,Business Plan,TikTok,131.01,21.57,Completed
ORD_3285,CUST_384,2024-06-04,Enterprise Plan,Partnership,302.15,66.38,Completed
ORD_3286,CUST_677,2024-08-15,Basic Plan,Referral,614.31,245.81,Completed
ORD_3287,CUST_654,2024-11-15,Basic Plan,Partnership,811.93,316.53,Completed
ORD_3288,CUST_1475,2024-11-29,Onboarding,Partnership,908.95,406.37,Completed
ORD_3289,CUST_1183,2025-03-10,Basic Plan,LinkedIn,342.36,54.23,Completed
ORD_3290,CUST_236,2025-04-26,Enterprise Plan,LinkedIn,742.67,250.74,Cancelled
ORD_3291,CUST_1153,2025-05-12,Basic Plan,LinkedIn,435.75,157.73,Completed
ORD_3292,CUST_456,2025-03-26,Business Plan,TikTok,775.03,319.98,Completed
ORD_3293,CUST_1089,2024-02-03,Pro Plan,Google Search,827.6,312.45,Completed
ORD_3294,CUST_1165,2025-04-10,Enterprise Plan,LinkedIn,712.44,230.88,Completed
ORD_3295,CUST_123,2024-01-04,Basic Plan,LinkedIn,1183.66,413.14,Completed
ORD_3296,CUST_617,2024-08-25,Basic Plan,Google Search,91.67,16.44,Completed
ORD_3297,CUST_1004,2024-06-08,Business Plan,LinkedIn,554.45,227.97,Completed
ORD_3298,CUST_770,2025-05-21,Pro Plan,Partnership,1136.14,502.88,Completed
ORD_3299,CUST_320,2025-05-04,Basic Plan,LinkedIn,112.46,29.3,Cancelled
ORD_3300,CUST_815,2024-04-29,Add-on,Google Search,1134.08,220.73,Completed
ORD_3301,CUST_1186,2024-06-12,Business Plan,TikTok,386.45,63.4,Completed
ORD_3302,CUST_777,2024-03-27,Basic Plan,Google Search,244.79,46.63,Completed
ORD_3303,CUST_711,2024-08-31,Basic Plan,TikTok,1102.57,265.43,Completed
ORD_3304,CUST_830,2025-03-27,Business Plan,TikTok,1061.3,417.89,Completed
ORD_3305,CUST_1194,2025-01-17,Basic Plan,Google Search,826.32,359.85,Completed
ORD_3306,CUST_863,2024-08-25,Pro Plan,Partnership,47.81,8.0,Completed
ORD_3307,CUST_1232,2025-01-11,Pro Plan,Partnership,256.87,85.49,Completed
ORD_3308,CUST_1216,2024-10-29,Basic Plan,LinkedIn,930.7,243.54,Completed
ORD_3309,CUST_810,2025-02-04,Onboarding,LinkedIn,442.37,132.96,Completed
ORD_3310,CUST_324,2024-01-16,Basic Plan,LinkedIn,751.41,142.54,Completed
ORD_3311,CUST_61,2024-03-28,Basic Plan,Google Search,460.17,178.84,Completed
ORD_3312,CUST_977,2024-02-11,Pro Plan,LinkedIn,100.63,41.82,Completed
ORD_3313,CUST_723,2025-06-15,Basic Plan,Partnership,840.39,335.86,Completed
ORD_3314,CUST_662,2024-01-23,Business Plan,Partnership,1067.75,268.32,Refunded
ORD_3315,CUST_1066,2024-04-26,Basic Plan,LinkedIn,841.41,150.7,Completed
ORD_3316,CUST_833,2024-09-11,Basic Plan,LinkedIn,1053.16,245.08,Completed
ORD_3317,CUST_209,2024-02-20,Pro Plan,LinkedIn,911.71,236.5,Refunded
ORD_3318,CUST_1051,2024-04-29,Business Plan,LinkedIn,410.3,167.05,Completed
ORD_3319,CUST_1068,2024-11-27,Business Plan,Partnership,900.59,354.27,Completed
ORD_3320,CUST_942,2024-05-02,Pro Plan,LinkedIn,787.43,180.03,Completed
ORD_3321,CUST_347,2024-10-13,Business Plan,Google Search,761.2,156.09,Refunded
ORD_3322,CUST_883,2024-05-08,Add-on,Google Search,732.43,268.81,Completed
ORD_3323,CUST_1016,2025-05-08,Onboarding,Instagram,144.05,58.64,Completed
ORD_3324,CUST_133,2025-05-29,Basic Plan,LinkedIn,284.13,90.57,Completed
ORD_3325,CUST_425,2025-06-10,Basic Plan,Referral,810.15,306.02,Refunded
ORD_3326,CUST_1001,2025-04-03,Basic Plan,Partnership,1090.83,309.71,Refunded
ORD_3327,CUST_1393,2024-11-16,Basic Plan,Event Walk-in,1148.48,336.08,Completed
ORD_3328,CUST_1439,2024-03-19,Business Plan,LinkedIn,790.79,151.25,Refunded
ORD_3329,CUST_485,2024-05-18,Basic Plan,Google Search,567.21,152.2,Refunded
ORD_3330,CUST_12,2024-04-15,Pro Plan,LinkedIn,441.61,149.87,Completed
ORD_3331,CUST_652,2024-08-10,Pro Plan,LinkedIn,651.7,256.09,Completed
ORD_3332,CUST_103,2024-11-28,Basic Plan,Partnership,992.63,379.43,Completed
ORD_3333,CUST_1041,2024-06-26,Basic Plan,Google Search,520.25,178.26,Completed
ORD_3334,CUST_210,2024-11-21,Add-on,Google Search,483.36,77.54,Completed
ORD_3335,CUST_1000,2024-02-10,Business Plan,LinkedIn,446.74,108.91,Completed
ORD_3336,CUST_625,2024-06-30,Pro Plan,Google Search,790.13,210.92,Completed
ORD_3337,CUST_1255,2025-06-11,Basic Plan,LinkedIn,932.35,241.51,Completed
ORD_3338,CUST_1292,2024-10-28,Basic Plan,Referral,217.56,49.83,Completed
ORD_3339,CUST_1059,2024-10-30,Pro Plan,Partnership,403.35,178.58,Completed
ORD_3340,CUST_122,2025-01-14,Basic Plan,Instagram,777.13,146.17,Completed
ORD_3341,CUST_1052,2024-09-25,Basic Plan,Partnership,962.31,193.77,Completed
ORD_3342,CUST_1192,2025-06-11,Basic Plan,Partnership,656.44,285.66,Completed
ORD_3343,CUST_1387,2025-04-25,Onboarding,Google Search,61.78,13.67,Completed
ORD_3344,CUST_62,2024-09-25,Business Plan,Partnership,70.8,22.98,Completed
ORD_3345,CUST_1057,2024-03-20,Basic Plan,Google Search,94.54,38.38,Completed
ORD_3346,CUST_440,2024-08-20,Pro Plan,Google Search,272.49,69.32,Completed
ORD_3347,CUST_893,2024-10-07,Premium Support,Google Search,295.69,68.72,Refunded
ORD_3348,CUST_1184,2025-02-21,Add-on,Partnership,587.14,157.13,Completed
ORD_3349,CUST_1435,2025-01-26,Basic Plan,Google Search,152.92,65.45,Completed
ORD_3350,CUST_880,2024-12-21,Basic Plan,LinkedIn,27.34,5.57,Completed
ORD_3351,CUST_1263,2024-02-13,Onboarding,Event Walk-in,604.24,119.53,Completed
ORD_3352,CUST_358,2025-05-11,Add-on,Instagram,892.21,180.33,Completed
ORD_3353,CUST_8,2025-03-10,Basic Plan,LinkedIn,627.93,248.7,Completed
ORD_3354,CUST_197,2024-05-12,Basic Plan,Google Search,622.98,249.52,Completed
ORD_3355,CUST_370,2024-06-17,Basic Plan,LinkedIn,684.42,205.05,Completed
ORD_3356,CUST_1140,2024-07-31,Basic Plan,LinkedIn,815.17,338.99,Completed
ORD_3357,CUST_1329,2024-12-31,Basic Plan,LinkedIn,813.8,360.01,Refunded
ORD_3358,CUST_115,2024-03-31,Pro Plan,Event Walk-in,1070.66,175.69,Completed
ORD_3359,CUST_517,2024-04-03,Basic Plan,Google Search,415.76,122.65,Refunded
ORD_3360,CUST_1336,2024-07-31,Basic Plan,Referral,455.94,139.0,Completed
ORD_3361,CUST_1394,2025-01-24,Business Plan,Google Search,328.38,120.34,Completed
ORD_3362,CUST_73,2024-06-30,Pro Plan,Google Search,251.8,101.22,Completed
ORD_3363,CUST_222,2025-02-06,Basic Plan,LinkedIn,525.33,180.07,Completed
ORD_3364,CUST_688,2024-08-20,Basic Plan,Google Search,1131.75,410.54,Refunded
ORD_3365,CUST_1178,2025-03-30,Pro Plan,Instagram,1090.91,204.94,Completed
ORD_3366,CUST_698,2024-04-03,Pro Plan,Google Search,405.58,122.69,Refunded
ORD_3367,CUST_899,2024-09-09,Enterprise Plan,LinkedIn,695.97,218.98,Completed
ORD_3368,CUST_509,2024-06-29,Enterprise Plan,Google Search,32.74,7.05,Completed
ORD_3369,CUST_2,2024-12-06,Premium Support,Google Search,40.17,14.94,Completed
ORD_3370,CUST_1012,2024-07-26,Basic Plan,Instagram,622.99,105.9,Completed
ORD_3371,CUST_23,2024-01-15,Pro Plan,TikTok,103.55,43.56,Completed
ORD_3372,CUST_973,2024-09-07,Basic Plan,LinkedIn,869.47,301.59,Completed
ORD_3373,CUST_624,2025-06-04,Basic Plan,LinkedIn,489.62,192.11,Completed
ORD_3374,CUST_260,2025-05-06,Onboarding,LinkedIn,785.34,171.17,Completed
ORD_3375,CUST_1148,2025-03-18,Onboarding,Partnership,1074.25,392.52,Completed
ORD_3376,CUST_814,2024-09-10,Pro Plan,LinkedIn,682.28,251.27,Refunded
ORD_3377,CUST_1471,2025-04-23,Basic Plan,Google Search,285.01,47.99,Completed
ORD_3378,CUST_953,2024-10-16,Business Plan,LinkedIn,1043.46,430.48,Refunded
ORD_3379,CUST_1354,2024-11-30,Enterprise Plan,Partnership,313.68,96.31,Completed
ORD_3380,CUST_554,2025-01-03,Basic Plan,LinkedIn,598.58,193.72,Completed
ORD_3381,CUST_1269,2024-05-04,Add-on,Partnership,909.12,261.88,Completed
ORD_3382,CUST_915,2025-03-05,Enterprise Plan,Google Search,949.21,207.59,Cancelled
ORD_3383,CUST_48,2025-02-16,Add-on,Google Search,122.58,50.65,Completed
ORD_3384,CUST_441,2025-05-31,Business Plan,LinkedIn,410.86,173.64,Cancelled
ORD_3385,CUST_691,2024-02-04,Basic Plan,Google Search,676.17,259.12,Completed
ORD_3386,CUST_869,2024-05-29,Pro Plan,Partnership,1120.82,481.01,Completed
ORD_3387,CUST_585,2024-07-19,Add-on,LinkedIn,477.92,118.51,Completed
ORD_3388,CUST_864,2024-04-08,Enterprise Plan,TikTok,63.13,15.6,Completed
ORD_3389,CUST_1419,2025-03-20,Basic Plan,LinkedIn,299.58,102.48,Completed
ORD_3390,CUST_463,2025-06-08,Pro Plan,Google Search,26.12,6.53,Completed
ORD_3391,CUST_1241,2024-10-19,Basic Plan,Google Search,278.02,98.47,Completed
ORD_3392,CUST_691,2024-12-24,Onboarding,Google Search,106.18,21.92,Completed
ORD_3393,CUST_1272,2025-02-05,Pro Plan,LinkedIn,896.26,180.48,Completed
ORD_3394,CUST_870,2025-04-03,Pro Plan,Referral,593.99,153.43,Refunded
ORD_3395,CUST_285,2024-04-18,Pro Plan,Google Search,1000.52,421.88,Completed
ORD_3396,CUST_1102,2024-04-28,Business Plan,Google Search,154.5,54.63,Completed
ORD_3397,CUST_1328,2024-12-28,Basic Plan,LinkedIn,537.75,149.23,Completed
ORD_3398,CUST_1064,2024-06-30,Basic Plan,LinkedIn,63.93,13.37,Completed
ORD_3399,CUST_1398,2024-11-29,Onboarding,LinkedIn,350.52,136.33,Completed
ORD_3400,CUST_1257,2024-11-30,Basic Plan,LinkedIn,687.89,220.37,Completed
ORD_3401,CUST_109,2024-06-16,Basic Plan,LinkedIn,389.12,123.25,Completed
ORD_3402,CUST_1302,2024-04-28,Business Plan,Google Search,344.87,122.78,Refunded
ORD_3403,CUST_1325,2024-04-03,Enterprise Plan,Google Search,26.6,11.41,Completed
ORD_3404,CUST_895,2024-05-19,Pro Plan,Google Search,450.94,188.77,Refunded
ORD_3405,CUST_697,2024-03-13,Enterprise Plan,TikTok,854.46,268.89,Completed
ORD_3406,CUST_857,2024-02-11,Pro Plan,LinkedIn,1173.34,377.99,Completed
ORD_3407,CUST_95,2024-09-17,Pro Plan,LinkedIn,139.78,62.08,Completed
ORD_3408,CUST_1410,2024-08-28,Basic Plan,LinkedIn,1048.61,256.16,Completed
ORD_3409,CUST_863,2025-05-28,Pro Plan,Partnership,1170.48,487.39,Completed
ORD_3410,CUST_1090,2024-03-28,Pro Plan,Instagram,775.64,199.07,Refunded
ORD_3411,CUST_53,2024-05-25,Basic Plan,LinkedIn,788.66,244.67,Completed
ORD_3412,CUST_1150,2024-04-26,Business Plan,LinkedIn,201.18,49.44,Completed
ORD_3413,CUST_962,2024-10-03,Add-on,LinkedIn,470.91,148.6,Completed
ORD_3414,CUST_1366,2024-07-22,Pro Plan,Partnership,1021.56,368.72,Completed
ORD_3415,CUST_676,2024-02-24,Premium Support,LinkedIn,876.93,292.97,Completed
ORD_3416,CUST_609,2024-02-25,Pro Plan,LinkedIn,620.25,113.87,Completed
ORD_3417,CUST_1431,2024-08-20,Enterprise Plan,Instagram,191.33,53.28,Completed
ORD_3418,CUST_159,2024-05-16,Pro Plan,Instagram,609.95,94.7,Completed
ORD_3419,CUST_585,2024-02-18,Pro Plan,LinkedIn,1135.05,429.23,Refunded
ORD_3420,CUST_219,2025-03-24,Basic Plan,Google Search,742.03,151.99,Completed
ORD_3421,CUST_579,2024-12-03,Pro Plan,LinkedIn,961.63,359.12,Completed
ORD_3422,CUST_54,2025-05-16,Basic Plan,Referral,689.7,277.45,Completed
ORD_3423,CUST_289,2024-07-28,Basic Plan,Google Search,980.11,158.1,Completed
ORD_3424,CUST_67,2025-02-17,Basic Plan,LinkedIn,470.09,101.2,Completed
ORD_3425,CUST_832,2024-02-28,Basic Plan,LinkedIn,561.78,145.14,Completed
ORD_3426,CUST_979,2025-01-28,Pro Plan,LinkedIn,210.95,71.82,Completed
ORD_3427,CUST_611,2024-06-17,Basic Plan,Partnership,1058.18,421.52,Refunded
ORD_3428,CUST_1010,2024-02-08,Basic Plan,Partnership,937.69,341.35,Completed
ORD_3429,CUST_1288,2024-06-28,Basic Plan,Partnership,415.11,127.47,Completed
ORD_3430,CUST_660,2024-02-02,Pro Plan,LinkedIn,741.57,139.63,Completed
ORD_3431,CUST_37,2024-03-05,Pro Plan,TikTok,1140.91,410.8,Completed
ORD_3432,CUST_1016,2024-09-06,Pro Plan,Instagram,275.33,93.93,Completed
ORD_3433,CUST_528,2024-03-15,Premium Support,LinkedIn,718.84,239.8,Completed
ORD_3434,CUST_590,2024-01-29,Pro Plan,LinkedIn,37.24,14.02,Completed
ORD_3435,CUST_651,2024-02-11,Business Plan,LinkedIn,986.8,388.46,Completed
ORD_3436,CUST_1083,2024-04-04,Business Plan,LinkedIn,1019.13,324.19,Completed
ORD_3437,CUST_1325,2025-01-16,Basic Plan,Google Search,865.48,388.7,Refunded
ORD_3438,CUST_81,2025-01-19,Basic Plan,TikTok,493.91,81.71,Completed
ORD_3439,CUST_973,2025-04-05,Pro Plan,LinkedIn,390.29,142.0,Completed
ORD_3440,CUST_723,2024-11-17,Pro Plan,Partnership,652.24,212.58,Completed
ORD_3441,CUST_895,2024-01-22,Pro Plan,Google Search,556.49,148.16,Completed
ORD_3442,CUST_165,2025-01-31,Basic Plan,Partnership,467.95,175.02,Completed
ORD_3443,CUST_284,2024-04-11,Enterprise Plan,Partnership,179.29,60.21,Completed
ORD_3444,CUST_1416,2024-11-07,Basic Plan,LinkedIn,999.32,300.51,Refunded
ORD_3445,CUST_73,2024-02-23,Basic Plan,Google Search,270.38,110.3,Completed
ORD_3446,CUST_791,2024-05-22,Pro Plan,Event Walk-in,991.53,281.16,Completed
ORD_3447,CUST_396,2024-03-27,Basic Plan,LinkedIn,485.95,184.08,Completed
ORD_3448,CUST_110,2024-03-14,Business Plan,LinkedIn,1061.84,229.03,Refunded
ORD_3449,CUST_1251,2025-03-26,Onboarding,LinkedIn,1063.95,245.21,Completed
ORD_3450,CUST_234,2025-03-18,Pro Plan,Instagram,163.09,67.21,Completed
ORD_3451,CUST_133,2025-05-28,Premium Support,LinkedIn,289.14,107.83,Refunded
ORD_3452,CUST_853,2024-03-02,Basic Plan,TikTok,294.59,132.4,Completed
ORD_3453,CUST_430,2025-03-29,Basic Plan,LinkedIn,198.87,37.96,Refunded
ORD_3454,CUST_955,2025-05-25,Basic Plan,Google Search,1145.38,376.33,Completed
ORD_3455,CUST_391,2024-11-22,Basic Plan,LinkedIn,621.2,99.06,Completed
ORD_3456,CUST_787,2024-12-28,Add-on,Google Search,295.15,62.45,Completed
ORD_3457,CUST_777,2025-03-11,Business Plan,Google Search,937.1,225.1,Cancelled
ORD_3458,CUST_368,2024-02-17,Basic Plan,Google Search,850.39,327.48,Completed
ORD_3459,CUST_452,2024-09-23,Basic Plan,LinkedIn,743.8,191.94,Cancelled
ORD_3460,CUST_1487,2024-10-04,Business Plan,Google Search,801.0,280.16,Completed
ORD_3461,CUST_18,2025-01-26,Business Plan,LinkedIn,406.98,66.53,Completed
ORD_3462,CUST_55,2024-10-11,Basic Plan,LinkedIn,591.93,223.62,Completed
ORD_3463,CUST_597,2024-10-30,Basic Plan,Google Search,65.07,23.41,Completed
ORD_3464,CUST_22,2024-09-04,Enterprise Plan,Partnership,708.21,109.81,Completed
ORD_3465,CUST_1332,2024-02-04,Business Plan,Google Search,352.95,105.25,Cancelled
ORD_3466,CUST_128,2024-12-04,Enterprise Plan,LinkedIn,1122.05,248.1,Completed
ORD_3467,CUST_186,2024-01-08,Business Plan,LinkedIn,1012.06,301.16,Completed
ORD_3468,CUST_328,2025-05-19,Pro Plan,Google Search,876.65,143.01,Completed
ORD_3469,CUST_78,2024-11-28,Basic Plan,Referral,467.57,204.75,Completed
ORD_3470,CUST_1469,2025-01-19,Pro Plan,Instagram,760.38,166.04,Completed
ORD_3471,CUST_250,2025-06-29,Premium Support,Instagram,257.22,82.13,Completed
ORD_3472,CUST_1115,2024-07-10,Business Plan,LinkedIn,906.9,237.43,Completed
ORD_3473,CUST_868,2024-05-22,Business Plan,Partnership,685.89,281.02,Completed
ORD_3474,CUST_32,2024-10-10,Basic Plan,Google Search,681.84,148.52,Completed
ORD_3475,CUST_362,2024-08-19,Basic Plan,LinkedIn,481.24,89.06,Completed
ORD_3476,CUST_645,2025-05-28,Add-on,TikTok,1064.53,442.15,Completed
ORD_3477,CUST_953,2025-04-01,Business Plan,LinkedIn,100.17,21.61,Completed
ORD_3478,CUST_1343,2024-07-14,Enterprise Plan,Google Search,431.68,97.27,Completed
ORD_3479,CUST_852,2024-03-20,Pro Plan,Google Search,144.67,21.97,Completed
ORD_3480,CUST_327,2024-02-09,Basic Plan,LinkedIn,940.07,334.94,Completed
ORD_3481,CUST_583,2024-06-09,Pro Plan,Instagram,322.57,51.14,Completed
ORD_3482,CUST_1478,2024-06-26,Pro Plan,Google Search,958.81,169.43,Completed
ORD_3483,CUST_1034,2025-02-18,Enterprise Plan,Google Search,174.74,43.37,Completed
ORD_3484,CUST_90,2024-02-15,Pro Plan,Google Search,420.55,104.79,Completed
ORD_3485,CUST_955,2024-07-12,Pro Plan,Google Search,252.89,100.27,Completed
ORD_3486,CUST_253,2024-05-08,Pro Plan,Google Search,530.2,194.47,Completed
ORD_3487,CUST_317,2024-12-06,Basic Plan,Google Search,1196.65,197.39,Refunded
ORD_3488,CUST_1479,2025-02-08,Add-on,Partnership,797.28,177.29,Completed
ORD_3489,CUST_595,2025-04-02,Pro Plan,LinkedIn,85.36,37.85,Completed
ORD_3490,CUST_168,2025-05-28,Add-on,Instagram,863.48,154.61,Refunded
ORD_3491,CUST_31,2024-01-12,Basic Plan,Event Walk-in,531.89,196.96,Completed
ORD_3492,CUST_1206,2025-05-27,Basic Plan,LinkedIn,1199.89,187.56,Completed
ORD_3493,CUST_579,2025-01-18,Pro Plan,LinkedIn,303.21,77.36,Refunded
ORD_3494,CUST_119,2024-10-03,Premium Support,Google Search,718.93,112.86,Completed
ORD_3495,CUST_886,2024-03-27,Pro Plan,Instagram,753.27,154.0,Completed
ORD_3496,CUST_290,2025-04-06,Basic Plan,LinkedIn,57.22,19.51,Completed
ORD_3497,CUST_1352,2024-06-14,Basic Plan,LinkedIn,1077.7,361.22,Completed
ORD_3498,CUST_427,2024-10-21,Pro Plan,Google Search,74.97,23.54,Completed
ORD_3499,CUST_1034,2024-12-31,Business Plan,Google Search,544.76,227.6,Refunded
ORD_3500,CUST_1337,2024-12-29,Pro Plan,Partnership,1021.94,183.92,Refunded
ORD_3501,CUST_289,2024-12-11,Basic Plan,Google Search,335.72,133.98,Completed
ORD_3502,CUST_305,2025-04-27,Onboarding,LinkedIn,175.31,39.54,Refunded
ORD_3503,CUST_386,2024-04-20,Onboarding,LinkedIn,635.66,99.81,Completed
ORD_3504,CUST_774,2024-11-09,Business Plan,TikTok,1169.81,431.23,Completed
ORD_3505,CUST_1033,2025-01-24,Pro Plan,LinkedIn,157.72,45.57,Refunded
ORD_3506,CUST_143,2024-08-03,Enterprise Plan,Partnership,392.68,131.8,Completed
ORD_3507,CUST_854,2024-06-16,Enterprise Plan,Partnership,155.73,55.18,Completed
ORD_3508,CUST_1343,2025-01-16,Onboarding,Google Search,594.49,111.81,Completed
ORD_3509,CUST_717,2025-05-25,Pro Plan,Google Search,212.9,46.53,Completed
ORD_3510,CUST_969,2025-05-19,Enterprise Plan,Instagram,925.56,350.07,Completed
ORD_3511,CUST_493,2024-08-11,Premium Support,Partnership,1121.15,347.97,Completed
ORD_3512,CUST_1448,2024-03-03,Basic Plan,Referral,454.31,83.22,Refunded
ORD_3513,CUST_504,2024-01-08,Premium Support,LinkedIn,734.07,300.2,Completed
ORD_3514,CUST_1108,2024-09-13,Pro Plan,Partnership,44.68,15.04,Refunded
ORD_3515,CUST_162,2025-01-17,Enterprise Plan,Partnership,842.3,254.66,Completed
ORD_3516,CUST_1373,2025-01-01,Business Plan,LinkedIn,617.35,102.82,Refunded
ORD_3517,CUST_34,2024-09-26,Business Plan,LinkedIn,827.11,224.71,Completed
ORD_3518,CUST_531,2025-06-02,Pro Plan,Instagram,314.6,122.43,Completed
ORD_3519,CUST_280,2025-06-23,Business Plan,Partnership,848.84,349.27,Completed
ORD_3520,CUST_959,2024-01-03,Basic Plan,Instagram,228.57,54.31,Completed
ORD_3521,CUST_1009,2024-12-19,Enterprise Plan,Google Search,414.07,144.2,Completed
ORD_3522,CUST_1201,2024-04-30,Pro Plan,LinkedIn,387.33,132.94,Completed
ORD_3523,CUST_397,2024-05-23,Pro Plan,LinkedIn,616.89,213.72,Refunded
ORD_3524,CUST_8,2024-02-01,Onboarding,LinkedIn,879.44,214.12,Completed
ORD_3525,CUST_482,2024-12-16,Pro Plan,Instagram,878.0,386.0,Cancelled
ORD_3526,CUST_231,2024-09-03,Basic Plan,LinkedIn,95.01,32.97,Cancelled
ORD_3527,CUST_1226,2024-10-08,Add-on,Google Search,268.52,106.3,Completed
ORD_3528,CUST_885,2025-02-03,Basic Plan,Partnership,654.69,179.86,Completed
ORD_3529,CUST_836,2025-01-07,Add-on,Instagram,306.03,123.47,Completed
ORD_3530,CUST_318,2024-01-20,Basic Plan,Instagram,689.91,141.79,Completed
ORD_3531,CUST_1007,2024-03-26,Onboarding,Partnership,201.72,33.16,Completed
ORD_3532,CUST_956,2025-04-25,Pro Plan,Google Search,912.95,386.69,Completed
ORD_3533,CUST_433,2024-02-16,Pro Plan,Partnership,951.59,300.73,Completed
ORD_3534,CUST_1383,2025-04-23,Basic Plan,Instagram,847.85,214.18,Completed
ORD_3535,CUST_297,2024-06-14,Add-on,Google Search,422.57,90.81,Completed
ORD_3536,CUST_1216,2024-10-01,Basic Plan,LinkedIn,881.06,248.45,Completed
ORD_3537,CUST_1400,2024-03-26,Business Plan,Google Search,337.63,113.66,Completed
ORD_3538,CUST_616,2024-02-14,Basic Plan,LinkedIn,817.22,140.5,Completed
ORD_3539,CUST_372,2024-02-13,Basic Plan,Referral,185.6,55.0,Refunded
ORD_3540,CUST_1443,2024-09-30,Enterprise Plan,Google Search,45.88,18.38,Completed
ORD_3541,CUST_45,2025-06-03,Business Plan,Referral,1075.54,240.15,Completed
ORD_3542,CUST_290,2024-11-23,Enterprise Plan,LinkedIn,651.01,240.81,Completed
ORD_3543,CUST_846,2025-04-17,Basic Plan,LinkedIn,556.75,244.6,Completed
ORD_3544,CUST_581,2024-07-26,Pro Plan,Google Search,272.36,81.39,Cancelled
ORD_3545,CUST_910,2024-08-13,Basic Plan,LinkedIn,684.59,206.53,Completed
ORD_3546,CUST_731,2024-07-19,Add-on,Partnership,1038.64,323.79,Completed
ORD_3547,CUST_64,2024-09-19,Premium Support,Partnership,630.48,210.57,Completed
ORD_3548,CUST_152,2024-12-17,Business Plan,Google Search,247.36,64.88,Completed
ORD_3549,CUST_342,2025-01-04,Basic Plan,Google Search,1191.77,416.26,Completed
ORD_3550,CUST_74,2024-01-18,Pro Plan,Instagram,388.68,140.05,Completed
ORD_3551,CUST_1249,2024-11-11,Pro Plan,LinkedIn,736.12,320.54,Completed
ORD_3552,CUST_86,2024-12-17,Pro Plan,Event Walk-in,28.36,7.21,Completed
ORD_3553,CUST_772,2024-05-01,Basic Plan,Partnership,1184.48,229.46,Completed
ORD_3554,CUST_87,2024-11-08,Business Plan,LinkedIn,647.77,198.68,Refunded
ORD_3555,CUST_179,2025-01-06,Basic Plan,Instagram,176.38,56.38,Completed
ORD_3556,CUST_840,2024-02-24,Business Plan,LinkedIn,1133.0,494.22,Refunded
ORD_3557,CUST_876,2024-05-09,Pro Plan,Google Search,604.87,194.98,Completed
ORD_3558,CUST_279,2025-03-08,Basic Plan,Google Search,722.12,251.76,Completed
ORD_3559,CUST_730,2024-07-15,Basic Plan,LinkedIn,986.23,389.05,Completed
ORD_3560,CUST_534,2024-01-09,Basic Plan,LinkedIn,199.54,68.26,Completed
ORD_3561,CUST_201,2024-10-20,Business Plan,Google Search,342.39,100.75,Completed
ORD_3562,CUST_624,2025-01-19,Business Plan,LinkedIn,211.82,36.04,Completed
ORD_3563,CUST_958,2024-06-03,Basic Plan,Google Search,567.29,252.96,Completed
ORD_3564,CUST_286,2024-10-02,Business Plan,LinkedIn,42.68,16.99,Completed
ORD_3565,CUST_1122,2024-03-28,Enterprise Plan,Partnership,80.86,31.03,Completed
ORD_3566,CUST_1211,2025-06-27,Basic Plan,LinkedIn,1059.96,391.22,Completed
ORD_3567,CUST_1317,2024-11-08,Add-on,LinkedIn,645.88,199.59,Completed
ORD_3568,CUST_698,2024-04-08,Basic Plan,Google Search,774.5,219.3,Completed
ORD_3569,CUST_1343,2025-02-21,Basic Plan,Google Search,407.51,156.98,Cancelled
ORD_3570,CUST_93,2024-02-14,Pro Plan,Google Search,644.13,151.1,Refunded
ORD_3571,CUST_1230,2024-08-07,Business Plan,LinkedIn,1109.89,381.81,Completed
ORD_3572,CUST_1215,2024-09-22,Basic Plan,LinkedIn,456.25,100.93,Completed
ORD_3573,CUST_755,2025-05-08,Pro Plan,Partnership,103.9,46.0,Completed
ORD_3574,CUST_64,2024-10-26,Business Plan,Partnership,402.84,72.78,Completed
ORD_3575,CUST_266,2024-07-11,Basic Plan,Google Search,119.1,42.3,Completed
ORD_3576,CUST_22,2024-11-27,Basic Plan,Partnership,432.3,150.76,Completed
ORD_3577,CUST_153,2024-06-06,Pro Plan,Google Search,681.23,255.45,Completed
ORD_3578,CUST_274,2024-08-29,Basic Plan,Google Search,235.4,99.23,Completed
ORD_3579,CUST_650,2024-07-07,Pro Plan,Google Search,874.56,297.76,Refunded
ORD_3580,CUST_905,2025-05-26,Pro Plan,Partnership,254.58,41.2,Completed
ORD_3581,CUST_1167,2024-08-14,Pro Plan,LinkedIn,1086.13,314.57,Completed
ORD_3582,CUST_130,2025-06-15,Pro Plan,TikTok,774.96,140.09,Completed
ORD_3583,CUST_834,2025-06-21,Basic Plan,LinkedIn,1066.69,474.64,Completed
ORD_3584,CUST_1479,2025-02-25,Basic Plan,Partnership,435.6,123.93,Refunded
ORD_3585,CUST_351,2024-12-08,Pro Plan,LinkedIn,327.14,121.81,Completed
ORD_3586,CUST_1108,2025-01-29,Basic Plan,Partnership,374.8,137.22,Refunded
ORD_3587,CUST_413,2024-01-30,Pro Plan,LinkedIn,511.02,180.67,Completed
ORD_3588,CUST_333,2025-01-08,Pro Plan,Google Search,1081.06,186.13,Completed
ORD_3589,CUST_534,2024-01-10,Add-on,LinkedIn,1190.63,479.0,Completed
ORD_3590,CUST_855,2024-11-05,Basic Plan,LinkedIn,929.49,181.41,Refunded
ORD_3591,CUST_646,2024-04-30,Basic Plan,Partnership,78.26,13.62,Cancelled
ORD_3592,CUST_1115,2024-02-20,Basic Plan,LinkedIn,135.81,40.41,Completed
ORD_3593,CUST_498,2025-06-20,Pro Plan,LinkedIn,425.56,180.32,Completed
ORD_3594,CUST_332,2024-06-03,Business Plan,LinkedIn,1157.52,508.6,Completed
ORD_3595,CUST_246,2024-12-22,Enterprise Plan,Google Search,1027.12,414.83,Completed
ORD_3596,CUST_136,2025-06-21,Pro Plan,Google Search,595.27,263.3,Completed
ORD_3597,CUST_325,2025-01-18,Enterprise Plan,LinkedIn,449.39,197.83,Completed
ORD_3598,CUST_1440,2024-04-22,Onboarding,Google Search,277.85,46.61,Completed
ORD_3599,CUST_124,2024-04-26,Add-on,LinkedIn,959.43,281.35,Completed
ORD_3600,CUST_544,2024-09-21,Basic Plan,LinkedIn,833.49,229.94,Completed
ORD_3601,CUST_1361,2024-04-06,Premium Support,LinkedIn,104.53,31.98,Completed
ORD_3602,CUST_556,2024-05-20,Premium Support,LinkedIn,1022.74,172.7,Completed
ORD_3603,CUST_103,2024-04-27,Add-on,Partnership,997.67,426.84,Cancelled
ORD_3604,CUST_1132,2024-04-29,Basic Plan,TikTok,886.71,171.77,Completed
ORD_3605,CUST_1057,2024-11-07,Pro Plan,Google Search,232.4,95.41,Completed
ORD_3606,CUST_424,2024-04-16,Add-on,LinkedIn,938.73,305.05,Cancelled
ORD_3607,CUST_222,2024-11-27,Premium Support,LinkedIn,217.99,34.6,Completed
ORD_3608,CUST_397,2024-04-02,Business Plan,LinkedIn,243.46,71.59,Completed
ORD_3609,CUST_444,2024-10-20,Basic Plan,Event Walk-in,414.99,71.47,Refunded
ORD_3610,CUST_776,2024-09-13,Pro Plan,LinkedIn,762.05,228.95,Completed
ORD_3611,CUST_771,2024-11-19,Premium Support,Google Search,304.93,114.34,Completed
ORD_3612,CUST_806,2024-10-29,Onboarding,LinkedIn,413.45,145.36,Completed
ORD_3613,CUST_114,2024-09-12,Pro Plan,LinkedIn,477.66,88.05,Completed
ORD_3614,CUST_505,2024-04-02,Basic Plan,LinkedIn,323.17,120.71,Completed
ORD_3615,CUST_688,2025-05-02,Onboarding,Google Search,816.66,129.62,Completed
ORD_3616,CUST_1284,2024-01-09,Pro Plan,LinkedIn,293.07,95.43,Completed
ORD_3617,CUST_879,2024-01-11,Basic Plan,Partnership,798.72,195.36,Completed
ORD_3618,CUST_637,2025-03-15,Basic Plan,LinkedIn,1147.6,299.84,Completed
ORD_3619,CUST_903,2024-02-12,Pro Plan,Partnership,658.3,241.45,Completed
ORD_3620,CUST_1136,2025-01-23,Add-on,Partnership,390.83,152.88,Completed
ORD_3621,CUST_941,2024-08-14,Basic Plan,LinkedIn,1169.77,411.74,Cancelled
ORD_3622,CUST_802,2024-05-12,Business Plan,LinkedIn,1038.84,278.16,Completed
ORD_3623,CUST_1434,2024-05-26,Basic Plan,Google Search,319.2,130.98,Completed
ORD_3624,CUST_684,2024-04-27,Add-on,LinkedIn,549.07,165.61,Cancelled
ORD_3625,CUST_935,2024-10-16,Business Plan,Partnership,239.51,81.92,Cancelled
ORD_3626,CUST_1103,2025-06-14,Business Plan,Google Search,678.13,181.73,Completed
ORD_3627,CUST_1328,2024-02-13,Pro Plan,LinkedIn,984.55,353.35,Refunded
ORD_3628,CUST_803,2024-09-06,Business Plan,Google Search,1040.58,318.85,Completed
ORD_3629,CUST_819,2025-06-09,Onboarding,Partnership,516.41,156.67,Completed
ORD_3630,CUST_1291,2025-02-22,Pro Plan,Event Walk-in,365.79,158.57,Completed
ORD_3631,CUST_624,2025-01-05,Basic Plan,LinkedIn,1014.51,226.22,Completed
ORD_3632,CUST_48,2025-01-24,Basic Plan,Google Search,989.43,377.93,Cancelled
ORD_3633,CUST_1246,2024-03-09,Basic Plan,Google Search,689.77,169.36,Completed
ORD_3634,CUST_425,2024-07-13,Business Plan,Referral,933.1,250.11,Completed
ORD_3635,CUST_237,2025-03-22,Pro Plan,LinkedIn,875.84,339.11,Cancelled
ORD_3636,CUST_906,2025-04-17,Business Plan,Referral,220.17,85.05,Completed
ORD_3637,CUST_788,2024-09-25,Basic Plan,Google Search,834.11,273.27,Completed
ORD_3638,CUST_489,2024-08-15,Business Plan,Google Search,788.99,203.47,Completed
ORD_3639,CUST_148,2024-01-02,Pro Plan,LinkedIn,442.9,180.99,Completed
ORD_3640,CUST_1005,2024-02-05,Enterprise Plan,Instagram,731.31,315.67,Completed
ORD_3641,CUST_571,2024-07-30,Basic Plan,Partnership,702.45,233.91,Completed
ORD_3642,CUST_788,2024-07-12,Enterprise Plan,Google Search,632.55,98.84,Completed
ORD_3643,CUST_1490,2024-11-11,Business Plan,Event Walk-in,632.65,121.84,Refunded
ORD_3644,CUST_229,2025-02-19,Pro Plan,LinkedIn,1112.09,459.32,Completed
ORD_3645,CUST_797,2024-11-23,Basic Plan,Instagram,1118.81,281.68,Completed
ORD_3646,CUST_687,2025-03-11,Add-on,LinkedIn,843.21,235.58,Refunded
ORD_3647,CUST_277,2024-07-18,Enterprise Plan,Google Search,922.75,157.36,Completed
ORD_3648,CUST_1256,2024-03-25,Pro Plan,LinkedIn,359.23,104.59,Completed
ORD_3649,CUST_237,2024-05-12,Business Plan,LinkedIn,412.45,174.09,Completed
ORD_3650,CUST_408,2024-04-17,Business Plan,LinkedIn,1132.25,403.17,Completed
ORD_3651,CUST_989,2025-04-21,Pro Plan,TikTok,764.89,188.01,Completed
ORD_3652,CUST_77,2025-04-15,Enterprise Plan,LinkedIn,837.3,125.71,Completed
ORD_3653,CUST_1192,2025-06-18,Business Plan,Partnership,619.41,182.63,Completed
ORD_3654,CUST_1188,2024-05-26,Basic Plan,Google Search,741.51,135.94,Completed
ORD_3655,CUST_1221,2024-08-31,Enterprise Plan,LinkedIn,334.63,139.35,Completed
ORD_3656,CUST_1464,2024-07-27,Basic Plan,Instagram,859.4,262.48,Refunded
ORD_3657,CUST_704,2024-01-13,Pro Plan,LinkedIn,313.05,80.14,Completed
ORD_3658,CUST_1443,2025-03-28,Basic Plan,Google Search,384.65,70.12,Completed
ORD_3659,CUST_1120,2025-06-03,Basic Plan,LinkedIn,744.88,173.78,Completed
ORD_3660,CUST_714,2024-05-30,Pro Plan,LinkedIn,749.36,147.93,Completed
ORD_3661,CUST_992,2024-11-14,Enterprise Plan,Partnership,1088.91,286.94,Completed
ORD_3662,CUST_1479,2024-09-04,Enterprise Plan,Partnership,1010.19,199.36,Completed
ORD_3663,CUST_4,2025-01-22,Basic Plan,Instagram,1197.12,306.74,Completed
ORD_3664,CUST_81,2024-04-24,Basic Plan,TikTok,242.38,48.95,Completed
ORD_3665,CUST_358,2025-05-26,Business Plan,Instagram,79.07,14.46,Completed
ORD_3666,CUST_363,2024-05-29,Onboarding,LinkedIn,906.51,368.29,Completed
ORD_3667,CUST_1266,2024-07-20,Basic Plan,TikTok,51.8,9.12,Cancelled
ORD_3668,CUST_588,2025-05-09,Pro Plan,TikTok,1100.56,393.44,Completed
ORD_3669,CUST_751,2025-04-23,Pro Plan,Referral,929.89,377.81,Completed
ORD_3670,CUST_1118,2024-02-23,Basic Plan,TikTok,566.86,102.04,Completed
ORD_3671,CUST_635,2024-01-11,Pro Plan,LinkedIn,245.39,94.62,Refunded
ORD_3672,CUST_1160,2024-11-21,Basic Plan,LinkedIn,492.35,165.76,Completed
ORD_3673,CUST_1272,2024-09-09,Add-on,LinkedIn,36.25,14.81,Completed
ORD_3674,CUST_419,2024-05-06,Business Plan,Event Walk-in,117.12,49.99,Completed
ORD_3675,CUST_1092,2024-10-27,Pro Plan,LinkedIn,1156.64,478.23,Completed
ORD_3676,CUST_1472,2024-05-15,Business Plan,TikTok,524.59,229.63,Refunded
ORD_3677,CUST_721,2024-06-19,Business Plan,Partnership,61.0,14.11,Completed
ORD_3678,CUST_208,2024-03-24,Pro Plan,Google Search,442.29,100.64,Completed
ORD_3679,CUST_414,2024-07-01,Enterprise Plan,LinkedIn,380.95,144.48,Completed
ORD_3680,CUST_375,2024-01-15,Basic Plan,Partnership,1049.75,162.59,Completed
ORD_3681,CUST_895,2025-02-15,Pro Plan,Google Search,741.54,167.04,Completed
ORD_3682,CUST_476,2024-09-08,Basic Plan,Google Search,649.99,208.38,Completed
ORD_3683,CUST_933,2025-06-12,Business Plan,Google Search,1167.7,230.91,Completed
ORD_3684,CUST_444,2025-01-14,Pro Plan,Event Walk-in,281.36,121.99,Completed
ORD_3685,CUST_98,2024-02-17,Pro Plan,LinkedIn,375.29,139.61,Refunded
ORD_3686,CUST_1122,2024-05-11,Pro Plan,Partnership,1185.38,343.79,Completed
ORD_3687,CUST_399,2024-06-09,Business Plan,LinkedIn,1088.08,174.87,Completed
ORD_3688,CUST_1193,2024-11-29,Business Plan,Google Search,708.27,226.69,Cancelled
ORD_3689,CUST_1237,2025-06-07,Basic Plan,LinkedIn,300.24,77.39,Completed
ORD_3690,CUST_985,2024-12-01,Basic Plan,Partnership,1120.38,358.22,Completed
ORD_3691,CUST_382,2024-07-13,Onboarding,LinkedIn,1138.91,462.29,Completed
ORD_3692,CUST_1161,2024-02-07,Premium Support,LinkedIn,491.04,101.1,Completed
ORD_3693,CUST_1432,2024-11-13,Enterprise Plan,LinkedIn,919.33,246.21,Completed
ORD_3694,CUST_839,2024-12-27,Pro Plan,Partnership,862.15,226.83,Refunded
ORD_3695,CUST_366,2024-04-17,Basic Plan,Partnership,186.43,72.64,Completed
ORD_3696,CUST_1100,2025-05-09,Basic Plan,Referral,433.89,125.69,Completed
ORD_3697,CUST_1255,2024-02-03,Business Plan,LinkedIn,1129.91,308.85,Cancelled
ORD_3698,CUST_933,2024-09-25,Basic Plan,Google Search,94.82,35.08,Completed
ORD_3699,CUST_1282,2025-04-08,Add-on,LinkedIn,205.14,64.89,Completed
ORD_3700,CUST_1015,2024-06-30,Add-on,Google Search,29.67,5.51,Completed
ORD_3701,CUST_1268,2025-06-25,Pro Plan,Google Search,435.94,174.87,Completed
ORD_3702,CUST_358,2025-05-24,Onboarding,Instagram,1008.18,295.67,Completed
ORD_3703,CUST_1124,2024-07-16,Pro Plan,LinkedIn,72.92,13.31,Completed
ORD_3704,CUST_5,2024-03-14,Pro Plan,LinkedIn,951.69,216.43,Completed
ORD_3705,CUST_538,2025-01-25,Pro Plan,Partnership,632.22,251.15,Completed
ORD_3706,CUST_1013,2024-10-23,Business Plan,Google Search,770.75,184.97,Refunded
ORD_3707,CUST_714,2024-05-25,Enterprise Plan,LinkedIn,196.34,66.23,Completed
ORD_3708,CUST_408,2024-03-30,Business Plan,LinkedIn,77.94,19.28,Refunded
ORD_3709,CUST_82,2024-01-19,Enterprise Plan,Instagram,844.59,310.16,Completed
ORD_3710,CUST_850,2025-04-29,Pro Plan,Google Search,1128.03,288.59,Completed
ORD_3711,CUST_1035,2025-06-16,Basic Plan,TikTok,1096.17,276.78,Completed
ORD_3712,CUST_897,2025-04-21,Business Plan,Instagram,248.56,91.84,Cancelled
ORD_3713,CUST_114,2025-02-04,Enterprise Plan,LinkedIn,957.83,270.34,Completed
ORD_3714,CUST_1465,2024-02-25,Basic Plan,Google Search,244.4,103.86,Completed
ORD_3715,CUST_920,2024-05-23,Pro Plan,Google Search,106.79,45.59,Completed
ORD_3716,CUST_1070,2024-01-02,Basic Plan,Instagram,670.48,159.39,Completed
ORD_3717,CUST_1479,2024-07-03,Basic Plan,Partnership,624.43,114.28,Completed
ORD_3718,CUST_1136,2024-04-05,Business Plan,Partnership,460.17,142.55,Completed
ORD_3719,CUST_1083,2024-07-17,Premium Support,LinkedIn,703.74,176.88,Completed
ORD_3720,CUST_703,2025-01-04,Pro Plan,Partnership,644.95,274.08,Completed
ORD_3721,CUST_159,2025-02-27,Pro Plan,Instagram,27.74,4.53,Completed
ORD_3722,CUST_1482,2024-11-27,Basic Plan,Partnership,1152.81,501.1,Completed
ORD_3723,CUST_124,2024-05-29,Pro Plan,LinkedIn,304.64,125.17,Completed
ORD_3724,CUST_638,2024-10-26,Basic Plan,LinkedIn,235.71,38.19,Refunded
ORD_3725,CUST_1400,2025-04-07,Premium Support,Google Search,716.9,220.94,Completed
ORD_3726,CUST_468,2024-05-11,Basic Plan,Referral,1047.65,454.08,Cancelled
ORD_3727,CUST_171,2024-05-16,Pro Plan,Instagram,865.14,178.3,Completed
ORD_3728,CUST_36,2024-12-31,Business Plan,LinkedIn,570.45,156.1,Completed
ORD_3729,CUST_568,2024-11-21,Pro Plan,Partnership,1123.08,494.63,Completed
ORD_3730,CUST_285,2024-04-22,Business Plan,Google Search,236.47,81.28,Refunded
ORD_3731,CUST_1097,2025-04-08,Pro Plan,Google Search,768.84,115.62,Completed
ORD_3732,CUST_1363,2024-12-22,Basic Plan,Instagram,537.24,241.17,Completed
ORD_3733,CUST_273,2025-02-04,Basic Plan,LinkedIn,550.58,84.04,Completed
ORD_3734,CUST_276,2025-03-30,Business Plan,Google Search,503.56,149.66,Completed
ORD_3735,CUST_328,2024-10-21,Basic Plan,Google Search,1065.55,470.01,Refunded
ORD_3736,CUST_1081,2024-08-17,Enterprise Plan,Google Search,715.57,265.61,Completed
ORD_3737,CUST_690,2024-07-17,Pro Plan,Google Search,184.54,44.08,Completed
ORD_3738,CUST_564,2025-06-25,Basic Plan,TikTok,929.54,376.21,Refunded
ORD_3739,CUST_1348,2024-01-10,Pro Plan,Referral,1131.35,332.93,Completed
ORD_3740,CUST_1030,2024-07-23,Basic Plan,Google Search,984.39,195.5,Completed
ORD_3741,CUST_828,2024-01-19,Pro Plan,Google Search,781.48,221.43,Completed
ORD_3742,CUST_1420,2024-03-28,Basic Plan,LinkedIn,388.04,155.55,Completed
ORD_3743,CUST_149,2024-06-20,Add-on,Instagram,1185.91,523.09,Refunded
ORD_3744,CUST_565,2024-03-21,Basic Plan,LinkedIn,38.52,10.64,Completed
ORD_3745,CUST_1415,2024-06-03,Business Plan,LinkedIn,135.57,60.12,Completed
ORD_3746,CUST_1145,2024-01-31,Pro Plan,LinkedIn,820.2,124.17,Completed
ORD_3747,CUST_748,2024-02-27,Pro Plan,Google Search,750.53,304.64,Refunded
ORD_3748,CUST_869,2024-07-31,Basic Plan,Partnership,754.2,314.79,Completed
ORD_3749,CUST_1063,2025-02-24,Add-on,Partnership,739.08,171.39,Completed
ORD_3750,CUST_468,2024-05-20,Basic Plan,Referral,85.34,31.26,Cancelled
ORD_3751,CUST_170,2025-02-05,Pro Plan,Partnership,484.08,91.35,Completed
ORD_3752,CUST_228,2024-07-10,Basic Plan,Instagram,404.58,166.3,Completed
ORD_3753,CUST_1183,2024-01-13,Pro Plan,LinkedIn,470.52,208.0,Completed
ORD_3754,CUST_1044,2024-07-06,Business Plan,Partnership,706.13,316.1,Completed
ORD_3755,CUST_387,2025-02-27,Basic Plan,LinkedIn,236.91,97.83,Completed
ORD_3756,CUST_622,2024-05-01,Basic Plan,Referral,908.49,400.06,Completed
ORD_3757,CUST_931,2025-01-22,Pro Plan,Partnership,78.74,23.1,Completed
ORD_3758,CUST_1274,2025-01-21,Onboarding,Google Search,488.22,188.08,Completed
ORD_3759,CUST_872,2024-10-12,Enterprise Plan,Partnership,592.31,108.37,Completed
ORD_3760,CUST_1319,2025-06-03,Onboarding,Google Search,476.57,160.5,Completed
ORD_3761,CUST_248,2025-03-24,Enterprise Plan,Event Walk-in,50.35,20.26,Completed
ORD_3762,CUST_825,2024-12-28,Pro Plan,Google Search,637.53,134.97,Completed
ORD_3763,CUST_708,2024-11-24,Business Plan,Instagram,438.86,162.13,Completed
ORD_3764,CUST_245,2024-07-18,Business Plan,LinkedIn,857.24,358.84,Completed
ORD_3765,CUST_7,2024-05-20,Onboarding,Partnership,194.02,48.91,Refunded
ORD_3766,CUST_1244,2024-12-19,Basic Plan,Partnership,1007.74,389.49,Refunded
ORD_3767,CUST_1350,2024-07-17,Pro Plan,Google Search,958.15,183.02,Completed
ORD_3768,CUST_625,2024-08-07,Pro Plan,Google Search,1082.4,228.96,Completed
ORD_3769,CUST_1183,2024-03-13,Basic Plan,LinkedIn,532.76,115.51,Completed
ORD_3770,CUST_752,2024-10-02,Business Plan,LinkedIn,168.86,26.54,Refunded
ORD_3771,CUST_736,2024-04-14,Basic Plan,LinkedIn,493.73,145.93,Completed
ORD_3772,CUST_999,2024-09-07,Basic Plan,LinkedIn,752.1,235.26,Completed
ORD_3773,CUST_202,2025-02-12,Basic Plan,Google Search,884.6,164.61,Refunded
ORD_3774,CUST_565,2024-06-25,Pro Plan,LinkedIn,520.65,213.02,Cancelled
ORD_3775,CUST_931,2024-03-10,Basic Plan,Partnership,613.61,101.67,Completed
ORD_3776,CUST_79,2024-11-21,Basic Plan,LinkedIn,838.68,138.64,Cancelled
ORD_3777,CUST_1338,2024-01-27,Basic Plan,LinkedIn,336.83,117.96,Completed
ORD_3778,CUST_573,2024-05-10,Enterprise Plan,Referral,945.94,332.61,Completed
ORD_3779,CUST_62,2025-01-16,Pro Plan,Partnership,944.14,260.0,Completed
ORD_3780,CUST_49,2025-05-24,Pro Plan,LinkedIn,996.94,287.54,Refunded
ORD_3781,CUST_1048,2024-06-26,Business Plan,Google Search,671.7,151.46,Refunded
ORD_3782,CUST_178,2024-10-07,Onboarding,Partnership,982.8,392.97,Completed
ORD_3783,CUST_801,2025-05-13,Basic Plan,LinkedIn,39.23,16.6,Completed
ORD_3784,CUST_1298,2024-11-19,Pro Plan,LinkedIn,238.17,43.24,Completed
ORD_3785,CUST_1330,2024-05-13,Basic Plan,Instagram,1077.04,446.39,Completed
ORD_3786,CUST_329,2025-06-22,Basic Plan,Google Search,976.52,227.2,Completed
ORD_3787,CUST_929,2025-03-10,Enterprise Plan,Google Search,393.81,148.01,Completed
ORD_3788,CUST_896,2024-09-22,Business Plan,Partnership,407.07,148.98,Completed
ORD_3789,CUST_738,2024-08-16,Basic Plan,Instagram,166.07,71.79,Completed
ORD_3790,CUST_774,2024-08-26,Basic Plan,TikTok,1006.92,438.17,Completed
ORD_3791,CUST_1228,2024-05-17,Onboarding,Google Search,468.06,131.7,Completed
ORD_3792,CUST_458,2025-02-11,Business Plan,Google Search,361.84,149.59,Completed
ORD_3793,CUST_1067,2024-06-24,Business Plan,LinkedIn,147.93,63.96,Completed
ORD_3794,CUST_1355,2025-04-23,Basic Plan,LinkedIn,129.74,53.16,Completed
ORD_3795,CUST_819,2024-08-29,Add-on,Partnership,38.62,8.27,Refunded
ORD_3796,CUST_527,2024-07-25,Basic Plan,Google Search,517.06,102.85,Completed
ORD_3797,CUST_391,2024-03-16,Premium Support,LinkedIn,378.26,134.1,Completed
ORD_3798,CUST_692,2024-05-06,Add-on,Google Search,1148.13,490.6,Completed
ORD_3799,CUST_1411,2024-11-04,Pro Plan,Google Search,563.94,182.42,Completed
ORD_3800,CUST_407,2024-09-11,Pro Plan,Instagram,719.59,169.09,Completed
ORD_3801,CUST_1322,2024-05-03,Basic Plan,Google Search,521.79,172.11,Completed
ORD_3802,CUST_599,2025-04-27,Pro Plan,Google Search,349.0,106.85,Completed
ORD_3803,CUST_668,2025-06-28,Basic Plan,LinkedIn,772.51,265.85,Completed
ORD_3804,CUST_685,2025-02-04,Business Plan,LinkedIn,939.06,363.24,Completed
ORD_3805,CUST_531,2025-05-14,Business Plan,Instagram,197.71,37.96,Completed
ORD_3806,CUST_1412,2025-02-22,Business Plan,Google Search,379.61,65.36,Completed
ORD_3807,CUST_363,2025-05-08,Basic Plan,LinkedIn,1087.87,390.73,Completed
ORD_3808,CUST_418,2024-03-24,Business Plan,Google Search,278.49,74.79,Completed
ORD_3809,CUST_204,2024-02-09,Pro Plan,LinkedIn,781.76,278.05,Completed
ORD_3810,CUST_579,2025-02-07,Enterprise Plan,LinkedIn,934.8,332.8,Completed
ORD_3811,CUST_987,2025-01-09,Business Plan,LinkedIn,1153.22,325.55,Completed
ORD_3812,CUST_240,2024-12-29,Add-on,Referral,444.92,87.91,Completed
ORD_3813,CUST_1144,2024-02-23,Enterprise Plan,Google Search,153.56,49.51,Cancelled
ORD_3814,CUST_234,2025-01-29,Basic Plan,Instagram,104.66,47.02,Completed
ORD_3815,CUST_690,2024-07-01,Pro Plan,Google Search,380.51,135.79,Completed
ORD_3816,CUST_1086,2025-04-11,Premium Support,Referral,116.68,31.27,Completed
ORD_3817,CUST_262,2024-07-21,Enterprise Plan,Instagram,872.84,338.17,Cancelled
ORD_3818,CUST_665,2024-06-21,Basic Plan,LinkedIn,879.33,244.06,Completed
ORD_3819,CUST_637,2024-03-22,Pro Plan,LinkedIn,998.58,403.05,Completed
ORD_3820,CUST_37,2025-06-08,Pro Plan,TikTok,844.08,342.08,Completed
ORD_3821,CUST_330,2025-04-15,Business Plan,Instagram,460.98,116.7,Completed
ORD_3822,CUST_893,2024-05-08,Pro Plan,Google Search,1048.11,192.65,Completed
ORD_3823,CUST_1354,2024-05-05,Basic Plan,Partnership,1188.37,522.43,Completed
ORD_3824,CUST_686,2024-09-23,Basic Plan,Google Search,1051.15,457.54,Completed
ORD_3825,CUST_973,2024-02-15,Basic Plan,LinkedIn,953.74,269.76,Completed
ORD_3826,CUST_356,2024-08-24,Basic Plan,Google Search,236.19,44.39,Completed
ORD_3827,CUST_789,2024-03-19,Basic Plan,Partnership,829.94,216.92,Completed
ORD_3828,CUST_297,2024-04-19,Enterprise Plan,Google Search,472.42,81.25,Completed
ORD_3829,CUST_1368,2024-08-18,Basic Plan,LinkedIn,183.8,52.38,Completed
ORD_3830,CUST_781,2025-01-27,Onboarding,Google Search,83.91,21.45,Completed
ORD_3831,CUST_1336,2024-03-14,Enterprise Plan,Referral,981.74,389.42,Completed
ORD_3832,CUST_107,2024-03-16,Business Plan,Google Search,464.43,121.86,Completed
ORD_3833,CUST_947,2025-02-06,Basic Plan,Partnership,964.04,182.75,Completed
ORD_3834,CUST_1125,2025-06-15,Basic Plan,LinkedIn,867.11,207.37,Completed
ORD_3835,CUST_39,2024-01-01,Enterprise Plan,LinkedIn,313.66,80.7,Completed
ORD_3836,CUST_527,2024-08-19,Business Plan,Google Search,186.43,45.81,Completed
ORD_3837,CUST_1079,2024-02-16,Enterprise Plan,Instagram,498.07,79.41,Refunded
ORD_3838,CUST_589,2024-12-07,Enterprise Plan,LinkedIn,802.74,326.0,Completed
ORD_3839,CUST_1351,2024-04-29,Enterprise Plan,LinkedIn,438.65,165.84,Completed
ORD_3840,CUST_1084,2024-05-16,Pro Plan,Google Search,76.0,28.02,Completed
ORD_3841,CUST_1305,2025-06-03,Business Plan,Google Search,606.05,159.74,Completed
ORD_3842,CUST_595,2024-10-15,Enterprise Plan,LinkedIn,1198.21,482.06,Completed
ORD_3843,CUST_428,2025-01-31,Business Plan,Partnership,643.45,169.0,Completed
ORD_3844,CUST_596,2024-03-29,Business Plan,LinkedIn,345.83,64.28,Completed
ORD_3845,CUST_1322,2025-01-14,Pro Plan,Google Search,921.97,316.79,Completed
ORD_3846,CUST_557,2025-06-17,Basic Plan,Instagram,964.43,294.72,Cancelled
ORD_3847,CUST_345,2024-04-13,Pro Plan,LinkedIn,226.62,60.57,Completed
ORD_3848,CUST_466,2025-01-24,Basic Plan,TikTok,524.49,209.38,Completed
ORD_3849,CUST_346,2024-04-18,Basic Plan,Google Search,1115.75,339.75,Completed
ORD_3850,CUST_132,2024-06-18,Basic Plan,TikTok,709.85,113.33,Completed
ORD_3851,CUST_413,2024-12-02,Pro Plan,LinkedIn,877.59,326.59,Refunded
ORD_3852,CUST_884,2024-12-05,Pro Plan,Instagram,177.36,63.94,Completed
ORD_3853,CUST_1360,2024-08-17,Pro Plan,Google Search,894.57,299.45,Refunded
ORD_3854,CUST_1253,2025-06-21,Enterprise Plan,Partnership,242.71,76.76,Completed
ORD_3855,CUST_2,2025-01-19,Pro Plan,Google Search,1020.03,392.56,Completed
ORD_3856,CUST_489,2025-01-01,Basic Plan,Google Search,905.83,317.38,Completed
ORD_3857,CUST_1442,2025-04-27,Basic Plan,Google Search,584.18,145.68,Completed
ORD_3858,CUST_627,2024-05-04,Basic Plan,Instagram,822.17,278.41,Completed
ORD_3859,CUST_910,2025-01-18,Basic Plan,LinkedIn,470.19,210.18,Completed
ORD_3860,CUST_1197,2025-03-19,Pro Plan,Partnership,269.26,49.97,Completed
ORD_3861,CUST_957,2024-01-26,Basic Plan,Google Search,656.07,115.72,Completed
ORD_3862,CUST_1438,2025-05-16,Business Plan,LinkedIn,777.34,153.18,Completed
ORD_3863,CUST_1270,2025-01-15,Enterprise Plan,Partnership,903.96,281.28,Completed
ORD_3864,CUST_317,2024-01-18,Business Plan,Google Search,759.28,319.13,Completed
ORD_3865,CUST_729,2024-11-06,Business Plan,Google Search,420.99,179.86,Cancelled
ORD_3866,CUST_1209,2025-02-17,Onboarding,LinkedIn,800.25,289.49,Completed
ORD_3867,CUST_405,2024-12-10,Pro Plan,Google Search,444.5,168.48,Completed
ORD_3868,CUST_399,2025-04-20,Basic Plan,LinkedIn,549.54,147.28,Completed
ORD_3869,CUST_14,2024-08-07,Basic Plan,Event Walk-in,893.23,142.4,Completed
ORD_3870,CUST_695,2024-07-26,Pro Plan,LinkedIn,136.12,23.92,Completed
ORD_3871,CUST_10,2024-08-28,Basic Plan,Google Search,818.53,350.35,Completed
ORD_3872,CUST_1383,2024-08-04,Onboarding,Instagram,719.89,145.72,Completed
ORD_3873,CUST_294,2024-11-08,Business Plan,LinkedIn,1047.41,278.6,Completed
ORD_3874,CUST_650,2024-09-10,Business Plan,Google Search,840.73,339.85,Cancelled
ORD_3875,CUST_717,2024-09-27,Enterprise Plan,Google Search,771.45,330.44,Completed
ORD_3876,CUST_1370,2024-06-03,Business Plan,Partnership,813.88,164.76,Completed
ORD_3877,CUST_1103,2025-01-05,Pro Plan,Google Search,631.22,255.49,Completed
ORD_3878,CUST_466,2024-08-04,Basic Plan,TikTok,926.87,343.18,Completed
ORD_3879,CUST_1276,2024-01-06,Pro Plan,Partnership,277.56,85.17,Completed
ORD_3880,CUST_355,2024-11-08,Business Plan,LinkedIn,322.89,75.84,Refunded
ORD_3881,CUST_1442,2024-02-08,Basic Plan,Google Search,790.12,255.99,Completed
ORD_3882,CUST_1032,2024-12-16,Business Plan,Instagram,479.05,102.97,Refunded
ORD_3883,CUST_790,2025-05-31,Premium Support,LinkedIn,694.47,130.25,Completed
ORD_3884,CUST_1055,2024-02-26,Pro Plan,LinkedIn,827.5,260.86,Completed
ORD_3885,CUST_261,2024-11-30,Business Plan,Google Search,1140.44,336.14,Refunded
ORD_3886,CUST_203,2024-07-10,Basic Plan,Instagram,1034.09,275.47,Completed
ORD_3887,CUST_1398,2024-02-01,Enterprise Plan,LinkedIn,621.41,150.7,Completed
ORD_3888,CUST_198,2025-05-15,Add-on,LinkedIn,321.62,121.52,Completed
ORD_3889,CUST_488,2024-04-14,Basic Plan,Partnership,282.72,92.52,Completed
ORD_3890,CUST_223,2024-10-19,Basic Plan,Google Search,1151.86,347.31,Completed
ORD_3891,CUST_306,2024-03-19,Pro Plan,LinkedIn,1107.14,452.6,Completed
ORD_3892,CUST_548,2024-07-07,Business Plan,LinkedIn,114.02,38.92,Completed
ORD_3893,CUST_834,2024-05-24,Pro Plan,LinkedIn,413.41,102.11,Refunded
ORD_3894,CUST_442,2025-05-26,Onboarding,Referral,748.18,112.45,Completed
ORD_3895,CUST_1103,2024-10-06,Pro Plan,Google Search,398.21,121.02,Completed
ORD_3896,CUST_585,2024-12-23,Basic Plan,LinkedIn,98.75,35.99,Cancelled
ORD_3897,CUST_799,2024-04-29,Basic Plan,LinkedIn,100.94,23.68,Completed
ORD_3898,CUST_1095,2024-04-14,Business Plan,Google Search,716.71,252.93,Completed
ORD_3899,CUST_64,2024-01-16,Pro Plan,Partnership,531.1,184.27,Refunded
ORD_3900,CUST_1094,2025-03-18,Pro Plan,LinkedIn,901.01,217.77,Completed
ORD_3901,CUST_1272,2025-03-03,Pro Plan,LinkedIn,789.88,170.96,Completed
ORD_3902,CUST_23,2024-07-01,Pro Plan,TikTok,196.45,50.37,Completed
ORD_3903,CUST_845,2024-07-23,Pro Plan,Partnership,53.51,14.02,Completed
ORD_3904,CUST_815,2024-02-03,Add-on,Google Search,938.16,350.09,Completed
ORD_3905,CUST_1222,2024-01-04,Basic Plan,LinkedIn,286.12,85.31,Completed
ORD_3906,CUST_740,2024-08-17,Enterprise Plan,Instagram,493.07,113.64,Completed
ORD_3907,CUST_335,2025-02-24,Pro Plan,TikTok,441.22,170.02,Completed
ORD_3908,CUST_928,2025-02-15,Basic Plan,LinkedIn,777.91,221.26,Completed
ORD_3909,CUST_1272,2025-05-28,Business Plan,LinkedIn,136.74,21.18,Completed
ORD_3910,CUST_1437,2024-12-20,Basic Plan,LinkedIn,522.51,96.89,Completed
ORD_3911,CUST_1341,2024-10-21,Business Plan,Instagram,286.12,112.47,Completed
ORD_3912,CUST_1499,2025-03-08,Basic Plan,LinkedIn,1103.4,469.78,Completed
ORD_3913,CUST_729,2025-03-25,Basic Plan,Google Search,1113.49,249.69,Completed
ORD_3914,CUST_197,2024-05-26,Business Plan,Google Search,394.17,65.11,Completed
ORD_3915,CUST_559,2025-05-23,Pro Plan,LinkedIn,211.85,34.37,Completed
ORD_3916,CUST_1003,2025-01-01,Onboarding,TikTok,1028.97,255.74,Completed
ORD_3917,CUST_741,2025-06-09,Basic Plan,Google Search,332.02,112.21,Completed
ORD_3918,CUST_665,2024-03-15,Add-on,LinkedIn,118.22,22.51,Completed
ORD_3919,CUST_1491,2024-01-16,Basic Plan,Partnership,677.12,149.2,Completed
ORD_3920,CUST_919,2025-02-03,Business Plan,TikTok,151.22,28.29,Completed
ORD_3921,CUST_1398,2024-02-12,Basic Plan,LinkedIn,904.13,286.69,Completed
ORD_3922,CUST_826,2024-02-24,Basic Plan,LinkedIn,673.02,279.21,Completed
ORD_3923,CUST_22,2024-04-29,Basic Plan,Partnership,67.8,17.05,Completed
ORD_3924,CUST_585,2025-04-11,Pro Plan,LinkedIn,839.11,215.63,Refunded
ORD_3925,CUST_982,2024-08-08,Pro Plan,Google Search,514.02,164.06,Completed
ORD_3926,CUST_460,2025-05-12,Business Plan,LinkedIn,846.44,162.46,Completed
ORD_3927,CUST_1184,2024-06-02,Basic Plan,Partnership,324.48,116.82,Completed
ORD_3928,CUST_104,2024-01-28,Onboarding,Referral,195.13,38.53,Completed
ORD_3929,CUST_539,2025-06-24,Enterprise Plan,Google Search,304.4,131.82,Completed
ORD_3930,CUST_1188,2024-11-29,Basic Plan,Google Search,900.09,273.74,Completed
ORD_3931,CUST_1119,2024-11-27,Onboarding,LinkedIn,763.39,118.3,Completed
ORD_3932,CUST_1391,2025-01-26,Business Plan,Google Search,476.43,95.94,Completed
ORD_3933,CUST_462,2024-04-05,Enterprise Plan,LinkedIn,511.13,212.31,Refunded
ORD_3934,CUST_1204,2024-05-12,Basic Plan,LinkedIn,901.83,284.72,Refunded
ORD_3935,CUST_805,2024-08-29,Business Plan,Google Search,1112.73,282.27,Completed
ORD_3936,CUST_239,2024-08-28,Pro Plan,LinkedIn,912.58,342.98,Completed
ORD_3937,CUST_1098,2025-02-06,Basic Plan,LinkedIn,666.24,233.47,Completed
ORD_3938,CUST_1327,2024-12-04,Add-on,Google Search,601.42,210.52,Completed
ORD_3939,CUST_1031,2024-03-19,Enterprise Plan,Google Search,450.31,86.88,Completed
ORD_3940,CUST_599,2024-04-30,Pro Plan,Google Search,500.95,102.22,Completed
ORD_3941,CUST_605,2024-01-12,Pro Plan,LinkedIn,696.23,189.37,Completed
ORD_3942,CUST_1162,2024-02-07,Onboarding,Event Walk-in,1006.23,200.35,Completed
ORD_3943,CUST_260,2024-03-22,Pro Plan,LinkedIn,883.25,145.26,Completed
ORD_3944,CUST_593,2025-05-31,Onboarding,TikTok,932.21,291.81,Completed
ORD_3945,CUST_1258,2024-11-30,Business Plan,LinkedIn,1066.5,395.57,Completed
ORD_3946,CUST_906,2024-10-13,Basic Plan,Referral,118.15,32.11,Completed
ORD_3947,CUST_573,2024-12-11,Basic Plan,Referral,586.11,164.33,Completed
ORD_3948,CUST_783,2024-02-07,Pro Plan,LinkedIn,750.01,134.46,Refunded
ORD_3949,CUST_853,2024-08-27,Basic Plan,TikTok,1114.58,257.39,Completed
ORD_3950,CUST_1352,2024-03-04,Business Plan,LinkedIn,461.99,157.16,Completed
ORD_3951,CUST_745,2024-02-04,Basic Plan,Google Search,441.75,86.18,Completed
ORD_3952,CUST_325,2024-07-08,Onboarding,LinkedIn,284.43,125.71,Completed
ORD_3953,CUST_600,2024-05-16,Business Plan,LinkedIn,935.28,331.73,Completed
ORD_3954,CUST_275,2024-10-28,Basic Plan,Google Search,385.14,96.43,Completed
ORD_3955,CUST_619,2024-12-10,Business Plan,Google Search,214.41,39.02,Cancelled
ORD_3956,CUST_211,2024-03-24,Pro Plan,LinkedIn,751.93,140.5,Completed
ORD_3957,CUST_350,2025-01-23,Pro Plan,Google Search,372.65,131.11,Completed
ORD_3958,CUST_909,2024-08-10,Pro Plan,LinkedIn,73.89,16.11,Completed
ORD_3959,CUST_835,2025-03-25,Pro Plan,LinkedIn,563.09,186.94,Completed
ORD_3960,CUST_1241,2025-02-25,Basic Plan,Google Search,782.8,163.27,Cancelled
ORD_3961,CUST_521,2024-02-06,Add-on,Partnership,738.91,221.41,Completed
ORD_3962,CUST_1199,2025-02-01,Pro Plan,LinkedIn,851.97,303.54,Completed
ORD_3963,CUST_463,2024-08-20,Basic Plan,Google Search,1158.98,317.91,Completed
ORD_3964,CUST_1118,2025-06-22,Basic Plan,TikTok,707.78,192.89,Completed
ORD_3965,CUST_597,2025-03-10,Business Plan,Google Search,743.29,297.25,Completed
ORD_3966,CUST_1476,2024-03-21,Business Plan,Partnership,128.07,41.85,Completed
ORD_3967,CUST_1058,2025-05-05,Basic Plan,Instagram,1071.79,362.79,Completed
ORD_3968,CUST_158,2025-04-27,Business Plan,LinkedIn,541.42,185.75,Completed
ORD_3969,CUST_1338,2024-03-20,Business Plan,LinkedIn,467.98,191.93,Refunded
ORD_3970,CUST_1005,2024-09-05,Basic Plan,Instagram,65.9,19.06,Refunded
ORD_3971,CUST_508,2024-06-06,Basic Plan,Google Search,202.28,53.37,Completed
ORD_3972,CUST_934,2025-04-01,Pro Plan,Google Search,867.93,184.36,Completed
ORD_3973,CUST_1143,2024-05-02,Add-on,Google Search,648.46,231.76,Completed
ORD_3974,CUST_1462,2025-06-29,Pro Plan,LinkedIn,367.09,75.78,Completed
ORD_3975,CUST_163,2024-07-05,Basic Plan,Partnership,442.18,122.89,Completed
ORD_3976,CUST_1075,2024-04-17,Basic Plan,Partnership,951.23,197.05,Completed
ORD_3977,CUST_1094,2024-03-31,Basic Plan,LinkedIn,864.75,384.0,Completed
ORD_3978,CUST_567,2025-01-14,Business Plan,TikTok,101.99,24.22,Completed
ORD_3979,CUST_541,2024-06-24,Basic Plan,Google Search,802.8,271.19,Cancelled
ORD_3980,CUST_1107,2024-09-01,Pro Plan,Instagram,459.55,75.13,Completed
ORD_3981,CUST_1054,2024-10-30,Add-on,LinkedIn,594.74,256.69,Completed
ORD_3982,CUST_1187,2024-03-04,Basic Plan,LinkedIn,1028.3,237.24,Completed
ORD_3983,CUST_1091,2024-06-01,Pro Plan,Partnership,121.92,36.18,Completed
ORD_3984,CUST_767,2025-01-02,Business Plan,Google Search,252.73,91.44,Completed
ORD_3985,CUST_898,2024-04-28,Basic Plan,LinkedIn,824.24,186.95,Completed
ORD_3986,CUST_372,2024-06-02,Basic Plan,Referral,669.36,266.66,Completed
ORD_3987,CUST_1252,2024-06-06,Onboarding,Google Search,93.74,19.93,Completed
ORD_3988,CUST_1212,2024-05-08,Pro Plan,Partnership,910.09,228.76,Completed
ORD_3989,CUST_862,2024-08-31,Business Plan,LinkedIn,991.33,198.26,Completed
ORD_3990,CUST_349,2024-05-22,Business Plan,Instagram,887.7,343.68,Completed
ORD_3991,CUST_1335,2025-03-12,Business Plan,Google Search,734.01,246.71,Completed
ORD_3992,CUST_359,2024-11-24,Basic Plan,LinkedIn,751.25,123.09,Completed
ORD_3993,CUST_1330,2024-03-14,Business Plan,Instagram,374.69,99.86,Completed
ORD_3994,CUST_573,2024-09-15,Basic Plan,Referral,597.37,185.99,Completed
ORD_3995,CUST_1284,2024-07-04,Basic Plan,LinkedIn,952.59,389.47,Completed
ORD_3996,CUST_553,2025-06-24,Business Plan,Google Search,597.02,109.37,Completed
ORD_3997,CUST_423,2024-05-26,Pro Plan,Partnership,179.13,45.7,Completed
ORD_3998,CUST_1059,2024-12-24,Basic Plan,Partnership,606.57,172.72,Completed
ORD_3999,CUST_203,2024-08-08,Business Plan,Instagram,543.81,102.31,Completed
ORD_4000,CUST_594,2024-12-22,Basic Plan,Google Search,1040.42,180.88,Completed
ORD_4001,CUST_263,2024-02-29,Enterprise Plan,LinkedIn,601.02,187.49,Completed
ORD_4002,CUST_1036,2024-06-26,Business Plan,TikTok,733.51,216.69,Cancelled
ORD_4003,CUST_543,2024-09-03,Pro Plan,Referral,137.68,52.32,Completed
ORD_4004,CUST_736,2024-03-31,Business Plan,LinkedIn,629.01,201.99,Completed
ORD_4005,CUST_196,2024-12-29,Enterprise Plan,Google Search,623.18,102.59,Completed
ORD_4006,CUST_63,2024-07-21,Basic Plan,Google Search,512.65,95.66,Completed
ORD_4007,CUST_545,2024-10-10,Enterprise Plan,Google Search,610.1,100.54,Completed
ORD_4008,CUST_1110,2025-03-15,Business Plan,Google Search,1157.29,509.94,Completed
ORD_4009,CUST_834,2024-10-31,Onboarding,LinkedIn,1135.31,315.37,Completed
ORD_4010,CUST_163,2025-02-14,Business Plan,Partnership,987.25,371.48,Completed
ORD_4011,CUST_1312,2024-05-18,Pro Plan,Referral,765.19,266.89,Completed
ORD_4012,CUST_97,2024-05-24,Pro Plan,Google Search,954.38,282.35,Completed
ORD_4013,CUST_1145,2024-03-07,Basic Plan,LinkedIn,172.37,26.13,Completed
ORD_4014,CUST_345,2025-01-20,Business Plan,LinkedIn,573.22,230.38,Refunded
ORD_4015,CUST_429,2024-07-07,Add-on,Google Search,1189.41,190.55,Completed
ORD_4016,CUST_575,2024-09-30,Add-on,LinkedIn,1145.97,394.16,Completed
ORD_4017,CUST_448,2025-01-05,Basic Plan,LinkedIn,280.03,80.79,Completed
ORD_4018,CUST_556,2025-01-17,Basic Plan,LinkedIn,490.33,197.18,Completed
ORD_4019,CUST_368,2025-06-27,Business Plan,Google Search,303.01,77.25,Completed
ORD_4020,CUST_493,2024-04-07,Business Plan,Partnership,508.28,131.78,Completed
ORD_4021,CUST_152,2025-04-26,Enterprise Plan,Google Search,878.67,160.02,Completed
ORD_4022,CUST_431,2025-03-25,Pro Plan,Google Search,432.29,114.33,Completed
ORD_4023,CUST_1170,2024-10-28,Business Plan,Partnership,782.82,128.12,Completed
ORD_4024,CUST_1373,2025-04-13,Onboarding,LinkedIn,34.59,14.02,Refunded
ORD_4025,CUST_1005,2024-01-10,Pro Plan,Instagram,235.76,77.03,Completed
ORD_4026,CUST_625,2024-05-02,Basic Plan,Google Search,616.58,230.04,Completed
ORD_4027,CUST_974,2024-03-01,Basic Plan,Google Search,1016.16,413.46,Completed
ORD_4028,CUST_103,2024-06-01,Pro Plan,Partnership,109.9,38.77,Completed
ORD_4029,CUST_628,2025-05-09,Basic Plan,Instagram,775.52,125.45,Completed
ORD_4030,CUST_1,2024-07-31,Pro Plan,LinkedIn,775.18,155.89,Completed
ORD_4031,CUST_831,2025-05-23,Enterprise Plan,Instagram,965.87,414.48,Completed
ORD_4032,CUST_852,2025-02-04,Pro Plan,Google Search,1052.54,208.79,Completed
ORD_4033,CUST_107,2024-09-24,Business Plan,Google Search,79.19,34.72,Refunded
ORD_4034,CUST_708,2024-07-11,Basic Plan,Instagram,569.44,139.22,Completed
ORD_4035,CUST_1232,2024-04-25,Pro Plan,Partnership,589.93,181.04,Completed
ORD_4036,CUST_716,2024-08-02,Basic Plan,TikTok,291.69,87.25,Completed
ORD_4037,CUST_18,2025-02-25,Add-on,LinkedIn,842.6,221.76,Completed
ORD_4038,CUST_1074,2024-07-30,Basic Plan,Partnership,1031.74,289.79,Completed
ORD_4039,CUST_1416,2024-09-13,Basic Plan,LinkedIn,829.99,309.76,Completed
ORD_4040,CUST_1344,2025-02-16,Pro Plan,Instagram,1080.56,372.94,Completed
ORD_4041,CUST_145,2024-06-09,Basic Plan,Google Search,1010.92,224.93,Completed
ORD_4042,CUST_534,2024-02-13,Business Plan,LinkedIn,409.03,170.85,Completed
ORD_4043,CUST_1489,2024-06-08,Business Plan,Google Search,695.31,129.88,Completed
ORD_4044,CUST_693,2024-06-17,Business Plan,Partnership,960.44,305.44,Completed
ORD_4045,CUST_511,2024-07-07,Onboarding,Google Search,822.38,367.65,Refunded
ORD_4046,CUST_680,2024-11-25,Pro Plan,Google Search,851.87,253.26,Completed
ORD_4047,CUST_418,2025-02-14,Business Plan,Google Search,70.62,12.78,Completed
ORD_4048,CUST_167,2024-06-28,Business Plan,LinkedIn,518.65,204.52,Completed
ORD_4049,CUST_436,2025-02-28,Enterprise Plan,LinkedIn,210.65,66.33,Completed
ORD_4050,CUST_1337,2025-05-27,Pro Plan,Partnership,254.18,42.2,Completed
ORD_4051,CUST_1034,2025-01-26,Business Plan,Google Search,880.75,195.31,Completed
ORD_4052,CUST_986,2025-05-24,Basic Plan,Google Search,994.45,408.62,Completed
ORD_4053,CUST_548,2025-01-13,Pro Plan,LinkedIn,109.74,23.27,Completed
ORD_4054,CUST_1018,2024-09-14,Pro Plan,Partnership,1043.81,443.16,Refunded
ORD_4055,CUST_731,2025-06-12,Basic Plan,Partnership,733.58,139.78,Completed
ORD_4056,CUST_341,2025-05-30,Basic Plan,Partnership,899.76,241.07,Completed
ORD_4057,CUST_959,2025-01-17,Pro Plan,Instagram,346.23,89.09,Completed
ORD_4058,CUST_301,2024-08-25,Pro Plan,Referral,203.95,43.89,Refunded
ORD_4059,CUST_732,2024-10-06,Business Plan,Instagram,988.39,332.45,Completed
ORD_4060,CUST_1330,2024-04-03,Basic Plan,Instagram,298.52,83.48,Completed
ORD_4061,CUST_634,2025-02-27,Business Plan,LinkedIn,1020.81,319.05,Completed
ORD_4062,CUST_1357,2024-08-12,Enterprise Plan,Google Search,799.43,271.71,Completed
ORD_4063,CUST_31,2024-12-24,Basic Plan,Event Walk-in,737.23,143.93,Completed
ORD_4064,CUST_1290,2024-07-22,Basic Plan,Instagram,861.69,229.25,Completed
ORD_4065,CUST_504,2024-11-06,Basic Plan,LinkedIn,556.31,168.8,Completed
ORD_4066,CUST_1410,2024-02-06,Basic Plan,LinkedIn,882.23,316.47,Completed
ORD_4067,CUST_821,2024-08-08,Pro Plan,TikTok,765.93,305.24,Completed
ORD_4068,CUST_907,2024-03-15,Basic Plan,Instagram,708.27,258.78,Completed
ORD_4069,CUST_406,2025-05-03,Enterprise Plan,Google Search,440.42,126.44,Completed
ORD_4070,CUST_639,2024-01-23,Business Plan,LinkedIn,1119.38,421.85,Completed
ORD_4071,CUST_61,2025-05-03,Pro Plan,Google Search,230.48,73.24,Refunded
ORD_4072,CUST_683,2025-03-21,Basic Plan,Partnership,282.17,59.21,Completed
ORD_4073,CUST_975,2024-05-30,Basic Plan,TikTok,1058.03,433.28,Refunded
ORD_4074,CUST_237,2025-02-01,Pro Plan,LinkedIn,320.51,77.36,Completed
ORD_4075,CUST_532,2024-01-03,Pro Plan,LinkedIn,200.77,34.63,Completed
ORD_4076,CUST_28,2024-06-24,Pro Plan,LinkedIn,1066.96,201.86,Completed
ORD_4077,CUST_738,2024-01-18,Pro Plan,Instagram,355.33,94.9,Completed
ORD_4078,CUST_101,2024-09-18,Basic Plan,LinkedIn,50.09,22.51,Completed
ORD_4079,CUST_807,2025-01-27,Business Plan,Google Search,1190.16,454.56,Completed
ORD_4080,CUST_431,2024-01-22,Basic Plan,Google Search,245.7,88.83,Completed
ORD_4081,CUST_945,2024-04-18,Pro Plan,Google Search,940.74,409.24,Completed
ORD_4082,CUST_679,2024-08-02,Onboarding,Google Search,995.06,285.6,Completed
ORD_4083,CUST_213,2025-04-02,Pro Plan,Google Search,325.5,77.14,Completed
ORD_4084,CUST_126,2024-07-03,Onboarding,TikTok,436.67,153.64,Completed
ORD_4085,CUST_585,2025-04-23,Basic Plan,LinkedIn,37.7,15.26,Completed
ORD_4086,CUST_775,2024-09-20,Enterprise Plan,Referral,929.16,209.72,Completed
ORD_4087,CUST_59,2024-10-23,Basic Plan,LinkedIn,299.02,120.28,Completed
ORD_4088,CUST_304,2024-01-17,Enterprise Plan,Partnership,807.88,160.22,Completed
ORD_4089,CUST_1094,2025-03-14,Enterprise Plan,LinkedIn,783.73,228.24,Completed
ORD_4090,CUST_384,2024-02-16,Add-on,Partnership,352.4,56.79,Completed
ORD_4091,CUST_1243,2024-11-05,Pro Plan,Google Search,51.69,10.34,Completed
ORD_4092,CUST_579,2024-06-09,Pro Plan,LinkedIn,88.56,27.48,Completed
ORD_4093,CUST_495,2024-06-17,Add-on,Partnership,980.18,291.28,Completed
ORD_4094,CUST_610,2024-01-22,Pro Plan,LinkedIn,215.99,91.03,Completed
ORD_4095,CUST_1070,2024-08-11,Add-on,Instagram,1030.94,206.71,Completed
ORD_4096,CUST_565,2024-02-15,Enterprise Plan,LinkedIn,93.31,29.45,Completed
ORD_4097,CUST_1277,2025-02-11,Business Plan,Referral,701.07,151.94,Completed
ORD_4098,CUST_1380,2024-09-27,Basic Plan,LinkedIn,623.95,139.81,Completed
ORD_4099,CUST_294,2024-05-25,Pro Plan,LinkedIn,1178.2,227.98,Refunded
ORD_4100,CUST_332,2024-05-17,Enterprise Plan,LinkedIn,790.06,338.63,Completed
ORD_4101,CUST_1361,2024-03-11,Pro Plan,LinkedIn,303.85,55.26,Completed
ORD_4102,CUST_1285,2024-06-20,Business Plan,Instagram,819.14,179.87,Refunded
ORD_4103,CUST_591,2024-01-16,Basic Plan,Google Search,991.48,152.91,Completed
ORD_4104,CUST_903,2024-05-31,Basic Plan,Partnership,424.94,169.11,Completed
ORD_4105,CUST_811,2024-03-23,Basic Plan,Google Search,711.41,204.95,Completed
ORD_4106,CUST_1125,2024-03-04,Pro Plan,LinkedIn,707.87,284.32,Completed
ORD_4107,CUST_1496,2024-08-25,Business Plan,LinkedIn,836.39,319.38,Completed
ORD_4108,CUST_1367,2024-02-08,Basic Plan,LinkedIn,234.18,50.57,Completed
ORD_4109,CUST_415,2024-05-23,Add-on,LinkedIn,1003.46,256.2,Completed
ORD_4110,CUST_875,2024-02-27,Basic Plan,Referral,1145.09,326.7,Completed
ORD_4111,CUST_813,2024-09-21,Business Plan,Partnership,138.41,60.23,Completed
ORD_4112,CUST_971,2024-06-21,Business Plan,Google Search,622.33,103.9,Refunded
ORD_4113,CUST_951,2025-03-24,Basic Plan,LinkedIn,633.22,146.5,Completed
ORD_4114,CUST_681,2024-09-03,Pro Plan,Partnership,1118.99,221.07,Completed
ORD_4115,CUST_1106,2024-08-29,Business Plan,Google Search,415.16,113.25,Completed
ORD_4116,CUST_638,2025-06-18,Basic Plan,LinkedIn,359.83,82.56,Completed
ORD_4117,CUST_702,2024-01-08,Business Plan,Google Search,1192.9,485.13,Completed
ORD_4118,CUST_330,2024-02-23,Add-on,Instagram,158.84,67.37,Completed
ORD_4119,CUST_1029,2024-02-24,Pro Plan,Partnership,855.7,227.82,Completed
ORD_4120,CUST_1468,2024-10-06,Enterprise Plan,Instagram,1088.65,224.49,Completed
ORD_4121,CUST_321,2024-01-22,Basic Plan,LinkedIn,848.77,176.77,Refunded
ORD_4122,CUST_25,2024-10-26,Pro Plan,Google Search,893.37,159.87,Completed
ORD_4123,CUST_745,2024-05-12,Onboarding,Google Search,64.93,13.4,Completed
ORD_4124,CUST_154,2025-03-11,Basic Plan,Google Search,309.31,90.71,Completed
ORD_4125,CUST_1367,2024-11-10,Basic Plan,LinkedIn,415.14,183.12,Completed
ORD_4126,CUST_1254,2024-02-29,Enterprise Plan,Instagram,960.11,347.65,Completed
ORD_4127,CUST_1430,2025-05-01,Pro Plan,Google Search,611.25,205.03,Completed
ORD_4128,CUST_1327,2025-01-11,Basic Plan,Google Search,824.06,190.13,Completed
ORD_4129,CUST_179,2024-09-23,Pro Plan,Instagram,649.85,117.08,Completed
ORD_4130,CUST_514,2025-04-28,Basic Plan,Google Search,861.6,281.89,Completed
ORD_4131,CUST_399,2024-11-26,Onboarding,LinkedIn,606.06,242.15,Completed
ORD_4132,CUST_731,2024-05-29,Enterprise Plan,Partnership,830.62,320.12,Completed
ORD_4133,CUST_638,2024-02-22,Onboarding,LinkedIn,945.42,228.07,Completed
ORD_4134,CUST_1031,2025-04-08,Enterprise Plan,Google Search,626.58,242.53,Completed
ORD_4135,CUST_241,2025-06-26,Enterprise Plan,Google Search,118.84,19.67,Completed
ORD_4136,CUST_161,2024-04-11,Pro Plan,Instagram,536.79,201.48,Completed
ORD_4137,CUST_1482,2024-07-29,Pro Plan,Partnership,155.82,29.53,Refunded
ORD_4138,CUST_1032,2024-01-04,Pro Plan,Instagram,387.15,88.84,Refunded
ORD_4139,CUST_1397,2024-04-27,Pro Plan,LinkedIn,160.17,25.19,Completed
ORD_4140,CUST_879,2024-06-08,Enterprise Plan,Partnership,684.55,279.52,Refunded
ORD_4141,CUST_340,2024-11-26,Pro Plan,Partnership,1063.59,393.98,Completed
ORD_4142,CUST_923,2024-05-24,Pro Plan,LinkedIn,548.38,172.74,Completed
ORD_4143,CUST_731,2024-03-12,Enterprise Plan,Partnership,851.64,194.99,Completed
ORD_4144,CUST_444,2024-07-04,Pro Plan,Event Walk-in,811.76,364.73,Cancelled
ORD_4145,CUST_882,2025-05-07,Basic Plan,Google Search,966.67,398.58,Refunded
ORD_4146,CUST_248,2024-04-15,Pro Plan,Event Walk-in,99.26,39.53,Completed
ORD_4147,CUST_446,2024-10-27,Basic Plan,Google Search,463.82,87.29,Completed
ORD_4148,CUST_784,2024-06-02,Business Plan,Partnership,503.62,199.5,Completed
ORD_4149,CUST_180,2025-04-21,Basic Plan,Partnership,34.17,7.31,Completed
ORD_4150,CUST_192,2024-11-27,Pro Plan,Google Search,146.81,53.23,Completed
ORD_4151,CUST_701,2024-03-24,Add-on,Google Search,991.08,413.97,Completed
ORD_4152,CUST_35,2025-06-08,Add-on,LinkedIn,452.56,75.82,Completed
ORD_4153,CUST_961,2025-06-02,Basic Plan,LinkedIn,874.29,262.0,Completed
ORD_4154,CUST_814,2025-06-02,Pro Plan,LinkedIn,627.73,187.1,Completed
ORD_4155,CUST_111,2025-03-15,Enterprise Plan,Google Search,131.61,33.99,Completed
ORD_4156,CUST_276,2024-03-26,Pro Plan,Google Search,640.61,160.6,Completed
ORD_4157,CUST_454,2024-09-21,Enterprise Plan,LinkedIn,738.58,304.58,Completed
ORD_4158,CUST_1491,2024-10-02,Business Plan,Partnership,117.45,42.06,Completed
ORD_4159,CUST_349,2024-09-13,Business Plan,Instagram,562.17,241.28,Completed
ORD_4160,CUST_709,2024-12-31,Pro Plan,Google Search,75.22,23.02,Completed
ORD_4161,CUST_1315,2024-10-25,Basic Plan,Google Search,1080.22,187.27,Completed
ORD_4162,CUST_1151,2025-04-29,Enterprise Plan,LinkedIn,1100.13,267.82,Completed
ORD_4163,CUST_991,2025-01-01,Basic Plan,Partnership,69.09,29.99,Completed
ORD_4164,CUST_741,2024-07-12,Pro Plan,Google Search,699.99,202.78,Completed
ORD_4165,CUST_1160,2024-10-04,Pro Plan,LinkedIn,293.37,63.67,Completed
ORD_4166,CUST_930,2024-10-06,Pro Plan,Partnership,377.56,155.29,Refunded
ORD_4167,CUST_599,2025-02-05,Business Plan,Google Search,1034.21,393.88,Completed
ORD_4168,CUST_956,2024-09-13,Business Plan,Google Search,136.58,56.59,Completed
ORD_4169,CUST_5,2024-05-09,Enterprise Plan,LinkedIn,695.3,294.35,Completed
ORD_4170,CUST_610,2024-09-18,Basic Plan,LinkedIn,674.74,255.54,Completed
ORD_4171,CUST_1129,2024-02-29,Basic Plan,LinkedIn,282.05,120.49,Refunded
ORD_4172,CUST_1478,2024-06-04,Business Plan,Google Search,1092.88,397.61,Completed
ORD_4173,CUST_6,2024-09-16,Basic Plan,Google Search,1127.07,366.26,Completed
ORD_4174,CUST_321,2025-06-06,Basic Plan,LinkedIn,47.75,13.41,Completed
ORD_4175,CUST_797,2024-05-08,Pro Plan,Instagram,570.76,195.19,Completed
ORD_4176,CUST_664,2024-06-03,Pro Plan,Google Search,767.41,208.63,Completed
ORD_4177,CUST_1487,2025-02-05,Pro Plan,Google Search,57.96,10.24,Completed
ORD_4178,CUST_1356,2024-09-23,Add-on,Google Search,1045.83,301.49,Completed
ORD_4179,CUST_1207,2024-10-22,Basic Plan,Google Search,434.97,70.44,Completed
ORD_4180,CUST_807,2025-06-02,Business Plan,Google Search,921.33,342.42,Completed
ORD_4181,CUST_1008,2025-03-01,Basic Plan,Instagram,384.24,66.59,Completed
ORD_4182,CUST_356,2024-03-29,Enterprise Plan,Google Search,103.55,40.27,Completed
ORD_4183,CUST_249,2024-02-03,Basic Plan,LinkedIn,828.48,274.5,Completed
ORD_4184,CUST_253,2024-01-10,Basic Plan,Google Search,812.46,334.73,Completed
ORD_4185,CUST_830,2024-02-05,Enterprise Plan,TikTok,868.88,156.53,Refunded
ORD_4186,CUST_1058,2025-03-11,Enterprise Plan,Instagram,239.84,69.11,Refunded
ORD_4187,CUST_918,2024-04-03,Add-on,LinkedIn,935.98,292.8,Completed
ORD_4188,CUST_208,2024-05-02,Basic Plan,Google Search,184.25,77.6,Completed
ORD_4189,CUST_365,2024-03-16,Enterprise Plan,TikTok,239.69,36.75,Completed
ORD_4190,CUST_854,2024-08-17,Business Plan,Partnership,167.52,70.53,Completed
ORD_4191,CUST_37,2024-10-23,Add-on,TikTok,1059.9,450.71,Completed
ORD_4192,CUST_844,2024-12-21,Business Plan,Instagram,1143.72,327.79,Completed
ORD_4193,CUST_1308,2024-09-18,Basic Plan,LinkedIn,991.79,194.43,Completed
ORD_4194,CUST_447,2025-04-13,Basic Plan,LinkedIn,605.28,91.65,Completed
ORD_4195,CUST_1137,2025-06-09,Premium Support,Partnership,888.76,320.62,Completed
ORD_4196,CUST_590,2025-05-03,Business Plan,LinkedIn,713.88,123.77,Completed
ORD_4197,CUST_286,2025-05-27,Basic Plan,LinkedIn,634.54,112.03,Completed
ORD_4198,CUST_994,2024-02-14,Basic Plan,Event Walk-in,73.47,14.74,Completed
ORD_4199,CUST_1152,2025-06-06,Pro Plan,Referral,24.27,10.6,Completed
ORD_4200,CUST_554,2024-11-18,Business Plan,LinkedIn,851.51,338.57,Completed
ORD_4201,CUST_108,2025-02-04,Pro Plan,Instagram,448.56,154.15,Completed
ORD_4202,CUST_232,2024-03-24,Basic Plan,LinkedIn,756.31,230.41,Completed
ORD_4203,CUST_1490,2024-11-26,Enterprise Plan,Event Walk-in,138.22,27.85,Completed
ORD_4204,CUST_1095,2025-03-11,Basic Plan,Google Search,25.64,9.01,Completed
ORD_4205,CUST_1127,2024-10-21,Add-on,LinkedIn,477.55,150.15,Completed
ORD_4206,CUST_439,2024-09-19,Enterprise Plan,TikTok,992.89,244.0,Completed
ORD_4207,CUST_980,2024-03-17,Business Plan,Google Search,1179.08,299.01,Completed
ORD_4208,CUST_960,2024-02-17,Pro Plan,Partnership,431.42,128.8,Cancelled
ORD_4209,CUST_1203,2024-07-21,Basic Plan,Partnership,1070.26,375.75,Completed
ORD_4210,CUST_1171,2024-03-08,Business Plan,LinkedIn,1010.3,348.79,Refunded
ORD_4211,CUST_1012,2024-08-29,Basic Plan,Instagram,802.05,159.19,Cancelled
ORD_4212,CUST_1224,2024-01-01,Business Plan,TikTok,476.8,81.68,Completed
ORD_4213,CUST_353,2024-04-16,Pro Plan,TikTok,965.29,217.63,Completed
ORD_4214,CUST_538,2025-01-17,Business Plan,Partnership,873.72,316.03,Completed
ORD_4215,CUST_402,2025-05-12,Basic Plan,LinkedIn,852.99,205.03,Completed
ORD_4216,CUST_817,2025-04-30,Pro Plan,LinkedIn,776.97,155.88,Completed
ORD_4217,CUST_231,2024-09-25,Onboarding,LinkedIn,689.62,295.14,Completed
ORD_4218,CUST_1229,2025-03-25,Business Plan,Instagram,268.28,51.57,Completed
ORD_4219,CUST_677,2025-03-11,Basic Plan,Referral,792.43,202.73,Refunded
ORD_4220,CUST_661,2024-03-20,Basic Plan,Google Search,634.6,150.43,Refunded
ORD_4221,CUST_1207,2025-06-20,Business Plan,Google Search,701.29,176.0,Completed
ORD_4222,CUST_447,2024-06-06,Business Plan,LinkedIn,339.59,141.37,Completed
ORD_4223,CUST_800,2025-05-16,Basic Plan,Partnership,744.39,172.82,Completed
ORD_4224,CUST_730,2025-06-18,Enterprise Plan,LinkedIn,874.6,281.76,Completed
ORD_4225,CUST_1067,2024-09-10,Business Plan,LinkedIn,1018.81,316.56,Completed
ORD_4226,CUST_130,2024-02-10,Business Plan,TikTok,114.58,48.85,Completed
ORD_4227,CUST_777,2024-05-31,Basic Plan,Google Search,838.27,148.17,Refunded
ORD_4228,CUST_106,2025-01-21,Basic Plan,LinkedIn,494.16,95.5,Completed
ORD_4229,CUST_376,2024-04-24,Pro Plan,Partnership,64.51,11.29,Completed
ORD_4230,CUST_1364,2025-05-18,Onboarding,Partnership,659.6,230.08,Completed
ORD_4231,CUST_1219,2024-07-04,Enterprise Plan,LinkedIn,871.77,384.02,Cancelled
ORD_4232,CUST_1201,2024-08-22,Basic Plan,LinkedIn,266.34,55.85,Completed
ORD_4233,CUST_870,2025-05-13,Basic Plan,Referral,864.33,273.37,Refunded
ORD_4234,CUST_472,2024-11-07,Basic Plan,Instagram,909.98,193.92,Completed
ORD_4235,CUST_699,2025-06-30,Add-on,Instagram,99.61,17.65,Completed
ORD_4236,CUST_315,2025-01-18,Basic Plan,Referral,459.91,173.62,Completed
ORD_4237,CUST_1192,2024-04-14,Business Plan,Partnership,553.76,205.62,Completed
ORD_4238,CUST_1474,2024-05-13,Basic Plan,Google Search,747.67,177.71,Completed
ORD_4239,CUST_1019,2024-03-27,Pro Plan,Instagram,105.03,28.0,Refunded
ORD_4240,CUST_580,2025-01-28,Add-on,LinkedIn,538.41,224.61,Completed
ORD_4241,CUST_410,2024-12-05,Basic Plan,Google Search,763.49,155.77,Cancelled
ORD_4242,CUST_1081,2024-09-14,Premium Support,Google Search,747.1,182.45,Completed
ORD_4243,CUST_86,2024-04-21,Business Plan,Event Walk-in,551.91,95.27,Completed
ORD_4244,CUST_484,2024-03-26,Pro Plan,Referral,317.27,85.76,Completed
ORD_4245,CUST_978,2024-03-25,Basic Plan,Google Search,1158.79,250.92,Completed
ORD_4246,CUST_17,2024-08-21,Pro Plan,Google Search,1049.61,175.31,Completed
ORD_4247,CUST_973,2024-01-17,Business Plan,LinkedIn,800.8,131.8,Completed
ORD_4248,CUST_838,2024-06-23,Pro Plan,Partnership,753.2,122.21,Completed
ORD_4249,CUST_783,2025-06-20,Onboarding,LinkedIn,1174.77,490.99,Completed
ORD_4250,CUST_182,2024-10-10,Business Plan,Instagram,532.77,121.22,Completed
ORD_4251,CUST_1119,2025-03-10,Add-on,LinkedIn,161.63,62.32,Refunded
ORD_4252,CUST_581,2025-06-08,Pro Plan,Google Search,381.54,73.35,Completed
ORD_4253,CUST_1333,2024-07-11,Enterprise Plan,LinkedIn,554.74,210.85,Completed
ORD_4254,CUST_145,2024-11-25,Business Plan,Google Search,486.49,175.11,Completed
ORD_4255,CUST_1030,2025-05-16,Pro Plan,Google Search,941.05,350.65,Completed
ORD_4256,CUST_1490,2024-08-15,Premium Support,Event Walk-in,348.27,155.94,Completed
ORD_4257,CUST_1125,2025-02-20,Pro Plan,LinkedIn,539.66,166.83,Completed
ORD_4258,CUST_420,2024-01-24,Basic Plan,LinkedIn,68.13,11.21,Completed
ORD_4259,CUST_340,2025-01-28,Pro Plan,Partnership,498.52,180.6,Cancelled
ORD_4260,CUST_827,2024-11-10,Pro Plan,LinkedIn,519.95,220.78,Completed
ORD_4261,CUST_1498,2025-05-19,Basic Plan,LinkedIn,349.48,103.33,Cancelled
ORD_4262,CUST_572,2024-08-02,Basic Plan,Instagram,87.32,37.04,Cancelled
ORD_4263,CUST_86,2024-04-02,Business Plan,Event Walk-in,62.0,15.72,Completed
ORD_4264,CUST_36,2024-11-04,Basic Plan,LinkedIn,244.13,105.86,Completed
ORD_4265,CUST_755,2024-12-06,Pro Plan,Partnership,33.59,5.21,Completed
ORD_4266,CUST_1126,2024-02-08,Pro Plan,Google Search,316.3,56.76,Completed
ORD_4267,CUST_1111,2024-04-25,Premium Support,Referral,716.5,316.43,Completed
ORD_4268,CUST_138,2024-07-21,Basic Plan,LinkedIn,679.22,180.44,Completed
ORD_4269,CUST_1295,2024-02-02,Basic Plan,LinkedIn,248.61,94.64,Refunded
ORD_4270,CUST_1398,2024-04-07,Enterprise Plan,LinkedIn,545.67,186.8,Completed
ORD_4271,CUST_325,2024-01-06,Basic Plan,LinkedIn,207.48,39.41,Completed
ORD_4272,CUST_1396,2024-07-02,Add-on,Google Search,948.94,349.9,Completed
ORD_4273,CUST_939,2024-01-21,Basic Plan,Google Search,968.07,305.69,Completed
ORD_4274,CUST_1434,2025-03-17,Enterprise Plan,Google Search,852.26,234.54,Completed
ORD_4275,CUST_285,2024-07-30,Basic Plan,Google Search,1145.54,191.56,Completed
ORD_4276,CUST_1342,2024-10-30,Onboarding,LinkedIn,536.24,157.45,Completed
ORD_4277,CUST_1232,2024-12-11,Basic Plan,Partnership,95.21,26.07,Completed
ORD_4278,CUST_153,2024-07-26,Basic Plan,Google Search,66.75,29.01,Completed
ORD_4279,CUST_1004,2024-05-10,Business Plan,LinkedIn,763.8,277.76,Completed
ORD_4280,CUST_307,2024-11-04,Business Plan,LinkedIn,625.44,131.53,Completed
ORD_4281,CUST_800,2025-01-29,Pro Plan,Partnership,1132.87,336.45,Cancelled
ORD_4282,CUST_42,2024-08-05,Business Plan,Instagram,159.66,43.04,Completed
ORD_4283,CUST_26,2024-05-23,Basic Plan,Google Search,937.51,247.47,Completed
ORD_4284,CUST_845,2024-10-25,Business Plan,Partnership,734.38,210.48,Completed
ORD_4285,CUST_846,2024-05-21,Basic Plan,LinkedIn,693.65,197.42,Completed
ORD_4286,CUST_659,2024-11-12,Business Plan,LinkedIn,1119.23,344.56,Completed
ORD_4287,CUST_218,2025-05-23,Add-on,Event Walk-in,911.23,300.81,Completed
ORD_4288,CUST_608,2024-11-03,Pro Plan,Google Search,153.25,36.44,Completed
ORD_4289,CUST_1229,2024-11-26,Business Plan,Instagram,466.69,122.4,Completed
ORD_4290,CUST_1487,2024-05-25,Business Plan,Google Search,514.69,152.08,Completed
ORD_4291,CUST_943,2025-03-14,Basic Plan,Google Search,554.57,180.28,Completed
ORD_4292,CUST_1102,2024-12-05,Business Plan,Google Search,834.76,271.5,Completed
ORD_4293,CUST_461,2025-04-20,Pro Plan,Referral,326.5,137.08,Refunded
ORD_4294,CUST_671,2024-04-09,Pro Plan,Google Search,135.01,42.07,Completed
ORD_4295,CUST_1498,2025-01-01,Pro Plan,LinkedIn,1000.81,418.36,Completed
ORD_4296,CUST_1182,2024-05-04,Basic Plan,Google Search,320.94,132.01,Completed
ORD_4297,CUST_441,2024-02-02,Basic Plan,LinkedIn,253.61,87.88,Refunded
ORD_4298,CUST_1047,2025-04-15,Enterprise Plan,LinkedIn,72.26,14.88,Completed
ORD_4299,CUST_1215,2024-06-24,Pro Plan,LinkedIn,1197.44,466.64,Completed
ORD_4300,CUST_807,2024-08-14,Enterprise Plan,Google Search,1023.48,431.83,Completed
ORD_4301,CUST_440,2024-01-16,Pro Plan,Google Search,700.74,213.08,Completed
ORD_4302,CUST_1422,2024-05-26,Pro Plan,TikTok,438.56,121.9,Completed
ORD_4303,CUST_394,2024-05-08,Basic Plan,LinkedIn,969.01,308.03,Refunded
ORD_4304,CUST_58,2024-10-26,Basic Plan,Instagram,808.05,253.53,Completed
ORD_4305,CUST_23,2024-09-30,Pro Plan,TikTok,1051.64,393.21,Completed
ORD_4306,CUST_212,2024-10-09,Pro Plan,Google Search,945.68,145.41,Completed
ORD_4307,CUST_693,2024-08-14,Onboarding,Partnership,129.04,23.27,Completed
ORD_4308,CUST_203,2024-03-20,Basic Plan,Instagram,1036.35,160.36,Completed
ORD_4309,CUST_539,2024-02-29,Basic Plan,Google Search,491.99,82.56,Cancelled
ORD_4310,CUST_690,2025-04-22,Premium Support,Google Search,936.68,309.63,Completed
ORD_4311,CUST_235,2024-01-14,Pro Plan,LinkedIn,75.07,12.41,Completed
ORD_4312,CUST_1311,2025-06-05,Pro Plan,Google Search,600.93,140.98,Completed
ORD_4313,CUST_263,2024-12-12,Business Plan,LinkedIn,533.01,154.43,Completed
ORD_4314,CUST_334,2025-05-28,Add-on,LinkedIn,193.19,60.2,Completed
ORD_4315,CUST_574,2025-04-29,Pro Plan,TikTok,37.16,6.22,Completed
ORD_4316,CUST_617,2024-11-13,Pro Plan,Google Search,300.04,122.54,Refunded
ORD_4317,CUST_1249,2025-01-29,Basic Plan,LinkedIn,732.83,196.65,Completed
ORD_4318,CUST_137,2024-10-19,Business Plan,LinkedIn,156.02,65.96,Completed
ORD_4319,CUST_234,2024-10-22,Basic Plan,Instagram,997.74,400.8,Completed
ORD_4320,CUST_880,2024-09-24,Business Plan,LinkedIn,1164.15,207.64,Completed
ORD_4321,CUST_900,2024-07-03,Onboarding,Partnership,388.59,127.82,Completed
ORD_4322,CUST_1010,2025-03-12,Pro Plan,Partnership,852.35,344.43,Completed
ORD_4323,CUST_753,2024-05-18,Basic Plan,LinkedIn,199.89,35.42,Completed
ORD_4324,CUST_199,2024-10-29,Basic Plan,Google Search,240.95,106.94,Completed
ORD_4325,CUST_873,2024-01-10,Business Plan,Partnership,428.84,161.68,Completed
ORD_4326,CUST_1071,2025-02-20,Basic Plan,LinkedIn,469.59,171.78,Refunded
ORD_4327,CUST_879,2024-01-28,Pro Plan,Partnership,848.47,130.74,Completed
ORD_4328,CUST_1351,2024-03-08,Basic Plan,LinkedIn,91.42,30.1,Completed
ORD_4329,CUST_1360,2025-02-09,Business Plan,Google Search,979.64,287.15,Completed
ORD_4330,CUST_996,2025-03-17,Basic Plan,LinkedIn,410.39,154.78,Completed
ORD_4331,CUST_333,2024-05-10,Add-on,Google Search,877.13,338.7,Refunded
ORD_4332,CUST_1155,2025-06-27,Premium Support,LinkedIn,668.87,234.81,Completed
ORD_4333,CUST_695,2024-07-05,Onboarding,LinkedIn,787.53,164.11,Refunded
ORD_4334,CUST_458,2025-03-21,Pro Plan,Google Search,230.55,74.49,Completed
ORD_4335,CUST_127,2024-08-01,Business Plan,LinkedIn,1061.47,447.1,Completed
ORD_4336,CUST_767,2024-12-28,Enterprise Plan,Google Search,1046.98,469.24,Completed
ORD_4337,CUST_213,2024-04-14,Pro Plan,Google Search,499.78,210.32,Completed
ORD_4338,CUST_1248,2024-06-26,Basic Plan,LinkedIn,860.29,361.84,Refunded
ORD_4339,CUST_1345,2024-01-05,Business Plan,Google Search,1076.34,464.04,Completed
ORD_4340,CUST_1237,2024-04-25,Enterprise Plan,LinkedIn,1046.39,312.96,Completed
ORD_4341,CUST_664,2024-03-13,Basic Plan,Google Search,744.81,196.87,Completed
ORD_4342,CUST_381,2025-05-24,Basic Plan,Partnership,685.29,140.3,Completed
ORD_4343,CUST_125,2025-06-17,Pro Plan,Google Search,170.31,31.34,Completed
ORD_4344,CUST_1366,2025-06-30,Basic Plan,Partnership,90.42,22.65,Completed
ORD_4345,CUST_1221,2025-06-08,Basic Plan,LinkedIn,1060.73,324.45,Completed
ORD_4346,CUST_1031,2025-02-23,Pro Plan,Google Search,839.4,286.84,Completed
ORD_4347,CUST_114,2025-03-11,Pro Plan,LinkedIn,310.41,127.27,Completed
ORD_4348,CUST_1423,2024-02-03,Onboarding,Google Search,476.61,90.82,Completed
ORD_4349,CUST_853,2024-12-09,Onboarding,TikTok,935.45,389.89,Completed
ORD_4350,CUST_788,2025-01-22,Basic Plan,Google Search,945.95,152.91,Completed
ORD_4351,CUST_1082,2025-05-08,Pro Plan,LinkedIn,519.22,197.15,Cancelled
ORD_4352,CUST_428,2024-12-27,Basic Plan,Partnership,288.99,103.39,Completed
ORD_4353,CUST_1448,2025-04-06,Enterprise Plan,Referral,1068.46,362.7,Completed
ORD_4354,CUST_723,2024-02-15,Basic Plan,Partnership,1151.75,235.43,Completed
ORD_4355,CUST_129,2024-07-17,Basic Plan,Google Search,99.08,15.67,Completed
ORD_4356,CUST_170,2024-09-13,Premium Support,Partnership,244.51,60.39,Completed
ORD_4357,CUST_1109,2024-06-08,Basic Plan,Instagram,140.27,29.45,Completed
ORD_4358,CUST_661,2024-10-16,Business Plan,Google Search,642.81,176.99,Completed
ORD_4359,CUST_205,2025-03-28,Pro Plan,Google Search,313.96,119.12,Refunded
ORD_4360,CUST_729,2024-07-14,Business Plan,Google Search,1010.76,442.92,Completed
ORD_4361,CUST_383,2025-01-27,Basic Plan,Instagram,122.92,52.1,Cancelled
ORD_4362,CUST_346,2024-10-27,Premium Support,Google Search,862.59,171.81,Completed
ORD_4363,CUST_565,2025-05-24,Business Plan,LinkedIn,560.14,220.88,Cancelled
ORD_4364,CUST_1289,2024-08-14,Basic Plan,Google Search,1016.63,288.3,Completed
ORD_4365,CUST_563,2024-03-18,Business Plan,LinkedIn,181.39,36.88,Completed
ORD_4366,CUST_147,2024-10-15,Business Plan,LinkedIn,687.34,107.08,Completed
ORD_4367,CUST_667,2025-02-14,Premium Support,LinkedIn,726.89,160.48,Completed
ORD_4368,CUST_695,2024-01-17,Basic Plan,LinkedIn,294.38,67.95,Refunded
ORD_4369,CUST_527,2025-03-15,Pro Plan,Google Search,423.09,114.37,Completed
ORD_4370,CUST_457,2025-03-03,Pro Plan,LinkedIn,605.6,124.87,Completed
ORD_4371,CUST_813,2024-10-01,Pro Plan,Partnership,122.96,54.91,Completed
ORD_4372,CUST_790,2024-12-28,Pro Plan,LinkedIn,572.39,114.84,Completed
ORD_4373,CUST_786,2024-03-08,Basic Plan,LinkedIn,521.37,208.79,Refunded
ORD_4374,CUST_1134,2025-04-11,Pro Plan,LinkedIn,301.45,108.24,Completed
ORD_4375,CUST_595,2024-10-25,Business Plan,LinkedIn,915.59,214.66,Completed
ORD_4376,CUST_374,2025-04-30,Business Plan,Google Search,875.9,204.06,Completed
ORD_4377,CUST_322,2025-01-11,Basic Plan,Google Search,873.69,157.83,Completed
ORD_4378,CUST_281,2024-04-01,Add-on,Google Search,652.37,125.14,Completed
ORD_4379,CUST_307,2024-06-27,Pro Plan,LinkedIn,525.41,222.38,Completed
ORD_4380,CUST_1434,2025-03-24,Basic Plan,Google Search,215.16,96.53,Completed
ORD_4381,CUST_732,2025-01-08,Premium Support,Instagram,845.88,287.79,Refunded
ORD_4382,CUST_1346,2024-06-01,Basic Plan,LinkedIn,547.71,202.03,Completed
ORD_4383,CUST_69,2024-01-15,Onboarding,Partnership,403.68,65.01,Completed
ORD_4384,CUST_373,2025-06-22,Basic Plan,LinkedIn,1152.44,361.32,Completed
ORD_4385,CUST_645,2024-08-21,Basic Plan,TikTok,1144.01,468.24,Completed
ORD_4386,CUST_1058,2025-06-25,Business Plan,Instagram,871.34,146.82,Completed
ORD_4387,CUST_147,2025-06-19,Business Plan,LinkedIn,401.14,173.61,Completed
ORD_4388,CUST_555,2024-10-03,Enterprise Plan,Google Search,1071.61,384.29,Completed
ORD_4389,CUST_518,2024-10-13,Add-on,Google Search,605.74,154.77,Completed
ORD_4390,CUST_751,2024-11-26,Pro Plan,Referral,1052.21,332.7,Completed
ORD_4391,CUST_209,2025-04-20,Business Plan,LinkedIn,1188.24,422.85,Completed
ORD_4392,CUST_1043,2025-02-07,Basic Plan,Google Search,385.79,90.13,Completed
ORD_4393,CUST_362,2024-04-21,Pro Plan,LinkedIn,783.84,343.42,Cancelled
ORD_4394,CUST_1252,2024-03-14,Enterprise Plan,Google Search,207.69,49.48,Completed
ORD_4395,CUST_1283,2025-03-17,Pro Plan,LinkedIn,494.49,149.18,Completed
ORD_4396,CUST_228,2024-08-04,Pro Plan,Instagram,996.46,273.03,Completed
ORD_4397,CUST_1263,2024-02-12,Basic Plan,Event Walk-in,361.7,128.71,Completed
ORD_4398,CUST_430,2025-01-10,Basic Plan,LinkedIn,552.42,138.72,Completed
ORD_4399,CUST_758,2024-10-27,Basic Plan,Google Search,946.97,359.68,Completed
ORD_4400,CUST_351,2024-03-11,Pro Plan,LinkedIn,418.22,161.68,Cancelled
ORD_4401,CUST_270,2024-11-06,Business Plan,LinkedIn,920.64,365.94,Completed
ORD_4402,CUST_941,2024-12-22,Basic Plan,LinkedIn,734.2,205.56,Completed
ORD_4403,CUST_964,2024-09-28,Pro Plan,Google Search,74.33,23.94,Completed
ORD_4404,CUST_911,2025-05-02,Enterprise Plan,Partnership,883.52,147.69,Completed
ORD_4405,CUST_965,2025-05-08,Enterprise Plan,Google Search,639.7,235.33,Refunded
ORD_4406,CUST_985,2024-05-25,Pro Plan,Partnership,571.97,168.59,Completed
ORD_4407,CUST_1049,2024-01-08,Pro Plan,Partnership,1135.57,269.68,Completed
ORD_4408,CUST_63,2024-01-17,Onboarding,Google Search,1136.26,406.16,Refunded
ORD_4409,CUST_175,2025-01-20,Onboarding,Google Search,963.94,233.5,Completed
ORD_4410,CUST_367,2024-12-10,Onboarding,LinkedIn,932.32,202.59,Completed
ORD_4411,CUST_1078,2025-02-02,Business Plan,LinkedIn,400.25,125.63,Completed
ORD_4412,CUST_987,2025-02-12,Add-on,LinkedIn,571.07,237.19,Completed
ORD_4413,CUST_410,2024-07-20,Basic Plan,Google Search,351.86,62.89,Completed
ORD_4414,CUST_37,2024-08-03,Business Plan,TikTok,1031.21,407.77,Completed
ORD_4415,CUST_1053,2025-01-11,Basic Plan,LinkedIn,432.44,105.94,Completed
ORD_4416,CUST_877,2024-05-29,Basic Plan,LinkedIn,296.71,96.08,Completed
ORD_4417,CUST_191,2024-11-20,Basic Plan,Google Search,1072.22,227.3,Completed
ORD_4418,CUST_663,2025-04-10,Business Plan,Partnership,1019.14,383.79,Completed
ORD_4419,CUST_103,2025-06-08,Basic Plan,Partnership,109.66,24.33,Completed
ORD_4420,CUST_1402,2025-04-29,Basic Plan,LinkedIn,254.13,49.57,Completed
ORD_4421,CUST_1456,2024-05-29,Business Plan,Google Search,765.69,282.31,Completed
ORD_4422,CUST_874,2025-05-22,Pro Plan,Referral,656.45,136.58,Completed
ORD_4423,CUST_715,2024-05-29,Basic Plan,Instagram,949.79,237.38,Completed
ORD_4424,CUST_313,2024-05-11,Pro Plan,Google Search,400.32,154.93,Completed
ORD_4425,CUST_1230,2025-04-14,Basic Plan,LinkedIn,458.05,117.78,Completed
ORD_4426,CUST_1102,2024-01-10,Pro Plan,Google Search,948.6,421.88,Completed
ORD_4427,CUST_897,2024-10-08,Add-on,Instagram,1061.96,345.26,Completed
ORD_4428,CUST_213,2024-08-19,Business Plan,Google Search,1165.72,235.0,Completed
ORD_4429,CUST_238,2025-04-29,Basic Plan,LinkedIn,370.1,134.73,Completed
ORD_4430,CUST_293,2025-05-20,Add-on,Google Search,1036.56,346.01,Completed
ORD_4431,CUST_419,2025-02-23,Pro Plan,Event Walk-in,121.87,48.07,Completed
ORD_4432,CUST_176,2025-04-27,Pro Plan,Partnership,884.43,320.64,Completed
ORD_4433,CUST_957,2025-05-17,Pro Plan,Google Search,632.35,197.82,Completed
ORD_4434,CUST_889,2024-12-07,Pro Plan,LinkedIn,141.56,57.39,Completed
ORD_4435,CUST_1013,2024-01-03,Basic Plan,Google Search,745.43,136.62,Completed
ORD_4436,CUST_304,2024-03-09,Basic Plan,Partnership,1158.32,444.27,Completed
ORD_4437,CUST_257,2024-10-15,Pro Plan,Google Search,270.78,70.78,Completed
ORD_4438,CUST_416,2024-09-19,Business Plan,LinkedIn,1119.55,319.2,Completed
ORD_4439,CUST_1320,2024-09-07,Basic Plan,LinkedIn,33.4,9.19,Completed
ORD_4440,CUST_293,2025-02-22,Add-on,Google Search,43.75,15.3,Completed
ORD_4441,CUST_512,2024-05-31,Basic Plan,LinkedIn,145.62,55.36,Refunded
ORD_4442,CUST_680,2024-10-06,Pro Plan,Google Search,149.59,61.43,Completed
ORD_4443,CUST_219,2025-01-22,Business Plan,Google Search,658.7,273.97,Completed
ORD_4444,CUST_794,2024-04-29,Business Plan,Partnership,126.74,56.59,Completed
ORD_4445,CUST_302,2024-02-02,Pro Plan,LinkedIn,117.5,31.68,Completed
ORD_4446,CUST_777,2024-02-10,Basic Plan,Google Search,379.43,146.94,Completed
ORD_4447,CUST_17,2024-02-28,Basic Plan,Google Search,74.3,12.75,Cancelled
ORD_4448,CUST_792,2024-12-12,Pro Plan,Instagram,718.66,112.08,Completed
ORD_4449,CUST_438,2025-03-19,Pro Plan,Partnership,850.33,282.87,Completed
ORD_4450,CUST_1210,2024-12-19,Basic Plan,Referral,1198.98,291.07,Completed
ORD_4451,CUST_1023,2025-04-29,Onboarding,LinkedIn,181.46,47.71,Completed
ORD_4452,CUST_236,2024-06-10,Pro Plan,LinkedIn,291.51,81.62,Cancelled
ORD_4453,CUST_1215,2024-09-23,Pro Plan,LinkedIn,664.72,128.33,Completed
ORD_4454,CUST_373,2024-10-25,Basic Plan,LinkedIn,267.53,76.45,Completed
ORD_4455,CUST_723,2024-04-30,Enterprise Plan,Partnership,511.78,188.3,Completed
ORD_4456,CUST_1007,2024-10-16,Business Plan,Partnership,74.65,23.47,Completed
ORD_4457,CUST_1309,2025-04-05,Enterprise Plan,Google Search,1060.6,386.39,Completed
ORD_4458,CUST_1087,2025-03-26,Business Plan,Google Search,107.23,24.94,Refunded
ORD_4459,CUST_972,2024-08-18,Pro Plan,LinkedIn,914.6,174.46,Refunded
ORD_4460,CUST_1017,2024-04-10,Pro Plan,Google Search,774.35,276.23,Completed
ORD_4461,CUST_351,2024-08-07,Business Plan,LinkedIn,1053.49,383.69,Completed
ORD_4462,CUST_337,2024-11-24,Basic Plan,TikTok,769.03,230.69,Completed
ORD_4463,CUST_1168,2025-01-23,Basic Plan,Partnership,986.72,281.16,Completed
ORD_4464,CUST_83,2024-06-11,Business Plan,LinkedIn,959.45,392.96,Cancelled
ORD_4465,CUST_81,2024-04-22,Pro Plan,TikTok,58.17,11.66,Refunded
ORD_4466,CUST_881,2024-01-20,Business Plan,LinkedIn,52.02,11.23,Completed
ORD_4467,CUST_1400,2025-04-13,Basic Plan,Google Search,106.22,29.44,Completed
ORD_4468,CUST_752,2024-09-27,Basic Plan,LinkedIn,636.3,192.61,Completed
ORD_4469,CUST_1022,2024-11-17,Onboarding,Google Search,1033.88,250.95,Refunded
ORD_4470,CUST_780,2024-12-24,Add-on,LinkedIn,881.27,351.21,Completed
ORD_4471,CUST_693,2024-05-29,Pro Plan,Partnership,509.99,137.32,Completed
ORD_4472,CUST_699,2025-02-12,Pro Plan,Instagram,549.39,129.19,Completed
ORD_4473,CUST_170,2024-10-09,Basic Plan,Partnership,630.33,165.78,Cancelled
ORD_4474,CUST_179,2024-12-29,Onboarding,Instagram,110.52,44.76,Refunded
ORD_4475,CUST_567,2024-04-30,Pro Plan,TikTok,238.96,43.23,Refunded
ORD_4476,CUST_1012,2024-01-19,Business Plan,Instagram,897.71,306.19,Completed
ORD_4477,CUST_517,2025-05-02,Pro Plan,Google Search,694.38,168.53,Completed
ORD_4478,CUST_16,2024-05-18,Basic Plan,Partnership,825.17,310.81,Completed
ORD_4479,CUST_221,2024-05-16,Basic Plan,Instagram,444.52,153.79,Completed
ORD_4480,CUST_373,2025-06-04,Enterprise Plan,LinkedIn,1004.6,179.84,Completed
ORD_4481,CUST_1341,2024-05-27,Business Plan,Instagram,761.11,137.57,Refunded
ORD_4482,CUST_563,2024-08-18,Enterprise Plan,LinkedIn,252.01,39.17,Completed
ORD_4483,CUST_149,2024-03-01,Basic Plan,Instagram,510.54,186.89,Completed
ORD_4484,CUST_381,2025-03-18,Basic Plan,Partnership,135.26,47.47,Completed
ORD_4485,CUST_1137,2024-01-17,Enterprise Plan,Partnership,504.25,181.97,Completed
ORD_4486,CUST_1083,2024-08-09,Basic Plan,LinkedIn,1146.37,259.18,Completed
ORD_4487,CUST_1163,2024-02-15,Pro Plan,Google Search,664.63,194.45,Completed
ORD_4488,CUST_1293,2024-02-08,Pro Plan,LinkedIn,150.53,59.21,Completed
ORD_4489,CUST_138,2024-05-26,Pro Plan,LinkedIn,55.19,20.62,Completed
ORD_4490,CUST_1414,2025-04-09,Business Plan,Partnership,821.44,159.9,Refunded
ORD_4491,CUST_1453,2025-02-26,Pro Plan,LinkedIn,496.67,160.18,Refunded
ORD_4492,CUST_263,2024-03-02,Basic Plan,LinkedIn,964.94,340.14,Refunded
ORD_4493,CUST_433,2024-12-08,Basic Plan,Partnership,618.49,164.53,Completed
ORD_4494,CUST_856,2025-03-15,Business Plan,Instagram,889.24,168.97,Completed
ORD_4495,CUST_901,2024-01-16,Pro Plan,Partnership,810.64,357.21,Cancelled
ORD_4496,CUST_1406,2025-01-10,Pro Plan,Google Search,1199.44,410.5,Completed
ORD_4497,CUST_1095,2024-03-27,Enterprise Plan,Google Search,720.54,216.21,Completed
ORD_4498,CUST_551,2025-03-07,Basic Plan,Google Search,1162.17,516.05,Cancelled
ORD_4499,CUST_248,2025-01-04,Basic Plan,Event Walk-in,1006.6,183.69,Completed
ORD_4500,CUST_790,2025-06-21,Business Plan,LinkedIn,277.34,42.16,Completed
ORD_4501,CUST_1153,2024-01-15,Basic Plan,LinkedIn,941.31,239.13,Completed
ORD_4502,CUST_1140,2024-07-22,Premium Support,LinkedIn,959.31,166.27,Completed
ORD_4503,CUST_1267,2024-02-15,Business Plan,Google Search,478.47,75.67,Completed
ORD_4504,CUST_298,2024-08-06,Business Plan,Google Search,1070.99,317.69,Completed
ORD_4505,CUST_437,2024-11-23,Business Plan,Partnership,1165.23,342.44,Completed
ORD_4506,CUST_628,2024-03-26,Add-on,Instagram,1138.76,397.24,Completed
ORD_4507,CUST_1069,2025-06-10,Enterprise Plan,Partnership,436.54,192.05,Completed
ORD_4508,CUST_876,2024-04-29,Pro Plan,Google Search,470.82,112.9,Completed
ORD_4509,CUST_1366,2024-03-17,Business Plan,Partnership,193.57,67.19,Completed
ORD_4510,CUST_893,2025-01-19,Basic Plan,Google Search,440.25,118.05,Completed
ORD_4511,CUST_564,2025-02-04,Business Plan,TikTok,1089.23,268.69,Completed
ORD_4512,CUST_960,2024-06-12,Basic Plan,Partnership,981.21,169.35,Completed
ORD_4513,CUST_1322,2025-06-19,Pro Plan,Google Search,148.92,33.91,Completed
ORD_4514,CUST_936,2024-03-12,Enterprise Plan,LinkedIn,452.18,113.16,Refunded
ORD_4515,CUST_540,2025-01-10,Business Plan,LinkedIn,754.75,134.64,Completed
ORD_4516,CUST_302,2024-08-27,Pro Plan,LinkedIn,1079.69,205.9,Completed
ORD_4517,CUST_903,2025-03-22,Basic Plan,Partnership,901.7,308.72,Completed
ORD_4518,CUST_420,2024-08-23,Pro Plan,LinkedIn,821.25,318.47,Completed
ORD_4519,CUST_353,2024-02-23,Basic Plan,TikTok,1069.72,200.37,Completed
ORD_4520,CUST_1127,2024-05-20,Pro Plan,LinkedIn,242.37,88.35,Completed
ORD_4521,CUST_1463,2025-02-25,Onboarding,Instagram,926.13,333.98,Completed
ORD_4522,CUST_487,2024-03-29,Pro Plan,Partnership,1075.55,203.91,Completed
ORD_4523,CUST_997,2024-05-09,Basic Plan,LinkedIn,773.29,317.39,Completed
ORD_4524,CUST_835,2025-01-13,Pro Plan,LinkedIn,350.95,77.05,Completed
ORD_4525,CUST_910,2024-04-04,Business Plan,LinkedIn,662.03,271.04,Completed
ORD_4526,CUST_265,2024-10-22,Basic Plan,Instagram,955.42,348.56,Completed
ORD_4527,CUST_919,2025-02-28,Pro Plan,TikTok,186.54,70.8,Completed
ORD_4528,CUST_482,2025-04-22,Enterprise Plan,Instagram,98.94,17.13,Completed
ORD_4529,CUST_586,2024-11-03,Basic Plan,Google Search,595.2,150.25,Completed
ORD_4530,CUST_566,2024-01-05,Pro Plan,Google Search,1080.42,465.1,Completed
ORD_4531,CUST_825,2024-05-18,Business Plan,Google Search,611.49,258.88,Refunded
ORD_4532,CUST_915,2025-01-30,Business Plan,Google Search,241.33,93.75,Completed
ORD_4533,CUST_409,2025-02-07,Business Plan,Instagram,1026.47,346.1,Completed
ORD_4534,CUST_1285,2024-03-29,Basic Plan,Instagram,261.52,103.68,Completed
ORD_4535,CUST_363,2024-06-30,Basic Plan,LinkedIn,560.84,246.43,Refunded
ORD_4536,CUST_186,2024-01-25,Basic Plan,LinkedIn,977.97,332.08,Refunded
ORD_4537,CUST_809,2024-02-04,Enterprise Plan,LinkedIn,747.09,268.38,Completed
ORD_4538,CUST_1385,2024-01-23,Pro Plan,Google Search,592.79,162.18,Completed
ORD_4539,CUST_1318,2025-06-13,Basic Plan,Google Search,1101.9,382.24,Completed
ORD_4540,CUST_1406,2024-08-30,Premium Support,Google Search,347.5,145.7,Completed
ORD_4541,CUST_621,2025-06-18,Enterprise Plan,Instagram,1083.92,205.22,Completed
ORD_4542,CUST_79,2024-11-22,Pro Plan,LinkedIn,775.68,138.0,Completed
ORD_4543,CUST_1444,2025-05-15,Enterprise Plan,Google Search,106.3,25.35,Completed
ORD_4544,CUST_1108,2025-05-03,Add-on,Partnership,876.9,358.67,Completed
ORD_4545,CUST_1143,2024-12-16,Premium Support,Google Search,686.17,281.46,Completed
ORD_4546,CUST_1258,2025-03-16,Pro Plan,LinkedIn,984.43,289.74,Completed
ORD_4547,CUST_931,2024-05-21,Pro Plan,Partnership,901.62,333.27,Completed
ORD_4548,CUST_273,2025-05-14,Basic Plan,LinkedIn,534.74,216.01,Completed
ORD_4549,CUST_951,2024-12-20,Business Plan,LinkedIn,32.31,5.72,Completed
ORD_4550,CUST_675,2024-11-03,Onboarding,LinkedIn,29.06,12.77,Refunded
ORD_4551,CUST_708,2024-06-05,Premium Support,Instagram,796.33,146.9,Completed
ORD_4552,CUST_252,2025-01-21,Pro Plan,Google Search,283.92,86.49,Completed
ORD_4553,CUST_446,2024-08-31,Pro Plan,Google Search,694.83,279.71,Completed
ORD_4554,CUST_1373,2025-02-02,Add-on,LinkedIn,1031.04,359.2,Completed
ORD_4555,CUST_1161,2024-09-04,Enterprise Plan,LinkedIn,494.34,165.02,Cancelled
ORD_4556,CUST_701,2024-07-14,Onboarding,Google Search,647.18,109.12,Completed
ORD_4557,CUST_24,2024-11-25,Pro Plan,LinkedIn,954.57,311.67,Cancelled
ORD_4558,CUST_349,2024-04-19,Basic Plan,Instagram,414.75,136.4,Completed
ORD_4559,CUST_439,2024-11-27,Basic Plan,TikTok,398.71,89.75,Completed
ORD_4560,CUST_628,2024-02-27,Pro Plan,Instagram,729.62,202.25,Completed
ORD_4561,CUST_836,2025-02-10,Enterprise Plan,Instagram,875.7,222.4,Completed
ORD_4562,CUST_1307,2024-09-09,Business Plan,Referral,396.12,86.68,Completed
ORD_4563,CUST_846,2024-07-30,Basic Plan,LinkedIn,696.84,286.0,Completed
ORD_4564,CUST_495,2024-12-11,Pro Plan,Partnership,952.49,292.66,Completed
ORD_4565,CUST_537,2024-07-30,Enterprise Plan,Google Search,853.64,288.69,Completed
ORD_4566,CUST_1162,2024-02-01,Business Plan,Event Walk-in,1173.91,508.49,Completed
ORD_4567,CUST_675,2025-05-11,Basic Plan,LinkedIn,392.55,129.88,Completed
ORD_4568,CUST_145,2024-09-26,Pro Plan,Google Search,357.3,144.72,Completed
ORD_4569,CUST_1160,2024-11-27,Premium Support,LinkedIn,877.05,345.77,Completed
ORD_4570,CUST_1401,2024-05-13,Business Plan,LinkedIn,914.16,323.05,Completed
ORD_4571,CUST_522,2024-09-24,Basic Plan,TikTok,514.37,157.1,Completed
ORD_4572,CUST_612,2024-04-30,Business Plan,Google Search,1160.88,444.04,Completed
ORD_4573,CUST_838,2024-09-10,Business Plan,Partnership,992.46,270.82,Completed
ORD_4574,CUST_242,2024-08-12,Basic Plan,Instagram,883.31,391.21,Completed
ORD_4575,CUST_423,2024-08-09,Add-on,Partnership,230.74,79.44,Completed
ORD_4576,CUST_1417,2025-01-01,Pro Plan,Google Search,795.26,354.82,Completed
ORD_4577,CUST_843,2025-06-05,Pro Plan,Instagram,1182.87,259.98,Refunded
ORD_4578,CUST_1460,2024-11-19,Basic Plan,LinkedIn,508.09,202.83,Completed
ORD_4579,CUST_682,2024-07-05,Enterprise Plan,LinkedIn,406.47,131.77,Completed
ORD_4580,CUST_329,2024-04-18,Basic Plan,Google Search,1076.03,456.73,Completed
ORD_4581,CUST_995,2024-04-01,Pro Plan,Partnership,316.82,54.91,Completed
ORD_4582,CUST_1343,2025-01-13,Basic Plan,Google Search,193.05,79.41,Cancelled
ORD_4583,CUST_1339,2025-03-20,Add-on,LinkedIn,294.15,51.75,Completed
ORD_4584,CUST_700,2024-10-02,Business Plan,Google Search,626.97,278.44,Completed
ORD_4585,CUST_350,2025-04-15,Enterprise Plan,Google Search,415.19,108.31,Completed
ORD_4586,CUST_148,2025-06-13,Business Plan,LinkedIn,85.28,17.03,Completed
ORD_4587,CUST_501,2025-03-29,Enterprise Plan,LinkedIn,1086.14,439.08,Completed
ORD_4588,CUST_150,2024-05-21,Business Plan,Google Search,544.78,193.6,Completed
ORD_4589,CUST_144,2025-03-19,Pro Plan,Partnership,476.79,119.49,Completed
ORD_4590,CUST_1121,2024-03-02,Enterprise Plan,Google Search,719.05,187.84,Completed
ORD_4591,CUST_1205,2025-05-11,Onboarding,LinkedIn,326.08,112.8,Completed
ORD_4592,CUST_1031,2025-04-05,Basic Plan,Google Search,984.06,268.94,Completed
ORD_4593,CUST_175,2024-11-12,Basic Plan,Google Search,150.95,46.13,Completed
ORD_4594,CUST_1003,2024-03-03,Basic Plan,TikTok,433.86,118.63,Completed
ORD_4595,CUST_1143,2025-05-13,Pro Plan,Google Search,183.75,62.76,Completed
ORD_4596,CUST_1044,2024-10-18,Pro Plan,Partnership,635.9,260.44,Completed
ORD_4597,CUST_1279,2025-02-12,Add-on,LinkedIn,62.27,10.26,Completed
ORD_4598,CUST_35,2024-03-22,Basic Plan,LinkedIn,906.45,291.25,Completed
ORD_4599,CUST_24,2025-01-12,Business Plan,LinkedIn,605.27,93.29,Completed
ORD_4600,CUST_166,2025-03-13,Onboarding,Google Search,410.4,95.83,Cancelled
ORD_4601,CUST_492,2024-10-21,Onboarding,Instagram,324.8,141.81,Completed
ORD_4602,CUST_1069,2024-02-11,Basic Plan,Partnership,778.07,200.59,Completed
ORD_4603,CUST_135,2025-03-04,Basic Plan,Instagram,164.28,65.8,Completed
ORD_4604,CUST_1091,2024-10-17,Basic Plan,Partnership,364.11,98.49,Completed
ORD_4605,CUST_783,2025-06-01,Basic Plan,LinkedIn,257.55,89.39,Completed
ORD_4606,CUST_130,2025-03-21,Basic Plan,TikTok,1144.99,208.6,Completed
ORD_4607,CUST_395,2025-02-21,Add-on,LinkedIn,643.56,108.99,Completed
ORD_4608,CUST_882,2025-04-27,Business Plan,Google Search,325.48,106.77,Completed
ORD_4609,CUST_222,2025-02-07,Premium Support,LinkedIn,842.07,337.31,Completed
ORD_4610,CUST_81,2024-12-27,Business Plan,TikTok,244.67,96.61,Completed
ORD_4611,CUST_894,2024-12-18,Add-on,Google Search,787.91,294.29,Completed
ORD_4612,CUST_1212,2024-06-06,Pro Plan,Partnership,474.39,130.57,Completed
ORD_4613,CUST_1115,2025-05-22,Add-on,LinkedIn,943.2,311.86,Completed
ORD_4614,CUST_371,2024-11-02,Basic Plan,Instagram,951.82,233.17,Completed
ORD_4615,CUST_645,2024-07-21,Enterprise Plan,TikTok,895.65,172.48,Completed
ORD_4616,CUST_420,2025-02-04,Basic Plan,LinkedIn,731.08,316.57,Completed
ORD_4617,CUST_1230,2024-04-07,Pro Plan,LinkedIn,938.16,249.76,Completed
ORD_4618,CUST_51,2025-05-22,Basic Plan,Instagram,886.83,267.35,Completed
ORD_4619,CUST_1412,2024-11-11,Business Plan,Google Search,108.18,28.14,Completed
ORD_4620,CUST_1083,2024-07-26,Business Plan,LinkedIn,593.97,102.98,Completed
ORD_4621,CUST_1256,2024-04-03,Basic Plan,LinkedIn,392.42,77.82,Completed
ORD_4622,CUST_1295,2024-11-03,Basic Plan,LinkedIn,1066.81,219.88,Completed
ORD_4623,CUST_860,2024-07-21,Add-on,Partnership,155.69,59.15,Refunded
ORD_4624,CUST_870,2024-03-08,Pro Plan,Referral,642.08,148.97,Completed
ORD_4625,CUST_1052,2024-11-22,Enterprise Plan,Partnership,806.06,225.85,Completed
ORD_4626,CUST_1069,2024-01-29,Basic Plan,Partnership,1190.97,397.43,Completed
ORD_4627,CUST_1046,2025-06-17,Add-on,Instagram,1112.74,260.87,Completed
ORD_4628,CUST_651,2024-12-26,Pro Plan,LinkedIn,456.06,187.35,Completed
ORD_4629,CUST_569,2024-08-22,Basic Plan,Google Search,886.07,312.44,Completed
ORD_4630,CUST_708,2025-06-24,Basic Plan,Instagram,839.96,227.35,Completed
ORD_4631,CUST_1283,2024-04-28,Basic Plan,LinkedIn,378.18,67.1,Completed
ORD_4632,CUST_513,2025-06-19,Business Plan,Google Search,34.67,8.27,Completed
ORD_4633,CUST_160,2024-11-12,Basic Plan,LinkedIn,88.8,31.68,Completed
ORD_4634,CUST_1,2024-09-18,Premium Support,LinkedIn,829.56,198.27,Completed
ORD_4635,CUST_1358,2024-05-11,Basic Plan,Partnership,1114.91,473.14,Completed
ORD_4636,CUST_1403,2025-03-31,Basic Plan,Google Search,28.25,10.7,Completed
ORD_4637,CUST_346,2025-04-19,Premium Support,Google Search,968.57,409.9,Completed
ORD_4638,CUST_719,2024-10-14,Pro Plan,LinkedIn,989.63,308.19,Completed
ORD_4639,CUST_1415,2025-06-02,Pro Plan,LinkedIn,426.47,190.83,Completed
ORD_4640,CUST_151,2025-01-30,Basic Plan,LinkedIn,70.45,14.73,Completed
ORD_4641,CUST_717,2024-02-16,Pro Plan,Google Search,559.67,87.9,Completed
ORD_4642,CUST_752,2024-10-14,Pro Plan,LinkedIn,418.53,81.65,Completed
ORD_4643,CUST_1006,2024-03-02,Business Plan,Partnership,1106.55,414.59,Completed
ORD_4644,CUST_175,2025-01-09,Pro Plan,Google Search,1092.26,260.16,Completed
ORD_4645,CUST_1200,2025-03-09,Basic Plan,Instagram,1060.39,257.81,Cancelled
ORD_4646,CUST_805,2025-01-18,Basic Plan,Google Search,908.78,338.36,Completed
ORD_4647,CUST_1125,2024-07-09,Pro Plan,LinkedIn,1060.98,281.21,Refunded
ORD_4648,CUST_33,2025-01-19,Business Plan,Referral,85.96,33.76,Completed
ORD_4649,CUST_275,2025-05-09,Pro Plan,Google Search,886.5,168.24,Completed
ORD_4650,CUST_392,2025-03-19,Business Plan,Referral,352.64,125.42,Completed
ORD_4651,CUST_257,2024-02-21,Pro Plan,Google Search,724.34,310.95,Completed
ORD_4652,CUST_70,2024-05-15,Pro Plan,Google Search,911.85,248.2,Completed
ORD_4653,CUST_28,2024-06-27,Pro Plan,LinkedIn,531.7,210.0,Completed
ORD_4654,CUST_1484,2025-01-19,Pro Plan,Partnership,670.12,287.13,Cancelled
ORD_4655,CUST_383,2024-09-01,Basic Plan,Instagram,406.33,163.33,Completed
ORD_4656,CUST_1377,2024-11-26,Basic Plan,Instagram,1020.96,265.03,Completed
ORD_4657,CUST_909,2024-06-02,Add-on,LinkedIn,1063.03,257.33,Completed
ORD_4658,CUST_1405,2024-10-08,Onboarding,Partnership,651.62,102.69,Completed
ORD_4659,CUST_1085,2025-03-16,Basic Plan,Partnership,39.71,12.36,Completed
ORD_4660,CUST_587,2024-06-27,Pro Plan,Instagram,471.14,125.07,Completed
ORD_4661,CUST_626,2024-12-05,Pro Plan,LinkedIn,178.6,75.11,Refunded
ORD_4662,CUST_159,2024-07-13,Basic Plan,Instagram,145.16,36.98,Completed
ORD_4663,CUST_603,2024-01-05,Business Plan,Partnership,836.21,358.32,Completed
ORD_4664,CUST_1394,2025-04-15,Basic Plan,Google Search,156.61,25.76,Completed
ORD_4665,CUST_896,2024-04-11,Enterprise Plan,Partnership,974.69,418.69,Completed
ORD_4666,CUST_547,2025-01-30,Basic Plan,Instagram,324.14,81.66,Completed
ORD_4667,CUST_459,2025-04-19,Basic Plan,Google Search,906.51,198.92,Completed
ORD_4668,CUST_1262,2024-05-17,Business Plan,LinkedIn,595.38,155.11,Completed
ORD_4669,CUST_679,2024-02-03,Add-on,Google Search,668.02,133.74,Completed
ORD_4670,CUST_149,2024-01-25,Onboarding,Instagram,218.94,47.73,Completed
ORD_4671,CUST_750,2024-07-06,Basic Plan,LinkedIn,838.75,371.16,Completed
ORD_4672,CUST_806,2024-12-16,Pro Plan,LinkedIn,906.32,373.61,Completed
ORD_4673,CUST_1189,2024-06-24,Business Plan,Instagram,950.98,284.21,Refunded
ORD_4674,CUST_905,2024-04-05,Basic Plan,Partnership,204.67,46.83,Completed
ORD_4675,CUST_1356,2024-04-18,Basic Plan,Google Search,295.84,86.75,Completed
ORD_4676,CUST_561,2024-08-17,Business Plan,LinkedIn,908.59,179.42,Refunded
ORD_4677,CUST_970,2025-06-06,Pro Plan,Referral,1020.2,397.57,Completed
ORD_4678,CUST_135,2024-08-01,Pro Plan,Instagram,524.29,161.77,Completed
ORD_4679,CUST_337,2024-06-11,Basic Plan,TikTok,279.24,66.49,Refunded
ORD_4680,CUST_779,2025-06-18,Basic Plan,Instagram,185.69,50.85,Completed
ORD_4681,CUST_565,2024-05-05,Business Plan,LinkedIn,76.79,25.51,Completed
ORD_4682,CUST_526,2024-05-07,Pro Plan,Instagram,835.27,317.63,Completed
ORD_4683,CUST_830,2024-03-27,Basic Plan,TikTok,639.42,159.48,Completed
ORD_4684,CUST_671,2025-03-09,Pro Plan,Google Search,859.59,223.35,Completed
ORD_4685,CUST_1003,2024-07-30,Basic Plan,TikTok,723.92,243.54,Completed
ORD_4686,CUST_1124,2024-12-03,Pro Plan,LinkedIn,98.07,19.62,Completed
ORD_4687,CUST_612,2024-03-07,Add-on,Google Search,506.15,182.12,Refunded
ORD_4688,CUST_1441,2024-10-08,Pro Plan,Instagram,630.3,241.88,Completed
ORD_4689,CUST_421,2024-04-23,Business Plan,LinkedIn,968.58,290.39,Refunded
ORD_4690,CUST_645,2024-03-10,Add-on,TikTok,978.57,428.07,Completed
ORD_4691,CUST_627,2025-04-26,Basic Plan,Instagram,1131.81,190.39,Refunded
ORD_4692,CUST_1385,2024-01-01,Basic Plan,Google Search,193.52,36.2,Completed
ORD_4693,CUST_114,2024-02-28,Enterprise Plan,LinkedIn,208.89,43.69,Refunded
ORD_4694,CUST_277,2024-10-16,Pro Plan,Google Search,35.82,11.4,Refunded
ORD_4695,CUST_252,2024-06-24,Pro Plan,Google Search,672.44,102.61,Completed
ORD_4696,CUST_1081,2025-03-05,Enterprise Plan,Google Search,756.46,132.54,Refunded
ORD_4697,CUST_499,2024-05-01,Basic Plan,Google Search,134.31,29.97,Completed
ORD_4698,CUST_547,2024-09-21,Onboarding,Instagram,889.79,195.82,Completed
ORD_4699,CUST_790,2025-01-22,Pro Plan,LinkedIn,155.59,57.14,Completed
ORD_4700,CUST_172,2025-02-25,Pro Plan,Instagram,1196.82,356.09,Completed
ORD_4701,CUST_443,2024-02-16,Basic Plan,Partnership,630.57,105.3,Refunded
ORD_4702,CUST_1188,2024-06-15,Pro Plan,Google Search,1118.45,284.96,Completed
ORD_4703,CUST_1231,2025-01-26,Business Plan,LinkedIn,1053.76,339.44,Completed
ORD_4704,CUST_886,2024-08-22,Onboarding,Instagram,1023.39,412.27,Completed
ORD_4705,CUST_603,2024-10-24,Basic Plan,Partnership,733.31,174.96,Completed
ORD_4706,CUST_1469,2025-05-16,Business Plan,Instagram,150.01,38.94,Completed
ORD_4707,CUST_126,2024-01-13,Basic Plan,TikTok,686.75,212.95,Completed
ORD_4708,CUST_1314,2025-05-05,Onboarding,Google Search,615.91,269.33,Completed
ORD_4709,CUST_792,2024-04-05,Basic Plan,Instagram,613.44,115.66,Completed
ORD_4710,CUST_828,2024-05-31,Pro Plan,Google Search,714.97,231.89,Completed
ORD_4711,CUST_375,2025-03-06,Basic Plan,Partnership,654.63,108.3,Cancelled
ORD_4712,CUST_729,2025-05-14,Basic Plan,Google Search,1120.29,239.76,Completed
ORD_4713,CUST_1430,2025-01-11,Basic Plan,Google Search,40.28,18.0,Completed
ORD_4714,CUST_1241,2024-07-20,Basic Plan,Google Search,754.78,204.53,Completed
ORD_4715,CUST_209,2024-10-07,Pro Plan,LinkedIn,565.75,248.38,Completed
ORD_4716,CUST_1114,2025-03-29,Business Plan,Partnership,20.17,5.07,Completed
ORD_4717,CUST_1073,2024-04-01,Business Plan,LinkedIn,120.18,43.64,Completed
ORD_4718,CUST_1214,2024-06-02,Business Plan,LinkedIn,410.66,157.26,Completed
ORD_4719,CUST_1301,2024-11-24,Pro Plan,LinkedIn,1195.35,468.2,Cancelled
ORD_4720,CUST_788,2024-06-04,Business Plan,Google Search,581.34,138.58,Completed
ORD_4721,CUST_1210,2024-10-27,Business Plan,Referral,301.6,75.99,Completed
ORD_4722,CUST_144,2024-09-12,Pro Plan,Partnership,606.58,157.64,Completed
ORD_4723,CUST_895,2024-03-25,Business Plan,Google Search,638.75,203.25,Completed
ORD_4724,CUST_989,2024-11-18,Pro Plan,TikTok,927.01,183.39,Completed
ORD_4725,CUST_1376,2025-04-09,Business Plan,LinkedIn,860.83,371.71,Completed
ORD_4726,CUST_316,2024-04-26,Enterprise Plan,LinkedIn,805.01,153.42,Completed
ORD_4727,CUST_131,2025-06-29,Business Plan,Partnership,1063.7,221.42,Completed
ORD_4728,CUST_1351,2025-04-28,Enterprise Plan,LinkedIn,1127.88,381.7,Completed
ORD_4729,CUST_93,2024-02-15,Basic Plan,Google Search,936.22,246.47,Completed
ORD_4730,CUST_1059,2024-04-29,Enterprise Plan,Partnership,175.4,47.68,Completed
ORD_4731,CUST_1316,2024-07-13,Basic Plan,TikTok,504.72,222.27,Refunded
ORD_4732,CUST_768,2024-12-19,Basic Plan,TikTok,83.26,23.36,Completed
ORD_4733,CUST_18,2024-12-20,Basic Plan,LinkedIn,91.82,37.95,Refunded
ORD_4734,CUST_950,2025-06-08,Basic Plan,LinkedIn,47.34,11.12,Completed
ORD_4735,CUST_192,2024-02-13,Pro Plan,Google Search,767.75,344.1,Completed
ORD_4736,CUST_833,2024-01-13,Pro Plan,LinkedIn,415.17,124.62,Refunded
ORD_4737,CUST_196,2025-06-07,Basic Plan,Google Search,420.5,115.93,Completed
ORD_4738,CUST_1240,2024-05-12,Basic Plan,LinkedIn,316.94,100.57,Completed
ORD_4739,CUST_702,2024-07-19,Business Plan,Google Search,293.23,88.63,Completed
ORD_4740,CUST_621,2024-12-06,Basic Plan,Instagram,827.24,205.19,Completed
ORD_4741,CUST_10,2024-06-10,Basic Plan,Google Search,598.46,92.12,Refunded
ORD_4742,CUST_533,2025-02-13,Basic Plan,Instagram,130.44,43.77,Cancelled
ORD_4743,CUST_108,2024-11-28,Pro Plan,Instagram,426.56,141.92,Completed
ORD_4744,CUST_107,2024-01-26,Enterprise Plan,Google Search,554.59,153.71,Completed
ORD_4745,CUST_730,2025-04-14,Pro Plan,LinkedIn,278.05,116.59,Completed
ORD_4746,CUST_1489,2024-10-20,Pro Plan,Google Search,97.92,27.35,Refunded
ORD_4747,CUST_599,2024-12-15,Enterprise Plan,Google Search,664.96,287.47,Completed
ORD_4748,CUST_1405,2024-06-05,Business Plan,Partnership,1055.71,168.72,Completed
ORD_4749,CUST_948,2025-03-22,Premium Support,LinkedIn,508.24,94.18,Completed
ORD_4750,CUST_1047,2025-05-03,Basic Plan,LinkedIn,737.77,226.35,Completed
ORD_4751,CUST_790,2024-09-13,Pro Plan,LinkedIn,343.44,77.2,Completed
ORD_4752,CUST_701,2024-05-21,Basic Plan,Google Search,1024.19,303.04,Completed
ORD_4753,CUST_89,2024-09-29,Pro Plan,LinkedIn,544.03,157.2,Completed
ORD_4754,CUST_1250,2024-02-26,Pro Plan,Partnership,497.39,211.86,Completed
ORD_4755,CUST_302,2024-11-09,Pro Plan,LinkedIn,1095.51,369.09,Completed
ORD_4756,CUST_423,2024-07-12,Business Plan,Partnership,871.72,207.65,Completed
ORD_4757,CUST_473,2024-04-25,Pro Plan,Instagram,916.55,262.86,Completed
ORD_4758,CUST_377,2024-01-08,Onboarding,LinkedIn,318.87,49.69,Completed
ORD_4759,CUST_87,2025-06-14,Basic Plan,LinkedIn,95.7,21.05,Completed
ORD_4760,CUST_448,2025-05-05,Enterprise Plan,LinkedIn,1024.96,211.01,Cancelled
ORD_4761,CUST_407,2024-03-15,Add-on,Instagram,759.89,177.27,Completed
ORD_4762,CUST_133,2024-07-30,Pro Plan,LinkedIn,1122.17,193.6,Completed
ORD_4763,CUST_481,2024-02-24,Basic Plan,Google Search,384.87,156.85,Completed
ORD_4764,CUST_802,2024-10-21,Business Plan,LinkedIn,556.29,149.89,Completed
ORD_4765,CUST_381,2025-01-27,Business Plan,Partnership,68.98,21.39,Completed
ORD_4766,CUST_5,2024-12-20,Basic Plan,LinkedIn,1047.07,261.69,Completed
ORD_4767,CUST_167,2025-03-18,Pro Plan,LinkedIn,549.49,194.2,Completed
ORD_4768,CUST_211,2024-01-31,Onboarding,LinkedIn,159.97,38.01,Completed
ORD_4769,CUST_1176,2024-12-17,Basic Plan,Partnership,729.34,297.34,Completed
ORD_4770,CUST_150,2024-01-26,Business Plan,Google Search,742.69,243.78,Completed
ORD_4771,CUST_1325,2024-02-01,Basic Plan,Google Search,743.7,136.37,Completed
ORD_4772,CUST_1385,2025-03-20,Premium Support,Google Search,827.99,338.64,Completed
ORD_4773,CUST_883,2024-09-08,Basic Plan,Google Search,154.21,35.81,Completed
ORD_4774,CUST_427,2024-03-23,Basic Plan,Google Search,967.56,350.42,Completed
ORD_4775,CUST_879,2025-01-14,Enterprise Plan,Partnership,1028.23,410.29,Completed
ORD_4776,CUST_1334,2024-02-12,Pro Plan,TikTok,687.93,172.56,Completed
ORD_4777,CUST_1433,2024-09-10,Basic Plan,Google Search,608.22,145.77,Completed
ORD_4778,CUST_931,2024-08-04,Business Plan,Partnership,702.04,213.03,Completed
ORD_4779,CUST_817,2025-06-30,Pro Plan,LinkedIn,793.9,336.84,Cancelled
ORD_4780,CUST_1272,2024-01-04,Enterprise Plan,LinkedIn,476.67,98.76,Completed
ORD_4781,CUST_1475,2024-05-20,Basic Plan,Partnership,995.96,225.65,Completed
ORD_4782,CUST_923,2024-10-02,Basic Plan,LinkedIn,912.02,145.65,Completed
ORD_4783,CUST_37,2024-01-27,Pro Plan,TikTok,107.87,48.42,Completed
ORD_4784,CUST_339,2025-01-12,Onboarding,LinkedIn,333.06,133.3,Completed
ORD_4785,CUST_621,2025-04-23,Onboarding,Instagram,316.31,121.94,Completed
ORD_4786,CUST_1188,2025-01-18,Business Plan,Google Search,155.8,63.74,Cancelled
ORD_4787,CUST_416,2025-05-18,Business Plan,LinkedIn,906.67,288.73,Completed
ORD_4788,CUST_469,2024-09-10,Basic Plan,LinkedIn,1161.97,269.21,Refunded
ORD_4789,CUST_194,2024-01-09,Enterprise Plan,LinkedIn,80.56,17.3,Completed
ORD_4790,CUST_901,2025-02-03,Basic Plan,Partnership,130.26,42.74,Completed
ORD_4791,CUST_1169,2024-04-29,Basic Plan,Partnership,359.22,142.57,Completed
ORD_4792,CUST_5,2024-08-20,Business Plan,LinkedIn,1071.82,320.12,Completed
ORD_4793,CUST_659,2025-01-28,Onboarding,LinkedIn,889.13,241.22,Completed
ORD_4794,CUST_230,2024-12-05,Business Plan,LinkedIn,1080.37,317.11,Completed
ORD_4795,CUST_1041,2025-03-13,Basic Plan,Google Search,822.92,337.3,Cancelled
ORD_4796,CUST_147,2024-05-29,Basic Plan,LinkedIn,195.55,81.07,Completed
ORD_4797,CUST_440,2025-05-18,Onboarding,Google Search,594.62,210.66,Refunded
ORD_4798,CUST_1169,2024-11-21,Pro Plan,Partnership,837.53,165.28,Completed
ORD_4799,CUST_539,2025-05-19,Basic Plan,Google Search,719.28,160.64,Completed
ORD_4800,CUST_238,2024-05-20,Basic Plan,LinkedIn,1144.3,386.9,Completed
ORD_4801,CUST_279,2025-02-02,Business Plan,Google Search,885.33,214.38,Completed
ORD_4802,CUST_347,2024-12-20,Basic Plan,Google Search,73.8,12.51,Completed
ORD_4803,CUST_998,2025-02-27,Enterprise Plan,LinkedIn,251.57,80.13,Completed
ORD_4804,CUST_589,2025-06-14,Basic Plan,LinkedIn,462.28,172.52,Completed
ORD_4805,CUST_484,2024-07-25,Basic Plan,Referral,341.93,92.35,Completed
ORD_4806,CUST_675,2025-03-30,Onboarding,LinkedIn,91.89,32.61,Completed
ORD_4807,CUST_1208,2024-08-16,Basic Plan,LinkedIn,147.65,45.14,Completed
ORD_4808,CUST_1182,2024-03-24,Premium Support,Google Search,74.08,23.54,Completed
ORD_4809,CUST_251,2025-06-09,Basic Plan,LinkedIn,1027.82,391.85,Cancelled
ORD_4810,CUST_701,2024-12-07,Add-on,Google Search,382.41,134.73,Completed
ORD_4811,CUST_627,2025-05-08,Business Plan,Instagram,578.43,140.48,Completed
ORD_4812,CUST_566,2024-03-25,Basic Plan,Google Search,123.78,51.72,Completed
ORD_4813,CUST_424,2024-12-26,Basic Plan,LinkedIn,256.5,92.39,Completed
ORD_4814,CUST_1147,2024-08-11,Basic Plan,Google Search,168.09,35.25,Completed
ORD_4815,CUST_495,2024-12-04,Add-on,Partnership,390.72,151.21,Refunded
ORD_4816,CUST_1311,2024-05-19,Basic Plan,Google Search,1173.71,349.5,Completed
ORD_4817,CUST_94,2024-01-13,Business Plan,Google Search,909.18,180.59,Completed
ORD_4818,CUST_440,2024-08-27,Basic Plan,Google Search,1173.83,461.29,Completed
ORD_4819,CUST_1189,2025-04-14,Business Plan,Instagram,558.31,220.21,Completed
ORD_4820,CUST_664,2025-04-23,Enterprise Plan,Google Search,807.36,339.37,Refunded
ORD_4821,CUST_288,2024-09-03,Onboarding,Google Search,408.83,157.19,Completed
ORD_4822,CUST_1112,2024-12-09,Pro Plan,Partnership,343.03,81.73,Completed
ORD_4823,CUST_71,2024-10-24,Pro Plan,Google Search,248.52,76.31,Completed
ORD_4824,CUST_216,2025-02-27,Basic Plan,Google Search,322.62,53.98,Completed
ORD_4825,CUST_824,2025-05-04,Add-on,Instagram,35.77,6.46,Completed
ORD_4826,CUST_565,2024-01-21,Pro Plan,LinkedIn,1059.22,192.61,Completed
ORD_4827,CUST_381,2024-02-23,Business Plan,Partnership,347.82,77.49,Completed
ORD_4828,CUST_379,2024-01-30,Basic Plan,Partnership,378.17,145.37,Completed
ORD_4829,CUST_761,2024-03-30,Business Plan,TikTok,510.76,174.58,Refunded
ORD_4830,CUST_993,2024-05-23,Basic Plan,LinkedIn,1060.91,238.54,Completed
ORD_4831,CUST_1055,2024-11-12,Pro Plan,LinkedIn,84.96,22.12,Completed
ORD_4832,CUST_1164,2025-05-21,Enterprise Plan,LinkedIn,261.73,103.62,Cancelled
ORD_4833,CUST_695,2025-01-08,Business Plan,LinkedIn,446.73,89.17,Completed
ORD_4834,CUST_320,2024-01-25,Basic Plan,LinkedIn,876.64,309.65,Completed
ORD_4835,CUST_1054,2024-08-06,Basic Plan,LinkedIn,1005.57,352.78,Completed
ORD_4836,CUST_308,2024-06-15,Premium Support,Google Search,232.08,91.66,Completed
ORD_4837,CUST_849,2024-10-31,Enterprise Plan,Google Search,408.53,120.96,Completed
ORD_4838,CUST_191,2024-12-01,Basic Plan,Google Search,92.47,21.36,Completed
ORD_4839,CUST_933,2025-06-01,Pro Plan,Google Search,338.67,88.56,Completed
ORD_4840,CUST_346,2024-11-02,Basic Plan,Google Search,966.67,277.03,Completed
ORD_4841,CUST_1340,2024-11-06,Basic Plan,Partnership,465.42,155.51,Completed
ORD_4842,CUST_740,2024-05-01,Pro Plan,Instagram,369.48,151.99,Completed
ORD_4843,CUST_972,2024-12-02,Business Plan,LinkedIn,400.67,116.16,Completed
ORD_4844,CUST_1117,2024-11-16,Pro Plan,LinkedIn,549.42,228.3,Completed
ORD_4845,CUST_264,2024-03-23,Onboarding,LinkedIn,1142.57,298.13,Completed
ORD_4846,CUST_599,2024-05-06,Business Plan,Google Search,1098.39,407.25,Completed
ORD_4847,CUST_20,2024-02-24,Pro Plan,LinkedIn,574.86,200.54,Cancelled
ORD_4848,CUST_60,2024-05-13,Pro Plan,Google Search,453.93,78.49,Completed
ORD_4849,CUST_1381,2024-05-14,Basic Plan,Google Search,52.65,12.86,Completed
ORD_4850,CUST_522,2024-09-04,Business Plan,TikTok,293.54,106.08,Cancelled
ORD_4851,CUST_623,2024-09-07,Business Plan,Partnership,165.28,62.04,Completed
ORD_4852,CUST_930,2024-07-07,Onboarding,Partnership,338.38,109.65,Completed
ORD_4853,CUST_201,2025-03-05,Enterprise Plan,Google Search,1011.02,437.39,Completed
ORD_4854,CUST_191,2024-11-22,Pro Plan,Google Search,177.45,39.07,Completed
ORD_4855,CUST_498,2024-08-02,Basic Plan,LinkedIn,910.68,310.6,Completed
ORD_4856,CUST_784,2024-02-24,Basic Plan,Partnership,731.54,226.61,Completed
ORD_4857,CUST_352,2024-10-15,Pro Plan,Partnership,691.73,186.58,Refunded
ORD_4858,CUST_468,2025-05-07,Premium Support,Referral,206.41,90.16,Completed
ORD_4859,CUST_30,2024-02-18,Business Plan,Partnership,160.71,37.06,Completed
ORD_4860,CUST_256,2024-02-09,Add-on,LinkedIn,124.58,35.06,Completed
ORD_4861,CUST_840,2025-01-01,Basic Plan,LinkedIn,732.24,202.95,Completed
ORD_4862,CUST_446,2025-05-16,Pro Plan,Google Search,862.79,169.57,Completed
ORD_4863,CUST_423,2024-03-04,Basic Plan,Partnership,525.94,168.32,Completed
ORD_4864,CUST_59,2024-11-10,Pro Plan,LinkedIn,1109.66,200.43,Completed
ORD_4865,CUST_1245,2025-03-14,Pro Plan,Google Search,734.86,167.84,Completed
ORD_4866,CUST_567,2025-03-03,Basic Plan,TikTok,400.0,84.88,Completed
ORD_4867,CUST_1495,2024-06-23,Basic Plan,Google Search,1105.95,216.19,Completed
ORD_4868,CUST_561,2025-02-01,Basic Plan,LinkedIn,687.55,251.86,Completed
ORD_4869,CUST_424,2025-03-28,Basic Plan,LinkedIn,1021.96,211.24,Completed
ORD_4870,CUST_390,2025-02-28,Basic Plan,LinkedIn,952.45,263.18,Completed
ORD_4871,CUST_30,2025-04-09,Pro Plan,Partnership,556.64,178.83,Completed
ORD_4872,CUST_1393,2025-04-27,Pro Plan,Event Walk-in,581.25,241.99,Completed
ORD_4873,CUST_982,2025-01-31,Pro Plan,Google Search,55.22,15.11,Cancelled
ORD_4874,CUST_80,2024-04-15,Basic Plan,Referral,600.97,259.26,Cancelled
ORD_4875,CUST_1359,2024-03-25,Business Plan,Partnership,129.88,23.98,Completed
ORD_4876,CUST_620,2024-11-26,Basic Plan,LinkedIn,236.15,44.02,Completed
ORD_4877,CUST_1197,2025-01-10,Enterprise Plan,Partnership,744.08,197.99,Completed
ORD_4878,CUST_434,2025-01-06,Pro Plan,LinkedIn,607.95,225.18,Completed
ORD_4879,CUST_433,2025-03-01,Basic Plan,Partnership,522.85,117.14,Completed
ORD_4880,CUST_902,2024-06-12,Onboarding,Google Search,783.91,251.83,Completed
ORD_4881,CUST_299,2024-06-10,Premium Support,LinkedIn,1038.03,262.77,Cancelled
ORD_4882,CUST_887,2025-01-01,Pro Plan,Google Search,1126.39,313.82,Refunded
ORD_4883,CUST_317,2024-05-31,Basic Plan,Google Search,581.41,256.52,Completed
ORD_4884,CUST_1313,2025-05-05,Pro Plan,Google Search,204.35,70.25,Completed
ORD_4885,CUST_608,2025-03-05,Basic Plan,Google Search,809.89,221.98,Completed
ORD_4886,CUST_658,2025-02-12,Add-on,LinkedIn,459.44,74.82,Completed
ORD_4887,CUST_915,2025-05-05,Basic Plan,Google Search,1120.64,400.85,Completed
ORD_4888,CUST_553,2024-08-26,Basic Plan,Google Search,987.28,314.38,Completed
ORD_4889,CUST_1055,2024-03-26,Enterprise Plan,LinkedIn,119.11,48.54,Completed
ORD_4890,CUST_337,2024-05-21,Pro Plan,TikTok,117.05,27.61,Completed
ORD_4891,CUST_461,2024-04-17,Basic Plan,Referral,99.44,26.66,Completed
ORD_4892,CUST_839,2024-01-24,Enterprise Plan,Partnership,573.47,183.94,Completed
ORD_4893,CUST_1213,2024-02-09,Basic Plan,Google Search,1012.3,286.66,Completed
ORD_4894,CUST_1207,2025-01-17,Business Plan,Google Search,1038.82,177.83,Completed
ORD_4895,CUST_726,2025-01-03,Basic Plan,Google Search,1166.89,486.73,Completed
ORD_4896,CUST_1121,2024-02-22,Premium Support,Google Search,641.66,237.31,Refunded
ORD_4897,CUST_508,2025-04-23,Business Plan,Google Search,207.15,70.81,Completed
ORD_4898,CUST_661,2025-06-25,Basic Plan,Google Search,805.25,245.95,Completed
ORD_4899,CUST_1469,2025-02-01,Basic Plan,Instagram,322.18,54.74,Completed
ORD_4900,CUST_1333,2024-11-20,Business Plan,LinkedIn,1193.9,351.77,Completed
ORD_4901,CUST_1204,2024-02-10,Premium Support,LinkedIn,134.17,51.45,Completed
ORD_4902,CUST_733,2025-06-12,Basic Plan,Google Search,1154.25,325.29,Completed
ORD_4903,CUST_391,2024-07-12,Basic Plan,LinkedIn,137.43,33.17,Completed
ORD_4904,CUST_941,2024-11-07,Pro Plan,LinkedIn,851.42,369.03,Completed
ORD_4905,CUST_1465,2025-01-17,Basic Plan,Google Search,1160.4,370.62,Completed
ORD_4906,CUST_1352,2024-05-26,Pro Plan,LinkedIn,1180.43,178.5,Completed
ORD_4907,CUST_580,2024-09-12,Pro Plan,LinkedIn,79.64,35.22,Completed
ORD_4908,CUST_770,2024-12-05,Business Plan,Partnership,735.96,316.21,Completed
ORD_4909,CUST_329,2024-06-16,Basic Plan,Google Search,949.58,378.74,Completed
ORD_4910,CUST_1012,2025-03-11,Basic Plan,Instagram,1028.18,312.46,Completed
ORD_4911,CUST_394,2024-02-04,Basic Plan,LinkedIn,490.46,177.81,Completed
ORD_4912,CUST_229,2025-03-11,Basic Plan,LinkedIn,895.85,157.97,Completed
ORD_4913,CUST_713,2025-05-12,Business Plan,Instagram,244.73,106.57,Completed
ORD_4914,CUST_1331,2024-12-28,Basic Plan,Google Search,1151.32,349.91,Completed
ORD_4915,CUST_707,2024-01-22,Premium Support,LinkedIn,91.04,39.01,Cancelled
ORD_4916,CUST_649,2025-01-20,Business Plan,Partnership,615.71,163.19,Completed
ORD_4917,CUST_129,2024-01-26,Pro Plan,Google Search,536.48,135.32,Completed
ORD_4918,CUST_1306,2024-04-21,Pro Plan,Google Search,417.54,149.17,Completed
ORD_4919,CUST_90,2024-09-29,Basic Plan,Google Search,1046.72,393.17,Refunded
ORD_4920,CUST_1464,2025-04-01,Pro Plan,Instagram,40.37,15.3,Completed
ORD_4921,CUST_195,2024-08-05,Basic Plan,Google Search,992.45,400.77,Completed
ORD_4922,CUST_1119,2025-02-23,Business Plan,LinkedIn,601.61,192.5,Completed
ORD_4923,CUST_334,2024-09-21,Business Plan,LinkedIn,862.94,329.35,Completed
ORD_4924,CUST_775,2024-04-28,Basic Plan,Referral,1149.78,233.24,Completed
ORD_4925,CUST_240,2025-04-28,Pro Plan,Referral,724.28,259.75,Completed
ORD_4926,CUST_487,2024-03-28,Pro Plan,Partnership,496.91,135.61,Completed
ORD_4927,CUST_751,2024-06-29,Basic Plan,Referral,207.4,53.6,Completed
ORD_4928,CUST_913,2024-12-21,Basic Plan,Google Search,751.56,137.67,Refunded
ORD_4929,CUST_426,2025-06-12,Basic Plan,Google Search,810.21,299.0,Completed
ORD_4930,CUST_1120,2024-10-21,Basic Plan,LinkedIn,1088.13,217.93,Completed
ORD_4931,CUST_661,2024-10-22,Onboarding,Google Search,474.31,91.21,Completed
ORD_4932,CUST_1278,2025-06-28,Business Plan,Google Search,761.04,210.04,Completed
ORD_4933,CUST_1062,2025-03-10,Pro Plan,LinkedIn,80.82,13.5,Completed
ORD_4934,CUST_1345,2024-03-02,Basic Plan,Google Search,566.81,114.83,Completed
ORD_4935,CUST_670,2024-06-10,Basic Plan,Instagram,858.06,212.82,Completed
ORD_4936,CUST_767,2024-09-07,Basic Plan,Google Search,235.81,94.23,Completed
ORD_4937,CUST_13,2025-05-17,Basic Plan,Instagram,1121.42,402.68,Refunded
ORD_4938,CUST_270,2024-05-30,Enterprise Plan,LinkedIn,457.42,190.4,Completed
ORD_4939,CUST_856,2025-04-01,Onboarding,Instagram,354.76,113.41,Completed
ORD_4940,CUST_187,2025-06-16,Premium Support,LinkedIn,522.12,91.13,Completed
ORD_4941,CUST_415,2024-08-02,Basic Plan,LinkedIn,965.54,427.15,Completed
ORD_4942,CUST_127,2025-04-17,Business Plan,LinkedIn,858.04,229.5,Completed
ORD_4943,CUST_1397,2024-12-08,Pro Plan,LinkedIn,904.31,343.84,Completed
ORD_4944,CUST_1382,2024-12-31,Basic Plan,Google Search,1001.5,190.6,Completed
ORD_4945,CUST_1215,2024-03-14,Basic Plan,LinkedIn,75.38,16.81,Completed
ORD_4946,CUST_99,2024-04-17,Pro Plan,Google Search,870.47,203.13,Completed
ORD_4947,CUST_182,2025-05-26,Business Plan,Instagram,46.77,9.63,Refunded
ORD_4948,CUST_1206,2024-09-18,Onboarding,LinkedIn,415.72,148.3,Completed
ORD_4949,CUST_1042,2024-08-31,Pro Plan,LinkedIn,1107.45,434.05,Completed
ORD_4950,CUST_645,2024-10-21,Business Plan,TikTok,465.99,180.44,Completed
ORD_4951,CUST_798,2025-03-21,Pro Plan,LinkedIn,947.69,147.02,Refunded
ORD_4952,CUST_207,2025-06-24,Pro Plan,Partnership,540.02,216.71,Completed
ORD_4953,CUST_205,2024-10-21,Pro Plan,Google Search,865.14,289.93,Completed
ORD_4954,CUST_486,2024-12-07,Business Plan,LinkedIn,25.08,4.68,Cancelled
ORD_4955,CUST_415,2024-09-11,Pro Plan,LinkedIn,655.71,183.46,Completed
ORD_4956,CUST_1183,2025-03-11,Basic Plan,LinkedIn,393.0,158.49,Refunded
ORD_4957,CUST_162,2024-07-17,Basic Plan,Partnership,1130.6,475.52,Completed
ORD_4958,CUST_1375,2025-06-30,Premium Support,Google Search,255.18,63.5,Refunded
ORD_4959,CUST_1491,2025-02-08,Pro Plan,Partnership,237.4,82.6,Completed
ORD_4960,CUST_1179,2025-06-27,Basic Plan,Partnership,1092.76,216.1,Completed
ORD_4961,CUST_423,2024-09-05,Pro Plan,Partnership,344.92,114.9,Completed
ORD_4962,CUST_1353,2024-03-29,Basic Plan,Partnership,389.06,63.06,Refunded
ORD_4963,CUST_49,2024-04-26,Enterprise Plan,LinkedIn,114.72,31.46,Completed
ORD_4964,CUST_526,2025-04-28,Business Plan,Instagram,633.71,183.37,Completed
ORD_4965,CUST_420,2024-07-04,Pro Plan,LinkedIn,1006.72,255.41,Completed
ORD_4966,CUST_1456,2024-03-29,Pro Plan,Google Search,901.54,165.79,Completed
ORD_4967,CUST_912,2024-09-02,Pro Plan,Instagram,308.9,67.0,Completed
ORD_4968,CUST_630,2024-10-01,Basic Plan,LinkedIn,61.68,11.13,Refunded
ORD_4969,CUST_995,2025-04-22,Enterprise Plan,Partnership,163.4,48.77,Completed
ORD_4970,CUST_310,2024-04-11,Add-on,Instagram,351.07,72.53,Completed
ORD_4971,CUST_1302,2024-05-01,Pro Plan,Google Search,612.6,239.04,Completed
ORD_4972,CUST_1123,2024-08-13,Pro Plan,Instagram,1048.07,308.33,Completed
ORD_4973,CUST_1412,2024-06-30,Basic Plan,Google Search,493.82,106.47,Completed
ORD_4974,CUST_1447,2024-11-22,Pro Plan,LinkedIn,769.96,243.24,Refunded
ORD_4975,CUST_877,2024-06-05,Pro Plan,LinkedIn,1054.35,363.22,Completed
ORD_4976,CUST_2,2024-11-19,Business Plan,Google Search,553.04,144.89,Completed
ORD_4977,CUST_570,2025-06-01,Add-on,LinkedIn,739.23,221.29,Completed
ORD_4978,CUST_1441,2025-03-23,Basic Plan,Instagram,235.83,70.73,Refunded
ORD_4979,CUST_896,2024-02-18,Basic Plan,Partnership,1029.21,263.61,Completed
ORD_4980,CUST_534,2024-11-16,Add-on,LinkedIn,305.53,58.51,Completed
ORD_4981,CUST_1284,2025-01-02,Basic Plan,LinkedIn,566.48,171.57,Refunded
ORD_4982,CUST_806,2024-12-24,Pro Plan,LinkedIn,730.33,315.05,Completed
ORD_4983,CUST_853,2025-06-29,Basic Plan,TikTok,1115.38,330.14,Completed
ORD_4984,CUST_487,2025-03-31,Basic Plan,Partnership,604.04,97.03,Completed
ORD_4985,CUST_342,2025-06-05,Pro Plan,Google Search,276.46,102.78,Completed
ORD_4986,CUST_1495,2024-03-07,Basic Plan,Google Search,753.29,233.69,Completed
ORD_4987,CUST_1302,2025-03-26,Basic Plan,Google Search,1036.22,419.51,Completed
ORD_4988,CUST_677,2025-06-30,Enterprise Plan,Referral,507.98,125.03,Completed
ORD_4989,CUST_475,2024-07-04,Basic Plan,Partnership,1132.86,430.01,Completed
ORD_4990,CUST_1401,2024-02-29,Basic Plan,LinkedIn,61.41,22.55,Cancelled
ORD_4991,CUST_191,2025-05-05,Pro Plan,Google Search,445.63,142.94,Cancelled
ORD_4992,CUST_1443,2024-11-27,Pro Plan,Google Search,135.76,24.42,Completed
ORD_4993,CUST_1482,2024-06-27,Pro Plan,Partnership,810.52,204.31,Completed
ORD_4994,CUST_538,2024-02-03,Basic Plan,Partnership,326.54,68.55,Completed
ORD_4995,CUST_1160,2025-05-25,Business Plan,LinkedIn,482.42,88.45,Completed
ORD_4996,CUST_10,2024-07-22,Business Plan,Google Search,1137.46,204.0,Refunded
ORD_4997,CUST_208,2025-04-17,Onboarding,Google Search,1117.75,438.34,Completed
ORD_4998,CUST_919,2024-10-25,Basic Plan,TikTok,1099.9,274.51,Completed
ORD_4999,CUST_370,2025-02-19,Basic Plan,LinkedIn,489.39,189.45,Completed
ORD_5000,CUST_531,2025-04-15,Basic Plan,Instagram,104.08,36.39,Completed
ORD_5001,CUST_783,2024-05-07,Basic Plan,LinkedIn,725.24,325.63,Completed
ORD_5002,CUST_736,2025-04-17,Basic Plan,LinkedIn,631.01,151.33,Completed
ORD_5003,CUST_28,2025-02-28,Basic Plan,LinkedIn,331.43,52.6,Completed
ORD_5004,CUST_695,2025-04-21,Pro Plan,LinkedIn,1040.19,194.02,Refunded
ORD_5005,CUST_908,2025-05-16,Basic Plan,LinkedIn,525.25,165.39,Completed
ORD_5006,CUST_546,2025-05-12,Enterprise Plan,LinkedIn,1076.17,307.9,Completed
ORD_5007,CUST_588,2024-05-13,Basic Plan,TikTok,1139.37,189.86,Cancelled
ORD_5008,CUST_1474,2024-11-18,Business Plan,Google Search,755.66,144.95,Completed
ORD_5009,CUST_1022,2024-11-01,Onboarding,Google Search,929.83,164.17,Completed
ORD_5010,CUST_290,2024-10-08,Basic Plan,LinkedIn,957.19,401.82,Completed
ORD_5011,CUST_358,2025-01-27,Onboarding,Instagram,364.37,154.31,Completed
ORD_5012,CUST_1189,2024-08-04,Basic Plan,Instagram,713.21,226.15,Cancelled
ORD_5013,CUST_675,2025-02-04,Pro Plan,LinkedIn,824.73,131.74,Completed
ORD_5014,CUST_1297,2025-04-25,Basic Plan,Google Search,328.89,92.6,Completed
ORD_5015,CUST_1463,2025-02-08,Basic Plan,Instagram,984.68,343.3,Completed
ORD_5016,CUST_1410,2025-03-07,Business Plan,LinkedIn,892.24,199.97,Completed
ORD_5017,CUST_172,2025-03-22,Pro Plan,Instagram,849.57,370.95,Completed
ORD_5018,CUST_785,2025-02-21,Basic Plan,LinkedIn,748.05,230.89,Refunded
ORD_5019,CUST_1431,2024-02-03,Basic Plan,Instagram,177.65,28.91,Completed
ORD_5020,CUST_926,2024-09-27,Enterprise Plan,LinkedIn,531.82,102.78,Completed
ORD_5021,CUST_1206,2024-07-25,Pro Plan,LinkedIn,1120.61,375.89,Completed
ORD_5022,CUST_1194,2024-12-27,Basic Plan,Google Search,689.49,139.73,Completed
ORD_5023,CUST_1301,2024-04-21,Basic Plan,LinkedIn,520.54,82.62,Completed
ORD_5024,CUST_1038,2024-06-26,Enterprise Plan,Google Search,515.57,120.72,Completed
ORD_5025,CUST_842,2025-05-12,Pro Plan,Partnership,558.33,216.69,Completed
ORD_5026,CUST_923,2024-12-25,Basic Plan,LinkedIn,196.05,63.99,Completed
ORD_5027,CUST_1500,2024-09-14,Onboarding,Google Search,907.56,242.09,Completed
ORD_5028,CUST_88,2025-04-05,Pro Plan,LinkedIn,565.78,96.76,Completed
ORD_5029,CUST_736,2025-01-29,Basic Plan,LinkedIn,1025.13,341.64,Completed
ORD_5030,CUST_1257,2025-03-07,Pro Plan,LinkedIn,465.27,71.59,Completed
ORD_5031,CUST_913,2024-11-14,Basic Plan,Google Search,1097.28,464.39,Completed
ORD_5032,CUST_1393,2025-05-15,Onboarding,Event Walk-in,1038.22,304.4,Completed
ORD_5033,CUST_829,2024-09-18,Business Plan,LinkedIn,127.57,54.67,Completed
ORD_5034,CUST_1374,2024-10-07,Pro Plan,TikTok,967.47,194.71,Completed
ORD_5035,CUST_268,2024-01-08,Basic Plan,LinkedIn,596.03,211.55,Completed
ORD_5036,CUST_1440,2025-02-13,Basic Plan,Google Search,269.64,109.93,Completed
ORD_5037,CUST_779,2025-06-25,Basic Plan,Instagram,313.48,82.48,Completed
ORD_5038,CUST_932,2024-02-07,Basic Plan,TikTok,936.8,158.83,Completed
ORD_5039,CUST_196,2024-12-28,Basic Plan,Google Search,482.94,152.18,Cancelled
ORD_5040,CUST_278,2024-03-27,Pro Plan,Partnership,318.8,54.9,Completed
ORD_5041,CUST_1306,2024-02-02,Basic Plan,Google Search,282.17,118.71,Completed
ORD_5042,CUST_266,2025-03-03,Business Plan,Google Search,1040.58,451.31,Cancelled
ORD_5043,CUST_1461,2024-10-06,Business Plan,Google Search,1013.79,293.0,Completed
ORD_5044,CUST_1221,2024-07-09,Business Plan,LinkedIn,153.02,25.22,Completed
ORD_5045,CUST_918,2025-05-17,Onboarding,LinkedIn,851.49,211.13,Completed
ORD_5046,CUST_571,2024-07-11,Pro Plan,Partnership,291.37,105.55,Completed
ORD_5047,CUST_706,2024-05-16,Business Plan,LinkedIn,655.31,245.19,Completed
ORD_5048,CUST_1493,2024-09-10,Onboarding,Google Search,235.2,62.64,Completed
ORD_5049,CUST_56,2025-02-07,Basic Plan,LinkedIn,293.65,116.22,Completed
ORD_5050,CUST_697,2024-08-14,Business Plan,TikTok,849.31,251.55,Completed
ORD_5051,CUST_1204,2025-05-23,Onboarding,LinkedIn,62.02,26.3,Completed
ORD_5052,CUST_882,2024-04-14,Enterprise Plan,Google Search,1056.3,321.74,Completed
ORD_5053,CUST_658,2024-01-22,Enterprise Plan,LinkedIn,1108.24,253.87,Completed
ORD_5054,CUST_748,2024-05-14,Basic Plan,Google Search,593.9,263.87,Completed
ORD_5055,CUST_547,2025-06-25,Basic Plan,Instagram,1103.15,434.44,Completed
ORD_5056,CUST_1316,2024-12-30,Basic Plan,TikTok,454.24,146.77,Completed
ORD_5057,CUST_288,2025-02-10,Pro Plan,Google Search,489.42,90.69,Refunded
ORD_5058,CUST_1382,2024-03-02,Premium Support,Google Search,1166.64,315.09,Completed
ORD_5059,CUST_13,2025-04-19,Basic Plan,Instagram,207.36,73.78,Completed
ORD_5060,CUST_775,2025-03-29,Onboarding,Referral,955.26,389.67,Completed
ORD_5061,CUST_1112,2025-01-15,Business Plan,Partnership,67.26,29.47,Completed
ORD_5062,CUST_994,2025-03-29,Business Plan,Event Walk-in,1159.57,246.76,Completed
ORD_5063,CUST_472,2024-09-03,Pro Plan,Instagram,381.05,85.66,Completed
ORD_5064,CUST_1219,2024-05-15,Basic Plan,LinkedIn,896.57,140.11,Completed
ORD_5065,CUST_129,2024-05-25,Basic Plan,Google Search,1094.39,184.66,Refunded
ORD_5066,CUST_327,2024-10-14,Basic Plan,LinkedIn,847.62,294.84,Completed
ORD_5067,CUST_261,2024-09-20,Add-on,Google Search,221.79,42.06,Completed
ORD_5068,CUST_609,2025-05-06,Pro Plan,LinkedIn,112.48,38.73,Completed
ORD_5069,CUST_508,2024-01-08,Pro Plan,Google Search,205.8,88.33,Completed
ORD_5070,CUST_1274,2024-12-16,Pro Plan,Google Search,948.61,361.73,Completed
ORD_5071,CUST_638,2025-02-19,Business Plan,LinkedIn,289.65,96.56,Completed
ORD_5072,CUST_1284,2024-03-09,Basic Plan,LinkedIn,948.85,323.44,Refunded
ORD_5073,CUST_519,2025-02-06,Pro Plan,Google Search,615.22,212.96,Completed
ORD_5074,CUST_475,2024-04-11,Business Plan,Partnership,990.74,390.55,Completed
ORD_5075,CUST_991,2025-01-18,Basic Plan,Partnership,467.52,84.11,Completed
ORD_5076,CUST_688,2024-11-09,Basic Plan,Google Search,35.65,11.08,Refunded
ORD_5077,CUST_350,2025-02-11,Add-on,Google Search,158.91,64.19,Completed
ORD_5078,CUST_1433,2024-01-18,Basic Plan,Google Search,315.74,105.84,Completed
ORD_5079,CUST_779,2024-02-07,Basic Plan,Instagram,355.68,59.48,Completed
ORD_5080,CUST_809,2024-03-03,Basic Plan,LinkedIn,1157.77,193.88,Refunded
ORD_5081,CUST_1396,2024-09-30,Pro Plan,Google Search,208.05,60.68,Completed
ORD_5082,CUST_848,2024-06-13,Pro Plan,Google Search,866.12,362.68,Completed
ORD_5083,CUST_823,2025-04-07,Pro Plan,Google Search,593.23,201.56,Cancelled
ORD_5084,CUST_1295,2024-05-02,Basic Plan,LinkedIn,160.78,55.08,Completed
ORD_5085,CUST_800,2025-05-28,Pro Plan,Partnership,180.72,67.73,Refunded
ORD_5086,CUST_1031,2025-05-29,Business Plan,Google Search,289.81,111.72,Completed
ORD_5087,CUST_415,2024-06-04,Basic Plan,LinkedIn,285.51,80.43,Completed
ORD_5088,CUST_264,2025-05-10,Onboarding,LinkedIn,180.0,59.88,Completed
ORD_5089,CUST_1364,2024-02-11,Onboarding,Partnership,479.58,114.21,Completed
ORD_5090,CUST_63,2024-11-21,Pro Plan,Google Search,1195.11,401.91,Completed
ORD_5091,CUST_168,2024-02-09,Pro Plan,Instagram,223.48,48.51,Refunded
ORD_5092,CUST_1261,2024-08-14,Pro Plan,Instagram,992.09,346.11,Completed
ORD_5093,CUST_742,2025-03-07,Basic Plan,LinkedIn,636.21,250.39,Completed
ORD_5094,CUST_918,2025-04-19,Onboarding,LinkedIn,1092.43,275.68,Completed
ORD_5095,CUST_1396,2025-04-30,Basic Plan,Google Search,955.17,151.61,Completed
ORD_5096,CUST_101,2024-03-21,Pro Plan,LinkedIn,151.97,53.14,Completed
ORD_5097,CUST_831,2025-05-15,Add-on,Instagram,1187.66,447.69,Completed
ORD_5098,CUST_12,2025-06-23,Add-on,LinkedIn,85.18,28.48,Refunded
ORD_5099,CUST_176,2025-04-16,Business Plan,Partnership,653.89,243.17,Completed
ORD_5100,CUST_133,2024-03-03,Business Plan,LinkedIn,273.8,119.1,Completed
ORD_5101,CUST_700,2025-02-25,Basic Plan,Google Search,921.95,238.04,Completed
ORD_5102,CUST_397,2024-07-07,Business Plan,LinkedIn,966.59,240.39,Completed
ORD_5103,CUST_674,2025-03-30,Pro Plan,Instagram,431.66,65.36,Completed
ORD_5104,CUST_1410,2024-02-21,Basic Plan,LinkedIn,474.75,111.69,Completed
ORD_5105,CUST_1205,2025-04-24,Business Plan,LinkedIn,569.54,142.62,Completed
ORD_5106,CUST_19,2024-11-22,Basic Plan,Partnership,317.96,60.18,Completed
ORD_5107,CUST_681,2024-10-14,Pro Plan,Partnership,824.36,197.03,Completed
ORD_5108,CUST_1421,2024-09-17,Basic Plan,LinkedIn,394.22,170.26,Completed
ORD_5109,CUST_109,2025-03-09,Pro Plan,LinkedIn,134.41,31.38,Completed
ORD_5110,CUST_887,2024-01-17,Pro Plan,Google Search,357.04,87.06,Completed
ORD_5111,CUST_843,2024-04-24,Basic Plan,Instagram,696.5,208.26,Refunded
ORD_5112,CUST_1476,2025-05-04,Add-on,Partnership,233.09,100.71,Completed
ORD_5113,CUST_1117,2025-01-09,Pro Plan,LinkedIn,779.64,349.56,Completed
ORD_5114,CUST_1044,2024-04-20,Enterprise Plan,Partnership,347.37,139.36,Completed
ORD_5115,CUST_1279,2025-03-20,Onboarding,LinkedIn,436.03,111.36,Completed
ORD_5116,CUST_1125,2024-12-08,Add-on,LinkedIn,588.53,146.68,Completed
ORD_5117,CUST_1310,2025-03-04,Business Plan,Google Search,676.13,118.11,Completed
ORD_5118,CUST_886,2025-03-08,Basic Plan,Instagram,388.91,142.7,Completed
ORD_5119,CUST_1102,2025-03-09,Business Plan,Google Search,1129.31,327.85,Completed
ORD_5120,CUST_378,2024-12-19,Add-on,LinkedIn,551.81,206.75,Completed
ORD_5121,CUST_1271,2024-08-08,Pro Plan,TikTok,599.69,161.49,Completed
ORD_5122,CUST_278,2024-08-20,Business Plan,Partnership,573.22,149.17,Completed
ORD_5123,CUST_578,2025-06-11,Pro Plan,TikTok,222.23,75.11,Completed
ORD_5124,CUST_225,2024-09-28,Basic Plan,LinkedIn,126.15,25.53,Refunded
ORD_5125,CUST_711,2025-03-05,Pro Plan,TikTok,711.7,122.45,Completed
ORD_5126,CUST_607,2025-06-17,Pro Plan,Google Search,854.62,188.1,Completed
ORD_5127,CUST_1001,2024-06-25,Basic Plan,Partnership,322.93,64.09,Completed
ORD_5128,CUST_871,2024-01-22,Business Plan,Partnership,825.71,197.31,Refunded
ORD_5129,CUST_317,2025-06-30,Basic Plan,Google Search,484.51,200.52,Completed
ORD_5130,CUST_1405,2025-01-26,Pro Plan,Partnership,586.73,197.77,Completed
ORD_5131,CUST_120,2024-03-31,Basic Plan,TikTok,502.22,196.34,Completed
ORD_5132,CUST_860,2024-11-08,Basic Plan,Partnership,1013.82,431.98,Completed
ORD_5133,CUST_1343,2024-10-31,Basic Plan,Google Search,927.99,194.85,Completed
ORD_5134,CUST_417,2024-03-27,Basic Plan,Partnership,676.18,227.39,Completed
ORD_5135,CUST_1283,2025-06-20,Onboarding,LinkedIn,828.25,237.8,Completed
ORD_5136,CUST_933,2025-03-22,Enterprise Plan,Google Search,482.29,170.54,Cancelled
ORD_5137,CUST_560,2024-07-16,Onboarding,Partnership,232.83,65.66,Completed
ORD_5138,CUST_1037,2024-06-14,Pro Plan,Google Search,364.74,92.63,Completed
ORD_5139,CUST_1033,2025-02-16,Add-on,LinkedIn,677.37,241.53,Completed
ORD_5140,CUST_25,2024-11-27,Add-on,Google Search,102.04,30.45,Completed
ORD_5141,CUST_1023,2024-06-25,Basic Plan,LinkedIn,521.58,225.51,Completed
ORD_5142,CUST_191,2024-09-21,Pro Plan,Google Search,1070.19,206.74,Completed
ORD_5143,CUST_1164,2024-11-02,Basic Plan,LinkedIn,478.5,137.61,Completed
ORD_5144,CUST_374,2024-05-26,Pro Plan,Google Search,861.14,286.7,Completed
ORD_5145,CUST_734,2024-02-06,Basic Plan,Google Search,1083.75,271.81,Cancelled
ORD_5146,CUST_726,2024-05-09,Enterprise Plan,Google Search,1168.38,217.94,Completed
ORD_5147,CUST_1341,2025-03-17,Basic Plan,Instagram,56.22,22.82,Completed
ORD_5148,CUST_299,2024-05-08,Basic Plan,LinkedIn,949.83,156.55,Completed
ORD_5149,CUST_1392,2024-04-29,Onboarding,Google Search,775.97,118.29,Cancelled
ORD_5150,CUST_1056,2024-02-22,Business Plan,Google Search,668.57,294.07,Completed
ORD_5151,CUST_1111,2024-08-07,Basic Plan,Referral,1104.51,173.77,Completed
ORD_5152,CUST_636,2024-12-16,Basic Plan,LinkedIn,33.92,12.53,Completed
ORD_5153,CUST_761,2025-01-20,Pro Plan,TikTok,361.12,101.55,Cancelled
ORD_5154,CUST_1109,2025-04-18,Basic Plan,Instagram,322.79,89.72,Completed
ORD_5155,CUST_404,2024-11-01,Pro Plan,Instagram,748.85,188.76,Completed
ORD_5156,CUST_933,2024-08-07,Basic Plan,Google Search,185.8,38.31,Completed
ORD_5157,CUST_720,2024-01-02,Business Plan,Google Search,1078.12,175.31,Completed
ORD_5158,CUST_944,2024-03-20,Business Plan,Partnership,522.25,107.81,Completed
ORD_5159,CUST_555,2024-06-04,Basic Plan,Google Search,138.71,55.78,Completed
ORD_5160,CUST_356,2024-06-07,Basic Plan,Google Search,407.19,120.77,Completed
ORD_5161,CUST_171,2024-10-24,Pro Plan,Instagram,403.03,97.82,Completed
ORD_5162,CUST_853,2024-05-14,Pro Plan,TikTok,619.19,272.86,Completed
ORD_5163,CUST_1297,2024-05-17,Pro Plan,Google Search,587.34,125.02,Cancelled
ORD_5164,CUST_1061,2025-05-18,Basic Plan,Instagram,161.97,68.0,Completed
ORD_5165,CUST_1290,2024-11-11,Basic Plan,Instagram,588.05,211.89,Completed
ORD_5166,CUST_215,2024-02-12,Enterprise Plan,Partnership,965.27,282.53,Completed
ORD_5167,CUST_843,2024-09-09,Add-on,Instagram,839.14,219.45,Completed
ORD_5168,CUST_287,2024-01-09,Basic Plan,LinkedIn,1096.81,404.5,Completed
ORD_5169,CUST_133,2024-05-31,Business Plan,LinkedIn,513.45,125.39,Completed
ORD_5170,CUST_111,2025-02-07,Onboarding,Google Search,954.73,382.95,Completed
ORD_5171,CUST_359,2025-02-11,Pro Plan,LinkedIn,504.62,142.67,Completed
ORD_5172,CUST_703,2024-05-15,Business Plan,Partnership,497.08,113.87,Completed
ORD_5173,CUST_593,2024-08-06,Business Plan,TikTok,234.46,97.82,Cancelled
ORD_5174,CUST_1380,2025-06-11,Onboarding,LinkedIn,1089.21,302.66,Completed
ORD_5175,CUST_841,2024-12-12,Pro Plan,TikTok,282.1,57.85,Completed
ORD_5176,CUST_255,2024-04-28,Business Plan,Google Search,354.58,134.09,Completed
ORD_5177,CUST_456,2024-03-22,Pro Plan,TikTok,244.38,74.24,Completed
ORD_5178,CUST_463,2024-03-31,Basic Plan,Google Search,558.67,146.62,Refunded
ORD_5179,CUST_929,2024-11-28,Add-on,Google Search,974.79,244.98,Completed
ORD_5180,CUST_759,2024-12-28,Business Plan,LinkedIn,715.8,250.33,Completed
ORD_5181,CUST_215,2024-10-14,Business Plan,Partnership,70.47,27.67,Completed
ORD_5182,CUST_541,2025-05-08,Business Plan,Google Search,107.57,42.47,Refunded
ORD_5183,CUST_1196,2024-10-22,Basic Plan,Partnership,786.6,348.83,Completed
ORD_5184,CUST_1208,2025-05-29,Business Plan,LinkedIn,321.25,123.55,Refunded
ORD_5185,CUST_523,2024-03-22,Basic Plan,LinkedIn,741.78,230.62,Completed
ORD_5186,CUST_523,2024-10-21,Business Plan,LinkedIn,504.06,156.9,Refunded
ORD_5187,CUST_409,2024-04-17,Business Plan,Instagram,1186.74,393.67,Completed
ORD_5188,CUST_987,2024-10-02,Enterprise Plan,LinkedIn,442.5,110.44,Completed
ORD_5189,CUST_109,2024-04-30,Pro Plan,LinkedIn,865.04,219.35,Completed
ORD_5190,CUST_652,2024-11-05,Basic Plan,LinkedIn,840.24,376.56,Completed
ORD_5191,CUST_260,2024-03-15,Business Plan,LinkedIn,262.27,92.95,Completed
ORD_5192,CUST_781,2025-03-10,Premium Support,Google Search,929.45,312.53,Cancelled
ORD_5193,CUST_405,2024-10-27,Basic Plan,Google Search,681.49,163.49,Completed
ORD_5194,CUST_954,2025-03-16,Basic Plan,Instagram,1079.71,346.18,Cancelled
ORD_5195,CUST_779,2024-12-26,Pro Plan,Instagram,871.32,154.25,Refunded
ORD_5196,CUST_375,2025-06-04,Add-on,Partnership,943.55,390.48,Completed
ORD_5197,CUST_1438,2025-06-27,Add-on,LinkedIn,152.71,35.68,Completed
ORD_5198,CUST_164,2025-04-01,Business Plan,LinkedIn,980.71,416.01,Completed
ORD_5199,CUST_1422,2024-04-20,Basic Plan,TikTok,1063.23,476.42,Completed
ORD_5200,CUST_758,2024-04-20,Pro Plan,Google Search,765.06,154.34,Completed
ORD_5201,CUST_1088,2025-03-19,Basic Plan,Google Search,336.34,108.41,Completed
ORD_5202,CUST_510,2024-02-12,Business Plan,Partnership,708.61,257.24,Cancelled
ORD_5203,CUST_47,2024-03-31,Add-on,TikTok,199.77,31.88,Completed
ORD_5204,CUST_1322,2024-10-09,Pro Plan,Google Search,609.82,183.98,Completed
ORD_5205,CUST_1226,2025-01-27,Business Plan,Google Search,324.13,72.75,Completed
ORD_5206,CUST_1326,2024-05-07,Business Plan,LinkedIn,921.26,329.4,Completed
ORD_5207,CUST_1154,2024-10-01,Enterprise Plan,Event Walk-in,686.85,234.72,Completed
ORD_5208,CUST_35,2024-09-25,Basic Plan,LinkedIn,85.42,18.68,Completed
ORD_5209,CUST_85,2024-10-13,Business Plan,LinkedIn,265.88,66.83,Completed
ORD_5210,CUST_1405,2024-07-10,Onboarding,Partnership,1098.6,231.41,Completed
ORD_5211,CUST_84,2024-04-08,Business Plan,Partnership,435.31,146.54,Refunded
ORD_5212,CUST_226,2024-07-14,Basic Plan,TikTok,487.75,166.94,Completed
ORD_5213,CUST_314,2024-01-17,Premium Support,Google Search,853.44,225.0,Completed
ORD_5214,CUST_1216,2024-11-26,Basic Plan,LinkedIn,616.54,100.52,Completed
ORD_5215,CUST_211,2024-03-07,Basic Plan,LinkedIn,400.17,90.5,Completed
ORD_5216,CUST_627,2024-12-21,Basic Plan,Instagram,564.75,121.82,Completed
ORD_5217,CUST_1230,2024-07-21,Basic Plan,LinkedIn,130.05,54.98,Completed
ORD_5218,CUST_1468,2024-04-13,Enterprise Plan,Instagram,651.95,281.38,Completed
ORD_5219,CUST_497,2024-03-30,Enterprise Plan,Google Search,362.98,150.23,Completed
ORD_5220,CUST_1127,2024-07-31,Pro Plan,LinkedIn,649.61,249.33,Completed
ORD_5221,CUST_435,2024-06-28,Basic Plan,Google Search,786.37,286.73,Completed
ORD_5222,CUST_1420,2025-02-13,Pro Plan,LinkedIn,770.96,184.1,Refunded
ORD_5223,CUST_1263,2024-05-02,Enterprise Plan,Event Walk-in,784.4,141.41,Completed
ORD_5224,CUST_1252,2024-12-21,Pro Plan,Google Search,1057.56,379.01,Refunded
ORD_5225,CUST_1431,2025-04-08,Business Plan,Instagram,884.14,318.37,Cancelled
ORD_5226,CUST_491,2024-08-28,Business Plan,LinkedIn,595.11,116.1,Completed
ORD_5227,CUST_75,2024-02-21,Enterprise Plan,Partnership,101.36,28.62,Refunded
ORD_5228,CUST_29,2025-01-17,Add-on,LinkedIn,1043.45,301.48,Completed
ORD_5229,CUST_987,2024-09-23,Pro Plan,LinkedIn,329.13,94.31,Completed
ORD_5230,CUST_1281,2024-04-27,Pro Plan,Google Search,129.12,23.64,Cancelled
ORD_5231,CUST_1301,2024-03-11,Business Plan,LinkedIn,943.49,179.32,Completed
ORD_5232,CUST_97,2025-01-09,Enterprise Plan,Google Search,923.29,145.92,Completed
ORD_5233,CUST_458,2025-03-27,Pro Plan,Google Search,790.11,196.02,Completed
ORD_5234,CUST_53,2024-09-18,Pro Plan,LinkedIn,659.43,236.69,Completed
ORD_5235,CUST_19,2024-01-13,Basic Plan,Partnership,31.72,11.89,Completed
ORD_5236,CUST_104,2024-05-17,Business Plan,Referral,468.85,193.25,Completed
ORD_5237,CUST_79,2025-03-25,Pro Plan,LinkedIn,970.39,178.31,Completed
ORD_5238,CUST_787,2025-05-04,Basic Plan,Google Search,486.66,127.79,Completed
ORD_5239,CUST_386,2024-02-06,Pro Plan,LinkedIn,312.03,49.42,Completed
ORD_5240,CUST_1169,2024-05-30,Pro Plan,Partnership,256.45,39.21,Completed
ORD_5241,CUST_591,2024-12-26,Business Plan,Google Search,222.18,47.15,Completed
ORD_5242,CUST_693,2024-02-20,Pro Plan,Partnership,837.86,233.33,Completed
ORD_5243,CUST_149,2024-04-22,Enterprise Plan,Instagram,801.16,174.78,Refunded
ORD_5244,CUST_1246,2024-06-03,Add-on,Google Search,348.23,95.11,Completed
ORD_5245,CUST_51,2024-11-09,Business Plan,Instagram,487.26,76.95,Completed
ORD_5246,CUST_535,2024-10-06,Add-on,Google Search,44.89,14.86,Completed
ORD_5247,CUST_999,2024-10-14,Basic Plan,LinkedIn,771.35,196.39,Completed
ORD_5248,CUST_251,2024-06-13,Pro Plan,LinkedIn,572.38,144.5,Completed
ORD_5249,CUST_737,2024-12-02,Pro Plan,Google Search,748.47,331.28,Completed
ORD_5250,CUST_620,2025-03-03,Pro Plan,LinkedIn,237.0,40.64,Completed
ORD_5251,CUST_827,2024-05-12,Basic Plan,LinkedIn,922.42,325.38,Completed
ORD_5252,CUST_783,2024-12-28,Pro Plan,LinkedIn,172.88,47.09,Refunded
ORD_5253,CUST_444,2024-01-17,Basic Plan,Event Walk-in,221.15,51.59,Cancelled
ORD_5254,CUST_13,2024-12-13,Pro Plan,Instagram,1194.44,305.58,Refunded
ORD_5255,CUST_627,2024-02-21,Basic Plan,Instagram,528.28,206.04,Completed
ORD_5256,CUST_1081,2025-04-06,Business Plan,Google Search,726.55,159.02,Completed
ORD_5257,CUST_378,2024-01-08,Onboarding,LinkedIn,738.86,138.34,Completed
ORD_5258,CUST_253,2025-04-03,Business Plan,Google Search,1164.11,392.84,Completed
ORD_5259,CUST_83,2024-03-11,Business Plan,LinkedIn,674.71,125.27,Cancelled
ORD_5260,CUST_561,2024-06-29,Enterprise Plan,LinkedIn,1167.78,260.66,Completed
ORD_5261,CUST_1222,2024-08-29,Basic Plan,LinkedIn,557.11,181.07,Completed
ORD_5262,CUST_1007,2024-02-02,Basic Plan,Partnership,1016.6,450.06,Completed
ORD_5263,CUST_21,2025-06-06,Pro Plan,Google Search,472.14,124.53,Completed
ORD_5264,CUST_1318,2024-10-24,Pro Plan,Google Search,883.04,163.47,Completed
ORD_5265,CUST_765,2025-03-08,Pro Plan,Google Search,69.65,11.33,Completed
ORD_5266,CUST_401,2024-05-01,Business Plan,Partnership,211.42,75.64,Completed
ORD_5267,CUST_76,2024-01-19,Enterprise Plan,LinkedIn,112.53,34.48,Refunded
ORD_5268,CUST_410,2024-03-08,Basic Plan,Google Search,608.12,96.51,Cancelled
ORD_5269,CUST_1037,2024-04-26,Add-on,Google Search,690.16,211.65,Refunded
ORD_5270,CUST_534,2024-06-27,Pro Plan,LinkedIn,929.63,307.98,Completed
ORD_5271,CUST_434,2024-08-20,Pro Plan,LinkedIn,951.44,191.22,Completed
ORD_5272,CUST_119,2025-05-16,Onboarding,Google Search,922.4,317.4,Completed
ORD_5273,CUST_357,2024-01-19,Business Plan,Google Search,84.07,15.95,Completed
ORD_5274,CUST_436,2024-04-05,Pro Plan,LinkedIn,353.84,116.03,Completed
ORD_5275,CUST_809,2024-06-14,Pro Plan,LinkedIn,996.38,319.2,Refunded
ORD_5276,CUST_1220,2024-05-12,Pro Plan,LinkedIn,634.99,172.15,Completed
ORD_5277,CUST_17,2025-04-18,Business Plan,Google Search,67.73,29.93,Completed
ORD_5278,CUST_372,2025-03-28,Basic Plan,Referral,490.77,179.44,Completed
ORD_5279,CUST_1017,2025-03-03,Basic Plan,Google Search,76.62,23.13,Completed
ORD_5280,CUST_1179,2024-07-16,Enterprise Plan,Partnership,550.01,130.19,Completed
ORD_5281,CUST_708,2024-10-31,Pro Plan,Instagram,745.35,145.51,Cancelled
ORD_5282,CUST_127,2025-05-10,Premium Support,LinkedIn,342.72,67.28,Refunded
ORD_5283,CUST_389,2025-03-22,Pro Plan,Google Search,506.32,201.95,Completed
ORD_5284,CUST_1497,2025-06-15,Basic Plan,Partnership,560.02,141.98,Completed
ORD_5285,CUST_52,2024-07-30,Basic Plan,Google Search,402.07,148.89,Refunded
ORD_5286,CUST_1283,2025-01-06,Basic Plan,LinkedIn,954.0,229.58,Completed
ORD_5287,CUST_463,2024-05-17,Basic Plan,Google Search,615.11,267.55,Completed
ORD_5288,CUST_1043,2024-01-17,Pro Plan,Google Search,1106.92,347.94,Completed
ORD_5289,CUST_946,2024-05-24,Pro Plan,Google Search,805.36,125.04,Completed
ORD_5290,CUST_1346,2024-10-05,Basic Plan,LinkedIn,1027.89,377.58,Completed
ORD_5291,CUST_9,2024-04-16,Basic Plan,Google Search,236.75,42.3,Completed
ORD_5292,CUST_689,2024-03-09,Onboarding,Partnership,349.8,97.87,Refunded
ORD_5293,CUST_681,2024-08-27,Basic Plan,Partnership,294.76,73.27,Completed
ORD_5294,CUST_1114,2024-03-13,Basic Plan,Partnership,1043.15,344.75,Completed
ORD_5295,CUST_919,2024-05-01,Basic Plan,TikTok,1162.63,300.33,Cancelled
ORD_5296,CUST_1455,2024-05-04,Basic Plan,LinkedIn,166.26,67.35,Completed
ORD_5297,CUST_31,2024-02-10,Basic Plan,Event Walk-in,809.86,297.28,Completed
ORD_5298,CUST_147,2024-02-28,Basic Plan,LinkedIn,154.26,67.82,Completed
ORD_5299,CUST_217,2025-05-06,Pro Plan,Google Search,751.29,307.09,Completed
ORD_5300,CUST_319,2024-12-02,Basic Plan,LinkedIn,414.55,147.75,Completed
ORD_5301,CUST_1315,2024-01-25,Basic Plan,Google Search,778.6,197.02,Completed
ORD_5302,CUST_1420,2024-04-12,Basic Plan,LinkedIn,753.01,301.85,Refunded
ORD_5303,CUST_1315,2024-04-22,Pro Plan,Google Search,719.31,312.54,Cancelled
ORD_5304,CUST_871,2025-04-26,Pro Plan,Partnership,522.77,90.88,Completed
ORD_5305,CUST_719,2025-06-05,Pro Plan,LinkedIn,393.48,162.69,Completed
ORD_5306,CUST_978,2025-01-13,Enterprise Plan,Google Search,1057.9,257.82,Completed
ORD_5307,CUST_83,2025-06-03,Basic Plan,LinkedIn,912.31,329.48,Completed
ORD_5308,CUST_1331,2025-05-27,Pro Plan,Google Search,382.13,121.51,Completed
ORD_5309,CUST_1157,2024-05-16,Pro Plan,LinkedIn,299.93,104.52,Refunded
ORD_5310,CUST_459,2025-03-12,Enterprise Plan,Google Search,785.95,146.75,Completed
ORD_5311,CUST_786,2025-06-27,Pro Plan,LinkedIn,1126.0,375.82,Completed
ORD_5312,CUST_410,2025-02-06,Premium Support,Google Search,937.07,276.0,Completed
ORD_5313,CUST_1339,2024-03-12,Premium Support,LinkedIn,134.11,46.94,Refunded
ORD_5314,CUST_460,2024-01-30,Business Plan,LinkedIn,56.53,22.65,Completed
ORD_5315,CUST_229,2024-05-08,Add-on,LinkedIn,120.27,52.57,Completed
ORD_5316,CUST_1413,2024-12-20,Basic Plan,Google Search,1162.86,248.46,Refunded
ORD_5317,CUST_337,2024-03-07,Premium Support,TikTok,89.51,26.24,Completed
ORD_5318,CUST_1307,2025-06-11,Enterprise Plan,Referral,897.85,161.43,Completed
ORD_5319,CUST_328,2024-07-23,Basic Plan,Google Search,1136.01,277.48,Completed
ORD_5320,CUST_618,2024-09-08,Enterprise Plan,Google Search,324.16,93.27,Cancelled
ORD_5321,CUST_275,2024-07-11,Pro Plan,Google Search,1063.98,185.86,Completed
ORD_5322,CUST_73,2024-07-11,Basic Plan,Google Search,382.77,155.92,Completed
ORD_5323,CUST_1404,2024-03-14,Basic Plan,Google Search,522.97,108.24,Completed
ORD_5324,CUST_636,2024-10-22,Pro Plan,LinkedIn,56.47,8.56,Completed
ORD_5325,CUST_227,2024-05-01,Basic Plan,Google Search,256.86,82.68,Completed
ORD_5326,CUST_1115,2024-11-10,Onboarding,LinkedIn,968.65,431.75,Completed
ORD_5327,CUST_1172,2024-08-01,Pro Plan,LinkedIn,810.57,215.9,Completed
ORD_5328,CUST_668,2025-02-28,Basic Plan,LinkedIn,190.6,48.43,Completed
ORD_5329,CUST_1285,2024-05-11,Pro Plan,Instagram,192.8,46.79,Refunded
ORD_5330,CUST_477,2024-02-18,Enterprise Plan,Partnership,685.12,133.01,Refunded
ORD_5331,CUST_1215,2024-01-14,Basic Plan,LinkedIn,1123.02,232.73,Completed
ORD_5332,CUST_1253,2025-04-26,Basic Plan,Partnership,337.25,120.19,Refunded
ORD_5333,CUST_1492,2024-04-26,Pro Plan,Partnership,80.82,28.55,Completed
ORD_5334,CUST_653,2024-01-19,Pro Plan,Instagram,944.1,419.05,Completed
ORD_5335,CUST_600,2024-05-11,Pro Plan,LinkedIn,1019.52,327.08,Refunded
ORD_5336,CUST_1485,2024-03-23,Basic Plan,LinkedIn,972.93,242.62,Completed
ORD_5337,CUST_824,2024-02-10,Basic Plan,Instagram,678.24,268.98,Completed
ORD_5338,CUST_63,2024-04-15,Pro Plan,Google Search,662.16,106.15,Completed
ORD_5339,CUST_1187,2024-02-07,Basic Plan,LinkedIn,278.54,87.82,Completed
ORD_5340,CUST_1229,2024-02-01,Onboarding,Instagram,1190.63,345.32,Completed
ORD_5341,CUST_1425,2024-11-05,Pro Plan,LinkedIn,477.01,201.39,Completed
ORD_5342,CUST_1163,2025-06-23,Business Plan,Google Search,572.04,223.98,Completed
ORD_5343,CUST_1248,2024-07-04,Pro Plan,LinkedIn,664.25,288.89,Completed
ORD_5344,CUST_56,2024-10-20,Onboarding,LinkedIn,729.57,202.38,Completed
ORD_5345,CUST_341,2024-01-22,Basic Plan,Partnership,85.27,37.51,Completed
ORD_5346,CUST_1189,2024-08-31,Basic Plan,Instagram,457.12,146.66,Completed
ORD_5347,CUST_1167,2025-02-28,Business Plan,LinkedIn,1057.65,181.45,Completed
ORD_5348,CUST_804,2024-06-10,Business Plan,LinkedIn,150.66,49.87,Completed
ORD_5349,CUST_1385,2025-06-01,Pro Plan,Google Search,204.0,59.48,Completed
ORD_5350,CUST_74,2024-12-21,Premium Support,Instagram,253.23,81.01,Completed
ORD_5351,CUST_660,2024-11-30,Premium Support,LinkedIn,295.42,107.63,Completed
ORD_5352,CUST_767,2024-04-19,Basic Plan,Google Search,768.69,152.5,Completed
ORD_5353,CUST_340,2024-04-11,Premium Support,Partnership,998.01,245.21,Completed
ORD_5354,CUST_883,2024-01-26,Basic Plan,Google Search,496.03,195.74,Completed
ORD_5355,CUST_1245,2024-09-21,Add-on,Google Search,935.6,314.03,Completed
ORD_5356,CUST_586,2024-07-09,Business Plan,Google Search,892.5,371.31,Completed
ORD_5357,CUST_358,2024-09-11,Basic Plan,Instagram,1167.33,322.39,Completed
ORD_5358,CUST_309,2025-03-26,Basic Plan,LinkedIn,1128.82,388.06,Completed
ORD_5359,CUST_478,2024-09-26,Pro Plan,LinkedIn,989.11,365.49,Completed
ORD_5360,CUST_389,2024-06-30,Basic Plan,Google Search,811.92,179.89,Completed
ORD_5361,CUST_1487,2025-01-08,Premium Support,Google Search,419.61,127.76,Completed
ORD_5362,CUST_1318,2025-05-17,Enterprise Plan,Google Search,551.44,233.42,Completed
ORD_5363,CUST_308,2024-07-21,Business Plan,Google Search,147.92,49.9,Completed
ORD_5364,CUST_731,2024-09-16,Basic Plan,Partnership,780.52,303.31,Completed
ORD_5365,CUST_295,2024-03-12,Basic Plan,Google Search,557.84,231.12,Completed
ORD_5366,CUST_721,2024-06-10,Pro Plan,Partnership,820.02,188.6,Completed
ORD_5367,CUST_711,2025-05-04,Business Plan,TikTok,785.27,129.76,Completed
ORD_5368,CUST_1290,2024-09-24,Pro Plan,Instagram,253.19,99.91,Completed
ORD_5369,CUST_809,2024-02-28,Business Plan,LinkedIn,307.39,97.98,Refunded
ORD_5370,CUST_801,2024-11-03,Onboarding,LinkedIn,113.29,21.46,Completed
ORD_5371,CUST_803,2025-02-14,Pro Plan,Google Search,842.8,214.69,Completed
ORD_5372,CUST_786,2025-06-25,Pro Plan,LinkedIn,284.31,53.53,Completed
ORD_5373,CUST_690,2024-06-04,Pro Plan,Google Search,97.72,30.54,Refunded
ORD_5374,CUST_171,2024-05-09,Basic Plan,Instagram,907.02,147.79,Completed
ORD_5375,CUST_1123,2024-06-02,Basic Plan,Instagram,497.71,213.71,Completed
ORD_5376,CUST_1271,2024-05-25,Add-on,TikTok,1181.57,310.3,Completed
ORD_5377,CUST_290,2024-04-26,Onboarding,LinkedIn,686.15,181.57,Completed
ORD_5378,CUST_520,2025-05-31,Enterprise Plan,Google Search,727.82,190.66,Completed
ORD_5379,CUST_1095,2024-11-26,Pro Plan,Google Search,68.55,23.78,Completed
ORD_5380,CUST_791,2024-09-07,Basic Plan,Event Walk-in,659.83,133.92,Completed
ORD_5381,CUST_841,2024-02-03,Pro Plan,TikTok,649.01,122.17,Completed
ORD_5382,CUST_64,2025-02-05,Basic Plan,Partnership,980.94,370.71,Completed
ORD_5383,CUST_1094,2025-06-15,Basic Plan,LinkedIn,1120.18,386.52,Refunded
ORD_5384,CUST_886,2024-04-07,Basic Plan,Instagram,848.42,234.4,Completed
ORD_5385,CUST_1414,2024-10-06,Pro Plan,Partnership,116.22,35.96,Completed
ORD_5386,CUST_1076,2025-05-02,Basic Plan,Google Search,451.51,119.0,Completed
ORD_5387,CUST_56,2024-06-29,Onboarding,LinkedIn,246.32,88.53,Completed
ORD_5388,CUST_1228,2024-08-09,Business Plan,Google Search,418.91,170.19,Completed
ORD_5389,CUST_944,2025-03-29,Business Plan,Partnership,804.92,220.68,Completed
ORD_5390,CUST_973,2024-08-14,Enterprise Plan,LinkedIn,560.33,215.06,Cancelled
ORD_5391,CUST_395,2024-12-15,Onboarding,LinkedIn,747.28,272.1,Completed
ORD_5392,CUST_58,2024-04-06,Enterprise Plan,Instagram,804.65,192.43,Completed
ORD_5393,CUST_1245,2024-03-05,Basic Plan,Google Search,312.41,47.71,Cancelled
ORD_5394,CUST_784,2024-04-14,Basic Plan,Partnership,308.01,122.99,Completed
ORD_5395,CUST_1007,2025-05-26,Onboarding,Partnership,58.98,25.11,Completed
ORD_5396,CUST_1264,2025-05-01,Basic Plan,Partnership,104.41,22.34,Completed
ORD_5397,CUST_1449,2024-11-27,Basic Plan,TikTok,360.23,121.39,Completed
ORD_5398,CUST_384,2025-02-07,Business Plan,Partnership,745.87,122.54,Completed
ORD_5399,CUST_1341,2024-03-28,Basic Plan,Instagram,594.99,266.52,Completed
ORD_5400,CUST_344,2024-12-04,Business Plan,Google Search,380.57,67.34,Completed
ORD_5401,CUST_1439,2024-08-27,Business Plan,LinkedIn,489.79,146.64,Completed
ORD_5402,CUST_1155,2025-01-27,Basic Plan,LinkedIn,40.47,9.11,Completed
ORD_5403,CUST_1440,2024-03-07,Enterprise Plan,Google Search,313.74,94.44,Completed
ORD_5404,CUST_1286,2024-05-27,Basic Plan,Referral,785.5,118.72,Completed
ORD_5405,CUST_621,2025-03-31,Basic Plan,Instagram,623.4,271.85,Completed
ORD_5406,CUST_630,2024-08-02,Business Plan,LinkedIn,359.48,150.84,Completed
ORD_5407,CUST_406,2025-03-18,Basic Plan,Google Search,1159.9,329.44,Refunded
ORD_5408,CUST_660,2025-04-16,Pro Plan,LinkedIn,650.47,205.33,Refunded
ORD_5409,CUST_1175,2025-06-27,Basic Plan,Google Search,92.79,18.17,Completed
ORD_5410,CUST_471,2024-08-08,Business Plan,LinkedIn,296.29,105.03,Completed
ORD_5411,CUST_1425,2024-03-15,Add-on,LinkedIn,228.9,43.89,Completed
ORD_5412,CUST_1072,2025-05-20,Pro Plan,LinkedIn,491.9,193.78,Completed
ORD_5413,CUST_1080,2024-09-14,Pro Plan,Partnership,584.66,92.17,Completed
ORD_5414,CUST_722,2025-06-11,Basic Plan,Partnership,1049.67,326.05,Completed
ORD_5415,CUST_214,2024-05-03,Pro Plan,LinkedIn,343.78,120.99,Completed
ORD_5416,CUST_951,2024-01-14,Pro Plan,LinkedIn,822.69,263.26,Completed
ORD_5417,CUST_241,2024-06-20,Pro Plan,Google Search,68.21,20.84,Refunded
ORD_5418,CUST_879,2024-04-18,Enterprise Plan,Partnership,1170.07,449.37,Refunded
ORD_5419,CUST_949,2024-07-18,Pro Plan,LinkedIn,638.57,276.73,Completed
ORD_5420,CUST_966,2025-04-17,Basic Plan,LinkedIn,471.77,201.23,Completed
ORD_5421,CUST_1152,2024-07-17,Business Plan,Referral,122.21,46.39,Completed
ORD_5422,CUST_1481,2024-12-15,Basic Plan,LinkedIn,258.84,103.67,Completed
ORD_5423,CUST_1284,2025-01-05,Premium Support,LinkedIn,355.71,140.5,Completed
ORD_5424,CUST_910,2024-12-02,Business Plan,LinkedIn,1131.83,346.16,Completed
ORD_5425,CUST_913,2024-10-14,Enterprise Plan,Google Search,787.28,232.84,Completed
ORD_5426,CUST_878,2024-07-02,Basic Plan,Google Search,1042.93,275.15,Completed
ORD_5427,CUST_1142,2024-05-11,Premium Support,LinkedIn,284.76,116.61,Completed
ORD_5428,CUST_819,2024-08-05,Basic Plan,Partnership,899.16,225.95,Completed
ORD_5429,CUST_343,2025-05-24,Pro Plan,Partnership,495.05,201.02,Completed
ORD_5430,CUST_1193,2024-05-13,Basic Plan,Google Search,214.96,58.12,Completed
ORD_5431,CUST_865,2024-05-02,Basic Plan,LinkedIn,432.62,185.67,Completed
ORD_5432,CUST_225,2024-04-01,Pro Plan,LinkedIn,694.36,183.07,Refunded
ORD_5433,CUST_1093,2024-06-17,Basic Plan,Google Search,443.32,73.6,Cancelled
ORD_5434,CUST_372,2025-03-05,Enterprise Plan,Referral,1122.65,235.14,Completed
ORD_5435,CUST_1177,2024-04-14,Basic Plan,Instagram,310.04,54.68,Completed
ORD_5436,CUST_721,2024-02-17,Basic Plan,Partnership,520.1,188.06,Completed
ORD_5437,CUST_415,2024-01-03,Pro Plan,LinkedIn,997.68,184.03,Completed
ORD_5438,CUST_451,2025-06-05,Basic Plan,Instagram,1193.14,328.19,Completed
ORD_5439,CUST_1084,2024-09-08,Basic Plan,Google Search,402.01,107.95,Completed
ORD_5440,CUST_725,2024-04-14,Business Plan,Google Search,400.25,90.9,Completed
ORD_5441,CUST_984,2025-01-14,Basic Plan,Google Search,1011.77,204.4,Completed
ORD_5442,CUST_693,2024-12-22,Enterprise Plan,Partnership,598.75,259.59,Completed
ORD_5443,CUST_556,2024-04-28,Basic Plan,LinkedIn,1120.96,284.37,Completed
ORD_5444,CUST_971,2024-08-27,Basic Plan,Google Search,871.68,351.23,Refunded
ORD_5445,CUST_556,2024-02-01,Enterprise Plan,LinkedIn,892.94,218.06,Completed
ORD_5446,CUST_1374,2024-10-06,Enterprise Plan,TikTok,845.12,309.46,Completed
ORD_5447,CUST_899,2024-11-05,Pro Plan,LinkedIn,1188.62,520.44,Completed
ORD_5448,CUST_1154,2024-05-14,Basic Plan,Event Walk-in,1101.98,201.99,Completed
ORD_5449,CUST_148,2024-01-15,Basic Plan,LinkedIn,576.54,244.96,Completed
ORD_5450,CUST_196,2024-09-15,Onboarding,Google Search,622.29,151.57,Completed
ORD_5451,CUST_709,2024-06-27,Basic Plan,Google Search,137.66,35.69,Refunded
ORD_5452,CUST_527,2025-03-22,Basic Plan,Google Search,372.98,124.79,Completed
ORD_5453,CUST_922,2024-09-23,Basic Plan,Partnership,929.77,171.67,Completed
ORD_5454,CUST_182,2024-10-17,Basic Plan,Instagram,569.15,176.32,Completed
ORD_5455,CUST_815,2025-04-25,Pro Plan,Google Search,911.17,355.86,Completed
ORD_5456,CUST_139,2024-11-27,Pro Plan,Google Search,113.73,18.53,Refunded
ORD_5457,CUST_894,2025-04-03,Premium Support,Google Search,332.87,145.04,Completed
ORD_5458,CUST_499,2024-04-29,Pro Plan,Google Search,887.53,241.85,Completed
ORD_5459,CUST_262,2024-02-10,Enterprise Plan,Instagram,127.63,50.48,Completed
ORD_5460,CUST_811,2025-03-05,Enterprise Plan,Google Search,854.04,290.71,Completed
ORD_5461,CUST_741,2025-05-17,Basic Plan,Google Search,1035.38,242.09,Completed
ORD_5462,CUST_954,2024-11-14,Pro Plan,Instagram,1005.45,338.01,Refunded
ORD_5463,CUST_776,2025-02-11,Business Plan,LinkedIn,1033.47,290.04,Completed
ORD_5464,CUST_25,2024-09-09,Pro Plan,Google Search,440.47,107.06,Completed
ORD_5465,CUST_522,2024-10-12,Add-on,TikTok,264.39,74.58,Completed
ORD_5466,CUST_617,2024-11-10,Business Plan,Google Search,491.15,173.16,Completed
ORD_5467,CUST_1325,2024-03-25,Basic Plan,Google Search,933.88,372.85,Completed
ORD_5468,CUST_1182,2025-06-06,Pro Plan,Google Search,145.01,58.09,Refunded
ORD_5469,CUST_431,2024-01-16,Enterprise Plan,Google Search,452.7,181.4,Completed
ORD_5470,CUST_1493,2025-06-11,Pro Plan,Google Search,629.25,179.37,Refunded
ORD_5471,CUST_1212,2024-10-28,Business Plan,Partnership,814.96,148.22,Completed
ORD_5472,CUST_1235,2024-07-31,Pro Plan,Instagram,56.33,19.69,Cancelled
ORD_5473,CUST_821,2024-05-02,Business Plan,TikTok,706.71,272.02,Refunded
ORD_5474,CUST_345,2025-02-01,Premium Support,LinkedIn,249.37,107.73,Completed
ORD_5475,CUST_1384,2024-10-22,Basic Plan,Instagram,493.35,113.16,Completed
ORD_5476,CUST_293,2025-03-29,Business Plan,Google Search,897.49,348.37,Completed
ORD_5477,CUST_1250,2024-08-06,Basic Plan,Partnership,192.8,83.83,Completed
ORD_5478,CUST_1056,2024-04-07,Business Plan,Google Search,588.93,234.06,Completed
ORD_5479,CUST_128,2025-04-29,Business Plan,LinkedIn,265.64,63.49,Completed
ORD_5480,CUST_1343,2024-12-11,Pro Plan,Google Search,589.95,255.96,Completed
ORD_5481,CUST_1479,2024-09-20,Basic Plan,Partnership,994.55,222.64,Completed
ORD_5482,CUST_790,2024-04-28,Pro Plan,LinkedIn,314.24,93.17,Completed
ORD_5483,CUST_479,2025-05-25,Basic Plan,LinkedIn,890.56,358.35,Completed
ORD_5484,CUST_51,2024-04-21,Basic Plan,Instagram,37.87,10.43,Completed
ORD_5485,CUST_180,2025-02-15,Basic Plan,Partnership,460.17,133.29,Completed
ORD_5486,CUST_1183,2024-10-20,Basic Plan,LinkedIn,659.21,165.97,Completed
ORD_5487,CUST_1157,2024-05-06,Business Plan,LinkedIn,1047.6,191.14,Completed
ORD_5488,CUST_582,2024-06-07,Basic Plan,LinkedIn,339.72,105.06,Completed
ORD_5489,CUST_949,2025-01-25,Enterprise Plan,LinkedIn,993.8,170.8,Completed
ORD_5490,CUST_459,2024-08-20,Pro Plan,Google Search,872.83,244.66,Refunded
ORD_5491,CUST_6,2024-11-17,Business Plan,Google Search,359.49,127.58,Completed
ORD_5492,CUST_501,2024-03-21,Pro Plan,LinkedIn,1192.13,327.9,Completed
ORD_5493,CUST_322,2025-03-21,Basic Plan,Google Search,165.69,35.13,Completed
ORD_5494,CUST_683,2024-01-09,Add-on,Partnership,991.73,299.0,Completed
ORD_5495,CUST_1259,2025-04-25,Basic Plan,LinkedIn,311.64,101.23,Completed
ORD_5496,CUST_341,2024-10-16,Pro Plan,Partnership,780.46,254.0,Completed
ORD_5497,CUST_928,2024-04-19,Business Plan,LinkedIn,243.95,77.22,Completed
ORD_5498,CUST_137,2025-05-13,Basic Plan,LinkedIn,216.76,56.75,Completed
ORD_5499,CUST_1070,2024-11-09,Basic Plan,Instagram,1062.62,324.95,Completed
ORD_5500,CUST_1036,2024-09-24,Pro Plan,TikTok,1011.7,404.65,Completed
ORD_5501,CUST_412,2025-05-08,Business Plan,Instagram,346.3,127.05,Completed
ORD_5502,CUST_889,2025-02-18,Basic Plan,LinkedIn,654.61,237.82,Completed
ORD_5503,CUST_1032,2024-08-24,Basic Plan,Instagram,175.65,58.17,Completed
ORD_5504,CUST_982,2024-10-12,Basic Plan,Google Search,780.16,196.11,Refunded
ORD_5505,CUST_1475,2024-08-30,Business Plan,Partnership,1192.7,420.72,Completed
ORD_5506,CUST_790,2024-02-09,Pro Plan,LinkedIn,636.02,257.94,Completed
ORD_5507,CUST_88,2025-05-21,Basic Plan,LinkedIn,218.04,45.09,Refunded
ORD_5508,CUST_1395,2025-06-02,Business Plan,LinkedIn,62.68,12.87,Completed
ORD_5509,CUST_951,2025-04-12,Onboarding,LinkedIn,145.81,55.37,Refunded
ORD_5510,CUST_263,2025-02-28,Pro Plan,LinkedIn,1095.59,430.5,Completed
ORD_5511,CUST_649,2025-01-01,Business Plan,Partnership,975.28,345.6,Completed
ORD_5512,CUST_374,2024-06-22,Pro Plan,Google Search,1062.45,369.57,Completed
ORD_5513,CUST_515,2024-06-13,Pro Plan,LinkedIn,690.82,213.31,Refunded
ORD_5514,CUST_138,2025-04-23,Basic Plan,LinkedIn,878.53,350.42,Completed
ORD_5515,CUST_1437,2024-02-16,Basic Plan,LinkedIn,560.59,251.44,Completed
ORD_5516,CUST_1095,2024-06-06,Enterprise Plan,Google Search,1029.17,254.4,Refunded
ORD_5517,CUST_413,2024-07-20,Enterprise Plan,LinkedIn,714.85,120.35,Completed
ORD_5518,CUST_1186,2024-08-11,Onboarding,TikTok,253.76,113.51,Completed
ORD_5519,CUST_5,2025-04-20,Pro Plan,LinkedIn,292.71,128.24,Completed
ORD_5520,CUST_1230,2024-11-02,Pro Plan,LinkedIn,354.65,87.33,Completed
ORD_5521,CUST_1265,2024-10-23,Basic Plan,TikTok,506.37,146.62,Completed
ORD_5522,CUST_442,2025-06-02,Pro Plan,Referral,1033.18,416.43,Completed
ORD_5523,CUST_288,2024-05-16,Pro Plan,Google Search,1080.79,375.46,Completed
ORD_5524,CUST_705,2024-01-29,Onboarding,LinkedIn,215.15,56.1,Completed
ORD_5525,CUST_801,2025-03-23,Basic Plan,LinkedIn,252.79,55.68,Completed
ORD_5526,CUST_321,2024-06-15,Basic Plan,LinkedIn,51.51,22.33,Completed
ORD_5527,CUST_846,2024-01-18,Enterprise Plan,LinkedIn,1032.03,389.14,Completed
ORD_5528,CUST_747,2024-06-01,Basic Plan,Referral,833.24,193.56,Completed
ORD_5529,CUST_168,2024-10-28,Pro Plan,Instagram,195.3,87.55,Completed
ORD_5530,CUST_221,2024-07-26,Basic Plan,Instagram,908.46,297.0,Completed
ORD_5531,CUST_1493,2024-02-10,Pro Plan,Google Search,733.79,255.91,Completed
ORD_5532,CUST_590,2025-03-02,Onboarding,LinkedIn,962.3,153.53,Completed
ORD_5533,CUST_26,2024-03-25,Enterprise Plan,Google Search,852.34,133.78,Completed
ORD_5534,CUST_1406,2024-01-25,Pro Plan,Google Search,897.46,374.78,Completed
ORD_5535,CUST_891,2025-04-22,Pro Plan,TikTok,958.72,303.43,Completed
ORD_5536,CUST_47,2024-01-11,Business Plan,TikTok,1037.21,310.23,Completed
ORD_5537,CUST_266,2024-05-02,Basic Plan,Google Search,305.79,93.91,Completed
ORD_5538,CUST_660,2025-06-03,Pro Plan,LinkedIn,408.78,99.07,Completed
ORD_5539,CUST_904,2025-02-18,Basic Plan,LinkedIn,289.23,122.51,Completed
ORD_5540,CUST_194,2024-05-08,Basic Plan,LinkedIn,143.74,48.1,Completed
ORD_5541,CUST_610,2024-10-28,Business Plan,LinkedIn,592.32,221.7,Refunded
ORD_5542,CUST_69,2024-01-22,Basic Plan,Partnership,372.13,102.2,Completed
ORD_5543,CUST_588,2024-02-03,Enterprise Plan,TikTok,403.28,136.48,Completed
ORD_5544,CUST_355,2025-06-08,Business Plan,LinkedIn,519.31,108.83,Completed
ORD_5545,CUST_1377,2025-04-10,Basic Plan,Instagram,566.54,216.49,Completed
ORD_5546,CUST_80,2025-04-02,Pro Plan,Referral,44.69,16.52,Cancelled
ORD_5547,CUST_1340,2024-06-09,Premium Support,Partnership,793.39,131.14,Completed
ORD_5548,CUST_344,2024-07-09,Pro Plan,Google Search,384.19,85.85,Refunded
ORD_5549,CUST_960,2025-04-26,Add-on,Partnership,930.89,199.77,Completed
ORD_5550,CUST_993,2024-12-24,Business Plan,LinkedIn,355.76,114.56,Refunded
ORD_5551,CUST_898,2025-04-27,Pro Plan,LinkedIn,517.14,218.7,Completed
ORD_5552,CUST_614,2025-05-15,Pro Plan,Referral,593.4,262.18,Completed
ORD_5553,CUST_951,2024-05-17,Premium Support,LinkedIn,199.49,67.09,Completed
ORD_5554,CUST_607,2024-06-19,Enterprise Plan,Google Search,193.76,32.29,Completed
ORD_5555,CUST_961,2024-07-09,Basic Plan,LinkedIn,357.41,57.63,Completed
ORD_5556,CUST_834,2024-06-07,Basic Plan,LinkedIn,552.53,106.24,Completed
ORD_5557,CUST_358,2024-11-05,Pro Plan,Instagram,29.9,12.92,Completed
ORD_5558,CUST_801,2024-01-04,Enterprise Plan,LinkedIn,327.41,54.26,Completed
ORD_5559,CUST_542,2024-07-19,Pro Plan,Google Search,838.44,374.11,Completed
ORD_5560,CUST_448,2024-09-15,Business Plan,LinkedIn,524.85,146.38,Completed
ORD_5561,CUST_186,2024-03-01,Pro Plan,LinkedIn,322.34,124.91,Refunded
ORD_5562,CUST_878,2024-04-13,Business Plan,Google Search,1012.33,247.17,Completed
ORD_5563,CUST_1077,2025-06-10,Enterprise Plan,TikTok,64.23,17.41,Completed
ORD_5564,CUST_538,2024-10-05,Pro Plan,Partnership,1146.99,181.53,Completed
ORD_5565,CUST_217,2024-11-30,Basic Plan,Google Search,317.08,73.0,Completed
ORD_5566,CUST_764,2024-07-29,Basic Plan,Google Search,1142.08,405.97,Completed
ORD_5567,CUST_879,2024-11-22,Pro Plan,Partnership,357.21,104.49,Completed
ORD_5568,CUST_345,2025-05-06,Enterprise Plan,LinkedIn,595.0,154.38,Completed
ORD_5569,CUST_1433,2024-09-06,Pro Plan,Google Search,149.33,42.84,Completed
ORD_5570,CUST_582,2024-09-05,Pro Plan,LinkedIn,1197.79,451.16,Completed
ORD_5571,CUST_578,2025-06-24,Add-on,TikTok,1073.43,388.66,Completed
ORD_5572,CUST_1092,2025-04-27,Business Plan,LinkedIn,792.2,211.96,Completed
ORD_5573,CUST_505,2024-10-23,Basic Plan,LinkedIn,1114.55,413.39,Completed
ORD_5574,CUST_1495,2024-10-09,Pro Plan,Google Search,920.66,355.92,Completed
ORD_5575,CUST_752,2024-05-14,Basic Plan,LinkedIn,1140.5,298.91,Refunded
ORD_5576,CUST_233,2024-10-19,Basic Plan,LinkedIn,367.17,58.86,Completed
ORD_5577,CUST_356,2024-01-18,Pro Plan,Google Search,51.66,15.12,Completed
ORD_5578,CUST_706,2024-02-24,Pro Plan,LinkedIn,1066.2,249.32,Completed
ORD_5579,CUST_639,2024-05-07,Pro Plan,LinkedIn,436.43,122.32,Completed
ORD_5580,CUST_329,2024-10-31,Enterprise Plan,Google Search,201.19,34.45,Cancelled
ORD_5581,CUST_807,2024-08-11,Pro Plan,Google Search,1067.8,416.36,Refunded
ORD_5582,CUST_1186,2024-01-27,Add-on,TikTok,240.46,106.12,Completed
ORD_5583,CUST_634,2024-03-15,Basic Plan,LinkedIn,400.82,68.68,Completed
ORD_5584,CUST_722,2024-03-12,Pro Plan,Partnership,684.45,166.54,Completed
ORD_5585,CUST_528,2024-01-29,Pro Plan,LinkedIn,800.39,175.73,Completed
ORD_5586,CUST_10,2024-01-13,Onboarding,Google Search,317.16,72.08,Completed
ORD_5587,CUST_698,2025-05-12,Enterprise Plan,Google Search,1071.72,404.12,Completed
ORD_5588,CUST_116,2025-06-12,Pro Plan,Google Search,954.95,164.54,Completed
ORD_5589,CUST_718,2024-02-21,Basic Plan,Referral,559.73,116.75,Completed
ORD_5590,CUST_1288,2024-02-12,Pro Plan,Partnership,465.9,164.47,Completed
ORD_5591,CUST_976,2024-09-04,Business Plan,Partnership,93.03,27.78,Completed
ORD_5592,CUST_699,2024-11-11,Pro Plan,Instagram,1168.45,298.35,Completed
ORD_5593,CUST_1376,2024-02-16,Enterprise Plan,LinkedIn,520.59,149.81,Completed
ORD_5594,CUST_638,2025-01-28,Basic Plan,LinkedIn,197.69,38.11,Completed
ORD_5595,CUST_462,2024-07-29,Add-on,LinkedIn,207.96,91.39,Refunded
ORD_5596,CUST_475,2024-05-22,Basic Plan,Partnership,1006.39,272.16,Refunded
ORD_5597,CUST_593,2024-01-03,Business Plan,TikTok,111.6,43.73,Completed
ORD_5598,CUST_27,2024-06-04,Basic Plan,Google Search,990.25,367.32,Completed
ORD_5599,CUST_1378,2024-06-24,Pro Plan,Partnership,717.53,255.75,Cancelled
ORD_5600,CUST_651,2025-02-21,Premium Support,LinkedIn,185.54,50.18,Completed
ORD_5601,CUST_1439,2025-05-24,Pro Plan,LinkedIn,693.47,209.62,Completed
ORD_5602,CUST_1204,2024-10-31,Basic Plan,LinkedIn,815.1,366.6,Cancelled
ORD_5603,CUST_1351,2025-06-11,Basic Plan,LinkedIn,157.31,55.56,Completed
ORD_5604,CUST_794,2024-05-01,Basic Plan,Partnership,861.9,311.17,Completed
ORD_5605,CUST_1334,2024-01-24,Basic Plan,TikTok,411.37,97.25,Completed
ORD_5606,CUST_563,2024-09-26,Basic Plan,LinkedIn,527.81,89.49,Completed
ORD_5607,CUST_72,2024-04-13,Basic Plan,Google Search,263.39,56.75,Completed
ORD_5608,CUST_749,2024-03-13,Basic Plan,Referral,470.51,135.03,Completed
ORD_5609,CUST_545,2025-06-15,Pro Plan,Google Search,390.97,72.87,Completed
ORD_5610,CUST_1208,2024-01-11,Basic Plan,LinkedIn,980.15,201.21,Completed
ORD_5611,CUST_180,2024-08-26,Business Plan,Partnership,398.14,118.36,Completed
ORD_5612,CUST_1193,2025-03-17,Add-on,Google Search,50.21,17.59,Completed
ORD_5613,CUST_1209,2025-04-09,Pro Plan,LinkedIn,402.2,161.09,Refunded
ORD_5614,CUST_1341,2025-04-21,Basic Plan,Instagram,729.61,169.54,Refunded
ORD_5615,CUST_104,2024-05-02,Basic Plan,Referral,493.48,164.15,Refunded
ORD_5616,CUST_876,2024-04-04,Business Plan,Google Search,795.68,322.67,Completed
ORD_5617,CUST_444,2024-02-15,Business Plan,Event Walk-in,225.72,98.49,Completed
ORD_5618,CUST_91,2024-06-17,Basic Plan,LinkedIn,1031.26,186.85,Refunded
ORD_5619,CUST_1062,2024-01-31,Business Plan,LinkedIn,315.6,78.15,Completed
ORD_5620,CUST_1330,2024-09-21,Basic Plan,Instagram,1049.59,222.38,Completed
ORD_5621,CUST_1384,2024-03-16,Add-on,Instagram,325.06,98.2,Completed
ORD_5622,CUST_847,2025-03-16,Basic Plan,TikTok,894.27,247.27,Completed
ORD_5623,CUST_271,2024-05-01,Basic Plan,Google Search,729.75,266.82,Completed
ORD_5624,CUST_932,2025-05-30,Basic Plan,TikTok,1059.68,339.44,Completed
ORD_5625,CUST_303,2025-03-21,Onboarding,LinkedIn,672.51,220.37,Completed
ORD_5626,CUST_1281,2025-03-25,Basic Plan,Google Search,282.22,114.5,Completed
ORD_5627,CUST_1274,2024-05-30,Enterprise Plan,Google Search,128.68,46.24,Completed
ORD_5628,CUST_260,2024-04-30,Business Plan,LinkedIn,831.39,151.15,Completed
ORD_5629,CUST_781,2024-07-11,Onboarding,Google Search,346.55,100.89,Refunded
ORD_5630,CUST_599,2025-01-17,Business Plan,Google Search,85.39,28.08,Completed
ORD_5631,CUST_1338,2024-08-19,Basic Plan,LinkedIn,391.46,61.88,Completed
ORD_5632,CUST_572,2024-05-22,Basic Plan,Instagram,1028.31,402.91,Cancelled
ORD_5633,CUST_231,2024-09-04,Onboarding,LinkedIn,1023.4,434.85,Completed
ORD_5634,CUST_47,2024-08-18,Pro Plan,TikTok,551.44,101.38,Completed
ORD_5635,CUST_1298,2024-09-01,Business Plan,LinkedIn,831.86,345.11,Completed
ORD_5636,CUST_14,2025-03-13,Pro Plan,Event Walk-in,201.94,57.77,Completed
ORD_5637,CUST_340,2024-06-08,Business Plan,Partnership,349.91,89.52,Completed
ORD_5638,CUST_1281,2025-02-20,Basic Plan,Google Search,145.4,40.86,Completed
ORD_5639,CUST_211,2024-12-17,Business Plan,LinkedIn,195.38,80.58,Completed
ORD_5640,CUST_566,2025-03-12,Basic Plan,Google Search,1193.37,414.61,Completed
ORD_5641,CUST_928,2025-05-27,Enterprise Plan,LinkedIn,660.37,120.29,Completed
ORD_5642,CUST_151,2024-01-20,Enterprise Plan,LinkedIn,116.12,43.29,Completed
ORD_5643,CUST_964,2024-08-01,Basic Plan,Google Search,1091.72,353.51,Refunded
ORD_5644,CUST_890,2024-11-22,Basic Plan,Partnership,334.22,59.38,Completed
ORD_5645,CUST_340,2024-09-15,Basic Plan,Partnership,499.72,171.38,Completed
ORD_5646,CUST_613,2025-03-13,Onboarding,LinkedIn,483.59,215.16,Completed
ORD_5647,CUST_1005,2025-05-22,Business Plan,Instagram,35.2,9.93,Completed
ORD_5648,CUST_1062,2024-01-14,Basic Plan,LinkedIn,124.6,27.21,Completed
ORD_5649,CUST_343,2024-04-21,Onboarding,Partnership,823.84,313.83,Cancelled
ORD_5650,CUST_1195,2024-09-19,Pro Plan,Instagram,916.85,368.66,Completed
ORD_5651,CUST_1236,2024-04-11,Pro Plan,Google Search,1178.23,497.37,Completed
ORD_5652,CUST_260,2024-01-03,Pro Plan,LinkedIn,542.3,215.51,Completed
ORD_5653,CUST_46,2025-03-08,Premium Support,Instagram,1026.47,216.36,Completed
ORD_5654,CUST_1354,2024-12-21,Pro Plan,Partnership,302.06,114.3,Completed
ORD_5655,CUST_979,2024-11-24,Pro Plan,LinkedIn,267.67,84.02,Completed
ORD_5656,CUST_488,2025-02-09,Basic Plan,Partnership,1034.21,371.16,Completed
ORD_5657,CUST_642,2024-01-28,Enterprise Plan,Google Search,36.0,11.14,Completed
ORD_5658,CUST_75,2024-01-07,Pro Plan,Partnership,168.29,62.54,Cancelled
ORD_5659,CUST_1116,2025-02-22,Add-on,LinkedIn,488.64,162.36,Completed
ORD_5660,CUST_190,2025-06-26,Add-on,LinkedIn,836.72,348.96,Completed
ORD_5661,CUST_1186,2024-03-28,Enterprise Plan,TikTok,933.97,211.56,Completed
ORD_5662,CUST_110,2025-04-05,Basic Plan,LinkedIn,822.19,361.09,Refunded
ORD_5663,CUST_1109,2024-05-17,Basic Plan,Instagram,344.99,114.56,Completed
ORD_5664,CUST_784,2025-03-27,Enterprise Plan,Partnership,379.5,151.89,Refunded
ORD_5665,CUST_1362,2025-06-09,Enterprise Plan,Referral,900.43,283.26,Completed
ORD_5666,CUST_875,2024-05-02,Business Plan,Referral,223.67,81.66,Completed
ORD_5667,CUST_220,2025-03-05,Business Plan,Google Search,908.61,248.09,Completed
ORD_5668,CUST_325,2024-07-10,Business Plan,LinkedIn,542.22,94.75,Completed
ORD_5669,CUST_522,2024-07-31,Business Plan,TikTok,778.26,119.68,Completed
ORD_5670,CUST_906,2024-06-05,Enterprise Plan,Referral,810.83,220.69,Completed
ORD_5671,CUST_939,2025-01-27,Business Plan,Google Search,578.66,239.91,Completed
ORD_5672,CUST_1429,2024-04-27,Pro Plan,LinkedIn,530.08,183.4,Completed
ORD_5673,CUST_1160,2024-10-11,Pro Plan,LinkedIn,1001.53,326.61,Cancelled
ORD_5674,CUST_1088,2025-06-02,Basic Plan,Google Search,474.22,98.89,Completed
ORD_5675,CUST_1146,2024-08-19,Business Plan,Google Search,843.18,332.11,Completed
ORD_5676,CUST_745,2024-08-09,Business Plan,Google Search,1033.09,308.11,Completed
ORD_5677,CUST_1379,2025-01-09,Basic Plan,Referral,1103.24,445.6,Completed
ORD_5678,CUST_978,2024-02-08,Pro Plan,Google Search,456.56,126.94,Completed
ORD_5679,CUST_401,2024-09-30,Pro Plan,Partnership,209.45,67.56,Completed
ORD_5680,CUST_254,2024-03-27,Basic Plan,Partnership,740.32,199.56,Completed
ORD_5681,CUST_801,2024-01-21,Onboarding,LinkedIn,52.88,18.51,Completed
ORD_5682,CUST_47,2025-05-09,Business Plan,TikTok,445.18,122.04,Completed
ORD_5683,CUST_195,2025-03-24,Pro Plan,Google Search,74.57,26.42,Completed
ORD_5684,CUST_146,2024-01-17,Basic Plan,LinkedIn,762.21,166.78,Completed
ORD_5685,CUST_421,2024-01-01,Business Plan,LinkedIn,537.53,109.73,Completed
ORD_5686,CUST_1458,2024-11-06,Basic Plan,Google Search,1026.62,403.22,Completed
ORD_5687,CUST_1295,2024-02-11,Pro Plan,LinkedIn,868.09,273.65,Completed
ORD_5688,CUST_1068,2025-03-30,Basic Plan,Partnership,808.68,232.07,Completed
ORD_5689,CUST_9,2024-03-19,Basic Plan,Google Search,847.25,302.09,Completed
ORD_5690,CUST_504,2024-02-06,Basic Plan,LinkedIn,118.78,52.51,Completed
ORD_5691,CUST_1235,2024-09-28,Business Plan,Instagram,516.97,187.36,Completed
ORD_5692,CUST_610,2025-01-01,Business Plan,LinkedIn,505.7,168.68,Completed
ORD_5693,CUST_751,2025-04-01,Basic Plan,Referral,876.65,188.57,Completed
ORD_5694,CUST_397,2024-10-04,Basic Plan,LinkedIn,915.02,225.26,Completed
ORD_5695,CUST_953,2024-04-08,Pro Plan,LinkedIn,247.4,93.88,Completed
ORD_5696,CUST_1262,2024-07-26,Business Plan,LinkedIn,585.1,253.8,Completed
ORD_5697,CUST_926,2024-07-25,Basic Plan,LinkedIn,122.58,54.28,Cancelled
ORD_5698,CUST_33,2024-12-07,Pro Plan,Referral,1188.55,457.18,Completed
ORD_5699,CUST_857,2025-06-14,Enterprise Plan,LinkedIn,758.96,260.03,Completed
ORD_5700,CUST_547,2024-01-11,Pro Plan,Instagram,987.22,198.54,Completed
ORD_5701,CUST_50,2024-01-24,Pro Plan,LinkedIn,231.58,68.34,Refunded
ORD_5702,CUST_342,2025-01-20,Business Plan,Google Search,933.96,328.6,Completed
ORD_5703,CUST_1171,2024-02-26,Premium Support,LinkedIn,401.76,79.19,Completed
ORD_5704,CUST_1044,2025-02-17,Pro Plan,Partnership,1016.1,170.5,Completed
ORD_5705,CUST_704,2024-11-17,Pro Plan,LinkedIn,836.73,262.62,Completed
ORD_5706,CUST_856,2024-01-29,Pro Plan,Instagram,294.96,112.77,Cancelled
ORD_5707,CUST_1230,2024-03-22,Basic Plan,LinkedIn,154.61,34.94,Completed
ORD_5708,CUST_471,2024-12-24,Onboarding,LinkedIn,1115.64,261.78,Completed
ORD_5709,CUST_1267,2024-01-08,Basic Plan,Google Search,595.3,93.82,Completed
ORD_5710,CUST_138,2024-01-26,Business Plan,LinkedIn,218.05,89.31,Completed
ORD_5711,CUST_1077,2025-01-05,Business Plan,TikTok,953.86,390.75,Completed
ORD_5712,CUST_309,2025-05-01,Business Plan,LinkedIn,290.43,78.9,Completed
ORD_5713,CUST_1031,2024-07-27,Pro Plan,Google Search,1176.31,445.01,Completed
ORD_5714,CUST_600,2024-02-08,Enterprise Plan,LinkedIn,922.74,394.88,Completed
ORD_5715,CUST_632,2024-05-05,Basic Plan,LinkedIn,44.57,9.65,Completed
ORD_5716,CUST_1459,2025-06-01,Basic Plan,Google Search,857.63,183.48,Refunded
ORD_5717,CUST_29,2024-07-23,Basic Plan,LinkedIn,404.33,62.36,Completed
ORD_5718,CUST_45,2025-04-26,Basic Plan,Referral,344.9,126.16,Completed
ORD_5719,CUST_334,2024-07-09,Business Plan,LinkedIn,384.65,121.06,Completed
ORD_5720,CUST_214,2025-01-25,Pro Plan,LinkedIn,367.24,161.88,Completed
ORD_5721,CUST_1128,2025-01-31,Onboarding,LinkedIn,271.63,113.78,Refunded
ORD_5722,CUST_87,2025-04-27,Business Plan,LinkedIn,820.49,216.76,Completed
ORD_5723,CUST_153,2024-06-15,Add-on,Google Search,1042.48,322.99,Refunded
ORD_5724,CUST_980,2024-05-25,Pro Plan,Google Search,1114.15,251.92,Completed
ORD_5725,CUST_184,2024-06-01,Basic Plan,LinkedIn,238.54,79.34,Completed
ORD_5726,CUST_383,2024-10-22,Basic Plan,Instagram,35.69,12.83,Completed
ORD_5727,CUST_626,2024-02-22,Pro Plan,LinkedIn,401.08,64.74,Completed
ORD_5728,CUST_1181,2024-11-19,Basic Plan,Instagram,367.05,115.35,Completed
ORD_5729,CUST_256,2024-01-07,Onboarding,LinkedIn,864.53,253.47,Completed
ORD_5730,CUST_868,2025-06-14,Business Plan,Partnership,994.88,372.34,Completed
ORD_5731,CUST_557,2024-12-13,Onboarding,Instagram,665.78,255.09,Completed
ORD_5732,CUST_1269,2025-05-22,Business Plan,Partnership,494.86,167.37,Refunded
ORD_5733,CUST_916,2024-06-25,Enterprise Plan,Partnership,652.84,229.22,Completed
ORD_5734,CUST_482,2025-05-06,Add-on,Instagram,1081.43,337.14,Completed
ORD_5735,CUST_655,2024-08-27,Basic Plan,Google Search,255.48,57.36,Completed
ORD_5736,CUST_709,2024-08-28,Basic Plan,Google Search,928.9,246.51,Completed
ORD_5737,CUST_507,2024-01-07,Business Plan,LinkedIn,659.74,279.54,Completed
ORD_5738,CUST_308,2025-01-06,Pro Plan,Google Search,869.08,261.92,Completed
ORD_5739,CUST_1025,2024-03-05,Basic Plan,Event Walk-in,496.32,98.96,Completed
ORD_5740,CUST_906,2025-04-18,Onboarding,Referral,469.28,195.44,Completed
ORD_5741,CUST_1410,2025-01-24,Onboarding,LinkedIn,897.88,310.19,Completed
ORD_5742,CUST_1497,2024-08-10,Enterprise Plan,Partnership,287.45,107.06,Completed
ORD_5743,CUST_119,2024-12-22,Enterprise Plan,Google Search,827.48,169.04,Completed
ORD_5744,CUST_1420,2025-02-22,Onboarding,LinkedIn,800.12,128.8,Completed
ORD_5745,CUST_4,2025-06-08,Basic Plan,Instagram,1180.15,439.16,Completed
ORD_5746,CUST_1016,2024-03-22,Pro Plan,Instagram,412.19,65.32,Completed
ORD_5747,CUST_884,2024-05-25,Basic Plan,Instagram,697.71,272.66,Completed
ORD_5748,CUST_565,2025-05-31,Basic Plan,LinkedIn,184.49,72.49,Refunded
ORD_5749,CUST_25,2024-09-16,Pro Plan,Google Search,842.14,359.34,Completed
ORD_5750,CUST_1062,2024-09-19,Enterprise Plan,LinkedIn,101.06,21.13,Completed
ORD_5751,CUST_239,2025-01-29,Pro Plan,LinkedIn,1026.76,155.14,Completed
ORD_5752,CUST_701,2024-07-24,Pro Plan,Google Search,225.23,95.35,Completed
ORD_5753,CUST_80,2024-03-19,Basic Plan,Referral,680.76,143.89,Completed
ORD_5754,CUST_764,2025-06-08,Add-on,Google Search,303.59,76.08,Cancelled
ORD_5755,CUST_461,2024-05-10,Pro Plan,Referral,362.08,143.14,Refunded
ORD_5756,CUST_496,2025-03-14,Premium Support,LinkedIn,55.51,16.58,Cancelled
ORD_5757,CUST_701,2024-05-24,Pro Plan,Google Search,1053.73,268.95,Completed
ORD_5758,CUST_331,2024-02-05,Basic Plan,LinkedIn,861.6,290.24,Completed
ORD_5759,CUST_723,2024-03-25,Pro Plan,Partnership,139.62,45.26,Completed
ORD_5760,CUST_104,2024-01-22,Enterprise Plan,Referral,447.37,140.56,Completed
ORD_5761,CUST_1451,2024-02-14,Add-on,Google Search,113.74,43.32,Completed
ORD_5762,CUST_797,2024-09-29,Basic Plan,Instagram,1095.48,223.85,Completed
ORD_5763,CUST_1338,2025-06-26,Business Plan,LinkedIn,552.35,191.23,Completed
ORD_5764,CUST_812,2025-04-15,Pro Plan,LinkedIn,735.38,187.86,Refunded
ORD_5765,CUST_550,2024-01-23,Basic Plan,Partnership,1190.73,255.54,Completed
ORD_5766,CUST_1358,2025-03-10,Pro Plan,Partnership,443.94,86.24,Completed
ORD_5767,CUST_307,2025-02-21,Pro Plan,LinkedIn,1129.74,396.44,Completed
ORD_5768,CUST_700,2025-02-09,Pro Plan,Google Search,455.07,156.63,Completed
ORD_5769,CUST_317,2024-01-12,Basic Plan,Google Search,1105.22,186.18,Completed
ORD_5770,CUST_146,2024-04-13,Pro Plan,LinkedIn,986.44,351.51,Completed
ORD_5771,CUST_103,2024-10-16,Pro Plan,Partnership,684.52,169.92,Completed
ORD_5772,CUST_27,2024-02-11,Basic Plan,Google Search,173.3,60.24,Completed
ORD_5773,CUST_714,2025-06-26,Basic Plan,LinkedIn,847.98,297.76,Completed
ORD_5774,CUST_949,2024-10-24,Basic Plan,LinkedIn,93.72,33.84,Completed
ORD_5775,CUST_527,2025-06-04,Pro Plan,Google Search,731.19,146.54,Completed
ORD_5776,CUST_905,2025-01-20,Enterprise Plan,Partnership,594.74,124.13,Completed
ORD_5777,CUST_298,2025-04-07,Basic Plan,Google Search,619.75,272.78,Completed
ORD_5778,CUST_1055,2025-01-22,Pro Plan,LinkedIn,1059.49,291.99,Refunded
ORD_5779,CUST_1077,2025-06-12,Basic Plan,TikTok,126.2,43.43,Completed
ORD_5780,CUST_142,2024-01-31,Pro Plan,Google Search,373.12,63.6,Refunded
ORD_5781,CUST_1065,2025-05-24,Basic Plan,LinkedIn,271.92,109.0,Completed
ORD_5782,CUST_1411,2024-05-25,Pro Plan,Google Search,587.54,111.95,Completed
ORD_5783,CUST_70,2024-08-02,Business Plan,Google Search,635.54,107.64,Completed
ORD_5784,CUST_1016,2025-02-03,Pro Plan,Instagram,694.6,128.52,Completed
ORD_5785,CUST_139,2024-07-25,Pro Plan,Google Search,281.83,118.12,Completed
ORD_5786,CUST_28,2024-01-24,Business Plan,LinkedIn,776.01,342.78,Completed
ORD_5787,CUST_1125,2024-06-16,Pro Plan,LinkedIn,237.5,84.62,Completed
ORD_5788,CUST_1284,2024-12-24,Basic Plan,LinkedIn,1107.94,242.72,Completed
ORD_5789,CUST_725,2024-06-26,Basic Plan,Google Search,368.67,160.23,Completed
ORD_5790,CUST_796,2024-10-03,Pro Plan,LinkedIn,862.67,150.78,Completed
ORD_5791,CUST_682,2024-10-23,Basic Plan,LinkedIn,678.32,216.36,Completed
ORD_5792,CUST_1488,2024-09-08,Business Plan,Partnership,644.8,106.39,Completed
ORD_5793,CUST_337,2024-11-18,Pro Plan,TikTok,927.93,276.55,Completed
ORD_5794,CUST_878,2024-04-20,Basic Plan,Google Search,641.7,153.58,Completed
ORD_5795,CUST_71,2025-02-24,Basic Plan,Google Search,465.18,186.35,Completed
ORD_5796,CUST_411,2024-05-11,Pro Plan,Google Search,64.62,11.28,Completed
ORD_5797,CUST_788,2024-11-17,Pro Plan,Google Search,129.55,47.7,Completed
ORD_5798,CUST_457,2024-06-19,Business Plan,LinkedIn,479.47,90.18,Completed
ORD_5799,CUST_331,2024-04-29,Business Plan,LinkedIn,1032.07,297.4,Refunded
ORD_5800,CUST_964,2024-07-16,Pro Plan,Google Search,1103.54,276.35,Completed
ORD_5801,CUST_1181,2024-12-17,Basic Plan,Instagram,678.08,160.54,Completed
ORD_5802,CUST_1171,2024-02-07,Basic Plan,LinkedIn,539.99,112.33,Completed
ORD_5803,CUST_248,2024-04-20,Pro Plan,Event Walk-in,724.03,165.51,Completed
ORD_5804,CUST_1417,2024-07-25,Premium Support,Google Search,808.39,145.76,Completed
ORD_5805,CUST_555,2025-06-17,Pro Plan,Google Search,533.39,205.7,Completed
ORD_5806,CUST_1482,2024-06-20,Basic Plan,Partnership,802.36,190.94,Completed
ORD_5807,CUST_202,2025-03-27,Basic Plan,Google Search,761.78,235.66,Completed
ORD_5808,CUST_564,2024-08-10,Basic Plan,TikTok,278.92,105.78,Completed
ORD_5809,CUST_530,2024-06-21,Basic Plan,Google Search,308.03,61.27,Completed
ORD_5810,CUST_184,2024-09-03,Pro Plan,LinkedIn,904.44,236.38,Completed
ORD_5811,CUST_726,2024-11-18,Business Plan,Google Search,1086.79,258.29,Completed
ORD_5812,CUST_1151,2024-04-21,Add-on,LinkedIn,564.99,237.84,Completed
ORD_5813,CUST_1366,2024-03-13,Enterprise Plan,Partnership,302.37,66.43,Completed
ORD_5814,CUST_204,2025-03-15,Onboarding,LinkedIn,144.23,39.08,Completed
ORD_5815,CUST_569,2024-12-31,Onboarding,Google Search,926.85,230.51,Completed
ORD_5816,CUST_1084,2025-06-02,Basic Plan,Google Search,628.4,99.3,Completed
ORD_5817,CUST_883,2024-11-23,Pro Plan,Google Search,992.64,366.77,Refunded
ORD_5818,CUST_603,2024-05-08,Business Plan,Partnership,901.08,399.69,Completed
ORD_5819,CUST_812,2025-01-07,Enterprise Plan,LinkedIn,1078.84,356.13,Completed
ORD_5820,CUST_1456,2024-12-17,Business Plan,Google Search,315.56,113.41,Completed
ORD_5821,CUST_1171,2024-04-30,Basic Plan,LinkedIn,753.79,258.27,Completed
ORD_5822,CUST_439,2024-01-31,Basic Plan,TikTok,439.96,101.09,Completed
ORD_5823,CUST_780,2025-06-11,Basic Plan,LinkedIn,527.61,159.76,Completed
ORD_5824,CUST_1261,2024-01-28,Pro Plan,Instagram,702.38,302.39,Completed
ORD_5825,CUST_10,2024-05-22,Business Plan,Google Search,1107.15,190.4,Completed
ORD_5826,CUST_1193,2024-01-13,Basic Plan,Google Search,1117.25,239.62,Completed
ORD_5827,CUST_18,2025-06-23,Basic Plan,LinkedIn,151.89,27.87,Completed
ORD_5828,CUST_1206,2024-08-15,Add-on,LinkedIn,138.58,37.69,Completed
ORD_5829,CUST_23,2024-12-10,Pro Plan,TikTok,503.38,156.86,Completed
ORD_5830,CUST_186,2024-11-07,Business Plan,LinkedIn,901.02,141.91,Completed
ORD_5831,CUST_453,2024-06-21,Basic Plan,Partnership,30.28,11.87,Completed
ORD_5832,CUST_765,2025-01-14,Pro Plan,Google Search,794.88,188.23,Completed
ORD_5833,CUST_178,2024-06-12,Premium Support,Partnership,1130.34,283.24,Completed
ORD_5834,CUST_809,2025-03-25,Basic Plan,LinkedIn,189.76,67.03,Cancelled
ORD_5835,CUST_460,2024-10-25,Basic Plan,LinkedIn,115.37,37.36,Completed
ORD_5836,CUST_898,2024-07-01,Basic Plan,LinkedIn,1106.34,227.55,Completed
ORD_5837,CUST_1128,2024-02-20,Basic Plan,LinkedIn,726.05,141.94,Completed
ORD_5838,CUST_1184,2024-06-25,Business Plan,Partnership,294.63,46.11,Completed
ORD_5839,CUST_1346,2024-07-09,Basic Plan,LinkedIn,173.87,26.6,Completed
ORD_5840,CUST_267,2025-02-28,Basic Plan,Instagram,110.85,30.03,Completed
ORD_5841,CUST_698,2024-01-30,Basic Plan,Google Search,559.16,125.07,Completed
ORD_5842,CUST_387,2024-10-01,Pro Plan,LinkedIn,248.56,40.06,Completed
ORD_5843,CUST_949,2025-03-05,Pro Plan,LinkedIn,1112.47,468.51,Completed
ORD_5844,CUST_857,2024-03-08,Enterprise Plan,LinkedIn,70.1,15.01,Completed
ORD_5845,CUST_820,2024-11-18,Basic Plan,Partnership,129.56,33.48,Completed
ORD_5846,CUST_1277,2025-02-03,Pro Plan,Referral,427.4,169.06,Completed
ORD_5847,CUST_613,2024-08-10,Add-on,LinkedIn,272.5,52.87,Completed
ORD_5848,CUST_85,2025-05-21,Pro Plan,LinkedIn,1033.04,254.71,Completed
ORD_5849,CUST_175,2024-08-26,Basic Plan,Google Search,954.97,376.32,Completed
ORD_5850,CUST_1174,2024-07-25,Enterprise Plan,Event Walk-in,259.78,96.81,Cancelled
ORD_5851,CUST_184,2024-03-24,Pro Plan,LinkedIn,585.25,220.61,Completed
ORD_5852,CUST_1498,2024-08-01,Pro Plan,LinkedIn,542.06,220.43,Completed
ORD_5853,CUST_458,2025-04-21,Basic Plan,Google Search,511.45,181.43,Completed
ORD_5854,CUST_225,2025-05-28,Business Plan,LinkedIn,53.31,22.15,Completed
ORD_5855,CUST_1205,2024-03-18,Pro Plan,LinkedIn,927.31,162.5,Completed
ORD_5856,CUST_1010,2024-06-03,Pro Plan,Partnership,580.41,171.49,Completed
ORD_5857,CUST_1142,2024-04-02,Basic Plan,LinkedIn,828.41,261.2,Completed
ORD_5858,CUST_415,2024-08-15,Pro Plan,LinkedIn,729.87,219.14,Completed
ORD_5859,CUST_924,2025-03-30,Pro Plan,Event Walk-in,478.49,134.66,Completed
ORD_5860,CUST_356,2025-03-31,Onboarding,Google Search,956.66,317.95,Completed
ORD_5861,CUST_528,2025-01-11,Business Plan,LinkedIn,628.02,217.5,Completed
ORD_5862,CUST_453,2024-06-04,Pro Plan,Partnership,835.71,316.32,Completed
ORD_5863,CUST_926,2024-04-13,Basic Plan,LinkedIn,228.25,39.84,Completed
ORD_5864,CUST_1250,2024-09-11,Basic Plan,Partnership,600.79,201.87,Refunded
ORD_5865,CUST_800,2024-03-16,Pro Plan,Partnership,1051.32,446.69,Completed
ORD_5866,CUST_1135,2024-09-26,Business Plan,Google Search,752.56,307.77,Completed
ORD_5867,CUST_652,2024-08-04,Basic Plan,LinkedIn,314.07,140.92,Completed
ORD_5868,CUST_341,2025-04-12,Basic Plan,Partnership,174.82,54.4,Completed
ORD_5869,CUST_564,2024-08-08,Business Plan,TikTok,990.23,374.63,Refunded
ORD_5870,CUST_734,2025-02-13,Basic Plan,Google Search,967.12,219.73,Completed
ORD_5871,CUST_558,2025-01-24,Pro Plan,Google Search,895.96,342.23,Completed
ORD_5872,CUST_878,2025-01-02,Business Plan,Google Search,598.3,233.44,Refunded
ORD_5873,CUST_26,2024-05-11,Basic Plan,Google Search,815.29,277.86,Completed
ORD_5874,CUST_1429,2024-09-11,Basic Plan,LinkedIn,285.07,82.79,Completed
ORD_5875,CUST_501,2024-09-24,Pro Plan,LinkedIn,1069.08,430.27,Completed
ORD_5876,CUST_1119,2025-03-26,Basic Plan,LinkedIn,852.6,347.26,Completed
ORD_5877,CUST_1459,2025-02-18,Basic Plan,Google Search,367.76,161.1,Completed
ORD_5878,CUST_418,2024-12-28,Business Plan,Google Search,495.45,109.59,Cancelled
ORD_5879,CUST_52,2025-05-17,Basic Plan,Google Search,351.07,122.07,Completed
ORD_5880,CUST_620,2025-01-15,Onboarding,LinkedIn,890.57,352.0,Completed
ORD_5881,CUST_862,2024-07-16,Business Plan,LinkedIn,1023.77,193.88,Completed
ORD_5882,CUST_1070,2024-05-17,Business Plan,Instagram,509.95,81.92,Completed
ORD_5883,CUST_268,2024-07-26,Basic Plan,LinkedIn,952.86,243.38,Completed
ORD_5884,CUST_1137,2024-12-22,Basic Plan,Partnership,1130.25,243.34,Completed
ORD_5885,CUST_228,2024-05-14,Basic Plan,Instagram,49.11,11.68,Completed
ORD_5886,CUST_1144,2024-01-12,Basic Plan,Google Search,780.7,298.24,Completed
ORD_5887,CUST_857,2024-07-30,Pro Plan,LinkedIn,914.63,313.17,Completed
ORD_5888,CUST_287,2024-10-29,Business Plan,LinkedIn,494.79,206.96,Completed
ORD_5889,CUST_286,2024-06-25,Onboarding,LinkedIn,164.94,65.0,Refunded
ORD_5890,CUST_866,2024-11-22,Pro Plan,LinkedIn,71.65,20.59,Cancelled
ORD_5891,CUST_1064,2024-08-15,Basic Plan,LinkedIn,185.94,74.19,Completed
ORD_5892,CUST_1104,2024-09-03,Basic Plan,Partnership,1024.7,364.57,Completed
ORD_5893,CUST_1213,2025-03-14,Business Plan,Google Search,108.02,35.3,Completed
ORD_5894,CUST_151,2024-05-28,Pro Plan,LinkedIn,455.47,194.62,Completed
ORD_5895,CUST_341,2024-08-31,Pro Plan,Partnership,34.53,7.35,Completed
ORD_5896,CUST_1326,2024-07-02,Business Plan,LinkedIn,1109.48,377.35,Completed
ORD_5897,CUST_959,2025-05-21,Business Plan,Instagram,670.59,190.24,Refunded
ORD_5898,CUST_269,2024-11-17,Enterprise Plan,Instagram,1078.51,361.73,Completed
ORD_5899,CUST_1254,2024-02-20,Pro Plan,Instagram,386.86,96.92,Completed
ORD_5900,CUST_1126,2024-10-25,Basic Plan,Google Search,1161.62,223.07,Completed
ORD_5901,CUST_879,2025-04-04,Pro Plan,Partnership,576.1,140.97,Completed
ORD_5902,CUST_1483,2024-04-15,Basic Plan,Partnership,265.21,107.15,Completed
ORD_5903,CUST_113,2024-07-17,Business Plan,Google Search,1110.73,296.96,Completed
ORD_5904,CUST_183,2024-10-11,Business Plan,LinkedIn,814.17,189.43,Completed
ORD_5905,CUST_1102,2024-12-14,Enterprise Plan,Google Search,172.14,63.83,Completed
ORD_5906,CUST_761,2024-01-25,Basic Plan,TikTok,1136.54,313.62,Completed
ORD_5907,CUST_413,2024-02-15,Basic Plan,LinkedIn,1060.14,346.56,Completed
ORD_5908,CUST_1036,2024-08-23,Business Plan,TikTok,1195.93,355.69,Cancelled
ORD_5909,CUST_1031,2024-05-31,Basic Plan,Google Search,971.2,325.65,Completed
ORD_5910,CUST_125,2024-05-18,Enterprise Plan,Google Search,548.84,119.85,Completed
ORD_5911,CUST_843,2025-04-24,Enterprise Plan,Instagram,713.25,250.26,Completed
ORD_5912,CUST_742,2024-12-12,Enterprise Plan,LinkedIn,675.92,118.29,Completed
ORD_5913,CUST_516,2025-01-04,Basic Plan,Partnership,186.52,43.49,Completed
ORD_5914,CUST_1074,2024-07-09,Business Plan,Partnership,527.48,141.36,Completed
ORD_5915,CUST_265,2024-02-15,Onboarding,Instagram,568.51,236.21,Completed
ORD_5916,CUST_674,2024-09-08,Business Plan,Instagram,125.83,29.01,Completed
ORD_5917,CUST_1064,2024-01-19,Enterprise Plan,LinkedIn,1137.17,445.26,Completed
ORD_5918,CUST_412,2024-02-05,Basic Plan,Instagram,224.88,100.76,Completed
ORD_5919,CUST_97,2024-07-07,Pro Plan,Google Search,25.7,10.47,Completed
ORD_5920,CUST_799,2024-04-03,Pro Plan,LinkedIn,1175.14,188.11,Refunded
ORD_5921,CUST_1147,2024-05-22,Basic Plan,Google Search,691.31,253.44,Completed
ORD_5922,CUST_1195,2024-06-18,Pro Plan,Instagram,319.72,75.98,Completed
ORD_5923,CUST_921,2025-01-23,Pro Plan,LinkedIn,132.62,50.14,Completed
ORD_5924,CUST_1129,2025-06-26,Basic Plan,LinkedIn,520.29,193.49,Completed
ORD_5925,CUST_39,2025-04-26,Pro Plan,LinkedIn,880.49,203.82,Cancelled
ORD_5926,CUST_443,2024-08-07,Pro Plan,Partnership,881.9,266.19,Completed
ORD_5927,CUST_1161,2025-01-15,Basic Plan,LinkedIn,589.14,160.75,Completed
ORD_5928,CUST_56,2024-07-20,Enterprise Plan,LinkedIn,527.69,133.46,Cancelled
ORD_5929,CUST_386,2024-01-30,Pro Plan,LinkedIn,732.92,207.08,Refunded
ORD_5930,CUST_812,2024-10-07,Pro Plan,LinkedIn,692.88,108.94,Completed
ORD_5931,CUST_646,2024-12-23,Basic Plan,Partnership,286.04,103.63,Completed
ORD_5932,CUST_1183,2024-08-17,Basic Plan,LinkedIn,914.34,378.98,Completed
ORD_5933,CUST_238,2025-06-25,Business Plan,LinkedIn,414.19,93.67,Completed
ORD_5934,CUST_318,2025-06-18,Business Plan,Instagram,439.14,164.84,Completed
ORD_5935,CUST_1057,2025-02-02,Basic Plan,Google Search,610.57,212.19,Completed
ORD_5936,CUST_1182,2024-04-29,Business Plan,Google Search,963.0,421.59,Completed
ORD_5937,CUST_90,2024-05-18,Premium Support,Google Search,946.23,292.56,Completed
ORD_5938,CUST_1125,2024-02-10,Premium Support,LinkedIn,830.63,361.36,Completed
ORD_5939,CUST_987,2024-01-09,Pro Plan,LinkedIn,591.68,162.7,Completed
ORD_5940,CUST_56,2024-11-11,Pro Plan,LinkedIn,474.39,181.45,Completed
ORD_5941,CUST_348,2024-03-15,Basic Plan,Google Search,320.84,58.37,Completed
ORD_5942,CUST_410,2024-07-17,Pro Plan,Google Search,695.71,188.07,Completed
ORD_5943,CUST_109,2025-03-10,Basic Plan,LinkedIn,1143.51,228.33,Completed
ORD_5944,CUST_577,2025-06-27,Onboarding,Google Search,720.08,177.1,Completed
ORD_5945,CUST_964,2024-01-05,Enterprise Plan,Google Search,742.12,125.53,Completed
ORD_5946,CUST_487,2024-02-23,Enterprise Plan,Partnership,740.46,324.74,Cancelled
ORD_5947,CUST_1251,2024-03-08,Basic Plan,LinkedIn,1052.86,167.52,Completed
ORD_5948,CUST_1386,2024-05-16,Pro Plan,LinkedIn,1131.07,245.37,Completed
ORD_5949,CUST_1148,2024-09-26,Basic Plan,Partnership,1160.6,326.77,Completed
ORD_5950,CUST_41,2024-07-24,Basic Plan,LinkedIn,699.75,106.12,Completed
ORD_5951,CUST_989,2024-12-26,Premium Support,TikTok,61.85,24.67,Completed
ORD_5952,CUST_240,2025-02-17,Pro Plan,Referral,1020.78,245.48,Completed
ORD_5953,CUST_1012,2025-04-10,Pro Plan,Instagram,349.63,80.86,Completed
ORD_5954,CUST_797,2024-05-01,Basic Plan,Instagram,1146.78,223.73,Completed
ORD_5955,CUST_320,2024-12-07,Basic Plan,LinkedIn,443.57,133.74,Completed
ORD_5956,CUST_1266,2025-05-27,Business Plan,TikTok,49.24,11.52,Completed
ORD_5957,CUST_1449,2025-02-11,Pro Plan,TikTok,782.64,269.38,Completed
ORD_5958,CUST_1261,2024-08-27,Pro Plan,Instagram,176.43,47.48,Completed
ORD_5959,CUST_157,2024-08-02,Basic Plan,LinkedIn,927.98,215.48,Refunded
ORD_5960,CUST_75,2024-12-26,Premium Support,Partnership,460.11,76.96,Completed
ORD_5961,CUST_878,2025-03-14,Pro Plan,Google Search,177.09,61.95,Completed
ORD_5962,CUST_877,2024-04-27,Onboarding,LinkedIn,1180.92,486.09,Refunded
ORD_5963,CUST_418,2024-10-18,Basic Plan,Google Search,381.94,64.02,Refunded
ORD_5964,CUST_874,2024-10-06,Business Plan,Referral,882.81,392.02,Completed
ORD_5965,CUST_920,2024-11-30,Add-on,Google Search,968.96,327.37,Completed
ORD_5966,CUST_830,2024-02-06,Business Plan,TikTok,697.56,134.65,Completed
ORD_5967,CUST_716,2024-09-25,Pro Plan,TikTok,733.44,142.02,Completed
ORD_5968,CUST_955,2025-02-15,Basic Plan,Google Search,292.33,47.73,Completed
ORD_5969,CUST_954,2024-07-22,Add-on,Instagram,471.7,136.97,Completed
ORD_5970,CUST_203,2024-08-12,Basic Plan,Instagram,175.31,38.93,Refunded
ORD_5971,CUST_1069,2025-04-10,Onboarding,Partnership,267.58,97.2,Completed
ORD_5972,CUST_306,2025-05-23,Pro Plan,LinkedIn,1032.16,408.65,Completed
ORD_5973,CUST_576,2025-02-28,Add-on,LinkedIn,369.92,157.0,Completed
ORD_5974,CUST_326,2024-12-14,Enterprise Plan,Google Search,271.33,104.02,Refunded
ORD_5975,CUST_194,2024-05-07,Pro Plan,LinkedIn,322.08,86.43,Completed
ORD_5976,CUST_710,2025-02-12,Business Plan,Partnership,881.53,270.51,Completed
ORD_5977,CUST_48,2025-05-18,Basic Plan,Google Search,545.47,116.81,Completed
ORD_5978,CUST_513,2024-01-12,Pro Plan,Google Search,370.22,60.23,Completed
ORD_5979,CUST_12,2025-06-30,Pro Plan,LinkedIn,235.5,99.56,Completed
ORD_5980,CUST_545,2024-10-31,Add-on,Google Search,823.76,316.02,Completed
ORD_5981,CUST_896,2025-03-09,Enterprise Plan,Partnership,832.81,161.4,Completed
ORD_5982,CUST_1343,2025-04-30,Onboarding,Google Search,655.07,162.19,Completed
ORD_5983,CUST_1267,2025-03-15,Basic Plan,Google Search,317.99,62.52,Completed
ORD_5984,CUST_751,2025-06-06,Business Plan,Referral,1100.82,425.17,Completed
ORD_5985,CUST_1411,2024-02-04,Basic Plan,Google Search,388.5,118.82,Completed
ORD_5986,CUST_353,2025-04-26,Business Plan,TikTok,368.45,89.72,Completed
ORD_5987,CUST_183,2024-08-16,Enterprise Plan,LinkedIn,355.43,158.99,Completed
ORD_5988,CUST_906,2024-02-13,Basic Plan,Referral,717.38,258.72,Completed
ORD_5989,CUST_972,2024-07-22,Basic Plan,LinkedIn,867.93,245.24,Completed
ORD_5990,CUST_211,2024-06-08,Pro Plan,LinkedIn,162.87,52.07,Completed
ORD_5991,CUST_80,2024-01-03,Pro Plan,Referral,86.8,18.17,Completed
ORD_5992,CUST_1187,2024-11-05,Business Plan,LinkedIn,692.03,289.83,Completed
ORD_5993,CUST_691,2024-05-10,Business Plan,Google Search,43.29,19.39,Completed
ORD_5994,CUST_947,2024-09-24,Pro Plan,Partnership,285.63,76.73,Completed
ORD_5995,CUST_229,2024-06-10,Basic Plan,LinkedIn,157.46,49.31,Completed
ORD_5996,CUST_606,2024-02-16,Add-on,Google Search,226.17,36.53,Completed
ORD_5997,CUST_588,2025-05-10,Business Plan,TikTok,274.54,68.46,Completed
ORD_5998,CUST_602,2024-01-08,Business Plan,LinkedIn,239.35,87.78,Refunded
ORD_5999,CUST_746,2025-04-22,Add-on,LinkedIn,807.49,207.48,Refunded
ORD_6000,CUST_1308,2025-04-28,Business Plan,LinkedIn,95.0,16.1,Completed
ORD_6001,CUST_43,2024-05-28,Pro Plan,Partnership,591.73,200.03,Completed
ORD_6002,CUST_1396,2025-01-18,Add-on,Google Search,1119.91,331.61,Completed
ORD_6003,CUST_610,2024-03-13,Basic Plan,LinkedIn,864.15,374.86,Completed
ORD_6004,CUST_359,2024-12-09,Basic Plan,LinkedIn,624.52,109.67,Completed
ORD_6005,CUST_1216,2024-01-22,Business Plan,LinkedIn,215.42,89.31,Completed
ORD_6006,CUST_734,2024-02-08,Basic Plan,Google Search,124.49,24.46,Refunded
ORD_6007,CUST_583,2024-09-29,Business Plan,Instagram,715.39,303.09,Completed
ORD_6008,CUST_64,2024-12-15,Business Plan,Partnership,89.1,18.23,Completed
ORD_6009,CUST_478,2024-10-12,Basic Plan,LinkedIn,684.34,220.53,Completed
ORD_6010,CUST_338,2024-08-19,Pro Plan,Google Search,565.87,163.44,Completed
ORD_6011,CUST_1223,2024-02-04,Basic Plan,Google Search,951.07,421.78,Completed
ORD_6012,CUST_850,2025-05-07,Enterprise Plan,Google Search,858.74,308.7,Completed
ORD_6013,CUST_1497,2025-06-20,Basic Plan,Partnership,1148.08,253.68,Completed
ORD_6014,CUST_1174,2024-06-24,Basic Plan,Event Walk-in,768.3,171.81,Completed
ORD_6015,CUST_1168,2024-09-11,Onboarding,Partnership,284.78,110.7,Completed
ORD_6016,CUST_854,2025-06-10,Basic Plan,Partnership,946.55,328.58,Completed
ORD_6017,CUST_996,2024-04-24,Basic Plan,LinkedIn,1095.55,170.83,Completed
ORD_6018,CUST_929,2025-01-27,Business Plan,Google Search,324.14,106.8,Completed
ORD_6019,CUST_443,2024-01-31,Business Plan,Partnership,1188.71,485.42,Completed
ORD_6020,CUST_1015,2024-03-13,Basic Plan,Google Search,467.34,71.52,Refunded
ORD_6021,CUST_783,2024-06-03,Enterprise Plan,LinkedIn,1042.16,321.16,Completed
ORD_6022,CUST_64,2024-09-27,Basic Plan,Partnership,1155.12,295.51,Completed
ORD_6023,CUST_725,2024-09-06,Onboarding,Google Search,667.8,138.2,Completed
ORD_6024,CUST_920,2025-05-23,Business Plan,Google Search,410.94,168.29,Completed
ORD_6025,CUST_151,2024-06-15,Add-on,LinkedIn,1198.34,372.52,Completed
ORD_6026,CUST_333,2025-01-10,Enterprise Plan,Google Search,26.05,5.16,Completed
ORD_6027,CUST_32,2024-04-11,Pro Plan,Google Search,967.3,192.64,Completed
ORD_6028,CUST_1403,2025-01-22,Add-on,Google Search,667.1,161.2,Completed
ORD_6029,CUST_792,2024-07-22,Pro Plan,Instagram,953.52,180.84,Completed
ORD_6030,CUST_1147,2025-06-28,Pro Plan,Google Search,97.09,35.04,Completed
ORD_6031,CUST_1212,2025-06-06,Basic Plan,Partnership,994.36,245.88,Completed
ORD_6032,CUST_231,2025-02-24,Add-on,LinkedIn,468.42,83.19,Completed
ORD_6033,CUST_1375,2024-09-06,Business Plan,Google Search,416.66,114.64,Completed
ORD_6034,CUST_120,2024-07-05,Add-on,TikTok,988.52,437.81,Completed
ORD_6035,CUST_75,2025-06-11,Basic Plan,Partnership,1029.13,220.34,Completed
ORD_6036,CUST_912,2025-01-11,Pro Plan,Instagram,198.94,60.24,Cancelled
ORD_6037,CUST_26,2024-07-20,Business Plan,Google Search,669.3,199.19,Completed
ORD_6038,CUST_5,2024-02-26,Business Plan,LinkedIn,1162.94,258.75,Completed
ORD_6039,CUST_1421,2024-07-29,Basic Plan,LinkedIn,747.89,213.66,Cancelled
ORD_6040,CUST_655,2024-02-27,Pro Plan,Google Search,59.52,9.2,Completed
ORD_6041,CUST_207,2024-10-14,Enterprise Plan,Partnership,1036.87,161.33,Completed
ORD_6042,CUST_293,2024-03-15,Business Plan,Google Search,556.11,122.75,Completed
ORD_6043,CUST_1292,2024-05-13,Pro Plan,Referral,1054.64,359.64,Completed
ORD_6044,CUST_411,2025-01-17,Business Plan,Google Search,660.73,277.37,Completed
ORD_6045,CUST_845,2024-07-06,Basic Plan,Partnership,1177.75,417.56,Completed
ORD_6046,CUST_879,2024-02-01,Basic Plan,Partnership,309.97,54.64,Cancelled
ORD_6047,CUST_668,2024-07-11,Basic Plan,LinkedIn,259.53,111.66,Completed
ORD_6048,CUST_270,2024-11-26,Basic Plan,LinkedIn,1178.78,505.2,Completed
ORD_6049,CUST_481,2025-01-03,Pro Plan,Google Search,335.32,61.59,Completed
ORD_6050,CUST_901,2024-09-11,Basic Plan,Partnership,330.47,124.07,Completed
ORD_6051,CUST_1361,2025-05-04,Pro Plan,LinkedIn,946.3,402.92,Completed
ORD_6052,CUST_1330,2025-05-04,Basic Plan,Instagram,1005.66,325.11,Completed
ORD_6053,CUST_1287,2025-03-15,Business Plan,LinkedIn,750.1,128.38,Completed
ORD_6054,CUST_341,2024-02-08,Business Plan,Partnership,1090.89,195.38,Completed
ORD_6055,CUST_955,2024-11-15,Basic Plan,Google Search,509.67,96.46,Completed
ORD_6056,CUST_377,2025-04-30,Business Plan,LinkedIn,1084.95,259.28,Completed
ORD_6057,CUST_192,2024-09-12,Pro Plan,Google Search,834.78,272.17,Completed
ORD_6058,CUST_7,2024-05-03,Pro Plan,Partnership,569.59,134.95,Completed
ORD_6059,CUST_1302,2024-12-15,Basic Plan,Google Search,316.79,59.96,Completed
ORD_6060,CUST_1026,2024-02-06,Add-on,LinkedIn,37.67,11.57,Refunded
ORD_6061,CUST_1052,2025-04-26,Basic Plan,Partnership,305.68,105.96,Completed
ORD_6062,CUST_741,2024-04-26,Business Plan,Google Search,1082.22,390.46,Completed
ORD_6063,CUST_277,2024-08-26,Pro Plan,Google Search,635.41,117.16,Completed
ORD_6064,CUST_249,2024-04-10,Pro Plan,LinkedIn,371.48,71.03,Completed
ORD_6065,CUST_579,2025-06-26,Basic Plan,LinkedIn,473.31,81.8,Completed
ORD_6066,CUST_418,2025-06-17,Basic Plan,Google Search,123.68,42.33,Completed
ORD_6067,CUST_981,2025-01-05,Pro Plan,Google Search,519.08,232.3,Completed
ORD_6068,CUST_497,2024-05-12,Basic Plan,Google Search,833.1,319.65,Completed
ORD_6069,CUST_1219,2025-06-22,Add-on,LinkedIn,1032.73,231.41,Refunded
ORD_6070,CUST_1410,2025-06-29,Basic Plan,LinkedIn,1044.66,353.61,Refunded
ORD_6071,CUST_98,2025-04-21,Onboarding,LinkedIn,63.39,20.22,Completed
ORD_6072,CUST_249,2025-04-25,Business Plan,LinkedIn,1155.85,215.28,Completed
ORD_6073,CUST_783,2025-06-08,Pro Plan,LinkedIn,51.61,7.82,Completed
ORD_6074,CUST_1311,2025-06-23,Pro Plan,Google Search,1140.82,258.24,Completed
ORD_6075,CUST_503,2024-03-08,Premium Support,Google Search,847.04,233.24,Refunded
ORD_6076,CUST_1234,2024-04-18,Business Plan,Google Search,958.12,420.48,Completed
ORD_6077,CUST_1238,2024-09-30,Basic Plan,Instagram,1154.01,314.6,Completed
ORD_6078,CUST_526,2024-07-13,Enterprise Plan,Instagram,287.64,117.39,Completed
ORD_6079,CUST_1009,2025-06-20,Pro Plan,Google Search,637.12,129.9,Refunded
ORD_6080,CUST_1018,2025-05-03,Onboarding,Partnership,895.3,322.23,Completed
ORD_6081,CUST_621,2025-03-29,Pro Plan,Instagram,924.7,191.41,Completed
ORD_6082,CUST_358,2024-04-24,Basic Plan,Instagram,582.69,108.79,Completed
ORD_6083,CUST_1157,2024-02-05,Basic Plan,LinkedIn,1171.12,448.86,Refunded
ORD_6084,CUST_1443,2025-02-22,Premium Support,Google Search,408.97,144.0,Completed
ORD_6085,CUST_1063,2024-01-10,Basic Plan,Partnership,671.91,271.07,Completed
ORD_6086,CUST_871,2024-11-12,Add-on,Partnership,561.27,139.54,Refunded
ORD_6087,CUST_499,2025-02-23,Basic Plan,Google Search,1061.69,291.64,Completed
ORD_6088,CUST_1440,2024-02-18,Basic Plan,Google Search,550.12,164.77,Completed
ORD_6089,CUST_1074,2024-04-19,Pro Plan,Partnership,628.01,242.56,Completed
ORD_6090,CUST_1364,2025-06-19,Basic Plan,Partnership,609.03,178.8,Completed
ORD_6091,CUST_1032,2024-04-30,Pro Plan,Instagram,745.93,152.82,Completed
ORD_6092,CUST_1475,2025-05-28,Basic Plan,Partnership,203.04,85.02,Completed
ORD_6093,CUST_207,2024-11-09,Pro Plan,Partnership,1155.58,336.84,Completed
ORD_6094,CUST_1494,2024-08-26,Pro Plan,Google Search,872.92,325.91,Completed
ORD_6095,CUST_888,2024-01-01,Onboarding,Referral,1152.68,492.64,Completed
ORD_6096,CUST_1172,2024-12-30,Business Plan,LinkedIn,647.77,267.29,Completed
ORD_6097,CUST_87,2024-02-28,Pro Plan,LinkedIn,1150.65,256.8,Completed
ORD_6098,CUST_361,2025-01-28,Business Plan,Google Search,954.05,162.07,Completed
ORD_6099,CUST_449,2024-12-19,Business Plan,Google Search,423.33,186.46,Completed
ORD_6100,CUST_812,2025-05-19,Business Plan,LinkedIn,908.19,368.86,Refunded
ORD_6101,CUST_228,2024-12-26,Pro Plan,Instagram,424.35,138.27,Refunded
ORD_6102,CUST_1358,2024-09-03,Premium Support,Partnership,785.02,228.57,Cancelled
ORD_6103,CUST_1322,2025-02-22,Onboarding,Google Search,648.14,240.97,Completed
ORD_6104,CUST_212,2025-05-19,Basic Plan,Google Search,263.7,82.6,Refunded
ORD_6105,CUST_836,2025-03-31,Basic Plan,Instagram,936.47,200.64,Completed
ORD_6106,CUST_626,2024-02-14,Basic Plan,LinkedIn,341.01,114.57,Completed
ORD_6107,CUST_962,2024-01-03,Basic Plan,LinkedIn,720.53,320.54,Completed
ORD_6108,CUST_647,2025-06-18,Basic Plan,LinkedIn,205.02,42.8,Refunded
ORD_6109,CUST_784,2024-04-10,Pro Plan,Partnership,1039.47,335.24,Completed
ORD_6110,CUST_745,2024-08-07,Add-on,Google Search,711.81,159.61,Refunded
ORD_6111,CUST_180,2025-03-23,Enterprise Plan,Partnership,913.21,292.76,Completed
ORD_6112,CUST_942,2024-05-27,Pro Plan,LinkedIn,696.91,197.82,Completed
ORD_6113,CUST_415,2025-02-09,Pro Plan,LinkedIn,993.53,154.07,Completed
ORD_6114,CUST_987,2024-03-31,Business Plan,LinkedIn,1036.86,291.03,Completed
ORD_6115,CUST_940,2024-08-30,Basic Plan,LinkedIn,670.84,178.36,Completed
ORD_6116,CUST_1243,2024-01-23,Onboarding,Google Search,1089.57,192.81,Completed
ORD_6117,CUST_1015,2025-04-28,Basic Plan,Google Search,273.08,118.39,Refunded
ORD_6118,CUST_1054,2025-01-09,Pro Plan,LinkedIn,1177.28,228.4,Completed
ORD_6119,CUST_833,2024-10-19,Basic Plan,LinkedIn,933.54,202.98,Completed
ORD_6120,CUST_600,2025-02-22,Business Plan,LinkedIn,888.0,133.88,Completed
ORD_6121,CUST_245,2025-02-27,Business Plan,LinkedIn,685.6,218.36,Completed
ORD_6122,CUST_1127,2025-06-04,Business Plan,LinkedIn,656.42,186.57,Completed
ORD_6123,CUST_347,2024-07-08,Enterprise Plan,Google Search,369.23,103.87,Completed
ORD_6124,CUST_370,2024-04-01,Basic Plan,LinkedIn,972.71,360.71,Completed
ORD_6125,CUST_1413,2024-04-07,Enterprise Plan,Google Search,956.11,252.89,Completed
ORD_6126,CUST_103,2025-03-02,Basic Plan,Partnership,403.17,83.57,Refunded
ORD_6127,CUST_221,2024-07-24,Basic Plan,Instagram,96.09,28.43,Completed
ORD_6128,CUST_291,2024-03-24,Business Plan,Instagram,741.37,311.73,Completed
ORD_6129,CUST_851,2024-04-02,Onboarding,Google Search,880.75,311.63,Refunded
ORD_6130,CUST_910,2025-06-17,Basic Plan,LinkedIn,39.51,11.75,Completed
ORD_6131,CUST_571,2024-12-31,Basic Plan,Partnership,660.09,277.29,Completed
ORD_6132,CUST_191,2025-02-22,Premium Support,Google Search,704.59,280.83,Completed
ORD_6133,CUST_1016,2024-06-17,Onboarding,Instagram,447.18,76.16,Refunded
ORD_6134,CUST_58,2025-03-11,Basic Plan,Instagram,996.25,399.72,Completed
ORD_6135,CUST_898,2024-10-18,Basic Plan,LinkedIn,566.18,156.34,Completed
ORD_6136,CUST_1476,2025-06-05,Pro Plan,Partnership,270.36,107.38,Completed
ORD_6137,CUST_835,2025-02-14,Basic Plan,LinkedIn,273.36,113.34,Completed
ORD_6138,CUST_927,2024-04-03,Business Plan,LinkedIn,1040.9,462.38,Completed
ORD_6139,CUST_667,2024-02-22,Business Plan,LinkedIn,1165.98,294.81,Completed
ORD_6140,CUST_590,2024-03-02,Basic Plan,LinkedIn,240.25,99.44,Completed
ORD_6141,CUST_460,2025-05-11,Add-on,LinkedIn,204.93,37.67,Refunded
ORD_6142,CUST_2,2025-05-17,Basic Plan,Google Search,721.87,164.18,Completed
ORD_6143,CUST_175,2025-02-21,Basic Plan,Google Search,1145.95,302.15,Completed
ORD_6144,CUST_1061,2025-05-04,Pro Plan,Instagram,848.3,179.04,Completed
ORD_6145,CUST_293,2024-08-10,Basic Plan,Google Search,398.81,107.9,Completed
ORD_6146,CUST_1376,2024-10-22,Onboarding,LinkedIn,708.1,294.24,Completed
ORD_6147,CUST_1455,2024-09-07,Pro Plan,LinkedIn,839.77,151.91,Completed
ORD_6148,CUST_1019,2024-02-27,Basic Plan,Instagram,766.29,297.03,Completed
ORD_6149,CUST_730,2025-02-21,Onboarding,LinkedIn,143.43,29.86,Completed
ORD_6150,CUST_240,2024-03-21,Basic Plan,Referral,948.59,402.39,Completed
ORD_6151,CUST_671,2024-11-03,Basic Plan,Google Search,440.03,76.0,Completed
ORD_6152,CUST_1097,2024-09-16,Pro Plan,Google Search,250.17,77.57,Completed
ORD_6153,CUST_894,2024-12-27,Pro Plan,Google Search,908.06,356.08,Completed
ORD_6154,CUST_1487,2025-04-27,Pro Plan,Google Search,646.65,231.43,Completed
ORD_6155,CUST_1,2025-01-30,Business Plan,LinkedIn,205.5,43.91,Refunded
ORD_6156,CUST_691,2025-04-19,Enterprise Plan,Google Search,1163.94,386.71,Completed
ORD_6157,CUST_515,2024-10-17,Basic Plan,LinkedIn,1005.11,451.93,Completed
ORD_6158,CUST_294,2025-04-05,Business Plan,LinkedIn,120.22,22.91,Completed
ORD_6159,CUST_40,2025-01-17,Business Plan,Referral,877.77,217.08,Completed
ORD_6160,CUST_643,2024-12-08,Pro Plan,Instagram,237.89,73.21,Completed
ORD_6161,CUST_347,2024-05-19,Basic Plan,Google Search,512.81,95.08,Completed
ORD_6162,CUST_975,2025-02-23,Business Plan,TikTok,1045.32,438.02,Completed
ORD_6163,CUST_551,2025-06-03,Pro Plan,Google Search,861.18,339.33,Completed
ORD_6164,CUST_456,2024-01-04,Onboarding,TikTok,530.4,131.22,Completed
ORD_6165,CUST_540,2024-01-02,Basic Plan,LinkedIn,1006.43,304.24,Completed
ORD_6166,CUST_1241,2025-04-05,Pro Plan,Google Search,1165.18,238.63,Completed
ORD_6167,CUST_397,2024-06-22,Basic Plan,LinkedIn,886.01,141.96,Completed
ORD_6168,CUST_881,2024-07-03,Business Plan,LinkedIn,499.19,219.92,Completed
ORD_6169,CUST_592,2024-10-14,Business Plan,Google Search,727.25,301.65,Completed
ORD_6170,CUST_105,2024-10-09,Onboarding,LinkedIn,154.07,32.93,Completed
ORD_6171,CUST_229,2025-01-14,Enterprise Plan,LinkedIn,671.56,191.29,Refunded
ORD_6172,CUST_69,2025-02-23,Basic Plan,Partnership,949.79,316.91,Completed
ORD_6173,CUST_591,2024-11-01,Pro Plan,Google Search,573.21,254.86,Completed
ORD_6174,CUST_149,2025-05-31,Onboarding,Instagram,31.46,11.54,Completed
ORD_6175,CUST_1257,2024-02-26,Basic Plan,LinkedIn,433.72,79.56,Completed
ORD_6176,CUST_1437,2024-10-26,Basic Plan,LinkedIn,200.28,67.89,Completed
ORD_6177,CUST_264,2025-04-18,Premium Support,LinkedIn,486.13,102.52,Completed
ORD_6178,CUST_1489,2024-11-24,Basic Plan,Google Search,778.81,130.29,Completed
ORD_6179,CUST_1235,2025-03-11,Basic Plan,Instagram,288.0,110.34,Completed
ORD_6180,CUST_1367,2025-05-23,Onboarding,LinkedIn,885.93,147.29,Completed
ORD_6181,CUST_539,2024-07-13,Pro Plan,Google Search,702.77,227.23,Cancelled
ORD_6182,CUST_580,2024-07-10,Add-on,LinkedIn,83.89,34.55,Completed
ORD_6183,CUST_800,2024-09-11,Add-on,Partnership,1120.94,269.5,Completed
ORD_6184,CUST_1295,2024-10-20,Business Plan,LinkedIn,845.93,312.74,Completed
ORD_6185,CUST_1395,2024-08-14,Business Plan,LinkedIn,978.08,180.12,Completed
ORD_6186,CUST_806,2024-04-10,Basic Plan,LinkedIn,735.61,177.32,Completed
ORD_6187,CUST_368,2024-07-26,Onboarding,Google Search,386.13,77.42,Refunded
ORD_6188,CUST_218,2024-05-11,Pro Plan,Event Walk-in,718.93,122.2,Completed
ORD_6189,CUST_1041,2025-01-26,Basic Plan,Google Search,632.54,213.99,Completed
ORD_6190,CUST_475,2024-12-20,Pro Plan,Partnership,349.14,116.84,Completed
ORD_6191,CUST_1052,2024-07-09,Premium Support,Partnership,161.0,41.11,Completed
ORD_6192,CUST_813,2025-03-10,Basic Plan,Partnership,680.18,129.85,Completed
ORD_6193,CUST_788,2024-08-22,Basic Plan,Google Search,1113.66,382.74,Completed
ORD_6194,CUST_510,2024-12-06,Add-on,Partnership,1036.79,196.68,Completed
ORD_6195,CUST_95,2024-12-08,Basic Plan,LinkedIn,999.37,329.64,Refunded
ORD_6196,CUST_39,2024-08-28,Basic Plan,LinkedIn,71.63,18.45,Completed
ORD_6197,CUST_670,2025-01-24,Basic Plan,Instagram,516.19,160.28,Refunded
ORD_6198,CUST_297,2024-01-21,Basic Plan,Google Search,627.9,136.93,Completed
ORD_6199,CUST_743,2025-03-11,Basic Plan,Partnership,841.02,215.65,Completed
ORD_6200,CUST_1448,2024-02-28,Pro Plan,Referral,65.86,15.62,Completed
ORD_6201,CUST_760,2024-12-06,Pro Plan,LinkedIn,147.64,54.46,Completed
ORD_6202,CUST_606,2025-02-25,Pro Plan,Google Search,483.56,122.57,Completed
ORD_6203,CUST_1382,2024-06-23,Pro Plan,Google Search,985.94,334.97,Completed
ORD_6204,CUST_1269,2024-11-07,Pro Plan,Partnership,1119.05,315.79,Completed
ORD_6205,CUST_670,2025-03-02,Enterprise Plan,Instagram,317.9,47.99,Completed
ORD_6206,CUST_964,2024-06-07,Business Plan,Google Search,349.53,103.72,Completed
ORD_6207,CUST_1033,2024-10-30,Basic Plan,LinkedIn,1006.25,433.13,Refunded
ORD_6208,CUST_1403,2025-01-09,Basic Plan,Google Search,826.06,233.8,Completed
ORD_6209,CUST_64,2024-11-14,Basic Plan,Partnership,1186.39,420.32,Completed
ORD_6210,CUST_1062,2025-02-11,Basic Plan,LinkedIn,345.45,68.54,Completed
ORD_6211,CUST_540,2024-08-07,Basic Plan,LinkedIn,444.42,119.92,Completed
ORD_6212,CUST_259,2025-06-03,Pro Plan,LinkedIn,341.35,112.58,Refunded
ORD_6213,CUST_720,2025-05-08,Pro Plan,Google Search,740.72,269.77,Completed
ORD_6214,CUST_200,2024-07-14,Business Plan,TikTok,466.66,76.49,Completed
ORD_6215,CUST_1269,2024-10-04,Basic Plan,Partnership,30.29,10.27,Completed
ORD_6216,CUST_187,2025-04-20,Business Plan,LinkedIn,138.45,52.62,Refunded
ORD_6217,CUST_767,2024-04-01,Pro Plan,Google Search,519.28,214.68,Completed
ORD_6218,CUST_1089,2024-11-23,Business Plan,Google Search,451.24,146.05,Completed
ORD_6219,CUST_68,2025-02-11,Basic Plan,Google Search,1058.74,399.44,Completed
ORD_6220,CUST_1039,2024-10-11,Add-on,Google Search,341.38,86.65,Completed
ORD_6221,CUST_1269,2025-02-18,Basic Plan,Partnership,726.53,183.91,Cancelled
ORD_6222,CUST_1309,2024-01-12,Basic Plan,Google Search,391.98,102.78,Completed
ORD_6223,CUST_596,2025-05-07,Pro Plan,LinkedIn,70.84,23.5,Completed
ORD_6224,CUST_887,2024-07-07,Pro Plan,Google Search,1039.56,249.12,Refunded
ORD_6225,CUST_1217,2025-04-15,Pro Plan,LinkedIn,674.27,163.37,Completed
ORD_6226,CUST_810,2024-08-23,Basic Plan,LinkedIn,518.81,145.99,Completed
ORD_6227,CUST_1089,2024-07-05,Basic Plan,Google Search,537.39,104.5,Refunded
ORD_6228,CUST_129,2025-05-08,Basic Plan,Google Search,793.99,267.04,Completed
ORD_6229,CUST_817,2024-05-09,Pro Plan,LinkedIn,406.62,102.96,Completed
ORD_6230,CUST_912,2024-02-09,Business Plan,Instagram,642.13,117.85,Completed
ORD_6231,CUST_161,2024-05-03,Basic Plan,Instagram,747.08,206.72,Completed
ORD_6232,CUST_497,2025-06-28,Business Plan,Google Search,503.94,80.55,Cancelled
ORD_6233,CUST_565,2025-03-12,Enterprise Plan,LinkedIn,1183.37,427.5,Completed
ORD_6234,CUST_432,2025-01-16,Basic Plan,Partnership,1093.07,415.71,Completed
ORD_6235,CUST_17,2024-10-21,Basic Plan,Google Search,534.3,189.69,Completed
ORD_6236,CUST_151,2024-09-22,Pro Plan,LinkedIn,632.04,250.3,Completed
ORD_6237,CUST_353,2024-02-14,Basic Plan,TikTok,477.02,188.39,Completed
ORD_6238,CUST_1313,2024-09-18,Basic Plan,Google Search,1132.51,277.73,Completed
ORD_6239,CUST_561,2024-09-08,Pro Plan,LinkedIn,343.98,94.98,Completed
ORD_6240,CUST_625,2024-12-12,Pro Plan,Google Search,1002.06,244.66,Completed
ORD_6241,CUST_1104,2025-04-27,Premium Support,Partnership,492.07,98.3,Completed
ORD_6242,CUST_1420,2025-02-28,Basic Plan,LinkedIn,1033.76,198.93,Completed
ORD_6243,CUST_794,2025-01-07,Enterprise Plan,Partnership,735.88,327.08,Completed
ORD_6244,CUST_1495,2024-09-06,Business Plan,Google Search,1109.84,466.66,Completed
ORD_6245,CUST_223,2024-09-28,Pro Plan,Google Search,591.68,244.6,Completed
ORD_6246,CUST_802,2024-07-11,Basic Plan,LinkedIn,252.01,65.3,Completed
ORD_6247,CUST_934,2024-02-13,Pro Plan,Google Search,470.99,208.59,Completed
ORD_6248,CUST_747,2024-03-22,Pro Plan,Referral,668.46,221.02,Completed
ORD_6249,CUST_652,2025-01-04,Business Plan,LinkedIn,1193.83,181.95,Completed
ORD_6250,CUST_683,2024-09-11,Enterprise Plan,Partnership,106.95,34.91,Completed
ORD_6251,CUST_1044,2024-04-21,Business Plan,Partnership,877.57,330.78,Completed
ORD_6252,CUST_1490,2024-08-18,Pro Plan,Event Walk-in,495.83,195.59,Completed
ORD_6253,CUST_1245,2024-02-04,Basic Plan,Google Search,578.16,226.69,Cancelled
ORD_6254,CUST_1477,2024-05-05,Business Plan,Partnership,682.86,290.08,Completed
ORD_6255,CUST_153,2024-03-04,Enterprise Plan,Google Search,1091.6,226.51,Completed
ORD_6256,CUST_391,2025-05-02,Business Plan,LinkedIn,239.74,72.13,Completed
ORD_6257,CUST_1387,2024-07-14,Onboarding,Google Search,106.63,45.54,Completed
ORD_6258,CUST_714,2024-07-16,Basic Plan,LinkedIn,579.88,147.48,Cancelled
ORD_6259,CUST_1310,2024-03-13,Basic Plan,Google Search,91.27,26.83,Completed
ORD_6260,CUST_699,2024-04-28,Basic Plan,Instagram,482.15,207.97,Completed
ORD_6261,CUST_260,2024-06-29,Enterprise Plan,LinkedIn,461.45,193.01,Completed
ORD_6262,CUST_532,2024-07-29,Business Plan,LinkedIn,1066.93,247.05,Completed
ORD_6263,CUST_856,2025-03-24,Basic Plan,Instagram,201.52,45.88,Completed
ORD_6264,CUST_755,2024-12-06,Pro Plan,Partnership,672.11,301.63,Completed
ORD_6265,CUST_325,2024-10-07,Onboarding,LinkedIn,455.56,105.45,Refunded
ORD_6266,CUST_60,2025-03-29,Pro Plan,Google Search,22.6,4.06,Completed
ORD_6267,CUST_852,2024-12-02,Pro Plan,Google Search,788.78,204.28,Cancelled
ORD_6268,CUST_1308,2025-06-11,Business Plan,LinkedIn,731.75,315.82,Completed
ORD_6269,CUST_1108,2025-04-08,Pro Plan,Partnership,899.51,137.24,Completed
ORD_6270,CUST_1053,2024-01-24,Basic Plan,LinkedIn,915.92,321.32,Completed
ORD_6271,CUST_1288,2024-08-07,Pro Plan,Partnership,314.54,110.83,Completed
ORD_6272,CUST_116,2025-06-14,Business Plan,Google Search,386.59,76.68,Completed
ORD_6273,CUST_880,2024-06-16,Basic Plan,LinkedIn,244.09,86.25,Completed
ORD_6274,CUST_1123,2025-03-03,Business Plan,Instagram,152.88,27.83,Completed
ORD_6275,CUST_493,2025-01-03,Basic Plan,Partnership,102.22,39.29,Completed
ORD_6276,CUST_971,2024-06-24,Business Plan,Google Search,83.99,19.85,Completed
ORD_6277,CUST_767,2024-02-16,Pro Plan,Google Search,1182.3,331.11,Completed
ORD_6278,CUST_563,2025-02-01,Pro Plan,LinkedIn,337.32,119.65,Completed
ORD_6279,CUST_4,2024-11-08,Basic Plan,Instagram,1172.14,464.91,Refunded
ORD_6280,CUST_736,2024-07-12,Basic Plan,LinkedIn,105.47,33.26,Refunded
ORD_6281,CUST_270,2024-09-07,Onboarding,LinkedIn,319.71,74.36,Completed
ORD_6282,CUST_411,2025-01-10,Business Plan,Google Search,552.88,237.38,Completed
ORD_6283,CUST_462,2024-08-09,Business Plan,LinkedIn,512.99,132.02,Refunded
ORD_6284,CUST_1006,2024-05-06,Basic Plan,Partnership,872.29,285.83,Completed
ORD_6285,CUST_116,2025-06-05,Basic Plan,Google Search,525.18,236.05,Completed
ORD_6286,CUST_173,2024-10-09,Business Plan,Google Search,618.24,205.77,Completed
ORD_6287,CUST_1156,2024-10-31,Basic Plan,Referral,32.82,10.88,Refunded
ORD_6288,CUST_115,2025-02-04,Add-on,Event Walk-in,1062.78,193.35,Completed
ORD_6289,CUST_1339,2025-03-29,Add-on,LinkedIn,332.1,129.67,Completed
ORD_6290,CUST_582,2025-05-17,Basic Plan,LinkedIn,954.12,323.86,Completed
ORD_6291,CUST_1231,2024-10-22,Pro Plan,LinkedIn,1077.56,263.98,Completed
ORD_6292,CUST_1204,2025-03-28,Onboarding,LinkedIn,411.69,138.84,Completed
ORD_6293,CUST_1405,2024-12-20,Basic Plan,Partnership,234.85,64.23,Refunded
ORD_6294,CUST_112,2024-12-08,Basic Plan,Google Search,544.34,220.89,Completed
ORD_6295,CUST_1090,2024-04-26,Basic Plan,Instagram,1147.61,285.5,Completed
ORD_6296,CUST_936,2024-07-11,Basic Plan,LinkedIn,303.52,72.72,Completed
ORD_6297,CUST_803,2025-01-02,Premium Support,Google Search,1016.54,300.38,Completed
ORD_6298,CUST_1334,2025-02-04,Add-on,TikTok,1157.33,242.6,Completed
ORD_6299,CUST_1110,2024-05-23,Pro Plan,Google Search,930.24,250.67,Completed
ORD_6300,CUST_606,2024-08-02,Basic Plan,Google Search,639.01,214.13,Completed
ORD_6301,CUST_732,2024-01-19,Add-on,Instagram,246.48,63.71,Completed
ORD_6302,CUST_364,2025-01-27,Business Plan,Partnership,706.69,175.54,Completed
ORD_6303,CUST_904,2024-06-24,Pro Plan,LinkedIn,854.75,295.44,Completed
ORD_6304,CUST_418,2024-11-16,Pro Plan,Google Search,797.06,248.89,Completed
ORD_6305,CUST_707,2024-03-20,Basic Plan,LinkedIn,539.29,206.5,Completed
ORD_6306,CUST_904,2025-03-19,Enterprise Plan,LinkedIn,254.95,96.28,Completed
ORD_6307,CUST_927,2024-03-17,Add-on,LinkedIn,947.26,309.04,Completed
ORD_6308,CUST_1344,2024-08-09,Onboarding,Instagram,399.77,132.83,Refunded
ORD_6309,CUST_1079,2025-05-09,Basic Plan,Instagram,447.96,70.01,Completed
ORD_6310,CUST_474,2025-02-06,Pro Plan,LinkedIn,726.06,133.14,Completed
ORD_6311,CUST_550,2024-11-27,Basic Plan,Partnership,556.5,130.88,Completed
ORD_6312,CUST_10,2024-02-29,Basic Plan,Google Search,180.52,71.07,Completed
ORD_6313,CUST_745,2024-12-26,Add-on,Google Search,79.21,34.32,Completed
ORD_6314,CUST_8,2024-03-03,Business Plan,LinkedIn,596.48,167.58,Refunded
ORD_6315,CUST_484,2024-02-21,Pro Plan,Referral,620.46,206.92,Completed
ORD_6316,CUST_493,2024-03-15,Business Plan,Partnership,193.17,29.71,Completed
ORD_6317,CUST_767,2025-04-09,Basic Plan,Google Search,449.08,140.3,Completed
ORD_6318,CUST_536,2025-03-11,Business Plan,Google Search,963.24,273.6,Completed
ORD_6319,CUST_601,2025-05-17,Business Plan,LinkedIn,549.39,220.09,Completed
ORD_6320,CUST_1030,2024-12-14,Premium Support,Google Search,680.88,234.74,Completed
ORD_6321,CUST_846,2024-11-01,Business Plan,LinkedIn,296.7,62.03,Completed
ORD_6322,CUST_230,2024-08-24,Basic Plan,LinkedIn,623.18,181.44,Completed
ORD_6323,CUST_993,2024-08-10,Pro Plan,LinkedIn,1149.92,318.29,Completed
ORD_6324,CUST_1214,2025-02-12,Pro Plan,LinkedIn,185.23,70.38,Completed
ORD_6325,CUST_1260,2024-06-07,Onboarding,Partnership,775.99,204.89,Completed
ORD_6326,CUST_262,2024-05-08,Pro Plan,Instagram,808.36,281.58,Completed
ORD_6327,CUST_1319,2024-05-31,Business Plan,Google Search,125.61,36.94,Completed
ORD_6328,CUST_333,2024-02-06,Onboarding,Google Search,1085.1,340.5,Cancelled
ORD_6329,CUST_553,2024-03-25,Basic Plan,Google Search,730.69,285.65,Completed
ORD_6330,CUST_986,2024-11-01,Onboarding,Google Search,1054.75,270.74,Completed
ORD_6331,CUST_230,2025-03-30,Pro Plan,LinkedIn,343.37,85.36,Completed
ORD_6332,CUST_1382,2025-03-02,Basic Plan,Google Search,165.37,55.87,Completed
ORD_6333,CUST_16,2024-04-21,Basic Plan,Partnership,978.21,299.89,Completed
ORD_6334,CUST_197,2024-03-31,Basic Plan,Google Search,1103.59,303.72,Completed
ORD_6335,CUST_757,2024-08-04,Pro Plan,LinkedIn,169.28,48.44,Cancelled
ORD_6336,CUST_1318,2024-08-21,Basic Plan,Google Search,211.89,61.56,Refunded
ORD_6337,CUST_218,2024-05-08,Basic Plan,Event Walk-in,564.37,200.7,Completed
ORD_6338,CUST_779,2024-02-09,Business Plan,Instagram,163.04,37.7,Completed
ORD_6339,CUST_1275,2024-06-10,Basic Plan,Event Walk-in,1160.75,275.68,Completed
ORD_6340,CUST_827,2025-03-07,Basic Plan,LinkedIn,122.11,41.31,Completed
ORD_6341,CUST_634,2025-04-11,Business Plan,LinkedIn,229.96,34.5,Completed
ORD_6342,CUST_1402,2024-10-17,Basic Plan,LinkedIn,166.11,58.84,Refunded
ORD_6343,CUST_787,2024-09-07,Pro Plan,Google Search,1174.88,258.65,Refunded
ORD_6344,CUST_297,2024-12-30,Basic Plan,Google Search,872.67,345.91,Completed
ORD_6345,CUST_68,2024-12-01,Basic Plan,Google Search,671.93,293.06,Completed
ORD_6346,CUST_1265,2024-04-25,Pro Plan,TikTok,510.98,209.9,Refunded
ORD_6347,CUST_125,2025-06-30,Pro Plan,Google Search,1014.98,327.62,Completed
ORD_6348,CUST_259,2025-05-16,Pro Plan,LinkedIn,1031.61,438.92,Completed
ORD_6349,CUST_735,2024-10-14,Basic Plan,LinkedIn,730.84,191.33,Completed
ORD_6350,CUST_1106,2024-05-22,Basic Plan,Google Search,325.9,64.7,Refunded
ORD_6351,CUST_812,2024-04-17,Basic Plan,LinkedIn,343.76,91.92,Completed
ORD_6352,CUST_361,2025-04-29,Basic Plan,Google Search,775.24,336.92,Cancelled
ORD_6353,CUST_758,2024-05-05,Basic Plan,Google Search,611.64,240.97,Completed
ORD_6354,CUST_177,2025-01-07,Basic Plan,Google Search,657.87,233.81,Completed
ORD_6355,CUST_1246,2024-06-21,Pro Plan,Google Search,175.55,39.07,Cancelled
ORD_6356,CUST_1339,2024-10-29,Enterprise Plan,LinkedIn,936.24,184.08,Completed
ORD_6357,CUST_460,2024-08-25,Pro Plan,LinkedIn,686.41,128.64,Completed
ORD_6358,CUST_737,2025-05-15,Add-on,Google Search,1187.24,202.29,Completed
ORD_6359,CUST_957,2025-02-26,Basic Plan,Google Search,630.18,251.56,Refunded
ORD_6360,CUST_369,2024-03-17,Enterprise Plan,LinkedIn,1179.32,350.04,Refunded
ORD_6361,CUST_135,2025-05-16,Basic Plan,Instagram,766.15,208.86,Completed
ORD_6362,CUST_143,2024-10-03,Business Plan,Partnership,111.29,28.06,Completed
ORD_6363,CUST_91,2024-09-20,Basic Plan,LinkedIn,904.93,373.69,Completed
ORD_6364,CUST_221,2024-07-18,Basic Plan,Instagram,416.29,169.6,Refunded
ORD_6365,CUST_227,2024-10-20,Pro Plan,Google Search,852.66,212.96,Completed
ORD_6366,CUST_432,2024-12-27,Add-on,Partnership,67.92,20.99,Completed
ORD_6367,CUST_426,2024-11-26,Add-on,Google Search,107.85,38.4,Completed
ORD_6368,CUST_1199,2024-12-26,Business Plan,LinkedIn,671.07,198.43,Completed
ORD_6369,CUST_952,2024-05-14,Onboarding,LinkedIn,820.0,256.47,Completed
ORD_6370,CUST_1182,2024-04-09,Basic Plan,Google Search,879.98,346.6,Completed
ORD_6371,CUST_302,2025-02-11,Pro Plan,LinkedIn,26.55,7.54,Refunded
ORD_6372,CUST_1313,2024-08-27,Business Plan,Google Search,414.6,164.47,Completed
ORD_6373,CUST_782,2024-02-09,Basic Plan,Event Walk-in,544.81,180.41,Completed
ORD_6374,CUST_1464,2024-08-15,Basic Plan,Instagram,461.51,113.84,Completed
ORD_6375,CUST_1477,2024-02-05,Enterprise Plan,Partnership,149.4,32.67,Cancelled
ORD_6376,CUST_358,2024-04-23,Pro Plan,Instagram,1112.04,372.01,Completed
ORD_6377,CUST_418,2024-05-05,Basic Plan,Google Search,1130.57,196.28,Completed
ORD_6378,CUST_25,2025-06-29,Business Plan,Google Search,613.03,163.72,Completed
ORD_6379,CUST_871,2025-05-17,Pro Plan,Partnership,1094.42,416.94,Completed
ORD_6380,CUST_197,2025-04-02,Pro Plan,Google Search,879.65,339.7,Refunded
ORD_6381,CUST_562,2024-12-20,Pro Plan,LinkedIn,343.36,153.7,Completed
ORD_6382,CUST_1257,2024-11-04,Basic Plan,LinkedIn,89.65,34.41,Completed
ORD_6383,CUST_1080,2025-04-29,Basic Plan,Partnership,1090.68,330.84,Completed
ORD_6384,CUST_594,2024-02-22,Basic Plan,Google Search,744.72,185.59,Completed
ORD_6385,CUST_82,2025-01-09,Basic Plan,Instagram,93.63,17.07,Completed
ORD_6386,CUST_332,2024-03-31,Basic Plan,LinkedIn,313.55,106.93,Cancelled
ORD_6387,CUST_1373,2025-03-13,Enterprise Plan,LinkedIn,93.96,24.63,Completed
ORD_6388,CUST_85,2024-03-09,Pro Plan,LinkedIn,744.37,275.26,Completed
ORD_6389,CUST_588,2025-06-27,Business Plan,TikTok,216.55,76.01,Completed
ORD_6390,CUST_1013,2024-03-03,Business Plan,Google Search,776.39,127.25,Completed
ORD_6391,CUST_626,2024-01-15,Pro Plan,LinkedIn,371.68,93.13,Completed
ORD_6392,CUST_1226,2024-12-10,Basic Plan,Google Search,717.99,110.5,Completed
ORD_6393,CUST_779,2024-08-13,Onboarding,Instagram,506.84,94.4,Completed
ORD_6394,CUST_1120,2024-12-16,Add-on,LinkedIn,1095.11,339.91,Completed
ORD_6395,CUST_184,2024-01-08,Business Plan,LinkedIn,1065.7,440.76,Refunded
ORD_6396,CUST_1432,2024-12-22,Pro Plan,LinkedIn,759.03,246.29,Completed
ORD_6397,CUST_697,2025-02-07,Pro Plan,TikTok,744.42,173.93,Completed
ORD_6398,CUST_74,2025-06-19,Basic Plan,Instagram,188.3,51.63,Completed
ORD_6399,CUST_1223,2024-09-30,Basic Plan,Google Search,945.77,149.43,Completed
ORD_6400,CUST_128,2024-12-10,Enterprise Plan,LinkedIn,936.95,159.85,Completed
ORD_6401,CUST_1237,2024-12-04,Business Plan,LinkedIn,842.5,161.53,Completed
ORD_6402,CUST_257,2025-02-09,Enterprise Plan,Google Search,1072.91,310.12,Completed
ORD_6403,CUST_949,2025-03-16,Basic Plan,LinkedIn,1107.71,479.65,Completed
ORD_6404,CUST_1380,2024-08-11,Pro Plan,LinkedIn,1156.98,292.16,Completed
ORD_6405,CUST_436,2025-03-27,Add-on,LinkedIn,1097.42,256.51,Completed
ORD_6406,CUST_821,2024-03-09,Premium Support,TikTok,84.31,14.3,Completed
ORD_6407,CUST_252,2024-05-21,Pro Plan,Google Search,300.02,84.93,Completed
ORD_6408,CUST_540,2024-07-15,Pro Plan,LinkedIn,234.03,91.0,Completed
ORD_6409,CUST_1087,2025-02-18,Enterprise Plan,Google Search,165.37,58.28,Completed
ORD_6410,CUST_514,2025-02-21,Onboarding,Google Search,917.33,398.18,Completed
ORD_6411,CUST_212,2024-10-13,Business Plan,Google Search,1134.29,381.93,Completed
ORD_6412,CUST_262,2025-03-24,Basic Plan,Instagram,828.31,174.78,Completed
ORD_6413,CUST_178,2024-03-01,Business Plan,Partnership,1196.55,454.0,Completed
ORD_6414,CUST_248,2025-03-22,Pro Plan,Event Walk-in,1042.38,367.71,Completed
ORD_6415,CUST_1316,2024-05-18,Business Plan,TikTok,801.76,266.54,Completed
ORD_6416,CUST_754,2024-12-16,Pro Plan,LinkedIn,1097.24,210.41,Cancelled
ORD_6417,CUST_748,2024-06-15,Pro Plan,Google Search,309.32,126.21,Completed
ORD_6418,CUST_1105,2024-04-28,Basic Plan,LinkedIn,648.57,239.61,Completed
ORD_6419,CUST_463,2024-12-27,Business Plan,Google Search,355.36,102.21,Completed
ORD_6420,CUST_1329,2024-02-25,Basic Plan,LinkedIn,948.37,412.64,Completed
ORD_6421,CUST_1171,2024-11-06,Basic Plan,LinkedIn,1022.08,355.38,Cancelled
ORD_6422,CUST_1394,2024-04-06,Business Plan,Google Search,826.13,196.21,Cancelled
ORD_6423,CUST_769,2024-12-25,Enterprise Plan,Google Search,246.62,102.67,Completed
ORD_6424,CUST_1311,2025-04-14,Basic Plan,Google Search,547.2,183.3,Completed
ORD_6425,CUST_132,2024-01-22,Basic Plan,TikTok,1029.9,218.16,Completed
ORD_6426,CUST_358,2024-11-07,Pro Plan,Instagram,426.28,102.45,Refunded
ORD_6427,CUST_542,2025-01-29,Basic Plan,Google Search,242.32,64.55,Completed
ORD_6428,CUST_1108,2024-08-14,Basic Plan,Partnership,399.26,157.43,Completed
ORD_6429,CUST_1224,2024-12-08,Basic Plan,TikTok,335.38,139.75,Completed
ORD_6430,CUST_631,2025-04-18,Business Plan,Google Search,486.7,146.47,Completed
ORD_6431,CUST_2,2025-01-07,Basic Plan,Google Search,686.41,205.41,Completed
ORD_6432,CUST_128,2025-01-04,Basic Plan,LinkedIn,277.42,68.91,Completed
ORD_6433,CUST_484,2025-06-14,Basic Plan,Referral,640.18,193.38,Completed
ORD_6434,CUST_47,2024-01-29,Basic Plan,TikTok,1172.47,446.21,Completed
ORD_6435,CUST_197,2025-05-31,Business Plan,Google Search,298.12,52.25,Completed
ORD_6436,CUST_1205,2024-03-18,Pro Plan,LinkedIn,23.76,5.42,Completed
ORD_6437,CUST_373,2024-06-19,Basic Plan,LinkedIn,701.9,274.31,Completed
ORD_6438,CUST_1480,2025-01-10,Pro Plan,LinkedIn,451.03,185.76,Completed
ORD_6439,CUST_860,2024-06-11,Basic Plan,Partnership,132.73,24.85,Completed
ORD_6440,CUST_765,2024-10-08,Pro Plan,Google Search,908.88,198.27,Completed
ORD_6441,CUST_1177,2025-03-07,Pro Plan,Instagram,731.09,168.96,Refunded
ORD_6442,CUST_42,2024-09-11,Pro Plan,Instagram,239.68,94.99,Completed
ORD_6443,CUST_294,2024-04-13,Basic Plan,LinkedIn,142.49,42.7,Completed
ORD_6444,CUST_904,2025-02-28,Business Plan,LinkedIn,940.12,299.66,Completed
ORD_6445,CUST_691,2025-03-07,Basic Plan,Google Search,323.93,137.32,Refunded
ORD_6446,CUST_85,2024-07-18,Basic Plan,LinkedIn,921.33,317.13,Completed
ORD_6447,CUST_861,2025-04-18,Pro Plan,LinkedIn,298.8,54.64,Completed
ORD_6448,CUST_412,2024-04-26,Basic Plan,Instagram,214.96,34.54,Completed
ORD_6449,CUST_702,2024-09-01,Basic Plan,Google Search,266.23,80.63,Completed
ORD_6450,CUST_612,2024-02-22,Enterprise Plan,Google Search,33.59,5.99,Completed
ORD_6451,CUST_1418,2024-04-22,Pro Plan,LinkedIn,693.29,126.75,Completed
ORD_6452,CUST_63,2024-01-07,Add-on,Google Search,962.71,326.19,Completed
ORD_6453,CUST_1282,2025-06-16,Pro Plan,LinkedIn,897.72,344.19,Completed
ORD_6454,CUST_1412,2024-12-21,Basic Plan,Google Search,203.78,89.65,Completed
ORD_6455,CUST_654,2024-08-27,Basic Plan,Partnership,616.76,261.52,Completed
ORD_6456,CUST_718,2025-05-03,Pro Plan,Referral,517.67,179.76,Completed
ORD_6457,CUST_984,2025-04-23,Basic Plan,Google Search,338.1,56.58,Completed
ORD_6458,CUST_1388,2024-01-29,Pro Plan,Instagram,774.97,263.53,Completed
ORD_6459,CUST_186,2025-03-19,Pro Plan,LinkedIn,509.64,185.14,Completed
ORD_6460,CUST_733,2025-05-12,Pro Plan,Google Search,541.87,185.0,Completed
ORD_6461,CUST_89,2024-06-14,Pro Plan,LinkedIn,438.23,79.18,Completed
ORD_6462,CUST_820,2024-11-23,Business Plan,Partnership,790.48,158.88,Completed
ORD_6463,CUST_1027,2024-07-04,Onboarding,Google Search,1136.78,415.62,Completed
ORD_6464,CUST_1352,2024-10-14,Business Plan,LinkedIn,999.54,154.47,Completed
ORD_6465,CUST_152,2024-07-25,Basic Plan,Google Search,698.44,239.51,Completed
ORD_6466,CUST_470,2024-02-09,Enterprise Plan,Partnership,1082.32,391.7,Completed
ORD_6467,CUST_1329,2025-01-10,Basic Plan,LinkedIn,576.25,220.27,Completed
ORD_6468,CUST_1403,2024-10-04,Basic Plan,Google Search,143.81,55.16,Completed
ORD_6469,CUST_498,2024-01-26,Business Plan,LinkedIn,1139.05,493.82,Completed
ORD_6470,CUST_441,2024-10-29,Enterprise Plan,LinkedIn,132.01,24.69,Refunded
ORD_6471,CUST_911,2025-01-28,Pro Plan,Partnership,216.47,66.98,Completed
ORD_6472,CUST_854,2025-04-06,Basic Plan,Partnership,480.3,198.19,Completed
ORD_6473,CUST_1463,2025-06-11,Enterprise Plan,Instagram,885.49,147.15,Completed
ORD_6474,CUST_795,2025-06-11,Add-on,LinkedIn,605.66,260.94,Completed
ORD_6475,CUST_64,2025-05-07,Add-on,Partnership,343.84,92.03,Completed
ORD_6476,CUST_786,2024-10-05,Business Plan,LinkedIn,395.4,170.0,Completed
ORD_6477,CUST_1178,2024-04-07,Business Plan,Instagram,669.71,241.61,Completed
ORD_6478,CUST_721,2025-02-06,Enterprise Plan,Partnership,626.31,155.21,Completed
ORD_6479,CUST_1332,2024-07-27,Business Plan,Google Search,1136.8,386.98,Completed
ORD_6480,CUST_1489,2025-05-08,Onboarding,Google Search,869.15,147.67,Completed
ORD_6481,CUST_316,2024-11-12,Onboarding,LinkedIn,1127.92,231.19,Completed
ORD_6482,CUST_488,2025-04-08,Business Plan,Partnership,339.8,105.38,Completed
ORD_6483,CUST_861,2024-07-29,Business Plan,LinkedIn,200.58,30.98,Completed
ORD_6484,CUST_689,2025-03-22,Business Plan,Partnership,224.05,97.56,Completed
ORD_6485,CUST_875,2025-05-11,Basic Plan,Referral,298.49,116.99,Completed
ORD_6486,CUST_1146,2024-02-02,Business Plan,Google Search,41.35,11.79,Completed
ORD_6487,CUST_771,2024-10-04,Business Plan,Google Search,179.07,70.53,Completed
ORD_6488,CUST_499,2025-05-16,Onboarding,Google Search,187.75,82.43,Completed
ORD_6489,CUST_1453,2024-01-16,Pro Plan,LinkedIn,280.65,98.56,Completed
ORD_6490,CUST_165,2024-02-04,Pro Plan,Partnership,155.44,30.63,Completed
ORD_6491,CUST_339,2024-07-01,Business Plan,LinkedIn,200.89,47.96,Completed
ORD_6492,CUST_853,2025-05-02,Pro Plan,TikTok,763.44,254.93,Completed
ORD_6493,CUST_947,2025-03-28,Business Plan,Partnership,975.02,363.64,Completed
ORD_6494,CUST_927,2025-04-28,Basic Plan,LinkedIn,827.79,223.11,Completed
ORD_6495,CUST_537,2025-02-11,Basic Plan,Google Search,489.74,147.37,Completed
ORD_6496,CUST_673,2025-03-08,Pro Plan,Instagram,545.98,206.28,Completed
ORD_6497,CUST_381,2024-12-27,Business Plan,Partnership,131.0,56.12,Completed
ORD_6498,CUST_1290,2025-04-12,Pro Plan,Instagram,1118.39,361.51,Completed
ORD_6499,CUST_1114,2024-10-28,Basic Plan,Partnership,1064.4,260.3,Completed
ORD_6500,CUST_1488,2025-02-04,Pro Plan,Partnership,167.07,50.67,Completed
ORD_6501,CUST_801,2025-03-09,Basic Plan,LinkedIn,74.64,19.31,Completed
ORD_6502,CUST_663,2024-01-26,Business Plan,Partnership,1030.19,244.71,Completed
ORD_6503,CUST_1085,2025-06-27,Pro Plan,Partnership,972.6,337.64,Refunded
ORD_6504,CUST_490,2025-03-22,Enterprise Plan,LinkedIn,836.07,323.27,Completed
ORD_6505,CUST_1425,2024-10-11,Pro Plan,LinkedIn,235.16,50.8,Completed
ORD_6506,CUST_633,2024-01-04,Basic Plan,TikTok,1130.34,321.05,Completed
ORD_6507,CUST_502,2024-10-13,Business Plan,LinkedIn,1009.13,210.72,Completed
ORD_6508,CUST_1225,2024-03-23,Enterprise Plan,Google Search,671.28,251.03,Completed
ORD_6509,CUST_1085,2024-04-23,Basic Plan,Partnership,321.8,105.64,Completed
ORD_6510,CUST_1491,2024-11-19,Premium Support,Partnership,354.37,73.87,Completed
ORD_6511,CUST_586,2025-06-30,Enterprise Plan,Google Search,581.93,250.8,Completed
ORD_6512,CUST_657,2024-07-15,Pro Plan,Instagram,712.4,158.2,Completed
ORD_6513,CUST_1254,2025-04-18,Basic Plan,Instagram,932.76,378.72,Cancelled
ORD_6514,CUST_94,2024-09-20,Enterprise Plan,Google Search,680.52,251.47,Completed
ORD_6515,CUST_1330,2024-02-04,Basic Plan,Instagram,225.3,85.98,Completed
ORD_6516,CUST_1133,2024-08-13,Basic Plan,TikTok,1052.36,272.83,Completed
ORD_6517,CUST_1095,2024-06-30,Business Plan,Google Search,58.08,20.86,Completed
ORD_6518,CUST_594,2024-11-26,Pro Plan,Google Search,286.28,93.98,Completed
ORD_6519,CUST_860,2024-09-12,Onboarding,Partnership,432.42,158.23,Completed
ORD_6520,CUST_1016,2025-06-08,Basic Plan,Instagram,1031.74,173.87,Completed
ORD_6521,CUST_922,2025-05-20,Onboarding,Partnership,49.3,15.45,Completed
ORD_6522,CUST_503,2024-01-12,Basic Plan,Google Search,113.76,44.69,Refunded
ORD_6523,CUST_693,2024-01-29,Business Plan,Partnership,633.97,168.49,Completed
ORD_6524,CUST_435,2025-05-08,Add-on,Google Search,29.6,6.92,Completed
ORD_6525,CUST_265,2024-09-24,Business Plan,Instagram,328.18,68.55,Refunded
ORD_6526,CUST_211,2025-01-06,Pro Plan,LinkedIn,849.46,293.37,Completed
ORD_6527,CUST_1465,2024-09-08,Enterprise Plan,Google Search,745.76,181.63,Completed
ORD_6528,CUST_29,2025-04-19,Basic Plan,LinkedIn,106.36,37.93,Refunded
ORD_6529,CUST_1279,2024-06-29,Basic Plan,LinkedIn,979.66,191.36,Completed
ORD_6530,CUST_977,2024-11-20,Onboarding,LinkedIn,1128.56,298.36,Completed
ORD_6531,CUST_193,2025-05-28,Business Plan,Instagram,1065.14,264.87,Completed
ORD_6532,CUST_1030,2024-03-11,Pro Plan,Google Search,960.18,414.63,Completed
ORD_6533,CUST_993,2024-05-27,Add-on,LinkedIn,514.54,178.93,Completed
ORD_6534,CUST_1335,2024-03-17,Basic Plan,Google Search,79.36,22.01,Refunded
ORD_6535,CUST_574,2024-12-01,Add-on,TikTok,1161.51,275.18,Completed
ORD_6536,CUST_20,2024-04-25,Business Plan,LinkedIn,614.06,264.75,Completed
ORD_6537,CUST_348,2024-05-07,Enterprise Plan,Google Search,950.85,157.94,Completed
ORD_6538,CUST_1116,2024-01-31,Basic Plan,LinkedIn,612.58,151.07,Completed
ORD_6539,CUST_278,2024-07-04,Pro Plan,Partnership,778.34,153.23,Completed
ORD_6540,CUST_1384,2024-12-23,Enterprise Plan,Instagram,589.72,253.84,Completed
ORD_6541,CUST_282,2025-06-09,Basic Plan,Referral,1111.8,368.59,Completed
ORD_6542,CUST_1425,2024-04-01,Basic Plan,LinkedIn,1089.61,440.75,Completed
ORD_6543,CUST_1006,2024-04-16,Basic Plan,Partnership,957.64,259.57,Completed
ORD_6544,CUST_415,2024-05-02,Enterprise Plan,LinkedIn,477.8,142.02,Completed
ORD_6545,CUST_189,2025-06-19,Basic Plan,TikTok,1018.92,229.94,Completed
ORD_6546,CUST_1370,2024-08-01,Pro Plan,Partnership,734.89,151.57,Completed
ORD_6547,CUST_896,2024-09-23,Pro Plan,Partnership,842.44,138.03,Completed
ORD_6548,CUST_1442,2024-12-12,Pro Plan,Google Search,993.3,337.19,Completed
ORD_6549,CUST_656,2025-01-26,Business Plan,Google Search,1130.56,375.98,Refunded
ORD_6550,CUST_1364,2024-06-04,Pro Plan,Partnership,753.92,235.37,Completed
ORD_6551,CUST_463,2024-12-11,Basic Plan,Google Search,1136.15,284.56,Completed
ORD_6552,CUST_778,2024-04-25,Pro Plan,Google Search,608.95,172.37,Completed
ORD_6553,CUST_1098,2024-03-30,Enterprise Plan,LinkedIn,984.39,419.97,Completed
ORD_6554,CUST_1467,2024-11-12,Enterprise Plan,Partnership,996.86,394.78,Completed
ORD_6555,CUST_528,2024-04-02,Enterprise Plan,LinkedIn,282.58,95.95,Completed
ORD_6556,CUST_550,2025-05-07,Basic Plan,Partnership,758.3,313.35,Completed
ORD_6557,CUST_849,2025-05-18,Basic Plan,Google Search,622.24,244.87,Completed
ORD_6558,CUST_74,2024-06-29,Premium Support,Instagram,665.75,236.9,Completed
ORD_6559,CUST_72,2024-02-01,Business Plan,Google Search,854.68,250.44,Completed
ORD_6560,CUST_67,2024-04-28,Basic Plan,LinkedIn,882.04,180.09,Completed
ORD_6561,CUST_1500,2024-05-31,Business Plan,Google Search,364.33,66.56,Completed
ORD_6562,CUST_421,2024-06-14,Basic Plan,LinkedIn,339.18,142.91,Cancelled
ORD_6563,CUST_832,2024-10-08,Basic Plan,LinkedIn,279.62,86.89,Completed
ORD_6564,CUST_1306,2024-04-05,Basic Plan,Google Search,184.76,32.18,Refunded
ORD_6565,CUST_962,2024-04-07,Enterprise Plan,LinkedIn,1078.7,349.01,Refunded
ORD_6566,CUST_1149,2025-03-20,Enterprise Plan,Google Search,1149.51,306.12,Completed
ORD_6567,CUST_1367,2024-03-31,Pro Plan,LinkedIn,281.65,118.36,Completed
ORD_6568,CUST_503,2024-03-01,Basic Plan,Google Search,804.53,127.21,Completed
ORD_6569,CUST_1188,2024-06-18,Business Plan,Google Search,1068.1,430.08,Completed
ORD_6570,CUST_796,2024-05-01,Enterprise Plan,LinkedIn,27.26,6.16,Completed
ORD_6571,CUST_944,2025-04-15,Pro Plan,Partnership,1043.03,305.42,Completed
ORD_6572,CUST_968,2024-11-12,Onboarding,LinkedIn,36.03,10.54,Completed
ORD_6573,CUST_505,2025-06-14,Business Plan,LinkedIn,265.43,95.14,Completed
ORD_6574,CUST_165,2024-08-01,Pro Plan,Partnership,765.33,169.4,Completed
ORD_6575,CUST_897,2025-06-10,Enterprise Plan,Instagram,96.1,26.37,Completed
ORD_6576,CUST_503,2024-06-17,Pro Plan,Google Search,435.54,172.12,Completed
ORD_6577,CUST_1399,2024-09-08,Basic Plan,Partnership,1041.03,249.42,Completed
ORD_6578,CUST_331,2024-08-12,Basic Plan,LinkedIn,97.46,41.27,Completed
ORD_6579,CUST_983,2025-05-24,Basic Plan,TikTok,468.28,100.05,Refunded
ORD_6580,CUST_982,2024-11-15,Basic Plan,Google Search,173.36,61.01,Completed
ORD_6581,CUST_711,2024-12-23,Pro Plan,TikTok,272.05,47.07,Completed
ORD_6582,CUST_579,2024-04-21,Basic Plan,LinkedIn,137.17,24.3,Completed
ORD_6583,CUST_253,2025-02-24,Basic Plan,Google Search,157.21,48.19,Refunded
ORD_6584,CUST_843,2024-08-08,Pro Plan,Instagram,1190.67,251.59,Completed
ORD_6585,CUST_376,2024-11-09,Basic Plan,Partnership,441.58,173.07,Completed
ORD_6586,CUST_1452,2024-09-05,Basic Plan,Google Search,875.13,226.53,Completed
ORD_6587,CUST_1391,2024-05-19,Basic Plan,Google Search,228.05,82.41,Completed
ORD_6588,CUST_1145,2024-07-18,Business Plan,LinkedIn,326.84,55.88,Completed
ORD_6589,CUST_202,2024-08-19,Pro Plan,Google Search,822.61,363.44,Completed
ORD_6590,CUST_773,2025-04-02,Basic Plan,Google Search,721.12,246.64,Completed
ORD_6591,CUST_445,2024-07-14,Business Plan,Google Search,474.62,71.21,Completed
ORD_6592,CUST_660,2024-01-23,Basic Plan,LinkedIn,560.82,230.12,Completed
ORD_6593,CUST_712,2024-09-04,Pro Plan,Partnership,1000.14,210.83,Completed
ORD_6594,CUST_293,2025-05-25,Basic Plan,Google Search,361.89,63.73,Completed
ORD_6595,CUST_186,2025-01-01,Basic Plan,LinkedIn,82.63,26.86,Completed
ORD_6596,CUST_1154,2024-10-02,Onboarding,Event Walk-in,1162.96,396.34,Completed
ORD_6597,CUST_604,2024-09-01,Pro Plan,Partnership,161.4,66.65,Completed
ORD_6598,CUST_1311,2024-03-29,Basic Plan,Google Search,139.35,30.31,Completed
ORD_6599,CUST_381,2024-02-18,Premium Support,Partnership,667.5,201.78,Completed
ORD_6600,CUST_1038,2025-05-08,Business Plan,Google Search,566.11,217.11,Completed
ORD_6601,CUST_268,2024-10-16,Basic Plan,LinkedIn,335.99,95.57,Completed
ORD_6602,CUST_1217,2024-10-26,Basic Plan,LinkedIn,1175.53,267.95,Completed
ORD_6603,CUST_367,2024-03-02,Basic Plan,LinkedIn,787.25,186.05,Completed
ORD_6604,CUST_1362,2024-04-19,Enterprise Plan,Referral,433.26,130.1,Completed
ORD_6605,CUST_466,2024-11-19,Pro Plan,TikTok,870.32,340.86,Completed
ORD_6606,CUST_922,2025-03-09,Basic Plan,Partnership,540.49,103.21,Completed
ORD_6607,CUST_2,2024-08-21,Pro Plan,Google Search,936.06,186.74,Cancelled
ORD_6608,CUST_1469,2024-01-05,Basic Plan,Instagram,831.82,157.43,Completed
ORD_6609,CUST_1032,2024-01-22,Pro Plan,Instagram,300.81,53.16,Cancelled
ORD_6610,CUST_1404,2024-08-17,Basic Plan,Google Search,628.51,196.05,Completed
ORD_6611,CUST_1065,2024-08-04,Basic Plan,LinkedIn,379.11,105.82,Completed
ORD_6612,CUST_330,2025-05-24,Basic Plan,Instagram,299.59,53.67,Completed
ORD_6613,CUST_697,2024-08-20,Pro Plan,TikTok,220.31,55.63,Completed
ORD_6614,CUST_119,2024-11-10,Pro Plan,Google Search,996.08,168.94,Refunded
ORD_6615,CUST_973,2024-10-26,Business Plan,LinkedIn,318.05,52.11,Completed
ORD_6616,CUST_179,2024-05-30,Pro Plan,Instagram,425.17,108.69,Completed
ORD_6617,CUST_823,2024-05-19,Basic Plan,Google Search,503.66,191.91,Completed
ORD_6618,CUST_396,2024-07-06,Business Plan,LinkedIn,869.35,336.63,Completed
ORD_6619,CUST_306,2024-11-11,Basic Plan,LinkedIn,334.44,70.49,Completed
ORD_6620,CUST_1476,2024-05-04,Pro Plan,Partnership,1140.03,212.27,Completed
ORD_6621,CUST_700,2024-07-11,Onboarding,Google Search,453.63,146.46,Completed
ORD_6622,CUST_1429,2025-03-20,Basic Plan,LinkedIn,468.71,188.5,Completed
ORD_6623,CUST_91,2025-04-01,Pro Plan,LinkedIn,1166.12,344.74,Completed
ORD_6624,CUST_387,2024-05-28,Enterprise Plan,LinkedIn,923.15,323.76,Completed
ORD_6625,CUST_942,2025-03-30,Enterprise Plan,LinkedIn,923.28,348.23,Completed
ORD_6626,CUST_766,2024-05-09,Business Plan,Partnership,398.75,144.65,Cancelled
ORD_6627,CUST_1152,2024-04-19,Pro Plan,Referral,630.2,217.43,Completed
ORD_6628,CUST_411,2024-06-30,Premium Support,Google Search,235.25,68.7,Completed
ORD_6629,CUST_1376,2024-04-14,Add-on,LinkedIn,216.23,47.72,Completed
ORD_6630,CUST_989,2025-05-03,Add-on,TikTok,171.73,60.98,Completed
ORD_6631,CUST_1319,2025-01-27,Business Plan,Google Search,728.91,151.94,Completed
ORD_6632,CUST_1121,2024-03-03,Pro Plan,Google Search,283.43,72.19,Refunded
ORD_6633,CUST_522,2024-08-16,Pro Plan,TikTok,38.36,13.2,Completed
ORD_6634,CUST_209,2024-11-17,Basic Plan,LinkedIn,994.9,314.22,Completed
ORD_6635,CUST_246,2024-06-15,Pro Plan,Google Search,95.93,32.96,Completed
ORD_6636,CUST_993,2024-06-06,Pro Plan,LinkedIn,995.61,266.13,Completed
ORD_6637,CUST_740,2024-09-28,Basic Plan,Instagram,255.94,51.67,Completed
ORD_6638,CUST_348,2024-10-23,Pro Plan,Google Search,1195.72,253.31,Completed
ORD_6639,CUST_404,2024-11-06,Business Plan,Instagram,489.98,116.95,Completed
ORD_6640,CUST_718,2024-07-02,Basic Plan,Referral,1191.58,213.53,Completed
ORD_6641,CUST_1044,2024-03-05,Add-on,Partnership,358.67,155.77,Refunded
ORD_6642,CUST_1233,2024-05-08,Pro Plan,LinkedIn,1174.18,408.78,Cancelled
ORD_6643,CUST_1148,2025-04-13,Pro Plan,Partnership,147.83,29.57,Completed
ORD_6644,CUST_271,2024-09-10,Business Plan,Google Search,975.58,428.24,Completed
ORD_6645,CUST_1005,2025-05-09,Basic Plan,Instagram,683.21,119.89,Completed
ORD_6646,CUST_949,2024-02-26,Basic Plan,LinkedIn,449.66,182.94,Completed
ORD_6647,CUST_880,2024-09-15,Enterprise Plan,LinkedIn,468.45,194.82,Completed
ORD_6648,CUST_823,2024-09-24,Pro Plan,Google Search,1039.94,345.91,Completed
ORD_6649,CUST_60,2024-08-10,Business Plan,Google Search,483.35,194.11,Completed
ORD_6650,CUST_1253,2025-02-21,Basic Plan,Partnership,683.64,285.06,Refunded
ORD_6651,CUST_210,2025-05-19,Pro Plan,Google Search,467.0,154.03,Completed
ORD_6652,CUST_124,2024-01-29,Basic Plan,LinkedIn,891.4,328.35,Completed
ORD_6653,CUST_720,2025-02-27,Pro Plan,Google Search,583.47,190.68,Completed
ORD_6654,CUST_736,2024-07-06,Pro Plan,LinkedIn,929.23,232.09,Completed
ORD_6655,CUST_1306,2024-08-30,Basic Plan,Google Search,623.96,246.7,Completed
ORD_6656,CUST_48,2025-01-08,Pro Plan,Google Search,815.77,338.23,Completed
ORD_6657,CUST_311,2025-05-15,Basic Plan,Instagram,422.93,178.06,Completed
ORD_6658,CUST_393,2024-05-02,Pro Plan,LinkedIn,882.97,209.06,Completed
ORD_6659,CUST_217,2024-06-19,Premium Support,Google Search,854.72,255.52,Refunded
ORD_6660,CUST_619,2024-05-17,Enterprise Plan,Google Search,679.14,171.91,Refunded
ORD_6661,CUST_779,2024-01-03,Basic Plan,Instagram,1014.89,313.24,Completed
ORD_6662,CUST_838,2024-04-03,Add-on,Partnership,179.76,79.83,Cancelled
ORD_6663,CUST_16,2024-12-14,Pro Plan,Partnership,165.26,26.39,Completed
ORD_6664,CUST_1416,2024-04-07,Pro Plan,LinkedIn,395.42,103.44,Completed
ORD_6665,CUST_925,2025-03-11,Pro Plan,Google Search,205.79,52.0,Completed
ORD_6666,CUST_1446,2025-01-13,Basic Plan,LinkedIn,737.39,282.77,Completed
ORD_6667,CUST_814,2024-06-08,Basic Plan,LinkedIn,144.08,42.82,Completed
ORD_6668,CUST_992,2024-05-30,Basic Plan,Partnership,459.66,132.75,Completed
ORD_6669,CUST_727,2025-02-06,Onboarding,Instagram,1032.39,301.71,Completed
ORD_6670,CUST_1482,2024-07-04,Basic Plan,Partnership,635.15,210.19,Completed
ORD_6671,CUST_873,2024-06-24,Onboarding,Partnership,703.29,176.19,Completed
ORD_6672,CUST_553,2025-03-14,Pro Plan,Google Search,909.62,256.34,Completed
ORD_6673,CUST_1485,2024-02-26,Enterprise Plan,LinkedIn,176.06,35.74,Completed
ORD_6674,CUST_1032,2024-10-02,Business Plan,Instagram,736.8,268.8,Completed
ORD_6675,CUST_1363,2024-07-12,Business Plan,Instagram,150.06,65.02,Completed
ORD_6676,CUST_1052,2024-12-10,Basic Plan,Partnership,1069.25,165.02,Refunded
ORD_6677,CUST_97,2024-01-18,Pro Plan,Google Search,569.52,241.02,Completed
ORD_6678,CUST_465,2024-05-11,Basic Plan,Instagram,803.25,327.3,Completed
ORD_6679,CUST_883,2024-03-10,Pro Plan,Google Search,325.96,114.79,Refunded
ORD_6680,CUST_985,2024-07-18,Basic Plan,Partnership,46.62,19.74,Completed
ORD_6681,CUST_1429,2024-02-26,Pro Plan,LinkedIn,1089.51,398.56,Completed
ORD_6682,CUST_1105,2024-02-08,Pro Plan,LinkedIn,198.42,66.56,Refunded
ORD_6683,CUST_1185,2025-06-07,Pro Plan,Partnership,32.77,12.95,Completed
ORD_6684,CUST_901,2025-01-03,Onboarding,Partnership,1040.43,181.96,Cancelled
ORD_6685,CUST_92,2025-05-18,Business Plan,Google Search,262.68,99.89,Cancelled
ORD_6686,CUST_1169,2025-04-30,Pro Plan,Partnership,974.49,235.17,Refunded
ORD_6687,CUST_851,2024-12-09,Basic Plan,Google Search,808.81,307.29,Completed
ORD_6688,CUST_695,2024-10-17,Pro Plan,LinkedIn,926.32,372.23,Completed
ORD_6689,CUST_370,2025-05-16,Pro Plan,LinkedIn,641.25,277.33,Completed
ORD_6690,CUST_320,2024-11-27,Pro Plan,LinkedIn,691.27,172.54,Completed
ORD_6691,CUST_591,2024-10-10,Enterprise Plan,Google Search,84.75,21.04,Completed
ORD_6692,CUST_245,2025-01-13,Business Plan,LinkedIn,87.92,20.75,Completed
ORD_6693,CUST_1486,2024-07-13,Basic Plan,Partnership,183.23,46.13,Completed
ORD_6694,CUST_1165,2024-10-02,Onboarding,LinkedIn,132.58,51.18,Completed
ORD_6695,CUST_677,2025-04-12,Pro Plan,Referral,52.38,7.9,Completed
ORD_6696,CUST_689,2025-03-24,Basic Plan,Partnership,972.84,344.37,Refunded
ORD_6697,CUST_1117,2025-03-06,Business Plan,LinkedIn,292.44,78.67,Cancelled
ORD_6698,CUST_490,2024-12-15,Basic Plan,LinkedIn,269.57,41.74,Completed
ORD_6699,CUST_71,2024-05-04,Pro Plan,Google Search,765.3,132.3,Completed
ORD_6700,CUST_364,2024-03-23,Basic Plan,Partnership,540.77,190.58,Completed
ORD_6701,CUST_1325,2025-04-26,Basic Plan,Google Search,883.33,376.92,Completed
ORD_6702,CUST_252,2024-06-16,Pro Plan,Google Search,1134.89,377.29,Completed
ORD_6703,CUST_34,2025-03-26,Pro Plan,LinkedIn,1165.93,376.48,Completed
ORD_6704,CUST_932,2025-06-20,Business Plan,TikTok,885.75,377.54,Completed
ORD_6705,CUST_992,2024-04-30,Basic Plan,Partnership,907.34,384.24,Completed
ORD_6706,CUST_165,2024-08-02,Business Plan,Partnership,135.27,48.64,Completed
ORD_6707,CUST_1378,2025-04-23,Onboarding,Partnership,368.02,153.64,Completed
ORD_6708,CUST_750,2024-11-30,Premium Support,LinkedIn,275.59,43.55,Completed
ORD_6709,CUST_1270,2024-03-07,Business Plan,Partnership,815.51,321.78,Completed
ORD_6710,CUST_233,2024-06-06,Pro Plan,LinkedIn,962.48,209.77,Completed
ORD_6711,CUST_251,2024-06-09,Pro Plan,LinkedIn,963.78,369.87,Cancelled
ORD_6712,CUST_887,2024-07-07,Pro Plan,Google Search,398.2,105.52,Completed
ORD_6713,CUST_259,2025-03-02,Business Plan,LinkedIn,988.03,387.19,Completed
ORD_6714,CUST_942,2024-08-10,Basic Plan,LinkedIn,805.06,336.92,Completed
ORD_6715,CUST_1040,2025-04-26,Add-on,Google Search,123.96,55.03,Completed
ORD_6716,CUST_267,2024-05-03,Onboarding,Instagram,1027.95,285.37,Completed
ORD_6717,CUST_107,2025-04-24,Pro Plan,Google Search,280.29,112.0,Cancelled
ORD_6718,CUST_1286,2025-06-08,Pro Plan,Referral,62.2,15.54,Completed
ORD_6719,CUST_355,2024-02-27,Enterprise Plan,LinkedIn,611.94,167.49,Completed
ORD_6720,CUST_1096,2025-03-31,Basic Plan,LinkedIn,122.69,51.66,Completed
ORD_6721,CUST_1019,2024-10-08,Pro Plan,Instagram,807.85,224.88,Completed
ORD_6722,CUST_224,2025-02-20,Business Plan,Google Search,1004.15,426.51,Completed
ORD_6723,CUST_1366,2025-04-18,Add-on,Partnership,392.0,115.67,Completed
ORD_6724,CUST_667,2024-12-02,Pro Plan,LinkedIn,437.32,161.96,Completed
ORD_6725,CUST_1263,2024-09-17,Pro Plan,Event Walk-in,842.78,239.59,Completed
ORD_6726,CUST_1464,2024-01-05,Pro Plan,Instagram,911.03,372.94,Completed
ORD_6727,CUST_978,2024-12-25,Basic Plan,Google Search,574.44,183.83,Completed
ORD_6728,CUST_450,2024-03-31,Pro Plan,Google Search,399.95,155.71,Completed
ORD_6729,CUST_302,2025-01-15,Pro Plan,LinkedIn,246.19,51.43,Completed
ORD_6730,CUST_898,2024-04-14,Pro Plan,LinkedIn,889.14,179.74,Completed
ORD_6731,CUST_176,2024-09-13,Add-on,Partnership,977.97,288.62,Completed
ORD_6732,CUST_158,2024-11-10,Add-on,LinkedIn,248.17,95.13,Refunded
ORD_6733,CUST_678,2024-07-30,Basic Plan,Google Search,1039.82,365.97,Completed
ORD_6734,CUST_878,2024-06-29,Onboarding,Google Search,1146.74,469.49,Cancelled
ORD_6735,CUST_739,2024-03-16,Enterprise Plan,TikTok,935.45,273.43,Completed
ORD_6736,CUST_316,2025-01-25,Basic Plan,LinkedIn,467.87,121.42,Completed
ORD_6737,CUST_129,2025-06-20,Basic Plan,Google Search,314.53,88.14,Refunded
ORD_6738,CUST_222,2024-05-03,Basic Plan,LinkedIn,448.38,86.29,Completed
ORD_6739,CUST_660,2025-03-23,Add-on,LinkedIn,990.87,179.67,Completed
ORD_6740,CUST_1468,2025-04-18,Basic Plan,Instagram,1060.97,347.72,Refunded
ORD_6741,CUST_44,2025-02-12,Basic Plan,TikTok,1052.91,451.83,Completed
ORD_6742,CUST_676,2024-10-30,Basic Plan,LinkedIn,490.08,130.19,Completed
ORD_6743,CUST_474,2024-11-05,Enterprise Plan,LinkedIn,186.37,28.59,Completed
ORD_6744,CUST_308,2025-01-07,Business Plan,Google Search,75.28,30.95,Completed
ORD_6745,CUST_249,2024-07-07,Enterprise Plan,LinkedIn,277.85,69.26,Completed
ORD_6746,CUST_220,2025-06-03,Basic Plan,Google Search,275.88,101.03,Completed
ORD_6747,CUST_1327,2024-01-08,Basic Plan,Google Search,469.59,183.97,Completed
ORD_6748,CUST_992,2024-06-01,Pro Plan,Partnership,73.73,33.07,Completed
ORD_6749,CUST_1439,2024-12-25,Basic Plan,LinkedIn,634.24,280.33,Completed
ORD_6750,CUST_1002,2024-11-13,Basic Plan,Partnership,892.12,270.34,Completed
ORD_6751,CUST_473,2024-03-02,Basic Plan,Instagram,1161.4,260.34,Completed
ORD_6752,CUST_556,2024-04-13,Pro Plan,LinkedIn,517.52,107.54,Completed
ORD_6753,CUST_790,2025-03-23,Pro Plan,LinkedIn,1119.59,275.7,Refunded
ORD_6754,CUST_1328,2024-06-28,Basic Plan,LinkedIn,732.8,308.09,Completed
ORD_6755,CUST_1483,2024-03-17,Basic Plan,Partnership,493.3,110.6,Completed
ORD_6756,CUST_1092,2024-12-21,Basic Plan,LinkedIn,1047.91,390.37,Completed
ORD_6757,CUST_694,2024-02-05,Pro Plan,LinkedIn,777.23,323.26,Completed
ORD_6758,CUST_150,2025-01-20,Business Plan,Google Search,314.19,130.82,Completed
ORD_6759,CUST_421,2024-03-20,Business Plan,LinkedIn,21.53,8.0,Completed
ORD_6760,CUST_1009,2024-09-11,Business Plan,Google Search,683.01,180.86,Completed
ORD_6761,CUST_359,2025-06-20,Business Plan,LinkedIn,832.15,212.78,Completed
ORD_6762,CUST_676,2024-05-27,Pro Plan,LinkedIn,551.7,214.64,Completed
ORD_6763,CUST_627,2024-07-14,Business Plan,Instagram,852.68,251.6,Completed
ORD_6764,CUST_398,2024-01-03,Pro Plan,Google Search,613.64,143.38,Completed
ORD_6765,CUST_1276,2024-12-16,Basic Plan,Partnership,211.96,47.97,Completed
ORD_6766,CUST_1211,2025-04-25,Pro Plan,LinkedIn,94.32,25.31,Completed
ORD_6767,CUST_783,2025-03-22,Business Plan,LinkedIn,1113.57,494.49,Completed
ORD_6768,CUST_781,2024-03-28,Basic Plan,Google Search,1018.6,154.22,Cancelled
ORD_6769,CUST_88,2025-01-02,Pro Plan,LinkedIn,591.21,96.22,Completed
ORD_6770,CUST_380,2025-06-20,Pro Plan,Instagram,856.05,300.18,Completed
ORD_6771,CUST_141,2024-10-16,Basic Plan,Referral,675.6,214.66,Cancelled
ORD_6772,CUST_1199,2024-09-16,Onboarding,LinkedIn,131.98,55.69,Completed
ORD_6773,CUST_1154,2024-07-28,Pro Plan,Event Walk-in,628.69,151.06,Refunded
ORD_6774,CUST_559,2025-05-26,Pro Plan,LinkedIn,441.26,165.79,Completed
ORD_6775,CUST_685,2024-04-21,Basic Plan,LinkedIn,1047.9,162.78,Completed
ORD_6776,CUST_1371,2025-05-30,Business Plan,Instagram,1176.26,306.46,Completed
ORD_6777,CUST_1135,2024-08-17,Business Plan,Google Search,386.75,170.74,Completed
ORD_6778,CUST_410,2024-03-16,Basic Plan,Google Search,873.03,176.62,Completed
ORD_6779,CUST_862,2025-03-30,Pro Plan,LinkedIn,509.58,93.07,Completed
ORD_6780,CUST_939,2025-01-06,Premium Support,Google Search,373.63,82.03,Completed
ORD_6781,CUST_194,2025-04-25,Business Plan,LinkedIn,309.45,128.85,Completed
ORD_6782,CUST_494,2024-03-18,Basic Plan,Event Walk-in,455.0,152.35,Completed
ORD_6783,CUST_554,2024-09-09,Enterprise Plan,LinkedIn,509.43,161.33,Completed
ORD_6784,CUST_1127,2025-01-15,Business Plan,LinkedIn,380.65,61.76,Completed
ORD_6785,CUST_197,2025-01-22,Basic Plan,Google Search,689.66,239.88,Completed
ORD_6786,CUST_936,2025-02-20,Business Plan,LinkedIn,114.96,28.73,Refunded
ORD_6787,CUST_446,2024-08-03,Basic Plan,Google Search,1174.4,444.92,Completed
ORD_6788,CUST_338,2024-07-15,Pro Plan,Google Search,1164.5,275.27,Completed
ORD_6789,CUST_1051,2024-03-19,Business Plan,LinkedIn,255.21,99.95,Completed
ORD_6790,CUST_1412,2024-02-26,Pro Plan,Google Search,860.49,296.8,Completed
ORD_6791,CUST_1439,2025-03-25,Basic Plan,LinkedIn,315.42,113.46,Completed
ORD_6792,CUST_1450,2025-03-04,Basic Plan,LinkedIn,44.35,16.12,Completed
ORD_6793,CUST_127,2024-02-10,Basic Plan,LinkedIn,801.65,139.29,Completed
ORD_6794,CUST_91,2025-06-27,Pro Plan,LinkedIn,634.28,276.3,Completed
ORD_6795,CUST_244,2025-02-21,Business Plan,LinkedIn,608.5,111.92,Completed
ORD_6796,CUST_970,2024-12-15,Business Plan,Referral,1053.62,279.01,Completed
ORD_6797,CUST_141,2024-10-13,Premium Support,Referral,1167.41,518.26,Completed
ORD_6798,CUST_318,2025-04-15,Add-on,Instagram,97.83,22.64,Completed
ORD_6799,CUST_1126,2024-01-23,Basic Plan,Google Search,635.75,270.97,Refunded
ORD_6800,CUST_1151,2024-05-28,Basic Plan,LinkedIn,1011.83,249.64,Completed
ORD_6801,CUST_788,2025-02-27,Business Plan,Google Search,1050.86,327.13,Completed
ORD_6802,CUST_290,2024-05-09,Enterprise Plan,LinkedIn,1150.98,313.33,Completed
ORD_6803,CUST_96,2024-01-31,Pro Plan,Partnership,148.04,36.07,Completed
ORD_6804,CUST_849,2024-11-24,Enterprise Plan,Google Search,253.95,52.61,Completed
ORD_6805,CUST_766,2024-04-14,Premium Support,Partnership,807.16,183.28,Completed
ORD_6806,CUST_1181,2024-04-23,Add-on,Instagram,492.04,108.08,Completed
ORD_6807,CUST_344,2024-09-26,Enterprise Plan,Google Search,39.57,15.59,Completed
ORD_6808,CUST_995,2025-04-16,Basic Plan,Partnership,58.09,22.55,Completed
ORD_6809,CUST_273,2025-06-02,Add-on,LinkedIn,1135.36,448.31,Completed
ORD_6810,CUST_784,2025-05-10,Business Plan,Partnership,255.76,44.9,Completed
ORD_6811,CUST_1430,2024-06-12,Basic Plan,Google Search,167.25,47.05,Completed
ORD_6812,CUST_574,2025-05-30,Pro Plan,TikTok,1181.1,452.01,Refunded
ORD_6813,CUST_942,2024-03-19,Basic Plan,LinkedIn,943.43,382.05,Refunded
ORD_6814,CUST_562,2024-01-15,Pro Plan,LinkedIn,927.72,176.77,Completed
ORD_6815,CUST_699,2024-11-09,Pro Plan,Instagram,718.08,252.03,Completed
ORD_6816,CUST_706,2024-05-06,Pro Plan,LinkedIn,438.29,158.77,Completed
ORD_6817,CUST_1087,2024-04-24,Business Plan,Google Search,573.06,246.89,Completed
ORD_6818,CUST_534,2025-05-12,Basic Plan,LinkedIn,976.85,433.37,Completed
ORD_6819,CUST_935,2025-01-30,Pro Plan,Partnership,1175.67,293.06,Refunded
ORD_6820,CUST_1025,2025-05-17,Enterprise Plan,Event Walk-in,881.47,393.43,Completed
ORD_6821,CUST_1294,2024-03-08,Basic Plan,LinkedIn,116.76,45.03,Completed
ORD_6822,CUST_228,2025-01-19,Pro Plan,Instagram,1186.47,489.05,Completed
ORD_6823,CUST_94,2024-05-05,Business Plan,Google Search,503.33,196.23,Completed
ORD_6824,CUST_1216,2025-03-26,Business Plan,LinkedIn,155.63,57.35,Refunded
ORD_6825,CUST_1324,2025-03-31,Onboarding,Referral,241.29,61.33,Cancelled
ORD_6826,CUST_369,2025-02-28,Add-on,LinkedIn,1042.95,323.11,Completed
ORD_6827,CUST_30,2025-03-29,Pro Plan,Partnership,1127.07,194.6,Completed
ORD_6828,CUST_268,2024-07-21,Premium Support,LinkedIn,678.12,238.99,Completed
ORD_6829,CUST_1104,2024-06-26,Business Plan,Partnership,1163.15,431.1,Completed
ORD_6830,CUST_738,2025-05-13,Onboarding,Instagram,437.13,87.25,Completed
ORD_6831,CUST_232,2025-06-23,Pro Plan,LinkedIn,431.09,191.66,Completed
ORD_6832,CUST_825,2025-05-12,Onboarding,Google Search,390.92,171.85,Cancelled
ORD_6833,CUST_1257,2025-05-11,Basic Plan,LinkedIn,1160.83,256.44,Completed
ORD_6834,CUST_555,2025-02-27,Pro Plan,Google Search,339.01,75.95,Completed
ORD_6835,CUST_1373,2024-07-24,Pro Plan,LinkedIn,853.68,323.87,Completed
ORD_6836,CUST_409,2024-02-13,Business Plan,Instagram,687.01,130.62,Completed
ORD_6837,CUST_450,2024-08-05,Enterprise Plan,Google Search,989.51,291.85,Completed
ORD_6838,CUST_1292,2024-03-11,Basic Plan,Referral,348.09,58.01,Completed
ORD_6839,CUST_876,2024-01-04,Onboarding,Google Search,1168.71,487.48,Refunded
ORD_6840,CUST_1066,2025-03-12,Business Plan,LinkedIn,1153.17,185.95,Refunded
ORD_6841,CUST_1303,2024-02-16,Business Plan,Instagram,285.28,124.44,Cancelled
ORD_6842,CUST_1416,2024-09-19,Basic Plan,LinkedIn,406.28,139.98,Completed
ORD_6843,CUST_994,2024-05-05,Basic Plan,Event Walk-in,645.32,247.21,Completed
ORD_6844,CUST_582,2025-04-01,Pro Plan,LinkedIn,615.96,214.01,Completed
ORD_6845,CUST_380,2024-08-09,Pro Plan,Instagram,209.8,50.5,Completed
ORD_6846,CUST_334,2025-05-20,Pro Plan,LinkedIn,97.92,33.27,Completed
ORD_6847,CUST_17,2024-08-13,Enterprise Plan,Google Search,790.62,255.74,Completed
ORD_6848,CUST_1266,2025-02-09,Enterprise Plan,TikTok,726.82,123.41,Completed
ORD_6849,CUST_1080,2024-01-18,Basic Plan,Partnership,583.18,257.7,Completed
ORD_6850,CUST_394,2025-01-28,Onboarding,LinkedIn,897.83,213.1,Completed
ORD_6851,CUST_829,2024-05-12,Pro Plan,LinkedIn,1020.41,433.83,Cancelled
ORD_6852,CUST_318,2025-01-16,Basic Plan,Instagram,891.0,284.25,Completed
ORD_6853,CUST_792,2024-07-08,Basic Plan,Instagram,50.7,11.15,Completed
ORD_6854,CUST_87,2024-07-15,Basic Plan,LinkedIn,76.79,30.61,Completed
ORD_6855,CUST_240,2025-03-06,Pro Plan,Referral,488.64,188.64,Completed
ORD_6856,CUST_371,2024-12-03,Basic Plan,Instagram,633.59,253.1,Completed
ORD_6857,CUST_1253,2024-02-10,Pro Plan,Partnership,987.72,265.0,Completed
ORD_6858,CUST_226,2024-06-29,Pro Plan,TikTok,100.36,42.9,Cancelled
ORD_6859,CUST_820,2025-03-12,Business Plan,Partnership,130.38,45.38,Completed
ORD_6860,CUST_325,2024-04-07,Basic Plan,LinkedIn,909.96,313.28,Completed
ORD_6861,CUST_289,2024-04-13,Basic Plan,Google Search,941.9,167.92,Completed
ORD_6862,CUST_462,2024-01-28,Pro Plan,LinkedIn,343.67,71.85,Completed
ORD_6863,CUST_198,2025-05-26,Basic Plan,LinkedIn,982.07,259.83,Completed
ORD_6864,CUST_194,2024-03-01,Enterprise Plan,LinkedIn,1055.02,284.14,Completed
ORD_6865,CUST_326,2025-05-25,Business Plan,Google Search,25.24,10.09,Completed
ORD_6866,CUST_1449,2025-02-13,Pro Plan,TikTok,56.16,20.13,Completed
ORD_6867,CUST_488,2024-09-29,Pro Plan,Partnership,21.62,7.85,Completed
ORD_6868,CUST_300,2024-12-26,Basic Plan,Google Search,904.45,347.13,Completed
ORD_6869,CUST_984,2025-06-05,Basic Plan,Google Search,404.74,67.39,Completed
ORD_6870,CUST_1443,2024-10-17,Onboarding,Google Search,515.57,184.6,Refunded
ORD_6871,CUST_673,2024-12-27,Basic Plan,Instagram,987.18,209.78,Completed
ORD_6872,CUST_571,2024-06-25,Basic Plan,Partnership,780.24,297.67,Completed
ORD_6873,CUST_1279,2024-11-21,Pro Plan,LinkedIn,630.4,192.65,Completed
ORD_6874,CUST_903,2024-04-08,Basic Plan,Partnership,1054.4,203.82,Completed
ORD_6875,CUST_1386,2024-02-18,Pro Plan,LinkedIn,576.83,252.4,Completed
ORD_6876,CUST_1262,2024-12-06,Business Plan,LinkedIn,653.53,168.27,Completed
ORD_6877,CUST_269,2024-03-22,Pro Plan,Instagram,355.29,144.91,Completed
ORD_6878,CUST_608,2024-10-26,Basic Plan,Google Search,1092.34,232.53,Completed
ORD_6879,CUST_755,2024-10-13,Business Plan,Partnership,820.08,190.19,Completed
ORD_6880,CUST_812,2024-06-06,Basic Plan,LinkedIn,726.73,164.91,Completed
ORD_6881,CUST_1241,2024-09-09,Basic Plan,Google Search,243.95,38.17,Completed
ORD_6882,CUST_305,2024-09-09,Basic Plan,LinkedIn,1085.59,408.72,Completed
ORD_6883,CUST_665,2025-01-11,Add-on,LinkedIn,105.33,22.37,Completed
ORD_6884,CUST_1258,2024-11-26,Pro Plan,LinkedIn,348.74,65.44,Completed
ORD_6885,CUST_722,2025-01-13,Pro Plan,Partnership,942.74,308.21,Completed
ORD_6886,CUST_137,2024-10-05,Basic Plan,LinkedIn,401.83,116.74,Completed
ORD_6887,CUST_102,2024-03-01,Business Plan,Partnership,1186.9,476.93,Completed
ORD_6888,CUST_869,2024-07-31,Enterprise Plan,Partnership,657.09,259.83,Completed
ORD_6889,CUST_1010,2024-12-18,Basic Plan,Partnership,811.09,131.83,Completed
ORD_6890,CUST_749,2025-04-14,Premium Support,Referral,686.89,154.85,Refunded
ORD_6891,CUST_833,2024-08-18,Enterprise Plan,LinkedIn,1093.44,434.05,Refunded
ORD_6892,CUST_364,2024-10-10,Enterprise Plan,Partnership,729.13,131.37,Completed
ORD_6893,CUST_1312,2024-10-03,Pro Plan,Referral,994.93,209.31,Completed
ORD_6894,CUST_570,2025-05-19,Premium Support,LinkedIn,251.33,109.93,Completed
ORD_6895,CUST_1031,2025-04-01,Basic Plan,Google Search,100.1,37.2,Completed
ORD_6896,CUST_1127,2024-09-20,Business Plan,LinkedIn,1020.11,200.99,Completed
ORD_6897,CUST_725,2024-08-17,Business Plan,Google Search,603.46,211.19,Completed
ORD_6898,CUST_556,2025-03-07,Pro Plan,LinkedIn,161.36,54.69,Cancelled
ORD_6899,CUST_964,2025-03-25,Basic Plan,Google Search,760.72,229.67,Completed
ORD_6900,CUST_1293,2024-08-25,Enterprise Plan,LinkedIn,162.58,35.7,Completed
ORD_6901,CUST_965,2025-04-22,Onboarding,Google Search,1066.38,312.22,Completed
ORD_6902,CUST_16,2024-04-29,Business Plan,Partnership,357.96,74.98,Completed
ORD_6903,CUST_182,2024-11-19,Pro Plan,Instagram,1167.13,213.25,Completed
ORD_6904,CUST_483,2024-10-26,Pro Plan,LinkedIn,1198.63,182.01,Cancelled
ORD_6905,CUST_820,2024-03-18,Basic Plan,Partnership,328.06,105.38,Completed
ORD_6906,CUST_545,2025-06-03,Basic Plan,Google Search,232.91,52.88,Completed
ORD_6907,CUST_314,2025-04-01,Basic Plan,Google Search,881.29,243.74,Completed
ORD_6908,CUST_373,2024-11-15,Enterprise Plan,LinkedIn,900.03,143.35,Completed
ORD_6909,CUST_1029,2024-09-08,Basic Plan,Partnership,303.86,54.33,Completed
ORD_6910,CUST_1234,2024-02-12,Onboarding,Google Search,186.86,38.09,Completed
ORD_6911,CUST_34,2024-05-24,Enterprise Plan,LinkedIn,440.28,180.86,Completed
ORD_6912,CUST_226,2024-10-04,Pro Plan,TikTok,1089.3,419.79,Completed
ORD_6913,CUST_1190,2024-05-25,Pro Plan,LinkedIn,1074.1,280.88,Completed
ORD_6914,CUST_438,2025-01-22,Business Plan,Partnership,506.94,223.4,Cancelled
ORD_6915,CUST_1284,2024-06-02,Basic Plan,LinkedIn,928.66,280.11,Completed
ORD_6916,CUST_1293,2024-05-28,Business Plan,LinkedIn,795.44,147.56,Completed
ORD_6917,CUST_1154,2024-05-29,Business Plan,Event Walk-in,491.37,120.47,Completed
ORD_6918,CUST_326,2024-12-14,Business Plan,Google Search,904.68,357.9,Completed
ORD_6919,CUST_1004,2025-06-28,Basic Plan,LinkedIn,1057.38,256.64,Completed
ORD_6920,CUST_1299,2024-07-14,Enterprise Plan,Instagram,548.84,159.28,Completed
ORD_6921,CUST_1357,2025-02-17,Basic Plan,Google Search,772.84,315.05,Completed
ORD_6922,CUST_405,2024-04-04,Business Plan,Google Search,1101.64,285.16,Completed
ORD_6923,CUST_1085,2024-12-01,Pro Plan,Partnership,1156.07,367.66,Completed
ORD_6924,CUST_1325,2025-05-07,Add-on,Google Search,1014.58,361.0,Completed
ORD_6925,CUST_970,2024-12-10,Basic Plan,Referral,283.16,77.22,Refunded
ORD_6926,CUST_875,2024-03-10,Basic Plan,Referral,438.42,100.76,Refunded
ORD_6927,CUST_1245,2025-06-09,Onboarding,Google Search,118.69,29.75,Refunded
ORD_6928,CUST_1381,2024-11-08,Basic Plan,Google Search,336.97,53.51,Completed
ORD_6929,CUST_414,2024-05-02,Basic Plan,LinkedIn,328.45,131.54,Refunded
ORD_6930,CUST_1493,2025-04-27,Onboarding,Google Search,426.21,66.95,Completed
ORD_6931,CUST_1373,2025-01-26,Pro Plan,LinkedIn,259.01,69.46,Completed
ORD_6932,CUST_892,2025-03-04,Business Plan,LinkedIn,1167.12,368.64,Completed
ORD_6933,CUST_549,2024-05-23,Basic Plan,Instagram,922.41,146.51,Completed
ORD_6934,CUST_457,2024-02-09,Pro Plan,LinkedIn,228.1,58.08,Completed
ORD_6935,CUST_300,2024-02-15,Basic Plan,Google Search,821.7,218.95,Completed
ORD_6936,CUST_871,2024-11-25,Pro Plan,Partnership,888.52,331.49,Completed
ORD_6937,CUST_19,2025-04-28,Basic Plan,Partnership,20.19,7.95,Completed
ORD_6938,CUST_1277,2025-06-11,Enterprise Plan,Referral,99.42,28.73,Completed
ORD_6939,CUST_544,2024-12-10,Basic Plan,LinkedIn,972.21,149.87,Completed
ORD_6940,CUST_995,2025-06-23,Pro Plan,Partnership,101.13,26.44,Completed
ORD_6941,CUST_999,2024-08-14,Business Plan,LinkedIn,41.83,9.8,Completed
ORD_6942,CUST_1199,2024-07-19,Basic Plan,LinkedIn,422.53,134.85,Refunded
ORD_6943,CUST_515,2025-02-12,Pro Plan,LinkedIn,1163.09,286.96,Completed
ORD_6944,CUST_713,2024-01-12,Basic Plan,Instagram,538.35,125.71,Completed
ORD_6945,CUST_415,2024-10-23,Basic Plan,LinkedIn,282.63,50.28,Completed
ORD_6946,CUST_494,2025-04-19,Basic Plan,Event Walk-in,589.21,103.64,Completed
ORD_6947,CUST_1306,2025-02-02,Enterprise Plan,Google Search,54.67,11.94,Completed
ORD_6948,CUST_1179,2024-04-18,Pro Plan,Partnership,650.0,227.91,Completed
ORD_6949,CUST_408,2025-01-27,Pro Plan,LinkedIn,1179.66,221.78,Completed
ORD_6950,CUST_1300,2024-05-19,Pro Plan,Google Search,782.77,178.2,Cancelled
ORD_6951,CUST_210,2024-08-06,Basic Plan,Google Search,927.36,212.59,Refunded
ORD_6952,CUST_485,2024-01-30,Basic Plan,Google Search,794.72,296.33,Completed
ORD_6953,CUST_1180,2024-02-16,Enterprise Plan,LinkedIn,274.62,121.07,Completed
ORD_6954,CUST_1129,2025-05-29,Enterprise Plan,LinkedIn,1044.01,235.35,Completed
ORD_6955,CUST_830,2024-05-27,Pro Plan,TikTok,242.88,71.42,Completed
ORD_6956,CUST_1326,2024-01-11,Pro Plan,LinkedIn,98.2,42.04,Completed
ORD_6957,CUST_120,2024-03-14,Basic Plan,TikTok,312.56,131.25,Cancelled
ORD_6958,CUST_1500,2025-05-26,Onboarding,Google Search,1175.11,485.7,Completed
ORD_6959,CUST_158,2024-10-27,Business Plan,LinkedIn,1098.66,369.58,Completed
ORD_6960,CUST_677,2024-11-10,Basic Plan,Referral,859.03,272.51,Refunded
ORD_6961,CUST_1003,2025-01-03,Business Plan,TikTok,1018.49,359.7,Completed
ORD_6962,CUST_1005,2025-01-23,Basic Plan,Instagram,1031.06,276.56,Completed
ORD_6963,CUST_445,2024-07-04,Pro Plan,Google Search,1096.18,209.69,Completed
ORD_6964,CUST_621,2024-05-15,Business Plan,Instagram,558.13,203.87,Cancelled
ORD_6965,CUST_955,2024-12-28,Onboarding,Google Search,868.07,337.23,Completed
ORD_6966,CUST_1014,2025-01-17,Pro Plan,Partnership,343.88,53.63,Completed
ORD_6967,CUST_445,2024-02-11,Basic Plan,Google Search,741.27,281.55,Completed
ORD_6968,CUST_867,2024-09-07,Enterprise Plan,Google Search,343.45,88.38,Completed
ORD_6969,CUST_145,2024-07-06,Business Plan,Google Search,23.92,8.84,Completed
ORD_6970,CUST_1452,2025-04-06,Enterprise Plan,Google Search,228.14,102.05,Completed
ORD_6971,CUST_1108,2024-12-09,Pro Plan,Partnership,547.4,204.94,Completed
ORD_6972,CUST_218,2025-01-11,Basic Plan,Event Walk-in,517.88,186.38,Refunded
ORD_6973,CUST_957,2024-04-30,Pro Plan,Google Search,757.73,252.66,Completed
ORD_6974,CUST_156,2025-01-05,Business Plan,LinkedIn,1005.18,344.54,Completed
ORD_6975,CUST_353,2024-11-21,Pro Plan,TikTok,175.4,44.06,Completed
ORD_6976,CUST_16,2025-01-18,Pro Plan,Partnership,1073.84,303.6,Completed
ORD_6977,CUST_921,2025-05-13,Enterprise Plan,LinkedIn,687.16,306.08,Completed
ORD_6978,CUST_1472,2024-08-03,Basic Plan,TikTok,669.03,210.43,Completed
ORD_6979,CUST_724,2025-01-29,Premium Support,Referral,1045.63,213.37,Completed
ORD_6980,CUST_211,2025-02-25,Enterprise Plan,LinkedIn,766.03,231.33,Refunded
ORD_6981,CUST_452,2025-02-27,Business Plan,LinkedIn,243.26,44.45,Completed
ORD_6982,CUST_194,2025-05-02,Enterprise Plan,LinkedIn,481.52,150.58,Completed
ORD_6983,CUST_813,2025-01-29,Pro Plan,Partnership,457.29,133.14,Completed
ORD_6984,CUST_1409,2024-08-11,Basic Plan,LinkedIn,542.1,143.4,Completed
ORD_6985,CUST_862,2024-12-19,Add-on,LinkedIn,509.3,174.38,Completed
ORD_6986,CUST_783,2024-12-04,Onboarding,LinkedIn,965.83,217.45,Completed
ORD_6987,CUST_668,2024-04-03,Add-on,LinkedIn,734.27,279.76,Completed
ORD_6988,CUST_1289,2025-05-05,Business Plan,Google Search,46.77,14.87,Refunded
ORD_6989,CUST_2,2024-10-22,Basic Plan,Google Search,1140.09,409.46,Completed
ORD_6990,CUST_1314,2024-09-15,Basic Plan,Google Search,246.2,91.4,Completed
ORD_6991,CUST_619,2025-02-22,Pro Plan,Google Search,39.23,10.54,Completed
ORD_6992,CUST_994,2025-02-02,Business Plan,Event Walk-in,937.9,148.84,Completed
ORD_6993,CUST_1186,2024-01-17,Enterprise Plan,TikTok,712.84,292.08,Completed
ORD_6994,CUST_169,2024-01-18,Basic Plan,LinkedIn,155.67,57.77,Completed
ORD_6995,CUST_1469,2025-05-20,Basic Plan,Instagram,147.14,42.0,Refunded
ORD_6996,CUST_1358,2024-10-17,Basic Plan,Partnership,729.54,219.54,Completed
ORD_6997,CUST_49,2025-04-14,Business Plan,LinkedIn,1110.0,319.09,Completed
ORD_6998,CUST_1076,2024-05-27,Basic Plan,Google Search,862.96,146.84,Completed
ORD_6999,CUST_792,2024-11-30,Basic Plan,Instagram,426.64,179.77,Completed
ORD_7000,CUST_329,2025-01-09,Premium Support,Google Search,53.36,23.84,Completed
ORD_7001,CUST_230,2025-01-14,Add-on,LinkedIn,1116.91,243.42,Completed
ORD_7002,CUST_104,2024-12-23,Basic Plan,Referral,847.68,167.79,Completed
ORD_7003,CUST_842,2024-05-24,Enterprise Plan,Partnership,976.37,271.67,Refunded
ORD_7004,CUST_279,2024-06-30,Basic Plan,Google Search,277.7,120.46,Completed
ORD_7005,CUST_615,2024-05-09,Basic Plan,Partnership,883.05,138.17,Cancelled
ORD_7006,CUST_1286,2024-11-29,Onboarding,Referral,371.23,95.64,Completed
ORD_7007,CUST_1210,2025-03-17,Pro Plan,Referral,662.81,262.17,Completed
ORD_7008,CUST_253,2024-08-30,Basic Plan,Google Search,103.85,22.97,Completed
ORD_7009,CUST_1082,2024-07-02,Enterprise Plan,LinkedIn,533.72,201.82,Completed
ORD_7010,CUST_1047,2024-02-18,Business Plan,LinkedIn,775.99,226.53,Completed
ORD_7011,CUST_682,2025-05-14,Enterprise Plan,LinkedIn,442.54,113.88,Completed
ORD_7012,CUST_530,2024-02-10,Basic Plan,Google Search,481.22,124.45,Cancelled
ORD_7013,CUST_816,2025-05-21,Basic Plan,Partnership,502.16,136.66,Completed
ORD_7014,CUST_1458,2024-01-09,Pro Plan,Google Search,568.93,238.79,Completed
ORD_7015,CUST_400,2024-10-28,Basic Plan,LinkedIn,625.51,188.23,Completed
ORD_7016,CUST_1102,2024-07-17,Basic Plan,Google Search,231.89,78.76,Completed
ORD_7017,CUST_122,2024-11-30,Business Plan,Instagram,853.04,362.09,Completed
ORD_7018,CUST_390,2025-05-01,Basic Plan,LinkedIn,136.75,35.03,Refunded
ORD_7019,CUST_589,2024-08-05,Business Plan,LinkedIn,762.94,262.98,Completed
ORD_7020,CUST_1467,2024-04-19,Basic Plan,Partnership,755.37,231.83,Completed
ORD_7021,CUST_1028,2025-01-22,Basic Plan,LinkedIn,775.26,225.21,Completed
ORD_7022,CUST_707,2025-02-17,Business Plan,LinkedIn,331.85,131.47,Completed
ORD_7023,CUST_820,2024-06-26,Business Plan,Partnership,144.04,44.78,Refunded
ORD_7024,CUST_139,2025-01-10,Basic Plan,Google Search,616.99,158.33,Completed
ORD_7025,CUST_20,2024-03-29,Basic Plan,LinkedIn,537.79,94.2,Refunded
ORD_7026,CUST_723,2025-05-02,Basic Plan,Partnership,656.59,269.99,Refunded
ORD_7027,CUST_1025,2025-04-12,Pro Plan,Event Walk-in,48.98,17.07,Completed
ORD_7028,CUST_124,2024-08-12,Premium Support,LinkedIn,1013.44,262.84,Completed
ORD_7029,CUST_303,2025-03-30,Enterprise Plan,LinkedIn,1177.9,249.57,Completed
ORD_7030,CUST_1405,2024-07-16,Basic Plan,Partnership,1101.42,327.68,Completed
ORD_7031,CUST_668,2024-05-04,Pro Plan,LinkedIn,645.57,204.56,Completed
ORD_7032,CUST_1335,2024-10-16,Pro Plan,Google Search,120.18,24.2,Completed
ORD_7033,CUST_1169,2024-03-06,Pro Plan,Partnership,659.67,160.05,Completed
ORD_7034,CUST_1137,2024-05-11,Basic Plan,Partnership,591.42,244.58,Completed
ORD_7035,CUST_792,2025-05-06,Business Plan,Instagram,372.71,156.41,Completed
ORD_7036,CUST_1074,2024-07-12,Business Plan,Partnership,566.52,170.54,Completed
ORD_7037,CUST_1426,2024-04-06,Basic Plan,LinkedIn,392.96,118.29,Completed
ORD_7038,CUST_90,2024-03-06,Basic Plan,Google Search,181.16,43.22,Completed
ORD_7039,CUST_151,2024-07-17,Business Plan,LinkedIn,815.73,348.18,Completed
ORD_7040,CUST_988,2025-01-09,Onboarding,Instagram,641.99,161.97,Completed
ORD_7041,CUST_1048,2025-05-26,Pro Plan,Google Search,394.21,100.43,Refunded
ORD_7042,CUST_1267,2024-03-12,Add-on,Google Search,1011.15,180.51,Completed
ORD_7043,CUST_1366,2025-03-08,Pro Plan,Partnership,67.67,20.76,Completed
ORD_7044,CUST_1230,2024-02-07,Basic Plan,LinkedIn,166.27,50.87,Completed
ORD_7045,CUST_1037,2024-12-30,Enterprise Plan,Google Search,455.59,142.55,Completed
ORD_7046,CUST_1317,2024-11-09,Enterprise Plan,LinkedIn,190.17,66.96,Completed
ORD_7047,CUST_868,2024-04-21,Business Plan,Partnership,57.12,17.77,Completed
ORD_7048,CUST_699,2024-10-21,Basic Plan,Instagram,387.39,89.92,Completed
ORD_7049,CUST_676,2024-11-29,Pro Plan,LinkedIn,816.69,341.25,Completed
ORD_7050,CUST_490,2024-02-17,Business Plan,LinkedIn,343.49,139.87,Completed
ORD_7051,CUST_112,2024-02-23,Basic Plan,Google Search,46.14,12.5,Refunded
ORD_7052,CUST_1188,2024-08-13,Onboarding,Google Search,954.7,217.55,Completed
ORD_7053,CUST_738,2025-01-23,Business Plan,Instagram,291.21,47.12,Completed
ORD_7054,CUST_1130,2024-07-22,Enterprise Plan,Partnership,745.95,333.34,Completed
ORD_7055,CUST_108,2025-03-25,Pro Plan,Instagram,1101.0,199.01,Completed
ORD_7056,CUST_310,2025-04-06,Onboarding,Instagram,115.88,44.56,Completed
ORD_7057,CUST_1227,2024-11-02,Pro Plan,LinkedIn,90.44,17.73,Completed
ORD_7058,CUST_513,2024-03-08,Pro Plan,Google Search,363.93,107.76,Completed
ORD_7059,CUST_1457,2025-02-28,Basic Plan,LinkedIn,1061.09,197.0,Completed
ORD_7060,CUST_1003,2024-03-13,Basic Plan,TikTok,74.54,20.66,Cancelled
ORD_7061,CUST_852,2025-01-02,Onboarding,Google Search,452.73,85.48,Completed
ORD_7062,CUST_464,2024-11-06,Pro Plan,LinkedIn,1021.61,422.3,Completed
ORD_7063,CUST_1005,2024-02-29,Basic Plan,Instagram,90.11,21.52,Completed
ORD_7064,CUST_713,2024-10-01,Basic Plan,Instagram,593.46,239.45,Completed
ORD_7065,CUST_567,2024-04-18,Enterprise Plan,TikTok,630.91,266.78,Completed
ORD_7066,CUST_733,2024-01-21,Enterprise Plan,Google Search,53.98,19.72,Refunded
ORD_7067,CUST_300,2025-06-22,Pro Plan,Google Search,575.09,121.77,Completed
ORD_7068,CUST_1137,2024-07-27,Basic Plan,Partnership,549.25,191.96,Completed
ORD_7069,CUST_428,2024-07-19,Pro Plan,Partnership,327.07,92.48,Completed
ORD_7070,CUST_487,2024-03-24,Business Plan,Partnership,842.74,336.85,Completed
ORD_7071,CUST_1276,2024-12-09,Pro Plan,Partnership,1021.77,235.75,Completed
ORD_7072,CUST_1481,2024-12-25,Pro Plan,LinkedIn,456.77,151.72,Completed
ORD_7073,CUST_914,2025-04-03,Pro Plan,Instagram,106.55,36.3,Completed
ORD_7074,CUST_1084,2025-06-05,Basic Plan,Google Search,731.44,203.23,Completed
ORD_7075,CUST_1039,2024-12-06,Pro Plan,Google Search,696.53,300.39,Refunded
ORD_7076,CUST_779,2024-03-06,Basic Plan,Instagram,437.46,164.28,Completed
ORD_7077,CUST_426,2024-10-28,Pro Plan,Google Search,357.21,105.42,Completed
ORD_7078,CUST_573,2024-05-07,Basic Plan,Referral,979.96,312.29,Cancelled
ORD_7079,CUST_319,2024-02-08,Business Plan,LinkedIn,832.43,230.44,Completed
ORD_7080,CUST_260,2024-05-15,Basic Plan,LinkedIn,1082.72,323.99,Completed
ORD_7081,CUST_1118,2024-11-06,Add-on,TikTok,598.76,159.28,Completed
ORD_7082,CUST_334,2025-05-07,Business Plan,LinkedIn,1117.61,276.43,Completed
ORD_7083,CUST_722,2024-12-31,Enterprise Plan,Partnership,315.98,88.77,Completed
ORD_7084,CUST_274,2024-04-02,Basic Plan,Google Search,586.39,137.05,Completed
ORD_7085,CUST_447,2024-01-13,Basic Plan,LinkedIn,823.82,291.19,Completed
ORD_7086,CUST_195,2025-01-31,Basic Plan,Google Search,1177.92,193.56,Completed
ORD_7087,CUST_899,2024-01-22,Pro Plan,LinkedIn,151.92,64.93,Completed
ORD_7088,CUST_1041,2025-04-28,Basic Plan,Google Search,234.11,60.41,Completed
ORD_7089,CUST_704,2024-03-16,Enterprise Plan,LinkedIn,281.26,83.44,Completed
ORD_7090,CUST_1057,2025-02-14,Business Plan,Google Search,166.65,32.85,Completed
ORD_7091,CUST_526,2024-03-27,Add-on,Instagram,359.57,135.21,Completed
ORD_7092,CUST_525,2024-02-26,Business Plan,Google Search,50.95,10.91,Completed
ORD_7093,CUST_413,2024-10-27,Business Plan,LinkedIn,249.53,45.88,Completed
ORD_7094,CUST_1064,2024-01-21,Pro Plan,LinkedIn,151.62,56.01,Completed
ORD_7095,CUST_1448,2025-04-03,Pro Plan,Referral,500.26,169.03,Completed
ORD_7096,CUST_538,2025-05-26,Basic Plan,Partnership,931.41,354.51,Completed
ORD_7097,CUST_984,2024-03-27,Pro Plan,Google Search,715.82,287.19,Completed
ORD_7098,CUST_1181,2024-12-16,Pro Plan,Instagram,559.06,147.67,Completed
ORD_7099,CUST_758,2024-01-15,Pro Plan,Google Search,1157.74,216.37,Completed
ORD_7100,CUST_540,2024-04-07,Basic Plan,LinkedIn,192.03,67.93,Completed
ORD_7101,CUST_1014,2024-09-09,Pro Plan,Partnership,981.79,406.32,Completed
ORD_7102,CUST_1016,2024-07-16,Business Plan,Instagram,176.37,55.67,Completed
ORD_7103,CUST_595,2025-06-22,Enterprise Plan,LinkedIn,965.43,335.33,Completed
ORD_7104,CUST_1248,2024-04-18,Add-on,LinkedIn,276.35,103.28,Completed
ORD_7105,CUST_8,2024-01-28,Basic Plan,LinkedIn,557.52,86.03,Refunded
ORD_7106,CUST_557,2025-02-22,Business Plan,Instagram,388.8,79.87,Completed
ORD_7107,CUST_904,2024-08-18,Pro Plan,LinkedIn,383.74,101.29,Completed
ORD_7108,CUST_215,2025-05-23,Basic Plan,Partnership,191.76,55.87,Completed
ORD_7109,CUST_1386,2025-04-24,Basic Plan,LinkedIn,811.58,256.08,Completed
ORD_7110,CUST_784,2024-05-10,Business Plan,Partnership,1081.73,259.24,Completed
ORD_7111,CUST_267,2025-05-10,Pro Plan,Instagram,524.25,201.42,Completed
ORD_7112,CUST_1101,2025-03-15,Pro Plan,Google Search,219.27,50.4,Completed
ORD_7113,CUST_102,2024-07-06,Pro Plan,Partnership,964.12,371.32,Completed
ORD_7114,CUST_144,2024-05-18,Basic Plan,Partnership,330.22,117.26,Refunded
ORD_7115,CUST_1429,2025-04-03,Pro Plan,LinkedIn,765.54,298.47,Completed
ORD_7116,CUST_1298,2025-03-31,Pro Plan,LinkedIn,400.08,115.96,Completed
ORD_7117,CUST_1226,2024-04-09,Basic Plan,Google Search,212.25,67.37,Completed
ORD_7118,CUST_116,2024-06-03,Pro Plan,Google Search,756.88,305.88,Completed
ORD_7119,CUST_1090,2024-03-26,Basic Plan,Instagram,132.12,54.89,Completed
ORD_7120,CUST_239,2025-01-22,Pro Plan,LinkedIn,988.31,354.86,Completed
ORD_7121,CUST_34,2024-09-30,Pro Plan,LinkedIn,1186.63,239.69,Completed
ORD_7122,CUST_1367,2024-03-05,Basic Plan,LinkedIn,769.2,192.51,Completed
ORD_7123,CUST_1082,2025-03-08,Pro Plan,LinkedIn,340.25,123.42,Completed
ORD_7124,CUST_1062,2025-04-13,Basic Plan,LinkedIn,128.43,52.02,Completed
ORD_7125,CUST_434,2024-03-15,Basic Plan,LinkedIn,878.84,390.87,Completed
ORD_7126,CUST_779,2025-02-18,Pro Plan,Instagram,76.64,13.02,Completed
ORD_7127,CUST_758,2025-01-24,Pro Plan,Google Search,448.53,151.99,Completed
ORD_7128,CUST_80,2025-05-15,Enterprise Plan,Referral,794.43,198.1,Completed
ORD_7129,CUST_1224,2024-12-06,Pro Plan,TikTok,262.75,86.43,Completed
ORD_7130,CUST_940,2024-08-13,Enterprise Plan,LinkedIn,455.81,190.6,Completed
ORD_7131,CUST_209,2024-11-13,Basic Plan,LinkedIn,528.34,126.13,Completed
ORD_7132,CUST_1198,2024-02-14,Basic Plan,LinkedIn,831.65,289.67,Completed
ORD_7133,CUST_1109,2024-04-22,Basic Plan,Instagram,366.35,108.68,Completed
ORD_7134,CUST_204,2024-12-16,Add-on,LinkedIn,147.17,28.66,Completed
ORD_7135,CUST_1052,2025-05-03,Premium Support,Partnership,691.1,248.87,Completed
ORD_7136,CUST_1397,2024-09-18,Basic Plan,LinkedIn,1198.71,356.67,Completed
ORD_7137,CUST_597,2024-05-10,Pro Plan,Google Search,67.08,23.49,Completed
ORD_7138,CUST_76,2024-10-11,Add-on,LinkedIn,909.43,300.42,Refunded
ORD_7139,CUST_452,2025-05-03,Basic Plan,LinkedIn,622.32,197.56,Completed
ORD_7140,CUST_1293,2024-07-05,Pro Plan,LinkedIn,263.73,56.97,Completed
ORD_7141,CUST_1442,2024-06-19,Business Plan,Google Search,552.28,225.91,Completed
ORD_7142,CUST_4,2024-04-25,Basic Plan,Instagram,999.44,220.4,Completed
ORD_7143,CUST_1027,2025-02-12,Basic Plan,Google Search,272.15,81.73,Completed
ORD_7144,CUST_1319,2024-06-15,Basic Plan,Google Search,926.38,349.0,Completed
ORD_7145,CUST_1156,2025-05-09,Enterprise Plan,Referral,98.29,39.98,Completed
ORD_7146,CUST_1131,2024-05-06,Basic Plan,Event Walk-in,731.24,261.45,Refunded
ORD_7147,CUST_613,2024-05-31,Pro Plan,LinkedIn,775.72,237.44,Completed
ORD_7148,CUST_255,2024-11-01,Pro Plan,Google Search,230.49,43.88,Completed
ORD_7149,CUST_71,2025-05-23,Premium Support,Google Search,534.48,111.93,Completed
ORD_7150,CUST_235,2024-11-03,Basic Plan,LinkedIn,456.23,185.4,Completed
ORD_7151,CUST_1064,2024-03-30,Business Plan,LinkedIn,865.13,134.32,Completed
ORD_7152,CUST_599,2024-12-05,Business Plan,Google Search,970.61,252.52,Completed
ORD_7153,CUST_541,2024-10-14,Pro Plan,Google Search,418.88,131.08,Completed
ORD_7154,CUST_1054,2024-06-17,Pro Plan,LinkedIn,174.69,27.57,Completed
ORD_7155,CUST_1479,2024-07-23,Enterprise Plan,Partnership,556.78,123.13,Completed
ORD_7156,CUST_270,2025-02-07,Pro Plan,LinkedIn,927.95,319.35,Completed
ORD_7157,CUST_193,2024-07-14,Enterprise Plan,Instagram,595.38,185.19,Completed
ORD_7158,CUST_1075,2024-04-06,Pro Plan,Partnership,483.9,133.13,Completed
ORD_7159,CUST_661,2024-01-02,Pro Plan,Google Search,713.32,310.32,Completed
ORD_7160,CUST_262,2024-10-05,Pro Plan,Instagram,628.35,103.44,Completed
ORD_7161,CUST_1336,2025-03-23,Basic Plan,Referral,955.03,280.79,Cancelled
ORD_7162,CUST_475,2024-10-06,Basic Plan,Partnership,1069.02,163.16,Cancelled
ORD_7163,CUST_1482,2024-02-03,Premium Support,Partnership,968.36,321.48,Completed
ORD_7164,CUST_85,2024-09-04,Pro Plan,LinkedIn,1041.91,412.3,Completed
ORD_7165,CUST_192,2024-10-05,Basic Plan,Google Search,51.08,14.65,Completed
ORD_7166,CUST_526,2024-04-15,Basic Plan,Instagram,646.58,253.96,Completed
ORD_7167,CUST_1471,2024-03-09,Business Plan,Google Search,1096.61,375.59,Refunded
ORD_7168,CUST_862,2024-09-12,Pro Plan,LinkedIn,556.48,150.48,Refunded
ORD_7169,CUST_886,2024-12-15,Business Plan,Instagram,685.58,305.59,Completed
ORD_7170,CUST_231,2025-03-23,Basic Plan,LinkedIn,938.93,184.24,Cancelled
ORD_7171,CUST_1322,2024-02-23,Basic Plan,Google Search,252.48,88.43,Completed
ORD_7172,CUST_886,2024-10-15,Pro Plan,Instagram,1125.01,292.05,Refunded
ORD_7173,CUST_748,2024-09-17,Onboarding,Google Search,967.28,415.86,Completed
ORD_7174,CUST_1360,2024-07-30,Business Plan,Google Search,791.79,298.31,Completed
ORD_7175,CUST_1370,2024-11-18,Basic Plan,Partnership,209.89,69.56,Completed
ORD_7176,CUST_290,2025-05-23,Business Plan,LinkedIn,149.97,29.38,Completed
ORD_7177,CUST_1423,2024-02-07,Onboarding,Google Search,900.09,260.46,Completed
ORD_7178,CUST_1059,2024-01-23,Pro Plan,Partnership,604.7,228.85,Completed
ORD_7179,CUST_347,2024-01-18,Enterprise Plan,Google Search,236.15,44.78,Completed
ORD_7180,CUST_49,2025-06-24,Premium Support,LinkedIn,790.19,168.51,Completed
ORD_7181,CUST_455,2024-01-11,Basic Plan,Instagram,922.84,173.67,Cancelled
ORD_7182,CUST_1054,2025-05-19,Onboarding,LinkedIn,974.77,391.21,Completed
ORD_7183,CUST_33,2024-02-23,Business Plan,Referral,824.67,256.28,Completed
ORD_7184,CUST_1070,2024-07-01,Basic Plan,Instagram,695.98,308.21,Completed
ORD_7185,CUST_1159,2024-04-16,Basic Plan,Google Search,985.43,368.18,Refunded
ORD_7186,CUST_1019,2025-05-24,Premium Support,Instagram,347.34,146.59,Completed
ORD_7187,CUST_1063,2024-12-22,Basic Plan,Partnership,319.98,94.03,Completed
ORD_7188,CUST_1421,2025-03-07,Pro Plan,LinkedIn,1006.21,325.3,Completed
ORD_7189,CUST_1484,2024-10-15,Add-on,Partnership,895.35,266.66,Completed
ORD_7190,CUST_480,2024-01-27,Basic Plan,LinkedIn,422.27,139.62,Completed
ORD_7191,CUST_860,2024-06-20,Basic Plan,Partnership,878.9,228.89,Completed
ORD_7192,CUST_1292,2025-03-22,Business Plan,Referral,392.97,114.51,Completed
ORD_7193,CUST_1222,2024-11-07,Business Plan,LinkedIn,395.16,158.54,Completed
ORD_7194,CUST_1110,2024-12-21,Pro Plan,Google Search,1150.93,415.6,Completed
ORD_7195,CUST_602,2024-11-19,Pro Plan,LinkedIn,867.28,385.93,Completed
ORD_7196,CUST_1238,2024-03-06,Pro Plan,Instagram,1054.29,401.13,Completed
ORD_7197,CUST_1353,2025-03-21,Pro Plan,Partnership,1005.92,376.94,Completed
ORD_7198,CUST_1495,2024-07-27,Pro Plan,Google Search,684.61,155.0,Completed
ORD_7199,CUST_611,2025-01-31,Basic Plan,Partnership,35.82,13.45,Completed
ORD_7200,CUST_1283,2024-05-12,Business Plan,LinkedIn,1156.54,318.02,Completed
ORD_7201,CUST_1084,2024-05-21,Basic Plan,Google Search,796.1,149.89,Completed
ORD_7202,CUST_335,2025-01-24,Business Plan,TikTok,471.72,135.53,Cancelled
ORD_7203,CUST_730,2024-09-06,Basic Plan,LinkedIn,102.99,35.82,Completed
ORD_7204,CUST_590,2024-02-19,Basic Plan,LinkedIn,1110.76,418.04,Completed
ORD_7205,CUST_573,2024-05-20,Pro Plan,Referral,849.97,357.25,Completed
ORD_7206,CUST_599,2024-06-28,Basic Plan,Google Search,840.51,132.72,Completed
ORD_7207,CUST_227,2025-04-12,Business Plan,Google Search,1031.99,247.14,Completed
ORD_7208,CUST_1421,2024-08-11,Pro Plan,LinkedIn,739.86,182.44,Completed
ORD_7209,CUST_1184,2025-03-01,Business Plan,Partnership,450.79,160.12,Completed
ORD_7210,CUST_503,2024-12-30,Pro Plan,Google Search,1173.54,334.78,Completed
ORD_7211,CUST_958,2024-04-10,Business Plan,Google Search,982.05,305.2,Refunded
ORD_7212,CUST_878,2024-01-10,Business Plan,Google Search,394.04,160.03,Completed
ORD_7213,CUST_482,2024-01-16,Business Plan,Instagram,513.07,227.6,Completed
ORD_7214,CUST_993,2024-07-12,Basic Plan,LinkedIn,547.65,171.41,Completed
ORD_7215,CUST_855,2025-03-04,Basic Plan,LinkedIn,918.66,204.98,Refunded
ORD_7216,CUST_266,2024-04-25,Basic Plan,Google Search,733.75,201.35,Completed
ORD_7217,CUST_1265,2025-04-23,Pro Plan,TikTok,859.47,374.33,Completed
ORD_7218,CUST_1403,2025-04-19,Pro Plan,Google Search,330.47,88.68,Completed
ORD_7219,CUST_452,2024-06-26,Pro Plan,LinkedIn,265.85,112.4,Completed
ORD_7220,CUST_1492,2024-11-10,Add-on,Partnership,543.36,175.51,Cancelled
ORD_7221,CUST_964,2024-06-21,Basic Plan,Google Search,683.13,163.07,Completed
ORD_7222,CUST_267,2025-03-15,Basic Plan,Instagram,672.13,139.08,Completed
ORD_7223,CUST_39,2024-04-02,Pro Plan,LinkedIn,592.71,153.0,Completed
ORD_7224,CUST_1167,2025-03-29,Onboarding,LinkedIn,83.18,18.35,Completed
ORD_7225,CUST_730,2025-05-27,Basic Plan,LinkedIn,1086.06,293.42,Completed
ORD_7226,CUST_917,2024-09-03,Basic Plan,LinkedIn,346.63,131.44,Refunded
ORD_7227,CUST_797,2024-04-11,Enterprise Plan,Instagram,1151.46,431.02,Completed
ORD_7228,CUST_190,2024-11-23,Business Plan,LinkedIn,246.64,38.71,Refunded
ORD_7229,CUST_119,2025-06-11,Basic Plan,Google Search,1006.77,401.43,Completed
ORD_7230,CUST_485,2024-11-11,Premium Support,Google Search,290.99,50.79,Completed
ORD_7231,CUST_277,2024-06-01,Basic Plan,Google Search,459.81,121.36,Refunded
ORD_7232,CUST_618,2024-03-04,Pro Plan,Google Search,752.92,150.56,Completed
ORD_7233,CUST_1313,2024-07-30,Business Plan,Google Search,75.17,33.45,Completed
ORD_7234,CUST_530,2024-10-28,Basic Plan,Google Search,972.82,165.97,Completed
ORD_7235,CUST_881,2025-03-09,Business Plan,LinkedIn,96.74,32.7,Completed
ORD_7236,CUST_1168,2025-06-26,Basic Plan,Partnership,1022.38,352.05,Cancelled
ORD_7237,CUST_382,2024-05-23,Pro Plan,LinkedIn,934.53,241.91,Completed
ORD_7238,CUST_821,2025-03-26,Enterprise Plan,TikTok,390.53,138.5,Refunded
ORD_7239,CUST_727,2024-09-18,Premium Support,Instagram,650.77,197.38,Completed
ORD_7240,CUST_163,2025-06-22,Business Plan,Partnership,1121.38,194.97,Completed
ORD_7241,CUST_448,2024-02-29,Enterprise Plan,LinkedIn,442.7,121.59,Completed
ORD_7242,CUST_556,2024-03-13,Add-on,LinkedIn,626.44,209.22,Completed
ORD_7243,CUST_280,2025-03-05,Business Plan,Partnership,247.48,50.02,Completed
ORD_7244,CUST_1280,2024-04-13,Pro Plan,Google Search,451.09,169.85,Completed
ORD_7245,CUST_422,2024-02-21,Pro Plan,Referral,57.07,19.68,Completed
ORD_7246,CUST_1340,2024-09-21,Business Plan,Partnership,633.12,109.31,Completed
ORD_7247,CUST_1268,2024-06-30,Pro Plan,Google Search,1102.24,251.98,Completed
ORD_7248,CUST_1311,2025-06-05,Basic Plan,Google Search,340.07,111.76,Cancelled
ORD_7249,CUST_115,2024-12-26,Basic Plan,Event Walk-in,199.84,43.0,Completed
ORD_7250,CUST_799,2025-06-06,Business Plan,LinkedIn,1091.53,194.35,Refunded
ORD_7251,CUST_762,2024-06-04,Enterprise Plan,LinkedIn,327.27,49.61,Completed
ORD_7252,CUST_845,2025-02-21,Basic Plan,Partnership,69.95,28.59,Completed
ORD_7253,CUST_1124,2024-10-17,Basic Plan,LinkedIn,1082.23,200.69,Completed
ORD_7254,CUST_382,2024-05-25,Business Plan,LinkedIn,884.46,331.53,Completed
ORD_7255,CUST_873,2024-07-01,Enterprise Plan,Partnership,35.43,10.97,Completed
ORD_7256,CUST_569,2024-06-04,Basic Plan,Google Search,822.14,202.82,Completed
ORD_7257,CUST_585,2024-02-01,Pro Plan,LinkedIn,536.51,119.48,Completed
ORD_7258,CUST_1041,2024-01-30,Pro Plan,Google Search,724.41,165.06,Refunded
ORD_7259,CUST_893,2025-05-06,Pro Plan,Google Search,493.24,201.48,Completed
ORD_7260,CUST_857,2024-06-13,Basic Plan,LinkedIn,64.25,16.75,Completed
ORD_7261,CUST_896,2025-04-18,Enterprise Plan,Partnership,268.39,67.64,Completed
ORD_7262,CUST_1056,2024-01-11,Business Plan,Google Search,757.28,271.76,Completed
ORD_7263,CUST_880,2025-05-06,Basic Plan,LinkedIn,701.86,129.69,Refunded
ORD_7264,CUST_1395,2024-08-30,Premium Support,LinkedIn,796.59,123.92,Completed
ORD_7265,CUST_861,2025-05-17,Pro Plan,LinkedIn,275.53,46.56,Refunded
ORD_7266,CUST_1092,2025-05-24,Add-on,LinkedIn,616.59,96.82,Completed
ORD_7267,CUST_822,2024-01-07,Pro Plan,Instagram,664.69,180.22,Completed
ORD_7268,CUST_685,2024-04-21,Pro Plan,LinkedIn,311.32,137.32,Refunded
ORD_7269,CUST_177,2024-09-16,Business Plan,Google Search,334.01,79.54,Cancelled
ORD_7270,CUST_31,2024-03-13,Pro Plan,Event Walk-in,231.88,50.97,Completed
ORD_7271,CUST_147,2024-03-01,Business Plan,LinkedIn,817.13,268.04,Refunded
ORD_7272,CUST_1326,2024-12-06,Enterprise Plan,LinkedIn,1111.22,221.18,Completed
ORD_7273,CUST_307,2024-04-08,Basic Plan,LinkedIn,156.51,26.42,Completed
ORD_7274,CUST_595,2024-08-18,Business Plan,LinkedIn,794.1,298.9,Completed
ORD_7275,CUST_651,2024-08-31,Business Plan,LinkedIn,429.14,185.87,Completed
ORD_7276,CUST_22,2024-10-30,Pro Plan,Partnership,468.88,109.99,Completed
ORD_7277,CUST_374,2024-11-21,Pro Plan,Google Search,1046.26,195.49,Completed
ORD_7278,CUST_1091,2025-01-03,Business Plan,Partnership,406.17,119.96,Refunded
ORD_7279,CUST_437,2025-01-16,Basic Plan,Partnership,762.14,219.56,Completed
ORD_7280,CUST_1118,2024-05-08,Basic Plan,TikTok,615.91,228.69,Completed
ORD_7281,CUST_1445,2025-01-03,Pro Plan,LinkedIn,572.48,218.51,Completed
ORD_7282,CUST_1256,2024-06-05,Basic Plan,LinkedIn,156.42,58.81,Completed
ORD_7283,CUST_356,2024-05-27,Enterprise Plan,Google Search,946.56,236.1,Completed
ORD_7284,CUST_976,2025-04-17,Business Plan,Partnership,588.86,189.12,Completed
ORD_7285,CUST_1052,2025-04-23,Basic Plan,Partnership,322.71,99.61,Completed
ORD_7286,CUST_544,2024-10-07,Basic Plan,LinkedIn,68.89,21.93,Completed
ORD_7287,CUST_240,2025-03-03,Pro Plan,Referral,752.11,281.61,Completed
ORD_7288,CUST_1400,2024-10-10,Business Plan,Google Search,111.79,27.46,Completed
ORD_7289,CUST_596,2024-04-28,Enterprise Plan,LinkedIn,540.14,131.97,Completed
ORD_7290,CUST_965,2025-01-02,Business Plan,Google Search,235.73,79.75,Completed
ORD_7291,CUST_1054,2024-08-03,Enterprise Plan,LinkedIn,801.52,174.11,Completed
ORD_7292,CUST_822,2024-10-02,Pro Plan,Instagram,714.96,142.82,Completed
ORD_7293,CUST_1267,2025-06-20,Pro Plan,Google Search,112.84,24.36,Completed
ORD_7294,CUST_201,2024-10-30,Basic Plan,Google Search,200.72,74.92,Completed
ORD_7295,CUST_216,2025-03-20,Basic Plan,Google Search,739.67,157.31,Completed
ORD_7296,CUST_233,2024-11-21,Business Plan,LinkedIn,695.83,162.05,Completed
ORD_7297,CUST_781,2025-02-03,Basic Plan,Google Search,799.46,201.83,Completed
ORD_7298,CUST_1063,2024-07-10,Pro Plan,Partnership,844.22,287.61,Completed
ORD_7299,CUST_1226,2025-02-28,Pro Plan,Google Search,570.02,148.72,Completed
ORD_7300,CUST_1024,2024-09-30,Onboarding,LinkedIn,740.08,279.61,Completed
ORD_7301,CUST_556,2025-05-13,Pro Plan,LinkedIn,826.48,338.65,Cancelled
ORD_7302,CUST_186,2025-03-27,Add-on,LinkedIn,588.01,104.24,Refunded
ORD_7303,CUST_66,2024-08-29,Basic Plan,LinkedIn,1019.29,174.95,Completed
ORD_7304,CUST_203,2024-07-18,Pro Plan,Instagram,1168.64,414.66,Completed
ORD_7305,CUST_1430,2024-09-07,Pro Plan,Google Search,1044.18,160.19,Cancelled
ORD_7306,CUST_1021,2024-10-17,Business Plan,Google Search,606.88,136.31,Completed
ORD_7307,CUST_501,2024-11-10,Pro Plan,LinkedIn,985.35,332.11,Completed
ORD_7308,CUST_989,2024-03-06,Enterprise Plan,TikTok,987.1,267.93,Completed
ORD_7309,CUST_117,2025-01-17,Business Plan,LinkedIn,146.19,36.98,Completed
ORD_7310,CUST_1125,2024-08-27,Basic Plan,LinkedIn,104.42,44.36,Cancelled
ORD_7311,CUST_732,2025-01-09,Basic Plan,Instagram,1008.02,443.88,Completed
ORD_7312,CUST_1379,2025-06-15,Basic Plan,Referral,170.14,39.37,Refunded
ORD_7313,CUST_1462,2025-04-09,Pro Plan,LinkedIn,622.46,263.42,Completed
ORD_7314,CUST_223,2025-01-16,Pro Plan,Google Search,492.17,75.39,Completed
ORD_7315,CUST_1105,2024-08-27,Basic Plan,LinkedIn,1013.66,257.91,Cancelled
ORD_7316,CUST_796,2025-02-15,Enterprise Plan,LinkedIn,343.91,149.16,Completed
ORD_7317,CUST_404,2024-05-18,Pro Plan,Instagram,658.11,121.95,Completed
ORD_7318,CUST_1468,2024-05-29,Business Plan,Instagram,1193.99,359.16,Completed
ORD_7319,CUST_1171,2024-05-26,Basic Plan,LinkedIn,1148.56,369.4,Completed
ORD_7320,CUST_515,2025-03-20,Enterprise Plan,LinkedIn,316.96,93.33,Completed
ORD_7321,CUST_253,2025-02-01,Pro Plan,Google Search,692.86,201.97,Completed
ORD_7322,CUST_409,2025-05-02,Basic Plan,Instagram,1147.45,250.7,Completed
ORD_7323,CUST_376,2024-11-12,Onboarding,Partnership,798.49,169.99,Completed
ORD_7324,CUST_213,2024-06-15,Pro Plan,Google Search,254.41,54.03,Completed
ORD_7325,CUST_99,2025-02-22,Pro Plan,Google Search,300.34,115.74,Completed
ORD_7326,CUST_1295,2024-02-09,Onboarding,LinkedIn,915.62,182.09,Completed
ORD_7327,CUST_1482,2025-01-18,Enterprise Plan,Partnership,224.93,52.98,Completed
ORD_7328,CUST_1193,2025-04-01,Business Plan,Google Search,396.25,62.15,Completed
ORD_7329,CUST_646,2025-01-27,Business Plan,Partnership,447.28,156.73,Completed
ORD_7330,CUST_746,2024-10-09,Basic Plan,LinkedIn,737.64,297.78,Completed
ORD_7331,CUST_44,2025-02-21,Onboarding,TikTok,630.62,126.84,Refunded
ORD_7332,CUST_714,2024-12-07,Basic Plan,LinkedIn,424.87,159.29,Completed
ORD_7333,CUST_557,2024-10-15,Pro Plan,Instagram,425.4,127.66,Refunded
ORD_7334,CUST_1470,2024-08-28,Pro Plan,LinkedIn,552.15,98.54,Completed
ORD_7335,CUST_205,2025-05-09,Pro Plan,Google Search,238.56,40.09,Completed
ORD_7336,CUST_322,2025-04-26,Basic Plan,Google Search,596.23,178.01,Completed
ORD_7337,CUST_1108,2024-02-09,Onboarding,Partnership,933.23,164.31,Completed
ORD_7338,CUST_28,2024-07-21,Business Plan,LinkedIn,397.06,80.35,Completed
ORD_7339,CUST_965,2024-11-07,Business Plan,Google Search,1023.62,440.63,Completed
ORD_7340,CUST_1179,2024-04-01,Premium Support,Partnership,671.87,143.0,Completed
ORD_7341,CUST_650,2024-11-24,Business Plan,Google Search,926.6,307.37,Completed
ORD_7342,CUST_767,2024-04-03,Basic Plan,Google Search,643.38,251.63,Completed
ORD_7343,CUST_134,2024-06-17,Pro Plan,LinkedIn,603.47,238.14,Completed
ORD_7344,CUST_293,2025-02-22,Pro Plan,Google Search,59.97,26.54,Completed
ORD_7345,CUST_298,2024-09-05,Business Plan,Google Search,427.43,79.27,Completed
ORD_7346,CUST_187,2025-05-16,Pro Plan,LinkedIn,1020.5,357.57,Completed
ORD_7347,CUST_578,2024-08-13,Add-on,TikTok,102.9,39.67,Completed
ORD_7348,CUST_1023,2024-11-15,Pro Plan,LinkedIn,790.95,144.57,Completed
ORD_7349,CUST_845,2025-02-02,Pro Plan,Partnership,914.53,243.0,Completed
ORD_7350,CUST_550,2024-01-01,Pro Plan,Partnership,175.45,35.61,Completed
ORD_7351,CUST_1040,2024-09-14,Pro Plan,Google Search,483.41,143.65,Completed
ORD_7352,CUST_1400,2024-05-03,Onboarding,Google Search,306.47,57.96,Completed
ORD_7353,CUST_157,2025-02-04,Business Plan,LinkedIn,728.93,150.21,Completed
ORD_7354,CUST_785,2025-05-01,Basic Plan,LinkedIn,470.18,200.7,Completed
ORD_7355,CUST_883,2024-10-29,Enterprise Plan,Google Search,488.42,164.29,Completed
ORD_7356,CUST_910,2024-12-27,Basic Plan,LinkedIn,592.06,175.57,Completed
ORD_7357,CUST_881,2024-01-28,Onboarding,LinkedIn,204.6,65.35,Refunded
ORD_7358,CUST_1261,2025-01-31,Basic Plan,Instagram,328.95,88.45,Completed
ORD_7359,CUST_490,2025-04-14,Business Plan,LinkedIn,198.47,39.85,Completed
ORD_7360,CUST_433,2024-04-23,Business Plan,Partnership,1113.76,355.09,Completed
ORD_7361,CUST_30,2025-06-11,Business Plan,Partnership,245.2,38.65,Completed
ORD_7362,CUST_901,2024-09-02,Business Plan,Partnership,997.04,287.31,Completed
ORD_7363,CUST_928,2024-12-22,Basic Plan,LinkedIn,222.42,40.67,Completed
ORD_7364,CUST_284,2024-06-06,Pro Plan,Partnership,1125.69,321.56,Completed
ORD_7365,CUST_1147,2025-05-16,Basic Plan,Google Search,64.89,16.19,Completed
ORD_7366,CUST_188,2024-05-23,Basic Plan,LinkedIn,148.26,26.33,Completed
ORD_7367,CUST_596,2024-08-15,Enterprise Plan,LinkedIn,452.79,132.12,Completed
ORD_7368,CUST_549,2024-11-07,Add-on,Instagram,620.7,232.5,Completed
ORD_7369,CUST_1212,2024-07-11,Pro Plan,Partnership,217.82,48.15,Completed
ORD_7370,CUST_1063,2024-10-01,Basic Plan,Partnership,292.14,126.19,Completed
ORD_7371,CUST_521,2024-07-02,Enterprise Plan,Partnership,632.92,203.64,Completed
ORD_7372,CUST_474,2025-04-29,Basic Plan,LinkedIn,66.46,16.69,Completed
ORD_7373,CUST_313,2024-11-07,Business Plan,Google Search,1127.31,191.51,Completed
ORD_7374,CUST_215,2025-06-06,Add-on,Partnership,659.0,170.53,Completed
ORD_7375,CUST_1193,2024-10-10,Enterprise Plan,Google Search,1134.27,479.18,Completed
ORD_7376,CUST_1081,2024-09-09,Add-on,Google Search,91.07,22.38,Completed
ORD_7377,CUST_992,2025-05-25,Add-on,Partnership,1126.8,253.75,Completed
ORD_7378,CUST_1281,2025-06-06,Business Plan,Google Search,343.54,98.11,Completed
ORD_7379,CUST_1317,2024-03-02,Basic Plan,LinkedIn,1166.72,466.35,Completed
ORD_7380,CUST_13,2024-11-17,Pro Plan,Instagram,1060.27,299.45,Refunded
ORD_7381,CUST_1379,2024-08-12,Pro Plan,Referral,497.73,100.72,Completed
ORD_7382,CUST_37,2025-01-05,Onboarding,TikTok,1167.12,517.07,Completed
ORD_7383,CUST_602,2024-05-18,Basic Plan,LinkedIn,240.69,106.9,Completed
ORD_7384,CUST_863,2025-01-04,Add-on,Partnership,949.67,189.87,Completed
ORD_7385,CUST_134,2024-04-16,Add-on,LinkedIn,546.06,161.08,Completed
ORD_7386,CUST_1005,2024-12-18,Business Plan,Instagram,772.92,171.49,Completed
ORD_7387,CUST_1093,2024-07-21,Pro Plan,Google Search,36.4,10.99,Refunded
ORD_7388,CUST_700,2025-06-13,Onboarding,Google Search,430.38,186.24,Completed
ORD_7389,CUST_80,2025-02-20,Basic Plan,Referral,1094.07,233.4,Completed
ORD_7390,CUST_1296,2025-03-04,Basic Plan,Instagram,896.07,265.07,Completed
ORD_7391,CUST_699,2024-06-14,Pro Plan,Instagram,1052.74,315.14,Refunded
ORD_7392,CUST_994,2024-02-14,Basic Plan,Event Walk-in,1002.86,451.22,Completed
ORD_7393,CUST_374,2025-06-12,Basic Plan,Google Search,344.26,65.58,Completed
ORD_7394,CUST_189,2024-11-12,Basic Plan,TikTok,883.87,312.16,Completed
ORD_7395,CUST_1032,2025-04-11,Basic Plan,Instagram,777.43,131.88,Completed
ORD_7396,CUST_966,2024-09-25,Basic Plan,LinkedIn,579.79,222.04,Refunded
ORD_7397,CUST_613,2024-09-22,Pro Plan,LinkedIn,54.32,13.4,Completed
ORD_7398,CUST_506,2024-07-24,Basic Plan,Google Search,559.94,247.06,Completed
ORD_7399,CUST_346,2024-04-04,Basic Plan,Google Search,1054.23,271.84,Refunded
ORD_7400,CUST_1163,2024-12-07,Basic Plan,Google Search,347.12,123.02,Completed
ORD_7401,CUST_1177,2024-10-24,Pro Plan,Instagram,84.59,32.69,Refunded
ORD_7402,CUST_335,2024-07-05,Business Plan,TikTok,1064.18,319.8,Cancelled
ORD_7403,CUST_384,2024-04-30,Basic Plan,Partnership,514.85,183.18,Completed
ORD_7404,CUST_442,2024-03-23,Business Plan,Referral,322.79,132.5,Completed
ORD_7405,CUST_432,2024-09-29,Basic Plan,Partnership,137.03,48.05,Completed
ORD_7406,CUST_1302,2024-11-23,Business Plan,Google Search,130.98,27.63,Refunded
ORD_7407,CUST_740,2025-04-24,Basic Plan,Instagram,784.94,143.49,Completed
ORD_7408,CUST_1400,2025-01-08,Basic Plan,Google Search,578.32,242.52,Completed
ORD_7409,CUST_79,2024-06-15,Business Plan,LinkedIn,947.73,325.12,Refunded
ORD_7410,CUST_890,2024-06-28,Business Plan,Partnership,617.13,155.96,Completed
ORD_7411,CUST_1062,2025-02-16,Pro Plan,LinkedIn,546.66,216.14,Completed
ORD_7412,CUST_1124,2024-12-29,Basic Plan,LinkedIn,476.22,178.74,Completed
ORD_7413,CUST_1024,2024-10-17,Business Plan,LinkedIn,111.73,19.06,Completed
ORD_7414,CUST_1145,2024-12-12,Enterprise Plan,LinkedIn,400.7,112.06,Refunded
ORD_7415,CUST_1213,2025-06-01,Basic Plan,Google Search,606.05,225.31,Completed
ORD_7416,CUST_136,2024-04-19,Business Plan,Google Search,954.54,321.82,Completed
ORD_7417,CUST_1092,2024-11-12,Basic Plan,LinkedIn,26.51,5.67,Cancelled
ORD_7418,CUST_169,2024-07-19,Onboarding,LinkedIn,988.46,282.78,Completed
ORD_7419,CUST_167,2025-01-11,Basic Plan,LinkedIn,420.74,163.22,Refunded
ORD_7420,CUST_1142,2025-04-06,Business Plan,LinkedIn,485.9,175.02,Completed
ORD_7421,CUST_1372,2024-09-22,Basic Plan,Partnership,879.59,273.88,Refunded
ORD_7422,CUST_1080,2024-12-04,Enterprise Plan,Partnership,848.99,322.36,Completed
ORD_7423,CUST_1149,2024-12-29,Pro Plan,Google Search,1155.87,193.66,Completed
ORD_7424,CUST_1348,2025-01-14,Basic Plan,Referral,1102.99,187.45,Completed
ORD_7425,CUST_1214,2024-01-08,Business Plan,LinkedIn,976.37,246.52,Completed
ORD_7426,CUST_1118,2024-10-02,Onboarding,TikTok,541.67,114.75,Completed
ORD_7427,CUST_955,2025-06-18,Enterprise Plan,Google Search,44.63,10.81,Cancelled
ORD_7428,CUST_839,2025-06-16,Pro Plan,Partnership,939.73,326.75,Refunded
ORD_7429,CUST_72,2024-04-10,Business Plan,Google Search,1159.86,488.08,Completed
ORD_7430,CUST_1130,2024-02-15,Pro Plan,Partnership,925.35,182.41,Completed
ORD_7431,CUST_1254,2024-06-22,Basic Plan,Instagram,633.54,99.07,Completed
ORD_7432,CUST_39,2024-10-17,Basic Plan,LinkedIn,924.2,212.32,Completed
ORD_7433,CUST_287,2025-06-26,Onboarding,LinkedIn,83.7,34.41,Refunded
ORD_7434,CUST_465,2025-02-11,Business Plan,Instagram,987.32,316.57,Completed
ORD_7435,CUST_1243,2024-11-02,Onboarding,Google Search,172.43,30.89,Completed
ORD_7436,CUST_628,2024-09-08,Basic Plan,Instagram,364.39,107.3,Completed
ORD_7437,CUST_1386,2024-07-14,Pro Plan,LinkedIn,1025.47,298.64,Completed
ORD_7438,CUST_862,2025-04-24,Basic Plan,LinkedIn,1126.19,182.87,Completed
ORD_7439,CUST_234,2024-04-20,Pro Plan,Instagram,88.41,35.38,Completed
ORD_7440,CUST_1091,2024-10-09,Basic Plan,Partnership,89.43,23.59,Completed
ORD_7441,CUST_1078,2024-04-22,Pro Plan,LinkedIn,416.14,128.09,Cancelled
ORD_7442,CUST_435,2024-11-17,Business Plan,Google Search,573.09,231.48,Completed
ORD_7443,CUST_64,2025-02-10,Enterprise Plan,Partnership,123.86,52.23,Completed
ORD_7444,CUST_558,2024-04-12,Enterprise Plan,Google Search,525.37,173.36,Completed
ORD_7445,CUST_165,2025-02-03,Enterprise Plan,Partnership,780.15,318.2,Refunded
ORD_7446,CUST_1059,2024-12-09,Basic Plan,Partnership,925.15,303.86,Cancelled
ORD_7447,CUST_427,2025-06-28,Basic Plan,Google Search,623.81,233.33,Completed
ORD_7448,CUST_882,2025-02-21,Enterprise Plan,Google Search,21.84,5.14,Completed
ORD_7449,CUST_248,2024-11-10,Business Plan,Event Walk-in,843.0,195.08,Completed
ORD_7450,CUST_992,2024-06-27,Pro Plan,Partnership,333.4,100.18,Completed
ORD_7451,CUST_537,2024-08-29,Business Plan,Google Search,706.66,185.65,Completed
ORD_7452,CUST_483,2024-10-13,Business Plan,LinkedIn,1096.17,306.71,Completed
ORD_7453,CUST_1446,2024-11-01,Pro Plan,LinkedIn,91.37,15.05,Completed
ORD_7454,CUST_1389,2025-05-18,Pro Plan,LinkedIn,734.09,198.0,Completed
ORD_7455,CUST_638,2024-06-11,Pro Plan,LinkedIn,364.66,91.47,Completed
ORD_7456,CUST_199,2025-05-07,Pro Plan,Google Search,260.62,100.62,Completed
ORD_7457,CUST_480,2024-04-27,Basic Plan,LinkedIn,303.03,134.79,Completed
ORD_7458,CUST_793,2024-03-27,Business Plan,Instagram,570.16,210.43,Completed
ORD_7459,CUST_823,2024-03-02,Basic Plan,Google Search,41.66,6.79,Completed
ORD_7460,CUST_484,2025-02-02,Business Plan,Referral,557.02,94.2,Completed
ORD_7461,CUST_1226,2024-07-09,Business Plan,Google Search,906.86,278.97,Completed
ORD_7462,CUST_815,2024-01-13,Basic Plan,Google Search,165.13,40.07,Completed
ORD_7463,CUST_318,2024-12-09,Basic Plan,Instagram,263.41,59.36,Completed
ORD_7464,CUST_1023,2025-01-30,Pro Plan,LinkedIn,791.7,191.93,Completed
ORD_7465,CUST_40,2025-05-16,Basic Plan,Referral,690.28,251.6,Refunded
ORD_7466,CUST_62,2025-04-25,Pro Plan,Partnership,551.64,148.47,Completed
ORD_7467,CUST_1105,2024-06-27,Pro Plan,LinkedIn,711.56,205.11,Completed
ORD_7468,CUST_196,2024-10-02,Premium Support,Google Search,166.05,49.94,Completed
ORD_7469,CUST_368,2025-04-13,Basic Plan,Google Search,123.39,41.31,Completed
ORD_7470,CUST_793,2024-01-14,Business Plan,Instagram,749.45,173.0,Completed
ORD_7471,CUST_14,2024-11-28,Enterprise Plan,Event Walk-in,811.6,333.35,Completed
ORD_7472,CUST_900,2025-04-17,Add-on,Partnership,678.28,275.15,Completed
ORD_7473,CUST_177,2025-05-08,Basic Plan,Google Search,516.39,152.36,Completed
ORD_7474,CUST_339,2024-04-06,Basic Plan,LinkedIn,1176.76,364.93,Completed
ORD_7475,CUST_618,2024-01-26,Onboarding,Google Search,409.85,116.68,Completed
ORD_7476,CUST_381,2025-03-21,Pro Plan,Partnership,40.38,13.58,Completed
ORD_7477,CUST_128,2024-07-09,Business Plan,LinkedIn,471.0,107.78,Completed
ORD_7478,CUST_1078,2024-11-30,Pro Plan,LinkedIn,156.07,41.62,Completed
ORD_7479,CUST_99,2024-07-27,Business Plan,Google Search,866.53,145.4,Completed
ORD_7480,CUST_1060,2024-02-18,Business Plan,LinkedIn,968.5,147.45,Completed
ORD_7481,CUST_1082,2025-06-20,Add-on,LinkedIn,139.35,61.5,Completed
ORD_7482,CUST_1447,2024-10-29,Basic Plan,LinkedIn,66.09,23.88,Completed
ORD_7483,CUST_635,2025-03-25,Basic Plan,LinkedIn,112.93,44.04,Completed
ORD_7484,CUST_627,2025-02-19,Basic Plan,Instagram,447.36,166.64,Completed
ORD_7485,CUST_140,2024-06-07,Basic Plan,Google Search,663.9,259.36,Completed
ORD_7486,CUST_350,2025-02-07,Pro Plan,Google Search,1127.02,177.89,Completed
ORD_7487,CUST_62,2025-05-05,Basic Plan,Partnership,1121.8,389.08,Completed
ORD_7488,CUST_482,2024-10-12,Enterprise Plan,Instagram,1069.43,434.12,Completed
ORD_7489,CUST_144,2025-04-28,Pro Plan,Partnership,197.56,77.96,Completed
ORD_7490,CUST_307,2024-09-13,Pro Plan,LinkedIn,1013.18,152.59,Refunded
ORD_7491,CUST_27,2025-02-05,Onboarding,Google Search,291.14,70.58,Cancelled
ORD_7492,CUST_1320,2025-03-11,Basic Plan,LinkedIn,86.75,35.64,Completed
ORD_7493,CUST_774,2025-05-14,Pro Plan,TikTok,1151.76,407.0,Completed
ORD_7494,CUST_936,2024-06-14,Basic Plan,LinkedIn,588.6,94.45,Completed
ORD_7495,CUST_771,2024-01-08,Business Plan,Google Search,1121.22,272.14,Refunded
ORD_7496,CUST_70,2024-07-26,Add-on,Google Search,174.41,59.16,Completed
ORD_7497,CUST_455,2024-07-06,Basic Plan,Instagram,832.19,170.25,Completed
ORD_7498,CUST_66,2025-02-07,Pro Plan,LinkedIn,964.22,374.65,Completed
ORD_7499,CUST_596,2025-01-08,Basic Plan,LinkedIn,287.66,76.84,Completed
ORD_7500,CUST_68,2024-04-28,Pro Plan,Google Search,674.13,206.59,Completed
ORD_7501,CUST_232,2024-03-01,Basic Plan,LinkedIn,978.51,263.22,Completed
ORD_7502,CUST_1435,2025-01-05,Pro Plan,Google Search,619.49,217.34,Completed
ORD_7503,CUST_676,2024-01-27,Business Plan,LinkedIn,184.7,64.29,Completed
ORD_7504,CUST_680,2024-02-15,Premium Support,Google Search,257.51,110.84,Completed
ORD_7505,CUST_193,2024-09-22,Pro Plan,Instagram,722.62,166.35,Refunded
ORD_7506,CUST_728,2024-03-28,Pro Plan,Google Search,975.88,355.68,Completed
ORD_7507,CUST_688,2025-02-01,Enterprise Plan,Google Search,953.54,408.74,Completed
ORD_7508,CUST_304,2024-12-04,Enterprise Plan,Partnership,601.63,254.85,Completed
ORD_7509,CUST_1094,2024-07-22,Basic Plan,LinkedIn,210.86,38.1,Completed
ORD_7510,CUST_145,2024-03-10,Business Plan,Google Search,675.95,290.47,Cancelled
ORD_7511,CUST_1453,2025-02-27,Business Plan,LinkedIn,978.96,367.98,Completed
ORD_7512,CUST_716,2025-06-05,Pro Plan,TikTok,1039.38,465.09,Refunded
ORD_7513,CUST_616,2025-01-06,Enterprise Plan,LinkedIn,497.56,149.81,Completed
ORD_7514,CUST_1443,2024-05-19,Basic Plan,Google Search,913.84,377.8,Completed
ORD_7515,CUST_1081,2024-01-04,Pro Plan,Google Search,44.8,15.8,Completed
ORD_7516,CUST_1248,2025-03-13,Basic Plan,LinkedIn,132.97,56.99,Completed
ORD_7517,CUST_516,2024-09-11,Pro Plan,Partnership,722.12,182.43,Completed
ORD_7518,CUST_515,2024-09-21,Basic Plan,LinkedIn,1183.71,374.99,Completed
ORD_7519,CUST_894,2024-03-28,Basic Plan,Google Search,398.21,105.02,Completed
ORD_7520,CUST_893,2024-06-06,Enterprise Plan,Google Search,1097.64,282.41,Completed
ORD_7521,CUST_1172,2025-01-07,Basic Plan,LinkedIn,100.61,15.84,Completed
ORD_7522,CUST_473,2024-01-12,Pro Plan,Instagram,262.32,86.92,Completed
ORD_7523,CUST_1425,2024-01-06,Onboarding,LinkedIn,1109.05,198.69,Refunded
ORD_7524,CUST_1386,2024-02-07,Business Plan,LinkedIn,142.56,49.54,Completed
ORD_7525,CUST_638,2024-11-01,Basic Plan,LinkedIn,1019.23,296.92,Completed
ORD_7526,CUST_1233,2025-02-15,Basic Plan,LinkedIn,762.17,206.63,Completed
ORD_7527,CUST_769,2025-05-16,Pro Plan,Google Search,350.67,151.69,Refunded
ORD_7528,CUST_280,2025-02-10,Business Plan,Partnership,384.52,124.21,Completed
ORD_7529,CUST_1381,2024-12-13,Pro Plan,Google Search,1091.39,168.06,Completed
ORD_7530,CUST_948,2024-05-28,Business Plan,LinkedIn,375.95,104.32,Completed
ORD_7531,CUST_79,2025-06-09,Basic Plan,LinkedIn,481.33,74.26,Completed
ORD_7532,CUST_333,2024-01-15,Basic Plan,Google Search,103.34,34.14,Completed
ORD_7533,CUST_230,2025-06-14,Add-on,LinkedIn,446.36,73.88,Cancelled
ORD_7534,CUST_495,2024-02-04,Business Plan,Partnership,704.16,286.78,Completed
ORD_7535,CUST_351,2024-07-19,Basic Plan,LinkedIn,87.69,23.17,Completed
ORD_7536,CUST_1175,2024-04-15,Pro Plan,Google Search,457.83,179.14,Completed
ORD_7537,CUST_535,2024-07-26,Enterprise Plan,Google Search,217.03,68.96,Completed
ORD_7538,CUST_144,2024-07-17,Onboarding,Partnership,644.18,283.87,Completed
ORD_7539,CUST_1189,2024-01-26,Basic Plan,Instagram,1061.25,357.69,Completed
ORD_7540,CUST_4,2024-01-11,Pro Plan,Instagram,76.65,22.32,Completed
ORD_7541,CUST_622,2025-06-30,Basic Plan,Referral,1181.28,238.08,Completed
ORD_7542,CUST_268,2024-01-02,Business Plan,LinkedIn,98.14,40.4,Refunded
ORD_7543,CUST_791,2024-04-28,Basic Plan,Event Walk-in,695.67,175.38,Completed
ORD_7544,CUST_692,2025-01-02,Business Plan,Google Search,1067.59,183.88,Completed
ORD_7545,CUST_1404,2025-03-28,Pro Plan,Google Search,556.06,157.34,Completed
ORD_7546,CUST_669,2024-05-03,Basic Plan,Google Search,638.21,189.34,Completed
ORD_7547,CUST_608,2024-11-13,Basic Plan,Google Search,431.83,90.9,Refunded
ORD_7548,CUST_454,2025-01-27,Pro Plan,LinkedIn,959.61,167.99,Completed
ORD_7549,CUST_379,2025-04-12,Basic Plan,Partnership,1024.84,258.73,Completed
ORD_7550,CUST_747,2024-11-03,Enterprise Plan,Referral,255.32,72.11,Completed
ORD_7551,CUST_1212,2024-06-25,Onboarding,Partnership,223.67,90.49,Refunded
ORD_7552,CUST_541,2024-07-10,Basic Plan,Google Search,479.39,186.68,Completed
ORD_7553,CUST_528,2024-05-15,Basic Plan,LinkedIn,820.91,306.27,Completed
ORD_7554,CUST_545,2024-08-16,Basic Plan,Google Search,916.01,336.5,Completed
ORD_7555,CUST_703,2024-10-06,Pro Plan,Partnership,61.52,16.62,Completed
ORD_7556,CUST_1259,2025-04-12,Pro Plan,LinkedIn,529.38,229.41,Completed
ORD_7557,CUST_107,2024-11-01,Pro Plan,Google Search,1019.95,328.12,Completed
ORD_7558,CUST_901,2024-03-25,Basic Plan,Partnership,233.73,63.07,Completed
ORD_7559,CUST_348,2024-06-29,Enterprise Plan,Google Search,540.27,124.91,Completed
ORD_7560,CUST_1294,2024-08-10,Basic Plan,LinkedIn,762.5,276.77,Completed
ORD_7561,CUST_669,2025-05-23,Basic Plan,Google Search,230.28,91.9,Completed
ORD_7562,CUST_1482,2024-04-26,Basic Plan,Partnership,1135.49,317.7,Completed
ORD_7563,CUST_1467,2025-05-03,Pro Plan,Partnership,1099.74,221.23,Completed
ORD_7564,CUST_1260,2024-03-24,Basic Plan,Partnership,150.25,24.48,Completed
ORD_7565,CUST_1251,2025-04-27,Pro Plan,LinkedIn,454.09,108.13,Completed
ORD_7566,CUST_724,2025-04-07,Onboarding,Referral,613.51,248.84,Completed
ORD_7567,CUST_518,2025-01-04,Basic Plan,Google Search,77.41,30.22,Completed
ORD_7568,CUST_297,2024-06-10,Business Plan,Google Search,1077.18,231.79,Completed
ORD_7569,CUST_183,2024-04-14,Basic Plan,LinkedIn,69.36,29.13,Completed
ORD_7570,CUST_496,2024-07-07,Business Plan,LinkedIn,1021.33,397.54,Completed
ORD_7571,CUST_899,2025-06-10,Basic Plan,LinkedIn,259.33,93.45,Completed
ORD_7572,CUST_1277,2025-05-21,Pro Plan,Referral,874.33,330.34,Completed
ORD_7573,CUST_1198,2025-04-08,Pro Plan,LinkedIn,237.59,55.02,Completed
ORD_7574,CUST_213,2025-02-27,Pro Plan,Google Search,979.2,328.63,Completed
ORD_7575,CUST_500,2024-01-05,Pro Plan,Google Search,902.11,393.75,Completed
ORD_7576,CUST_877,2024-11-26,Pro Plan,LinkedIn,31.01,8.8,Refunded
ORD_7577,CUST_94,2024-06-07,Basic Plan,Google Search,393.36,143.42,Completed
ORD_7578,CUST_659,2024-05-26,Business Plan,LinkedIn,554.35,90.68,Completed
ORD_7579,CUST_331,2024-02-09,Business Plan,LinkedIn,336.48,90.44,Refunded
ORD_7580,CUST_730,2025-05-24,Basic Plan,LinkedIn,369.68,116.55,Completed
ORD_7581,CUST_40,2024-03-12,Basic Plan,Referral,719.91,321.42,Completed
ORD_7582,CUST_1112,2025-02-16,Basic Plan,Partnership,624.32,143.02,Completed
ORD_7583,CUST_196,2024-11-19,Basic Plan,Google Search,818.39,194.19,Completed
ORD_7584,CUST_1112,2024-02-18,Add-on,Partnership,78.36,34.37,Cancelled
ORD_7585,CUST_318,2025-06-07,Basic Plan,Instagram,792.45,309.45,Completed
ORD_7586,CUST_206,2025-01-29,Enterprise Plan,LinkedIn,714.68,216.34,Completed
ORD_7587,CUST_419,2024-05-01,Basic Plan,Event Walk-in,1084.42,315.77,Completed
ORD_7588,CUST_567,2024-10-10,Basic Plan,TikTok,469.42,128.48,Completed
ORD_7589,CUST_1235,2024-12-18,Basic Plan,Instagram,1197.56,314.94,Completed
ORD_7590,CUST_1339,2024-08-08,Pro Plan,LinkedIn,853.18,270.76,Completed
ORD_7591,CUST_829,2025-02-05,Pro Plan,LinkedIn,1112.86,435.54,Completed
ORD_7592,CUST_1011,2024-01-05,Basic Plan,Partnership,496.07,195.79,Completed
ORD_7593,CUST_497,2024-04-08,Basic Plan,Google Search,225.66,49.87,Cancelled
ORD_7594,CUST_177,2024-06-15,Basic Plan,Google Search,678.68,195.51,Refunded
ORD_7595,CUST_710,2025-04-20,Basic Plan,Partnership,519.22,211.03,Completed
ORD_7596,CUST_844,2024-04-23,Premium Support,Instagram,407.32,109.7,Completed
ORD_7597,CUST_558,2024-08-10,Pro Plan,Google Search,824.81,362.65,Completed
ORD_7598,CUST_1362,2024-03-21,Business Plan,Referral,343.41,131.88,Completed
ORD_7599,CUST_818,2025-01-06,Enterprise Plan,Instagram,134.61,49.68,Completed
ORD_7600,CUST_1254,2024-02-26,Pro Plan,Instagram,197.72,48.54,Completed
ORD_7601,CUST_763,2024-03-25,Pro Plan,Referral,608.62,187.27,Refunded
ORD_7602,CUST_717,2024-03-16,Pro Plan,Google Search,923.3,293.41,Completed
ORD_7603,CUST_824,2025-04-10,Business Plan,Instagram,81.83,18.29,Completed
ORD_7604,CUST_561,2024-02-20,Basic Plan,LinkedIn,60.58,19.05,Completed
ORD_7605,CUST_1281,2024-06-28,Basic Plan,Google Search,86.09,17.51,Completed
ORD_7606,CUST_236,2024-10-31,Pro Plan,LinkedIn,102.97,26.4,Completed
ORD_7607,CUST_519,2024-05-16,Pro Plan,Google Search,907.95,325.27,Completed
ORD_7608,CUST_713,2024-10-18,Basic Plan,Instagram,655.62,210.95,Completed
ORD_7609,CUST_754,2024-12-16,Pro Plan,LinkedIn,382.6,169.97,Completed
ORD_7610,CUST_1424,2025-06-29,Business Plan,LinkedIn,413.88,83.31,Completed
ORD_7611,CUST_205,2024-05-09,Basic Plan,Google Search,927.06,237.41,Completed
ORD_7612,CUST_507,2024-03-30,Onboarding,LinkedIn,20.11,7.43,Cancelled
ORD_7613,CUST_1377,2024-07-05,Business Plan,Instagram,509.49,195.98,Completed
ORD_7614,CUST_1075,2025-04-26,Pro Plan,Partnership,39.0,13.91,Completed
ORD_7615,CUST_1311,2025-06-20,Pro Plan,Google Search,447.84,154.86,Completed
ORD_7616,CUST_240,2024-02-05,Basic Plan,Referral,222.91,57.27,Completed
ORD_7617,CUST_429,2025-03-11,Premium Support,Google Search,1068.82,364.5,Completed
ORD_7618,CUST_1098,2024-04-06,Onboarding,LinkedIn,244.3,55.27,Completed
ORD_7619,CUST_8,2024-03-23,Basic Plan,LinkedIn,435.07,167.62,Completed
ORD_7620,CUST_674,2024-12-21,Onboarding,Instagram,76.5,24.45,Completed
ORD_7621,CUST_120,2024-07-27,Business Plan,TikTok,1163.19,325.89,Completed
ORD_7622,CUST_486,2024-04-02,Pro Plan,LinkedIn,1059.64,401.05,Completed
ORD_7623,CUST_1329,2025-05-01,Pro Plan,LinkedIn,676.38,277.82,Completed
ORD_7624,CUST_1145,2024-07-02,Basic Plan,LinkedIn,660.24,140.9,Completed
ORD_7625,CUST_79,2024-11-09,Pro Plan,LinkedIn,1052.59,188.58,Completed
ORD_7626,CUST_1107,2024-09-17,Basic Plan,Instagram,571.37,218.06,Completed
ORD_7627,CUST_1088,2024-12-31,Basic Plan,Google Search,977.57,351.63,Completed
ORD_7628,CUST_595,2024-03-24,Business Plan,LinkedIn,718.45,288.67,Completed
ORD_7629,CUST_1410,2024-01-20,Pro Plan,LinkedIn,448.51,92.39,Completed
ORD_7630,CUST_911,2025-05-16,Basic Plan,Partnership,482.72,196.64,Refunded
ORD_7631,CUST_1246,2024-05-17,Basic Plan,Google Search,689.84,140.33,Refunded
ORD_7632,CUST_639,2024-01-27,Premium Support,LinkedIn,193.96,29.49,Completed
ORD_7633,CUST_888,2025-03-22,Basic Plan,Referral,194.42,36.1,Completed
ORD_7634,CUST_947,2024-07-28,Basic Plan,Partnership,1108.16,185.58,Completed
ORD_7635,CUST_291,2025-03-21,Enterprise Plan,Instagram,965.22,233.52,Completed
ORD_7636,CUST_571,2024-05-25,Add-on,Partnership,356.29,142.38,Completed
ORD_7637,CUST_1405,2024-02-22,Pro Plan,Partnership,933.38,204.68,Completed
ORD_7638,CUST_1083,2025-02-17,Business Plan,LinkedIn,1030.55,445.65,Completed
ORD_7639,CUST_149,2024-06-26,Pro Plan,Instagram,391.93,115.09,Completed
ORD_7640,CUST_299,2024-12-19,Basic Plan,LinkedIn,138.36,58.64,Completed
ORD_7641,CUST_1268,2025-03-30,Pro Plan,Google Search,615.69,261.69,Completed
ORD_7642,CUST_922,2024-11-16,Basic Plan,Partnership,1127.51,422.87,Completed
ORD_7643,CUST_98,2024-02-25,Basic Plan,LinkedIn,619.71,225.67,Completed
ORD_7644,CUST_518,2025-02-14,Business Plan,Google Search,878.0,373.42,Completed
ORD_7645,CUST_245,2024-09-09,Basic Plan,LinkedIn,372.02,84.32,Completed
ORD_7646,CUST_832,2024-02-01,Basic Plan,LinkedIn,1138.02,276.32,Completed
ORD_7647,CUST_1081,2024-09-16,Pro Plan,Google Search,731.97,239.41,Cancelled
ORD_7648,CUST_566,2025-01-22,Onboarding,Google Search,260.2,110.11,Completed
ORD_7649,CUST_970,2024-07-02,Pro Plan,Referral,863.36,359.45,Completed
ORD_7650,CUST_1356,2024-04-05,Basic Plan,Google Search,231.94,43.93,Completed
ORD_7651,CUST_169,2025-04-15,Basic Plan,LinkedIn,668.94,140.45,Completed
ORD_7652,CUST_1394,2025-02-12,Business Plan,Google Search,610.0,152.65,Completed
ORD_7653,CUST_553,2024-07-26,Business Plan,Google Search,155.59,43.57,Completed
ORD_7654,CUST_977,2024-05-22,Pro Plan,LinkedIn,804.27,270.1,Completed
ORD_7655,CUST_604,2025-02-26,Pro Plan,Partnership,300.34,89.5,Refunded
ORD_7656,CUST_374,2025-03-01,Premium Support,Google Search,1167.98,374.53,Cancelled
ORD_7657,CUST_648,2025-04-16,Basic Plan,Google Search,817.28,337.55,Completed
ORD_7658,CUST_978,2025-05-25,Enterprise Plan,Google Search,390.35,156.78,Completed
ORD_7659,CUST_271,2024-07-16,Enterprise Plan,Google Search,1095.41,242.34,Completed
ORD_7660,CUST_309,2024-10-12,Onboarding,LinkedIn,1136.35,205.56,Completed
ORD_7661,CUST_1004,2024-05-25,Business Plan,LinkedIn,775.87,297.47,Completed
ORD_7662,CUST_627,2024-07-26,Business Plan,Instagram,712.59,312.96,Completed
ORD_7663,CUST_1047,2025-05-16,Business Plan,LinkedIn,717.31,129.06,Completed
ORD_7664,CUST_1166,2024-06-11,Basic Plan,LinkedIn,420.77,76.64,Completed
ORD_7665,CUST_122,2024-12-20,Pro Plan,Instagram,1122.83,388.03,Completed
ORD_7666,CUST_1484,2024-12-23,Basic Plan,Partnership,349.84,119.4,Completed
ORD_7667,CUST_1421,2024-08-13,Onboarding,LinkedIn,863.95,192.32,Completed
ORD_7668,CUST_1226,2025-06-17,Business Plan,Google Search,1080.43,333.23,Refunded
ORD_7669,CUST_687,2025-05-16,Basic Plan,LinkedIn,1054.01,414.09,Completed
ORD_7670,CUST_1395,2024-07-05,Business Plan,LinkedIn,1141.3,224.18,Completed
ORD_7671,CUST_1375,2025-06-29,Business Plan,Google Search,85.83,18.69,Completed
ORD_7672,CUST_344,2025-01-09,Pro Plan,Google Search,217.21,80.41,Completed
ORD_7673,CUST_648,2024-07-13,Onboarding,Google Search,790.56,130.72,Cancelled
ORD_7674,CUST_317,2024-05-15,Basic Plan,Google Search,1103.13,448.62,Completed
ORD_7675,CUST_795,2025-01-04,Enterprise Plan,LinkedIn,869.09,293.68,Completed
ORD_7676,CUST_1075,2024-11-14,Enterprise Plan,Partnership,295.63,76.52,Completed
ORD_7677,CUST_589,2024-03-01,Basic Plan,LinkedIn,254.05,40.18,Completed
ORD_7678,CUST_804,2025-01-07,Onboarding,LinkedIn,387.34,160.04,Completed
ORD_7679,CUST_1158,2024-07-23,Pro Plan,LinkedIn,338.82,53.85,Completed
ORD_7680,CUST_1494,2025-04-01,Enterprise Plan,Google Search,1021.02,449.0,Completed
ORD_7681,CUST_1258,2024-02-27,Onboarding,LinkedIn,457.71,81.46,Completed
ORD_7682,CUST_325,2025-03-24,Onboarding,LinkedIn,948.35,309.65,Completed
ORD_7683,CUST_1392,2025-06-09,Add-on,Google Search,323.84,87.4,Completed
ORD_7684,CUST_123,2025-05-30,Business Plan,LinkedIn,339.1,118.93,Completed
ORD_7685,CUST_907,2024-09-06,Add-on,Instagram,52.86,11.63,Completed
ORD_7686,CUST_1437,2024-03-12,Business Plan,LinkedIn,54.5,13.66,Completed
ORD_7687,CUST_808,2025-03-21,Add-on,Google Search,1107.67,442.33,Completed
ORD_7688,CUST_123,2024-10-17,Basic Plan,LinkedIn,158.61,67.41,Completed
ORD_7689,CUST_1478,2024-09-25,Business Plan,Google Search,637.05,222.71,Completed
ORD_7690,CUST_1307,2024-07-12,Basic Plan,Referral,1189.82,521.58,Completed
ORD_7691,CUST_464,2024-12-24,Pro Plan,LinkedIn,937.19,287.18,Completed
ORD_7692,CUST_68,2024-07-13,Business Plan,Google Search,425.98,126.63,Completed
ORD_7693,CUST_80,2024-06-27,Business Plan,Referral,676.59,215.87,Completed
ORD_7694,CUST_429,2024-04-08,Pro Plan,Google Search,79.51,30.83,Completed
ORD_7695,CUST_1095,2024-11-01,Enterprise Plan,Google Search,332.48,143.32,Completed
ORD_7696,CUST_926,2024-01-14,Add-on,LinkedIn,900.62,258.02,Completed
ORD_7697,CUST_1231,2025-05-09,Pro Plan,LinkedIn,29.77,7.46,Completed
ORD_7698,CUST_457,2024-04-11,Enterprise Plan,LinkedIn,270.48,70.67,Completed
ORD_7699,CUST_678,2025-03-07,Premium Support,Google Search,321.75,68.32,Completed
ORD_7700,CUST_1097,2024-02-07,Basic Plan,Google Search,1019.1,357.32,Completed
ORD_7701,CUST_611,2024-07-13,Basic Plan,Partnership,149.11,44.91,Completed
ORD_7702,CUST_867,2024-12-01,Basic Plan,Google Search,800.72,342.14,Completed
ORD_7703,CUST_1014,2024-03-30,Basic Plan,Partnership,210.33,43.22,Completed
ORD_7704,CUST_1448,2024-04-12,Enterprise Plan,Referral,304.49,63.02,Completed
ORD_7705,CUST_592,2024-09-24,Pro Plan,Google Search,301.29,70.89,Completed
ORD_7706,CUST_1182,2025-01-12,Pro Plan,Google Search,198.71,71.18,Completed
ORD_7707,CUST_1039,2024-02-22,Basic Plan,Google Search,868.25,215.21,Completed
ORD_7708,CUST_1250,2025-04-26,Business Plan,Partnership,477.74,183.43,Cancelled
ORD_7709,CUST_658,2024-05-11,Premium Support,LinkedIn,844.97,295.74,Refunded
ORD_7710,CUST_1470,2024-02-02,Basic Plan,LinkedIn,375.22,120.62,Completed
ORD_7711,CUST_318,2024-05-29,Basic Plan,Instagram,927.47,285.76,Completed
ORD_7712,CUST_835,2024-06-17,Premium Support,LinkedIn,574.16,198.8,Completed
ORD_7713,CUST_155,2025-04-29,Basic Plan,TikTok,973.26,329.69,Refunded
ORD_7714,CUST_1446,2025-02-05,Basic Plan,LinkedIn,373.78,105.83,Completed
ORD_7715,CUST_533,2024-03-11,Basic Plan,Instagram,384.09,145.26,Completed
ORD_7716,CUST_421,2024-10-08,Pro Plan,LinkedIn,554.44,213.62,Completed
ORD_7717,CUST_942,2025-01-17,Basic Plan,LinkedIn,288.36,62.04,Completed
ORD_7718,CUST_1496,2024-04-17,Pro Plan,LinkedIn,158.16,53.06,Completed
ORD_7719,CUST_291,2024-01-26,Basic Plan,Instagram,661.61,143.97,Refunded
ORD_7720,CUST_685,2025-02-11,Business Plan,LinkedIn,1184.65,290.47,Completed
ORD_7721,CUST_834,2024-03-10,Add-on,LinkedIn,1170.74,304.72,Completed
ORD_7722,CUST_1086,2024-08-21,Basic Plan,Referral,448.65,199.61,Completed
ORD_7723,CUST_56,2024-10-16,Basic Plan,LinkedIn,485.49,98.37,Completed
ORD_7724,CUST_662,2025-03-19,Enterprise Plan,Partnership,707.69,294.28,Completed
ORD_7725,CUST_450,2024-02-01,Pro Plan,Google Search,908.67,273.51,Completed
ORD_7726,CUST_1457,2025-03-27,Add-on,LinkedIn,401.08,155.61,Completed
ORD_7727,CUST_377,2024-09-06,Basic Plan,LinkedIn,1093.22,305.01,Completed
ORD_7728,CUST_311,2024-03-04,Pro Plan,Instagram,604.25,106.05,Completed
ORD_7729,CUST_94,2025-04-09,Enterprise Plan,Google Search,321.96,55.31,Completed
ORD_7730,CUST_707,2024-06-06,Business Plan,LinkedIn,365.54,85.49,Refunded
ORD_7731,CUST_1060,2024-01-16,Basic Plan,LinkedIn,993.98,273.67,Completed
ORD_7732,CUST_101,2025-03-17,Business Plan,LinkedIn,1157.02,393.24,Completed
ORD_7733,CUST_264,2024-07-19,Business Plan,LinkedIn,1030.7,182.12,Cancelled
ORD_7734,CUST_672,2024-12-27,Business Plan,Referral,911.54,296.79,Completed
ORD_7735,CUST_16,2024-11-30,Pro Plan,Partnership,647.51,158.22,Completed
ORD_7736,CUST_1239,2024-03-09,Basic Plan,LinkedIn,1094.41,319.82,Completed
ORD_7737,CUST_1080,2024-05-09,Business Plan,Partnership,256.95,105.44,Completed
ORD_7738,CUST_156,2024-03-04,Pro Plan,LinkedIn,98.04,29.16,Refunded
ORD_7739,CUST_233,2024-10-17,Pro Plan,LinkedIn,1055.24,205.58,Completed
ORD_7740,CUST_580,2025-01-23,Business Plan,LinkedIn,232.9,87.01,Completed
ORD_7741,CUST_385,2024-02-11,Business Plan,LinkedIn,1035.61,177.97,Completed
ORD_7742,CUST_1235,2024-12-09,Enterprise Plan,Instagram,132.74,21.96,Completed
ORD_7743,CUST_1082,2024-03-29,Basic Plan,LinkedIn,56.48,16.82,Refunded
ORD_7744,CUST_813,2024-11-24,Basic Plan,Partnership,172.21,63.5,Completed
ORD_7745,CUST_23,2025-06-15,Basic Plan,TikTok,431.02,190.78,Completed
ORD_7746,CUST_883,2024-08-23,Business Plan,Google Search,1079.8,391.22,Completed
ORD_7747,CUST_1100,2025-06-06,Basic Plan,Referral,992.84,324.29,Completed
ORD_7748,CUST_570,2024-02-20,Pro Plan,LinkedIn,378.92,78.59,Completed
ORD_7749,CUST_586,2024-12-11,Add-on,Google Search,294.4,109.49,Completed
ORD_7750,CUST_200,2024-09-06,Pro Plan,TikTok,360.23,81.34,Completed
ORD_7751,CUST_1297,2024-08-11,Basic Plan,Google Search,949.02,372.52,Completed
ORD_7752,CUST_490,2025-01-22,Business Plan,LinkedIn,1005.27,208.76,Completed
ORD_7753,CUST_1414,2024-09-10,Business Plan,Partnership,373.09,124.07,Completed
ORD_7754,CUST_1277,2024-09-17,Basic Plan,Referral,467.0,96.82,Completed
ORD_7755,CUST_78,2024-10-16,Pro Plan,Referral,889.26,218.08,Completed
ORD_7756,CUST_1062,2024-05-27,Business Plan,LinkedIn,742.59,200.07,Refunded
ORD_7757,CUST_1421,2024-09-20,Basic Plan,LinkedIn,283.59,72.87,Completed
ORD_7758,CUST_153,2024-08-26,Business Plan,Google Search,434.92,123.14,Completed
ORD_7759,CUST_839,2025-05-23,Basic Plan,Partnership,958.64,259.05,Completed
ORD_7760,CUST_1452,2025-01-31,Basic Plan,Google Search,647.64,156.41,Cancelled
ORD_7761,CUST_991,2024-05-24,Business Plan,Partnership,814.63,271.01,Completed
ORD_7762,CUST_153,2025-04-29,Business Plan,Google Search,1162.77,233.97,Completed
ORD_7763,CUST_1153,2024-08-06,Business Plan,LinkedIn,315.67,73.84,Completed
ORD_7764,CUST_1419,2024-12-13,Basic Plan,LinkedIn,450.94,151.78,Refunded
ORD_7765,CUST_765,2025-02-12,Enterprise Plan,Google Search,443.17,177.12,Completed
ORD_7766,CUST_377,2024-10-28,Onboarding,LinkedIn,391.52,64.97,Completed
ORD_7767,CUST_141,2024-09-20,Basic Plan,Referral,480.25,75.52,Completed
ORD_7768,CUST_814,2024-11-23,Pro Plan,LinkedIn,473.88,193.86,Completed
ORD_7769,CUST_566,2025-05-25,Pro Plan,Google Search,1024.99,350.1,Completed
ORD_7770,CUST_1332,2024-04-15,Basic Plan,Google Search,1113.37,406.81,Completed
ORD_7771,CUST_186,2024-03-23,Pro Plan,LinkedIn,619.16,163.08,Completed
ORD_7772,CUST_157,2025-03-25,Premium Support,LinkedIn,671.12,263.79,Cancelled
ORD_7773,CUST_1019,2024-12-29,Business Plan,Instagram,711.5,304.26,Completed
ORD_7774,CUST_439,2024-02-03,Basic Plan,TikTok,145.91,24.79,Completed
ORD_7775,CUST_1460,2025-01-17,Pro Plan,LinkedIn,654.33,272.77,Completed
ORD_7776,CUST_990,2024-11-22,Onboarding,Instagram,208.35,63.3,Completed
ORD_7777,CUST_193,2024-06-09,Enterprise Plan,Instagram,81.85,12.78,Refunded
ORD_7778,CUST_257,2024-07-09,Pro Plan,Google Search,90.18,25.35,Completed
ORD_7779,CUST_197,2025-05-20,Basic Plan,Google Search,232.63,78.79,Completed
ORD_7780,CUST_547,2025-03-18,Pro Plan,Instagram,1107.96,489.88,Completed
ORD_7781,CUST_1004,2024-03-29,Basic Plan,LinkedIn,894.48,391.56,Refunded
ORD_7782,CUST_1496,2024-03-30,Pro Plan,LinkedIn,382.87,106.75,Completed
ORD_7783,CUST_1351,2024-06-09,Business Plan,LinkedIn,109.42,36.15,Completed
ORD_7784,CUST_829,2024-02-13,Pro Plan,LinkedIn,437.53,137.95,Completed
ORD_7785,CUST_1186,2025-01-14,Add-on,TikTok,1193.23,281.75,Completed
ORD_7786,CUST_946,2024-01-30,Basic Plan,Google Search,736.56,268.27,Completed
ORD_7787,CUST_1264,2024-12-28,Basic Plan,Partnership,311.12,85.44,Completed
ORD_7788,CUST_212,2025-06-22,Basic Plan,Google Search,232.41,90.39,Completed
ORD_7789,CUST_1144,2025-03-16,Basic Plan,Google Search,520.79,196.29,Completed
ORD_7790,CUST_418,2024-02-18,Pro Plan,Google Search,711.02,291.35,Completed
ORD_7791,CUST_1415,2024-05-10,Enterprise Plan,LinkedIn,1197.87,367.2,Completed
ORD_7792,CUST_109,2025-03-11,Onboarding,LinkedIn,251.94,88.03,Completed
ORD_7793,CUST_1040,2025-06-11,Pro Plan,Google Search,964.6,264.24,Completed
ORD_7794,CUST_1020,2024-07-10,Premium Support,LinkedIn,815.63,149.19,Completed
ORD_7795,CUST_860,2024-09-01,Business Plan,Partnership,416.78,138.39,Completed
ORD_7796,CUST_775,2024-03-05,Basic Plan,Referral,414.25,87.06,Completed
ORD_7797,CUST_1255,2025-06-14,Add-on,LinkedIn,1126.23,418.55,Completed
ORD_7798,CUST_182,2024-04-29,Pro Plan,Instagram,546.37,223.65,Completed
ORD_7799,CUST_1131,2024-10-05,Pro Plan,Event Walk-in,1110.37,345.04,Completed
ORD_7800,CUST_1040,2024-07-24,Enterprise Plan,Google Search,78.08,13.38,Completed
ORD_7801,CUST_665,2024-05-09,Business Plan,LinkedIn,210.03,79.15,Completed
ORD_7802,CUST_116,2025-03-19,Basic Plan,Google Search,754.3,165.94,Completed
ORD_7803,CUST_350,2025-04-23,Pro Plan,Google Search,993.61,369.53,Completed
ORD_7804,CUST_1139,2024-04-08,Pro Plan,LinkedIn,1156.9,421.81,Completed
ORD_7805,CUST_1085,2024-06-19,Pro Plan,Partnership,79.3,18.52,Completed
ORD_7806,CUST_111,2024-07-31,Pro Plan,Google Search,165.4,37.99,Completed
ORD_7807,CUST_154,2025-02-18,Add-on,Google Search,753.68,148.05,Completed
ORD_7808,CUST_1448,2025-01-18,Onboarding,Referral,185.97,61.9,Completed
ORD_7809,CUST_1386,2024-09-06,Pro Plan,LinkedIn,1070.31,459.11,Completed
ORD_7810,CUST_1335,2024-09-18,Onboarding,Google Search,1030.52,262.62,Completed
ORD_7811,CUST_254,2024-11-25,Basic Plan,Partnership,274.45,87.46,Completed
ORD_7812,CUST_1133,2024-07-29,Basic Plan,TikTok,657.86,122.64,Completed
ORD_7813,CUST_1340,2025-01-05,Basic Plan,Partnership,989.53,331.47,Refunded
ORD_7814,CUST_427,2024-07-14,Premium Support,Google Search,80.66,30.44,Completed
ORD_7815,CUST_127,2024-04-04,Basic Plan,LinkedIn,30.45,4.83,Completed
ORD_7816,CUST_630,2024-02-10,Pro Plan,LinkedIn,475.39,139.96,Completed
ORD_7817,CUST_364,2024-08-30,Enterprise Plan,Partnership,333.0,78.18,Completed
ORD_7818,CUST_211,2024-01-30,Business Plan,LinkedIn,31.68,9.61,Completed
ORD_7819,CUST_816,2024-12-04,Basic Plan,Partnership,539.6,155.33,Completed
ORD_7820,CUST_735,2024-08-28,Pro Plan,LinkedIn,1044.01,361.06,Completed
ORD_7821,CUST_1081,2024-06-14,Business Plan,Google Search,813.47,189.49,Completed
ORD_7822,CUST_142,2024-03-29,Pro Plan,Google Search,916.25,394.18,Completed
ORD_7823,CUST_163,2024-11-06,Basic Plan,Partnership,1112.08,346.3,Completed
ORD_7824,CUST_1068,2025-05-31,Add-on,Partnership,1017.35,275.58,Completed
ORD_7825,CUST_411,2024-07-04,Business Plan,Google Search,582.56,90.07,Completed
ORD_7826,CUST_1206,2025-03-23,Basic Plan,LinkedIn,648.82,159.36,Completed
ORD_7827,CUST_201,2025-03-04,Pro Plan,Google Search,618.98,123.97,Completed
ORD_7828,CUST_680,2025-06-10,Basic Plan,Google Search,595.81,229.37,Completed
ORD_7829,CUST_603,2025-06-05,Business Plan,Partnership,792.5,343.44,Completed
ORD_7830,CUST_715,2024-09-25,Add-on,Instagram,824.77,286.55,Completed
ORD_7831,CUST_983,2025-06-30,Basic Plan,TikTok,317.68,75.47,Completed
ORD_7832,CUST_1144,2024-08-22,Basic Plan,Google Search,885.81,383.79,Refunded
ORD_7833,CUST_364,2024-12-29,Enterprise Plan,Partnership,925.8,209.56,Completed
ORD_7834,CUST_1095,2024-09-15,Pro Plan,Google Search,336.48,128.5,Completed
ORD_7835,CUST_10,2025-01-12,Basic Plan,Google Search,449.17,104.74,Completed
ORD_7836,CUST_49,2024-08-10,Pro Plan,LinkedIn,1194.96,519.44,Completed
ORD_7837,CUST_876,2024-01-11,Pro Plan,Google Search,257.82,86.37,Completed
ORD_7838,CUST_211,2024-03-09,Onboarding,LinkedIn,585.61,217.66,Completed
ORD_7839,CUST_632,2024-08-16,Business Plan,LinkedIn,163.55,59.08,Completed
ORD_7840,CUST_896,2025-05-10,Basic Plan,Partnership,622.51,125.95,Refunded
ORD_7841,CUST_843,2024-10-28,Onboarding,Instagram,215.63,74.77,Completed
ORD_7842,CUST_233,2024-08-12,Basic Plan,LinkedIn,1152.69,244.95,Completed
ORD_7843,CUST_372,2024-07-03,Basic Plan,Referral,491.76,195.52,Cancelled
ORD_7844,CUST_1185,2024-12-15,Pro Plan,Partnership,425.47,189.34,Completed
ORD_7845,CUST_1333,2024-09-10,Basic Plan,LinkedIn,557.05,221.38,Completed
ORD_7846,CUST_210,2024-08-12,Business Plan,Google Search,440.31,101.68,Completed
ORD_7847,CUST_438,2025-03-07,Basic Plan,Partnership,486.99,168.44,Completed
ORD_7848,CUST_197,2025-01-24,Enterprise Plan,Google Search,77.56,16.62,Completed
ORD_7849,CUST_1320,2024-03-16,Basic Plan,LinkedIn,830.24,193.28,Completed
ORD_7850,CUST_324,2024-05-16,Basic Plan,LinkedIn,336.32,123.03,Completed
ORD_7851,CUST_951,2024-01-16,Basic Plan,LinkedIn,1104.14,401.13,Completed
ORD_7852,CUST_207,2024-04-05,Business Plan,Partnership,807.99,206.38,Refunded
ORD_7853,CUST_1156,2024-08-03,Add-on,Referral,79.89,12.83,Completed
ORD_7854,CUST_1475,2025-03-29,Basic Plan,Partnership,446.1,122.16,Refunded
ORD_7855,CUST_1249,2024-03-05,Basic Plan,LinkedIn,657.64,182.7,Completed
ORD_7856,CUST_851,2024-07-26,Basic Plan,Google Search,754.28,144.34,Refunded
ORD_7857,CUST_1030,2024-03-01,Pro Plan,Google Search,427.6,170.75,Cancelled
ORD_7858,CUST_1232,2025-02-15,Enterprise Plan,Partnership,280.5,93.21,Completed
ORD_7859,CUST_1441,2024-01-29,Add-on,Instagram,292.1,54.79,Completed
ORD_7860,CUST_950,2024-06-11,Business Plan,LinkedIn,503.89,207.4,Completed
ORD_7861,CUST_78,2024-01-13,Basic Plan,Referral,698.46,184.85,Completed
ORD_7862,CUST_755,2024-11-17,Basic Plan,Partnership,508.42,165.07,Completed
ORD_7863,CUST_550,2024-01-20,Basic Plan,Partnership,924.65,199.82,Completed
ORD_7864,CUST_24,2025-03-22,Pro Plan,LinkedIn,936.15,296.59,Completed
ORD_7865,CUST_109,2024-06-11,Basic Plan,LinkedIn,385.3,159.58,Completed
ORD_7866,CUST_282,2024-01-06,Enterprise Plan,Referral,950.12,253.29,Completed
ORD_7867,CUST_1359,2024-07-04,Pro Plan,Partnership,60.66,14.39,Completed
ORD_7868,CUST_813,2024-04-09,Business Plan,Partnership,791.06,222.67,Completed
ORD_7869,CUST_245,2024-01-14,Pro Plan,LinkedIn,579.89,106.92,Completed
ORD_7870,CUST_1335,2025-01-01,Pro Plan,Google Search,505.63,119.43,Completed
ORD_7871,CUST_1233,2025-06-16,Basic Plan,LinkedIn,654.7,170.53,Completed
ORD_7872,CUST_718,2025-03-23,Basic Plan,Referral,663.21,199.23,Completed
ORD_7873,CUST_265,2024-07-11,Enterprise Plan,Instagram,1139.78,267.94,Completed
ORD_7874,CUST_932,2024-07-05,Premium Support,TikTok,414.91,125.99,Refunded
ORD_7875,CUST_1349,2024-02-14,Basic Plan,TikTok,71.84,26.28,Completed
ORD_7876,CUST_163,2024-12-22,Business Plan,Partnership,495.97,186.1,Completed
ORD_7877,CUST_1422,2024-03-10,Business Plan,TikTok,697.53,254.25,Completed
ORD_7878,CUST_379,2025-01-20,Basic Plan,Partnership,1073.71,287.19,Completed
ORD_7879,CUST_701,2025-06-20,Pro Plan,Google Search,184.07,82.27,Completed
ORD_7880,CUST_14,2024-03-05,Pro Plan,Event Walk-in,1136.43,298.32,Completed
ORD_7881,CUST_826,2025-01-15,Add-on,LinkedIn,530.97,187.33,Completed
ORD_7882,CUST_1326,2024-10-13,Pro Plan,LinkedIn,134.51,46.75,Completed
ORD_7883,CUST_1401,2025-03-09,Basic Plan,LinkedIn,497.1,222.24,Completed
ORD_7884,CUST_1175,2025-01-02,Onboarding,Google Search,1000.76,409.96,Completed
ORD_7885,CUST_1153,2024-11-16,Pro Plan,LinkedIn,1102.09,339.76,Completed
ORD_7886,CUST_1288,2024-03-12,Business Plan,Partnership,138.67,57.26,Completed
ORD_7887,CUST_904,2025-04-17,Basic Plan,LinkedIn,562.76,153.28,Cancelled
ORD_7888,CUST_1004,2024-12-18,Pro Plan,LinkedIn,393.59,162.98,Completed
ORD_7889,CUST_1367,2024-03-08,Basic Plan,LinkedIn,140.33,48.94,Completed
ORD_7890,CUST_1115,2024-05-23,Add-on,LinkedIn,858.33,192.58,Completed
ORD_7891,CUST_185,2024-01-12,Pro Plan,LinkedIn,1161.2,436.15,Completed
ORD_7892,CUST_1405,2025-06-13,Onboarding,Partnership,788.54,353.45,Completed
ORD_7893,CUST_177,2024-01-04,Business Plan,Google Search,620.62,196.52,Completed
ORD_7894,CUST_760,2024-11-24,Basic Plan,LinkedIn,41.57,16.71,Completed
ORD_7895,CUST_886,2024-05-02,Premium Support,Instagram,400.38,87.03,Completed
ORD_7896,CUST_1125,2025-04-13,Onboarding,LinkedIn,663.49,269.51,Completed
ORD_7897,CUST_760,2024-05-02,Basic Plan,LinkedIn,51.11,9.21,Completed
ORD_7898,CUST_19,2025-02-07,Business Plan,Partnership,155.49,60.04,Completed
ORD_7899,CUST_221,2024-09-10,Add-on,Instagram,546.46,112.51,Completed
ORD_7900,CUST_57,2024-11-12,Business Plan,LinkedIn,996.47,248.31,Completed
ORD_7901,CUST_334,2024-12-31,Onboarding,LinkedIn,523.26,167.96,Completed
ORD_7902,CUST_1214,2024-11-14,Pro Plan,LinkedIn,610.5,133.71,Completed
ORD_7903,CUST_938,2025-05-26,Business Plan,Google Search,675.25,130.44,Completed
ORD_7904,CUST_529,2024-06-12,Basic Plan,LinkedIn,1104.9,231.96,Refunded
ORD_7905,CUST_1348,2024-04-15,Basic Plan,Referral,277.02,115.71,Completed
ORD_7906,CUST_397,2025-01-02,Premium Support,LinkedIn,1111.19,424.42,Completed
ORD_7907,CUST_1475,2025-04-28,Business Plan,Partnership,950.77,148.96,Completed
ORD_7908,CUST_476,2024-08-02,Business Plan,Google Search,578.85,130.15,Completed
ORD_7909,CUST_925,2024-09-15,Pro Plan,Google Search,1068.07,246.0,Completed
ORD_7910,CUST_1354,2024-05-07,Basic Plan,Partnership,155.67,28.49,Completed
ORD_7911,CUST_415,2024-09-10,Basic Plan,LinkedIn,243.52,57.18,Completed
ORD_7912,CUST_1449,2024-03-21,Pro Plan,TikTok,532.08,129.75,Refunded
ORD_7913,CUST_574,2025-01-08,Enterprise Plan,TikTok,505.61,213.03,Completed
ORD_7914,CUST_311,2025-06-16,Pro Plan,Instagram,566.24,170.75,Completed
ORD_7915,CUST_150,2025-06-29,Pro Plan,Google Search,821.58,214.2,Completed
ORD_7916,CUST_2,2025-01-02,Add-on,Google Search,557.09,86.4,Completed
ORD_7917,CUST_1469,2025-06-04,Basic Plan,Instagram,191.6,73.97,Completed
ORD_7918,CUST_618,2024-09-09,Pro Plan,Google Search,311.83,76.02,Completed
ORD_7919,CUST_646,2025-04-23,Basic Plan,Partnership,1086.8,284.89,Completed
ORD_7920,CUST_501,2025-02-08,Basic Plan,LinkedIn,287.64,56.62,Completed
ORD_7921,CUST_126,2024-04-28,Pro Plan,TikTok,187.18,67.59,Refunded
ORD_7922,CUST_541,2024-06-13,Premium Support,Google Search,964.93,382.4,Completed
ORD_7923,CUST_850,2024-12-08,Business Plan,Google Search,1021.7,378.22,Completed
ORD_7924,CUST_1170,2024-06-05,Basic Plan,Partnership,286.97,96.58,Completed
ORD_7925,CUST_1341,2024-02-03,Basic Plan,Instagram,946.34,145.34,Refunded
ORD_7926,CUST_1288,2024-01-03,Business Plan,Partnership,38.66,10.95,Completed
ORD_7927,CUST_718,2025-06-24,Pro Plan,Referral,303.5,131.83,Completed
ORD_7928,CUST_761,2025-02-21,Basic Plan,TikTok,129.26,52.68,Completed
ORD_7929,CUST_1445,2024-03-16,Business Plan,LinkedIn,609.11,130.78,Completed
ORD_7930,CUST_756,2025-05-19,Business Plan,Google Search,396.43,120.85,Completed
ORD_7931,CUST_267,2024-09-06,Business Plan,Instagram,766.97,160.97,Refunded
ORD_7932,CUST_1279,2024-06-19,Enterprise Plan,LinkedIn,902.85,249.58,Completed
ORD_7933,CUST_1491,2024-05-18,Pro Plan,Partnership,800.35,162.69,Completed
ORD_7934,CUST_702,2024-04-14,Pro Plan,Google Search,1120.22,417.62,Completed
ORD_7935,CUST_361,2024-02-02,Business Plan,Google Search,517.66,159.07,Completed
ORD_7936,CUST_1044,2024-08-23,Add-on,Partnership,723.02,311.59,Completed
ORD_7937,CUST_188,2025-02-24,Basic Plan,LinkedIn,582.99,101.2,Completed
ORD_7938,CUST_133,2025-02-06,Premium Support,LinkedIn,352.02,90.83,Completed
ORD_7939,CUST_623,2025-03-08,Enterprise Plan,Partnership,188.28,71.5,Completed
ORD_7940,CUST_281,2024-06-26,Enterprise Plan,Google Search,1101.73,262.27,Completed
ORD_7941,CUST_764,2024-12-17,Business Plan,Google Search,1013.31,430.76,Completed
ORD_7942,CUST_1073,2024-10-01,Business Plan,LinkedIn,241.82,102.69,Completed
ORD_7943,CUST_1498,2024-08-10,Business Plan,LinkedIn,729.91,285.19,Completed
ORD_7944,CUST_867,2024-10-10,Pro Plan,Google Search,578.18,171.6,Cancelled
ORD_7945,CUST_1341,2025-02-06,Enterprise Plan,Instagram,1066.93,337.52,Completed
ORD_7946,CUST_966,2024-08-11,Business Plan,LinkedIn,74.6,22.06,Completed
ORD_7947,CUST_307,2025-05-12,Enterprise Plan,LinkedIn,987.97,219.95,Completed
ORD_7948,CUST_1070,2024-09-27,Basic Plan,Instagram,897.91,189.99,Completed
ORD_7949,CUST_1243,2025-04-11,Business Plan,Google Search,363.78,144.8,Completed
ORD_7950,CUST_691,2024-07-27,Onboarding,Google Search,810.4,147.34,Completed
ORD_7951,CUST_452,2025-05-26,Pro Plan,LinkedIn,310.32,89.32,Completed
ORD_7952,CUST_1273,2025-04-04,Basic Plan,Google Search,1060.57,265.89,Completed
ORD_7953,CUST_1135,2024-02-01,Premium Support,Google Search,686.95,240.78,Completed
ORD_7954,CUST_481,2025-03-12,Basic Plan,Google Search,225.63,57.21,Completed
ORD_7955,CUST_681,2024-03-07,Pro Plan,Partnership,153.37,58.46,Completed
ORD_7956,CUST_751,2024-01-22,Basic Plan,Referral,417.42,161.96,Cancelled
ORD_7957,CUST_770,2024-03-21,Pro Plan,Partnership,923.65,339.2,Completed
ORD_7958,CUST_924,2024-12-24,Business Plan,Event Walk-in,1161.55,442.95,Completed
ORD_7959,CUST_942,2025-03-29,Business Plan,LinkedIn,683.02,195.41,Completed
ORD_7960,CUST_1254,2025-06-24,Pro Plan,Instagram,583.12,183.71,Completed
ORD_7961,CUST_778,2024-01-06,Business Plan,Google Search,925.83,347.19,Completed
ORD_7962,CUST_602,2024-08-24,Premium Support,LinkedIn,746.91,257.24,Completed
ORD_7963,CUST_298,2024-03-16,Basic Plan,Google Search,626.6,171.97,Completed
ORD_7964,CUST_131,2024-11-14,Basic Plan,Partnership,773.58,180.49,Completed
ORD_7965,CUST_1104,2024-07-19,Enterprise Plan,Partnership,524.8,210.08,Completed
ORD_7966,CUST_1362,2024-08-02,Business Plan,Referral,79.67,30.63,Completed
ORD_7967,CUST_807,2024-07-17,Basic Plan,Google Search,912.28,240.68,Completed
ORD_7968,CUST_342,2025-05-30,Pro Plan,Google Search,384.74,89.38,Completed
ORD_7969,CUST_996,2025-02-03,Pro Plan,LinkedIn,907.08,328.45,Refunded
ORD_7970,CUST_180,2024-04-13,Premium Support,Partnership,847.64,295.02,Completed
ORD_7971,CUST_1175,2024-01-27,Pro Plan,Google Search,1073.25,373.66,Cancelled
ORD_7972,CUST_1240,2025-05-23,Business Plan,LinkedIn,816.63,294.52,Completed
ORD_7973,CUST_51,2025-04-12,Basic Plan,Instagram,592.24,99.47,Completed
ORD_7974,CUST_213,2024-11-16,Pro Plan,Google Search,918.58,222.39,Completed
ORD_7975,CUST_1490,2025-04-29,Business Plan,Event Walk-in,114.99,36.14,Completed
ORD_7976,CUST_951,2024-01-15,Business Plan,LinkedIn,41.01,11.92,Completed
ORD_7977,CUST_695,2025-02-12,Basic Plan,LinkedIn,207.57,39.18,Completed
ORD_7978,CUST_461,2024-09-14,Basic Plan,Referral,482.67,112.37,Completed
ORD_7979,CUST_650,2024-12-24,Pro Plan,Google Search,702.44,198.33,Completed
ORD_7980,CUST_322,2024-01-12,Onboarding,Google Search,1188.85,353.25,Completed
ORD_7981,CUST_823,2024-03-05,Basic Plan,Google Search,255.92,102.1,Completed
ORD_7982,CUST_1429,2024-11-01,Business Plan,LinkedIn,246.46,51.23,Completed
ORD_7983,CUST_105,2024-08-26,Basic Plan,LinkedIn,658.62,263.13,Completed
ORD_7984,CUST_764,2024-05-24,Onboarding,Google Search,1050.7,177.26,Completed
ORD_7985,CUST_75,2024-06-11,Business Plan,Partnership,1104.48,327.06,Completed
ORD_7986,CUST_1295,2024-08-20,Business Plan,LinkedIn,1102.64,320.14,Refunded
ORD_7987,CUST_1184,2025-05-12,Business Plan,Partnership,508.23,135.36,Completed
ORD_7988,CUST_580,2025-05-02,Business Plan,LinkedIn,1030.97,196.63,Completed
ORD_7989,CUST_649,2024-07-05,Onboarding,Partnership,642.27,282.95,Completed
ORD_7990,CUST_940,2024-07-01,Basic Plan,LinkedIn,476.84,189.26,Completed
ORD_7991,CUST_1244,2024-10-28,Business Plan,Partnership,263.98,99.58,Completed
ORD_7992,CUST_209,2024-10-31,Business Plan,LinkedIn,418.17,178.84,Completed
ORD_7993,CUST_241,2025-01-21,Add-on,Google Search,635.57,161.55,Completed
ORD_7994,CUST_823,2024-09-08,Pro Plan,Google Search,806.23,286.35,Completed
ORD_7995,CUST_450,2024-02-22,Pro Plan,Google Search,318.15,136.22,Completed
ORD_7996,CUST_494,2024-08-09,Pro Plan,Event Walk-in,1019.19,361.79,Completed
ORD_7997,CUST_856,2024-02-26,Business Plan,Instagram,705.39,209.13,Completed
ORD_7998,CUST_590,2025-04-15,Basic Plan,LinkedIn,577.43,134.62,Completed
ORD_7999,CUST_25,2025-02-13,Enterprise Plan,Google Search,1132.58,273.86,Completed
ORD_8000,CUST_12,2024-01-06,Basic Plan,LinkedIn,403.57,103.01,Completed
ORD_8001,CUST_939,2025-03-26,Pro Plan,Google Search,860.66,215.35,Completed
ORD_8002,CUST_224,2024-03-27,Basic Plan,Google Search,547.4,219.14,Completed
ORD_8003,CUST_427,2024-05-28,Business Plan,Google Search,614.91,235.66,Refunded
ORD_8004,CUST_22,2025-05-13,Onboarding,Partnership,1009.89,206.25,Completed
ORD_8005,CUST_1222,2025-05-04,Basic Plan,LinkedIn,805.98,280.37,Refunded
ORD_8006,CUST_427,2024-08-13,Business Plan,Google Search,1062.67,348.65,Completed
ORD_8007,CUST_25,2025-05-27,Basic Plan,Google Search,530.88,197.72,Completed
ORD_8008,CUST_876,2024-03-22,Business Plan,Google Search,325.13,130.58,Completed
ORD_8009,CUST_439,2025-05-10,Business Plan,TikTok,709.9,223.72,Completed
ORD_8010,CUST_54,2025-06-29,Business Plan,Referral,846.95,163.9,Completed
ORD_8011,CUST_538,2025-05-30,Onboarding,Partnership,1089.79,278.63,Completed
ORD_8012,CUST_450,2024-09-08,Basic Plan,Google Search,272.33,104.53,Completed
ORD_8013,CUST_691,2024-10-02,Pro Plan,Google Search,83.12,26.24,Completed
ORD_8014,CUST_500,2024-04-13,Pro Plan,Google Search,748.02,127.56,Refunded
ORD_8015,CUST_707,2025-04-18,Pro Plan,LinkedIn,1150.3,246.02,Completed
ORD_8016,CUST_1483,2025-06-08,Pro Plan,Partnership,92.81,27.68,Completed
ORD_8017,CUST_452,2025-03-14,Basic Plan,LinkedIn,1123.04,358.92,Completed
ORD_8018,CUST_1352,2024-10-13,Basic Plan,LinkedIn,86.09,29.15,Completed
ORD_8019,CUST_1471,2024-06-20,Basic Plan,Google Search,734.01,205.11,Completed
ORD_8020,CUST_939,2024-03-21,Pro Plan,Google Search,905.04,187.24,Completed
ORD_8021,CUST_418,2024-07-09,Basic Plan,Google Search,1129.23,426.77,Completed
ORD_8022,CUST_975,2024-11-02,Basic Plan,TikTok,1094.87,478.53,Completed
ORD_8023,CUST_1361,2025-06-02,Pro Plan,LinkedIn,1037.38,421.43,Completed
ORD_8024,CUST_1269,2025-06-16,Onboarding,Partnership,332.89,98.02,Completed
ORD_8025,CUST_259,2024-03-03,Business Plan,LinkedIn,263.95,41.87,Completed
ORD_8026,CUST_1380,2024-10-11,Basic Plan,LinkedIn,1065.2,425.42,Completed
ORD_8027,CUST_841,2025-01-13,Basic Plan,TikTok,560.06,169.37,Completed
ORD_8028,CUST_1423,2024-01-29,Add-on,Google Search,446.03,136.08,Completed
ORD_8029,CUST_141,2024-06-20,Business Plan,Referral,805.77,142.02,Completed
ORD_8030,CUST_1486,2024-12-02,Pro Plan,Partnership,747.34,335.45,Completed
ORD_8031,CUST_157,2024-03-19,Pro Plan,LinkedIn,527.71,220.38,Refunded
ORD_8032,CUST_959,2024-04-17,Pro Plan,Instagram,676.69,161.94,Refunded
ORD_8033,CUST_622,2024-05-09,Business Plan,Referral,55.85,11.28,Cancelled
ORD_8034,CUST_898,2024-09-17,Basic Plan,LinkedIn,591.79,239.41,Completed
ORD_8035,CUST_489,2025-01-14,Basic Plan,Google Search,792.92,231.78,Completed
ORD_8036,CUST_322,2024-01-19,Business Plan,Google Search,687.26,255.07,Completed
ORD_8037,CUST_1378,2024-12-19,Pro Plan,Partnership,960.77,314.64,Completed
ORD_8038,CUST_1004,2024-07-08,Pro Plan,LinkedIn,168.76,52.96,Completed
ORD_8039,CUST_1003,2024-05-03,Pro Plan,TikTok,437.33,190.19,Completed
ORD_8040,CUST_129,2025-02-03,Business Plan,Google Search,222.74,77.52,Completed
ORD_8041,CUST_425,2024-12-15,Business Plan,Referral,1194.41,531.52,Completed
ORD_8042,CUST_1257,2025-06-22,Basic Plan,LinkedIn,147.57,41.34,Completed
ORD_8043,CUST_535,2024-06-18,Pro Plan,Google Search,953.89,152.27,Cancelled
ORD_8044,CUST_1015,2024-12-06,Add-on,Google Search,937.86,187.22,Completed
ORD_8045,CUST_1153,2025-03-15,Pro Plan,LinkedIn,369.39,164.58,Completed
ORD_8046,CUST_535,2025-02-18,Pro Plan,Google Search,998.4,248.76,Completed
ORD_8047,CUST_810,2024-03-31,Basic Plan,LinkedIn,268.93,116.36,Cancelled
ORD_8048,CUST_127,2024-11-07,Add-on,LinkedIn,994.15,381.51,Completed
ORD_8049,CUST_576,2024-12-11,Business Plan,LinkedIn,991.83,294.63,Completed
ORD_8050,CUST_630,2024-09-17,Pro Plan,LinkedIn,606.89,219.75,Refunded
ORD_8051,CUST_753,2025-01-22,Business Plan,LinkedIn,803.25,318.53,Completed
ORD_8052,CUST_777,2024-12-10,Pro Plan,Google Search,726.31,154.52,Completed
ORD_8053,CUST_698,2024-01-28,Pro Plan,Google Search,1173.13,410.54,Completed
ORD_8054,CUST_1413,2024-05-22,Business Plan,Google Search,826.74,349.94,Completed
ORD_8055,CUST_657,2024-06-19,Enterprise Plan,Instagram,1049.19,401.92,Refunded
ORD_8056,CUST_488,2024-07-05,Basic Plan,Partnership,284.77,101.06,Completed
ORD_8057,CUST_14,2024-08-11,Basic Plan,Event Walk-in,273.99,68.41,Completed
ORD_8058,CUST_908,2025-03-20,Pro Plan,LinkedIn,435.45,101.89,Completed
ORD_8059,CUST_555,2024-11-05,Pro Plan,Google Search,102.64,37.06,Completed
ORD_8060,CUST_922,2024-10-13,Business Plan,Partnership,1081.68,370.89,Completed
ORD_8061,CUST_1023,2025-01-28,Pro Plan,LinkedIn,669.25,153.36,Refunded
ORD_8062,CUST_1201,2024-10-03,Business Plan,LinkedIn,1013.76,276.37,Completed
ORD_8063,CUST_1474,2024-02-25,Pro Plan,Google Search,1030.44,390.69,Completed
ORD_8064,CUST_887,2025-03-03,Pro Plan,Google Search,588.83,242.39,Completed
ORD_8065,CUST_626,2024-02-09,Basic Plan,LinkedIn,1107.19,357.97,Completed
ORD_8066,CUST_230,2024-09-01,Basic Plan,LinkedIn,1108.35,331.65,Completed
ORD_8067,CUST_948,2024-04-13,Business Plan,LinkedIn,51.99,11.95,Refunded
ORD_8068,CUST_233,2024-02-11,Basic Plan,LinkedIn,328.76,79.26,Refunded
ORD_8069,CUST_185,2024-05-13,Basic Plan,LinkedIn,444.64,168.08,Completed
ORD_8070,CUST_1422,2024-04-04,Basic Plan,TikTok,279.06,105.39,Completed
ORD_8071,CUST_598,2025-06-15,Add-on,LinkedIn,1113.92,245.51,Completed
ORD_8072,CUST_977,2024-07-23,Basic Plan,LinkedIn,532.7,131.68,Completed
ORD_8073,CUST_1238,2024-12-04,Onboarding,Instagram,126.42,48.05,Completed
ORD_8074,CUST_629,2025-04-19,Onboarding,Google Search,955.46,167.72,Completed
ORD_8075,CUST_482,2024-03-23,Business Plan,Instagram,991.38,340.39,Completed
ORD_8076,CUST_850,2025-02-18,Basic Plan,Google Search,450.13,180.11,Completed
ORD_8077,CUST_1049,2025-05-14,Pro Plan,Partnership,172.06,31.14,Refunded
ORD_8078,CUST_522,2025-03-26,Basic Plan,TikTok,1007.34,409.96,Completed
ORD_8079,CUST_1226,2024-09-22,Basic Plan,Google Search,184.62,66.29,Cancelled
ORD_8080,CUST_765,2024-10-22,Business Plan,Google Search,619.75,162.38,Completed
ORD_8081,CUST_1372,2025-04-24,Pro Plan,Partnership,62.51,27.51,Completed
ORD_8082,CUST_1066,2025-01-02,Business Plan,LinkedIn,549.73,158.02,Completed
ORD_8083,CUST_65,2024-10-16,Pro Plan,Instagram,304.79,53.24,Completed
ORD_8084,CUST_889,2024-01-22,Basic Plan,LinkedIn,752.68,324.04,Completed
ORD_8085,CUST_124,2025-03-11,Basic Plan,LinkedIn,727.1,276.3,Completed
ORD_8086,CUST_1099,2024-02-28,Enterprise Plan,Instagram,747.03,165.4,Completed
ORD_8087,CUST_1299,2024-02-21,Onboarding,Instagram,771.06,321.44,Completed
ORD_8088,CUST_1188,2024-11-12,Basic Plan,Google Search,878.61,297.52,Completed
ORD_8089,CUST_90,2025-01-11,Basic Plan,Google Search,483.85,77.95,Completed
ORD_8090,CUST_333,2024-08-06,Basic Plan,Google Search,797.09,287.53,Completed
ORD_8091,CUST_697,2025-06-15,Enterprise Plan,TikTok,556.6,196.16,Completed
ORD_8092,CUST_1299,2025-01-31,Basic Plan,Instagram,162.06,41.46,Completed
ORD_8093,CUST_1230,2025-02-06,Onboarding,LinkedIn,194.11,81.32,Completed
ORD_8094,CUST_1004,2024-04-15,Enterprise Plan,LinkedIn,67.11,28.53,Completed
ORD_8095,CUST_1232,2024-09-05,Pro Plan,Partnership,186.06,69.75,Completed
ORD_8096,CUST_23,2025-03-03,Pro Plan,TikTok,836.2,142.44,Completed
ORD_8097,CUST_257,2025-05-19,Pro Plan,Google Search,1012.46,349.75,Completed
ORD_8098,CUST_17,2025-01-01,Add-on,Google Search,926.47,175.14,Completed
ORD_8099,CUST_1290,2024-11-20,Pro Plan,Instagram,180.09,64.66,Completed
ORD_8100,CUST_1078,2025-01-02,Onboarding,LinkedIn,228.12,88.22,Cancelled
ORD_8101,CUST_402,2025-05-13,Basic Plan,LinkedIn,95.33,38.94,Cancelled
ORD_8102,CUST_1272,2024-07-06,Basic Plan,LinkedIn,444.42,69.44,Refunded
ORD_8103,CUST_39,2024-05-22,Business Plan,LinkedIn,1165.28,408.1,Completed
ORD_8104,CUST_675,2024-07-11,Pro Plan,LinkedIn,290.97,129.05,Completed
ORD_8105,CUST_729,2024-07-30,Pro Plan,Google Search,1077.07,166.54,Completed
ORD_8106,CUST_598,2025-01-23,Pro Plan,LinkedIn,444.71,141.09,Cancelled
ORD_8107,CUST_1213,2024-09-02,Basic Plan,Google Search,789.13,187.63,Completed
ORD_8108,CUST_269,2025-06-28,Onboarding,Instagram,733.51,216.57,Refunded
ORD_8109,CUST_164,2024-07-26,Add-on,LinkedIn,879.18,184.58,Completed
ORD_8110,CUST_809,2024-02-03,Basic Plan,LinkedIn,381.03,73.53,Completed
ORD_8111,CUST_262,2024-05-14,Basic Plan,Instagram,279.92,84.15,Completed
ORD_8112,CUST_397,2025-05-08,Basic Plan,LinkedIn,975.28,252.91,Completed
ORD_8113,CUST_143,2025-06-11,Basic Plan,Partnership,547.32,128.37,Completed
ORD_8114,CUST_1071,2024-03-22,Basic Plan,LinkedIn,862.19,249.14,Completed
ORD_8115,CUST_1191,2025-04-25,Add-on,Google Search,899.7,204.24,Completed
ORD_8116,CUST_490,2024-10-28,Basic Plan,LinkedIn,1110.02,392.18,Completed
ORD_8117,CUST_1270,2025-01-07,Basic Plan,Partnership,1145.71,348.34,Completed
ORD_8118,CUST_310,2025-02-13,Business Plan,Instagram,1034.89,349.63,Completed
ORD_8119,CUST_1153,2024-02-29,Business Plan,LinkedIn,1131.96,399.31,Cancelled
ORD_8120,CUST_1132,2025-03-04,Pro Plan,TikTok,211.68,35.38,Completed
ORD_8121,CUST_1281,2024-01-05,Basic Plan,Google Search,814.74,193.95,Completed
ORD_8122,CUST_922,2024-08-07,Enterprise Plan,Partnership,740.64,231.0,Completed
ORD_8123,CUST_368,2024-05-27,Pro Plan,Google Search,1096.32,219.75,Completed
ORD_8124,CUST_869,2025-06-16,Basic Plan,Partnership,332.05,109.6,Completed
ORD_8125,CUST_736,2025-01-07,Add-on,LinkedIn,201.42,53.34,Completed
ORD_8126,CUST_1327,2025-01-05,Pro Plan,Google Search,986.62,200.13,Completed
ORD_8127,CUST_417,2024-06-27,Onboarding,Partnership,213.58,90.73,Completed
ORD_8128,CUST_896,2025-01-14,Enterprise Plan,Partnership,985.17,386.59,Completed
ORD_8129,CUST_894,2024-01-29,Basic Plan,Google Search,298.21,70.43,Completed
ORD_8130,CUST_330,2025-04-29,Basic Plan,Instagram,509.2,186.51,Completed
ORD_8131,CUST_529,2024-02-13,Business Plan,LinkedIn,599.4,134.92,Completed
ORD_8132,CUST_883,2024-12-17,Business Plan,Google Search,289.04,88.1,Completed
ORD_8133,CUST_1195,2024-01-19,Business Plan,Instagram,46.63,19.95,Refunded
ORD_8134,CUST_496,2024-06-18,Basic Plan,LinkedIn,675.21,214.22,Completed
ORD_8135,CUST_1045,2024-03-11,Basic Plan,Google Search,238.28,98.42,Completed
ORD_8136,CUST_44,2024-02-17,Business Plan,TikTok,434.73,181.5,Completed
ORD_8137,CUST_51,2025-01-20,Pro Plan,Instagram,391.55,71.62,Completed
ORD_8138,CUST_762,2025-04-20,Pro Plan,LinkedIn,231.32,69.03,Completed
ORD_8139,CUST_1243,2024-02-14,Onboarding,Google Search,562.48,160.6,Completed
ORD_8140,CUST_1074,2024-11-05,Enterprise Plan,Partnership,55.1,11.51,Completed
ORD_8141,CUST_335,2024-12-07,Pro Plan,TikTok,592.36,147.36,Completed
ORD_8142,CUST_1462,2024-06-12,Business Plan,LinkedIn,826.12,153.77,Completed
ORD_8143,CUST_766,2024-08-31,Basic Plan,Partnership,1190.2,372.9,Completed
ORD_8144,CUST_838,2024-07-05,Add-on,Partnership,140.57,53.7,Completed
ORD_8145,CUST_525,2024-01-26,Basic Plan,Google Search,887.33,321.22,Completed
ORD_8146,CUST_1438,2024-05-25,Basic Plan,LinkedIn,51.41,19.02,Completed
ORD_8147,CUST_602,2025-05-20,Pro Plan,LinkedIn,1060.71,327.42,Completed
ORD_8148,CUST_167,2025-03-04,Business Plan,LinkedIn,693.88,260.47,Completed
ORD_8149,CUST_805,2024-08-22,Basic Plan,Google Search,461.26,170.42,Completed
ORD_8150,CUST_462,2024-12-31,Basic Plan,LinkedIn,544.07,119.87,Completed
ORD_8151,CUST_798,2025-04-17,Basic Plan,LinkedIn,30.3,10.22,Completed
ORD_8152,CUST_911,2025-04-09,Pro Plan,Partnership,761.88,197.6,Completed
ORD_8153,CUST_1124,2024-03-17,Basic Plan,LinkedIn,846.59,224.64,Cancelled
ORD_8154,CUST_26,2024-05-22,Basic Plan,Google Search,883.3,322.41,Completed
ORD_8155,CUST_1390,2024-03-15,Business Plan,LinkedIn,1036.17,287.8,Refunded
ORD_8156,CUST_87,2025-06-01,Business Plan,LinkedIn,1191.68,478.96,Completed
ORD_8157,CUST_165,2025-05-16,Basic Plan,Partnership,310.82,75.98,Completed
ORD_8158,CUST_1052,2024-04-20,Add-on,Partnership,477.0,155.92,Completed
ORD_8159,CUST_17,2024-08-25,Business Plan,Google Search,742.78,189.41,Completed
ORD_8160,CUST_455,2025-06-02,Basic Plan,Instagram,1017.13,426.36,Completed
ORD_8161,CUST_1223,2024-10-14,Basic Plan,Google Search,919.27,322.04,Completed
ORD_8162,CUST_1144,2025-01-06,Business Plan,Google Search,1059.95,226.62,Completed
ORD_8163,CUST_916,2025-02-22,Pro Plan,Partnership,1188.47,260.57,Completed
ORD_8164,CUST_1147,2024-03-19,Pro Plan,Google Search,777.4,311.19,Completed
ORD_8165,CUST_1115,2025-06-28,Add-on,LinkedIn,667.45,189.5,Completed
ORD_8166,CUST_710,2025-05-17,Basic Plan,Partnership,198.06,33.25,Completed
ORD_8167,CUST_1462,2024-12-11,Enterprise Plan,LinkedIn,1097.29,390.84,Refunded
ORD_8168,CUST_161,2024-05-10,Basic Plan,Instagram,1115.12,202.98,Completed
ORD_8169,CUST_643,2025-04-19,Basic Plan,Instagram,380.04,93.09,Completed
ORD_8170,CUST_298,2025-04-25,Basic Plan,Google Search,863.89,345.32,Completed
ORD_8171,CUST_1499,2025-04-18,Business Plan,LinkedIn,724.08,285.64,Completed
ORD_8172,CUST_984,2024-07-10,Add-on,Google Search,1148.65,477.36,Completed
ORD_8173,CUST_911,2025-01-12,Business Plan,Partnership,883.04,313.73,Completed
ORD_8174,CUST_555,2024-12-02,Pro Plan,Google Search,669.05,290.24,Completed
ORD_8175,CUST_1063,2024-03-17,Basic Plan,Partnership,454.49,83.08,Completed
ORD_8176,CUST_1408,2025-01-24,Basic Plan,Google Search,1020.01,164.14,Completed
ORD_8177,CUST_518,2025-06-28,Pro Plan,Google Search,550.65,130.92,Completed
ORD_8178,CUST_170,2024-05-17,Basic Plan,Partnership,811.23,198.92,Completed
ORD_8179,CUST_985,2025-06-14,Business Plan,Partnership,912.76,307.23,Refunded
ORD_8180,CUST_1024,2024-04-29,Basic Plan,LinkedIn,932.65,255.53,Completed
ORD_8181,CUST_1236,2025-06-23,Basic Plan,Google Search,1054.06,164.57,Refunded
ORD_8182,CUST_1193,2024-09-22,Basic Plan,Google Search,574.63,221.28,Completed
ORD_8183,CUST_948,2024-12-02,Pro Plan,LinkedIn,275.41,115.47,Completed
ORD_8184,CUST_1399,2024-11-08,Basic Plan,Partnership,724.3,115.31,Completed
ORD_8185,CUST_368,2024-10-17,Basic Plan,Google Search,1127.6,322.46,Completed
ORD_8186,CUST_1372,2024-11-13,Onboarding,Partnership,853.65,177.84,Completed
ORD_8187,CUST_1235,2025-04-19,Add-on,Instagram,864.86,135.42,Refunded
ORD_8188,CUST_1397,2025-05-15,Onboarding,LinkedIn,470.42,75.59,Completed
ORD_8189,CUST_851,2025-01-01,Pro Plan,Google Search,681.19,183.85,Completed
ORD_8190,CUST_1432,2024-06-13,Onboarding,LinkedIn,285.4,45.14,Completed
ORD_8191,CUST_1241,2024-05-18,Basic Plan,Google Search,80.89,36.21,Refunded
ORD_8192,CUST_1364,2025-02-07,Basic Plan,Partnership,694.0,254.83,Completed
ORD_8193,CUST_216,2024-06-07,Pro Plan,Google Search,63.58,16.58,Refunded
ORD_8194,CUST_1368,2024-09-06,Onboarding,LinkedIn,1077.34,466.24,Completed
ORD_8195,CUST_422,2024-03-29,Basic Plan,Referral,263.34,83.67,Completed
ORD_8196,CUST_515,2024-07-22,Basic Plan,LinkedIn,1164.63,343.06,Completed
ORD_8197,CUST_879,2024-11-26,Basic Plan,Partnership,351.31,62.07,Refunded
ORD_8198,CUST_1129,2025-05-12,Pro Plan,LinkedIn,35.61,15.96,Completed
ORD_8199,CUST_729,2025-05-18,Pro Plan,Google Search,582.88,186.2,Completed
ORD_8200,CUST_311,2024-02-08,Basic Plan,Instagram,284.56,118.35,Completed
ORD_8201,CUST_746,2024-06-04,Business Plan,LinkedIn,984.91,349.49,Refunded
ORD_8202,CUST_1139,2025-03-19,Pro Plan,LinkedIn,378.66,72.22,Completed
ORD_8203,CUST_141,2025-05-16,Business Plan,Referral,1100.7,266.17,Completed
ORD_8204,CUST_1302,2024-11-11,Pro Plan,Google Search,700.46,164.48,Completed
ORD_8205,CUST_1146,2024-11-24,Onboarding,Google Search,900.09,343.07,Completed
ORD_8206,CUST_818,2024-10-19,Basic Plan,Instagram,205.33,88.6,Completed
ORD_8207,CUST_916,2024-01-05,Basic Plan,Partnership,380.15,159.21,Refunded
ORD_8208,CUST_770,2024-04-19,Pro Plan,Partnership,162.08,72.36,Completed
ORD_8209,CUST_1273,2024-01-27,Basic Plan,Google Search,878.48,187.03,Completed
ORD_8210,CUST_340,2025-03-23,Pro Plan,Partnership,96.62,36.31,Completed
ORD_8211,CUST_1358,2025-01-24,Business Plan,Partnership,158.19,34.06,Cancelled
ORD_8212,CUST_1057,2025-03-30,Onboarding,Google Search,538.13,166.93,Completed
ORD_8213,CUST_1239,2024-06-13,Enterprise Plan,LinkedIn,1157.33,301.96,Completed
ORD_8214,CUST_1033,2024-07-14,Basic Plan,LinkedIn,1051.56,443.61,Completed
ORD_8215,CUST_1355,2024-03-28,Pro Plan,LinkedIn,967.1,214.32,Completed
ORD_8216,CUST_1265,2024-11-25,Basic Plan,TikTok,564.49,175.02,Completed
ORD_8217,CUST_256,2025-05-28,Premium Support,LinkedIn,599.25,233.48,Completed
ORD_8218,CUST_1126,2024-04-09,Basic Plan,Google Search,1058.59,268.68,Refunded
ORD_8219,CUST_815,2025-06-13,Pro Plan,Google Search,694.92,138.16,Completed
ORD_8220,CUST_1254,2025-06-30,Onboarding,Instagram,1076.92,273.26,Refunded
ORD_8221,CUST_93,2025-04-04,Pro Plan,Google Search,502.09,216.36,Completed
ORD_8222,CUST_1004,2025-04-11,Basic Plan,LinkedIn,783.27,306.95,Completed
ORD_8223,CUST_528,2024-11-20,Basic Plan,LinkedIn,1135.52,348.17,Completed
ORD_8224,CUST_1159,2024-03-17,Premium Support,Google Search,144.25,29.45,Completed
ORD_8225,CUST_1428,2024-08-29,Basic Plan,Google Search,1128.38,263.95,Completed
ORD_8226,CUST_314,2025-04-01,Basic Plan,Google Search,92.22,39.41,Refunded
ORD_8227,CUST_1409,2024-03-26,Basic Plan,LinkedIn,904.75,259.2,Completed
ORD_8228,CUST_545,2024-09-16,Onboarding,Google Search,73.38,33.01,Completed
ORD_8229,CUST_1429,2024-09-13,Onboarding,LinkedIn,190.74,43.91,Completed
ORD_8230,CUST_1432,2025-03-23,Business Plan,LinkedIn,464.3,124.17,Completed
ORD_8231,CUST_540,2024-07-24,Pro Plan,LinkedIn,668.34,173.9,Completed
ORD_8232,CUST_227,2024-11-20,Basic Plan,Google Search,1153.02,310.5,Completed
ORD_8233,CUST_1418,2025-02-27,Onboarding,LinkedIn,975.38,190.43,Completed
ORD_8234,CUST_1050,2024-01-11,Add-on,Google Search,133.04,51.57,Completed
ORD_8235,CUST_869,2024-02-25,Onboarding,Partnership,1009.86,451.68,Refunded
ORD_8236,CUST_422,2024-12-29,Basic Plan,Referral,391.21,109.67,Completed
ORD_8237,CUST_1098,2025-05-05,Business Plan,LinkedIn,131.22,30.65,Completed
ORD_8238,CUST_219,2025-05-29,Business Plan,Google Search,877.05,204.81,Refunded
ORD_8239,CUST_1125,2024-08-22,Basic Plan,LinkedIn,136.89,37.8,Completed
ORD_8240,CUST_152,2025-06-25,Pro Plan,Google Search,851.85,211.13,Completed
ORD_8241,CUST_1010,2025-03-20,Enterprise Plan,Partnership,1166.92,254.08,Completed
ORD_8242,CUST_941,2024-04-10,Add-on,LinkedIn,128.59,56.82,Completed
ORD_8243,CUST_1398,2025-01-19,Business Plan,LinkedIn,774.81,280.09,Completed
ORD_8244,CUST_550,2024-03-13,Basic Plan,Partnership,140.1,62.66,Completed
ORD_8245,CUST_1103,2025-04-21,Pro Plan,Google Search,862.96,265.78,Completed
ORD_8246,CUST_797,2024-05-31,Business Plan,Instagram,944.84,323.29,Completed
ORD_8247,CUST_458,2025-04-23,Basic Plan,Google Search,1058.79,223.92,Refunded
ORD_8248,CUST_282,2025-05-13,Basic Plan,Referral,565.6,196.41,Completed
ORD_8249,CUST_1228,2025-02-20,Pro Plan,Google Search,299.66,94.64,Completed
ORD_8250,CUST_749,2024-07-10,Business Plan,Referral,684.93,122.18,Completed
ORD_8251,CUST_203,2025-02-17,Pro Plan,Instagram,902.23,345.16,Completed
ORD_8252,CUST_1333,2024-09-19,Pro Plan,LinkedIn,81.89,12.7,Completed
ORD_8253,CUST_507,2024-09-20,Basic Plan,LinkedIn,716.55,124.7,Completed
ORD_8254,CUST_1314,2024-10-19,Premium Support,Google Search,1157.61,432.9,Completed
ORD_8255,CUST_596,2024-07-26,Business Plan,LinkedIn,885.64,294.89,Completed
ORD_8256,CUST_1337,2025-05-05,Basic Plan,Partnership,423.96,154.94,Completed
ORD_8257,CUST_1239,2024-09-12,Enterprise Plan,LinkedIn,745.6,334.25,Completed
ORD_8258,CUST_1098,2025-01-22,Enterprise Plan,LinkedIn,266.94,111.59,Completed
ORD_8259,CUST_266,2025-03-09,Add-on,Google Search,1183.35,478.53,Completed
ORD_8260,CUST_1239,2024-02-20,Enterprise Plan,LinkedIn,474.85,177.6,Completed
ORD_8261,CUST_904,2025-05-20,Enterprise Plan,LinkedIn,241.51,97.45,Completed
ORD_8262,CUST_724,2025-06-07,Basic Plan,Referral,1190.28,373.76,Completed
ORD_8263,CUST_1367,2024-05-16,Basic Plan,LinkedIn,685.36,184.19,Completed
ORD_8264,CUST_542,2025-04-05,Basic Plan,Google Search,537.73,232.0,Completed
ORD_8265,CUST_536,2024-07-27,Business Plan,Google Search,356.08,76.1,Completed
ORD_8266,CUST_470,2024-09-17,Pro Plan,Partnership,1094.42,431.05,Completed
ORD_8267,CUST_670,2025-04-08,Pro Plan,Instagram,1027.82,279.08,Completed
ORD_8268,CUST_265,2024-05-12,Pro Plan,Instagram,370.53,101.4,Completed
ORD_8269,CUST_910,2024-10-05,Basic Plan,LinkedIn,847.34,262.18,Completed
ORD_8270,CUST_1127,2024-12-21,Basic Plan,LinkedIn,1137.64,174.96,Completed
ORD_8271,CUST_728,2024-10-03,Basic Plan,Google Search,486.53,108.72,Completed
ORD_8272,CUST_1435,2024-11-20,Pro Plan,Google Search,439.94,108.41,Completed
ORD_8273,CUST_515,2024-04-07,Basic Plan,LinkedIn,976.75,199.92,Completed
ORD_8274,CUST_1029,2024-05-12,Business Plan,Partnership,301.31,108.83,Completed
ORD_8275,CUST_397,2024-05-09,Pro Plan,LinkedIn,1024.11,265.1,Completed
ORD_8276,CUST_530,2024-01-02,Business Plan,Google Search,935.88,267.94,Completed
ORD_8277,CUST_1489,2024-12-30,Basic Plan,Google Search,1191.45,201.74,Completed
ORD_8278,CUST_59,2024-07-04,Onboarding,LinkedIn,448.06,154.19,Completed
ORD_8279,CUST_748,2025-05-12,Business Plan,Google Search,63.67,27.85,Completed
ORD_8280,CUST_483,2024-09-14,Enterprise Plan,LinkedIn,41.39,11.67,Completed
ORD_8281,CUST_287,2024-06-16,Basic Plan,LinkedIn,927.84,195.26,Completed
ORD_8282,CUST_1285,2024-06-22,Pro Plan,Instagram,117.58,22.14,Completed
ORD_8283,CUST_249,2025-05-19,Add-on,LinkedIn,348.27,75.26,Completed
ORD_8284,CUST_965,2024-09-12,Business Plan,Google Search,1196.85,276.79,Completed
ORD_8285,CUST_1099,2024-10-14,Business Plan,Instagram,1130.94,259.01,Completed
ORD_8286,CUST_1290,2024-06-04,Business Plan,Instagram,641.41,146.05,Completed
ORD_8287,CUST_1090,2024-12-18,Premium Support,Instagram,1067.66,257.03,Completed
ORD_8288,CUST_401,2024-01-25,Enterprise Plan,Partnership,646.7,172.96,Completed
ORD_8289,CUST_1135,2024-06-29,Onboarding,Google Search,322.62,135.9,Completed
ORD_8290,CUST_702,2024-04-18,Business Plan,Google Search,995.73,348.99,Completed
ORD_8291,CUST_767,2024-04-15,Pro Plan,Google Search,1036.04,238.54,Completed
ORD_8292,CUST_297,2025-04-15,Onboarding,Google Search,1067.45,283.69,Completed
ORD_8293,CUST_1057,2024-03-17,Pro Plan,Google Search,210.95,47.78,Completed
ORD_8294,CUST_781,2025-03-02,Pro Plan,Google Search,439.65,71.31,Completed
ORD_8295,CUST_334,2024-11-30,Pro Plan,LinkedIn,1156.34,456.43,Cancelled
ORD_8296,CUST_1259,2024-10-04,Business Plan,LinkedIn,301.92,60.26,Completed
ORD_8297,CUST_126,2024-12-25,Basic Plan,TikTok,194.56,81.35,Completed
ORD_8298,CUST_363,2024-10-23,Basic Plan,LinkedIn,417.32,129.9,Completed
ORD_8299,CUST_920,2025-05-29,Basic Plan,Google Search,955.5,379.85,Refunded
ORD_8300,CUST_431,2025-02-27,Business Plan,Google Search,766.31,272.01,Completed
ORD_8301,CUST_1333,2024-01-29,Business Plan,LinkedIn,544.54,168.74,Completed
ORD_8302,CUST_618,2024-10-25,Pro Plan,Google Search,450.74,126.38,Completed
ORD_8303,CUST_605,2025-06-03,Business Plan,LinkedIn,1095.33,328.82,Completed
ORD_8304,CUST_99,2024-02-05,Basic Plan,Google Search,913.06,402.76,Completed
ORD_8305,CUST_136,2025-02-10,Pro Plan,Google Search,648.61,148.57,Completed
ORD_8306,CUST_359,2024-03-10,Pro Plan,LinkedIn,1155.68,186.44,Completed
ORD_8307,CUST_1280,2025-05-06,Business Plan,Google Search,1012.39,249.28,Cancelled
ORD_8308,CUST_258,2024-02-19,Basic Plan,Instagram,615.61,185.48,Completed
ORD_8309,CUST_227,2025-02-20,Basic Plan,Google Search,553.43,174.09,Completed
ORD_8310,CUST_214,2024-05-12,Basic Plan,LinkedIn,122.52,49.26,Completed
ORD_8311,CUST_979,2025-03-26,Pro Plan,LinkedIn,830.6,362.98,Completed
ORD_8312,CUST_588,2024-04-24,Basic Plan,TikTok,682.93,280.22,Completed
ORD_8313,CUST_629,2024-06-05,Business Plan,Google Search,616.44,105.54,Completed
ORD_8314,CUST_854,2024-11-27,Basic Plan,Partnership,433.03,121.21,Cancelled
ORD_8315,CUST_1176,2024-10-11,Business Plan,Partnership,1199.71,207.91,Completed
ORD_8316,CUST_679,2024-10-01,Business Plan,Google Search,68.25,18.09,Completed
ORD_8317,CUST_704,2024-12-22,Basic Plan,LinkedIn,547.64,108.92,Completed
ORD_8318,CUST_421,2024-11-15,Basic Plan,LinkedIn,987.91,183.53,Completed
ORD_8319,CUST_230,2024-07-09,Business Plan,LinkedIn,203.19,67.36,Completed
ORD_8320,CUST_1272,2025-05-18,Business Plan,LinkedIn,509.24,193.43,Completed
ORD_8321,CUST_1217,2025-06-04,Basic Plan,LinkedIn,172.82,48.42,Completed
ORD_8322,CUST_1407,2024-02-12,Basic Plan,Referral,672.92,159.66,Completed
ORD_8323,CUST_1253,2024-03-18,Basic Plan,Partnership,796.76,199.12,Completed
ORD_8324,CUST_816,2025-03-22,Basic Plan,Partnership,271.19,45.39,Completed
ORD_8325,CUST_305,2025-02-25,Onboarding,LinkedIn,1162.65,350.83,Completed
ORD_8326,CUST_595,2025-02-23,Pro Plan,LinkedIn,341.32,132.98,Completed
ORD_8327,CUST_584,2025-04-07,Pro Plan,Google Search,737.32,188.87,Completed
ORD_8328,CUST_812,2025-03-17,Basic Plan,LinkedIn,287.42,52.36,Completed
ORD_8329,CUST_667,2025-04-16,Onboarding,LinkedIn,825.2,307.9,Completed
ORD_8330,CUST_933,2025-01-09,Business Plan,Google Search,760.42,290.65,Completed
ORD_8331,CUST_182,2024-02-21,Basic Plan,Instagram,754.46,314.07,Completed
ORD_8332,CUST_348,2024-05-11,Pro Plan,Google Search,299.3,45.57,Completed
ORD_8333,CUST_863,2024-07-20,Enterprise Plan,Partnership,391.35,93.87,Completed
ORD_8334,CUST_354,2025-03-07,Basic Plan,Google Search,182.21,43.12,Completed
ORD_8335,CUST_125,2025-01-24,Pro Plan,Google Search,1094.56,406.97,Refunded
ORD_8336,CUST_1212,2025-01-01,Business Plan,Partnership,959.32,164.22,Refunded
ORD_8337,CUST_384,2025-01-19,Basic Plan,Partnership,385.51,58.79,Completed
ORD_8338,CUST_344,2024-08-31,Basic Plan,Google Search,241.43,71.21,Completed
ORD_8339,CUST_802,2024-01-11,Business Plan,LinkedIn,411.45,148.28,Completed
ORD_8340,CUST_137,2025-02-12,Pro Plan,LinkedIn,1015.43,322.98,Completed
ORD_8341,CUST_1316,2025-01-15,Pro Plan,TikTok,734.31,293.31,Completed
ORD_8342,CUST_1063,2025-05-18,Enterprise Plan,Partnership,394.8,153.13,Completed
ORD_8343,CUST_1220,2024-01-17,Enterprise Plan,LinkedIn,241.45,57.54,Completed
ORD_8344,CUST_509,2024-06-05,Pro Plan,Google Search,882.2,331.34,Completed
ORD_8345,CUST_1111,2024-01-01,Pro Plan,Referral,1161.05,329.3,Completed
ORD_8346,CUST_1395,2024-12-28,Onboarding,LinkedIn,418.17,128.18,Completed
ORD_8347,CUST_254,2024-06-06,Onboarding,Partnership,223.77,53.19,Completed
ORD_8348,CUST_713,2024-12-13,Pro Plan,Instagram,1002.66,190.13,Completed
ORD_8349,CUST_571,2024-12-29,Basic Plan,Partnership,1153.36,478.82,Completed
ORD_8350,CUST_252,2024-01-07,Business Plan,Google Search,92.24,29.1,Completed
ORD_8351,CUST_288,2024-10-20,Pro Plan,Google Search,179.39,75.41,Completed
ORD_8352,CUST_887,2025-02-27,Basic Plan,Google Search,1040.45,349.25,Completed
ORD_8353,CUST_520,2024-11-23,Basic Plan,Google Search,685.45,144.18,Completed
ORD_8354,CUST_445,2025-03-20,Pro Plan,Google Search,836.23,248.55,Completed
ORD_8355,CUST_246,2024-05-09,Basic Plan,Google Search,921.89,336.15,Completed
ORD_8356,CUST_680,2024-02-21,Pro Plan,Google Search,1064.87,464.94,Completed
ORD_8357,CUST_1454,2024-08-08,Basic Plan,Instagram,525.51,120.78,Completed
ORD_8358,CUST_396,2024-10-04,Business Plan,LinkedIn,961.98,210.1,Completed
ORD_8359,CUST_195,2024-02-16,Premium Support,Google Search,938.76,315.0,Completed
ORD_8360,CUST_700,2025-04-11,Business Plan,Google Search,896.96,297.17,Completed
ORD_8361,CUST_1353,2025-04-06,Basic Plan,Partnership,260.02,57.76,Completed
ORD_8362,CUST_414,2024-01-11,Business Plan,LinkedIn,425.74,75.73,Completed
ORD_8363,CUST_962,2024-05-02,Pro Plan,LinkedIn,611.78,246.8,Completed
ORD_8364,CUST_314,2024-09-09,Basic Plan,Google Search,599.36,148.46,Completed
ORD_8365,CUST_889,2025-02-01,Pro Plan,LinkedIn,1041.89,246.17,Completed
ORD_8366,CUST_144,2024-12-23,Add-on,Partnership,923.27,304.05,Completed
ORD_8367,CUST_1388,2025-04-03,Basic Plan,Instagram,926.0,201.66,Completed
ORD_8368,CUST_726,2025-03-17,Business Plan,Google Search,948.64,198.16,Completed
ORD_8369,CUST_426,2024-05-15,Business Plan,Google Search,764.5,187.08,Refunded
ORD_8370,CUST_160,2024-10-24,Basic Plan,LinkedIn,1030.48,287.4,Completed
ORD_8371,CUST_1010,2025-01-21,Basic Plan,Partnership,348.24,142.39,Completed
ORD_8372,CUST_112,2024-11-17,Basic Plan,Google Search,44.72,17.67,Completed
ORD_8373,CUST_1346,2025-06-23,Business Plan,LinkedIn,565.01,139.76,Completed
ORD_8374,CUST_799,2025-02-12,Onboarding,LinkedIn,498.66,150.51,Completed
ORD_8375,CUST_1308,2025-05-31,Pro Plan,LinkedIn,730.09,280.91,Completed
ORD_8376,CUST_1373,2025-02-19,Business Plan,LinkedIn,107.4,44.88,Completed
ORD_8377,CUST_616,2025-04-13,Onboarding,LinkedIn,762.49,123.43,Completed
ORD_8378,CUST_1020,2025-01-02,Basic Plan,LinkedIn,122.92,31.51,Completed
ORD_8379,CUST_227,2024-04-18,Basic Plan,Google Search,294.95,102.76,Completed
ORD_8380,CUST_246,2025-03-19,Basic Plan,Google Search,569.43,219.98,Completed
ORD_8381,CUST_1240,2024-11-04,Business Plan,LinkedIn,87.83,14.96,Completed
ORD_8382,CUST_1188,2024-09-02,Onboarding,Google Search,530.32,100.83,Completed
ORD_8383,CUST_862,2025-01-15,Basic Plan,LinkedIn,1044.33,431.74,Cancelled
ORD_8384,CUST_495,2024-02-06,Business Plan,Partnership,1174.34,356.67,Completed
ORD_8385,CUST_1226,2025-02-08,Business Plan,Google Search,178.2,61.43,Completed
ORD_8386,CUST_657,2024-08-17,Basic Plan,Instagram,494.02,208.15,Completed
ORD_8387,CUST_55,2025-03-14,Basic Plan,LinkedIn,312.3,75.88,Completed
ORD_8388,CUST_218,2025-02-10,Business Plan,Event Walk-in,1050.92,340.86,Refunded
ORD_8389,CUST_781,2024-02-16,Basic Plan,Google Search,847.1,260.96,Completed
ORD_8390,CUST_1140,2024-12-29,Add-on,LinkedIn,1138.09,456.05,Completed
ORD_8391,CUST_620,2025-02-06,Business Plan,LinkedIn,768.12,188.63,Completed
ORD_8392,CUST_1484,2024-09-16,Basic Plan,Partnership,980.13,217.64,Completed
ORD_8393,CUST_97,2024-03-23,Basic Plan,Google Search,221.06,88.88,Completed
ORD_8394,CUST_11,2024-08-08,Basic Plan,Google Search,614.59,123.3,Completed
ORD_8395,CUST_1069,2025-06-23,Basic Plan,Partnership,413.14,164.44,Completed
ORD_8396,CUST_117,2025-06-06,Basic Plan,LinkedIn,339.19,147.97,Completed
ORD_8397,CUST_370,2024-10-06,Basic Plan,LinkedIn,756.77,177.45,Completed
ORD_8398,CUST_603,2024-09-04,Business Plan,Partnership,1078.99,259.63,Completed
ORD_8399,CUST_1419,2025-06-20,Enterprise Plan,LinkedIn,445.12,153.35,Completed
ORD_8400,CUST_289,2025-03-26,Basic Plan,Google Search,990.38,207.12,Completed
ORD_8401,CUST_290,2024-03-31,Pro Plan,LinkedIn,674.25,125.23,Completed
ORD_8402,CUST_1374,2024-04-18,Add-on,TikTok,827.46,368.32,Completed
ORD_8403,CUST_1142,2024-01-30,Basic Plan,LinkedIn,565.64,193.98,Completed
ORD_8404,CUST_1347,2024-12-09,Business Plan,LinkedIn,1022.96,429.31,Cancelled
ORD_8405,CUST_1375,2025-06-05,Basic Plan,Google Search,614.27,93.35,Completed
ORD_8406,CUST_885,2024-11-07,Add-on,Partnership,700.05,184.68,Completed
ORD_8407,CUST_112,2025-02-25,Basic Plan,Google Search,791.5,126.54,Completed
ORD_8408,CUST_890,2025-02-10,Pro Plan,Partnership,504.69,128.67,Completed
ORD_8409,CUST_245,2024-12-12,Pro Plan,LinkedIn,223.1,57.16,Completed
ORD_8410,CUST_1159,2025-02-10,Enterprise Plan,Google Search,816.15,172.37,Completed
ORD_8411,CUST_1437,2024-03-27,Onboarding,LinkedIn,649.59,265.86,Completed
ORD_8412,CUST_533,2024-10-26,Onboarding,Instagram,393.5,82.26,Completed
ORD_8413,CUST_993,2024-05-25,Business Plan,LinkedIn,1150.88,221.77,Completed
ORD_8414,CUST_1188,2024-12-14,Pro Plan,Google Search,158.39,44.11,Completed
ORD_8415,CUST_1066,2025-06-21,Basic Plan,LinkedIn,1152.45,430.57,Completed
ORD_8416,CUST_647,2025-02-08,Basic Plan,LinkedIn,1136.51,500.9,Completed
ORD_8417,CUST_833,2024-07-27,Pro Plan,LinkedIn,564.52,249.71,Refunded
ORD_8418,CUST_40,2024-10-30,Business Plan,Referral,89.62,29.52,Completed
ORD_8419,CUST_1066,2025-04-26,Business Plan,LinkedIn,908.84,143.5,Completed
ORD_8420,CUST_517,2024-09-05,Basic Plan,Google Search,100.0,19.14,Completed
ORD_8421,CUST_675,2025-01-27,Add-on,LinkedIn,836.14,153.28,Completed
ORD_8422,CUST_483,2024-06-10,Pro Plan,LinkedIn,170.8,26.47,Completed
ORD_8423,CUST_1385,2024-01-22,Enterprise Plan,Google Search,1184.91,376.32,Completed
ORD_8424,CUST_545,2024-07-04,Basic Plan,Google Search,404.58,162.08,Completed
ORD_8425,CUST_1279,2024-09-28,Basic Plan,LinkedIn,667.91,268.75,Completed
ORD_8426,CUST_223,2024-03-28,Pro Plan,Google Search,379.98,137.4,Completed
ORD_8427,CUST_87,2024-08-01,Pro Plan,LinkedIn,1126.47,220.43,Completed
ORD_8428,CUST_450,2025-03-06,Basic Plan,Google Search,295.26,53.32,Completed
ORD_8429,CUST_1391,2024-08-10,Enterprise Plan,Google Search,705.72,108.87,Cancelled
ORD_8430,CUST_885,2024-12-05,Pro Plan,Partnership,877.97,285.06,Completed
ORD_8431,CUST_1206,2025-05-15,Basic Plan,LinkedIn,808.7,350.1,Completed
ORD_8432,CUST_118,2025-02-22,Basic Plan,LinkedIn,1008.19,434.8,Completed
ORD_8433,CUST_632,2025-06-08,Basic Plan,LinkedIn,1033.43,458.66,Completed
ORD_8434,CUST_999,2024-05-24,Basic Plan,LinkedIn,257.64,70.76,Completed
ORD_8435,CUST_371,2024-11-02,Business Plan,Instagram,679.84,214.16,Completed
ORD_8436,CUST_574,2024-09-26,Basic Plan,TikTok,902.73,216.79,Completed
ORD_8437,CUST_921,2025-02-16,Pro Plan,LinkedIn,789.7,323.4,Refunded
ORD_8438,CUST_1281,2024-02-02,Basic Plan,Google Search,414.5,169.68,Completed
ORD_8439,CUST_1067,2024-05-11,Business Plan,LinkedIn,363.04,55.69,Completed
ORD_8440,CUST_359,2025-03-26,Onboarding,LinkedIn,536.83,100.94,Completed
ORD_8441,CUST_1199,2025-03-27,Pro Plan,LinkedIn,270.45,121.57,Completed
ORD_8442,CUST_517,2025-04-09,Basic Plan,Google Search,456.75,112.05,Completed
ORD_8443,CUST_50,2024-10-01,Pro Plan,LinkedIn,927.68,410.52,Refunded
ORD_8444,CUST_337,2025-04-12,Business Plan,TikTok,565.11,221.73,Completed
ORD_8445,CUST_253,2024-11-10,Business Plan,Google Search,526.67,195.75,Completed
ORD_8446,CUST_577,2025-05-31,Basic Plan,Google Search,529.72,142.83,Completed
ORD_8447,CUST_154,2024-08-12,Business Plan,Google Search,608.96,241.23,Completed
ORD_8448,CUST_619,2024-05-16,Basic Plan,Google Search,480.45,187.99,Completed
ORD_8449,CUST_247,2025-03-26,Basic Plan,Instagram,916.43,308.87,Completed
ORD_8450,CUST_399,2025-04-27,Pro Plan,LinkedIn,73.2,13.46,Completed
ORD_8451,CUST_876,2025-01-16,Business Plan,Google Search,950.05,356.34,Completed
ORD_8452,CUST_1414,2024-07-26,Basic Plan,Partnership,723.21,265.9,Completed
ORD_8453,CUST_687,2025-03-29,Onboarding,LinkedIn,172.04,71.88,Completed
ORD_8454,CUST_513,2024-07-07,Pro Plan,Google Search,889.5,306.38,Completed
ORD_8455,CUST_352,2025-04-08,Basic Plan,Partnership,748.51,141.09,Completed
ORD_8456,CUST_1189,2024-07-03,Basic Plan,Instagram,124.45,53.02,Completed
ORD_8457,CUST_454,2024-06-13,Basic Plan,LinkedIn,1185.91,526.63,Completed
ORD_8458,CUST_1417,2025-02-24,Pro Plan,Google Search,1057.54,200.18,Completed
ORD_8459,CUST_546,2024-02-27,Basic Plan,LinkedIn,682.58,255.94,Completed
ORD_8460,CUST_721,2024-02-07,Basic Plan,Partnership,544.03,180.17,Completed
ORD_8461,CUST_350,2024-11-30,Basic Plan,Google Search,47.35,9.14,Completed
ORD_8462,CUST_883,2025-03-20,Basic Plan,Google Search,246.03,67.47,Completed
ORD_8463,CUST_1094,2024-11-25,Pro Plan,LinkedIn,193.48,51.24,Completed
ORD_8464,CUST_166,2024-07-11,Pro Plan,Google Search,1136.58,395.96,Completed
ORD_8465,CUST_217,2025-01-17,Enterprise Plan,Google Search,488.57,183.32,Completed
ORD_8466,CUST_1315,2024-08-27,Onboarding,Google Search,898.55,251.63,Completed
ORD_8467,CUST_870,2024-02-26,Pro Plan,Referral,874.18,278.41,Refunded
ORD_8468,CUST_1440,2024-01-16,Basic Plan,Google Search,341.87,106.49,Completed
ORD_8469,CUST_383,2024-02-20,Onboarding,Instagram,24.46,9.18,Completed
ORD_8470,CUST_1374,2024-03-19,Basic Plan,TikTok,773.53,256.36,Refunded
ORD_8471,CUST_195,2024-12-12,Pro Plan,Google Search,889.1,142.36,Completed
ORD_8472,CUST_931,2024-03-20,Pro Plan,Partnership,308.34,110.92,Cancelled
ORD_8473,CUST_732,2025-01-30,Basic Plan,Instagram,591.94,219.9,Completed
ORD_8474,CUST_1070,2024-06-07,Pro Plan,Instagram,631.93,194.97,Completed
ORD_8475,CUST_459,2024-01-21,Basic Plan,Google Search,142.14,54.26,Completed
ORD_8476,CUST_1234,2025-04-21,Basic Plan,Google Search,538.5,146.29,Completed
ORD_8477,CUST_705,2024-05-11,Enterprise Plan,LinkedIn,238.77,36.35,Completed
ORD_8478,CUST_546,2024-07-31,Basic Plan,LinkedIn,1167.87,444.0,Completed
ORD_8479,CUST_1279,2024-05-28,Enterprise Plan,LinkedIn,971.62,250.02,Completed
ORD_8480,CUST_823,2024-12-06,Onboarding,Google Search,982.51,341.44,Completed
ORD_8481,CUST_1412,2024-02-23,Basic Plan,Google Search,786.71,299.4,Completed
ORD_8482,CUST_1224,2024-09-08,Add-on,TikTok,499.81,193.62,Completed
ORD_8483,CUST_1498,2025-03-22,Basic Plan,LinkedIn,674.05,120.09,Completed
ORD_8484,CUST_464,2025-03-18,Basic Plan,LinkedIn,339.38,76.1,Completed
ORD_8485,CUST_178,2024-05-03,Basic Plan,Partnership,441.45,185.4,Completed
ORD_8486,CUST_242,2024-09-02,Basic Plan,Instagram,628.48,133.01,Completed
ORD_8487,CUST_683,2024-06-05,Basic Plan,Partnership,1033.01,393.32,Completed
ORD_8488,CUST_1120,2024-06-30,Basic Plan,LinkedIn,1163.02,244.52,Completed
ORD_8489,CUST_224,2024-01-17,Basic Plan,Google Search,352.79,136.07,Completed
ORD_8490,CUST_681,2025-05-29,Onboarding,Partnership,1117.01,266.58,Completed
ORD_8491,CUST_1204,2024-05-03,Business Plan,LinkedIn,867.84,160.53,Completed
ORD_8492,CUST_145,2024-12-15,Basic Plan,Google Search,864.34,178.11,Completed
ORD_8493,CUST_1134,2024-08-22,Basic Plan,LinkedIn,111.77,19.09,Completed
ORD_8494,CUST_1208,2024-04-24,Add-on,LinkedIn,1060.07,227.97,Completed
ORD_8495,CUST_332,2025-04-23,Basic Plan,LinkedIn,815.3,156.77,Completed
ORD_8496,CUST_970,2025-04-23,Basic Plan,Referral,840.3,316.8,Completed
ORD_8497,CUST_1032,2024-02-08,Business Plan,Instagram,983.73,352.15,Completed
ORD_8498,CUST_202,2024-11-25,Basic Plan,Google Search,363.65,122.0,Completed
ORD_8499,CUST_261,2024-10-08,Business Plan,Google Search,971.47,154.5,Completed
ORD_8500,CUST_1459,2025-01-21,Basic Plan,Google Search,169.53,67.23,Completed
ORD_8501,CUST_550,2024-06-22,Business Plan,Partnership,518.16,215.2,Completed
ORD_8502,CUST_1196,2024-09-25,Basic Plan,Partnership,670.7,197.62,Completed
ORD_8503,CUST_1230,2024-08-03,Basic Plan,LinkedIn,408.67,93.35,Cancelled
ORD_8504,CUST_912,2024-06-01,Business Plan,Instagram,995.18,228.36,Completed
ORD_8505,CUST_195,2024-02-02,Business Plan,Google Search,467.72,182.29,Completed
ORD_8506,CUST_318,2025-06-11,Basic Plan,Instagram,421.53,63.31,Completed
ORD_8507,CUST_895,2025-02-17,Basic Plan,Google Search,245.84,104.6,Completed
ORD_8508,CUST_657,2024-05-26,Add-on,Instagram,694.66,191.56,Completed
ORD_8509,CUST_322,2025-05-09,Basic Plan,Google Search,790.21,216.58,Completed
ORD_8510,CUST_573,2024-08-14,Basic Plan,Referral,315.23,130.56,Completed
ORD_8511,CUST_1420,2024-06-27,Business Plan,LinkedIn,39.71,15.03,Cancelled
ORD_8512,CUST_527,2025-05-26,Business Plan,Google Search,648.34,126.95,Refunded
ORD_8513,CUST_1471,2025-05-11,Premium Support,Google Search,561.08,126.74,Completed
ORD_8514,CUST_978,2024-05-29,Add-on,Google Search,424.96,78.54,Cancelled
ORD_8515,CUST_147,2024-10-23,Pro Plan,LinkedIn,329.9,80.61,Completed
ORD_8516,CUST_396,2024-06-29,Basic Plan,LinkedIn,1097.18,389.02,Completed
ORD_8517,CUST_380,2024-07-14,Add-on,Instagram,283.06,83.83,Completed
ORD_8518,CUST_405,2024-05-22,Basic Plan,Google Search,132.9,52.12,Completed
ORD_8519,CUST_1404,2024-10-02,Business Plan,Google Search,1153.87,188.08,Completed
ORD_8520,CUST_41,2025-04-29,Business Plan,LinkedIn,900.02,272.1,Completed
ORD_8521,CUST_448,2025-01-02,Pro Plan,LinkedIn,738.59,239.29,Completed
ORD_8522,CUST_997,2025-01-07,Pro Plan,LinkedIn,1155.29,393.27,Refunded
ORD_8523,CUST_1034,2024-12-21,Basic Plan,Google Search,30.19,5.0,Completed
ORD_8524,CUST_1433,2024-10-29,Business Plan,Google Search,318.58,132.66,Completed
ORD_8525,CUST_1028,2025-02-01,Business Plan,LinkedIn,1085.59,166.24,Completed
ORD_8526,CUST_1256,2024-04-04,Pro Plan,LinkedIn,279.07,50.32,Cancelled
ORD_8527,CUST_1000,2024-05-06,Basic Plan,LinkedIn,1025.4,422.47,Completed
ORD_8528,CUST_93,2024-08-08,Basic Plan,Google Search,459.46,171.73,Completed
ORD_8529,CUST_618,2024-12-26,Business Plan,Google Search,274.45,88.07,Completed
ORD_8530,CUST_555,2025-06-03,Pro Plan,Google Search,37.61,15.73,Completed
ORD_8531,CUST_406,2024-08-16,Pro Plan,Google Search,83.61,29.18,Cancelled
ORD_8532,CUST_771,2024-01-27,Pro Plan,Google Search,882.24,145.49,Completed
ORD_8533,CUST_45,2025-03-04,Basic Plan,Referral,655.44,157.84,Completed
ORD_8534,CUST_524,2024-01-21,Enterprise Plan,LinkedIn,1199.2,385.1,Refunded
ORD_8535,CUST_677,2024-06-05,Pro Plan,Referral,464.34,80.02,Refunded
ORD_8536,CUST_1014,2025-06-04,Pro Plan,Partnership,559.02,218.04,Completed
ORD_8537,CUST_867,2025-03-06,Pro Plan,Google Search,526.83,125.67,Completed
ORD_8538,CUST_1334,2025-04-24,Pro Plan,TikTok,538.41,212.86,Completed
ORD_8539,CUST_486,2024-08-20,Basic Plan,LinkedIn,877.87,171.08,Cancelled
ORD_8540,CUST_1335,2024-03-21,Basic Plan,Google Search,712.7,161.26,Completed
ORD_8541,CUST_1182,2024-01-09,Basic Plan,Google Search,740.18,124.63,Completed
ORD_8542,CUST_906,2024-12-05,Basic Plan,Referral,784.48,204.64,Completed
ORD_8543,CUST_882,2024-07-31,Basic Plan,Google Search,142.28,58.0,Completed
ORD_8544,CUST_736,2024-01-09,Enterprise Plan,LinkedIn,913.65,403.41,Completed
ORD_8545,CUST_54,2025-04-06,Basic Plan,Referral,189.59,58.75,Completed
ORD_8546,CUST_352,2024-09-20,Pro Plan,Partnership,926.55,354.19,Completed
ORD_8547,CUST_470,2024-06-13,Basic Plan,Partnership,203.63,79.97,Completed
ORD_8548,CUST_514,2025-03-25,Onboarding,Google Search,793.79,271.17,Completed
ORD_8549,CUST_1323,2025-03-05,Pro Plan,Google Search,245.01,38.96,Completed
ORD_8550,CUST_1076,2025-04-08,Business Plan,Google Search,610.17,254.44,Completed
ORD_8551,CUST_1297,2025-02-26,Basic Plan,Google Search,308.72,52.25,Completed
ORD_8552,CUST_838,2024-12-04,Business Plan,Partnership,1067.73,395.41,Completed
ORD_8553,CUST_914,2024-05-18,Basic Plan,Instagram,346.49,113.96,Completed
ORD_8554,CUST_484,2024-09-16,Pro Plan,Referral,364.28,107.23,Completed
ORD_8555,CUST_886,2024-08-31,Business Plan,Instagram,1103.97,318.08,Refunded
ORD_8556,CUST_1136,2025-05-16,Onboarding,Partnership,62.21,23.42,Completed
ORD_8557,CUST_932,2025-04-23,Pro Plan,TikTok,1045.96,464.6,Refunded
ORD_8558,CUST_1201,2025-02-18,Basic Plan,LinkedIn,1189.54,251.7,Completed
ORD_8559,CUST_614,2025-05-16,Premium Support,Referral,675.58,256.39,Completed
ORD_8560,CUST_1334,2024-11-04,Pro Plan,TikTok,950.52,325.15,Completed
ORD_8561,CUST_1442,2025-05-20,Pro Plan,Google Search,313.43,57.0,Completed
ORD_8562,CUST_961,2025-02-26,Basic Plan,LinkedIn,99.97,35.75,Completed
ORD_8563,CUST_1106,2025-04-27,Pro Plan,Google Search,544.97,108.47,Completed
ORD_8564,CUST_722,2025-02-19,Basic Plan,Partnership,359.07,145.12,Completed
ORD_8565,CUST_827,2024-01-20,Onboarding,LinkedIn,813.7,271.61,Refunded
ORD_8566,CUST_1148,2024-08-31,Business Plan,Partnership,1070.23,265.14,Completed
ORD_8567,CUST_606,2024-03-19,Basic Plan,Google Search,123.89,54.53,Completed
ORD_8568,CUST_888,2025-02-04,Enterprise Plan,Referral,607.36,126.04,Completed
ORD_8569,CUST_698,2024-02-15,Basic Plan,Google Search,434.97,125.59,Completed
ORD_8570,CUST_134,2024-04-27,Basic Plan,LinkedIn,946.55,203.5,Completed
ORD_8571,CUST_84,2024-03-15,Basic Plan,Partnership,916.24,375.15,Cancelled
ORD_8572,CUST_1250,2025-03-28,Enterprise Plan,Partnership,239.41,104.64,Completed
ORD_8573,CUST_1467,2024-01-24,Business Plan,Partnership,981.84,232.96,Completed
ORD_8574,CUST_1171,2024-11-06,Basic Plan,LinkedIn,44.01,13.41,Completed
ORD_8575,CUST_289,2025-06-29,Basic Plan,Google Search,1114.89,239.05,Completed
ORD_8576,CUST_539,2024-02-28,Basic Plan,Google Search,871.3,207.05,Completed
ORD_8577,CUST_575,2024-05-28,Business Plan,LinkedIn,299.01,57.27,Cancelled
ORD_8578,CUST_639,2025-02-14,Basic Plan,LinkedIn,1042.75,194.62,Completed
ORD_8579,CUST_303,2024-07-25,Premium Support,LinkedIn,1071.57,209.57,Completed
ORD_8580,CUST_1088,2025-04-24,Basic Plan,Google Search,129.11,47.01,Completed
ORD_8581,CUST_763,2024-10-24,Business Plan,Referral,247.23,92.72,Completed
ORD_8582,CUST_236,2024-08-10,Pro Plan,LinkedIn,386.17,86.01,Completed
ORD_8583,CUST_1314,2025-02-08,Basic Plan,Google Search,1196.3,250.57,Completed
ORD_8584,CUST_228,2024-07-02,Business Plan,Instagram,725.99,125.42,Completed
ORD_8585,CUST_482,2024-04-03,Business Plan,Instagram,494.82,193.35,Completed
ORD_8586,CUST_44,2024-02-02,Pro Plan,TikTok,1019.0,243.88,Completed
ORD_8587,CUST_1414,2025-01-15,Basic Plan,Partnership,1085.71,300.92,Completed
ORD_8588,CUST_417,2024-09-19,Pro Plan,Partnership,24.84,10.68,Completed
ORD_8589,CUST_960,2024-08-08,Pro Plan,Partnership,390.68,161.04,Completed
ORD_8590,CUST_1059,2024-08-03,Basic Plan,Partnership,1107.67,206.04,Completed
ORD_8591,CUST_1087,2025-06-20,Basic Plan,Google Search,1094.41,263.08,Completed
ORD_8592,CUST_688,2024-03-29,Business Plan,Google Search,1075.04,321.61,Completed
ORD_8593,CUST_1052,2025-04-27,Basic Plan,Partnership,1142.53,335.61,Completed
ORD_8594,CUST_1023,2024-07-12,Pro Plan,LinkedIn,569.53,145.83,Completed
ORD_8595,CUST_137,2024-09-20,Add-on,LinkedIn,910.36,397.89,Refunded
ORD_8596,CUST_1090,2024-03-10,Basic Plan,Instagram,529.8,99.59,Completed
ORD_8597,CUST_399,2025-06-12,Business Plan,LinkedIn,962.31,420.2,Completed
ORD_8598,CUST_992,2024-08-02,Enterprise Plan,Partnership,687.57,122.79,Completed
ORD_8599,CUST_367,2024-07-13,Basic Plan,LinkedIn,871.53,232.2,Refunded
ORD_8600,CUST_189,2024-12-06,Pro Plan,TikTok,348.27,136.13,Completed
ORD_8601,CUST_310,2025-05-05,Business Plan,Instagram,200.08,64.4,Completed
ORD_8602,CUST_1430,2024-10-22,Basic Plan,Google Search,844.38,346.72,Completed
ORD_8603,CUST_1108,2025-04-17,Pro Plan,Partnership,1023.8,389.36,Completed
ORD_8604,CUST_1238,2024-01-02,Basic Plan,Instagram,339.94,53.6,Refunded
ORD_8605,CUST_1486,2025-03-11,Pro Plan,Partnership,1034.9,355.43,Completed
ORD_8606,CUST_316,2024-10-21,Pro Plan,LinkedIn,881.13,155.13,Completed
ORD_8607,CUST_69,2024-06-03,Pro Plan,Partnership,625.39,225.58,Completed
ORD_8608,CUST_805,2025-02-11,Basic Plan,Google Search,64.75,11.18,Completed
ORD_8609,CUST_771,2024-08-11,Basic Plan,Google Search,387.02,133.39,Completed
ORD_8610,CUST_629,2024-05-21,Basic Plan,Google Search,862.97,239.4,Completed
ORD_8611,CUST_1224,2024-10-08,Pro Plan,TikTok,229.49,92.4,Completed
ORD_8612,CUST_260,2025-05-04,Business Plan,LinkedIn,693.49,266.75,Completed
ORD_8613,CUST_253,2025-01-30,Premium Support,Google Search,806.91,304.33,Completed
ORD_8614,CUST_562,2024-12-19,Pro Plan,LinkedIn,956.09,394.65,Completed
ORD_8615,CUST_1222,2025-04-02,Basic Plan,LinkedIn,27.22,8.81,Completed
ORD_8616,CUST_1351,2024-12-03,Basic Plan,LinkedIn,148.12,25.82,Completed
ORD_8617,CUST_1158,2024-05-16,Pro Plan,LinkedIn,717.43,322.18,Completed
ORD_8618,CUST_71,2024-09-04,Basic Plan,Google Search,1083.57,413.69,Completed
ORD_8619,CUST_992,2024-08-10,Basic Plan,Partnership,88.41,22.43,Completed
ORD_8620,CUST_6,2024-01-05,Business Plan,Google Search,57.24,13.04,Completed
ORD_8621,CUST_428,2024-01-23,Pro Plan,Partnership,644.38,131.54,Completed
ORD_8622,CUST_760,2024-11-11,Enterprise Plan,LinkedIn,185.65,31.73,Cancelled
ORD_8623,CUST_549,2024-04-08,Basic Plan,Instagram,289.22,129.45,Completed
ORD_8624,CUST_347,2024-09-03,Basic Plan,Google Search,692.54,250.41,Completed
ORD_8625,CUST_854,2024-10-28,Basic Plan,Partnership,598.88,164.67,Refunded
ORD_8626,CUST_880,2024-05-06,Business Plan,LinkedIn,1027.84,385.75,Completed
ORD_8627,CUST_143,2024-03-12,Onboarding,Partnership,822.34,353.16,Completed
ORD_8628,CUST_166,2025-05-04,Business Plan,Google Search,587.28,255.63,Refunded
ORD_8629,CUST_252,2024-09-21,Pro Plan,Google Search,1168.86,214.46,Completed
ORD_8630,CUST_1482,2024-08-09,Basic Plan,Partnership,102.31,34.59,Completed
ORD_8631,CUST_433,2024-05-04,Premium Support,Partnership,649.79,149.23,Completed
ORD_8632,CUST_1128,2024-08-31,Basic Plan,LinkedIn,1058.73,365.83,Completed
ORD_8633,CUST_608,2024-12-14,Pro Plan,Google Search,1007.36,307.55,Completed
ORD_8634,CUST_1468,2025-02-14,Pro Plan,Instagram,186.47,38.94,Completed
ORD_8635,CUST_1070,2025-03-30,Enterprise Plan,Instagram,297.27,120.87,Completed
ORD_8636,CUST_1022,2025-01-14,Business Plan,Google Search,338.78,112.26,Completed
ORD_8637,CUST_474,2025-05-16,Pro Plan,LinkedIn,847.43,275.12,Completed
ORD_8638,CUST_1003,2025-04-27,Basic Plan,TikTok,578.58,165.1,Completed
ORD_8639,CUST_653,2025-04-22,Basic Plan,Instagram,1144.93,297.51,Completed
ORD_8640,CUST_407,2024-03-16,Business Plan,Instagram,321.12,123.31,Completed
ORD_8641,CUST_851,2025-03-26,Pro Plan,Google Search,169.87,43.34,Refunded
ORD_8642,CUST_412,2024-07-02,Enterprise Plan,Instagram,1072.05,449.78,Refunded
ORD_8643,CUST_631,2025-06-22,Basic Plan,Google Search,937.83,184.77,Completed
ORD_8644,CUST_842,2024-08-18,Business Plan,Partnership,1070.54,437.82,Completed
ORD_8645,CUST_1100,2024-10-24,Pro Plan,Referral,949.14,345.31,Completed
ORD_8646,CUST_1409,2024-07-05,Basic Plan,LinkedIn,659.15,137.83,Refunded
ORD_8647,CUST_1377,2024-03-19,Pro Plan,Instagram,568.09,201.89,Completed
ORD_8648,CUST_1007,2024-12-17,Onboarding,Partnership,884.92,212.67,Completed
ORD_8649,CUST_673,2024-02-14,Onboarding,Instagram,756.78,195.45,Completed
ORD_8650,CUST_1280,2024-04-20,Onboarding,Google Search,346.69,93.44,Completed
ORD_8651,CUST_819,2025-01-11,Basic Plan,Partnership,389.87,124.46,Completed
ORD_8652,CUST_1380,2024-11-23,Premium Support,LinkedIn,1046.16,253.78,Completed
ORD_8653,CUST_717,2025-02-03,Basic Plan,Google Search,925.42,256.59,Completed
ORD_8654,CUST_146,2025-06-06,Business Plan,LinkedIn,115.07,49.37,Completed
ORD_8655,CUST_1032,2024-03-17,Premium Support,Instagram,657.45,227.48,Completed
ORD_8656,CUST_388,2024-07-22,Pro Plan,Instagram,840.57,359.64,Completed
ORD_8657,CUST_1043,2024-04-21,Business Plan,Google Search,418.45,146.84,Refunded
ORD_8658,CUST_138,2024-03-19,Basic Plan,LinkedIn,491.97,125.64,Completed
ORD_8659,CUST_160,2024-09-28,Pro Plan,LinkedIn,34.3,6.55,Completed
ORD_8660,CUST_687,2024-01-10,Basic Plan,LinkedIn,836.74,301.59,Completed
ORD_8661,CUST_910,2024-02-05,Business Plan,LinkedIn,63.11,19.88,Completed
ORD_8662,CUST_54,2024-11-25,Business Plan,Referral,235.71,76.74,Completed
ORD_8663,CUST_939,2024-12-29,Basic Plan,Google Search,982.09,157.76,Completed
ORD_8664,CUST_877,2024-03-04,Basic Plan,LinkedIn,1122.76,388.09,Completed
ORD_8665,CUST_899,2024-10-15,Business Plan,LinkedIn,274.84,60.58,Refunded
ORD_8666,CUST_652,2025-01-04,Basic Plan,LinkedIn,27.09,6.83,Completed
ORD_8667,CUST_25,2025-06-13,Business Plan,Google Search,1044.02,396.6,Completed
ORD_8668,CUST_1346,2025-06-04,Business Plan,LinkedIn,1008.64,361.0,Completed
ORD_8669,CUST_1394,2024-09-30,Pro Plan,Google Search,478.61,183.36,Completed
ORD_8670,CUST_23,2025-03-02,Business Plan,TikTok,121.13,28.06,Completed
ORD_8671,CUST_1153,2025-03-22,Business Plan,LinkedIn,1097.05,266.86,Completed
ORD_8672,CUST_1356,2024-02-25,Business Plan,Google Search,773.9,126.28,Completed
ORD_8673,CUST_611,2025-06-16,Basic Plan,Partnership,195.3,38.55,Completed
ORD_8674,CUST_1285,2024-03-12,Basic Plan,Instagram,207.9,43.23,Refunded
ORD_8675,CUST_110,2024-12-23,Pro Plan,LinkedIn,969.82,266.45,Completed
ORD_8676,CUST_1303,2024-07-15,Pro Plan,Instagram,528.72,138.38,Completed
ORD_8677,CUST_727,2024-11-02,Basic Plan,Instagram,867.55,273.6,Completed
ORD_8678,CUST_588,2024-02-24,Business Plan,TikTok,34.09,11.13,Completed
ORD_8679,CUST_1238,2024-10-18,Enterprise Plan,Instagram,338.53,88.71,Completed
ORD_8680,CUST_1475,2024-12-22,Enterprise Plan,Partnership,945.78,387.61,Completed
ORD_8681,CUST_1163,2024-11-20,Basic Plan,Google Search,574.35,155.19,Completed
ORD_8682,CUST_1295,2024-05-11,Enterprise Plan,LinkedIn,492.46,85.48,Completed
ORD_8683,CUST_1250,2024-02-25,Basic Plan,Partnership,889.2,182.81,Completed
ORD_8684,CUST_817,2024-12-12,Add-on,LinkedIn,226.78,63.94,Completed
ORD_8685,CUST_570,2025-05-25,Business Plan,LinkedIn,162.43,53.24,Completed
ORD_8686,CUST_1364,2024-11-16,Pro Plan,Partnership,615.27,269.79,Completed
ORD_8687,CUST_1387,2025-06-17,Pro Plan,Google Search,343.28,106.28,Completed
ORD_8688,CUST_892,2024-10-31,Basic Plan,LinkedIn,134.64,46.32,Completed
ORD_8689,CUST_1225,2025-05-05,Business Plan,Google Search,611.67,145.05,Completed
ORD_8690,CUST_299,2024-01-17,Pro Plan,LinkedIn,1100.67,359.24,Completed
ORD_8691,CUST_929,2024-04-24,Enterprise Plan,Google Search,62.12,11.47,Completed
ORD_8692,CUST_1017,2024-05-12,Basic Plan,Google Search,1170.5,336.64,Completed
ORD_8693,CUST_1161,2024-10-29,Enterprise Plan,LinkedIn,1089.21,241.88,Completed
ORD_8694,CUST_892,2025-05-27,Business Plan,LinkedIn,363.92,105.27,Completed
ORD_8695,CUST_1235,2025-02-01,Basic Plan,Instagram,124.36,49.05,Refunded
ORD_8696,CUST_340,2024-10-24,Enterprise Plan,Partnership,170.32,53.12,Completed
ORD_8697,CUST_888,2024-05-26,Pro Plan,Referral,875.18,225.89,Completed
ORD_8698,CUST_163,2024-03-12,Enterprise Plan,Partnership,1160.85,493.51,Completed
ORD_8699,CUST_31,2024-05-08,Pro Plan,Event Walk-in,808.98,190.84,Completed
ORD_8700,CUST_1400,2024-10-26,Basic Plan,Google Search,797.39,279.36,Completed
ORD_8701,CUST_228,2025-05-22,Business Plan,Instagram,676.99,103.02,Completed
ORD_8702,CUST_1285,2024-02-24,Enterprise Plan,Instagram,818.03,270.64,Completed
ORD_8703,CUST_1408,2025-05-18,Basic Plan,Google Search,380.74,85.9,Completed
ORD_8704,CUST_1166,2024-09-13,Add-on,LinkedIn,78.63,26.7,Completed
ORD_8705,CUST_1336,2025-02-11,Business Plan,Referral,145.52,49.49,Completed
ORD_8706,CUST_501,2025-06-26,Basic Plan,LinkedIn,427.71,112.83,Refunded
ORD_8707,CUST_48,2025-05-14,Pro Plan,Google Search,1062.59,354.47,Completed
ORD_8708,CUST_239,2025-06-05,Basic Plan,LinkedIn,156.91,68.96,Refunded
ORD_8709,CUST_707,2024-06-16,Pro Plan,LinkedIn,75.2,18.04,Completed
ORD_8710,CUST_1439,2024-08-05,Pro Plan,LinkedIn,1121.6,436.67,Completed
ORD_8711,CUST_685,2024-03-08,Business Plan,LinkedIn,709.99,142.66,Completed
ORD_8712,CUST_858,2025-03-16,Basic Plan,LinkedIn,1134.69,428.65,Completed
ORD_8713,CUST_79,2025-05-06,Business Plan,LinkedIn,474.76,89.05,Completed
ORD_8714,CUST_888,2025-01-25,Basic Plan,Referral,49.43,21.21,Completed
ORD_8715,CUST_621,2025-02-24,Pro Plan,Instagram,129.69,46.39,Completed
ORD_8716,CUST_330,2025-01-26,Basic Plan,Instagram,177.13,43.46,Completed
ORD_8717,CUST_137,2024-11-26,Business Plan,LinkedIn,746.52,301.48,Completed
ORD_8718,CUST_1278,2025-03-19,Enterprise Plan,Google Search,35.56,13.74,Completed
ORD_8719,CUST_51,2024-10-27,Enterprise Plan,Instagram,299.89,65.99,Completed
ORD_8720,CUST_711,2024-01-13,Basic Plan,TikTok,585.87,166.44,Completed
ORD_8721,CUST_292,2024-07-21,Business Plan,LinkedIn,738.29,312.84,Completed
ORD_8722,CUST_887,2024-03-16,Business Plan,Google Search,297.36,50.6,Completed
ORD_8723,CUST_28,2024-10-02,Pro Plan,LinkedIn,843.83,182.75,Refunded
ORD_8724,CUST_1144,2024-05-01,Onboarding,Google Search,474.12,180.3,Completed
ORD_8725,CUST_1475,2025-01-07,Add-on,Partnership,63.88,25.0,Completed
ORD_8726,CUST_795,2025-04-28,Pro Plan,LinkedIn,1078.8,390.55,Completed
ORD_8727,CUST_82,2025-03-05,Business Plan,Instagram,945.34,359.63,Completed
ORD_8728,CUST_803,2024-07-17,Pro Plan,Google Search,644.59,108.69,Completed
ORD_8729,CUST_712,2024-06-23,Basic Plan,Partnership,217.58,55.8,Completed
ORD_8730,CUST_544,2025-03-10,Basic Plan,LinkedIn,703.03,220.63,Completed
ORD_8731,CUST_1205,2025-01-16,Pro Plan,LinkedIn,817.79,144.17,Completed
ORD_8732,CUST_32,2024-09-13,Business Plan,Google Search,818.2,222.34,Completed
ORD_8733,CUST_258,2024-06-27,Basic Plan,Instagram,344.61,106.98,Completed
ORD_8734,CUST_1403,2025-04-20,Basic Plan,Google Search,284.87,53.31,Completed
ORD_8735,CUST_1180,2024-05-29,Add-on,LinkedIn,164.97,67.54,Completed
ORD_8736,CUST_25,2024-05-12,Basic Plan,Google Search,1083.91,388.83,Completed
ORD_8737,CUST_874,2024-05-18,Basic Plan,Referral,1044.39,294.35,Cancelled
ORD_8738,CUST_1311,2025-06-03,Add-on,Google Search,784.22,147.41,Refunded
ORD_8739,CUST_668,2024-05-14,Enterprise Plan,LinkedIn,627.4,181.66,Refunded
ORD_8740,CUST_1405,2025-04-18,Pro Plan,Partnership,234.46,65.05,Completed
ORD_8741,CUST_639,2024-12-11,Pro Plan,LinkedIn,175.8,64.01,Completed
ORD_8742,CUST_1170,2024-03-11,Basic Plan,Partnership,727.73,230.25,Completed
ORD_8743,CUST_1095,2025-01-29,Premium Support,Google Search,409.0,72.97,Completed
ORD_8744,CUST_1442,2024-06-28,Pro Plan,Google Search,358.24,75.08,Completed
ORD_8745,CUST_622,2025-05-18,Premium Support,Referral,270.61,47.48,Completed
ORD_8746,CUST_416,2024-02-09,Basic Plan,LinkedIn,556.98,85.09,Completed
ORD_8747,CUST_297,2024-04-30,Basic Plan,Google Search,300.91,67.13,Completed
ORD_8748,CUST_281,2024-11-09,Premium Support,Google Search,63.21,15.62,Completed
ORD_8749,CUST_1075,2024-03-05,Pro Plan,Partnership,348.93,80.47,Completed
ORD_8750,CUST_926,2025-02-28,Business Plan,LinkedIn,129.38,58.17,Completed
ORD_8751,CUST_459,2024-05-11,Onboarding,Google Search,233.49,76.54,Completed
ORD_8752,CUST_724,2024-03-21,Pro Plan,Referral,1074.28,255.21,Completed
ORD_8753,CUST_884,2024-07-20,Pro Plan,Instagram,304.27,65.28,Completed
ORD_8754,CUST_156,2024-02-04,Onboarding,LinkedIn,632.63,116.39,Completed
ORD_8755,CUST_296,2025-04-05,Basic Plan,Google Search,1045.65,277.75,Completed
ORD_8756,CUST_1129,2024-12-03,Basic Plan,LinkedIn,1181.35,238.69,Refunded
ORD_8757,CUST_1224,2024-12-11,Pro Plan,TikTok,335.36,137.99,Completed
ORD_8758,CUST_210,2024-08-14,Pro Plan,Google Search,803.56,141.22,Completed
ORD_8759,CUST_432,2024-03-08,Basic Plan,Partnership,180.45,49.59,Completed
ORD_8760,CUST_857,2024-03-10,Business Plan,LinkedIn,1082.73,204.82,Completed
ORD_8761,CUST_277,2025-06-05,Enterprise Plan,Google Search,688.04,157.32,Completed
ORD_8762,CUST_171,2025-06-18,Enterprise Plan,Instagram,875.34,281.66,Refunded
ORD_8763,CUST_1263,2024-09-29,Basic Plan,Event Walk-in,440.68,88.42,Refunded
ORD_8764,CUST_131,2024-08-10,Basic Plan,Partnership,549.62,146.08,Completed
ORD_8765,CUST_1009,2024-02-09,Basic Plan,Google Search,769.97,295.13,Completed
ORD_8766,CUST_650,2024-08-01,Basic Plan,Google Search,509.36,131.03,Completed
ORD_8767,CUST_1156,2025-03-10,Basic Plan,Referral,1167.23,230.54,Completed
ORD_8768,CUST_322,2024-03-09,Basic Plan,Google Search,292.04,62.25,Completed
ORD_8769,CUST_1427,2025-02-08,Business Plan,LinkedIn,999.54,189.18,Completed
ORD_8770,CUST_622,2024-12-27,Basic Plan,Referral,1148.22,513.97,Completed
ORD_8771,CUST_1396,2024-03-13,Pro Plan,Google Search,602.48,198.47,Completed
ORD_8772,CUST_1402,2024-12-01,Basic Plan,LinkedIn,858.86,261.87,Completed
ORD_8773,CUST_793,2024-01-03,Basic Plan,Instagram,545.49,144.04,Completed
ORD_8774,CUST_473,2024-12-17,Business Plan,Instagram,1139.59,297.48,Completed
ORD_8775,CUST_1269,2025-04-27,Basic Plan,Partnership,809.77,358.92,Completed
ORD_8776,CUST_950,2024-04-29,Basic Plan,LinkedIn,178.4,31.67,Completed
ORD_8777,CUST_563,2024-03-14,Pro Plan,LinkedIn,979.91,292.21,Completed
ORD_8778,CUST_1394,2024-01-30,Basic Plan,Google Search,200.96,77.14,Refunded
ORD_8779,CUST_368,2025-05-06,Add-on,Google Search,496.57,79.38,Completed
ORD_8780,CUST_1170,2024-01-10,Enterprise Plan,Partnership,391.53,65.22,Completed
ORD_8781,CUST_1253,2025-03-30,Basic Plan,Partnership,116.1,17.59,Completed
ORD_8782,CUST_845,2025-05-11,Basic Plan,Partnership,95.17,39.06,Completed
ORD_8783,CUST_542,2024-10-29,Pro Plan,Google Search,137.12,26.51,Refunded
ORD_8784,CUST_465,2024-05-02,Business Plan,Instagram,353.97,148.22,Completed
ORD_8785,CUST_1495,2024-09-15,Basic Plan,Google Search,999.3,234.32,Completed
ORD_8786,CUST_671,2024-05-01,Pro Plan,Google Search,110.2,42.31,Completed
ORD_8787,CUST_1027,2024-04-26,Onboarding,Google Search,224.18,65.16,Refunded
ORD_8788,CUST_1240,2025-06-14,Pro Plan,LinkedIn,504.61,191.46,Completed
ORD_8789,CUST_1240,2024-11-19,Business Plan,LinkedIn,1177.5,264.49,Completed
ORD_8790,CUST_1142,2025-02-09,Business Plan,LinkedIn,799.95,188.28,Completed
ORD_8791,CUST_1471,2024-02-04,Basic Plan,Google Search,942.29,353.88,Completed
ORD_8792,CUST_1497,2024-07-16,Pro Plan,Partnership,704.77,179.42,Completed
ORD_8793,CUST_837,2024-08-04,Business Plan,Partnership,318.11,121.06,Completed
ORD_8794,CUST_1188,2024-10-15,Pro Plan,Google Search,270.34,59.26,Completed
ORD_8795,CUST_1100,2025-04-23,Enterprise Plan,Referral,299.87,124.12,Completed
ORD_8796,CUST_1328,2024-05-03,Pro Plan,LinkedIn,474.76,93.51,Completed
ORD_8797,CUST_716,2024-04-04,Onboarding,TikTok,296.62,82.1,Completed
ORD_8798,CUST_1110,2024-01-22,Pro Plan,Google Search,1101.2,181.19,Completed
ORD_8799,CUST_707,2024-11-30,Basic Plan,LinkedIn,327.72,143.39,Completed
ORD_8800,CUST_679,2025-06-03,Pro Plan,Google Search,1009.39,195.94,Completed
ORD_8801,CUST_1428,2024-11-14,Add-on,Google Search,348.46,62.09,Completed
ORD_8802,CUST_542,2024-10-02,Onboarding,Google Search,920.43,297.27,Refunded
ORD_8803,CUST_1294,2024-01-30,Business Plan,LinkedIn,778.03,308.84,Completed
ORD_8804,CUST_692,2024-09-20,Basic Plan,Google Search,82.74,12.44,Completed
ORD_8805,CUST_1372,2025-01-28,Pro Plan,Partnership,970.99,412.87,Completed
ORD_8806,CUST_466,2024-08-22,Basic Plan,TikTok,433.56,142.11,Completed
ORD_8807,CUST_978,2024-03-27,Pro Plan,Google Search,716.58,120.28,Completed
ORD_8808,CUST_789,2025-03-23,Basic Plan,Partnership,745.5,186.14,Completed
ORD_8809,CUST_128,2024-12-31,Onboarding,LinkedIn,853.62,323.43,Completed
ORD_8810,CUST_121,2024-09-24,Basic Plan,Google Search,104.55,23.68,Completed
ORD_8811,CUST_782,2024-01-17,Pro Plan,Event Walk-in,626.55,263.64,Refunded
ORD_8812,CUST_864,2025-06-21,Basic Plan,TikTok,1020.44,325.38,Completed
ORD_8813,CUST_1477,2024-06-12,Pro Plan,Partnership,764.76,165.47,Completed
ORD_8814,CUST_1321,2024-11-02,Basic Plan,Partnership,262.71,103.53,Completed
ORD_8815,CUST_1080,2024-03-22,Pro Plan,Partnership,852.79,364.1,Completed
ORD_8816,CUST_366,2024-09-15,Pro Plan,Partnership,997.27,310.54,Completed
ORD_8817,CUST_620,2024-09-20,Basic Plan,LinkedIn,1075.66,262.61,Completed
ORD_8818,CUST_393,2024-06-24,Basic Plan,LinkedIn,566.74,87.25,Completed
ORD_8819,CUST_60,2025-04-26,Business Plan,Google Search,565.08,129.59,Completed
ORD_8820,CUST_582,2024-04-24,Basic Plan,LinkedIn,603.32,158.12,Completed
ORD_8821,CUST_524,2024-11-14,Pro Plan,LinkedIn,1147.54,441.29,Refunded
ORD_8822,CUST_482,2024-02-24,Basic Plan,Instagram,488.03,96.78,Completed
ORD_8823,CUST_724,2025-05-31,Basic Plan,Referral,949.99,217.43,Completed
ORD_8824,CUST_709,2025-04-24,Basic Plan,Google Search,198.22,81.74,Completed
ORD_8825,CUST_533,2024-05-22,Onboarding,Instagram,557.2,151.21,Completed
ORD_8826,CUST_302,2024-07-31,Onboarding,LinkedIn,246.42,58.69,Completed
ORD_8827,CUST_444,2024-09-01,Basic Plan,Event Walk-in,1111.29,221.86,Completed
ORD_8828,CUST_360,2024-04-07,Business Plan,Google Search,480.46,75.82,Completed
ORD_8829,CUST_30,2024-03-14,Business Plan,Partnership,455.47,182.02,Refunded
ORD_8830,CUST_1272,2025-06-01,Enterprise Plan,LinkedIn,280.52,76.81,Completed
ORD_8831,CUST_121,2024-11-04,Premium Support,Google Search,1075.88,470.17,Completed
ORD_8832,CUST_627,2024-02-05,Business Plan,Instagram,939.34,398.61,Completed
ORD_8833,CUST_1012,2025-01-09,Pro Plan,Instagram,720.69,242.43,Completed
ORD_8834,CUST_780,2024-01-03,Basic Plan,LinkedIn,1174.56,511.7,Cancelled
ORD_8835,CUST_349,2024-08-13,Pro Plan,Instagram,278.35,55.23,Completed
ORD_8836,CUST_555,2025-02-15,Basic Plan,Google Search,982.86,219.21,Refunded
ORD_8837,CUST_1344,2025-02-09,Business Plan,Instagram,78.41,23.14,Completed
ORD_8838,CUST_288,2024-10-29,Basic Plan,Google Search,1019.85,361.41,Completed
ORD_8839,CUST_711,2024-02-27,Business Plan,TikTok,162.57,29.16,Refunded
ORD_8840,CUST_1466,2024-09-16,Business Plan,Google Search,247.04,81.88,Completed
ORD_8841,CUST_1276,2025-05-06,Pro Plan,Partnership,24.28,5.32,Completed
ORD_8842,CUST_593,2024-03-01,Basic Plan,TikTok,663.54,227.78,Completed
ORD_8843,CUST_857,2025-05-29,Business Plan,LinkedIn,301.97,111.92,Completed
ORD_8844,CUST_691,2024-03-24,Premium Support,Google Search,630.94,122.88,Cancelled
ORD_8845,CUST_1462,2024-10-03,Enterprise Plan,LinkedIn,1035.11,442.07,Completed
ORD_8846,CUST_216,2024-01-13,Basic Plan,Google Search,279.15,83.89,Cancelled
ORD_8847,CUST_601,2024-10-25,Basic Plan,LinkedIn,1167.05,513.3,Completed
ORD_8848,CUST_1307,2024-03-15,Basic Plan,Referral,71.84,24.67,Completed
ORD_8849,CUST_681,2024-06-15,Business Plan,Partnership,127.88,45.47,Completed
ORD_8850,CUST_170,2024-05-15,Basic Plan,Partnership,261.9,114.55,Completed
ORD_8851,CUST_993,2025-04-25,Basic Plan,LinkedIn,1134.15,430.66,Completed
ORD_8852,CUST_209,2025-04-24,Pro Plan,LinkedIn,751.72,237.67,Completed
ORD_8853,CUST_810,2025-02-20,Onboarding,LinkedIn,792.93,310.41,Completed
ORD_8854,CUST_1099,2024-07-26,Basic Plan,Instagram,124.47,33.52,Completed
ORD_8855,CUST_975,2025-05-16,Basic Plan,TikTok,1188.89,216.83,Completed
ORD_8856,CUST_846,2025-01-16,Pro Plan,LinkedIn,448.39,189.4,Completed
ORD_8857,CUST_1197,2024-05-02,Enterprise Plan,Partnership,371.14,99.39,Completed
ORD_8858,CUST_957,2025-05-13,Business Plan,Google Search,97.92,42.78,Completed
ORD_8859,CUST_1072,2024-07-02,Add-on,LinkedIn,825.21,198.86,Completed
ORD_8860,CUST_485,2024-05-30,Add-on,Google Search,272.03,85.11,Completed
ORD_8861,CUST_257,2025-06-13,Basic Plan,Google Search,231.45,98.39,Completed
ORD_8862,CUST_886,2025-05-14,Business Plan,Instagram,57.11,21.83,Completed
ORD_8863,CUST_292,2024-08-10,Business Plan,LinkedIn,726.98,223.38,Completed
ORD_8864,CUST_500,2024-03-13,Pro Plan,Google Search,1164.64,477.79,Completed
ORD_8865,CUST_287,2024-12-16,Basic Plan,LinkedIn,1027.21,340.11,Completed
ORD_8866,CUST_553,2024-07-28,Add-on,Google Search,1175.93,467.53,Completed
ORD_8867,CUST_204,2024-04-05,Add-on,LinkedIn,1051.82,344.44,Refunded
ORD_8868,CUST_115,2025-01-01,Basic Plan,Event Walk-in,1111.07,484.69,Completed
ORD_8869,CUST_1361,2024-07-19,Basic Plan,LinkedIn,322.82,68.74,Completed
ORD_8870,CUST_1453,2025-06-29,Enterprise Plan,LinkedIn,1102.42,452.71,Completed
ORD_8871,CUST_229,2025-06-24,Pro Plan,LinkedIn,709.13,124.65,Completed
ORD_8872,CUST_1112,2024-01-18,Pro Plan,Partnership,120.15,20.65,Completed
ORD_8873,CUST_1380,2025-03-03,Basic Plan,LinkedIn,58.41,20.1,Completed
ORD_8874,CUST_1173,2024-08-26,Basic Plan,Google Search,751.4,308.51,Completed
ORD_8875,CUST_927,2024-10-29,Basic Plan,LinkedIn,265.42,55.68,Completed
ORD_8876,CUST_64,2024-06-03,Basic Plan,Partnership,401.55,121.53,Completed
ORD_8877,CUST_1426,2024-11-21,Pro Plan,LinkedIn,834.78,317.52,Completed
ORD_8878,CUST_716,2024-03-14,Pro Plan,TikTok,1157.14,467.58,Completed
ORD_8879,CUST_373,2024-08-26,Basic Plan,LinkedIn,536.9,134.16,Completed
ORD_8880,CUST_441,2024-04-09,Basic Plan,LinkedIn,212.75,74.41,Completed
ORD_8881,CUST_1268,2025-03-16,Pro Plan,Google Search,957.72,213.69,Completed
ORD_8882,CUST_100,2024-05-10,Basic Plan,Google Search,1130.55,362.08,Completed
ORD_8883,CUST_552,2024-10-26,Business Plan,Google Search,98.21,30.05,Completed
ORD_8884,CUST_630,2024-07-14,Business Plan,LinkedIn,62.0,12.71,Completed
ORD_8885,CUST_784,2024-01-23,Business Plan,Partnership,536.69,193.52,Completed
ORD_8886,CUST_457,2024-12-17,Basic Plan,LinkedIn,48.92,19.16,Completed
ORD_8887,CUST_303,2025-06-30,Basic Plan,LinkedIn,1113.15,437.99,Completed
ORD_8888,CUST_1217,2024-12-25,Basic Plan,LinkedIn,836.73,296.03,Completed
ORD_8889,CUST_1294,2024-02-01,Enterprise Plan,LinkedIn,682.57,219.1,Completed
ORD_8890,CUST_1059,2025-01-26,Business Plan,Partnership,489.11,131.6,Completed
ORD_8891,CUST_319,2024-12-16,Basic Plan,LinkedIn,725.45,164.31,Completed
ORD_8892,CUST_1015,2024-06-26,Pro Plan,Google Search,294.32,109.25,Completed
ORD_8893,CUST_737,2025-04-23,Onboarding,Google Search,316.89,58.84,Completed
ORD_8894,CUST_773,2024-04-08,Business Plan,Google Search,913.23,306.28,Completed
ORD_8895,CUST_788,2024-07-15,Pro Plan,Google Search,1188.09,437.29,Cancelled
ORD_8896,CUST_107,2025-04-11,Basic Plan,Google Search,524.7,151.51,Completed
ORD_8897,CUST_763,2025-03-03,Business Plan,Referral,113.51,37.67,Completed
ORD_8898,CUST_17,2024-12-28,Onboarding,Google Search,342.61,63.22,Completed
ORD_8899,CUST_69,2024-12-26,Onboarding,Partnership,771.38,146.36,Completed
ORD_8900,CUST_472,2025-06-30,Basic Plan,Instagram,617.5,119.55,Cancelled
ORD_8901,CUST_291,2024-08-02,Premium Support,Instagram,945.16,159.74,Completed
ORD_8902,CUST_77,2024-12-18,Pro Plan,LinkedIn,434.97,180.34,Completed
ORD_8903,CUST_1011,2025-01-05,Pro Plan,Partnership,694.37,245.01,Completed
ORD_8904,CUST_767,2025-01-12,Enterprise Plan,Google Search,257.47,71.32,Completed
ORD_8905,CUST_40,2024-12-12,Pro Plan,Referral,592.72,214.96,Completed
ORD_8906,CUST_1053,2024-01-28,Pro Plan,LinkedIn,903.86,282.08,Completed
ORD_8907,CUST_504,2025-01-17,Pro Plan,LinkedIn,227.79,73.75,Completed
ORD_8908,CUST_386,2025-03-22,Pro Plan,LinkedIn,44.63,13.14,Refunded
ORD_8909,CUST_1057,2024-10-15,Basic Plan,Google Search,446.74,119.47,Completed
ORD_8910,CUST_1235,2025-01-16,Pro Plan,Instagram,707.93,310.4,Completed
ORD_8911,CUST_77,2024-12-17,Onboarding,LinkedIn,63.12,25.35,Cancelled
ORD_8912,CUST_61,2025-04-20,Premium Support,Google Search,225.7,54.0,Completed
ORD_8913,CUST_400,2024-02-25,Add-on,LinkedIn,408.11,65.21,Refunded
ORD_8914,CUST_1414,2024-05-06,Basic Plan,Partnership,107.39,26.33,Completed
ORD_8915,CUST_674,2024-06-23,Basic Plan,Instagram,206.12,71.52,Completed
ORD_8916,CUST_1460,2024-12-04,Basic Plan,LinkedIn,443.94,160.18,Completed
ORD_8917,CUST_202,2024-12-31,Business Plan,Google Search,708.94,313.02,Completed
ORD_8918,CUST_69,2024-12-23,Business Plan,Partnership,515.94,94.12,Cancelled
ORD_8919,CUST_674,2025-02-25,Business Plan,Instagram,171.91,29.38,Completed
ORD_8920,CUST_1127,2024-03-13,Basic Plan,LinkedIn,484.65,157.45,Refunded
ORD_8921,CUST_1075,2024-09-22,Basic Plan,Partnership,946.01,361.34,Completed
ORD_8922,CUST_1060,2024-11-11,Add-on,LinkedIn,409.89,78.5,Completed
ORD_8923,CUST_979,2025-04-04,Business Plan,LinkedIn,159.58,42.01,Completed
ORD_8924,CUST_901,2024-11-09,Pro Plan,Partnership,926.25,262.26,Refunded
ORD_8925,CUST_314,2025-04-14,Basic Plan,Google Search,414.84,180.88,Cancelled
ORD_8926,CUST_1388,2025-03-19,Enterprise Plan,Instagram,399.26,151.04,Completed
ORD_8927,CUST_945,2025-06-13,Basic Plan,Google Search,666.41,108.71,Completed
ORD_8928,CUST_552,2025-01-13,Enterprise Plan,Google Search,855.8,384.06,Completed
ORD_8929,CUST_748,2024-07-17,Pro Plan,Google Search,654.24,176.75,Refunded
ORD_8930,CUST_50,2024-09-02,Basic Plan,LinkedIn,800.33,271.08,Completed
ORD_8931,CUST_1062,2024-10-07,Basic Plan,LinkedIn,627.83,206.37,Completed
ORD_8932,CUST_406,2025-05-01,Business Plan,Google Search,482.93,180.5,Refunded
ORD_8933,CUST_20,2024-06-03,Basic Plan,LinkedIn,521.36,80.5,Completed
ORD_8934,CUST_1282,2024-07-29,Premium Support,LinkedIn,945.58,208.88,Completed
ORD_8935,CUST_927,2024-05-05,Basic Plan,LinkedIn,123.94,43.98,Completed
ORD_8936,CUST_257,2024-09-03,Pro Plan,Google Search,560.16,217.77,Completed
ORD_8937,CUST_424,2025-03-24,Business Plan,LinkedIn,300.72,115.9,Refunded
ORD_8938,CUST_980,2024-09-02,Business Plan,Google Search,667.85,269.03,Completed
ORD_8939,CUST_713,2025-05-08,Add-on,Instagram,318.34,119.11,Completed
ORD_8940,CUST_271,2024-06-12,Basic Plan,Google Search,741.1,272.85,Completed
ORD_8941,CUST_173,2024-01-04,Pro Plan,Google Search,853.04,143.76,Completed
ORD_8942,CUST_5,2025-06-03,Basic Plan,LinkedIn,284.58,59.28,Completed
ORD_8943,CUST_970,2025-04-17,Add-on,Referral,172.08,65.98,Completed
ORD_8944,CUST_957,2024-06-03,Business Plan,Google Search,160.31,40.07,Completed
ORD_8945,CUST_1466,2024-05-23,Basic Plan,Google Search,504.38,98.42,Completed
ORD_8946,CUST_683,2024-06-10,Business Plan,Partnership,657.36,167.68,Completed
ORD_8947,CUST_1438,2025-06-09,Pro Plan,LinkedIn,349.86,69.86,Completed
ORD_8948,CUST_1090,2025-05-07,Basic Plan,Instagram,854.15,201.52,Completed
ORD_8949,CUST_615,2025-03-26,Basic Plan,Partnership,331.55,134.7,Completed
ORD_8950,CUST_275,2024-04-21,Pro Plan,Google Search,960.64,201.62,Refunded
ORD_8951,CUST_202,2025-01-28,Enterprise Plan,Google Search,46.63,9.0,Refunded
ORD_8952,CUST_847,2025-01-29,Business Plan,TikTok,382.4,159.94,Completed
ORD_8953,CUST_348,2025-06-03,Basic Plan,Google Search,751.21,203.75,Completed
ORD_8954,CUST_1472,2024-06-25,Premium Support,TikTok,509.49,112.86,Completed
ORD_8955,CUST_194,2024-06-10,Pro Plan,LinkedIn,874.11,327.07,Completed
ORD_8956,CUST_1114,2024-11-28,Business Plan,Partnership,1089.26,200.86,Completed
ORD_8957,CUST_1243,2024-08-25,Onboarding,Google Search,851.78,253.94,Completed
ORD_8958,CUST_923,2024-07-05,Pro Plan,LinkedIn,763.75,223.94,Refunded
ORD_8959,CUST_674,2024-12-11,Pro Plan,Instagram,704.46,242.54,Completed
ORD_8960,CUST_1015,2025-06-26,Basic Plan,Google Search,413.55,154.44,Completed
ORD_8961,CUST_1500,2025-01-10,Basic Plan,Google Search,592.44,201.81,Completed
ORD_8962,CUST_484,2024-02-10,Pro Plan,Referral,208.54,44.98,Completed
ORD_8963,CUST_818,2024-06-14,Basic Plan,Instagram,616.83,241.63,Cancelled
ORD_8964,CUST_911,2024-09-10,Basic Plan,Partnership,908.09,333.62,Completed
ORD_8965,CUST_370,2024-01-30,Basic Plan,LinkedIn,433.02,80.18,Completed
ORD_8966,CUST_610,2025-03-06,Add-on,LinkedIn,542.25,109.55,Completed
ORD_8967,CUST_1116,2024-06-30,Basic Plan,LinkedIn,263.09,95.5,Completed
ORD_8968,CUST_889,2025-05-07,Pro Plan,LinkedIn,511.72,139.87,Completed
ORD_8969,CUST_39,2024-05-20,Business Plan,LinkedIn,376.59,131.26,Completed
ORD_8970,CUST_1318,2024-06-20,Premium Support,Google Search,330.13,124.37,Completed
ORD_8971,CUST_954,2024-11-26,Pro Plan,Instagram,421.41,134.78,Completed
ORD_8972,CUST_1454,2024-07-18,Premium Support,Instagram,1044.52,403.59,Cancelled
ORD_8973,CUST_256,2024-04-07,Pro Plan,LinkedIn,178.27,51.99,Completed
ORD_8974,CUST_244,2024-01-02,Basic Plan,LinkedIn,816.33,256.66,Completed
ORD_8975,CUST_1053,2024-08-24,Pro Plan,LinkedIn,408.06,103.79,Completed
ORD_8976,CUST_893,2025-03-08,Pro Plan,Google Search,431.51,151.11,Completed
ORD_8977,CUST_855,2025-03-22,Business Plan,LinkedIn,224.43,92.28,Completed
ORD_8978,CUST_242,2024-10-22,Business Plan,Instagram,945.78,175.48,Refunded
ORD_8979,CUST_1473,2025-03-26,Basic Plan,Google Search,169.48,29.48,Completed
ORD_8980,CUST_498,2025-03-10,Premium Support,LinkedIn,196.25,49.87,Completed
ORD_8981,CUST_69,2024-06-16,Business Plan,Partnership,873.76,310.43,Refunded
ORD_8982,CUST_269,2025-04-01,Basic Plan,Instagram,248.07,73.17,Refunded
ORD_8983,CUST_246,2025-06-09,Business Plan,Google Search,683.83,250.89,Cancelled
ORD_8984,CUST_207,2024-09-09,Basic Plan,Partnership,1046.59,292.69,Completed
ORD_8985,CUST_99,2025-06-28,Business Plan,Google Search,418.46,80.94,Refunded
ORD_8986,CUST_863,2025-02-25,Pro Plan,Partnership,49.95,14.73,Completed
ORD_8987,CUST_284,2025-03-22,Business Plan,Partnership,402.61,147.96,Refunded
ORD_8988,CUST_1267,2025-02-20,Pro Plan,Google Search,393.82,135.11,Completed
ORD_8989,CUST_862,2024-06-08,Business Plan,LinkedIn,260.28,88.18,Completed
ORD_8990,CUST_942,2025-02-11,Business Plan,LinkedIn,22.68,4.48,Completed
ORD_8991,CUST_1220,2024-01-05,Pro Plan,LinkedIn,1142.75,380.48,Completed
ORD_8992,CUST_332,2024-12-16,Basic Plan,LinkedIn,782.61,262.56,Completed
ORD_8993,CUST_1291,2024-03-14,Onboarding,Event Walk-in,269.18,120.3,Completed
ORD_8994,CUST_851,2025-02-04,Pro Plan,Google Search,710.02,206.15,Completed
ORD_8995,CUST_1427,2024-04-08,Basic Plan,LinkedIn,469.64,192.14,Completed
ORD_8996,CUST_1127,2024-09-02,Pro Plan,LinkedIn,229.08,72.39,Completed
ORD_8997,CUST_28,2024-07-03,Business Plan,LinkedIn,916.04,227.23,Cancelled
ORD_8998,CUST_280,2025-06-21,Pro Plan,Partnership,334.21,116.13,Completed
ORD_8999,CUST_1464,2025-02-09,Basic Plan,Instagram,237.01,71.93,Completed
ORD_9000,CUST_753,2024-02-10,Enterprise Plan,LinkedIn,883.95,364.4,Refunded
ORD_9001,CUST_1105,2024-06-29,Onboarding,LinkedIn,544.14,132.63,Completed
ORD_9002,CUST_570,2024-08-01,Basic Plan,LinkedIn,367.83,150.2,Completed
ORD_9003,CUST_374,2024-10-13,Basic Plan,Google Search,1084.75,470.05,Completed
ORD_9004,CUST_841,2024-01-18,Pro Plan,TikTok,619.73,216.87,Completed
ORD_9005,CUST_655,2024-06-11,Onboarding,Google Search,509.01,111.82,Completed
ORD_9006,CUST_786,2024-11-30,Business Plan,LinkedIn,1085.35,386.19,Completed
ORD_9007,CUST_935,2024-07-31,Business Plan,Partnership,516.16,186.3,Completed
ORD_9008,CUST_1475,2025-01-07,Basic Plan,Partnership,671.48,156.28,Completed
ORD_9009,CUST_523,2024-09-19,Business Plan,LinkedIn,698.6,206.38,Completed
ORD_9010,CUST_1186,2025-02-05,Onboarding,TikTok,882.05,271.66,Completed
ORD_9011,CUST_364,2024-12-14,Pro Plan,Partnership,484.18,171.75,Completed
ORD_9012,CUST_811,2024-01-11,Pro Plan,Google Search,306.2,83.28,Completed
ORD_9013,CUST_590,2024-05-30,Basic Plan,LinkedIn,423.03,130.88,Completed
ORD_9014,CUST_238,2025-05-05,Basic Plan,LinkedIn,510.48,151.45,Completed
ORD_9015,CUST_387,2025-04-27,Business Plan,LinkedIn,1169.01,236.3,Completed
ORD_9016,CUST_1186,2025-03-07,Business Plan,TikTok,309.36,73.46,Completed
ORD_9017,CUST_395,2024-06-21,Pro Plan,LinkedIn,672.6,187.82,Completed
ORD_9018,CUST_1352,2024-10-14,Basic Plan,LinkedIn,1121.09,437.22,Completed
ORD_9019,CUST_772,2024-05-07,Basic Plan,Partnership,474.13,155.27,Completed
ORD_9020,CUST_940,2024-02-27,Basic Plan,LinkedIn,450.28,92.09,Completed
ORD_9021,CUST_126,2025-03-22,Enterprise Plan,TikTok,141.3,28.65,Completed
ORD_9022,CUST_1177,2024-12-19,Pro Plan,Instagram,585.0,130.19,Completed
ORD_9023,CUST_1015,2024-12-23,Basic Plan,Google Search,814.7,200.69,Completed
ORD_9024,CUST_1396,2025-06-14,Business Plan,Google Search,461.99,184.82,Completed
ORD_9025,CUST_836,2024-09-22,Basic Plan,Instagram,190.15,75.89,Completed
ORD_9026,CUST_195,2025-06-16,Basic Plan,Google Search,890.34,356.66,Completed
ORD_9027,CUST_498,2024-10-07,Pro Plan,LinkedIn,180.21,61.92,Completed
ORD_9028,CUST_152,2024-11-24,Business Plan,Google Search,609.03,243.15,Completed
ORD_9029,CUST_1478,2024-12-03,Basic Plan,Google Search,724.49,115.81,Completed
ORD_9030,CUST_437,2025-03-09,Pro Plan,Partnership,247.74,54.86,Refunded
ORD_9031,CUST_574,2024-12-30,Basic Plan,TikTok,279.58,91.67,Completed
ORD_9032,CUST_795,2024-08-12,Pro Plan,LinkedIn,771.02,235.36,Completed
ORD_9033,CUST_685,2024-06-29,Basic Plan,LinkedIn,364.47,151.08,Completed
ORD_9034,CUST_257,2024-12-22,Basic Plan,Google Search,1174.56,234.09,Completed
ORD_9035,CUST_912,2025-04-12,Business Plan,Instagram,68.42,25.39,Completed
ORD_9036,CUST_783,2025-06-08,Pro Plan,LinkedIn,95.18,17.85,Completed
ORD_9037,CUST_256,2024-12-12,Basic Plan,LinkedIn,56.84,16.71,Completed
ORD_9038,CUST_1378,2024-09-12,Basic Plan,Partnership,441.52,181.43,Completed
ORD_9039,CUST_284,2024-09-01,Onboarding,Partnership,462.87,185.15,Completed
ORD_9040,CUST_486,2024-11-29,Pro Plan,LinkedIn,267.0,84.11,Refunded
ORD_9041,CUST_1463,2024-12-27,Pro Plan,Instagram,50.39,16.14,Completed
ORD_9042,CUST_163,2024-10-31,Basic Plan,Partnership,662.84,277.12,Completed
ORD_9043,CUST_825,2025-05-29,Pro Plan,Google Search,77.54,13.73,Refunded
ORD_9044,CUST_314,2025-02-22,Pro Plan,Google Search,1154.8,433.07,Completed
ORD_9045,CUST_1429,2024-08-02,Pro Plan,LinkedIn,259.46,104.96,Completed
ORD_9046,CUST_716,2025-06-22,Basic Plan,TikTok,462.96,207.95,Completed
ORD_9047,CUST_696,2025-06-08,Pro Plan,LinkedIn,166.08,32.14,Completed
ORD_9048,CUST_724,2024-01-19,Onboarding,Referral,732.72,303.5,Completed
ORD_9049,CUST_18,2024-12-25,Pro Plan,LinkedIn,963.22,399.13,Completed
ORD_9050,CUST_653,2024-05-28,Pro Plan,Instagram,731.33,265.45,Completed
ORD_9051,CUST_563,2024-12-10,Business Plan,LinkedIn,36.27,7.74,Completed
ORD_9052,CUST_602,2024-04-18,Enterprise Plan,LinkedIn,715.19,181.28,Completed
ORD_9053,CUST_594,2024-11-24,Pro Plan,Google Search,233.48,40.64,Completed
ORD_9054,CUST_662,2024-12-30,Enterprise Plan,Partnership,525.55,192.4,Completed
ORD_9055,CUST_643,2024-10-16,Pro Plan,Instagram,547.98,149.35,Refunded
ORD_9056,CUST_104,2024-03-15,Premium Support,Referral,574.97,159.59,Completed
ORD_9057,CUST_1329,2024-10-20,Basic Plan,LinkedIn,857.0,235.03,Completed
ORD_9058,CUST_1352,2024-10-27,Business Plan,LinkedIn,538.41,210.4,Completed
ORD_9059,CUST_666,2024-02-06,Business Plan,Instagram,984.47,269.41,Completed
ORD_9060,CUST_543,2024-06-25,Business Plan,Referral,273.78,102.37,Refunded
ORD_9061,CUST_448,2024-06-05,Onboarding,LinkedIn,182.36,73.62,Completed
ORD_9062,CUST_737,2024-04-21,Business Plan,Google Search,1119.27,183.14,Completed
ORD_9063,CUST_296,2024-05-02,Basic Plan,Google Search,590.49,229.91,Cancelled
ORD_9064,CUST_872,2024-10-19,Pro Plan,Partnership,46.46,19.89,Completed
ORD_9065,CUST_278,2024-05-15,Enterprise Plan,Partnership,828.49,257.79,Completed
ORD_9066,CUST_1443,2024-04-22,Business Plan,Google Search,535.18,184.43,Completed
ORD_9067,CUST_1064,2025-05-19,Business Plan,LinkedIn,70.47,26.09,Completed
ORD_9068,CUST_638,2024-05-29,Business Plan,LinkedIn,369.6,147.23,Cancelled
ORD_9069,CUST_751,2025-03-20,Pro Plan,Referral,327.21,61.12,Completed
ORD_9070,CUST_821,2024-03-16,Onboarding,TikTok,615.09,167.71,Completed
ORD_9071,CUST_692,2025-01-20,Basic Plan,Google Search,800.7,213.01,Completed
ORD_9072,CUST_352,2025-02-07,Pro Plan,Partnership,934.7,387.71,Completed
ORD_9073,CUST_1445,2024-12-31,Pro Plan,LinkedIn,638.51,220.99,Completed
ORD_9074,CUST_927,2024-05-02,Pro Plan,LinkedIn,497.0,134.9,Completed
ORD_9075,CUST_1068,2025-04-23,Pro Plan,Partnership,610.97,201.63,Completed
ORD_9076,CUST_1453,2024-02-23,Pro Plan,LinkedIn,57.64,22.35,Completed
ORD_9077,CUST_27,2024-04-03,Basic Plan,Google Search,335.72,90.0,Completed
ORD_9078,CUST_1114,2024-06-18,Pro Plan,Partnership,123.89,45.6,Completed
ORD_9079,CUST_185,2024-07-06,Basic Plan,LinkedIn,741.68,283.37,Completed
ORD_9080,CUST_566,2024-10-05,Onboarding,Google Search,1026.95,423.92,Completed
ORD_9081,CUST_24,2024-02-12,Premium Support,LinkedIn,40.14,7.13,Completed
ORD_9082,CUST_1379,2024-05-22,Enterprise Plan,Referral,635.04,136.86,Completed
ORD_9083,CUST_700,2025-05-24,Basic Plan,Google Search,486.06,75.15,Refunded
ORD_9084,CUST_1298,2024-02-03,Pro Plan,LinkedIn,927.69,175.51,Completed
ORD_9085,CUST_994,2024-08-21,Add-on,Event Walk-in,785.82,127.07,Completed
ORD_9086,CUST_949,2024-10-12,Pro Plan,LinkedIn,1161.16,491.22,Completed
ORD_9087,CUST_717,2025-02-10,Pro Plan,Google Search,674.51,265.26,Completed
ORD_9088,CUST_954,2024-02-08,Pro Plan,Instagram,1061.56,335.72,Completed
ORD_9089,CUST_332,2025-04-23,Add-on,LinkedIn,1129.87,364.75,Completed
ORD_9090,CUST_266,2024-09-18,Business Plan,Google Search,738.76,279.88,Completed
ORD_9091,CUST_1388,2024-04-25,Business Plan,Instagram,1195.6,516.65,Completed
ORD_9092,CUST_572,2024-06-09,Business Plan,Instagram,157.02,52.84,Completed
ORD_9093,CUST_1029,2025-01-23,Basic Plan,Partnership,652.38,182.41,Completed
ORD_9094,CUST_641,2024-11-19,Basic Plan,Google Search,961.93,163.44,Completed
ORD_9095,CUST_764,2024-08-02,Basic Plan,Google Search,1169.15,189.83,Completed
ORD_9096,CUST_64,2024-05-04,Pro Plan,Partnership,58.02,18.76,Completed
ORD_9097,CUST_819,2025-03-10,Add-on,Partnership,31.64,6.1,Refunded
ORD_9098,CUST_1396,2025-05-21,Pro Plan,Google Search,331.61,54.65,Completed
ORD_9099,CUST_1399,2024-01-14,Business Plan,Partnership,683.07,299.77,Completed
ORD_9100,CUST_519,2025-01-27,Pro Plan,Google Search,270.58,68.76,Completed
ORD_9101,CUST_140,2024-10-26,Basic Plan,Google Search,178.74,62.87,Completed
ORD_9102,CUST_1297,2024-11-30,Pro Plan,Google Search,427.67,119.01,Completed
ORD_9103,CUST_1225,2024-12-07,Pro Plan,Google Search,78.42,35.23,Refunded
ORD_9104,CUST_217,2024-07-17,Basic Plan,Google Search,651.7,146.67,Completed
ORD_9105,CUST_706,2025-04-21,Basic Plan,LinkedIn,861.8,266.76,Completed
ORD_9106,CUST_510,2024-07-24,Pro Plan,Partnership,537.44,239.09,Completed
ORD_9107,CUST_864,2025-04-26,Business Plan,TikTok,61.32,21.33,Refunded
ORD_9108,CUST_509,2025-02-24,Basic Plan,Google Search,848.28,146.92,Completed
ORD_9109,CUST_898,2024-08-17,Add-on,LinkedIn,204.51,72.55,Completed
ORD_9110,CUST_755,2025-06-02,Pro Plan,Partnership,413.71,85.47,Completed
ORD_9111,CUST_1484,2024-12-17,Enterprise Plan,Partnership,1072.24,348.63,Completed
ORD_9112,CUST_681,2024-07-26,Onboarding,Partnership,48.01,11.39,Completed
ORD_9113,CUST_833,2025-06-25,Business Plan,LinkedIn,1116.13,386.07,Completed
ORD_9114,CUST_538,2024-07-12,Business Plan,Partnership,118.2,52.79,Completed
ORD_9115,CUST_252,2024-11-30,Basic Plan,Google Search,723.65,252.66,Completed
ORD_9116,CUST_879,2024-06-05,Basic Plan,Partnership,358.48,63.35,Completed
ORD_9117,CUST_762,2024-04-22,Enterprise Plan,LinkedIn,927.71,199.13,Completed
ORD_9118,CUST_1035,2024-09-05,Basic Plan,TikTok,911.19,312.27,Refunded
ORD_9119,CUST_81,2024-10-20,Premium Support,TikTok,876.01,344.86,Completed
ORD_9120,CUST_191,2024-05-21,Business Plan,Google Search,954.52,186.35,Cancelled
ORD_9121,CUST_578,2024-12-19,Basic Plan,TikTok,119.89,49.72,Completed
ORD_9122,CUST_595,2024-12-25,Pro Plan,LinkedIn,903.5,378.39,Completed
ORD_9123,CUST_1316,2025-05-25,Business Plan,TikTok,316.62,115.3,Completed
ORD_9124,CUST_1292,2025-05-29,Business Plan,Referral,742.14,184.24,Completed
ORD_9125,CUST_446,2025-04-06,Basic Plan,Google Search,181.64,37.7,Completed
ORD_9126,CUST_743,2024-01-20,Business Plan,Partnership,586.62,212.99,Refunded
ORD_9127,CUST_872,2024-04-27,Add-on,Partnership,551.86,112.77,Completed
ORD_9128,CUST_146,2024-08-29,Basic Plan,LinkedIn,125.55,26.25,Completed
ORD_9129,CUST_1254,2024-12-05,Pro Plan,Instagram,749.42,274.29,Completed
ORD_9130,CUST_259,2025-03-05,Basic Plan,LinkedIn,702.39,242.68,Completed
ORD_9131,CUST_1111,2025-02-05,Business Plan,Referral,340.5,61.43,Completed
ORD_9132,CUST_1352,2025-05-15,Basic Plan,LinkedIn,799.78,161.18,Completed
ORD_9133,CUST_1152,2025-02-01,Basic Plan,Referral,85.77,21.21,Completed
ORD_9134,CUST_1234,2025-01-09,Basic Plan,Google Search,911.56,261.72,Refunded
ORD_9135,CUST_583,2024-09-23,Basic Plan,Instagram,931.38,414.73,Completed
ORD_9136,CUST_916,2025-03-29,Basic Plan,Partnership,521.17,182.44,Completed
ORD_9137,CUST_396,2025-04-19,Pro Plan,LinkedIn,1098.66,380.7,Completed
ORD_9138,CUST_534,2025-04-26,Business Plan,LinkedIn,286.91,111.22,Completed
ORD_9139,CUST_612,2024-04-20,Pro Plan,Google Search,965.74,358.05,Completed
ORD_9140,CUST_1030,2024-12-30,Add-on,Google Search,185.31,72.04,Cancelled
ORD_9141,CUST_1272,2024-06-17,Premium Support,LinkedIn,225.2,53.38,Completed
ORD_9142,CUST_992,2024-01-22,Premium Support,Partnership,668.19,236.91,Refunded
ORD_9143,CUST_1370,2025-06-10,Basic Plan,Partnership,971.96,252.48,Completed
ORD_9144,CUST_1379,2025-02-17,Pro Plan,Referral,436.43,94.31,Completed
ORD_9145,CUST_291,2024-05-14,Basic Plan,Instagram,571.67,245.21,Completed
ORD_9146,CUST_1162,2024-06-29,Pro Plan,Event Walk-in,502.42,108.39,Completed
ORD_9147,CUST_24,2024-03-30,Enterprise Plan,LinkedIn,1164.14,247.58,Cancelled
ORD_9148,CUST_1481,2024-09-26,Enterprise Plan,LinkedIn,95.42,41.01,Completed
ORD_9149,CUST_1312,2024-07-27,Pro Plan,Referral,96.09,24.46,Completed
ORD_9150,CUST_806,2025-06-21,Pro Plan,LinkedIn,967.38,289.74,Completed
ORD_9151,CUST_1047,2024-01-15,Basic Plan,LinkedIn,740.34,237.98,Completed
ORD_9152,CUST_659,2024-10-21,Pro Plan,LinkedIn,874.5,291.54,Completed
ORD_9153,CUST_960,2024-05-06,Basic Plan,Partnership,620.79,153.6,Completed
ORD_9154,CUST_246,2025-03-04,Basic Plan,Google Search,773.02,208.79,Completed
ORD_9155,CUST_780,2024-09-22,Business Plan,LinkedIn,1161.86,300.76,Completed
ORD_9156,CUST_623,2024-08-18,Basic Plan,Partnership,235.88,59.15,Completed
ORD_9157,CUST_540,2025-01-14,Business Plan,LinkedIn,962.68,398.14,Completed
ORD_9158,CUST_146,2025-02-22,Basic Plan,LinkedIn,1004.16,217.43,Cancelled
ORD_9159,CUST_1328,2025-04-19,Basic Plan,LinkedIn,819.52,231.79,Completed
ORD_9160,CUST_634,2025-05-20,Pro Plan,LinkedIn,367.38,95.4,Completed
ORD_9161,CUST_891,2024-07-16,Add-on,TikTok,73.86,29.24,Cancelled
ORD_9162,CUST_1284,2024-12-16,Business Plan,LinkedIn,1119.04,344.05,Completed
ORD_9163,CUST_403,2024-07-21,Basic Plan,LinkedIn,391.07,97.22,Completed
ORD_9164,CUST_1099,2024-04-06,Basic Plan,Instagram,523.2,221.64,Refunded
ORD_9165,CUST_1320,2024-07-23,Basic Plan,LinkedIn,950.44,405.42,Completed
ORD_9166,CUST_455,2024-05-08,Basic Plan,Instagram,705.76,233.86,Completed
ORD_9167,CUST_889,2024-11-06,Business Plan,LinkedIn,1140.25,212.64,Completed
ORD_9168,CUST_625,2024-05-07,Business Plan,Google Search,174.47,60.13,Completed
ORD_9169,CUST_1114,2025-02-13,Basic Plan,Partnership,1107.73,489.38,Completed
ORD_9170,CUST_474,2024-09-20,Add-on,LinkedIn,1197.59,279.4,Completed
ORD_9171,CUST_563,2024-08-25,Basic Plan,LinkedIn,1195.77,286.61,Completed
ORD_9172,CUST_663,2024-04-04,Business Plan,Partnership,474.86,78.93,Refunded
ORD_9173,CUST_563,2024-06-20,Business Plan,LinkedIn,1007.21,336.46,Completed
ORD_9174,CUST_398,2024-06-11,Basic Plan,Google Search,258.2,68.59,Refunded
ORD_9175,CUST_509,2024-12-05,Pro Plan,Google Search,275.39,58.61,Completed
ORD_9176,CUST_756,2024-03-20,Basic Plan,Google Search,513.29,210.34,Completed
ORD_9177,CUST_9,2024-12-03,Business Plan,Google Search,313.84,56.97,Completed
ORD_9178,CUST_32,2024-08-20,Pro Plan,Google Search,275.84,74.45,Completed
ORD_9179,CUST_81,2024-02-19,Business Plan,TikTok,999.58,415.93,Refunded
ORD_9180,CUST_139,2024-03-02,Basic Plan,Google Search,26.64,5.03,Completed
ORD_9181,CUST_1176,2024-07-06,Pro Plan,Partnership,641.39,286.99,Completed
ORD_9182,CUST_1154,2025-04-30,Enterprise Plan,Event Walk-in,676.05,198.98,Completed
ORD_9183,CUST_672,2024-02-24,Pro Plan,Referral,163.18,46.52,Cancelled
ORD_9184,CUST_575,2025-01-09,Add-on,LinkedIn,77.05,13.2,Completed
ORD_9185,CUST_388,2025-04-29,Add-on,Instagram,884.51,335.39,Completed
ORD_9186,CUST_1494,2024-03-09,Onboarding,Google Search,176.35,58.84,Refunded
ORD_9187,CUST_990,2025-01-16,Business Plan,Instagram,509.69,140.49,Completed
ORD_9188,CUST_651,2025-05-30,Basic Plan,LinkedIn,308.83,50.09,Refunded
ORD_9189,CUST_1450,2024-07-19,Basic Plan,LinkedIn,36.96,15.0,Completed
ORD_9190,CUST_1360,2025-06-09,Basic Plan,Google Search,524.17,148.68,Completed
ORD_9191,CUST_988,2025-04-03,Basic Plan,Instagram,961.38,332.24,Cancelled
ORD_9192,CUST_965,2024-06-07,Add-on,Google Search,70.94,16.02,Completed
ORD_9193,CUST_25,2025-04-11,Basic Plan,Google Search,1094.49,446.52,Refunded
ORD_9194,CUST_107,2024-06-17,Basic Plan,Google Search,415.25,169.38,Completed
ORD_9195,CUST_876,2024-06-20,Business Plan,Google Search,147.74,26.95,Completed
ORD_9196,CUST_521,2024-07-04,Business Plan,Partnership,323.17,56.47,Completed
ORD_9197,CUST_693,2024-02-22,Pro Plan,Partnership,699.53,117.66,Completed
ORD_9198,CUST_242,2024-03-11,Pro Plan,Instagram,989.81,326.48,Completed
ORD_9199,CUST_755,2024-07-04,Premium Support,Partnership,252.77,83.96,Completed
ORD_9200,CUST_1043,2024-12-31,Basic Plan,Google Search,27.4,7.07,Cancelled
ORD_9201,CUST_238,2024-08-18,Basic Plan,LinkedIn,1004.57,227.47,Completed
ORD_9202,CUST_64,2024-10-15,Pro Plan,Partnership,857.33,167.44,Completed
ORD_9203,CUST_1193,2024-07-13,Pro Plan,Google Search,536.25,161.87,Completed
ORD_9204,CUST_341,2024-07-21,Pro Plan,Partnership,629.82,199.86,Completed
ORD_9205,CUST_303,2024-03-27,Basic Plan,LinkedIn,1082.27,250.01,Completed
ORD_9206,CUST_984,2024-12-28,Basic Plan,Google Search,1087.21,283.95,Completed
ORD_9207,CUST_276,2025-04-04,Business Plan,Google Search,425.24,142.77,Completed
ORD_9208,CUST_558,2025-03-10,Onboarding,Google Search,282.18,124.19,Completed
ORD_9209,CUST_236,2024-07-02,Basic Plan,LinkedIn,274.56,63.28,Completed
ORD_9210,CUST_730,2024-11-09,Business Plan,LinkedIn,145.94,39.96,Completed
ORD_9211,CUST_32,2024-11-18,Basic Plan,Google Search,976.35,295.65,Completed
ORD_9212,CUST_1235,2025-04-02,Pro Plan,Instagram,914.26,159.47,Completed
ORD_9213,CUST_967,2024-05-25,Pro Plan,LinkedIn,1115.9,323.87,Completed
ORD_9214,CUST_977,2024-02-09,Pro Plan,LinkedIn,287.03,99.12,Completed
ORD_9215,CUST_691,2024-02-25,Basic Plan,Google Search,780.61,262.25,Cancelled
ORD_9216,CUST_626,2024-01-26,Pro Plan,LinkedIn,28.03,11.06,Completed
ORD_9217,CUST_899,2024-01-07,Basic Plan,LinkedIn,86.25,20.85,Completed
ORD_9218,CUST_256,2025-03-07,Business Plan,LinkedIn,836.71,240.16,Completed
ORD_9219,CUST_637,2024-06-28,Pro Plan,LinkedIn,389.66,139.4,Completed
ORD_9220,CUST_256,2025-03-20,Basic Plan,LinkedIn,430.21,106.33,Completed
ORD_9221,CUST_114,2024-03-18,Basic Plan,LinkedIn,451.07,104.47,Completed
ORD_9222,CUST_678,2024-04-26,Basic Plan,Google Search,406.17,130.6,Completed
ORD_9223,CUST_72,2025-02-19,Pro Plan,Google Search,71.46,19.94,Cancelled
ORD_9224,CUST_653,2025-04-19,Pro Plan,Instagram,566.77,111.81,Completed
ORD_9225,CUST_123,2025-01-28,Business Plan,LinkedIn,677.0,158.55,Completed
ORD_9226,CUST_261,2024-06-28,Enterprise Plan,Google Search,469.79,157.46,Completed
ORD_9227,CUST_603,2024-04-05,Basic Plan,Partnership,599.84,117.56,Cancelled
ORD_9228,CUST_50,2024-05-30,Business Plan,LinkedIn,451.07,166.13,Completed
ORD_9229,CUST_902,2024-09-01,Business Plan,Google Search,185.97,69.36,Completed
ORD_9230,CUST_1059,2025-04-24,Business Plan,Partnership,969.04,288.46,Completed
ORD_9231,CUST_1265,2025-02-24,Basic Plan,TikTok,1187.49,259.45,Cancelled
ORD_9232,CUST_506,2025-02-13,Onboarding,Google Search,1160.85,398.89,Completed
ORD_9233,CUST_277,2024-03-16,Basic Plan,Google Search,290.41,58.66,Completed
ORD_9234,CUST_893,2025-03-04,Business Plan,Google Search,687.3,192.09,Completed
ORD_9235,CUST_52,2024-11-23,Onboarding,Google Search,544.67,189.19,Completed
ORD_9236,CUST_1166,2024-10-18,Business Plan,LinkedIn,513.81,129.33,Refunded
ORD_9237,CUST_1022,2025-03-21,Basic Plan,Google Search,654.8,207.2,Refunded
ORD_9238,CUST_101,2024-11-18,Pro Plan,LinkedIn,554.14,236.25,Completed
ORD_9239,CUST_923,2024-12-18,Business Plan,LinkedIn,493.72,191.57,Completed
ORD_9240,CUST_312,2024-07-13,Enterprise Plan,Google Search,982.83,322.11,Completed
ORD_9241,CUST_811,2025-04-07,Pro Plan,Google Search,600.49,101.69,Completed
ORD_9242,CUST_1045,2024-09-20,Basic Plan,Google Search,638.44,97.75,Completed
ORD_9243,CUST_1180,2024-11-16,Onboarding,LinkedIn,342.76,127.63,Completed
ORD_9244,CUST_774,2024-06-13,Pro Plan,TikTok,541.96,189.62,Completed
ORD_9245,CUST_303,2024-09-18,Basic Plan,LinkedIn,817.74,255.07,Cancelled
ORD_9246,CUST_203,2025-05-17,Enterprise Plan,Instagram,844.76,208.73,Completed
ORD_9247,CUST_1364,2025-05-13,Pro Plan,Partnership,259.37,86.08,Completed
ORD_9248,CUST_1075,2024-10-25,Add-on,Partnership,306.34,67.83,Completed
ORD_9249,CUST_248,2024-12-10,Pro Plan,Event Walk-in,537.94,81.78,Completed
ORD_9250,CUST_360,2024-06-17,Basic Plan,Google Search,48.8,9.22,Completed
ORD_9251,CUST_857,2024-02-15,Pro Plan,LinkedIn,787.18,131.78,Completed
ORD_9252,CUST_90,2024-12-01,Enterprise Plan,Google Search,60.06,26.08,Completed
ORD_9253,CUST_1249,2024-11-09,Pro Plan,LinkedIn,820.37,302.02,Completed
ORD_9254,CUST_976,2024-04-16,Business Plan,Partnership,780.78,308.71,Cancelled
ORD_9255,CUST_853,2024-02-12,Business Plan,TikTok,651.98,146.0,Completed
ORD_9256,CUST_1095,2025-02-14,Pro Plan,Google Search,1185.6,521.91,Completed
ORD_9257,CUST_550,2024-06-18,Premium Support,Partnership,918.45,164.36,Completed
ORD_9258,CUST_991,2024-05-14,Basic Plan,Partnership,328.45,95.02,Completed
ORD_9259,CUST_88,2025-01-25,Pro Plan,LinkedIn,155.03,48.43,Completed
ORD_9260,CUST_992,2025-06-21,Pro Plan,Partnership,376.84,100.12,Completed
ORD_9261,CUST_472,2024-06-05,Basic Plan,Instagram,1013.02,350.51,Completed
ORD_9262,CUST_870,2024-04-03,Business Plan,Referral,828.33,148.3,Completed
ORD_9263,CUST_1469,2024-02-23,Enterprise Plan,Instagram,499.07,114.68,Completed
ORD_9264,CUST_944,2025-02-13,Basic Plan,Partnership,373.58,110.37,Completed
ORD_9265,CUST_413,2024-07-11,Pro Plan,LinkedIn,560.29,181.07,Completed
ORD_9266,CUST_283,2024-03-27,Business Plan,Google Search,533.17,141.62,Completed
ORD_9267,CUST_476,2024-09-30,Basic Plan,Google Search,285.55,55.24,Completed
ORD_9268,CUST_601,2025-04-19,Onboarding,LinkedIn,700.57,207.81,Completed
ORD_9269,CUST_286,2024-04-19,Basic Plan,LinkedIn,837.99,163.99,Completed
ORD_9270,CUST_1495,2024-09-17,Add-on,Google Search,368.6,70.45,Completed
ORD_9271,CUST_1430,2024-02-04,Basic Plan,Google Search,525.61,164.45,Completed
ORD_9272,CUST_1226,2024-08-21,Business Plan,Google Search,981.14,386.57,Completed
ORD_9273,CUST_1215,2024-09-26,Business Plan,LinkedIn,1133.87,237.61,Completed
ORD_9274,CUST_1437,2025-01-20,Pro Plan,LinkedIn,627.04,171.12,Completed
ORD_9275,CUST_1249,2024-05-09,Business Plan,LinkedIn,1073.67,447.94,Completed
ORD_9276,CUST_1490,2025-06-19,Onboarding,Event Walk-in,488.31,158.39,Completed
ORD_9277,CUST_891,2024-07-11,Pro Plan,TikTok,554.83,190.94,Completed
ORD_9278,CUST_665,2025-03-12,Basic Plan,LinkedIn,628.03,228.65,Completed
ORD_9279,CUST_349,2025-05-15,Pro Plan,Instagram,797.07,224.92,Completed
ORD_9280,CUST_543,2024-08-01,Business Plan,Referral,1078.32,242.33,Completed
ORD_9281,CUST_321,2024-10-28,Basic Plan,LinkedIn,638.71,118.3,Cancelled
ORD_9282,CUST_865,2025-03-13,Enterprise Plan,LinkedIn,44.07,19.31,Completed
ORD_9283,CUST_790,2024-05-23,Pro Plan,LinkedIn,820.16,153.98,Completed
ORD_9284,CUST_1173,2025-02-20,Add-on,Google Search,862.7,224.14,Completed
ORD_9285,CUST_1192,2024-11-24,Pro Plan,Partnership,774.25,235.04,Completed
ORD_9286,CUST_731,2025-05-03,Basic Plan,Partnership,1019.16,415.6,Refunded
ORD_9287,CUST_1166,2024-08-07,Business Plan,LinkedIn,573.01,128.33,Completed
ORD_9288,CUST_231,2025-01-01,Pro Plan,LinkedIn,26.57,11.27,Completed
ORD_9289,CUST_43,2024-01-20,Business Plan,Partnership,879.12,237.34,Completed
ORD_9290,CUST_1210,2024-06-08,Basic Plan,Referral,677.59,248.48,Completed
ORD_9291,CUST_802,2024-08-29,Basic Plan,LinkedIn,218.08,33.69,Completed
ORD_9292,CUST_1381,2024-08-19,Pro Plan,Google Search,589.79,192.78,Completed
ORD_9293,CUST_1383,2024-07-26,Basic Plan,Instagram,218.87,56.14,Completed
ORD_9294,CUST_572,2025-05-29,Basic Plan,Instagram,77.11,28.22,Completed
ORD_9295,CUST_287,2024-09-20,Pro Plan,LinkedIn,233.65,86.07,Completed
ORD_9296,CUST_618,2024-10-16,Pro Plan,Google Search,535.27,192.72,Completed
ORD_9297,CUST_1447,2024-11-11,Pro Plan,LinkedIn,262.35,55.05,Completed
ORD_9298,CUST_665,2024-05-21,Business Plan,LinkedIn,1005.08,375.36,Refunded
ORD_9299,CUST_670,2025-05-18,Enterprise Plan,Instagram,649.02,169.95,Refunded
ORD_9300,CUST_481,2024-03-29,Business Plan,Google Search,211.86,89.06,Completed
ORD_9301,CUST_1429,2025-01-16,Basic Plan,LinkedIn,494.39,162.83,Completed
ORD_9302,CUST_1243,2024-03-07,Pro Plan,Google Search,806.02,165.88,Completed
ORD_9303,CUST_473,2024-10-07,Business Plan,Instagram,1199.14,363.2,Refunded
ORD_9304,CUST_1175,2024-09-25,Basic Plan,Google Search,204.82,66.59,Cancelled
ORD_9305,CUST_941,2024-01-05,Basic Plan,LinkedIn,1059.83,319.12,Refunded
ORD_9306,CUST_500,2024-08-10,Basic Plan,Google Search,397.44,76.42,Refunded
ORD_9307,CUST_97,2024-04-21,Onboarding,Google Search,826.96,249.66,Completed
ORD_9308,CUST_435,2025-06-28,Basic Plan,Google Search,1055.7,379.05,Refunded
ORD_9309,CUST_1295,2025-05-15,Pro Plan,LinkedIn,301.2,103.87,Completed
ORD_9310,CUST_1348,2025-05-24,Basic Plan,Referral,584.31,244.83,Completed
ORD_9311,CUST_941,2024-02-16,Enterprise Plan,LinkedIn,360.27,84.3,Completed
ORD_9312,CUST_689,2024-03-21,Business Plan,Partnership,392.59,132.69,Completed
ORD_9313,CUST_721,2024-01-30,Pro Plan,Partnership,1078.7,177.64,Completed
ORD_9314,CUST_1248,2025-06-22,Pro Plan,LinkedIn,342.91,62.33,Completed
ORD_9315,CUST_1005,2024-12-28,Basic Plan,Instagram,590.72,231.26,Completed
ORD_9316,CUST_1141,2024-09-18,Basic Plan,Instagram,259.5,64.85,Completed
ORD_9317,CUST_1089,2024-04-03,Pro Plan,Google Search,329.73,56.94,Completed
ORD_9318,CUST_837,2025-06-28,Basic Plan,Partnership,1091.7,274.14,Completed
ORD_9319,CUST_1051,2024-09-10,Business Plan,LinkedIn,560.17,251.84,Completed
ORD_9320,CUST_80,2024-12-06,Enterprise Plan,Referral,903.09,187.08,Completed
ORD_9321,CUST_1221,2024-06-26,Basic Plan,LinkedIn,153.74,29.47,Completed
ORD_9322,CUST_334,2024-01-16,Pro Plan,LinkedIn,1184.1,396.59,Completed
ORD_9323,CUST_829,2025-04-22,Pro Plan,LinkedIn,808.19,155.88,Completed
ORD_9324,CUST_25,2024-11-29,Onboarding,Google Search,1156.63,334.97,Completed
ORD_9325,CUST_665,2024-02-24,Basic Plan,LinkedIn,336.41,111.95,Cancelled
ORD_9326,CUST_1283,2025-01-14,Pro Plan,LinkedIn,510.76,213.47,Completed
ORD_9327,CUST_700,2024-03-04,Pro Plan,Google Search,592.41,251.74,Completed
ORD_9328,CUST_875,2024-04-20,Basic Plan,Referral,1013.95,371.24,Completed
ORD_9329,CUST_1288,2025-04-18,Pro Plan,Partnership,504.39,185.56,Completed
ORD_9330,CUST_1098,2025-04-10,Basic Plan,LinkedIn,988.17,429.55,Completed
ORD_9331,CUST_6,2024-01-21,Basic Plan,Google Search,977.03,290.53,Completed
ORD_9332,CUST_659,2024-11-28,Business Plan,LinkedIn,255.96,108.8,Completed
ORD_9333,CUST_1213,2025-02-21,Onboarding,Google Search,191.0,67.44,Completed
ORD_9334,CUST_38,2024-02-25,Basic Plan,LinkedIn,1052.86,304.09,Completed
ORD_9335,CUST_1245,2025-06-17,Basic Plan,Google Search,585.12,247.04,Cancelled
ORD_9336,CUST_268,2024-05-22,Add-on,LinkedIn,223.32,71.04,Completed
ORD_9337,CUST_189,2024-01-29,Onboarding,TikTok,907.47,388.39,Completed
ORD_9338,CUST_372,2025-01-03,Onboarding,Referral,1173.35,232.27,Refunded
ORD_9339,CUST_33,2024-01-08,Enterprise Plan,Referral,802.27,327.51,Completed
ORD_9340,CUST_460,2025-04-03,Business Plan,LinkedIn,137.19,26.1,Completed
ORD_9341,CUST_795,2024-10-13,Basic Plan,LinkedIn,950.33,191.5,Completed
ORD_9342,CUST_120,2025-02-16,Pro Plan,TikTok,40.72,6.64,Completed
ORD_9343,CUST_1343,2025-06-29,Onboarding,Google Search,1045.58,327.98,Completed
ORD_9344,CUST_727,2025-03-04,Premium Support,Instagram,209.05,37.32,Completed
ORD_9345,CUST_150,2025-05-12,Premium Support,Google Search,209.85,48.12,Refunded
ORD_9346,CUST_918,2024-05-18,Basic Plan,LinkedIn,466.65,84.56,Completed
ORD_9347,CUST_537,2025-06-30,Basic Plan,Google Search,843.82,273.0,Completed
ORD_9348,CUST_791,2024-09-08,Basic Plan,Event Walk-in,1074.53,301.78,Completed
ORD_9349,CUST_902,2024-06-22,Pro Plan,Google Search,787.97,249.91,Completed
ORD_9350,CUST_663,2024-03-25,Basic Plan,Partnership,1051.56,411.13,Completed
ORD_9351,CUST_471,2024-05-21,Basic Plan,LinkedIn,210.85,53.2,Completed
ORD_9352,CUST_1297,2024-06-03,Pro Plan,Google Search,347.48,76.01,Completed
ORD_9353,CUST_945,2025-03-05,Business Plan,Google Search,161.2,55.39,Completed
ORD_9354,CUST_170,2024-06-12,Basic Plan,Partnership,564.98,192.77,Refunded
ORD_9355,CUST_537,2024-05-30,Enterprise Plan,Google Search,135.84,46.06,Refunded
ORD_9356,CUST_517,2024-07-26,Basic Plan,Google Search,723.86,197.97,Completed
ORD_9357,CUST_1235,2024-07-28,Business Plan,Instagram,1086.29,448.62,Completed
ORD_9358,CUST_839,2024-04-20,Basic Plan,Partnership,714.92,125.53,Completed
ORD_9359,CUST_688,2024-09-27,Pro Plan,Google Search,501.34,161.35,Completed
ORD_9360,CUST_1314,2024-05-01,Business Plan,Google Search,180.83,78.91,Cancelled
ORD_9361,CUST_922,2024-03-02,Pro Plan,Partnership,50.22,20.19,Refunded
ORD_9362,CUST_178,2024-05-21,Basic Plan,Partnership,426.47,136.85,Completed
ORD_9363,CUST_26,2024-08-12,Basic Plan,Google Search,1065.4,167.99,Cancelled
ORD_9364,CUST_68,2024-02-01,Pro Plan,Google Search,551.26,236.33,Cancelled
ORD_9365,CUST_1132,2024-12-09,Pro Plan,TikTok,404.51,64.89,Completed
ORD_9366,CUST_89,2024-12-29,Business Plan,LinkedIn,355.02,111.36,Completed
ORD_9367,CUST_612,2024-05-14,Business Plan,Google Search,519.28,185.2,Completed
ORD_9368,CUST_571,2024-09-21,Business Plan,Partnership,811.8,288.56,Completed
ORD_9369,CUST_43,2025-01-16,Basic Plan,Partnership,807.15,319.26,Completed
ORD_9370,CUST_1180,2024-01-07,Basic Plan,LinkedIn,377.15,69.11,Completed
ORD_9371,CUST_1108,2024-08-26,Pro Plan,Partnership,316.68,131.7,Refunded
ORD_9372,CUST_1240,2025-05-09,Onboarding,LinkedIn,976.2,280.3,Completed
ORD_9373,CUST_1346,2024-09-04,Basic Plan,LinkedIn,569.8,185.9,Completed
ORD_9374,CUST_173,2024-12-07,Pro Plan,Google Search,262.32,98.52,Completed
ORD_9375,CUST_1354,2025-05-01,Business Plan,Partnership,549.3,143.28,Completed
ORD_9376,CUST_238,2024-11-05,Business Plan,LinkedIn,96.41,15.13,Completed
ORD_9377,CUST_950,2024-04-16,Basic Plan,LinkedIn,645.64,253.44,Completed
ORD_9378,CUST_762,2024-10-01,Basic Plan,LinkedIn,678.42,102.89,Completed
ORD_9379,CUST_499,2024-08-18,Basic Plan,Google Search,168.29,60.21,Cancelled
ORD_9380,CUST_1230,2024-05-16,Business Plan,LinkedIn,29.88,9.13,Completed
ORD_9381,CUST_1123,2024-12-02,Basic Plan,Instagram,1088.64,410.38,Completed
ORD_9382,CUST_1142,2025-01-02,Business Plan,LinkedIn,1046.7,368.76,Completed
ORD_9383,CUST_1051,2025-05-03,Basic Plan,LinkedIn,1002.6,210.65,Completed
ORD_9384,CUST_1449,2025-04-11,Enterprise Plan,TikTok,730.8,240.42,Completed
ORD_9385,CUST_236,2024-07-26,Business Plan,LinkedIn,1002.2,421.93,Completed
ORD_9386,CUST_292,2024-12-18,Pro Plan,LinkedIn,375.93,149.87,Completed
ORD_9387,CUST_1445,2024-04-15,Pro Plan,LinkedIn,543.57,131.56,Completed
ORD_9388,CUST_215,2024-07-08,Basic Plan,Partnership,758.53,170.36,Completed
ORD_9389,CUST_796,2024-03-27,Business Plan,LinkedIn,262.41,96.18,Completed
ORD_9390,CUST_903,2025-05-09,Pro Plan,Partnership,742.61,210.6,Completed
ORD_9391,CUST_1426,2024-08-03,Business Plan,LinkedIn,502.77,215.8,Completed
ORD_9392,CUST_464,2025-05-21,Basic Plan,LinkedIn,131.66,49.85,Cancelled
ORD_9393,CUST_1025,2024-07-22,Add-on,Event Walk-in,373.21,84.41,Completed
ORD_9394,CUST_1273,2025-06-30,Business Plan,Google Search,645.97,227.71,Completed
ORD_9395,CUST_301,2025-01-11,Pro Plan,Referral,399.02,113.74,Completed
ORD_9396,CUST_1292,2025-06-12,Pro Plan,Referral,248.27,56.37,Completed
ORD_9397,CUST_378,2024-04-09,Enterprise Plan,LinkedIn,897.75,319.63,Completed
ORD_9398,CUST_480,2024-01-02,Business Plan,LinkedIn,360.02,113.29,Completed
ORD_9399,CUST_265,2024-06-06,Basic Plan,Instagram,780.23,195.28,Completed
ORD_9400,CUST_1406,2025-05-04,Basic Plan,Google Search,910.37,340.77,Completed
ORD_9401,CUST_1061,2024-01-26,Enterprise Plan,Instagram,222.05,51.56,Completed
ORD_9402,CUST_301,2024-05-17,Basic Plan,Referral,1027.38,366.99,Completed
ORD_9403,CUST_1357,2024-03-10,Basic Plan,Google Search,1115.42,381.75,Completed
ORD_9404,CUST_1139,2025-01-05,Basic Plan,LinkedIn,656.76,201.23,Completed
ORD_9405,CUST_761,2024-08-27,Basic Plan,TikTok,928.09,234.6,Completed
ORD_9406,CUST_900,2024-12-20,Pro Plan,Partnership,158.64,39.9,Completed
ORD_9407,CUST_1406,2025-02-11,Basic Plan,Google Search,318.13,49.19,Completed
ORD_9408,CUST_416,2024-04-16,Enterprise Plan,LinkedIn,448.76,124.02,Completed
ORD_9409,CUST_1044,2024-06-08,Basic Plan,Partnership,634.39,152.65,Completed
ORD_9410,CUST_1440,2024-03-29,Basic Plan,Google Search,102.21,44.26,Cancelled
ORD_9411,CUST_232,2024-06-21,Pro Plan,LinkedIn,940.02,364.21,Completed
ORD_9412,CUST_147,2025-01-08,Business Plan,LinkedIn,125.82,54.53,Completed
ORD_9413,CUST_1060,2025-01-13,Pro Plan,LinkedIn,338.98,85.02,Completed
ORD_9414,CUST_1080,2024-01-04,Pro Plan,Partnership,821.27,319.01,Completed
ORD_9415,CUST_1217,2024-04-16,Basic Plan,LinkedIn,230.34,44.41,Refunded
ORD_9416,CUST_1270,2024-04-09,Basic Plan,Partnership,402.73,152.43,Completed
ORD_9417,CUST_328,2024-01-20,Enterprise Plan,Google Search,326.21,100.01,Completed
ORD_9418,CUST_901,2024-10-11,Pro Plan,Partnership,325.58,118.04,Completed
ORD_9419,CUST_1262,2024-08-12,Premium Support,LinkedIn,671.19,102.23,Refunded
ORD_9420,CUST_1385,2025-01-03,Business Plan,Google Search,537.18,208.69,Completed
ORD_9421,CUST_197,2025-06-01,Onboarding,Google Search,1035.02,281.06,Completed
ORD_9422,CUST_1432,2024-08-04,Pro Plan,LinkedIn,170.47,36.86,Completed
ORD_9423,CUST_246,2025-04-01,Business Plan,Google Search,1142.9,480.71,Completed
ORD_9424,CUST_680,2024-04-28,Business Plan,Google Search,53.17,14.83,Completed
ORD_9425,CUST_628,2024-06-12,Basic Plan,Instagram,700.45,271.64,Completed
ORD_9426,CUST_641,2025-05-21,Basic Plan,Google Search,973.85,420.46,Refunded
ORD_9427,CUST_545,2025-06-17,Business Plan,Google Search,289.83,123.06,Completed
ORD_9428,CUST_284,2025-03-03,Business Plan,Partnership,263.29,45.99,Completed
ORD_9429,CUST_605,2024-05-14,Basic Plan,LinkedIn,224.39,55.93,Cancelled
ORD_9430,CUST_160,2024-06-06,Business Plan,LinkedIn,739.51,265.44,Completed
ORD_9431,CUST_901,2024-03-06,Basic Plan,Partnership,991.47,353.55,Completed
ORD_9432,CUST_1093,2024-10-19,Business Plan,Google Search,613.49,176.1,Completed
ORD_9433,CUST_342,2024-08-03,Pro Plan,Google Search,545.47,220.06,Completed
ORD_9434,CUST_919,2024-01-20,Onboarding,TikTok,155.23,35.62,Cancelled
ORD_9435,CUST_1295,2024-04-11,Enterprise Plan,LinkedIn,596.55,267.8,Completed
ORD_9436,CUST_1113,2025-02-17,Business Plan,Referral,100.68,27.38,Refunded
ORD_9437,CUST_987,2024-01-17,Basic Plan,LinkedIn,429.91,152.02,Completed
ORD_9438,CUST_922,2024-01-11,Basic Plan,Partnership,384.12,92.17,Completed
ORD_9439,CUST_1254,2025-05-12,Basic Plan,Instagram,366.37,129.24,Refunded
ORD_9440,CUST_1466,2024-04-26,Pro Plan,Google Search,150.04,46.43,Completed
ORD_9441,CUST_338,2024-02-16,Business Plan,Google Search,680.18,128.63,Completed
ORD_9442,CUST_793,2025-02-25,Basic Plan,Instagram,428.77,105.51,Completed
ORD_9443,CUST_1429,2024-05-10,Basic Plan,LinkedIn,121.32,26.52,Completed
ORD_9444,CUST_1101,2024-01-13,Business Plan,Google Search,208.11,35.93,Refunded
ORD_9445,CUST_922,2024-11-09,Business Plan,Partnership,366.63,127.75,Completed
ORD_9446,CUST_361,2024-06-20,Pro Plan,Google Search,414.64,90.57,Completed
ORD_9447,CUST_1488,2024-12-27,Pro Plan,Partnership,635.68,280.1,Completed
ORD_9448,CUST_849,2025-06-17,Basic Plan,Google Search,131.82,23.14,Completed
ORD_9449,CUST_503,2025-03-21,Premium Support,Google Search,208.65,32.97,Completed
ORD_9450,CUST_808,2024-05-31,Basic Plan,Google Search,676.37,159.54,Completed
ORD_9451,CUST_254,2024-01-17,Pro Plan,Partnership,38.41,8.5,Completed
ORD_9452,CUST_293,2025-06-29,Onboarding,Google Search,117.56,35.84,Completed
ORD_9453,CUST_120,2024-02-08,Pro Plan,TikTok,43.23,18.41,Completed
ORD_9454,CUST_814,2024-10-17,Pro Plan,LinkedIn,154.76,29.48,Refunded
ORD_9455,CUST_1197,2024-09-12,Add-on,Partnership,517.54,98.5,Completed
ORD_9456,CUST_277,2024-01-31,Basic Plan,Google Search,916.36,260.31,Completed
ORD_9457,CUST_1441,2025-02-11,Business Plan,Instagram,647.18,229.31,Completed
ORD_9458,CUST_940,2024-07-27,Pro Plan,LinkedIn,495.74,157.31,Completed
ORD_9459,CUST_436,2024-03-12,Pro Plan,LinkedIn,606.79,126.75,Completed
ORD_9460,CUST_299,2025-01-11,Premium Support,LinkedIn,622.64,183.22,Refunded
ORD_9461,CUST_127,2025-06-01,Pro Plan,LinkedIn,112.85,26.94,Completed
ORD_9462,CUST_1072,2024-09-10,Business Plan,LinkedIn,206.35,83.25,Completed
ORD_9463,CUST_778,2024-08-22,Basic Plan,Google Search,563.81,198.37,Completed
ORD_9464,CUST_984,2024-01-24,Pro Plan,Google Search,663.52,190.43,Refunded
ORD_9465,CUST_267,2025-05-31,Basic Plan,Instagram,154.3,58.65,Completed
ORD_9466,CUST_213,2024-09-07,Basic Plan,Google Search,203.53,77.9,Completed
ORD_9467,CUST_491,2024-11-16,Basic Plan,LinkedIn,145.11,33.59,Completed
ORD_9468,CUST_576,2024-01-06,Business Plan,LinkedIn,309.91,133.85,Completed
ORD_9469,CUST_511,2025-01-06,Basic Plan,Google Search,464.57,145.41,Completed
ORD_9470,CUST_1493,2024-01-21,Add-on,Google Search,65.33,28.44,Completed
ORD_9471,CUST_517,2024-09-26,Onboarding,Google Search,165.7,60.5,Completed
ORD_9472,CUST_63,2024-04-12,Business Plan,Google Search,258.3,44.93,Completed
ORD_9473,CUST_541,2024-09-12,Basic Plan,Google Search,521.68,218.27,Refunded
ORD_9474,CUST_70,2024-02-15,Pro Plan,Google Search,896.81,136.29,Completed
ORD_9475,CUST_798,2024-11-12,Pro Plan,LinkedIn,441.77,161.86,Completed
ORD_9476,CUST_1111,2025-05-29,Basic Plan,Referral,615.77,148.65,Completed
ORD_9477,CUST_1464,2024-01-29,Basic Plan,Instagram,290.35,65.4,Completed
ORD_9478,CUST_1333,2025-06-18,Add-on,LinkedIn,353.62,115.03,Completed
ORD_9479,CUST_548,2024-04-30,Premium Support,LinkedIn,1112.19,271.84,Completed
ORD_9480,CUST_839,2025-06-25,Add-on,Partnership,163.49,46.5,Completed
ORD_9481,CUST_689,2024-02-20,Add-on,Partnership,742.39,194.87,Completed
ORD_9482,CUST_920,2025-02-23,Add-on,Google Search,406.18,105.87,Completed
ORD_9483,CUST_1383,2025-04-15,Basic Plan,Instagram,1100.46,442.13,Refunded
ORD_9484,CUST_488,2024-10-15,Add-on,Partnership,882.98,242.75,Completed
ORD_9485,CUST_977,2025-05-10,Pro Plan,LinkedIn,899.47,213.21,Completed
ORD_9486,CUST_786,2024-05-11,Pro Plan,LinkedIn,724.93,274.41,Completed
ORD_9487,CUST_1271,2024-06-29,Basic Plan,TikTok,158.26,68.66,Refunded
ORD_9488,CUST_1139,2024-02-15,Onboarding,LinkedIn,83.59,19.28,Completed
ORD_9489,CUST_504,2024-03-30,Pro Plan,LinkedIn,969.27,372.55,Completed
ORD_9490,CUST_1302,2024-11-26,Onboarding,Google Search,957.31,220.36,Completed
ORD_9491,CUST_565,2024-04-09,Pro Plan,LinkedIn,77.03,20.43,Completed
ORD_9492,CUST_1322,2024-02-04,Add-on,Google Search,184.98,44.1,Completed
ORD_9493,CUST_999,2024-07-23,Pro Plan,LinkedIn,251.03,79.24,Completed
ORD_9494,CUST_779,2025-05-29,Business Plan,Instagram,1085.09,229.78,Completed
ORD_9495,CUST_1126,2024-06-30,Basic Plan,Google Search,172.13,46.08,Completed
ORD_9496,CUST_1198,2024-02-21,Pro Plan,LinkedIn,952.33,247.35,Completed
ORD_9497,CUST_779,2024-10-30,Enterprise Plan,Instagram,982.54,431.77,Refunded
ORD_9498,CUST_1143,2024-06-21,Add-on,Google Search,1161.78,364.04,Refunded
ORD_9499,CUST_1153,2024-12-28,Enterprise Plan,LinkedIn,530.05,173.18,Completed
ORD_9500,CUST_1136,2025-04-06,Add-on,Partnership,327.17,59.63,Cancelled
ORD_9501,CUST_376,2024-07-06,Pro Plan,Partnership,573.77,255.05,Completed
ORD_9502,CUST_265,2024-08-19,Pro Plan,Instagram,834.61,249.12,Completed
ORD_9503,CUST_809,2024-02-28,Business Plan,LinkedIn,432.12,110.86,Completed
ORD_9504,CUST_109,2025-05-27,Basic Plan,LinkedIn,1095.82,286.74,Completed
ORD_9505,CUST_619,2024-02-01,Premium Support,Google Search,1080.6,419.17,Completed
ORD_9506,CUST_438,2024-02-28,Basic Plan,Partnership,343.26,101.07,Completed
ORD_9507,CUST_377,2024-05-12,Business Plan,LinkedIn,1185.1,279.87,Completed
ORD_9508,CUST_325,2024-07-01,Pro Plan,LinkedIn,1027.67,447.58,Completed
ORD_9509,CUST_1204,2024-11-20,Basic Plan,LinkedIn,528.6,226.87,Completed
ORD_9510,CUST_5,2024-03-12,Business Plan,LinkedIn,824.37,252.89,Cancelled
ORD_9511,CUST_287,2024-05-20,Add-on,LinkedIn,162.67,63.72,Completed
ORD_9512,CUST_431,2024-04-09,Basic Plan,Google Search,685.27,111.63,Completed
ORD_9513,CUST_606,2024-01-09,Pro Plan,Google Search,196.12,77.53,Completed
ORD_9514,CUST_684,2024-04-19,Onboarding,LinkedIn,766.87,279.28,Completed
ORD_9515,CUST_1371,2024-12-22,Pro Plan,Instagram,52.23,20.03,Completed
ORD_9516,CUST_65,2025-02-07,Basic Plan,Instagram,390.61,165.32,Completed
ORD_9517,CUST_1458,2024-09-25,Onboarding,Google Search,70.76,31.18,Completed
ORD_9518,CUST_655,2024-06-26,Business Plan,Google Search,403.85,75.37,Completed
ORD_9519,CUST_1424,2024-10-12,Pro Plan,LinkedIn,626.07,222.32,Completed
ORD_9520,CUST_819,2024-08-30,Basic Plan,Partnership,929.5,158.5,Cancelled
ORD_9521,CUST_1429,2025-05-30,Business Plan,LinkedIn,1145.86,347.78,Completed
ORD_9522,CUST_334,2025-05-25,Pro Plan,LinkedIn,777.78,296.71,Completed
ORD_9523,CUST_375,2024-02-11,Basic Plan,Partnership,444.08,177.8,Completed
ORD_9524,CUST_686,2024-09-18,Business Plan,Google Search,925.82,326.84,Completed
ORD_9525,CUST_976,2024-08-06,Business Plan,Partnership,687.47,131.94,Completed
ORD_9526,CUST_1333,2024-07-15,Business Plan,LinkedIn,918.22,392.88,Completed
ORD_9527,CUST_1418,2024-11-10,Pro Plan,LinkedIn,913.0,247.39,Completed
ORD_9528,CUST_594,2025-01-24,Business Plan,Google Search,936.42,343.89,Completed
ORD_9529,CUST_774,2024-03-16,Basic Plan,TikTok,307.33,108.6,Refunded
ORD_9530,CUST_39,2025-06-20,Enterprise Plan,LinkedIn,892.19,363.71,Completed
ORD_9531,CUST_56,2024-05-05,Enterprise Plan,LinkedIn,598.19,137.98,Completed
ORD_9532,CUST_755,2024-05-03,Pro Plan,Partnership,1125.33,188.54,Refunded
ORD_9533,CUST_294,2024-08-15,Basic Plan,LinkedIn,702.08,229.21,Completed
ORD_9534,CUST_1374,2024-10-01,Basic Plan,TikTok,646.21,150.61,Completed
ORD_9535,CUST_621,2024-11-01,Pro Plan,Instagram,979.56,378.66,Completed
ORD_9536,CUST_486,2024-01-21,Basic Plan,LinkedIn,105.68,24.63,Completed
ORD_9537,CUST_444,2024-02-29,Premium Support,Event Walk-in,619.42,141.53,Cancelled
ORD_9538,CUST_916,2024-09-12,Pro Plan,Partnership,380.04,84.74,Completed
ORD_9539,CUST_758,2025-06-07,Pro Plan,Google Search,369.13,156.54,Completed
ORD_9540,CUST_617,2024-06-26,Pro Plan,Google Search,933.42,298.93,Completed
ORD_9541,CUST_75,2025-05-28,Business Plan,Partnership,1070.81,458.79,Completed
ORD_9542,CUST_646,2024-05-03,Business Plan,Partnership,1146.42,408.55,Completed
ORD_9543,CUST_104,2024-04-04,Basic Plan,Referral,154.94,68.55,Completed
ORD_9544,CUST_236,2024-11-04,Basic Plan,LinkedIn,1024.37,217.83,Completed
ORD_9545,CUST_1372,2024-10-04,Pro Plan,Partnership,447.24,94.7,Completed
ORD_9546,CUST_1221,2024-08-13,Pro Plan,LinkedIn,212.78,91.59,Refunded
ORD_9547,CUST_1347,2024-10-05,Enterprise Plan,LinkedIn,564.07,199.12,Completed
ORD_9548,CUST_485,2025-01-01,Pro Plan,Google Search,703.82,195.39,Completed
ORD_9549,CUST_1245,2024-12-20,Pro Plan,Google Search,1011.54,372.58,Completed
ORD_9550,CUST_934,2025-01-06,Onboarding,Google Search,1117.27,184.86,Completed
ORD_9551,CUST_946,2024-04-07,Pro Plan,Google Search,559.76,241.49,Completed
ORD_9552,CUST_1371,2024-07-21,Pro Plan,Instagram,985.36,235.94,Completed
ORD_9553,CUST_325,2024-09-20,Enterprise Plan,LinkedIn,750.44,261.71,Refunded
ORD_9554,CUST_1086,2024-11-06,Pro Plan,Referral,574.4,116.49,Refunded
ORD_9555,CUST_778,2025-06-16,Pro Plan,Google Search,908.05,380.6,Cancelled
ORD_9556,CUST_1020,2025-01-01,Pro Plan,LinkedIn,692.33,272.55,Completed
ORD_9557,CUST_912,2024-08-05,Basic Plan,Instagram,772.79,334.21,Completed
ORD_9558,CUST_1361,2024-07-29,Enterprise Plan,LinkedIn,276.01,72.09,Completed
ORD_9559,CUST_998,2024-03-27,Basic Plan,LinkedIn,785.22,154.48,Completed
ORD_9560,CUST_647,2024-03-05,Business Plan,LinkedIn,947.56,211.54,Refunded
ORD_9561,CUST_1399,2025-03-09,Basic Plan,Partnership,626.67,250.05,Completed
ORD_9562,CUST_960,2025-06-20,Onboarding,Partnership,842.98,344.02,Completed
ORD_9563,CUST_485,2025-05-02,Onboarding,Google Search,750.63,297.43,Completed
ORD_9564,CUST_6,2024-03-13,Basic Plan,Google Search,1116.29,282.49,Completed
ORD_9565,CUST_29,2024-08-27,Pro Plan,LinkedIn,1193.77,454.45,Completed
ORD_9566,CUST_974,2024-05-23,Pro Plan,Google Search,349.66,54.1,Completed
ORD_9567,CUST_1222,2024-02-19,Pro Plan,LinkedIn,483.19,161.87,Refunded
ORD_9568,CUST_869,2024-04-26,Basic Plan,Partnership,575.57,236.32,Completed
ORD_9569,CUST_825,2025-05-25,Basic Plan,Google Search,289.24,59.84,Completed
ORD_9570,CUST_702,2024-11-19,Basic Plan,Google Search,1075.76,309.81,Completed
ORD_9571,CUST_945,2025-06-13,Premium Support,Google Search,1166.9,373.42,Completed
ORD_9572,CUST_1065,2024-07-13,Basic Plan,LinkedIn,372.14,127.81,Completed
ORD_9573,CUST_536,2024-11-17,Business Plan,Google Search,381.73,165.67,Completed
ORD_9574,CUST_632,2024-11-10,Pro Plan,LinkedIn,514.27,205.18,Refunded
ORD_9575,CUST_216,2024-03-08,Basic Plan,Google Search,1092.14,459.84,Completed
ORD_9576,CUST_423,2025-04-16,Business Plan,Partnership,470.15,134.39,Completed
ORD_9577,CUST_239,2025-02-11,Basic Plan,LinkedIn,442.29,169.59,Completed
ORD_9578,CUST_90,2024-03-26,Business Plan,Google Search,223.05,57.06,Completed
ORD_9579,CUST_930,2025-03-02,Pro Plan,Partnership,495.78,174.64,Completed
ORD_9580,CUST_943,2024-09-27,Pro Plan,Google Search,223.91,49.48,Refunded
ORD_9581,CUST_973,2024-03-17,Pro Plan,LinkedIn,930.13,274.17,Completed
ORD_9582,CUST_148,2024-03-30,Premium Support,LinkedIn,952.84,330.43,Completed
ORD_9583,CUST_1362,2024-08-26,Basic Plan,Referral,783.69,254.81,Completed
ORD_9584,CUST_441,2024-05-11,Business Plan,LinkedIn,1028.9,395.61,Completed
ORD_9585,CUST_634,2024-08-26,Basic Plan,LinkedIn,73.72,11.68,Completed
ORD_9586,CUST_1034,2025-04-06,Enterprise Plan,Google Search,1037.98,261.3,Refunded
ORD_9587,CUST_968,2025-01-30,Basic Plan,LinkedIn,788.05,257.43,Completed
ORD_9588,CUST_950,2024-04-15,Basic Plan,LinkedIn,668.56,205.44,Completed
ORD_9589,CUST_780,2024-11-15,Pro Plan,LinkedIn,78.18,33.92,Completed
ORD_9590,CUST_478,2024-06-29,Basic Plan,LinkedIn,996.83,236.96,Cancelled
ORD_9591,CUST_1274,2024-03-12,Pro Plan,Google Search,1019.11,364.74,Completed
ORD_9592,CUST_327,2025-06-14,Basic Plan,LinkedIn,826.08,231.36,Completed
ORD_9593,CUST_460,2024-11-29,Enterprise Plan,LinkedIn,829.75,315.46,Completed
ORD_9594,CUST_789,2024-03-05,Business Plan,Partnership,439.38,197.27,Completed
ORD_9595,CUST_256,2024-08-11,Add-on,LinkedIn,629.5,242.36,Cancelled
ORD_9596,CUST_1216,2025-03-26,Enterprise Plan,LinkedIn,164.82,73.9,Completed
ORD_9597,CUST_31,2025-03-25,Basic Plan,Event Walk-in,908.56,220.94,Completed
ORD_9598,CUST_694,2024-08-27,Pro Plan,LinkedIn,48.3,20.69,Completed
ORD_9599,CUST_335,2025-04-19,Basic Plan,TikTok,448.12,195.48,Completed
ORD_9600,CUST_906,2024-10-07,Pro Plan,Referral,1132.33,399.93,Completed
ORD_9601,CUST_1388,2024-07-04,Basic Plan,Instagram,739.86,144.57,Completed
ORD_9602,CUST_603,2024-03-24,Pro Plan,Partnership,703.1,208.0,Completed
ORD_9603,CUST_467,2024-04-22,Pro Plan,LinkedIn,1041.23,446.67,Cancelled
ORD_9604,CUST_227,2024-12-13,Pro Plan,Google Search,1175.35,418.13,Completed
ORD_9605,CUST_1171,2025-06-19,Basic Plan,LinkedIn,1057.36,291.12,Refunded
ORD_9606,CUST_945,2025-05-14,Business Plan,Google Search,716.45,214.88,Completed
ORD_9607,CUST_829,2025-06-04,Pro Plan,LinkedIn,204.45,68.88,Completed
ORD_9608,CUST_1218,2025-06-02,Business Plan,LinkedIn,858.15,231.56,Completed
ORD_9609,CUST_517,2024-07-27,Add-on,Google Search,631.32,111.81,Cancelled
ORD_9610,CUST_511,2025-05-19,Business Plan,Google Search,522.14,157.88,Completed
ORD_9611,CUST_1161,2024-05-23,Basic Plan,LinkedIn,896.1,238.26,Refunded
ORD_9612,CUST_999,2024-08-29,Pro Plan,LinkedIn,713.48,259.22,Completed
ORD_9613,CUST_913,2024-02-28,Basic Plan,Google Search,1128.68,432.07,Completed
ORD_9614,CUST_253,2025-06-12,Basic Plan,Google Search,738.23,245.16,Completed
ORD_9615,CUST_226,2024-02-15,Basic Plan,TikTok,619.94,113.54,Completed
ORD_9616,CUST_385,2025-05-07,Pro Plan,LinkedIn,248.31,101.71,Completed
ORD_9617,CUST_1233,2024-12-08,Pro Plan,LinkedIn,840.31,227.96,Completed
ORD_9618,CUST_1309,2024-12-12,Basic Plan,Google Search,1039.4,390.1,Completed
ORD_9619,CUST_102,2024-03-12,Pro Plan,Partnership,74.08,19.56,Completed
ORD_9620,CUST_1125,2024-10-07,Business Plan,LinkedIn,185.45,64.52,Refunded
ORD_9621,CUST_346,2024-10-12,Pro Plan,Google Search,978.84,201.45,Completed
ORD_9622,CUST_451,2024-03-11,Pro Plan,Instagram,193.71,39.56,Completed
ORD_9623,CUST_269,2024-02-04,Onboarding,Instagram,598.9,90.09,Completed
ORD_9624,CUST_820,2025-04-29,Pro Plan,Partnership,545.75,206.5,Completed
ORD_9625,CUST_1020,2024-12-13,Pro Plan,LinkedIn,869.91,269.02,Completed
ORD_9626,CUST_837,2024-03-21,Pro Plan,Partnership,884.32,351.98,Completed
ORD_9627,CUST_1196,2024-09-07,Basic Plan,Partnership,854.2,219.8,Cancelled
ORD_9628,CUST_272,2024-06-16,Basic Plan,Instagram,332.19,130.69,Completed
ORD_9629,CUST_456,2024-09-09,Pro Plan,TikTok,572.21,150.34,Completed
ORD_9630,CUST_963,2025-06-02,Business Plan,Google Search,633.45,255.71,Completed
ORD_9631,CUST_739,2024-12-13,Basic Plan,TikTok,631.49,212.47,Completed
ORD_9632,CUST_819,2025-05-17,Onboarding,Partnership,25.43,3.89,Completed
ORD_9633,CUST_796,2024-12-20,Pro Plan,LinkedIn,748.36,176.29,Completed
ORD_9634,CUST_34,2024-10-30,Enterprise Plan,LinkedIn,585.22,209.73,Completed
ORD_9635,CUST_563,2024-02-08,Pro Plan,LinkedIn,642.86,187.25,Completed
ORD_9636,CUST_74,2025-01-14,Pro Plan,Instagram,646.32,185.97,Completed
ORD_9637,CUST_655,2024-07-29,Basic Plan,Google Search,442.84,102.64,Completed
ORD_9638,CUST_255,2024-06-09,Pro Plan,Google Search,603.36,102.0,Completed
ORD_9639,CUST_1214,2024-08-17,Business Plan,LinkedIn,84.58,19.83,Completed
ORD_9640,CUST_554,2024-09-21,Pro Plan,LinkedIn,237.76,75.23,Completed
ORD_9641,CUST_629,2024-04-22,Onboarding,Google Search,1090.46,473.36,Completed
ORD_9642,CUST_256,2025-04-15,Premium Support,LinkedIn,994.3,241.46,Completed
ORD_9643,CUST_259,2025-06-04,Basic Plan,LinkedIn,323.83,115.69,Completed
ORD_9644,CUST_915,2024-02-25,Business Plan,Google Search,627.61,237.77,Completed
ORD_9645,CUST_831,2025-06-15,Pro Plan,Instagram,161.32,71.66,Completed
ORD_9646,CUST_392,2025-05-27,Business Plan,Referral,1093.79,203.12,Completed
ORD_9647,CUST_387,2025-05-10,Business Plan,LinkedIn,311.68,97.46,Completed
ORD_9648,CUST_797,2024-04-10,Basic Plan,Instagram,1151.24,180.53,Completed
ORD_9649,CUST_829,2025-03-08,Pro Plan,LinkedIn,845.46,240.45,Completed
ORD_9650,CUST_1425,2025-03-03,Pro Plan,LinkedIn,337.06,50.59,Completed
ORD_9651,CUST_198,2024-04-28,Pro Plan,LinkedIn,745.03,174.31,Completed
ORD_9652,CUST_547,2024-11-04,Pro Plan,Instagram,241.7,90.71,Completed
ORD_9653,CUST_223,2024-07-31,Pro Plan,Google Search,651.06,230.4,Refunded
ORD_9654,CUST_222,2024-08-04,Business Plan,LinkedIn,742.0,187.42,Completed
ORD_9655,CUST_1189,2024-03-05,Onboarding,Instagram,152.01,64.5,Completed
ORD_9656,CUST_1384,2025-02-23,Basic Plan,Instagram,143.49,22.97,Completed
ORD_9657,CUST_799,2024-01-17,Pro Plan,LinkedIn,840.62,321.07,Refunded
ORD_9658,CUST_451,2024-10-21,Onboarding,Instagram,567.13,161.31,Completed
ORD_9659,CUST_902,2024-10-06,Business Plan,Google Search,289.78,65.85,Completed
ORD_9660,CUST_536,2025-06-05,Business Plan,Google Search,843.47,305.68,Completed
ORD_9661,CUST_4,2024-03-21,Pro Plan,Instagram,862.08,373.25,Completed
ORD_9662,CUST_920,2025-05-15,Pro Plan,Google Search,87.95,16.45,Completed
ORD_9663,CUST_1450,2024-01-04,Enterprise Plan,LinkedIn,231.7,62.61,Completed
ORD_9664,CUST_361,2024-07-08,Pro Plan,Google Search,1173.64,428.72,Completed
ORD_9665,CUST_565,2024-02-24,Business Plan,LinkedIn,257.57,107.0,Completed
ORD_9666,CUST_916,2024-11-22,Pro Plan,Partnership,268.3,115.47,Completed
ORD_9667,CUST_839,2024-09-06,Pro Plan,Partnership,858.01,319.56,Completed
ORD_9668,CUST_846,2025-06-13,Add-on,LinkedIn,1122.29,243.69,Completed
ORD_9669,CUST_598,2024-04-30,Enterprise Plan,LinkedIn,953.49,181.36,Completed
ORD_9670,CUST_691,2025-02-15,Enterprise Plan,Google Search,899.44,382.39,Completed
ORD_9671,CUST_438,2024-09-19,Premium Support,Partnership,881.25,291.81,Completed
ORD_9672,CUST_1055,2025-01-30,Basic Plan,LinkedIn,333.42,105.51,Completed
ORD_9673,CUST_458,2024-08-13,Add-on,Google Search,677.23,246.84,Completed
ORD_9674,CUST_1226,2024-05-15,Enterprise Plan,Google Search,369.44,119.38,Completed
ORD_9675,CUST_66,2024-09-28,Onboarding,LinkedIn,902.11,307.11,Completed
ORD_9676,CUST_1484,2025-02-08,Business Plan,Partnership,470.74,169.08,Cancelled
ORD_9677,CUST_764,2025-01-08,Add-on,Google Search,418.76,158.2,Completed
ORD_9678,CUST_232,2024-07-11,Basic Plan,LinkedIn,908.21,188.15,Completed
ORD_9679,CUST_22,2024-07-06,Onboarding,Partnership,734.44,158.89,Completed
ORD_9680,CUST_761,2025-06-17,Business Plan,TikTok,1036.85,169.13,Completed
ORD_9681,CUST_1186,2024-03-16,Pro Plan,TikTok,337.04,81.23,Cancelled
ORD_9682,CUST_657,2024-08-31,Basic Plan,Instagram,678.06,230.28,Completed
ORD_9683,CUST_1058,2024-08-02,Onboarding,Instagram,878.62,391.37,Completed
ORD_9684,CUST_1409,2024-01-20,Business Plan,LinkedIn,713.25,307.03,Completed
ORD_9685,CUST_499,2024-03-11,Add-on,Google Search,536.37,220.83,Completed
ORD_9686,CUST_741,2024-04-06,Basic Plan,Google Search,688.2,188.19,Completed
ORD_9687,CUST_713,2025-03-14,Add-on,Instagram,751.72,139.75,Completed
ORD_9688,CUST_1483,2024-07-25,Basic Plan,Partnership,847.79,170.97,Completed
ORD_9689,CUST_1317,2025-02-14,Business Plan,LinkedIn,55.92,13.46,Completed
ORD_9690,CUST_861,2025-03-20,Basic Plan,LinkedIn,870.46,357.59,Completed
ORD_9691,CUST_1297,2024-12-29,Basic Plan,Google Search,492.59,164.9,Completed
ORD_9692,CUST_446,2024-03-18,Basic Plan,Google Search,807.36,349.15,Completed
ORD_9693,CUST_408,2024-08-16,Enterprise Plan,LinkedIn,669.22,211.46,Completed
ORD_9694,CUST_551,2025-06-25,Business Plan,Google Search,141.34,43.85,Completed
ORD_9695,CUST_1355,2024-11-25,Business Plan,LinkedIn,665.05,107.83,Completed
ORD_9696,CUST_240,2025-05-12,Basic Plan,Referral,218.32,37.47,Completed
ORD_9697,CUST_13,2024-06-22,Pro Plan,Instagram,861.94,385.5,Completed
ORD_9698,CUST_764,2025-03-25,Premium Support,Google Search,140.51,57.08,Completed
ORD_9699,CUST_1088,2024-02-04,Pro Plan,Google Search,807.33,125.31,Completed
ORD_9700,CUST_830,2024-06-03,Basic Plan,TikTok,1176.21,357.64,Completed
ORD_9701,CUST_1189,2025-03-05,Pro Plan,Instagram,629.97,192.05,Completed
ORD_9702,CUST_512,2024-06-23,Add-on,LinkedIn,288.69,112.8,Completed
ORD_9703,CUST_835,2024-02-13,Business Plan,LinkedIn,192.06,39.91,Completed
ORD_9704,CUST_1352,2024-07-31,Add-on,LinkedIn,597.03,234.76,Completed
ORD_9705,CUST_686,2024-11-18,Pro Plan,Google Search,405.18,150.29,Refunded
ORD_9706,CUST_31,2024-07-18,Basic Plan,Event Walk-in,537.95,203.12,Completed
ORD_9707,CUST_953,2024-01-11,Onboarding,LinkedIn,147.14,37.29,Completed
ORD_9708,CUST_614,2024-04-17,Enterprise Plan,Referral,108.69,40.21,Completed
ORD_9709,CUST_1462,2024-05-21,Basic Plan,LinkedIn,982.0,155.83,Completed
ORD_9710,CUST_286,2024-07-16,Business Plan,LinkedIn,856.9,318.42,Completed
ORD_9711,CUST_353,2024-08-17,Enterprise Plan,TikTok,1153.93,286.27,Refunded
ORD_9712,CUST_1136,2025-03-07,Add-on,Partnership,279.57,108.3,Refunded
ORD_9713,CUST_1378,2025-02-25,Business Plan,Partnership,433.78,166.83,Completed
ORD_9714,CUST_508,2024-10-09,Business Plan,Google Search,774.93,141.54,Completed
ORD_9715,CUST_890,2025-03-06,Pro Plan,Partnership,36.65,12.1,Completed
ORD_9716,CUST_460,2024-07-26,Basic Plan,LinkedIn,545.95,142.43,Completed
ORD_9717,CUST_920,2024-07-17,Add-on,Google Search,707.45,128.94,Completed
ORD_9718,CUST_893,2024-09-03,Business Plan,Google Search,421.77,105.75,Completed
ORD_9719,CUST_1337,2024-06-08,Basic Plan,Partnership,906.36,403.05,Completed
ORD_9720,CUST_55,2024-07-16,Pro Plan,LinkedIn,492.71,154.74,Completed
ORD_9721,CUST_843,2024-03-03,Enterprise Plan,Instagram,240.46,40.14,Completed
ORD_9722,CUST_206,2024-09-26,Basic Plan,LinkedIn,79.2,24.11,Cancelled
ORD_9723,CUST_1099,2024-06-06,Business Plan,Instagram,919.8,224.47,Completed
ORD_9724,CUST_89,2025-03-14,Enterprise Plan,LinkedIn,697.33,244.99,Completed
ORD_9725,CUST_515,2024-09-25,Pro Plan,LinkedIn,1016.63,402.68,Completed
ORD_9726,CUST_1374,2024-09-28,Pro Plan,TikTok,608.82,226.16,Completed
ORD_9727,CUST_1279,2024-10-05,Premium Support,LinkedIn,858.44,254.48,Refunded
ORD_9728,CUST_434,2025-01-19,Pro Plan,LinkedIn,434.56,82.68,Completed
ORD_9729,CUST_884,2024-02-29,Basic Plan,Instagram,1198.0,217.5,Completed
ORD_9730,CUST_287,2024-09-01,Pro Plan,LinkedIn,632.11,102.68,Completed
ORD_9731,CUST_942,2025-05-31,Pro Plan,LinkedIn,459.11,108.64,Refunded
ORD_9732,CUST_230,2025-03-30,Basic Plan,LinkedIn,1054.68,248.14,Completed
ORD_9733,CUST_1390,2024-10-31,Enterprise Plan,LinkedIn,193.6,34.05,Completed
ORD_9734,CUST_189,2025-02-13,Pro Plan,TikTok,668.1,122.85,Completed
ORD_9735,CUST_11,2025-01-11,Business Plan,Google Search,910.5,335.02,Completed
ORD_9736,CUST_954,2024-11-25,Basic Plan,Instagram,318.88,118.62,Completed
ORD_9737,CUST_1136,2024-05-29,Add-on,Partnership,1112.85,395.49,Cancelled
ORD_9738,CUST_1003,2024-08-29,Business Plan,TikTok,729.97,181.0,Completed
ORD_9739,CUST_62,2025-06-19,Premium Support,Partnership,1170.76,428.05,Refunded
ORD_9740,CUST_609,2024-11-10,Enterprise Plan,LinkedIn,823.66,296.81,Completed
ORD_9741,CUST_1380,2024-12-11,Basic Plan,LinkedIn,675.57,185.88,Completed
ORD_9742,CUST_869,2025-04-20,Basic Plan,Partnership,818.25,273.32,Completed
ORD_9743,CUST_1005,2024-06-13,Enterprise Plan,Instagram,180.26,40.51,Refunded
ORD_9744,CUST_482,2024-10-21,Pro Plan,Instagram,1123.91,415.7,Completed
ORD_9745,CUST_1085,2024-10-25,Basic Plan,Partnership,94.12,24.18,Completed
ORD_9746,CUST_1068,2024-06-07,Enterprise Plan,Partnership,360.19,133.13,Refunded
ORD_9747,CUST_47,2024-12-18,Business Plan,TikTok,67.06,26.16,Completed
ORD_9748,CUST_1407,2024-10-02,Basic Plan,Referral,435.75,141.93,Completed
ORD_9749,CUST_769,2024-03-25,Business Plan,Google Search,878.08,135.29,Completed
ORD_9750,CUST_439,2024-12-20,Pro Plan,TikTok,347.34,133.79,Completed
ORD_9751,CUST_436,2025-04-12,Enterprise Plan,LinkedIn,286.75,60.57,Completed
ORD_9752,CUST_983,2025-03-26,Basic Plan,TikTok,605.24,130.95,Refunded
ORD_9753,CUST_615,2024-12-13,Business Plan,Partnership,116.79,47.03,Completed
ORD_9754,CUST_863,2024-05-05,Add-on,Partnership,298.47,133.1,Completed
ORD_9755,CUST_175,2024-01-29,Pro Plan,Google Search,953.48,342.61,Completed
ORD_9756,CUST_1409,2025-01-05,Basic Plan,LinkedIn,820.21,361.65,Completed
ORD_9757,CUST_81,2024-09-13,Pro Plan,TikTok,86.37,24.83,Completed
ORD_9758,CUST_1026,2025-05-25,Business Plan,LinkedIn,1050.85,309.23,Completed
ORD_9759,CUST_1288,2024-01-23,Basic Plan,Partnership,358.59,124.96,Completed
ORD_9760,CUST_1052,2024-03-16,Basic Plan,Partnership,1033.74,446.25,Completed
ORD_9761,CUST_651,2025-04-22,Business Plan,LinkedIn,519.19,165.08,Completed
ORD_9762,CUST_813,2024-11-27,Pro Plan,Partnership,478.78,95.71,Completed
ORD_9763,CUST_1401,2024-05-13,Basic Plan,LinkedIn,522.98,81.95,Completed
ORD_9764,CUST_1064,2025-06-09,Pro Plan,LinkedIn,772.52,224.12,Completed
ORD_9765,CUST_1157,2024-12-05,Business Plan,LinkedIn,310.94,63.02,Cancelled
ORD_9766,CUST_456,2024-02-23,Basic Plan,TikTok,41.68,14.91,Completed
ORD_9767,CUST_1007,2024-04-10,Business Plan,Partnership,835.5,268.56,Completed
ORD_9768,CUST_227,2024-01-13,Add-on,Google Search,1103.75,415.6,Completed
ORD_9769,CUST_921,2024-05-28,Add-on,LinkedIn,1190.29,201.88,Completed
ORD_9770,CUST_84,2024-02-02,Pro Plan,Partnership,558.32,250.63,Completed
ORD_9771,CUST_79,2024-07-03,Basic Plan,LinkedIn,140.82,48.18,Completed
ORD_9772,CUST_175,2024-04-13,Onboarding,Google Search,861.28,198.53,Completed
ORD_9773,CUST_515,2024-08-03,Pro Plan,LinkedIn,930.53,218.36,Completed
ORD_9774,CUST_560,2024-05-02,Business Plan,Partnership,262.06,43.64,Completed
ORD_9775,CUST_1377,2024-09-14,Basic Plan,Instagram,1023.78,291.73,Refunded
ORD_9776,CUST_915,2025-06-23,Pro Plan,Google Search,65.74,19.17,Completed
ORD_9777,CUST_1173,2025-03-29,Pro Plan,Google Search,88.46,15.65,Refunded
ORD_9778,CUST_1128,2024-12-19,Business Plan,LinkedIn,480.74,208.99,Completed
ORD_9779,CUST_837,2025-01-09,Add-on,Partnership,1082.79,413.83,Completed
ORD_9780,CUST_1283,2025-01-21,Enterprise Plan,LinkedIn,692.38,269.11,Completed
ORD_9781,CUST_1104,2024-01-09,Pro Plan,Partnership,595.43,133.39,Completed
ORD_9782,CUST_1204,2024-05-06,Basic Plan,LinkedIn,308.18,62.33,Completed
ORD_9783,CUST_538,2025-05-16,Basic Plan,Partnership,419.3,179.39,Completed
ORD_9784,CUST_920,2025-02-28,Basic Plan,Google Search,770.33,129.58,Completed
ORD_9785,CUST_1329,2025-03-21,Basic Plan,LinkedIn,726.9,189.55,Completed
ORD_9786,CUST_1334,2025-04-07,Enterprise Plan,TikTok,1033.28,243.99,Completed
ORD_9787,CUST_763,2024-02-25,Business Plan,Referral,589.79,229.79,Completed
ORD_9788,CUST_1088,2024-11-11,Onboarding,Google Search,819.88,308.87,Cancelled
ORD_9789,CUST_465,2025-06-06,Enterprise Plan,Instagram,861.79,138.74,Cancelled
ORD_9790,CUST_173,2025-04-23,Basic Plan,Google Search,236.72,58.15,Completed
ORD_9791,CUST_386,2025-06-07,Enterprise Plan,LinkedIn,313.31,79.97,Completed
ORD_9792,CUST_686,2024-08-26,Pro Plan,Google Search,927.07,235.37,Completed
ORD_9793,CUST_845,2024-10-02,Enterprise Plan,Partnership,1087.69,220.95,Completed
ORD_9794,CUST_753,2024-02-07,Basic Plan,LinkedIn,220.2,37.33,Completed
ORD_9795,CUST_1448,2025-03-11,Basic Plan,Referral,774.43,182.9,Completed
ORD_9796,CUST_699,2024-06-22,Pro Plan,Instagram,1110.25,365.73,Completed
ORD_9797,CUST_1241,2024-08-07,Pro Plan,Google Search,150.01,42.09,Completed
ORD_9798,CUST_123,2024-10-30,Business Plan,LinkedIn,747.05,154.0,Completed
ORD_9799,CUST_1176,2025-01-14,Pro Plan,Partnership,948.41,238.68,Completed
ORD_9800,CUST_1023,2025-01-19,Pro Plan,LinkedIn,758.26,179.85,Completed
ORD_9801,CUST_1048,2024-07-28,Basic Plan,Google Search,174.28,70.97,Completed
ORD_9802,CUST_1483,2024-12-14,Basic Plan,Partnership,991.38,360.96,Completed
ORD_9803,CUST_1368,2024-05-21,Onboarding,LinkedIn,800.87,172.99,Completed
ORD_9804,CUST_1475,2024-11-12,Pro Plan,Partnership,795.18,170.85,Completed
ORD_9805,CUST_1145,2025-05-23,Pro Plan,LinkedIn,854.63,133.05,Completed
ORD_9806,CUST_463,2024-12-24,Basic Plan,Google Search,735.87,111.45,Completed
ORD_9807,CUST_949,2025-04-23,Basic Plan,LinkedIn,667.22,271.5,Refunded
ORD_9808,CUST_1219,2024-04-16,Basic Plan,LinkedIn,1129.41,394.13,Completed
ORD_9809,CUST_1190,2024-08-17,Basic Plan,LinkedIn,821.97,203.71,Completed
ORD_9810,CUST_49,2024-03-22,Onboarding,LinkedIn,498.28,146.01,Completed
ORD_9811,CUST_1108,2025-01-02,Basic Plan,Partnership,404.02,61.92,Completed
ORD_9812,CUST_1407,2024-06-22,Basic Plan,Referral,1122.67,300.37,Completed
ORD_9813,CUST_158,2025-05-06,Pro Plan,LinkedIn,1168.44,448.95,Completed
ORD_9814,CUST_758,2025-01-17,Business Plan,Google Search,603.1,181.4,Completed
ORD_9815,CUST_1279,2024-01-16,Onboarding,LinkedIn,985.72,320.43,Completed
ORD_9816,CUST_1165,2024-08-24,Business Plan,LinkedIn,539.45,238.09,Completed
ORD_9817,CUST_1101,2025-01-14,Pro Plan,Google Search,616.26,255.64,Completed
ORD_9818,CUST_76,2024-09-03,Premium Support,LinkedIn,529.84,143.52,Refunded
ORD_9819,CUST_269,2024-09-08,Basic Plan,Instagram,1048.9,319.27,Cancelled
ORD_9820,CUST_410,2024-03-06,Business Plan,Google Search,593.16,138.38,Completed
ORD_9821,CUST_764,2025-03-25,Premium Support,Google Search,784.92,265.52,Completed
ORD_9822,CUST_591,2024-03-17,Enterprise Plan,Google Search,1171.02,356.01,Refunded
ORD_9823,CUST_1161,2025-06-23,Basic Plan,LinkedIn,298.63,61.87,Completed
ORD_9824,CUST_904,2024-07-07,Pro Plan,LinkedIn,968.51,397.47,Completed
ORD_9825,CUST_252,2024-08-07,Add-on,Google Search,406.98,97.98,Completed
ORD_9826,CUST_632,2025-01-20,Business Plan,LinkedIn,900.07,252.77,Completed
ORD_9827,CUST_583,2024-08-02,Enterprise Plan,Instagram,139.17,50.85,Completed
ORD_9828,CUST_706,2024-08-13,Business Plan,LinkedIn,252.52,71.44,Completed
ORD_9829,CUST_538,2024-02-12,Onboarding,Partnership,979.63,420.07,Completed
ORD_9830,CUST_276,2025-06-30,Pro Plan,Google Search,409.94,63.83,Completed
ORD_9831,CUST_389,2024-10-31,Business Plan,Google Search,340.23,78.78,Completed
ORD_9832,CUST_697,2025-01-04,Basic Plan,TikTok,978.76,218.55,Completed
ORD_9833,CUST_555,2025-03-04,Basic Plan,Google Search,252.57,65.89,Completed
ORD_9834,CUST_1140,2025-04-26,Basic Plan,LinkedIn,508.13,141.86,Completed
ORD_9835,CUST_905,2025-06-25,Basic Plan,Partnership,243.73,107.9,Completed
ORD_9836,CUST_493,2024-01-25,Enterprise Plan,Partnership,599.33,193.46,Completed
ORD_9837,CUST_1269,2024-08-16,Basic Plan,Partnership,475.83,183.32,Completed
ORD_9838,CUST_429,2025-02-08,Basic Plan,Google Search,1158.88,491.75,Refunded
ORD_9839,CUST_1159,2024-10-23,Add-on,Google Search,699.27,243.4,Completed
ORD_9840,CUST_1232,2025-03-02,Business Plan,Partnership,39.78,7.43,Refunded
ORD_9841,CUST_1270,2024-10-04,Basic Plan,Partnership,424.35,91.44,Completed
ORD_9842,CUST_207,2024-06-20,Basic Plan,Partnership,801.25,139.94,Completed
ORD_9843,CUST_1181,2024-05-22,Business Plan,Instagram,601.49,247.78,Completed
ORD_9844,CUST_1241,2024-01-12,Premium Support,Google Search,1061.54,288.28,Completed
ORD_9845,CUST_353,2024-06-14,Enterprise Plan,TikTok,1169.14,222.21,Refunded
ORD_9846,CUST_467,2025-04-24,Basic Plan,LinkedIn,423.77,74.91,Completed
ORD_9847,CUST_1159,2024-09-16,Basic Plan,Google Search,575.18,169.12,Refunded
ORD_9848,CUST_943,2024-03-03,Onboarding,Google Search,635.3,218.31,Cancelled
ORD_9849,CUST_590,2024-09-04,Enterprise Plan,LinkedIn,473.12,166.34,Completed
ORD_9850,CUST_993,2024-01-05,Business Plan,LinkedIn,963.23,357.04,Completed
ORD_9851,CUST_5,2024-12-14,Business Plan,LinkedIn,164.2,59.16,Completed
ORD_9852,CUST_1373,2024-12-15,Add-on,LinkedIn,993.2,327.82,Completed
ORD_9853,CUST_723,2024-06-11,Pro Plan,Partnership,973.01,157.35,Completed
ORD_9854,CUST_1448,2025-04-20,Premium Support,Referral,178.55,38.88,Completed
ORD_9855,CUST_1076,2024-12-23,Basic Plan,Google Search,137.83,29.99,Completed
ORD_9856,CUST_30,2024-01-13,Business Plan,Partnership,367.0,140.59,Completed
ORD_9857,CUST_93,2024-07-17,Basic Plan,Google Search,1095.38,302.3,Completed
ORD_9858,CUST_819,2025-06-19,Pro Plan,Partnership,571.14,204.77,Completed
ORD_9859,CUST_706,2025-02-14,Basic Plan,LinkedIn,1113.08,178.21,Completed
ORD_9860,CUST_555,2024-01-12,Pro Plan,Google Search,503.57,79.05,Completed
ORD_9861,CUST_1229,2024-10-10,Onboarding,Instagram,503.92,95.1,Completed
ORD_9862,CUST_918,2024-10-16,Business Plan,LinkedIn,587.54,173.7,Completed
ORD_9863,CUST_68,2024-10-08,Pro Plan,Google Search,371.88,114.76,Completed
ORD_9864,CUST_62,2025-04-07,Business Plan,Partnership,414.85,75.45,Completed
ORD_9865,CUST_691,2024-01-12,Basic Plan,Google Search,816.39,199.69,Completed
ORD_9866,CUST_147,2024-11-29,Basic Plan,LinkedIn,923.59,152.84,Completed
ORD_9867,CUST_280,2024-11-08,Basic Plan,Partnership,1130.12,363.09,Completed
ORD_9868,CUST_772,2024-08-25,Basic Plan,Partnership,23.77,3.97,Cancelled
ORD_9869,CUST_1361,2024-04-20,Pro Plan,LinkedIn,745.74,116.98,Completed
ORD_9870,CUST_693,2024-01-30,Pro Plan,Partnership,513.72,213.51,Completed
ORD_9871,CUST_1438,2024-01-30,Add-on,LinkedIn,483.73,91.12,Completed
ORD_9872,CUST_114,2025-05-28,Basic Plan,LinkedIn,749.19,297.54,Completed
ORD_9873,CUST_1269,2025-05-24,Business Plan,Partnership,990.5,430.11,Completed
ORD_9874,CUST_1079,2025-01-22,Basic Plan,Instagram,739.78,316.29,Completed
ORD_9875,CUST_894,2025-01-20,Basic Plan,Google Search,309.7,62.6,Completed
ORD_9876,CUST_783,2025-02-11,Pro Plan,LinkedIn,315.12,99.97,Completed
ORD_9877,CUST_441,2024-02-11,Pro Plan,LinkedIn,831.05,187.43,Cancelled
ORD_9878,CUST_1067,2025-06-27,Pro Plan,LinkedIn,1096.88,190.06,Completed
ORD_9879,CUST_714,2024-02-28,Pro Plan,LinkedIn,435.87,99.84,Refunded
ORD_9880,CUST_723,2024-06-17,Onboarding,Partnership,641.17,176.42,Completed
ORD_9881,CUST_280,2024-06-30,Pro Plan,Partnership,895.95,281.15,Completed
ORD_9882,CUST_485,2024-11-22,Pro Plan,Google Search,784.41,118.23,Refunded
ORD_9883,CUST_971,2024-12-11,Enterprise Plan,Google Search,155.1,44.14,Completed
ORD_9884,CUST_319,2024-03-13,Basic Plan,LinkedIn,90.55,25.15,Completed
ORD_9885,CUST_539,2024-09-04,Basic Plan,Google Search,646.51,178.7,Completed
ORD_9886,CUST_822,2025-04-16,Business Plan,Instagram,977.79,189.39,Completed
ORD_9887,CUST_15,2025-03-11,Pro Plan,Google Search,1156.16,242.12,Completed
ORD_9888,CUST_1222,2024-10-29,Pro Plan,LinkedIn,1120.96,409.02,Completed
ORD_9889,CUST_418,2025-01-05,Pro Plan,Google Search,127.46,46.93,Completed
ORD_9890,CUST_1297,2025-01-02,Business Plan,Google Search,1047.85,280.58,Completed
ORD_9891,CUST_411,2024-09-17,Business Plan,Google Search,1193.5,200.22,Completed
ORD_9892,CUST_1222,2025-06-18,Business Plan,LinkedIn,1046.01,177.79,Completed
ORD_9893,CUST_1167,2024-11-22,Add-on,LinkedIn,444.35,196.45,Completed
ORD_9894,CUST_93,2024-01-15,Basic Plan,Google Search,63.89,26.52,Completed
ORD_9895,CUST_944,2024-02-01,Basic Plan,Partnership,961.46,322.17,Completed
ORD_9896,CUST_628,2024-10-23,Onboarding,Instagram,459.67,106.9,Completed
ORD_9897,CUST_878,2024-06-26,Pro Plan,Google Search,304.5,103.25,Completed
ORD_9898,CUST_362,2024-11-10,Add-on,LinkedIn,319.28,99.81,Completed
ORD_9899,CUST_1315,2024-08-27,Basic Plan,Google Search,606.33,176.76,Completed
ORD_9900,CUST_870,2024-01-28,Basic Plan,Referral,874.99,322.43,Completed
ORD_9901,CUST_1401,2025-04-16,Onboarding,LinkedIn,852.95,364.82,Completed
ORD_9902,CUST_2,2025-06-10,Basic Plan,Google Search,818.28,367.28,Completed
ORD_9903,CUST_1357,2024-09-12,Basic Plan,Google Search,860.4,379.08,Completed
ORD_9904,CUST_112,2024-10-19,Pro Plan,Google Search,138.21,54.17,Completed
ORD_9905,CUST_1325,2024-02-02,Onboarding,Google Search,736.69,195.11,Completed
ORD_9906,CUST_1333,2025-01-09,Pro Plan,LinkedIn,990.97,418.44,Completed
ORD_9907,CUST_886,2024-12-08,Onboarding,Instagram,152.98,44.6,Completed
ORD_9908,CUST_1034,2024-09-29,Business Plan,Google Search,449.68,131.86,Completed
ORD_9909,CUST_879,2024-08-22,Basic Plan,Partnership,609.74,256.35,Completed
ORD_9910,CUST_1280,2024-09-25,Basic Plan,Google Search,355.64,94.83,Completed
ORD_9911,CUST_264,2024-12-08,Pro Plan,LinkedIn,725.36,175.22,Cancelled
ORD_9912,CUST_814,2025-04-23,Pro Plan,LinkedIn,673.9,161.83,Completed
ORD_9913,CUST_230,2024-03-01,Pro Plan,LinkedIn,74.48,23.43,Completed
ORD_9914,CUST_1082,2024-03-05,Business Plan,LinkedIn,148.65,58.13,Completed
ORD_9915,CUST_545,2024-07-28,Pro Plan,Google Search,188.77,29.03,Completed
ORD_9916,CUST_224,2024-03-24,Pro Plan,Google Search,261.11,97.56,Completed
ORD_9917,CUST_1058,2024-02-21,Business Plan,Instagram,1158.83,427.12,Completed
ORD_9918,CUST_266,2024-07-06,Enterprise Plan,Google Search,1116.39,451.84,Completed
ORD_9919,CUST_11,2024-12-26,Business Plan,Google Search,470.98,195.21,Completed
ORD_9920,CUST_946,2025-03-28,Premium Support,Google Search,193.51,74.17,Completed
ORD_9921,CUST_216,2024-05-12,Basic Plan,Google Search,955.24,347.12,Completed
ORD_9922,CUST_1051,2024-12-01,Basic Plan,LinkedIn,995.65,206.18,Completed
ORD_9923,CUST_1432,2024-02-24,Basic Plan,LinkedIn,745.22,277.88,Refunded
ORD_9924,CUST_1369,2024-04-19,Basic Plan,Instagram,203.71,79.63,Completed
ORD_9925,CUST_1186,2024-11-30,Enterprise Plan,TikTok,113.51,30.86,Completed
ORD_9926,CUST_729,2024-10-08,Pro Plan,Google Search,589.09,194.1,Completed
ORD_9927,CUST_1402,2024-08-22,Enterprise Plan,LinkedIn,348.06,134.17,Completed
ORD_9928,CUST_1256,2024-07-10,Business Plan,LinkedIn,115.65,40.96,Completed
ORD_9929,CUST_396,2024-06-24,Enterprise Plan,LinkedIn,720.42,283.66,Completed
ORD_9930,CUST_1483,2024-09-01,Basic Plan,Partnership,382.22,141.14,Completed
ORD_9931,CUST_1462,2025-02-14,Business Plan,LinkedIn,87.81,31.9,Completed
ORD_9932,CUST_984,2024-10-22,Business Plan,Google Search,645.13,136.31,Completed
ORD_9933,CUST_348,2024-01-25,Pro Plan,Google Search,1152.0,338.9,Completed
ORD_9934,CUST_479,2024-02-13,Enterprise Plan,LinkedIn,996.22,387.18,Completed
ORD_9935,CUST_1041,2024-04-10,Business Plan,Google Search,22.42,5.97,Cancelled
ORD_9936,CUST_1201,2024-05-07,Add-on,LinkedIn,331.15,109.48,Completed
ORD_9937,CUST_534,2024-01-24,Basic Plan,LinkedIn,778.22,248.73,Completed
ORD_9938,CUST_1437,2024-07-24,Premium Support,LinkedIn,552.31,237.64,Completed
ORD_9939,CUST_1278,2024-12-25,Basic Plan,Google Search,357.14,130.83,Completed
ORD_9940,CUST_506,2025-05-10,Basic Plan,Google Search,326.97,61.24,Completed
ORD_9941,CUST_755,2024-05-11,Add-on,Partnership,516.09,226.99,Cancelled
ORD_9942,CUST_714,2025-03-14,Basic Plan,LinkedIn,567.48,125.88,Completed
ORD_9943,CUST_649,2025-05-01,Pro Plan,Partnership,1191.97,407.36,Completed
ORD_9944,CUST_906,2024-07-03,Pro Plan,Referral,1111.0,245.8,Completed
ORD_9945,CUST_524,2025-01-21,Basic Plan,LinkedIn,866.09,323.47,Completed
ORD_9946,CUST_556,2024-11-17,Onboarding,LinkedIn,606.29,137.5,Completed
ORD_9947,CUST_1263,2025-06-04,Onboarding,Event Walk-in,116.66,44.34,Completed
ORD_9948,CUST_388,2025-02-12,Enterprise Plan,Instagram,728.86,152.36,Completed
ORD_9949,CUST_475,2025-01-09,Basic Plan,Partnership,771.73,281.49,Completed
ORD_9950,CUST_999,2024-01-17,Basic Plan,LinkedIn,1146.86,205.12,Completed
ORD_9951,CUST_385,2024-12-30,Basic Plan,LinkedIn,1163.62,326.31,Refunded
ORD_9952,CUST_267,2024-02-23,Basic Plan,Instagram,608.4,165.21,Refunded
ORD_9953,CUST_802,2024-06-23,Basic Plan,LinkedIn,477.78,72.64,Completed
ORD_9954,CUST_1307,2024-01-15,Basic Plan,Referral,953.11,306.11,Completed
ORD_9955,CUST_1363,2024-10-19,Business Plan,Instagram,1069.67,237.1,Completed
ORD_9956,CUST_905,2025-03-07,Business Plan,Partnership,1104.39,317.49,Completed
ORD_9957,CUST_651,2025-04-13,Basic Plan,LinkedIn,1024.28,206.68,Completed
ORD_9958,CUST_808,2024-11-21,Add-on,Google Search,1004.03,349.15,Completed
ORD_9959,CUST_918,2024-06-30,Premium Support,LinkedIn,553.54,144.71,Refunded
ORD_9960,CUST_1369,2024-03-20,Basic Plan,Instagram,29.25,5.24,Completed
ORD_9961,CUST_1118,2024-11-01,Enterprise Plan,TikTok,235.78,63.82,Completed
ORD_9962,CUST_616,2025-01-06,Basic Plan,LinkedIn,326.01,50.67,Refunded
ORD_9963,CUST_479,2024-06-08,Add-on,LinkedIn,1139.84,340.24,Completed
ORD_9964,CUST_789,2025-03-31,Onboarding,Partnership,329.3,88.56,Completed
ORD_9965,CUST_566,2024-07-17,Basic Plan,Google Search,521.11,194.7,Completed
ORD_9966,CUST_18,2025-03-19,Basic Plan,LinkedIn,329.27,81.19,Completed
ORD_9967,CUST_766,2024-12-16,Basic Plan,Partnership,767.32,336.27,Completed
ORD_9968,CUST_766,2025-01-30,Business Plan,Partnership,274.79,54.72,Completed
ORD_9969,CUST_675,2024-12-16,Basic Plan,LinkedIn,860.87,195.6,Cancelled
ORD_9970,CUST_780,2024-02-23,Onboarding,LinkedIn,884.5,175.73,Completed
ORD_9971,CUST_1140,2024-11-27,Business Plan,LinkedIn,609.73,197.38,Completed
ORD_9972,CUST_546,2024-10-18,Basic Plan,LinkedIn,58.16,19.8,Completed
ORD_9973,CUST_720,2024-12-26,Add-on,Google Search,265.71,50.69,Refunded
ORD_9974,CUST_204,2024-09-15,Business Plan,LinkedIn,542.67,154.52,Completed
ORD_9975,CUST_361,2025-05-09,Pro Plan,Google Search,319.03,139.01,Completed
ORD_9976,CUST_419,2025-06-04,Pro Plan,Event Walk-in,243.26,90.91,Completed
ORD_9977,CUST_887,2025-01-04,Onboarding,Google Search,1016.58,215.32,Completed
ORD_9978,CUST_28,2025-06-29,Business Plan,LinkedIn,481.2,204.71,Completed
ORD_9979,CUST_1440,2025-04-11,Pro Plan,Google Search,585.05,186.29,Completed
ORD_9980,CUST_296,2024-05-13,Pro Plan,Google Search,648.39,278.54,Completed
ORD_9981,CUST_965,2025-06-14,Basic Plan,Google Search,713.85,280.88,Completed
ORD_9982,CUST_1455,2024-06-23,Basic Plan,LinkedIn,633.5,128.99,Cancelled
ORD_9983,CUST_183,2024-02-22,Business Plan,LinkedIn,683.32,161.88,Completed
ORD_9984,CUST_1267,2025-01-27,Enterprise Plan,Google Search,388.08,94.44,Completed
ORD_9985,CUST_1421,2024-05-25,Business Plan,LinkedIn,810.03,192.87,Refunded
ORD_9986,CUST_1080,2025-05-04,Basic Plan,Partnership,962.05,183.25,Completed
ORD_9987,CUST_251,2024-07-10,Pro Plan,LinkedIn,612.74,240.83,Completed
ORD_9988,CUST_938,2024-09-18,Onboarding,Google Search,1084.85,290.29,Completed
ORD_9989,CUST_828,2024-09-09,Add-on,Google Search,1105.53,445.65,Refunded
ORD_9990,CUST_465,2025-05-20,Pro Plan,Instagram,60.6,20.45,Completed
ORD_9991,CUST_331,2024-06-19,Enterprise Plan,LinkedIn,125.71,36.51,Completed
ORD_9992,CUST_537,2024-10-14,Pro Plan,Google Search,238.1,94.2,Completed
ORD_9993,CUST_1228,2024-01-29,Pro Plan,Google Search,874.76,246.36,Completed
ORD_9994,CUST_188,2025-03-16,Business Plan,LinkedIn,945.39,247.38,Completed
ORD_9995,CUST_1243,2024-11-19,Pro Plan,Google Search,825.48,313.44,Completed
ORD_9996,CUST_903,2025-05-09,Add-on,Partnership,628.51,203.86,Completed
ORD_9997,CUST_1100,2025-03-12,Basic Plan,Referral,829.66,295.93,Refunded
ORD_9998,CUST_795,2024-06-28,Business Plan,LinkedIn,947.94,168.3,Completed
ORD_9999,CUST_1386,2024-07-04,Basic Plan,LinkedIn,414.46,142.22,Completed
ORD_10000,CUST_539,2024-11-16,Basic Plan,Google Search,257.44,40.27,Completed
