feedback_id,customer_id,date,score,complaint_category,comment
FB_1,CUST_204,2024-10-20,3,Communication,Très bon accompagnement client.
FB_2,CUST_524,2024-05-29,4,Aucune plainte,Le support a répondu rapidement.
FB_3,CUST_1348,2024-08-02,1,Prix,La plateforme aide vraiment au pilotage.
FB_4,CUST_1324,2024-04-02,3,Support client,Le prix est élevé pour une petite équipe.
FB_5,CUST_1424,2024-08-12,5,Aucune plainte,Le support a répondu rapidement.
FB_6,CUST_189,2024-12-06,5,Organisation,L’outil est simple à utiliser.
FB_7,CUST_1495,2025-05-16,3,Aucune plainte,Le support a répondu rapidement.
FB_8,CUST_273,2025-03-14,1,Support client,Les fonctionnalités sont utiles.
FB_9,CUST_15,2024-11-04,3,Communication,L’outil est simple à utiliser.
FB_10,CUST_331,2024-08-09,1,Communication,Le support a répondu rapidement.
FB_11,CUST_1081,2024-08-19,4,Communication,L’outil est simple à utiliser.
FB_12,CUST_1314,2024-06-24,2,Aucune plainte,La configuration initiale est un peu longue.
FB_13,CUST_870,2024-10-08,1,Réservation,La documentation pourrait être plus claire.
FB_14,CUST_1374,2024-11-05,4,Support client,Le prix est élevé pour une petite équipe.
FB_15,CUST_1001,2024-07-25,2,Prix,Interface claire.
FB_16,CUST_76,2024-10-30,5,Organisation,Très bon accompagnement client.
FB_17,CUST_160,2024-12-11,2,Communication,Interface claire.
FB_18,CUST_804,2024-07-26,1,Aucune plainte,La configuration initiale est un peu longue.
FB_19,CUST_1229,2024-03-06,3,Qualité service,Très bon accompagnement client.
FB_20,CUST_189,2024-04-14,5,Communication,Très bon accompagnement client.
FB_21,CUST_978,2025-02-05,2,Support client,Très bon accompagnement client.
FB_22,CUST_198,2024-05-23,1,Support client,Le prix est élevé pour une petite équipe.
FB_23,CUST_1378,2025-03-05,2,Prix,Les fonctionnalités sont utiles.
FB_24,CUST_145,2024-02-03,4,Réservation,La configuration initiale est un peu longue.
FB_25,CUST_1008,2024-05-25,1,Communication,Très bon accompagnement client.
FB_26,CUST_685,2024-11-03,5,Réservation,Les fonctionnalités sont utiles.
FB_27,CUST_254,2025-04-25,3,Qualité service,La plateforme aide vraiment au pilotage.
FB_28,CUST_170,2024-05-25,5,Organisation,Interface claire.
FB_29,CUST_169,2025-03-14,2,Qualité service,Les fonctionnalités sont utiles.
FB_30,CUST_624,2024-10-31,3,Support client,Très bon accompagnement client.
FB_31,CUST_1244,2025-04-20,3,Organisation,Le prix est élevé pour une petite équipe.
FB_32,CUST_975,2024-04-09,5,Communication,Quelques lenteurs observées.
FB_33,CUST_1275,2025-01-01,4,Qualité service,Le support a répondu rapidement.
FB_34,CUST_705,2024-07-16,5,Aucune plainte,L’outil est simple à utiliser.
FB_35,CUST_484,2024-01-27,4,Qualité service,La plateforme aide vraiment au pilotage.
FB_36,CUST_758,2024-10-18,5,Aucune plainte,La configuration initiale est un peu longue.
FB_37,CUST_650,2024-04-30,5,Support client,Les fonctionnalités sont utiles.
FB_38,CUST_621,2025-01-10,3,Aucune plainte,L’outil est simple à utiliser.
FB_39,CUST_717,2024-07-28,2,Prix,La plateforme aide vraiment au pilotage.
FB_40,CUST_1068,2024-12-23,2,Prix,La configuration initiale est un peu longue.
FB_41,CUST_676,2024-10-26,1,Qualité service,Le prix est élevé pour une petite équipe.
FB_42,CUST_292,2025-03-07,2,Support client,Le support a répondu rapidement.
FB_43,CUST_965,2024-10-09,4,Réservation,Le prix est élevé pour une petite équipe.
FB_44,CUST_183,2024-08-14,4,Communication,Le support a répondu rapidement.
FB_45,CUST_196,2024-03-20,1,Communication,La documentation pourrait être plus claire.
FB_46,CUST_54,2024-02-29,2,Aucune plainte,La plateforme aide vraiment au pilotage.
FB_47,CUST_125,2024-02-28,4,Aucune plainte,Quelques lenteurs observées.
FB_48,CUST_896,2024-01-14,5,Organisation,Quelques lenteurs observées.
FB_49,CUST_422,2025-06-05,4,Réservation,La configuration initiale est un peu longue.
FB_50,CUST_1464,2024-12-12,5,Réservation,Le support a répondu rapidement.
FB_51,CUST_563,2025-05-28,3,Réservation,Interface claire.
FB_52,CUST_1294,2025-04-29,5,Aucune plainte,La documentation pourrait être plus claire.
FB_53,CUST_1442,2024-11-13,4,Aucune plainte,L’outil est simple à utiliser.
FB_54,CUST_577,2025-01-29,1,Prix,Très bon accompagnement client.
FB_55,CUST_1277,2024-07-08,3,Qualité service,Le support a répondu rapidement.
FB_56,CUST_11,2025-04-12,5,Réservation,Très bon accompagnement client.
FB_57,CUST_1184,2024-02-21,3,Prix,Quelques lenteurs observées.
FB_58,CUST_434,2024-09-24,5,Aucune plainte,Le prix est élevé pour une petite équipe.
FB_59,CUST_1445,2024-07-03,5,Aucune plainte,La documentation pourrait être plus claire.
FB_60,CUST_1264,2025-04-28,2,Prix,Le prix est élevé pour une petite équipe.
FB_61,CUST_1340,2024-11-10,3,Prix,Interface claire.
FB_62,CUST_488,2024-12-12,1,Organisation,Très bon accompagnement client.
FB_63,CUST_1116,2025-01-27,4,Aucune plainte,La documentation pourrait être plus claire.
FB_64,CUST_1004,2024-01-28,5,Réservation,La documentation pourrait être plus claire.
FB_65,CUST_641,2025-04-12,1,Prix,Interface claire.
FB_66,CUST_1217,2024-09-21,3,Qualité service,La documentation pourrait être plus claire.
FB_67,CUST_204,2024-03-29,1,Support client,La documentation pourrait être plus claire.
FB_68,CUST_478,2024-02-05,3,Prix,La documentation pourrait être plus claire.
FB_69,CUST_1485,2024-05-10,1,Communication,Quelques lenteurs observées.
FB_70,CUST_1352,2025-06-27,3,Aucune plainte,La configuration initiale est un peu longue.
FB_71,CUST_746,2024-10-31,4,Organisation,Le prix est élevé pour une petite équipe.
FB_72,CUST_733,2025-03-26,2,Support client,La plateforme aide vraiment au pilotage.
FB_73,CUST_566,2024-02-01,3,Support client,Interface claire.
FB_74,CUST_1138,2024-04-14,4,Prix,Le support a répondu rapidement.
FB_75,CUST_1457,2024-08-12,2,Prix,La documentation pourrait être plus claire.
FB_76,CUST_278,2024-01-05,5,Prix,Le support a répondu rapidement.
FB_77,CUST_547,2024-04-25,5,Aucune plainte,Le support a répondu rapidement.
FB_78,CUST_840,2024-05-14,1,Organisation,La plateforme aide vraiment au pilotage.
FB_79,CUST_1428,2024-11-10,1,Communication,La plateforme aide vraiment au pilotage.
FB_80,CUST_337,2025-06-17,5,Communication,Les fonctionnalités sont utiles.
FB_81,CUST_65,2025-06-30,1,Prix,Le support a répondu rapidement.
FB_82,CUST_184,2025-06-08,2,Aucune plainte,Le support a répondu rapidement.
FB_83,CUST_730,2025-02-23,5,Prix,Quelques lenteurs observées.
FB_84,CUST_1369,2025-03-11,4,Organisation,L’outil est simple à utiliser.
FB_85,CUST_96,2024-06-15,1,Support client,Les fonctionnalités sont utiles.
FB_86,CUST_466,2024-12-09,4,Prix,La plateforme aide vraiment au pilotage.
FB_87,CUST_469,2024-02-04,3,Prix,Quelques lenteurs observées.
FB_88,CUST_774,2025-01-31,5,Qualité service,La plateforme aide vraiment au pilotage.
FB_89,CUST_78,2025-05-25,1,Aucune plainte,La plateforme aide vraiment au pilotage.
FB_90,CUST_1223,2024-07-17,1,Qualité service,Le prix est élevé pour une petite équipe.
FB_91,CUST_554,2025-03-23,2,Aucune plainte,La plateforme aide vraiment au pilotage.
FB_92,CUST_1493,2024-04-25,4,Réservation,Très bon accompagnement client.
FB_93,CUST_1273,2025-02-14,2,Qualité service,La plateforme aide vraiment au pilotage.
FB_94,CUST_1154,2025-06-21,5,Prix,Quelques lenteurs observées.
FB_95,CUST_1343,2025-02-08,3,Communication,Les fonctionnalités sont utiles.
FB_96,CUST_1190,2025-01-09,3,Qualité service,La plateforme aide vraiment au pilotage.
FB_97,CUST_678,2024-01-25,5,Prix,Les fonctionnalités sont utiles.
FB_98,CUST_593,2024-08-06,1,Qualité service,Quelques lenteurs observées.
FB_99,CUST_159,2024-01-03,1,Réservation,Les fonctionnalités sont utiles.
FB_100,CUST_904,2025-03-13,5,Support client,La documentation pourrait être plus claire.
FB_101,CUST_1315,2024-12-06,3,Réservation,L’outil est simple à utiliser.
FB_102,CUST_668,2024-01-14,4,Communication,L’outil est simple à utiliser.
FB_103,CUST_948,2024-03-11,5,Communication,Quelques lenteurs observées.
FB_104,CUST_1484,2025-02-06,4,Qualité service,Le prix est élevé pour une petite équipe.
FB_105,CUST_826,2024-12-19,2,Support client,Très bon accompagnement client.
FB_106,CUST_502,2025-03-12,4,Prix,Les fonctionnalités sont utiles.
FB_107,CUST_1310,2024-03-08,1,Organisation,La plateforme aide vraiment au pilotage.
FB_108,CUST_1122,2025-03-07,5,Organisation,Le prix est élevé pour une petite équipe.
FB_109,CUST_200,2024-12-15,5,Support client,Quelques lenteurs observées.
FB_110,CUST_236,2025-04-30,4,Prix,Très bon accompagnement client.
FB_111,CUST_907,2024-05-20,5,Prix,L’outil est simple à utiliser.
FB_112,CUST_415,2024-04-01,5,Prix,La documentation pourrait être plus claire.
FB_113,CUST_531,2024-06-27,4,Support client,La configuration initiale est un peu longue.
FB_114,CUST_720,2024-01-07,4,Prix,Le support a répondu rapidement.
FB_115,CUST_32,2025-05-19,5,Qualité service,Très bon accompagnement client.
FB_116,CUST_1100,2025-04-09,3,Prix,Très bon accompagnement client.
FB_117,CUST_1396,2024-12-10,5,Qualité service,L’outil est simple à utiliser.
FB_118,CUST_1393,2024-05-26,3,Organisation,Les fonctionnalités sont utiles.
FB_119,CUST_780,2024-01-04,2,Prix,Les fonctionnalités sont utiles.
FB_120,CUST_694,2024-08-11,3,Prix,La documentation pourrait être plus claire.
FB_121,CUST_1372,2025-06-25,2,Support client,Interface claire.
FB_122,CUST_1124,2024-11-17,2,Réservation,La configuration initiale est un peu longue.
FB_123,CUST_170,2024-10-13,3,Réservation,Très bon accompagnement client.
FB_124,CUST_1317,2024-04-27,2,Support client,La plateforme aide vraiment au pilotage.
FB_125,CUST_1131,2024-10-06,5,Qualité service,La documentation pourrait être plus claire.
FB_126,CUST_1374,2024-04-09,5,Aucune plainte,La documentation pourrait être plus claire.
FB_127,CUST_951,2024-03-14,2,Support client,La documentation pourrait être plus claire.
FB_128,CUST_616,2025-02-13,3,Aucune plainte,L’outil est simple à utiliser.
FB_129,CUST_291,2024-08-04,4,Qualité service,L’outil est simple à utiliser.
FB_130,CUST_1248,2024-02-12,2,Support client,Le support a répondu rapidement.
FB_131,CUST_798,2025-01-10,3,Organisation,Le prix est élevé pour une petite équipe.
FB_132,CUST_1359,2024-04-30,3,Réservation,Le prix est élevé pour une petite équipe.
FB_133,CUST_1417,2024-03-11,5,Organisation,Le prix est élevé pour une petite équipe.
FB_134,CUST_1411,2025-03-28,3,Réservation,Le support a répondu rapidement.
FB_135,CUST_568,2025-03-31,4,Support client,Quelques lenteurs observées.
FB_136,CUST_1426,2024-09-28,5,Réservation,La plateforme aide vraiment au pilotage.
FB_137,CUST_774,2024-02-23,5,Communication,L’outil est simple à utiliser.
FB_138,CUST_830,2025-05-19,3,Communication,Quelques lenteurs observées.
FB_139,CUST_1048,2024-05-25,4,Support client,L’outil est simple à utiliser.
FB_140,CUST_1364,2024-07-24,1,Organisation,Le prix est élevé pour une petite équipe.
FB_141,CUST_595,2024-10-31,5,Aucune plainte,Quelques lenteurs observées.
FB_142,CUST_970,2025-04-27,4,Aucune plainte,Interface claire.
FB_143,CUST_352,2024-12-10,1,Organisation,La configuration initiale est un peu longue.
FB_144,CUST_668,2025-02-02,2,Qualité service,La documentation pourrait être plus claire.
FB_145,CUST_701,2025-02-12,2,Support client,Les fonctionnalités sont utiles.
FB_146,CUST_438,2024-10-27,4,Organisation,Interface claire.
FB_147,CUST_977,2024-08-03,5,Prix,Très bon accompagnement client.
FB_148,CUST_1242,2024-11-11,3,Prix,Les fonctionnalités sont utiles.
FB_149,CUST_993,2024-12-28,4,Réservation,Le prix est élevé pour une petite équipe.
FB_150,CUST_903,2025-05-26,3,Support client,Quelques lenteurs observées.
FB_151,CUST_342,2025-04-10,5,Réservation,Interface claire.
FB_152,CUST_116,2025-06-08,3,Prix,La documentation pourrait être plus claire.
FB_153,CUST_425,2025-04-29,2,Organisation,La configuration initiale est un peu longue.
FB_154,CUST_1178,2025-02-24,5,Communication,La plateforme aide vraiment au pilotage.
FB_155,CUST_723,2025-01-31,5,Organisation,La configuration initiale est un peu longue.
FB_156,CUST_1395,2024-11-28,3,Prix,Quelques lenteurs observées.
FB_157,CUST_1146,2024-05-11,3,Communication,La plateforme aide vraiment au pilotage.
FB_158,CUST_1078,2024-08-13,3,Aucune plainte,L’outil est simple à utiliser.
FB_159,CUST_841,2024-10-05,4,Réservation,Le prix est élevé pour une petite équipe.
FB_160,CUST_514,2024-05-21,3,Communication,Les fonctionnalités sont utiles.
FB_161,CUST_150,2024-02-25,3,Aucune plainte,La plateforme aide vraiment au pilotage.
FB_162,CUST_955,2024-10-11,5,Communication,La plateforme aide vraiment au pilotage.
FB_163,CUST_1440,2024-08-15,3,Communication,La documentation pourrait être plus claire.
FB_164,CUST_394,2024-04-03,4,Organisation,L’outil est simple à utiliser.
FB_165,CUST_447,2024-08-05,5,Support client,Quelques lenteurs observées.
FB_166,CUST_573,2025-05-17,5,Communication,Très bon accompagnement client.
FB_167,CUST_576,2024-12-07,4,Support client,Les fonctionnalités sont utiles.
FB_168,CUST_1265,2024-01-03,3,Aucune plainte,La documentation pourrait être plus claire.
FB_169,CUST_1492,2024-10-08,1,Aucune plainte,Le support a répondu rapidement.
FB_170,CUST_458,2024-10-15,5,Réservation,Le prix est élevé pour une petite équipe.
FB_171,CUST_141,2024-09-19,5,Organisation,Les fonctionnalités sont utiles.
FB_172,CUST_188,2024-04-20,5,Organisation,La documentation pourrait être plus claire.
FB_173,CUST_578,2024-09-11,1,Qualité service,La configuration initiale est un peu longue.
FB_174,CUST_495,2024-04-10,5,Aucune plainte,Le prix est élevé pour une petite équipe.
FB_175,CUST_66,2025-03-07,3,Communication,La documentation pourrait être plus claire.
FB_176,CUST_885,2025-04-08,3,Communication,Le support a répondu rapidement.
FB_177,CUST_193,2025-04-03,5,Communication,L’outil est simple à utiliser.
FB_178,CUST_1244,2025-04-14,1,Réservation,L’outil est simple à utiliser.
FB_179,CUST_696,2024-03-06,5,Organisation,L’outil est simple à utiliser.
FB_180,CUST_401,2024-06-03,2,Prix,Très bon accompagnement client.
FB_181,CUST_1468,2025-04-02,2,Communication,La documentation pourrait être plus claire.
FB_182,CUST_562,2025-06-21,4,Qualité service,Très bon accompagnement client.
FB_183,CUST_1131,2024-12-15,3,Communication,La plateforme aide vraiment au pilotage.
FB_184,CUST_1159,2024-04-30,1,Qualité service,Quelques lenteurs observées.
FB_185,CUST_416,2024-06-10,4,Prix,La configuration initiale est un peu longue.
FB_186,CUST_1201,2024-09-23,5,Qualité service,L’outil est simple à utiliser.
FB_187,CUST_968,2024-10-25,2,Support client,Le prix est élevé pour une petite équipe.
FB_188,CUST_906,2024-04-30,4,Prix,Le prix est élevé pour une petite équipe.
FB_189,CUST_51,2024-08-15,3,Réservation,La plateforme aide vraiment au pilotage.
FB_190,CUST_993,2025-03-26,3,Communication,Les fonctionnalités sont utiles.
FB_191,CUST_1402,2025-05-31,1,Organisation,Le support a répondu rapidement.
FB_192,CUST_579,2024-08-07,1,Prix,Très bon accompagnement client.
FB_193,CUST_1466,2024-11-24,3,Communication,Le prix est élevé pour une petite équipe.
FB_194,CUST_18,2025-01-23,3,Aucune plainte,Les fonctionnalités sont utiles.
FB_195,CUST_1366,2024-06-11,3,Organisation,Le support a répondu rapidement.
FB_196,CUST_898,2024-06-26,1,Qualité service,Les fonctionnalités sont utiles.
FB_197,CUST_1099,2025-04-13,2,Support client,Très bon accompagnement client.
FB_198,CUST_498,2024-09-27,1,Aucune plainte,Très bon accompagnement client.
FB_199,CUST_748,2024-09-19,2,Réservation,La configuration initiale est un peu longue.
FB_200,CUST_909,2025-05-13,5,Prix,Quelques lenteurs observées.
FB_201,CUST_593,2025-02-12,3,Aucune plainte,Les fonctionnalités sont utiles.
FB_202,CUST_682,2024-06-29,3,Réservation,La plateforme aide vraiment au pilotage.
FB_203,CUST_1255,2024-12-29,1,Communication,Les fonctionnalités sont utiles.
FB_204,CUST_293,2024-01-21,5,Qualité service,L’outil est simple à utiliser.
FB_205,CUST_91,2024-07-29,5,Communication,Interface claire.
FB_206,CUST_495,2024-11-15,2,Prix,La configuration initiale est un peu longue.
FB_207,CUST_507,2024-07-14,3,Organisation,Le prix est élevé pour une petite équipe.
FB_208,CUST_641,2024-05-16,2,Aucune plainte,L’outil est simple à utiliser.
FB_209,CUST_124,2025-06-04,1,Qualité service,Interface claire.
FB_210,CUST_892,2024-05-27,5,Prix,Interface claire.
FB_211,CUST_1322,2025-03-25,1,Prix,Le prix est élevé pour une petite équipe.
FB_212,CUST_1269,2024-04-08,5,Communication,La configuration initiale est un peu longue.
FB_213,CUST_525,2024-03-30,2,Support client,L’outil est simple à utiliser.
FB_214,CUST_811,2025-01-26,2,Aucune plainte,Le prix est élevé pour une petite équipe.
FB_215,CUST_994,2024-07-04,1,Réservation,Le prix est élevé pour une petite équipe.
FB_216,CUST_1426,2024-04-27,1,Réservation,Quelques lenteurs observées.
FB_217,CUST_1126,2024-05-26,5,Réservation,Interface claire.
FB_218,CUST_797,2025-04-09,5,Aucune plainte,L’outil est simple à utiliser.
FB_219,CUST_1466,2025-02-26,5,Prix,La configuration initiale est un peu longue.
FB_220,CUST_1379,2024-03-02,3,Communication,Quelques lenteurs observées.
FB_221,CUST_700,2024-12-08,2,Organisation,Quelques lenteurs observées.
FB_222,CUST_790,2025-03-15,5,Organisation,L’outil est simple à utiliser.
FB_223,CUST_855,2024-01-16,5,Support client,Le prix est élevé pour une petite équipe.
FB_224,CUST_1458,2025-01-10,4,Prix,Le support a répondu rapidement.
FB_225,CUST_396,2024-03-27,2,Réservation,La documentation pourrait être plus claire.
FB_226,CUST_746,2024-04-26,2,Aucune plainte,Très bon accompagnement client.
FB_227,CUST_285,2024-09-28,2,Aucune plainte,Quelques lenteurs observées.
FB_228,CUST_445,2025-06-21,3,Réservation,Le prix est élevé pour une petite équipe.
FB_229,CUST_35,2024-01-15,3,Support client,Le support a répondu rapidement.
FB_230,CUST_374,2024-07-22,1,Réservation,La documentation pourrait être plus claire.
FB_231,CUST_973,2024-02-15,5,Aucune plainte,Les fonctionnalités sont utiles.
FB_232,CUST_1041,2024-03-21,5,Prix,Très bon accompagnement client.
FB_233,CUST_815,2024-12-03,1,Aucune plainte,L’outil est simple à utiliser.
FB_234,CUST_1379,2024-07-15,3,Organisation,Quelques lenteurs observées.
FB_235,CUST_452,2025-06-10,3,Support client,Le support a répondu rapidement.
FB_236,CUST_652,2024-04-09,2,Aucune plainte,Interface claire.
FB_237,CUST_1280,2024-06-29,1,Communication,L’outil est simple à utiliser.
FB_238,CUST_1220,2025-06-03,4,Organisation,Quelques lenteurs observées.
FB_239,CUST_1300,2025-02-04,5,Aucune plainte,Les fonctionnalités sont utiles.
FB_240,CUST_237,2024-06-12,3,Réservation,La configuration initiale est un peu longue.
FB_241,CUST_379,2025-02-03,5,Organisation,Interface claire.
FB_242,CUST_336,2024-05-30,1,Support client,Très bon accompagnement client.
FB_243,CUST_480,2024-11-01,2,Prix,La plateforme aide vraiment au pilotage.
FB_244,CUST_681,2025-04-18,2,Prix,Quelques lenteurs observées.
FB_245,CUST_1241,2025-03-22,3,Aucune plainte,Les fonctionnalités sont utiles.
FB_246,CUST_1015,2025-01-07,4,Réservation,Les fonctionnalités sont utiles.
FB_247,CUST_1178,2024-02-23,3,Prix,Très bon accompagnement client.
FB_248,CUST_1353,2024-05-20,4,Prix,Le support a répondu rapidement.
FB_249,CUST_143,2025-01-07,5,Organisation,La documentation pourrait être plus claire.
FB_250,CUST_184,2024-03-29,5,Aucune plainte,Le prix est élevé pour une petite équipe.
FB_251,CUST_251,2024-11-26,2,Prix,La documentation pourrait être plus claire.
FB_252,CUST_1004,2025-01-13,4,Communication,La plateforme aide vraiment au pilotage.
FB_253,CUST_1293,2025-06-13,1,Organisation,Le prix est élevé pour une petite équipe.
FB_254,CUST_395,2025-05-06,3,Réservation,La plateforme aide vraiment au pilotage.
FB_255,CUST_286,2024-07-14,2,Communication,La documentation pourrait être plus claire.
FB_256,CUST_711,2024-08-17,3,Qualité service,La plateforme aide vraiment au pilotage.
FB_257,CUST_615,2024-05-08,1,Organisation,Quelques lenteurs observées.
FB_258,CUST_1456,2024-11-03,3,Support client,Quelques lenteurs observées.
FB_259,CUST_444,2024-09-23,1,Organisation,Le prix est élevé pour une petite équipe.
FB_260,CUST_1090,2024-05-18,2,Communication,Le support a répondu rapidement.
FB_261,CUST_797,2025-02-07,1,Support client,Le support a répondu rapidement.
FB_262,CUST_1273,2024-03-05,2,Communication,La documentation pourrait être plus claire.
FB_263,CUST_444,2024-06-30,2,Organisation,L’outil est simple à utiliser.
FB_264,CUST_493,2024-07-12,3,Organisation,L’outil est simple à utiliser.
FB_265,CUST_1458,2024-11-26,3,Aucune plainte,L’outil est simple à utiliser.
FB_266,CUST_799,2024-07-06,5,Prix,La configuration initiale est un peu longue.
FB_267,CUST_1167,2025-02-02,2,Prix,Interface claire.
FB_268,CUST_1050,2024-01-23,5,Support client,Très bon accompagnement client.
FB_269,CUST_1119,2024-11-16,3,Réservation,Le support a répondu rapidement.
FB_270,CUST_999,2025-05-15,1,Communication,La plateforme aide vraiment au pilotage.
FB_271,CUST_1083,2024-07-11,5,Réservation,Très bon accompagnement client.
FB_272,CUST_325,2024-03-29,4,Communication,La documentation pourrait être plus claire.
FB_273,CUST_852,2024-09-08,2,Organisation,Le prix est élevé pour une petite équipe.
FB_274,CUST_1492,2025-04-02,4,Prix,La documentation pourrait être plus claire.
FB_275,CUST_17,2024-12-04,3,Qualité service,Les fonctionnalités sont utiles.
FB_276,CUST_1331,2024-06-04,5,Réservation,Très bon accompagnement client.
FB_277,CUST_55,2025-05-06,2,Support client,Quelques lenteurs observées.
FB_278,CUST_1062,2024-08-23,5,Communication,Interface claire.
FB_279,CUST_1082,2024-01-26,5,Prix,Très bon accompagnement client.
FB_280,CUST_1083,2024-10-11,5,Aucune plainte,Interface claire.
FB_281,CUST_1319,2025-02-02,5,Organisation,Les fonctionnalités sont utiles.
FB_282,CUST_288,2024-07-14,4,Organisation,Très bon accompagnement client.
FB_283,CUST_1292,2024-11-25,4,Support client,Le support a répondu rapidement.
FB_284,CUST_435,2024-10-23,2,Aucune plainte,Très bon accompagnement client.
FB_285,CUST_733,2024-08-26,2,Réservation,L’outil est simple à utiliser.
FB_286,CUST_812,2025-02-10,5,Prix,Quelques lenteurs observées.
FB_287,CUST_1260,2024-09-09,5,Prix,Quelques lenteurs observées.
FB_288,CUST_1325,2024-07-30,3,Aucune plainte,Très bon accompagnement client.
FB_289,CUST_738,2024-12-11,3,Aucune plainte,L’outil est simple à utiliser.
FB_290,CUST_861,2024-07-30,2,Prix,L’outil est simple à utiliser.
FB_291,CUST_134,2024-05-31,4,Prix,Quelques lenteurs observées.
FB_292,CUST_917,2024-09-26,5,Communication,Interface claire.
FB_293,CUST_467,2024-12-21,3,Qualité service,La plateforme aide vraiment au pilotage.
FB_294,CUST_1179,2024-03-17,2,Qualité service,La documentation pourrait être plus claire.
FB_295,CUST_121,2024-09-24,2,Aucune plainte,Le support a répondu rapidement.
FB_296,CUST_1370,2025-01-15,1,Prix,Les fonctionnalités sont utiles.
FB_297,CUST_1234,2024-10-02,2,Aucune plainte,Le prix est élevé pour une petite équipe.
FB_298,CUST_515,2024-08-09,5,Qualité service,Très bon accompagnement client.
FB_299,CUST_1383,2025-03-18,1,Organisation,Très bon accompagnement client.
FB_300,CUST_896,2025-06-05,4,Prix,Le prix est élevé pour une petite équipe.
FB_301,CUST_739,2024-11-19,2,Communication,La configuration initiale est un peu longue.
FB_302,CUST_127,2024-07-05,1,Aucune plainte,La documentation pourrait être plus claire.
FB_303,CUST_1300,2024-07-24,1,Communication,Le support a répondu rapidement.
FB_304,CUST_23,2024-10-10,3,Réservation,Interface claire.
FB_305,CUST_329,2025-05-03,4,Support client,La configuration initiale est un peu longue.
FB_306,CUST_291,2025-02-10,3,Qualité service,Le prix est élevé pour une petite équipe.
FB_307,CUST_832,2025-04-15,4,Support client,Interface claire.
FB_308,CUST_1114,2025-03-25,3,Communication,Très bon accompagnement client.
FB_309,CUST_570,2025-01-25,4,Prix,La documentation pourrait être plus claire.
FB_310,CUST_389,2025-03-19,5,Support client,Quelques lenteurs observées.
FB_311,CUST_68,2024-02-15,1,Support client,Le prix est élevé pour une petite équipe.
FB_312,CUST_960,2024-08-01,2,Support client,La plateforme aide vraiment au pilotage.
FB_313,CUST_904,2024-09-13,5,Qualité service,La plateforme aide vraiment au pilotage.
FB_314,CUST_767,2024-07-27,4,Organisation,Le support a répondu rapidement.
FB_315,CUST_1060,2024-11-12,1,Prix,Interface claire.
FB_316,CUST_1156,2024-03-03,2,Aucune plainte,Quelques lenteurs observées.
FB_317,CUST_166,2025-05-13,4,Organisation,Le prix est élevé pour une petite équipe.
FB_318,CUST_960,2024-10-18,3,Communication,Le prix est élevé pour une petite équipe.
FB_319,CUST_179,2025-02-12,5,Aucune plainte,Les fonctionnalités sont utiles.
FB_320,CUST_1253,2025-03-26,2,Communication,Très bon accompagnement client.
FB_321,CUST_576,2025-02-08,3,Support client,La documentation pourrait être plus claire.
FB_322,CUST_154,2024-04-29,3,Qualité service,L’outil est simple à utiliser.
FB_323,CUST_1231,2024-10-09,4,Qualité service,La documentation pourrait être plus claire.
FB_324,CUST_1210,2024-01-11,3,Réservation,Très bon accompagnement client.
FB_325,CUST_187,2024-04-23,3,Organisation,Le support a répondu rapidement.
FB_326,CUST_172,2025-01-08,3,Organisation,La documentation pourrait être plus claire.
FB_327,CUST_155,2024-05-03,1,Prix,La documentation pourrait être plus claire.
FB_328,CUST_613,2025-03-25,4,Qualité service,La documentation pourrait être plus claire.
FB_329,CUST_86,2024-05-17,4,Organisation,Quelques lenteurs observées.
FB_330,CUST_255,2024-12-27,3,Prix,La configuration initiale est un peu longue.
FB_331,CUST_1067,2024-06-06,5,Communication,Le support a répondu rapidement.
FB_332,CUST_1369,2024-08-26,4,Aucune plainte,Les fonctionnalités sont utiles.
FB_333,CUST_201,2024-11-02,2,Support client,La documentation pourrait être plus claire.
FB_334,CUST_846,2024-07-21,5,Réservation,La documentation pourrait être plus claire.
FB_335,CUST_1224,2024-09-30,5,Prix,Le support a répondu rapidement.
FB_336,CUST_631,2025-01-27,2,Communication,L’outil est simple à utiliser.
FB_337,CUST_591,2025-05-08,3,Organisation,Très bon accompagnement client.
FB_338,CUST_1470,2024-07-26,3,Qualité service,Interface claire.
FB_339,CUST_951,2024-04-03,1,Réservation,Très bon accompagnement client.
FB_340,CUST_198,2024-07-01,3,Aucune plainte,La documentation pourrait être plus claire.
FB_341,CUST_768,2024-07-21,1,Support client,Le support a répondu rapidement.
FB_342,CUST_201,2025-05-17,4,Qualité service,La documentation pourrait être plus claire.
FB_343,CUST_1166,2024-11-22,3,Support client,Très bon accompagnement client.
FB_344,CUST_702,2024-01-29,3,Prix,La configuration initiale est un peu longue.
FB_345,CUST_330,2025-06-17,5,Qualité service,Le support a répondu rapidement.
FB_346,CUST_221,2024-12-26,4,Réservation,Le prix est élevé pour une petite équipe.
FB_347,CUST_731,2024-10-08,2,Aucune plainte,Les fonctionnalités sont utiles.
FB_348,CUST_960,2025-06-24,1,Aucune plainte,Très bon accompagnement client.
FB_349,CUST_1411,2024-04-28,2,Réservation,Le prix est élevé pour une petite équipe.
FB_350,CUST_31,2025-06-19,2,Organisation,Le prix est élevé pour une petite équipe.
FB_351,CUST_1217,2024-05-23,3,Communication,La configuration initiale est un peu longue.
FB_352,CUST_1027,2024-11-03,2,Support client,La plateforme aide vraiment au pilotage.
FB_353,CUST_1301,2024-01-16,1,Aucune plainte,La plateforme aide vraiment au pilotage.
FB_354,CUST_852,2024-03-23,2,Réservation,Quelques lenteurs observées.
FB_355,CUST_1029,2024-10-14,5,Qualité service,La documentation pourrait être plus claire.
FB_356,CUST_159,2025-06-02,4,Aucune plainte,Le prix est élevé pour une petite équipe.
FB_357,CUST_495,2024-01-04,5,Communication,Le prix est élevé pour une petite équipe.
FB_358,CUST_680,2025-01-05,1,Réservation,Le prix est élevé pour une petite équipe.
FB_359,CUST_1485,2024-07-26,3,Organisation,Le prix est élevé pour une petite équipe.
FB_360,CUST_422,2024-03-05,1,Qualité service,Les fonctionnalités sont utiles.
FB_361,CUST_342,2024-12-08,3,Organisation,La documentation pourrait être plus claire.
FB_362,CUST_293,2024-05-09,3,Support client,Très bon accompagnement client.
FB_363,CUST_215,2024-06-30,5,Prix,La documentation pourrait être plus claire.
FB_364,CUST_1160,2024-07-09,4,Qualité service,Le support a répondu rapidement.
FB_365,CUST_922,2025-01-19,3,Organisation,La plateforme aide vraiment au pilotage.
FB_366,CUST_594,2025-06-08,3,Organisation,La documentation pourrait être plus claire.
FB_367,CUST_420,2024-07-25,5,Aucune plainte,La documentation pourrait être plus claire.
FB_368,CUST_305,2025-04-09,4,Communication,La configuration initiale est un peu longue.
FB_369,CUST_177,2025-05-04,1,Prix,La configuration initiale est un peu longue.
FB_370,CUST_1043,2025-02-11,1,Communication,La plateforme aide vraiment au pilotage.
FB_371,CUST_1004,2024-06-07,5,Prix,Les fonctionnalités sont utiles.
FB_372,CUST_414,2024-03-20,3,Réservation,Le support a répondu rapidement.
FB_373,CUST_1378,2024-06-02,2,Réservation,Le prix est élevé pour une petite équipe.
FB_374,CUST_254,2024-05-14,4,Prix,L’outil est simple à utiliser.
FB_375,CUST_1343,2024-02-04,5,Prix,Interface claire.
FB_376,CUST_636,2024-06-22,5,Support client,Très bon accompagnement client.
FB_377,CUST_1003,2024-04-13,2,Aucune plainte,La plateforme aide vraiment au pilotage.
FB_378,CUST_1197,2024-11-21,1,Qualité service,Le prix est élevé pour une petite équipe.
FB_379,CUST_786,2024-01-05,4,Prix,Le support a répondu rapidement.
FB_380,CUST_602,2024-04-11,5,Communication,Les fonctionnalités sont utiles.
FB_381,CUST_789,2024-05-06,3,Communication,Le support a répondu rapidement.
FB_382,CUST_344,2025-01-05,5,Support client,Quelques lenteurs observées.
FB_383,CUST_594,2024-05-17,4,Communication,L’outil est simple à utiliser.
FB_384,CUST_1094,2024-01-25,1,Aucune plainte,La configuration initiale est un peu longue.
FB_385,CUST_89,2024-08-29,4,Prix,Interface claire.
FB_386,CUST_750,2024-12-16,4,Organisation,L’outil est simple à utiliser.
FB_387,CUST_248,2024-06-24,5,Aucune plainte,Le support a répondu rapidement.
FB_388,CUST_1091,2024-07-02,5,Support client,Quelques lenteurs observées.
FB_389,CUST_713,2024-04-18,2,Réservation,La documentation pourrait être plus claire.
FB_390,CUST_458,2024-08-17,5,Organisation,Interface claire.
FB_391,CUST_595,2024-11-27,5,Communication,Les fonctionnalités sont utiles.
FB_392,CUST_1383,2025-03-24,5,Support client,La configuration initiale est un peu longue.
FB_393,CUST_1344,2024-08-23,4,Organisation,L’outil est simple à utiliser.
FB_394,CUST_171,2024-05-05,4,Aucune plainte,Interface claire.
FB_395,CUST_183,2024-05-07,4,Prix,Le support a répondu rapidement.
FB_396,CUST_928,2024-04-03,1,Réservation,La documentation pourrait être plus claire.
FB_397,CUST_1399,2025-05-11,3,Qualité service,Les fonctionnalités sont utiles.
FB_398,CUST_300,2024-02-10,3,Support client,Très bon accompagnement client.
FB_399,CUST_802,2025-06-07,5,Aucune plainte,Le support a répondu rapidement.
FB_400,CUST_793,2024-10-08,4,Prix,La documentation pourrait être plus claire.
FB_401,CUST_1112,2024-11-30,1,Support client,Le support a répondu rapidement.
FB_402,CUST_410,2024-03-10,4,Communication,La plateforme aide vraiment au pilotage.
FB_403,CUST_1401,2024-04-15,3,Support client,L’outil est simple à utiliser.
FB_404,CUST_168,2024-09-12,4,Réservation,L’outil est simple à utiliser.
FB_405,CUST_248,2025-01-20,2,Réservation,La plateforme aide vraiment au pilotage.
FB_406,CUST_888,2024-01-14,2,Communication,La documentation pourrait être plus claire.
FB_407,CUST_1181,2025-06-12,1,Aucune plainte,Les fonctionnalités sont utiles.
FB_408,CUST_110,2024-03-10,3,Organisation,Le prix est élevé pour une petite équipe.
FB_409,CUST_536,2025-01-22,5,Communication,Très bon accompagnement client.
FB_410,CUST_742,2025-02-25,4,Support client,L’outil est simple à utiliser.
FB_411,CUST_1111,2024-02-16,3,Support client,La configuration initiale est un peu longue.
FB_412,CUST_1334,2024-06-15,3,Qualité service,Interface claire.
FB_413,CUST_1493,2024-08-01,4,Qualité service,Interface claire.
FB_414,CUST_852,2024-08-22,1,Support client,Le prix est élevé pour une petite équipe.
FB_415,CUST_1025,2024-07-27,5,Prix,Le support a répondu rapidement.
FB_416,CUST_1146,2025-05-16,5,Prix,L’outil est simple à utiliser.
FB_417,CUST_427,2024-12-02,3,Organisation,La plateforme aide vraiment au pilotage.
FB_418,CUST_339,2025-02-18,5,Prix,Le support a répondu rapidement.
FB_419,CUST_592,2024-09-05,2,Organisation,Les fonctionnalités sont utiles.
FB_420,CUST_624,2024-05-31,4,Prix,Le support a répondu rapidement.
FB_421,CUST_1416,2025-03-06,3,Qualité service,La plateforme aide vraiment au pilotage.
FB_422,CUST_638,2024-08-09,2,Prix,Les fonctionnalités sont utiles.
FB_423,CUST_1362,2025-01-11,1,Aucune plainte,Très bon accompagnement client.
FB_424,CUST_1110,2025-03-06,2,Réservation,Le prix est élevé pour une petite équipe.
FB_425,CUST_857,2025-05-22,3,Organisation,Interface claire.
FB_426,CUST_824,2025-03-29,5,Communication,Le support a répondu rapidement.
FB_427,CUST_340,2024-09-13,1,Support client,La configuration initiale est un peu longue.
FB_428,CUST_107,2024-02-04,5,Support client,Très bon accompagnement client.
FB_429,CUST_530,2025-03-26,5,Organisation,La configuration initiale est un peu longue.
FB_430,CUST_971,2025-06-10,2,Qualité service,Le prix est élevé pour une petite équipe.
FB_431,CUST_985,2024-10-23,5,Organisation,Les fonctionnalités sont utiles.
FB_432,CUST_574,2025-05-12,3,Qualité service,Le support a répondu rapidement.
FB_433,CUST_922,2024-11-18,4,Communication,La plateforme aide vraiment au pilotage.
FB_434,CUST_166,2025-04-09,4,Réservation,Le prix est élevé pour une petite équipe.
FB_435,CUST_65,2024-04-26,4,Prix,Interface claire.
FB_436,CUST_798,2025-06-29,5,Support client,Très bon accompagnement client.
FB_437,CUST_1247,2025-04-28,1,Réservation,La plateforme aide vraiment au pilotage.
FB_438,CUST_1455,2024-10-30,4,Aucune plainte,La configuration initiale est un peu longue.
FB_439,CUST_1246,2024-11-13,5,Support client,Les fonctionnalités sont utiles.
FB_440,CUST_1250,2024-09-30,3,Réservation,La configuration initiale est un peu longue.
FB_441,CUST_1195,2024-03-27,1,Organisation,Très bon accompagnement client.
FB_442,CUST_744,2024-08-03,3,Communication,Interface claire.
FB_443,CUST_781,2024-01-04,2,Aucune plainte,Quelques lenteurs observées.
FB_444,CUST_245,2024-02-13,4,Organisation,La configuration initiale est un peu longue.
FB_445,CUST_812,2024-06-09,1,Communication,Très bon accompagnement client.
FB_446,CUST_705,2025-06-07,3,Réservation,Le prix est élevé pour une petite équipe.
FB_447,CUST_1416,2024-05-12,1,Réservation,Les fonctionnalités sont utiles.
FB_448,CUST_647,2024-11-15,3,Prix,Le prix est élevé pour une petite équipe.
FB_449,CUST_1474,2024-12-20,2,Réservation,Quelques lenteurs observées.
FB_450,CUST_87,2025-02-13,2,Aucune plainte,Très bon accompagnement client.
FB_451,CUST_399,2024-11-28,4,Qualité service,Le support a répondu rapidement.
FB_452,CUST_1113,2024-01-26,2,Communication,Quelques lenteurs observées.
FB_453,CUST_966,2025-04-14,4,Prix,Quelques lenteurs observées.
FB_454,CUST_1113,2024-10-20,4,Communication,Le support a répondu rapidement.
FB_455,CUST_57,2024-12-15,5,Aucune plainte,Très bon accompagnement client.
FB_456,CUST_980,2024-06-05,3,Réservation,Très bon accompagnement client.
FB_457,CUST_1492,2025-03-22,2,Organisation,Les fonctionnalités sont utiles.
FB_458,CUST_355,2025-05-03,2,Organisation,L’outil est simple à utiliser.
FB_459,CUST_35,2025-01-23,3,Organisation,Très bon accompagnement client.
FB_460,CUST_1421,2024-04-10,2,Prix,Très bon accompagnement client.
FB_461,CUST_184,2024-11-13,3,Organisation,La plateforme aide vraiment au pilotage.
FB_462,CUST_411,2024-02-26,4,Prix,Le prix est élevé pour une petite équipe.
FB_463,CUST_566,2025-02-17,2,Organisation,Quelques lenteurs observées.
FB_464,CUST_254,2025-06-14,1,Organisation,La configuration initiale est un peu longue.
FB_465,CUST_805,2024-01-08,5,Aucune plainte,Très bon accompagnement client.
FB_466,CUST_1258,2025-06-14,2,Organisation,Le support a répondu rapidement.
FB_467,CUST_257,2025-05-05,2,Aucune plainte,Le prix est élevé pour une petite équipe.
FB_468,CUST_935,2024-07-30,4,Réservation,L’outil est simple à utiliser.
FB_469,CUST_188,2024-08-28,3,Aucune plainte,Le prix est élevé pour une petite équipe.
FB_470,CUST_45,2025-01-27,5,Prix,Quelques lenteurs observées.
FB_471,CUST_556,2024-12-20,2,Organisation,La documentation pourrait être plus claire.
FB_472,CUST_556,2025-03-01,3,Réservation,Interface claire.
FB_473,CUST_1204,2024-01-31,4,Prix,La plateforme aide vraiment au pilotage.
FB_474,CUST_916,2024-12-17,3,Communication,La documentation pourrait être plus claire.
FB_475,CUST_824,2024-01-26,2,Organisation,Les fonctionnalités sont utiles.
FB_476,CUST_375,2024-02-01,3,Réservation,La documentation pourrait être plus claire.
FB_477,CUST_1322,2025-03-20,3,Prix,Les fonctionnalités sont utiles.
FB_478,CUST_1170,2024-03-31,1,Qualité service,Quelques lenteurs observées.
FB_479,CUST_486,2024-03-23,2,Organisation,La configuration initiale est un peu longue.
FB_480,CUST_868,2025-01-14,2,Qualité service,La configuration initiale est un peu longue.
FB_481,CUST_888,2024-02-12,5,Aucune plainte,La configuration initiale est un peu longue.
FB_482,CUST_917,2024-03-31,2,Aucune plainte,Très bon accompagnement client.
FB_483,CUST_1281,2024-08-04,5,Communication,Très bon accompagnement client.
FB_484,CUST_1432,2024-04-15,5,Organisation,Quelques lenteurs observées.
FB_485,CUST_1250,2024-01-04,3,Réservation,Le support a répondu rapidement.
FB_486,CUST_633,2024-05-20,1,Support client,L’outil est simple à utiliser.
FB_487,CUST_1092,2024-05-04,3,Aucune plainte,La documentation pourrait être plus claire.
FB_488,CUST_898,2025-04-13,5,Aucune plainte,Interface claire.
FB_489,CUST_985,2024-11-19,3,Réservation,L’outil est simple à utiliser.
FB_490,CUST_736,2025-04-23,5,Qualité service,L’outil est simple à utiliser.
FB_491,CUST_1500,2025-01-18,5,Communication,Les fonctionnalités sont utiles.
FB_492,CUST_899,2025-05-18,5,Aucune plainte,La configuration initiale est un peu longue.
FB_493,CUST_1149,2024-09-10,1,Aucune plainte,L’outil est simple à utiliser.
FB_494,CUST_505,2024-08-24,5,Qualité service,La documentation pourrait être plus claire.
FB_495,CUST_1061,2024-09-08,4,Qualité service,Le support a répondu rapidement.
FB_496,CUST_234,2024-02-01,3,Support client,Les fonctionnalités sont utiles.
FB_497,CUST_17,2024-10-13,1,Communication,La documentation pourrait être plus claire.
FB_498,CUST_396,2025-05-14,3,Qualité service,Très bon accompagnement client.
FB_499,CUST_708,2024-08-04,4,Prix,Les fonctionnalités sont utiles.
FB_500,CUST_1012,2024-05-29,2,Support client,La plateforme aide vraiment au pilotage.
FB_501,CUST_1264,2024-04-12,5,Réservation,La documentation pourrait être plus claire.
FB_502,CUST_723,2025-03-14,2,Communication,La plateforme aide vraiment au pilotage.
FB_503,CUST_672,2024-02-03,3,Aucune plainte,Quelques lenteurs observées.
FB_504,CUST_1424,2024-05-20,2,Réservation,La plateforme aide vraiment au pilotage.
FB_505,CUST_84,2025-02-02,2,Prix,Les fonctionnalités sont utiles.
FB_506,CUST_503,2024-12-20,1,Organisation,Quelques lenteurs observées.
FB_507,CUST_139,2025-02-27,3,Prix,Interface claire.
FB_508,CUST_1106,2024-01-16,5,Qualité service,Très bon accompagnement client.
FB_509,CUST_1247,2024-07-25,1,Communication,Quelques lenteurs observées.
FB_510,CUST_750,2025-03-30,2,Réservation,Quelques lenteurs observées.
FB_511,CUST_893,2024-08-16,2,Prix,Interface claire.
FB_512,CUST_834,2024-03-24,4,Organisation,L’outil est simple à utiliser.
FB_513,CUST_621,2025-06-25,2,Réservation,Très bon accompagnement client.
FB_514,CUST_1040,2025-05-08,5,Aucune plainte,Les fonctionnalités sont utiles.
FB_515,CUST_1469,2024-03-25,1,Communication,Les fonctionnalités sont utiles.
FB_516,CUST_221,2024-12-26,2,Aucune plainte,Les fonctionnalités sont utiles.
FB_517,CUST_270,2025-05-29,2,Réservation,Le support a répondu rapidement.
FB_518,CUST_1310,2025-05-02,2,Réservation,La plateforme aide vraiment au pilotage.
FB_519,CUST_1378,2024-05-19,1,Support client,La configuration initiale est un peu longue.
FB_520,CUST_1105,2025-05-18,5,Qualité service,L’outil est simple à utiliser.
FB_521,CUST_1377,2025-03-23,5,Qualité service,Les fonctionnalités sont utiles.
FB_522,CUST_1056,2024-08-23,5,Support client,La plateforme aide vraiment au pilotage.
FB_523,CUST_1271,2025-05-27,4,Réservation,La plateforme aide vraiment au pilotage.
FB_524,CUST_647,2025-05-16,2,Prix,Très bon accompagnement client.
FB_525,CUST_287,2024-04-15,3,Communication,La plateforme aide vraiment au pilotage.
FB_526,CUST_646,2024-10-24,4,Communication,Le prix est élevé pour une petite équipe.
FB_527,CUST_6,2025-06-21,5,Communication,L’outil est simple à utiliser.
FB_528,CUST_895,2024-04-02,4,Support client,L’outil est simple à utiliser.
FB_529,CUST_1467,2025-01-29,2,Aucune plainte,Quelques lenteurs observées.
FB_530,CUST_1208,2024-08-31,4,Aucune plainte,Le prix est élevé pour une petite équipe.
FB_531,CUST_1192,2025-03-15,1,Qualité service,Le support a répondu rapidement.
FB_532,CUST_869,2024-01-25,2,Aucune plainte,La plateforme aide vraiment au pilotage.
FB_533,CUST_633,2024-11-12,5,Réservation,Quelques lenteurs observées.
FB_534,CUST_1454,2025-05-21,5,Réservation,Quelques lenteurs observées.
FB_535,CUST_1095,2024-10-30,1,Réservation,Le support a répondu rapidement.
FB_536,CUST_1413,2024-07-05,2,Aucune plainte,Les fonctionnalités sont utiles.
FB_537,CUST_738,2024-09-07,3,Qualité service,La configuration initiale est un peu longue.
FB_538,CUST_1061,2024-11-17,1,Aucune plainte,Le prix est élevé pour une petite équipe.
FB_539,CUST_230,2024-11-17,3,Aucune plainte,Les fonctionnalités sont utiles.
FB_540,CUST_423,2024-07-19,5,Organisation,Très bon accompagnement client.
FB_541,CUST_1264,2025-06-14,2,Réservation,Le prix est élevé pour une petite équipe.
FB_542,CUST_1155,2025-06-18,3,Communication,Le prix est élevé pour une petite équipe.
FB_543,CUST_1316,2024-01-15,1,Aucune plainte,Le prix est élevé pour une petite équipe.
FB_544,CUST_57,2024-05-01,5,Support client,Très bon accompagnement client.
FB_545,CUST_234,2025-05-19,1,Réservation,La plateforme aide vraiment au pilotage.
FB_546,CUST_522,2024-01-14,5,Support client,Le support a répondu rapidement.
FB_547,CUST_619,2024-05-03,2,Aucune plainte,Quelques lenteurs observées.
FB_548,CUST_1330,2025-06-23,2,Aucune plainte,Interface claire.
FB_549,CUST_948,2024-05-13,4,Support client,La plateforme aide vraiment au pilotage.
FB_550,CUST_1095,2024-05-14,2,Prix,Les fonctionnalités sont utiles.
FB_551,CUST_1393,2024-04-30,2,Qualité service,Très bon accompagnement client.
FB_552,CUST_427,2025-03-28,2,Support client,La configuration initiale est un peu longue.
FB_553,CUST_846,2024-10-16,4,Support client,Quelques lenteurs observées.
FB_554,CUST_1436,2025-02-07,5,Réservation,La plateforme aide vraiment au pilotage.
FB_555,CUST_1244,2025-01-04,2,Aucune plainte,Le prix est élevé pour une petite équipe.
FB_556,CUST_1082,2025-05-28,1,Qualité service,L’outil est simple à utiliser.
FB_557,CUST_656,2024-10-14,1,Qualité service,Le prix est élevé pour une petite équipe.
FB_558,CUST_904,2025-02-17,4,Aucune plainte,Le support a répondu rapidement.
FB_559,CUST_1113,2024-01-06,5,Aucune plainte,Le support a répondu rapidement.
FB_560,CUST_1346,2025-01-20,1,Support client,Quelques lenteurs observées.
FB_561,CUST_992,2024-09-03,3,Aucune plainte,Interface claire.
FB_562,CUST_1259,2024-12-11,2,Communication,Interface claire.
FB_563,CUST_154,2025-04-25,3,Aucune plainte,Le prix est élevé pour une petite équipe.
FB_564,CUST_1187,2024-07-14,5,Aucune plainte,Le prix est élevé pour une petite équipe.
FB_565,CUST_700,2025-06-10,3,Communication,La plateforme aide vraiment au pilotage.
FB_566,CUST_669,2024-06-11,4,Qualité service,La documentation pourrait être plus claire.
FB_567,CUST_1184,2024-03-03,1,Support client,La configuration initiale est un peu longue.
FB_568,CUST_511,2024-05-24,1,Organisation,La documentation pourrait être plus claire.
FB_569,CUST_144,2024-12-23,2,Organisation,Les fonctionnalités sont utiles.
FB_570,CUST_593,2025-03-28,2,Réservation,La configuration initiale est un peu longue.
FB_571,CUST_991,2025-01-05,4,Prix,Interface claire.
FB_572,CUST_443,2024-10-31,2,Communication,Interface claire.
FB_573,CUST_243,2025-04-14,3,Qualité service,La plateforme aide vraiment au pilotage.
FB_574,CUST_928,2025-04-04,3,Réservation,La documentation pourrait être plus claire.
FB_575,CUST_41,2025-03-20,5,Aucune plainte,Le prix est élevé pour une petite équipe.
FB_576,CUST_296,2025-02-22,1,Support client,La plateforme aide vraiment au pilotage.
FB_577,CUST_558,2024-01-08,3,Organisation,Très bon accompagnement client.
FB_578,CUST_1377,2024-11-03,2,Support client,Très bon accompagnement client.
FB_579,CUST_164,2024-04-08,1,Qualité service,Très bon accompagnement client.
FB_580,CUST_765,2025-06-21,4,Organisation,Le support a répondu rapidement.
FB_581,CUST_902,2025-03-01,2,Communication,Très bon accompagnement client.
FB_582,CUST_357,2024-06-12,1,Réservation,La configuration initiale est un peu longue.
FB_583,CUST_990,2025-01-01,5,Réservation,Très bon accompagnement client.
FB_584,CUST_609,2024-05-31,1,Qualité service,Le prix est élevé pour une petite équipe.
FB_585,CUST_131,2025-05-05,4,Communication,La configuration initiale est un peu longue.
FB_586,CUST_1198,2025-03-05,2,Qualité service,La configuration initiale est un peu longue.
FB_587,CUST_436,2025-02-12,1,Organisation,Quelques lenteurs observées.
FB_588,CUST_777,2025-05-05,1,Aucune plainte,Les fonctionnalités sont utiles.
FB_589,CUST_277,2024-11-29,3,Support client,Le support a répondu rapidement.
FB_590,CUST_384,2025-03-21,2,Communication,Les fonctionnalités sont utiles.
FB_591,CUST_434,2024-04-24,1,Réservation,Interface claire.
FB_592,CUST_252,2024-01-24,2,Réservation,L’outil est simple à utiliser.
FB_593,CUST_741,2024-03-09,5,Réservation,Très bon accompagnement client.
FB_594,CUST_141,2024-06-20,5,Communication,Quelques lenteurs observées.
FB_595,CUST_26,2025-01-03,3,Réservation,Très bon accompagnement client.
FB_596,CUST_1468,2024-02-22,4,Qualité service,Très bon accompagnement client.
FB_597,CUST_327,2025-06-25,2,Support client,La plateforme aide vraiment au pilotage.
FB_598,CUST_458,2025-02-01,2,Aucune plainte,Interface claire.
FB_599,CUST_152,2024-11-20,1,Aucune plainte,La plateforme aide vraiment au pilotage.
FB_600,CUST_1379,2025-06-12,1,Réservation,Les fonctionnalités sont utiles.
FB_601,CUST_591,2024-05-05,3,Réservation,Le prix est élevé pour une petite équipe.
FB_602,CUST_332,2024-11-07,3,Qualité service,Très bon accompagnement client.
FB_603,CUST_1182,2024-02-07,1,Communication,Le support a répondu rapidement.
FB_604,CUST_153,2024-05-26,3,Communication,Quelques lenteurs observées.
FB_605,CUST_337,2024-09-12,5,Support client,Interface claire.
FB_606,CUST_1164,2024-12-05,5,Communication,Le support a répondu rapidement.
FB_607,CUST_261,2024-06-16,1,Prix,La plateforme aide vraiment au pilotage.
FB_608,CUST_914,2025-03-11,2,Communication,La plateforme aide vraiment au pilotage.
FB_609,CUST_897,2024-02-04,2,Qualité service,La plateforme aide vraiment au pilotage.
FB_610,CUST_401,2025-03-11,2,Réservation,La plateforme aide vraiment au pilotage.
FB_611,CUST_1308,2024-07-13,4,Qualité service,La plateforme aide vraiment au pilotage.
FB_612,CUST_1201,2024-10-13,2,Organisation,Très bon accompagnement client.
FB_613,CUST_1089,2024-01-13,4,Communication,Interface claire.
FB_614,CUST_1205,2024-01-22,4,Communication,La documentation pourrait être plus claire.
FB_615,CUST_819,2025-06-16,5,Aucune plainte,Quelques lenteurs observées.
FB_616,CUST_806,2024-01-26,5,Organisation,Le prix est élevé pour une petite équipe.
FB_617,CUST_868,2024-11-26,1,Réservation,Très bon accompagnement client.
FB_618,CUST_1059,2024-08-07,4,Qualité service,Le prix est élevé pour une petite équipe.
FB_619,CUST_962,2024-01-10,1,Support client,La plateforme aide vraiment au pilotage.
FB_620,CUST_352,2025-02-11,3,Organisation,Les fonctionnalités sont utiles.
FB_621,CUST_879,2024-10-18,1,Prix,La documentation pourrait être plus claire.
FB_622,CUST_146,2024-08-09,3,Qualité service,Quelques lenteurs observées.
FB_623,CUST_1330,2024-04-28,2,Aucune plainte,Quelques lenteurs observées.
FB_624,CUST_296,2025-04-28,4,Organisation,Le prix est élevé pour une petite équipe.
FB_625,CUST_994,2024-03-28,5,Support client,La configuration initiale est un peu longue.
FB_626,CUST_457,2024-11-22,3,Aucune plainte,Très bon accompagnement client.
FB_627,CUST_572,2024-04-02,3,Communication,Interface claire.
FB_628,CUST_370,2024-03-10,5,Qualité service,Le support a répondu rapidement.
FB_629,CUST_781,2024-10-21,2,Support client,Le prix est élevé pour une petite équipe.
FB_630,CUST_618,2024-08-21,5,Support client,Le prix est élevé pour une petite équipe.
FB_631,CUST_764,2024-11-15,5,Réservation,Interface claire.
FB_632,CUST_773,2025-06-24,4,Organisation,La documentation pourrait être plus claire.
FB_633,CUST_239,2024-07-27,2,Aucune plainte,Les fonctionnalités sont utiles.
FB_634,CUST_1299,2025-04-06,2,Prix,Le support a répondu rapidement.
FB_635,CUST_1144,2024-05-08,1,Prix,La configuration initiale est un peu longue.
FB_636,CUST_1147,2024-07-02,2,Qualité service,La plateforme aide vraiment au pilotage.
FB_637,CUST_855,2024-03-10,3,Prix,Interface claire.
FB_638,CUST_122,2025-03-27,4,Réservation,Interface claire.
FB_639,CUST_1294,2025-06-16,1,Communication,Les fonctionnalités sont utiles.
FB_640,CUST_1314,2024-02-25,5,Aucune plainte,La configuration initiale est un peu longue.
FB_641,CUST_31,2025-04-17,2,Organisation,Quelques lenteurs observées.
FB_642,CUST_667,2024-12-08,3,Qualité service,Interface claire.
FB_643,CUST_1275,2024-12-31,3,Aucune plainte,La configuration initiale est un peu longue.
FB_644,CUST_614,2024-03-14,1,Aucune plainte,La documentation pourrait être plus claire.
FB_645,CUST_1024,2024-04-17,4,Organisation,La plateforme aide vraiment au pilotage.
FB_646,CUST_614,2025-02-02,3,Prix,La plateforme aide vraiment au pilotage.
FB_647,CUST_625,2024-08-31,5,Aucune plainte,Interface claire.
FB_648,CUST_180,2024-10-21,5,Réservation,Très bon accompagnement client.
FB_649,CUST_289,2025-03-21,5,Organisation,Quelques lenteurs observées.
FB_650,CUST_492,2025-06-24,5,Support client,Interface claire.
FB_651,CUST_847,2024-10-21,4,Qualité service,Quelques lenteurs observées.
FB_652,CUST_697,2024-12-07,3,Prix,Quelques lenteurs observées.
FB_653,CUST_1310,2024-06-06,1,Organisation,La documentation pourrait être plus claire.
FB_654,CUST_1446,2024-01-25,3,Support client,Les fonctionnalités sont utiles.
FB_655,CUST_1472,2024-06-06,3,Qualité service,Très bon accompagnement client.
FB_656,CUST_261,2025-06-30,2,Qualité service,La documentation pourrait être plus claire.
FB_657,CUST_1276,2025-06-01,3,Support client,Interface claire.
FB_658,CUST_462,2024-01-02,3,Réservation,Les fonctionnalités sont utiles.
FB_659,CUST_541,2024-12-29,1,Réservation,L’outil est simple à utiliser.
FB_660,CUST_656,2024-05-03,1,Support client,Les fonctionnalités sont utiles.
FB_661,CUST_619,2024-06-17,4,Qualité service,Quelques lenteurs observées.
FB_662,CUST_53,2024-05-31,5,Prix,Très bon accompagnement client.
FB_663,CUST_1292,2024-03-24,2,Réservation,Le support a répondu rapidement.
FB_664,CUST_824,2025-05-15,2,Organisation,Les fonctionnalités sont utiles.
FB_665,CUST_845,2024-09-02,3,Communication,Interface claire.
FB_666,CUST_256,2024-10-01,2,Réservation,Interface claire.
FB_667,CUST_1359,2025-04-22,1,Réservation,Le support a répondu rapidement.
FB_668,CUST_688,2025-03-14,1,Communication,Le support a répondu rapidement.
FB_669,CUST_401,2024-11-03,5,Prix,Quelques lenteurs observées.
FB_670,CUST_1199,2025-04-27,1,Réservation,La configuration initiale est un peu longue.
FB_671,CUST_274,2024-08-06,5,Support client,L’outil est simple à utiliser.
FB_672,CUST_249,2024-11-22,4,Prix,La documentation pourrait être plus claire.
FB_673,CUST_33,2024-06-05,4,Réservation,Très bon accompagnement client.
FB_674,CUST_861,2024-11-19,5,Prix,Les fonctionnalités sont utiles.
FB_675,CUST_1414,2025-06-01,1,Prix,La documentation pourrait être plus claire.
FB_676,CUST_240,2024-12-09,5,Support client,L’outil est simple à utiliser.
FB_677,CUST_837,2024-10-25,5,Réservation,Très bon accompagnement client.
FB_678,CUST_988,2025-06-21,4,Organisation,Quelques lenteurs observées.
FB_679,CUST_994,2025-01-02,3,Prix,La configuration initiale est un peu longue.
FB_680,CUST_471,2024-12-24,4,Aucune plainte,Interface claire.
FB_681,CUST_805,2024-02-12,4,Organisation,La plateforme aide vraiment au pilotage.
FB_682,CUST_1189,2024-05-19,3,Communication,Interface claire.
FB_683,CUST_833,2025-06-20,3,Support client,Le support a répondu rapidement.
FB_684,CUST_839,2024-11-08,4,Réservation,La plateforme aide vraiment au pilotage.
FB_685,CUST_1250,2024-07-09,4,Organisation,L’outil est simple à utiliser.
FB_686,CUST_368,2025-06-30,2,Qualité service,La configuration initiale est un peu longue.
FB_687,CUST_1212,2024-02-15,1,Prix,La plateforme aide vraiment au pilotage.
FB_688,CUST_10,2024-02-29,2,Qualité service,Quelques lenteurs observées.
FB_689,CUST_1091,2025-05-05,4,Organisation,Très bon accompagnement client.
FB_690,CUST_1073,2025-03-20,1,Aucune plainte,La configuration initiale est un peu longue.
FB_691,CUST_22,2025-03-13,3,Communication,La configuration initiale est un peu longue.
FB_692,CUST_1222,2024-02-03,3,Organisation,La configuration initiale est un peu longue.
FB_693,CUST_222,2024-05-11,5,Qualité service,La plateforme aide vraiment au pilotage.
FB_694,CUST_744,2024-01-21,2,Qualité service,Le support a répondu rapidement.
FB_695,CUST_152,2025-05-07,4,Organisation,Le support a répondu rapidement.
FB_696,CUST_1432,2024-10-25,1,Prix,Quelques lenteurs observées.
FB_697,CUST_1086,2024-12-16,4,Aucune plainte,Interface claire.
FB_698,CUST_229,2025-02-17,4,Réservation,Les fonctionnalités sont utiles.
FB_699,CUST_313,2025-03-23,2,Aucune plainte,L’outil est simple à utiliser.
FB_700,CUST_1076,2025-06-16,5,Communication,L’outil est simple à utiliser.
FB_701,CUST_208,2024-12-31,4,Aucune plainte,La plateforme aide vraiment au pilotage.
FB_702,CUST_130,2024-02-19,4,Organisation,Le support a répondu rapidement.
FB_703,CUST_514,2025-05-16,2,Réservation,La plateforme aide vraiment au pilotage.
FB_704,CUST_1492,2025-01-31,2,Prix,Quelques lenteurs observées.
FB_705,CUST_1324,2024-11-18,5,Qualité service,Le prix est élevé pour une petite équipe.
FB_706,CUST_1163,2024-07-12,5,Organisation,Le prix est élevé pour une petite équipe.
FB_707,CUST_848,2024-02-27,3,Aucune plainte,La documentation pourrait être plus claire.
FB_708,CUST_1372,2024-11-13,2,Réservation,La plateforme aide vraiment au pilotage.
FB_709,CUST_996,2025-02-04,4,Prix,Interface claire.
FB_710,CUST_14,2025-04-25,1,Réservation,Le support a répondu rapidement.
FB_711,CUST_184,2025-02-08,2,Qualité service,La documentation pourrait être plus claire.
FB_712,CUST_615,2025-01-25,1,Support client,La documentation pourrait être plus claire.
FB_713,CUST_1349,2025-02-21,3,Support client,Les fonctionnalités sont utiles.
FB_714,CUST_1284,2024-02-03,1,Support client,Très bon accompagnement client.
FB_715,CUST_488,2024-09-27,2,Prix,Les fonctionnalités sont utiles.
FB_716,CUST_1102,2024-07-25,4,Communication,Très bon accompagnement client.
FB_717,CUST_349,2024-09-12,4,Organisation,La plateforme aide vraiment au pilotage.
FB_718,CUST_1474,2024-04-21,3,Prix,La documentation pourrait être plus claire.
FB_719,CUST_85,2024-06-26,5,Aucune plainte,La plateforme aide vraiment au pilotage.
FB_720,CUST_1235,2025-04-10,2,Aucune plainte,Très bon accompagnement client.
FB_721,CUST_126,2024-07-07,2,Aucune plainte,La documentation pourrait être plus claire.
FB_722,CUST_593,2024-09-14,2,Support client,La plateforme aide vraiment au pilotage.
FB_723,CUST_1219,2025-04-17,5,Support client,Très bon accompagnement client.
FB_724,CUST_711,2025-01-29,2,Support client,Très bon accompagnement client.
FB_725,CUST_191,2024-10-07,4,Communication,Le prix est élevé pour une petite équipe.
FB_726,CUST_871,2024-01-10,3,Réservation,Les fonctionnalités sont utiles.
FB_727,CUST_1008,2024-05-14,2,Qualité service,La plateforme aide vraiment au pilotage.
FB_728,CUST_473,2024-06-20,3,Qualité service,Très bon accompagnement client.
FB_729,CUST_105,2025-04-10,3,Organisation,Le prix est élevé pour une petite équipe.
FB_730,CUST_1139,2024-05-16,1,Prix,La documentation pourrait être plus claire.
FB_731,CUST_1352,2024-04-20,3,Réservation,Interface claire.
FB_732,CUST_212,2024-04-11,3,Aucune plainte,Quelques lenteurs observées.
FB_733,CUST_506,2024-02-07,2,Qualité service,La documentation pourrait être plus claire.
FB_734,CUST_1302,2024-12-28,3,Qualité service,La configuration initiale est un peu longue.
FB_735,CUST_1330,2024-03-27,4,Réservation,La plateforme aide vraiment au pilotage.
FB_736,CUST_450,2024-02-02,1,Qualité service,Le prix est élevé pour une petite équipe.
FB_737,CUST_1254,2025-03-03,2,Réservation,Les fonctionnalités sont utiles.
FB_738,CUST_833,2024-07-09,5,Communication,Interface claire.
FB_739,CUST_787,2025-05-17,4,Qualité service,Quelques lenteurs observées.
FB_740,CUST_723,2024-07-11,5,Aucune plainte,La configuration initiale est un peu longue.
FB_741,CUST_982,2025-04-20,2,Qualité service,Quelques lenteurs observées.
FB_742,CUST_136,2025-06-16,2,Qualité service,Les fonctionnalités sont utiles.
FB_743,CUST_1138,2025-02-07,1,Réservation,La documentation pourrait être plus claire.
FB_744,CUST_17,2025-04-16,2,Qualité service,Quelques lenteurs observées.
FB_745,CUST_382,2025-04-13,5,Communication,Interface claire.
FB_746,CUST_1191,2025-03-23,1,Support client,Très bon accompagnement client.
FB_747,CUST_469,2024-02-11,1,Support client,Quelques lenteurs observées.
FB_748,CUST_559,2024-04-16,5,Prix,Très bon accompagnement client.
FB_749,CUST_1475,2025-02-09,1,Prix,Interface claire.
FB_750,CUST_384,2024-05-09,5,Réservation,Très bon accompagnement client.
FB_751,CUST_408,2024-12-30,1,Prix,Le support a répondu rapidement.
FB_752,CUST_497,2025-02-10,5,Support client,Quelques lenteurs observées.
FB_753,CUST_1043,2024-03-02,4,Communication,Les fonctionnalités sont utiles.
FB_754,CUST_454,2025-04-05,1,Organisation,La plateforme aide vraiment au pilotage.
FB_755,CUST_757,2025-01-11,3,Réservation,La documentation pourrait être plus claire.
FB_756,CUST_1381,2025-05-20,4,Qualité service,La plateforme aide vraiment au pilotage.
FB_757,CUST_30,2024-01-29,5,Prix,Interface claire.
FB_758,CUST_434,2024-06-15,1,Qualité service,La configuration initiale est un peu longue.
FB_759,CUST_1237,2024-02-15,4,Aucune plainte,Interface claire.
FB_760,CUST_137,2024-05-25,3,Prix,Le prix est élevé pour une petite équipe.
FB_761,CUST_1447,2024-12-21,5,Organisation,Quelques lenteurs observées.
FB_762,CUST_1253,2024-09-20,4,Qualité service,Quelques lenteurs observées.
FB_763,CUST_402,2025-05-06,5,Qualité service,Les fonctionnalités sont utiles.
FB_764,CUST_1030,2025-03-13,1,Organisation,La configuration initiale est un peu longue.
FB_765,CUST_535,2024-12-16,4,Aucune plainte,L’outil est simple à utiliser.
FB_766,CUST_301,2025-02-19,2,Aucune plainte,Le support a répondu rapidement.
FB_767,CUST_688,2024-02-04,3,Support client,La documentation pourrait être plus claire.
FB_768,CUST_1336,2025-01-27,2,Communication,Quelques lenteurs observées.
FB_769,CUST_1200,2024-04-11,4,Support client,Très bon accompagnement client.
FB_770,CUST_226,2024-01-16,3,Support client,Le prix est élevé pour une petite équipe.
FB_771,CUST_1156,2024-04-11,4,Aucune plainte,La documentation pourrait être plus claire.
FB_772,CUST_1439,2025-05-29,3,Aucune plainte,L’outil est simple à utiliser.
FB_773,CUST_820,2024-08-12,2,Communication,Interface claire.
FB_774,CUST_248,2024-02-07,1,Réservation,L’outil est simple à utiliser.
FB_775,CUST_1399,2024-03-03,3,Communication,La documentation pourrait être plus claire.
FB_776,CUST_138,2024-09-30,5,Prix,La configuration initiale est un peu longue.
FB_777,CUST_1203,2024-02-01,2,Communication,Très bon accompagnement client.
FB_778,CUST_1035,2024-05-29,2,Communication,La plateforme aide vraiment au pilotage.
FB_779,CUST_1184,2025-06-22,1,Aucune plainte,Le support a répondu rapidement.
FB_780,CUST_1452,2025-04-20,5,Organisation,La documentation pourrait être plus claire.
FB_781,CUST_1022,2024-11-26,5,Qualité service,Interface claire.
FB_782,CUST_18,2025-05-01,2,Aucune plainte,La configuration initiale est un peu longue.
FB_783,CUST_720,2024-01-31,3,Qualité service,La plateforme aide vraiment au pilotage.
FB_784,CUST_1209,2024-07-17,4,Support client,Quelques lenteurs observées.
FB_785,CUST_1060,2024-02-11,5,Aucune plainte,Très bon accompagnement client.
FB_786,CUST_592,2025-03-06,1,Support client,Interface claire.
FB_787,CUST_881,2024-02-09,5,Qualité service,Quelques lenteurs observées.
FB_788,CUST_1452,2024-08-14,4,Aucune plainte,Le prix est élevé pour une petite équipe.
FB_789,CUST_721,2025-03-07,3,Qualité service,Les fonctionnalités sont utiles.
FB_790,CUST_1277,2025-06-11,4,Prix,La documentation pourrait être plus claire.
FB_791,CUST_1048,2024-09-23,4,Réservation,Interface claire.
FB_792,CUST_1370,2024-03-21,4,Aucune plainte,La documentation pourrait être plus claire.
FB_793,CUST_1155,2025-05-15,3,Réservation,Les fonctionnalités sont utiles.
FB_794,CUST_1454,2025-06-23,2,Réservation,La plateforme aide vraiment au pilotage.
FB_795,CUST_416,2024-08-11,5,Aucune plainte,L’outil est simple à utiliser.
FB_796,CUST_1456,2024-11-18,4,Réservation,L’outil est simple à utiliser.
FB_797,CUST_216,2024-02-29,2,Organisation,La plateforme aide vraiment au pilotage.
FB_798,CUST_86,2024-05-09,4,Communication,Quelques lenteurs observées.
FB_799,CUST_1093,2024-02-21,1,Qualité service,Quelques lenteurs observées.
FB_800,CUST_776,2024-06-20,5,Support client,La plateforme aide vraiment au pilotage.
FB_801,CUST_826,2025-01-24,1,Communication,Très bon accompagnement client.
FB_802,CUST_1078,2024-11-04,4,Prix,Le prix est élevé pour une petite équipe.
FB_803,CUST_334,2025-01-02,1,Prix,Interface claire.
FB_804,CUST_483,2024-09-17,2,Qualité service,Très bon accompagnement client.
FB_805,CUST_484,2025-04-23,5,Communication,Très bon accompagnement client.
FB_806,CUST_346,2024-06-13,4,Aucune plainte,La plateforme aide vraiment au pilotage.
FB_807,CUST_972,2025-06-29,1,Prix,La configuration initiale est un peu longue.
FB_808,CUST_1357,2025-05-04,4,Qualité service,Très bon accompagnement client.
FB_809,CUST_1359,2025-04-06,4,Organisation,La configuration initiale est un peu longue.
FB_810,CUST_1113,2024-04-20,3,Communication,La documentation pourrait être plus claire.
FB_811,CUST_947,2024-02-10,3,Réservation,L’outil est simple à utiliser.
FB_812,CUST_1296,2025-03-04,3,Qualité service,La documentation pourrait être plus claire.
FB_813,CUST_804,2025-03-08,2,Qualité service,La documentation pourrait être plus claire.
FB_814,CUST_898,2025-06-16,4,Réservation,Le support a répondu rapidement.
FB_815,CUST_30,2025-03-22,2,Organisation,Le support a répondu rapidement.
FB_816,CUST_1145,2025-05-28,4,Prix,L’outil est simple à utiliser.
FB_817,CUST_210,2024-05-04,2,Organisation,La documentation pourrait être plus claire.
FB_818,CUST_1121,2024-02-07,2,Communication,Quelques lenteurs observées.
FB_819,CUST_415,2024-09-28,3,Prix,La plateforme aide vraiment au pilotage.
FB_820,CUST_438,2025-03-05,4,Prix,La documentation pourrait être plus claire.
FB_821,CUST_985,2025-06-17,5,Communication,La plateforme aide vraiment au pilotage.
FB_822,CUST_74,2024-06-25,2,Organisation,La documentation pourrait être plus claire.
FB_823,CUST_747,2024-11-19,1,Qualité service,Le prix est élevé pour une petite équipe.
FB_824,CUST_514,2025-06-16,5,Réservation,Interface claire.
FB_825,CUST_1489,2025-02-24,5,Qualité service,La documentation pourrait être plus claire.
FB_826,CUST_266,2025-01-28,2,Réservation,Le support a répondu rapidement.
FB_827,CUST_1301,2024-07-01,1,Prix,Le prix est élevé pour une petite équipe.
FB_828,CUST_980,2024-02-20,3,Réservation,Le prix est élevé pour une petite équipe.
FB_829,CUST_598,2024-10-31,3,Réservation,Très bon accompagnement client.
FB_830,CUST_597,2025-05-19,1,Réservation,L’outil est simple à utiliser.
FB_831,CUST_1069,2025-06-20,2,Support client,La documentation pourrait être plus claire.
FB_832,CUST_122,2024-10-16,2,Support client,La plateforme aide vraiment au pilotage.
FB_833,CUST_1354,2024-05-08,2,Organisation,Interface claire.
FB_834,CUST_676,2024-05-06,1,Communication,Le prix est élevé pour une petite équipe.
FB_835,CUST_939,2024-09-12,3,Support client,L’outil est simple à utiliser.
FB_836,CUST_1011,2024-06-25,3,Support client,Le support a répondu rapidement.
FB_837,CUST_103,2024-09-21,4,Communication,Les fonctionnalités sont utiles.
FB_838,CUST_412,2024-11-02,1,Organisation,L’outil est simple à utiliser.
FB_839,CUST_379,2024-05-26,4,Qualité service,Interface claire.
FB_840,CUST_1048,2024-06-09,5,Aucune plainte,Très bon accompagnement client.
FB_841,CUST_229,2024-09-26,5,Qualité service,La configuration initiale est un peu longue.
FB_842,CUST_690,2024-01-07,4,Prix,Très bon accompagnement client.
FB_843,CUST_805,2024-05-08,1,Réservation,Interface claire.
FB_844,CUST_498,2024-04-29,1,Aucune plainte,Le prix est élevé pour une petite équipe.
FB_845,CUST_589,2024-08-30,2,Prix,Interface claire.
FB_846,CUST_28,2025-05-19,3,Prix,Le support a répondu rapidement.
FB_847,CUST_1017,2025-05-29,5,Support client,La documentation pourrait être plus claire.
FB_848,CUST_137,2025-06-20,5,Réservation,La plateforme aide vraiment au pilotage.
FB_849,CUST_698,2024-03-20,3,Réservation,Interface claire.
FB_850,CUST_369,2024-03-17,5,Qualité service,Les fonctionnalités sont utiles.
FB_851,CUST_356,2024-11-19,4,Support client,La configuration initiale est un peu longue.
FB_852,CUST_286,2024-01-02,5,Aucune plainte,Le support a répondu rapidement.
FB_853,CUST_768,2024-09-23,2,Réservation,Le support a répondu rapidement.
FB_854,CUST_142,2025-01-10,2,Support client,La configuration initiale est un peu longue.
FB_855,CUST_1266,2024-10-01,3,Prix,Le prix est élevé pour une petite équipe.
FB_856,CUST_391,2025-03-24,2,Réservation,La documentation pourrait être plus claire.
FB_857,CUST_1074,2024-05-17,4,Organisation,Interface claire.
FB_858,CUST_452,2025-05-18,1,Aucune plainte,L’outil est simple à utiliser.
FB_859,CUST_872,2025-06-14,3,Aucune plainte,Le prix est élevé pour une petite équipe.
FB_860,CUST_562,2025-06-04,2,Aucune plainte,Quelques lenteurs observées.
FB_861,CUST_394,2024-09-09,1,Réservation,Les fonctionnalités sont utiles.
FB_862,CUST_232,2024-12-17,2,Qualité service,Le support a répondu rapidement.
FB_863,CUST_1269,2024-07-20,3,Communication,Très bon accompagnement client.
FB_864,CUST_850,2024-07-15,4,Communication,Très bon accompagnement client.
FB_865,CUST_1028,2024-05-15,2,Organisation,La plateforme aide vraiment au pilotage.
FB_866,CUST_1114,2025-06-11,5,Prix,Très bon accompagnement client.
FB_867,CUST_576,2025-02-16,4,Aucune plainte,Le prix est élevé pour une petite équipe.
FB_868,CUST_45,2024-02-21,1,Communication,Interface claire.
FB_869,CUST_1379,2024-06-24,3,Support client,Le support a répondu rapidement.
FB_870,CUST_159,2024-06-29,4,Organisation,Très bon accompagnement client.
FB_871,CUST_544,2024-04-04,2,Réservation,L’outil est simple à utiliser.
FB_872,CUST_3,2024-10-14,4,Qualité service,Le prix est élevé pour une petite équipe.
FB_873,CUST_758,2024-02-06,5,Prix,L’outil est simple à utiliser.
FB_874,CUST_161,2025-05-29,1,Aucune plainte,Le support a répondu rapidement.
FB_875,CUST_281,2024-07-23,2,Réservation,Le support a répondu rapidement.
FB_876,CUST_991,2024-04-17,5,Réservation,Quelques lenteurs observées.
FB_877,CUST_1313,2024-10-02,5,Prix,Le support a répondu rapidement.
FB_878,CUST_1431,2025-03-28,3,Réservation,Quelques lenteurs observées.
FB_879,CUST_1073,2024-11-05,2,Aucune plainte,Très bon accompagnement client.
FB_880,CUST_1294,2024-03-15,1,Communication,Interface claire.
FB_881,CUST_1458,2024-10-27,1,Communication,La configuration initiale est un peu longue.
FB_882,CUST_991,2024-02-10,4,Prix,Très bon accompagnement client.
FB_883,CUST_568,2025-01-20,1,Qualité service,Interface claire.
FB_884,CUST_1313,2025-03-17,1,Aucune plainte,Interface claire.
FB_885,CUST_456,2024-03-27,4,Organisation,Le prix est élevé pour une petite équipe.
FB_886,CUST_703,2024-06-06,1,Aucune plainte,Quelques lenteurs observées.
FB_887,CUST_1038,2024-04-20,3,Support client,La documentation pourrait être plus claire.
FB_888,CUST_109,2024-11-02,3,Aucune plainte,La configuration initiale est un peu longue.
FB_889,CUST_517,2024-03-31,5,Support client,Le prix est élevé pour une petite équipe.
FB_890,CUST_447,2025-01-19,4,Qualité service,La documentation pourrait être plus claire.
FB_891,CUST_189,2025-06-18,4,Aucune plainte,Le support a répondu rapidement.
FB_892,CUST_191,2024-12-17,1,Réservation,L’outil est simple à utiliser.
FB_893,CUST_749,2025-05-27,1,Réservation,Le support a répondu rapidement.
FB_894,CUST_1120,2024-07-25,4,Réservation,Le prix est élevé pour une petite équipe.
FB_895,CUST_802,2024-09-23,2,Prix,La configuration initiale est un peu longue.
FB_896,CUST_1351,2024-03-14,1,Qualité service,Le prix est élevé pour une petite équipe.
FB_897,CUST_1396,2024-07-14,2,Réservation,Les fonctionnalités sont utiles.
FB_898,CUST_1495,2024-01-17,4,Prix,Très bon accompagnement client.
FB_899,CUST_1385,2024-05-14,5,Réservation,Le support a répondu rapidement.
FB_900,CUST_855,2024-09-14,1,Support client,Très bon accompagnement client.
FB_901,CUST_834,2024-07-21,1,Qualité service,La plateforme aide vraiment au pilotage.
FB_902,CUST_592,2024-07-21,1,Support client,L’outil est simple à utiliser.
FB_903,CUST_992,2024-08-15,1,Support client,Très bon accompagnement client.
FB_904,CUST_1305,2025-05-01,5,Support client,Le support a répondu rapidement.
FB_905,CUST_1081,2024-01-07,2,Organisation,La documentation pourrait être plus claire.
FB_906,CUST_207,2024-03-13,5,Prix,Le prix est élevé pour une petite équipe.
FB_907,CUST_1239,2024-08-13,4,Communication,Le support a répondu rapidement.
FB_908,CUST_365,2024-11-04,1,Support client,Les fonctionnalités sont utiles.
FB_909,CUST_510,2024-01-24,3,Communication,Le support a répondu rapidement.
FB_910,CUST_1363,2024-04-08,4,Qualité service,La configuration initiale est un peu longue.
FB_911,CUST_166,2024-08-28,5,Aucune plainte,Le prix est élevé pour une petite équipe.
FB_912,CUST_1052,2025-01-29,5,Qualité service,L’outil est simple à utiliser.
FB_913,CUST_301,2024-04-12,3,Qualité service,La plateforme aide vraiment au pilotage.
FB_914,CUST_388,2024-09-23,5,Qualité service,Le prix est élevé pour une petite équipe.
FB_915,CUST_1496,2024-04-27,4,Communication,Quelques lenteurs observées.
FB_916,CUST_1492,2024-03-11,1,Communication,Très bon accompagnement client.
FB_917,CUST_141,2024-10-15,1,Communication,La plateforme aide vraiment au pilotage.
FB_918,CUST_678,2025-01-23,1,Réservation,Le prix est élevé pour une petite équipe.
FB_919,CUST_1425,2024-09-18,5,Prix,Les fonctionnalités sont utiles.
FB_920,CUST_556,2024-01-13,2,Organisation,La configuration initiale est un peu longue.
FB_921,CUST_359,2024-07-19,2,Qualité service,Le support a répondu rapidement.
FB_922,CUST_362,2025-03-25,3,Support client,Le support a répondu rapidement.
FB_923,CUST_72,2025-05-04,3,Prix,Le prix est élevé pour une petite équipe.
FB_924,CUST_680,2024-02-06,4,Aucune plainte,Le support a répondu rapidement.
FB_925,CUST_176,2024-05-30,4,Communication,L’outil est simple à utiliser.
FB_926,CUST_209,2024-12-26,3,Organisation,L’outil est simple à utiliser.
FB_927,CUST_700,2024-02-20,4,Réservation,La plateforme aide vraiment au pilotage.
FB_928,CUST_244,2024-04-22,2,Qualité service,La configuration initiale est un peu longue.
FB_929,CUST_637,2025-01-09,1,Qualité service,Le prix est élevé pour une petite équipe.
FB_930,CUST_195,2024-10-06,4,Aucune plainte,Très bon accompagnement client.
FB_931,CUST_1211,2024-10-14,3,Prix,Quelques lenteurs observées.
FB_932,CUST_89,2025-03-20,2,Réservation,Interface claire.
FB_933,CUST_1378,2024-03-02,5,Support client,Très bon accompagnement client.
FB_934,CUST_965,2025-05-21,4,Organisation,La configuration initiale est un peu longue.
FB_935,CUST_4,2025-03-03,5,Organisation,La plateforme aide vraiment au pilotage.
FB_936,CUST_419,2024-05-12,1,Support client,La configuration initiale est un peu longue.
FB_937,CUST_833,2024-12-28,5,Support client,L’outil est simple à utiliser.
FB_938,CUST_506,2024-05-29,1,Prix,Quelques lenteurs observées.
FB_939,CUST_970,2024-12-13,5,Support client,Quelques lenteurs observées.
FB_940,CUST_398,2024-02-21,1,Réservation,Interface claire.
FB_941,CUST_1381,2025-04-06,4,Réservation,La configuration initiale est un peu longue.
FB_942,CUST_501,2024-01-08,2,Réservation,La plateforme aide vraiment au pilotage.
FB_943,CUST_838,2025-01-03,3,Qualité service,Le support a répondu rapidement.
FB_944,CUST_201,2025-05-11,2,Support client,Les fonctionnalités sont utiles.
FB_945,CUST_790,2024-02-13,2,Aucune plainte,Le support a répondu rapidement.
FB_946,CUST_250,2024-02-02,2,Communication,La documentation pourrait être plus claire.
FB_947,CUST_846,2024-04-13,5,Communication,Interface claire.
FB_948,CUST_516,2024-05-01,5,Support client,Quelques lenteurs observées.
FB_949,CUST_59,2024-10-24,4,Communication,Le prix est élevé pour une petite équipe.
FB_950,CUST_1439,2025-01-31,4,Communication,Quelques lenteurs observées.
FB_951,CUST_1499,2024-05-01,2,Organisation,L’outil est simple à utiliser.
FB_952,CUST_279,2024-03-08,1,Réservation,Interface claire.
FB_953,CUST_1487,2024-04-26,3,Aucune plainte,Quelques lenteurs observées.
FB_954,CUST_660,2024-06-27,4,Qualité service,L’outil est simple à utiliser.
FB_955,CUST_124,2024-08-20,4,Organisation,La configuration initiale est un peu longue.
FB_956,CUST_851,2025-05-16,3,Qualité service,La documentation pourrait être plus claire.
FB_957,CUST_607,2024-01-19,5,Prix,Quelques lenteurs observées.
FB_958,CUST_46,2024-04-05,4,Support client,Quelques lenteurs observées.
FB_959,CUST_1224,2024-08-31,2,Communication,La plateforme aide vraiment au pilotage.
FB_960,CUST_602,2025-02-12,2,Organisation,La configuration initiale est un peu longue.
FB_961,CUST_527,2025-01-01,3,Organisation,La plateforme aide vraiment au pilotage.
FB_962,CUST_168,2024-04-26,4,Aucune plainte,L’outil est simple à utiliser.
FB_963,CUST_1472,2025-03-03,3,Réservation,Le support a répondu rapidement.
FB_964,CUST_210,2024-07-16,1,Support client,Le prix est élevé pour une petite équipe.
FB_965,CUST_185,2025-05-10,4,Aucune plainte,La documentation pourrait être plus claire.
FB_966,CUST_1107,2025-03-22,4,Prix,Très bon accompagnement client.
FB_967,CUST_243,2025-06-15,2,Prix,Quelques lenteurs observées.
FB_968,CUST_1332,2024-07-30,1,Prix,La plateforme aide vraiment au pilotage.
FB_969,CUST_1461,2025-01-06,2,Réservation,Très bon accompagnement client.
FB_970,CUST_39,2024-05-17,3,Réservation,La plateforme aide vraiment au pilotage.
FB_971,CUST_577,2024-12-18,1,Organisation,Les fonctionnalités sont utiles.
FB_972,CUST_543,2025-02-12,5,Qualité service,La configuration initiale est un peu longue.
FB_973,CUST_1370,2025-01-26,5,Qualité service,Le prix est élevé pour une petite équipe.
FB_974,CUST_1188,2024-01-10,5,Support client,Interface claire.
FB_975,CUST_1068,2024-04-16,2,Réservation,Le support a répondu rapidement.
FB_976,CUST_548,2024-11-05,2,Prix,Interface claire.
FB_977,CUST_1366,2024-09-07,1,Aucune plainte,Le support a répondu rapidement.
FB_978,CUST_894,2024-02-14,5,Aucune plainte,Très bon accompagnement client.
FB_979,CUST_1055,2025-05-18,1,Aucune plainte,Les fonctionnalités sont utiles.
FB_980,CUST_1234,2024-02-10,1,Aucune plainte,L’outil est simple à utiliser.
FB_981,CUST_59,2024-05-06,5,Aucune plainte,La plateforme aide vraiment au pilotage.
FB_982,CUST_1418,2025-01-25,3,Qualité service,La configuration initiale est un peu longue.
FB_983,CUST_1449,2024-12-02,1,Qualité service,Interface claire.
FB_984,CUST_801,2024-01-25,3,Support client,Le support a répondu rapidement.
FB_985,CUST_123,2024-05-14,1,Support client,Interface claire.
FB_986,CUST_1236,2024-04-22,5,Aucune plainte,La plateforme aide vraiment au pilotage.
FB_987,CUST_1002,2025-03-25,4,Aucune plainte,La configuration initiale est un peu longue.
FB_988,CUST_864,2025-06-05,3,Aucune plainte,Très bon accompagnement client.
FB_989,CUST_575,2025-01-13,3,Qualité service,Interface claire.
FB_990,CUST_1291,2024-02-17,5,Aucune plainte,Interface claire.
FB_991,CUST_165,2025-01-31,2,Prix,Les fonctionnalités sont utiles.
FB_992,CUST_536,2024-05-16,5,Qualité service,Le prix est élevé pour une petite équipe.
FB_993,CUST_748,2025-03-12,4,Communication,La documentation pourrait être plus claire.
FB_994,CUST_223,2025-06-27,4,Réservation,Quelques lenteurs observées.
FB_995,CUST_58,2025-02-06,1,Réservation,Le prix est élevé pour une petite équipe.
FB_996,CUST_203,2024-01-30,3,Communication,La configuration initiale est un peu longue.
FB_997,CUST_1405,2024-07-26,4,Réservation,Interface claire.
FB_998,CUST_221,2024-12-20,2,Support client,Le support a répondu rapidement.
FB_999,CUST_855,2024-07-02,1,Qualité service,Interface claire.
FB_1000,CUST_253,2024-01-23,2,Prix,Le prix est élevé pour une petite équipe.
FB_1001,CUST_954,2025-06-10,2,Prix,Les fonctionnalités sont utiles.
FB_1002,CUST_1337,2025-06-19,5,Support client,Les fonctionnalités sont utiles.
FB_1003,CUST_313,2024-03-22,4,Support client,La plateforme aide vraiment au pilotage.
FB_1004,CUST_606,2024-03-14,2,Communication,Quelques lenteurs observées.
FB_1005,CUST_449,2024-10-22,5,Support client,Interface claire.
FB_1006,CUST_1238,2024-05-01,1,Qualité service,La documentation pourrait être plus claire.
FB_1007,CUST_1421,2024-09-01,3,Prix,La configuration initiale est un peu longue.
FB_1008,CUST_1226,2024-08-01,5,Qualité service,Le prix est élevé pour une petite équipe.
FB_1009,CUST_108,2025-06-14,4,Aucune plainte,Interface claire.
FB_1010,CUST_622,2024-04-28,2,Communication,Le support a répondu rapidement.
FB_1011,CUST_282,2025-02-23,1,Support client,L’outil est simple à utiliser.
FB_1012,CUST_1126,2024-08-11,1,Réservation,Interface claire.
FB_1013,CUST_318,2025-04-26,3,Prix,Quelques lenteurs observées.
FB_1014,CUST_41,2024-04-26,5,Prix,La plateforme aide vraiment au pilotage.
FB_1015,CUST_465,2024-01-19,4,Communication,La configuration initiale est un peu longue.
FB_1016,CUST_1372,2025-01-08,3,Réservation,Interface claire.
FB_1017,CUST_438,2024-03-23,3,Organisation,Le support a répondu rapidement.
FB_1018,CUST_483,2024-01-01,1,Aucune plainte,La configuration initiale est un peu longue.
FB_1019,CUST_800,2024-04-15,3,Support client,Interface claire.
FB_1020,CUST_178,2024-02-07,2,Organisation,Quelques lenteurs observées.
FB_1021,CUST_1087,2025-05-28,1,Réservation,La configuration initiale est un peu longue.
FB_1022,CUST_608,2024-11-05,3,Communication,La configuration initiale est un peu longue.
FB_1023,CUST_818,2025-06-23,1,Organisation,La configuration initiale est un peu longue.
FB_1024,CUST_584,2025-04-02,4,Prix,Le prix est élevé pour une petite équipe.
FB_1025,CUST_1173,2024-08-20,3,Support client,L’outil est simple à utiliser.
FB_1026,CUST_565,2024-10-11,3,Organisation,Les fonctionnalités sont utiles.
FB_1027,CUST_1479,2024-11-03,3,Communication,Le support a répondu rapidement.
FB_1028,CUST_746,2024-03-10,2,Qualité service,La plateforme aide vraiment au pilotage.
FB_1029,CUST_1238,2025-06-01,5,Réservation,La documentation pourrait être plus claire.
FB_1030,CUST_21,2025-05-04,3,Prix,Interface claire.
FB_1031,CUST_227,2024-11-30,5,Aucune plainte,Quelques lenteurs observées.
FB_1032,CUST_1454,2024-04-19,2,Organisation,L’outil est simple à utiliser.
FB_1033,CUST_851,2024-04-11,4,Aucune plainte,L’outil est simple à utiliser.
FB_1034,CUST_1471,2024-07-28,3,Communication,Le prix est élevé pour une petite équipe.
FB_1035,CUST_1150,2025-02-22,3,Organisation,La configuration initiale est un peu longue.
FB_1036,CUST_571,2024-01-07,2,Réservation,L’outil est simple à utiliser.
FB_1037,CUST_1376,2024-12-31,5,Communication,Les fonctionnalités sont utiles.
FB_1038,CUST_312,2025-06-01,3,Organisation,L’outil est simple à utiliser.
FB_1039,CUST_466,2024-07-16,2,Aucune plainte,La documentation pourrait être plus claire.
FB_1040,CUST_143,2024-05-20,1,Réservation,Quelques lenteurs observées.
FB_1041,CUST_806,2025-05-17,3,Organisation,L’outil est simple à utiliser.
FB_1042,CUST_1468,2024-07-21,2,Aucune plainte,La configuration initiale est un peu longue.
FB_1043,CUST_16,2024-09-16,2,Prix,Quelques lenteurs observées.
FB_1044,CUST_982,2024-03-12,1,Organisation,Quelques lenteurs observées.
FB_1045,CUST_294,2024-06-10,4,Réservation,Interface claire.
FB_1046,CUST_1484,2025-05-04,1,Aucune plainte,Le prix est élevé pour une petite équipe.
FB_1047,CUST_617,2025-05-29,3,Communication,L’outil est simple à utiliser.
FB_1048,CUST_404,2025-02-17,3,Communication,La documentation pourrait être plus claire.
FB_1049,CUST_989,2025-04-27,2,Aucune plainte,Interface claire.
FB_1050,CUST_403,2024-05-04,5,Aucune plainte,La configuration initiale est un peu longue.
FB_1051,CUST_1257,2025-03-08,2,Support client,La configuration initiale est un peu longue.
FB_1052,CUST_451,2024-01-08,3,Réservation,La configuration initiale est un peu longue.
FB_1053,CUST_1208,2024-09-15,3,Prix,La configuration initiale est un peu longue.
FB_1054,CUST_680,2024-11-03,3,Réservation,Le support a répondu rapidement.
FB_1055,CUST_686,2024-02-13,5,Support client,La documentation pourrait être plus claire.
FB_1056,CUST_73,2024-11-26,4,Réservation,La plateforme aide vraiment au pilotage.
FB_1057,CUST_1306,2024-10-04,2,Prix,Le support a répondu rapidement.
FB_1058,CUST_747,2024-02-03,4,Organisation,L’outil est simple à utiliser.
FB_1059,CUST_831,2024-04-17,4,Aucune plainte,Le prix est élevé pour une petite équipe.
FB_1060,CUST_616,2024-09-10,5,Aucune plainte,La documentation pourrait être plus claire.
FB_1061,CUST_313,2024-04-07,1,Support client,Interface claire.
FB_1062,CUST_1494,2024-10-06,4,Aucune plainte,L’outil est simple à utiliser.
FB_1063,CUST_1390,2025-05-02,1,Support client,Très bon accompagnement client.
FB_1064,CUST_13,2024-11-08,2,Prix,L’outil est simple à utiliser.
FB_1065,CUST_348,2024-08-09,4,Qualité service,Le prix est élevé pour une petite équipe.
FB_1066,CUST_356,2024-08-14,2,Communication,Très bon accompagnement client.
FB_1067,CUST_1319,2024-08-15,1,Support client,La plateforme aide vraiment au pilotage.
FB_1068,CUST_349,2024-04-18,4,Qualité service,Le support a répondu rapidement.
FB_1069,CUST_1072,2024-12-22,2,Communication,Le support a répondu rapidement.
FB_1070,CUST_1399,2024-11-08,5,Support client,La plateforme aide vraiment au pilotage.
FB_1071,CUST_977,2024-10-18,2,Communication,L’outil est simple à utiliser.
FB_1072,CUST_512,2025-01-22,3,Réservation,Le support a répondu rapidement.
FB_1073,CUST_790,2024-02-21,5,Communication,Très bon accompagnement client.
FB_1074,CUST_1220,2024-10-24,4,Qualité service,Le support a répondu rapidement.
FB_1075,CUST_450,2024-12-22,2,Qualité service,Quelques lenteurs observées.
FB_1076,CUST_1189,2024-12-04,2,Communication,Le prix est élevé pour une petite équipe.
FB_1077,CUST_11,2024-08-27,2,Aucune plainte,La documentation pourrait être plus claire.
FB_1078,CUST_403,2025-01-27,1,Communication,Le prix est élevé pour une petite équipe.
FB_1079,CUST_835,2024-03-07,3,Organisation,Quelques lenteurs observées.
FB_1080,CUST_342,2024-05-27,3,Communication,Le prix est élevé pour une petite équipe.
FB_1081,CUST_746,2025-03-31,1,Prix,Le support a répondu rapidement.
FB_1082,CUST_780,2024-05-26,2,Qualité service,Les fonctionnalités sont utiles.
FB_1083,CUST_348,2025-03-09,4,Prix,L’outil est simple à utiliser.
FB_1084,CUST_1426,2024-03-31,4,Organisation,Le support a répondu rapidement.
FB_1085,CUST_765,2025-06-27,1,Organisation,Le support a répondu rapidement.
FB_1086,CUST_124,2024-08-08,2,Réservation,Le support a répondu rapidement.
FB_1087,CUST_563,2025-02-07,5,Organisation,La plateforme aide vraiment au pilotage.
FB_1088,CUST_969,2025-02-27,2,Communication,Le prix est élevé pour une petite équipe.
FB_1089,CUST_1246,2025-06-18,2,Aucune plainte,Interface claire.
FB_1090,CUST_558,2025-06-11,2,Aucune plainte,Le prix est élevé pour une petite équipe.
FB_1091,CUST_1136,2024-08-12,1,Communication,Interface claire.
FB_1092,CUST_1135,2025-03-18,2,Aucune plainte,La documentation pourrait être plus claire.
FB_1093,CUST_19,2025-01-21,1,Qualité service,La configuration initiale est un peu longue.
FB_1094,CUST_1291,2025-01-30,5,Support client,Le support a répondu rapidement.
FB_1095,CUST_1023,2024-03-25,2,Communication,La documentation pourrait être plus claire.
FB_1096,CUST_664,2025-04-17,2,Aucune plainte,La plateforme aide vraiment au pilotage.
FB_1097,CUST_1479,2024-07-17,2,Réservation,Quelques lenteurs observées.
FB_1098,CUST_523,2024-12-15,1,Prix,La plateforme aide vraiment au pilotage.
FB_1099,CUST_608,2025-01-05,3,Communication,La documentation pourrait être plus claire.
FB_1100,CUST_237,2024-12-02,5,Aucune plainte,Le support a répondu rapidement.
FB_1101,CUST_286,2024-10-14,5,Réservation,Très bon accompagnement client.
FB_1102,CUST_51,2024-07-02,1,Communication,La documentation pourrait être plus claire.
FB_1103,CUST_228,2024-04-18,2,Qualité service,La configuration initiale est un peu longue.
FB_1104,CUST_376,2024-08-05,2,Communication,Interface claire.
FB_1105,CUST_75,2025-05-24,5,Support client,La documentation pourrait être plus claire.
FB_1106,CUST_385,2024-05-13,2,Aucune plainte,La documentation pourrait être plus claire.
FB_1107,CUST_1346,2024-05-02,3,Aucune plainte,Les fonctionnalités sont utiles.
FB_1108,CUST_931,2024-04-01,4,Réservation,La configuration initiale est un peu longue.
FB_1109,CUST_185,2024-06-17,1,Support client,La documentation pourrait être plus claire.
FB_1110,CUST_483,2024-03-18,4,Aucune plainte,Le support a répondu rapidement.
FB_1111,CUST_1306,2024-01-23,4,Prix,L’outil est simple à utiliser.
FB_1112,CUST_301,2024-09-15,1,Communication,Quelques lenteurs observées.
FB_1113,CUST_676,2025-02-25,2,Organisation,Très bon accompagnement client.
FB_1114,CUST_68,2024-09-08,5,Organisation,Interface claire.
FB_1115,CUST_418,2024-09-08,2,Prix,Le prix est élevé pour une petite équipe.
FB_1116,CUST_1154,2024-04-14,5,Support client,La plateforme aide vraiment au pilotage.
FB_1117,CUST_347,2025-01-14,1,Support client,Le prix est élevé pour une petite équipe.
FB_1118,CUST_607,2024-08-08,3,Support client,La plateforme aide vraiment au pilotage.
FB_1119,CUST_555,2024-04-28,3,Aucune plainte,Le support a répondu rapidement.
FB_1120,CUST_689,2025-04-26,2,Aucune plainte,L’outil est simple à utiliser.
FB_1121,CUST_1039,2025-03-26,2,Aucune plainte,Le prix est élevé pour une petite équipe.
FB_1122,CUST_343,2024-04-11,3,Communication,Quelques lenteurs observées.
FB_1123,CUST_246,2024-05-14,5,Organisation,La configuration initiale est un peu longue.
FB_1124,CUST_698,2024-09-18,3,Qualité service,L’outil est simple à utiliser.
FB_1125,CUST_174,2024-04-06,4,Qualité service,La plateforme aide vraiment au pilotage.
FB_1126,CUST_401,2024-09-15,1,Prix,La configuration initiale est un peu longue.
FB_1127,CUST_441,2024-10-03,5,Communication,Le prix est élevé pour une petite équipe.
FB_1128,CUST_480,2024-01-27,5,Prix,Quelques lenteurs observées.
FB_1129,CUST_728,2024-09-23,2,Réservation,Le support a répondu rapidement.
FB_1130,CUST_844,2025-04-29,3,Prix,La configuration initiale est un peu longue.
FB_1131,CUST_97,2024-02-24,3,Communication,La documentation pourrait être plus claire.
FB_1132,CUST_1437,2024-07-17,3,Réservation,Très bon accompagnement client.
FB_1133,CUST_247,2025-04-22,2,Organisation,La plateforme aide vraiment au pilotage.
FB_1134,CUST_703,2024-10-18,2,Qualité service,Le support a répondu rapidement.
FB_1135,CUST_669,2025-05-05,3,Aucune plainte,L’outil est simple à utiliser.
FB_1136,CUST_848,2024-12-22,4,Organisation,Quelques lenteurs observées.
FB_1137,CUST_1051,2025-03-05,4,Qualité service,La plateforme aide vraiment au pilotage.
FB_1138,CUST_1258,2024-05-15,3,Organisation,Interface claire.
FB_1139,CUST_479,2024-01-02,4,Support client,Les fonctionnalités sont utiles.
FB_1140,CUST_237,2024-09-09,4,Organisation,La documentation pourrait être plus claire.
FB_1141,CUST_1281,2024-10-12,3,Communication,Le prix est élevé pour une petite équipe.
FB_1142,CUST_1157,2024-03-14,2,Aucune plainte,La configuration initiale est un peu longue.
FB_1143,CUST_1475,2024-09-07,5,Organisation,Quelques lenteurs observées.
FB_1144,CUST_1454,2025-04-02,1,Support client,Quelques lenteurs observées.
FB_1145,CUST_1236,2025-06-11,4,Aucune plainte,Les fonctionnalités sont utiles.
FB_1146,CUST_774,2024-10-28,3,Organisation,Les fonctionnalités sont utiles.
FB_1147,CUST_226,2025-04-30,1,Aucune plainte,Quelques lenteurs observées.
FB_1148,CUST_65,2025-02-01,5,Réservation,Quelques lenteurs observées.
FB_1149,CUST_809,2024-10-22,1,Prix,La configuration initiale est un peu longue.
FB_1150,CUST_237,2025-03-29,2,Aucune plainte,Quelques lenteurs observées.
FB_1151,CUST_576,2024-08-06,2,Communication,Le support a répondu rapidement.
FB_1152,CUST_269,2024-04-07,3,Communication,Quelques lenteurs observées.
FB_1153,CUST_414,2024-10-28,3,Organisation,Très bon accompagnement client.
FB_1154,CUST_51,2024-12-09,5,Réservation,L’outil est simple à utiliser.
FB_1155,CUST_411,2025-06-06,3,Qualité service,Le support a répondu rapidement.
FB_1156,CUST_525,2025-06-22,1,Aucune plainte,La plateforme aide vraiment au pilotage.
FB_1157,CUST_168,2024-01-01,1,Aucune plainte,Les fonctionnalités sont utiles.
FB_1158,CUST_1210,2024-04-24,2,Communication,L’outil est simple à utiliser.
FB_1159,CUST_572,2025-05-02,2,Réservation,Le prix est élevé pour une petite équipe.
FB_1160,CUST_355,2024-09-04,1,Qualité service,La configuration initiale est un peu longue.
FB_1161,CUST_340,2024-03-25,1,Réservation,La documentation pourrait être plus claire.
FB_1162,CUST_1117,2025-06-14,4,Organisation,Les fonctionnalités sont utiles.
FB_1163,CUST_1018,2024-11-17,5,Aucune plainte,Quelques lenteurs observées.
FB_1164,CUST_687,2024-03-21,3,Organisation,Le support a répondu rapidement.
FB_1165,CUST_400,2025-03-21,1,Communication,Les fonctionnalités sont utiles.
FB_1166,CUST_264,2025-03-02,1,Communication,La plateforme aide vraiment au pilotage.
FB_1167,CUST_418,2025-04-25,2,Qualité service,Le prix est élevé pour une petite équipe.
FB_1168,CUST_613,2024-06-23,2,Aucune plainte,Le prix est élevé pour une petite équipe.
FB_1169,CUST_871,2025-02-16,4,Aucune plainte,Le prix est élevé pour une petite équipe.
FB_1170,CUST_15,2024-12-21,3,Qualité service,Le prix est élevé pour une petite équipe.
FB_1171,CUST_213,2024-09-24,1,Support client,Interface claire.
FB_1172,CUST_1175,2024-09-24,5,Réservation,La plateforme aide vraiment au pilotage.
FB_1173,CUST_1086,2025-05-08,5,Prix,La documentation pourrait être plus claire.
FB_1174,CUST_923,2024-07-11,3,Prix,Le support a répondu rapidement.
FB_1175,CUST_257,2025-01-28,2,Qualité service,Le prix est élevé pour une petite équipe.
FB_1176,CUST_61,2024-01-29,4,Prix,Très bon accompagnement client.
FB_1177,CUST_355,2025-02-16,1,Communication,Très bon accompagnement client.
FB_1178,CUST_1401,2025-05-21,2,Organisation,Interface claire.
FB_1179,CUST_282,2025-06-02,3,Support client,Quelques lenteurs observées.
FB_1180,CUST_886,2025-04-12,2,Organisation,La documentation pourrait être plus claire.
FB_1181,CUST_1345,2025-06-01,2,Réservation,Très bon accompagnement client.
FB_1182,CUST_1220,2024-10-10,5,Prix,La plateforme aide vraiment au pilotage.
FB_1183,CUST_804,2024-06-26,1,Prix,Très bon accompagnement client.
FB_1184,CUST_1268,2024-06-03,4,Communication,L’outil est simple à utiliser.
FB_1185,CUST_811,2024-01-08,2,Support client,Quelques lenteurs observées.
FB_1186,CUST_1120,2024-02-16,1,Aucune plainte,La documentation pourrait être plus claire.
FB_1187,CUST_1476,2024-06-06,2,Réservation,Les fonctionnalités sont utiles.
FB_1188,CUST_1165,2024-12-06,2,Aucune plainte,Les fonctionnalités sont utiles.
FB_1189,CUST_239,2025-01-06,3,Réservation,La plateforme aide vraiment au pilotage.
FB_1190,CUST_1029,2024-11-02,5,Réservation,La configuration initiale est un peu longue.
FB_1191,CUST_784,2024-10-23,2,Prix,Très bon accompagnement client.
FB_1192,CUST_805,2025-06-02,4,Support client,La configuration initiale est un peu longue.
FB_1193,CUST_363,2024-05-16,4,Support client,Très bon accompagnement client.
FB_1194,CUST_1032,2024-09-24,1,Support client,Interface claire.
FB_1195,CUST_1325,2025-03-23,1,Organisation,Le prix est élevé pour une petite équipe.
FB_1196,CUST_784,2024-06-15,3,Aucune plainte,Très bon accompagnement client.
FB_1197,CUST_690,2024-01-18,4,Support client,La configuration initiale est un peu longue.
FB_1198,CUST_426,2024-07-13,5,Support client,Le prix est élevé pour une petite équipe.
FB_1199,CUST_339,2024-08-16,1,Prix,La configuration initiale est un peu longue.
FB_1200,CUST_297,2024-03-22,4,Support client,L’outil est simple à utiliser.
FB_1201,CUST_233,2025-06-05,2,Communication,Très bon accompagnement client.
FB_1202,CUST_1105,2025-03-02,5,Aucune plainte,Les fonctionnalités sont utiles.
FB_1203,CUST_848,2025-01-08,1,Organisation,L’outil est simple à utiliser.
FB_1204,CUST_472,2025-02-15,5,Prix,L’outil est simple à utiliser.
FB_1205,CUST_200,2025-04-22,4,Organisation,Quelques lenteurs observées.
FB_1206,CUST_590,2024-01-11,3,Communication,L’outil est simple à utiliser.
FB_1207,CUST_557,2024-05-02,2,Qualité service,La plateforme aide vraiment au pilotage.
FB_1208,CUST_49,2024-01-02,5,Organisation,Le support a répondu rapidement.
FB_1209,CUST_1306,2025-05-20,5,Communication,Le prix est élevé pour une petite équipe.
FB_1210,CUST_55,2024-03-13,5,Support client,La configuration initiale est un peu longue.
FB_1211,CUST_232,2024-02-20,5,Réservation,Le support a répondu rapidement.
FB_1212,CUST_1204,2024-10-28,1,Communication,L’outil est simple à utiliser.
FB_1213,CUST_1091,2024-04-04,3,Support client,L’outil est simple à utiliser.
FB_1214,CUST_1136,2024-07-02,5,Qualité service,Les fonctionnalités sont utiles.
FB_1215,CUST_1137,2024-12-21,4,Aucune plainte,L’outil est simple à utiliser.
FB_1216,CUST_989,2024-01-11,1,Communication,Interface claire.
FB_1217,CUST_225,2025-05-04,2,Prix,La plateforme aide vraiment au pilotage.
FB_1218,CUST_755,2024-07-09,5,Organisation,Quelques lenteurs observées.
FB_1219,CUST_333,2025-04-26,2,Réservation,Le support a répondu rapidement.
FB_1220,CUST_404,2025-04-27,4,Réservation,La plateforme aide vraiment au pilotage.
FB_1221,CUST_1364,2024-07-29,4,Organisation,Le support a répondu rapidement.
FB_1222,CUST_232,2024-11-08,5,Prix,L’outil est simple à utiliser.
FB_1223,CUST_342,2024-06-19,4,Prix,La configuration initiale est un peu longue.
FB_1224,CUST_1473,2024-07-12,5,Prix,Les fonctionnalités sont utiles.
FB_1225,CUST_664,2024-11-05,4,Qualité service,Les fonctionnalités sont utiles.
FB_1226,CUST_853,2024-01-04,5,Prix,Interface claire.
FB_1227,CUST_109,2025-01-30,1,Réservation,La configuration initiale est un peu longue.
FB_1228,CUST_429,2024-01-13,1,Organisation,Le support a répondu rapidement.
FB_1229,CUST_561,2025-02-15,3,Communication,Interface claire.
FB_1230,CUST_131,2025-01-21,1,Réservation,Très bon accompagnement client.
FB_1231,CUST_903,2024-12-31,2,Réservation,Les fonctionnalités sont utiles.
FB_1232,CUST_484,2024-01-14,2,Réservation,Les fonctionnalités sont utiles.
FB_1233,CUST_591,2024-06-20,3,Prix,Quelques lenteurs observées.
FB_1234,CUST_130,2024-11-22,5,Aucune plainte,La plateforme aide vraiment au pilotage.
FB_1235,CUST_455,2024-11-22,5,Communication,Le prix est élevé pour une petite équipe.
FB_1236,CUST_198,2025-01-08,3,Prix,Interface claire.
FB_1237,CUST_1227,2024-08-19,2,Organisation,L’outil est simple à utiliser.
FB_1238,CUST_372,2025-06-24,4,Qualité service,La plateforme aide vraiment au pilotage.
FB_1239,CUST_679,2024-07-21,1,Réservation,Le support a répondu rapidement.
FB_1240,CUST_387,2024-07-09,3,Organisation,L’outil est simple à utiliser.
FB_1241,CUST_866,2024-10-17,2,Réservation,Quelques lenteurs observées.
FB_1242,CUST_608,2025-05-17,3,Prix,L’outil est simple à utiliser.
FB_1243,CUST_10,2025-04-04,4,Qualité service,L’outil est simple à utiliser.
FB_1244,CUST_967,2025-03-30,1,Réservation,Très bon accompagnement client.
FB_1245,CUST_1398,2024-10-31,2,Organisation,Les fonctionnalités sont utiles.
FB_1246,CUST_1191,2025-06-24,3,Qualité service,Quelques lenteurs observées.
FB_1247,CUST_343,2024-01-27,1,Organisation,La documentation pourrait être plus claire.
FB_1248,CUST_249,2024-03-15,1,Qualité service,Très bon accompagnement client.
FB_1249,CUST_568,2024-03-12,4,Réservation,Très bon accompagnement client.
FB_1250,CUST_783,2024-05-13,1,Organisation,Les fonctionnalités sont utiles.
FB_1251,CUST_758,2024-12-12,5,Qualité service,L’outil est simple à utiliser.
FB_1252,CUST_828,2025-06-20,4,Support client,Quelques lenteurs observées.
FB_1253,CUST_657,2025-06-12,3,Qualité service,L’outil est simple à utiliser.
FB_1254,CUST_1447,2024-06-09,1,Aucune plainte,L’outil est simple à utiliser.
FB_1255,CUST_861,2024-02-12,5,Support client,Quelques lenteurs observées.
FB_1256,CUST_16,2024-09-04,5,Prix,La configuration initiale est un peu longue.
FB_1257,CUST_447,2024-11-11,4,Prix,Le prix est élevé pour une petite équipe.
FB_1258,CUST_733,2024-01-12,1,Support client,L’outil est simple à utiliser.
FB_1259,CUST_112,2025-01-28,1,Organisation,Le prix est élevé pour une petite équipe.
FB_1260,CUST_39,2024-07-29,4,Support client,Les fonctionnalités sont utiles.
FB_1261,CUST_1073,2024-05-22,3,Prix,Interface claire.
FB_1262,CUST_508,2024-01-03,5,Réservation,Quelques lenteurs observées.
FB_1263,CUST_813,2024-06-04,2,Communication,Les fonctionnalités sont utiles.
FB_1264,CUST_1036,2024-10-20,2,Communication,La plateforme aide vraiment au pilotage.
FB_1265,CUST_265,2025-02-21,2,Communication,L’outil est simple à utiliser.
FB_1266,CUST_802,2025-05-24,4,Communication,La plateforme aide vraiment au pilotage.
FB_1267,CUST_1078,2024-10-31,2,Communication,Interface claire.
FB_1268,CUST_1398,2024-09-25,5,Communication,Le support a répondu rapidement.
FB_1269,CUST_1327,2024-09-19,5,Communication,L’outil est simple à utiliser.
FB_1270,CUST_678,2024-08-14,3,Support client,Interface claire.
FB_1271,CUST_1480,2024-09-26,2,Prix,Le prix est élevé pour une petite équipe.
FB_1272,CUST_350,2024-04-13,3,Aucune plainte,Les fonctionnalités sont utiles.
FB_1273,CUST_510,2024-03-13,2,Réservation,Très bon accompagnement client.
FB_1274,CUST_1324,2024-08-15,5,Organisation,Interface claire.
FB_1275,CUST_862,2024-01-11,3,Qualité service,La plateforme aide vraiment au pilotage.
FB_1276,CUST_147,2024-08-26,2,Communication,La plateforme aide vraiment au pilotage.
FB_1277,CUST_66,2025-03-17,4,Réservation,La plateforme aide vraiment au pilotage.
FB_1278,CUST_381,2025-03-11,4,Prix,La plateforme aide vraiment au pilotage.
FB_1279,CUST_1397,2024-08-18,3,Aucune plainte,L’outil est simple à utiliser.
FB_1280,CUST_457,2025-04-03,1,Qualité service,Interface claire.
FB_1281,CUST_866,2024-09-27,1,Qualité service,Quelques lenteurs observées.
FB_1282,CUST_412,2024-11-18,2,Réservation,La documentation pourrait être plus claire.
FB_1283,CUST_87,2024-01-31,2,Support client,Le prix est élevé pour une petite équipe.
FB_1284,CUST_41,2024-10-11,5,Communication,Le support a répondu rapidement.
FB_1285,CUST_1400,2024-11-12,4,Réservation,La configuration initiale est un peu longue.
FB_1286,CUST_173,2024-05-01,2,Aucune plainte,Interface claire.
FB_1287,CUST_881,2024-05-02,4,Organisation,Très bon accompagnement client.
FB_1288,CUST_1436,2025-03-25,2,Prix,Le prix est élevé pour une petite équipe.
FB_1289,CUST_1006,2024-05-30,4,Organisation,La documentation pourrait être plus claire.
FB_1290,CUST_401,2024-04-30,4,Prix,Les fonctionnalités sont utiles.
FB_1291,CUST_881,2025-01-29,3,Réservation,La configuration initiale est un peu longue.
FB_1292,CUST_807,2025-02-01,5,Support client,Les fonctionnalités sont utiles.
FB_1293,CUST_481,2024-09-06,4,Réservation,La plateforme aide vraiment au pilotage.
FB_1294,CUST_1029,2024-05-22,1,Organisation,Les fonctionnalités sont utiles.
FB_1295,CUST_607,2024-04-19,4,Réservation,Les fonctionnalités sont utiles.
FB_1296,CUST_296,2025-05-22,1,Qualité service,Quelques lenteurs observées.
FB_1297,CUST_1015,2024-09-01,1,Organisation,La plateforme aide vraiment au pilotage.
FB_1298,CUST_1190,2025-03-13,3,Support client,La configuration initiale est un peu longue.
FB_1299,CUST_804,2025-03-04,3,Réservation,La documentation pourrait être plus claire.
FB_1300,CUST_332,2024-02-12,1,Aucune plainte,Très bon accompagnement client.
FB_1301,CUST_901,2024-06-09,4,Réservation,La documentation pourrait être plus claire.
FB_1302,CUST_783,2024-12-12,1,Réservation,Quelques lenteurs observées.
FB_1303,CUST_526,2025-05-27,5,Organisation,Très bon accompagnement client.
FB_1304,CUST_780,2024-01-20,2,Qualité service,Les fonctionnalités sont utiles.
FB_1305,CUST_906,2024-10-19,5,Organisation,Très bon accompagnement client.
FB_1306,CUST_471,2024-04-18,3,Aucune plainte,Le prix est élevé pour une petite équipe.
FB_1307,CUST_543,2024-10-14,2,Organisation,Interface claire.
FB_1308,CUST_964,2025-03-13,1,Prix,L’outil est simple à utiliser.
FB_1309,CUST_268,2025-05-22,4,Qualité service,L’outil est simple à utiliser.
FB_1310,CUST_164,2024-06-04,1,Organisation,Les fonctionnalités sont utiles.
FB_1311,CUST_703,2024-04-21,2,Qualité service,Le prix est élevé pour une petite équipe.
FB_1312,CUST_1216,2025-01-05,4,Prix,Le support a répondu rapidement.
FB_1313,CUST_627,2025-01-21,1,Communication,Le prix est élevé pour une petite équipe.
FB_1314,CUST_1319,2024-01-03,5,Aucune plainte,Quelques lenteurs observées.
FB_1315,CUST_1323,2024-08-25,4,Support client,Quelques lenteurs observées.
FB_1316,CUST_47,2024-12-21,5,Communication,L’outil est simple à utiliser.
FB_1317,CUST_243,2024-11-24,4,Réservation,Très bon accompagnement client.
FB_1318,CUST_10,2025-03-06,4,Prix,Interface claire.
FB_1319,CUST_1480,2025-03-01,5,Aucune plainte,L’outil est simple à utiliser.
FB_1320,CUST_438,2024-11-06,1,Organisation,La documentation pourrait être plus claire.
FB_1321,CUST_1248,2024-10-16,3,Prix,Interface claire.
FB_1322,CUST_407,2025-06-26,1,Qualité service,Le support a répondu rapidement.
FB_1323,CUST_919,2024-06-06,4,Prix,Interface claire.
FB_1324,CUST_1158,2025-04-05,3,Prix,La documentation pourrait être plus claire.
FB_1325,CUST_661,2024-05-17,2,Organisation,Quelques lenteurs observées.
FB_1326,CUST_991,2025-04-17,4,Support client,La documentation pourrait être plus claire.
FB_1327,CUST_902,2025-03-26,5,Support client,Le prix est élevé pour une petite équipe.
FB_1328,CUST_1097,2024-05-02,5,Prix,La documentation pourrait être plus claire.
FB_1329,CUST_1212,2024-02-23,2,Prix,Quelques lenteurs observées.
FB_1330,CUST_209,2025-02-16,1,Prix,Quelques lenteurs observées.
FB_1331,CUST_431,2025-04-25,1,Prix,Le support a répondu rapidement.
FB_1332,CUST_702,2024-03-29,4,Qualité service,Le prix est élevé pour une petite équipe.
FB_1333,CUST_560,2024-07-02,5,Qualité service,Le support a répondu rapidement.
FB_1334,CUST_95,2025-06-24,1,Aucune plainte,Le prix est élevé pour une petite équipe.
FB_1335,CUST_910,2024-10-11,4,Prix,Interface claire.
FB_1336,CUST_1489,2024-10-29,5,Prix,Les fonctionnalités sont utiles.
FB_1337,CUST_134,2024-06-19,4,Organisation,Les fonctionnalités sont utiles.
FB_1338,CUST_811,2024-08-12,1,Réservation,Le support a répondu rapidement.
FB_1339,CUST_314,2024-10-26,1,Communication,Le prix est élevé pour une petite équipe.
FB_1340,CUST_139,2025-06-13,3,Organisation,Le support a répondu rapidement.
FB_1341,CUST_1220,2025-03-21,1,Réservation,Le prix est élevé pour une petite équipe.
FB_1342,CUST_1056,2024-10-03,3,Support client,L’outil est simple à utiliser.
FB_1343,CUST_922,2024-11-22,5,Support client,La plateforme aide vraiment au pilotage.
FB_1344,CUST_762,2024-10-04,4,Communication,Interface claire.
FB_1345,CUST_168,2024-06-29,2,Prix,L’outil est simple à utiliser.
FB_1346,CUST_65,2024-04-24,1,Prix,La plateforme aide vraiment au pilotage.
FB_1347,CUST_391,2024-01-01,2,Organisation,Le prix est élevé pour une petite équipe.
FB_1348,CUST_9,2024-11-06,2,Communication,La documentation pourrait être plus claire.
FB_1349,CUST_167,2024-03-24,1,Communication,La documentation pourrait être plus claire.
FB_1350,CUST_384,2025-03-30,3,Support client,Interface claire.
FB_1351,CUST_508,2024-03-19,3,Communication,Très bon accompagnement client.
FB_1352,CUST_314,2024-10-07,1,Prix,La plateforme aide vraiment au pilotage.
FB_1353,CUST_1151,2024-09-28,2,Organisation,La configuration initiale est un peu longue.
FB_1354,CUST_197,2025-01-01,5,Organisation,Très bon accompagnement client.
FB_1355,CUST_1031,2024-04-12,5,Qualité service,La plateforme aide vraiment au pilotage.
FB_1356,CUST_274,2024-05-25,2,Communication,Le prix est élevé pour une petite équipe.
FB_1357,CUST_1238,2024-08-10,2,Support client,La documentation pourrait être plus claire.
FB_1358,CUST_225,2024-04-08,5,Réservation,Quelques lenteurs observées.
FB_1359,CUST_727,2024-07-26,4,Prix,Le prix est élevé pour une petite équipe.
FB_1360,CUST_329,2024-09-30,3,Communication,La documentation pourrait être plus claire.
FB_1361,CUST_984,2024-04-21,5,Support client,La configuration initiale est un peu longue.
FB_1362,CUST_1376,2024-01-25,4,Aucune plainte,Quelques lenteurs observées.
FB_1363,CUST_724,2024-01-24,4,Réservation,Interface claire.
FB_1364,CUST_1421,2025-01-20,5,Communication,L’outil est simple à utiliser.
FB_1365,CUST_1022,2024-05-22,4,Communication,La configuration initiale est un peu longue.
FB_1366,CUST_156,2024-03-20,3,Communication,L’outil est simple à utiliser.
FB_1367,CUST_668,2024-01-29,4,Qualité service,Le support a répondu rapidement.
FB_1368,CUST_872,2024-02-21,5,Support client,Le prix est élevé pour une petite équipe.
FB_1369,CUST_1038,2024-12-24,4,Organisation,Quelques lenteurs observées.
FB_1370,CUST_642,2024-01-08,3,Aucune plainte,La plateforme aide vraiment au pilotage.
FB_1371,CUST_173,2024-10-29,1,Qualité service,La documentation pourrait être plus claire.
FB_1372,CUST_787,2025-05-18,3,Qualité service,La documentation pourrait être plus claire.
FB_1373,CUST_97,2025-06-20,4,Qualité service,Les fonctionnalités sont utiles.
FB_1374,CUST_1408,2025-02-19,3,Qualité service,L’outil est simple à utiliser.
FB_1375,CUST_1358,2024-12-06,5,Aucune plainte,Le prix est élevé pour une petite équipe.
FB_1376,CUST_684,2025-06-14,5,Prix,Interface claire.
FB_1377,CUST_456,2024-08-12,5,Prix,La configuration initiale est un peu longue.
FB_1378,CUST_671,2024-09-14,5,Support client,La plateforme aide vraiment au pilotage.
FB_1379,CUST_716,2024-08-05,4,Communication,Interface claire.
FB_1380,CUST_980,2024-07-09,2,Qualité service,La plateforme aide vraiment au pilotage.
FB_1381,CUST_821,2025-01-25,4,Réservation,La documentation pourrait être plus claire.
FB_1382,CUST_1190,2025-05-07,4,Qualité service,La plateforme aide vraiment au pilotage.
FB_1383,CUST_462,2024-06-15,1,Prix,Interface claire.
FB_1384,CUST_121,2024-12-18,2,Prix,Très bon accompagnement client.
FB_1385,CUST_1164,2024-05-05,2,Qualité service,Quelques lenteurs observées.
FB_1386,CUST_57,2024-10-22,3,Qualité service,L’outil est simple à utiliser.
FB_1387,CUST_685,2024-04-14,1,Communication,L’outil est simple à utiliser.
FB_1388,CUST_792,2024-09-30,1,Support client,Très bon accompagnement client.
FB_1389,CUST_1051,2024-03-14,4,Communication,L’outil est simple à utiliser.
FB_1390,CUST_1402,2024-01-07,1,Support client,Interface claire.
FB_1391,CUST_916,2024-05-21,4,Organisation,Très bon accompagnement client.
FB_1392,CUST_1212,2024-02-20,5,Support client,La plateforme aide vraiment au pilotage.
FB_1393,CUST_1165,2025-04-12,5,Prix,La configuration initiale est un peu longue.
FB_1394,CUST_44,2025-05-06,1,Prix,L’outil est simple à utiliser.
FB_1395,CUST_1354,2024-08-27,1,Prix,Les fonctionnalités sont utiles.
FB_1396,CUST_186,2024-07-31,3,Qualité service,Interface claire.
FB_1397,CUST_431,2024-01-07,4,Communication,La plateforme aide vraiment au pilotage.
FB_1398,CUST_606,2025-01-06,5,Communication,Le prix est élevé pour une petite équipe.
FB_1399,CUST_1500,2024-03-06,1,Prix,Les fonctionnalités sont utiles.
FB_1400,CUST_879,2024-01-03,3,Communication,La plateforme aide vraiment au pilotage.
FB_1401,CUST_290,2025-01-24,4,Communication,La documentation pourrait être plus claire.
FB_1402,CUST_1226,2024-08-10,2,Organisation,Très bon accompagnement client.
FB_1403,CUST_787,2024-09-15,1,Support client,La documentation pourrait être plus claire.
FB_1404,CUST_942,2024-05-14,5,Prix,L’outil est simple à utiliser.
FB_1405,CUST_872,2024-09-19,1,Réservation,Le support a répondu rapidement.
FB_1406,CUST_6,2025-05-09,2,Réservation,Très bon accompagnement client.
FB_1407,CUST_1331,2024-09-12,5,Aucune plainte,La configuration initiale est un peu longue.
FB_1408,CUST_111,2025-05-12,5,Réservation,Quelques lenteurs observées.
FB_1409,CUST_577,2024-06-01,1,Support client,Le prix est élevé pour une petite équipe.
FB_1410,CUST_518,2024-09-10,1,Communication,La documentation pourrait être plus claire.
FB_1411,CUST_765,2024-10-15,5,Prix,Quelques lenteurs observées.
FB_1412,CUST_120,2024-11-17,2,Aucune plainte,Très bon accompagnement client.
FB_1413,CUST_1102,2024-12-24,1,Organisation,L’outil est simple à utiliser.
FB_1414,CUST_1301,2024-05-10,5,Qualité service,Très bon accompagnement client.
FB_1415,CUST_550,2025-03-14,4,Prix,Interface claire.
FB_1416,CUST_557,2024-07-12,4,Réservation,L’outil est simple à utiliser.
FB_1417,CUST_1192,2024-02-24,4,Réservation,Le support a répondu rapidement.
FB_1418,CUST_958,2025-04-12,5,Organisation,L’outil est simple à utiliser.
FB_1419,CUST_1026,2025-02-05,4,Organisation,L’outil est simple à utiliser.
FB_1420,CUST_1266,2024-06-09,3,Prix,Le prix est élevé pour une petite équipe.
FB_1421,CUST_504,2024-06-19,5,Aucune plainte,Les fonctionnalités sont utiles.
FB_1422,CUST_378,2025-06-26,4,Aucune plainte,La documentation pourrait être plus claire.
FB_1423,CUST_1384,2025-04-15,5,Communication,L’outil est simple à utiliser.
FB_1424,CUST_1454,2024-01-23,1,Communication,Quelques lenteurs observées.
FB_1425,CUST_526,2024-01-16,4,Organisation,Très bon accompagnement client.
FB_1426,CUST_247,2024-11-15,5,Support client,La documentation pourrait être plus claire.
FB_1427,CUST_431,2025-04-14,1,Prix,La documentation pourrait être plus claire.
FB_1428,CUST_1432,2025-05-18,5,Prix,La plateforme aide vraiment au pilotage.
FB_1429,CUST_1242,2024-01-12,3,Prix,Quelques lenteurs observées.
FB_1430,CUST_646,2025-05-22,1,Communication,La configuration initiale est un peu longue.
FB_1431,CUST_963,2024-09-02,3,Communication,Les fonctionnalités sont utiles.
FB_1432,CUST_307,2024-03-12,1,Aucune plainte,Les fonctionnalités sont utiles.
FB_1433,CUST_1093,2025-06-26,2,Qualité service,Très bon accompagnement client.
FB_1434,CUST_1422,2024-06-02,3,Prix,L’outil est simple à utiliser.
FB_1435,CUST_1474,2025-06-04,4,Qualité service,La configuration initiale est un peu longue.
FB_1436,CUST_1356,2024-05-24,5,Communication,La plateforme aide vraiment au pilotage.
FB_1437,CUST_1349,2024-03-06,4,Communication,Très bon accompagnement client.
FB_1438,CUST_37,2024-02-08,2,Communication,Interface claire.
FB_1439,CUST_519,2025-05-16,5,Réservation,La documentation pourrait être plus claire.
FB_1440,CUST_1250,2024-01-31,5,Réservation,Le support a répondu rapidement.
FB_1441,CUST_660,2025-05-24,2,Organisation,La configuration initiale est un peu longue.
FB_1442,CUST_811,2024-05-25,3,Organisation,Interface claire.
FB_1443,CUST_1242,2024-11-05,2,Qualité service,La documentation pourrait être plus claire.
FB_1444,CUST_1315,2024-07-17,2,Organisation,La documentation pourrait être plus claire.
FB_1445,CUST_614,2024-07-25,5,Réservation,Le prix est élevé pour une petite équipe.
FB_1446,CUST_562,2024-01-24,1,Support client,La configuration initiale est un peu longue.
FB_1447,CUST_983,2025-04-16,5,Prix,L’outil est simple à utiliser.
FB_1448,CUST_410,2024-12-24,3,Réservation,L’outil est simple à utiliser.
FB_1449,CUST_709,2024-06-26,2,Communication,Le support a répondu rapidement.
FB_1450,CUST_378,2024-10-03,4,Communication,Les fonctionnalités sont utiles.
FB_1451,CUST_1331,2024-12-01,3,Réservation,La plateforme aide vraiment au pilotage.
FB_1452,CUST_1121,2024-04-02,3,Prix,Quelques lenteurs observées.
FB_1453,CUST_605,2024-12-06,3,Organisation,La configuration initiale est un peu longue.
FB_1454,CUST_51,2024-04-20,2,Organisation,L’outil est simple à utiliser.
FB_1455,CUST_325,2025-02-24,2,Aucune plainte,La plateforme aide vraiment au pilotage.
FB_1456,CUST_974,2024-06-08,2,Organisation,L’outil est simple à utiliser.
FB_1457,CUST_1391,2024-11-17,4,Organisation,La configuration initiale est un peu longue.
FB_1458,CUST_551,2024-06-19,2,Aucune plainte,L’outil est simple à utiliser.
FB_1459,CUST_320,2024-07-16,3,Réservation,Très bon accompagnement client.
FB_1460,CUST_1112,2024-12-17,1,Prix,Les fonctionnalités sont utiles.
FB_1461,CUST_98,2024-02-07,1,Communication,Très bon accompagnement client.
FB_1462,CUST_319,2024-05-02,1,Organisation,Le support a répondu rapidement.
FB_1463,CUST_811,2024-03-27,1,Prix,Les fonctionnalités sont utiles.
FB_1464,CUST_1124,2025-06-17,5,Organisation,La configuration initiale est un peu longue.
FB_1465,CUST_577,2024-06-20,2,Support client,Les fonctionnalités sont utiles.
FB_1466,CUST_1323,2025-03-27,3,Support client,Les fonctionnalités sont utiles.
FB_1467,CUST_1230,2024-08-10,3,Prix,Le support a répondu rapidement.
FB_1468,CUST_1375,2024-07-16,2,Aucune plainte,La documentation pourrait être plus claire.
FB_1469,CUST_861,2024-05-14,5,Prix,La documentation pourrait être plus claire.
FB_1470,CUST_1308,2024-07-10,3,Réservation,Quelques lenteurs observées.
FB_1471,CUST_259,2025-06-03,1,Qualité service,Le support a répondu rapidement.
FB_1472,CUST_207,2024-01-19,2,Communication,Le support a répondu rapidement.
FB_1473,CUST_415,2024-10-12,1,Communication,Le prix est élevé pour une petite équipe.
FB_1474,CUST_726,2025-04-10,3,Aucune plainte,La documentation pourrait être plus claire.
FB_1475,CUST_620,2024-04-18,5,Prix,La plateforme aide vraiment au pilotage.
FB_1476,CUST_1294,2024-11-23,4,Prix,La configuration initiale est un peu longue.
FB_1477,CUST_33,2024-11-09,5,Organisation,Très bon accompagnement client.
FB_1478,CUST_1440,2024-10-13,3,Qualité service,Les fonctionnalités sont utiles.
FB_1479,CUST_1134,2024-04-30,2,Support client,L’outil est simple à utiliser.
FB_1480,CUST_706,2024-11-26,5,Aucune plainte,Interface claire.
FB_1481,CUST_123,2024-01-28,4,Réservation,L’outil est simple à utiliser.
FB_1482,CUST_703,2024-02-23,2,Qualité service,L’outil est simple à utiliser.
FB_1483,CUST_1049,2025-01-30,1,Prix,Le support a répondu rapidement.
FB_1484,CUST_904,2024-02-06,5,Organisation,Interface claire.
FB_1485,CUST_966,2024-03-09,1,Aucune plainte,La documentation pourrait être plus claire.
FB_1486,CUST_1047,2024-08-15,3,Réservation,Interface claire.
FB_1487,CUST_1203,2024-02-21,3,Support client,Le prix est élevé pour une petite équipe.
FB_1488,CUST_675,2024-06-22,3,Organisation,La configuration initiale est un peu longue.
FB_1489,CUST_926,2024-07-15,2,Réservation,Très bon accompagnement client.
FB_1490,CUST_1260,2024-12-31,4,Qualité service,La configuration initiale est un peu longue.
FB_1491,CUST_145,2024-10-15,3,Aucune plainte,La plateforme aide vraiment au pilotage.
FB_1492,CUST_15,2024-12-06,5,Qualité service,Le prix est élevé pour une petite équipe.
FB_1493,CUST_1251,2024-11-06,4,Organisation,La configuration initiale est un peu longue.
FB_1494,CUST_498,2024-04-11,2,Communication,L’outil est simple à utiliser.
FB_1495,CUST_137,2024-08-22,5,Prix,L’outil est simple à utiliser.
FB_1496,CUST_1168,2024-06-25,3,Qualité service,Interface claire.
FB_1497,CUST_1152,2024-07-09,1,Aucune plainte,Quelques lenteurs observées.
FB_1498,CUST_1242,2024-04-17,4,Aucune plainte,L’outil est simple à utiliser.
FB_1499,CUST_1455,2024-11-08,4,Qualité service,L’outil est simple à utiliser.
FB_1500,CUST_469,2024-10-01,5,Support client,La documentation pourrait être plus claire.
FB_1501,CUST_688,2024-08-24,4,Organisation,Le prix est élevé pour une petite équipe.
FB_1502,CUST_481,2024-04-05,3,Aucune plainte,Quelques lenteurs observées.
FB_1503,CUST_482,2024-03-29,3,Aucune plainte,Le prix est élevé pour une petite équipe.
FB_1504,CUST_1024,2025-02-03,5,Qualité service,Interface claire.
FB_1505,CUST_391,2024-08-10,4,Communication,Très bon accompagnement client.
FB_1506,CUST_1378,2024-08-26,3,Réservation,La plateforme aide vraiment au pilotage.
FB_1507,CUST_1445,2024-07-25,4,Prix,Quelques lenteurs observées.
FB_1508,CUST_1345,2024-03-24,5,Support client,L’outil est simple à utiliser.
FB_1509,CUST_1397,2024-11-28,2,Communication,Le prix est élevé pour une petite équipe.
FB_1510,CUST_770,2025-04-21,2,Organisation,Quelques lenteurs observées.
FB_1511,CUST_990,2025-05-21,5,Qualité service,Le support a répondu rapidement.
FB_1512,CUST_1337,2025-02-19,3,Communication,La configuration initiale est un peu longue.
FB_1513,CUST_159,2025-03-26,2,Qualité service,Le support a répondu rapidement.
FB_1514,CUST_1297,2024-05-06,3,Organisation,Les fonctionnalités sont utiles.
FB_1515,CUST_849,2025-03-15,3,Organisation,La plateforme aide vraiment au pilotage.
FB_1516,CUST_1130,2025-03-30,5,Réservation,La documentation pourrait être plus claire.
FB_1517,CUST_868,2025-03-31,2,Qualité service,Très bon accompagnement client.
FB_1518,CUST_741,2025-02-04,1,Qualité service,La configuration initiale est un peu longue.
FB_1519,CUST_280,2025-06-18,3,Organisation,Le support a répondu rapidement.
FB_1520,CUST_1466,2024-05-07,2,Communication,Les fonctionnalités sont utiles.
FB_1521,CUST_1266,2024-09-13,1,Organisation,Le support a répondu rapidement.
FB_1522,CUST_1070,2025-01-23,2,Réservation,L’outil est simple à utiliser.
FB_1523,CUST_63,2024-09-26,2,Aucune plainte,Quelques lenteurs observées.
FB_1524,CUST_893,2024-01-12,5,Organisation,La plateforme aide vraiment au pilotage.
FB_1525,CUST_1372,2024-11-13,5,Prix,Les fonctionnalités sont utiles.
FB_1526,CUST_1072,2025-02-26,4,Aucune plainte,La configuration initiale est un peu longue.
FB_1527,CUST_832,2025-01-24,3,Aucune plainte,La documentation pourrait être plus claire.
FB_1528,CUST_528,2025-01-02,3,Prix,La configuration initiale est un peu longue.
FB_1529,CUST_884,2024-02-26,2,Aucune plainte,La documentation pourrait être plus claire.
FB_1530,CUST_1216,2024-09-11,3,Réservation,Très bon accompagnement client.
FB_1531,CUST_629,2025-02-11,3,Organisation,La documentation pourrait être plus claire.
FB_1532,CUST_3,2025-05-01,4,Prix,Les fonctionnalités sont utiles.
FB_1533,CUST_168,2025-06-10,4,Qualité service,La documentation pourrait être plus claire.
FB_1534,CUST_1489,2024-05-24,3,Réservation,Très bon accompagnement client.
FB_1535,CUST_1225,2024-06-06,2,Organisation,Quelques lenteurs observées.
FB_1536,CUST_236,2025-05-17,1,Aucune plainte,La configuration initiale est un peu longue.
FB_1537,CUST_1220,2025-01-15,3,Qualité service,Interface claire.
FB_1538,CUST_433,2024-07-16,5,Communication,Le support a répondu rapidement.
FB_1539,CUST_790,2024-05-17,4,Communication,La configuration initiale est un peu longue.
FB_1540,CUST_370,2024-07-26,2,Qualité service,La plateforme aide vraiment au pilotage.
FB_1541,CUST_336,2024-12-22,1,Organisation,Quelques lenteurs observées.
FB_1542,CUST_1263,2024-05-14,2,Réservation,La configuration initiale est un peu longue.
FB_1543,CUST_181,2025-02-16,5,Aucune plainte,Le prix est élevé pour une petite équipe.
FB_1544,CUST_880,2024-02-15,1,Organisation,Les fonctionnalités sont utiles.
FB_1545,CUST_1397,2025-06-10,4,Qualité service,Quelques lenteurs observées.
FB_1546,CUST_1118,2024-10-29,4,Communication,La configuration initiale est un peu longue.
FB_1547,CUST_1281,2024-11-22,5,Organisation,Les fonctionnalités sont utiles.
FB_1548,CUST_1166,2024-10-23,1,Prix,Les fonctionnalités sont utiles.
FB_1549,CUST_353,2024-07-31,4,Qualité service,L’outil est simple à utiliser.
FB_1550,CUST_411,2025-04-26,4,Support client,La configuration initiale est un peu longue.
FB_1551,CUST_536,2025-01-27,2,Organisation,La plateforme aide vraiment au pilotage.
FB_1552,CUST_630,2024-08-31,4,Support client,Très bon accompagnement client.
FB_1553,CUST_1238,2024-07-02,2,Communication,Très bon accompagnement client.
FB_1554,CUST_216,2024-10-23,4,Prix,L’outil est simple à utiliser.
FB_1555,CUST_1436,2025-04-16,3,Prix,Le prix est élevé pour une petite équipe.
FB_1556,CUST_1479,2024-06-22,2,Organisation,Très bon accompagnement client.
FB_1557,CUST_353,2025-04-04,4,Organisation,Très bon accompagnement client.
FB_1558,CUST_110,2024-04-15,2,Prix,Le prix est élevé pour une petite équipe.
FB_1559,CUST_1012,2024-03-06,2,Qualité service,Quelques lenteurs observées.
FB_1560,CUST_1355,2024-10-11,2,Réservation,Le support a répondu rapidement.
FB_1561,CUST_246,2024-12-14,1,Aucune plainte,Le prix est élevé pour une petite équipe.
FB_1562,CUST_631,2024-01-25,3,Prix,L’outil est simple à utiliser.
FB_1563,CUST_1299,2024-01-03,1,Réservation,Le support a répondu rapidement.
FB_1564,CUST_572,2025-05-12,5,Prix,Très bon accompagnement client.
FB_1565,CUST_981,2024-05-31,1,Aucune plainte,La configuration initiale est un peu longue.
FB_1566,CUST_872,2024-08-01,4,Support client,La plateforme aide vraiment au pilotage.
FB_1567,CUST_120,2025-05-27,3,Support client,Le prix est élevé pour une petite équipe.
FB_1568,CUST_1420,2025-06-07,5,Qualité service,Très bon accompagnement client.
FB_1569,CUST_992,2024-05-25,5,Communication,La configuration initiale est un peu longue.
FB_1570,CUST_1014,2024-07-07,1,Qualité service,Les fonctionnalités sont utiles.
FB_1571,CUST_888,2024-12-22,1,Support client,Le prix est élevé pour une petite équipe.
FB_1572,CUST_692,2024-01-17,1,Réservation,Quelques lenteurs observées.
FB_1573,CUST_1227,2024-06-07,2,Prix,La documentation pourrait être plus claire.
FB_1574,CUST_94,2025-04-05,1,Communication,La plateforme aide vraiment au pilotage.
FB_1575,CUST_340,2024-05-22,1,Organisation,Le support a répondu rapidement.
FB_1576,CUST_826,2024-06-18,3,Organisation,La documentation pourrait être plus claire.
FB_1577,CUST_919,2024-12-26,1,Organisation,Interface claire.
FB_1578,CUST_818,2024-06-24,2,Qualité service,La plateforme aide vraiment au pilotage.
FB_1579,CUST_714,2024-07-19,4,Support client,Quelques lenteurs observées.
FB_1580,CUST_490,2024-08-07,5,Communication,Très bon accompagnement client.
FB_1581,CUST_753,2024-04-21,1,Communication,Interface claire.
FB_1582,CUST_1099,2024-07-20,5,Aucune plainte,La documentation pourrait être plus claire.
FB_1583,CUST_1227,2024-05-30,2,Organisation,Le prix est élevé pour une petite équipe.
FB_1584,CUST_1011,2025-03-22,4,Support client,Le support a répondu rapidement.
FB_1585,CUST_1009,2024-12-23,2,Communication,Le support a répondu rapidement.
FB_1586,CUST_1164,2024-08-17,2,Réservation,Les fonctionnalités sont utiles.
FB_1587,CUST_1105,2024-05-05,5,Support client,Les fonctionnalités sont utiles.
FB_1588,CUST_921,2025-03-28,5,Organisation,L’outil est simple à utiliser.
FB_1589,CUST_1251,2024-09-20,4,Prix,La plateforme aide vraiment au pilotage.
FB_1590,CUST_885,2024-02-17,4,Support client,Le support a répondu rapidement.
FB_1591,CUST_1062,2024-08-03,2,Support client,La configuration initiale est un peu longue.
FB_1592,CUST_1286,2024-02-10,3,Aucune plainte,L’outil est simple à utiliser.
FB_1593,CUST_276,2025-04-01,1,Organisation,Le prix est élevé pour une petite équipe.
FB_1594,CUST_316,2025-06-06,4,Support client,Le support a répondu rapidement.
FB_1595,CUST_1302,2024-12-15,5,Organisation,La plateforme aide vraiment au pilotage.
FB_1596,CUST_215,2024-07-17,4,Aucune plainte,La documentation pourrait être plus claire.
FB_1597,CUST_765,2025-03-10,2,Prix,Quelques lenteurs observées.
FB_1598,CUST_1114,2024-06-23,5,Support client,La plateforme aide vraiment au pilotage.
FB_1599,CUST_1074,2024-04-28,1,Support client,Très bon accompagnement client.
FB_1600,CUST_1012,2024-07-09,4,Aucune plainte,La documentation pourrait être plus claire.
FB_1601,CUST_1414,2024-03-08,1,Réservation,La plateforme aide vraiment au pilotage.
FB_1602,CUST_708,2024-05-16,4,Organisation,Très bon accompagnement client.
FB_1603,CUST_829,2024-08-17,3,Aucune plainte,Les fonctionnalités sont utiles.
FB_1604,CUST_1186,2024-07-24,2,Communication,La plateforme aide vraiment au pilotage.
FB_1605,CUST_349,2024-02-24,3,Qualité service,La documentation pourrait être plus claire.
FB_1606,CUST_1051,2025-02-18,2,Communication,La plateforme aide vraiment au pilotage.
FB_1607,CUST_344,2024-05-01,3,Organisation,La plateforme aide vraiment au pilotage.
FB_1608,CUST_660,2024-12-07,3,Qualité service,Les fonctionnalités sont utiles.
FB_1609,CUST_723,2025-05-27,1,Réservation,La documentation pourrait être plus claire.
FB_1610,CUST_960,2025-02-24,2,Qualité service,Les fonctionnalités sont utiles.
FB_1611,CUST_494,2025-03-09,4,Prix,L’outil est simple à utiliser.
FB_1612,CUST_918,2024-12-26,2,Aucune plainte,La plateforme aide vraiment au pilotage.
FB_1613,CUST_360,2025-03-14,5,Prix,La configuration initiale est un peu longue.
FB_1614,CUST_258,2024-04-27,3,Support client,Le prix est élevé pour une petite équipe.
FB_1615,CUST_1330,2024-03-31,4,Support client,Le prix est élevé pour une petite équipe.
FB_1616,CUST_311,2024-03-21,5,Support client,Très bon accompagnement client.
FB_1617,CUST_658,2025-06-04,5,Aucune plainte,La documentation pourrait être plus claire.
FB_1618,CUST_1319,2024-09-25,5,Communication,L’outil est simple à utiliser.
FB_1619,CUST_350,2025-02-15,1,Réservation,Quelques lenteurs observées.
FB_1620,CUST_210,2024-01-14,5,Support client,Les fonctionnalités sont utiles.
FB_1621,CUST_1338,2024-03-09,3,Prix,Les fonctionnalités sont utiles.
FB_1622,CUST_1336,2024-02-21,4,Organisation,Les fonctionnalités sont utiles.
FB_1623,CUST_64,2025-05-23,4,Qualité service,Quelques lenteurs observées.
FB_1624,CUST_679,2025-04-28,4,Organisation,Très bon accompagnement client.
FB_1625,CUST_1249,2024-12-14,1,Aucune plainte,La documentation pourrait être plus claire.
FB_1626,CUST_626,2024-03-27,5,Communication,La documentation pourrait être plus claire.
FB_1627,CUST_607,2025-05-18,1,Communication,La configuration initiale est un peu longue.
FB_1628,CUST_1313,2024-01-12,4,Support client,Les fonctionnalités sont utiles.
FB_1629,CUST_868,2025-06-30,4,Support client,Le prix est élevé pour une petite équipe.
FB_1630,CUST_743,2025-05-08,2,Communication,Le prix est élevé pour une petite équipe.
FB_1631,CUST_1274,2024-01-25,3,Communication,Très bon accompagnement client.
FB_1632,CUST_855,2025-06-06,1,Communication,Le prix est élevé pour une petite équipe.
FB_1633,CUST_953,2024-09-08,1,Organisation,L’outil est simple à utiliser.
FB_1634,CUST_997,2024-02-04,2,Support client,La configuration initiale est un peu longue.
FB_1635,CUST_986,2024-09-05,4,Qualité service,Le prix est élevé pour une petite équipe.
FB_1636,CUST_340,2024-09-01,2,Support client,La plateforme aide vraiment au pilotage.
FB_1637,CUST_681,2024-02-13,1,Réservation,La plateforme aide vraiment au pilotage.
FB_1638,CUST_530,2024-07-22,2,Communication,La configuration initiale est un peu longue.
FB_1639,CUST_626,2025-01-23,3,Qualité service,L’outil est simple à utiliser.
FB_1640,CUST_219,2025-02-25,2,Réservation,Quelques lenteurs observées.
FB_1641,CUST_166,2024-10-22,3,Prix,Le support a répondu rapidement.
FB_1642,CUST_925,2025-02-15,3,Réservation,L’outil est simple à utiliser.
FB_1643,CUST_1363,2024-04-07,5,Prix,La configuration initiale est un peu longue.
FB_1644,CUST_707,2025-05-17,1,Aucune plainte,Le prix est élevé pour une petite équipe.
FB_1645,CUST_346,2024-08-08,4,Qualité service,La plateforme aide vraiment au pilotage.
FB_1646,CUST_1369,2024-01-08,3,Qualité service,La plateforme aide vraiment au pilotage.
FB_1647,CUST_894,2024-11-07,2,Qualité service,La plateforme aide vraiment au pilotage.
FB_1648,CUST_623,2025-03-07,2,Communication,Interface claire.
FB_1649,CUST_865,2025-01-18,4,Qualité service,Le support a répondu rapidement.
FB_1650,CUST_116,2024-11-20,5,Prix,Quelques lenteurs observées.
FB_1651,CUST_135,2024-12-09,2,Communication,Quelques lenteurs observées.
FB_1652,CUST_745,2024-01-22,2,Aucune plainte,L’outil est simple à utiliser.
FB_1653,CUST_581,2024-01-05,5,Réservation,Quelques lenteurs observées.
FB_1654,CUST_1279,2024-10-04,3,Réservation,La configuration initiale est un peu longue.
FB_1655,CUST_958,2024-05-31,3,Aucune plainte,Le prix est élevé pour une petite équipe.
FB_1656,CUST_468,2024-08-19,5,Réservation,Le prix est élevé pour une petite équipe.
FB_1657,CUST_808,2024-02-04,3,Réservation,La documentation pourrait être plus claire.
FB_1658,CUST_734,2024-03-11,4,Support client,Interface claire.
FB_1659,CUST_475,2025-06-20,3,Support client,Très bon accompagnement client.
FB_1660,CUST_18,2024-06-24,1,Qualité service,La configuration initiale est un peu longue.
FB_1661,CUST_299,2024-07-30,2,Organisation,Le prix est élevé pour une petite équipe.
FB_1662,CUST_388,2024-05-06,5,Support client,Interface claire.
FB_1663,CUST_615,2024-11-09,4,Réservation,Les fonctionnalités sont utiles.
FB_1664,CUST_420,2024-04-24,1,Aucune plainte,Le support a répondu rapidement.
FB_1665,CUST_1061,2025-01-27,5,Prix,Interface claire.
FB_1666,CUST_992,2024-01-31,5,Aucune plainte,Le prix est élevé pour une petite équipe.
FB_1667,CUST_1449,2024-06-03,2,Communication,Le prix est élevé pour une petite équipe.
FB_1668,CUST_1045,2024-07-22,2,Prix,Les fonctionnalités sont utiles.
FB_1669,CUST_1236,2024-09-06,1,Organisation,La plateforme aide vraiment au pilotage.
FB_1670,CUST_983,2024-05-19,3,Communication,La configuration initiale est un peu longue.
FB_1671,CUST_1352,2024-04-29,3,Réservation,L’outil est simple à utiliser.
FB_1672,CUST_467,2025-02-27,1,Communication,Le prix est élevé pour une petite équipe.
FB_1673,CUST_66,2025-04-28,5,Communication,Très bon accompagnement client.
FB_1674,CUST_1131,2024-07-28,2,Organisation,Interface claire.
FB_1675,CUST_159,2024-02-09,5,Organisation,La configuration initiale est un peu longue.
FB_1676,CUST_733,2025-06-06,2,Aucune plainte,L’outil est simple à utiliser.
FB_1677,CUST_1046,2024-09-04,4,Communication,Le support a répondu rapidement.
FB_1678,CUST_970,2024-09-06,4,Support client,Quelques lenteurs observées.
FB_1679,CUST_807,2024-07-05,5,Support client,La plateforme aide vraiment au pilotage.
FB_1680,CUST_1393,2025-06-11,2,Communication,Quelques lenteurs observées.
FB_1681,CUST_386,2025-01-11,5,Qualité service,Les fonctionnalités sont utiles.
FB_1682,CUST_1264,2025-05-07,5,Support client,L’outil est simple à utiliser.
FB_1683,CUST_251,2024-08-16,1,Organisation,Les fonctionnalités sont utiles.
FB_1684,CUST_1400,2024-11-06,2,Prix,L’outil est simple à utiliser.
FB_1685,CUST_1262,2025-01-10,1,Organisation,Le prix est élevé pour une petite équipe.
FB_1686,CUST_1371,2025-03-15,1,Aucune plainte,La plateforme aide vraiment au pilotage.
FB_1687,CUST_232,2025-02-22,2,Communication,La plateforme aide vraiment au pilotage.
FB_1688,CUST_361,2025-01-26,3,Qualité service,La plateforme aide vraiment au pilotage.
FB_1689,CUST_1162,2024-01-24,2,Réservation,Les fonctionnalités sont utiles.
FB_1690,CUST_112,2024-01-16,1,Prix,Quelques lenteurs observées.
FB_1691,CUST_547,2024-05-31,2,Prix,Le support a répondu rapidement.
FB_1692,CUST_1191,2024-11-13,3,Prix,Les fonctionnalités sont utiles.
FB_1693,CUST_95,2025-05-30,3,Réservation,L’outil est simple à utiliser.
FB_1694,CUST_81,2024-11-11,5,Organisation,Les fonctionnalités sont utiles.
FB_1695,CUST_18,2024-11-28,4,Support client,La configuration initiale est un peu longue.
FB_1696,CUST_879,2025-05-04,4,Communication,Les fonctionnalités sont utiles.
FB_1697,CUST_1117,2024-09-15,4,Aucune plainte,La documentation pourrait être plus claire.
FB_1698,CUST_395,2025-03-15,1,Qualité service,Les fonctionnalités sont utiles.
FB_1699,CUST_807,2024-02-29,3,Prix,La documentation pourrait être plus claire.
FB_1700,CUST_644,2024-01-05,4,Support client,Les fonctionnalités sont utiles.
FB_1701,CUST_780,2025-01-08,5,Prix,Interface claire.
FB_1702,CUST_1026,2024-09-13,1,Communication,Les fonctionnalités sont utiles.
FB_1703,CUST_861,2024-12-15,3,Support client,La configuration initiale est un peu longue.
FB_1704,CUST_284,2024-12-28,1,Organisation,La configuration initiale est un peu longue.
FB_1705,CUST_664,2025-04-26,3,Qualité service,Les fonctionnalités sont utiles.
FB_1706,CUST_1435,2024-04-26,1,Communication,Les fonctionnalités sont utiles.
FB_1707,CUST_252,2025-05-03,1,Organisation,Le support a répondu rapidement.
FB_1708,CUST_457,2025-06-11,3,Aucune plainte,La documentation pourrait être plus claire.
FB_1709,CUST_1206,2025-06-26,1,Prix,L’outil est simple à utiliser.
FB_1710,CUST_1296,2025-06-17,1,Réservation,Le support a répondu rapidement.
FB_1711,CUST_289,2025-01-05,4,Prix,La configuration initiale est un peu longue.
FB_1712,CUST_873,2024-12-17,3,Réservation,Interface claire.
FB_1713,CUST_772,2024-04-12,5,Aucune plainte,Quelques lenteurs observées.
FB_1714,CUST_173,2024-08-02,4,Qualité service,La documentation pourrait être plus claire.
FB_1715,CUST_1380,2025-04-25,4,Communication,Interface claire.
FB_1716,CUST_1058,2025-01-20,3,Aucune plainte,Interface claire.
FB_1717,CUST_836,2024-12-25,1,Qualité service,Quelques lenteurs observées.
FB_1718,CUST_1238,2024-03-08,4,Qualité service,Le support a répondu rapidement.
FB_1719,CUST_414,2025-02-25,2,Support client,Quelques lenteurs observées.
FB_1720,CUST_992,2024-09-30,1,Réservation,Les fonctionnalités sont utiles.
FB_1721,CUST_325,2024-07-13,5,Organisation,La documentation pourrait être plus claire.
FB_1722,CUST_273,2025-05-03,4,Réservation,Interface claire.
FB_1723,CUST_1209,2025-03-29,3,Communication,L’outil est simple à utiliser.
FB_1724,CUST_897,2024-04-24,2,Communication,Le prix est élevé pour une petite équipe.
FB_1725,CUST_919,2024-02-05,1,Communication,Le support a répondu rapidement.
FB_1726,CUST_518,2025-02-22,2,Réservation,L’outil est simple à utiliser.
FB_1727,CUST_941,2024-06-21,1,Support client,La plateforme aide vraiment au pilotage.
FB_1728,CUST_528,2024-11-12,5,Support client,La documentation pourrait être plus claire.
FB_1729,CUST_934,2024-03-09,1,Organisation,Les fonctionnalités sont utiles.
FB_1730,CUST_552,2024-02-18,1,Réservation,La plateforme aide vraiment au pilotage.
FB_1731,CUST_1121,2024-04-19,4,Réservation,Très bon accompagnement client.
FB_1732,CUST_158,2025-06-19,1,Communication,Le support a répondu rapidement.
FB_1733,CUST_2,2024-04-30,3,Aucune plainte,Les fonctionnalités sont utiles.
FB_1734,CUST_822,2025-05-28,3,Organisation,Le prix est élevé pour une petite équipe.
FB_1735,CUST_131,2025-01-29,5,Réservation,Les fonctionnalités sont utiles.
FB_1736,CUST_804,2024-04-22,1,Support client,L’outil est simple à utiliser.
FB_1737,CUST_855,2024-01-05,3,Prix,Très bon accompagnement client.
FB_1738,CUST_697,2024-04-21,1,Aucune plainte,La documentation pourrait être plus claire.
FB_1739,CUST_393,2024-12-24,4,Qualité service,La documentation pourrait être plus claire.
FB_1740,CUST_999,2025-03-29,3,Support client,Quelques lenteurs observées.
FB_1741,CUST_296,2025-06-21,4,Support client,La plateforme aide vraiment au pilotage.
FB_1742,CUST_1023,2024-12-26,5,Organisation,Très bon accompagnement client.
FB_1743,CUST_1137,2024-09-03,1,Organisation,La documentation pourrait être plus claire.
FB_1744,CUST_289,2024-05-31,1,Support client,Quelques lenteurs observées.
FB_1745,CUST_224,2025-05-19,2,Support client,La configuration initiale est un peu longue.
FB_1746,CUST_202,2025-03-31,1,Organisation,Le prix est élevé pour une petite équipe.
FB_1747,CUST_447,2024-05-28,1,Réservation,La configuration initiale est un peu longue.
FB_1748,CUST_944,2025-02-07,1,Réservation,Interface claire.
FB_1749,CUST_1107,2024-07-19,5,Aucune plainte,La documentation pourrait être plus claire.
FB_1750,CUST_1279,2024-04-10,5,Aucune plainte,Le prix est élevé pour une petite équipe.
FB_1751,CUST_45,2024-08-07,4,Support client,Les fonctionnalités sont utiles.
FB_1752,CUST_439,2024-03-19,2,Réservation,Interface claire.
FB_1753,CUST_1117,2025-02-09,5,Prix,Les fonctionnalités sont utiles.
FB_1754,CUST_1172,2024-03-31,4,Communication,Les fonctionnalités sont utiles.
FB_1755,CUST_957,2024-12-20,5,Aucune plainte,Quelques lenteurs observées.
FB_1756,CUST_1278,2025-04-28,2,Support client,Très bon accompagnement client.
FB_1757,CUST_1138,2024-07-03,3,Qualité service,Le prix est élevé pour une petite équipe.
FB_1758,CUST_950,2024-09-25,2,Communication,L’outil est simple à utiliser.
FB_1759,CUST_492,2025-02-22,5,Organisation,La documentation pourrait être plus claire.
FB_1760,CUST_797,2025-06-04,5,Prix,La configuration initiale est un peu longue.
FB_1761,CUST_1200,2024-07-08,4,Support client,Les fonctionnalités sont utiles.
FB_1762,CUST_1329,2024-04-01,2,Communication,Quelques lenteurs observées.
FB_1763,CUST_1027,2024-04-07,3,Support client,La documentation pourrait être plus claire.
FB_1764,CUST_1061,2025-03-02,2,Support client,Quelques lenteurs observées.
FB_1765,CUST_964,2024-07-24,3,Support client,Quelques lenteurs observées.
FB_1766,CUST_179,2024-09-07,1,Qualité service,Quelques lenteurs observées.
FB_1767,CUST_635,2024-01-18,4,Aucune plainte,Les fonctionnalités sont utiles.
FB_1768,CUST_850,2025-06-17,2,Communication,Les fonctionnalités sont utiles.
FB_1769,CUST_1431,2025-03-14,3,Aucune plainte,Le prix est élevé pour une petite équipe.
FB_1770,CUST_1331,2024-11-29,2,Communication,Le support a répondu rapidement.
FB_1771,CUST_1342,2025-06-19,2,Prix,Interface claire.
FB_1772,CUST_513,2025-03-11,2,Communication,Interface claire.
FB_1773,CUST_154,2024-10-18,2,Réservation,Le prix est élevé pour une petite équipe.
FB_1774,CUST_301,2025-06-05,4,Communication,La configuration initiale est un peu longue.
FB_1775,CUST_530,2025-02-14,2,Organisation,Le prix est élevé pour une petite équipe.
FB_1776,CUST_1045,2025-03-14,5,Qualité service,Le support a répondu rapidement.
FB_1777,CUST_1298,2025-05-25,5,Aucune plainte,Quelques lenteurs observées.
FB_1778,CUST_605,2024-11-07,1,Réservation,La plateforme aide vraiment au pilotage.
FB_1779,CUST_145,2024-05-24,4,Qualité service,L’outil est simple à utiliser.
FB_1780,CUST_120,2025-05-17,2,Support client,Le support a répondu rapidement.
FB_1781,CUST_472,2024-03-09,4,Prix,La configuration initiale est un peu longue.
FB_1782,CUST_1401,2025-05-04,5,Organisation,Les fonctionnalités sont utiles.
FB_1783,CUST_1173,2024-08-26,2,Communication,Le prix est élevé pour une petite équipe.
FB_1784,CUST_349,2024-02-22,1,Organisation,Les fonctionnalités sont utiles.
FB_1785,CUST_318,2025-03-24,5,Communication,La plateforme aide vraiment au pilotage.
FB_1786,CUST_329,2024-02-27,2,Prix,La configuration initiale est un peu longue.
FB_1787,CUST_367,2025-02-21,3,Communication,Le support a répondu rapidement.
FB_1788,CUST_44,2024-04-22,2,Communication,Le prix est élevé pour une petite équipe.
FB_1789,CUST_1039,2024-01-17,4,Aucune plainte,Très bon accompagnement client.
FB_1790,CUST_253,2024-09-16,4,Qualité service,Le support a répondu rapidement.
FB_1791,CUST_985,2025-06-26,3,Organisation,La plateforme aide vraiment au pilotage.
FB_1792,CUST_1155,2025-04-27,3,Prix,Le prix est élevé pour une petite équipe.
FB_1793,CUST_139,2025-01-30,5,Communication,La plateforme aide vraiment au pilotage.
FB_1794,CUST_509,2024-10-17,1,Aucune plainte,Le prix est élevé pour une petite équipe.
FB_1795,CUST_464,2024-07-19,4,Support client,Le prix est élevé pour une petite équipe.
FB_1796,CUST_840,2024-03-23,3,Support client,Les fonctionnalités sont utiles.
FB_1797,CUST_761,2024-08-23,4,Support client,Très bon accompagnement client.
FB_1798,CUST_656,2025-01-15,1,Réservation,La configuration initiale est un peu longue.
FB_1799,CUST_1369,2024-09-05,4,Organisation,La documentation pourrait être plus claire.
FB_1800,CUST_1128,2024-11-22,5,Organisation,Quelques lenteurs observées.
FB_1801,CUST_1057,2024-10-21,5,Aucune plainte,L’outil est simple à utiliser.
FB_1802,CUST_543,2024-08-31,1,Aucune plainte,La configuration initiale est un peu longue.
FB_1803,CUST_470,2024-04-06,4,Réservation,L’outil est simple à utiliser.
FB_1804,CUST_608,2024-05-19,3,Prix,Le support a répondu rapidement.
FB_1805,CUST_843,2024-01-25,2,Support client,La configuration initiale est un peu longue.
FB_1806,CUST_1027,2024-10-14,2,Aucune plainte,Le support a répondu rapidement.
FB_1807,CUST_1231,2024-10-09,5,Communication,Très bon accompagnement client.
FB_1808,CUST_1141,2025-01-14,4,Prix,La documentation pourrait être plus claire.
FB_1809,CUST_1350,2024-12-18,1,Support client,Les fonctionnalités sont utiles.
FB_1810,CUST_1387,2024-11-01,5,Support client,Les fonctionnalités sont utiles.
FB_1811,CUST_484,2025-05-31,4,Aucune plainte,Les fonctionnalités sont utiles.
FB_1812,CUST_557,2025-06-12,3,Communication,Le prix est élevé pour une petite équipe.
FB_1813,CUST_1364,2024-04-02,2,Réservation,La plateforme aide vraiment au pilotage.
FB_1814,CUST_348,2024-07-11,3,Aucune plainte,Quelques lenteurs observées.
FB_1815,CUST_928,2025-06-14,4,Aucune plainte,Les fonctionnalités sont utiles.
FB_1816,CUST_428,2024-02-22,4,Réservation,La plateforme aide vraiment au pilotage.
FB_1817,CUST_16,2024-07-13,4,Aucune plainte,La configuration initiale est un peu longue.
FB_1818,CUST_1157,2024-10-21,1,Réservation,Les fonctionnalités sont utiles.
FB_1819,CUST_26,2024-08-27,1,Réservation,Le prix est élevé pour une petite équipe.
FB_1820,CUST_431,2025-02-11,5,Réservation,Les fonctionnalités sont utiles.
FB_1821,CUST_1241,2025-02-24,3,Aucune plainte,La configuration initiale est un peu longue.
FB_1822,CUST_1463,2024-07-14,4,Communication,Les fonctionnalités sont utiles.
FB_1823,CUST_130,2024-12-20,2,Organisation,Les fonctionnalités sont utiles.
FB_1824,CUST_1106,2025-01-26,3,Réservation,La documentation pourrait être plus claire.
FB_1825,CUST_1031,2024-12-20,5,Organisation,Le prix est élevé pour une petite équipe.
FB_1826,CUST_306,2024-07-09,3,Support client,La documentation pourrait être plus claire.
FB_1827,CUST_547,2024-05-30,1,Organisation,La plateforme aide vraiment au pilotage.
FB_1828,CUST_457,2024-08-22,2,Qualité service,La plateforme aide vraiment au pilotage.
FB_1829,CUST_460,2024-12-06,5,Prix,Très bon accompagnement client.
FB_1830,CUST_236,2024-05-04,3,Qualité service,Les fonctionnalités sont utiles.
FB_1831,CUST_1040,2024-09-16,1,Communication,Les fonctionnalités sont utiles.
FB_1832,CUST_1387,2024-08-15,3,Support client,L’outil est simple à utiliser.
FB_1833,CUST_1066,2024-03-23,5,Organisation,Les fonctionnalités sont utiles.
FB_1834,CUST_324,2025-03-11,1,Qualité service,Très bon accompagnement client.
FB_1835,CUST_135,2024-02-28,3,Qualité service,Les fonctionnalités sont utiles.
FB_1836,CUST_766,2024-12-06,4,Prix,La documentation pourrait être plus claire.
FB_1837,CUST_416,2025-02-25,5,Support client,La plateforme aide vraiment au pilotage.
FB_1838,CUST_1310,2024-06-23,4,Réservation,La plateforme aide vraiment au pilotage.
FB_1839,CUST_1215,2024-12-27,5,Réservation,Interface claire.
FB_1840,CUST_839,2025-05-25,4,Support client,Le support a répondu rapidement.
FB_1841,CUST_658,2024-03-16,2,Qualité service,Quelques lenteurs observées.
FB_1842,CUST_1093,2025-05-04,5,Support client,Le prix est élevé pour une petite équipe.
FB_1843,CUST_466,2024-07-31,2,Réservation,Très bon accompagnement client.
FB_1844,CUST_1224,2024-11-06,3,Aucune plainte,Le prix est élevé pour une petite équipe.
FB_1845,CUST_867,2024-06-21,4,Aucune plainte,Les fonctionnalités sont utiles.
FB_1846,CUST_596,2024-10-25,3,Organisation,Les fonctionnalités sont utiles.
FB_1847,CUST_304,2025-06-03,4,Support client,Le support a répondu rapidement.
FB_1848,CUST_993,2025-05-08,4,Aucune plainte,La configuration initiale est un peu longue.
FB_1849,CUST_949,2025-05-14,5,Qualité service,Quelques lenteurs observées.
FB_1850,CUST_552,2024-07-14,3,Aucune plainte,La documentation pourrait être plus claire.
FB_1851,CUST_292,2024-10-04,1,Support client,Les fonctionnalités sont utiles.
FB_1852,CUST_665,2024-04-03,4,Qualité service,Le support a répondu rapidement.
FB_1853,CUST_1475,2024-03-16,1,Organisation,Très bon accompagnement client.
FB_1854,CUST_930,2024-11-23,1,Réservation,La documentation pourrait être plus claire.
FB_1855,CUST_735,2024-08-24,2,Organisation,Le support a répondu rapidement.
FB_1856,CUST_825,2024-10-11,4,Prix,La documentation pourrait être plus claire.
FB_1857,CUST_1099,2024-05-21,1,Prix,L’outil est simple à utiliser.
FB_1858,CUST_899,2024-12-16,3,Qualité service,La plateforme aide vraiment au pilotage.
FB_1859,CUST_1340,2025-06-05,2,Support client,La documentation pourrait être plus claire.
FB_1860,CUST_1392,2024-07-07,5,Communication,Très bon accompagnement client.
FB_1861,CUST_297,2025-04-15,5,Communication,Le support a répondu rapidement.
FB_1862,CUST_300,2024-08-23,1,Support client,Très bon accompagnement client.
FB_1863,CUST_1380,2025-02-23,2,Aucune plainte,Le prix est élevé pour une petite équipe.
FB_1864,CUST_1109,2025-05-08,3,Support client,La plateforme aide vraiment au pilotage.
FB_1865,CUST_174,2024-10-27,5,Organisation,La configuration initiale est un peu longue.
FB_1866,CUST_1145,2024-12-28,4,Aucune plainte,Les fonctionnalités sont utiles.
FB_1867,CUST_105,2025-05-18,3,Support client,Le support a répondu rapidement.
FB_1868,CUST_639,2024-10-09,2,Aucune plainte,Interface claire.
FB_1869,CUST_945,2025-01-11,5,Communication,La plateforme aide vraiment au pilotage.
FB_1870,CUST_493,2024-08-08,5,Support client,Interface claire.
FB_1871,CUST_1026,2025-01-16,2,Communication,La documentation pourrait être plus claire.
FB_1872,CUST_1368,2024-10-21,2,Support client,Le support a répondu rapidement.
FB_1873,CUST_582,2024-09-22,4,Organisation,Interface claire.
FB_1874,CUST_664,2024-02-14,2,Communication,Très bon accompagnement client.
FB_1875,CUST_1331,2024-09-18,3,Organisation,Le prix est élevé pour une petite équipe.
FB_1876,CUST_706,2024-09-08,3,Organisation,Interface claire.
FB_1877,CUST_1427,2024-12-12,5,Organisation,L’outil est simple à utiliser.
FB_1878,CUST_445,2025-04-27,1,Prix,Les fonctionnalités sont utiles.
FB_1879,CUST_272,2025-02-28,1,Support client,Quelques lenteurs observées.
FB_1880,CUST_333,2025-06-21,3,Support client,Interface claire.
FB_1881,CUST_229,2024-04-03,2,Qualité service,Les fonctionnalités sont utiles.
FB_1882,CUST_793,2024-09-04,3,Organisation,Les fonctionnalités sont utiles.
FB_1883,CUST_531,2024-06-30,2,Support client,Quelques lenteurs observées.
FB_1884,CUST_1167,2024-02-13,4,Aucune plainte,Interface claire.
FB_1885,CUST_401,2024-01-05,5,Aucune plainte,Quelques lenteurs observées.
FB_1886,CUST_126,2025-02-23,3,Organisation,Très bon accompagnement client.
FB_1887,CUST_738,2024-10-03,4,Qualité service,Les fonctionnalités sont utiles.
FB_1888,CUST_542,2025-06-05,2,Prix,Le support a répondu rapidement.
FB_1889,CUST_1046,2024-08-18,4,Aucune plainte,Le support a répondu rapidement.
FB_1890,CUST_1382,2024-02-04,1,Qualité service,Le prix est élevé pour une petite équipe.
FB_1891,CUST_1286,2024-05-05,3,Support client,Quelques lenteurs observées.
FB_1892,CUST_1097,2024-03-04,4,Support client,La plateforme aide vraiment au pilotage.
FB_1893,CUST_978,2025-01-23,1,Support client,Les fonctionnalités sont utiles.
FB_1894,CUST_192,2024-07-16,2,Communication,La documentation pourrait être plus claire.
FB_1895,CUST_593,2024-03-13,2,Communication,La plateforme aide vraiment au pilotage.
FB_1896,CUST_1311,2024-04-28,3,Aucune plainte,Interface claire.
FB_1897,CUST_206,2024-08-25,2,Support client,Le support a répondu rapidement.
FB_1898,CUST_81,2024-10-15,2,Qualité service,Le support a répondu rapidement.
FB_1899,CUST_1368,2024-01-02,4,Réservation,Les fonctionnalités sont utiles.
FB_1900,CUST_1246,2024-12-06,4,Qualité service,La plateforme aide vraiment au pilotage.
FB_1901,CUST_798,2024-10-07,5,Communication,Très bon accompagnement client.
FB_1902,CUST_306,2024-12-05,5,Réservation,Interface claire.
FB_1903,CUST_72,2024-06-23,3,Qualité service,Quelques lenteurs observées.
FB_1904,CUST_652,2025-06-11,2,Prix,La plateforme aide vraiment au pilotage.
FB_1905,CUST_941,2025-04-05,2,Aucune plainte,Le prix est élevé pour une petite équipe.
FB_1906,CUST_324,2024-01-24,2,Aucune plainte,Les fonctionnalités sont utiles.
FB_1907,CUST_156,2024-05-29,5,Organisation,Quelques lenteurs observées.
FB_1908,CUST_1301,2025-03-02,1,Prix,Le prix est élevé pour une petite équipe.
FB_1909,CUST_144,2024-05-15,1,Communication,Très bon accompagnement client.
FB_1910,CUST_684,2025-01-03,1,Aucune plainte,La documentation pourrait être plus claire.
FB_1911,CUST_294,2024-06-24,5,Aucune plainte,L’outil est simple à utiliser.
FB_1912,CUST_838,2024-11-27,4,Communication,Le prix est élevé pour une petite équipe.
FB_1913,CUST_1337,2024-02-19,3,Prix,Le prix est élevé pour une petite équipe.
FB_1914,CUST_1294,2024-10-15,2,Aucune plainte,Les fonctionnalités sont utiles.
FB_1915,CUST_170,2024-10-16,4,Organisation,Très bon accompagnement client.
FB_1916,CUST_1242,2024-12-14,1,Prix,Le support a répondu rapidement.
FB_1917,CUST_539,2024-06-24,1,Aucune plainte,L’outil est simple à utiliser.
FB_1918,CUST_207,2024-01-25,5,Prix,L’outil est simple à utiliser.
FB_1919,CUST_182,2025-05-19,3,Qualité service,Le prix est élevé pour une petite équipe.
FB_1920,CUST_1155,2024-02-04,4,Communication,La documentation pourrait être plus claire.
FB_1921,CUST_968,2024-05-14,1,Support client,La plateforme aide vraiment au pilotage.
FB_1922,CUST_685,2025-02-19,3,Aucune plainte,La plateforme aide vraiment au pilotage.
FB_1923,CUST_471,2024-10-25,4,Organisation,Quelques lenteurs observées.
FB_1924,CUST_1049,2024-10-22,4,Réservation,Le support a répondu rapidement.
FB_1925,CUST_1050,2025-03-28,4,Prix,Très bon accompagnement client.
FB_1926,CUST_1433,2024-06-16,2,Réservation,La configuration initiale est un peu longue.
FB_1927,CUST_1481,2024-04-26,2,Réservation,Le support a répondu rapidement.
FB_1928,CUST_732,2024-07-11,2,Qualité service,L’outil est simple à utiliser.
FB_1929,CUST_156,2024-01-21,3,Réservation,Le support a répondu rapidement.
FB_1930,CUST_1280,2025-02-04,3,Aucune plainte,La configuration initiale est un peu longue.
FB_1931,CUST_795,2025-03-28,2,Prix,Les fonctionnalités sont utiles.
FB_1932,CUST_1102,2024-10-11,4,Organisation,Interface claire.
FB_1933,CUST_748,2024-01-19,2,Qualité service,La documentation pourrait être plus claire.
FB_1934,CUST_811,2024-06-15,5,Support client,La configuration initiale est un peu longue.
FB_1935,CUST_680,2024-01-30,4,Réservation,Très bon accompagnement client.
FB_1936,CUST_471,2025-04-08,1,Aucune plainte,La plateforme aide vraiment au pilotage.
FB_1937,CUST_212,2025-03-19,5,Support client,Le support a répondu rapidement.
FB_1938,CUST_454,2024-12-21,3,Organisation,Les fonctionnalités sont utiles.
FB_1939,CUST_215,2024-03-25,4,Réservation,Interface claire.
FB_1940,CUST_163,2025-02-06,5,Qualité service,Le prix est élevé pour une petite équipe.
FB_1941,CUST_1487,2024-03-02,3,Prix,La documentation pourrait être plus claire.
FB_1942,CUST_925,2024-09-24,1,Aucune plainte,Très bon accompagnement client.
FB_1943,CUST_1353,2024-12-26,2,Organisation,Très bon accompagnement client.
FB_1944,CUST_159,2024-03-03,2,Aucune plainte,L’outil est simple à utiliser.
FB_1945,CUST_847,2025-03-17,3,Aucune plainte,La plateforme aide vraiment au pilotage.
FB_1946,CUST_1275,2024-05-13,3,Qualité service,La plateforme aide vraiment au pilotage.
FB_1947,CUST_923,2024-05-24,5,Prix,La documentation pourrait être plus claire.
FB_1948,CUST_481,2024-10-02,5,Communication,La documentation pourrait être plus claire.
FB_1949,CUST_663,2024-12-14,2,Réservation,L’outil est simple à utiliser.
FB_1950,CUST_1348,2024-08-24,3,Support client,La plateforme aide vraiment au pilotage.
FB_1951,CUST_183,2024-08-10,4,Réservation,Interface claire.
FB_1952,CUST_1340,2024-08-24,4,Organisation,Les fonctionnalités sont utiles.
FB_1953,CUST_415,2025-04-26,2,Aucune plainte,Très bon accompagnement client.
FB_1954,CUST_211,2024-05-08,3,Aucune plainte,Le support a répondu rapidement.
FB_1955,CUST_511,2025-05-29,2,Support client,Interface claire.
FB_1956,CUST_758,2024-02-06,5,Aucune plainte,L’outil est simple à utiliser.
FB_1957,CUST_331,2024-11-23,4,Prix,Le prix est élevé pour une petite équipe.
FB_1958,CUST_81,2024-03-16,5,Communication,La plateforme aide vraiment au pilotage.
FB_1959,CUST_204,2024-11-11,4,Réservation,Le support a répondu rapidement.
FB_1960,CUST_1391,2024-04-26,5,Communication,La plateforme aide vraiment au pilotage.
FB_1961,CUST_1407,2024-03-31,2,Réservation,Le prix est élevé pour une petite équipe.
FB_1962,CUST_136,2024-08-04,3,Aucune plainte,Interface claire.
FB_1963,CUST_1248,2024-08-21,3,Support client,La plateforme aide vraiment au pilotage.
FB_1964,CUST_1236,2024-05-08,1,Support client,Quelques lenteurs observées.
FB_1965,CUST_1188,2024-01-02,1,Qualité service,La configuration initiale est un peu longue.
FB_1966,CUST_1048,2024-07-07,2,Réservation,L’outil est simple à utiliser.
FB_1967,CUST_1167,2025-01-06,1,Communication,Le prix est élevé pour une petite équipe.
FB_1968,CUST_1409,2025-04-11,4,Support client,Le prix est élevé pour une petite équipe.
FB_1969,CUST_1218,2024-06-26,1,Prix,La plateforme aide vraiment au pilotage.
FB_1970,CUST_310,2024-06-13,2,Réservation,Le prix est élevé pour une petite équipe.
FB_1971,CUST_1433,2024-01-14,4,Organisation,Très bon accompagnement client.
FB_1972,CUST_128,2024-11-18,4,Qualité service,Le support a répondu rapidement.
FB_1973,CUST_5,2025-03-28,3,Communication,Interface claire.
FB_1974,CUST_470,2025-04-03,5,Qualité service,La plateforme aide vraiment au pilotage.
FB_1975,CUST_701,2025-05-16,5,Organisation,Le support a répondu rapidement.
FB_1976,CUST_1036,2024-08-18,5,Réservation,Le support a répondu rapidement.
FB_1977,CUST_1453,2024-04-30,3,Support client,Interface claire.
FB_1978,CUST_882,2024-05-22,3,Prix,Le support a répondu rapidement.
FB_1979,CUST_1065,2024-06-10,2,Organisation,La plateforme aide vraiment au pilotage.
FB_1980,CUST_829,2024-11-25,1,Réservation,Quelques lenteurs observées.
FB_1981,CUST_693,2024-05-05,2,Support client,Le support a répondu rapidement.
FB_1982,CUST_275,2025-01-07,2,Organisation,La plateforme aide vraiment au pilotage.
FB_1983,CUST_190,2024-06-21,5,Qualité service,Le prix est élevé pour une petite équipe.
FB_1984,CUST_1314,2024-10-29,5,Prix,Les fonctionnalités sont utiles.
FB_1985,CUST_631,2024-08-25,4,Qualité service,La plateforme aide vraiment au pilotage.
FB_1986,CUST_344,2024-09-23,4,Prix,Très bon accompagnement client.
FB_1987,CUST_1034,2025-02-26,1,Réservation,Interface claire.
FB_1988,CUST_1241,2024-03-17,4,Support client,Les fonctionnalités sont utiles.
FB_1989,CUST_986,2025-05-16,1,Aucune plainte,Les fonctionnalités sont utiles.
FB_1990,CUST_924,2024-10-03,3,Support client,Le prix est élevé pour une petite équipe.
FB_1991,CUST_274,2024-10-04,5,Aucune plainte,La plateforme aide vraiment au pilotage.
FB_1992,CUST_994,2024-07-18,1,Aucune plainte,L’outil est simple à utiliser.
FB_1993,CUST_417,2024-10-20,5,Communication,La documentation pourrait être plus claire.
FB_1994,CUST_932,2024-12-27,4,Aucune plainte,Très bon accompagnement client.
FB_1995,CUST_961,2024-09-11,3,Support client,La documentation pourrait être plus claire.
FB_1996,CUST_211,2024-09-04,2,Réservation,La configuration initiale est un peu longue.
FB_1997,CUST_883,2025-01-15,1,Aucune plainte,Interface claire.
FB_1998,CUST_1478,2025-04-10,1,Communication,Très bon accompagnement client.
FB_1999,CUST_682,2024-01-11,1,Organisation,Les fonctionnalités sont utiles.
FB_2000,CUST_412,2025-03-29,3,Réservation,L’outil est simple à utiliser.
FB_2001,CUST_1492,2024-01-05,4,Réservation,Les fonctionnalités sont utiles.
FB_2002,CUST_388,2024-08-15,1,Support client,Les fonctionnalités sont utiles.
FB_2003,CUST_336,2024-02-05,2,Communication,Quelques lenteurs observées.
FB_2004,CUST_754,2024-04-23,5,Organisation,Le support a répondu rapidement.
FB_2005,CUST_1332,2024-12-22,5,Réservation,Interface claire.
FB_2006,CUST_1218,2024-04-07,2,Organisation,La plateforme aide vraiment au pilotage.
FB_2007,CUST_811,2025-06-06,5,Réservation,Interface claire.
FB_2008,CUST_206,2025-04-02,5,Support client,Très bon accompagnement client.
FB_2009,CUST_1307,2025-05-24,1,Réservation,Très bon accompagnement client.
FB_2010,CUST_41,2024-06-18,4,Aucune plainte,La plateforme aide vraiment au pilotage.
FB_2011,CUST_1092,2024-12-09,1,Qualité service,Très bon accompagnement client.
FB_2012,CUST_662,2024-02-22,1,Support client,Très bon accompagnement client.
FB_2013,CUST_884,2024-05-16,5,Prix,Les fonctionnalités sont utiles.
FB_2014,CUST_919,2024-03-31,1,Qualité service,La documentation pourrait être plus claire.
FB_2015,CUST_1127,2024-01-06,5,Aucune plainte,Quelques lenteurs observées.
FB_2016,CUST_841,2024-03-09,4,Prix,Interface claire.
FB_2017,CUST_1039,2024-11-19,1,Qualité service,L’outil est simple à utiliser.
FB_2018,CUST_1008,2024-01-29,1,Communication,Le prix est élevé pour une petite équipe.
FB_2019,CUST_354,2025-03-15,3,Réservation,La documentation pourrait être plus claire.
FB_2020,CUST_1034,2025-06-05,2,Prix,La plateforme aide vraiment au pilotage.
FB_2021,CUST_1266,2024-12-16,1,Qualité service,L’outil est simple à utiliser.
FB_2022,CUST_462,2025-03-21,3,Communication,Très bon accompagnement client.
FB_2023,CUST_770,2024-01-08,5,Communication,Quelques lenteurs observées.
FB_2024,CUST_627,2024-03-22,4,Organisation,Très bon accompagnement client.
FB_2025,CUST_943,2025-02-03,3,Prix,Le prix est élevé pour une petite équipe.
FB_2026,CUST_898,2024-08-07,4,Communication,Très bon accompagnement client.
FB_2027,CUST_1036,2025-02-01,5,Réservation,L’outil est simple à utiliser.
FB_2028,CUST_46,2025-02-09,1,Aucune plainte,La documentation pourrait être plus claire.
FB_2029,CUST_885,2024-06-19,1,Communication,Les fonctionnalités sont utiles.
FB_2030,CUST_58,2025-03-01,2,Qualité service,Les fonctionnalités sont utiles.
FB_2031,CUST_46,2025-03-27,2,Réservation,Quelques lenteurs observées.
FB_2032,CUST_908,2024-03-09,5,Aucune plainte,La configuration initiale est un peu longue.
FB_2033,CUST_1163,2025-01-25,4,Aucune plainte,Interface claire.
FB_2034,CUST_684,2024-07-15,5,Support client,La documentation pourrait être plus claire.
FB_2035,CUST_1321,2025-02-21,2,Organisation,Le prix est élevé pour une petite équipe.
FB_2036,CUST_503,2025-02-27,4,Aucune plainte,Interface claire.
FB_2037,CUST_898,2024-03-01,2,Organisation,Quelques lenteurs observées.
FB_2038,CUST_1430,2025-03-22,4,Qualité service,La documentation pourrait être plus claire.
FB_2039,CUST_739,2024-06-04,2,Qualité service,La documentation pourrait être plus claire.
FB_2040,CUST_503,2024-06-23,3,Communication,La plateforme aide vraiment au pilotage.
FB_2041,CUST_1055,2024-06-15,4,Réservation,Le support a répondu rapidement.
FB_2042,CUST_102,2024-04-19,4,Réservation,Quelques lenteurs observées.
FB_2043,CUST_1428,2025-04-14,3,Aucune plainte,L’outil est simple à utiliser.
FB_2044,CUST_828,2024-08-14,3,Réservation,Très bon accompagnement client.
FB_2045,CUST_555,2024-04-06,5,Aucune plainte,Très bon accompagnement client.
FB_2046,CUST_301,2024-08-28,1,Support client,Interface claire.
FB_2047,CUST_298,2025-04-14,3,Organisation,La documentation pourrait être plus claire.
FB_2048,CUST_523,2024-01-22,2,Organisation,Très bon accompagnement client.
FB_2049,CUST_1457,2024-11-07,4,Réservation,La documentation pourrait être plus claire.
FB_2050,CUST_291,2025-01-29,1,Prix,Les fonctionnalités sont utiles.
FB_2051,CUST_1113,2024-08-21,3,Aucune plainte,La plateforme aide vraiment au pilotage.
FB_2052,CUST_1250,2024-11-29,3,Qualité service,La plateforme aide vraiment au pilotage.
FB_2053,CUST_1269,2025-02-21,1,Réservation,L’outil est simple à utiliser.
FB_2054,CUST_730,2025-02-22,2,Réservation,Très bon accompagnement client.
FB_2055,CUST_1380,2025-02-12,3,Organisation,Interface claire.
FB_2056,CUST_928,2024-06-21,5,Organisation,L’outil est simple à utiliser.
FB_2057,CUST_1045,2024-01-15,3,Réservation,Interface claire.
FB_2058,CUST_1255,2025-05-31,2,Organisation,Quelques lenteurs observées.
FB_2059,CUST_946,2024-03-18,4,Communication,La configuration initiale est un peu longue.
FB_2060,CUST_1471,2025-03-08,2,Réservation,L’outil est simple à utiliser.
FB_2061,CUST_296,2024-03-09,5,Qualité service,Très bon accompagnement client.
FB_2062,CUST_1498,2025-04-30,4,Aucune plainte,La configuration initiale est un peu longue.
FB_2063,CUST_530,2024-10-02,3,Aucune plainte,Le prix est élevé pour une petite équipe.
FB_2064,CUST_543,2025-05-20,2,Organisation,Quelques lenteurs observées.
FB_2065,CUST_68,2025-03-07,4,Prix,Les fonctionnalités sont utiles.
FB_2066,CUST_458,2025-04-09,3,Aucune plainte,L’outil est simple à utiliser.
FB_2067,CUST_26,2025-02-01,2,Communication,La documentation pourrait être plus claire.
FB_2068,CUST_1442,2024-01-10,3,Support client,La documentation pourrait être plus claire.
FB_2069,CUST_715,2024-01-02,1,Support client,Quelques lenteurs observées.
FB_2070,CUST_806,2024-07-18,3,Réservation,La documentation pourrait être plus claire.
FB_2071,CUST_1068,2025-04-18,4,Réservation,Le support a répondu rapidement.
FB_2072,CUST_1383,2024-07-30,5,Organisation,Le support a répondu rapidement.
FB_2073,CUST_1101,2024-03-02,3,Support client,L’outil est simple à utiliser.
FB_2074,CUST_604,2024-09-01,1,Organisation,Très bon accompagnement client.
FB_2075,CUST_496,2024-02-10,1,Support client,Quelques lenteurs observées.
FB_2076,CUST_704,2025-02-16,5,Aucune plainte,La plateforme aide vraiment au pilotage.
FB_2077,CUST_1410,2024-02-02,2,Aucune plainte,Le support a répondu rapidement.
FB_2078,CUST_471,2025-05-05,5,Organisation,Le prix est élevé pour une petite équipe.
FB_2079,CUST_1202,2025-04-25,3,Aucune plainte,La plateforme aide vraiment au pilotage.
FB_2080,CUST_674,2024-08-27,2,Qualité service,Le support a répondu rapidement.
FB_2081,CUST_928,2025-02-12,4,Communication,Le prix est élevé pour une petite équipe.
FB_2082,CUST_211,2024-04-18,3,Qualité service,La plateforme aide vraiment au pilotage.
FB_2083,CUST_1404,2024-02-13,5,Prix,L’outil est simple à utiliser.
FB_2084,CUST_1102,2025-03-03,4,Qualité service,La documentation pourrait être plus claire.
FB_2085,CUST_480,2025-06-22,3,Réservation,La plateforme aide vraiment au pilotage.
FB_2086,CUST_1361,2025-05-21,1,Organisation,La configuration initiale est un peu longue.
FB_2087,CUST_1143,2024-04-28,4,Prix,Quelques lenteurs observées.
FB_2088,CUST_1172,2024-11-23,4,Qualité service,Quelques lenteurs observées.
FB_2089,CUST_525,2024-07-04,4,Prix,Le prix est élevé pour une petite équipe.
FB_2090,CUST_236,2024-09-21,4,Prix,Quelques lenteurs observées.
FB_2091,CUST_194,2024-07-25,2,Communication,La documentation pourrait être plus claire.
FB_2092,CUST_1368,2024-02-09,5,Réservation,Très bon accompagnement client.
FB_2093,CUST_378,2024-11-27,3,Qualité service,Le prix est élevé pour une petite équipe.
FB_2094,CUST_192,2024-07-14,2,Qualité service,L’outil est simple à utiliser.
FB_2095,CUST_524,2024-12-11,3,Support client,La documentation pourrait être plus claire.
FB_2096,CUST_1222,2025-05-07,1,Prix,Interface claire.
FB_2097,CUST_41,2025-04-06,1,Communication,Interface claire.
FB_2098,CUST_1311,2025-06-11,2,Organisation,Interface claire.
FB_2099,CUST_1333,2024-12-29,4,Support client,La documentation pourrait être plus claire.
FB_2100,CUST_1151,2024-10-05,3,Aucune plainte,Les fonctionnalités sont utiles.
FB_2101,CUST_534,2024-04-07,3,Communication,Les fonctionnalités sont utiles.
FB_2102,CUST_335,2025-02-06,4,Aucune plainte,Quelques lenteurs observées.
FB_2103,CUST_823,2024-07-27,4,Prix,Le support a répondu rapidement.
FB_2104,CUST_260,2025-05-08,3,Prix,Très bon accompagnement client.
FB_2105,CUST_448,2024-02-10,4,Support client,Le support a répondu rapidement.
FB_2106,CUST_1082,2024-05-15,5,Qualité service,Les fonctionnalités sont utiles.
FB_2107,CUST_689,2025-01-26,4,Qualité service,La plateforme aide vraiment au pilotage.
FB_2108,CUST_323,2024-07-11,2,Communication,Le support a répondu rapidement.
FB_2109,CUST_181,2024-10-27,3,Qualité service,Quelques lenteurs observées.
FB_2110,CUST_48,2024-02-02,1,Support client,Le support a répondu rapidement.
FB_2111,CUST_1144,2024-10-04,5,Support client,La configuration initiale est un peu longue.
FB_2112,CUST_1286,2024-10-02,4,Communication,Quelques lenteurs observées.
FB_2113,CUST_1073,2024-08-20,1,Organisation,La plateforme aide vraiment au pilotage.
FB_2114,CUST_1259,2024-01-29,1,Communication,Les fonctionnalités sont utiles.
FB_2115,CUST_128,2024-07-01,5,Organisation,La plateforme aide vraiment au pilotage.
FB_2116,CUST_1145,2024-06-13,2,Support client,La plateforme aide vraiment au pilotage.
FB_2117,CUST_140,2024-01-13,1,Organisation,La plateforme aide vraiment au pilotage.
FB_2118,CUST_723,2024-11-06,1,Communication,La configuration initiale est un peu longue.
FB_2119,CUST_305,2025-02-11,1,Organisation,Le prix est élevé pour une petite équipe.
FB_2120,CUST_625,2024-01-13,4,Organisation,Quelques lenteurs observées.
FB_2121,CUST_1393,2024-02-11,3,Qualité service,La configuration initiale est un peu longue.
FB_2122,CUST_1003,2025-01-07,5,Communication,Quelques lenteurs observées.
FB_2123,CUST_365,2024-09-13,3,Support client,Le prix est élevé pour une petite équipe.
FB_2124,CUST_802,2024-08-19,4,Réservation,La documentation pourrait être plus claire.
FB_2125,CUST_455,2025-02-04,4,Qualité service,Interface claire.
FB_2126,CUST_1135,2025-03-09,2,Qualité service,Le support a répondu rapidement.
FB_2127,CUST_879,2024-06-15,1,Qualité service,Le prix est élevé pour une petite équipe.
FB_2128,CUST_510,2025-06-27,5,Communication,La documentation pourrait être plus claire.
FB_2129,CUST_883,2025-06-02,4,Réservation,Le prix est élevé pour une petite équipe.
FB_2130,CUST_225,2025-04-17,2,Prix,Quelques lenteurs observées.
FB_2131,CUST_564,2024-01-04,2,Communication,Interface claire.
FB_2132,CUST_184,2024-10-13,3,Support client,Le support a répondu rapidement.
FB_2133,CUST_850,2024-04-15,4,Aucune plainte,Le support a répondu rapidement.
FB_2134,CUST_574,2024-09-03,1,Communication,La plateforme aide vraiment au pilotage.
FB_2135,CUST_588,2024-11-19,1,Prix,Le support a répondu rapidement.
FB_2136,CUST_144,2025-06-30,5,Support client,Le prix est élevé pour une petite équipe.
FB_2137,CUST_688,2024-07-15,5,Qualité service,Le prix est élevé pour une petite équipe.
FB_2138,CUST_804,2025-04-18,1,Prix,Le prix est élevé pour une petite équipe.
FB_2139,CUST_424,2025-01-31,1,Aucune plainte,Les fonctionnalités sont utiles.
FB_2140,CUST_356,2025-01-14,2,Réservation,Très bon accompagnement client.
FB_2141,CUST_999,2024-06-30,5,Réservation,Quelques lenteurs observées.
FB_2142,CUST_958,2025-05-23,3,Organisation,Les fonctionnalités sont utiles.
FB_2143,CUST_190,2024-02-26,1,Prix,La documentation pourrait être plus claire.
FB_2144,CUST_699,2024-09-09,5,Aucune plainte,La configuration initiale est un peu longue.
FB_2145,CUST_1203,2024-05-18,4,Communication,La documentation pourrait être plus claire.
FB_2146,CUST_461,2024-03-10,1,Aucune plainte,La configuration initiale est un peu longue.
FB_2147,CUST_126,2025-03-19,1,Qualité service,Le prix est élevé pour une petite équipe.
FB_2148,CUST_1242,2025-05-08,4,Support client,Quelques lenteurs observées.
FB_2149,CUST_503,2024-09-24,3,Communication,Très bon accompagnement client.
FB_2150,CUST_1124,2025-01-25,3,Prix,La plateforme aide vraiment au pilotage.
FB_2151,CUST_59,2024-04-14,1,Organisation,La plateforme aide vraiment au pilotage.
FB_2152,CUST_229,2024-10-11,2,Réservation,Le prix est élevé pour une petite équipe.
FB_2153,CUST_960,2024-09-01,3,Qualité service,Très bon accompagnement client.
FB_2154,CUST_501,2025-05-28,3,Communication,Le support a répondu rapidement.
FB_2155,CUST_299,2025-02-13,5,Réservation,Très bon accompagnement client.
FB_2156,CUST_746,2024-05-27,5,Organisation,La configuration initiale est un peu longue.
FB_2157,CUST_592,2024-03-17,1,Organisation,Très bon accompagnement client.
FB_2158,CUST_942,2024-07-11,5,Prix,Le support a répondu rapidement.
FB_2159,CUST_203,2025-02-28,4,Aucune plainte,Le support a répondu rapidement.
FB_2160,CUST_1034,2024-03-05,1,Aucune plainte,Les fonctionnalités sont utiles.
FB_2161,CUST_876,2025-06-25,2,Prix,Très bon accompagnement client.
FB_2162,CUST_385,2025-05-27,4,Réservation,L’outil est simple à utiliser.
FB_2163,CUST_1173,2025-02-18,5,Aucune plainte,Le support a répondu rapidement.
FB_2164,CUST_1469,2024-08-29,5,Aucune plainte,Très bon accompagnement client.
FB_2165,CUST_1005,2024-04-16,1,Aucune plainte,L’outil est simple à utiliser.
FB_2166,CUST_968,2024-05-02,4,Réservation,Interface claire.
FB_2167,CUST_1032,2024-09-14,4,Prix,La documentation pourrait être plus claire.
FB_2168,CUST_879,2024-08-01,5,Communication,L’outil est simple à utiliser.
FB_2169,CUST_1285,2024-07-03,3,Réservation,Interface claire.
FB_2170,CUST_1376,2025-04-02,3,Organisation,Interface claire.
FB_2171,CUST_74,2025-01-15,4,Communication,Quelques lenteurs observées.
FB_2172,CUST_118,2024-06-04,4,Aucune plainte,Interface claire.
FB_2173,CUST_1096,2024-12-11,3,Réservation,L’outil est simple à utiliser.
FB_2174,CUST_1146,2024-02-21,1,Organisation,La configuration initiale est un peu longue.
FB_2175,CUST_656,2025-04-15,1,Support client,Le support a répondu rapidement.
FB_2176,CUST_159,2025-02-26,3,Support client,Interface claire.
FB_2177,CUST_132,2024-09-21,1,Support client,Le prix est élevé pour une petite équipe.
FB_2178,CUST_723,2024-03-28,4,Communication,Le support a répondu rapidement.
FB_2179,CUST_449,2025-05-18,2,Organisation,Très bon accompagnement client.
FB_2180,CUST_516,2024-07-02,5,Prix,La documentation pourrait être plus claire.
FB_2181,CUST_246,2024-02-01,3,Communication,Le support a répondu rapidement.
FB_2182,CUST_903,2024-01-19,5,Communication,Le prix est élevé pour une petite équipe.
FB_2183,CUST_831,2024-05-31,5,Aucune plainte,Quelques lenteurs observées.
FB_2184,CUST_1482,2024-06-14,2,Communication,Le prix est élevé pour une petite équipe.
FB_2185,CUST_955,2024-11-29,1,Communication,Le support a répondu rapidement.
FB_2186,CUST_784,2024-06-21,3,Qualité service,Interface claire.
FB_2187,CUST_734,2024-04-07,1,Support client,La documentation pourrait être plus claire.
FB_2188,CUST_669,2025-03-20,5,Organisation,Le support a répondu rapidement.
FB_2189,CUST_912,2025-04-11,1,Aucune plainte,La documentation pourrait être plus claire.
FB_2190,CUST_990,2024-06-15,5,Prix,Le support a répondu rapidement.
FB_2191,CUST_969,2025-04-15,4,Support client,La configuration initiale est un peu longue.
FB_2192,CUST_638,2024-11-12,3,Aucune plainte,Interface claire.
FB_2193,CUST_1252,2024-08-01,4,Qualité service,Quelques lenteurs observées.
FB_2194,CUST_553,2025-06-10,5,Prix,Très bon accompagnement client.
FB_2195,CUST_970,2024-06-17,5,Prix,La plateforme aide vraiment au pilotage.
FB_2196,CUST_1234,2024-09-08,1,Prix,Les fonctionnalités sont utiles.
FB_2197,CUST_176,2024-11-25,5,Organisation,Interface claire.
FB_2198,CUST_445,2025-05-24,2,Support client,Le prix est élevé pour une petite équipe.
FB_2199,CUST_701,2024-05-16,5,Réservation,Interface claire.
FB_2200,CUST_343,2024-03-31,1,Aucune plainte,Quelques lenteurs observées.
FB_2201,CUST_169,2024-04-21,3,Qualité service,La plateforme aide vraiment au pilotage.
FB_2202,CUST_1456,2025-04-22,5,Communication,La configuration initiale est un peu longue.
FB_2203,CUST_699,2024-08-08,5,Aucune plainte,Le prix est élevé pour une petite équipe.
FB_2204,CUST_1012,2024-08-09,1,Organisation,Les fonctionnalités sont utiles.
FB_2205,CUST_875,2024-05-10,5,Communication,Le prix est élevé pour une petite équipe.
FB_2206,CUST_330,2024-05-19,1,Réservation,Interface claire.
FB_2207,CUST_703,2024-07-18,4,Support client,Les fonctionnalités sont utiles.
FB_2208,CUST_921,2024-12-09,1,Communication,Très bon accompagnement client.
FB_2209,CUST_320,2025-01-29,2,Support client,L’outil est simple à utiliser.
FB_2210,CUST_64,2024-05-27,2,Prix,Le prix est élevé pour une petite équipe.
FB_2211,CUST_161,2024-09-04,5,Réservation,La plateforme aide vraiment au pilotage.
FB_2212,CUST_1334,2024-04-02,4,Prix,Interface claire.
FB_2213,CUST_13,2025-03-17,2,Organisation,Très bon accompagnement client.
FB_2214,CUST_177,2024-04-15,3,Aucune plainte,Le prix est élevé pour une petite équipe.
FB_2215,CUST_642,2024-03-28,1,Qualité service,Interface claire.
FB_2216,CUST_810,2024-09-01,4,Prix,Interface claire.
FB_2217,CUST_759,2024-03-29,1,Communication,La plateforme aide vraiment au pilotage.
FB_2218,CUST_1096,2024-02-08,1,Qualité service,La plateforme aide vraiment au pilotage.
FB_2219,CUST_124,2025-02-09,5,Support client,Le prix est élevé pour une petite équipe.
FB_2220,CUST_944,2024-03-14,3,Prix,La documentation pourrait être plus claire.
FB_2221,CUST_117,2024-10-26,3,Réservation,L’outil est simple à utiliser.
FB_2222,CUST_614,2025-04-14,1,Aucune plainte,Le prix est élevé pour une petite équipe.
FB_2223,CUST_557,2024-12-03,4,Aucune plainte,L’outil est simple à utiliser.
FB_2224,CUST_244,2024-05-25,3,Réservation,Le support a répondu rapidement.
FB_2225,CUST_98,2024-10-20,4,Aucune plainte,Quelques lenteurs observées.
FB_2226,CUST_621,2025-06-29,2,Organisation,Quelques lenteurs observées.
FB_2227,CUST_891,2024-01-05,1,Qualité service,La documentation pourrait être plus claire.
FB_2228,CUST_784,2024-01-22,5,Réservation,Très bon accompagnement client.
FB_2229,CUST_1127,2024-08-17,3,Aucune plainte,Interface claire.
FB_2230,CUST_439,2024-08-04,3,Organisation,La plateforme aide vraiment au pilotage.
FB_2231,CUST_1318,2025-05-24,3,Aucune plainte,La plateforme aide vraiment au pilotage.
FB_2232,CUST_790,2024-08-20,3,Communication,Interface claire.
FB_2233,CUST_931,2024-11-10,5,Aucune plainte,Les fonctionnalités sont utiles.
FB_2234,CUST_361,2024-10-26,3,Organisation,La plateforme aide vraiment au pilotage.
FB_2235,CUST_628,2024-05-30,4,Support client,Très bon accompagnement client.
FB_2236,CUST_747,2024-05-19,2,Support client,Le prix est élevé pour une petite équipe.
FB_2237,CUST_226,2024-08-11,5,Organisation,La configuration initiale est un peu longue.
FB_2238,CUST_1427,2025-01-11,3,Réservation,Quelques lenteurs observées.
FB_2239,CUST_1121,2024-08-04,1,Communication,Très bon accompagnement client.
FB_2240,CUST_1169,2024-02-09,5,Prix,Le support a répondu rapidement.
FB_2241,CUST_1164,2024-05-24,4,Prix,Les fonctionnalités sont utiles.
FB_2242,CUST_109,2024-02-01,5,Communication,La documentation pourrait être plus claire.
FB_2243,CUST_960,2024-02-21,4,Organisation,La configuration initiale est un peu longue.
FB_2244,CUST_1008,2024-09-20,2,Support client,La plateforme aide vraiment au pilotage.
FB_2245,CUST_236,2024-03-12,5,Prix,Très bon accompagnement client.
FB_2246,CUST_744,2024-04-19,3,Support client,Très bon accompagnement client.
FB_2247,CUST_729,2024-06-30,5,Support client,Le support a répondu rapidement.
FB_2248,CUST_710,2024-11-23,3,Réservation,La plateforme aide vraiment au pilotage.
FB_2249,CUST_1123,2024-05-15,1,Support client,La documentation pourrait être plus claire.
FB_2250,CUST_725,2024-07-05,5,Qualité service,L’outil est simple à utiliser.
FB_2251,CUST_574,2025-05-02,2,Organisation,La documentation pourrait être plus claire.
FB_2252,CUST_438,2024-05-25,1,Réservation,La configuration initiale est un peu longue.
FB_2253,CUST_372,2024-09-20,4,Qualité service,La configuration initiale est un peu longue.
FB_2254,CUST_1205,2025-06-12,3,Aucune plainte,La configuration initiale est un peu longue.
FB_2255,CUST_517,2024-09-28,1,Aucune plainte,Le support a répondu rapidement.
FB_2256,CUST_4,2024-10-23,4,Communication,Le support a répondu rapidement.
FB_2257,CUST_1200,2024-10-23,3,Qualité service,Les fonctionnalités sont utiles.
FB_2258,CUST_464,2024-09-30,2,Réservation,La documentation pourrait être plus claire.
FB_2259,CUST_291,2024-02-09,1,Qualité service,Très bon accompagnement client.
FB_2260,CUST_205,2024-05-08,5,Communication,Quelques lenteurs observées.
FB_2261,CUST_284,2025-04-13,5,Aucune plainte,Quelques lenteurs observées.
FB_2262,CUST_663,2024-09-10,2,Prix,La plateforme aide vraiment au pilotage.
FB_2263,CUST_648,2024-09-04,1,Qualité service,L’outil est simple à utiliser.
FB_2264,CUST_183,2024-01-27,1,Organisation,La plateforme aide vraiment au pilotage.
FB_2265,CUST_835,2024-09-15,1,Aucune plainte,Interface claire.
FB_2266,CUST_1188,2024-09-24,4,Organisation,Interface claire.
FB_2267,CUST_468,2024-08-10,3,Support client,Les fonctionnalités sont utiles.
FB_2268,CUST_1289,2025-02-21,3,Organisation,Interface claire.
FB_2269,CUST_655,2025-05-19,4,Support client,Les fonctionnalités sont utiles.
FB_2270,CUST_892,2024-06-09,1,Réservation,La configuration initiale est un peu longue.
FB_2271,CUST_561,2025-02-27,5,Réservation,Quelques lenteurs observées.
FB_2272,CUST_698,2024-07-06,4,Communication,Quelques lenteurs observées.
FB_2273,CUST_243,2024-04-25,2,Aucune plainte,Quelques lenteurs observées.
FB_2274,CUST_879,2025-01-08,4,Réservation,Quelques lenteurs observées.
FB_2275,CUST_1430,2025-05-15,3,Communication,La plateforme aide vraiment au pilotage.
FB_2276,CUST_369,2024-04-10,1,Communication,Très bon accompagnement client.
FB_2277,CUST_823,2024-05-07,3,Prix,Interface claire.
FB_2278,CUST_898,2024-05-17,2,Aucune plainte,Le prix est élevé pour une petite équipe.
FB_2279,CUST_275,2024-04-01,3,Organisation,Le support a répondu rapidement.
FB_2280,CUST_1298,2025-04-16,3,Communication,L’outil est simple à utiliser.
FB_2281,CUST_398,2024-04-07,5,Organisation,Le prix est élevé pour une petite équipe.
FB_2282,CUST_1060,2025-03-25,4,Communication,Les fonctionnalités sont utiles.
FB_2283,CUST_1206,2024-04-15,2,Organisation,Très bon accompagnement client.
FB_2284,CUST_1350,2024-01-25,4,Qualité service,La configuration initiale est un peu longue.
FB_2285,CUST_991,2024-09-28,2,Organisation,La configuration initiale est un peu longue.
FB_2286,CUST_983,2024-07-01,5,Communication,Interface claire.
FB_2287,CUST_88,2024-07-04,3,Support client,Les fonctionnalités sont utiles.
FB_2288,CUST_1114,2024-06-24,4,Communication,Très bon accompagnement client.
FB_2289,CUST_245,2024-10-08,5,Support client,L’outil est simple à utiliser.
FB_2290,CUST_314,2024-10-02,5,Réservation,Le prix est élevé pour une petite équipe.
FB_2291,CUST_105,2024-10-19,5,Prix,Très bon accompagnement client.
FB_2292,CUST_138,2024-08-11,3,Qualité service,Très bon accompagnement client.
FB_2293,CUST_178,2024-11-03,1,Communication,Le support a répondu rapidement.
FB_2294,CUST_1493,2024-08-10,2,Aucune plainte,Quelques lenteurs observées.
FB_2295,CUST_664,2024-09-30,1,Aucune plainte,La plateforme aide vraiment au pilotage.
FB_2296,CUST_1137,2025-01-31,2,Prix,La configuration initiale est un peu longue.
FB_2297,CUST_501,2024-03-02,5,Support client,L’outil est simple à utiliser.
FB_2298,CUST_167,2025-06-04,4,Organisation,L’outil est simple à utiliser.
FB_2299,CUST_607,2025-05-21,3,Organisation,Interface claire.
FB_2300,CUST_1379,2024-03-10,3,Communication,Quelques lenteurs observées.
FB_2301,CUST_1488,2025-04-30,4,Qualité service,L’outil est simple à utiliser.
FB_2302,CUST_799,2024-12-09,2,Aucune plainte,L’outil est simple à utiliser.
FB_2303,CUST_941,2024-10-17,4,Aucune plainte,La plateforme aide vraiment au pilotage.
FB_2304,CUST_988,2025-05-16,4,Communication,Interface claire.
FB_2305,CUST_123,2024-11-27,5,Support client,Le prix est élevé pour une petite équipe.
FB_2306,CUST_746,2024-06-21,3,Réservation,Le support a répondu rapidement.
FB_2307,CUST_1325,2024-07-13,1,Prix,Le support a répondu rapidement.
FB_2308,CUST_1127,2025-05-31,3,Aucune plainte,La plateforme aide vraiment au pilotage.
FB_2309,CUST_9,2024-07-22,2,Support client,La plateforme aide vraiment au pilotage.
FB_2310,CUST_1047,2024-01-18,4,Communication,Le support a répondu rapidement.
FB_2311,CUST_568,2024-03-26,3,Réservation,L’outil est simple à utiliser.
FB_2312,CUST_1283,2024-05-14,2,Aucune plainte,Interface claire.
FB_2313,CUST_874,2024-08-08,5,Aucune plainte,Le prix est élevé pour une petite équipe.
FB_2314,CUST_1092,2025-06-20,3,Réservation,La plateforme aide vraiment au pilotage.
FB_2315,CUST_198,2024-01-14,5,Qualité service,Le support a répondu rapidement.
FB_2316,CUST_792,2024-06-16,5,Support client,Le prix est élevé pour une petite équipe.
FB_2317,CUST_1167,2025-03-26,5,Communication,La plateforme aide vraiment au pilotage.
FB_2318,CUST_325,2024-12-09,5,Qualité service,Le support a répondu rapidement.
FB_2319,CUST_372,2024-06-19,5,Aucune plainte,Le support a répondu rapidement.
FB_2320,CUST_553,2024-08-13,4,Réservation,Les fonctionnalités sont utiles.
FB_2321,CUST_124,2025-04-23,4,Aucune plainte,Très bon accompagnement client.
FB_2322,CUST_1082,2024-09-22,1,Support client,Le support a répondu rapidement.
FB_2323,CUST_37,2024-01-31,3,Organisation,La configuration initiale est un peu longue.
FB_2324,CUST_57,2025-01-27,4,Qualité service,La plateforme aide vraiment au pilotage.
FB_2325,CUST_182,2024-06-09,5,Aucune plainte,La configuration initiale est un peu longue.
FB_2326,CUST_1217,2025-03-08,2,Qualité service,La documentation pourrait être plus claire.
FB_2327,CUST_64,2024-06-27,2,Réservation,La configuration initiale est un peu longue.
FB_2328,CUST_1230,2025-04-18,4,Communication,Le prix est élevé pour une petite équipe.
FB_2329,CUST_1500,2024-05-03,2,Qualité service,Les fonctionnalités sont utiles.
FB_2330,CUST_19,2025-04-24,5,Prix,La configuration initiale est un peu longue.
FB_2331,CUST_1332,2025-06-08,4,Communication,L’outil est simple à utiliser.
FB_2332,CUST_56,2024-02-27,5,Prix,La plateforme aide vraiment au pilotage.
FB_2333,CUST_785,2024-11-29,3,Organisation,Le prix est élevé pour une petite équipe.
FB_2334,CUST_60,2025-02-18,4,Prix,La documentation pourrait être plus claire.
FB_2335,CUST_906,2025-03-26,4,Aucune plainte,Interface claire.
FB_2336,CUST_859,2024-12-02,4,Aucune plainte,La plateforme aide vraiment au pilotage.
FB_2337,CUST_511,2024-09-17,4,Organisation,L’outil est simple à utiliser.
FB_2338,CUST_1162,2025-05-02,4,Prix,Quelques lenteurs observées.
FB_2339,CUST_1416,2024-12-25,3,Réservation,La configuration initiale est un peu longue.
FB_2340,CUST_245,2024-10-12,1,Organisation,Quelques lenteurs observées.
FB_2341,CUST_133,2024-01-18,4,Réservation,Interface claire.
FB_2342,CUST_83,2024-10-22,1,Organisation,Le support a répondu rapidement.
FB_2343,CUST_186,2025-03-24,3,Prix,Le prix est élevé pour une petite équipe.
FB_2344,CUST_1267,2024-05-09,2,Qualité service,Quelques lenteurs observées.
FB_2345,CUST_1041,2024-11-10,3,Réservation,Les fonctionnalités sont utiles.
FB_2346,CUST_1014,2024-05-31,3,Prix,Interface claire.
FB_2347,CUST_447,2025-05-03,1,Support client,Quelques lenteurs observées.
FB_2348,CUST_837,2025-01-25,1,Réservation,La configuration initiale est un peu longue.
FB_2349,CUST_574,2025-06-20,2,Réservation,Le support a répondu rapidement.
FB_2350,CUST_594,2024-05-03,1,Qualité service,L’outil est simple à utiliser.
FB_2351,CUST_135,2025-03-23,1,Qualité service,La plateforme aide vraiment au pilotage.
FB_2352,CUST_686,2024-02-23,2,Communication,Très bon accompagnement client.
FB_2353,CUST_1123,2024-07-30,3,Aucune plainte,La configuration initiale est un peu longue.
FB_2354,CUST_970,2025-04-09,3,Support client,La configuration initiale est un peu longue.
FB_2355,CUST_184,2024-03-11,4,Organisation,Très bon accompagnement client.
FB_2356,CUST_929,2024-12-18,2,Réservation,La configuration initiale est un peu longue.
FB_2357,CUST_999,2024-06-23,1,Support client,Interface claire.
FB_2358,CUST_1441,2024-05-16,5,Prix,L’outil est simple à utiliser.
FB_2359,CUST_278,2024-01-08,2,Qualité service,La documentation pourrait être plus claire.
FB_2360,CUST_206,2024-06-01,5,Organisation,La plateforme aide vraiment au pilotage.
FB_2361,CUST_1077,2024-12-25,1,Qualité service,Les fonctionnalités sont utiles.
FB_2362,CUST_566,2024-11-13,2,Communication,Très bon accompagnement client.
FB_2363,CUST_1354,2024-03-02,2,Communication,La documentation pourrait être plus claire.
FB_2364,CUST_631,2024-04-13,4,Qualité service,La documentation pourrait être plus claire.
FB_2365,CUST_57,2025-06-06,4,Prix,Les fonctionnalités sont utiles.
FB_2366,CUST_573,2024-12-31,4,Aucune plainte,Les fonctionnalités sont utiles.
FB_2367,CUST_726,2024-06-16,3,Aucune plainte,Le support a répondu rapidement.
FB_2368,CUST_1087,2024-10-13,1,Aucune plainte,Interface claire.
FB_2369,CUST_1489,2025-06-24,1,Communication,La configuration initiale est un peu longue.
FB_2370,CUST_473,2024-03-20,5,Communication,Le support a répondu rapidement.
FB_2371,CUST_742,2025-06-26,5,Prix,Interface claire.
FB_2372,CUST_1213,2024-09-11,5,Qualité service,La configuration initiale est un peu longue.
FB_2373,CUST_631,2024-05-27,4,Réservation,Les fonctionnalités sont utiles.
FB_2374,CUST_179,2024-08-21,2,Qualité service,Les fonctionnalités sont utiles.
FB_2375,CUST_29,2024-01-03,4,Aucune plainte,L’outil est simple à utiliser.
FB_2376,CUST_1314,2024-12-16,2,Support client,L’outil est simple à utiliser.
FB_2377,CUST_66,2024-09-17,4,Communication,La plateforme aide vraiment au pilotage.
FB_2378,CUST_212,2024-06-12,1,Communication,Quelques lenteurs observées.
FB_2379,CUST_850,2024-09-07,1,Aucune plainte,La configuration initiale est un peu longue.
FB_2380,CUST_1012,2025-06-06,3,Communication,Les fonctionnalités sont utiles.
FB_2381,CUST_728,2025-06-20,4,Support client,Le prix est élevé pour une petite équipe.
FB_2382,CUST_14,2024-08-20,1,Qualité service,Le prix est élevé pour une petite équipe.
FB_2383,CUST_484,2024-01-04,5,Prix,La documentation pourrait être plus claire.
FB_2384,CUST_1115,2024-09-05,1,Communication,Interface claire.
FB_2385,CUST_768,2024-06-02,2,Aucune plainte,Les fonctionnalités sont utiles.
FB_2386,CUST_459,2024-07-07,5,Organisation,La documentation pourrait être plus claire.
FB_2387,CUST_1150,2024-08-17,5,Prix,La plateforme aide vraiment au pilotage.
FB_2388,CUST_1399,2024-03-16,3,Prix,Très bon accompagnement client.
FB_2389,CUST_781,2025-03-17,4,Organisation,La configuration initiale est un peu longue.
FB_2390,CUST_357,2025-01-06,4,Organisation,La plateforme aide vraiment au pilotage.
FB_2391,CUST_174,2024-11-08,5,Aucune plainte,Très bon accompagnement client.
FB_2392,CUST_725,2024-09-09,5,Aucune plainte,Très bon accompagnement client.
FB_2393,CUST_1460,2024-06-08,1,Communication,L’outil est simple à utiliser.
FB_2394,CUST_1447,2024-04-13,1,Qualité service,La documentation pourrait être plus claire.
FB_2395,CUST_34,2024-10-11,5,Prix,Très bon accompagnement client.
FB_2396,CUST_460,2024-11-13,4,Organisation,Les fonctionnalités sont utiles.
FB_2397,CUST_243,2025-03-10,2,Qualité service,La documentation pourrait être plus claire.
FB_2398,CUST_293,2024-03-19,5,Communication,Quelques lenteurs observées.
FB_2399,CUST_398,2024-02-26,5,Prix,La plateforme aide vraiment au pilotage.
FB_2400,CUST_512,2024-08-28,1,Qualité service,La documentation pourrait être plus claire.
FB_2401,CUST_430,2024-01-07,5,Réservation,L’outil est simple à utiliser.
FB_2402,CUST_498,2024-09-10,3,Réservation,Quelques lenteurs observées.
FB_2403,CUST_1377,2025-06-27,5,Communication,Très bon accompagnement client.
FB_2404,CUST_232,2025-02-21,3,Réservation,Le prix est élevé pour une petite équipe.
FB_2405,CUST_620,2024-12-15,5,Prix,Le prix est élevé pour une petite équipe.
FB_2406,CUST_807,2024-01-23,3,Organisation,La plateforme aide vraiment au pilotage.
FB_2407,CUST_636,2025-04-22,5,Aucune plainte,La configuration initiale est un peu longue.
FB_2408,CUST_400,2024-03-03,5,Prix,Les fonctionnalités sont utiles.
FB_2409,CUST_1137,2024-07-24,3,Qualité service,La documentation pourrait être plus claire.
FB_2410,CUST_126,2024-10-04,2,Support client,La plateforme aide vraiment au pilotage.
FB_2411,CUST_1156,2024-06-21,1,Communication,Quelques lenteurs observées.
FB_2412,CUST_443,2024-11-24,4,Aucune plainte,Le support a répondu rapidement.
FB_2413,CUST_1173,2024-03-23,1,Qualité service,Le support a répondu rapidement.
FB_2414,CUST_24,2025-02-23,3,Qualité service,Le prix est élevé pour une petite équipe.
FB_2415,CUST_301,2024-02-11,4,Réservation,Très bon accompagnement client.
FB_2416,CUST_1077,2025-02-01,2,Support client,Interface claire.
FB_2417,CUST_143,2024-03-28,4,Prix,La plateforme aide vraiment au pilotage.
FB_2418,CUST_1132,2025-02-25,2,Prix,Très bon accompagnement client.
FB_2419,CUST_654,2025-01-27,4,Aucune plainte,Quelques lenteurs observées.
FB_2420,CUST_109,2025-05-30,5,Réservation,La plateforme aide vraiment au pilotage.
FB_2421,CUST_1253,2024-03-19,2,Qualité service,L’outil est simple à utiliser.
FB_2422,CUST_855,2025-05-19,4,Communication,Très bon accompagnement client.
FB_2423,CUST_1109,2024-11-09,3,Communication,La configuration initiale est un peu longue.
FB_2424,CUST_428,2024-05-06,4,Réservation,Interface claire.
FB_2425,CUST_847,2024-04-24,5,Communication,Quelques lenteurs observées.
FB_2426,CUST_208,2024-05-13,4,Aucune plainte,Très bon accompagnement client.
FB_2427,CUST_401,2025-01-30,4,Communication,Quelques lenteurs observées.
FB_2428,CUST_1411,2025-05-17,1,Prix,La plateforme aide vraiment au pilotage.
FB_2429,CUST_712,2025-03-01,3,Communication,Interface claire.
FB_2430,CUST_417,2025-01-12,1,Organisation,Le support a répondu rapidement.
FB_2431,CUST_694,2025-03-26,4,Communication,La plateforme aide vraiment au pilotage.
FB_2432,CUST_983,2025-02-28,1,Support client,La plateforme aide vraiment au pilotage.
FB_2433,CUST_979,2024-03-27,3,Aucune plainte,Les fonctionnalités sont utiles.
FB_2434,CUST_614,2024-12-30,4,Prix,Les fonctionnalités sont utiles.
FB_2435,CUST_761,2025-05-13,2,Réservation,Interface claire.
FB_2436,CUST_367,2025-04-11,5,Support client,La plateforme aide vraiment au pilotage.
FB_2437,CUST_218,2024-02-27,4,Prix,Le prix est élevé pour une petite équipe.
FB_2438,CUST_1370,2025-05-15,4,Organisation,La plateforme aide vraiment au pilotage.
FB_2439,CUST_117,2024-07-24,5,Prix,Interface claire.
FB_2440,CUST_1361,2024-04-26,1,Qualité service,La plateforme aide vraiment au pilotage.
FB_2441,CUST_1262,2025-03-31,2,Support client,Le support a répondu rapidement.
FB_2442,CUST_1246,2024-03-11,3,Organisation,La documentation pourrait être plus claire.
FB_2443,CUST_168,2024-01-04,4,Support client,La documentation pourrait être plus claire.
FB_2444,CUST_1198,2024-02-16,5,Prix,Le prix est élevé pour une petite équipe.
FB_2445,CUST_1355,2024-09-19,1,Support client,L’outil est simple à utiliser.
FB_2446,CUST_1029,2024-05-05,3,Support client,La plateforme aide vraiment au pilotage.
FB_2447,CUST_1119,2024-05-24,4,Prix,Les fonctionnalités sont utiles.
FB_2448,CUST_1187,2025-01-17,4,Qualité service,La plateforme aide vraiment au pilotage.
FB_2449,CUST_184,2025-03-03,2,Support client,Les fonctionnalités sont utiles.
FB_2450,CUST_276,2024-08-13,1,Communication,Le support a répondu rapidement.
FB_2451,CUST_1445,2024-10-14,1,Organisation,L’outil est simple à utiliser.
FB_2452,CUST_108,2024-09-09,4,Communication,Le support a répondu rapidement.
FB_2453,CUST_467,2025-01-28,1,Support client,La configuration initiale est un peu longue.
FB_2454,CUST_851,2024-08-08,5,Réservation,Très bon accompagnement client.
FB_2455,CUST_978,2024-07-27,2,Support client,La configuration initiale est un peu longue.
FB_2456,CUST_1068,2024-12-05,1,Communication,Les fonctionnalités sont utiles.
FB_2457,CUST_785,2024-03-16,2,Communication,Très bon accompagnement client.
FB_2458,CUST_13,2024-02-09,3,Support client,Très bon accompagnement client.
FB_2459,CUST_174,2024-02-21,5,Aucune plainte,Très bon accompagnement client.
FB_2460,CUST_27,2024-02-10,4,Organisation,Quelques lenteurs observées.
FB_2461,CUST_1151,2024-06-29,5,Communication,Le prix est élevé pour une petite équipe.
FB_2462,CUST_46,2025-03-12,1,Organisation,Le support a répondu rapidement.
FB_2463,CUST_694,2024-12-03,1,Qualité service,La configuration initiale est un peu longue.
FB_2464,CUST_882,2024-04-13,1,Support client,L’outil est simple à utiliser.
FB_2465,CUST_887,2024-01-28,5,Qualité service,La plateforme aide vraiment au pilotage.
FB_2466,CUST_1490,2024-05-31,1,Aucune plainte,La configuration initiale est un peu longue.
FB_2467,CUST_954,2025-05-25,2,Prix,Le support a répondu rapidement.
FB_2468,CUST_501,2025-02-13,4,Organisation,Quelques lenteurs observées.
FB_2469,CUST_1260,2024-09-29,4,Aucune plainte,Très bon accompagnement client.
FB_2470,CUST_507,2024-10-03,1,Qualité service,Interface claire.
FB_2471,CUST_695,2024-09-24,5,Réservation,Interface claire.
FB_2472,CUST_909,2024-10-17,5,Prix,Très bon accompagnement client.
FB_2473,CUST_676,2024-06-12,4,Organisation,L’outil est simple à utiliser.
FB_2474,CUST_1020,2024-06-25,2,Réservation,Très bon accompagnement client.
FB_2475,CUST_803,2025-01-17,3,Qualité service,Très bon accompagnement client.
FB_2476,CUST_606,2024-04-08,2,Communication,L’outil est simple à utiliser.
FB_2477,CUST_820,2024-09-03,1,Communication,L’outil est simple à utiliser.
FB_2478,CUST_923,2025-03-01,3,Qualité service,Quelques lenteurs observées.
FB_2479,CUST_441,2024-09-02,1,Organisation,Le support a répondu rapidement.
FB_2480,CUST_627,2025-05-29,3,Prix,Le prix est élevé pour une petite équipe.
FB_2481,CUST_1357,2024-09-25,2,Organisation,Le prix est élevé pour une petite équipe.
FB_2482,CUST_1478,2024-06-06,1,Réservation,Les fonctionnalités sont utiles.
FB_2483,CUST_1183,2024-09-09,2,Organisation,Très bon accompagnement client.
FB_2484,CUST_519,2024-09-09,2,Support client,La plateforme aide vraiment au pilotage.
FB_2485,CUST_34,2025-01-11,5,Communication,Très bon accompagnement client.
FB_2486,CUST_1286,2024-11-26,5,Aucune plainte,Interface claire.
FB_2487,CUST_1162,2025-01-13,5,Communication,La plateforme aide vraiment au pilotage.
FB_2488,CUST_408,2024-10-05,2,Support client,La documentation pourrait être plus claire.
FB_2489,CUST_416,2024-02-20,1,Qualité service,Le support a répondu rapidement.
FB_2490,CUST_132,2024-04-18,2,Support client,Interface claire.
FB_2491,CUST_293,2024-12-18,3,Support client,La plateforme aide vraiment au pilotage.
FB_2492,CUST_992,2025-06-09,5,Prix,La documentation pourrait être plus claire.
FB_2493,CUST_218,2025-01-07,3,Support client,Très bon accompagnement client.
FB_2494,CUST_407,2025-03-06,3,Organisation,La plateforme aide vraiment au pilotage.
FB_2495,CUST_252,2024-12-05,4,Communication,La documentation pourrait être plus claire.
FB_2496,CUST_625,2024-11-19,4,Prix,Le prix est élevé pour une petite équipe.
FB_2497,CUST_506,2024-08-17,5,Réservation,La documentation pourrait être plus claire.
FB_2498,CUST_921,2025-05-17,5,Organisation,La plateforme aide vraiment au pilotage.
FB_2499,CUST_1327,2024-05-01,3,Aucune plainte,L’outil est simple à utiliser.
FB_2500,CUST_181,2024-08-25,5,Communication,La plateforme aide vraiment au pilotage.
FB_2501,CUST_294,2024-04-29,2,Qualité service,Très bon accompagnement client.
FB_2502,CUST_656,2025-03-24,2,Prix,Le prix est élevé pour une petite équipe.
FB_2503,CUST_571,2025-06-13,4,Communication,Le support a répondu rapidement.
FB_2504,CUST_166,2024-11-09,3,Communication,Les fonctionnalités sont utiles.
FB_2505,CUST_495,2025-06-03,1,Réservation,La plateforme aide vraiment au pilotage.
FB_2506,CUST_1138,2024-04-17,4,Prix,Très bon accompagnement client.
FB_2507,CUST_954,2024-11-15,5,Réservation,Les fonctionnalités sont utiles.
FB_2508,CUST_726,2024-05-25,2,Organisation,Interface claire.
FB_2509,CUST_1364,2024-02-12,5,Réservation,La plateforme aide vraiment au pilotage.
FB_2510,CUST_678,2024-05-24,3,Support client,La plateforme aide vraiment au pilotage.
FB_2511,CUST_464,2024-10-04,5,Support client,La configuration initiale est un peu longue.
FB_2512,CUST_905,2024-05-25,5,Prix,Le support a répondu rapidement.
FB_2513,CUST_344,2025-06-24,4,Qualité service,Interface claire.
FB_2514,CUST_646,2024-06-02,2,Organisation,Les fonctionnalités sont utiles.
FB_2515,CUST_907,2024-04-26,2,Qualité service,Le prix est élevé pour une petite équipe.
FB_2516,CUST_416,2024-05-29,5,Aucune plainte,Le support a répondu rapidement.
FB_2517,CUST_259,2024-12-14,5,Prix,Interface claire.
FB_2518,CUST_191,2024-04-14,3,Prix,Quelques lenteurs observées.
FB_2519,CUST_341,2024-07-14,3,Communication,La documentation pourrait être plus claire.
FB_2520,CUST_1344,2024-03-11,5,Prix,Le support a répondu rapidement.
FB_2521,CUST_1126,2024-10-09,4,Réservation,La plateforme aide vraiment au pilotage.
FB_2522,CUST_741,2025-05-07,5,Qualité service,Très bon accompagnement client.
FB_2523,CUST_223,2024-03-18,2,Aucune plainte,Le support a répondu rapidement.
FB_2524,CUST_394,2024-08-14,5,Qualité service,Interface claire.
FB_2525,CUST_1494,2024-11-08,1,Réservation,Le support a répondu rapidement.
FB_2526,CUST_1430,2024-03-13,5,Support client,La plateforme aide vraiment au pilotage.
FB_2527,CUST_982,2025-04-25,1,Communication,Interface claire.
FB_2528,CUST_1214,2024-02-26,1,Communication,Le prix est élevé pour une petite équipe.
FB_2529,CUST_446,2024-06-01,1,Prix,L’outil est simple à utiliser.
FB_2530,CUST_229,2024-03-21,2,Réservation,L’outil est simple à utiliser.
FB_2531,CUST_1074,2025-01-10,3,Aucune plainte,La documentation pourrait être plus claire.
FB_2532,CUST_547,2024-02-15,1,Qualité service,La documentation pourrait être plus claire.
FB_2533,CUST_485,2024-11-25,4,Qualité service,Le support a répondu rapidement.
FB_2534,CUST_594,2024-06-20,4,Aucune plainte,Très bon accompagnement client.
FB_2535,CUST_174,2025-06-11,3,Aucune plainte,Très bon accompagnement client.
FB_2536,CUST_1185,2024-12-10,3,Qualité service,Interface claire.
FB_2537,CUST_1456,2025-06-23,5,Organisation,Les fonctionnalités sont utiles.
FB_2538,CUST_1445,2024-07-19,2,Réservation,Très bon accompagnement client.
FB_2539,CUST_200,2025-02-12,5,Support client,Interface claire.
FB_2540,CUST_31,2024-10-05,1,Réservation,L’outil est simple à utiliser.
FB_2541,CUST_1101,2024-10-12,4,Organisation,Le prix est élevé pour une petite équipe.
FB_2542,CUST_124,2024-11-05,2,Réservation,La plateforme aide vraiment au pilotage.
FB_2543,CUST_1029,2024-07-29,3,Support client,La documentation pourrait être plus claire.
FB_2544,CUST_461,2025-03-02,1,Communication,Interface claire.
FB_2545,CUST_900,2024-11-21,4,Communication,La plateforme aide vraiment au pilotage.
FB_2546,CUST_600,2024-01-19,5,Prix,Interface claire.
FB_2547,CUST_391,2025-06-19,2,Prix,L’outil est simple à utiliser.
FB_2548,CUST_143,2024-11-23,1,Réservation,La documentation pourrait être plus claire.
FB_2549,CUST_183,2024-07-31,4,Qualité service,L’outil est simple à utiliser.
FB_2550,CUST_1189,2024-12-28,5,Organisation,La documentation pourrait être plus claire.
FB_2551,CUST_424,2024-11-20,4,Support client,La configuration initiale est un peu longue.
FB_2552,CUST_212,2025-05-20,4,Communication,L’outil est simple à utiliser.
FB_2553,CUST_294,2025-05-31,1,Réservation,La configuration initiale est un peu longue.
FB_2554,CUST_1172,2024-03-14,1,Réservation,L’outil est simple à utiliser.
FB_2555,CUST_151,2025-05-26,2,Prix,Le prix est élevé pour une petite équipe.
FB_2556,CUST_824,2025-03-27,3,Réservation,L’outil est simple à utiliser.
FB_2557,CUST_867,2024-10-19,3,Support client,La configuration initiale est un peu longue.
FB_2558,CUST_982,2025-01-23,3,Organisation,L’outil est simple à utiliser.
FB_2559,CUST_1184,2024-07-04,5,Aucune plainte,Les fonctionnalités sont utiles.
FB_2560,CUST_923,2024-08-09,2,Support client,La documentation pourrait être plus claire.
FB_2561,CUST_1034,2025-06-29,3,Communication,Très bon accompagnement client.
FB_2562,CUST_422,2024-10-06,5,Communication,L’outil est simple à utiliser.
FB_2563,CUST_831,2024-10-05,3,Réservation,L’outil est simple à utiliser.
FB_2564,CUST_183,2024-09-07,3,Support client,La configuration initiale est un peu longue.
FB_2565,CUST_1472,2024-11-20,5,Organisation,La plateforme aide vraiment au pilotage.
FB_2566,CUST_1350,2025-05-05,3,Qualité service,Très bon accompagnement client.
FB_2567,CUST_453,2025-05-15,1,Support client,Interface claire.
FB_2568,CUST_1002,2025-01-11,2,Prix,L’outil est simple à utiliser.
FB_2569,CUST_401,2024-04-30,5,Prix,Interface claire.
FB_2570,CUST_1418,2025-01-05,5,Réservation,Interface claire.
FB_2571,CUST_38,2025-02-23,5,Organisation,Quelques lenteurs observées.
FB_2572,CUST_1250,2025-01-18,5,Organisation,Le prix est élevé pour une petite équipe.
FB_2573,CUST_430,2025-05-13,2,Prix,L’outil est simple à utiliser.
FB_2574,CUST_368,2024-01-06,5,Support client,Interface claire.
FB_2575,CUST_69,2025-01-29,4,Qualité service,La documentation pourrait être plus claire.
FB_2576,CUST_1277,2025-06-08,4,Organisation,Le support a répondu rapidement.
FB_2577,CUST_1274,2024-03-01,2,Communication,Le prix est élevé pour une petite équipe.
FB_2578,CUST_600,2024-11-07,1,Support client,La documentation pourrait être plus claire.
FB_2579,CUST_898,2025-01-01,1,Prix,Les fonctionnalités sont utiles.
FB_2580,CUST_1409,2024-07-24,4,Réservation,Le support a répondu rapidement.
FB_2581,CUST_168,2024-10-17,3,Prix,Le support a répondu rapidement.
FB_2582,CUST_475,2024-09-07,4,Support client,Le support a répondu rapidement.
FB_2583,CUST_1465,2024-11-09,3,Prix,La documentation pourrait être plus claire.
FB_2584,CUST_944,2025-06-20,3,Aucune plainte,La configuration initiale est un peu longue.
FB_2585,CUST_520,2025-04-19,5,Communication,Interface claire.
FB_2586,CUST_1207,2024-03-23,2,Support client,La documentation pourrait être plus claire.
FB_2587,CUST_320,2024-09-18,5,Aucune plainte,La documentation pourrait être plus claire.
FB_2588,CUST_578,2025-02-25,1,Prix,Le support a répondu rapidement.
FB_2589,CUST_586,2025-05-20,3,Prix,Les fonctionnalités sont utiles.
FB_2590,CUST_225,2024-10-17,2,Communication,La plateforme aide vraiment au pilotage.
FB_2591,CUST_996,2025-04-14,2,Prix,La plateforme aide vraiment au pilotage.
FB_2592,CUST_994,2024-05-27,2,Prix,La configuration initiale est un peu longue.
FB_2593,CUST_274,2024-11-30,1,Support client,La configuration initiale est un peu longue.
FB_2594,CUST_765,2025-06-30,3,Support client,Le prix est élevé pour une petite équipe.
FB_2595,CUST_967,2025-01-14,5,Support client,Très bon accompagnement client.
FB_2596,CUST_1096,2024-06-18,1,Organisation,Quelques lenteurs observées.
FB_2597,CUST_1423,2024-05-24,4,Prix,Le support a répondu rapidement.
FB_2598,CUST_1361,2024-03-02,4,Prix,Les fonctionnalités sont utiles.
FB_2599,CUST_985,2024-04-06,5,Organisation,Très bon accompagnement client.
FB_2600,CUST_1107,2024-10-25,5,Support client,La documentation pourrait être plus claire.
FB_2601,CUST_1372,2024-01-01,5,Qualité service,Les fonctionnalités sont utiles.
FB_2602,CUST_1473,2024-02-28,1,Qualité service,La configuration initiale est un peu longue.
FB_2603,CUST_1064,2024-07-02,5,Aucune plainte,Quelques lenteurs observées.
FB_2604,CUST_530,2025-05-14,5,Réservation,Quelques lenteurs observées.
FB_2605,CUST_678,2024-02-10,1,Aucune plainte,La plateforme aide vraiment au pilotage.
FB_2606,CUST_239,2024-10-10,5,Prix,L’outil est simple à utiliser.
FB_2607,CUST_659,2024-08-31,3,Réservation,Les fonctionnalités sont utiles.
FB_2608,CUST_1033,2024-09-06,4,Prix,La configuration initiale est un peu longue.
FB_2609,CUST_479,2024-09-02,3,Qualité service,Très bon accompagnement client.
FB_2610,CUST_440,2025-06-09,1,Aucune plainte,La plateforme aide vraiment au pilotage.
FB_2611,CUST_511,2024-02-02,5,Aucune plainte,Les fonctionnalités sont utiles.
FB_2612,CUST_1261,2024-06-08,5,Aucune plainte,Très bon accompagnement client.
FB_2613,CUST_1028,2025-04-03,1,Organisation,La documentation pourrait être plus claire.
FB_2614,CUST_617,2024-04-24,1,Qualité service,Quelques lenteurs observées.
FB_2615,CUST_224,2025-02-17,2,Réservation,La configuration initiale est un peu longue.
FB_2616,CUST_986,2025-06-24,3,Aucune plainte,La documentation pourrait être plus claire.
FB_2617,CUST_301,2024-03-29,2,Support client,La documentation pourrait être plus claire.
FB_2618,CUST_1332,2025-05-02,2,Prix,La plateforme aide vraiment au pilotage.
FB_2619,CUST_383,2025-04-12,4,Organisation,La documentation pourrait être plus claire.
FB_2620,CUST_185,2024-08-12,2,Support client,La plateforme aide vraiment au pilotage.
FB_2621,CUST_726,2024-12-15,2,Réservation,L’outil est simple à utiliser.
FB_2622,CUST_1237,2025-01-24,4,Support client,Interface claire.
FB_2623,CUST_696,2024-05-04,4,Réservation,Interface claire.
FB_2624,CUST_369,2024-10-16,5,Aucune plainte,La plateforme aide vraiment au pilotage.
FB_2625,CUST_373,2024-08-31,1,Réservation,Interface claire.
FB_2626,CUST_361,2024-11-21,2,Réservation,La configuration initiale est un peu longue.
FB_2627,CUST_244,2024-02-05,5,Communication,Très bon accompagnement client.
FB_2628,CUST_817,2024-07-12,5,Qualité service,Le support a répondu rapidement.
FB_2629,CUST_407,2024-02-20,2,Qualité service,Quelques lenteurs observées.
FB_2630,CUST_440,2024-03-06,2,Aucune plainte,Les fonctionnalités sont utiles.
FB_2631,CUST_216,2025-04-29,5,Réservation,L’outil est simple à utiliser.
FB_2632,CUST_1138,2024-10-28,4,Communication,La configuration initiale est un peu longue.
FB_2633,CUST_943,2024-03-12,1,Organisation,Très bon accompagnement client.
FB_2634,CUST_390,2025-03-08,3,Support client,La documentation pourrait être plus claire.
FB_2635,CUST_325,2025-05-05,1,Prix,Les fonctionnalités sont utiles.
FB_2636,CUST_1084,2024-12-30,4,Réservation,Le prix est élevé pour une petite équipe.
FB_2637,CUST_1150,2025-02-10,2,Aucune plainte,La documentation pourrait être plus claire.
FB_2638,CUST_1479,2024-07-06,3,Réservation,Interface claire.
FB_2639,CUST_1122,2024-08-28,3,Organisation,L’outil est simple à utiliser.
FB_2640,CUST_1119,2024-10-31,1,Qualité service,Le prix est élevé pour une petite équipe.
FB_2641,CUST_1223,2024-11-14,3,Organisation,L’outil est simple à utiliser.
FB_2642,CUST_572,2024-05-25,2,Support client,Les fonctionnalités sont utiles.
FB_2643,CUST_352,2025-01-23,5,Qualité service,Le prix est élevé pour une petite équipe.
FB_2644,CUST_734,2024-04-04,2,Support client,L’outil est simple à utiliser.
FB_2645,CUST_1110,2024-01-09,3,Support client,La plateforme aide vraiment au pilotage.
FB_2646,CUST_314,2025-06-04,4,Communication,La plateforme aide vraiment au pilotage.
FB_2647,CUST_980,2025-02-16,1,Support client,Le prix est élevé pour une petite équipe.
FB_2648,CUST_634,2025-04-08,1,Communication,Très bon accompagnement client.
FB_2649,CUST_611,2024-03-16,4,Prix,Le support a répondu rapidement.
FB_2650,CUST_1057,2024-03-13,3,Qualité service,Très bon accompagnement client.
FB_2651,CUST_876,2025-01-02,2,Aucune plainte,Quelques lenteurs observées.
FB_2652,CUST_925,2024-11-06,4,Support client,Interface claire.
FB_2653,CUST_1133,2024-03-04,1,Réservation,L’outil est simple à utiliser.
FB_2654,CUST_1196,2024-02-21,3,Prix,Le prix est élevé pour une petite équipe.
FB_2655,CUST_1419,2024-04-18,2,Aucune plainte,L’outil est simple à utiliser.
FB_2656,CUST_150,2025-05-01,5,Communication,Très bon accompagnement client.
FB_2657,CUST_120,2024-11-22,1,Prix,Le prix est élevé pour une petite équipe.
FB_2658,CUST_249,2024-11-01,3,Prix,La documentation pourrait être plus claire.
FB_2659,CUST_14,2025-01-09,3,Qualité service,Le support a répondu rapidement.
FB_2660,CUST_330,2025-02-26,4,Réservation,Très bon accompagnement client.
FB_2661,CUST_296,2025-02-13,2,Réservation,Le support a répondu rapidement.
FB_2662,CUST_197,2024-12-25,3,Qualité service,La plateforme aide vraiment au pilotage.
FB_2663,CUST_808,2025-04-03,4,Communication,La configuration initiale est un peu longue.
FB_2664,CUST_1042,2025-02-07,5,Réservation,Le prix est élevé pour une petite équipe.
FB_2665,CUST_148,2024-01-19,3,Organisation,Le prix est élevé pour une petite équipe.
FB_2666,CUST_358,2024-03-06,3,Prix,L’outil est simple à utiliser.
FB_2667,CUST_1013,2024-10-28,4,Qualité service,Très bon accompagnement client.
FB_2668,CUST_1348,2024-05-07,1,Support client,Interface claire.
FB_2669,CUST_1218,2024-02-08,4,Communication,La configuration initiale est un peu longue.
FB_2670,CUST_604,2024-12-22,1,Support client,Le prix est élevé pour une petite équipe.
FB_2671,CUST_1408,2024-12-15,5,Support client,Interface claire.
FB_2672,CUST_507,2025-05-07,2,Réservation,Quelques lenteurs observées.
FB_2673,CUST_1497,2024-03-10,1,Réservation,La documentation pourrait être plus claire.
FB_2674,CUST_1497,2024-01-13,1,Aucune plainte,Les fonctionnalités sont utiles.
FB_2675,CUST_1462,2025-01-31,2,Communication,Le support a répondu rapidement.
FB_2676,CUST_1479,2024-07-20,1,Organisation,Les fonctionnalités sont utiles.
FB_2677,CUST_131,2025-04-28,3,Support client,Le support a répondu rapidement.
FB_2678,CUST_101,2024-09-22,1,Qualité service,La documentation pourrait être plus claire.
FB_2679,CUST_693,2024-07-01,1,Aucune plainte,La configuration initiale est un peu longue.
FB_2680,CUST_1159,2025-03-18,3,Aucune plainte,Quelques lenteurs observées.
FB_2681,CUST_295,2024-01-24,3,Communication,Le prix est élevé pour une petite équipe.
FB_2682,CUST_838,2025-01-20,1,Communication,L’outil est simple à utiliser.
FB_2683,CUST_1258,2024-03-30,4,Prix,La plateforme aide vraiment au pilotage.
FB_2684,CUST_388,2025-05-15,1,Qualité service,La plateforme aide vraiment au pilotage.
FB_2685,CUST_707,2024-06-08,3,Prix,Interface claire.
FB_2686,CUST_526,2024-03-27,5,Prix,Très bon accompagnement client.
FB_2687,CUST_914,2025-03-27,5,Réservation,L’outil est simple à utiliser.
FB_2688,CUST_154,2025-01-22,1,Organisation,Quelques lenteurs observées.
FB_2689,CUST_241,2024-04-07,2,Support client,Le support a répondu rapidement.
FB_2690,CUST_1345,2024-09-09,4,Prix,Le prix est élevé pour une petite équipe.
FB_2691,CUST_1376,2024-04-24,2,Qualité service,La configuration initiale est un peu longue.
FB_2692,CUST_518,2025-04-01,5,Support client,Très bon accompagnement client.
FB_2693,CUST_87,2024-05-10,1,Support client,La plateforme aide vraiment au pilotage.
FB_2694,CUST_56,2024-01-28,1,Qualité service,Quelques lenteurs observées.
FB_2695,CUST_1370,2025-02-22,2,Organisation,La plateforme aide vraiment au pilotage.
FB_2696,CUST_874,2024-11-15,3,Communication,Le support a répondu rapidement.
FB_2697,CUST_255,2024-02-25,4,Réservation,La plateforme aide vraiment au pilotage.
FB_2698,CUST_1253,2024-11-04,2,Qualité service,Les fonctionnalités sont utiles.
FB_2699,CUST_250,2025-03-24,4,Organisation,La documentation pourrait être plus claire.
FB_2700,CUST_427,2025-04-04,4,Communication,La plateforme aide vraiment au pilotage.
FB_2701,CUST_694,2024-06-05,4,Prix,La configuration initiale est un peu longue.
FB_2702,CUST_1273,2025-02-02,4,Support client,Les fonctionnalités sont utiles.
FB_2703,CUST_746,2024-05-18,1,Support client,La configuration initiale est un peu longue.
FB_2704,CUST_1477,2025-04-03,4,Prix,Le prix est élevé pour une petite équipe.
FB_2705,CUST_935,2025-03-31,3,Organisation,Le prix est élevé pour une petite équipe.
FB_2706,CUST_1065,2024-04-09,2,Communication,La configuration initiale est un peu longue.
FB_2707,CUST_237,2024-06-03,4,Communication,Le support a répondu rapidement.
FB_2708,CUST_456,2025-05-06,1,Aucune plainte,La documentation pourrait être plus claire.
FB_2709,CUST_1271,2024-11-23,4,Communication,Le prix est élevé pour une petite équipe.
FB_2710,CUST_165,2024-09-30,3,Aucune plainte,L’outil est simple à utiliser.
FB_2711,CUST_1493,2025-03-29,1,Prix,Très bon accompagnement client.
FB_2712,CUST_493,2025-05-18,4,Organisation,L’outil est simple à utiliser.
FB_2713,CUST_315,2025-04-13,3,Qualité service,Interface claire.
FB_2714,CUST_1061,2024-03-15,1,Aucune plainte,La configuration initiale est un peu longue.
FB_2715,CUST_1401,2024-09-11,4,Organisation,L’outil est simple à utiliser.
FB_2716,CUST_62,2025-01-24,5,Communication,La configuration initiale est un peu longue.
FB_2717,CUST_844,2025-05-15,4,Aucune plainte,Très bon accompagnement client.
FB_2718,CUST_1036,2025-03-27,3,Qualité service,Les fonctionnalités sont utiles.
FB_2719,CUST_1288,2024-11-27,4,Prix,Le prix est élevé pour une petite équipe.
FB_2720,CUST_190,2024-04-04,5,Qualité service,L’outil est simple à utiliser.
FB_2721,CUST_285,2024-01-14,3,Prix,Le support a répondu rapidement.
FB_2722,CUST_352,2024-02-12,3,Support client,Très bon accompagnement client.
FB_2723,CUST_138,2024-03-03,4,Support client,La plateforme aide vraiment au pilotage.
FB_2724,CUST_155,2024-09-18,3,Organisation,La configuration initiale est un peu longue.
FB_2725,CUST_696,2025-04-16,3,Prix,Quelques lenteurs observées.
FB_2726,CUST_1395,2024-10-11,3,Communication,La configuration initiale est un peu longue.
FB_2727,CUST_1244,2024-07-05,4,Réservation,Interface claire.
FB_2728,CUST_161,2024-06-19,1,Prix,Le prix est élevé pour une petite équipe.
FB_2729,CUST_746,2024-04-25,1,Aucune plainte,La documentation pourrait être plus claire.
FB_2730,CUST_1036,2024-09-05,3,Support client,La configuration initiale est un peu longue.
FB_2731,CUST_447,2024-10-30,3,Organisation,La configuration initiale est un peu longue.
FB_2732,CUST_741,2025-05-09,2,Support client,La plateforme aide vraiment au pilotage.
FB_2733,CUST_677,2024-05-06,1,Support client,Très bon accompagnement client.
FB_2734,CUST_905,2024-05-31,5,Prix,La plateforme aide vraiment au pilotage.
FB_2735,CUST_545,2024-11-01,4,Réservation,Le support a répondu rapidement.
FB_2736,CUST_1000,2025-05-23,4,Qualité service,Quelques lenteurs observées.
FB_2737,CUST_1326,2024-11-03,1,Communication,L’outil est simple à utiliser.
FB_2738,CUST_1141,2024-07-06,1,Qualité service,La documentation pourrait être plus claire.
FB_2739,CUST_114,2024-12-11,3,Qualité service,Le prix est élevé pour une petite équipe.
FB_2740,CUST_1075,2025-04-07,2,Réservation,Très bon accompagnement client.
FB_2741,CUST_659,2024-11-21,2,Organisation,Très bon accompagnement client.
FB_2742,CUST_410,2024-07-23,2,Support client,La documentation pourrait être plus claire.
FB_2743,CUST_683,2024-07-14,3,Qualité service,Le support a répondu rapidement.
FB_2744,CUST_71,2025-06-07,3,Communication,L’outil est simple à utiliser.
FB_2745,CUST_174,2025-02-25,4,Prix,Le prix est élevé pour une petite équipe.
FB_2746,CUST_357,2024-10-05,5,Réservation,Le support a répondu rapidement.
FB_2747,CUST_73,2025-03-23,2,Organisation,L’outil est simple à utiliser.
FB_2748,CUST_1394,2024-10-06,1,Communication,L’outil est simple à utiliser.
FB_2749,CUST_558,2025-04-02,5,Prix,La documentation pourrait être plus claire.
FB_2750,CUST_205,2025-01-03,2,Support client,Le prix est élevé pour une petite équipe.
FB_2751,CUST_1398,2024-05-27,3,Support client,Le support a répondu rapidement.
FB_2752,CUST_200,2024-04-15,2,Aucune plainte,La documentation pourrait être plus claire.
FB_2753,CUST_1053,2024-03-09,3,Support client,La configuration initiale est un peu longue.
FB_2754,CUST_1462,2024-09-12,4,Prix,Très bon accompagnement client.
FB_2755,CUST_1168,2024-01-20,4,Communication,La documentation pourrait être plus claire.
FB_2756,CUST_1476,2024-11-28,3,Aucune plainte,Les fonctionnalités sont utiles.
FB_2757,CUST_974,2024-08-30,3,Communication,Quelques lenteurs observées.
FB_2758,CUST_1264,2024-09-17,5,Aucune plainte,Interface claire.
FB_2759,CUST_408,2024-07-30,3,Prix,La documentation pourrait être plus claire.
FB_2760,CUST_1207,2025-05-23,5,Support client,L’outil est simple à utiliser.
FB_2761,CUST_1066,2024-01-09,2,Aucune plainte,La documentation pourrait être plus claire.
FB_2762,CUST_408,2024-01-06,2,Organisation,L’outil est simple à utiliser.
FB_2763,CUST_1311,2024-04-05,3,Organisation,Interface claire.
FB_2764,CUST_1032,2024-06-05,5,Support client,L’outil est simple à utiliser.
FB_2765,CUST_823,2024-08-22,4,Réservation,Quelques lenteurs observées.
FB_2766,CUST_179,2024-09-26,1,Qualité service,L’outil est simple à utiliser.
FB_2767,CUST_972,2024-07-01,1,Support client,Très bon accompagnement client.
FB_2768,CUST_234,2024-04-16,2,Support client,La plateforme aide vraiment au pilotage.
FB_2769,CUST_857,2024-05-28,3,Prix,Très bon accompagnement client.
FB_2770,CUST_1324,2024-08-31,3,Qualité service,La documentation pourrait être plus claire.
FB_2771,CUST_7,2025-05-19,2,Qualité service,Les fonctionnalités sont utiles.
FB_2772,CUST_1075,2024-10-15,3,Réservation,Quelques lenteurs observées.
FB_2773,CUST_362,2024-01-27,3,Organisation,La configuration initiale est un peu longue.
FB_2774,CUST_947,2024-06-20,3,Aucune plainte,La plateforme aide vraiment au pilotage.
FB_2775,CUST_1210,2025-03-22,3,Réservation,La configuration initiale est un peu longue.
FB_2776,CUST_986,2024-11-07,3,Réservation,Très bon accompagnement client.
FB_2777,CUST_796,2024-04-29,1,Prix,Très bon accompagnement client.
FB_2778,CUST_10,2025-06-06,4,Prix,Le support a répondu rapidement.
FB_2779,CUST_907,2025-01-18,1,Communication,La configuration initiale est un peu longue.
FB_2780,CUST_1170,2025-03-21,4,Communication,Les fonctionnalités sont utiles.
FB_2781,CUST_466,2025-06-22,2,Qualité service,La documentation pourrait être plus claire.
FB_2782,CUST_1286,2024-05-03,1,Communication,La configuration initiale est un peu longue.
FB_2783,CUST_808,2024-05-21,1,Communication,Interface claire.
FB_2784,CUST_386,2025-01-24,2,Aucune plainte,Le support a répondu rapidement.
FB_2785,CUST_1401,2024-08-27,1,Aucune plainte,Le support a répondu rapidement.
FB_2786,CUST_1275,2024-05-20,4,Aucune plainte,Les fonctionnalités sont utiles.
FB_2787,CUST_1256,2024-07-05,2,Aucune plainte,La documentation pourrait être plus claire.
FB_2788,CUST_672,2024-07-26,5,Support client,La plateforme aide vraiment au pilotage.
FB_2789,CUST_1366,2024-08-11,4,Prix,L’outil est simple à utiliser.
FB_2790,CUST_393,2024-12-26,4,Qualité service,Le prix est élevé pour une petite équipe.
FB_2791,CUST_1034,2025-05-25,3,Organisation,La configuration initiale est un peu longue.
FB_2792,CUST_398,2024-07-20,1,Organisation,La documentation pourrait être plus claire.
FB_2793,CUST_115,2024-03-14,1,Qualité service,La plateforme aide vraiment au pilotage.
FB_2794,CUST_1,2025-03-05,5,Aucune plainte,Le support a répondu rapidement.
FB_2795,CUST_543,2024-05-23,2,Réservation,Très bon accompagnement client.
FB_2796,CUST_421,2024-06-25,4,Aucune plainte,Très bon accompagnement client.
FB_2797,CUST_629,2024-04-08,1,Prix,La plateforme aide vraiment au pilotage.
FB_2798,CUST_195,2024-08-26,1,Support client,La plateforme aide vraiment au pilotage.
FB_2799,CUST_678,2025-03-25,1,Aucune plainte,Très bon accompagnement client.
FB_2800,CUST_1431,2025-04-19,4,Support client,La configuration initiale est un peu longue.
FB_2801,CUST_635,2024-06-26,4,Prix,Le support a répondu rapidement.
FB_2802,CUST_1297,2024-01-18,3,Support client,Quelques lenteurs observées.
FB_2803,CUST_789,2024-06-21,1,Organisation,Quelques lenteurs observées.
FB_2804,CUST_310,2025-06-23,4,Aucune plainte,Très bon accompagnement client.
FB_2805,CUST_1098,2024-11-27,1,Communication,Le support a répondu rapidement.
FB_2806,CUST_468,2025-05-16,4,Aucune plainte,Interface claire.
FB_2807,CUST_1211,2024-03-27,4,Réservation,Les fonctionnalités sont utiles.
FB_2808,CUST_484,2024-12-10,5,Organisation,Quelques lenteurs observées.
FB_2809,CUST_1197,2024-04-11,1,Communication,Très bon accompagnement client.
FB_2810,CUST_1242,2025-06-11,1,Prix,La plateforme aide vraiment au pilotage.
FB_2811,CUST_1023,2024-11-11,3,Communication,Interface claire.
FB_2812,CUST_1236,2024-06-01,1,Qualité service,Très bon accompagnement client.
FB_2813,CUST_831,2024-03-04,4,Organisation,Les fonctionnalités sont utiles.
FB_2814,CUST_221,2024-06-26,5,Organisation,Quelques lenteurs observées.
FB_2815,CUST_909,2024-10-28,2,Support client,Le prix est élevé pour une petite équipe.
FB_2816,CUST_800,2025-03-09,3,Aucune plainte,Très bon accompagnement client.
FB_2817,CUST_1040,2025-06-26,2,Prix,La plateforme aide vraiment au pilotage.
FB_2818,CUST_310,2024-05-23,4,Aucune plainte,Les fonctionnalités sont utiles.
FB_2819,CUST_44,2024-06-24,4,Support client,Le support a répondu rapidement.
FB_2820,CUST_1104,2024-09-18,4,Communication,Interface claire.
FB_2821,CUST_1148,2025-04-24,4,Aucune plainte,L’outil est simple à utiliser.
FB_2822,CUST_1455,2024-09-03,4,Réservation,Le support a répondu rapidement.
FB_2823,CUST_313,2025-03-05,5,Organisation,La documentation pourrait être plus claire.
FB_2824,CUST_554,2024-04-13,5,Prix,Interface claire.
FB_2825,CUST_425,2024-02-21,4,Organisation,Les fonctionnalités sont utiles.
FB_2826,CUST_145,2025-03-19,3,Organisation,La documentation pourrait être plus claire.
FB_2827,CUST_6,2024-04-10,2,Organisation,Le support a répondu rapidement.
FB_2828,CUST_1418,2025-05-10,5,Réservation,Quelques lenteurs observées.
FB_2829,CUST_541,2025-04-06,3,Réservation,Les fonctionnalités sont utiles.
FB_2830,CUST_919,2024-09-25,5,Qualité service,L’outil est simple à utiliser.
FB_2831,CUST_952,2024-06-04,5,Aucune plainte,Interface claire.
FB_2832,CUST_354,2025-02-21,3,Réservation,La documentation pourrait être plus claire.
FB_2833,CUST_205,2025-01-01,3,Prix,Très bon accompagnement client.
FB_2834,CUST_754,2024-05-25,4,Organisation,La configuration initiale est un peu longue.
FB_2835,CUST_1032,2024-01-03,2,Aucune plainte,Interface claire.
FB_2836,CUST_486,2025-03-17,2,Qualité service,L’outil est simple à utiliser.
FB_2837,CUST_243,2024-01-30,4,Réservation,La plateforme aide vraiment au pilotage.
FB_2838,CUST_1339,2025-01-26,2,Qualité service,La configuration initiale est un peu longue.
FB_2839,CUST_539,2024-09-20,2,Aucune plainte,Le prix est élevé pour une petite équipe.
FB_2840,CUST_1231,2025-04-18,4,Communication,La plateforme aide vraiment au pilotage.
FB_2841,CUST_188,2024-01-11,5,Communication,Très bon accompagnement client.
FB_2842,CUST_941,2025-05-06,3,Organisation,Les fonctionnalités sont utiles.
FB_2843,CUST_809,2024-12-18,5,Communication,La plateforme aide vraiment au pilotage.
FB_2844,CUST_1231,2025-05-08,2,Support client,Quelques lenteurs observées.
FB_2845,CUST_972,2025-05-24,2,Support client,L’outil est simple à utiliser.
FB_2846,CUST_251,2025-02-24,3,Réservation,Quelques lenteurs observées.
FB_2847,CUST_608,2024-04-21,4,Support client,Le support a répondu rapidement.
FB_2848,CUST_924,2024-09-16,5,Communication,Le support a répondu rapidement.
FB_2849,CUST_546,2025-06-13,3,Réservation,L’outil est simple à utiliser.
FB_2850,CUST_896,2024-12-06,3,Communication,Quelques lenteurs observées.
FB_2851,CUST_588,2024-04-08,1,Qualité service,Interface claire.
FB_2852,CUST_812,2024-08-18,2,Qualité service,Les fonctionnalités sont utiles.
FB_2853,CUST_1231,2025-04-19,3,Réservation,Le prix est élevé pour une petite équipe.
FB_2854,CUST_1333,2025-06-22,3,Aucune plainte,Très bon accompagnement client.
FB_2855,CUST_1279,2025-06-16,4,Réservation,Très bon accompagnement client.
FB_2856,CUST_557,2025-05-18,3,Prix,La configuration initiale est un peu longue.
FB_2857,CUST_856,2025-05-15,2,Réservation,Interface claire.
FB_2858,CUST_849,2025-05-19,5,Réservation,La plateforme aide vraiment au pilotage.
FB_2859,CUST_1489,2024-06-05,1,Réservation,Très bon accompagnement client.
FB_2860,CUST_919,2024-06-13,2,Support client,La configuration initiale est un peu longue.
FB_2861,CUST_781,2025-04-28,4,Support client,Quelques lenteurs observées.
FB_2862,CUST_1098,2024-09-29,5,Communication,Très bon accompagnement client.
FB_2863,CUST_83,2025-05-27,5,Réservation,Le prix est élevé pour une petite équipe.
FB_2864,CUST_988,2024-06-13,4,Communication,Le prix est élevé pour une petite équipe.
FB_2865,CUST_1191,2024-06-12,3,Prix,Le support a répondu rapidement.
FB_2866,CUST_688,2024-10-05,3,Support client,Le prix est élevé pour une petite équipe.
FB_2867,CUST_403,2024-03-07,2,Support client,Quelques lenteurs observées.
FB_2868,CUST_1009,2024-10-02,5,Organisation,La documentation pourrait être plus claire.
FB_2869,CUST_1433,2025-06-20,5,Qualité service,La configuration initiale est un peu longue.
FB_2870,CUST_1011,2024-10-30,2,Communication,Le support a répondu rapidement.
FB_2871,CUST_766,2024-02-18,4,Prix,La plateforme aide vraiment au pilotage.
FB_2872,CUST_966,2024-11-21,5,Communication,Les fonctionnalités sont utiles.
FB_2873,CUST_1446,2025-02-03,2,Organisation,La configuration initiale est un peu longue.
FB_2874,CUST_891,2025-01-08,5,Qualité service,La configuration initiale est un peu longue.
FB_2875,CUST_1488,2025-01-25,1,Qualité service,Quelques lenteurs observées.
FB_2876,CUST_1435,2025-02-28,5,Communication,Le prix est élevé pour une petite équipe.
FB_2877,CUST_824,2025-06-13,5,Communication,Très bon accompagnement client.
FB_2878,CUST_562,2025-03-27,2,Aucune plainte,La configuration initiale est un peu longue.
FB_2879,CUST_1104,2024-07-18,2,Organisation,Le prix est élevé pour une petite équipe.
FB_2880,CUST_559,2024-09-07,4,Communication,Le prix est élevé pour une petite équipe.
FB_2881,CUST_1447,2024-10-17,5,Aucune plainte,La documentation pourrait être plus claire.
FB_2882,CUST_183,2025-06-24,3,Organisation,La configuration initiale est un peu longue.
FB_2883,CUST_1425,2024-03-06,1,Aucune plainte,Très bon accompagnement client.
FB_2884,CUST_1143,2025-05-01,4,Prix,Quelques lenteurs observées.
FB_2885,CUST_74,2024-08-27,2,Communication,La configuration initiale est un peu longue.
FB_2886,CUST_1383,2025-01-09,2,Réservation,La plateforme aide vraiment au pilotage.
FB_2887,CUST_269,2025-03-05,5,Organisation,La configuration initiale est un peu longue.
FB_2888,CUST_580,2024-11-29,3,Organisation,La plateforme aide vraiment au pilotage.
FB_2889,CUST_1247,2024-02-20,3,Communication,La plateforme aide vraiment au pilotage.
FB_2890,CUST_1215,2024-08-27,1,Qualité service,La plateforme aide vraiment au pilotage.
FB_2891,CUST_250,2025-02-15,1,Qualité service,La configuration initiale est un peu longue.
FB_2892,CUST_250,2024-11-26,5,Support client,La configuration initiale est un peu longue.
FB_2893,CUST_1488,2025-04-18,3,Aucune plainte,La configuration initiale est un peu longue.
FB_2894,CUST_778,2024-01-20,1,Qualité service,La documentation pourrait être plus claire.
FB_2895,CUST_467,2024-03-18,1,Support client,La documentation pourrait être plus claire.
FB_2896,CUST_404,2024-02-02,4,Aucune plainte,Très bon accompagnement client.
FB_2897,CUST_40,2024-12-08,3,Qualité service,Le support a répondu rapidement.
FB_2898,CUST_1006,2024-06-15,5,Organisation,Très bon accompagnement client.
FB_2899,CUST_1207,2025-03-04,4,Communication,La documentation pourrait être plus claire.
FB_2900,CUST_853,2025-05-22,2,Qualité service,L’outil est simple à utiliser.
FB_2901,CUST_1049,2024-06-19,2,Communication,Très bon accompagnement client.
FB_2902,CUST_36,2025-02-23,4,Qualité service,L’outil est simple à utiliser.
FB_2903,CUST_819,2024-04-26,4,Qualité service,La configuration initiale est un peu longue.
FB_2904,CUST_857,2024-10-09,2,Communication,La documentation pourrait être plus claire.
FB_2905,CUST_645,2024-02-13,3,Aucune plainte,La configuration initiale est un peu longue.
FB_2906,CUST_1166,2024-10-15,3,Communication,Quelques lenteurs observées.
FB_2907,CUST_200,2024-08-03,2,Communication,La documentation pourrait être plus claire.
FB_2908,CUST_1025,2025-05-09,5,Réservation,Très bon accompagnement client.
FB_2909,CUST_1366,2025-04-26,3,Réservation,Les fonctionnalités sont utiles.
FB_2910,CUST_1282,2025-03-11,1,Réservation,L’outil est simple à utiliser.
FB_2911,CUST_311,2025-03-10,2,Support client,La plateforme aide vraiment au pilotage.
FB_2912,CUST_68,2024-05-10,3,Réservation,Le support a répondu rapidement.
FB_2913,CUST_251,2024-04-01,2,Réservation,Très bon accompagnement client.
FB_2914,CUST_741,2024-07-15,4,Aucune plainte,La configuration initiale est un peu longue.
FB_2915,CUST_235,2024-08-18,1,Organisation,La configuration initiale est un peu longue.
FB_2916,CUST_160,2025-01-31,2,Communication,La documentation pourrait être plus claire.
FB_2917,CUST_956,2024-07-18,3,Prix,Interface claire.
FB_2918,CUST_318,2024-09-05,4,Aucune plainte,La plateforme aide vraiment au pilotage.
FB_2919,CUST_487,2024-10-29,2,Support client,Les fonctionnalités sont utiles.
FB_2920,CUST_1196,2024-10-25,3,Organisation,Interface claire.
FB_2921,CUST_626,2024-03-17,3,Communication,Interface claire.
FB_2922,CUST_882,2025-05-25,1,Réservation,Interface claire.
FB_2923,CUST_173,2025-01-19,3,Réservation,La plateforme aide vraiment au pilotage.
FB_2924,CUST_745,2024-04-15,1,Qualité service,La plateforme aide vraiment au pilotage.
FB_2925,CUST_958,2025-02-04,5,Communication,Les fonctionnalités sont utiles.
FB_2926,CUST_658,2025-05-01,1,Prix,L’outil est simple à utiliser.
FB_2927,CUST_137,2024-10-29,5,Support client,Très bon accompagnement client.
FB_2928,CUST_1444,2024-04-08,1,Réservation,La configuration initiale est un peu longue.
FB_2929,CUST_544,2024-01-28,5,Organisation,La documentation pourrait être plus claire.
FB_2930,CUST_189,2024-05-09,5,Prix,Interface claire.
FB_2931,CUST_714,2025-04-14,1,Organisation,Le support a répondu rapidement.
FB_2932,CUST_4,2025-05-28,3,Organisation,Les fonctionnalités sont utiles.
FB_2933,CUST_575,2024-12-19,1,Qualité service,Les fonctionnalités sont utiles.
FB_2934,CUST_550,2025-05-10,3,Aucune plainte,Très bon accompagnement client.
FB_2935,CUST_1148,2024-04-13,4,Communication,Interface claire.
FB_2936,CUST_64,2024-06-06,4,Support client,Quelques lenteurs observées.
FB_2937,CUST_626,2025-05-16,2,Qualité service,Les fonctionnalités sont utiles.
FB_2938,CUST_657,2025-06-12,2,Aucune plainte,Quelques lenteurs observées.
FB_2939,CUST_334,2025-06-12,2,Support client,La plateforme aide vraiment au pilotage.
FB_2940,CUST_1261,2025-01-24,5,Support client,Le prix est élevé pour une petite équipe.
FB_2941,CUST_588,2025-01-19,2,Prix,Très bon accompagnement client.
FB_2942,CUST_1382,2024-06-06,3,Réservation,Le prix est élevé pour une petite équipe.
FB_2943,CUST_875,2024-07-28,1,Organisation,La configuration initiale est un peu longue.
FB_2944,CUST_1033,2025-03-23,5,Réservation,La plateforme aide vraiment au pilotage.
FB_2945,CUST_1261,2024-08-31,1,Communication,Le prix est élevé pour une petite équipe.
FB_2946,CUST_31,2025-06-06,2,Prix,Le prix est élevé pour une petite équipe.
FB_2947,CUST_536,2025-04-29,5,Prix,La configuration initiale est un peu longue.
FB_2948,CUST_945,2025-05-25,2,Qualité service,Interface claire.
FB_2949,CUST_1129,2025-05-08,1,Prix,Les fonctionnalités sont utiles.
FB_2950,CUST_1238,2025-01-05,4,Réservation,Quelques lenteurs observées.
FB_2951,CUST_938,2024-08-12,4,Réservation,Quelques lenteurs observées.
FB_2952,CUST_470,2025-01-05,1,Organisation,La configuration initiale est un peu longue.
FB_2953,CUST_1458,2024-09-14,3,Réservation,Très bon accompagnement client.
FB_2954,CUST_861,2025-03-02,1,Support client,Les fonctionnalités sont utiles.
FB_2955,CUST_328,2024-05-12,5,Réservation,Le prix est élevé pour une petite équipe.
FB_2956,CUST_795,2024-04-13,2,Organisation,Interface claire.
FB_2957,CUST_804,2024-10-17,1,Support client,La documentation pourrait être plus claire.
FB_2958,CUST_1492,2024-03-04,4,Prix,L’outil est simple à utiliser.
FB_2959,CUST_190,2024-04-09,2,Communication,Très bon accompagnement client.
FB_2960,CUST_481,2024-02-14,3,Réservation,La plateforme aide vraiment au pilotage.
FB_2961,CUST_985,2025-06-12,1,Prix,Interface claire.
FB_2962,CUST_573,2025-05-21,3,Prix,Les fonctionnalités sont utiles.
FB_2963,CUST_69,2024-12-09,4,Aucune plainte,La documentation pourrait être plus claire.
FB_2964,CUST_796,2025-05-29,1,Support client,Le prix est élevé pour une petite équipe.
FB_2965,CUST_1210,2024-11-03,1,Qualité service,Le prix est élevé pour une petite équipe.
FB_2966,CUST_307,2025-02-19,5,Support client,Le support a répondu rapidement.
FB_2967,CUST_1115,2024-07-24,1,Organisation,Le support a répondu rapidement.
FB_2968,CUST_49,2024-04-04,3,Aucune plainte,La configuration initiale est un peu longue.
FB_2969,CUST_1446,2024-12-07,2,Aucune plainte,Quelques lenteurs observées.
FB_2970,CUST_697,2024-03-13,3,Communication,Le prix est élevé pour une petite équipe.
FB_2971,CUST_43,2024-07-05,1,Réservation,La plateforme aide vraiment au pilotage.
FB_2972,CUST_295,2024-08-07,1,Organisation,La documentation pourrait être plus claire.
FB_2973,CUST_2,2024-09-29,3,Communication,L’outil est simple à utiliser.
FB_2974,CUST_392,2024-11-23,3,Support client,La plateforme aide vraiment au pilotage.
FB_2975,CUST_118,2024-07-27,4,Support client,Très bon accompagnement client.
FB_2976,CUST_1323,2024-07-21,1,Réservation,La documentation pourrait être plus claire.
FB_2977,CUST_1320,2024-06-15,2,Support client,Le prix est élevé pour une petite équipe.
FB_2978,CUST_549,2024-06-28,4,Qualité service,La documentation pourrait être plus claire.
FB_2979,CUST_616,2025-02-24,4,Qualité service,Le support a répondu rapidement.
FB_2980,CUST_1470,2024-12-29,2,Organisation,L’outil est simple à utiliser.
FB_2981,CUST_259,2024-05-24,3,Qualité service,La documentation pourrait être plus claire.
FB_2982,CUST_381,2024-04-12,2,Réservation,Interface claire.
FB_2983,CUST_867,2024-12-04,4,Qualité service,La documentation pourrait être plus claire.
FB_2984,CUST_450,2024-04-19,3,Qualité service,La documentation pourrait être plus claire.
FB_2985,CUST_901,2024-11-12,3,Réservation,La configuration initiale est un peu longue.
FB_2986,CUST_500,2024-07-19,3,Organisation,Très bon accompagnement client.
FB_2987,CUST_167,2024-09-10,4,Qualité service,La plateforme aide vraiment au pilotage.
FB_2988,CUST_1220,2025-02-17,3,Réservation,L’outil est simple à utiliser.
FB_2989,CUST_455,2025-06-22,3,Support client,Le support a répondu rapidement.
FB_2990,CUST_632,2024-12-14,3,Support client,Très bon accompagnement client.
FB_2991,CUST_422,2025-02-23,3,Prix,L’outil est simple à utiliser.
FB_2992,CUST_857,2024-02-06,5,Réservation,La documentation pourrait être plus claire.
FB_2993,CUST_687,2025-05-28,5,Support client,Interface claire.
FB_2994,CUST_1454,2025-03-08,4,Aucune plainte,Les fonctionnalités sont utiles.
FB_2995,CUST_1089,2024-02-15,5,Qualité service,L’outil est simple à utiliser.
FB_2996,CUST_399,2025-06-17,2,Prix,Interface claire.
FB_2997,CUST_1260,2024-09-08,3,Aucune plainte,Interface claire.
FB_2998,CUST_1430,2025-06-26,4,Communication,Le support a répondu rapidement.
FB_2999,CUST_730,2024-06-29,3,Réservation,Les fonctionnalités sont utiles.
FB_3000,CUST_564,2024-09-08,1,Prix,Le support a répondu rapidement.
