order_id,customer_id,order_date,offer_type,channel,revenue,cost,status
ORD_1,CUST_205,2024-05-02,Partner Offer,Event Walk-in,403.47,137.79,Completed
ORD_2,CUST_827,2024-05-26,Media Package,Referral,428.14,181.19,Completed
ORD_3,CUST_765,2024-04-21,Corporate Package,TikTok,426.63,186.41,Cancelled
ORD_4,CUST_1439,2025-04-17,Media Package,Referral,473.92,161.38,Refunded
ORD_5,CUST_782,2024-06-23,Event Ticket,LinkedIn,292.24,139.86,Completed
ORD_6,CUST_386,2024-09-18,Media Package,Partnership,300.47,137.08,Completed
ORD_7,CUST_522,2024-08-22,Corporate Package,Google Search,420.37,283.81,Completed
ORD_8,CUST_337,2024-05-03,Creative Studio,LinkedIn,24.75,9.16,Completed
ORD_9,CUST_96,2024-11-27,Creative Studio,TikTok,445.59,173.61,Completed
ORD_10,CUST_996,2025-03-03,Partner Offer,Instagram,31.72,19.31,Completed
ORD_11,CUST_144,2024-07-17,Event Ticket,Event Walk-in,317.41,172.28,Completed
ORD_12,CUST_429,2025-02-09,Workshop,Event Walk-in,370.58,180.46,Completed
ORD_13,CUST_975,2024-06-29,Media Package,Instagram,226.09,90.92,Completed
ORD_14,CUST_447,2025-04-29,Corporate Package,TikTok,31.25,20.01,Completed
ORD_15,CUST_374,2024-01-15,Workshop,LinkedIn,134.28,75.95,Refunded
ORD_16,CUST_1483,2025-06-19,Workshop,Partnership,431.98,265.26,Completed
ORD_17,CUST_785,2024-07-18,Event Ticket,TikTok,384.44,197.79,Completed
ORD_18,CUST_22,2025-01-09,Media Package,Partnership,255.71,84.95,Completed
ORD_19,CUST_444,2024-04-16,Media Package,LinkedIn,239.02,113.84,Completed
ORD_20,CUST_660,2025-03-19,Event Ticket,Google Search,185.49,74.3,Completed
ORD_21,CUST_1424,2024-02-18,Corporate Package,Referral,82.94,53.97,Completed
ORD_22,CUST_34,2024-09-27,Event Ticket,Event Walk-in,210.29,115.05,Completed
ORD_23,CUST_1141,2024-02-08,Partner Offer,Google Search,362.16,157.74,Refunded
ORD_24,CUST_701,2024-05-12,Creative Studio,TikTok,152.08,83.26,Completed
ORD_25,CUST_251,2025-02-15,Partner Offer,Instagram,144.55,74.77,Completed
ORD_26,CUST_659,2025-06-23,Partner Offer,Referral,60.49,19.75,Completed
ORD_27,CUST_1141,2024-03-08,Media Package,Google Search,400.94,253.4,Completed
ORD_28,CUST_1470,2025-01-21,Event Ticket,Partnership,280.52,86.9,Refunded
ORD_29,CUST_1411,2025-04-13,Membership,LinkedIn,388.1,168.06,Completed
ORD_30,CUST_1298,2025-03-20,Partner Offer,TikTok,205.55,140.76,Completed
ORD_31,CUST_945,2024-09-25,Workshop,Event Walk-in,42.45,23.81,Completed
ORD_32,CUST_360,2024-04-05,Workshop,Google Search,454.54,235.11,Completed
ORD_33,CUST_99,2025-04-07,Membership,TikTok,152.18,86.17,Completed
ORD_34,CUST_166,2024-07-25,Workshop,LinkedIn,293.55,200.73,Completed
ORD_35,CUST_282,2024-01-08,Creative Studio,TikTok,29.37,16.0,Completed
ORD_36,CUST_79,2024-08-22,Event Ticket,Partnership,258.66,79.82,Completed
ORD_37,CUST_170,2025-06-21,Partner Offer,LinkedIn,74.1,44.3,Completed
ORD_38,CUST_63,2024-10-10,Workshop,Google Search,123.45,48.4,Completed
ORD_39,CUST_242,2024-03-23,Media Package,Instagram,68.54,47.06,Completed
ORD_40,CUST_71,2025-02-26,Creative Studio,Event Walk-in,383.66,126.77,Completed
ORD_41,CUST_276,2025-05-03,Membership,Google Search,394.71,157.07,Completed
ORD_42,CUST_1137,2025-02-20,Workshop,Partnership,215.91,96.99,Completed
ORD_43,CUST_90,2024-07-27,Membership,Referral,359.62,228.31,Refunded
ORD_44,CUST_633,2025-05-01,Corporate Package,Partnership,206.22,88.33,Completed
ORD_45,CUST_241,2024-06-14,Corporate Package,TikTok,404.5,165.77,Completed
ORD_46,CUST_162,2024-04-15,Workshop,LinkedIn,277.67,136.44,Completed
ORD_47,CUST_1214,2024-12-19,Membership,TikTok,137.6,79.53,Completed
ORD_48,CUST_1100,2024-07-08,Creative Studio,Google Search,447.8,205.21,Completed
ORD_49,CUST_432,2024-09-12,Event Ticket,Referral,79.65,38.99,Refunded
ORD_50,CUST_1297,2024-03-31,Membership,Instagram,333.12,112.49,Completed
ORD_51,CUST_709,2024-03-05,Media Package,Google Search,265.49,181.55,Completed
ORD_52,CUST_745,2024-09-01,Membership,Partnership,25.38,12.5,Completed
ORD_53,CUST_7,2024-03-15,Corporate Package,Instagram,429.79,214.27,Completed
ORD_54,CUST_1001,2025-06-17,Media Package,Event Walk-in,385.82,248.08,Completed
ORD_55,CUST_843,2024-06-07,Workshop,TikTok,108.1,56.94,Completed
ORD_56,CUST_587,2024-01-15,Media Package,Event Walk-in,172.15,110.43,Completed
ORD_57,CUST_444,2024-09-13,Workshop,LinkedIn,147.38,64.89,Completed
ORD_58,CUST_998,2024-01-04,Creative Studio,Instagram,446.09,271.81,Completed
ORD_59,CUST_1227,2024-09-11,Workshop,LinkedIn,230.5,130.01,Completed
ORD_60,CUST_808,2025-05-07,Workshop,Google Search,149.96,51.64,Completed
ORD_61,CUST_143,2025-06-27,Workshop,LinkedIn,301.4,90.73,Completed
ORD_62,CUST_548,2025-03-30,Workshop,Partnership,440.59,207.93,Completed
ORD_63,CUST_1182,2024-12-02,Corporate Package,Partnership,347.29,185.4,Completed
ORD_64,CUST_351,2024-02-29,Partner Offer,Google Search,72.19,25.52,Completed
ORD_65,CUST_1477,2024-06-07,Partner Offer,LinkedIn,496.16,280.8,Completed
ORD_66,CUST_853,2025-04-03,Corporate Package,Instagram,364.02,189.14,Cancelled
ORD_67,CUST_234,2024-04-08,Creative Studio,Referral,229.44,159.99,Completed
ORD_68,CUST_1028,2024-12-22,Membership,Instagram,338.78,135.56,Completed
ORD_69,CUST_249,2024-09-07,Partner Offer,Event Walk-in,159.34,103.8,Completed
ORD_70,CUST_897,2025-06-12,Corporate Package,Google Search,184.98,116.45,Completed
ORD_71,CUST_499,2024-06-27,Event Ticket,TikTok,202.42,88.88,Completed
ORD_72,CUST_34,2024-11-03,Partner Offer,Event Walk-in,93.76,63.3,Completed
ORD_73,CUST_236,2024-04-11,Partner Offer,Referral,61.81,19.19,Completed
ORD_74,CUST_34,2024-12-14,Media Package,Event Walk-in,471.3,216.61,Completed
ORD_75,CUST_242,2024-06-12,Membership,Instagram,28.9,10.34,Cancelled
ORD_76,CUST_5,2025-02-02,Media Package,Partnership,270.71,138.08,Completed
ORD_77,CUST_327,2024-03-07,Corporate Package,TikTok,325.51,141.03,Completed
ORD_78,CUST_403,2025-01-29,Media Package,Google Search,295.6,156.05,Completed
ORD_79,CUST_405,2024-03-27,Creative Studio,LinkedIn,494.14,344.84,Completed
ORD_80,CUST_364,2024-03-20,Partner Offer,Partnership,286.29,89.96,Completed
ORD_81,CUST_159,2024-01-01,Creative Studio,Referral,217.4,86.49,Completed
ORD_82,CUST_1143,2024-04-17,Partner Offer,LinkedIn,490.56,162.49,Completed
ORD_83,CUST_1475,2024-07-25,Partner Offer,Google Search,69.48,31.7,Completed
ORD_84,CUST_119,2024-10-18,Workshop,LinkedIn,277.68,113.58,Completed
ORD_85,CUST_1271,2025-05-30,Creative Studio,Instagram,226.94,138.61,Completed
ORD_86,CUST_911,2024-08-07,Partner Offer,TikTok,187.0,56.87,Completed
ORD_87,CUST_584,2025-03-11,Corporate Package,Google Search,340.16,142.06,Completed
ORD_88,CUST_1383,2024-08-14,Partner Offer,LinkedIn,230.15,144.54,Completed
ORD_89,CUST_1406,2025-04-07,Media Package,Partnership,80.6,38.98,Cancelled
ORD_90,CUST_1196,2024-01-26,Corporate Package,Partnership,251.59,134.22,Completed
ORD_91,CUST_1217,2024-07-11,Workshop,Referral,74.18,24.26,Refunded
ORD_92,CUST_482,2024-12-05,Corporate Package,Event Walk-in,144.59,94.44,Completed
ORD_93,CUST_149,2024-09-02,Media Package,Referral,308.17,137.18,Completed
ORD_94,CUST_748,2024-02-20,Media Package,LinkedIn,220.65,112.54,Completed
ORD_95,CUST_1483,2025-04-30,Creative Studio,Partnership,446.6,300.75,Completed
ORD_96,CUST_40,2025-02-26,Workshop,Referral,97.34,40.62,Completed
ORD_97,CUST_310,2024-08-12,Media Package,Google Search,486.67,309.48,Completed
ORD_98,CUST_1049,2024-09-06,Corporate Package,Event Walk-in,127.92,72.43,Completed
ORD_99,CUST_1151,2025-01-15,Media Package,LinkedIn,330.07,200.16,Completed
ORD_100,CUST_274,2025-06-03,Creative Studio,Google Search,62.94,33.6,Completed
ORD_101,CUST_1199,2024-12-16,Media Package,Referral,494.16,212.73,Completed
ORD_102,CUST_370,2025-05-22,Workshop,Partnership,480.59,286.48,Completed
ORD_103,CUST_719,2024-05-21,Corporate Package,Google Search,297.04,118.01,Completed
ORD_104,CUST_794,2024-12-13,Workshop,Instagram,427.09,189.12,Completed
ORD_105,CUST_1050,2024-03-16,Workshop,Partnership,323.6,105.07,Cancelled
ORD_106,CUST_1020,2025-06-09,Corporate Package,Event Walk-in,183.84,107.27,Completed
ORD_107,CUST_137,2024-10-25,Creative Studio,LinkedIn,386.53,201.13,Completed
ORD_108,CUST_46,2024-06-19,Membership,LinkedIn,55.43,36.58,Completed
ORD_109,CUST_286,2025-01-21,Event Ticket,Partnership,468.04,284.64,Completed
ORD_110,CUST_1489,2024-10-02,Creative Studio,Google Search,424.65,194.56,Completed
ORD_111,CUST_141,2024-07-05,Creative Studio,LinkedIn,460.45,240.78,Completed
ORD_112,CUST_1393,2025-02-03,Media Package,TikTok,116.5,43.5,Completed
ORD_113,CUST_346,2024-06-08,Event Ticket,Referral,40.83,17.25,Cancelled
ORD_114,CUST_1076,2025-06-13,Membership,LinkedIn,117.1,37.02,Completed
ORD_115,CUST_26,2024-03-14,Media Package,Event Walk-in,197.66,76.57,Completed
ORD_116,CUST_1001,2024-01-04,Membership,Event Walk-in,252.66,86.8,Completed
ORD_117,CUST_6,2025-02-24,Membership,LinkedIn,79.47,27.16,Completed
ORD_118,CUST_169,2024-10-25,Event Ticket,Partnership,138.08,60.33,Completed
ORD_119,CUST_1139,2025-06-04,Partner Offer,Event Walk-in,401.95,172.65,Completed
ORD_120,CUST_368,2024-02-01,Creative Studio,TikTok,245.09,94.4,Completed
ORD_121,CUST_508,2024-09-18,Event Ticket,LinkedIn,67.04,45.34,Completed
ORD_122,CUST_316,2025-03-23,Workshop,LinkedIn,221.69,94.09,Refunded
ORD_123,CUST_1197,2024-01-10,Workshop,Instagram,304.16,120.04,Completed
ORD_124,CUST_1350,2024-11-22,Creative Studio,TikTok,23.77,9.67,Refunded
ORD_125,CUST_535,2024-01-16,Workshop,Event Walk-in,464.38,280.56,Completed
ORD_126,CUST_690,2024-04-14,Workshop,Partnership,80.46,50.05,Completed
ORD_127,CUST_551,2025-04-18,Event Ticket,Referral,139.04,86.35,Refunded
ORD_128,CUST_1336,2025-05-29,Membership,Instagram,377.87,176.51,Completed
ORD_129,CUST_1492,2024-07-30,Corporate Package,Instagram,240.05,119.23,Completed
ORD_130,CUST_169,2024-05-10,Workshop,Partnership,168.53,102.23,Completed
ORD_131,CUST_415,2024-06-19,Corporate Package,TikTok,434.2,179.76,Completed
ORD_132,CUST_37,2025-01-10,Workshop,Referral,236.36,151.97,Completed
ORD_133,CUST_418,2025-01-02,Event Ticket,Google Search,119.32,43.83,Completed
ORD_134,CUST_538,2025-02-17,Creative Studio,Partnership,94.11,52.91,Completed
ORD_135,CUST_648,2025-01-08,Creative Studio,Instagram,320.83,162.22,Completed
ORD_136,CUST_1053,2025-06-17,Media Package,Partnership,185.07,75.19,Completed
ORD_137,CUST_128,2024-06-01,Workshop,Partnership,485.03,329.93,Completed
ORD_138,CUST_623,2024-01-12,Corporate Package,TikTok,255.84,96.21,Refunded
ORD_139,CUST_1164,2025-05-22,Corporate Package,TikTok,484.85,250.49,Completed
ORD_140,CUST_1046,2024-01-04,Partner Offer,TikTok,207.35,83.92,Completed
ORD_141,CUST_894,2024-03-01,Partner Offer,Event Walk-in,193.21,65.87,Refunded
ORD_142,CUST_226,2024-11-18,Media Package,Google Search,455.39,256.65,Completed
ORD_143,CUST_73,2024-10-17,Event Ticket,Partnership,282.28,98.32,Completed
ORD_144,CUST_481,2025-02-18,Event Ticket,Google Search,436.75,208.32,Completed
ORD_145,CUST_798,2025-03-17,Media Package,Instagram,152.73,59.25,Completed
ORD_146,CUST_1374,2025-02-21,Partner Offer,Event Walk-in,462.04,212.68,Completed
ORD_147,CUST_1255,2024-03-09,Corporate Package,TikTok,261.69,104.11,Completed
ORD_148,CUST_386,2024-03-22,Media Package,Partnership,428.69,264.8,Completed
ORD_149,CUST_833,2024-01-22,Partner Offer,TikTok,56.8,36.74,Completed
ORD_150,CUST_179,2024-10-27,Creative Studio,Instagram,75.2,36.51,Completed
ORD_151,CUST_209,2025-01-20,Workshop,Google Search,269.24,120.66,Completed
ORD_152,CUST_256,2024-04-03,Workshop,TikTok,406.67,187.82,Completed
ORD_153,CUST_565,2024-08-06,Membership,LinkedIn,85.6,57.43,Completed
ORD_154,CUST_602,2025-01-31,Partner Offer,Partnership,403.93,245.55,Completed
ORD_155,CUST_785,2025-04-07,Creative Studio,TikTok,484.45,156.74,Completed
ORD_156,CUST_707,2025-01-05,Creative Studio,TikTok,336.85,212.47,Completed
ORD_157,CUST_395,2024-01-18,Media Package,TikTok,440.62,135.89,Completed
ORD_158,CUST_1126,2024-10-01,Partner Offer,Instagram,215.19,140.94,Cancelled
ORD_159,CUST_618,2025-03-03,Event Ticket,LinkedIn,410.68,235.62,Completed
ORD_160,CUST_644,2024-08-29,Partner Offer,Google Search,135.47,82.0,Completed
ORD_161,CUST_626,2024-06-10,Partner Offer,TikTok,79.35,49.34,Completed
ORD_162,CUST_947,2025-03-21,Workshop,Partnership,251.31,132.62,Completed
ORD_163,CUST_1217,2024-02-21,Workshop,Referral,416.49,264.5,Completed
ORD_164,CUST_59,2024-04-28,Workshop,LinkedIn,352.01,172.53,Completed
ORD_165,CUST_625,2024-11-23,Workshop,Referral,164.45,59.22,Completed
ORD_166,CUST_105,2024-10-22,Event Ticket,Event Walk-in,348.27,221.86,Completed
ORD_167,CUST_1458,2024-01-21,Membership,Partnership,202.62,73.93,Completed
ORD_168,CUST_440,2024-08-16,Creative Studio,Partnership,449.13,172.42,Completed
ORD_169,CUST_1024,2024-09-23,Creative Studio,Instagram,148.2,65.18,Completed
ORD_170,CUST_968,2025-02-03,Event Ticket,Partnership,482.9,291.73,Refunded
ORD_171,CUST_322,2024-09-03,Partner Offer,TikTok,495.54,221.71,Completed
ORD_172,CUST_185,2024-02-27,Partner Offer,Partnership,91.77,38.46,Completed
ORD_173,CUST_652,2024-08-01,Event Ticket,Partnership,300.65,195.26,Completed
ORD_174,CUST_815,2024-10-25,Creative Studio,TikTok,51.71,25.15,Completed
ORD_175,CUST_214,2024-03-12,Corporate Package,Referral,206.28,82.51,Completed
ORD_176,CUST_372,2024-07-21,Creative Studio,Referral,139.01,84.86,Cancelled
ORD_177,CUST_128,2024-11-27,Creative Studio,Partnership,152.32,78.03,Completed
ORD_178,CUST_1338,2024-02-01,Event Ticket,Google Search,115.04,68.83,Completed
ORD_179,CUST_950,2024-12-16,Media Package,Google Search,157.68,107.56,Completed
ORD_180,CUST_1282,2025-05-11,Membership,Partnership,38.95,26.26,Refunded
ORD_181,CUST_1293,2024-02-28,Media Package,LinkedIn,136.12,48.74,Completed
ORD_182,CUST_312,2025-03-05,Creative Studio,Partnership,51.63,31.3,Completed
ORD_183,CUST_833,2025-06-23,Membership,TikTok,77.18,32.09,Completed
ORD_184,CUST_24,2024-03-16,Corporate Package,Event Walk-in,323.78,101.48,Completed
ORD_185,CUST_1456,2024-04-21,Partner Offer,LinkedIn,442.38,177.18,Completed
ORD_186,CUST_1018,2024-04-11,Membership,Instagram,461.04,168.71,Completed
ORD_187,CUST_867,2025-04-11,Media Package,Referral,268.86,111.38,Cancelled
ORD_188,CUST_160,2025-05-13,Workshop,Google Search,106.45,48.17,Completed
ORD_189,CUST_731,2024-07-25,Corporate Package,Instagram,270.88,176.78,Completed
ORD_190,CUST_139,2024-05-15,Creative Studio,Event Walk-in,150.46,75.37,Refunded
ORD_191,CUST_1351,2025-01-27,Media Package,Referral,166.17,69.8,Completed
ORD_192,CUST_847,2024-03-22,Workshop,TikTok,487.22,219.9,Completed
ORD_193,CUST_72,2024-11-17,Creative Studio,Google Search,155.15,78.59,Completed
ORD_194,CUST_885,2024-05-01,Partner Offer,Google Search,341.6,115.63,Completed
ORD_195,CUST_995,2024-11-09,Creative Studio,Google Search,144.95,89.14,Completed
ORD_196,CUST_781,2024-01-25,Membership,Partnership,486.94,324.35,Completed
ORD_197,CUST_1409,2024-10-11,Creative Studio,Instagram,436.95,220.61,Completed
ORD_198,CUST_319,2025-06-25,Membership,Partnership,123.72,86.22,Completed
ORD_199,CUST_344,2025-04-02,Media Package,Google Search,180.79,56.53,Completed
ORD_200,CUST_89,2024-05-03,Membership,Event Walk-in,128.24,50.11,Completed
ORD_201,CUST_1286,2025-01-31,Media Package,Event Walk-in,392.91,220.88,Completed
ORD_202,CUST_942,2025-06-17,Media Package,Referral,189.36,123.78,Completed
ORD_203,CUST_1302,2025-02-04,Workshop,Partnership,74.02,32.88,Refunded
ORD_204,CUST_135,2025-06-15,Partner Offer,LinkedIn,157.25,92.46,Completed
ORD_205,CUST_1049,2025-03-10,Membership,Event Walk-in,469.45,240.88,Completed
ORD_206,CUST_782,2024-03-21,Creative Studio,LinkedIn,316.96,127.89,Completed
ORD_207,CUST_835,2024-09-02,Creative Studio,Partnership,28.05,16.86,Completed
ORD_208,CUST_406,2024-10-19,Workshop,Referral,468.71,250.49,Completed
ORD_209,CUST_1156,2024-10-15,Partner Offer,Partnership,428.19,275.27,Completed
ORD_210,CUST_1032,2025-04-22,Creative Studio,Google Search,460.41,194.23,Completed
ORD_211,CUST_976,2024-02-24,Media Package,Partnership,93.96,37.32,Completed
ORD_212,CUST_913,2024-11-03,Creative Studio,TikTok,53.5,30.43,Completed
ORD_213,CUST_130,2024-06-03,Media Package,Instagram,69.52,32.27,Completed
ORD_214,CUST_1497,2024-03-06,Event Ticket,Event Walk-in,118.22,40.28,Completed
ORD_215,CUST_168,2024-09-15,Media Package,TikTok,49.82,21.65,Completed
ORD_216,CUST_1288,2024-06-16,Workshop,Google Search,487.44,305.23,Completed
ORD_217,CUST_1341,2024-02-26,Media Package,Event Walk-in,288.51,132.1,Completed
ORD_218,CUST_336,2024-04-02,Partner Offer,Partnership,86.74,47.25,Completed
ORD_219,CUST_787,2024-05-06,Creative Studio,Google Search,448.3,170.18,Completed
ORD_220,CUST_1332,2024-01-08,Membership,Referral,373.82,210.18,Completed
ORD_221,CUST_527,2024-06-21,Workshop,Google Search,316.17,199.51,Refunded
ORD_222,CUST_817,2024-02-01,Membership,TikTok,97.37,45.31,Completed
ORD_223,CUST_732,2025-06-19,Workshop,LinkedIn,403.93,214.78,Completed
ORD_224,CUST_760,2024-04-27,Corporate Package,Partnership,432.39,298.26,Refunded
ORD_225,CUST_777,2025-01-16,Workshop,Google Search,351.71,145.46,Completed
ORD_226,CUST_116,2025-04-15,Event Ticket,Instagram,168.03,54.63,Refunded
ORD_227,CUST_1167,2025-04-25,Creative Studio,LinkedIn,168.21,68.6,Completed
ORD_228,CUST_442,2024-07-14,Workshop,Referral,58.95,20.49,Completed
ORD_229,CUST_352,2024-08-08,Partner Offer,Instagram,82.81,53.44,Completed
ORD_230,CUST_103,2024-06-26,Creative Studio,Google Search,64.5,31.59,Completed
ORD_231,CUST_1096,2025-04-07,Partner Offer,TikTok,127.4,88.82,Completed
ORD_232,CUST_706,2025-05-04,Corporate Package,LinkedIn,353.97,169.05,Completed
ORD_233,CUST_842,2025-02-07,Partner Offer,Instagram,427.48,262.03,Completed
ORD_234,CUST_599,2025-05-05,Partner Offer,LinkedIn,411.64,169.61,Completed
ORD_235,CUST_1263,2025-06-15,Media Package,LinkedIn,69.13,40.69,Completed
ORD_236,CUST_682,2025-02-20,Corporate Package,TikTok,241.0,104.2,Completed
ORD_237,CUST_17,2025-06-24,Media Package,Instagram,79.31,34.7,Completed
ORD_238,CUST_1064,2024-08-26,Partner Offer,Instagram,177.98,58.79,Completed
ORD_239,CUST_578,2025-02-05,Membership,Referral,330.09,197.63,Completed
ORD_240,CUST_122,2024-05-02,Membership,TikTok,163.52,74.46,Completed
ORD_241,CUST_611,2024-07-21,Membership,Google Search,51.14,26.2,Completed
ORD_242,CUST_1460,2025-02-23,Membership,Google Search,265.45,180.23,Completed
ORD_243,CUST_957,2025-06-12,Media Package,LinkedIn,138.64,86.8,Completed
ORD_244,CUST_890,2024-09-15,Media Package,Partnership,159.96,56.33,Completed
ORD_245,CUST_1369,2024-10-10,Workshop,Event Walk-in,354.73,157.7,Completed
ORD_246,CUST_1236,2024-02-01,Partner Offer,LinkedIn,138.98,76.88,Completed
ORD_247,CUST_258,2025-02-07,Creative Studio,Referral,376.87,122.27,Completed
ORD_248,CUST_609,2024-09-11,Partner Offer,Event Walk-in,349.5,154.01,Completed
ORD_249,CUST_168,2024-12-10,Creative Studio,TikTok,294.89,134.72,Completed
ORD_250,CUST_121,2024-04-21,Corporate Package,LinkedIn,296.7,207.3,Completed
ORD_251,CUST_82,2024-06-23,Event Ticket,Google Search,374.26,128.1,Refunded
ORD_252,CUST_257,2024-02-02,Partner Offer,Instagram,316.07,180.16,Completed
ORD_253,CUST_915,2024-06-29,Partner Offer,Referral,422.35,252.97,Completed
ORD_254,CUST_1378,2024-09-12,Creative Studio,TikTok,248.8,81.96,Refunded
ORD_255,CUST_70,2024-06-16,Workshop,Referral,30.87,19.38,Completed
ORD_256,CUST_533,2024-01-25,Partner Offer,Referral,377.21,236.49,Completed
ORD_257,CUST_264,2024-06-15,Partner Offer,Instagram,228.26,152.07,Completed
ORD_258,CUST_576,2024-09-09,Partner Offer,Instagram,77.14,36.11,Completed
ORD_259,CUST_1065,2024-01-27,Creative Studio,Google Search,349.63,225.96,Completed
ORD_260,CUST_1334,2025-02-12,Workshop,Google Search,413.48,154.91,Completed
ORD_261,CUST_634,2025-03-04,Workshop,Referral,71.1,48.73,Completed
ORD_262,CUST_32,2024-03-22,Workshop,TikTok,182.71,126.82,Completed
ORD_263,CUST_1125,2024-08-11,Membership,LinkedIn,285.13,167.85,Completed
ORD_264,CUST_730,2024-11-19,Membership,TikTok,462.2,290.97,Completed
ORD_265,CUST_955,2024-01-15,Creative Studio,Partnership,267.32,114.56,Refunded
ORD_266,CUST_387,2024-05-05,Creative Studio,Event Walk-in,485.27,240.22,Completed
ORD_267,CUST_483,2024-11-30,Workshop,Referral,466.83,182.39,Completed
ORD_268,CUST_913,2024-05-28,Media Package,TikTok,309.87,201.47,Completed
ORD_269,CUST_746,2025-03-03,Partner Offer,TikTok,119.75,37.89,Completed
ORD_270,CUST_162,2024-06-27,Media Package,LinkedIn,321.93,115.35,Completed
ORD_271,CUST_89,2024-07-21,Partner Offer,Event Walk-in,280.33,107.55,Completed
ORD_272,CUST_91,2024-09-01,Partner Offer,Event Walk-in,143.0,97.41,Completed
ORD_273,CUST_1201,2024-11-14,Membership,TikTok,494.16,172.48,Completed
ORD_274,CUST_1027,2024-10-01,Creative Studio,Instagram,92.42,61.54,Completed
ORD_275,CUST_1299,2025-04-03,Media Package,Instagram,209.6,113.94,Cancelled
ORD_276,CUST_1424,2024-03-26,Media Package,Referral,364.76,229.77,Refunded
ORD_277,CUST_892,2024-06-28,Workshop,Partnership,226.19,80.51,Completed
ORD_278,CUST_1232,2025-01-07,Event Ticket,TikTok,136.33,50.29,Completed
ORD_279,CUST_164,2024-10-15,Event Ticket,Instagram,315.29,135.51,Completed
ORD_280,CUST_462,2024-03-20,Workshop,Event Walk-in,52.3,26.28,Completed
ORD_281,CUST_636,2025-05-13,Membership,Partnership,220.53,140.68,Completed
ORD_282,CUST_931,2025-02-21,Creative Studio,TikTok,357.83,170.08,Completed
ORD_283,CUST_633,2024-08-05,Creative Studio,Partnership,213.69,104.52,Completed
ORD_284,CUST_1017,2025-03-14,Creative Studio,LinkedIn,304.41,201.94,Completed
ORD_285,CUST_888,2025-01-05,Creative Studio,Google Search,443.91,172.83,Completed
ORD_286,CUST_245,2024-03-06,Membership,Referral,164.99,78.53,Completed
ORD_287,CUST_965,2024-03-04,Membership,Google Search,38.22,21.33,Completed
ORD_288,CUST_450,2024-10-14,Corporate Package,Referral,277.08,177.33,Cancelled
ORD_289,CUST_1467,2025-04-10,Corporate Package,Event Walk-in,91.69,37.08,Completed
ORD_290,CUST_1145,2024-09-23,Creative Studio,Google Search,88.41,31.67,Completed
ORD_291,CUST_400,2024-03-18,Partner Offer,Event Walk-in,439.78,249.82,Completed
ORD_292,CUST_859,2025-06-09,Workshop,Google Search,253.44,149.86,Completed
ORD_293,CUST_844,2025-06-06,Workshop,Google Search,52.49,35.14,Completed
ORD_294,CUST_397,2024-11-03,Corporate Package,LinkedIn,322.94,219.72,Completed
ORD_295,CUST_646,2024-12-07,Membership,TikTok,189.93,79.73,Completed
ORD_296,CUST_653,2024-09-25,Partner Offer,Event Walk-in,29.52,17.28,Completed
ORD_297,CUST_1158,2025-03-16,Membership,TikTok,466.77,156.56,Completed
ORD_298,CUST_1079,2025-06-29,Corporate Package,Referral,169.45,87.15,Refunded
ORD_299,CUST_1211,2024-01-03,Media Package,TikTok,181.26,100.66,Completed
ORD_300,CUST_371,2025-06-07,Event Ticket,Event Walk-in,177.41,91.81,Completed
ORD_301,CUST_348,2024-09-11,Partner Offer,LinkedIn,43.46,23.55,Cancelled
ORD_302,CUST_144,2025-06-02,Creative Studio,Event Walk-in,293.06,127.53,Cancelled
ORD_303,CUST_1065,2025-04-10,Partner Offer,Google Search,206.68,86.71,Completed
ORD_304,CUST_284,2024-03-15,Membership,Google Search,97.98,43.53,Completed
ORD_305,CUST_1023,2024-09-20,Partner Offer,LinkedIn,43.23,25.88,Completed
ORD_306,CUST_695,2024-10-06,Workshop,Referral,475.93,171.42,Completed
ORD_307,CUST_687,2024-11-20,Event Ticket,Event Walk-in,45.48,16.45,Completed
ORD_308,CUST_444,2024-05-21,Corporate Package,LinkedIn,171.91,98.35,Completed
ORD_309,CUST_1427,2024-12-20,Corporate Package,Partnership,309.71,116.19,Refunded
ORD_310,CUST_1252,2024-10-02,Media Package,Google Search,208.8,111.75,Completed
ORD_311,CUST_1116,2024-03-20,Membership,Event Walk-in,221.29,119.69,Completed
ORD_312,CUST_1488,2024-01-24,Corporate Package,Referral,356.92,135.64,Completed
ORD_313,CUST_963,2025-03-17,Event Ticket,TikTok,211.87,74.52,Completed
ORD_314,CUST_511,2024-12-23,Partner Offer,TikTok,219.8,146.82,Completed
ORD_315,CUST_591,2024-08-11,Corporate Package,Event Walk-in,75.65,32.49,Completed
ORD_316,CUST_43,2024-12-02,Membership,Google Search,386.72,163.53,Completed
ORD_317,CUST_1136,2024-08-25,Event Ticket,TikTok,108.32,34.81,Completed
ORD_318,CUST_866,2024-10-06,Media Package,Instagram,140.1,95.49,Completed
ORD_319,CUST_227,2024-09-13,Creative Studio,Referral,304.08,201.02,Refunded
ORD_320,CUST_528,2024-05-10,Workshop,TikTok,130.94,50.65,Completed
ORD_321,CUST_208,2024-11-24,Creative Studio,TikTok,79.85,47.88,Completed
ORD_322,CUST_510,2024-03-03,Workshop,LinkedIn,169.81,117.25,Cancelled
ORD_323,CUST_798,2024-08-03,Event Ticket,Instagram,493.0,237.52,Completed
ORD_324,CUST_1262,2024-02-18,Media Package,Event Walk-in,298.08,99.28,Completed
ORD_325,CUST_551,2024-09-05,Event Ticket,Referral,189.38,103.31,Refunded
ORD_326,CUST_337,2024-12-16,Corporate Package,LinkedIn,468.63,261.01,Completed
ORD_327,CUST_1087,2024-01-28,Partner Offer,Instagram,404.17,253.11,Completed
ORD_328,CUST_364,2024-10-05,Corporate Package,Partnership,30.99,18.5,Completed
ORD_329,CUST_1327,2024-08-02,Membership,Referral,398.31,274.66,Completed
ORD_330,CUST_1213,2024-06-11,Media Package,Google Search,115.94,55.73,Completed
ORD_331,CUST_682,2024-12-04,Corporate Package,TikTok,368.96,209.09,Completed
ORD_332,CUST_414,2025-01-11,Corporate Package,Referral,445.37,171.95,Completed
ORD_333,CUST_1400,2025-01-26,Partner Offer,LinkedIn,139.41,56.23,Completed
ORD_334,CUST_17,2025-06-01,Creative Studio,Instagram,32.55,11.17,Completed
ORD_335,CUST_31,2025-01-15,Media Package,Instagram,71.35,43.43,Completed
ORD_336,CUST_1099,2025-03-29,Workshop,Referral,447.02,244.24,Completed
ORD_337,CUST_832,2024-08-22,Workshop,LinkedIn,34.84,20.08,Completed
ORD_338,CUST_1033,2024-10-23,Membership,Google Search,81.3,44.9,Completed
ORD_339,CUST_1065,2024-12-25,Event Ticket,Google Search,469.72,166.41,Cancelled
ORD_340,CUST_1279,2025-05-31,Workshop,LinkedIn,239.83,111.48,Completed
ORD_341,CUST_961,2025-03-31,Workshop,Event Walk-in,54.42,32.21,Completed
ORD_342,CUST_1159,2024-07-10,Partner Offer,LinkedIn,275.66,163.87,Refunded
ORD_343,CUST_910,2024-01-16,Corporate Package,Referral,389.93,135.3,Completed
ORD_344,CUST_64,2024-12-14,Media Package,Event Walk-in,453.22,304.0,Completed
ORD_345,CUST_750,2025-06-05,Membership,Event Walk-in,61.46,39.4,Completed
ORD_346,CUST_436,2025-06-14,Membership,TikTok,98.16,47.42,Completed
ORD_347,CUST_379,2024-03-13,Workshop,Google Search,105.81,39.81,Completed
ORD_348,CUST_74,2025-03-18,Partner Offer,Event Walk-in,335.07,134.42,Completed
ORD_349,CUST_1462,2025-06-19,Creative Studio,Referral,160.23,110.34,Completed
ORD_350,CUST_873,2024-01-19,Partner Offer,LinkedIn,197.57,130.83,Completed
ORD_351,CUST_1109,2024-10-26,Creative Studio,TikTok,211.55,71.96,Refunded
ORD_352,CUST_1201,2024-06-10,Corporate Package,TikTok,43.7,26.99,Completed
ORD_353,CUST_959,2025-01-21,Corporate Package,Referral,343.61,209.57,Completed
ORD_354,CUST_250,2024-08-02,Membership,Event Walk-in,474.38,168.81,Completed
ORD_355,CUST_510,2025-06-03,Media Package,LinkedIn,262.7,161.6,Completed
ORD_356,CUST_151,2025-04-07,Partner Offer,Google Search,37.49,18.77,Completed
ORD_357,CUST_768,2024-02-02,Corporate Package,Google Search,59.2,35.97,Completed
ORD_358,CUST_1028,2025-05-12,Creative Studio,Instagram,251.96,150.91,Refunded
ORD_359,CUST_964,2024-05-09,Event Ticket,LinkedIn,211.08,86.81,Completed
ORD_360,CUST_1289,2024-02-18,Media Package,Referral,378.01,235.19,Cancelled
ORD_361,CUST_1183,2024-08-01,Workshop,Instagram,119.41,45.59,Completed
ORD_362,CUST_1271,2025-02-12,Partner Offer,Instagram,492.87,342.75,Completed
ORD_363,CUST_1288,2025-06-29,Creative Studio,Google Search,471.88,316.64,Completed
ORD_364,CUST_1244,2025-05-21,Membership,Instagram,34.5,10.77,Completed
ORD_365,CUST_1184,2024-02-12,Membership,Event Walk-in,475.9,271.05,Completed
ORD_366,CUST_785,2024-09-18,Partner Offer,TikTok,162.04,52.18,Refunded
ORD_367,CUST_417,2024-10-02,Event Ticket,Event Walk-in,208.54,86.88,Completed
ORD_368,CUST_55,2024-08-29,Corporate Package,Partnership,308.58,134.3,Completed
ORD_369,CUST_748,2025-05-10,Event Ticket,LinkedIn,498.53,167.5,Refunded
ORD_370,CUST_1457,2024-01-01,Event Ticket,Event Walk-in,309.36,182.99,Completed
ORD_371,CUST_1223,2024-02-29,Partner Offer,Instagram,150.79,91.09,Completed
ORD_372,CUST_68,2025-02-11,Media Package,Partnership,493.95,257.95,Refunded
ORD_373,CUST_199,2024-03-14,Corporate Package,Google Search,427.93,159.56,Completed
ORD_374,CUST_460,2024-09-15,Membership,Google Search,471.76,325.62,Refunded
ORD_375,CUST_315,2024-03-25,Corporate Package,TikTok,200.28,89.66,Completed
ORD_376,CUST_893,2025-02-05,Media Package,Instagram,49.47,25.85,Completed
ORD_377,CUST_1464,2024-10-08,Media Package,Partnership,123.19,75.33,Completed
ORD_378,CUST_557,2024-01-30,Media Package,Event Walk-in,151.52,104.03,Completed
ORD_379,CUST_43,2024-08-13,Creative Studio,Google Search,216.48,140.35,Completed
ORD_380,CUST_1032,2024-12-15,Media Package,Google Search,112.04,43.59,Completed
ORD_381,CUST_139,2024-01-26,Workshop,Event Walk-in,110.2,52.46,Completed
ORD_382,CUST_1237,2024-07-16,Event Ticket,Partnership,281.29,116.79,Completed
ORD_383,CUST_626,2024-03-18,Corporate Package,TikTok,498.69,316.61,Completed
ORD_384,CUST_919,2025-06-21,Membership,Partnership,186.66,121.26,Completed
ORD_385,CUST_851,2024-12-04,Membership,Instagram,210.15,74.22,Cancelled
ORD_386,CUST_354,2024-02-17,Event Ticket,TikTok,307.17,174.12,Completed
ORD_387,CUST_1177,2025-05-19,Creative Studio,Referral,421.88,169.1,Completed
ORD_388,CUST_856,2025-01-27,Media Package,Google Search,226.89,145.06,Completed
ORD_389,CUST_633,2024-10-01,Membership,Partnership,296.51,161.03,Refunded
ORD_390,CUST_1245,2025-01-21,Event Ticket,Event Walk-in,485.46,223.31,Completed
ORD_391,CUST_1069,2024-05-31,Workshop,Google Search,292.19,101.56,Refunded
ORD_392,CUST_642,2024-08-28,Event Ticket,TikTok,373.83,167.94,Completed
ORD_393,CUST_420,2024-05-23,Membership,Referral,370.45,244.64,Completed
ORD_394,CUST_793,2024-11-03,Media Package,LinkedIn,388.44,218.87,Completed
ORD_395,CUST_1446,2024-09-15,Creative Studio,LinkedIn,252.09,105.34,Completed
ORD_396,CUST_1143,2024-02-09,Media Package,LinkedIn,44.02,30.51,Completed
ORD_397,CUST_518,2025-02-06,Event Ticket,LinkedIn,152.69,86.83,Completed
ORD_398,CUST_980,2024-08-30,Media Package,LinkedIn,227.54,84.07,Refunded
ORD_399,CUST_269,2025-06-25,Workshop,Google Search,266.93,134.67,Refunded
ORD_400,CUST_363,2024-06-17,Event Ticket,Event Walk-in,280.3,143.9,Completed
ORD_401,CUST_1472,2024-04-30,Event Ticket,Google Search,372.83,242.52,Completed
ORD_402,CUST_1330,2024-06-13,Partner Offer,Referral,134.48,49.06,Completed
ORD_403,CUST_1371,2025-05-30,Corporate Package,Google Search,224.76,108.72,Completed
ORD_404,CUST_835,2025-06-29,Corporate Package,Partnership,26.64,16.07,Completed
ORD_405,CUST_800,2024-04-17,Corporate Package,Event Walk-in,113.83,44.12,Completed
ORD_406,CUST_563,2024-03-03,Corporate Package,LinkedIn,126.08,52.29,Completed
ORD_407,CUST_1443,2025-02-04,Creative Studio,LinkedIn,287.86,136.85,Completed
ORD_408,CUST_1411,2025-03-14,Corporate Package,LinkedIn,395.67,183.31,Completed
ORD_409,CUST_273,2025-01-14,Media Package,Instagram,126.2,68.75,Completed
ORD_410,CUST_949,2025-04-05,Workshop,Instagram,93.68,48.11,Completed
ORD_411,CUST_1137,2024-08-18,Partner Offer,Partnership,122.66,57.09,Completed
ORD_412,CUST_1319,2025-02-12,Corporate Package,Event Walk-in,82.77,27.78,Completed
ORD_413,CUST_1344,2024-11-23,Corporate Package,Google Search,190.02,125.92,Completed
ORD_414,CUST_795,2024-10-13,Partner Offer,Google Search,333.62,150.17,Completed
ORD_415,CUST_435,2024-03-26,Partner Offer,Referral,152.84,77.21,Cancelled
ORD_416,CUST_301,2024-08-10,Corporate Package,Instagram,482.59,166.67,Completed
ORD_417,CUST_649,2025-05-09,Workshop,Instagram,379.53,176.64,Completed
ORD_418,CUST_1208,2025-02-15,Creative Studio,TikTok,101.53,49.37,Completed
ORD_419,CUST_934,2024-02-14,Workshop,Instagram,440.27,193.91,Completed
ORD_420,CUST_372,2024-11-19,Partner Offer,Referral,447.06,297.83,Completed
ORD_421,CUST_410,2024-09-27,Membership,LinkedIn,81.9,39.61,Completed
ORD_422,CUST_1305,2024-06-27,Event Ticket,TikTok,217.18,143.8,Completed
ORD_423,CUST_148,2024-02-03,Event Ticket,Event Walk-in,465.41,220.29,Completed
ORD_424,CUST_387,2025-02-06,Partner Offer,Event Walk-in,221.9,100.23,Completed
ORD_425,CUST_143,2024-12-11,Creative Studio,LinkedIn,484.53,234.81,Completed
ORD_426,CUST_522,2024-07-26,Partner Offer,Google Search,94.71,44.71,Completed
ORD_427,CUST_260,2025-03-20,Partner Offer,TikTok,21.24,11.2,Completed
ORD_428,CUST_863,2024-04-01,Media Package,LinkedIn,131.17,84.54,Completed
ORD_429,CUST_682,2024-05-22,Creative Studio,TikTok,127.52,64.45,Completed
ORD_430,CUST_162,2025-04-27,Partner Offer,LinkedIn,41.29,21.29,Completed
ORD_431,CUST_1307,2024-07-26,Event Ticket,LinkedIn,106.86,70.67,Completed
ORD_432,CUST_168,2024-12-23,Workshop,TikTok,485.48,189.59,Completed
ORD_433,CUST_1453,2025-05-01,Partner Offer,LinkedIn,344.14,211.92,Cancelled
ORD_434,CUST_483,2025-02-01,Membership,Referral,76.5,47.28,Completed
ORD_435,CUST_825,2024-01-30,Workshop,Partnership,95.76,65.21,Completed
ORD_436,CUST_513,2024-02-24,Partner Offer,LinkedIn,71.23,25.61,Refunded
ORD_437,CUST_54,2024-09-21,Workshop,Referral,111.04,43.56,Refunded
ORD_438,CUST_1305,2024-01-14,Workshop,TikTok,352.42,127.46,Refunded
ORD_439,CUST_388,2025-06-11,Corporate Package,Google Search,268.44,113.45,Completed
ORD_440,CUST_865,2024-03-21,Event Ticket,Partnership,175.78,65.61,Completed
ORD_441,CUST_854,2025-01-11,Workshop,Event Walk-in,136.66,91.27,Completed
ORD_442,CUST_1335,2024-11-07,Corporate Package,LinkedIn,35.61,22.21,Refunded
ORD_443,CUST_221,2024-03-02,Media Package,Referral,176.13,76.33,Cancelled
ORD_444,CUST_205,2025-04-20,Media Package,Event Walk-in,451.38,299.73,Completed
ORD_445,CUST_1469,2024-04-12,Membership,TikTok,181.98,114.5,Completed
ORD_446,CUST_1428,2025-02-18,Workshop,Google Search,60.01,28.1,Completed
ORD_447,CUST_1375,2025-06-27,Event Ticket,Google Search,142.32,76.72,Cancelled
ORD_448,CUST_958,2025-04-09,Media Package,Instagram,208.17,141.23,Refunded
ORD_449,CUST_1376,2024-08-26,Creative Studio,Referral,54.84,22.67,Completed
ORD_450,CUST_5,2024-12-07,Membership,Partnership,227.1,73.58,Refunded
ORD_451,CUST_565,2025-05-10,Membership,LinkedIn,264.77,145.65,Completed
ORD_452,CUST_313,2025-04-07,Event Ticket,Referral,263.02,177.45,Completed
ORD_453,CUST_1135,2025-04-07,Partner Offer,TikTok,160.9,95.98,Completed
ORD_454,CUST_51,2025-02-08,Workshop,LinkedIn,287.57,86.86,Completed
ORD_455,CUST_458,2025-03-19,Creative Studio,LinkedIn,360.32,228.64,Completed
ORD_456,CUST_1307,2024-11-10,Event Ticket,LinkedIn,369.4,111.32,Completed
ORD_457,CUST_1274,2024-08-28,Creative Studio,Instagram,367.77,249.29,Refunded
ORD_458,CUST_1118,2024-11-14,Media Package,Event Walk-in,210.83,82.68,Completed
ORD_459,CUST_1297,2024-12-09,Membership,Instagram,233.01,75.71,Completed
ORD_460,CUST_1333,2024-10-25,Membership,LinkedIn,308.53,165.93,Completed
ORD_461,CUST_99,2024-11-21,Media Package,TikTok,484.6,326.45,Completed
ORD_462,CUST_339,2025-01-23,Workshop,Google Search,26.16,17.1,Completed
ORD_463,CUST_1180,2025-05-18,Corporate Package,Instagram,429.15,263.16,Completed
ORD_464,CUST_236,2024-08-14,Corporate Package,Referral,278.61,116.15,Completed
ORD_465,CUST_1450,2025-01-17,Event Ticket,Referral,289.98,163.08,Completed
ORD_466,CUST_762,2025-01-30,Event Ticket,TikTok,367.88,204.3,Completed
ORD_467,CUST_881,2024-06-13,Corporate Package,Partnership,306.09,159.29,Completed
ORD_468,CUST_1049,2025-05-06,Corporate Package,Event Walk-in,126.17,42.43,Completed
ORD_469,CUST_1219,2024-04-12,Creative Studio,Referral,356.26,201.78,Completed
ORD_470,CUST_868,2024-01-18,Workshop,Event Walk-in,461.66,255.94,Completed
ORD_471,CUST_1169,2024-03-04,Corporate Package,Google Search,404.49,176.25,Completed
ORD_472,CUST_703,2024-03-19,Creative Studio,Google Search,34.87,22.49,Completed
ORD_473,CUST_370,2024-04-09,Workshop,Partnership,273.09,119.37,Completed
ORD_474,CUST_350,2025-01-24,Corporate Package,Partnership,455.82,271.6,Completed
ORD_475,CUST_230,2024-08-15,Membership,Instagram,64.41,21.48,Completed
ORD_476,CUST_1094,2024-11-10,Media Package,LinkedIn,29.58,13.29,Refunded
ORD_477,CUST_539,2024-06-03,Creative Studio,Google Search,436.37,230.11,Completed
ORD_478,CUST_1018,2025-03-04,Event Ticket,Instagram,137.12,82.31,Completed
ORD_479,CUST_1419,2025-01-05,Corporate Package,Event Walk-in,481.76,330.05,Cancelled
ORD_480,CUST_364,2024-12-18,Corporate Package,Partnership,98.23,33.58,Completed
ORD_481,CUST_1361,2024-08-23,Membership,Instagram,47.65,19.83,Completed
ORD_482,CUST_125,2025-06-01,Partner Offer,Partnership,103.81,32.92,Completed
ORD_483,CUST_379,2025-02-06,Membership,Google Search,372.1,215.34,Refunded
ORD_484,CUST_1115,2024-01-18,Media Package,Event Walk-in,187.35,74.39,Completed
ORD_485,CUST_912,2025-06-05,Event Ticket,Partnership,95.47,62.85,Completed
ORD_486,CUST_89,2025-02-22,Media Package,Event Walk-in,201.62,127.13,Completed
ORD_487,CUST_675,2024-07-16,Event Ticket,TikTok,200.75,131.84,Cancelled
ORD_488,CUST_639,2024-02-29,Creative Studio,LinkedIn,128.56,45.28,Refunded
ORD_489,CUST_65,2025-06-18,Membership,Instagram,472.55,213.84,Completed
ORD_490,CUST_150,2024-07-23,Creative Studio,Partnership,23.62,14.01,Completed
ORD_491,CUST_90,2024-07-28,Media Package,Referral,325.29,212.87,Completed
ORD_492,CUST_622,2025-03-21,Workshop,Instagram,170.57,93.77,Completed
ORD_493,CUST_1395,2025-06-18,Media Package,Instagram,37.99,19.26,Completed
ORD_494,CUST_61,2024-09-11,Creative Studio,Instagram,231.97,83.99,Completed
ORD_495,CUST_131,2024-10-28,Corporate Package,LinkedIn,251.17,141.8,Completed
ORD_496,CUST_980,2025-03-10,Media Package,LinkedIn,216.76,115.12,Completed
ORD_497,CUST_225,2024-04-06,Partner Offer,Google Search,479.42,235.22,Completed
ORD_498,CUST_314,2024-10-24,Membership,Partnership,372.72,178.96,Completed
ORD_499,CUST_184,2025-02-20,Creative Studio,Google Search,447.99,136.42,Completed
ORD_500,CUST_541,2024-05-13,Workshop,LinkedIn,250.3,80.24,Completed
ORD_501,CUST_616,2024-05-23,Media Package,Event Walk-in,405.34,155.21,Completed
ORD_502,CUST_776,2024-11-05,Workshop,Google Search,472.01,273.15,Completed
ORD_503,CUST_611,2024-06-25,Workshop,Google Search,263.11,138.93,Completed
ORD_504,CUST_13,2024-04-16,Media Package,LinkedIn,451.93,180.29,Completed
ORD_505,CUST_1024,2024-02-11,Workshop,Instagram,207.75,101.87,Completed
ORD_506,CUST_929,2024-09-28,Workshop,TikTok,243.44,126.4,Completed
ORD_507,CUST_1162,2025-01-21,Membership,Google Search,140.98,68.79,Completed
ORD_508,CUST_924,2024-07-29,Membership,Referral,272.19,175.35,Completed
ORD_509,CUST_1422,2024-07-10,Creative Studio,Instagram,95.34,62.72,Completed
ORD_510,CUST_1287,2024-05-13,Corporate Package,TikTok,284.51,87.62,Completed
ORD_511,CUST_525,2025-04-21,Media Package,LinkedIn,393.82,273.61,Cancelled
ORD_512,CUST_527,2024-08-16,Creative Studio,Google Search,422.2,154.99,Completed
ORD_513,CUST_968,2024-04-16,Workshop,Partnership,275.57,122.39,Completed
ORD_514,CUST_234,2024-09-15,Creative Studio,Referral,464.13,149.28,Refunded
ORD_515,CUST_954,2025-04-23,Media Package,Instagram,499.19,192.88,Completed
ORD_516,CUST_557,2024-07-05,Partner Offer,Event Walk-in,237.02,137.2,Completed
ORD_517,CUST_1499,2024-11-06,Media Package,Partnership,459.56,172.29,Completed
ORD_518,CUST_1267,2025-02-14,Workshop,Event Walk-in,160.34,68.41,Completed
ORD_519,CUST_770,2024-04-27,Media Package,LinkedIn,210.63,133.27,Completed
ORD_520,CUST_845,2024-03-09,Media Package,TikTok,365.18,245.31,Completed
ORD_521,CUST_1108,2025-04-17,Event Ticket,TikTok,292.99,91.14,Completed
ORD_522,CUST_940,2024-05-27,Corporate Package,TikTok,147.62,93.77,Completed
ORD_523,CUST_915,2024-12-01,Creative Studio,Referral,332.72,180.18,Completed
ORD_524,CUST_366,2024-01-30,Corporate Package,TikTok,178.76,77.14,Completed
ORD_525,CUST_934,2024-11-30,Event Ticket,Instagram,223.19,143.36,Completed
ORD_526,CUST_996,2024-12-28,Partner Offer,Instagram,460.7,180.71,Refunded
ORD_527,CUST_1442,2024-09-23,Corporate Package,Google Search,131.09,82.72,Completed
ORD_528,CUST_958,2025-06-23,Event Ticket,Instagram,189.78,113.5,Completed
ORD_529,CUST_1201,2025-03-05,Creative Studio,TikTok,448.48,248.39,Completed
ORD_530,CUST_1299,2025-06-14,Creative Studio,Instagram,397.34,266.86,Completed
ORD_531,CUST_392,2024-09-12,Event Ticket,Referral,335.7,119.07,Completed
ORD_532,CUST_795,2025-03-22,Event Ticket,Google Search,34.94,21.41,Completed
ORD_533,CUST_1125,2024-08-28,Membership,LinkedIn,409.26,247.98,Completed
ORD_534,CUST_604,2024-10-20,Workshop,LinkedIn,214.07,95.34,Completed
ORD_535,CUST_1103,2024-05-10,Creative Studio,LinkedIn,156.5,95.39,Completed
ORD_536,CUST_592,2024-10-20,Partner Offer,Google Search,391.51,267.51,Cancelled
ORD_537,CUST_440,2024-05-01,Media Package,Partnership,30.07,14.51,Refunded
ORD_538,CUST_57,2024-07-12,Creative Studio,Referral,52.33,20.48,Completed
ORD_539,CUST_1323,2024-11-12,Event Ticket,Partnership,440.55,248.5,Completed
ORD_540,CUST_537,2024-12-27,Creative Studio,Instagram,279.46,116.5,Completed
ORD_541,CUST_1204,2024-09-25,Event Ticket,LinkedIn,29.64,18.43,Completed
ORD_542,CUST_767,2024-04-21,Event Ticket,Event Walk-in,105.52,43.42,Completed
ORD_543,CUST_246,2024-10-26,Corporate Package,LinkedIn,391.36,224.67,Completed
ORD_544,CUST_91,2024-08-15,Workshop,Event Walk-in,152.42,56.51,Completed
ORD_545,CUST_782,2024-03-22,Corporate Package,LinkedIn,394.45,240.82,Completed
ORD_546,CUST_1484,2025-06-02,Partner Offer,LinkedIn,412.95,262.35,Completed
ORD_547,CUST_524,2024-11-16,Workshop,LinkedIn,176.59,108.38,Completed
ORD_548,CUST_111,2024-01-09,Corporate Package,Partnership,28.48,17.67,Completed
ORD_549,CUST_1095,2025-04-14,Media Package,Instagram,427.79,142.52,Completed
ORD_550,CUST_892,2025-03-29,Media Package,Partnership,489.0,231.89,Completed
ORD_551,CUST_853,2024-11-25,Media Package,Instagram,27.65,15.78,Completed
ORD_552,CUST_1498,2024-12-12,Membership,Event Walk-in,431.86,287.77,Completed
ORD_553,CUST_639,2024-01-05,Partner Offer,LinkedIn,267.48,103.18,Completed
ORD_554,CUST_1293,2025-04-06,Creative Studio,LinkedIn,289.45,93.7,Completed
ORD_555,CUST_804,2024-09-15,Event Ticket,LinkedIn,298.82,176.76,Refunded
ORD_556,CUST_29,2024-01-03,Corporate Package,Google Search,78.98,29.75,Completed
ORD_557,CUST_222,2024-06-12,Membership,Google Search,36.65,14.66,Completed
ORD_558,CUST_1414,2024-02-15,Partner Offer,Event Walk-in,234.41,103.8,Completed
ORD_559,CUST_1474,2024-04-09,Workshop,Google Search,124.4,80.48,Completed
ORD_560,CUST_1200,2025-02-02,Creative Studio,Referral,67.44,38.71,Completed
ORD_561,CUST_1487,2024-10-29,Event Ticket,Referral,75.51,23.67,Completed
ORD_562,CUST_18,2024-09-07,Media Package,Google Search,99.93,46.5,Completed
ORD_563,CUST_1483,2024-11-25,Membership,Partnership,426.7,264.57,Completed
ORD_564,CUST_1,2024-11-22,Workshop,TikTok,202.09,86.41,Completed
ORD_565,CUST_152,2024-05-12,Workshop,Partnership,91.95,40.55,Completed
ORD_566,CUST_1405,2024-06-21,Membership,Google Search,181.44,124.01,Completed
ORD_567,CUST_644,2025-01-29,Creative Studio,Google Search,420.75,180.44,Completed
ORD_568,CUST_1165,2025-02-27,Event Ticket,Instagram,189.43,107.13,Cancelled
ORD_569,CUST_1414,2024-01-09,Creative Studio,Event Walk-in,241.61,134.53,Completed
ORD_570,CUST_1288,2024-01-27,Corporate Package,Google Search,236.7,72.7,Refunded
ORD_571,CUST_517,2025-06-22,Partner Offer,Instagram,395.54,211.7,Completed
ORD_572,CUST_189,2024-01-14,Event Ticket,Partnership,77.04,23.91,Completed
ORD_573,CUST_362,2024-01-01,Event Ticket,TikTok,267.25,80.31,Completed
ORD_574,CUST_808,2024-07-18,Media Package,Google Search,331.47,143.16,Completed
ORD_575,CUST_1204,2025-02-10,Partner Offer,LinkedIn,417.97,286.86,Completed
ORD_576,CUST_771,2025-05-05,Corporate Package,LinkedIn,82.61,46.17,Completed
ORD_577,CUST_1426,2024-06-07,Event Ticket,Google Search,358.77,189.85,Refunded
ORD_578,CUST_10,2024-07-14,Event Ticket,Referral,72.35,27.39,Completed
ORD_579,CUST_1464,2024-03-03,Partner Offer,Partnership,434.67,284.86,Completed
ORD_580,CUST_2,2025-03-10,Workshop,Referral,213.06,136.84,Completed
ORD_581,CUST_922,2024-06-19,Membership,Google Search,308.49,147.52,Refunded
ORD_582,CUST_604,2025-04-23,Media Package,LinkedIn,275.96,185.99,Refunded
ORD_583,CUST_231,2025-02-04,Membership,LinkedIn,197.42,59.69,Completed
ORD_584,CUST_415,2024-10-02,Event Ticket,TikTok,428.08,150.62,Completed
ORD_585,CUST_461,2024-03-10,Workshop,Event Walk-in,404.39,129.73,Cancelled
ORD_586,CUST_243,2024-03-01,Media Package,Google Search,429.91,208.49,Completed
ORD_587,CUST_5,2024-05-09,Media Package,Partnership,424.96,157.43,Completed
ORD_588,CUST_1139,2024-06-19,Partner Offer,Event Walk-in,28.8,19.42,Completed
ORD_589,CUST_878,2024-11-11,Partner Offer,LinkedIn,81.98,35.5,Completed
ORD_590,CUST_170,2024-06-07,Corporate Package,LinkedIn,419.09,182.25,Completed
ORD_591,CUST_602,2024-08-09,Creative Studio,Partnership,396.03,121.94,Completed
ORD_592,CUST_1270,2024-08-31,Creative Studio,Partnership,388.13,270.3,Completed
ORD_593,CUST_444,2025-02-03,Membership,LinkedIn,446.42,158.72,Completed
ORD_594,CUST_481,2025-05-14,Corporate Package,Google Search,441.16,194.29,Completed
ORD_595,CUST_1415,2024-11-27,Creative Studio,Google Search,156.53,82.86,Completed
ORD_596,CUST_168,2024-02-24,Workshop,TikTok,353.43,200.58,Completed
ORD_597,CUST_1318,2024-08-23,Membership,LinkedIn,321.34,140.71,Completed
ORD_598,CUST_1383,2025-06-21,Workshop,LinkedIn,42.21,20.74,Completed
ORD_599,CUST_1199,2024-06-01,Workshop,Referral,421.49,183.28,Completed
ORD_600,CUST_1129,2024-09-25,Media Package,TikTok,55.51,33.87,Completed
ORD_601,CUST_456,2025-06-12,Partner Offer,TikTok,62.97,30.37,Completed
ORD_602,CUST_1420,2025-03-21,Event Ticket,TikTok,407.66,216.74,Completed
ORD_603,CUST_1379,2024-01-28,Creative Studio,TikTok,226.98,88.69,Completed
ORD_604,CUST_1260,2025-05-14,Creative Studio,Referral,288.12,100.23,Completed
ORD_605,CUST_1300,2024-06-02,Workshop,Google Search,45.7,20.34,Completed
ORD_606,CUST_765,2024-10-05,Corporate Package,TikTok,112.29,42.54,Completed
ORD_607,CUST_776,2024-02-28,Partner Offer,Google Search,185.39,74.54,Refunded
ORD_608,CUST_969,2024-10-31,Event Ticket,Google Search,422.02,205.96,Completed
ORD_609,CUST_1040,2024-12-01,Corporate Package,TikTok,217.56,122.03,Completed
ORD_610,CUST_473,2024-02-13,Membership,Partnership,312.65,167.83,Completed
ORD_611,CUST_662,2025-06-04,Workshop,Referral,45.41,18.22,Completed
ORD_612,CUST_1436,2024-04-08,Creative Studio,LinkedIn,261.44,171.43,Completed
ORD_613,CUST_368,2024-09-26,Workshop,TikTok,91.22,50.66,Completed
ORD_614,CUST_85,2024-03-13,Workshop,Instagram,327.09,209.69,Cancelled
ORD_615,CUST_1273,2024-05-03,Media Package,Partnership,282.54,125.76,Completed
ORD_616,CUST_205,2025-06-09,Creative Studio,Event Walk-in,449.28,205.14,Completed
ORD_617,CUST_1074,2025-06-12,Creative Studio,Google Search,394.5,214.98,Completed
ORD_618,CUST_560,2025-05-10,Creative Studio,TikTok,289.87,122.37,Completed
ORD_619,CUST_126,2024-02-13,Partner Offer,LinkedIn,374.59,228.13,Completed
ORD_620,CUST_476,2024-06-27,Media Package,Partnership,76.05,52.4,Completed
ORD_621,CUST_499,2025-06-13,Media Package,TikTok,234.07,137.58,Completed
ORD_622,CUST_843,2024-01-23,Media Package,TikTok,118.1,68.45,Completed
ORD_623,CUST_526,2024-01-22,Partner Offer,Referral,294.67,196.86,Completed
ORD_624,CUST_1100,2024-01-24,Creative Studio,Google Search,300.5,94.55,Completed
ORD_625,CUST_732,2024-01-22,Event Ticket,LinkedIn,328.13,170.47,Completed
ORD_626,CUST_877,2025-05-24,Creative Studio,Instagram,467.25,236.93,Refunded
ORD_627,CUST_981,2024-11-25,Media Package,Event Walk-in,73.98,32.5,Completed
ORD_628,CUST_768,2024-05-30,Corporate Package,Google Search,419.42,239.71,Refunded
ORD_629,CUST_1001,2024-05-11,Creative Studio,Event Walk-in,445.2,299.83,Completed
ORD_630,CUST_54,2025-01-17,Partner Offer,Referral,117.46,77.19,Completed
ORD_631,CUST_730,2025-05-27,Event Ticket,TikTok,423.93,275.82,Completed
ORD_632,CUST_1434,2024-10-01,Media Package,Referral,409.04,269.95,Completed
ORD_633,CUST_772,2024-01-14,Event Ticket,TikTok,355.12,190.02,Completed
ORD_634,CUST_996,2024-04-23,Membership,Instagram,75.25,32.51,Completed
ORD_635,CUST_1228,2025-01-24,Partner Offer,Referral,495.75,235.32,Completed
ORD_636,CUST_423,2024-07-10,Creative Studio,LinkedIn,225.11,97.23,Completed
ORD_637,CUST_1484,2024-10-19,Partner Offer,LinkedIn,452.26,187.24,Completed
ORD_638,CUST_578,2024-02-08,Event Ticket,Referral,257.77,172.24,Completed
ORD_639,CUST_681,2024-12-19,Event Ticket,Event Walk-in,474.14,151.28,Completed
ORD_640,CUST_1028,2024-02-10,Media Package,Instagram,355.14,222.74,Refunded
ORD_641,CUST_401,2025-04-04,Membership,Referral,313.87,133.22,Completed
ORD_642,CUST_1031,2024-10-02,Partner Offer,Partnership,343.77,192.16,Completed
ORD_643,CUST_1370,2025-01-03,Partner Offer,LinkedIn,411.57,260.31,Cancelled
ORD_644,CUST_229,2025-05-11,Membership,TikTok,471.83,223.17,Completed
ORD_645,CUST_169,2025-06-29,Media Package,Partnership,175.01,73.39,Completed
ORD_646,CUST_10,2025-04-14,Media Package,Referral,407.56,257.98,Completed
ORD_647,CUST_347,2024-02-25,Corporate Package,Instagram,455.68,235.69,Completed
ORD_648,CUST_222,2024-12-07,Media Package,Google Search,326.56,117.06,Completed
ORD_649,CUST_1177,2024-01-31,Workshop,Referral,412.2,222.02,Completed
ORD_650,CUST_1045,2024-02-28,Event Ticket,Referral,32.66,21.13,Completed
ORD_651,CUST_516,2025-03-03,Membership,LinkedIn,22.75,8.12,Completed
ORD_652,CUST_307,2025-04-16,Creative Studio,LinkedIn,251.8,91.99,Completed
ORD_653,CUST_173,2024-03-23,Workshop,Event Walk-in,170.46,95.57,Completed
ORD_654,CUST_897,2024-09-27,Partner Offer,Google Search,262.65,133.46,Completed
ORD_655,CUST_879,2024-06-06,Membership,Google Search,421.15,256.5,Completed
ORD_656,CUST_468,2024-11-19,Partner Offer,Referral,476.43,157.96,Refunded
ORD_657,CUST_1103,2025-05-03,Creative Studio,LinkedIn,215.82,142.78,Completed
ORD_658,CUST_1117,2024-08-07,Partner Offer,Partnership,104.37,55.16,Completed
ORD_659,CUST_19,2024-07-10,Workshop,TikTok,259.77,174.42,Completed
ORD_660,CUST_972,2025-01-22,Creative Studio,Instagram,58.13,26.55,Cancelled
ORD_661,CUST_97,2025-01-03,Corporate Package,TikTok,485.12,150.53,Completed
ORD_662,CUST_427,2024-05-22,Creative Studio,Partnership,67.99,25.61,Completed
ORD_663,CUST_777,2024-11-27,Media Package,Google Search,82.64,52.68,Refunded
ORD_664,CUST_546,2025-01-03,Event Ticket,Google Search,478.08,269.99,Completed
ORD_665,CUST_1090,2025-03-12,Partner Offer,Instagram,398.7,191.83,Completed
ORD_666,CUST_121,2025-05-27,Media Package,LinkedIn,147.61,48.97,Completed
ORD_667,CUST_788,2025-02-14,Creative Studio,Partnership,462.71,172.24,Refunded
ORD_668,CUST_849,2025-06-06,Media Package,Google Search,485.41,197.55,Completed
ORD_669,CUST_823,2024-02-16,Event Ticket,Event Walk-in,462.55,261.82,Completed
ORD_670,CUST_277,2024-12-17,Creative Studio,Partnership,117.45,52.76,Completed
ORD_671,CUST_622,2024-09-28,Creative Studio,Instagram,241.48,102.65,Completed
ORD_672,CUST_392,2024-09-01,Creative Studio,Referral,222.87,67.4,Completed
ORD_673,CUST_968,2025-06-05,Creative Studio,Partnership,345.74,181.67,Completed
ORD_674,CUST_132,2024-09-28,Corporate Package,Event Walk-in,48.91,31.85,Completed
ORD_675,CUST_1249,2025-06-04,Creative Studio,LinkedIn,186.53,59.45,Completed
ORD_676,CUST_704,2024-01-07,Creative Studio,TikTok,252.35,134.5,Completed
ORD_677,CUST_1102,2024-11-14,Creative Studio,Event Walk-in,441.8,300.04,Completed
ORD_678,CUST_1093,2025-01-29,Membership,Referral,249.19,143.83,Completed
ORD_679,CUST_1214,2025-05-08,Event Ticket,TikTok,176.44,115.67,Completed
ORD_680,CUST_726,2024-12-08,Corporate Package,Referral,104.58,67.14,Completed
ORD_681,CUST_494,2024-03-08,Workshop,Instagram,123.02,58.54,Completed
ORD_682,CUST_218,2025-02-07,Corporate Package,Google Search,326.5,182.68,Completed
ORD_683,CUST_161,2025-03-27,Partner Offer,LinkedIn,236.06,136.55,Refunded
ORD_684,CUST_46,2024-12-22,Creative Studio,LinkedIn,314.23,108.36,Completed
ORD_685,CUST_213,2024-06-16,Membership,Event Walk-in,67.64,31.53,Completed
ORD_686,CUST_460,2024-04-15,Corporate Package,Google Search,332.7,112.58,Completed
ORD_687,CUST_977,2024-06-04,Creative Studio,Google Search,245.16,96.85,Completed
ORD_688,CUST_56,2025-04-16,Partner Offer,Event Walk-in,487.39,148.61,Cancelled
ORD_689,CUST_127,2025-04-18,Corporate Package,Referral,194.23,80.57,Completed
ORD_690,CUST_1357,2025-06-16,Event Ticket,Google Search,60.87,27.13,Refunded
ORD_691,CUST_228,2025-01-21,Media Package,Referral,368.89,255.34,Completed
ORD_692,CUST_1367,2025-04-16,Creative Studio,LinkedIn,213.43,103.09,Refunded
ORD_693,CUST_1389,2024-07-17,Media Package,LinkedIn,345.01,136.2,Completed
ORD_694,CUST_1480,2024-09-27,Workshop,TikTok,203.91,92.71,Completed
ORD_695,CUST_569,2024-01-03,Partner Offer,Partnership,334.32,213.25,Completed
ORD_696,CUST_222,2024-12-05,Workshop,Google Search,471.59,224.08,Completed
ORD_697,CUST_587,2024-04-11,Creative Studio,Event Walk-in,423.15,229.8,Completed
ORD_698,CUST_1271,2025-03-01,Workshop,Instagram,255.29,173.48,Completed
ORD_699,CUST_43,2025-04-26,Creative Studio,Google Search,269.1,130.01,Cancelled
ORD_700,CUST_624,2024-07-29,Corporate Package,TikTok,85.39,34.69,Completed
ORD_701,CUST_977,2025-05-06,Media Package,Google Search,480.05,287.3,Completed
ORD_702,CUST_982,2025-06-13,Workshop,Partnership,422.15,185.54,Completed
ORD_703,CUST_653,2025-06-01,Media Package,Event Walk-in,267.82,108.27,Completed
ORD_704,CUST_821,2024-04-02,Corporate Package,Referral,205.0,136.78,Refunded
ORD_705,CUST_1081,2025-05-07,Partner Offer,Partnership,468.81,180.17,Completed
ORD_706,CUST_207,2024-11-10,Corporate Package,Event Walk-in,376.81,229.48,Completed
ORD_707,CUST_1193,2024-02-27,Workshop,LinkedIn,246.18,102.81,Completed
ORD_708,CUST_944,2024-03-24,Partner Offer,Referral,448.9,241.96,Completed
ORD_709,CUST_475,2024-11-21,Membership,Referral,433.97,228.34,Completed
ORD_710,CUST_22,2025-04-02,Partner Offer,Partnership,371.46,216.35,Completed
ORD_711,CUST_28,2024-02-07,Corporate Package,Partnership,290.63,127.21,Completed
ORD_712,CUST_657,2024-11-24,Membership,TikTok,451.87,180.56,Completed
ORD_713,CUST_217,2024-05-17,Media Package,Partnership,434.84,158.08,Completed
ORD_714,CUST_1206,2024-11-22,Corporate Package,Event Walk-in,263.64,96.41,Completed
ORD_715,CUST_1310,2024-11-02,Event Ticket,Instagram,73.97,44.76,Completed
ORD_716,CUST_25,2025-06-28,Partner Offer,LinkedIn,40.04,25.44,Refunded
ORD_717,CUST_1371,2024-12-10,Workshop,Google Search,94.91,57.03,Completed
ORD_718,CUST_367,2025-03-28,Media Package,LinkedIn,131.15,65.6,Completed
ORD_719,CUST_1361,2025-01-18,Workshop,Instagram,239.56,84.43,Refunded
ORD_720,CUST_899,2024-04-06,Corporate Package,TikTok,434.18,245.6,Completed
ORD_721,CUST_1484,2025-06-12,Event Ticket,LinkedIn,147.77,67.95,Completed
ORD_722,CUST_350,2025-05-22,Workshop,Partnership,227.17,100.8,Completed
ORD_723,CUST_883,2024-08-02,Event Ticket,Event Walk-in,22.3,7.15,Completed
ORD_724,CUST_316,2024-09-04,Creative Studio,LinkedIn,97.58,58.09,Completed
ORD_725,CUST_1204,2024-11-10,Event Ticket,LinkedIn,376.25,220.18,Completed
ORD_726,CUST_673,2024-08-29,Partner Offer,Instagram,414.13,271.37,Completed
ORD_727,CUST_1361,2024-09-24,Creative Studio,Instagram,237.42,92.84,Completed
ORD_728,CUST_705,2024-06-25,Membership,Google Search,21.16,14.51,Completed
ORD_729,CUST_131,2025-01-13,Corporate Package,LinkedIn,262.13,116.49,Completed
ORD_730,CUST_317,2024-07-04,Creative Studio,Referral,229.01,136.94,Completed
ORD_731,CUST_1050,2025-05-26,Event Ticket,Partnership,299.22,208.12,Refunded
ORD_732,CUST_1410,2025-01-27,Membership,Event Walk-in,359.6,208.32,Completed
ORD_733,CUST_449,2025-04-21,Creative Studio,Event Walk-in,81.87,40.98,Completed
ORD_734,CUST_918,2024-12-06,Event Ticket,Google Search,235.9,155.57,Refunded
ORD_735,CUST_961,2024-10-16,Workshop,Event Walk-in,474.31,147.07,Completed
ORD_736,CUST_974,2025-02-25,Membership,Referral,486.38,260.59,Completed
ORD_737,CUST_672,2024-02-26,Membership,TikTok,79.67,28.5,Completed
ORD_738,CUST_1383,2025-04-20,Creative Studio,LinkedIn,131.22,48.1,Completed
ORD_739,CUST_560,2024-02-04,Membership,TikTok,314.85,166.94,Completed
ORD_740,CUST_914,2024-03-17,Event Ticket,Partnership,388.18,264.59,Cancelled
ORD_741,CUST_1473,2024-01-03,Partner Offer,LinkedIn,244.93,91.75,Completed
ORD_742,CUST_1028,2025-05-11,Media Package,Instagram,333.71,226.09,Completed
ORD_743,CUST_1355,2024-10-30,Creative Studio,Event Walk-in,134.49,60.21,Completed
ORD_744,CUST_146,2024-10-13,Corporate Package,Referral,283.26,153.5,Completed
ORD_745,CUST_1376,2024-07-04,Corporate Package,Referral,399.85,127.81,Cancelled
ORD_746,CUST_1431,2025-01-19,Membership,LinkedIn,161.38,49.33,Completed
ORD_747,CUST_943,2025-01-10,Media Package,Partnership,256.54,100.51,Completed
ORD_748,CUST_1013,2025-02-17,Corporate Package,TikTok,96.73,41.38,Completed
ORD_749,CUST_932,2025-05-22,Event Ticket,Event Walk-in,32.75,16.92,Completed
ORD_750,CUST_111,2024-12-04,Membership,Partnership,355.6,149.21,Completed
ORD_751,CUST_589,2024-03-31,Creative Studio,Instagram,147.28,96.37,Completed
ORD_752,CUST_186,2024-08-21,Creative Studio,Partnership,435.87,272.49,Refunded
ORD_753,CUST_1032,2024-04-07,Media Package,Google Search,434.43,172.25,Completed
ORD_754,CUST_980,2024-07-21,Corporate Package,LinkedIn,59.66,34.89,Completed
ORD_755,CUST_1495,2025-06-03,Creative Studio,LinkedIn,366.95,154.56,Completed
ORD_756,CUST_757,2024-11-15,Workshop,Instagram,396.22,256.42,Completed
ORD_757,CUST_186,2025-02-01,Event Ticket,Partnership,386.66,168.61,Completed
ORD_758,CUST_522,2024-05-25,Partner Offer,Google Search,248.36,171.33,Completed
ORD_759,CUST_750,2024-09-08,Creative Studio,Event Walk-in,197.01,136.22,Completed
ORD_760,CUST_1196,2025-04-26,Membership,Partnership,455.75,144.0,Refunded
ORD_761,CUST_1343,2024-09-19,Event Ticket,Partnership,369.73,245.3,Refunded
ORD_762,CUST_744,2025-01-03,Partner Offer,Google Search,277.98,119.04,Completed
ORD_763,CUST_711,2024-08-30,Event Ticket,Partnership,274.34,131.57,Completed
ORD_764,CUST_266,2024-03-19,Event Ticket,Google Search,130.59,87.79,Cancelled
ORD_765,CUST_629,2024-01-18,Event Ticket,LinkedIn,377.77,140.49,Completed
ORD_766,CUST_1318,2025-06-27,Workshop,LinkedIn,448.19,186.01,Completed
ORD_767,CUST_791,2025-01-07,Partner Offer,Google Search,386.15,121.62,Completed
ORD_768,CUST_1083,2024-07-20,Creative Studio,Event Walk-in,148.66,102.8,Completed
ORD_769,CUST_93,2025-05-18,Event Ticket,Google Search,392.44,157.71,Completed
ORD_770,CUST_575,2025-03-04,Workshop,TikTok,307.75,143.26,Completed
ORD_771,CUST_993,2024-08-18,Membership,LinkedIn,210.52,102.46,Completed
ORD_772,CUST_866,2025-01-01,Media Package,Instagram,271.34,151.88,Completed
ORD_773,CUST_405,2025-01-14,Workshop,LinkedIn,47.65,16.8,Completed
ORD_774,CUST_57,2025-06-22,Partner Offer,Referral,404.03,134.18,Completed
ORD_775,CUST_736,2024-09-23,Membership,Instagram,443.93,181.81,Completed
ORD_776,CUST_167,2025-03-25,Creative Studio,Google Search,267.37,115.37,Completed
ORD_777,CUST_1133,2025-02-02,Workshop,Referral,472.35,196.13,Completed
ORD_778,CUST_943,2024-02-14,Partner Offer,Partnership,393.76,182.55,Completed
ORD_779,CUST_766,2025-01-03,Media Package,TikTok,392.76,144.23,Completed
ORD_780,CUST_476,2024-08-01,Partner Offer,Partnership,318.49,131.96,Refunded
ORD_781,CUST_1356,2024-07-26,Workshop,LinkedIn,256.04,102.59,Completed
ORD_782,CUST_865,2024-05-08,Media Package,Partnership,124.02,45.38,Completed
ORD_783,CUST_1314,2024-01-01,Workshop,Google Search,173.96,73.71,Completed
ORD_784,CUST_1044,2024-01-11,Creative Studio,Referral,188.65,113.38,Completed
ORD_785,CUST_597,2025-01-14,Event Ticket,Partnership,329.16,117.45,Completed
ORD_786,CUST_103,2024-11-18,Event Ticket,Google Search,42.26,20.04,Completed
ORD_787,CUST_714,2025-02-05,Creative Studio,Partnership,263.24,162.94,Completed
ORD_788,CUST_925,2025-06-12,Workshop,Google Search,349.83,183.08,Completed
ORD_789,CUST_1341,2024-02-09,Corporate Package,Event Walk-in,149.74,69.47,Completed
ORD_790,CUST_303,2025-02-10,Partner Offer,TikTok,328.94,112.91,Completed
ORD_791,CUST_197,2024-05-16,Membership,Referral,312.65,125.7,Completed
ORD_792,CUST_620,2024-10-23,Membership,LinkedIn,376.2,135.01,Completed
ORD_793,CUST_847,2024-09-02,Event Ticket,TikTok,195.77,66.08,Completed
ORD_794,CUST_249,2024-09-01,Corporate Package,Event Walk-in,36.35,12.25,Completed
ORD_795,CUST_1284,2024-04-17,Partner Offer,Partnership,294.02,156.77,Completed
ORD_796,CUST_110,2025-03-15,Partner Offer,TikTok,119.59,68.59,Completed
ORD_797,CUST_1378,2024-04-13,Corporate Package,TikTok,266.05,106.43,Completed
ORD_798,CUST_1364,2025-01-25,Partner Offer,TikTok,365.32,220.92,Completed
ORD_799,CUST_267,2024-03-21,Partner Offer,Partnership,52.78,26.52,Completed
ORD_800,CUST_690,2024-04-03,Partner Offer,Partnership,389.54,120.64,Completed
ORD_801,CUST_1330,2024-05-30,Partner Offer,Referral,300.4,98.4,Completed
ORD_802,CUST_1362,2024-06-06,Workshop,LinkedIn,427.93,143.5,Completed
ORD_803,CUST_689,2024-05-16,Partner Offer,Google Search,266.9,137.97,Completed
ORD_804,CUST_856,2024-06-10,Workshop,Google Search,372.04,243.7,Completed
ORD_805,CUST_1384,2024-05-03,Creative Studio,Partnership,112.51,36.38,Completed
ORD_806,CUST_692,2024-05-14,Corporate Package,LinkedIn,24.8,10.63,Completed
ORD_807,CUST_245,2024-12-03,Creative Studio,Referral,489.49,223.1,Completed
ORD_808,CUST_815,2024-09-24,Corporate Package,TikTok,118.06,63.78,Completed
ORD_809,CUST_456,2024-06-23,Creative Studio,TikTok,311.07,148.83,Completed
ORD_810,CUST_110,2024-06-01,Membership,TikTok,464.9,207.91,Completed
ORD_811,CUST_1211,2024-02-27,Event Ticket,TikTok,206.83,75.47,Completed
ORD_812,CUST_716,2024-07-14,Membership,Google Search,80.33,31.87,Completed
ORD_813,CUST_474,2024-06-24,Workshop,Event Walk-in,74.51,48.76,Completed
ORD_814,CUST_898,2024-06-13,Creative Studio,Referral,215.59,137.52,Completed
ORD_815,CUST_866,2024-12-06,Event Ticket,Instagram,358.81,209.98,Completed
ORD_816,CUST_1399,2025-05-15,Workshop,Instagram,171.92,53.96,Completed
ORD_817,CUST_232,2024-08-26,Creative Studio,Event Walk-in,358.65,138.35,Completed
ORD_818,CUST_1232,2024-06-14,Workshop,TikTok,114.93,57.59,Completed
ORD_819,CUST_610,2025-01-24,Event Ticket,Instagram,274.22,98.07,Completed
ORD_820,CUST_1168,2025-05-11,Media Package,Event Walk-in,484.52,304.19,Completed
ORD_821,CUST_274,2024-10-14,Corporate Package,Google Search,55.01,16.78,Completed
ORD_822,CUST_1074,2024-10-08,Media Package,Google Search,397.93,229.23,Completed
ORD_823,CUST_2,2025-01-19,Creative Studio,Referral,115.88,74.32,Completed
ORD_824,CUST_541,2025-04-10,Media Package,LinkedIn,32.54,17.43,Completed
ORD_825,CUST_1101,2025-01-06,Membership,TikTok,474.93,332.12,Completed
ORD_826,CUST_1134,2024-10-08,Event Ticket,Google Search,100.12,41.38,Completed
ORD_827,CUST_32,2024-01-01,Corporate Package,TikTok,397.77,221.23,Completed
ORD_828,CUST_1183,2024-02-25,Media Package,Instagram,205.29,128.66,Completed
ORD_829,CUST_1366,2024-08-31,Media Package,TikTok,401.48,140.95,Completed
ORD_830,CUST_1281,2025-05-11,Membership,LinkedIn,357.84,196.23,Refunded
ORD_831,CUST_1109,2024-12-08,Media Package,TikTok,198.73,127.46,Completed
ORD_832,CUST_1169,2024-06-16,Media Package,Google Search,308.81,127.99,Completed
ORD_833,CUST_1268,2024-07-21,Media Package,Event Walk-in,238.48,129.46,Completed
ORD_834,CUST_143,2024-05-29,Creative Studio,LinkedIn,274.32,145.81,Completed
ORD_835,CUST_1158,2025-04-26,Corporate Package,TikTok,435.75,188.86,Completed
ORD_836,CUST_426,2025-04-10,Membership,Event Walk-in,386.81,192.21,Completed
ORD_837,CUST_604,2024-07-05,Corporate Package,LinkedIn,283.82,175.82,Completed
ORD_838,CUST_430,2025-05-29,Membership,LinkedIn,359.46,212.64,Completed
ORD_839,CUST_216,2025-03-18,Membership,Partnership,134.58,61.79,Completed
ORD_840,CUST_195,2024-06-18,Membership,LinkedIn,323.3,169.7,Cancelled
ORD_841,CUST_96,2025-06-26,Partner Offer,TikTok,190.55,58.41,Completed
ORD_842,CUST_260,2025-06-18,Corporate Package,TikTok,150.48,48.14,Completed
ORD_843,CUST_501,2024-07-20,Workshop,Referral,74.87,24.45,Refunded
ORD_844,CUST_275,2024-11-29,Membership,Referral,283.44,146.35,Completed
ORD_845,CUST_1284,2024-08-10,Creative Studio,Partnership,374.26,177.84,Completed
ORD_846,CUST_872,2024-01-29,Media Package,LinkedIn,453.38,280.63,Completed
ORD_847,CUST_1037,2024-01-29,Partner Offer,Event Walk-in,108.87,40.13,Completed
ORD_848,CUST_1063,2024-10-25,Partner Offer,Referral,488.37,227.45,Refunded
ORD_849,CUST_1079,2024-04-08,Creative Studio,Referral,435.56,138.03,Completed
ORD_850,CUST_741,2024-06-24,Creative Studio,Partnership,229.74,124.9,Completed
ORD_851,CUST_318,2024-06-13,Membership,LinkedIn,87.39,42.16,Completed
ORD_852,CUST_683,2024-06-07,Creative Studio,Google Search,53.72,21.01,Completed
ORD_853,CUST_1446,2025-02-01,Media Package,LinkedIn,233.68,93.79,Completed
ORD_854,CUST_1377,2025-06-18,Corporate Package,LinkedIn,207.91,134.9,Completed
ORD_855,CUST_1392,2024-08-13,Workshop,Event Walk-in,369.22,183.15,Completed
ORD_856,CUST_1303,2024-12-22,Event Ticket,Google Search,336.18,152.56,Completed
ORD_857,CUST_1472,2024-06-09,Corporate Package,Google Search,48.1,32.36,Cancelled
ORD_858,CUST_1285,2024-07-12,Membership,Instagram,160.71,95.84,Completed
ORD_859,CUST_973,2025-04-15,Creative Studio,Google Search,400.19,187.19,Completed
ORD_860,CUST_290,2024-07-20,Partner Offer,Google Search,46.99,27.85,Completed
ORD_861,CUST_399,2024-08-27,Membership,Event Walk-in,203.49,95.48,Completed
ORD_862,CUST_1343,2025-04-02,Workshop,Partnership,129.6,45.98,Completed
ORD_863,CUST_866,2025-01-08,Partner Offer,Instagram,480.73,238.21,Completed
ORD_864,CUST_112,2024-01-23,Creative Studio,LinkedIn,92.62,49.87,Completed
ORD_865,CUST_371,2024-02-03,Workshop,Event Walk-in,222.38,135.36,Completed
ORD_866,CUST_1400,2024-10-01,Creative Studio,LinkedIn,426.66,206.58,Completed
ORD_867,CUST_602,2025-01-05,Workshop,Partnership,444.67,250.67,Completed
ORD_868,CUST_556,2025-06-04,Corporate Package,Referral,334.74,172.65,Cancelled
ORD_869,CUST_1380,2024-12-19,Partner Offer,Event Walk-in,403.62,240.93,Refunded
ORD_870,CUST_1151,2024-05-12,Membership,LinkedIn,399.3,237.48,Completed
ORD_871,CUST_1325,2024-07-14,Event Ticket,Google Search,389.42,156.61,Completed
ORD_872,CUST_1366,2024-01-05,Workshop,TikTok,312.83,103.72,Completed
ORD_873,CUST_821,2024-03-12,Workshop,Referral,37.52,23.89,Completed
ORD_874,CUST_649,2024-11-06,Workshop,Instagram,486.87,158.2,Completed
ORD_875,CUST_211,2025-02-07,Corporate Package,Referral,175.56,90.79,Completed
ORD_876,CUST_653,2025-04-22,Corporate Package,Event Walk-in,384.15,177.18,Completed
ORD_877,CUST_142,2024-12-24,Membership,LinkedIn,113.13,62.82,Completed
ORD_878,CUST_950,2024-04-10,Creative Studio,Google Search,84.6,55.81,Completed
ORD_879,CUST_379,2025-01-10,Corporate Package,Google Search,469.96,195.18,Completed
ORD_880,CUST_579,2025-01-06,Event Ticket,Partnership,79.66,53.05,Completed
ORD_881,CUST_549,2025-01-25,Workshop,Google Search,296.79,200.83,Completed
ORD_882,CUST_12,2024-05-22,Media Package,Google Search,193.65,66.47,Completed
ORD_883,CUST_211,2024-01-01,Corporate Package,Referral,66.16,35.52,Completed
ORD_884,CUST_518,2024-05-13,Corporate Package,LinkedIn,423.48,180.83,Completed
ORD_885,CUST_25,2024-09-27,Corporate Package,LinkedIn,408.94,203.94,Completed
ORD_886,CUST_5,2024-04-23,Corporate Package,Partnership,46.09,30.26,Completed
ORD_887,CUST_1356,2025-01-11,Creative Studio,LinkedIn,54.38,16.9,Completed
ORD_888,CUST_1287,2024-07-01,Corporate Package,TikTok,369.71,175.21,Completed
ORD_889,CUST_954,2024-03-14,Membership,Instagram,457.39,172.32,Completed
ORD_890,CUST_963,2025-02-21,Media Package,TikTok,386.64,217.62,Completed
ORD_891,CUST_13,2025-06-03,Event Ticket,LinkedIn,133.73,63.2,Completed
ORD_892,CUST_374,2024-09-28,Event Ticket,LinkedIn,123.95,41.33,Completed
ORD_893,CUST_1121,2025-02-15,Creative Studio,LinkedIn,170.51,65.79,Completed
ORD_894,CUST_718,2024-09-11,Membership,Partnership,471.52,164.64,Completed
ORD_895,CUST_236,2024-09-30,Membership,Referral,385.37,168.34,Completed
ORD_896,CUST_410,2024-11-28,Partner Offer,LinkedIn,488.06,273.76,Completed
ORD_897,CUST_1358,2024-06-08,Event Ticket,Referral,192.7,73.87,Completed
ORD_898,CUST_639,2024-10-04,Partner Offer,LinkedIn,150.63,66.75,Completed
ORD_899,CUST_606,2024-08-18,Membership,Referral,93.76,30.97,Cancelled
ORD_900,CUST_557,2024-03-09,Creative Studio,Event Walk-in,22.47,14.09,Cancelled
ORD_901,CUST_1488,2024-11-01,Partner Offer,Referral,197.47,86.04,Completed
ORD_902,CUST_814,2024-07-31,Media Package,Partnership,187.29,110.13,Completed
ORD_903,CUST_308,2024-06-01,Partner Offer,Partnership,137.64,89.65,Completed
ORD_904,CUST_407,2024-07-13,Partner Offer,TikTok,361.14,184.43,Completed
ORD_905,CUST_1151,2024-03-07,Creative Studio,LinkedIn,215.51,73.36,Completed
ORD_906,CUST_1480,2025-02-25,Workshop,TikTok,32.23,15.01,Completed
ORD_907,CUST_1292,2024-01-31,Workshop,Instagram,434.87,252.7,Refunded
ORD_908,CUST_892,2025-01-08,Membership,Partnership,103.05,60.73,Completed
ORD_909,CUST_33,2024-03-20,Corporate Package,Partnership,137.96,92.45,Cancelled
ORD_910,CUST_710,2024-06-16,Creative Studio,Instagram,391.19,239.97,Completed
ORD_911,CUST_62,2025-02-15,Creative Studio,Instagram,440.06,282.34,Completed
ORD_912,CUST_132,2024-10-15,Media Package,Event Walk-in,275.83,176.81,Completed
ORD_913,CUST_754,2024-03-04,Media Package,TikTok,392.72,121.13,Completed
ORD_914,CUST_574,2025-01-25,Creative Studio,TikTok,239.18,106.44,Completed
ORD_915,CUST_1127,2025-06-02,Media Package,Event Walk-in,492.08,330.31,Completed
ORD_916,CUST_83,2024-08-26,Event Ticket,TikTok,401.64,257.86,Completed
ORD_917,CUST_209,2024-01-31,Media Package,Google Search,252.22,161.11,Completed
ORD_918,CUST_899,2024-02-10,Corporate Package,TikTok,182.62,67.05,Completed
ORD_919,CUST_1486,2024-02-07,Event Ticket,Instagram,189.5,101.35,Completed
ORD_920,CUST_172,2024-10-23,Workshop,Event Walk-in,31.3,14.5,Completed
ORD_921,CUST_1342,2025-01-15,Media Package,Partnership,490.22,200.29,Completed
ORD_922,CUST_1388,2024-10-31,Membership,Instagram,453.88,290.32,Completed
ORD_923,CUST_1319,2025-06-05,Media Package,Event Walk-in,459.25,211.74,Completed
ORD_924,CUST_541,2024-01-21,Event Ticket,LinkedIn,182.63,63.98,Completed
ORD_925,CUST_1196,2024-03-12,Partner Offer,Partnership,342.14,185.42,Completed
ORD_926,CUST_589,2024-03-04,Media Package,Instagram,64.79,29.21,Completed
ORD_927,CUST_683,2024-07-15,Corporate Package,Google Search,145.24,70.59,Completed
ORD_928,CUST_601,2024-10-27,Workshop,Referral,422.24,162.13,Completed
ORD_929,CUST_1191,2024-02-01,Creative Studio,Google Search,431.2,210.12,Completed
ORD_930,CUST_85,2024-07-31,Event Ticket,Instagram,425.77,216.76,Completed
ORD_931,CUST_878,2025-02-28,Creative Studio,LinkedIn,240.72,74.95,Completed
ORD_932,CUST_1027,2024-09-28,Event Ticket,Instagram,166.84,91.21,Completed
ORD_933,CUST_1070,2024-03-01,Media Package,Partnership,362.88,233.85,Completed
ORD_934,CUST_191,2024-10-08,Corporate Package,Event Walk-in,251.32,109.06,Cancelled
ORD_935,CUST_210,2024-03-17,Event Ticket,Partnership,40.69,19.44,Completed
ORD_936,CUST_786,2025-01-14,Partner Offer,Event Walk-in,236.2,133.55,Completed
ORD_937,CUST_1441,2024-03-31,Creative Studio,Instagram,498.83,278.39,Completed
ORD_938,CUST_1288,2025-06-09,Media Package,Google Search,365.91,242.42,Completed
ORD_939,CUST_1377,2024-02-09,Media Package,LinkedIn,70.38,31.41,Completed
ORD_940,CUST_1409,2025-03-16,Media Package,Instagram,311.02,212.74,Cancelled
ORD_941,CUST_451,2025-01-01,Corporate Package,LinkedIn,324.63,97.8,Completed
ORD_942,CUST_559,2024-04-28,Creative Studio,Partnership,253.07,131.6,Completed
ORD_943,CUST_1059,2024-12-19,Event Ticket,LinkedIn,70.78,44.12,Completed
ORD_944,CUST_163,2024-01-22,Workshop,Event Walk-in,354.16,183.47,Completed
ORD_945,CUST_202,2024-09-29,Corporate Package,Referral,279.07,127.32,Completed
ORD_946,CUST_1021,2025-04-13,Media Package,Partnership,144.59,69.4,Completed
ORD_947,CUST_174,2024-06-08,Event Ticket,Google Search,430.11,226.1,Completed
ORD_948,CUST_669,2024-08-23,Workshop,Partnership,50.82,22.99,Completed
ORD_949,CUST_1157,2024-04-17,Creative Studio,Partnership,206.54,111.2,Completed
ORD_950,CUST_24,2024-03-22,Corporate Package,Event Walk-in,259.13,113.47,Completed
ORD_951,CUST_795,2025-04-27,Partner Offer,Google Search,476.96,199.24,Completed
ORD_952,CUST_1232,2024-07-31,Partner Offer,TikTok,119.43,55.54,Completed
ORD_953,CUST_599,2024-07-16,Creative Studio,LinkedIn,335.72,147.44,Completed
ORD_954,CUST_1055,2025-02-06,Event Ticket,Google Search,337.03,191.7,Completed
ORD_955,CUST_607,2025-03-07,Creative Studio,Instagram,60.84,30.38,Completed
ORD_956,CUST_93,2024-09-17,Corporate Package,Google Search,103.79,36.18,Refunded
ORD_957,CUST_37,2024-07-10,Creative Studio,Referral,156.36,72.05,Completed
ORD_958,CUST_517,2024-05-04,Partner Offer,Instagram,391.62,187.54,Completed
ORD_959,CUST_416,2025-05-23,Membership,Instagram,193.91,68.54,Completed
ORD_960,CUST_1112,2024-03-17,Membership,Google Search,240.13,118.91,Completed
ORD_961,CUST_1455,2025-03-25,Membership,LinkedIn,81.63,50.45,Completed
ORD_962,CUST_1174,2024-02-02,Workshop,LinkedIn,214.59,83.15,Completed
ORD_963,CUST_1169,2024-11-09,Creative Studio,Google Search,469.38,153.01,Completed
ORD_964,CUST_1401,2024-06-30,Creative Studio,Instagram,404.18,276.21,Refunded
ORD_965,CUST_611,2025-06-13,Media Package,Google Search,247.96,118.74,Completed
ORD_966,CUST_1011,2024-02-05,Corporate Package,Google Search,169.29,55.08,Completed
ORD_967,CUST_642,2024-05-11,Creative Studio,TikTok,257.02,83.83,Completed
ORD_968,CUST_615,2024-08-23,Partner Offer,LinkedIn,74.75,31.07,Completed
ORD_969,CUST_1341,2024-02-09,Event Ticket,Event Walk-in,72.62,41.92,Completed
ORD_970,CUST_627,2024-08-31,Partner Offer,Google Search,198.87,109.05,Completed
ORD_971,CUST_1424,2024-04-10,Partner Offer,Referral,422.11,237.89,Completed
ORD_972,CUST_547,2024-10-02,Partner Offer,TikTok,322.07,130.29,Completed
ORD_973,CUST_1040,2025-06-01,Event Ticket,TikTok,282.08,121.13,Completed
ORD_974,CUST_230,2025-04-07,Corporate Package,Instagram,376.51,120.56,Completed
ORD_975,CUST_1226,2024-05-18,Corporate Package,Instagram,419.49,266.08,Completed
ORD_976,CUST_456,2024-07-08,Workshop,TikTok,298.26,101.21,Completed
ORD_977,CUST_228,2024-11-09,Corporate Package,Referral,485.65,211.52,Completed
ORD_978,CUST_919,2024-09-20,Workshop,Partnership,163.34,66.87,Completed
ORD_979,CUST_388,2024-12-30,Creative Studio,Google Search,147.04,81.48,Completed
ORD_980,CUST_727,2024-11-01,Corporate Package,Partnership,472.63,237.15,Completed
ORD_981,CUST_781,2024-02-15,Membership,Partnership,49.71,32.99,Completed
ORD_982,CUST_19,2024-09-23,Corporate Package,TikTok,306.55,194.93,Completed
ORD_983,CUST_1455,2024-09-05,Workshop,LinkedIn,465.37,312.56,Refunded
ORD_984,CUST_810,2025-03-19,Corporate Package,Event Walk-in,445.83,298.78,Completed
ORD_985,CUST_443,2025-02-07,Partner Offer,Referral,275.98,126.8,Completed
ORD_986,CUST_910,2024-10-12,Workshop,Referral,88.0,48.83,Completed
ORD_987,CUST_876,2024-03-26,Event Ticket,Referral,142.34,58.2,Completed
ORD_988,CUST_1264,2024-06-24,Workshop,LinkedIn,252.58,133.91,Completed
ORD_989,CUST_358,2024-05-18,Corporate Package,TikTok,289.13,189.75,Refunded
ORD_990,CUST_151,2024-05-31,Partner Offer,Google Search,230.03,140.42,Completed
ORD_991,CUST_901,2024-01-20,Corporate Package,Event Walk-in,137.74,92.0,Completed
ORD_992,CUST_1434,2025-04-27,Media Package,Referral,188.7,96.19,Completed
ORD_993,CUST_317,2024-08-27,Corporate Package,Referral,187.19,63.73,Completed
ORD_994,CUST_992,2025-04-14,Workshop,Referral,292.78,164.77,Completed
ORD_995,CUST_967,2025-05-20,Event Ticket,Partnership,419.05,194.43,Completed
ORD_996,CUST_778,2024-05-17,Creative Studio,Google Search,209.11,129.38,Cancelled
ORD_997,CUST_564,2025-05-30,Workshop,Referral,463.87,230.51,Completed
ORD_998,CUST_696,2025-01-02,Event Ticket,LinkedIn,314.01,164.04,Completed
ORD_999,CUST_1006,2024-08-12,Membership,TikTok,459.72,261.17,Completed
ORD_1000,CUST_740,2024-04-09,Creative Studio,Referral,26.12,11.32,Completed
ORD_1001,CUST_1472,2024-07-01,Event Ticket,Google Search,479.94,270.71,Completed
ORD_1002,CUST_847,2024-09-11,Partner Offer,TikTok,190.34,124.0,Completed
ORD_1003,CUST_1324,2024-03-26,Partner Offer,Event Walk-in,337.39,203.76,Completed
ORD_1004,CUST_1202,2024-06-16,Event Ticket,Google Search,213.73,147.56,Completed
ORD_1005,CUST_373,2024-06-03,Workshop,Event Walk-in,288.57,175.35,Completed
ORD_1006,CUST_1137,2024-11-29,Corporate Package,Partnership,484.49,298.49,Completed
ORD_1007,CUST_1034,2024-05-23,Media Package,Referral,394.7,214.92,Completed
ORD_1008,CUST_1109,2025-02-14,Event Ticket,TikTok,57.23,34.12,Refunded
ORD_1009,CUST_631,2025-03-04,Workshop,TikTok,198.71,71.5,Completed
ORD_1010,CUST_497,2024-04-23,Event Ticket,Referral,89.77,39.86,Refunded
ORD_1011,CUST_687,2024-01-21,Workshop,Event Walk-in,335.69,132.0,Completed
ORD_1012,CUST_77,2024-09-02,Workshop,Partnership,394.44,174.96,Completed
ORD_1013,CUST_1056,2024-07-03,Corporate Package,Referral,477.31,282.41,Completed
ORD_1014,CUST_152,2025-05-03,Media Package,Partnership,458.31,290.52,Refunded
ORD_1015,CUST_1456,2024-08-09,Partner Offer,LinkedIn,94.24,45.52,Completed
ORD_1016,CUST_1251,2025-06-25,Media Package,Partnership,43.51,16.59,Completed
ORD_1017,CUST_1437,2024-07-30,Membership,Google Search,345.44,205.34,Completed
ORD_1018,CUST_857,2024-12-20,Event Ticket,Instagram,357.52,198.88,Completed
ORD_1019,CUST_1089,2025-02-18,Corporate Package,Instagram,49.21,17.01,Cancelled
ORD_1020,CUST_910,2025-03-14,Event Ticket,Referral,69.93,27.03,Completed
ORD_1021,CUST_1131,2024-12-14,Creative Studio,Instagram,494.17,276.52,Completed
ORD_1022,CUST_136,2024-01-28,Corporate Package,Google Search,64.01,36.43,Completed
ORD_1023,CUST_1235,2024-02-19,Corporate Package,Event Walk-in,47.59,32.11,Completed
ORD_1024,CUST_1082,2024-08-11,Event Ticket,Referral,86.46,51.0,Completed
ORD_1025,CUST_50,2024-07-10,Creative Studio,Google Search,372.85,162.8,Completed
ORD_1026,CUST_222,2025-06-01,Partner Offer,Google Search,316.27,202.03,Completed
ORD_1027,CUST_406,2025-01-14,Media Package,Referral,269.89,157.11,Refunded
ORD_1028,CUST_867,2024-11-15,Partner Offer,Referral,96.98,50.23,Completed
ORD_1029,CUST_540,2024-10-21,Partner Offer,Instagram,134.27,42.6,Completed
ORD_1030,CUST_440,2024-05-09,Creative Studio,Partnership,425.96,160.06,Completed
ORD_1031,CUST_1459,2024-03-08,Media Package,Partnership,256.6,84.19,Completed
ORD_1032,CUST_756,2024-01-14,Corporate Package,Instagram,142.76,65.42,Completed
ORD_1033,CUST_290,2024-02-13,Media Package,Google Search,170.77,91.54,Completed
ORD_1034,CUST_456,2024-04-30,Partner Offer,TikTok,477.77,297.82,Completed
ORD_1035,CUST_1457,2024-04-22,Corporate Package,Event Walk-in,427.44,251.85,Refunded
ORD_1036,CUST_818,2024-11-13,Workshop,Partnership,285.74,185.78,Refunded
ORD_1037,CUST_235,2024-08-03,Media Package,Partnership,59.47,34.08,Completed
ORD_1038,CUST_907,2024-09-26,Workshop,TikTok,56.93,21.47,Completed
ORD_1039,CUST_152,2024-05-17,Partner Offer,Partnership,131.01,56.31,Refunded
ORD_1040,CUST_1320,2025-04-05,Media Package,Google Search,228.5,123.94,Completed
ORD_1041,CUST_924,2024-04-05,Event Ticket,Referral,321.43,185.72,Completed
ORD_1042,CUST_547,2025-03-21,Media Package,TikTok,187.7,59.25,Completed
ORD_1043,CUST_442,2024-01-24,Corporate Package,Referral,259.91,148.59,Cancelled
ORD_1044,CUST_1338,2024-02-11,Creative Studio,Google Search,334.69,171.94,Completed
ORD_1045,CUST_83,2025-05-20,Creative Studio,TikTok,76.09,34.93,Completed
ORD_1046,CUST_1311,2024-07-22,Corporate Package,Partnership,133.38,47.38,Refunded
ORD_1047,CUST_599,2024-12-06,Partner Offer,LinkedIn,460.49,254.87,Completed
ORD_1048,CUST_1030,2024-05-15,Membership,Referral,412.59,124.95,Completed
ORD_1049,CUST_823,2024-02-23,Corporate Package,Event Walk-in,274.67,158.12,Completed
ORD_1050,CUST_561,2025-02-07,Event Ticket,Google Search,50.49,25.32,Refunded
ORD_1051,CUST_357,2024-03-01,Membership,LinkedIn,46.13,18.44,Completed
ORD_1052,CUST_680,2024-10-25,Workshop,Google Search,432.51,221.07,Completed
ORD_1053,CUST_705,2025-01-03,Media Package,Google Search,170.13,110.44,Completed
ORD_1054,CUST_392,2025-01-11,Partner Offer,Referral,239.57,87.58,Completed
ORD_1055,CUST_759,2024-11-28,Event Ticket,Google Search,85.0,33.39,Refunded
ORD_1056,CUST_598,2024-09-11,Creative Studio,Partnership,361.12,112.3,Completed
ORD_1057,CUST_371,2025-05-20,Creative Studio,Event Walk-in,61.27,35.6,Completed
ORD_1058,CUST_837,2024-05-19,Media Package,TikTok,252.04,143.54,Completed
ORD_1059,CUST_1116,2024-04-17,Membership,Event Walk-in,74.72,27.33,Completed
ORD_1060,CUST_72,2024-02-15,Partner Offer,Google Search,401.05,200.84,Completed
ORD_1061,CUST_302,2024-01-27,Membership,LinkedIn,402.23,140.18,Completed
ORD_1062,CUST_1106,2024-04-01,Partner Offer,Partnership,235.5,108.88,Completed
ORD_1063,CUST_1306,2024-01-04,Membership,TikTok,417.32,165.68,Completed
ORD_1064,CUST_145,2024-01-06,Workshop,TikTok,278.92,142.13,Completed
ORD_1065,CUST_1413,2024-09-02,Creative Studio,Event Walk-in,241.17,120.38,Refunded
ORD_1066,CUST_727,2025-02-18,Event Ticket,Partnership,270.36,107.8,Completed
ORD_1067,CUST_548,2024-01-26,Workshop,Partnership,32.32,19.3,Completed
ORD_1068,CUST_652,2025-05-15,Corporate Package,Partnership,451.41,305.6,Completed
ORD_1069,CUST_1186,2024-12-28,Event Ticket,Event Walk-in,148.57,83.98,Refunded
ORD_1070,CUST_148,2025-02-12,Event Ticket,Event Walk-in,215.49,78.13,Completed
ORD_1071,CUST_84,2025-05-25,Media Package,LinkedIn,127.36,47.44,Completed
ORD_1072,CUST_346,2024-09-29,Workshop,Referral,340.91,169.94,Completed
ORD_1073,CUST_151,2024-08-16,Partner Offer,Google Search,106.93,60.75,Completed
ORD_1074,CUST_484,2025-02-12,Corporate Package,Google Search,476.36,229.72,Completed
ORD_1075,CUST_673,2024-05-24,Membership,Instagram,299.77,103.57,Completed
ORD_1076,CUST_1246,2025-04-22,Corporate Package,Instagram,103.48,66.52,Completed
ORD_1077,CUST_1111,2025-03-30,Membership,TikTok,455.41,198.66,Completed
ORD_1078,CUST_1015,2024-01-20,Creative Studio,Event Walk-in,206.27,90.65,Completed
ORD_1079,CUST_861,2024-02-08,Membership,Partnership,280.95,184.99,Completed
ORD_1080,CUST_1156,2024-01-20,Corporate Package,Partnership,409.91,190.36,Completed
ORD_1081,CUST_1107,2025-06-19,Corporate Package,Instagram,73.76,26.52,Completed
ORD_1082,CUST_1494,2025-02-26,Creative Studio,Referral,449.14,236.86,Completed
ORD_1083,CUST_1365,2024-05-25,Event Ticket,TikTok,125.91,72.95,Completed
ORD_1084,CUST_395,2024-11-20,Media Package,TikTok,204.99,113.96,Completed
ORD_1085,CUST_930,2025-02-14,Creative Studio,Google Search,172.11,60.18,Refunded
ORD_1086,CUST_260,2024-08-10,Partner Offer,TikTok,433.53,223.97,Completed
ORD_1087,CUST_913,2025-04-05,Creative Studio,TikTok,193.26,64.37,Completed
ORD_1088,CUST_1011,2024-03-05,Workshop,Google Search,197.5,113.63,Completed
ORD_1089,CUST_594,2024-08-26,Workshop,LinkedIn,130.87,69.47,Completed
ORD_1090,CUST_439,2025-03-27,Media Package,Instagram,125.87,47.1,Completed
ORD_1091,CUST_310,2024-11-07,Creative Studio,Google Search,448.93,231.4,Completed
ORD_1092,CUST_730,2024-08-17,Corporate Package,TikTok,267.95,177.76,Completed
ORD_1093,CUST_1475,2025-03-27,Membership,Google Search,388.31,233.25,Completed
ORD_1094,CUST_1186,2024-02-07,Workshop,Event Walk-in,45.24,30.1,Cancelled
ORD_1095,CUST_364,2024-03-04,Workshop,Partnership,41.75,15.63,Completed
ORD_1096,CUST_484,2024-12-13,Membership,Google Search,240.52,98.21,Completed
ORD_1097,CUST_644,2025-04-24,Workshop,Google Search,385.86,170.37,Completed
ORD_1098,CUST_135,2025-02-05,Partner Offer,LinkedIn,93.88,53.53,Completed
ORD_1099,CUST_1150,2025-06-25,Corporate Package,LinkedIn,345.92,214.5,Completed
ORD_1100,CUST_1055,2024-09-18,Membership,Google Search,246.26,123.59,Completed
ORD_1101,CUST_1043,2024-01-17,Event Ticket,Partnership,378.54,184.57,Completed
ORD_1102,CUST_534,2024-06-18,Corporate Package,Instagram,292.23,161.52,Completed
ORD_1103,CUST_737,2024-12-16,Membership,Partnership,490.15,293.34,Completed
ORD_1104,CUST_289,2024-10-29,Media Package,Referral,61.96,34.65,Completed
ORD_1105,CUST_529,2024-03-21,Creative Studio,Event Walk-in,323.29,195.55,Completed
ORD_1106,CUST_422,2024-06-12,Event Ticket,Instagram,165.11,49.62,Completed
ORD_1107,CUST_1344,2025-03-12,Media Package,Google Search,111.14,35.56,Completed
ORD_1108,CUST_1122,2024-01-05,Partner Offer,Instagram,200.67,88.28,Completed
ORD_1109,CUST_927,2025-02-22,Event Ticket,Partnership,230.29,118.05,Completed
ORD_1110,CUST_1204,2025-01-22,Media Package,LinkedIn,284.61,167.45,Refunded
ORD_1111,CUST_448,2025-06-01,Workshop,Google Search,146.83,99.05,Completed
ORD_1112,CUST_1214,2024-06-12,Corporate Package,TikTok,469.48,288.78,Completed
ORD_1113,CUST_1126,2025-01-13,Partner Offer,Instagram,281.09,90.99,Completed
ORD_1114,CUST_890,2024-05-13,Partner Offer,Partnership,344.17,161.59,Completed
ORD_1115,CUST_1150,2024-12-03,Creative Studio,LinkedIn,321.05,176.81,Completed
ORD_1116,CUST_93,2024-02-12,Corporate Package,Google Search,379.0,249.13,Completed
ORD_1117,CUST_1209,2024-10-28,Corporate Package,TikTok,493.94,179.85,Completed
ORD_1118,CUST_1415,2024-08-26,Workshop,Google Search,304.86,152.11,Completed
ORD_1119,CUST_1149,2024-07-17,Workshop,Partnership,432.19,173.55,Refunded
ORD_1120,CUST_442,2024-07-22,Corporate Package,Referral,186.14,58.23,Completed
ORD_1121,CUST_1231,2025-02-03,Workshop,Referral,97.03,35.28,Completed
ORD_1122,CUST_173,2025-06-19,Event Ticket,Event Walk-in,236.77,158.42,Cancelled
ORD_1123,CUST_56,2024-10-28,Workshop,Event Walk-in,209.2,142.74,Completed
ORD_1124,CUST_892,2024-02-14,Membership,Partnership,472.52,196.75,Completed
ORD_1125,CUST_192,2025-02-18,Partner Offer,Instagram,182.24,121.21,Completed
ORD_1126,CUST_2,2024-08-18,Membership,Referral,434.54,232.14,Completed
ORD_1127,CUST_1185,2024-08-16,Partner Offer,TikTok,197.17,91.77,Completed
ORD_1128,CUST_814,2024-07-25,Event Ticket,Partnership,198.05,76.79,Completed
ORD_1129,CUST_1117,2025-04-22,Workshop,Partnership,105.74,70.63,Completed
ORD_1130,CUST_1269,2024-04-16,Workshop,Instagram,314.62,142.7,Completed
ORD_1131,CUST_928,2024-10-25,Corporate Package,Instagram,333.05,175.79,Completed
ORD_1132,CUST_784,2025-05-23,Workshop,Instagram,90.21,53.86,Completed
ORD_1133,CUST_867,2024-01-24,Event Ticket,Referral,92.78,62.51,Completed
ORD_1134,CUST_1344,2025-06-11,Corporate Package,Google Search,214.55,102.52,Completed
ORD_1135,CUST_1245,2024-08-19,Membership,Event Walk-in,107.35,51.74,Refunded
ORD_1136,CUST_77,2024-10-10,Partner Offer,Partnership,48.54,22.65,Completed
ORD_1137,CUST_1452,2024-07-02,Workshop,Google Search,274.68,94.79,Completed
ORD_1138,CUST_431,2024-09-14,Creative Studio,TikTok,137.34,58.75,Completed
ORD_1139,CUST_1057,2024-03-30,Workshop,TikTok,347.8,222.08,Completed
ORD_1140,CUST_1066,2025-05-23,Workshop,Event Walk-in,226.59,108.94,Completed
ORD_1141,CUST_487,2024-11-07,Corporate Package,Referral,121.52,79.92,Completed
ORD_1142,CUST_562,2024-11-10,Membership,Referral,104.53,64.59,Refunded
ORD_1143,CUST_1347,2024-01-25,Media Package,TikTok,265.2,89.35,Completed
ORD_1144,CUST_212,2024-11-11,Membership,TikTok,291.61,146.47,Completed
ORD_1145,CUST_1243,2024-05-16,Event Ticket,Event Walk-in,414.54,151.61,Completed
ORD_1146,CUST_1365,2024-12-30,Partner Offer,TikTok,301.75,207.37,Completed
ORD_1147,CUST_84,2024-02-26,Media Package,LinkedIn,106.63,48.95,Completed
ORD_1148,CUST_144,2025-04-02,Media Package,Event Walk-in,104.47,56.78,Refunded
ORD_1149,CUST_572,2024-12-08,Event Ticket,LinkedIn,80.24,45.41,Completed
ORD_1150,CUST_802,2024-11-24,Membership,Instagram,480.21,322.13,Cancelled
ORD_1151,CUST_1303,2024-11-22,Media Package,Google Search,347.01,109.39,Completed
ORD_1152,CUST_666,2025-01-27,Corporate Package,TikTok,166.74,110.99,Completed
ORD_1153,CUST_1166,2024-08-13,Media Package,TikTok,481.03,239.17,Refunded
ORD_1154,CUST_929,2024-08-01,Membership,TikTok,451.51,167.66,Cancelled
ORD_1155,CUST_1111,2024-03-10,Creative Studio,TikTok,261.78,106.7,Completed
ORD_1156,CUST_95,2024-09-16,Media Package,Event Walk-in,210.35,117.82,Completed
ORD_1157,CUST_969,2024-12-30,Partner Offer,Google Search,379.17,128.89,Completed
ORD_1158,CUST_713,2025-03-20,Corporate Package,Google Search,41.41,17.7,Completed
ORD_1159,CUST_610,2024-11-19,Media Package,Instagram,218.24,134.26,Completed
ORD_1160,CUST_710,2024-03-06,Corporate Package,Instagram,134.57,51.38,Completed
ORD_1161,CUST_1440,2024-06-09,Corporate Package,LinkedIn,406.16,190.7,Completed
ORD_1162,CUST_191,2024-09-04,Media Package,Event Walk-in,480.35,321.49,Completed
ORD_1163,CUST_16,2024-12-16,Event Ticket,TikTok,430.49,291.51,Completed
ORD_1164,CUST_207,2024-06-14,Corporate Package,Event Walk-in,362.66,171.29,Completed
ORD_1165,CUST_403,2025-01-05,Corporate Package,Google Search,27.76,14.43,Completed
ORD_1166,CUST_206,2024-07-26,Event Ticket,Instagram,251.47,138.07,Completed
ORD_1167,CUST_654,2024-03-10,Creative Studio,Instagram,304.49,156.38,Refunded
ORD_1168,CUST_672,2025-02-04,Event Ticket,TikTok,167.12,78.24,Completed
ORD_1169,CUST_1338,2024-09-18,Partner Offer,Google Search,151.91,59.16,Completed
ORD_1170,CUST_142,2025-01-21,Creative Studio,LinkedIn,172.55,102.92,Completed
ORD_1171,CUST_2,2024-03-02,Event Ticket,Referral,79.33,42.23,Completed
ORD_1172,CUST_780,2024-06-07,Creative Studio,Partnership,165.8,66.67,Completed
ORD_1173,CUST_742,2025-06-07,Partner Offer,Google Search,232.12,145.4,Completed
ORD_1174,CUST_56,2024-12-03,Workshop,Event Walk-in,83.05,40.17,Completed
ORD_1175,CUST_193,2025-03-12,Partner Offer,Instagram,90.64,34.54,Completed
ORD_1176,CUST_993,2025-06-16,Membership,LinkedIn,443.33,218.56,Completed
ORD_1177,CUST_1003,2025-04-30,Media Package,LinkedIn,345.07,178.75,Completed
ORD_1178,CUST_686,2024-12-02,Creative Studio,Event Walk-in,170.18,77.32,Completed
ORD_1179,CUST_137,2024-08-17,Creative Studio,LinkedIn,463.54,235.32,Refunded
ORD_1180,CUST_977,2025-04-27,Partner Offer,Google Search,346.06,143.04,Completed
ORD_1181,CUST_1063,2024-12-18,Event Ticket,Referral,133.16,58.15,Refunded
ORD_1182,CUST_596,2025-04-07,Creative Studio,Event Walk-in,303.12,106.95,Completed
ORD_1183,CUST_1317,2024-01-07,Partner Offer,Event Walk-in,456.94,318.78,Completed
ORD_1184,CUST_1442,2024-06-16,Media Package,Google Search,180.84,70.64,Completed
ORD_1185,CUST_398,2025-03-17,Creative Studio,Partnership,97.58,47.34,Completed
ORD_1186,CUST_893,2024-08-16,Corporate Package,Instagram,298.0,146.02,Completed
ORD_1187,CUST_1147,2025-01-05,Media Package,Referral,497.45,254.66,Completed
ORD_1188,CUST_1416,2025-01-13,Partner Offer,TikTok,431.03,195.37,Completed
ORD_1189,CUST_495,2024-09-21,Event Ticket,Instagram,445.76,188.91,Completed
ORD_1190,CUST_382,2024-11-08,Workshop,Google Search,109.09,72.41,Completed
ORD_1191,CUST_851,2025-06-06,Partner Offer,Instagram,20.42,6.91,Cancelled
ORD_1192,CUST_1111,2024-09-09,Workshop,TikTok,181.17,110.76,Completed
ORD_1193,CUST_857,2025-01-01,Creative Studio,Instagram,497.59,331.75,Completed
ORD_1194,CUST_1454,2024-11-01,Corporate Package,Partnership,464.17,283.88,Refunded
ORD_1195,CUST_757,2024-07-04,Corporate Package,Instagram,459.25,202.97,Completed
ORD_1196,CUST_630,2024-09-25,Media Package,Referral,479.48,253.74,Completed
ORD_1197,CUST_408,2024-09-20,Creative Studio,TikTok,471.38,286.55,Completed
ORD_1198,CUST_1383,2025-02-11,Creative Studio,LinkedIn,192.49,87.4,Completed
ORD_1199,CUST_573,2024-07-24,Workshop,Instagram,20.4,7.17,Completed
ORD_1200,CUST_609,2024-01-12,Event Ticket,Event Walk-in,61.45,24.28,Refunded
ORD_1201,CUST_717,2025-04-24,Media Package,TikTok,32.6,11.03,Completed
ORD_1202,CUST_1196,2024-06-17,Partner Offer,Partnership,105.31,68.59,Completed
ORD_1203,CUST_633,2024-10-06,Partner Offer,Partnership,317.45,113.09,Completed
ORD_1204,CUST_119,2024-12-05,Corporate Package,LinkedIn,135.27,63.91,Completed
ORD_1205,CUST_311,2025-06-15,Media Package,Google Search,351.39,174.42,Completed
ORD_1206,CUST_41,2024-12-27,Partner Offer,Partnership,219.17,94.53,Completed
ORD_1207,CUST_483,2024-08-26,Creative Studio,Referral,153.68,63.64,Completed
ORD_1208,CUST_895,2024-09-29,Membership,Google Search,127.25,71.75,Completed
ORD_1209,CUST_1188,2025-04-22,Corporate Package,Google Search,273.63,111.65,Completed
ORD_1210,CUST_1193,2024-11-21,Creative Studio,LinkedIn,237.59,94.57,Completed
ORD_1211,CUST_227,2024-06-29,Partner Offer,Referral,352.15,237.35,Completed
ORD_1212,CUST_1103,2024-06-08,Workshop,LinkedIn,141.73,72.91,Refunded
ORD_1213,CUST_360,2024-09-22,Partner Offer,Google Search,359.23,205.5,Refunded
ORD_1214,CUST_974,2024-01-08,Creative Studio,Referral,255.72,84.18,Completed
ORD_1215,CUST_333,2025-06-11,Workshop,Event Walk-in,125.4,61.89,Completed
ORD_1216,CUST_1189,2024-02-17,Workshop,Referral,233.38,92.02,Completed
ORD_1217,CUST_490,2025-02-14,Membership,Referral,430.75,230.58,Refunded
ORD_1218,CUST_165,2024-09-18,Corporate Package,Google Search,359.17,113.34,Completed
ORD_1219,CUST_58,2024-06-18,Creative Studio,LinkedIn,118.68,67.64,Completed
ORD_1220,CUST_897,2025-04-21,Event Ticket,Google Search,348.52,196.22,Completed
ORD_1221,CUST_646,2025-04-01,Workshop,TikTok,322.77,175.26,Completed
ORD_1222,CUST_783,2025-05-06,Partner Offer,TikTok,313.91,196.45,Refunded
ORD_1223,CUST_1436,2024-03-28,Creative Studio,LinkedIn,356.34,144.79,Refunded
ORD_1224,CUST_938,2024-05-05,Partner Offer,Referral,185.3,113.49,Refunded
ORD_1225,CUST_1482,2024-06-09,Event Ticket,Google Search,489.94,285.41,Completed
ORD_1226,CUST_749,2024-08-04,Media Package,Event Walk-in,119.3,55.9,Refunded
ORD_1227,CUST_280,2024-03-28,Membership,Partnership,429.94,297.06,Completed
ORD_1228,CUST_1236,2025-05-22,Membership,LinkedIn,207.03,128.91,Completed
ORD_1229,CUST_1104,2024-01-21,Corporate Package,Partnership,474.08,192.3,Completed
ORD_1230,CUST_416,2024-08-08,Event Ticket,Instagram,329.69,126.4,Completed
ORD_1231,CUST_474,2024-04-30,Media Package,Event Walk-in,213.07,83.71,Completed
ORD_1232,CUST_1071,2024-05-03,Media Package,Instagram,22.22,13.54,Completed
ORD_1233,CUST_1011,2025-02-10,Workshop,Google Search,330.9,172.6,Completed
ORD_1234,CUST_1127,2025-06-19,Corporate Package,Event Walk-in,286.85,86.19,Completed
ORD_1235,CUST_771,2025-03-17,Media Package,LinkedIn,341.06,163.72,Refunded
ORD_1236,CUST_1233,2025-02-06,Membership,Instagram,231.17,76.2,Refunded
ORD_1237,CUST_1013,2024-03-18,Workshop,TikTok,56.98,33.89,Completed
ORD_1238,CUST_413,2024-11-15,Media Package,Event Walk-in,216.22,100.22,Completed
ORD_1239,CUST_1404,2024-07-04,Membership,Google Search,300.09,157.71,Completed
ORD_1240,CUST_982,2025-02-18,Corporate Package,Partnership,21.39,10.94,Cancelled
ORD_1241,CUST_1232,2025-03-09,Media Package,TikTok,227.83,154.51,Completed
ORD_1242,CUST_1247,2025-04-11,Event Ticket,Referral,189.13,124.98,Completed
ORD_1243,CUST_417,2025-03-29,Event Ticket,Event Walk-in,191.37,77.98,Completed
ORD_1244,CUST_1112,2025-06-15,Corporate Package,Google Search,206.99,100.72,Completed
ORD_1245,CUST_636,2025-04-16,Workshop,Partnership,361.4,248.75,Completed
ORD_1246,CUST_498,2025-04-12,Workshop,LinkedIn,270.62,123.42,Completed
ORD_1247,CUST_1294,2024-06-25,Membership,Event Walk-in,64.0,22.36,Cancelled
ORD_1248,CUST_644,2024-06-03,Workshop,Google Search,186.83,67.59,Completed
ORD_1249,CUST_467,2024-01-27,Partner Offer,LinkedIn,116.11,42.46,Completed
ORD_1250,CUST_1386,2024-10-26,Partner Offer,TikTok,446.96,160.25,Completed
ORD_1251,CUST_1355,2025-03-28,Membership,Event Walk-in,402.25,143.98,Completed
ORD_1252,CUST_208,2024-10-02,Membership,TikTok,321.18,195.31,Cancelled
ORD_1253,CUST_720,2025-05-04,Partner Offer,LinkedIn,55.47,17.47,Refunded
ORD_1254,CUST_131,2024-04-08,Event Ticket,LinkedIn,458.49,159.86,Completed
ORD_1255,CUST_564,2024-11-18,Workshop,Referral,458.07,202.65,Cancelled
ORD_1256,CUST_744,2024-07-04,Event Ticket,Google Search,204.67,99.77,Completed
ORD_1257,CUST_943,2024-12-07,Event Ticket,Partnership,85.09,29.02,Completed
ORD_1258,CUST_144,2024-01-02,Media Package,Event Walk-in,180.95,88.99,Completed
ORD_1259,CUST_1309,2025-03-21,Media Package,Referral,264.71,166.7,Completed
ORD_1260,CUST_214,2025-03-13,Corporate Package,Referral,130.07,47.83,Completed
ORD_1261,CUST_1045,2024-04-29,Membership,Referral,276.86,173.07,Completed
ORD_1262,CUST_1064,2025-02-04,Partner Offer,Instagram,472.21,302.2,Completed
ORD_1263,CUST_248,2024-09-06,Workshop,Google Search,321.88,170.85,Completed
ORD_1264,CUST_1448,2025-02-13,Creative Studio,LinkedIn,473.9,181.32,Completed
ORD_1265,CUST_720,2024-11-26,Event Ticket,LinkedIn,481.31,244.47,Refunded
ORD_1266,CUST_1343,2025-01-04,Membership,Partnership,200.02,117.96,Completed
ORD_1267,CUST_625,2024-06-28,Partner Offer,Referral,499.72,203.66,Completed
ORD_1268,CUST_128,2024-02-03,Event Ticket,Partnership,380.43,208.29,Completed
ORD_1269,CUST_1434,2024-11-03,Corporate Package,Referral,414.6,166.03,Completed
ORD_1270,CUST_1274,2024-12-01,Partner Offer,Instagram,167.92,116.73,Refunded
ORD_1271,CUST_1043,2024-03-11,Creative Studio,Partnership,120.83,75.57,Completed
ORD_1272,CUST_1331,2025-01-01,Partner Offer,LinkedIn,485.52,312.93,Completed
ORD_1273,CUST_213,2025-04-04,Media Package,Event Walk-in,245.69,109.12,Completed
ORD_1274,CUST_993,2024-04-07,Corporate Package,LinkedIn,205.95,89.49,Completed
ORD_1275,CUST_1255,2024-01-02,Creative Studio,TikTok,456.15,171.05,Completed
ORD_1276,CUST_1108,2024-05-08,Creative Studio,TikTok,280.77,137.66,Completed
ORD_1277,CUST_905,2024-07-10,Event Ticket,Referral,440.28,178.22,Completed
ORD_1278,CUST_1420,2024-09-29,Partner Offer,TikTok,132.81,43.73,Refunded
ORD_1279,CUST_234,2024-12-03,Creative Studio,Referral,411.9,138.5,Completed
ORD_1280,CUST_376,2024-07-16,Partner Offer,LinkedIn,379.29,208.95,Completed
ORD_1281,CUST_613,2025-04-27,Workshop,Google Search,416.74,220.82,Completed
ORD_1282,CUST_1209,2024-08-23,Media Package,TikTok,494.71,236.92,Completed
ORD_1283,CUST_196,2024-08-28,Media Package,Google Search,204.06,112.01,Completed
ORD_1284,CUST_231,2024-11-03,Corporate Package,LinkedIn,264.05,97.14,Completed
ORD_1285,CUST_143,2024-11-12,Workshop,LinkedIn,490.7,325.5,Completed
ORD_1286,CUST_644,2024-04-29,Event Ticket,Google Search,356.41,192.21,Completed
ORD_1287,CUST_567,2024-07-17,Partner Offer,Google Search,140.56,43.73,Completed
ORD_1288,CUST_1268,2025-02-26,Partner Offer,Event Walk-in,374.91,112.89,Completed
ORD_1289,CUST_1265,2024-07-16,Workshop,Event Walk-in,282.55,132.51,Completed
ORD_1290,CUST_480,2024-01-28,Media Package,Google Search,472.09,326.52,Completed
ORD_1291,CUST_1283,2024-01-24,Creative Studio,Google Search,207.51,74.29,Completed
ORD_1292,CUST_31,2024-10-28,Membership,Instagram,132.17,86.59,Completed
ORD_1293,CUST_369,2024-05-23,Partner Offer,Referral,20.89,11.04,Completed
ORD_1294,CUST_174,2024-06-28,Creative Studio,Google Search,57.88,36.12,Completed
ORD_1295,CUST_349,2024-08-05,Corporate Package,Event Walk-in,91.82,54.94,Completed
ORD_1296,CUST_186,2024-12-15,Event Ticket,Partnership,186.12,115.46,Completed
ORD_1297,CUST_1428,2025-05-09,Workshop,Google Search,138.55,48.77,Refunded
ORD_1298,CUST_240,2024-03-02,Workshop,Google Search,22.65,13.51,Completed
ORD_1299,CUST_692,2024-07-31,Workshop,LinkedIn,458.49,272.98,Completed
ORD_1300,CUST_322,2024-05-01,Event Ticket,TikTok,108.24,53.15,Completed
ORD_1301,CUST_1314,2024-01-19,Membership,Google Search,227.6,112.85,Completed
ORD_1302,CUST_445,2025-06-01,Membership,Instagram,267.27,185.11,Completed
ORD_1303,CUST_456,2024-02-11,Event Ticket,TikTok,470.58,146.45,Completed
ORD_1304,CUST_83,2024-01-03,Partner Offer,TikTok,415.73,145.17,Completed
ORD_1305,CUST_484,2025-01-11,Workshop,Google Search,366.42,173.14,Completed
ORD_1306,CUST_720,2024-11-01,Media Package,LinkedIn,70.14,31.62,Cancelled
ORD_1307,CUST_118,2024-03-21,Media Package,Google Search,337.48,150.67,Completed
ORD_1308,CUST_918,2024-03-03,Corporate Package,Google Search,116.38,81.23,Completed
ORD_1309,CUST_816,2025-02-01,Workshop,LinkedIn,154.26,63.08,Completed
ORD_1310,CUST_1209,2024-08-31,Event Ticket,TikTok,30.02,18.03,Completed
ORD_1311,CUST_620,2024-02-01,Event Ticket,LinkedIn,312.33,173.51,Refunded
ORD_1312,CUST_254,2024-11-30,Corporate Package,Partnership,289.93,175.74,Cancelled
ORD_1313,CUST_477,2024-10-03,Partner Offer,Google Search,228.5,84.54,Completed
ORD_1314,CUST_359,2024-01-18,Event Ticket,Partnership,123.25,45.0,Completed
ORD_1315,CUST_81,2024-07-24,Event Ticket,LinkedIn,207.74,66.11,Completed
ORD_1316,CUST_830,2024-10-07,Membership,Referral,382.27,205.38,Refunded
ORD_1317,CUST_1456,2025-03-02,Event Ticket,LinkedIn,288.21,105.28,Refunded
ORD_1318,CUST_1361,2025-05-20,Creative Studio,Instagram,246.06,122.3,Completed
ORD_1319,CUST_490,2024-04-14,Corporate Package,Referral,198.55,95.57,Refunded
ORD_1320,CUST_377,2024-05-02,Creative Studio,Google Search,209.11,77.63,Completed
ORD_1321,CUST_527,2024-12-06,Workshop,Google Search,147.79,82.65,Completed
ORD_1322,CUST_1037,2024-05-13,Workshop,Event Walk-in,40.01,16.01,Completed
ORD_1323,CUST_1492,2025-04-30,Workshop,Instagram,184.09,83.63,Completed
ORD_1324,CUST_110,2024-04-20,Workshop,TikTok,293.23,183.41,Completed
ORD_1325,CUST_168,2024-02-18,Workshop,TikTok,70.43,34.12,Refunded
ORD_1326,CUST_1352,2024-08-28,Media Package,Google Search,346.21,228.82,Completed
ORD_1327,CUST_1489,2025-05-16,Corporate Package,Google Search,53.25,33.05,Completed
ORD_1328,CUST_707,2024-05-11,Event Ticket,TikTok,105.69,48.67,Refunded
ORD_1329,CUST_1361,2025-01-12,Workshop,Instagram,71.72,48.03,Completed
ORD_1330,CUST_305,2024-07-27,Partner Offer,Referral,425.97,276.57,Completed
ORD_1331,CUST_677,2024-01-28,Event Ticket,LinkedIn,304.07,132.28,Completed
ORD_1332,CUST_1366,2025-06-16,Event Ticket,TikTok,454.02,254.32,Completed
ORD_1333,CUST_563,2024-03-25,Creative Studio,LinkedIn,105.91,57.12,Refunded
ORD_1334,CUST_294,2024-08-09,Corporate Package,Referral,449.87,151.41,Completed
ORD_1335,CUST_1333,2025-01-29,Creative Studio,LinkedIn,303.19,100.94,Completed
ORD_1336,CUST_1077,2024-11-02,Creative Studio,LinkedIn,300.83,189.18,Completed
ORD_1337,CUST_1270,2024-07-19,Corporate Package,Partnership,165.87,77.26,Completed
ORD_1338,CUST_713,2025-05-19,Membership,Google Search,75.49,29.45,Completed
ORD_1339,CUST_904,2024-01-04,Partner Offer,TikTok,151.55,47.93,Completed
ORD_1340,CUST_11,2024-02-04,Event Ticket,Partnership,319.81,200.52,Completed
ORD_1341,CUST_747,2024-12-08,Membership,Event Walk-in,95.39,50.56,Completed
ORD_1342,CUST_1497,2024-01-30,Creative Studio,Event Walk-in,268.42,157.32,Completed
ORD_1343,CUST_1313,2024-12-18,Media Package,Referral,267.83,133.56,Completed
ORD_1344,CUST_1008,2024-11-11,Corporate Package,LinkedIn,108.86,74.29,Cancelled
ORD_1345,CUST_77,2024-01-18,Partner Offer,Partnership,276.78,177.51,Completed
ORD_1346,CUST_1149,2025-05-22,Event Ticket,Partnership,272.33,92.54,Completed
ORD_1347,CUST_1387,2024-10-09,Workshop,TikTok,296.88,205.86,Refunded
ORD_1348,CUST_1027,2024-12-04,Creative Studio,Instagram,120.17,81.99,Completed
ORD_1349,CUST_1079,2024-04-09,Corporate Package,Referral,64.35,35.65,Completed
ORD_1350,CUST_1482,2024-08-03,Membership,Google Search,408.06,204.24,Completed
ORD_1351,CUST_216,2024-02-02,Partner Offer,Partnership,200.65,131.62,Completed
ORD_1352,CUST_1290,2025-04-06,Partner Offer,Event Walk-in,405.91,256.21,Completed
ORD_1353,CUST_666,2024-10-23,Event Ticket,TikTok,381.43,171.08,Completed
ORD_1354,CUST_1070,2024-07-28,Creative Studio,Partnership,466.63,304.22,Completed
ORD_1355,CUST_1414,2024-04-10,Corporate Package,Event Walk-in,208.4,97.5,Completed
ORD_1356,CUST_741,2025-06-09,Corporate Package,Partnership,274.11,131.24,Completed
ORD_1357,CUST_1383,2024-03-16,Corporate Package,LinkedIn,115.39,78.99,Completed
ORD_1358,CUST_424,2025-02-13,Media Package,Google Search,164.65,70.47,Completed
ORD_1359,CUST_831,2024-01-28,Workshop,Instagram,128.15,82.9,Refunded
ORD_1360,CUST_810,2025-01-03,Membership,Event Walk-in,421.88,140.77,Completed
ORD_1361,CUST_834,2025-06-03,Partner Offer,Referral,112.56,38.41,Completed
ORD_1362,CUST_343,2025-05-31,Partner Offer,Referral,151.68,89.3,Cancelled
ORD_1363,CUST_1023,2025-06-27,Corporate Package,LinkedIn,491.33,275.94,Completed
ORD_1364,CUST_974,2024-07-12,Workshop,Referral,468.61,202.81,Completed
ORD_1365,CUST_376,2024-01-15,Event Ticket,LinkedIn,83.75,35.65,Cancelled
ORD_1366,CUST_1281,2025-06-11,Corporate Package,LinkedIn,81.61,33.51,Completed
ORD_1367,CUST_77,2024-05-26,Creative Studio,Partnership,223.37,120.59,Completed
ORD_1368,CUST_977,2024-11-28,Media Package,Google Search,230.2,146.82,Completed
ORD_1369,CUST_1024,2024-07-23,Workshop,Instagram,392.27,143.1,Completed
ORD_1370,CUST_1103,2024-02-16,Membership,LinkedIn,281.37,110.88,Completed
ORD_1371,CUST_709,2024-08-07,Media Package,Google Search,52.82,25.34,Completed
ORD_1372,CUST_759,2024-03-25,Membership,Google Search,318.88,143.21,Completed
ORD_1373,CUST_1376,2025-02-23,Workshop,Referral,341.96,181.04,Completed
ORD_1374,CUST_314,2024-11-09,Workshop,Partnership,52.08,27.87,Completed
ORD_1375,CUST_676,2024-03-04,Media Package,Instagram,313.38,193.57,Completed
ORD_1376,CUST_336,2025-04-14,Workshop,Partnership,191.21,83.56,Completed
ORD_1377,CUST_913,2024-07-12,Creative Studio,TikTok,322.02,164.0,Cancelled
ORD_1378,CUST_456,2024-12-23,Corporate Package,TikTok,192.07,127.32,Completed
ORD_1379,CUST_470,2024-10-07,Event Ticket,Google Search,469.76,257.22,Completed
ORD_1380,CUST_808,2024-03-14,Workshop,Google Search,398.91,164.87,Completed
ORD_1381,CUST_35,2025-01-30,Event Ticket,Referral,379.53,238.01,Completed
ORD_1382,CUST_620,2024-02-04,Event Ticket,LinkedIn,351.6,199.43,Completed
ORD_1383,CUST_909,2024-10-09,Workshop,Referral,455.05,244.65,Completed
ORD_1384,CUST_654,2024-11-07,Corporate Package,Instagram,421.37,194.78,Completed
ORD_1385,CUST_136,2024-05-18,Corporate Package,Google Search,455.7,191.08,Completed
ORD_1386,CUST_691,2024-09-13,Workshop,Partnership,121.34,78.12,Refunded
ORD_1387,CUST_543,2024-01-09,Partner Offer,TikTok,317.01,120.72,Completed
ORD_1388,CUST_245,2024-10-18,Corporate Package,Referral,25.42,8.0,Completed
ORD_1389,CUST_1051,2024-11-21,Creative Studio,Event Walk-in,257.7,106.75,Refunded
ORD_1390,CUST_687,2025-01-29,Membership,Event Walk-in,210.05,119.15,Completed
ORD_1391,CUST_544,2025-01-04,Media Package,Google Search,234.86,154.96,Completed
ORD_1392,CUST_959,2024-10-02,Event Ticket,Referral,453.62,136.49,Refunded
ORD_1393,CUST_1409,2025-04-01,Event Ticket,Instagram,374.5,175.5,Completed
ORD_1394,CUST_250,2024-02-29,Workshop,Event Walk-in,85.82,55.87,Completed
ORD_1395,CUST_582,2024-05-12,Event Ticket,Referral,310.64,154.46,Completed
ORD_1396,CUST_156,2024-09-18,Event Ticket,Google Search,82.32,28.51,Completed
ORD_1397,CUST_1482,2025-03-17,Event Ticket,Google Search,171.02,116.48,Completed
ORD_1398,CUST_1292,2024-11-11,Workshop,Instagram,377.92,231.96,Cancelled
ORD_1399,CUST_31,2024-06-10,Creative Studio,Instagram,334.33,112.4,Completed
ORD_1400,CUST_1349,2024-02-08,Workshop,TikTok,93.41,40.09,Completed
ORD_1401,CUST_1056,2024-12-17,Partner Offer,Referral,167.08,55.79,Completed
ORD_1402,CUST_1313,2025-02-25,Partner Offer,Referral,337.5,207.83,Completed
ORD_1403,CUST_510,2024-05-06,Media Package,LinkedIn,77.82,33.84,Completed
ORD_1404,CUST_1189,2025-02-26,Corporate Package,Referral,393.61,259.41,Completed
ORD_1405,CUST_960,2025-06-12,Event Ticket,Instagram,321.76,198.05,Refunded
ORD_1406,CUST_263,2024-03-02,Event Ticket,LinkedIn,474.61,181.81,Completed
ORD_1407,CUST_100,2024-06-17,Corporate Package,TikTok,262.32,94.93,Completed
ORD_1408,CUST_672,2024-01-24,Event Ticket,TikTok,63.02,31.87,Completed
ORD_1409,CUST_1407,2025-01-25,Creative Studio,Referral,145.96,46.62,Cancelled
ORD_1410,CUST_1173,2025-02-03,Corporate Package,LinkedIn,38.59,14.18,Completed
ORD_1411,CUST_689,2024-09-08,Membership,Google Search,190.43,80.52,Completed
ORD_1412,CUST_966,2024-07-15,Media Package,Google Search,85.1,41.66,Completed
ORD_1413,CUST_1287,2024-04-11,Creative Studio,TikTok,105.03,47.55,Completed
ORD_1414,CUST_438,2024-10-15,Media Package,Referral,323.51,202.26,Refunded
ORD_1415,CUST_347,2024-06-28,Partner Offer,Instagram,340.26,234.17,Completed
ORD_1416,CUST_604,2025-05-13,Creative Studio,LinkedIn,399.6,233.23,Completed
ORD_1417,CUST_1497,2024-02-27,Creative Studio,Event Walk-in,276.27,114.24,Cancelled
ORD_1418,CUST_646,2025-06-08,Corporate Package,TikTok,377.98,246.6,Cancelled
ORD_1419,CUST_42,2024-01-14,Creative Studio,Event Walk-in,121.17,53.64,Completed
ORD_1420,CUST_1326,2025-01-11,Event Ticket,LinkedIn,342.6,224.27,Completed
ORD_1421,CUST_1304,2024-10-03,Membership,TikTok,20.73,6.84,Completed
ORD_1422,CUST_691,2024-03-11,Media Package,Partnership,163.68,110.28,Completed
ORD_1423,CUST_1024,2025-02-10,Membership,Instagram,311.26,101.68,Completed
ORD_1424,CUST_559,2025-04-01,Media Package,Partnership,425.6,130.29,Completed
ORD_1425,CUST_675,2024-01-27,Corporate Package,TikTok,103.17,65.86,Completed
ORD_1426,CUST_884,2024-07-08,Media Package,Instagram,356.88,179.52,Completed
ORD_1427,CUST_765,2024-05-05,Event Ticket,TikTok,166.87,109.71,Completed
ORD_1428,CUST_1402,2025-01-16,Workshop,TikTok,67.28,44.19,Completed
ORD_1429,CUST_468,2024-12-24,Corporate Package,Referral,159.26,100.13,Completed
ORD_1430,CUST_232,2025-06-05,Corporate Package,Event Walk-in,226.65,141.42,Completed
ORD_1431,CUST_367,2024-03-27,Creative Studio,LinkedIn,473.48,184.53,Completed
ORD_1432,CUST_1476,2024-04-03,Workshop,Partnership,169.99,52.49,Completed
ORD_1433,CUST_738,2024-12-31,Corporate Package,Event Walk-in,244.66,147.85,Cancelled
ORD_1434,CUST_427,2025-01-11,Membership,Partnership,433.43,194.28,Completed
ORD_1435,CUST_293,2024-09-19,Membership,Instagram,255.23,178.06,Completed
ORD_1436,CUST_801,2024-05-23,Membership,LinkedIn,401.76,211.46,Completed
ORD_1437,CUST_390,2024-07-22,Membership,Partnership,46.88,15.61,Completed
ORD_1438,CUST_753,2024-05-24,Creative Studio,Event Walk-in,359.39,118.43,Completed
ORD_1439,CUST_78,2025-05-06,Corporate Package,Google Search,414.88,263.65,Completed
ORD_1440,CUST_46,2024-03-02,Corporate Package,LinkedIn,272.9,179.13,Completed
ORD_1441,CUST_50,2024-06-07,Workshop,Google Search,323.56,114.0,Completed
ORD_1442,CUST_235,2025-04-14,Membership,Partnership,444.52,206.49,Completed
ORD_1443,CUST_125,2024-04-18,Corporate Package,Partnership,202.4,74.12,Completed
ORD_1444,CUST_1212,2024-09-26,Membership,Partnership,203.78,110.8,Completed
ORD_1445,CUST_376,2024-12-09,Partner Offer,LinkedIn,294.85,137.11,Completed
ORD_1446,CUST_846,2024-04-23,Membership,Google Search,113.11,73.74,Completed
ORD_1447,CUST_342,2025-01-06,Partner Offer,Instagram,361.05,228.09,Refunded
ORD_1448,CUST_56,2024-05-20,Corporate Package,Event Walk-in,105.93,48.33,Completed
ORD_1449,CUST_389,2024-03-03,Membership,Instagram,200.1,118.36,Completed
ORD_1450,CUST_1386,2024-05-21,Creative Studio,TikTok,388.59,167.22,Completed
ORD_1451,CUST_1375,2024-08-12,Event Ticket,Google Search,336.78,131.86,Completed
ORD_1452,CUST_149,2024-04-25,Membership,Referral,161.91,108.01,Completed
ORD_1453,CUST_1488,2025-03-10,Creative Studio,Referral,357.88,144.68,Completed
ORD_1454,CUST_1188,2024-07-08,Event Ticket,Google Search,230.57,160.37,Completed
ORD_1455,CUST_401,2025-04-21,Corporate Package,Referral,228.43,72.44,Completed
ORD_1456,CUST_1247,2024-01-29,Partner Offer,Referral,434.0,205.48,Completed
ORD_1457,CUST_876,2024-05-21,Corporate Package,Referral,434.9,200.99,Completed
ORD_1458,CUST_1275,2025-05-04,Media Package,Google Search,65.99,34.08,Completed
ORD_1459,CUST_702,2024-05-09,Media Package,Partnership,339.31,221.36,Completed
ORD_1460,CUST_1359,2024-11-09,Workshop,Instagram,41.89,23.34,Completed
ORD_1461,CUST_1135,2025-04-29,Workshop,TikTok,473.67,293.07,Completed
ORD_1462,CUST_663,2025-06-14,Media Package,LinkedIn,32.04,18.49,Completed
ORD_1463,CUST_8,2024-12-25,Media Package,Referral,180.27,79.44,Completed
ORD_1464,CUST_268,2025-03-22,Corporate Package,LinkedIn,290.37,151.83,Completed
ORD_1465,CUST_1134,2024-03-20,Event Ticket,Google Search,56.01,36.13,Completed
ORD_1466,CUST_580,2024-01-16,Partner Offer,Partnership,104.09,55.59,Completed
ORD_1467,CUST_256,2025-03-20,Partner Offer,TikTok,121.75,41.35,Completed
ORD_1468,CUST_1375,2025-01-24,Media Package,Google Search,360.36,141.59,Completed
ORD_1469,CUST_1318,2025-04-02,Corporate Package,LinkedIn,43.84,22.74,Completed
ORD_1470,CUST_762,2024-08-10,Workshop,TikTok,490.53,182.68,Completed
ORD_1471,CUST_488,2024-01-27,Event Ticket,Event Walk-in,271.22,137.93,Completed
ORD_1472,CUST_94,2024-04-18,Workshop,Google Search,492.8,193.34,Refunded
ORD_1473,CUST_658,2025-05-26,Creative Studio,Instagram,310.06,182.2,Completed
ORD_1474,CUST_1434,2024-12-30,Corporate Package,Referral,179.11,62.51,Completed
ORD_1475,CUST_47,2024-02-16,Event Ticket,Partnership,317.45,105.6,Completed
ORD_1476,CUST_233,2025-05-10,Partner Offer,TikTok,387.96,194.35,Completed
ORD_1477,CUST_17,2024-01-09,Corporate Package,Instagram,61.75,26.24,Completed
ORD_1478,CUST_436,2024-05-11,Corporate Package,TikTok,305.4,203.8,Completed
ORD_1479,CUST_1077,2024-08-16,Membership,LinkedIn,425.62,231.96,Completed
ORD_1480,CUST_181,2024-05-21,Membership,Partnership,420.53,244.59,Completed
ORD_1481,CUST_404,2024-03-28,Partner Offer,TikTok,445.76,230.37,Completed
ORD_1482,CUST_456,2024-08-05,Event Ticket,TikTok,55.99,22.86,Completed
ORD_1483,CUST_387,2024-03-17,Media Package,Event Walk-in,156.73,69.85,Cancelled
ORD_1484,CUST_1341,2025-04-27,Creative Studio,Event Walk-in,197.53,77.6,Completed
ORD_1485,CUST_1117,2025-02-27,Workshop,Partnership,434.08,295.22,Completed
ORD_1486,CUST_133,2025-05-14,Event Ticket,Partnership,51.26,16.57,Completed
ORD_1487,CUST_164,2025-06-23,Partner Offer,Instagram,379.65,173.45,Completed
ORD_1488,CUST_1394,2024-12-04,Event Ticket,Instagram,77.13,41.52,Completed
ORD_1489,CUST_924,2024-04-30,Creative Studio,Referral,90.09,54.15,Completed
ORD_1490,CUST_130,2025-04-09,Membership,Instagram,411.22,182.14,Completed
ORD_1491,CUST_77,2024-03-02,Membership,Partnership,497.96,204.65,Completed
ORD_1492,CUST_583,2024-11-25,Corporate Package,Instagram,219.35,149.47,Completed
ORD_1493,CUST_514,2025-06-12,Media Package,LinkedIn,119.07,71.2,Completed
ORD_1494,CUST_626,2025-02-15,Creative Studio,TikTok,488.49,281.81,Completed
ORD_1495,CUST_1370,2025-02-16,Partner Offer,LinkedIn,53.28,22.22,Completed
ORD_1496,CUST_698,2024-11-05,Creative Studio,Instagram,429.05,267.05,Completed
ORD_1497,CUST_953,2024-10-19,Corporate Package,TikTok,203.31,68.03,Completed
ORD_1498,CUST_1054,2024-07-30,Media Package,Google Search,342.24,234.06,Completed
ORD_1499,CUST_583,2024-10-14,Media Package,Instagram,231.42,107.59,Completed
ORD_1500,CUST_974,2025-05-23,Creative Studio,Referral,426.38,195.59,Refunded
ORD_1501,CUST_1477,2025-06-15,Corporate Package,LinkedIn,23.74,15.49,Completed
ORD_1502,CUST_1314,2025-04-15,Corporate Package,Google Search,260.24,179.05,Completed
ORD_1503,CUST_595,2025-05-24,Workshop,Instagram,20.27,10.44,Completed
ORD_1504,CUST_1242,2024-11-10,Creative Studio,Event Walk-in,46.26,20.55,Completed
ORD_1505,CUST_463,2024-06-08,Corporate Package,TikTok,173.67,52.11,Completed
ORD_1506,CUST_525,2024-09-23,Partner Offer,LinkedIn,401.9,165.64,Completed
ORD_1507,CUST_783,2024-09-18,Membership,TikTok,194.42,81.12,Completed
ORD_1508,CUST_1011,2024-08-24,Media Package,Google Search,374.73,176.24,Completed
ORD_1509,CUST_752,2024-07-28,Media Package,Google Search,41.82,14.85,Completed
ORD_1510,CUST_302,2024-02-23,Creative Studio,LinkedIn,267.96,83.66,Completed
ORD_1511,CUST_700,2025-02-10,Partner Offer,Partnership,303.58,203.48,Cancelled
ORD_1512,CUST_1220,2025-04-14,Event Ticket,Event Walk-in,272.83,173.51,Completed
ORD_1513,CUST_1449,2025-06-20,Event Ticket,Event Walk-in,352.41,219.29,Completed
ORD_1514,CUST_989,2025-06-22,Membership,TikTok,364.96,169.89,Completed
ORD_1515,CUST_374,2025-03-27,Corporate Package,LinkedIn,374.76,199.09,Completed
ORD_1516,CUST_1076,2025-04-01,Media Package,LinkedIn,462.67,157.78,Completed
ORD_1517,CUST_1008,2025-03-03,Media Package,LinkedIn,247.65,138.97,Cancelled
ORD_1518,CUST_334,2024-10-25,Creative Studio,Instagram,168.32,116.48,Completed
ORD_1519,CUST_1483,2025-04-18,Membership,Partnership,404.23,179.8,Completed
ORD_1520,CUST_38,2024-09-05,Corporate Package,TikTok,462.51,248.44,Completed
ORD_1521,CUST_397,2024-04-14,Corporate Package,LinkedIn,387.48,182.73,Completed
ORD_1522,CUST_1465,2025-06-16,Event Ticket,Partnership,240.16,110.83,Completed
ORD_1523,CUST_969,2025-05-22,Creative Studio,Google Search,75.62,33.77,Refunded
ORD_1524,CUST_98,2024-05-03,Partner Offer,Event Walk-in,61.03,38.61,Completed
ORD_1525,CUST_1064,2024-12-09,Creative Studio,Instagram,134.75,69.56,Completed
ORD_1526,CUST_489,2024-12-26,Creative Studio,Partnership,402.04,243.65,Completed
ORD_1527,CUST_549,2025-04-12,Corporate Package,Google Search,403.14,178.15,Completed
ORD_1528,CUST_292,2025-04-16,Workshop,Partnership,90.25,53.18,Completed
ORD_1529,CUST_206,2024-03-03,Media Package,Instagram,350.71,108.39,Refunded
ORD_1530,CUST_1414,2024-02-26,Partner Offer,Event Walk-in,226.41,114.53,Completed
ORD_1531,CUST_772,2025-01-17,Creative Studio,TikTok,125.09,56.72,Cancelled
ORD_1532,CUST_171,2024-01-28,Event Ticket,Google Search,264.52,171.91,Completed
ORD_1533,CUST_696,2024-07-19,Event Ticket,LinkedIn,231.48,81.2,Completed
ORD_1534,CUST_627,2024-09-25,Event Ticket,Google Search,89.47,51.35,Completed
ORD_1535,CUST_688,2024-06-25,Creative Studio,Event Walk-in,332.25,209.98,Completed
ORD_1536,CUST_867,2024-04-21,Corporate Package,Referral,60.01,39.41,Completed
ORD_1537,CUST_59,2024-12-31,Media Package,LinkedIn,222.05,86.4,Completed
ORD_1538,CUST_1176,2024-05-10,Creative Studio,Referral,436.3,237.4,Completed
ORD_1539,CUST_696,2025-01-09,Creative Studio,LinkedIn,301.91,93.43,Completed
ORD_1540,CUST_768,2024-06-15,Creative Studio,Google Search,314.34,98.27,Refunded
ORD_1541,CUST_291,2024-04-17,Media Package,Referral,35.26,16.55,Completed
ORD_1542,CUST_476,2025-06-28,Creative Studio,Partnership,461.04,146.3,Completed
ORD_1543,CUST_673,2024-06-08,Corporate Package,Instagram,483.58,303.12,Completed
ORD_1544,CUST_837,2024-06-08,Partner Offer,TikTok,225.51,103.16,Refunded
ORD_1545,CUST_608,2024-10-03,Membership,Event Walk-in,346.58,220.59,Completed
ORD_1546,CUST_173,2024-06-07,Workshop,Event Walk-in,182.24,66.93,Completed
ORD_1547,CUST_526,2024-06-06,Event Ticket,Referral,258.36,107.39,Completed
ORD_1548,CUST_787,2024-02-22,Creative Studio,Google Search,254.73,98.3,Completed
ORD_1549,CUST_1331,2025-03-04,Creative Studio,LinkedIn,253.86,123.2,Refunded
ORD_1550,CUST_1166,2025-02-19,Event Ticket,TikTok,105.56,59.36,Completed
ORD_1551,CUST_96,2025-01-20,Creative Studio,TikTok,301.68,94.56,Completed
ORD_1552,CUST_796,2024-03-04,Partner Offer,Partnership,164.08,109.14,Refunded
ORD_1553,CUST_86,2024-04-19,Corporate Package,Event Walk-in,245.76,141.17,Completed
ORD_1554,CUST_377,2025-04-17,Media Package,Google Search,364.87,212.59,Completed
ORD_1555,CUST_402,2025-02-25,Media Package,LinkedIn,296.17,144.17,Cancelled
ORD_1556,CUST_193,2025-03-25,Membership,Instagram,147.52,48.78,Completed
ORD_1557,CUST_1434,2024-02-26,Workshop,Referral,251.73,98.67,Completed
ORD_1558,CUST_307,2024-06-13,Event Ticket,LinkedIn,374.98,155.44,Completed
ORD_1559,CUST_967,2024-12-16,Media Package,Partnership,103.12,60.32,Completed
ORD_1560,CUST_965,2024-07-18,Partner Offer,Google Search,48.94,16.9,Completed
ORD_1561,CUST_521,2025-01-18,Corporate Package,Partnership,369.58,127.71,Completed
ORD_1562,CUST_1299,2024-12-21,Event Ticket,Instagram,157.03,50.81,Completed
ORD_1563,CUST_720,2025-02-01,Corporate Package,LinkedIn,378.49,184.61,Completed
ORD_1564,CUST_779,2024-12-09,Workshop,Google Search,365.39,111.57,Completed
ORD_1565,CUST_1211,2024-10-06,Corporate Package,TikTok,260.11,120.4,Completed
ORD_1566,CUST_627,2024-08-10,Media Package,Google Search,67.91,44.96,Completed
ORD_1567,CUST_22,2024-09-27,Event Ticket,Partnership,132.85,59.3,Completed
ORD_1568,CUST_396,2024-01-28,Partner Offer,Referral,153.35,73.53,Completed
ORD_1569,CUST_650,2024-06-23,Event Ticket,Instagram,272.27,122.54,Completed
ORD_1570,CUST_613,2025-01-19,Media Package,Google Search,267.79,117.25,Completed
ORD_1571,CUST_275,2024-02-04,Creative Studio,Referral,257.2,160.63,Completed
ORD_1572,CUST_420,2025-02-25,Membership,Referral,461.51,222.59,Completed
ORD_1573,CUST_412,2024-07-09,Event Ticket,Event Walk-in,370.43,206.88,Completed
ORD_1574,CUST_738,2024-05-02,Corporate Package,Event Walk-in,301.66,192.24,Cancelled
ORD_1575,CUST_1124,2025-04-22,Creative Studio,TikTok,171.09,81.08,Completed
ORD_1576,CUST_617,2025-01-20,Media Package,Partnership,32.61,16.42,Completed
ORD_1577,CUST_1383,2024-07-02,Workshop,LinkedIn,102.22,49.12,Completed
ORD_1578,CUST_520,2024-12-11,Workshop,TikTok,489.56,262.99,Completed
ORD_1579,CUST_1268,2024-08-27,Event Ticket,Event Walk-in,443.02,253.09,Refunded
ORD_1580,CUST_212,2024-08-04,Creative Studio,TikTok,496.64,323.7,Refunded
ORD_1581,CUST_826,2024-07-02,Event Ticket,LinkedIn,156.21,109.22,Completed
ORD_1582,CUST_211,2024-02-17,Creative Studio,Referral,357.34,242.04,Completed
ORD_1583,CUST_130,2024-02-16,Media Package,Instagram,379.7,121.14,Completed
ORD_1584,CUST_296,2024-06-18,Membership,Partnership,391.95,155.75,Completed
ORD_1585,CUST_724,2024-09-16,Workshop,Partnership,493.31,269.43,Refunded
ORD_1586,CUST_1279,2024-12-06,Workshop,LinkedIn,294.9,181.12,Completed
ORD_1587,CUST_687,2025-02-13,Media Package,Event Walk-in,215.25,67.1,Refunded
ORD_1588,CUST_660,2024-06-17,Workshop,Google Search,382.35,131.85,Completed
ORD_1589,CUST_447,2024-02-03,Event Ticket,TikTok,370.96,155.76,Completed
ORD_1590,CUST_67,2025-02-05,Corporate Package,Google Search,58.95,31.24,Completed
ORD_1591,CUST_143,2025-06-26,Media Package,LinkedIn,486.35,150.92,Cancelled
ORD_1592,CUST_953,2025-05-29,Partner Offer,TikTok,171.92,78.1,Refunded
ORD_1593,CUST_1005,2024-02-28,Event Ticket,Referral,412.62,225.68,Completed
ORD_1594,CUST_1434,2024-07-30,Event Ticket,Referral,248.09,160.45,Completed
ORD_1595,CUST_244,2024-06-25,Corporate Package,Referral,311.29,149.72,Refunded
ORD_1596,CUST_263,2024-06-03,Membership,LinkedIn,499.94,207.93,Completed
ORD_1597,CUST_953,2025-01-07,Membership,TikTok,191.0,127.56,Completed
ORD_1598,CUST_1401,2025-04-21,Media Package,Instagram,242.13,109.18,Completed
ORD_1599,CUST_1359,2024-10-03,Creative Studio,Instagram,189.21,93.34,Completed
ORD_1600,CUST_152,2024-01-31,Media Package,Partnership,121.83,40.46,Completed
ORD_1601,CUST_1078,2024-07-10,Creative Studio,Referral,167.84,60.46,Completed
ORD_1602,CUST_570,2025-02-12,Workshop,Partnership,159.4,93.8,Completed
ORD_1603,CUST_859,2024-02-05,Creative Studio,Google Search,148.75,59.17,Completed
ORD_1604,CUST_656,2024-06-22,Media Package,Google Search,214.61,102.56,Completed
ORD_1605,CUST_456,2025-01-10,Creative Studio,TikTok,159.81,65.56,Completed
ORD_1606,CUST_543,2024-05-12,Media Package,TikTok,383.97,118.54,Completed
ORD_1607,CUST_31,2024-07-20,Corporate Package,Instagram,412.24,221.4,Completed
ORD_1608,CUST_295,2025-04-25,Event Ticket,Google Search,63.05,24.27,Completed
ORD_1609,CUST_941,2024-10-31,Corporate Package,LinkedIn,436.22,255.55,Completed
ORD_1610,CUST_1469,2025-01-29,Workshop,TikTok,287.39,155.97,Completed
ORD_1611,CUST_199,2024-02-05,Creative Studio,Google Search,86.48,53.41,Completed
ORD_1612,CUST_681,2025-01-24,Event Ticket,Event Walk-in,144.84,59.6,Completed
ORD_1613,CUST_1235,2025-03-13,Corporate Package,Event Walk-in,444.7,232.78,Completed
ORD_1614,CUST_625,2025-01-10,Creative Studio,Referral,20.2,11.67,Completed
ORD_1615,CUST_131,2024-02-15,Partner Offer,LinkedIn,341.31,214.87,Completed
ORD_1616,CUST_949,2024-07-22,Media Package,Instagram,433.31,140.81,Completed
ORD_1617,CUST_400,2024-02-03,Membership,Event Walk-in,240.8,114.6,Completed
ORD_1618,CUST_705,2025-02-28,Media Package,Google Search,324.78,202.14,Refunded
ORD_1619,CUST_1332,2024-02-03,Creative Studio,Referral,116.47,73.28,Completed
ORD_1620,CUST_546,2024-11-25,Media Package,Google Search,148.51,46.84,Completed
ORD_1621,CUST_344,2024-06-21,Membership,Google Search,201.33,66.39,Refunded
ORD_1622,CUST_1193,2024-07-10,Partner Offer,LinkedIn,275.38,145.1,Completed
ORD_1623,CUST_1217,2024-10-01,Partner Offer,Referral,268.6,175.09,Completed
ORD_1624,CUST_1143,2025-02-10,Event Ticket,LinkedIn,115.09,62.59,Completed
ORD_1625,CUST_452,2024-12-31,Partner Offer,Partnership,66.13,45.58,Completed
ORD_1626,CUST_1277,2024-02-02,Media Package,Referral,217.15,133.82,Completed
ORD_1627,CUST_846,2025-02-06,Corporate Package,Google Search,42.82,15.4,Completed
ORD_1628,CUST_1447,2024-07-09,Corporate Package,Partnership,318.85,144.05,Completed
ORD_1629,CUST_346,2024-03-13,Partner Offer,Referral,383.95,131.19,Completed
ORD_1630,CUST_151,2025-05-18,Workshop,Google Search,178.44,117.33,Completed
ORD_1631,CUST_868,2024-07-03,Creative Studio,Event Walk-in,486.76,149.23,Completed
ORD_1632,CUST_906,2024-06-24,Corporate Package,TikTok,409.25,173.21,Completed
ORD_1633,CUST_387,2024-03-20,Media Package,Event Walk-in,95.26,50.32,Completed
ORD_1634,CUST_1374,2024-05-22,Partner Offer,Event Walk-in,388.94,218.16,Completed
ORD_1635,CUST_1350,2024-05-25,Creative Studio,TikTok,310.47,110.5,Completed
ORD_1636,CUST_931,2024-09-20,Event Ticket,TikTok,356.4,133.84,Completed
ORD_1637,CUST_1287,2024-12-04,Partner Offer,TikTok,27.55,14.44,Refunded
ORD_1638,CUST_361,2025-02-03,Event Ticket,Google Search,391.49,231.16,Completed
ORD_1639,CUST_1445,2025-01-18,Corporate Package,Google Search,28.6,17.18,Completed
ORD_1640,CUST_8,2024-06-12,Corporate Package,Referral,424.2,268.67,Completed
ORD_1641,CUST_256,2025-01-07,Partner Offer,TikTok,240.69,104.5,Completed
ORD_1642,CUST_1237,2025-06-16,Partner Offer,Partnership,238.67,75.72,Refunded
ORD_1643,CUST_899,2025-03-22,Media Package,TikTok,143.59,48.74,Completed
ORD_1644,CUST_839,2024-08-09,Membership,Event Walk-in,130.2,65.6,Cancelled
ORD_1645,CUST_108,2024-10-16,Event Ticket,Google Search,245.53,144.27,Completed
ORD_1646,CUST_939,2024-07-18,Media Package,Referral,127.37,40.28,Completed
ORD_1647,CUST_528,2025-02-05,Partner Offer,TikTok,391.48,209.46,Completed
ORD_1648,CUST_979,2024-12-26,Partner Offer,Event Walk-in,479.21,242.74,Completed
ORD_1649,CUST_93,2024-07-05,Partner Offer,Google Search,158.67,54.27,Completed
ORD_1650,CUST_508,2025-06-18,Media Package,LinkedIn,140.0,61.7,Completed
ORD_1651,CUST_706,2025-06-14,Event Ticket,LinkedIn,437.83,252.74,Completed
ORD_1652,CUST_542,2024-01-23,Media Package,Event Walk-in,37.67,13.61,Completed
ORD_1653,CUST_535,2025-03-03,Creative Studio,Event Walk-in,484.56,291.91,Completed
ORD_1654,CUST_1377,2024-01-26,Event Ticket,LinkedIn,443.0,277.79,Completed
ORD_1655,CUST_123,2024-05-26,Media Package,TikTok,222.77,110.05,Cancelled
ORD_1656,CUST_627,2024-01-14,Workshop,Google Search,153.61,64.29,Completed
ORD_1657,CUST_657,2025-02-22,Corporate Package,TikTok,26.98,12.66,Completed
ORD_1658,CUST_981,2024-10-14,Media Package,Event Walk-in,227.74,76.98,Refunded
ORD_1659,CUST_191,2024-06-08,Workshop,Event Walk-in,422.36,244.28,Completed
ORD_1660,CUST_77,2024-08-15,Media Package,Partnership,204.9,62.81,Completed
ORD_1661,CUST_369,2024-09-28,Membership,Referral,126.74,59.13,Completed
ORD_1662,CUST_162,2024-08-09,Partner Offer,LinkedIn,432.57,165.52,Completed
ORD_1663,CUST_1380,2025-04-05,Partner Offer,Event Walk-in,449.6,203.0,Completed
ORD_1664,CUST_254,2024-08-21,Workshop,Partnership,405.97,220.91,Completed
ORD_1665,CUST_890,2024-05-27,Corporate Package,Partnership,228.22,88.23,Completed
ORD_1666,CUST_227,2025-05-30,Workshop,Referral,465.73,227.94,Completed
ORD_1667,CUST_990,2024-12-01,Creative Studio,Partnership,330.82,183.17,Completed
ORD_1668,CUST_1416,2025-03-02,Corporate Package,TikTok,300.49,135.61,Refunded
ORD_1669,CUST_128,2024-09-09,Corporate Package,Partnership,363.26,208.66,Completed
ORD_1670,CUST_750,2024-09-09,Media Package,Event Walk-in,26.01,9.63,Completed
ORD_1671,CUST_370,2025-06-07,Membership,Partnership,33.79,13.39,Completed
ORD_1672,CUST_484,2024-11-12,Event Ticket,Google Search,97.28,34.58,Completed
ORD_1673,CUST_167,2024-06-27,Partner Offer,Google Search,41.65,13.43,Refunded
ORD_1674,CUST_118,2024-03-28,Partner Offer,Google Search,154.77,47.1,Cancelled
ORD_1675,CUST_753,2024-12-19,Workshop,Event Walk-in,397.68,249.23,Completed
ORD_1676,CUST_653,2025-03-02,Event Ticket,Event Walk-in,73.11,24.66,Completed
ORD_1677,CUST_1272,2024-01-27,Workshop,Partnership,321.92,164.31,Completed
ORD_1678,CUST_1456,2024-02-01,Workshop,LinkedIn,151.38,50.86,Completed
ORD_1679,CUST_1061,2024-03-04,Creative Studio,Instagram,115.15,59.93,Completed
ORD_1680,CUST_645,2024-07-31,Membership,Partnership,127.3,85.22,Completed
ORD_1681,CUST_1296,2024-06-30,Media Package,TikTok,165.32,94.91,Completed
ORD_1682,CUST_1430,2024-10-02,Partner Offer,Event Walk-in,451.5,177.01,Completed
ORD_1683,CUST_258,2024-05-10,Membership,Referral,291.87,190.0,Completed
ORD_1684,CUST_887,2024-09-22,Membership,Instagram,66.53,45.97,Completed
ORD_1685,CUST_651,2024-08-26,Partner Offer,Partnership,108.78,51.27,Completed
ORD_1686,CUST_985,2025-05-10,Membership,Instagram,459.4,193.8,Completed
ORD_1687,CUST_1183,2024-05-31,Event Ticket,Instagram,459.12,145.02,Completed
ORD_1688,CUST_1481,2024-12-22,Membership,Partnership,366.39,224.32,Completed
ORD_1689,CUST_1295,2024-02-21,Partner Offer,Event Walk-in,261.08,132.41,Completed
ORD_1690,CUST_501,2024-07-11,Partner Offer,Referral,41.67,20.57,Refunded
ORD_1691,CUST_1063,2025-03-29,Creative Studio,Referral,493.0,310.04,Completed
ORD_1692,CUST_1006,2024-03-28,Corporate Package,TikTok,373.94,162.82,Completed
ORD_1693,CUST_98,2024-12-12,Partner Offer,Event Walk-in,424.03,159.76,Completed
ORD_1694,CUST_131,2024-03-11,Media Package,LinkedIn,399.13,173.82,Completed
ORD_1695,CUST_987,2025-02-12,Membership,Referral,213.19,67.8,Completed
ORD_1696,CUST_1118,2024-10-30,Partner Offer,Event Walk-in,218.97,67.98,Completed
ORD_1697,CUST_568,2024-11-28,Event Ticket,Partnership,472.1,308.13,Completed
ORD_1698,CUST_877,2025-03-11,Media Package,Instagram,397.96,171.79,Completed
ORD_1699,CUST_1031,2024-01-05,Corporate Package,Partnership,251.88,90.65,Cancelled
ORD_1700,CUST_415,2025-04-20,Creative Studio,TikTok,248.7,140.75,Completed
ORD_1701,CUST_1024,2025-02-19,Media Package,Instagram,193.16,99.01,Completed
ORD_1702,CUST_1346,2025-05-05,Event Ticket,Event Walk-in,283.42,132.69,Cancelled
ORD_1703,CUST_101,2024-04-05,Workshop,Partnership,433.98,230.77,Completed
ORD_1704,CUST_738,2024-05-17,Corporate Package,Event Walk-in,355.84,124.03,Completed
ORD_1705,CUST_1433,2024-06-07,Membership,Referral,129.84,72.09,Completed
ORD_1706,CUST_1196,2024-05-01,Workshop,Partnership,259.7,118.85,Completed
ORD_1707,CUST_271,2024-09-26,Media Package,Instagram,139.26,97.16,Completed
ORD_1708,CUST_137,2025-01-08,Partner Offer,LinkedIn,311.93,217.0,Completed
ORD_1709,CUST_781,2025-02-24,Membership,Partnership,435.55,258.04,Completed
ORD_1710,CUST_501,2025-06-04,Creative Studio,Referral,165.85,102.74,Cancelled
ORD_1711,CUST_193,2024-03-05,Media Package,Instagram,190.24,110.83,Completed
ORD_1712,CUST_1444,2025-03-06,Corporate Package,Partnership,338.47,158.09,Refunded
ORD_1713,CUST_55,2024-12-29,Workshop,Partnership,213.8,119.39,Completed
ORD_1714,CUST_1014,2024-03-18,Workshop,Instagram,304.51,157.98,Completed
ORD_1715,CUST_467,2025-02-26,Workshop,LinkedIn,331.57,144.15,Completed
ORD_1716,CUST_1077,2024-03-03,Corporate Package,LinkedIn,50.56,15.34,Completed
ORD_1717,CUST_1149,2024-07-21,Media Package,Partnership,329.63,165.6,Completed
ORD_1718,CUST_1371,2024-11-09,Workshop,Google Search,267.37,163.37,Completed
ORD_1719,CUST_468,2024-12-21,Corporate Package,Referral,60.58,30.25,Completed
ORD_1720,CUST_200,2024-10-23,Membership,LinkedIn,370.48,209.87,Completed
ORD_1721,CUST_332,2024-01-05,Corporate Package,Referral,238.22,100.81,Completed
ORD_1722,CUST_1448,2024-09-14,Membership,LinkedIn,369.8,160.43,Completed
ORD_1723,CUST_911,2024-04-16,Partner Offer,TikTok,312.6,174.7,Completed
ORD_1724,CUST_849,2025-03-16,Membership,Google Search,333.38,117.46,Completed
ORD_1725,CUST_348,2025-04-24,Media Package,LinkedIn,153.54,70.44,Completed
ORD_1726,CUST_701,2024-10-06,Membership,TikTok,212.33,112.65,Completed
ORD_1727,CUST_827,2024-04-11,Partner Offer,Referral,58.26,39.87,Completed
ORD_1728,CUST_168,2024-11-04,Membership,TikTok,448.79,221.43,Cancelled
ORD_1729,CUST_220,2024-04-20,Partner Offer,LinkedIn,492.94,204.1,Completed
ORD_1730,CUST_430,2025-05-06,Membership,LinkedIn,126.05,71.2,Cancelled
ORD_1731,CUST_15,2024-04-04,Corporate Package,Google Search,289.11,141.86,Completed
ORD_1732,CUST_291,2024-01-29,Membership,Referral,270.73,171.48,Completed
ORD_1733,CUST_1154,2024-07-27,Event Ticket,LinkedIn,274.38,190.21,Completed
ORD_1734,CUST_1405,2024-04-13,Event Ticket,Google Search,325.86,172.42,Completed
ORD_1735,CUST_1232,2025-01-09,Workshop,TikTok,190.54,84.69,Completed
ORD_1736,CUST_426,2024-11-30,Event Ticket,Event Walk-in,48.8,31.93,Completed
ORD_1737,CUST_129,2024-07-29,Membership,Event Walk-in,489.54,227.09,Completed
ORD_1738,CUST_930,2024-04-13,Event Ticket,Google Search,267.4,116.14,Completed
ORD_1739,CUST_1402,2024-07-31,Corporate Package,TikTok,116.78,77.0,Cancelled
ORD_1740,CUST_662,2024-03-30,Membership,Referral,490.83,162.04,Completed
ORD_1741,CUST_682,2025-03-12,Corporate Package,TikTok,433.14,158.35,Completed
ORD_1742,CUST_840,2024-10-28,Membership,Instagram,330.85,142.81,Completed
ORD_1743,CUST_1399,2025-03-26,Event Ticket,Instagram,83.99,55.49,Completed
ORD_1744,CUST_1084,2024-03-07,Media Package,Instagram,471.9,323.18,Completed
ORD_1745,CUST_420,2024-07-19,Partner Offer,Referral,281.94,190.32,Completed
ORD_1746,CUST_470,2025-04-01,Corporate Package,Google Search,237.24,162.03,Completed
ORD_1747,CUST_1492,2025-01-02,Partner Offer,Instagram,435.46,182.1,Completed
ORD_1748,CUST_1011,2024-08-04,Membership,Google Search,247.56,82.02,Refunded
ORD_1749,CUST_452,2025-06-02,Membership,Partnership,254.36,177.9,Completed
ORD_1750,CUST_336,2024-04-20,Media Package,Partnership,353.88,198.14,Completed
ORD_1751,CUST_1473,2024-05-24,Corporate Package,LinkedIn,438.18,248.75,Completed
ORD_1752,CUST_1483,2024-02-03,Media Package,Partnership,66.28,25.67,Refunded
ORD_1753,CUST_559,2024-05-16,Workshop,Partnership,418.39,196.51,Refunded
ORD_1754,CUST_549,2024-09-17,Creative Studio,Google Search,449.2,167.54,Completed
ORD_1755,CUST_1267,2024-02-12,Membership,Event Walk-in,22.72,10.56,Refunded
ORD_1756,CUST_50,2024-11-06,Creative Studio,Google Search,34.03,16.45,Completed
ORD_1757,CUST_762,2025-03-03,Workshop,TikTok,144.79,68.72,Cancelled
ORD_1758,CUST_381,2024-04-12,Partner Offer,Partnership,22.37,9.0,Completed
ORD_1759,CUST_12,2025-06-10,Event Ticket,Google Search,89.56,45.29,Completed
ORD_1760,CUST_911,2024-06-29,Creative Studio,TikTok,196.26,111.93,Refunded
ORD_1761,CUST_72,2024-07-19,Event Ticket,Google Search,337.27,207.72,Refunded
ORD_1762,CUST_1427,2024-11-25,Membership,Partnership,26.87,9.78,Completed
ORD_1763,CUST_387,2024-12-12,Event Ticket,Event Walk-in,296.58,195.34,Completed
ORD_1764,CUST_431,2025-06-13,Media Package,TikTok,249.22,167.85,Completed
ORD_1765,CUST_590,2024-08-16,Media Package,Referral,315.63,203.73,Completed
ORD_1766,CUST_1028,2024-10-24,Partner Offer,Instagram,246.29,96.9,Completed
ORD_1767,CUST_1121,2025-03-17,Event Ticket,LinkedIn,328.89,140.33,Completed
ORD_1768,CUST_1167,2024-01-12,Creative Studio,LinkedIn,401.3,188.7,Completed
ORD_1769,CUST_675,2024-08-19,Media Package,TikTok,416.25,208.88,Completed
ORD_1770,CUST_131,2025-05-10,Partner Offer,LinkedIn,256.01,160.93,Completed
ORD_1771,CUST_546,2024-08-30,Media Package,Google Search,104.54,46.46,Completed
ORD_1772,CUST_998,2024-05-10,Media Package,Instagram,164.17,97.54,Completed
ORD_1773,CUST_892,2025-05-10,Event Ticket,Partnership,372.8,166.59,Completed
ORD_1774,CUST_1266,2025-01-18,Membership,Google Search,55.16,19.05,Completed
ORD_1775,CUST_174,2024-06-27,Event Ticket,Google Search,305.5,201.91,Completed
ORD_1776,CUST_1260,2025-06-25,Partner Offer,Referral,398.22,142.62,Completed
ORD_1777,CUST_606,2024-11-05,Partner Offer,Referral,442.1,134.41,Completed
ORD_1778,CUST_7,2025-02-01,Workshop,Instagram,477.51,221.6,Completed
ORD_1779,CUST_461,2024-05-23,Workshop,Event Walk-in,389.86,145.13,Completed
ORD_1780,CUST_720,2024-05-24,Partner Offer,LinkedIn,249.8,127.71,Completed
ORD_1781,CUST_513,2024-04-01,Workshop,LinkedIn,427.54,206.8,Completed
ORD_1782,CUST_933,2024-07-19,Event Ticket,LinkedIn,387.92,171.13,Completed
ORD_1783,CUST_679,2024-04-18,Corporate Package,Event Walk-in,276.21,85.49,Completed
ORD_1784,CUST_689,2025-03-30,Workshop,Google Search,188.17,94.6,Refunded
ORD_1785,CUST_682,2025-04-08,Creative Studio,TikTok,348.0,152.41,Completed
ORD_1786,CUST_359,2025-01-29,Corporate Package,Partnership,64.14,29.16,Completed
ORD_1787,CUST_1431,2024-09-21,Event Ticket,LinkedIn,399.1,179.37,Refunded
ORD_1788,CUST_113,2024-04-29,Workshop,Google Search,394.64,235.53,Completed
ORD_1789,CUST_291,2025-01-07,Creative Studio,Referral,30.69,14.77,Completed
ORD_1790,CUST_10,2024-05-03,Media Package,Referral,182.21,115.88,Cancelled
ORD_1791,CUST_373,2024-11-30,Partner Offer,Event Walk-in,476.09,173.08,Completed
ORD_1792,CUST_1,2025-02-04,Partner Offer,TikTok,458.48,288.15,Completed
ORD_1793,CUST_863,2024-04-24,Creative Studio,LinkedIn,303.26,158.52,Completed
ORD_1794,CUST_1061,2024-10-05,Event Ticket,Instagram,312.48,107.74,Completed
ORD_1795,CUST_187,2025-04-22,Membership,Partnership,315.99,215.36,Completed
ORD_1796,CUST_1445,2025-05-03,Creative Studio,Google Search,380.09,145.06,Completed
ORD_1797,CUST_298,2025-03-26,Media Package,LinkedIn,163.34,67.22,Completed
ORD_1798,CUST_1411,2024-02-28,Workshop,LinkedIn,430.97,290.08,Completed
ORD_1799,CUST_871,2024-09-21,Membership,Partnership,445.16,277.41,Completed
ORD_1800,CUST_1052,2024-03-04,Workshop,Referral,198.58,100.71,Completed
ORD_1801,CUST_1482,2024-07-20,Media Package,Google Search,93.27,39.84,Completed
ORD_1802,CUST_1298,2024-02-27,Membership,TikTok,223.43,135.19,Completed
ORD_1803,CUST_603,2024-11-25,Membership,TikTok,62.03,19.82,Completed
ORD_1804,CUST_1432,2025-06-19,Membership,Event Walk-in,325.88,216.53,Completed
ORD_1805,CUST_1437,2024-08-03,Membership,Google Search,42.38,28.27,Completed
ORD_1806,CUST_1061,2025-03-13,Media Package,Instagram,118.81,80.12,Completed
ORD_1807,CUST_910,2024-11-12,Membership,Referral,341.57,127.31,Refunded
ORD_1808,CUST_98,2025-01-08,Workshop,Event Walk-in,76.1,52.84,Completed
ORD_1809,CUST_300,2025-04-19,Partner Offer,LinkedIn,315.07,127.31,Completed
ORD_1810,CUST_268,2024-09-10,Workshop,LinkedIn,55.22,33.4,Completed
ORD_1811,CUST_960,2025-02-05,Corporate Package,Instagram,76.98,23.44,Completed
ORD_1812,CUST_1343,2024-05-31,Membership,Partnership,240.49,160.09,Completed
ORD_1813,CUST_655,2024-10-03,Membership,Referral,24.71,7.76,Completed
ORD_1814,CUST_1213,2025-02-20,Membership,Google Search,344.26,157.43,Completed
ORD_1815,CUST_829,2024-06-29,Workshop,Referral,322.69,154.76,Completed
ORD_1816,CUST_40,2024-03-19,Media Package,Referral,93.21,62.6,Completed
ORD_1817,CUST_405,2025-03-23,Creative Studio,LinkedIn,283.98,132.6,Refunded
ORD_1818,CUST_705,2024-12-16,Workshop,Google Search,375.86,233.11,Completed
ORD_1819,CUST_514,2024-12-21,Membership,LinkedIn,341.18,167.43,Completed
ORD_1820,CUST_1320,2025-01-13,Partner Offer,Google Search,401.64,258.44,Completed
ORD_1821,CUST_37,2025-06-17,Workshop,Referral,445.48,146.58,Completed
ORD_1822,CUST_757,2024-05-11,Workshop,Instagram,34.09,20.97,Completed
ORD_1823,CUST_57,2025-02-26,Membership,Referral,492.07,232.0,Completed
ORD_1824,CUST_1180,2024-03-03,Workshop,Instagram,109.76,50.91,Completed
ORD_1825,CUST_70,2025-04-17,Corporate Package,Referral,192.02,89.63,Completed
ORD_1826,CUST_1489,2024-12-07,Creative Studio,Google Search,397.41,217.48,Completed
ORD_1827,CUST_633,2024-10-10,Event Ticket,Partnership,491.95,248.08,Completed
ORD_1828,CUST_667,2024-07-28,Corporate Package,Referral,449.85,273.26,Completed
ORD_1829,CUST_870,2024-11-02,Membership,TikTok,429.19,231.83,Completed
ORD_1830,CUST_769,2024-05-01,Creative Studio,LinkedIn,119.53,55.75,Completed
ORD_1831,CUST_1000,2024-03-13,Creative Studio,Referral,222.85,110.26,Completed
ORD_1832,CUST_1426,2024-02-03,Workshop,Google Search,92.83,52.89,Completed
ORD_1833,CUST_783,2025-02-02,Membership,TikTok,356.4,123.2,Completed
ORD_1834,CUST_150,2024-05-26,Workshop,Partnership,475.31,200.51,Cancelled
ORD_1835,CUST_43,2025-01-04,Media Package,Google Search,154.14,52.33,Completed
ORD_1836,CUST_1362,2024-11-12,Event Ticket,LinkedIn,324.96,179.93,Refunded
ORD_1837,CUST_343,2025-01-13,Membership,Referral,340.81,212.96,Completed
ORD_1838,CUST_1363,2025-05-11,Corporate Package,LinkedIn,468.63,195.69,Completed
ORD_1839,CUST_325,2024-01-21,Membership,Referral,402.02,148.61,Completed
ORD_1840,CUST_320,2025-04-17,Media Package,LinkedIn,463.91,186.27,Completed
ORD_1841,CUST_1163,2024-08-25,Event Ticket,Google Search,31.31,20.15,Cancelled
ORD_1842,CUST_279,2025-03-28,Workshop,Google Search,421.84,246.24,Completed
ORD_1843,CUST_57,2025-05-15,Creative Studio,Referral,67.13,23.06,Completed
ORD_1844,CUST_423,2024-01-01,Workshop,LinkedIn,213.84,104.42,Completed
ORD_1845,CUST_841,2024-12-28,Partner Offer,Referral,291.34,164.58,Completed
ORD_1846,CUST_1382,2024-04-10,Workshop,Referral,441.23,213.84,Refunded
ORD_1847,CUST_6,2024-01-24,Media Package,LinkedIn,367.42,112.36,Completed
ORD_1848,CUST_420,2024-08-21,Creative Studio,Referral,23.92,8.16,Cancelled
ORD_1849,CUST_1333,2025-02-21,Event Ticket,LinkedIn,131.45,68.31,Completed
ORD_1850,CUST_60,2024-02-12,Creative Studio,LinkedIn,349.89,163.94,Completed
ORD_1851,CUST_914,2024-03-05,Media Package,Partnership,313.4,156.89,Completed
ORD_1852,CUST_950,2024-06-05,Workshop,Google Search,381.27,151.25,Completed
ORD_1853,CUST_1371,2024-02-23,Workshop,Google Search,381.02,142.13,Completed
ORD_1854,CUST_266,2024-11-21,Event Ticket,Google Search,35.05,21.92,Completed
ORD_1855,CUST_328,2024-08-03,Workshop,Referral,415.99,196.92,Completed
ORD_1856,CUST_1059,2024-07-02,Workshop,LinkedIn,282.65,159.66,Completed
ORD_1857,CUST_560,2024-02-15,Event Ticket,TikTok,385.73,227.78,Completed
ORD_1858,CUST_1125,2024-04-05,Creative Studio,LinkedIn,89.91,27.47,Completed
ORD_1859,CUST_1432,2025-04-01,Membership,Event Walk-in,465.91,308.35,Completed
ORD_1860,CUST_194,2024-02-26,Corporate Package,Partnership,418.79,131.05,Completed
ORD_1861,CUST_119,2025-01-14,Creative Studio,LinkedIn,88.38,33.88,Completed
ORD_1862,CUST_488,2025-05-08,Workshop,Event Walk-in,59.52,19.27,Completed
ORD_1863,CUST_644,2024-01-29,Creative Studio,Google Search,423.67,265.12,Completed
ORD_1864,CUST_685,2025-05-21,Creative Studio,Google Search,167.21,53.15,Completed
ORD_1865,CUST_62,2024-10-26,Creative Studio,Instagram,410.9,276.4,Completed
ORD_1866,CUST_1426,2024-10-16,Creative Studio,Google Search,303.56,192.62,Completed
ORD_1867,CUST_909,2025-01-26,Membership,Referral,387.31,225.86,Completed
ORD_1868,CUST_31,2024-09-08,Partner Offer,Instagram,452.78,226.19,Refunded
ORD_1869,CUST_227,2024-11-10,Corporate Package,Referral,387.86,252.5,Refunded
ORD_1870,CUST_97,2024-12-16,Event Ticket,TikTok,94.7,54.12,Completed
ORD_1871,CUST_309,2024-02-13,Membership,LinkedIn,100.91,46.38,Completed
ORD_1872,CUST_192,2024-07-23,Partner Offer,Instagram,488.7,203.85,Completed
ORD_1873,CUST_216,2024-05-21,Creative Studio,Partnership,214.71,119.63,Completed
ORD_1874,CUST_470,2024-02-12,Event Ticket,Google Search,361.69,216.48,Completed
ORD_1875,CUST_110,2024-02-20,Media Package,TikTok,60.14,20.48,Completed
ORD_1876,CUST_1043,2024-09-17,Corporate Package,Partnership,393.81,174.51,Refunded
ORD_1877,CUST_818,2024-09-26,Partner Offer,Partnership,165.98,81.94,Completed
ORD_1878,CUST_1153,2024-07-25,Creative Studio,LinkedIn,71.94,35.09,Completed
ORD_1879,CUST_64,2024-09-05,Partner Offer,Event Walk-in,407.58,267.07,Cancelled
ORD_1880,CUST_386,2024-05-01,Media Package,Partnership,96.52,53.99,Completed
ORD_1881,CUST_1394,2024-07-18,Membership,Instagram,382.54,160.34,Completed
ORD_1882,CUST_1225,2024-08-27,Partner Offer,LinkedIn,22.77,14.29,Completed
ORD_1883,CUST_1086,2024-02-13,Partner Offer,Event Walk-in,443.36,263.57,Completed
ORD_1884,CUST_817,2025-04-09,Event Ticket,TikTok,227.13,145.63,Completed
ORD_1885,CUST_689,2024-06-04,Partner Offer,Google Search,119.97,67.58,Cancelled
ORD_1886,CUST_282,2025-06-28,Membership,TikTok,325.14,158.37,Completed
ORD_1887,CUST_1188,2025-01-27,Corporate Package,Google Search,457.08,226.22,Completed
ORD_1888,CUST_1244,2025-03-20,Corporate Package,Instagram,404.51,225.74,Completed
ORD_1889,CUST_128,2024-06-17,Membership,Partnership,439.41,233.87,Completed
ORD_1890,CUST_501,2025-01-20,Media Package,Referral,191.34,110.5,Cancelled
ORD_1891,CUST_141,2025-06-17,Event Ticket,LinkedIn,461.64,257.92,Completed
ORD_1892,CUST_1067,2024-01-28,Workshop,Instagram,256.68,96.74,Completed
ORD_1893,CUST_513,2024-03-03,Membership,LinkedIn,428.74,295.88,Refunded
ORD_1894,CUST_865,2024-08-29,Workshop,Partnership,316.14,177.06,Completed
ORD_1895,CUST_827,2025-02-12,Workshop,Referral,54.03,26.48,Completed
ORD_1896,CUST_918,2024-01-07,Partner Offer,Google Search,278.67,150.21,Completed
ORD_1897,CUST_1208,2024-12-30,Media Package,TikTok,75.51,37.9,Completed
ORD_1898,CUST_989,2024-11-20,Membership,TikTok,98.31,32.05,Completed
ORD_1899,CUST_1132,2025-03-09,Creative Studio,Instagram,244.43,81.0,Completed
ORD_1900,CUST_1199,2024-03-06,Event Ticket,Referral,258.26,105.82,Completed
ORD_1901,CUST_1025,2024-07-12,Creative Studio,Event Walk-in,126.89,66.2,Completed
ORD_1902,CUST_1048,2025-04-07,Corporate Package,Referral,27.45,13.55,Completed
ORD_1903,CUST_1459,2025-02-04,Membership,Partnership,450.42,187.58,Completed
ORD_1904,CUST_140,2025-02-05,Membership,Instagram,331.07,127.74,Completed
ORD_1905,CUST_585,2024-01-18,Corporate Package,Event Walk-in,245.53,75.39,Completed
ORD_1906,CUST_237,2025-05-29,Corporate Package,TikTok,356.58,132.9,Completed
ORD_1907,CUST_668,2024-05-27,Event Ticket,LinkedIn,207.4,91.93,Completed
ORD_1908,CUST_110,2025-05-01,Corporate Package,TikTok,72.92,33.32,Completed
ORD_1909,CUST_650,2024-03-18,Creative Studio,Instagram,221.39,149.73,Completed
ORD_1910,CUST_897,2024-02-15,Workshop,Google Search,355.84,115.37,Completed
ORD_1911,CUST_1462,2024-07-14,Workshop,Referral,304.03,138.35,Completed
ORD_1912,CUST_1196,2025-05-05,Membership,Partnership,392.04,211.74,Completed
ORD_1913,CUST_1356,2025-01-20,Workshop,LinkedIn,375.28,204.81,Completed
ORD_1914,CUST_1478,2024-12-14,Membership,Partnership,469.31,159.0,Completed
ORD_1915,CUST_835,2024-04-01,Event Ticket,Partnership,227.58,75.81,Completed
ORD_1916,CUST_82,2025-05-07,Membership,Google Search,219.83,136.01,Completed
ORD_1917,CUST_236,2025-06-16,Membership,Referral,252.36,99.88,Completed
ORD_1918,CUST_314,2024-11-23,Partner Offer,Partnership,290.67,184.89,Completed
ORD_1919,CUST_464,2024-10-29,Workshop,TikTok,430.4,139.48,Completed
ORD_1920,CUST_774,2024-07-01,Corporate Package,Google Search,70.41,42.26,Completed
ORD_1921,CUST_335,2025-02-02,Media Package,Instagram,497.26,173.5,Completed
ORD_1922,CUST_305,2024-06-24,Membership,Referral,20.2,9.92,Cancelled
ORD_1923,CUST_1023,2025-01-05,Workshop,LinkedIn,63.2,20.99,Completed
ORD_1924,CUST_285,2024-12-05,Corporate Package,Google Search,176.88,67.96,Completed
ORD_1925,CUST_1314,2024-03-16,Event Ticket,Google Search,237.96,105.81,Completed
ORD_1926,CUST_1012,2024-04-24,Corporate Package,Instagram,423.76,274.69,Completed
ORD_1927,CUST_775,2025-01-07,Corporate Package,Event Walk-in,296.26,129.9,Completed
ORD_1928,CUST_1392,2024-11-11,Workshop,Event Walk-in,151.52,53.17,Completed
ORD_1929,CUST_974,2025-05-18,Workshop,Referral,424.37,139.04,Completed
ORD_1930,CUST_1139,2025-04-02,Creative Studio,Event Walk-in,328.87,162.84,Completed
ORD_1931,CUST_440,2024-04-17,Partner Offer,Partnership,187.64,128.61,Completed
ORD_1932,CUST_806,2025-04-22,Event Ticket,Partnership,200.68,123.92,Cancelled
ORD_1933,CUST_1325,2024-05-17,Membership,Google Search,369.43,206.04,Completed
ORD_1934,CUST_1490,2025-04-07,Media Package,Partnership,31.54,12.92,Completed
ORD_1935,CUST_1374,2024-02-25,Membership,Event Walk-in,225.9,110.24,Completed
ORD_1936,CUST_471,2024-09-14,Corporate Package,TikTok,219.77,116.22,Refunded
ORD_1937,CUST_251,2025-06-26,Membership,Instagram,172.45,102.02,Completed
ORD_1938,CUST_323,2024-01-27,Membership,TikTok,30.42,15.93,Completed
ORD_1939,CUST_752,2024-10-07,Event Ticket,Google Search,463.24,252.39,Completed
ORD_1940,CUST_378,2024-08-23,Corporate Package,LinkedIn,299.21,147.25,Completed
ORD_1941,CUST_1040,2025-06-04,Partner Offer,TikTok,478.45,322.94,Completed
ORD_1942,CUST_1344,2024-06-02,Partner Offer,Google Search,411.25,180.02,Refunded
ORD_1943,CUST_1045,2025-04-09,Membership,Referral,112.32,73.02,Completed
ORD_1944,CUST_696,2025-04-03,Creative Studio,LinkedIn,276.3,163.8,Cancelled
ORD_1945,CUST_350,2024-04-27,Membership,Partnership,142.53,47.61,Completed
ORD_1946,CUST_626,2025-04-19,Event Ticket,TikTok,427.17,188.14,Completed
ORD_1947,CUST_1158,2025-05-20,Partner Offer,TikTok,53.51,21.58,Completed
ORD_1948,CUST_621,2024-08-04,Membership,TikTok,304.4,102.21,Completed
ORD_1949,CUST_539,2024-07-04,Membership,Google Search,220.41,142.27,Completed
ORD_1950,CUST_445,2025-04-23,Media Package,Instagram,136.53,92.79,Completed
ORD_1951,CUST_297,2025-06-29,Workshop,Referral,347.98,160.42,Completed
ORD_1952,CUST_160,2024-04-30,Membership,Google Search,375.52,232.06,Completed
ORD_1953,CUST_1046,2025-03-03,Membership,TikTok,472.13,202.57,Completed
ORD_1954,CUST_1387,2024-07-31,Membership,TikTok,485.1,192.7,Completed
ORD_1955,CUST_1424,2024-12-21,Workshop,Referral,50.99,20.21,Completed
ORD_1956,CUST_1063,2025-01-11,Media Package,Referral,342.34,111.97,Refunded
ORD_1957,CUST_1228,2025-02-11,Membership,Referral,263.81,174.02,Completed
ORD_1958,CUST_1117,2024-06-24,Workshop,Partnership,253.47,120.25,Refunded
ORD_1959,CUST_75,2024-11-29,Partner Offer,Referral,195.32,130.69,Completed
ORD_1960,CUST_303,2024-11-07,Partner Offer,TikTok,494.64,216.74,Completed
ORD_1961,CUST_141,2024-11-01,Media Package,LinkedIn,204.14,89.59,Completed
ORD_1962,CUST_522,2024-08-01,Partner Offer,Google Search,190.92,109.4,Completed
ORD_1963,CUST_64,2024-07-19,Partner Offer,Event Walk-in,315.66,168.68,Completed
ORD_1964,CUST_834,2024-06-28,Creative Studio,Referral,440.58,240.82,Cancelled
ORD_1965,CUST_908,2024-10-26,Partner Offer,TikTok,88.34,31.41,Completed
ORD_1966,CUST_284,2025-03-14,Creative Studio,Google Search,348.73,122.34,Cancelled
ORD_1967,CUST_323,2025-03-23,Media Package,TikTok,404.04,194.68,Completed
ORD_1968,CUST_113,2024-11-27,Corporate Package,Google Search,275.45,189.25,Completed
ORD_1969,CUST_1226,2024-01-05,Creative Studio,Instagram,249.87,146.97,Completed
ORD_1970,CUST_289,2025-02-20,Partner Offer,Referral,379.26,239.16,Completed
ORD_1971,CUST_1203,2024-02-23,Media Package,Referral,419.37,225.72,Completed
ORD_1972,CUST_452,2025-02-27,Creative Studio,Partnership,410.56,191.55,Refunded
ORD_1973,CUST_1168,2024-03-09,Event Ticket,Event Walk-in,341.83,191.92,Completed
ORD_1974,CUST_1253,2024-01-06,Creative Studio,TikTok,494.2,194.93,Completed
ORD_1975,CUST_1484,2024-12-05,Media Package,LinkedIn,388.15,135.0,Completed
ORD_1976,CUST_1295,2024-01-03,Creative Studio,Event Walk-in,459.76,251.36,Refunded
ORD_1977,CUST_1500,2025-03-10,Creative Studio,Google Search,363.87,170.04,Completed
ORD_1978,CUST_353,2025-05-26,Workshop,Referral,448.37,177.59,Completed
ORD_1979,CUST_962,2024-02-18,Partner Offer,LinkedIn,41.39,18.44,Completed
ORD_1980,CUST_143,2025-02-10,Media Package,LinkedIn,421.11,255.81,Completed
ORD_1981,CUST_1487,2025-02-03,Membership,Referral,353.64,141.46,Completed
ORD_1982,CUST_213,2024-07-06,Workshop,Event Walk-in,277.1,178.2,Completed
ORD_1983,CUST_979,2024-10-29,Event Ticket,Event Walk-in,475.8,263.07,Completed
ORD_1984,CUST_452,2025-04-20,Creative Studio,Partnership,226.27,88.57,Completed
ORD_1985,CUST_630,2024-06-15,Event Ticket,Referral,343.91,138.09,Completed
ORD_1986,CUST_1195,2024-06-10,Membership,Instagram,57.22,39.57,Completed
ORD_1987,CUST_8,2024-04-22,Membership,Referral,397.61,263.27,Completed
ORD_1988,CUST_658,2024-08-17,Workshop,Instagram,28.4,12.01,Completed
ORD_1989,CUST_988,2024-10-15,Creative Studio,TikTok,378.85,233.37,Completed
ORD_1990,CUST_88,2025-01-26,Partner Offer,Event Walk-in,448.11,236.57,Completed
ORD_1991,CUST_1085,2025-05-19,Media Package,TikTok,230.12,85.39,Completed
ORD_1992,CUST_1433,2024-04-08,Partner Offer,Referral,128.14,60.35,Completed
ORD_1993,CUST_1413,2025-04-20,Creative Studio,Event Walk-in,217.75,126.07,Completed
ORD_1994,CUST_182,2025-04-27,Corporate Package,Google Search,429.73,204.97,Completed
ORD_1995,CUST_957,2024-04-09,Membership,LinkedIn,217.06,93.34,Completed
ORD_1996,CUST_176,2024-12-02,Creative Studio,Google Search,263.45,181.06,Completed
ORD_1997,CUST_1322,2024-09-03,Corporate Package,Google Search,70.04,34.61,Cancelled
ORD_1998,CUST_451,2024-11-16,Membership,LinkedIn,82.45,47.69,Refunded
ORD_1999,CUST_1326,2024-08-20,Creative Studio,LinkedIn,167.77,69.34,Completed
ORD_2000,CUST_783,2024-10-27,Workshop,TikTok,425.66,132.5,Completed
ORD_2001,CUST_537,2024-03-09,Media Package,Instagram,474.93,315.06,Completed
ORD_2002,CUST_953,2024-08-16,Creative Studio,TikTok,29.24,18.97,Refunded
ORD_2003,CUST_179,2024-12-13,Membership,Instagram,42.49,16.59,Completed
ORD_2004,CUST_558,2025-04-29,Corporate Package,TikTok,28.42,11.55,Completed
ORD_2005,CUST_1008,2024-03-22,Membership,LinkedIn,419.76,216.03,Cancelled
ORD_2006,CUST_218,2024-02-15,Event Ticket,Google Search,75.44,47.68,Completed
ORD_2007,CUST_13,2025-05-23,Corporate Package,LinkedIn,272.47,138.87,Completed
ORD_2008,CUST_1435,2025-04-13,Membership,Instagram,240.4,105.6,Completed
ORD_2009,CUST_505,2024-05-05,Event Ticket,Partnership,368.56,138.75,Completed
ORD_2010,CUST_383,2025-03-09,Membership,Instagram,30.39,13.29,Completed
ORD_2011,CUST_1001,2024-01-27,Workshop,Event Walk-in,449.46,172.0,Completed
ORD_2012,CUST_268,2024-04-08,Partner Offer,LinkedIn,59.28,21.87,Completed
ORD_2013,CUST_218,2024-01-03,Creative Studio,Google Search,111.19,44.44,Completed
ORD_2014,CUST_1016,2024-11-25,Workshop,Referral,52.25,22.66,Completed
ORD_2015,CUST_411,2024-04-14,Workshop,Partnership,342.38,227.42,Completed
ORD_2016,CUST_880,2024-10-02,Event Ticket,Referral,295.51,147.95,Completed
ORD_2017,CUST_1150,2025-01-05,Workshop,LinkedIn,463.05,159.04,Completed
ORD_2018,CUST_1035,2025-06-16,Membership,Event Walk-in,314.61,199.18,Completed
ORD_2019,CUST_826,2024-10-24,Creative Studio,LinkedIn,312.72,98.0,Completed
ORD_2020,CUST_633,2024-10-06,Membership,Partnership,412.62,252.63,Completed
ORD_2021,CUST_1416,2024-11-02,Membership,TikTok,117.5,56.29,Completed
ORD_2022,CUST_1456,2025-06-05,Creative Studio,LinkedIn,271.86,130.46,Completed
ORD_2023,CUST_391,2025-06-10,Membership,LinkedIn,143.47,57.61,Completed
ORD_2024,CUST_517,2025-02-20,Creative Studio,Instagram,321.96,164.82,Completed
ORD_2025,CUST_1298,2024-02-06,Partner Offer,TikTok,85.54,51.45,Completed
ORD_2026,CUST_10,2025-03-29,Membership,Referral,22.26,12.45,Completed
ORD_2027,CUST_1177,2024-02-05,Corporate Package,Referral,135.09,51.85,Completed
ORD_2028,CUST_799,2024-05-02,Creative Studio,Partnership,209.15,94.32,Cancelled
ORD_2029,CUST_1207,2024-05-03,Workshop,Google Search,351.05,226.3,Completed
ORD_2030,CUST_799,2024-07-28,Media Package,Partnership,376.41,186.67,Completed
ORD_2031,CUST_1137,2025-04-03,Partner Offer,Partnership,67.99,25.61,Completed
ORD_2032,CUST_143,2024-01-03,Partner Offer,LinkedIn,195.04,72.17,Refunded
ORD_2033,CUST_645,2025-01-23,Corporate Package,Partnership,415.14,227.33,Refunded
ORD_2034,CUST_933,2025-02-15,Event Ticket,LinkedIn,288.41,100.38,Refunded
ORD_2035,CUST_1203,2025-03-09,Workshop,Referral,305.84,147.74,Completed
ORD_2036,CUST_967,2024-08-04,Partner Offer,Partnership,133.73,48.31,Completed
ORD_2037,CUST_1007,2024-04-12,Membership,Referral,455.2,317.72,Completed
ORD_2038,CUST_1312,2024-09-25,Partner Offer,Event Walk-in,380.13,250.6,Refunded
ORD_2039,CUST_1378,2024-07-28,Media Package,TikTok,330.63,154.61,Completed
ORD_2040,CUST_1122,2024-11-16,Partner Offer,Instagram,379.09,125.59,Completed
ORD_2041,CUST_1245,2025-01-08,Workshop,Event Walk-in,175.97,102.33,Cancelled
ORD_2042,CUST_509,2025-05-11,Media Package,LinkedIn,67.21,34.72,Completed
ORD_2043,CUST_349,2025-02-23,Workshop,Event Walk-in,323.19,178.48,Completed
ORD_2044,CUST_288,2024-05-14,Membership,Instagram,215.97,86.64,Completed
ORD_2045,CUST_82,2024-04-23,Partner Offer,Google Search,181.56,107.74,Completed
ORD_2046,CUST_275,2024-09-14,Workshop,Referral,263.14,87.61,Completed
ORD_2047,CUST_287,2024-01-22,Partner Offer,Instagram,360.28,231.09,Completed
ORD_2048,CUST_1061,2024-07-01,Media Package,Instagram,316.86,140.44,Completed
ORD_2049,CUST_1291,2024-01-20,Event Ticket,Referral,280.79,128.0,Completed
ORD_2050,CUST_1083,2024-08-18,Creative Studio,Event Walk-in,138.94,48.35,Completed
ORD_2051,CUST_390,2024-05-20,Event Ticket,Partnership,384.19,215.74,Refunded
ORD_2052,CUST_1068,2024-09-22,Creative Studio,Event Walk-in,245.58,107.48,Cancelled
ORD_2053,CUST_688,2025-01-27,Workshop,Event Walk-in,190.47,85.97,Completed
ORD_2054,CUST_717,2025-04-25,Membership,TikTok,278.57,104.93,Completed
ORD_2055,CUST_1077,2024-09-24,Membership,LinkedIn,325.97,123.69,Completed
ORD_2056,CUST_848,2025-03-09,Membership,TikTok,184.7,82.57,Completed
ORD_2057,CUST_185,2025-01-02,Workshop,Partnership,384.97,190.65,Refunded
ORD_2058,CUST_1052,2024-10-02,Workshop,Referral,317.26,136.75,Completed
ORD_2059,CUST_405,2024-09-05,Corporate Package,LinkedIn,347.84,184.76,Completed
ORD_2060,CUST_604,2025-04-29,Corporate Package,LinkedIn,499.57,156.89,Completed
ORD_2061,CUST_376,2024-01-03,Event Ticket,LinkedIn,387.25,208.47,Completed
ORD_2062,CUST_821,2024-03-31,Corporate Package,Referral,222.75,90.76,Completed
ORD_2063,CUST_1221,2024-03-30,Event Ticket,Google Search,480.39,320.56,Completed
ORD_2064,CUST_171,2024-08-27,Partner Offer,Google Search,368.13,129.98,Completed
ORD_2065,CUST_1368,2024-11-29,Corporate Package,Google Search,421.78,209.66,Refunded
ORD_2066,CUST_591,2024-08-01,Membership,Event Walk-in,50.62,31.11,Completed
ORD_2067,CUST_999,2024-08-28,Membership,Partnership,100.69,42.59,Completed
ORD_2068,CUST_782,2025-03-28,Event Ticket,LinkedIn,366.29,164.18,Completed
ORD_2069,CUST_50,2024-04-10,Membership,Google Search,400.24,125.23,Completed
ORD_2070,CUST_43,2025-05-11,Partner Offer,Google Search,247.0,102.95,Completed
ORD_2071,CUST_70,2024-09-02,Membership,Referral,183.88,122.91,Completed
ORD_2072,CUST_679,2025-05-11,Partner Offer,Event Walk-in,413.01,245.92,Completed
ORD_2073,CUST_1199,2024-02-11,Partner Offer,Referral,102.34,33.31,Completed
ORD_2074,CUST_541,2024-03-11,Membership,LinkedIn,291.98,156.07,Completed
ORD_2075,CUST_886,2024-06-25,Membership,Referral,356.01,224.19,Completed
ORD_2076,CUST_285,2025-06-03,Membership,Google Search,153.55,67.21,Completed
ORD_2077,CUST_840,2024-02-25,Creative Studio,Instagram,72.75,24.88,Completed
ORD_2078,CUST_1139,2024-10-27,Corporate Package,Event Walk-in,304.21,155.86,Completed
ORD_2079,CUST_924,2024-09-01,Partner Offer,Referral,98.65,40.7,Completed
ORD_2080,CUST_1417,2025-05-17,Workshop,Instagram,59.42,40.2,Completed
ORD_2081,CUST_371,2024-04-10,Media Package,Event Walk-in,463.5,220.76,Refunded
ORD_2082,CUST_549,2024-12-27,Media Package,Google Search,80.52,34.94,Completed
ORD_2083,CUST_624,2024-02-05,Partner Offer,TikTok,71.11,47.95,Completed
ORD_2084,CUST_743,2024-05-24,Corporate Package,Instagram,490.54,271.25,Refunded
ORD_2085,CUST_859,2024-01-18,Event Ticket,Google Search,206.96,67.32,Completed
ORD_2086,CUST_925,2024-07-09,Workshop,Google Search,197.28,60.51,Completed
ORD_2087,CUST_1193,2024-05-16,Creative Studio,LinkedIn,417.42,242.24,Completed
ORD_2088,CUST_835,2025-05-25,Event Ticket,Partnership,212.51,94.19,Completed
ORD_2089,CUST_796,2024-08-16,Partner Offer,Partnership,128.92,80.74,Completed
ORD_2090,CUST_327,2024-04-07,Membership,TikTok,475.23,244.87,Completed
ORD_2091,CUST_1463,2024-10-09,Membership,TikTok,481.85,206.82,Completed
ORD_2092,CUST_13,2024-08-17,Event Ticket,LinkedIn,401.11,217.51,Completed
ORD_2093,CUST_1307,2025-04-29,Workshop,LinkedIn,476.31,187.36,Completed
ORD_2094,CUST_1292,2024-04-03,Media Package,Instagram,370.2,131.44,Completed
ORD_2095,CUST_404,2024-09-08,Creative Studio,TikTok,147.07,80.75,Completed
ORD_2096,CUST_996,2024-08-26,Media Package,Instagram,250.58,135.92,Completed
ORD_2097,CUST_598,2024-06-15,Event Ticket,Partnership,234.99,94.81,Completed
ORD_2098,CUST_1034,2024-12-08,Partner Offer,Referral,316.67,169.54,Completed
ORD_2099,CUST_1086,2025-05-13,Workshop,Event Walk-in,90.82,58.72,Completed
ORD_2100,CUST_1484,2025-01-11,Creative Studio,LinkedIn,465.68,222.83,Completed
ORD_2101,CUST_570,2024-03-24,Event Ticket,Partnership,51.92,28.72,Completed
ORD_2102,CUST_171,2025-04-07,Event Ticket,Google Search,244.89,144.46,Completed
ORD_2103,CUST_1449,2025-03-03,Membership,Event Walk-in,432.04,162.41,Completed
ORD_2104,CUST_143,2024-05-20,Event Ticket,LinkedIn,66.05,31.01,Completed
ORD_2105,CUST_785,2024-10-01,Event Ticket,TikTok,335.5,146.14,Completed
ORD_2106,CUST_990,2025-01-21,Media Package,Partnership,293.39,106.03,Completed
ORD_2107,CUST_208,2024-12-11,Corporate Package,TikTok,496.69,291.12,Completed
ORD_2108,CUST_1224,2025-02-02,Membership,Referral,150.46,99.85,Completed
ORD_2109,CUST_734,2024-05-10,Event Ticket,Google Search,29.51,16.38,Completed
ORD_2110,CUST_202,2024-09-08,Corporate Package,Referral,134.48,67.19,Completed
ORD_2111,CUST_435,2024-04-12,Event Ticket,Referral,312.44,137.95,Completed
ORD_2112,CUST_407,2024-09-19,Workshop,TikTok,102.98,66.41,Completed
ORD_2113,CUST_1100,2024-11-30,Event Ticket,Google Search,50.64,31.18,Completed
ORD_2114,CUST_1125,2024-03-25,Partner Offer,LinkedIn,244.13,116.42,Completed
ORD_2115,CUST_1089,2024-10-19,Workshop,Instagram,453.54,305.63,Refunded
ORD_2116,CUST_1101,2024-09-19,Creative Studio,TikTok,288.16,140.21,Completed
ORD_2117,CUST_177,2024-10-11,Corporate Package,Referral,462.02,182.41,Completed
ORD_2118,CUST_989,2024-05-24,Creative Studio,TikTok,194.93,91.08,Completed
ORD_2119,CUST_271,2024-05-30,Corporate Package,Instagram,332.33,134.08,Refunded
ORD_2120,CUST_259,2024-02-26,Creative Studio,Event Walk-in,106.31,54.35,Completed
ORD_2121,CUST_1354,2024-11-09,Membership,Partnership,475.36,310.05,Completed
ORD_2122,CUST_396,2025-04-03,Partner Offer,Referral,391.02,166.4,Completed
ORD_2123,CUST_1397,2024-08-24,Workshop,Partnership,364.92,150.46,Completed
ORD_2124,CUST_526,2024-01-02,Creative Studio,Referral,496.46,270.13,Completed
ORD_2125,CUST_818,2024-11-29,Event Ticket,Partnership,97.74,58.39,Refunded
ORD_2126,CUST_1014,2024-11-04,Creative Studio,Instagram,497.51,310.82,Completed
ORD_2127,CUST_64,2025-01-06,Media Package,Event Walk-in,284.64,153.63,Completed
ORD_2128,CUST_939,2024-03-10,Partner Offer,Referral,371.15,184.73,Completed
ORD_2129,CUST_1210,2024-11-21,Membership,Instagram,158.29,99.16,Completed
ORD_2130,CUST_375,2025-06-07,Partner Offer,Google Search,127.27,60.89,Completed
ORD_2131,CUST_970,2025-02-07,Creative Studio,TikTok,419.99,167.82,Completed
ORD_2132,CUST_1088,2024-01-18,Workshop,TikTok,350.97,134.51,Completed
ORD_2133,CUST_1036,2024-01-26,Creative Studio,Partnership,145.67,89.12,Completed
ORD_2134,CUST_1217,2024-03-25,Media Package,Referral,36.32,18.39,Refunded
ORD_2135,CUST_316,2024-10-27,Membership,LinkedIn,72.35,28.19,Completed
ORD_2136,CUST_1415,2024-04-10,Membership,Google Search,318.36,218.76,Completed
ORD_2137,CUST_1339,2025-05-26,Creative Studio,LinkedIn,97.72,29.69,Completed
ORD_2138,CUST_502,2024-08-12,Workshop,Google Search,241.21,105.16,Completed
ORD_2139,CUST_340,2025-05-11,Media Package,LinkedIn,285.59,112.62,Refunded
ORD_2140,CUST_479,2024-05-15,Corporate Package,LinkedIn,344.95,119.9,Completed
ORD_2141,CUST_911,2025-03-27,Corporate Package,TikTok,153.14,81.16,Completed
ORD_2142,CUST_174,2025-01-05,Creative Studio,Google Search,362.59,232.09,Completed
ORD_2143,CUST_139,2024-06-16,Creative Studio,Event Walk-in,117.0,44.15,Completed
ORD_2144,CUST_491,2024-11-20,Partner Offer,LinkedIn,321.19,141.98,Cancelled
ORD_2145,CUST_401,2024-01-02,Corporate Package,Referral,158.27,101.99,Completed
ORD_2146,CUST_1468,2025-06-23,Corporate Package,Instagram,224.54,79.66,Completed
ORD_2147,CUST_150,2024-04-10,Membership,Partnership,174.87,79.72,Completed
ORD_2148,CUST_511,2024-05-20,Membership,TikTok,254.12,80.46,Completed
ORD_2149,CUST_358,2025-04-11,Membership,TikTok,40.99,18.92,Completed
ORD_2150,CUST_507,2024-10-31,Event Ticket,Instagram,67.8,29.17,Completed
ORD_2151,CUST_1287,2024-12-19,Membership,TikTok,43.09,29.6,Completed
ORD_2152,CUST_654,2024-02-20,Corporate Package,Instagram,274.42,84.64,Completed
ORD_2153,CUST_635,2025-03-15,Membership,TikTok,121.22,50.15,Completed
ORD_2154,CUST_635,2025-05-16,Media Package,TikTok,42.62,25.27,Completed
ORD_2155,CUST_1254,2025-01-16,Membership,Referral,114.15,39.78,Completed
ORD_2156,CUST_508,2024-01-01,Workshop,LinkedIn,210.14,73.98,Completed
ORD_2157,CUST_1188,2025-06-26,Membership,Google Search,234.89,110.69,Cancelled
ORD_2158,CUST_758,2025-04-16,Creative Studio,Partnership,243.22,99.92,Completed
ORD_2159,CUST_203,2024-07-02,Media Package,Referral,170.43,58.73,Refunded
ORD_2160,CUST_389,2024-06-11,Event Ticket,Instagram,128.76,71.18,Completed
ORD_2161,CUST_1220,2024-10-14,Partner Offer,Event Walk-in,310.04,179.36,Cancelled
ORD_2162,CUST_536,2025-01-13,Event Ticket,Google Search,373.38,150.23,Completed
ORD_2163,CUST_704,2025-06-19,Creative Studio,TikTok,246.58,96.98,Completed
ORD_2164,CUST_673,2025-06-12,Corporate Package,Instagram,114.63,57.18,Completed
ORD_2165,CUST_594,2025-06-24,Event Ticket,LinkedIn,136.81,76.07,Refunded
ORD_2166,CUST_528,2024-10-03,Membership,TikTok,199.45,129.44,Completed
ORD_2167,CUST_491,2025-05-23,Partner Offer,LinkedIn,107.63,36.88,Refunded
ORD_2168,CUST_1017,2024-08-28,Creative Studio,LinkedIn,384.34,215.97,Completed
ORD_2169,CUST_1433,2024-01-03,Media Package,Referral,23.81,14.34,Completed
ORD_2170,CUST_1199,2024-07-24,Corporate Package,Referral,359.46,239.19,Refunded
ORD_2171,CUST_1413,2024-11-22,Creative Studio,Event Walk-in,314.8,125.89,Completed
ORD_2172,CUST_115,2024-11-12,Membership,Partnership,462.77,165.72,Completed
ORD_2173,CUST_27,2025-04-09,Corporate Package,Partnership,89.45,50.69,Completed
ORD_2174,CUST_767,2025-03-31,Membership,Event Walk-in,462.26,161.25,Completed
ORD_2175,CUST_83,2024-10-03,Event Ticket,TikTok,317.75,158.58,Completed
ORD_2176,CUST_1066,2024-08-08,Membership,Event Walk-in,181.16,68.35,Completed
ORD_2177,CUST_639,2024-10-10,Partner Offer,LinkedIn,351.09,147.1,Completed
ORD_2178,CUST_1378,2024-02-02,Partner Offer,TikTok,63.29,22.46,Completed
ORD_2179,CUST_461,2024-03-23,Corporate Package,Event Walk-in,65.38,25.94,Completed
ORD_2180,CUST_837,2025-04-15,Membership,TikTok,174.84,89.83,Completed
ORD_2181,CUST_624,2024-07-16,Membership,TikTok,352.13,208.44,Completed
ORD_2182,CUST_669,2024-08-20,Event Ticket,Partnership,435.24,158.75,Completed
ORD_2183,CUST_1482,2025-05-24,Partner Offer,Google Search,306.02,182.74,Cancelled
ORD_2184,CUST_785,2024-11-09,Creative Studio,TikTok,217.11,83.21,Completed
ORD_2185,CUST_76,2024-09-01,Partner Offer,Google Search,209.86,146.72,Completed
ORD_2186,CUST_517,2024-01-30,Media Package,Instagram,240.22,132.79,Completed
ORD_2187,CUST_889,2024-05-18,Event Ticket,Event Walk-in,204.85,121.68,Refunded
ORD_2188,CUST_854,2024-06-20,Creative Studio,Event Walk-in,446.39,261.91,Completed
ORD_2189,CUST_738,2025-03-18,Workshop,Event Walk-in,353.92,196.31,Cancelled
ORD_2190,CUST_1439,2024-02-21,Membership,Referral,278.24,159.81,Completed
ORD_2191,CUST_260,2024-04-24,Workshop,TikTok,236.01,99.57,Cancelled
ORD_2192,CUST_373,2024-07-02,Media Package,Event Walk-in,460.19,245.06,Completed
ORD_2193,CUST_711,2024-10-14,Creative Studio,Partnership,438.05,139.5,Completed
ORD_2194,CUST_1184,2025-01-03,Membership,Event Walk-in,79.24,42.03,Cancelled
ORD_2195,CUST_538,2025-03-27,Media Package,Partnership,306.59,161.7,Completed
ORD_2196,CUST_360,2024-03-19,Creative Studio,Google Search,331.97,228.37,Completed
ORD_2197,CUST_886,2024-08-03,Event Ticket,Referral,100.16,67.61,Completed
ORD_2198,CUST_1055,2025-04-19,Media Package,Google Search,391.47,151.16,Completed
ORD_2199,CUST_228,2024-12-31,Event Ticket,Referral,423.25,287.46,Completed
ORD_2200,CUST_1325,2025-01-01,Partner Offer,Google Search,179.15,106.18,Refunded
ORD_2201,CUST_163,2024-04-19,Workshop,Event Walk-in,402.69,251.33,Completed
ORD_2202,CUST_850,2025-01-16,Creative Studio,Google Search,189.6,64.99,Completed
ORD_2203,CUST_432,2024-01-22,Partner Offer,Referral,484.03,217.78,Completed
ORD_2204,CUST_832,2025-03-24,Media Package,LinkedIn,362.36,214.85,Completed
ORD_2205,CUST_1229,2024-05-09,Membership,LinkedIn,270.36,85.64,Completed
ORD_2206,CUST_1234,2024-05-20,Creative Studio,Google Search,129.01,45.24,Completed
ORD_2207,CUST_590,2025-01-11,Event Ticket,Referral,420.38,194.82,Completed
ORD_2208,CUST_397,2024-02-04,Event Ticket,LinkedIn,257.95,105.09,Completed
ORD_2209,CUST_1251,2025-02-24,Partner Offer,Partnership,223.41,114.67,Completed
ORD_2210,CUST_1330,2025-04-27,Partner Offer,Referral,250.84,102.9,Completed
ORD_2211,CUST_529,2025-05-01,Corporate Package,Event Walk-in,399.03,120.17,Completed
ORD_2212,CUST_423,2024-10-03,Partner Offer,LinkedIn,223.5,85.1,Completed
ORD_2213,CUST_1470,2024-04-03,Corporate Package,Partnership,134.12,49.37,Completed
ORD_2214,CUST_510,2024-10-02,Partner Offer,LinkedIn,324.57,183.24,Refunded
ORD_2215,CUST_287,2025-05-29,Event Ticket,Instagram,218.04,66.52,Refunded
ORD_2216,CUST_534,2024-08-20,Partner Offer,Instagram,350.82,145.45,Completed
ORD_2217,CUST_669,2024-06-29,Event Ticket,Partnership,366.88,231.78,Completed
ORD_2218,CUST_48,2024-03-20,Workshop,Instagram,267.02,120.11,Completed
ORD_2219,CUST_1224,2025-02-20,Membership,Referral,432.65,267.52,Cancelled
ORD_2220,CUST_534,2025-04-30,Membership,Instagram,83.59,53.2,Completed
ORD_2221,CUST_1256,2024-04-25,Event Ticket,Google Search,72.12,38.95,Completed
ORD_2222,CUST_1156,2025-06-17,Event Ticket,Partnership,270.62,108.38,Completed
ORD_2223,CUST_809,2024-07-29,Partner Offer,Partnership,312.87,190.2,Completed
ORD_2224,CUST_1418,2024-02-23,Membership,Partnership,324.04,181.38,Completed
ORD_2225,CUST_1298,2024-08-26,Media Package,TikTok,228.78,97.55,Completed
ORD_2226,CUST_719,2024-02-07,Media Package,Google Search,224.97,147.42,Completed
ORD_2227,CUST_350,2024-10-28,Workshop,Partnership,209.87,77.98,Completed
ORD_2228,CUST_794,2024-06-27,Corporate Package,Instagram,430.95,157.47,Completed
ORD_2229,CUST_456,2024-06-05,Workshop,TikTok,208.41,135.46,Completed
ORD_2230,CUST_1064,2024-10-15,Partner Offer,Instagram,302.98,185.2,Refunded
ORD_2231,CUST_607,2025-02-06,Creative Studio,Instagram,51.38,17.36,Cancelled
ORD_2232,CUST_854,2024-10-12,Media Package,Event Walk-in,208.35,133.97,Completed
ORD_2233,CUST_995,2024-03-19,Media Package,Google Search,330.05,118.96,Completed
ORD_2234,CUST_1270,2024-10-31,Creative Studio,Partnership,264.14,99.9,Completed
ORD_2235,CUST_806,2024-02-24,Membership,Partnership,497.23,264.16,Completed
ORD_2236,CUST_816,2024-08-18,Creative Studio,LinkedIn,138.3,50.73,Cancelled
ORD_2237,CUST_203,2024-10-15,Membership,Referral,432.62,250.28,Completed
ORD_2238,CUST_171,2024-07-27,Media Package,Google Search,321.59,109.35,Completed
ORD_2239,CUST_132,2024-09-18,Media Package,Event Walk-in,215.32,92.19,Completed
ORD_2240,CUST_643,2025-01-28,Corporate Package,Instagram,53.8,31.74,Completed
ORD_2241,CUST_141,2024-06-20,Media Package,LinkedIn,291.7,181.28,Refunded
ORD_2242,CUST_29,2025-05-08,Media Package,Google Search,182.14,84.12,Completed
ORD_2243,CUST_1347,2024-11-07,Corporate Package,TikTok,320.52,120.01,Completed
ORD_2244,CUST_512,2024-01-13,Creative Studio,Referral,119.61,43.02,Completed
ORD_2245,CUST_1284,2024-12-09,Membership,Partnership,219.39,77.77,Completed
ORD_2246,CUST_647,2024-10-28,Corporate Package,Referral,262.46,159.44,Completed
ORD_2247,CUST_1388,2024-02-14,Creative Studio,Instagram,146.57,86.89,Completed
ORD_2248,CUST_1224,2025-03-13,Creative Studio,Referral,243.09,148.99,Cancelled
ORD_2249,CUST_595,2024-05-30,Creative Studio,Instagram,287.75,104.62,Completed
ORD_2250,CUST_519,2025-04-05,Workshop,TikTok,253.45,93.73,Completed
ORD_2251,CUST_78,2024-10-05,Membership,Google Search,35.1,20.72,Completed
ORD_2252,CUST_161,2025-02-11,Event Ticket,LinkedIn,31.97,15.97,Completed
ORD_2253,CUST_19,2024-07-12,Creative Studio,TikTok,464.37,288.99,Refunded
ORD_2254,CUST_152,2025-06-07,Workshop,Partnership,463.78,218.32,Completed
ORD_2255,CUST_144,2024-08-15,Event Ticket,Event Walk-in,128.07,56.31,Completed
ORD_2256,CUST_591,2024-02-17,Event Ticket,Event Walk-in,117.84,59.01,Completed
ORD_2257,CUST_153,2024-12-17,Membership,Google Search,122.74,50.52,Refunded
ORD_2258,CUST_213,2025-01-14,Membership,Event Walk-in,261.51,94.28,Refunded
ORD_2259,CUST_1282,2024-04-08,Partner Offer,Partnership,61.47,39.25,Completed
ORD_2260,CUST_86,2024-11-21,Creative Studio,Event Walk-in,108.44,46.97,Completed
ORD_2261,CUST_795,2024-09-18,Event Ticket,Google Search,446.1,156.78,Completed
ORD_2262,CUST_229,2024-01-24,Corporate Package,TikTok,74.25,29.58,Completed
ORD_2263,CUST_240,2024-08-06,Partner Offer,Google Search,36.08,18.31,Completed
ORD_2264,CUST_1019,2024-03-03,Corporate Package,LinkedIn,28.35,19.47,Completed
ORD_2265,CUST_1070,2024-01-28,Workshop,Partnership,403.68,149.78,Completed
ORD_2266,CUST_1140,2024-09-03,Creative Studio,Instagram,319.05,191.26,Completed
ORD_2267,CUST_520,2025-01-13,Creative Studio,TikTok,222.72,93.84,Cancelled
ORD_2268,CUST_837,2024-08-17,Media Package,TikTok,81.02,42.63,Completed
ORD_2269,CUST_385,2024-09-26,Corporate Package,LinkedIn,457.47,141.83,Completed
ORD_2270,CUST_922,2025-01-17,Partner Offer,Google Search,432.35,164.63,Completed
ORD_2271,CUST_241,2025-05-09,Creative Studio,TikTok,87.83,52.12,Completed
ORD_2272,CUST_513,2024-10-26,Membership,LinkedIn,266.75,128.39,Completed
ORD_2273,CUST_1039,2024-02-29,Corporate Package,Partnership,332.49,185.74,Completed
ORD_2274,CUST_1166,2024-11-06,Membership,TikTok,384.91,211.91,Completed
ORD_2275,CUST_357,2024-06-20,Partner Offer,LinkedIn,324.83,111.04,Completed
ORD_2276,CUST_1242,2025-02-17,Workshop,Event Walk-in,244.34,100.28,Completed
ORD_2277,CUST_481,2025-05-21,Corporate Package,Google Search,163.98,66.92,Completed
ORD_2278,CUST_777,2024-03-04,Partner Offer,Google Search,283.3,122.07,Completed
ORD_2279,CUST_1241,2025-04-08,Workshop,Google Search,48.88,17.13,Refunded
ORD_2280,CUST_455,2025-03-17,Partner Offer,Instagram,59.3,24.71,Completed
ORD_2281,CUST_1372,2024-07-04,Partner Offer,TikTok,400.85,245.9,Completed
ORD_2282,CUST_333,2024-02-28,Partner Offer,Event Walk-in,257.26,126.89,Completed
ORD_2283,CUST_829,2024-12-07,Workshop,Referral,361.21,128.15,Completed
ORD_2284,CUST_891,2025-02-17,Media Package,LinkedIn,85.76,53.07,Completed
ORD_2285,CUST_1417,2024-09-24,Creative Studio,Instagram,26.93,15.85,Completed
ORD_2286,CUST_1455,2024-08-15,Corporate Package,LinkedIn,214.3,74.64,Refunded
ORD_2287,CUST_560,2024-06-11,Partner Offer,TikTok,103.16,32.19,Completed
ORD_2288,CUST_1106,2025-05-08,Event Ticket,Partnership,221.98,127.46,Completed
ORD_2289,CUST_862,2024-06-07,Media Package,Instagram,41.16,15.04,Completed
ORD_2290,CUST_1099,2024-08-09,Media Package,Referral,452.75,183.4,Refunded
ORD_2291,CUST_849,2024-01-21,Event Ticket,Google Search,280.53,99.88,Completed
ORD_2292,CUST_1190,2025-01-11,Partner Offer,LinkedIn,338.02,231.25,Completed
ORD_2293,CUST_892,2025-01-29,Membership,Partnership,54.43,21.88,Completed
ORD_2294,CUST_990,2025-05-12,Creative Studio,Partnership,109.28,48.5,Completed
ORD_2295,CUST_263,2025-01-10,Membership,LinkedIn,130.03,43.69,Completed
ORD_2296,CUST_65,2024-02-12,Workshop,Instagram,101.47,45.55,Completed
ORD_2297,CUST_1199,2025-01-20,Event Ticket,Referral,84.65,53.71,Completed
ORD_2298,CUST_228,2024-01-21,Event Ticket,Referral,492.78,336.89,Completed
ORD_2299,CUST_71,2025-02-21,Creative Studio,Event Walk-in,419.27,274.7,Completed
ORD_2300,CUST_728,2024-04-20,Workshop,Partnership,71.04,28.79,Cancelled
ORD_2301,CUST_997,2024-06-10,Corporate Package,Referral,381.66,131.4,Completed
ORD_2302,CUST_193,2024-10-22,Event Ticket,Instagram,346.79,237.19,Completed
ORD_2303,CUST_1009,2024-08-04,Media Package,Instagram,98.26,30.17,Completed
ORD_2304,CUST_172,2025-06-27,Event Ticket,Event Walk-in,494.72,197.22,Completed
ORD_2305,CUST_985,2024-08-15,Membership,Instagram,396.98,169.47,Completed
ORD_2306,CUST_955,2025-06-20,Workshop,Partnership,469.66,274.65,Completed
ORD_2307,CUST_980,2024-03-13,Event Ticket,LinkedIn,419.77,275.11,Completed
ORD_2308,CUST_423,2024-07-13,Event Ticket,LinkedIn,312.42,121.35,Completed
ORD_2309,CUST_224,2025-05-11,Event Ticket,Instagram,482.77,260.7,Completed
ORD_2310,CUST_323,2024-04-13,Workshop,TikTok,194.85,84.96,Completed
ORD_2311,CUST_1088,2025-04-14,Workshop,TikTok,116.03,35.83,Completed
ORD_2312,CUST_1372,2025-04-21,Media Package,TikTok,208.47,68.87,Completed
ORD_2313,CUST_886,2024-08-27,Media Package,Referral,33.37,13.67,Completed
ORD_2314,CUST_29,2024-04-18,Media Package,Google Search,468.54,234.55,Completed
ORD_2315,CUST_58,2024-05-26,Media Package,LinkedIn,341.3,107.73,Completed
ORD_2316,CUST_615,2024-06-22,Media Package,LinkedIn,217.23,82.35,Completed
ORD_2317,CUST_1032,2024-02-18,Event Ticket,Google Search,113.36,51.48,Completed
ORD_2318,CUST_311,2025-02-13,Corporate Package,Google Search,397.06,275.68,Completed
ORD_2319,CUST_7,2025-03-29,Media Package,Instagram,213.35,142.58,Completed
ORD_2320,CUST_911,2024-01-02,Workshop,TikTok,235.52,158.42,Completed
ORD_2321,CUST_480,2024-02-26,Event Ticket,Google Search,142.2,43.55,Completed
ORD_2322,CUST_783,2024-05-15,Creative Studio,TikTok,486.95,148.82,Completed
ORD_2323,CUST_1358,2025-02-11,Media Package,Referral,473.52,233.09,Completed
ORD_2324,CUST_155,2024-03-14,Workshop,Referral,218.95,140.92,Completed
ORD_2325,CUST_1486,2024-04-06,Event Ticket,Instagram,248.08,86.87,Completed
ORD_2326,CUST_239,2024-12-12,Partner Offer,Event Walk-in,75.32,22.76,Completed
ORD_2327,CUST_962,2025-04-09,Event Ticket,LinkedIn,49.21,33.33,Completed
ORD_2328,CUST_344,2024-03-04,Partner Offer,Google Search,237.82,107.97,Completed
ORD_2329,CUST_61,2024-01-07,Membership,Instagram,303.0,146.87,Completed
ORD_2330,CUST_426,2024-05-15,Corporate Package,Event Walk-in,266.88,95.86,Completed
ORD_2331,CUST_371,2025-02-09,Workshop,Event Walk-in,319.21,187.99,Completed
ORD_2332,CUST_447,2024-02-12,Creative Studio,TikTok,80.63,48.52,Completed
ORD_2333,CUST_1400,2024-02-06,Event Ticket,LinkedIn,99.34,47.79,Refunded
ORD_2334,CUST_272,2024-03-19,Partner Offer,TikTok,198.87,120.71,Refunded
ORD_2335,CUST_146,2024-03-10,Corporate Package,Referral,361.43,130.74,Completed
ORD_2336,CUST_1328,2024-07-19,Partner Offer,Referral,383.06,148.46,Completed
ORD_2337,CUST_571,2024-04-24,Event Ticket,Referral,174.24,67.64,Completed
ORD_2338,CUST_259,2025-04-19,Media Package,Event Walk-in,437.1,226.26,Completed
ORD_2339,CUST_908,2025-05-03,Partner Offer,TikTok,477.25,179.92,Completed
ORD_2340,CUST_160,2024-04-22,Creative Studio,Google Search,433.23,202.61,Completed
ORD_2341,CUST_1472,2024-03-22,Event Ticket,Google Search,101.28,35.73,Completed
ORD_2342,CUST_510,2025-03-11,Membership,LinkedIn,347.73,197.98,Completed
ORD_2343,CUST_274,2024-06-02,Corporate Package,Google Search,173.47,71.56,Completed
ORD_2344,CUST_471,2024-04-24,Workshop,TikTok,100.34,38.69,Completed
ORD_2345,CUST_219,2024-05-18,Workshop,Partnership,154.5,65.9,Refunded
ORD_2346,CUST_1151,2025-06-03,Corporate Package,LinkedIn,205.42,68.58,Completed
ORD_2347,CUST_896,2025-03-19,Media Package,Referral,386.68,202.55,Completed
ORD_2348,CUST_246,2024-03-05,Partner Offer,LinkedIn,320.36,98.63,Completed
ORD_2349,CUST_420,2024-06-08,Partner Offer,Referral,240.36,136.21,Completed
ORD_2350,CUST_973,2024-11-04,Partner Offer,Google Search,417.71,178.51,Completed
ORD_2351,CUST_375,2025-02-03,Creative Studio,Google Search,287.69,176.76,Completed
ORD_2352,CUST_1078,2024-06-09,Corporate Package,Referral,77.11,38.46,Completed
ORD_2353,CUST_745,2024-06-09,Corporate Package,Partnership,171.99,74.95,Completed
ORD_2354,CUST_390,2025-06-14,Corporate Package,Partnership,271.73,160.47,Cancelled
ORD_2355,CUST_687,2024-05-25,Creative Studio,Event Walk-in,484.26,213.77,Completed
ORD_2356,CUST_731,2024-09-26,Corporate Package,Instagram,451.72,294.13,Completed
ORD_2357,CUST_118,2024-12-05,Corporate Package,Google Search,220.57,148.96,Completed
ORD_2358,CUST_741,2024-12-19,Workshop,Partnership,137.91,86.99,Completed
ORD_2359,CUST_52,2024-12-02,Event Ticket,LinkedIn,349.81,116.23,Cancelled
ORD_2360,CUST_268,2024-06-23,Creative Studio,LinkedIn,191.83,71.26,Completed
ORD_2361,CUST_1475,2024-09-14,Corporate Package,Google Search,427.85,228.8,Completed
ORD_2362,CUST_480,2025-03-04,Membership,Google Search,102.88,68.22,Completed
ORD_2363,CUST_979,2025-01-18,Membership,Event Walk-in,300.2,164.74,Completed
ORD_2364,CUST_98,2025-04-19,Corporate Package,Event Walk-in,380.98,116.94,Completed
ORD_2365,CUST_269,2025-05-30,Media Package,Google Search,307.4,190.28,Completed
ORD_2366,CUST_174,2024-05-07,Partner Offer,Google Search,97.16,48.28,Completed
ORD_2367,CUST_298,2024-07-17,Membership,LinkedIn,157.41,82.89,Completed
ORD_2368,CUST_469,2024-01-18,Media Package,Event Walk-in,477.16,164.9,Completed
ORD_2369,CUST_499,2024-07-30,Workshop,TikTok,438.95,271.6,Completed
ORD_2370,CUST_932,2024-05-13,Event Ticket,Event Walk-in,364.2,137.67,Completed
ORD_2371,CUST_918,2025-06-20,Media Package,Google Search,273.81,131.21,Completed
ORD_2372,CUST_141,2025-04-18,Creative Studio,LinkedIn,94.38,39.92,Completed
ORD_2373,CUST_1227,2024-06-20,Membership,LinkedIn,109.97,72.0,Completed
ORD_2374,CUST_1286,2025-05-15,Workshop,Event Walk-in,406.16,252.83,Completed
ORD_2375,CUST_431,2024-07-18,Workshop,TikTok,205.58,126.26,Completed
ORD_2376,CUST_384,2024-11-02,Workshop,TikTok,58.67,34.54,Completed
ORD_2377,CUST_1486,2024-02-02,Corporate Package,Instagram,374.42,134.77,Completed
ORD_2378,CUST_465,2025-01-30,Media Package,Instagram,397.11,207.62,Completed
ORD_2379,CUST_396,2025-04-04,Partner Offer,Referral,400.46,178.8,Completed
ORD_2380,CUST_806,2024-06-27,Workshop,Partnership,147.64,99.63,Completed
ORD_2381,CUST_557,2024-06-09,Partner Offer,Event Walk-in,48.3,31.01,Completed
ORD_2382,CUST_352,2025-03-20,Corporate Package,Instagram,319.71,121.46,Completed
ORD_2383,CUST_680,2024-03-12,Corporate Package,Google Search,66.42,43.93,Completed
ORD_2384,CUST_204,2025-05-19,Event Ticket,TikTok,94.93,48.39,Cancelled
ORD_2385,CUST_1331,2024-10-31,Partner Offer,LinkedIn,400.77,221.69,Cancelled
ORD_2386,CUST_1011,2024-12-01,Partner Offer,Google Search,272.42,155.96,Completed
ORD_2387,CUST_76,2024-11-24,Corporate Package,Google Search,233.75,132.3,Completed
ORD_2388,CUST_1395,2024-09-28,Corporate Package,Instagram,352.16,189.3,Completed
ORD_2389,CUST_18,2025-02-20,Creative Studio,Google Search,448.5,175.62,Completed
ORD_2390,CUST_1171,2024-04-30,Membership,Instagram,188.66,114.55,Completed
ORD_2391,CUST_1152,2025-04-06,Event Ticket,Referral,378.39,155.96,Completed
ORD_2392,CUST_808,2024-09-17,Membership,Google Search,359.55,188.88,Completed
ORD_2393,CUST_761,2024-08-04,Corporate Package,LinkedIn,483.27,246.5,Completed
ORD_2394,CUST_634,2025-06-17,Partner Offer,Referral,490.71,247.25,Completed
ORD_2395,CUST_713,2024-08-08,Membership,Google Search,343.79,175.47,Refunded
ORD_2396,CUST_479,2024-06-26,Partner Offer,LinkedIn,470.35,273.52,Completed
ORD_2397,CUST_655,2025-01-21,Media Package,Referral,362.43,155.62,Cancelled
ORD_2398,CUST_1314,2024-09-20,Partner Offer,Google Search,73.57,44.23,Completed
ORD_2399,CUST_294,2024-10-23,Membership,Referral,428.48,162.14,Completed
ORD_2400,CUST_173,2024-11-08,Partner Offer,Event Walk-in,456.22,272.02,Completed
ORD_2401,CUST_781,2024-10-23,Media Package,Partnership,387.68,252.35,Completed
ORD_2402,CUST_1246,2024-12-16,Corporate Package,Instagram,40.41,20.47,Completed
ORD_2403,CUST_284,2024-03-01,Membership,Google Search,245.45,117.8,Refunded
ORD_2404,CUST_723,2024-01-31,Corporate Package,LinkedIn,293.58,92.93,Completed
ORD_2405,CUST_1159,2024-04-12,Partner Offer,LinkedIn,115.3,79.19,Completed
ORD_2406,CUST_174,2025-01-28,Media Package,Google Search,355.56,123.11,Completed
ORD_2407,CUST_713,2024-10-27,Creative Studio,Google Search,346.4,212.29,Refunded
ORD_2408,CUST_919,2024-07-25,Workshop,Partnership,407.51,249.91,Cancelled
ORD_2409,CUST_677,2024-06-25,Membership,LinkedIn,238.56,159.37,Completed
ORD_2410,CUST_1275,2024-09-11,Creative Studio,Google Search,455.52,186.74,Completed
ORD_2411,CUST_489,2024-12-06,Corporate Package,Partnership,407.27,135.91,Completed
ORD_2412,CUST_881,2024-12-23,Media Package,Partnership,274.24,126.47,Completed
ORD_2413,CUST_766,2024-06-14,Membership,TikTok,436.3,142.25,Completed
ORD_2414,CUST_1367,2025-06-20,Workshop,LinkedIn,169.87,77.81,Cancelled
ORD_2415,CUST_1238,2025-03-01,Partner Offer,Event Walk-in,400.66,276.96,Completed
ORD_2416,CUST_1152,2025-05-10,Corporate Package,Referral,415.83,226.45,Completed
ORD_2417,CUST_1236,2024-06-01,Corporate Package,LinkedIn,322.47,108.9,Completed
ORD_2418,CUST_1017,2024-08-14,Partner Offer,LinkedIn,385.04,165.22,Completed
ORD_2419,CUST_733,2024-01-01,Event Ticket,Event Walk-in,182.53,98.19,Completed
ORD_2420,CUST_508,2025-04-22,Corporate Package,LinkedIn,312.08,209.2,Completed
ORD_2421,CUST_924,2024-03-20,Creative Studio,Referral,463.51,152.76,Completed
ORD_2422,CUST_746,2025-05-08,Event Ticket,TikTok,253.97,133.12,Completed
ORD_2423,CUST_541,2024-11-14,Event Ticket,LinkedIn,289.81,140.63,Completed
ORD_2424,CUST_896,2024-03-21,Creative Studio,Referral,301.81,116.55,Completed
ORD_2425,CUST_1303,2025-06-25,Event Ticket,Google Search,58.88,27.94,Completed
ORD_2426,CUST_691,2024-06-06,Membership,Partnership,121.15,45.83,Completed
ORD_2427,CUST_388,2024-09-06,Workshop,Google Search,387.13,205.64,Completed
ORD_2428,CUST_1280,2024-03-16,Event Ticket,LinkedIn,392.59,255.44,Completed
ORD_2429,CUST_252,2025-04-18,Corporate Package,Instagram,465.49,158.62,Refunded
ORD_2430,CUST_907,2024-12-11,Event Ticket,TikTok,432.64,204.64,Completed
ORD_2431,CUST_250,2024-03-06,Media Package,Event Walk-in,346.7,132.2,Completed
ORD_2432,CUST_613,2025-04-04,Corporate Package,Google Search,410.11,143.58,Completed
ORD_2433,CUST_806,2025-01-12,Media Package,Partnership,347.08,111.68,Completed
ORD_2434,CUST_882,2024-05-20,Event Ticket,LinkedIn,228.45,143.01,Refunded
ORD_2435,CUST_571,2025-01-14,Event Ticket,Referral,110.02,64.63,Completed
ORD_2436,CUST_568,2024-04-04,Event Ticket,Partnership,388.93,189.15,Completed
ORD_2437,CUST_661,2024-09-28,Creative Studio,TikTok,375.35,130.78,Completed
ORD_2438,CUST_763,2024-02-06,Membership,TikTok,423.28,264.58,Completed
ORD_2439,CUST_1235,2024-08-18,Membership,Event Walk-in,417.06,287.85,Completed
ORD_2440,CUST_1000,2025-01-19,Creative Studio,Referral,467.85,248.87,Completed
ORD_2441,CUST_1480,2024-10-23,Membership,TikTok,73.86,41.04,Completed
ORD_2442,CUST_40,2025-02-26,Corporate Package,Referral,459.74,159.37,Completed
ORD_2443,CUST_725,2024-01-09,Partner Offer,Event Walk-in,135.7,68.89,Completed
ORD_2444,CUST_359,2024-06-26,Media Package,Partnership,122.57,77.58,Refunded
ORD_2445,CUST_1157,2024-06-17,Partner Offer,Partnership,76.75,37.33,Completed
ORD_2446,CUST_553,2025-03-31,Media Package,Event Walk-in,129.55,52.63,Completed
ORD_2447,CUST_1360,2024-04-12,Event Ticket,Google Search,239.9,83.76,Completed
ORD_2448,CUST_118,2024-03-22,Corporate Package,Google Search,463.01,198.17,Completed
ORD_2449,CUST_698,2024-12-13,Membership,Instagram,488.9,285.26,Refunded
ORD_2450,CUST_1087,2025-05-30,Partner Offer,Instagram,326.07,204.0,Refunded
ORD_2451,CUST_838,2025-05-02,Event Ticket,Partnership,482.48,163.54,Completed
ORD_2452,CUST_542,2024-09-29,Partner Offer,Event Walk-in,98.07,62.33,Cancelled
ORD_2453,CUST_1450,2024-07-09,Media Package,Referral,196.4,75.15,Completed
ORD_2454,CUST_160,2024-10-25,Membership,Google Search,320.8,209.97,Completed
ORD_2455,CUST_622,2024-02-01,Partner Offer,Instagram,236.8,109.83,Completed
ORD_2456,CUST_897,2024-09-20,Corporate Package,Google Search,410.35,195.22,Completed
ORD_2457,CUST_978,2024-04-24,Creative Studio,Google Search,358.12,236.16,Refunded
ORD_2458,CUST_1065,2025-06-02,Corporate Package,Google Search,147.74,76.83,Completed
ORD_2459,CUST_822,2025-06-02,Partner Offer,Event Walk-in,45.8,14.44,Completed
ORD_2460,CUST_1438,2025-02-26,Media Package,Instagram,96.11,37.49,Completed
ORD_2461,CUST_361,2024-05-17,Corporate Package,Google Search,49.89,34.16,Completed
ORD_2462,CUST_941,2024-11-16,Creative Studio,LinkedIn,61.8,36.22,Refunded
ORD_2463,CUST_1440,2024-12-30,Workshop,LinkedIn,169.96,68.76,Completed
ORD_2464,CUST_459,2025-04-30,Creative Studio,TikTok,72.31,42.41,Completed
ORD_2465,CUST_585,2024-10-26,Media Package,Event Walk-in,290.32,197.39,Refunded
ORD_2466,CUST_125,2024-05-16,Partner Offer,Partnership,186.47,125.48,Completed
ORD_2467,CUST_1159,2025-05-10,Partner Offer,LinkedIn,359.33,116.24,Completed
ORD_2468,CUST_811,2024-11-08,Creative Studio,Partnership,174.75,92.95,Completed
ORD_2469,CUST_729,2025-04-14,Workshop,Event Walk-in,450.05,256.49,Completed
ORD_2470,CUST_1443,2024-07-01,Membership,LinkedIn,182.33,105.92,Refunded
ORD_2471,CUST_148,2024-10-21,Creative Studio,Event Walk-in,104.99,44.56,Completed
ORD_2472,CUST_537,2024-10-29,Event Ticket,Instagram,151.04,52.84,Completed
ORD_2473,CUST_822,2024-10-13,Membership,Event Walk-in,97.6,58.14,Completed
ORD_2474,CUST_251,2024-01-10,Event Ticket,Instagram,375.19,122.99,Completed
ORD_2475,CUST_1049,2025-02-13,Event Ticket,Event Walk-in,61.63,40.59,Completed
ORD_2476,CUST_1437,2025-04-29,Media Package,Google Search,101.43,31.72,Completed
ORD_2477,CUST_1356,2024-10-13,Creative Studio,LinkedIn,294.35,132.92,Completed
ORD_2478,CUST_920,2024-02-02,Corporate Package,LinkedIn,245.22,113.75,Completed
ORD_2479,CUST_488,2025-01-24,Media Package,Event Walk-in,24.38,8.71,Refunded
ORD_2480,CUST_1120,2025-03-17,Workshop,Partnership,279.04,172.77,Completed
ORD_2481,CUST_49,2024-08-08,Membership,Google Search,141.46,83.23,Completed
ORD_2482,CUST_1305,2024-09-04,Corporate Package,TikTok,188.31,81.41,Completed
ORD_2483,CUST_633,2024-02-03,Corporate Package,Partnership,273.3,118.14,Completed
ORD_2484,CUST_188,2024-05-10,Corporate Package,LinkedIn,277.38,188.65,Completed
ORD_2485,CUST_228,2024-12-25,Membership,Referral,246.5,142.16,Completed
ORD_2486,CUST_52,2024-07-06,Partner Offer,LinkedIn,452.2,167.4,Completed
ORD_2487,CUST_487,2025-02-13,Corporate Package,Referral,185.35,63.08,Completed
ORD_2488,CUST_1446,2025-05-14,Corporate Package,LinkedIn,472.11,323.1,Completed
ORD_2489,CUST_1260,2024-04-18,Membership,Referral,158.8,90.7,Completed
ORD_2490,CUST_135,2024-06-10,Creative Studio,LinkedIn,410.49,201.56,Completed
ORD_2491,CUST_1273,2025-05-16,Partner Offer,Partnership,102.01,56.1,Completed
ORD_2492,CUST_737,2024-08-14,Event Ticket,Partnership,258.6,138.49,Completed
ORD_2493,CUST_1266,2024-04-29,Event Ticket,Google Search,161.8,70.12,Completed
ORD_2494,CUST_1365,2024-05-04,Media Package,TikTok,115.15,60.84,Completed
ORD_2495,CUST_1220,2024-07-30,Creative Studio,Event Walk-in,57.54,18.95,Completed
ORD_2496,CUST_730,2025-02-25,Membership,TikTok,455.16,190.25,Refunded
ORD_2497,CUST_290,2024-06-29,Event Ticket,Google Search,143.32,51.18,Completed
ORD_2498,CUST_1428,2024-12-13,Media Package,Google Search,35.93,21.44,Completed
ORD_2499,CUST_350,2024-11-14,Membership,Partnership,475.72,331.96,Completed
ORD_2500,CUST_738,2025-05-02,Event Ticket,Event Walk-in,376.72,162.73,Completed
ORD_2501,CUST_768,2024-03-11,Membership,Google Search,351.82,105.74,Completed
ORD_2502,CUST_81,2024-08-08,Creative Studio,LinkedIn,22.31,8.19,Refunded
ORD_2503,CUST_373,2025-06-09,Corporate Package,Event Walk-in,352.12,181.39,Completed
ORD_2504,CUST_1196,2024-02-27,Creative Studio,Partnership,33.82,12.81,Completed
ORD_2505,CUST_467,2024-10-12,Workshop,LinkedIn,235.8,121.02,Refunded
ORD_2506,CUST_708,2024-06-27,Creative Studio,Partnership,195.46,84.91,Completed
ORD_2507,CUST_346,2025-05-10,Membership,Referral,44.64,24.67,Completed
ORD_2508,CUST_759,2024-10-14,Membership,Google Search,62.64,25.96,Completed
ORD_2509,CUST_658,2024-07-25,Partner Offer,Instagram,393.97,159.96,Completed
ORD_2510,CUST_783,2024-03-25,Partner Offer,TikTok,30.05,21.02,Completed
ORD_2511,CUST_718,2024-05-24,Workshop,Partnership,99.64,37.87,Completed
ORD_2512,CUST_877,2025-06-30,Corporate Package,Instagram,284.01,141.0,Completed
ORD_2513,CUST_632,2025-05-02,Workshop,Referral,382.27,144.08,Completed
ORD_2514,CUST_1271,2025-04-28,Media Package,Instagram,400.7,174.12,Completed
ORD_2515,CUST_471,2024-11-18,Membership,TikTok,136.52,51.92,Completed
ORD_2516,CUST_1375,2025-03-26,Partner Offer,Google Search,323.0,108.57,Completed
ORD_2517,CUST_1130,2025-03-26,Partner Offer,LinkedIn,97.78,42.1,Refunded
ORD_2518,CUST_26,2024-12-28,Event Ticket,Event Walk-in,94.51,62.38,Completed
ORD_2519,CUST_840,2025-01-19,Workshop,Instagram,471.78,241.51,Completed
ORD_2520,CUST_1362,2024-05-11,Corporate Package,LinkedIn,161.85,108.6,Completed
ORD_2521,CUST_153,2025-02-09,Workshop,Google Search,182.17,103.94,Completed
ORD_2522,CUST_1283,2024-10-08,Creative Studio,Google Search,449.92,164.02,Completed
ORD_2523,CUST_1491,2024-10-19,Partner Offer,LinkedIn,77.78,40.18,Completed
ORD_2524,CUST_40,2024-07-29,Event Ticket,Referral,191.41,79.26,Completed
ORD_2525,CUST_624,2024-03-26,Event Ticket,TikTok,448.73,213.24,Completed
ORD_2526,CUST_23,2024-11-21,Creative Studio,Referral,35.94,20.09,Cancelled
ORD_2527,CUST_150,2024-06-23,Media Package,Partnership,242.85,128.97,Completed
ORD_2528,CUST_233,2024-05-08,Event Ticket,TikTok,253.32,156.69,Completed
ORD_2529,CUST_1134,2025-02-06,Corporate Package,Google Search,147.91,101.09,Completed
ORD_2530,CUST_1210,2024-01-11,Corporate Package,Instagram,418.43,194.15,Completed
ORD_2531,CUST_758,2025-02-22,Membership,Partnership,328.27,198.67,Completed
ORD_2532,CUST_1352,2025-01-13,Corporate Package,Google Search,228.8,143.98,Completed
ORD_2533,CUST_1269,2024-11-29,Partner Offer,Instagram,136.85,67.92,Completed
ORD_2534,CUST_856,2024-04-01,Media Package,Google Search,234.13,159.4,Completed
ORD_2535,CUST_1013,2025-02-12,Event Ticket,TikTok,84.97,41.0,Completed
ORD_2536,CUST_1233,2024-03-04,Partner Offer,Instagram,382.41,265.18,Completed
ORD_2537,CUST_375,2024-09-03,Partner Offer,Google Search,36.73,14.45,Completed
ORD_2538,CUST_834,2025-03-24,Event Ticket,Referral,429.85,258.81,Completed
ORD_2539,CUST_1256,2024-10-24,Workshop,Google Search,233.67,116.08,Completed
ORD_2540,CUST_497,2024-11-25,Creative Studio,Referral,279.16,95.31,Completed
ORD_2541,CUST_275,2024-07-22,Event Ticket,Referral,107.81,36.9,Completed
ORD_2542,CUST_790,2024-10-26,Partner Offer,Partnership,107.51,32.5,Completed
ORD_2543,CUST_1393,2025-04-06,Corporate Package,TikTok,144.04,43.49,Completed
ORD_2544,CUST_1384,2024-10-24,Event Ticket,Partnership,73.76,49.5,Completed
ORD_2545,CUST_934,2024-10-27,Media Package,Instagram,179.83,82.14,Completed
ORD_2546,CUST_670,2024-12-20,Partner Offer,Referral,101.2,53.12,Completed
ORD_2547,CUST_1206,2024-08-03,Event Ticket,Event Walk-in,66.63,43.23,Completed
ORD_2548,CUST_52,2024-07-24,Partner Offer,LinkedIn,340.11,214.55,Completed
ORD_2549,CUST_949,2025-01-10,Membership,Instagram,205.94,141.97,Refunded
ORD_2550,CUST_517,2024-09-05,Corporate Package,Instagram,52.94,27.26,Completed
ORD_2551,CUST_740,2024-02-10,Creative Studio,Referral,310.65,122.73,Completed
ORD_2552,CUST_563,2024-12-27,Media Package,LinkedIn,111.89,69.72,Completed
ORD_2553,CUST_508,2025-01-23,Media Package,LinkedIn,421.05,253.24,Refunded
ORD_2554,CUST_649,2025-04-09,Event Ticket,Instagram,212.29,106.87,Completed
ORD_2555,CUST_520,2024-12-10,Event Ticket,TikTok,235.89,75.68,Completed
ORD_2556,CUST_1389,2025-01-25,Media Package,LinkedIn,477.9,150.96,Completed
ORD_2557,CUST_262,2025-01-30,Workshop,Google Search,144.36,74.77,Completed
ORD_2558,CUST_1439,2024-12-31,Event Ticket,Referral,302.32,175.61,Completed
ORD_2559,CUST_1116,2025-01-04,Corporate Package,Event Walk-in,225.92,149.73,Completed
ORD_2560,CUST_1036,2024-03-24,Event Ticket,Partnership,215.23,77.03,Completed
ORD_2561,CUST_1357,2025-02-23,Creative Studio,Google Search,418.74,172.74,Completed
ORD_2562,CUST_302,2024-08-02,Membership,LinkedIn,24.04,15.74,Completed
ORD_2563,CUST_86,2024-09-17,Media Package,Event Walk-in,434.44,217.19,Completed
ORD_2564,CUST_207,2024-04-19,Corporate Package,Event Walk-in,217.11,145.67,Completed
ORD_2565,CUST_736,2024-03-06,Membership,Instagram,207.13,132.22,Completed
ORD_2566,CUST_376,2024-01-15,Corporate Package,LinkedIn,67.61,47.23,Completed
ORD_2567,CUST_926,2024-09-23,Membership,LinkedIn,61.92,41.6,Completed
ORD_2568,CUST_1393,2025-06-16,Creative Studio,TikTok,198.22,59.96,Completed
ORD_2569,CUST_249,2024-08-03,Creative Studio,Event Walk-in,320.4,133.38,Completed
ORD_2570,CUST_1045,2025-02-01,Event Ticket,Referral,20.74,6.53,Completed
ORD_2571,CUST_577,2024-03-09,Workshop,Event Walk-in,426.03,213.79,Completed
ORD_2572,CUST_1263,2024-06-08,Event Ticket,LinkedIn,125.56,84.82,Refunded
ORD_2573,CUST_1172,2025-05-14,Event Ticket,Event Walk-in,284.76,103.57,Completed
ORD_2574,CUST_1408,2024-08-09,Workshop,Referral,295.61,107.91,Refunded
ORD_2575,CUST_44,2024-05-04,Workshop,Event Walk-in,116.12,67.76,Completed
ORD_2576,CUST_1200,2024-05-28,Media Package,Referral,287.4,160.57,Completed
ORD_2577,CUST_117,2024-04-07,Workshop,TikTok,268.2,125.09,Completed
ORD_2578,CUST_657,2024-08-13,Workshop,TikTok,168.59,64.29,Completed
ORD_2579,CUST_556,2024-04-18,Workshop,Referral,80.11,37.85,Completed
ORD_2580,CUST_458,2024-05-11,Event Ticket,LinkedIn,24.93,10.77,Completed
ORD_2581,CUST_709,2024-01-03,Event Ticket,Google Search,432.05,150.58,Completed
ORD_2582,CUST_486,2024-03-16,Media Package,Referral,409.35,199.91,Completed
ORD_2583,CUST_288,2025-04-12,Media Package,Instagram,401.65,237.8,Completed
ORD_2584,CUST_937,2024-04-15,Workshop,Partnership,122.21,64.14,Completed
ORD_2585,CUST_1067,2025-06-16,Media Package,Instagram,27.59,10.7,Completed
ORD_2586,CUST_316,2024-11-23,Corporate Package,LinkedIn,39.69,18.81,Completed
ORD_2587,CUST_710,2025-02-25,Membership,Instagram,288.48,147.09,Completed
ORD_2588,CUST_69,2024-03-29,Creative Studio,Partnership,327.16,188.76,Completed
ORD_2589,CUST_309,2025-06-14,Workshop,LinkedIn,410.57,260.31,Completed
ORD_2590,CUST_112,2025-06-06,Event Ticket,LinkedIn,313.82,150.06,Refunded
ORD_2591,CUST_821,2025-02-17,Partner Offer,Referral,392.21,250.93,Completed
ORD_2592,CUST_712,2024-03-23,Media Package,TikTok,428.94,142.45,Refunded
ORD_2593,CUST_1158,2024-07-24,Event Ticket,TikTok,164.84,87.76,Completed
ORD_2594,CUST_580,2025-04-16,Creative Studio,Partnership,348.66,124.8,Completed
ORD_2595,CUST_584,2024-04-28,Membership,Google Search,356.25,202.54,Completed
ORD_2596,CUST_540,2025-05-15,Corporate Package,Instagram,391.56,181.82,Cancelled
ORD_2597,CUST_100,2024-07-05,Partner Offer,TikTok,175.34,100.28,Completed
ORD_2598,CUST_590,2024-12-16,Workshop,Referral,438.81,295.02,Completed
ORD_2599,CUST_981,2025-05-18,Media Package,Event Walk-in,494.04,331.62,Completed
ORD_2600,CUST_1272,2024-03-05,Event Ticket,Partnership,151.88,106.09,Refunded
ORD_2601,CUST_837,2024-05-10,Creative Studio,TikTok,216.34,123.92,Completed
ORD_2602,CUST_1144,2025-03-10,Corporate Package,Instagram,376.72,190.16,Completed
ORD_2603,CUST_789,2024-04-22,Media Package,Event Walk-in,246.46,111.7,Completed
ORD_2604,CUST_1118,2024-04-22,Media Package,Event Walk-in,486.82,318.56,Completed
ORD_2605,CUST_1278,2024-04-07,Partner Offer,Google Search,374.08,185.15,Completed
ORD_2606,CUST_184,2024-07-17,Media Package,Google Search,441.06,217.2,Completed
ORD_2607,CUST_306,2024-04-05,Partner Offer,Partnership,131.96,88.47,Completed
ORD_2608,CUST_393,2024-07-18,Creative Studio,TikTok,327.63,148.87,Completed
ORD_2609,CUST_1493,2024-12-07,Event Ticket,TikTok,273.58,191.15,Completed
ORD_2610,CUST_1118,2024-10-17,Media Package,Event Walk-in,432.4,141.05,Completed
ORD_2611,CUST_185,2025-04-29,Creative Studio,Partnership,489.53,196.61,Cancelled
ORD_2612,CUST_653,2025-03-01,Partner Offer,Event Walk-in,434.61,185.13,Completed
ORD_2613,CUST_435,2025-06-01,Media Package,Referral,44.47,13.93,Completed
ORD_2614,CUST_726,2024-11-04,Corporate Package,Referral,194.16,107.55,Completed
ORD_2615,CUST_854,2025-03-14,Corporate Package,Event Walk-in,338.58,212.66,Completed
ORD_2616,CUST_108,2024-09-16,Workshop,Google Search,42.7,27.95,Completed
ORD_2617,CUST_487,2025-06-11,Partner Offer,Referral,296.18,174.75,Refunded
ORD_2618,CUST_179,2025-05-15,Membership,Instagram,423.43,198.52,Completed
ORD_2619,CUST_386,2024-06-30,Event Ticket,Partnership,59.26,40.2,Completed
ORD_2620,CUST_1077,2024-12-03,Creative Studio,LinkedIn,477.01,329.57,Completed
ORD_2621,CUST_473,2025-05-16,Media Package,Partnership,408.14,145.33,Completed
ORD_2622,CUST_855,2024-02-10,Partner Offer,Referral,71.05,23.75,Completed
ORD_2623,CUST_161,2024-08-11,Partner Offer,LinkedIn,436.93,181.81,Completed
ORD_2624,CUST_544,2024-03-08,Membership,Google Search,160.69,100.59,Completed
ORD_2625,CUST_852,2025-01-23,Creative Studio,LinkedIn,195.69,117.45,Completed
ORD_2626,CUST_764,2025-03-01,Creative Studio,Google Search,191.03,119.27,Completed
ORD_2627,CUST_1412,2025-03-15,Corporate Package,Event Walk-in,124.45,61.81,Completed
ORD_2628,CUST_891,2025-05-17,Partner Offer,LinkedIn,372.07,183.91,Completed
ORD_2629,CUST_605,2025-05-05,Media Package,LinkedIn,389.93,134.51,Completed
ORD_2630,CUST_350,2024-11-11,Event Ticket,Partnership,365.21,211.96,Completed
ORD_2631,CUST_233,2024-09-01,Corporate Package,TikTok,341.85,223.63,Completed
ORD_2632,CUST_1317,2024-09-11,Creative Studio,Event Walk-in,464.4,204.15,Refunded
ORD_2633,CUST_1257,2024-03-30,Event Ticket,Instagram,99.59,65.27,Completed
ORD_2634,CUST_1015,2025-04-14,Partner Offer,Event Walk-in,449.15,202.35,Refunded
ORD_2635,CUST_812,2025-04-01,Media Package,Event Walk-in,71.0,49.03,Completed
ORD_2636,CUST_1101,2025-01-10,Media Package,TikTok,428.7,148.71,Completed
ORD_2637,CUST_1021,2024-02-13,Media Package,Partnership,320.67,163.99,Completed
ORD_2638,CUST_820,2024-02-20,Partner Offer,TikTok,322.54,157.22,Completed
ORD_2639,CUST_126,2024-08-26,Membership,LinkedIn,185.11,125.32,Cancelled
ORD_2640,CUST_636,2025-03-27,Partner Offer,Partnership,303.84,125.15,Completed
ORD_2641,CUST_774,2025-04-10,Creative Studio,Google Search,474.17,320.29,Completed
ORD_2642,CUST_536,2024-04-07,Event Ticket,Google Search,346.45,211.86,Refunded
ORD_2643,CUST_92,2024-09-14,Membership,LinkedIn,146.46,73.53,Completed
ORD_2644,CUST_944,2024-05-04,Corporate Package,Referral,229.11,108.75,Completed
ORD_2645,CUST_1284,2024-04-24,Workshop,Partnership,176.22,68.46,Completed
ORD_2646,CUST_953,2024-02-26,Event Ticket,TikTok,315.74,148.62,Completed
ORD_2647,CUST_71,2024-10-08,Event Ticket,Event Walk-in,205.82,113.73,Completed
ORD_2648,CUST_215,2024-09-08,Creative Studio,LinkedIn,233.99,130.12,Completed
ORD_2649,CUST_190,2025-06-07,Membership,TikTok,493.19,267.02,Completed
ORD_2650,CUST_664,2024-04-26,Media Package,LinkedIn,122.37,67.12,Completed
ORD_2651,CUST_1123,2024-05-18,Partner Offer,Google Search,26.78,14.55,Cancelled
ORD_2652,CUST_1121,2024-02-24,Membership,LinkedIn,88.76,36.6,Completed
ORD_2653,CUST_286,2024-01-12,Media Package,Partnership,484.64,242.17,Completed
ORD_2654,CUST_265,2024-10-15,Media Package,Event Walk-in,480.71,328.99,Completed
ORD_2655,CUST_1144,2024-04-08,Partner Offer,Instagram,113.56,79.16,Refunded
ORD_2656,CUST_1034,2024-09-30,Media Package,Referral,447.29,227.8,Completed
ORD_2657,CUST_764,2025-06-04,Media Package,Google Search,132.67,71.9,Completed
ORD_2658,CUST_955,2025-04-23,Workshop,Partnership,81.21,39.93,Completed
ORD_2659,CUST_937,2024-11-07,Creative Studio,Partnership,238.53,91.2,Refunded
ORD_2660,CUST_1463,2025-05-18,Workshop,TikTok,337.82,210.5,Completed
ORD_2661,CUST_1213,2024-12-30,Media Package,Google Search,231.66,89.21,Completed
ORD_2662,CUST_97,2025-05-03,Event Ticket,TikTok,233.18,100.61,Completed
ORD_2663,CUST_24,2024-03-29,Media Package,Event Walk-in,424.24,296.25,Refunded
ORD_2664,CUST_649,2024-10-27,Media Package,Instagram,369.28,139.57,Completed
ORD_2665,CUST_1431,2024-02-25,Media Package,LinkedIn,281.6,106.77,Completed
ORD_2666,CUST_432,2024-06-30,Partner Offer,Referral,331.53,155.91,Completed
ORD_2667,CUST_1297,2024-12-28,Event Ticket,Instagram,232.48,79.52,Completed
ORD_2668,CUST_544,2024-07-28,Membership,Google Search,34.98,20.29,Completed
ORD_2669,CUST_520,2025-06-13,Media Package,TikTok,113.89,43.42,Completed
ORD_2670,CUST_1472,2025-03-11,Workshop,Google Search,408.9,275.85,Cancelled
ORD_2671,CUST_462,2025-06-21,Creative Studio,Event Walk-in,402.4,218.61,Completed
ORD_2672,CUST_1058,2024-01-22,Membership,Referral,284.93,132.74,Completed
ORD_2673,CUST_536,2025-01-29,Partner Offer,Google Search,299.75,148.92,Completed
ORD_2674,CUST_289,2024-08-21,Event Ticket,Referral,245.54,152.04,Refunded
ORD_2675,CUST_650,2024-05-23,Creative Studio,Instagram,455.55,267.3,Completed
ORD_2676,CUST_1051,2024-10-06,Partner Offer,Event Walk-in,474.98,152.87,Completed
ORD_2677,CUST_726,2025-03-29,Media Package,Referral,129.44,41.6,Completed
ORD_2678,CUST_1236,2024-04-07,Partner Offer,LinkedIn,144.33,88.76,Completed
ORD_2679,CUST_347,2024-12-11,Membership,Instagram,75.59,39.86,Completed
ORD_2680,CUST_835,2024-10-16,Workshop,Partnership,106.38,55.79,Completed
ORD_2681,CUST_458,2025-03-23,Event Ticket,LinkedIn,101.79,48.44,Completed
ORD_2682,CUST_641,2025-03-03,Partner Offer,TikTok,233.8,94.09,Completed
ORD_2683,CUST_538,2024-02-01,Workshop,Partnership,402.87,265.81,Completed
ORD_2684,CUST_639,2024-06-17,Partner Offer,LinkedIn,291.02,124.13,Completed
ORD_2685,CUST_1053,2025-05-04,Event Ticket,Partnership,249.82,173.4,Completed
ORD_2686,CUST_450,2024-11-20,Membership,Referral,403.11,195.09,Completed
ORD_2687,CUST_593,2025-03-10,Workshop,Event Walk-in,34.19,17.25,Completed
ORD_2688,CUST_338,2024-03-12,Membership,Instagram,375.73,218.55,Completed
ORD_2689,CUST_792,2025-04-04,Media Package,TikTok,319.59,217.95,Completed
ORD_2690,CUST_1426,2024-06-04,Event Ticket,Google Search,498.27,316.0,Refunded
ORD_2691,CUST_1481,2024-07-19,Creative Studio,Partnership,109.97,51.85,Completed
ORD_2692,CUST_1037,2024-11-24,Media Package,Event Walk-in,268.14,154.28,Completed
ORD_2693,CUST_200,2024-10-14,Corporate Package,LinkedIn,75.53,43.7,Completed
ORD_2694,CUST_745,2024-05-03,Creative Studio,Partnership,399.31,265.7,Completed
ORD_2695,CUST_597,2025-06-08,Corporate Package,Partnership,132.88,66.5,Completed
ORD_2696,CUST_1164,2024-11-07,Workshop,TikTok,280.91,155.98,Completed
ORD_2697,CUST_820,2025-01-06,Membership,TikTok,458.61,211.28,Cancelled
ORD_2698,CUST_605,2024-03-08,Membership,LinkedIn,208.42,145.13,Refunded
ORD_2699,CUST_825,2024-02-21,Event Ticket,Partnership,416.82,158.56,Completed
ORD_2700,CUST_494,2024-12-05,Workshop,Instagram,238.78,162.75,Refunded
ORD_2701,CUST_1447,2024-11-15,Event Ticket,Partnership,137.68,78.41,Cancelled
ORD_2702,CUST_1484,2024-01-31,Partner Offer,LinkedIn,353.99,217.65,Completed
ORD_2703,CUST_114,2024-04-16,Corporate Package,Instagram,285.97,117.37,Completed
ORD_2704,CUST_780,2024-08-08,Media Package,Partnership,458.5,197.2,Completed
ORD_2705,CUST_823,2024-07-06,Membership,Event Walk-in,332.05,105.17,Completed
ORD_2706,CUST_842,2024-09-11,Membership,Instagram,36.49,18.65,Completed
ORD_2707,CUST_1457,2024-11-02,Partner Offer,Event Walk-in,328.19,191.96,Completed
ORD_2708,CUST_1129,2024-11-14,Event Ticket,TikTok,28.22,11.87,Completed
ORD_2709,CUST_670,2025-03-26,Event Ticket,Referral,188.49,111.76,Completed
ORD_2710,CUST_287,2025-05-08,Partner Offer,Instagram,225.72,100.37,Completed
ORD_2711,CUST_817,2024-06-15,Partner Offer,TikTok,229.33,87.63,Completed
ORD_2712,CUST_46,2025-05-06,Partner Offer,LinkedIn,325.93,220.83,Refunded
ORD_2713,CUST_834,2024-10-28,Corporate Package,Referral,360.03,190.26,Completed
ORD_2714,CUST_82,2024-06-30,Event Ticket,Google Search,273.65,127.04,Completed
ORD_2715,CUST_756,2024-04-16,Media Package,Instagram,119.73,37.3,Completed
ORD_2716,CUST_1410,2024-09-30,Workshop,Event Walk-in,202.93,104.83,Completed
ORD_2717,CUST_441,2024-03-23,Corporate Package,Instagram,280.41,136.19,Completed
ORD_2718,CUST_1432,2024-03-29,Media Package,Event Walk-in,29.85,14.17,Completed
ORD_2719,CUST_364,2024-01-21,Corporate Package,Partnership,487.86,206.46,Refunded
ORD_2720,CUST_199,2025-03-07,Membership,Google Search,71.87,27.16,Completed
ORD_2721,CUST_990,2024-05-27,Creative Studio,Partnership,219.3,108.5,Completed
ORD_2722,CUST_36,2024-10-08,Workshop,Instagram,152.7,105.76,Completed
ORD_2723,CUST_694,2024-03-23,Workshop,LinkedIn,475.04,204.87,Refunded
ORD_2724,CUST_1034,2024-11-22,Event Ticket,Referral,279.12,95.58,Completed
ORD_2725,CUST_731,2025-02-05,Membership,Instagram,203.38,61.6,Completed
ORD_2726,CUST_286,2024-10-09,Creative Studio,Partnership,394.95,261.22,Completed
ORD_2727,CUST_1483,2025-03-10,Creative Studio,Partnership,400.82,169.05,Refunded
ORD_2728,CUST_660,2025-06-28,Corporate Package,Google Search,456.56,170.61,Completed
ORD_2729,CUST_1081,2025-06-03,Media Package,Partnership,271.18,138.41,Completed
ORD_2730,CUST_321,2024-08-07,Media Package,Referral,122.11,54.4,Completed
ORD_2731,CUST_74,2025-04-04,Media Package,Event Walk-in,432.34,288.76,Completed
ORD_2732,CUST_856,2025-04-19,Event Ticket,Google Search,217.68,146.45,Completed
ORD_2733,CUST_1211,2024-07-18,Partner Offer,TikTok,163.2,52.11,Completed
ORD_2734,CUST_758,2024-03-29,Media Package,Partnership,364.28,147.19,Completed
ORD_2735,CUST_991,2025-05-04,Event Ticket,Referral,366.4,194.82,Completed
ORD_2736,CUST_67,2025-05-16,Corporate Package,Google Search,413.56,261.76,Completed
ORD_2737,CUST_473,2024-05-10,Membership,Partnership,343.61,168.58,Completed
ORD_2738,CUST_358,2025-03-10,Partner Offer,TikTok,293.82,121.87,Completed
ORD_2739,CUST_1198,2024-10-10,Creative Studio,Event Walk-in,320.73,177.48,Completed
ORD_2740,CUST_1229,2025-03-29,Workshop,LinkedIn,434.1,172.83,Cancelled
ORD_2741,CUST_579,2024-10-24,Membership,Partnership,330.84,209.74,Completed
ORD_2742,CUST_735,2024-01-11,Membership,LinkedIn,252.73,156.97,Completed
ORD_2743,CUST_685,2025-05-23,Workshop,Google Search,343.18,155.91,Completed
ORD_2744,CUST_662,2024-02-10,Media Package,Referral,63.86,39.63,Cancelled
ORD_2745,CUST_1000,2024-10-20,Media Package,Referral,161.53,51.41,Refunded
ORD_2746,CUST_471,2024-12-14,Partner Offer,TikTok,414.44,168.55,Completed
ORD_2747,CUST_600,2024-03-30,Corporate Package,TikTok,60.0,31.61,Completed
ORD_2748,CUST_450,2025-02-28,Workshop,Referral,110.69,47.82,Completed
ORD_2749,CUST_1198,2024-11-07,Workshop,Event Walk-in,274.11,186.62,Completed
ORD_2750,CUST_797,2025-05-13,Corporate Package,Google Search,187.91,98.44,Completed
ORD_2751,CUST_814,2024-07-17,Corporate Package,Partnership,140.99,54.33,Completed
ORD_2752,CUST_874,2024-08-02,Corporate Package,LinkedIn,467.11,200.65,Completed
ORD_2753,CUST_401,2024-06-19,Media Package,Referral,229.33,160.32,Completed
ORD_2754,CUST_66,2025-02-16,Workshop,Event Walk-in,176.33,66.23,Completed
ORD_2755,CUST_1107,2024-07-30,Media Package,Instagram,42.06,26.66,Completed
ORD_2756,CUST_1205,2025-05-17,Workshop,Instagram,136.51,45.24,Completed
ORD_2757,CUST_1052,2024-10-20,Creative Studio,Referral,119.17,55.55,Completed
ORD_2758,CUST_90,2025-01-30,Creative Studio,Referral,148.21,53.86,Completed
ORD_2759,CUST_799,2024-05-26,Creative Studio,Partnership,142.67,55.35,Completed
ORD_2760,CUST_633,2025-03-04,Creative Studio,Partnership,156.37,92.81,Completed
ORD_2761,CUST_353,2025-06-01,Event Ticket,Referral,470.76,321.62,Completed
ORD_2762,CUST_127,2024-06-02,Membership,Referral,215.49,86.81,Completed
ORD_2763,CUST_1471,2025-04-16,Creative Studio,Instagram,398.23,141.21,Completed
ORD_2764,CUST_72,2024-03-18,Membership,Google Search,454.15,238.57,Completed
ORD_2765,CUST_941,2025-02-06,Creative Studio,LinkedIn,140.72,93.03,Completed
ORD_2766,CUST_1418,2025-01-17,Corporate Package,Partnership,77.6,42.0,Completed
ORD_2767,CUST_465,2024-10-14,Partner Offer,Instagram,25.31,10.41,Refunded
ORD_2768,CUST_342,2025-01-13,Corporate Package,Instagram,484.12,264.74,Completed
ORD_2769,CUST_50,2025-03-30,Membership,Google Search,411.32,173.8,Completed
ORD_2770,CUST_332,2024-06-03,Corporate Package,Referral,400.65,175.34,Cancelled
ORD_2771,CUST_1190,2025-03-08,Membership,LinkedIn,202.32,115.48,Completed
ORD_2772,CUST_674,2024-09-16,Media Package,Event Walk-in,375.35,121.3,Completed
ORD_2773,CUST_739,2024-01-03,Membership,TikTok,376.46,168.26,Cancelled
ORD_2774,CUST_1418,2024-06-04,Partner Offer,Partnership,325.77,213.42,Completed
ORD_2775,CUST_1035,2025-05-29,Event Ticket,Event Walk-in,230.64,125.03,Completed
ORD_2776,CUST_229,2024-03-12,Event Ticket,TikTok,33.5,15.16,Completed
ORD_2777,CUST_509,2024-09-18,Creative Studio,LinkedIn,401.39,184.12,Completed
ORD_2778,CUST_931,2025-06-24,Corporate Package,TikTok,186.83,122.12,Completed
ORD_2779,CUST_1284,2024-10-06,Event Ticket,Partnership,298.69,100.79,Completed
ORD_2780,CUST_1282,2024-09-02,Workshop,Partnership,138.04,70.32,Completed
ORD_2781,CUST_371,2025-02-02,Workshop,Event Walk-in,213.48,126.85,Completed
ORD_2782,CUST_1418,2024-09-07,Corporate Package,Partnership,421.28,131.02,Refunded
ORD_2783,CUST_1026,2024-08-17,Partner Offer,TikTok,373.81,148.36,Completed
ORD_2784,CUST_713,2024-07-26,Membership,Google Search,214.61,130.2,Completed
ORD_2785,CUST_448,2024-07-19,Workshop,Google Search,36.22,24.84,Completed
ORD_2786,CUST_3,2025-03-15,Workshop,TikTok,191.7,89.48,Completed
ORD_2787,CUST_161,2025-02-12,Workshop,LinkedIn,460.21,149.81,Completed
ORD_2788,CUST_20,2025-06-26,Membership,LinkedIn,202.22,96.02,Completed
ORD_2789,CUST_1356,2024-05-05,Media Package,LinkedIn,313.96,172.05,Completed
ORD_2790,CUST_1194,2025-03-20,Workshop,Referral,239.29,82.55,Completed
ORD_2791,CUST_265,2025-01-22,Creative Studio,Event Walk-in,45.32,15.19,Completed
ORD_2792,CUST_867,2024-05-25,Membership,Referral,168.14,62.16,Completed
ORD_2793,CUST_1245,2025-05-17,Partner Offer,Event Walk-in,224.81,129.63,Completed
ORD_2794,CUST_1043,2024-08-29,Media Package,Partnership,106.1,59.25,Completed
ORD_2795,CUST_1309,2025-05-17,Membership,Referral,37.38,15.56,Completed
ORD_2796,CUST_804,2025-01-03,Membership,LinkedIn,140.9,59.99,Completed
ORD_2797,CUST_1308,2025-06-19,Event Ticket,Google Search,141.32,68.84,Completed
ORD_2798,CUST_560,2025-06-12,Creative Studio,TikTok,320.06,177.11,Refunded
ORD_2799,CUST_628,2025-02-17,Event Ticket,Referral,52.94,30.55,Completed
ORD_2800,CUST_590,2024-08-01,Creative Studio,Referral,221.4,152.35,Completed
ORD_2801,CUST_120,2024-12-25,Event Ticket,Partnership,292.87,161.27,Completed
ORD_2802,CUST_1236,2025-04-19,Membership,LinkedIn,62.43,31.18,Cancelled
ORD_2803,CUST_917,2024-06-06,Media Package,Partnership,407.56,235.04,Completed
ORD_2804,CUST_814,2025-03-20,Membership,Partnership,255.93,80.3,Completed
ORD_2805,CUST_237,2024-02-27,Media Package,TikTok,86.29,56.67,Completed
ORD_2806,CUST_609,2025-04-12,Corporate Package,Event Walk-in,169.76,103.6,Cancelled
ORD_2807,CUST_1129,2025-02-27,Media Package,TikTok,104.48,44.67,Completed
ORD_2808,CUST_41,2024-08-22,Corporate Package,Partnership,472.37,240.74,Completed
ORD_2809,CUST_1090,2024-03-18,Workshop,Instagram,266.25,96.49,Cancelled
ORD_2810,CUST_636,2024-02-16,Creative Studio,Partnership,59.19,23.63,Completed
ORD_2811,CUST_1431,2025-03-24,Creative Studio,LinkedIn,62.16,19.22,Refunded
ORD_2812,CUST_605,2025-05-28,Partner Offer,LinkedIn,31.19,16.09,Completed
ORD_2813,CUST_583,2024-08-21,Membership,Instagram,315.02,161.49,Completed
ORD_2814,CUST_179,2024-08-08,Corporate Package,Instagram,367.0,213.05,Completed
ORD_2815,CUST_704,2024-02-13,Corporate Package,TikTok,384.91,177.32,Completed
ORD_2816,CUST_67,2024-09-19,Membership,Google Search,120.86,68.59,Completed
ORD_2817,CUST_1419,2024-02-26,Corporate Package,Event Walk-in,205.49,90.76,Completed
ORD_2818,CUST_712,2024-06-04,Creative Studio,TikTok,485.82,151.55,Cancelled
ORD_2819,CUST_1062,2025-04-28,Media Package,Partnership,59.69,28.6,Completed
ORD_2820,CUST_1308,2024-12-24,Event Ticket,Google Search,24.71,11.1,Completed
ORD_2821,CUST_717,2024-10-07,Partner Offer,TikTok,305.79,144.24,Completed
ORD_2822,CUST_926,2025-02-22,Partner Offer,LinkedIn,377.05,261.63,Completed
ORD_2823,CUST_1005,2024-08-04,Membership,Referral,30.76,10.09,Completed
ORD_2824,CUST_866,2024-01-22,Media Package,Instagram,87.97,53.04,Completed
ORD_2825,CUST_642,2025-01-08,Media Package,TikTok,246.4,90.95,Completed
ORD_2826,CUST_754,2025-04-23,Media Package,TikTok,355.34,181.39,Completed
ORD_2827,CUST_872,2024-12-22,Media Package,LinkedIn,227.62,124.07,Completed
ORD_2828,CUST_947,2025-02-10,Corporate Package,Partnership,58.22,39.44,Completed
ORD_2829,CUST_1126,2024-11-26,Event Ticket,Instagram,464.86,267.01,Completed
ORD_2830,CUST_208,2024-05-23,Workshop,TikTok,103.74,44.55,Refunded
ORD_2831,CUST_414,2024-11-02,Partner Offer,Referral,315.79,194.1,Completed
ORD_2832,CUST_67,2024-12-29,Workshop,Google Search,66.0,33.06,Completed
ORD_2833,CUST_3,2024-01-09,Event Ticket,TikTok,91.55,56.12,Completed
ORD_2834,CUST_1193,2025-06-07,Media Package,LinkedIn,119.28,81.54,Completed
ORD_2835,CUST_197,2024-06-13,Partner Offer,Referral,371.45,189.21,Completed
ORD_2836,CUST_1045,2024-10-01,Corporate Package,Referral,142.2,59.03,Completed
ORD_2837,CUST_1443,2024-11-16,Corporate Package,LinkedIn,255.72,99.14,Completed
ORD_2838,CUST_56,2024-11-30,Event Ticket,Event Walk-in,439.43,264.6,Refunded
ORD_2839,CUST_202,2024-01-30,Creative Studio,Referral,266.46,100.01,Completed
ORD_2840,CUST_1241,2025-04-23,Corporate Package,Google Search,29.37,20.39,Completed
ORD_2841,CUST_1385,2025-05-14,Creative Studio,LinkedIn,391.76,195.05,Completed
ORD_2842,CUST_266,2024-10-20,Partner Offer,Google Search,193.92,116.06,Completed
ORD_2843,CUST_828,2025-01-25,Partner Offer,Referral,129.49,53.03,Completed
ORD_2844,CUST_1111,2025-02-05,Event Ticket,TikTok,45.09,18.58,Completed
ORD_2845,CUST_453,2025-05-14,Media Package,TikTok,255.26,167.11,Completed
ORD_2846,CUST_513,2025-03-31,Media Package,LinkedIn,410.03,204.92,Completed
ORD_2847,CUST_1105,2024-06-13,Membership,Google Search,408.44,127.36,Completed
ORD_2848,CUST_1107,2024-11-10,Partner Offer,Instagram,421.79,257.66,Refunded
ORD_2849,CUST_636,2024-03-27,Partner Offer,Partnership,239.6,91.75,Cancelled
ORD_2850,CUST_97,2024-09-04,Membership,TikTok,39.54,25.91,Refunded
ORD_2851,CUST_62,2024-01-11,Membership,Instagram,136.28,76.47,Completed
ORD_2852,CUST_734,2024-05-19,Media Package,Google Search,79.24,41.68,Completed
ORD_2853,CUST_215,2024-03-02,Partner Offer,LinkedIn,491.44,292.7,Completed
ORD_2854,CUST_1447,2025-03-05,Partner Offer,Partnership,65.57,27.61,Refunded
ORD_2855,CUST_737,2025-04-26,Partner Offer,Partnership,304.96,163.23,Refunded
ORD_2856,CUST_9,2025-03-23,Corporate Package,Google Search,150.77,54.78,Completed
ORD_2857,CUST_1048,2024-02-09,Creative Studio,Referral,287.15,96.54,Completed
ORD_2858,CUST_888,2025-01-01,Membership,Google Search,337.86,140.32,Refunded
ORD_2859,CUST_476,2025-01-21,Corporate Package,Partnership,478.07,305.63,Completed
ORD_2860,CUST_1382,2024-01-11,Event Ticket,Referral,403.83,124.57,Refunded
ORD_2861,CUST_63,2025-06-12,Partner Offer,Google Search,245.92,151.69,Completed
ORD_2862,CUST_987,2024-02-08,Media Package,Referral,389.69,237.91,Completed
ORD_2863,CUST_711,2024-01-07,Event Ticket,Partnership,166.76,80.25,Completed
ORD_2864,CUST_118,2024-03-23,Creative Studio,Google Search,420.64,181.44,Completed
ORD_2865,CUST_145,2024-12-20,Workshop,TikTok,162.39,51.05,Completed
ORD_2866,CUST_388,2024-06-09,Partner Offer,Google Search,434.05,284.12,Completed
ORD_2867,CUST_905,2024-09-21,Creative Studio,Referral,89.58,39.03,Completed
ORD_2868,CUST_80,2025-03-22,Creative Studio,TikTok,110.4,59.69,Completed
ORD_2869,CUST_1426,2024-07-04,Membership,Google Search,149.43,75.34,Completed
ORD_2870,CUST_892,2024-11-12,Creative Studio,Partnership,215.02,129.2,Completed
ORD_2871,CUST_507,2024-07-13,Workshop,Instagram,178.38,95.53,Completed
ORD_2872,CUST_326,2025-01-17,Corporate Package,Google Search,143.87,75.02,Completed
ORD_2873,CUST_813,2025-04-02,Media Package,Partnership,414.22,248.49,Completed
ORD_2874,CUST_1423,2024-07-22,Membership,TikTok,53.46,17.54,Refunded
ORD_2875,CUST_1375,2024-09-01,Workshop,Google Search,181.59,117.49,Completed
ORD_2876,CUST_263,2025-03-20,Workshop,LinkedIn,29.65,13.58,Completed
ORD_2877,CUST_50,2024-02-12,Media Package,Google Search,188.3,109.29,Completed
ORD_2878,CUST_1009,2025-03-21,Workshop,Instagram,230.98,80.33,Completed
ORD_2879,CUST_949,2024-03-07,Event Ticket,Instagram,216.28,76.25,Completed
ORD_2880,CUST_416,2024-08-01,Media Package,Instagram,262.74,180.63,Refunded
ORD_2881,CUST_1328,2024-03-06,Partner Offer,Referral,449.03,292.91,Completed
ORD_2882,CUST_1053,2025-05-11,Creative Studio,Partnership,319.85,185.94,Completed
ORD_2883,CUST_343,2025-05-29,Corporate Package,Referral,230.38,149.92,Completed
ORD_2884,CUST_1332,2025-04-09,Partner Offer,Referral,207.18,131.42,Completed
ORD_2885,CUST_1111,2024-01-26,Corporate Package,TikTok,46.26,19.95,Completed
ORD_2886,CUST_608,2024-08-22,Partner Offer,Event Walk-in,306.49,120.1,Completed
ORD_2887,CUST_982,2024-03-11,Creative Studio,Partnership,427.35,267.96,Completed
ORD_2888,CUST_601,2025-03-27,Partner Offer,Referral,222.76,72.18,Completed
ORD_2889,CUST_379,2025-02-10,Membership,Google Search,205.86,103.83,Completed
ORD_2890,CUST_1060,2024-08-28,Event Ticket,Referral,39.17,18.62,Completed
ORD_2891,CUST_748,2024-07-10,Workshop,LinkedIn,73.48,26.45,Completed
ORD_2892,CUST_1124,2025-01-04,Membership,TikTok,176.86,107.18,Completed
ORD_2893,CUST_1100,2025-01-02,Event Ticket,Google Search,361.64,163.74,Completed
ORD_2894,CUST_585,2024-02-23,Workshop,Event Walk-in,447.79,145.77,Refunded
ORD_2895,CUST_536,2024-04-19,Workshop,Google Search,53.24,19.65,Completed
ORD_2896,CUST_1499,2025-02-22,Event Ticket,Partnership,269.72,186.98,Completed
ORD_2897,CUST_1165,2024-12-28,Corporate Package,Instagram,407.06,129.09,Cancelled
ORD_2898,CUST_610,2025-03-07,Creative Studio,Instagram,393.01,130.69,Completed
ORD_2899,CUST_121,2024-03-10,Workshop,LinkedIn,430.87,235.7,Cancelled
ORD_2900,CUST_746,2024-10-05,Event Ticket,TikTok,380.22,260.8,Completed
ORD_2901,CUST_648,2024-09-04,Workshop,Instagram,221.49,116.93,Refunded
ORD_2902,CUST_741,2025-03-14,Creative Studio,Partnership,361.1,182.37,Cancelled
ORD_2903,CUST_13,2025-04-15,Event Ticket,LinkedIn,152.5,93.51,Completed
ORD_2904,CUST_712,2024-07-10,Media Package,TikTok,414.09,152.32,Completed
ORD_2905,CUST_593,2024-02-22,Corporate Package,Event Walk-in,424.43,197.74,Cancelled
ORD_2906,CUST_1471,2024-09-16,Workshop,Instagram,139.24,53.35,Completed
ORD_2907,CUST_510,2025-06-26,Media Package,LinkedIn,246.8,118.6,Completed
ORD_2908,CUST_757,2025-02-12,Media Package,Instagram,145.73,43.75,Completed
ORD_2909,CUST_703,2024-01-29,Partner Offer,Google Search,386.03,250.05,Completed
ORD_2910,CUST_1282,2024-02-18,Partner Offer,Partnership,90.7,59.88,Completed
ORD_2911,CUST_852,2024-01-07,Workshop,LinkedIn,349.84,126.65,Completed
ORD_2912,CUST_561,2024-11-12,Creative Studio,Google Search,124.74,82.01,Completed
ORD_2913,CUST_143,2024-04-20,Creative Studio,LinkedIn,60.18,36.26,Completed
ORD_2914,CUST_525,2024-04-09,Membership,LinkedIn,125.83,87.12,Completed
ORD_2915,CUST_1230,2024-08-14,Creative Studio,Partnership,331.61,110.76,Completed
ORD_2916,CUST_1438,2025-02-08,Corporate Package,Instagram,51.1,27.66,Completed
ORD_2917,CUST_969,2025-01-20,Media Package,Google Search,498.43,323.5,Completed
ORD_2918,CUST_407,2025-01-03,Event Ticket,TikTok,366.77,245.04,Cancelled
ORD_2919,CUST_713,2024-01-22,Partner Offer,Google Search,496.69,160.11,Completed
ORD_2920,CUST_646,2025-01-04,Corporate Package,TikTok,275.24,157.81,Completed
ORD_2921,CUST_1393,2025-04-13,Media Package,TikTok,205.4,106.13,Completed
ORD_2922,CUST_362,2024-08-05,Partner Offer,TikTok,44.52,26.52,Completed
ORD_2923,CUST_1489,2024-09-11,Workshop,Google Search,115.0,45.14,Completed
ORD_2924,CUST_1324,2024-11-11,Media Package,Event Walk-in,355.87,171.28,Completed
ORD_2925,CUST_759,2025-04-17,Membership,Google Search,271.54,164.15,Refunded
ORD_2926,CUST_48,2024-02-12,Corporate Package,Instagram,141.6,81.33,Completed
ORD_2927,CUST_586,2024-06-05,Event Ticket,Instagram,236.43,85.89,Completed
ORD_2928,CUST_635,2025-01-31,Partner Offer,TikTok,78.85,40.1,Completed
ORD_2929,CUST_1331,2024-05-07,Event Ticket,LinkedIn,456.04,190.42,Completed
ORD_2930,CUST_1465,2025-03-08,Partner Offer,Partnership,270.94,165.74,Completed
ORD_2931,CUST_771,2024-03-13,Partner Offer,LinkedIn,306.0,112.2,Completed
ORD_2932,CUST_306,2024-11-11,Membership,Partnership,305.46,122.95,Completed
ORD_2933,CUST_83,2024-08-21,Membership,TikTok,73.7,43.37,Completed
ORD_2934,CUST_994,2024-03-17,Partner Offer,Partnership,132.63,72.42,Completed
ORD_2935,CUST_294,2024-02-20,Membership,Referral,50.19,16.81,Completed
ORD_2936,CUST_892,2025-03-02,Partner Offer,Partnership,63.11,40.76,Completed
ORD_2937,CUST_628,2024-08-28,Media Package,Referral,258.83,114.55,Completed
ORD_2938,CUST_343,2024-04-21,Partner Offer,Referral,239.7,142.74,Completed
ORD_2939,CUST_775,2024-09-12,Event Ticket,Event Walk-in,202.0,95.3,Completed
ORD_2940,CUST_1277,2024-09-06,Event Ticket,Referral,268.89,182.22,Cancelled
ORD_2941,CUST_641,2025-01-13,Membership,TikTok,142.65,84.47,Completed
ORD_2942,CUST_1256,2025-06-30,Partner Offer,Google Search,444.92,158.58,Completed
ORD_2943,CUST_12,2024-07-31,Creative Studio,Google Search,78.17,26.54,Completed
ORD_2944,CUST_647,2024-07-19,Corporate Package,Referral,213.11,147.74,Refunded
ORD_2945,CUST_323,2025-06-11,Media Package,TikTok,151.72,89.19,Completed
ORD_2946,CUST_1396,2024-06-06,Partner Offer,LinkedIn,380.4,253.68,Completed
ORD_2947,CUST_1100,2024-11-23,Media Package,Google Search,443.03,193.71,Cancelled
ORD_2948,CUST_1497,2025-02-06,Media Package,Event Walk-in,321.49,200.17,Completed
ORD_2949,CUST_868,2024-02-04,Corporate Package,Event Walk-in,134.39,69.48,Completed
ORD_2950,CUST_643,2024-12-07,Workshop,Instagram,438.76,219.35,Completed
ORD_2951,CUST_507,2024-02-20,Corporate Package,Instagram,383.62,247.13,Completed
ORD_2952,CUST_881,2024-12-24,Corporate Package,Partnership,312.09,117.11,Completed
ORD_2953,CUST_47,2024-04-28,Creative Studio,Partnership,312.44,160.87,Completed
ORD_2954,CUST_880,2025-01-16,Partner Offer,Referral,83.61,33.52,Refunded
ORD_2955,CUST_1427,2024-04-04,Partner Offer,Partnership,333.47,150.81,Completed
ORD_2956,CUST_107,2024-08-14,Corporate Package,LinkedIn,66.89,39.96,Completed
ORD_2957,CUST_971,2024-12-07,Media Package,Referral,180.81,115.58,Completed
ORD_2958,CUST_1211,2024-02-20,Media Package,TikTok,262.21,96.66,Completed
ORD_2959,CUST_1109,2024-10-07,Workshop,TikTok,218.56,152.06,Refunded
ORD_2960,CUST_378,2024-04-19,Partner Offer,LinkedIn,206.4,64.56,Completed
ORD_2961,CUST_527,2025-06-27,Workshop,Google Search,96.88,56.99,Refunded
ORD_2962,CUST_1468,2024-04-27,Creative Studio,Instagram,73.6,23.61,Completed
ORD_2963,CUST_976,2024-04-26,Creative Studio,Partnership,60.09,31.87,Completed
ORD_2964,CUST_261,2025-02-20,Event Ticket,Event Walk-in,142.61,48.16,Refunded
ORD_2965,CUST_66,2024-12-15,Creative Studio,Event Walk-in,256.03,82.56,Completed
ORD_2966,CUST_563,2024-04-05,Event Ticket,LinkedIn,87.77,33.23,Completed
ORD_2967,CUST_351,2025-02-20,Creative Studio,Google Search,94.03,46.18,Completed
ORD_2968,CUST_483,2024-05-24,Media Package,Referral,66.67,40.09,Completed
ORD_2969,CUST_99,2025-01-05,Creative Studio,TikTok,125.6,56.95,Refunded
ORD_2970,CUST_378,2024-11-17,Corporate Package,LinkedIn,79.93,28.23,Completed
ORD_2971,CUST_741,2025-02-12,Membership,Partnership,292.79,124.03,Completed
ORD_2972,CUST_169,2025-05-23,Media Package,Partnership,452.7,203.58,Completed
ORD_2973,CUST_1303,2024-12-26,Workshop,Google Search,70.05,29.17,Completed
ORD_2974,CUST_798,2024-06-21,Corporate Package,Instagram,246.23,139.63,Completed
ORD_2975,CUST_705,2024-10-15,Partner Offer,Google Search,451.33,215.78,Completed
ORD_2976,CUST_777,2024-08-26,Partner Offer,Google Search,31.7,17.51,Completed
ORD_2977,CUST_1365,2025-03-14,Membership,TikTok,463.62,156.61,Completed
ORD_2978,CUST_884,2025-03-15,Creative Studio,Instagram,50.82,17.83,Completed
ORD_2979,CUST_1141,2024-11-13,Workshop,Google Search,92.51,49.66,Completed
ORD_2980,CUST_604,2025-06-23,Corporate Package,LinkedIn,416.92,163.12,Completed
ORD_2981,CUST_926,2024-11-15,Media Package,LinkedIn,291.02,128.58,Refunded
ORD_2982,CUST_1389,2025-06-13,Membership,LinkedIn,487.63,147.12,Completed
ORD_2983,CUST_470,2024-12-09,Workshop,Google Search,89.54,30.77,Refunded
ORD_2984,CUST_362,2025-01-18,Partner Offer,TikTok,139.11,58.64,Completed
ORD_2985,CUST_960,2024-03-29,Corporate Package,Instagram,302.06,139.19,Completed
ORD_2986,CUST_646,2024-07-23,Event Ticket,TikTok,490.69,226.63,Completed
ORD_2987,CUST_443,2024-07-20,Creative Studio,Referral,291.42,187.12,Completed
ORD_2988,CUST_894,2024-04-21,Media Package,Event Walk-in,483.38,249.56,Refunded
ORD_2989,CUST_815,2024-06-16,Media Package,TikTok,415.37,252.79,Completed
ORD_2990,CUST_261,2025-05-01,Membership,Event Walk-in,100.9,67.95,Completed
ORD_2991,CUST_1486,2025-04-12,Partner Offer,Instagram,461.69,200.45,Completed
ORD_2992,CUST_1396,2024-07-15,Media Package,LinkedIn,278.0,158.26,Completed
ORD_2993,CUST_939,2024-06-28,Membership,Referral,68.56,29.77,Completed
ORD_2994,CUST_927,2024-04-22,Media Package,Partnership,458.74,294.56,Completed
ORD_2995,CUST_942,2024-03-18,Workshop,Referral,401.98,156.56,Completed
ORD_2996,CUST_474,2025-02-21,Workshop,Event Walk-in,404.46,143.75,Completed
ORD_2997,CUST_527,2024-06-23,Creative Studio,Google Search,257.51,83.72,Completed
ORD_2998,CUST_126,2024-12-15,Corporate Package,LinkedIn,402.32,262.33,Refunded
ORD_2999,CUST_416,2024-10-06,Corporate Package,Instagram,453.47,186.93,Completed
ORD_3000,CUST_473,2024-08-08,Corporate Package,Partnership,416.99,128.38,Completed
ORD_3001,CUST_1125,2024-11-17,Corporate Package,LinkedIn,208.26,79.93,Completed
ORD_3002,CUST_876,2025-05-22,Creative Studio,Referral,246.94,162.82,Completed
ORD_3003,CUST_446,2025-04-03,Creative Studio,Instagram,80.02,37.88,Completed
ORD_3004,CUST_875,2024-01-29,Partner Offer,Google Search,102.02,43.31,Completed
ORD_3005,CUST_291,2025-05-03,Membership,Referral,194.65,130.57,Completed
ORD_3006,CUST_745,2025-03-05,Event Ticket,Partnership,366.78,199.82,Completed
ORD_3007,CUST_643,2024-12-21,Media Package,Instagram,205.45,89.99,Completed
ORD_3008,CUST_618,2025-05-11,Workshop,LinkedIn,366.82,151.98,Completed
ORD_3009,CUST_417,2024-02-26,Media Package,Event Walk-in,332.45,136.42,Completed
ORD_3010,CUST_1472,2024-09-05,Corporate Package,Google Search,101.37,67.11,Completed
ORD_3011,CUST_871,2024-06-01,Creative Studio,Partnership,173.62,120.72,Completed
ORD_3012,CUST_1000,2025-06-02,Event Ticket,Referral,336.36,166.17,Completed
ORD_3013,CUST_1158,2024-09-23,Creative Studio,TikTok,26.77,16.13,Completed
ORD_3014,CUST_432,2024-05-09,Creative Studio,Referral,82.4,44.9,Completed
ORD_3015,CUST_690,2024-05-12,Workshop,Partnership,51.3,16.13,Cancelled
ORD_3016,CUST_402,2024-08-30,Creative Studio,LinkedIn,344.22,204.83,Completed
ORD_3017,CUST_1397,2024-01-07,Event Ticket,Partnership,34.21,23.08,Cancelled
ORD_3018,CUST_547,2024-03-30,Corporate Package,TikTok,342.87,150.09,Completed
ORD_3019,CUST_832,2025-01-24,Creative Studio,LinkedIn,184.17,61.57,Completed
ORD_3020,CUST_517,2024-04-30,Creative Studio,Instagram,403.55,254.9,Completed
ORD_3021,CUST_1323,2024-08-05,Membership,Partnership,371.85,137.24,Completed
ORD_3022,CUST_510,2024-12-23,Partner Offer,LinkedIn,61.43,30.89,Completed
ORD_3023,CUST_772,2024-04-08,Partner Offer,TikTok,64.25,25.29,Completed
ORD_3024,CUST_1192,2024-04-07,Creative Studio,Referral,338.82,104.71,Completed
ORD_3025,CUST_1102,2024-04-21,Media Package,Event Walk-in,111.97,63.51,Completed
ORD_3026,CUST_147,2024-11-01,Event Ticket,TikTok,361.65,129.85,Completed
ORD_3027,CUST_1472,2025-04-30,Membership,Google Search,398.14,170.62,Completed
ORD_3028,CUST_1424,2025-03-11,Workshop,Referral,56.9,22.16,Completed
ORD_3029,CUST_1184,2024-03-31,Membership,Event Walk-in,310.83,151.34,Completed
ORD_3030,CUST_502,2025-05-18,Workshop,Google Search,89.77,38.98,Completed
ORD_3031,CUST_728,2024-01-06,Media Package,Partnership,483.25,156.49,Completed
ORD_3032,CUST_954,2025-01-18,Media Package,Instagram,378.38,258.34,Completed
ORD_3033,CUST_186,2024-11-02,Creative Studio,Partnership,128.39,84.41,Completed
ORD_3034,CUST_241,2025-01-02,Event Ticket,TikTok,367.19,208.14,Completed
ORD_3035,CUST_353,2025-01-02,Creative Studio,Referral,466.08,264.32,Completed
ORD_3036,CUST_599,2024-07-12,Workshop,LinkedIn,261.62,178.41,Completed
ORD_3037,CUST_205,2024-08-05,Media Package,Event Walk-in,164.4,90.34,Completed
ORD_3038,CUST_1376,2025-04-23,Membership,Referral,406.47,165.82,Completed
ORD_3039,CUST_203,2025-03-12,Corporate Package,Referral,216.0,139.15,Completed
ORD_3040,CUST_661,2025-06-13,Event Ticket,TikTok,258.24,156.52,Completed
ORD_3041,CUST_676,2024-09-04,Workshop,Instagram,393.76,168.61,Completed
ORD_3042,CUST_1199,2024-03-11,Media Package,Referral,131.02,66.21,Completed
ORD_3043,CUST_170,2024-11-14,Workshop,LinkedIn,69.92,23.96,Completed
ORD_3044,CUST_857,2025-04-24,Corporate Package,Instagram,341.65,205.18,Completed
ORD_3045,CUST_102,2024-07-19,Corporate Package,Event Walk-in,24.41,7.73,Refunded
ORD_3046,CUST_254,2024-02-02,Media Package,Partnership,161.22,59.52,Refunded
ORD_3047,CUST_913,2024-11-15,Corporate Package,TikTok,343.37,205.75,Refunded
ORD_3048,CUST_10,2024-10-09,Creative Studio,Referral,209.2,121.14,Completed
ORD_3049,CUST_1165,2024-08-29,Event Ticket,Instagram,279.68,123.0,Completed
ORD_3050,CUST_328,2025-01-21,Corporate Package,Referral,458.93,242.93,Completed
ORD_3051,CUST_922,2025-01-01,Corporate Package,Google Search,209.84,105.51,Completed
ORD_3052,CUST_260,2024-02-18,Workshop,TikTok,215.28,129.74,Completed
ORD_3053,CUST_667,2025-06-09,Media Package,Referral,356.24,191.04,Completed
ORD_3054,CUST_1382,2024-02-24,Event Ticket,Referral,290.15,145.36,Completed
ORD_3055,CUST_732,2025-01-21,Membership,LinkedIn,227.63,100.68,Completed
ORD_3056,CUST_1216,2024-05-22,Partner Offer,Instagram,476.8,295.14,Cancelled
ORD_3057,CUST_1484,2024-07-06,Membership,LinkedIn,363.74,215.84,Completed
ORD_3058,CUST_167,2025-05-23,Membership,Google Search,64.29,28.06,Completed
ORD_3059,CUST_315,2024-11-27,Event Ticket,TikTok,157.76,67.36,Completed
ORD_3060,CUST_182,2024-07-31,Membership,Google Search,372.01,120.68,Refunded
ORD_3061,CUST_1014,2025-01-30,Event Ticket,Instagram,495.74,208.82,Completed
ORD_3062,CUST_642,2024-02-19,Creative Studio,TikTok,284.58,177.02,Completed
ORD_3063,CUST_434,2024-12-31,Membership,Google Search,103.61,59.43,Completed
ORD_3064,CUST_752,2024-05-24,Membership,Google Search,275.14,99.08,Completed
ORD_3065,CUST_195,2025-01-09,Creative Studio,LinkedIn,205.63,95.74,Completed
ORD_3066,CUST_94,2024-02-23,Partner Offer,Google Search,348.24,107.19,Completed
ORD_3067,CUST_1262,2024-12-18,Partner Offer,Event Walk-in,226.12,146.59,Completed
ORD_3068,CUST_825,2025-04-24,Membership,Partnership,291.14,184.69,Completed
ORD_3069,CUST_1314,2025-01-13,Event Ticket,Google Search,393.78,275.34,Completed
ORD_3070,CUST_116,2024-12-21,Partner Offer,Instagram,62.81,30.66,Completed
ORD_3071,CUST_353,2025-03-20,Creative Studio,Referral,321.15,175.42,Completed
ORD_3072,CUST_1283,2024-03-01,Corporate Package,Google Search,136.63,71.73,Completed
ORD_3073,CUST_114,2024-03-04,Corporate Package,Instagram,470.01,325.42,Completed
ORD_3074,CUST_704,2025-04-14,Membership,TikTok,241.01,81.42,Completed
ORD_3075,CUST_391,2024-01-12,Corporate Package,LinkedIn,447.32,138.16,Completed
ORD_3076,CUST_419,2024-09-21,Corporate Package,LinkedIn,31.49,16.82,Completed
ORD_3077,CUST_353,2024-04-27,Partner Offer,Referral,60.53,25.27,Completed
ORD_3078,CUST_1237,2024-04-03,Partner Offer,Partnership,120.54,54.81,Completed
ORD_3079,CUST_336,2024-04-01,Corporate Package,Partnership,259.86,82.58,Completed
ORD_3080,CUST_1057,2025-01-10,Media Package,TikTok,337.36,142.62,Completed
ORD_3081,CUST_649,2024-02-20,Corporate Package,Instagram,316.35,186.14,Cancelled
ORD_3082,CUST_877,2024-06-09,Corporate Package,Instagram,82.53,32.43,Completed
ORD_3083,CUST_766,2024-10-22,Partner Offer,TikTok,207.59,120.15,Completed
ORD_3084,CUST_1318,2024-02-11,Event Ticket,LinkedIn,464.03,295.62,Completed
ORD_3085,CUST_1437,2024-07-06,Membership,Google Search,313.44,140.37,Completed
ORD_3086,CUST_2,2024-09-22,Membership,Referral,345.02,211.28,Completed
ORD_3087,CUST_805,2025-04-18,Workshop,Google Search,375.07,137.51,Refunded
ORD_3088,CUST_83,2024-07-11,Workshop,TikTok,21.77,9.53,Completed
ORD_3089,CUST_998,2024-11-22,Workshop,Instagram,423.73,252.89,Completed
ORD_3090,CUST_536,2024-06-20,Membership,Google Search,96.92,64.5,Completed
ORD_3091,CUST_582,2025-05-09,Creative Studio,Referral,376.31,143.87,Refunded
ORD_3092,CUST_1163,2024-11-25,Membership,Google Search,273.95,86.01,Completed
ORD_3093,CUST_1092,2025-03-31,Media Package,Instagram,369.83,211.61,Completed
ORD_3094,CUST_889,2025-01-10,Creative Studio,Event Walk-in,344.32,205.46,Completed
ORD_3095,CUST_959,2025-06-11,Partner Offer,Referral,52.78,17.84,Completed
ORD_3096,CUST_42,2025-06-09,Corporate Package,Event Walk-in,84.48,34.96,Refunded
ORD_3097,CUST_796,2024-12-07,Media Package,Partnership,284.02,135.49,Completed
ORD_3098,CUST_755,2024-07-11,Media Package,LinkedIn,440.49,201.74,Completed
ORD_3099,CUST_284,2025-03-09,Creative Studio,Google Search,310.15,115.73,Completed
ORD_3100,CUST_1498,2024-02-29,Membership,Event Walk-in,488.93,177.7,Completed
ORD_3101,CUST_544,2024-01-04,Event Ticket,Google Search,314.78,186.33,Completed
ORD_3102,CUST_260,2024-03-14,Membership,TikTok,378.55,217.85,Completed
ORD_3103,CUST_992,2025-06-12,Media Package,Referral,295.29,124.62,Completed
ORD_3104,CUST_116,2024-08-03,Corporate Package,Instagram,53.83,18.74,Completed
ORD_3105,CUST_1144,2024-09-25,Membership,Instagram,403.9,139.69,Completed
ORD_3106,CUST_1028,2024-10-21,Corporate Package,Instagram,252.62,124.47,Completed
ORD_3107,CUST_1104,2024-12-09,Creative Studio,Partnership,85.11,49.85,Completed
ORD_3108,CUST_1283,2024-12-05,Partner Offer,Google Search,157.29,62.13,Completed
ORD_3109,CUST_511,2024-10-22,Workshop,TikTok,141.29,92.92,Completed
ORD_3110,CUST_1475,2024-08-24,Workshop,Google Search,256.59,176.97,Completed
ORD_3111,CUST_1358,2025-06-16,Membership,Referral,482.11,223.69,Completed
ORD_3112,CUST_563,2024-05-10,Creative Studio,LinkedIn,398.12,242.4,Completed
ORD_3113,CUST_999,2024-10-20,Membership,Partnership,107.89,71.03,Completed
ORD_3114,CUST_1210,2024-07-15,Creative Studio,Instagram,312.67,108.76,Completed
ORD_3115,CUST_156,2024-12-13,Membership,Google Search,117.51,60.51,Cancelled
ORD_3116,CUST_1209,2024-12-26,Event Ticket,TikTok,403.86,164.71,Completed
ORD_3117,CUST_100,2024-10-20,Partner Offer,TikTok,195.12,111.39,Completed
ORD_3118,CUST_948,2024-01-22,Partner Offer,Referral,496.15,309.68,Completed
ORD_3119,CUST_303,2025-06-29,Corporate Package,TikTok,286.26,147.1,Completed
ORD_3120,CUST_1163,2024-06-04,Corporate Package,Google Search,239.27,135.27,Completed
ORD_3121,CUST_141,2024-04-14,Creative Studio,LinkedIn,459.93,141.85,Completed
ORD_3122,CUST_786,2024-11-24,Media Package,Event Walk-in,172.19,98.93,Refunded
ORD_3123,CUST_1479,2024-01-18,Workshop,LinkedIn,361.23,117.92,Completed
ORD_3124,CUST_924,2024-03-19,Event Ticket,Referral,424.15,258.0,Completed
ORD_3125,CUST_67,2024-01-21,Membership,Google Search,104.14,54.18,Completed
ORD_3126,CUST_614,2024-04-15,Corporate Package,Instagram,386.53,265.53,Completed
ORD_3127,CUST_1341,2024-12-12,Creative Studio,Event Walk-in,252.71,83.39,Completed
ORD_3128,CUST_1232,2024-04-08,Partner Offer,TikTok,220.42,92.62,Completed
ORD_3129,CUST_390,2025-06-08,Membership,Partnership,29.81,16.06,Completed
ORD_3130,CUST_717,2024-06-05,Workshop,TikTok,190.95,67.39,Completed
ORD_3131,CUST_119,2024-09-22,Event Ticket,LinkedIn,346.37,230.07,Completed
ORD_3132,CUST_801,2024-05-09,Membership,LinkedIn,307.8,126.71,Completed
ORD_3133,CUST_107,2024-08-24,Corporate Package,LinkedIn,142.73,97.78,Completed
ORD_3134,CUST_356,2024-05-10,Event Ticket,Instagram,47.0,23.01,Completed
ORD_3135,CUST_1016,2024-11-23,Membership,Referral,274.38,147.51,Refunded
ORD_3136,CUST_184,2024-04-18,Creative Studio,Google Search,350.37,237.52,Completed
ORD_3137,CUST_1119,2024-09-30,Creative Studio,TikTok,42.56,15.59,Completed
ORD_3138,CUST_1326,2025-02-06,Media Package,LinkedIn,253.01,107.98,Completed
ORD_3139,CUST_1114,2025-03-27,Media Package,TikTok,381.96,145.52,Completed
ORD_3140,CUST_494,2024-02-03,Partner Offer,Instagram,358.09,127.16,Completed
ORD_3141,CUST_1349,2024-03-21,Corporate Package,TikTok,62.23,31.96,Completed
ORD_3142,CUST_940,2024-12-27,Partner Offer,TikTok,321.26,169.58,Completed
ORD_3143,CUST_348,2024-08-01,Membership,LinkedIn,101.03,60.59,Completed
ORD_3144,CUST_1090,2024-11-01,Membership,Instagram,439.33,243.34,Completed
ORD_3145,CUST_390,2024-06-28,Corporate Package,Partnership,418.2,219.5,Completed
ORD_3146,CUST_933,2024-07-13,Creative Studio,LinkedIn,103.33,67.46,Completed
ORD_3147,CUST_1374,2024-10-02,Media Package,Event Walk-in,151.33,87.0,Completed
ORD_3148,CUST_1257,2024-02-11,Membership,Instagram,321.32,97.63,Completed
ORD_3149,CUST_1372,2025-01-31,Partner Offer,TikTok,260.07,150.41,Completed
ORD_3150,CUST_480,2024-07-11,Event Ticket,Google Search,435.23,231.09,Completed
ORD_3151,CUST_504,2024-12-15,Media Package,LinkedIn,279.64,179.39,Completed
ORD_3152,CUST_44,2025-04-10,Membership,Event Walk-in,341.48,108.13,Completed
ORD_3153,CUST_803,2024-04-12,Creative Studio,Instagram,274.18,174.24,Completed
ORD_3154,CUST_472,2024-12-12,Membership,Event Walk-in,68.25,22.35,Completed
ORD_3155,CUST_887,2025-04-25,Media Package,Instagram,97.3,61.04,Completed
ORD_3156,CUST_787,2024-06-14,Corporate Package,Google Search,489.28,286.76,Completed
ORD_3157,CUST_1249,2024-07-05,Membership,LinkedIn,326.65,110.02,Completed
ORD_3158,CUST_36,2024-10-18,Event Ticket,Instagram,463.17,216.48,Cancelled
ORD_3159,CUST_568,2024-08-26,Event Ticket,Partnership,165.67,95.14,Completed
ORD_3160,CUST_565,2025-06-30,Media Package,LinkedIn,437.84,193.33,Completed
ORD_3161,CUST_779,2024-03-21,Workshop,Google Search,440.46,241.92,Completed
ORD_3162,CUST_936,2024-01-13,Media Package,TikTok,330.01,152.74,Completed
ORD_3163,CUST_318,2025-03-23,Media Package,LinkedIn,67.05,32.26,Refunded
ORD_3164,CUST_248,2025-02-05,Workshop,Google Search,416.75,235.64,Completed
ORD_3165,CUST_1086,2024-08-10,Corporate Package,Event Walk-in,469.01,208.69,Completed
ORD_3166,CUST_1222,2024-04-20,Workshop,Google Search,118.18,64.87,Cancelled
ORD_3167,CUST_1414,2024-05-06,Corporate Package,Event Walk-in,454.01,138.31,Completed
ORD_3168,CUST_1168,2025-04-16,Creative Studio,Event Walk-in,221.33,119.23,Completed
ORD_3169,CUST_506,2024-06-26,Membership,Referral,344.3,233.86,Cancelled
ORD_3170,CUST_418,2024-03-26,Workshop,Google Search,455.19,173.64,Completed
ORD_3171,CUST_685,2024-01-09,Event Ticket,Google Search,38.92,15.82,Completed
ORD_3172,CUST_466,2024-04-03,Creative Studio,TikTok,194.68,77.53,Completed
ORD_3173,CUST_638,2025-05-21,Partner Offer,Referral,412.37,173.79,Refunded
ORD_3174,CUST_976,2025-06-16,Partner Offer,Partnership,128.72,62.46,Completed
ORD_3175,CUST_1430,2024-08-10,Media Package,Event Walk-in,98.6,50.03,Completed
ORD_3176,CUST_408,2024-07-28,Membership,TikTok,479.19,193.97,Completed
ORD_3177,CUST_274,2025-04-29,Event Ticket,Google Search,28.14,12.52,Completed
ORD_3178,CUST_565,2025-02-15,Media Package,LinkedIn,214.63,87.83,Cancelled
ORD_3179,CUST_1027,2025-05-28,Media Package,Instagram,256.08,121.96,Completed
ORD_3180,CUST_207,2025-06-29,Creative Studio,Event Walk-in,428.83,203.68,Completed
ORD_3181,CUST_675,2024-10-02,Membership,TikTok,311.71,197.84,Completed
ORD_3182,CUST_194,2025-01-29,Membership,Partnership,400.97,182.94,Refunded
ORD_3183,CUST_606,2024-03-01,Corporate Package,Referral,25.47,12.59,Completed
ORD_3184,CUST_1101,2025-02-18,Creative Studio,TikTok,114.44,63.08,Refunded
ORD_3185,CUST_254,2024-03-27,Creative Studio,Partnership,428.18,238.36,Completed
ORD_3186,CUST_204,2024-09-16,Partner Offer,TikTok,492.1,246.63,Completed
ORD_3187,CUST_829,2025-02-16,Corporate Package,Referral,66.52,21.04,Completed
ORD_3188,CUST_960,2024-10-24,Corporate Package,Instagram,129.36,82.36,Completed
ORD_3189,CUST_75,2024-01-19,Creative Studio,Referral,230.4,124.02,Completed
ORD_3190,CUST_91,2025-05-22,Event Ticket,Event Walk-in,36.82,22.15,Completed
ORD_3191,CUST_873,2024-07-28,Corporate Package,LinkedIn,318.06,185.55,Completed
ORD_3192,CUST_186,2024-05-27,Media Package,Partnership,231.05,99.2,Completed
ORD_3193,CUST_1010,2025-02-28,Event Ticket,LinkedIn,157.17,53.92,Completed
ORD_3194,CUST_1069,2024-12-04,Workshop,Google Search,172.03,89.59,Completed
ORD_3195,CUST_1170,2025-04-07,Workshop,Event Walk-in,309.22,134.74,Completed
ORD_3196,CUST_315,2024-12-05,Partner Offer,TikTok,316.62,217.61,Completed
ORD_3197,CUST_1146,2024-07-27,Creative Studio,TikTok,444.59,174.79,Refunded
ORD_3198,CUST_187,2024-07-11,Event Ticket,Partnership,25.33,12.48,Completed
ORD_3199,CUST_337,2024-10-10,Partner Offer,LinkedIn,174.69,121.26,Completed
ORD_3200,CUST_1177,2024-04-13,Membership,Referral,277.88,153.91,Completed
ORD_3201,CUST_682,2025-03-19,Event Ticket,TikTok,52.14,17.07,Completed
ORD_3202,CUST_158,2024-01-06,Partner Offer,LinkedIn,105.42,46.65,Completed
ORD_3203,CUST_1443,2025-06-08,Event Ticket,LinkedIn,325.2,113.34,Completed
ORD_3204,CUST_1254,2024-10-06,Event Ticket,Referral,239.91,75.96,Completed
ORD_3205,CUST_194,2024-04-28,Creative Studio,Partnership,209.86,115.02,Completed
ORD_3206,CUST_1165,2024-11-05,Corporate Package,Instagram,292.93,97.79,Completed
ORD_3207,CUST_1212,2024-01-03,Creative Studio,Partnership,84.88,34.86,Completed
ORD_3208,CUST_351,2024-12-23,Event Ticket,Google Search,449.83,223.36,Completed
ORD_3209,CUST_1026,2024-09-04,Corporate Package,TikTok,472.96,217.13,Completed
ORD_3210,CUST_406,2024-10-06,Corporate Package,Referral,361.85,177.17,Completed
ORD_3211,CUST_287,2025-02-15,Membership,Instagram,208.41,128.86,Completed
ORD_3212,CUST_1345,2024-09-17,Event Ticket,LinkedIn,212.07,68.92,Refunded
ORD_3213,CUST_1070,2024-06-24,Partner Offer,Partnership,264.1,108.47,Completed
ORD_3214,CUST_791,2025-04-08,Membership,Google Search,76.55,49.12,Completed
ORD_3215,CUST_1134,2024-09-30,Corporate Package,Google Search,309.37,161.66,Completed
ORD_3216,CUST_408,2024-07-01,Creative Studio,TikTok,142.05,57.26,Completed
ORD_3217,CUST_182,2025-02-11,Event Ticket,Google Search,440.09,288.97,Completed
ORD_3218,CUST_1441,2024-05-09,Creative Studio,Instagram,191.01,115.73,Completed
ORD_3219,CUST_276,2024-03-26,Media Package,Google Search,47.16,25.25,Completed
ORD_3220,CUST_981,2024-10-10,Membership,Event Walk-in,171.19,52.93,Completed
ORD_3221,CUST_619,2024-08-30,Workshop,LinkedIn,385.11,121.54,Completed
ORD_3222,CUST_989,2025-02-13,Workshop,TikTok,388.27,234.15,Completed
ORD_3223,CUST_121,2024-07-09,Media Package,LinkedIn,84.45,35.6,Completed
ORD_3224,CUST_1356,2025-03-18,Workshop,LinkedIn,385.91,127.48,Refunded
ORD_3225,CUST_324,2024-01-20,Workshop,Google Search,339.99,185.77,Completed
ORD_3226,CUST_1072,2024-04-14,Membership,LinkedIn,358.49,250.64,Completed
ORD_3227,CUST_894,2025-01-28,Media Package,Event Walk-in,297.39,154.07,Completed
ORD_3228,CUST_588,2024-09-22,Membership,Event Walk-in,81.07,50.99,Completed
ORD_3229,CUST_241,2024-02-10,Workshop,TikTok,202.9,139.51,Completed
ORD_3230,CUST_905,2024-01-02,Membership,Referral,472.43,219.38,Completed
ORD_3231,CUST_476,2025-04-24,Workshop,Partnership,74.03,48.8,Completed
ORD_3232,CUST_907,2025-03-21,Corporate Package,TikTok,291.44,122.95,Completed
ORD_3233,CUST_508,2024-04-13,Partner Offer,LinkedIn,96.29,62.42,Completed
ORD_3234,CUST_938,2024-11-21,Workshop,Referral,22.92,8.53,Completed
ORD_3235,CUST_404,2025-04-25,Creative Studio,TikTok,252.23,174.38,Completed
ORD_3236,CUST_1183,2024-08-29,Event Ticket,Instagram,490.76,317.13,Completed
ORD_3237,CUST_1439,2024-05-18,Corporate Package,Referral,165.03,66.2,Completed
ORD_3238,CUST_1337,2024-07-27,Membership,Referral,424.37,223.64,Completed
ORD_3239,CUST_346,2025-04-30,Event Ticket,Referral,464.22,263.42,Completed
ORD_3240,CUST_777,2024-02-22,Creative Studio,Google Search,208.57,103.77,Refunded
ORD_3241,CUST_584,2024-08-29,Media Package,Google Search,256.63,153.69,Completed
ORD_3242,CUST_811,2024-12-19,Workshop,Partnership,23.31,10.09,Completed
ORD_3243,CUST_760,2025-01-11,Membership,Partnership,29.38,13.29,Completed
ORD_3244,CUST_1332,2025-05-19,Membership,Referral,366.15,198.39,Completed
ORD_3245,CUST_219,2024-04-27,Creative Studio,Partnership,122.62,79.71,Completed
ORD_3246,CUST_1021,2024-08-20,Event Ticket,Partnership,352.37,173.06,Completed
ORD_3247,CUST_635,2024-07-09,Creative Studio,TikTok,246.05,152.24,Cancelled
ORD_3248,CUST_1396,2025-03-01,Creative Studio,LinkedIn,306.31,129.73,Completed
ORD_3249,CUST_1159,2024-09-14,Event Ticket,LinkedIn,353.18,221.42,Completed
ORD_3250,CUST_1174,2024-08-29,Event Ticket,LinkedIn,207.73,72.78,Refunded
ORD_3251,CUST_1316,2024-12-31,Event Ticket,Google Search,434.92,291.01,Completed
ORD_3252,CUST_882,2025-05-30,Membership,LinkedIn,491.18,190.93,Completed
ORD_3253,CUST_1280,2024-11-04,Membership,LinkedIn,218.25,135.46,Completed
ORD_3254,CUST_1442,2025-03-18,Membership,Google Search,405.6,140.61,Completed
ORD_3255,CUST_1071,2024-11-05,Membership,Instagram,69.72,39.26,Completed
ORD_3256,CUST_252,2024-01-31,Membership,Instagram,317.57,158.88,Completed
ORD_3257,CUST_283,2024-11-14,Corporate Package,TikTok,218.59,89.75,Completed
ORD_3258,CUST_430,2024-09-09,Event Ticket,LinkedIn,213.7,73.28,Completed
ORD_3259,CUST_358,2025-01-25,Corporate Package,TikTok,200.6,78.59,Completed
ORD_3260,CUST_792,2025-01-23,Media Package,TikTok,45.96,20.27,Completed
ORD_3261,CUST_3,2024-07-31,Media Package,TikTok,349.63,140.3,Completed
ORD_3262,CUST_195,2024-07-19,Creative Studio,LinkedIn,167.96,67.14,Completed
ORD_3263,CUST_882,2024-11-04,Creative Studio,LinkedIn,239.87,88.69,Completed
ORD_3264,CUST_1290,2025-06-11,Partner Offer,Event Walk-in,190.06,70.46,Completed
ORD_3265,CUST_91,2024-08-05,Membership,Event Walk-in,423.82,132.12,Refunded
ORD_3266,CUST_1276,2024-08-09,Partner Offer,TikTok,494.86,324.94,Completed
ORD_3267,CUST_856,2024-11-24,Corporate Package,Google Search,244.85,142.38,Completed
ORD_3268,CUST_629,2025-04-02,Partner Offer,LinkedIn,22.03,15.05,Completed
ORD_3269,CUST_977,2024-08-04,Corporate Package,Google Search,365.2,236.95,Completed
ORD_3270,CUST_712,2025-02-20,Creative Studio,TikTok,96.53,42.04,Cancelled
ORD_3271,CUST_676,2025-04-12,Creative Studio,Instagram,41.94,15.09,Completed
ORD_3272,CUST_971,2024-08-14,Creative Studio,Referral,178.34,81.03,Completed
ORD_3273,CUST_690,2025-05-23,Event Ticket,Partnership,320.51,101.33,Cancelled
ORD_3274,CUST_1183,2025-01-31,Creative Studio,Instagram,489.36,311.38,Completed
ORD_3275,CUST_1036,2025-03-19,Creative Studio,Partnership,251.21,80.46,Completed
ORD_3276,CUST_1115,2024-07-19,Corporate Package,Event Walk-in,130.1,43.56,Refunded
ORD_3277,CUST_472,2024-03-19,Creative Studio,Event Walk-in,433.6,168.6,Completed
ORD_3278,CUST_1491,2024-06-08,Creative Studio,LinkedIn,100.08,41.93,Completed
ORD_3279,CUST_396,2025-04-16,Workshop,Referral,387.89,266.75,Completed
ORD_3280,CUST_731,2025-04-08,Creative Studio,Instagram,185.11,94.32,Completed
ORD_3281,CUST_1198,2025-02-13,Membership,Event Walk-in,204.02,128.33,Completed
ORD_3282,CUST_400,2024-01-22,Membership,Event Walk-in,491.26,206.33,Completed
ORD_3283,CUST_648,2024-04-27,Creative Studio,Instagram,39.62,24.07,Completed
ORD_3284,CUST_523,2024-01-17,Corporate Package,Google Search,397.66,151.81,Completed
ORD_3285,CUST_1426,2025-01-24,Workshop,Google Search,267.06,135.89,Completed
ORD_3286,CUST_591,2024-07-24,Partner Offer,Event Walk-in,372.9,142.22,Refunded
ORD_3287,CUST_885,2024-10-31,Membership,Google Search,144.18,94.45,Completed
ORD_3288,CUST_274,2024-06-05,Corporate Package,Google Search,243.32,149.22,Completed
ORD_3289,CUST_957,2025-02-19,Creative Studio,LinkedIn,356.25,123.08,Completed
ORD_3290,CUST_538,2024-10-18,Membership,Partnership,468.41,227.02,Completed
ORD_3291,CUST_34,2025-03-04,Workshop,Event Walk-in,146.22,45.82,Completed
ORD_3292,CUST_54,2025-05-07,Workshop,Referral,494.71,334.79,Cancelled
ORD_3293,CUST_859,2025-05-05,Corporate Package,Google Search,397.5,142.49,Completed
ORD_3294,CUST_1079,2025-05-05,Corporate Package,Referral,494.35,200.13,Refunded
ORD_3295,CUST_26,2024-07-09,Media Package,Event Walk-in,309.74,186.22,Completed
ORD_3296,CUST_851,2025-02-22,Corporate Package,Instagram,370.25,186.78,Completed
ORD_3297,CUST_686,2024-04-01,Corporate Package,Event Walk-in,318.17,187.89,Completed
ORD_3298,CUST_1159,2024-08-13,Membership,LinkedIn,389.67,212.99,Completed
ORD_3299,CUST_1434,2024-05-18,Partner Offer,Referral,245.05,107.69,Completed
ORD_3300,CUST_1257,2025-04-08,Event Ticket,Instagram,55.72,32.07,Completed
ORD_3301,CUST_678,2025-03-03,Corporate Package,Event Walk-in,76.49,40.39,Refunded
ORD_3302,CUST_23,2024-05-03,Workshop,Referral,201.54,120.35,Completed
ORD_3303,CUST_1016,2024-03-13,Creative Studio,Referral,456.6,291.32,Refunded
ORD_3304,CUST_684,2024-10-16,Workshop,LinkedIn,208.88,140.28,Completed
ORD_3305,CUST_1382,2024-12-26,Event Ticket,Referral,276.51,105.97,Completed
ORD_3306,CUST_1206,2025-04-15,Creative Studio,Event Walk-in,101.26,57.39,Completed
ORD_3307,CUST_497,2024-05-06,Media Package,Referral,21.91,11.19,Completed
ORD_3308,CUST_305,2024-08-01,Workshop,Referral,323.52,97.24,Completed
ORD_3309,CUST_1256,2024-11-30,Corporate Package,Google Search,292.65,181.21,Completed
ORD_3310,CUST_841,2024-01-30,Partner Offer,Referral,24.05,16.0,Completed
ORD_3311,CUST_677,2024-07-07,Partner Offer,LinkedIn,499.53,310.91,Completed
ORD_3312,CUST_1099,2025-05-28,Media Package,Referral,87.15,40.98,Completed
ORD_3313,CUST_434,2025-02-17,Event Ticket,Google Search,343.46,158.92,Completed
ORD_3314,CUST_1372,2024-03-27,Partner Offer,TikTok,142.71,74.35,Completed
ORD_3315,CUST_526,2025-01-24,Media Package,Referral,202.84,78.72,Completed
ORD_3316,CUST_949,2025-01-12,Workshop,Instagram,418.95,133.41,Completed
ORD_3317,CUST_1248,2024-07-13,Membership,Google Search,402.17,251.57,Completed
ORD_3318,CUST_1160,2025-04-07,Workshop,Referral,233.16,107.69,Completed
ORD_3319,CUST_636,2025-05-31,Creative Studio,Partnership,202.58,91.18,Completed
ORD_3320,CUST_1059,2024-02-14,Media Package,LinkedIn,310.33,193.91,Completed
ORD_3321,CUST_189,2024-07-14,Event Ticket,Partnership,190.95,77.73,Completed
ORD_3322,CUST_891,2024-08-15,Creative Studio,LinkedIn,171.7,107.28,Completed
ORD_3323,CUST_817,2025-05-09,Corporate Package,TikTok,356.08,146.04,Completed
ORD_3324,CUST_1246,2024-03-13,Event Ticket,Instagram,251.67,83.57,Completed
ORD_3325,CUST_1105,2024-05-20,Media Package,Google Search,167.87,112.5,Completed
ORD_3326,CUST_1285,2024-05-22,Membership,Instagram,215.05,116.27,Refunded
ORD_3327,CUST_588,2025-01-06,Corporate Package,Event Walk-in,139.56,64.49,Completed
ORD_3328,CUST_78,2024-12-04,Corporate Package,Google Search,488.82,193.81,Refunded
ORD_3329,CUST_297,2024-04-09,Corporate Package,Referral,107.65,42.83,Completed
ORD_3330,CUST_723,2024-06-06,Event Ticket,LinkedIn,26.29,17.43,Completed
ORD_3331,CUST_609,2024-05-30,Membership,Event Walk-in,283.71,85.35,Completed
ORD_3332,CUST_188,2024-07-28,Membership,LinkedIn,123.35,39.62,Completed
ORD_3333,CUST_1467,2024-06-02,Membership,Event Walk-in,414.62,210.79,Completed
ORD_3334,CUST_7,2025-01-02,Event Ticket,Instagram,171.01,59.07,Completed
ORD_3335,CUST_1100,2024-05-02,Membership,Google Search,252.79,94.55,Completed
ORD_3336,CUST_861,2025-05-24,Partner Offer,Partnership,412.66,147.25,Completed
ORD_3337,CUST_421,2024-09-06,Workshop,Instagram,426.06,219.72,Completed
ORD_3338,CUST_166,2025-04-13,Workshop,LinkedIn,282.22,102.12,Completed
ORD_3339,CUST_133,2025-04-24,Media Package,Partnership,269.72,87.55,Cancelled
ORD_3340,CUST_1064,2025-06-30,Partner Offer,Instagram,419.91,159.01,Completed
ORD_3341,CUST_467,2025-02-04,Event Ticket,LinkedIn,233.65,153.31,Completed
ORD_3342,CUST_301,2024-10-27,Membership,Instagram,29.56,11.27,Completed
ORD_3343,CUST_23,2025-01-27,Partner Offer,Referral,299.32,157.4,Refunded
ORD_3344,CUST_58,2025-02-21,Creative Studio,LinkedIn,457.42,141.58,Completed
ORD_3345,CUST_1189,2024-09-18,Corporate Package,Referral,193.31,116.85,Completed
ORD_3346,CUST_351,2025-06-05,Media Package,Google Search,34.33,20.01,Completed
ORD_3347,CUST_777,2024-10-04,Membership,Google Search,459.72,302.92,Completed
ORD_3348,CUST_277,2025-02-16,Membership,Partnership,487.88,157.79,Completed
ORD_3349,CUST_1376,2025-01-26,Workshop,Referral,199.98,77.09,Completed
ORD_3350,CUST_723,2024-11-01,Partner Offer,LinkedIn,459.97,167.12,Completed
ORD_3351,CUST_800,2024-05-06,Workshop,Event Walk-in,196.35,123.88,Completed
ORD_3352,CUST_477,2025-03-25,Membership,Google Search,441.18,286.64,Completed
ORD_3353,CUST_1370,2025-06-10,Event Ticket,LinkedIn,334.02,215.45,Completed
ORD_3354,CUST_1439,2024-01-11,Partner Offer,Referral,419.3,215.21,Completed
ORD_3355,CUST_161,2024-10-05,Membership,LinkedIn,37.22,12.5,Refunded
ORD_3356,CUST_743,2024-08-11,Workshop,Instagram,101.41,63.15,Completed
ORD_3357,CUST_406,2024-10-23,Event Ticket,Referral,146.01,64.32,Completed
ORD_3358,CUST_1055,2024-04-28,Partner Offer,Google Search,34.05,18.09,Cancelled
ORD_3359,CUST_1166,2025-03-24,Workshop,TikTok,486.7,150.22,Completed
ORD_3360,CUST_1084,2024-07-18,Event Ticket,Instagram,137.42,41.82,Completed
ORD_3361,CUST_184,2024-01-02,Media Package,Google Search,375.98,255.67,Completed
ORD_3362,CUST_728,2024-10-13,Workshop,Partnership,28.82,17.77,Cancelled
ORD_3363,CUST_1244,2024-02-24,Partner Offer,Instagram,74.43,30.96,Completed
ORD_3364,CUST_1150,2024-09-01,Partner Offer,LinkedIn,239.21,130.0,Refunded
ORD_3365,CUST_1061,2025-03-27,Event Ticket,Instagram,258.77,138.81,Completed
ORD_3366,CUST_842,2024-06-19,Workshop,Instagram,426.49,185.15,Completed
ORD_3367,CUST_758,2024-01-07,Membership,Partnership,434.13,177.2,Completed
ORD_3368,CUST_334,2024-10-14,Corporate Package,Instagram,475.94,158.89,Completed
ORD_3369,CUST_151,2024-04-24,Partner Offer,Google Search,491.44,151.81,Completed
ORD_3370,CUST_371,2024-03-29,Corporate Package,Event Walk-in,310.71,214.33,Completed
ORD_3371,CUST_741,2024-08-06,Corporate Package,Partnership,323.81,125.02,Cancelled
ORD_3372,CUST_1455,2024-07-02,Creative Studio,LinkedIn,350.06,148.34,Completed
ORD_3373,CUST_417,2025-06-16,Corporate Package,Event Walk-in,331.3,191.06,Completed
ORD_3374,CUST_905,2024-12-04,Partner Offer,Referral,352.01,234.43,Completed
ORD_3375,CUST_761,2025-03-14,Membership,LinkedIn,370.1,200.91,Completed
ORD_3376,CUST_56,2025-06-02,Event Ticket,Event Walk-in,69.75,43.51,Completed
ORD_3377,CUST_620,2024-01-15,Corporate Package,LinkedIn,274.04,169.46,Completed
ORD_3378,CUST_1210,2024-10-28,Event Ticket,Instagram,187.14,111.78,Completed
ORD_3379,CUST_1290,2025-05-02,Media Package,Event Walk-in,114.84,70.03,Refunded
ORD_3380,CUST_1144,2024-06-28,Media Package,Instagram,372.86,244.55,Refunded
ORD_3381,CUST_189,2024-12-08,Workshop,Partnership,338.89,105.89,Completed
ORD_3382,CUST_713,2024-11-30,Membership,Google Search,256.58,124.28,Completed
ORD_3383,CUST_861,2025-06-30,Membership,Partnership,167.63,71.15,Completed
ORD_3384,CUST_378,2024-03-26,Partner Offer,LinkedIn,68.27,35.95,Completed
ORD_3385,CUST_1468,2024-11-18,Media Package,Instagram,49.24,15.28,Completed
ORD_3386,CUST_937,2024-05-01,Media Package,Partnership,225.07,146.7,Completed
ORD_3387,CUST_155,2024-10-11,Corporate Package,Referral,270.44,83.08,Completed
ORD_3388,CUST_809,2025-05-27,Creative Studio,Partnership,95.44,32.24,Completed
ORD_3389,CUST_1253,2024-04-18,Partner Offer,TikTok,247.24,167.91,Completed
ORD_3390,CUST_1153,2024-03-01,Partner Offer,LinkedIn,315.61,198.0,Refunded
ORD_3391,CUST_807,2024-03-01,Membership,LinkedIn,55.41,28.85,Completed
ORD_3392,CUST_1045,2024-04-13,Creative Studio,Referral,408.66,181.31,Completed
ORD_3393,CUST_669,2024-12-15,Corporate Package,Partnership,25.62,15.97,Completed
ORD_3394,CUST_458,2024-04-10,Workshop,LinkedIn,432.55,159.67,Completed
ORD_3395,CUST_1021,2024-03-24,Event Ticket,Partnership,33.77,19.64,Completed
ORD_3396,CUST_567,2024-02-24,Event Ticket,Google Search,102.57,40.71,Completed
ORD_3397,CUST_441,2024-02-16,Membership,Instagram,349.98,184.76,Completed
ORD_3398,CUST_1055,2025-01-14,Membership,Google Search,458.52,138.55,Refunded
ORD_3399,CUST_53,2025-02-10,Workshop,Event Walk-in,277.45,97.01,Completed
ORD_3400,CUST_1092,2024-01-16,Event Ticket,Instagram,187.25,66.01,Completed
ORD_3401,CUST_1173,2024-02-19,Workshop,LinkedIn,378.96,257.8,Completed
ORD_3402,CUST_294,2024-05-23,Corporate Package,Referral,394.45,166.83,Completed
ORD_3403,CUST_1,2025-03-15,Membership,TikTok,244.32,163.28,Completed
ORD_3404,CUST_747,2025-02-12,Media Package,Event Walk-in,257.83,125.96,Completed
ORD_3405,CUST_452,2025-02-08,Event Ticket,Partnership,218.74,77.28,Completed
ORD_3406,CUST_714,2024-04-07,Media Package,Partnership,216.8,102.85,Completed
ORD_3407,CUST_1039,2024-07-03,Media Package,Partnership,492.89,335.41,Completed
ORD_3408,CUST_1410,2024-10-08,Partner Offer,Event Walk-in,373.32,179.1,Completed
ORD_3409,CUST_1065,2025-04-15,Event Ticket,Google Search,41.54,12.52,Completed
ORD_3410,CUST_695,2024-07-22,Partner Offer,Referral,347.56,224.9,Cancelled
ORD_3411,CUST_1010,2024-08-23,Creative Studio,LinkedIn,337.07,132.47,Completed
ORD_3412,CUST_934,2025-03-30,Corporate Package,Instagram,396.72,202.09,Completed
ORD_3413,CUST_946,2024-03-31,Event Ticket,LinkedIn,60.74,32.39,Completed
ORD_3414,CUST_1444,2024-09-18,Media Package,Partnership,269.31,144.28,Completed
ORD_3415,CUST_57,2024-01-02,Corporate Package,Referral,114.39,73.59,Completed
ORD_3416,CUST_1321,2024-07-08,Workshop,Partnership,175.53,98.48,Completed
ORD_3417,CUST_1275,2024-04-06,Membership,Google Search,289.7,197.12,Completed
ORD_3418,CUST_1119,2024-03-21,Corporate Package,TikTok,121.83,82.07,Completed
ORD_3419,CUST_459,2025-06-07,Membership,TikTok,163.95,104.87,Completed
ORD_3420,CUST_248,2024-04-04,Partner Offer,Google Search,204.08,123.55,Completed
ORD_3421,CUST_775,2024-08-27,Event Ticket,Event Walk-in,167.38,99.58,Completed
ORD_3422,CUST_1498,2024-10-29,Creative Studio,Event Walk-in,481.2,220.99,Completed
ORD_3423,CUST_243,2025-04-20,Workshop,Google Search,433.58,260.38,Completed
ORD_3424,CUST_1298,2024-10-30,Membership,TikTok,175.78,96.06,Completed
ORD_3425,CUST_779,2025-02-26,Membership,Google Search,168.27,57.06,Completed
ORD_3426,CUST_1095,2024-01-17,Partner Offer,Instagram,251.11,167.76,Completed
ORD_3427,CUST_139,2024-04-03,Workshop,Event Walk-in,50.86,24.97,Completed
ORD_3428,CUST_151,2025-06-22,Corporate Package,Google Search,95.27,40.1,Completed
ORD_3429,CUST_390,2024-08-19,Membership,Partnership,136.16,43.33,Completed
ORD_3430,CUST_592,2024-01-08,Event Ticket,Google Search,291.07,145.19,Completed
ORD_3431,CUST_1214,2025-01-07,Event Ticket,TikTok,64.69,30.35,Completed
ORD_3432,CUST_850,2024-07-21,Corporate Package,Google Search,492.85,320.03,Completed
ORD_3433,CUST_18,2024-01-27,Media Package,Google Search,384.6,171.24,Completed
ORD_3434,CUST_1379,2025-02-03,Event Ticket,TikTok,467.24,249.25,Completed
ORD_3435,CUST_78,2025-01-31,Corporate Package,Google Search,197.58,122.52,Refunded
ORD_3436,CUST_735,2025-02-01,Corporate Package,LinkedIn,462.42,272.81,Completed
ORD_3437,CUST_1332,2024-10-01,Partner Offer,Referral,117.01,80.14,Completed
ORD_3438,CUST_1082,2024-05-18,Partner Offer,Referral,309.42,143.23,Completed
ORD_3439,CUST_1377,2024-02-01,Workshop,LinkedIn,176.06,78.45,Completed
ORD_3440,CUST_1302,2024-05-09,Workshop,Partnership,254.77,88.75,Completed
ORD_3441,CUST_880,2025-06-19,Partner Offer,Referral,317.61,112.99,Refunded
ORD_3442,CUST_501,2025-06-08,Event Ticket,Referral,355.81,144.04,Completed
ORD_3443,CUST_680,2025-02-06,Workshop,Google Search,256.44,173.3,Completed
ORD_3444,CUST_497,2024-10-14,Creative Studio,Referral,236.77,142.04,Refunded
ORD_3445,CUST_601,2024-02-27,Creative Studio,Referral,470.92,172.72,Completed
ORD_3446,CUST_1204,2024-05-25,Partner Offer,LinkedIn,99.67,55.62,Refunded
ORD_3447,CUST_649,2025-05-25,Partner Offer,Instagram,459.05,230.78,Completed
ORD_3448,CUST_1390,2024-03-25,Partner Offer,Referral,100.56,39.27,Completed
ORD_3449,CUST_617,2025-02-23,Partner Offer,Partnership,489.89,332.5,Completed
ORD_3450,CUST_519,2025-02-17,Membership,TikTok,408.78,159.42,Completed
ORD_3451,CUST_1123,2024-03-17,Media Package,Google Search,331.86,180.85,Completed
ORD_3452,CUST_314,2024-10-06,Workshop,Partnership,371.26,205.73,Completed
ORD_3453,CUST_224,2024-10-28,Event Ticket,Instagram,359.31,140.48,Completed
ORD_3454,CUST_456,2024-06-10,Partner Offer,TikTok,140.42,82.68,Completed
ORD_3455,CUST_194,2024-01-30,Event Ticket,Partnership,326.69,103.98,Completed
ORD_3456,CUST_440,2025-02-03,Media Package,Partnership,425.41,199.3,Cancelled
ORD_3457,CUST_952,2025-06-23,Media Package,Event Walk-in,482.68,233.39,Completed
ORD_3458,CUST_1166,2025-03-24,Membership,TikTok,182.84,68.63,Completed
ORD_3459,CUST_589,2025-01-06,Partner Offer,Instagram,448.11,235.91,Completed
ORD_3460,CUST_1373,2024-08-08,Partner Offer,Event Walk-in,170.67,72.56,Completed
ORD_3461,CUST_43,2024-09-13,Corporate Package,Google Search,451.02,279.95,Completed
ORD_3462,CUST_220,2024-02-22,Partner Offer,LinkedIn,309.57,133.44,Completed
ORD_3463,CUST_1149,2025-05-07,Event Ticket,Partnership,424.63,226.27,Completed
ORD_3464,CUST_986,2025-01-09,Corporate Package,Instagram,287.85,133.41,Completed
ORD_3465,CUST_64,2024-06-11,Partner Offer,Event Walk-in,26.67,11.18,Completed
ORD_3466,CUST_1441,2025-02-01,Creative Studio,Instagram,480.38,198.22,Completed
ORD_3467,CUST_235,2024-10-11,Event Ticket,Partnership,108.64,39.21,Completed
ORD_3468,CUST_739,2024-11-19,Media Package,TikTok,413.86,262.27,Completed
ORD_3469,CUST_1347,2025-04-13,Event Ticket,TikTok,255.8,162.23,Completed
ORD_3470,CUST_1446,2024-04-24,Event Ticket,LinkedIn,31.05,9.61,Completed
ORD_3471,CUST_1028,2024-05-23,Event Ticket,Instagram,347.1,181.22,Refunded
ORD_3472,CUST_359,2024-01-19,Event Ticket,Partnership,389.24,180.75,Completed
ORD_3473,CUST_305,2024-01-19,Corporate Package,Referral,283.86,97.56,Completed
ORD_3474,CUST_382,2025-06-23,Partner Offer,Google Search,462.18,204.44,Completed
ORD_3475,CUST_316,2025-01-11,Workshop,LinkedIn,339.36,206.28,Completed
ORD_3476,CUST_785,2024-07-09,Partner Offer,TikTok,457.94,297.18,Refunded
ORD_3477,CUST_1301,2025-02-23,Membership,LinkedIn,394.78,131.41,Completed
ORD_3478,CUST_192,2024-12-13,Membership,Instagram,101.67,51.11,Completed
ORD_3479,CUST_985,2025-03-07,Event Ticket,Instagram,129.69,49.82,Completed
ORD_3480,CUST_914,2024-08-31,Membership,Partnership,413.96,207.88,Completed
ORD_3481,CUST_786,2025-06-09,Corporate Package,Event Walk-in,65.63,24.74,Completed
ORD_3482,CUST_522,2024-02-18,Partner Offer,Google Search,223.57,78.3,Completed
ORD_3483,CUST_389,2024-03-08,Workshop,Instagram,485.57,300.15,Completed
ORD_3484,CUST_300,2025-06-12,Corporate Package,LinkedIn,314.56,204.55,Cancelled
ORD_3485,CUST_276,2024-01-11,Partner Offer,Google Search,352.28,162.89,Completed
ORD_3486,CUST_1074,2024-10-13,Membership,Google Search,148.25,46.01,Completed
ORD_3487,CUST_555,2025-05-22,Workshop,Referral,157.07,83.62,Completed
ORD_3488,CUST_1065,2024-05-13,Partner Offer,Google Search,472.15,298.38,Refunded
ORD_3489,CUST_760,2024-01-04,Event Ticket,Partnership,224.66,102.19,Completed
ORD_3490,CUST_272,2024-08-12,Workshop,TikTok,324.43,164.52,Completed
ORD_3491,CUST_119,2024-08-10,Event Ticket,LinkedIn,240.11,127.61,Completed
ORD_3492,CUST_220,2024-10-14,Event Ticket,LinkedIn,44.8,22.7,Completed
ORD_3493,CUST_1102,2025-05-16,Partner Offer,Event Walk-in,227.61,153.86,Refunded
ORD_3494,CUST_1464,2024-12-18,Workshop,Partnership,339.35,103.75,Completed
ORD_3495,CUST_356,2024-01-17,Event Ticket,Instagram,394.84,263.67,Refunded
ORD_3496,CUST_65,2024-02-13,Creative Studio,Instagram,105.18,42.49,Completed
ORD_3497,CUST_562,2024-01-01,Membership,Referral,348.09,143.45,Completed
ORD_3498,CUST_171,2025-04-05,Workshop,Google Search,267.51,121.7,Completed
ORD_3499,CUST_421,2024-02-17,Workshop,Instagram,369.61,120.13,Completed
ORD_3500,CUST_1143,2024-02-27,Membership,LinkedIn,31.04,19.48,Completed
ORD_3501,CUST_172,2025-04-17,Corporate Package,Event Walk-in,231.22,144.55,Completed
ORD_3502,CUST_230,2024-01-08,Creative Studio,Instagram,37.36,23.17,Completed
ORD_3503,CUST_919,2025-02-08,Workshop,Partnership,340.77,225.79,Refunded
ORD_3504,CUST_1144,2024-04-24,Workshop,Instagram,337.37,217.61,Completed
ORD_3505,CUST_1162,2025-06-18,Media Package,Google Search,441.57,259.89,Refunded
ORD_3506,CUST_358,2025-06-27,Partner Offer,TikTok,121.14,81.44,Completed
ORD_3507,CUST_579,2025-01-24,Membership,Partnership,262.03,128.97,Completed
ORD_3508,CUST_1100,2025-02-28,Event Ticket,Google Search,256.64,155.91,Completed
ORD_3509,CUST_1169,2024-07-17,Media Package,Google Search,55.47,26.28,Cancelled
ORD_3510,CUST_450,2025-05-01,Event Ticket,Referral,421.01,208.95,Completed
ORD_3511,CUST_757,2025-04-13,Creative Studio,Instagram,274.93,93.85,Completed
ORD_3512,CUST_491,2025-02-24,Corporate Package,LinkedIn,45.46,24.45,Refunded
ORD_3513,CUST_925,2024-11-02,Corporate Package,Google Search,381.27,255.09,Completed
ORD_3514,CUST_673,2025-01-28,Workshop,Instagram,363.89,118.35,Completed
ORD_3515,CUST_986,2024-10-05,Corporate Package,Instagram,388.55,126.56,Completed
ORD_3516,CUST_1358,2025-04-18,Workshop,Referral,307.13,173.87,Completed
ORD_3517,CUST_860,2024-03-31,Corporate Package,Google Search,497.5,216.3,Completed
ORD_3518,CUST_456,2024-04-08,Corporate Package,TikTok,176.81,110.23,Completed
ORD_3519,CUST_1376,2024-12-01,Partner Offer,Referral,443.33,133.67,Completed
ORD_3520,CUST_990,2025-03-31,Partner Offer,Partnership,252.03,103.22,Completed
ORD_3521,CUST_480,2024-02-06,Creative Studio,Google Search,243.71,104.57,Completed
ORD_3522,CUST_517,2025-06-30,Partner Offer,Instagram,277.12,138.8,Cancelled
ORD_3523,CUST_1415,2024-12-11,Creative Studio,Google Search,368.08,173.91,Completed
ORD_3524,CUST_1385,2025-03-16,Membership,LinkedIn,237.72,100.05,Completed
ORD_3525,CUST_1100,2024-03-23,Workshop,Google Search,312.82,159.65,Completed
ORD_3526,CUST_1140,2025-06-29,Corporate Package,Instagram,34.41,19.04,Completed
ORD_3527,CUST_1024,2025-01-29,Media Package,Instagram,344.57,122.63,Completed
ORD_3528,CUST_802,2025-01-11,Partner Offer,Instagram,439.29,214.37,Completed
ORD_3529,CUST_1464,2024-08-19,Workshop,Partnership,184.87,78.88,Completed
ORD_3530,CUST_886,2024-07-24,Workshop,Referral,427.39,243.76,Completed
ORD_3531,CUST_145,2025-03-24,Creative Studio,TikTok,146.54,59.08,Completed
ORD_3532,CUST_188,2024-03-23,Creative Studio,LinkedIn,70.74,25.35,Refunded
ORD_3533,CUST_1275,2024-01-23,Event Ticket,Google Search,116.33,72.17,Completed
ORD_3534,CUST_606,2024-11-13,Membership,Referral,296.5,146.58,Completed
ORD_3535,CUST_289,2024-06-27,Workshop,Referral,348.16,211.13,Completed
ORD_3536,CUST_889,2024-03-17,Creative Studio,Event Walk-in,340.82,204.77,Completed
ORD_3537,CUST_744,2025-02-03,Membership,Google Search,264.92,140.44,Completed
ORD_3538,CUST_498,2025-06-29,Media Package,LinkedIn,147.06,81.5,Completed
ORD_3539,CUST_197,2024-07-19,Partner Offer,Referral,132.89,92.6,Completed
ORD_3540,CUST_86,2025-03-26,Partner Offer,Event Walk-in,208.16,90.01,Completed
ORD_3541,CUST_1093,2025-02-24,Corporate Package,Referral,79.62,37.84,Completed
ORD_3542,CUST_1090,2024-08-20,Membership,Instagram,217.38,117.48,Completed
ORD_3543,CUST_333,2024-01-12,Membership,Event Walk-in,255.64,97.37,Completed
ORD_3544,CUST_836,2024-10-30,Creative Studio,Google Search,178.27,108.96,Completed
ORD_3545,CUST_1148,2025-05-27,Creative Studio,Instagram,140.37,77.04,Completed
ORD_3546,CUST_807,2024-09-11,Partner Offer,LinkedIn,322.41,109.52,Completed
ORD_3547,CUST_1404,2024-03-05,Corporate Package,Google Search,30.44,17.38,Refunded
ORD_3548,CUST_541,2024-02-13,Partner Offer,LinkedIn,230.91,112.18,Refunded
ORD_3549,CUST_1004,2024-11-25,Creative Studio,TikTok,319.84,217.71,Cancelled
ORD_3550,CUST_386,2025-01-31,Workshop,Partnership,204.75,105.12,Completed
ORD_3551,CUST_445,2025-05-13,Media Package,Instagram,244.24,81.41,Completed
ORD_3552,CUST_65,2024-07-11,Event Ticket,Instagram,125.16,47.07,Completed
ORD_3553,CUST_358,2025-04-28,Workshop,TikTok,401.37,262.17,Refunded
ORD_3554,CUST_551,2024-03-18,Corporate Package,Referral,291.72,108.42,Refunded
ORD_3555,CUST_215,2025-05-27,Partner Offer,LinkedIn,113.42,74.25,Completed
ORD_3556,CUST_1011,2024-10-12,Media Package,Google Search,243.28,102.99,Completed
ORD_3557,CUST_45,2024-03-10,Media Package,TikTok,405.94,208.52,Completed
ORD_3558,CUST_1132,2025-01-16,Event Ticket,Instagram,420.33,209.57,Completed
ORD_3559,CUST_355,2024-02-10,Membership,TikTok,414.88,146.01,Completed
ORD_3560,CUST_298,2024-12-25,Media Package,LinkedIn,344.07,213.61,Completed
ORD_3561,CUST_1069,2024-06-15,Creative Studio,Google Search,51.02,29.76,Completed
ORD_3562,CUST_1033,2025-02-11,Membership,Google Search,329.95,162.77,Completed
ORD_3563,CUST_114,2024-02-04,Membership,Instagram,226.12,103.66,Completed
ORD_3564,CUST_290,2024-12-20,Media Package,Google Search,442.88,214.63,Completed
ORD_3565,CUST_593,2024-12-17,Creative Studio,Event Walk-in,86.17,27.21,Completed
ORD_3566,CUST_542,2024-02-26,Partner Offer,Event Walk-in,204.87,67.79,Completed
ORD_3567,CUST_542,2024-10-07,Event Ticket,Event Walk-in,150.44,89.0,Completed
ORD_3568,CUST_1212,2025-01-26,Corporate Package,Partnership,295.88,107.8,Completed
ORD_3569,CUST_337,2025-01-18,Corporate Package,LinkedIn,220.89,78.73,Completed
ORD_3570,CUST_761,2024-06-09,Media Package,LinkedIn,263.55,90.0,Completed
ORD_3571,CUST_1423,2024-06-07,Partner Offer,TikTok,35.73,15.53,Refunded
ORD_3572,CUST_1105,2024-07-10,Event Ticket,Google Search,341.99,194.76,Completed
ORD_3573,CUST_1323,2025-04-06,Creative Studio,Partnership,451.96,254.1,Completed
ORD_3574,CUST_327,2024-07-02,Partner Offer,TikTok,29.34,9.45,Refunded
ORD_3575,CUST_1428,2024-08-05,Workshop,Google Search,406.63,132.37,Completed
ORD_3576,CUST_1256,2024-11-24,Membership,Google Search,25.81,13.0,Completed
ORD_3577,CUST_1374,2024-04-30,Corporate Package,Event Walk-in,53.68,16.34,Completed
ORD_3578,CUST_305,2025-05-04,Corporate Package,Referral,458.81,289.51,Completed
ORD_3579,CUST_1387,2024-01-30,Corporate Package,TikTok,246.75,144.4,Completed
ORD_3580,CUST_510,2024-01-05,Corporate Package,LinkedIn,474.69,304.02,Completed
ORD_3581,CUST_1346,2024-06-05,Corporate Package,Event Walk-in,440.04,284.1,Completed
ORD_3582,CUST_563,2024-07-16,Partner Offer,LinkedIn,467.78,286.88,Completed
ORD_3583,CUST_652,2024-08-20,Corporate Package,Partnership,89.97,29.47,Completed
ORD_3584,CUST_1299,2025-05-08,Creative Studio,Instagram,29.61,20.7,Completed
ORD_3585,CUST_872,2025-05-02,Workshop,LinkedIn,233.25,112.38,Refunded
ORD_3586,CUST_1491,2025-01-19,Media Package,LinkedIn,369.77,187.04,Refunded
ORD_3587,CUST_1076,2024-11-28,Membership,LinkedIn,48.18,28.09,Completed
ORD_3588,CUST_1174,2024-10-10,Event Ticket,LinkedIn,76.7,25.3,Cancelled
ORD_3589,CUST_1301,2024-10-27,Workshop,LinkedIn,420.18,179.56,Completed
ORD_3590,CUST_630,2025-03-04,Corporate Package,Referral,389.04,217.46,Cancelled
ORD_3591,CUST_305,2025-06-04,Workshop,Referral,198.03,98.48,Completed
ORD_3592,CUST_826,2025-05-13,Media Package,LinkedIn,337.66,122.11,Completed
ORD_3593,CUST_709,2024-10-19,Media Package,Google Search,57.32,24.67,Completed
ORD_3594,CUST_1434,2025-06-26,Creative Studio,Referral,284.22,145.24,Completed
ORD_3595,CUST_232,2025-03-25,Workshop,Event Walk-in,115.57,75.42,Completed
ORD_3596,CUST_329,2024-11-02,Creative Studio,Event Walk-in,343.45,132.37,Completed
ORD_3597,CUST_89,2024-07-02,Creative Studio,Event Walk-in,142.82,62.74,Completed
ORD_3598,CUST_609,2024-09-04,Creative Studio,Event Walk-in,467.33,210.19,Completed
ORD_3599,CUST_101,2024-05-10,Partner Offer,Partnership,68.02,32.61,Completed
ORD_3600,CUST_643,2025-01-06,Event Ticket,Instagram,296.3,164.56,Completed
ORD_3601,CUST_355,2024-05-27,Membership,TikTok,135.59,49.94,Completed
ORD_3602,CUST_482,2025-05-17,Membership,Event Walk-in,275.09,189.7,Completed
ORD_3603,CUST_1157,2024-03-29,Workshop,Partnership,284.96,130.83,Completed
ORD_3604,CUST_774,2025-06-27,Media Package,Google Search,197.42,72.74,Completed
ORD_3605,CUST_762,2024-03-10,Creative Studio,TikTok,295.15,199.82,Completed
ORD_3606,CUST_1009,2025-05-04,Corporate Package,Instagram,180.95,86.78,Completed
ORD_3607,CUST_318,2024-11-03,Media Package,LinkedIn,491.51,163.07,Refunded
ORD_3608,CUST_888,2024-07-20,Workshop,Google Search,274.18,83.05,Completed
ORD_3609,CUST_804,2024-03-20,Event Ticket,LinkedIn,469.21,227.67,Completed
ORD_3610,CUST_948,2025-06-20,Workshop,Referral,77.58,32.91,Completed
ORD_3611,CUST_90,2024-07-02,Media Package,Referral,348.46,179.47,Completed
ORD_3612,CUST_1387,2025-03-04,Event Ticket,TikTok,375.48,244.6,Refunded
ORD_3613,CUST_635,2025-06-01,Partner Offer,TikTok,349.47,167.5,Completed
ORD_3614,CUST_471,2025-01-26,Media Package,TikTok,258.99,101.47,Completed
ORD_3615,CUST_1010,2024-10-16,Corporate Package,LinkedIn,387.25,163.28,Refunded
ORD_3616,CUST_958,2024-01-10,Creative Studio,Instagram,255.1,88.94,Completed
ORD_3617,CUST_775,2024-02-01,Corporate Package,Event Walk-in,321.44,202.12,Completed
ORD_3618,CUST_1470,2024-11-28,Media Package,Partnership,56.12,34.14,Completed
ORD_3619,CUST_387,2024-10-30,Media Package,Event Walk-in,210.64,131.48,Completed
ORD_3620,CUST_1386,2024-03-12,Media Package,TikTok,387.29,117.73,Completed
ORD_3621,CUST_1137,2025-02-20,Creative Studio,Partnership,406.24,234.29,Completed
ORD_3622,CUST_1442,2025-02-18,Partner Offer,Google Search,422.07,265.81,Completed
ORD_3623,CUST_970,2024-04-26,Creative Studio,TikTok,416.3,177.96,Completed
ORD_3624,CUST_1352,2024-05-15,Event Ticket,Google Search,353.62,206.25,Completed
ORD_3625,CUST_412,2024-03-14,Corporate Package,Event Walk-in,388.95,230.69,Refunded
ORD_3626,CUST_812,2025-06-17,Membership,Event Walk-in,419.07,223.94,Completed
ORD_3627,CUST_1126,2025-05-28,Corporate Package,Instagram,465.66,236.05,Completed
ORD_3628,CUST_188,2024-02-18,Workshop,LinkedIn,209.23,131.32,Completed
ORD_3629,CUST_418,2025-03-16,Corporate Package,Google Search,168.67,87.89,Completed
ORD_3630,CUST_1447,2024-11-18,Partner Offer,Partnership,490.47,217.06,Completed
ORD_3631,CUST_1435,2024-09-16,Media Package,Instagram,416.46,159.08,Completed
ORD_3632,CUST_1234,2024-02-24,Partner Offer,Google Search,238.01,99.75,Completed
ORD_3633,CUST_445,2025-05-21,Event Ticket,Instagram,460.9,317.05,Completed
ORD_3634,CUST_245,2024-12-24,Workshop,Referral,418.04,291.64,Completed
ORD_3635,CUST_244,2025-02-28,Media Package,Referral,127.66,56.44,Completed
ORD_3636,CUST_325,2024-12-08,Creative Studio,Referral,281.94,122.93,Completed
ORD_3637,CUST_75,2024-06-17,Membership,Referral,146.26,83.5,Completed
ORD_3638,CUST_1089,2024-03-20,Corporate Package,Instagram,371.49,214.16,Completed
ORD_3639,CUST_1240,2025-01-30,Creative Studio,LinkedIn,337.58,234.86,Completed
ORD_3640,CUST_107,2025-01-04,Corporate Package,LinkedIn,353.07,237.97,Completed
ORD_3641,CUST_683,2025-04-08,Partner Offer,Google Search,52.73,34.15,Cancelled
ORD_3642,CUST_1128,2024-07-19,Creative Studio,Instagram,33.0,17.51,Completed
ORD_3643,CUST_93,2024-09-01,Membership,Google Search,332.69,106.95,Completed
ORD_3644,CUST_215,2024-07-03,Membership,LinkedIn,383.58,259.72,Completed
ORD_3645,CUST_1000,2025-04-19,Corporate Package,Referral,276.99,176.61,Completed
ORD_3646,CUST_920,2024-08-07,Corporate Package,LinkedIn,149.1,55.23,Completed
ORD_3647,CUST_732,2024-02-21,Event Ticket,LinkedIn,393.69,211.16,Completed
ORD_3648,CUST_710,2024-10-11,Workshop,Instagram,151.32,76.17,Completed
ORD_3649,CUST_1217,2024-02-02,Corporate Package,Referral,327.09,205.18,Completed
ORD_3650,CUST_1182,2025-06-30,Creative Studio,Partnership,393.9,123.24,Completed
ORD_3651,CUST_1312,2024-11-18,Partner Offer,Event Walk-in,72.33,47.23,Refunded
ORD_3652,CUST_1237,2025-01-03,Media Package,Partnership,345.6,167.01,Completed
ORD_3653,CUST_1234,2024-09-09,Creative Studio,Google Search,271.33,97.23,Completed
ORD_3654,CUST_403,2024-08-09,Membership,Google Search,129.56,81.05,Completed
ORD_3655,CUST_1457,2024-08-22,Workshop,Event Walk-in,210.14,117.21,Completed
ORD_3656,CUST_1157,2024-05-10,Corporate Package,Partnership,488.98,148.47,Completed
ORD_3657,CUST_979,2024-03-08,Workshop,Event Walk-in,64.81,21.88,Completed
ORD_3658,CUST_1296,2024-09-03,Media Package,TikTok,206.01,76.8,Completed
ORD_3659,CUST_1212,2024-09-25,Workshop,Partnership,248.98,136.73,Completed
ORD_3660,CUST_643,2025-01-01,Workshop,Instagram,306.45,183.54,Completed
ORD_3661,CUST_833,2024-01-11,Workshop,TikTok,328.83,136.1,Completed
ORD_3662,CUST_201,2025-06-12,Partner Offer,Google Search,107.07,51.93,Completed
ORD_3663,CUST_593,2024-07-30,Membership,Event Walk-in,117.08,64.81,Completed
ORD_3664,CUST_669,2025-04-09,Creative Studio,Partnership,177.15,92.79,Completed
ORD_3665,CUST_1443,2024-12-08,Media Package,LinkedIn,173.42,59.75,Completed
ORD_3666,CUST_448,2024-04-19,Corporate Package,Google Search,193.88,121.4,Completed
ORD_3667,CUST_1493,2024-02-24,Corporate Package,TikTok,103.59,63.2,Completed
ORD_3668,CUST_384,2024-11-02,Media Package,TikTok,302.28,181.16,Completed
ORD_3669,CUST_1491,2025-06-21,Creative Studio,LinkedIn,121.42,40.51,Completed
ORD_3670,CUST_234,2024-01-30,Workshop,Referral,80.5,33.64,Completed
ORD_3671,CUST_15,2025-02-12,Partner Offer,Google Search,233.12,160.11,Completed
ORD_3672,CUST_506,2024-10-31,Media Package,Referral,115.84,78.7,Completed
ORD_3673,CUST_977,2024-02-25,Partner Offer,Google Search,353.11,217.73,Completed
ORD_3674,CUST_1302,2025-03-11,Creative Studio,Partnership,430.78,192.12,Completed
ORD_3675,CUST_440,2024-12-05,Workshop,Partnership,423.72,138.89,Refunded
ORD_3676,CUST_430,2025-05-26,Membership,LinkedIn,177.25,70.83,Cancelled
ORD_3677,CUST_653,2024-10-01,Partner Offer,Event Walk-in,303.87,95.01,Completed
ORD_3678,CUST_1230,2024-09-05,Event Ticket,Partnership,369.64,239.21,Completed
ORD_3679,CUST_767,2025-06-26,Corporate Package,Event Walk-in,192.59,82.76,Completed
ORD_3680,CUST_1304,2024-05-23,Corporate Package,TikTok,112.27,70.33,Refunded
ORD_3681,CUST_246,2024-06-25,Media Package,LinkedIn,429.19,149.1,Completed
ORD_3682,CUST_654,2024-09-08,Corporate Package,Instagram,154.48,71.17,Completed
ORD_3683,CUST_997,2024-02-15,Workshop,Referral,219.02,105.78,Completed
ORD_3684,CUST_1252,2024-03-22,Membership,Google Search,175.62,103.0,Completed
ORD_3685,CUST_1340,2024-07-05,Partner Offer,Partnership,63.06,24.92,Completed
ORD_3686,CUST_1040,2024-04-08,Membership,TikTok,150.59,58.88,Completed
ORD_3687,CUST_41,2025-06-03,Creative Studio,Partnership,221.87,144.51,Completed
ORD_3688,CUST_138,2025-01-27,Workshop,Instagram,66.85,28.78,Completed
ORD_3689,CUST_809,2024-11-28,Creative Studio,Partnership,408.37,258.96,Completed
ORD_3690,CUST_132,2025-02-01,Corporate Package,Event Walk-in,281.32,113.53,Completed
ORD_3691,CUST_603,2024-08-23,Media Package,TikTok,68.01,40.83,Completed
ORD_3692,CUST_974,2025-04-07,Media Package,Referral,182.94,118.42,Completed
ORD_3693,CUST_381,2024-03-20,Workshop,Partnership,402.6,242.23,Completed
ORD_3694,CUST_395,2024-02-17,Membership,TikTok,242.87,150.8,Completed
ORD_3695,CUST_722,2025-03-17,Event Ticket,Event Walk-in,180.96,82.96,Completed
ORD_3696,CUST_1350,2024-10-20,Partner Offer,TikTok,284.9,100.59,Refunded
ORD_3697,CUST_1469,2025-06-05,Corporate Package,TikTok,143.41,97.09,Completed
ORD_3698,CUST_148,2024-06-13,Media Package,Event Walk-in,450.06,140.68,Completed
ORD_3699,CUST_38,2024-09-19,Workshop,TikTok,315.54,99.71,Completed
ORD_3700,CUST_1341,2024-10-05,Corporate Package,Event Walk-in,168.04,88.29,Completed
ORD_3701,CUST_176,2024-03-04,Partner Offer,Google Search,59.99,25.04,Completed
ORD_3702,CUST_273,2024-08-01,Membership,Instagram,128.46,62.93,Completed
ORD_3703,CUST_328,2024-08-25,Workshop,Referral,378.57,147.1,Refunded
ORD_3704,CUST_568,2024-12-28,Partner Offer,Partnership,474.41,160.55,Completed
ORD_3705,CUST_489,2025-04-02,Corporate Package,Partnership,189.91,110.24,Completed
ORD_3706,CUST_562,2025-05-07,Membership,Referral,211.9,71.27,Completed
ORD_3707,CUST_441,2024-12-30,Workshop,Instagram,145.1,89.27,Completed
ORD_3708,CUST_181,2024-06-27,Event Ticket,Partnership,98.8,31.7,Completed
ORD_3709,CUST_509,2024-10-11,Partner Offer,LinkedIn,468.46,307.66,Completed
ORD_3710,CUST_175,2025-03-05,Workshop,Instagram,354.25,209.54,Completed
ORD_3711,CUST_1433,2024-10-04,Membership,Referral,214.51,132.19,Completed
ORD_3712,CUST_173,2024-05-19,Corporate Package,Event Walk-in,263.73,141.43,Completed
ORD_3713,CUST_1476,2024-03-22,Membership,Partnership,355.22,152.22,Completed
ORD_3714,CUST_475,2025-01-09,Workshop,Referral,248.99,115.05,Completed
ORD_3715,CUST_1048,2025-06-16,Membership,Referral,143.37,87.85,Completed
ORD_3716,CUST_1038,2024-06-21,Corporate Package,Event Walk-in,40.98,14.27,Completed
ORD_3717,CUST_716,2025-05-03,Workshop,Google Search,453.48,288.69,Completed
ORD_3718,CUST_543,2024-04-23,Membership,TikTok,196.86,102.29,Refunded
ORD_3719,CUST_1303,2024-12-03,Media Package,Google Search,220.54,89.66,Completed
ORD_3720,CUST_564,2025-02-26,Media Package,Referral,130.7,39.97,Refunded
ORD_3721,CUST_140,2025-04-13,Media Package,Instagram,119.92,52.96,Completed
ORD_3722,CUST_596,2024-07-09,Partner Offer,Event Walk-in,332.55,148.84,Completed
ORD_3723,CUST_366,2024-09-16,Corporate Package,TikTok,87.92,34.38,Completed
ORD_3724,CUST_528,2024-11-03,Corporate Package,TikTok,441.54,286.38,Completed
ORD_3725,CUST_846,2025-04-25,Creative Studio,Google Search,314.06,121.28,Completed
ORD_3726,CUST_677,2025-03-24,Event Ticket,LinkedIn,197.36,127.65,Completed
ORD_3727,CUST_321,2024-04-22,Creative Studio,Referral,450.44,287.26,Completed
ORD_3728,CUST_1392,2025-03-01,Partner Offer,Event Walk-in,33.42,10.29,Completed
ORD_3729,CUST_633,2025-05-13,Membership,Partnership,385.5,266.78,Completed
ORD_3730,CUST_1066,2024-02-12,Membership,Event Walk-in,271.65,159.84,Completed
ORD_3731,CUST_830,2025-01-31,Partner Offer,Referral,237.77,79.19,Completed
ORD_3732,CUST_293,2025-03-15,Membership,Instagram,126.4,79.15,Completed
ORD_3733,CUST_1132,2024-10-13,Media Package,Instagram,353.07,186.39,Completed
ORD_3734,CUST_215,2025-01-15,Workshop,LinkedIn,397.26,176.37,Completed
ORD_3735,CUST_156,2024-04-11,Partner Offer,Google Search,442.32,207.56,Completed
ORD_3736,CUST_1252,2024-01-15,Membership,Google Search,395.58,222.12,Refunded
ORD_3737,CUST_1243,2024-12-19,Workshop,Event Walk-in,446.09,167.3,Completed
ORD_3738,CUST_417,2024-05-18,Media Package,Event Walk-in,195.38,131.13,Completed
ORD_3739,CUST_48,2024-07-10,Corporate Package,Instagram,399.21,128.59,Completed
ORD_3740,CUST_710,2024-12-24,Event Ticket,Instagram,117.06,64.92,Completed
ORD_3741,CUST_435,2025-05-17,Corporate Package,Referral,450.91,225.58,Completed
ORD_3742,CUST_331,2024-06-07,Media Package,Partnership,333.7,152.81,Completed
ORD_3743,CUST_1202,2024-04-23,Corporate Package,Google Search,246.47,110.86,Completed
ORD_3744,CUST_938,2024-08-28,Workshop,Referral,335.21,165.14,Completed
ORD_3745,CUST_848,2024-06-15,Partner Offer,TikTok,498.14,309.35,Completed
ORD_3746,CUST_1157,2024-02-01,Media Package,Partnership,192.59,117.67,Completed
ORD_3747,CUST_1219,2025-02-28,Corporate Package,Referral,461.42,142.98,Refunded
ORD_3748,CUST_350,2024-11-10,Workshop,Partnership,231.14,153.97,Cancelled
ORD_3749,CUST_637,2024-02-12,Media Package,Referral,374.47,145.86,Completed
ORD_3750,CUST_1267,2024-11-16,Workshop,Event Walk-in,398.88,161.82,Completed
ORD_3751,CUST_1118,2024-01-03,Corporate Package,Event Walk-in,136.2,67.74,Completed
ORD_3752,CUST_929,2024-04-29,Workshop,TikTok,100.18,68.4,Completed
ORD_3753,CUST_1454,2024-09-30,Membership,Partnership,237.83,150.64,Completed
ORD_3754,CUST_1354,2024-09-02,Creative Studio,Partnership,376.63,190.42,Completed
ORD_3755,CUST_990,2024-07-12,Workshop,Partnership,244.91,166.23,Completed
ORD_3756,CUST_116,2024-01-28,Membership,Instagram,283.69,170.4,Completed
ORD_3757,CUST_843,2024-03-20,Partner Offer,TikTok,249.32,82.54,Completed
ORD_3758,CUST_1183,2025-06-04,Media Package,Instagram,361.76,132.44,Completed
ORD_3759,CUST_16,2024-02-15,Event Ticket,TikTok,279.8,178.49,Completed
ORD_3760,CUST_374,2024-05-23,Membership,LinkedIn,454.78,221.11,Completed
ORD_3761,CUST_188,2024-02-26,Creative Studio,LinkedIn,160.53,70.55,Completed
ORD_3762,CUST_1219,2024-06-19,Event Ticket,Referral,468.88,296.08,Completed
ORD_3763,CUST_1404,2024-08-28,Workshop,Google Search,172.85,95.32,Completed
ORD_3764,CUST_751,2025-01-27,Partner Offer,Partnership,154.09,62.59,Completed
ORD_3765,CUST_1440,2025-06-25,Event Ticket,LinkedIn,97.06,52.75,Completed
ORD_3766,CUST_446,2025-01-27,Event Ticket,Instagram,383.85,143.58,Completed
ORD_3767,CUST_294,2024-04-29,Partner Offer,Referral,281.75,142.3,Completed
ORD_3768,CUST_619,2024-04-04,Creative Studio,LinkedIn,106.28,34.0,Completed
ORD_3769,CUST_12,2024-07-04,Creative Studio,Google Search,409.29,214.7,Completed
ORD_3770,CUST_1069,2024-12-26,Workshop,Google Search,338.03,232.33,Completed
ORD_3771,CUST_69,2024-04-12,Partner Offer,Partnership,422.91,289.81,Completed
ORD_3772,CUST_1080,2025-05-13,Membership,Partnership,44.35,27.94,Completed
ORD_3773,CUST_1216,2025-02-05,Media Package,Instagram,276.31,133.58,Completed
ORD_3774,CUST_1104,2025-02-16,Workshop,Partnership,432.99,243.93,Completed
ORD_3775,CUST_1326,2025-05-29,Creative Studio,LinkedIn,180.22,105.82,Completed
ORD_3776,CUST_386,2025-03-15,Partner Offer,Partnership,203.44,70.46,Completed
ORD_3777,CUST_257,2025-04-21,Membership,Instagram,290.37,98.69,Completed
ORD_3778,CUST_652,2024-01-21,Membership,Partnership,305.15,173.28,Completed
ORD_3779,CUST_504,2024-12-22,Event Ticket,LinkedIn,132.06,46.4,Completed
ORD_3780,CUST_409,2024-11-08,Partner Offer,LinkedIn,337.1,121.37,Completed
ORD_3781,CUST_769,2025-02-07,Partner Offer,LinkedIn,215.03,70.79,Cancelled
ORD_3782,CUST_532,2024-07-23,Membership,Instagram,197.33,106.61,Completed
ORD_3783,CUST_1261,2024-03-03,Corporate Package,Partnership,478.59,248.78,Completed
ORD_3784,CUST_1466,2024-12-23,Membership,Referral,173.25,56.58,Completed
ORD_3785,CUST_225,2024-10-08,Event Ticket,Google Search,183.22,127.07,Completed
ORD_3786,CUST_935,2025-03-13,Workshop,Partnership,108.92,40.9,Completed
ORD_3787,CUST_555,2024-11-17,Media Package,Referral,152.2,46.78,Refunded
ORD_3788,CUST_611,2025-01-25,Workshop,Google Search,496.18,201.65,Completed
ORD_3789,CUST_820,2025-04-23,Media Package,TikTok,196.05,78.86,Completed
ORD_3790,CUST_1281,2024-09-17,Media Package,LinkedIn,440.61,238.18,Completed
ORD_3791,CUST_1121,2024-05-02,Creative Studio,LinkedIn,269.11,142.74,Completed
ORD_3792,CUST_61,2025-06-01,Creative Studio,Instagram,416.71,136.62,Completed
ORD_3793,CUST_958,2024-01-06,Partner Offer,Instagram,217.83,99.62,Completed
ORD_3794,CUST_1108,2024-04-22,Membership,TikTok,66.72,44.14,Completed
ORD_3795,CUST_1192,2025-03-30,Creative Studio,Referral,82.7,32.4,Completed
ORD_3796,CUST_476,2025-06-06,Creative Studio,Partnership,175.6,76.05,Completed
ORD_3797,CUST_1043,2024-04-09,Event Ticket,Partnership,139.49,46.92,Completed
ORD_3798,CUST_56,2024-09-03,Workshop,Event Walk-in,337.1,230.31,Completed
ORD_3799,CUST_1491,2024-07-14,Membership,LinkedIn,66.89,40.35,Completed
ORD_3800,CUST_838,2024-08-16,Membership,Partnership,417.99,175.34,Completed
ORD_3801,CUST_1306,2024-06-17,Corporate Package,TikTok,308.94,196.79,Completed
ORD_3802,CUST_1301,2024-08-02,Corporate Package,LinkedIn,99.38,51.01,Completed
ORD_3803,CUST_1499,2024-12-03,Event Ticket,Partnership,427.85,169.21,Completed
ORD_3804,CUST_540,2024-10-09,Event Ticket,Instagram,61.88,30.43,Completed
ORD_3805,CUST_460,2025-02-18,Creative Studio,Google Search,427.14,162.54,Completed
ORD_3806,CUST_263,2025-03-07,Partner Offer,LinkedIn,413.65,157.27,Completed
ORD_3807,CUST_293,2024-02-13,Corporate Package,Instagram,256.61,96.71,Completed
ORD_3808,CUST_1063,2024-02-06,Event Ticket,Referral,459.46,305.62,Refunded
ORD_3809,CUST_1099,2024-03-29,Partner Offer,Referral,227.08,86.93,Cancelled
ORD_3810,CUST_1089,2025-06-26,Media Package,Instagram,228.9,101.02,Completed
ORD_3811,CUST_601,2024-10-01,Media Package,Referral,278.45,117.12,Completed
ORD_3812,CUST_1337,2024-09-01,Workshop,Referral,140.47,75.03,Completed
ORD_3813,CUST_1144,2024-07-30,Creative Studio,Instagram,489.56,165.82,Completed
ORD_3814,CUST_84,2024-03-28,Creative Studio,LinkedIn,419.49,284.68,Completed
ORD_3815,CUST_1179,2025-02-08,Workshop,Instagram,80.98,44.24,Completed
ORD_3816,CUST_1300,2025-02-02,Membership,Google Search,253.6,172.92,Completed
ORD_3817,CUST_986,2024-11-23,Corporate Package,Instagram,394.96,221.81,Completed
ORD_3818,CUST_789,2024-12-25,Corporate Package,Event Walk-in,495.77,325.55,Completed
ORD_3819,CUST_876,2024-01-20,Workshop,Referral,127.87,49.03,Completed
ORD_3820,CUST_299,2025-05-25,Partner Offer,Event Walk-in,62.85,19.92,Completed
ORD_3821,CUST_1179,2024-12-02,Event Ticket,Instagram,387.57,145.57,Refunded
ORD_3822,CUST_918,2024-08-05,Event Ticket,Google Search,109.89,37.91,Completed
ORD_3823,CUST_380,2024-08-16,Corporate Package,LinkedIn,180.97,54.79,Completed
ORD_3824,CUST_39,2024-05-19,Membership,Referral,269.02,144.92,Completed
ORD_3825,CUST_905,2024-10-14,Creative Studio,Referral,316.29,188.45,Completed
ORD_3826,CUST_1052,2024-11-23,Event Ticket,Referral,128.94,58.4,Completed
ORD_3827,CUST_94,2024-07-21,Corporate Package,Google Search,322.38,179.09,Completed
ORD_3828,CUST_1415,2024-09-07,Workshop,Google Search,459.69,139.67,Completed
ORD_3829,CUST_1052,2024-11-01,Partner Offer,Referral,40.4,19.93,Completed
ORD_3830,CUST_81,2024-11-12,Membership,LinkedIn,44.15,28.4,Completed
ORD_3831,CUST_878,2024-06-13,Media Package,LinkedIn,354.79,202.69,Completed
ORD_3832,CUST_1407,2024-11-26,Media Package,Referral,89.0,43.68,Completed
ORD_3833,CUST_262,2025-04-26,Partner Offer,Google Search,497.07,312.72,Completed
ORD_3834,CUST_1256,2025-04-04,Membership,Google Search,303.58,97.82,Completed
ORD_3835,CUST_816,2025-05-13,Corporate Package,LinkedIn,409.48,245.89,Completed
ORD_3836,CUST_475,2024-02-18,Media Package,Referral,402.38,239.72,Completed
ORD_3837,CUST_1402,2025-02-15,Event Ticket,TikTok,73.02,50.14,Completed
ORD_3838,CUST_411,2025-05-13,Event Ticket,Partnership,496.72,151.92,Completed
ORD_3839,CUST_1367,2024-08-26,Event Ticket,LinkedIn,209.32,98.94,Completed
ORD_3840,CUST_867,2025-06-30,Membership,Referral,213.4,99.7,Refunded
ORD_3841,CUST_500,2024-06-17,Corporate Package,Partnership,446.11,142.55,Completed
ORD_3842,CUST_7,2025-04-24,Creative Studio,Instagram,126.43,43.96,Completed
ORD_3843,CUST_1472,2024-01-01,Media Package,Google Search,178.46,109.74,Completed
ORD_3844,CUST_248,2024-11-03,Event Ticket,Google Search,81.19,36.35,Completed
ORD_3845,CUST_223,2025-02-01,Event Ticket,Event Walk-in,424.04,139.65,Completed
ORD_3846,CUST_771,2025-01-03,Media Package,LinkedIn,373.97,149.5,Completed
ORD_3847,CUST_1349,2024-04-12,Event Ticket,TikTok,377.93,114.29,Completed
ORD_3848,CUST_1150,2024-07-10,Workshop,LinkedIn,100.25,35.13,Completed
ORD_3849,CUST_140,2024-03-30,Corporate Package,Instagram,242.7,103.25,Completed
ORD_3850,CUST_542,2025-05-07,Creative Studio,Event Walk-in,259.15,175.48,Completed
ORD_3851,CUST_1169,2024-11-07,Membership,Google Search,440.95,145.18,Completed
ORD_3852,CUST_422,2024-08-31,Event Ticket,Instagram,235.01,150.82,Completed
ORD_3853,CUST_1218,2024-11-25,Membership,Partnership,373.61,115.68,Cancelled
ORD_3854,CUST_61,2025-01-21,Membership,Instagram,68.82,40.73,Completed
ORD_3855,CUST_1229,2024-09-25,Workshop,LinkedIn,312.01,171.64,Refunded
ORD_3856,CUST_1158,2024-05-17,Workshop,TikTok,319.39,183.08,Completed
ORD_3857,CUST_782,2025-02-21,Workshop,LinkedIn,77.46,26.61,Completed
ORD_3858,CUST_1043,2025-02-17,Event Ticket,Partnership,353.73,245.93,Completed
ORD_3859,CUST_899,2024-11-23,Corporate Package,TikTok,173.69,102.57,Completed
ORD_3860,CUST_1445,2025-03-18,Membership,Google Search,162.45,106.62,Completed
ORD_3861,CUST_1089,2024-11-20,Corporate Package,Instagram,407.01,150.35,Completed
ORD_3862,CUST_154,2025-01-26,Creative Studio,Partnership,161.63,110.36,Completed
ORD_3863,CUST_240,2024-06-22,Membership,Google Search,129.82,81.95,Completed
ORD_3864,CUST_1320,2024-06-05,Creative Studio,Google Search,398.5,138.9,Completed
ORD_3865,CUST_656,2025-06-25,Partner Offer,Google Search,256.57,172.46,Completed
ORD_3866,CUST_1007,2024-01-12,Membership,Referral,392.77,189.95,Completed
ORD_3867,CUST_432,2024-12-24,Workshop,Referral,479.77,195.59,Completed
ORD_3868,CUST_192,2025-04-16,Creative Studio,Instagram,205.7,66.4,Completed
ORD_3869,CUST_18,2024-09-08,Creative Studio,Google Search,218.13,126.65,Completed
ORD_3870,CUST_28,2024-04-09,Corporate Package,Partnership,26.44,14.49,Refunded
ORD_3871,CUST_296,2024-02-10,Workshop,Partnership,352.81,114.68,Completed
ORD_3872,CUST_1357,2024-08-26,Creative Studio,Google Search,133.19,62.73,Cancelled
ORD_3873,CUST_1359,2024-09-02,Event Ticket,Instagram,286.78,132.38,Refunded
ORD_3874,CUST_1291,2024-07-09,Media Package,Referral,344.43,154.22,Completed
ORD_3875,CUST_462,2024-06-16,Media Package,Event Walk-in,182.35,56.46,Completed
ORD_3876,CUST_643,2025-03-29,Workshop,Instagram,270.25,156.34,Completed
ORD_3877,CUST_666,2024-10-22,Event Ticket,TikTok,336.93,191.29,Completed
ORD_3878,CUST_843,2024-07-11,Membership,TikTok,414.35,280.09,Refunded
ORD_3879,CUST_364,2025-05-28,Event Ticket,Partnership,345.01,216.27,Refunded
ORD_3880,CUST_1096,2024-04-01,Media Package,TikTok,308.4,155.81,Completed
ORD_3881,CUST_277,2024-03-29,Media Package,Partnership,316.88,181.45,Completed
ORD_3882,CUST_731,2024-04-06,Event Ticket,Instagram,496.6,244.28,Completed
ORD_3883,CUST_485,2024-10-18,Event Ticket,Instagram,338.87,182.06,Completed
ORD_3884,CUST_583,2025-05-18,Partner Offer,Instagram,288.23,130.68,Completed
ORD_3885,CUST_824,2024-03-08,Media Package,LinkedIn,359.0,245.19,Completed
ORD_3886,CUST_1360,2025-04-10,Partner Offer,Google Search,420.13,222.51,Cancelled
ORD_3887,CUST_1454,2024-04-18,Media Package,Partnership,62.57,39.42,Completed
ORD_3888,CUST_781,2024-03-08,Workshop,Partnership,423.59,239.13,Completed
ORD_3889,CUST_109,2025-06-25,Event Ticket,Google Search,359.81,147.48,Completed
ORD_3890,CUST_1177,2024-03-04,Event Ticket,Referral,185.15,88.82,Completed
ORD_3891,CUST_117,2024-04-02,Membership,TikTok,433.72,286.16,Completed
ORD_3892,CUST_2,2024-06-21,Corporate Package,Referral,208.07,123.2,Completed
ORD_3893,CUST_1377,2024-01-19,Creative Studio,LinkedIn,244.02,148.45,Refunded
ORD_3894,CUST_752,2024-03-22,Event Ticket,Google Search,334.14,138.81,Completed
ORD_3895,CUST_315,2024-09-10,Partner Offer,TikTok,233.41,152.57,Completed
ORD_3896,CUST_74,2024-06-14,Event Ticket,Event Walk-in,430.78,169.77,Completed
ORD_3897,CUST_1403,2024-03-20,Workshop,Partnership,112.23,76.93,Completed
ORD_3898,CUST_528,2025-05-18,Membership,TikTok,86.16,53.24,Completed
ORD_3899,CUST_1035,2024-09-12,Corporate Package,Event Walk-in,352.5,167.52,Completed
ORD_3900,CUST_699,2025-03-06,Creative Studio,LinkedIn,77.54,53.08,Completed
ORD_3901,CUST_1126,2024-03-18,Workshop,Instagram,495.12,199.07,Completed
ORD_3902,CUST_78,2024-11-13,Media Package,Google Search,434.57,192.32,Completed
ORD_3903,CUST_492,2024-04-11,Creative Studio,LinkedIn,49.93,16.11,Refunded
ORD_3904,CUST_1475,2024-07-19,Membership,Google Search,75.09,50.83,Refunded
ORD_3905,CUST_177,2024-12-02,Workshop,Referral,213.7,91.63,Completed
ORD_3906,CUST_128,2024-11-12,Media Package,Partnership,200.89,103.26,Refunded
ORD_3907,CUST_262,2024-04-16,Creative Studio,Google Search,108.61,61.78,Completed
ORD_3908,CUST_86,2024-05-01,Workshop,Event Walk-in,447.47,242.57,Completed
ORD_3909,CUST_344,2024-01-16,Partner Offer,Google Search,166.04,96.75,Completed
ORD_3910,CUST_1196,2024-08-17,Membership,Partnership,140.82,90.73,Refunded
ORD_3911,CUST_889,2024-05-14,Partner Offer,Event Walk-in,322.96,192.91,Completed
ORD_3912,CUST_306,2024-12-21,Media Package,Partnership,215.45,118.64,Completed
ORD_3913,CUST_503,2025-04-26,Workshop,Instagram,165.4,52.56,Completed
ORD_3914,CUST_397,2025-01-22,Workshop,LinkedIn,414.42,248.57,Refunded
ORD_3915,CUST_234,2024-05-18,Media Package,Referral,135.57,54.82,Completed
ORD_3916,CUST_321,2024-05-01,Media Package,Referral,317.91,172.2,Completed
ORD_3917,CUST_28,2024-06-10,Corporate Package,Partnership,489.24,152.65,Completed
ORD_3918,CUST_888,2025-04-13,Partner Offer,Google Search,466.24,225.54,Completed
ORD_3919,CUST_944,2024-01-28,Corporate Package,Referral,461.7,251.95,Completed
ORD_3920,CUST_93,2025-03-10,Corporate Package,Google Search,334.85,139.56,Completed
ORD_3921,CUST_508,2024-12-29,Media Package,LinkedIn,210.29,117.65,Refunded
ORD_3922,CUST_760,2024-10-30,Workshop,Partnership,28.35,9.19,Completed
ORD_3923,CUST_389,2025-01-15,Partner Offer,Instagram,344.12,147.65,Completed
ORD_3924,CUST_122,2025-03-28,Corporate Package,TikTok,50.93,29.92,Cancelled
ORD_3925,CUST_278,2025-04-20,Media Package,TikTok,198.27,82.59,Completed
ORD_3926,CUST_1205,2024-08-07,Corporate Package,Instagram,97.58,33.44,Completed
ORD_3927,CUST_185,2025-06-03,Event Ticket,Partnership,26.92,15.4,Completed
ORD_3928,CUST_823,2025-04-18,Creative Studio,Event Walk-in,119.9,81.28,Completed
ORD_3929,CUST_1208,2025-02-25,Workshop,TikTok,87.27,51.85,Completed
ORD_3930,CUST_241,2024-09-11,Partner Offer,TikTok,226.09,76.94,Completed
ORD_3931,CUST_926,2024-08-17,Workshop,LinkedIn,188.55,66.24,Completed
ORD_3932,CUST_62,2025-04-23,Partner Offer,Instagram,92.46,46.0,Completed
ORD_3933,CUST_600,2024-04-05,Corporate Package,TikTok,465.67,311.38,Completed
ORD_3934,CUST_1034,2025-03-20,Media Package,Referral,211.0,139.42,Completed
ORD_3935,CUST_24,2025-02-18,Partner Offer,Event Walk-in,31.25,16.15,Completed
ORD_3936,CUST_157,2024-02-23,Media Package,LinkedIn,176.78,93.08,Completed
ORD_3937,CUST_474,2025-01-11,Creative Studio,Event Walk-in,188.48,97.59,Completed
ORD_3938,CUST_962,2024-01-04,Corporate Package,LinkedIn,267.19,101.35,Completed
ORD_3939,CUST_696,2025-01-03,Membership,LinkedIn,35.39,14.38,Completed
ORD_3940,CUST_1210,2025-04-15,Membership,Instagram,239.84,135.45,Completed
ORD_3941,CUST_937,2024-09-11,Membership,Partnership,45.69,31.29,Completed
ORD_3942,CUST_1187,2024-12-06,Workshop,Instagram,100.57,40.79,Completed
ORD_3943,CUST_214,2024-06-20,Partner Offer,Referral,415.49,239.35,Completed
ORD_3944,CUST_119,2025-06-21,Event Ticket,LinkedIn,310.76,154.85,Cancelled
ORD_3945,CUST_628,2024-06-09,Workshop,Referral,331.94,219.28,Completed
ORD_3946,CUST_1098,2024-12-20,Creative Studio,LinkedIn,379.73,177.19,Completed
ORD_3947,CUST_918,2025-05-26,Media Package,Google Search,267.47,118.84,Completed
ORD_3948,CUST_1132,2024-08-11,Event Ticket,Instagram,26.11,9.93,Completed
ORD_3949,CUST_1207,2024-08-08,Media Package,Google Search,379.24,129.53,Completed
ORD_3950,CUST_344,2024-02-02,Media Package,Google Search,274.47,144.54,Completed
ORD_3951,CUST_1167,2024-03-11,Partner Offer,LinkedIn,52.58,16.79,Completed
ORD_3952,CUST_1185,2024-01-11,Media Package,TikTok,106.4,39.8,Completed
ORD_3953,CUST_252,2024-03-26,Creative Studio,Instagram,203.48,83.22,Completed
ORD_3954,CUST_905,2024-08-18,Partner Offer,Referral,252.59,149.33,Completed
ORD_3955,CUST_502,2024-03-21,Workshop,Google Search,434.79,190.45,Completed
ORD_3956,CUST_321,2024-11-13,Partner Offer,Referral,110.73,76.69,Completed
ORD_3957,CUST_746,2024-10-19,Workshop,TikTok,66.74,38.23,Completed
ORD_3958,CUST_1232,2025-05-14,Event Ticket,TikTok,284.47,156.6,Completed
ORD_3959,CUST_676,2025-03-26,Partner Offer,Instagram,202.24,78.02,Completed
ORD_3960,CUST_712,2024-10-27,Workshop,TikTok,492.11,208.82,Completed
ORD_3961,CUST_1443,2024-11-19,Partner Offer,LinkedIn,147.41,102.63,Completed
ORD_3962,CUST_360,2024-09-02,Creative Studio,Google Search,389.5,128.62,Completed
ORD_3963,CUST_255,2025-01-17,Partner Offer,LinkedIn,460.67,317.98,Completed
ORD_3964,CUST_1338,2024-02-18,Workshop,Google Search,376.13,215.09,Completed
ORD_3965,CUST_1476,2025-03-03,Membership,Partnership,125.39,57.51,Completed
ORD_3966,CUST_700,2025-02-05,Media Package,Partnership,361.03,130.69,Completed
ORD_3967,CUST_1067,2024-01-12,Workshop,Instagram,77.35,52.59,Completed
ORD_3968,CUST_1211,2024-06-16,Workshop,TikTok,166.7,94.63,Completed
ORD_3969,CUST_1126,2024-02-28,Event Ticket,Instagram,265.58,82.51,Refunded
ORD_3970,CUST_1277,2024-09-09,Membership,Referral,118.92,52.2,Completed
ORD_3971,CUST_727,2025-01-16,Partner Offer,Partnership,463.17,147.65,Refunded
ORD_3972,CUST_198,2025-03-10,Media Package,Event Walk-in,451.77,254.69,Completed
ORD_3973,CUST_1230,2024-03-19,Workshop,Partnership,241.7,117.61,Completed
ORD_3974,CUST_922,2025-04-20,Event Ticket,Google Search,114.75,71.27,Completed
ORD_3975,CUST_120,2024-12-07,Corporate Package,Partnership,324.43,99.15,Completed
ORD_3976,CUST_883,2024-06-11,Corporate Package,Event Walk-in,307.3,154.76,Refunded
ORD_3977,CUST_152,2025-05-02,Partner Offer,Partnership,102.54,35.29,Completed
ORD_3978,CUST_685,2025-06-12,Partner Offer,Google Search,47.68,30.21,Completed
ORD_3979,CUST_805,2024-01-23,Membership,Google Search,330.15,125.29,Completed
ORD_3980,CUST_464,2024-09-05,Event Ticket,TikTok,61.0,19.55,Cancelled
ORD_3981,CUST_236,2025-02-11,Event Ticket,Referral,355.01,110.35,Completed
ORD_3982,CUST_701,2024-07-14,Creative Studio,TikTok,368.88,154.64,Completed
ORD_3983,CUST_306,2024-04-02,Media Package,Partnership,463.0,145.75,Completed
ORD_3984,CUST_515,2024-04-02,Media Package,Referral,81.38,28.42,Refunded
ORD_3985,CUST_1094,2024-09-19,Event Ticket,LinkedIn,120.99,56.14,Completed
ORD_3986,CUST_422,2024-12-19,Creative Studio,Instagram,378.79,224.98,Completed
ORD_3987,CUST_1019,2024-03-28,Partner Offer,LinkedIn,453.84,213.88,Cancelled
ORD_3988,CUST_779,2024-09-10,Partner Offer,Google Search,311.6,142.57,Completed
ORD_3989,CUST_1362,2024-12-14,Creative Studio,LinkedIn,47.53,32.56,Completed
ORD_3990,CUST_214,2025-02-28,Partner Offer,Referral,209.8,99.18,Cancelled
ORD_3991,CUST_360,2024-11-04,Corporate Package,Google Search,200.84,80.91,Completed
ORD_3992,CUST_460,2024-12-23,Corporate Package,Google Search,467.79,270.38,Completed
ORD_3993,CUST_303,2024-07-17,Event Ticket,TikTok,43.44,27.22,Completed
ORD_3994,CUST_1129,2025-01-26,Membership,TikTok,263.85,84.21,Completed
ORD_3995,CUST_572,2025-02-25,Corporate Package,LinkedIn,385.16,207.24,Completed
ORD_3996,CUST_785,2025-02-13,Creative Studio,TikTok,327.32,151.57,Completed
ORD_3997,CUST_1119,2025-04-02,Creative Studio,TikTok,303.54,113.48,Completed
ORD_3998,CUST_356,2024-11-29,Membership,Instagram,349.33,141.05,Refunded
ORD_3999,CUST_1116,2024-11-20,Partner Offer,Event Walk-in,92.82,51.58,Completed
ORD_4000,CUST_1160,2024-03-06,Workshop,Referral,274.23,97.93,Completed
ORD_4001,CUST_378,2025-01-09,Membership,LinkedIn,307.53,197.86,Completed
ORD_4002,CUST_377,2025-04-17,Event Ticket,Google Search,474.79,153.07,Completed
ORD_4003,CUST_179,2025-03-21,Workshop,Instagram,154.32,107.8,Completed
ORD_4004,CUST_501,2025-05-06,Media Package,Referral,148.59,93.33,Completed
ORD_4005,CUST_240,2024-04-11,Partner Offer,Google Search,207.72,62.8,Completed
ORD_4006,CUST_476,2024-09-28,Event Ticket,Partnership,96.25,44.25,Completed
ORD_4007,CUST_719,2024-12-16,Membership,Google Search,79.82,43.97,Completed
ORD_4008,CUST_660,2024-10-09,Workshop,Google Search,468.76,246.58,Refunded
ORD_4009,CUST_74,2024-10-08,Partner Offer,Event Walk-in,181.16,61.78,Completed
ORD_4010,CUST_409,2024-11-19,Membership,LinkedIn,177.26,61.34,Completed
ORD_4011,CUST_707,2024-01-26,Workshop,TikTok,473.53,166.09,Completed
ORD_4012,CUST_1363,2024-09-28,Membership,LinkedIn,175.48,55.17,Cancelled
ORD_4013,CUST_1239,2024-03-18,Partner Offer,Partnership,452.57,291.04,Completed
ORD_4014,CUST_44,2024-02-10,Media Package,Event Walk-in,489.09,322.93,Refunded
ORD_4015,CUST_832,2024-06-06,Workshop,LinkedIn,178.96,99.31,Completed
ORD_4016,CUST_81,2025-02-17,Creative Studio,LinkedIn,291.34,140.69,Completed
ORD_4017,CUST_467,2024-07-28,Membership,LinkedIn,452.66,146.2,Refunded
ORD_4018,CUST_1276,2024-03-28,Event Ticket,TikTok,186.27,125.34,Completed
ORD_4019,CUST_1042,2024-04-16,Partner Offer,TikTok,79.7,51.3,Completed
ORD_4020,CUST_192,2024-10-13,Partner Offer,Instagram,280.07,189.88,Completed
ORD_4021,CUST_888,2025-06-12,Creative Studio,Google Search,343.73,184.41,Completed
ORD_4022,CUST_1397,2024-01-27,Corporate Package,Partnership,176.12,109.33,Completed
ORD_4023,CUST_337,2024-04-10,Workshop,LinkedIn,124.58,67.77,Completed
ORD_4024,CUST_874,2024-01-18,Creative Studio,LinkedIn,62.05,40.99,Completed
ORD_4025,CUST_844,2024-04-07,Media Package,Google Search,443.52,271.7,Refunded
ORD_4026,CUST_1157,2024-09-01,Workshop,Partnership,379.59,246.61,Completed
ORD_4027,CUST_810,2024-06-04,Corporate Package,Event Walk-in,163.34,70.8,Completed
ORD_4028,CUST_268,2025-02-04,Membership,LinkedIn,64.57,32.87,Completed
ORD_4029,CUST_26,2024-08-13,Membership,Event Walk-in,419.88,186.93,Refunded
ORD_4030,CUST_160,2025-03-14,Creative Studio,Google Search,192.24,123.98,Completed
ORD_4031,CUST_159,2024-05-02,Event Ticket,Referral,487.55,206.61,Cancelled
ORD_4032,CUST_1336,2024-06-21,Corporate Package,Instagram,379.87,203.35,Completed
ORD_4033,CUST_1015,2024-04-20,Membership,Event Walk-in,384.18,143.4,Completed
ORD_4034,CUST_1008,2024-08-04,Event Ticket,LinkedIn,239.92,91.05,Refunded
ORD_4035,CUST_990,2025-03-13,Membership,Partnership,125.69,76.07,Refunded
ORD_4036,CUST_635,2025-06-28,Event Ticket,TikTok,102.19,69.74,Completed
ORD_4037,CUST_385,2024-06-23,Creative Studio,LinkedIn,314.52,202.22,Completed
ORD_4038,CUST_653,2025-02-28,Media Package,Event Walk-in,53.15,21.54,Completed
ORD_4039,CUST_930,2025-05-20,Media Package,Google Search,156.93,77.32,Completed
ORD_4040,CUST_780,2025-03-23,Event Ticket,Partnership,108.72,73.95,Completed
ORD_4041,CUST_477,2024-03-28,Event Ticket,Google Search,93.86,56.15,Completed
ORD_4042,CUST_167,2024-06-01,Membership,Google Search,111.37,39.34,Completed
ORD_4043,CUST_730,2024-11-30,Workshop,TikTok,457.5,268.87,Completed
ORD_4044,CUST_1064,2024-08-02,Creative Studio,Instagram,293.91,195.38,Completed
ORD_4045,CUST_899,2025-01-17,Membership,TikTok,427.73,186.53,Completed
ORD_4046,CUST_792,2024-06-20,Corporate Package,TikTok,343.67,185.56,Completed
ORD_4047,CUST_1275,2025-04-16,Corporate Package,Google Search,499.36,339.57,Completed
ORD_4048,CUST_757,2024-11-14,Creative Studio,Instagram,199.77,115.92,Completed
ORD_4049,CUST_1477,2024-01-23,Partner Offer,LinkedIn,410.94,187.01,Completed
ORD_4050,CUST_1135,2024-01-29,Workshop,TikTok,309.2,118.75,Completed
ORD_4051,CUST_698,2024-09-29,Partner Offer,Instagram,75.93,51.5,Completed
ORD_4052,CUST_437,2025-05-23,Event Ticket,Partnership,434.92,237.74,Completed
ORD_4053,CUST_909,2025-03-15,Workshop,Referral,120.29,44.22,Completed
ORD_4054,CUST_1215,2024-06-26,Event Ticket,Partnership,333.44,173.22,Completed
ORD_4055,CUST_399,2024-05-11,Creative Studio,Event Walk-in,375.31,114.51,Completed
ORD_4056,CUST_455,2024-06-13,Partner Offer,Instagram,41.43,16.09,Refunded
ORD_4057,CUST_747,2025-02-13,Membership,Event Walk-in,186.17,108.44,Completed
ORD_4058,CUST_148,2025-05-14,Event Ticket,Event Walk-in,430.02,172.87,Completed
ORD_4059,CUST_789,2025-03-17,Partner Offer,Event Walk-in,362.07,240.4,Completed
ORD_4060,CUST_902,2025-03-25,Membership,Google Search,229.15,69.25,Completed
ORD_4061,CUST_337,2024-06-15,Membership,LinkedIn,40.66,16.82,Refunded
ORD_4062,CUST_1353,2024-05-21,Creative Studio,Instagram,234.84,128.38,Completed
ORD_4063,CUST_1410,2025-03-19,Membership,Event Walk-in,318.05,105.27,Completed
ORD_4064,CUST_1184,2024-08-07,Media Package,Event Walk-in,93.01,49.14,Completed
ORD_4065,CUST_15,2024-03-21,Membership,Google Search,54.03,26.19,Completed
ORD_4066,CUST_1109,2024-04-16,Creative Studio,TikTok,42.16,21.19,Completed
ORD_4067,CUST_697,2024-05-19,Workshop,Event Walk-in,109.2,47.4,Completed
ORD_4068,CUST_1182,2024-10-13,Media Package,Partnership,107.98,61.67,Completed
ORD_4069,CUST_610,2024-01-08,Creative Studio,Instagram,424.97,234.17,Completed
ORD_4070,CUST_90,2024-10-16,Corporate Package,Referral,345.49,103.97,Completed
ORD_4071,CUST_1064,2025-03-10,Creative Studio,Instagram,108.88,61.77,Completed
ORD_4072,CUST_1014,2024-10-02,Event Ticket,Instagram,418.56,137.76,Completed
ORD_4073,CUST_1206,2025-04-14,Workshop,Event Walk-in,206.39,106.8,Completed
ORD_4074,CUST_720,2024-02-04,Media Package,LinkedIn,371.67,147.87,Completed
ORD_4075,CUST_1290,2024-07-05,Partner Offer,Event Walk-in,142.35,53.38,Completed
ORD_4076,CUST_49,2024-06-29,Workshop,Google Search,96.07,51.23,Completed
ORD_4077,CUST_320,2024-05-11,Creative Studio,LinkedIn,262.86,118.54,Completed
ORD_4078,CUST_706,2024-10-02,Corporate Package,LinkedIn,273.06,132.58,Completed
ORD_4079,CUST_1298,2024-08-25,Creative Studio,TikTok,205.76,109.45,Completed
ORD_4080,CUST_1479,2024-05-01,Workshop,LinkedIn,185.82,62.47,Cancelled
ORD_4081,CUST_687,2025-01-12,Creative Studio,Event Walk-in,178.54,73.49,Refunded
ORD_4082,CUST_80,2025-04-05,Media Package,TikTok,202.57,94.37,Completed
ORD_4083,CUST_492,2024-09-27,Media Package,LinkedIn,456.86,313.87,Completed
ORD_4084,CUST_1408,2024-05-03,Corporate Package,Referral,452.77,195.99,Completed
ORD_4085,CUST_780,2025-04-06,Event Ticket,Partnership,465.18,185.65,Refunded
ORD_4086,CUST_1269,2025-03-09,Membership,Instagram,34.87,15.16,Completed
ORD_4087,CUST_407,2024-01-01,Event Ticket,TikTok,218.71,99.13,Completed
ORD_4088,CUST_666,2024-06-26,Membership,TikTok,126.58,51.5,Completed
ORD_4089,CUST_132,2024-07-18,Corporate Package,Event Walk-in,258.45,121.66,Completed
ORD_4090,CUST_1154,2025-03-30,Event Ticket,LinkedIn,329.12,188.02,Completed
ORD_4091,CUST_612,2024-10-19,Workshop,Instagram,135.95,46.94,Refunded
ORD_4092,CUST_868,2024-06-17,Creative Studio,Event Walk-in,151.29,54.18,Completed
ORD_4093,CUST_347,2024-05-12,Media Package,Instagram,491.16,271.12,Completed
ORD_4094,CUST_640,2024-06-25,Workshop,LinkedIn,497.3,277.8,Refunded
ORD_4095,CUST_379,2024-08-31,Event Ticket,Google Search,85.79,43.28,Completed
ORD_4096,CUST_1113,2025-03-11,Workshop,TikTok,47.78,30.96,Completed
ORD_4097,CUST_599,2024-02-22,Partner Offer,LinkedIn,194.19,118.36,Cancelled
ORD_4098,CUST_1193,2024-02-18,Workshop,LinkedIn,334.75,216.31,Completed
ORD_4099,CUST_240,2025-04-30,Corporate Package,Google Search,258.54,148.03,Completed
ORD_4100,CUST_1073,2024-01-05,Workshop,Partnership,260.4,135.01,Completed
ORD_4101,CUST_1217,2024-07-05,Membership,Referral,124.54,49.39,Cancelled
ORD_4102,CUST_296,2024-05-12,Creative Studio,Partnership,122.95,49.15,Completed
ORD_4103,CUST_1180,2024-04-27,Event Ticket,Instagram,296.41,124.07,Completed
ORD_4104,CUST_1011,2024-10-07,Partner Offer,Google Search,356.11,246.21,Completed
ORD_4105,CUST_19,2024-12-19,Corporate Package,TikTok,370.92,147.18,Completed
ORD_4106,CUST_994,2024-03-24,Membership,Partnership,116.91,72.22,Completed
ORD_4107,CUST_584,2024-06-09,Media Package,Google Search,348.49,123.95,Refunded
ORD_4108,CUST_320,2024-05-13,Workshop,LinkedIn,246.45,109.46,Completed
ORD_4109,CUST_1314,2024-01-12,Membership,Google Search,224.64,120.41,Completed
ORD_4110,CUST_883,2024-01-24,Event Ticket,Event Walk-in,210.05,123.1,Completed
ORD_4111,CUST_1395,2024-06-20,Membership,Instagram,198.99,94.98,Completed
ORD_4112,CUST_667,2024-05-19,Partner Offer,Referral,477.97,223.61,Completed
ORD_4113,CUST_373,2025-04-19,Workshop,Event Walk-in,376.38,185.32,Cancelled
ORD_4114,CUST_1190,2025-06-08,Workshop,LinkedIn,388.9,238.82,Completed
ORD_4115,CUST_797,2024-09-13,Membership,Google Search,66.4,39.27,Completed
ORD_4116,CUST_903,2024-02-04,Membership,Event Walk-in,446.92,160.23,Completed
ORD_4117,CUST_1256,2024-06-23,Creative Studio,Google Search,348.66,151.51,Completed
ORD_4118,CUST_106,2024-01-05,Partner Offer,Event Walk-in,62.34,23.6,Completed
ORD_4119,CUST_961,2025-04-29,Corporate Package,Event Walk-in,426.54,227.7,Completed
ORD_4120,CUST_530,2024-08-26,Media Package,Referral,494.19,275.21,Completed
ORD_4121,CUST_261,2024-04-16,Media Package,Event Walk-in,390.76,177.47,Completed
ORD_4122,CUST_1124,2024-12-21,Event Ticket,TikTok,211.83,120.73,Refunded
ORD_4123,CUST_70,2024-12-01,Membership,Referral,93.66,46.6,Completed
ORD_4124,CUST_1408,2024-01-14,Workshop,Referral,450.87,141.09,Completed
ORD_4125,CUST_1200,2025-01-13,Partner Offer,Referral,374.31,261.19,Completed
ORD_4126,CUST_1043,2024-02-21,Workshop,Partnership,111.67,67.93,Completed
ORD_4127,CUST_1082,2025-01-01,Event Ticket,Referral,141.84,49.81,Completed
ORD_4128,CUST_539,2024-05-23,Corporate Package,Google Search,271.27,147.75,Refunded
ORD_4129,CUST_586,2025-03-02,Media Package,Instagram,29.53,9.87,Cancelled
ORD_4130,CUST_1121,2024-01-23,Workshop,LinkedIn,184.44,103.19,Completed
ORD_4131,CUST_49,2025-04-12,Corporate Package,Google Search,39.18,27.34,Completed
ORD_4132,CUST_76,2024-10-14,Event Ticket,Google Search,388.35,160.02,Completed
ORD_4133,CUST_946,2025-03-28,Event Ticket,LinkedIn,396.41,147.51,Completed
ORD_4134,CUST_133,2024-03-04,Membership,Partnership,148.93,64.13,Completed
ORD_4135,CUST_23,2025-05-27,Corporate Package,Referral,359.09,206.39,Completed
ORD_4136,CUST_294,2025-04-27,Membership,Referral,264.91,130.92,Completed
ORD_4137,CUST_885,2024-01-22,Partner Offer,Google Search,171.34,113.7,Completed
ORD_4138,CUST_901,2024-11-19,Workshop,Event Walk-in,285.12,170.78,Completed
ORD_4139,CUST_862,2025-06-02,Creative Studio,Instagram,35.04,13.25,Completed
ORD_4140,CUST_1223,2024-07-27,Creative Studio,Instagram,238.37,92.09,Completed
ORD_4141,CUST_164,2024-05-18,Workshop,Instagram,412.07,210.7,Refunded
ORD_4142,CUST_1394,2025-03-28,Workshop,Instagram,107.19,73.45,Refunded
ORD_4143,CUST_404,2025-03-12,Corporate Package,TikTok,497.61,159.79,Completed
ORD_4144,CUST_124,2024-12-09,Creative Studio,Google Search,264.55,80.56,Cancelled
ORD_4145,CUST_733,2024-07-07,Partner Offer,Event Walk-in,375.89,140.08,Completed
ORD_4146,CUST_1092,2024-12-13,Corporate Package,Instagram,174.99,78.99,Completed
ORD_4147,CUST_931,2024-11-27,Partner Offer,TikTok,295.05,188.08,Completed
ORD_4148,CUST_1437,2024-11-05,Media Package,Google Search,223.09,144.58,Completed
ORD_4149,CUST_1108,2025-05-23,Event Ticket,TikTok,101.1,56.59,Completed
ORD_4150,CUST_124,2024-03-31,Workshop,Google Search,377.27,136.89,Completed
ORD_4151,CUST_1088,2024-02-18,Membership,TikTok,158.2,55.88,Completed
ORD_4152,CUST_1042,2024-08-12,Media Package,TikTok,189.45,76.94,Completed
ORD_4153,CUST_382,2024-12-23,Workshop,Google Search,439.03,245.66,Completed
ORD_4154,CUST_857,2025-04-26,Membership,Instagram,316.38,95.35,Completed
ORD_4155,CUST_495,2024-01-12,Creative Studio,Instagram,433.28,224.15,Completed
ORD_4156,CUST_652,2024-03-29,Creative Studio,Partnership,165.24,72.49,Completed
ORD_4157,CUST_451,2025-03-20,Media Package,LinkedIn,257.34,119.93,Completed
ORD_4158,CUST_344,2024-04-22,Corporate Package,Google Search,263.0,89.69,Completed
ORD_4159,CUST_673,2024-08-14,Workshop,Instagram,180.45,78.25,Completed
ORD_4160,CUST_782,2025-01-19,Event Ticket,LinkedIn,298.19,188.87,Completed
ORD_4161,CUST_1162,2024-11-07,Membership,Google Search,481.46,197.03,Refunded
ORD_4162,CUST_697,2024-04-28,Event Ticket,Event Walk-in,254.42,114.62,Completed
ORD_4163,CUST_1121,2025-06-18,Partner Offer,LinkedIn,140.76,83.58,Completed
ORD_4164,CUST_587,2024-12-12,Workshop,Event Walk-in,458.25,205.21,Completed
ORD_4165,CUST_465,2024-04-27,Workshop,Instagram,377.12,132.83,Completed
ORD_4166,CUST_873,2025-01-30,Creative Studio,LinkedIn,215.47,96.06,Completed
ORD_4167,CUST_354,2024-12-09,Event Ticket,TikTok,128.97,52.13,Completed
ORD_4168,CUST_711,2024-08-26,Media Package,Partnership,115.38,78.51,Completed
ORD_4169,CUST_574,2025-03-09,Creative Studio,TikTok,104.2,50.95,Completed
ORD_4170,CUST_55,2024-10-12,Membership,Partnership,122.14,51.75,Completed
ORD_4171,CUST_844,2025-04-06,Creative Studio,Google Search,494.33,341.72,Completed
ORD_4172,CUST_1297,2024-01-01,Corporate Package,Instagram,71.17,23.42,Completed
ORD_4173,CUST_1218,2024-02-29,Event Ticket,Partnership,316.9,202.81,Completed
ORD_4174,CUST_228,2024-01-05,Media Package,Referral,395.89,197.34,Completed
ORD_4175,CUST_311,2024-06-17,Membership,Google Search,36.52,21.75,Completed
ORD_4176,CUST_251,2024-10-04,Membership,Instagram,412.33,262.05,Completed
ORD_4177,CUST_907,2024-12-21,Partner Offer,TikTok,457.57,198.74,Completed
ORD_4178,CUST_7,2024-11-17,Event Ticket,Instagram,221.62,149.6,Completed
ORD_4179,CUST_848,2025-05-28,Event Ticket,TikTok,481.35,293.82,Completed
ORD_4180,CUST_855,2025-05-13,Workshop,Referral,383.71,152.06,Completed
ORD_4181,CUST_790,2024-12-04,Partner Offer,Partnership,337.54,119.86,Completed
ORD_4182,CUST_429,2025-04-05,Workshop,Event Walk-in,198.82,97.07,Completed
ORD_4183,CUST_349,2024-10-18,Partner Offer,Event Walk-in,86.42,40.47,Completed
ORD_4184,CUST_812,2024-02-11,Corporate Package,Event Walk-in,53.16,29.84,Refunded
ORD_4185,CUST_179,2024-10-03,Creative Studio,Instagram,141.26,69.16,Completed
ORD_4186,CUST_1125,2024-09-19,Workshop,LinkedIn,132.86,81.36,Cancelled
ORD_4187,CUST_1067,2024-07-28,Event Ticket,Instagram,411.24,132.65,Cancelled
ORD_4188,CUST_1055,2024-10-17,Workshop,Google Search,60.27,21.22,Completed
ORD_4189,CUST_378,2025-06-21,Event Ticket,LinkedIn,263.4,121.22,Completed
ORD_4190,CUST_1081,2024-03-12,Event Ticket,Partnership,80.02,27.04,Cancelled
ORD_4191,CUST_1453,2025-03-02,Workshop,LinkedIn,493.42,286.4,Completed
ORD_4192,CUST_732,2024-04-05,Workshop,LinkedIn,193.22,66.41,Completed
ORD_4193,CUST_304,2024-08-09,Membership,LinkedIn,28.66,12.25,Refunded
ORD_4194,CUST_913,2024-07-14,Event Ticket,TikTok,54.11,20.13,Completed
ORD_4195,CUST_1174,2024-06-21,Media Package,LinkedIn,137.82,92.89,Completed
ORD_4196,CUST_337,2024-10-21,Event Ticket,LinkedIn,36.51,11.82,Completed
ORD_4197,CUST_161,2024-08-31,Corporate Package,LinkedIn,80.17,32.92,Completed
ORD_4198,CUST_1493,2024-12-21,Event Ticket,TikTok,232.97,130.05,Completed
ORD_4199,CUST_1274,2024-01-28,Corporate Package,Instagram,371.3,144.22,Refunded
ORD_4200,CUST_877,2024-10-11,Event Ticket,Instagram,230.74,99.49,Completed
ORD_4201,CUST_904,2024-03-02,Media Package,TikTok,491.75,207.26,Completed
ORD_4202,CUST_154,2024-02-28,Workshop,Partnership,185.46,88.11,Completed
ORD_4203,CUST_1328,2025-01-19,Creative Studio,Referral,229.44,142.39,Completed
ORD_4204,CUST_1461,2024-11-29,Workshop,Instagram,454.52,153.42,Completed
ORD_4205,CUST_1220,2024-01-27,Workshop,Event Walk-in,494.6,337.6,Completed
ORD_4206,CUST_819,2024-08-08,Corporate Package,Partnership,232.24,103.07,Completed
ORD_4207,CUST_852,2024-10-05,Creative Studio,LinkedIn,304.44,210.3,Completed
ORD_4208,CUST_1115,2025-06-29,Membership,Event Walk-in,141.45,58.87,Completed
ORD_4209,CUST_1173,2024-03-28,Workshop,LinkedIn,118.76,46.27,Completed
ORD_4210,CUST_754,2025-03-21,Media Package,TikTok,488.54,191.53,Completed
ORD_4211,CUST_738,2024-12-06,Creative Studio,Event Walk-in,60.76,42.22,Refunded
ORD_4212,CUST_519,2024-09-08,Creative Studio,TikTok,71.57,44.21,Refunded
ORD_4213,CUST_1197,2025-06-06,Event Ticket,Instagram,165.18,88.26,Completed
ORD_4214,CUST_1130,2025-02-24,Workshop,LinkedIn,210.71,66.17,Completed
ORD_4215,CUST_52,2024-05-07,Event Ticket,LinkedIn,374.24,152.83,Completed
ORD_4216,CUST_1170,2025-01-19,Corporate Package,Event Walk-in,386.97,171.76,Completed
ORD_4217,CUST_132,2024-09-01,Membership,Event Walk-in,433.21,165.2,Completed
ORD_4218,CUST_1293,2025-04-20,Event Ticket,LinkedIn,422.95,280.74,Completed
ORD_4219,CUST_355,2024-08-11,Event Ticket,TikTok,462.57,218.21,Completed
ORD_4220,CUST_1049,2025-06-21,Event Ticket,Event Walk-in,470.35,257.17,Completed
ORD_4221,CUST_151,2025-03-09,Membership,Google Search,83.11,35.84,Completed
ORD_4222,CUST_1291,2024-06-25,Creative Studio,Referral,334.87,117.84,Completed
ORD_4223,CUST_1363,2025-06-27,Workshop,LinkedIn,383.99,188.96,Completed
ORD_4224,CUST_609,2024-04-29,Membership,Event Walk-in,153.79,82.26,Completed
ORD_4225,CUST_319,2025-04-19,Media Package,Partnership,26.12,16.85,Completed
ORD_4226,CUST_1450,2025-01-06,Partner Offer,Referral,247.93,87.26,Completed
ORD_4227,CUST_177,2024-01-31,Media Package,Referral,245.94,162.63,Cancelled
ORD_4228,CUST_1271,2024-09-29,Creative Studio,Instagram,258.95,140.94,Completed
ORD_4229,CUST_902,2025-02-02,Media Package,Google Search,387.54,219.48,Completed
ORD_4230,CUST_1077,2024-01-20,Event Ticket,LinkedIn,189.4,78.43,Completed
ORD_4231,CUST_866,2024-05-22,Partner Offer,Instagram,88.71,30.38,Cancelled
ORD_4232,CUST_328,2025-03-30,Media Package,Referral,440.11,279.8,Completed
ORD_4233,CUST_297,2024-04-04,Membership,Referral,187.43,78.69,Completed
ORD_4234,CUST_485,2024-11-01,Partner Offer,Instagram,246.77,149.98,Completed
ORD_4235,CUST_434,2024-11-04,Partner Offer,Google Search,127.4,62.55,Cancelled
ORD_4236,CUST_546,2024-12-27,Event Ticket,Google Search,202.7,109.57,Completed
ORD_4237,CUST_758,2024-03-06,Creative Studio,Partnership,65.88,37.36,Completed
ORD_4238,CUST_1126,2024-01-19,Partner Offer,Instagram,265.23,136.63,Completed
ORD_4239,CUST_1180,2024-09-27,Event Ticket,Instagram,34.08,18.35,Completed
ORD_4240,CUST_809,2024-01-22,Creative Studio,Partnership,186.16,109.75,Completed
ORD_4241,CUST_551,2024-11-03,Creative Studio,Referral,130.39,61.02,Refunded
ORD_4242,CUST_858,2025-03-08,Membership,Referral,108.91,40.02,Completed
ORD_4243,CUST_476,2025-01-18,Membership,Partnership,202.27,60.94,Completed
ORD_4244,CUST_1237,2025-03-07,Creative Studio,Partnership,407.66,209.81,Completed
ORD_4245,CUST_414,2025-04-12,Partner Offer,Referral,340.82,126.98,Completed
ORD_4246,CUST_853,2024-08-10,Partner Offer,Instagram,282.4,127.37,Completed
ORD_4247,CUST_506,2024-02-19,Media Package,Referral,388.73,208.73,Refunded
ORD_4248,CUST_461,2025-02-03,Corporate Package,Event Walk-in,158.68,102.47,Completed
ORD_4249,CUST_589,2024-12-31,Corporate Package,Instagram,217.17,114.51,Completed
ORD_4250,CUST_30,2024-09-19,Corporate Package,TikTok,378.91,192.42,Completed
ORD_4251,CUST_270,2024-01-15,Partner Offer,TikTok,492.92,323.47,Completed
ORD_4252,CUST_313,2024-11-24,Media Package,Referral,485.5,271.71,Completed
ORD_4253,CUST_429,2025-05-20,Event Ticket,Event Walk-in,395.51,266.65,Completed
ORD_4254,CUST_900,2024-12-21,Partner Offer,TikTok,354.11,169.66,Completed
ORD_4255,CUST_1242,2024-04-14,Membership,Event Walk-in,326.99,163.72,Completed
ORD_4256,CUST_64,2024-02-29,Partner Offer,Event Walk-in,422.32,208.54,Completed
ORD_4257,CUST_47,2024-08-27,Media Package,Partnership,394.95,160.78,Completed
ORD_4258,CUST_1129,2024-02-13,Corporate Package,TikTok,404.67,263.46,Completed
ORD_4259,CUST_651,2025-03-07,Corporate Package,Partnership,286.38,154.59,Completed
ORD_4260,CUST_487,2024-04-15,Workshop,Referral,270.09,135.99,Completed
ORD_4261,CUST_258,2024-05-29,Media Package,Referral,294.4,155.14,Completed
ORD_4262,CUST_1027,2025-03-04,Media Package,Instagram,242.93,84.35,Completed
ORD_4263,CUST_1333,2024-08-22,Creative Studio,LinkedIn,40.18,23.11,Completed
ORD_4264,CUST_409,2025-03-05,Event Ticket,LinkedIn,358.46,116.99,Completed
ORD_4265,CUST_1227,2025-04-03,Membership,LinkedIn,490.32,167.77,Refunded
ORD_4266,CUST_245,2024-12-17,Creative Studio,Referral,427.97,259.75,Completed
ORD_4267,CUST_718,2024-07-27,Membership,Partnership,106.24,52.9,Completed
ORD_4268,CUST_1025,2025-03-21,Event Ticket,Event Walk-in,139.54,91.31,Completed
ORD_4269,CUST_122,2024-09-23,Membership,TikTok,276.51,142.39,Completed
ORD_4270,CUST_1367,2024-01-06,Event Ticket,LinkedIn,466.47,249.87,Completed
ORD_4271,CUST_939,2024-05-11,Membership,Referral,235.35,162.26,Completed
ORD_4272,CUST_212,2024-05-15,Corporate Package,TikTok,339.16,150.45,Completed
ORD_4273,CUST_285,2024-02-28,Event Ticket,Google Search,477.35,298.53,Completed
ORD_4274,CUST_851,2024-08-16,Event Ticket,Instagram,468.15,193.38,Completed
ORD_4275,CUST_816,2025-02-12,Media Package,LinkedIn,35.84,17.32,Completed
ORD_4276,CUST_660,2024-01-18,Partner Offer,Google Search,254.12,134.51,Completed
ORD_4277,CUST_16,2025-01-16,Membership,TikTok,419.84,238.74,Completed
ORD_4278,CUST_614,2024-03-20,Creative Studio,Instagram,342.63,212.26,Completed
ORD_4279,CUST_1310,2025-06-03,Membership,Instagram,420.3,234.04,Completed
ORD_4280,CUST_1034,2025-02-28,Membership,Referral,272.99,109.28,Cancelled
ORD_4281,CUST_466,2025-04-16,Creative Studio,TikTok,221.39,75.81,Completed
ORD_4282,CUST_1026,2024-04-19,Partner Offer,TikTok,439.51,144.33,Completed
ORD_4283,CUST_1204,2024-08-30,Membership,LinkedIn,308.77,192.12,Completed
ORD_4284,CUST_223,2024-06-03,Event Ticket,Event Walk-in,418.73,133.61,Completed
ORD_4285,CUST_55,2025-02-28,Creative Studio,Partnership,188.82,115.4,Completed
ORD_4286,CUST_1338,2025-06-17,Media Package,Google Search,211.75,72.51,Completed
ORD_4287,CUST_144,2025-01-22,Media Package,Event Walk-in,350.18,242.18,Completed
ORD_4288,CUST_32,2024-08-02,Corporate Package,TikTok,445.09,257.07,Completed
ORD_4289,CUST_752,2024-05-15,Membership,Google Search,155.44,47.23,Completed
ORD_4290,CUST_1116,2025-06-09,Event Ticket,Event Walk-in,258.57,157.6,Completed
ORD_4291,CUST_888,2024-04-07,Workshop,Google Search,451.25,213.38,Completed
ORD_4292,CUST_532,2024-03-26,Partner Offer,Instagram,100.7,52.72,Completed
ORD_4293,CUST_388,2024-12-08,Creative Studio,Google Search,349.46,130.73,Completed
ORD_4294,CUST_992,2024-03-30,Membership,Referral,125.69,79.58,Refunded
ORD_4295,CUST_1322,2025-01-11,Event Ticket,Google Search,37.7,13.51,Completed
ORD_4296,CUST_630,2024-07-14,Corporate Package,Referral,317.34,149.21,Completed
ORD_4297,CUST_671,2024-01-16,Partner Offer,TikTok,68.67,30.49,Completed
ORD_4298,CUST_547,2025-04-25,Workshop,TikTok,137.49,79.92,Completed
ORD_4299,CUST_1340,2024-11-07,Creative Studio,Partnership,362.89,134.52,Cancelled
ORD_4300,CUST_16,2024-12-16,Corporate Package,TikTok,256.2,123.16,Completed
ORD_4301,CUST_185,2025-04-29,Media Package,Partnership,426.35,292.46,Completed
ORD_4302,CUST_1139,2025-01-20,Membership,Event Walk-in,313.39,186.32,Completed
ORD_4303,CUST_740,2025-02-24,Media Package,Referral,382.11,132.69,Completed
ORD_4304,CUST_820,2024-04-14,Media Package,TikTok,241.76,90.61,Completed
ORD_4305,CUST_1266,2024-05-19,Event Ticket,Google Search,448.68,157.98,Completed
ORD_4306,CUST_193,2025-01-10,Corporate Package,Instagram,102.25,38.67,Cancelled
ORD_4307,CUST_661,2024-10-01,Event Ticket,TikTok,368.08,205.07,Completed
ORD_4308,CUST_722,2025-03-31,Creative Studio,Event Walk-in,136.25,68.86,Completed
ORD_4309,CUST_1416,2024-06-25,Membership,TikTok,451.33,310.04,Cancelled
ORD_4310,CUST_528,2024-02-18,Membership,TikTok,347.78,120.16,Completed
ORD_4311,CUST_1233,2024-07-01,Membership,Instagram,294.28,142.23,Completed
ORD_4312,CUST_982,2025-04-05,Event Ticket,Partnership,138.54,95.09,Completed
ORD_4313,CUST_342,2025-01-29,Creative Studio,Instagram,411.8,189.92,Completed
ORD_4314,CUST_506,2024-08-10,Corporate Package,Referral,54.8,18.46,Completed
ORD_4315,CUST_1185,2024-12-30,Event Ticket,TikTok,246.16,78.66,Completed
ORD_4316,CUST_229,2025-04-07,Corporate Package,TikTok,314.01,215.15,Completed
ORD_4317,CUST_229,2024-03-08,Event Ticket,TikTok,252.94,174.52,Completed
ORD_4318,CUST_686,2024-05-16,Workshop,Event Walk-in,67.01,24.59,Completed
ORD_4319,CUST_786,2024-01-09,Partner Offer,Event Walk-in,499.47,165.95,Completed
ORD_4320,CUST_1176,2024-08-05,Corporate Package,Referral,347.88,198.83,Completed
ORD_4321,CUST_1292,2025-04-27,Media Package,Instagram,32.9,11.76,Completed
ORD_4322,CUST_813,2024-05-08,Event Ticket,Partnership,356.39,210.41,Completed
ORD_4323,CUST_271,2024-04-29,Corporate Package,Instagram,106.5,42.25,Completed
ORD_4324,CUST_259,2025-05-25,Partner Offer,Event Walk-in,253.46,90.48,Completed
ORD_4325,CUST_820,2024-09-08,Event Ticket,TikTok,155.4,91.69,Completed
ORD_4326,CUST_1426,2024-02-11,Workshop,Google Search,220.48,111.63,Refunded
ORD_4327,CUST_380,2024-02-01,Corporate Package,LinkedIn,272.2,136.04,Completed
ORD_4328,CUST_319,2025-02-05,Event Ticket,Partnership,497.42,297.32,Completed
ORD_4329,CUST_365,2024-12-05,Membership,Partnership,152.93,67.4,Completed
ORD_4330,CUST_113,2024-02-17,Creative Studio,Google Search,247.39,136.32,Completed
ORD_4331,CUST_687,2025-01-31,Media Package,Event Walk-in,191.89,117.47,Completed
ORD_4332,CUST_1124,2025-02-14,Corporate Package,TikTok,367.39,159.58,Completed
ORD_4333,CUST_135,2024-01-22,Membership,LinkedIn,418.73,153.86,Completed
ORD_4334,CUST_1260,2025-01-01,Membership,Referral,141.11,61.84,Completed
ORD_4335,CUST_1443,2024-07-04,Membership,LinkedIn,34.5,18.96,Completed
ORD_4336,CUST_452,2025-06-26,Membership,Partnership,371.06,165.36,Completed
ORD_4337,CUST_82,2024-07-06,Corporate Package,Google Search,276.25,161.45,Completed
ORD_4338,CUST_131,2024-06-19,Creative Studio,LinkedIn,132.53,59.96,Completed
ORD_4339,CUST_1282,2024-07-04,Creative Studio,Partnership,330.51,127.89,Completed
ORD_4340,CUST_1383,2024-01-23,Media Package,LinkedIn,311.09,206.65,Completed
ORD_4341,CUST_1004,2025-02-23,Workshop,TikTok,495.41,170.48,Completed
ORD_4342,CUST_744,2025-03-22,Creative Studio,Google Search,188.94,95.21,Completed
ORD_4343,CUST_287,2025-02-12,Creative Studio,Instagram,384.45,159.28,Completed
ORD_4344,CUST_1204,2024-12-26,Workshop,LinkedIn,392.01,123.87,Cancelled
ORD_4345,CUST_773,2024-04-12,Creative Studio,Referral,137.87,87.01,Completed
ORD_4346,CUST_911,2024-03-15,Membership,TikTok,495.61,304.28,Refunded
ORD_4347,CUST_754,2024-10-29,Creative Studio,TikTok,353.71,144.12,Completed
ORD_4348,CUST_135,2024-09-22,Media Package,LinkedIn,377.42,194.32,Completed
ORD_4349,CUST_1253,2024-03-08,Event Ticket,TikTok,347.28,222.33,Completed
ORD_4350,CUST_38,2025-06-05,Creative Studio,TikTok,71.21,23.13,Completed
ORD_4351,CUST_1054,2025-04-21,Workshop,Google Search,380.35,239.7,Completed
ORD_4352,CUST_1173,2024-05-03,Workshop,LinkedIn,307.65,214.62,Completed
ORD_4353,CUST_372,2024-06-16,Membership,Referral,242.02,90.97,Completed
ORD_4354,CUST_382,2024-09-29,Corporate Package,Google Search,324.5,223.5,Completed
ORD_4355,CUST_84,2024-10-23,Creative Studio,LinkedIn,369.01,161.37,Completed
ORD_4356,CUST_800,2024-11-05,Workshop,Event Walk-in,206.9,111.92,Completed
ORD_4357,CUST_1359,2024-12-29,Partner Offer,Instagram,329.02,202.53,Completed
ORD_4358,CUST_920,2024-11-13,Creative Studio,LinkedIn,158.27,82.84,Cancelled
ORD_4359,CUST_958,2024-03-23,Corporate Package,Instagram,410.62,246.7,Completed
ORD_4360,CUST_1376,2024-04-30,Corporate Package,Referral,329.88,123.1,Completed
ORD_4361,CUST_174,2024-05-23,Workshop,Google Search,114.7,59.31,Completed
ORD_4362,CUST_1291,2024-04-05,Creative Studio,Referral,31.25,16.52,Completed
ORD_4363,CUST_284,2024-02-26,Media Package,Google Search,469.7,229.65,Completed
ORD_4364,CUST_471,2024-07-26,Partner Offer,TikTok,189.87,129.84,Completed
ORD_4365,CUST_1021,2024-10-03,Membership,Partnership,440.25,260.79,Refunded
ORD_4366,CUST_1046,2024-05-12,Media Package,TikTok,464.98,195.4,Completed
ORD_4367,CUST_429,2024-10-15,Corporate Package,Event Walk-in,196.65,114.29,Completed
ORD_4368,CUST_1177,2024-05-15,Membership,Referral,452.48,152.06,Completed
ORD_4369,CUST_963,2024-12-26,Creative Studio,TikTok,487.55,215.32,Completed
ORD_4370,CUST_1182,2024-05-30,Creative Studio,Partnership,408.01,195.44,Completed
ORD_4371,CUST_119,2024-04-24,Partner Offer,LinkedIn,395.99,154.64,Completed
ORD_4372,CUST_1175,2024-06-25,Partner Offer,Instagram,110.56,68.67,Cancelled
ORD_4373,CUST_647,2025-02-27,Partner Offer,Referral,404.27,194.83,Completed
ORD_4374,CUST_1354,2024-08-10,Event Ticket,Partnership,62.34,42.59,Refunded
ORD_4375,CUST_336,2025-04-16,Workshop,Partnership,463.6,318.22,Completed
ORD_4376,CUST_63,2024-08-06,Creative Studio,Google Search,291.78,192.15,Completed
ORD_4377,CUST_1114,2025-02-08,Membership,TikTok,232.46,126.82,Completed
ORD_4378,CUST_3,2025-05-05,Creative Studio,TikTok,247.04,171.42,Cancelled
ORD_4379,CUST_422,2024-08-05,Workshop,Instagram,179.1,92.86,Completed
ORD_4380,CUST_1171,2024-03-30,Partner Offer,Instagram,391.63,128.72,Completed
ORD_4381,CUST_509,2024-07-13,Workshop,LinkedIn,384.85,141.63,Refunded
ORD_4382,CUST_850,2025-06-13,Corporate Package,Google Search,215.82,76.62,Completed
ORD_4383,CUST_1378,2024-03-26,Workshop,TikTok,248.11,100.67,Completed
ORD_4384,CUST_241,2024-08-03,Corporate Package,TikTok,74.62,44.81,Completed
ORD_4385,CUST_50,2025-03-29,Membership,Google Search,86.68,40.46,Completed
ORD_4386,CUST_1148,2024-11-06,Workshop,Instagram,177.81,106.23,Completed
ORD_4387,CUST_1181,2024-11-25,Creative Studio,Event Walk-in,415.58,278.26,Completed
ORD_4388,CUST_779,2024-02-07,Media Package,Google Search,414.61,267.26,Completed
ORD_4389,CUST_1413,2024-12-20,Event Ticket,Event Walk-in,335.61,168.8,Completed
ORD_4390,CUST_80,2024-09-28,Media Package,TikTok,337.07,220.59,Completed
ORD_4391,CUST_834,2025-05-29,Creative Studio,Referral,109.13,41.89,Completed
ORD_4392,CUST_519,2025-02-20,Membership,TikTok,241.74,132.5,Completed
ORD_4393,CUST_579,2025-02-06,Membership,Partnership,423.37,168.37,Completed
ORD_4394,CUST_1489,2024-06-30,Creative Studio,Google Search,477.69,224.01,Completed
ORD_4395,CUST_492,2025-06-01,Partner Offer,LinkedIn,474.14,201.55,Completed
ORD_4396,CUST_527,2024-11-08,Creative Studio,Google Search,265.56,152.63,Refunded
ORD_4397,CUST_1401,2025-02-23,Partner Offer,Instagram,179.32,117.48,Completed
ORD_4398,CUST_969,2024-12-25,Event Ticket,Google Search,347.74,225.32,Completed
ORD_4399,CUST_1358,2024-10-01,Workshop,Referral,469.39,222.02,Completed
ORD_4400,CUST_929,2024-12-17,Membership,TikTok,135.81,66.27,Completed
ORD_4401,CUST_891,2024-03-12,Creative Studio,LinkedIn,103.16,43.23,Completed
ORD_4402,CUST_1276,2024-08-05,Membership,TikTok,184.93,122.1,Completed
ORD_4403,CUST_1320,2024-11-25,Creative Studio,Google Search,259.61,102.36,Completed
ORD_4404,CUST_1241,2024-01-04,Event Ticket,Google Search,220.15,111.16,Completed
ORD_4405,CUST_1022,2024-05-25,Membership,Instagram,124.91,60.88,Completed
ORD_4406,CUST_952,2025-06-17,Corporate Package,Event Walk-in,490.93,189.67,Cancelled
ORD_4407,CUST_1484,2024-10-31,Workshop,LinkedIn,307.71,209.46,Completed
ORD_4408,CUST_331,2024-03-21,Membership,Partnership,368.83,121.76,Cancelled
ORD_4409,CUST_1327,2025-01-01,Workshop,Referral,101.64,59.14,Completed
ORD_4410,CUST_1151,2025-06-16,Workshop,LinkedIn,35.23,21.99,Completed
ORD_4411,CUST_655,2024-01-25,Workshop,Referral,291.47,119.0,Completed
ORD_4412,CUST_982,2024-07-08,Membership,Partnership,121.07,76.89,Completed
ORD_4413,CUST_1118,2024-06-17,Corporate Package,Event Walk-in,172.88,74.83,Cancelled
ORD_4414,CUST_737,2024-11-12,Event Ticket,Partnership,247.18,158.43,Completed
ORD_4415,CUST_1474,2025-03-12,Media Package,Google Search,66.41,33.66,Refunded
ORD_4416,CUST_653,2025-03-25,Event Ticket,Event Walk-in,389.48,192.58,Completed
ORD_4417,CUST_1052,2025-02-17,Partner Offer,Referral,249.11,138.93,Completed
ORD_4418,CUST_1286,2024-06-11,Workshop,Event Walk-in,328.81,111.61,Completed
ORD_4419,CUST_974,2025-02-22,Media Package,Referral,381.51,238.36,Completed
ORD_4420,CUST_1474,2024-01-19,Corporate Package,Google Search,280.86,191.48,Completed
ORD_4421,CUST_984,2025-05-07,Media Package,Event Walk-in,37.88,18.89,Completed
ORD_4422,CUST_857,2024-10-27,Workshop,Instagram,216.52,113.73,Completed
ORD_4423,CUST_540,2024-07-08,Creative Studio,Instagram,129.44,51.89,Completed
ORD_4424,CUST_1061,2024-12-24,Workshop,Instagram,168.63,74.95,Completed
ORD_4425,CUST_534,2024-04-28,Membership,Instagram,478.23,203.31,Completed
ORD_4426,CUST_1220,2025-01-07,Creative Studio,Event Walk-in,134.91,74.04,Refunded
ORD_4427,CUST_484,2024-02-23,Event Ticket,Google Search,94.14,53.89,Completed
ORD_4428,CUST_1348,2024-08-15,Creative Studio,Referral,25.33,7.96,Completed
ORD_4429,CUST_74,2024-07-22,Media Package,Event Walk-in,202.16,114.54,Completed
ORD_4430,CUST_342,2025-02-02,Media Package,Instagram,388.92,152.36,Completed
ORD_4431,CUST_131,2025-04-21,Event Ticket,LinkedIn,189.11,87.57,Completed
ORD_4432,CUST_20,2024-12-02,Media Package,LinkedIn,189.83,126.53,Completed
ORD_4433,CUST_1159,2024-01-24,Membership,LinkedIn,497.59,205.07,Completed
ORD_4434,CUST_154,2024-10-01,Workshop,Partnership,58.55,39.87,Completed
ORD_4435,CUST_1128,2024-05-02,Event Ticket,Instagram,283.34,86.55,Completed
ORD_4436,CUST_1444,2024-09-23,Partner Offer,Partnership,86.81,43.6,Completed
ORD_4437,CUST_1105,2025-05-20,Membership,Google Search,372.18,150.91,Completed
ORD_4438,CUST_221,2024-12-21,Creative Studio,Referral,490.35,152.74,Completed
ORD_4439,CUST_1225,2024-08-20,Membership,LinkedIn,388.34,130.36,Completed
ORD_4440,CUST_1231,2024-11-28,Partner Offer,Referral,409.95,246.81,Completed
ORD_4441,CUST_221,2024-01-01,Membership,Referral,367.43,117.55,Completed
ORD_4442,CUST_395,2024-10-18,Partner Offer,TikTok,36.62,18.6,Completed
ORD_4443,CUST_1067,2024-12-27,Workshop,Instagram,228.11,112.64,Completed
ORD_4444,CUST_157,2025-02-05,Event Ticket,LinkedIn,476.03,168.28,Completed
ORD_4445,CUST_1474,2024-06-01,Workshop,Google Search,209.76,83.97,Completed
ORD_4446,CUST_681,2024-07-23,Workshop,Event Walk-in,287.09,141.07,Completed
ORD_4447,CUST_13,2025-06-28,Corporate Package,LinkedIn,57.51,18.99,Cancelled
ORD_4448,CUST_120,2025-02-20,Media Package,Partnership,374.34,233.9,Completed
ORD_4449,CUST_786,2025-06-25,Event Ticket,Event Walk-in,230.2,77.43,Completed
ORD_4450,CUST_687,2025-02-13,Corporate Package,Event Walk-in,358.67,190.01,Completed
ORD_4451,CUST_12,2024-07-03,Workshop,Google Search,68.42,35.39,Completed
ORD_4452,CUST_1041,2024-11-15,Corporate Package,Event Walk-in,39.06,25.89,Completed
ORD_4453,CUST_114,2024-11-17,Membership,Instagram,445.87,162.83,Completed
ORD_4454,CUST_373,2025-03-11,Event Ticket,Event Walk-in,442.34,139.08,Refunded
ORD_4455,CUST_667,2024-04-07,Media Package,Referral,457.78,173.31,Completed
ORD_4456,CUST_152,2024-08-27,Corporate Package,Partnership,54.28,22.99,Completed
ORD_4457,CUST_394,2025-04-16,Corporate Package,TikTok,73.31,32.82,Completed
ORD_4458,CUST_379,2024-09-23,Corporate Package,Google Search,266.27,117.05,Completed
ORD_4459,CUST_147,2024-01-30,Event Ticket,TikTok,232.17,105.03,Refunded
ORD_4460,CUST_723,2024-12-23,Event Ticket,LinkedIn,417.15,268.7,Completed
ORD_4461,CUST_1461,2024-10-27,Partner Offer,Instagram,79.96,30.51,Completed
ORD_4462,CUST_1266,2025-03-29,Workshop,Google Search,463.35,292.68,Completed
ORD_4463,CUST_1048,2024-08-20,Workshop,Referral,74.76,26.69,Refunded
ORD_4464,CUST_589,2025-04-30,Corporate Package,Instagram,199.87,93.72,Completed
ORD_4465,CUST_409,2024-03-26,Event Ticket,LinkedIn,488.74,302.55,Refunded
ORD_4466,CUST_1328,2025-06-04,Creative Studio,Referral,326.87,202.27,Completed
ORD_4467,CUST_252,2024-12-22,Partner Offer,Instagram,478.57,180.61,Completed
ORD_4468,CUST_833,2025-01-02,Partner Offer,TikTok,303.57,121.06,Completed
ORD_4469,CUST_316,2024-10-30,Workshop,LinkedIn,247.37,124.48,Completed
ORD_4470,CUST_259,2025-06-19,Creative Studio,Event Walk-in,37.94,19.51,Completed
ORD_4471,CUST_1339,2024-11-11,Event Ticket,LinkedIn,138.56,41.87,Completed
ORD_4472,CUST_1012,2025-05-26,Event Ticket,Instagram,330.17,178.62,Completed
ORD_4473,CUST_1320,2025-06-08,Partner Offer,Google Search,435.86,228.49,Completed
ORD_4474,CUST_785,2025-06-14,Media Package,TikTok,311.35,211.07,Completed
ORD_4475,CUST_1110,2024-12-23,Partner Offer,Google Search,76.91,52.56,Completed
ORD_4476,CUST_1060,2024-11-27,Corporate Package,Referral,475.99,259.28,Refunded
ORD_4477,CUST_164,2024-06-13,Membership,Instagram,35.31,24.42,Completed
ORD_4478,CUST_328,2024-07-23,Media Package,Referral,486.04,331.67,Completed
ORD_4479,CUST_875,2024-02-04,Corporate Package,Google Search,197.48,71.65,Completed
ORD_4480,CUST_1073,2025-06-20,Creative Studio,Partnership,422.14,250.7,Completed
ORD_4481,CUST_103,2024-11-11,Corporate Package,Google Search,32.67,12.97,Completed
ORD_4482,CUST_801,2025-02-17,Corporate Package,LinkedIn,108.61,52.23,Completed
ORD_4483,CUST_263,2024-01-12,Partner Offer,LinkedIn,475.44,295.98,Completed
ORD_4484,CUST_870,2024-11-13,Media Package,TikTok,457.89,302.42,Completed
ORD_4485,CUST_152,2024-04-12,Creative Studio,Partnership,220.54,92.25,Completed
ORD_4486,CUST_307,2024-11-17,Corporate Package,LinkedIn,142.2,83.91,Cancelled
ORD_4487,CUST_73,2024-07-09,Partner Offer,Partnership,45.02,21.74,Cancelled
ORD_4488,CUST_1180,2025-05-28,Creative Studio,Instagram,309.03,95.46,Completed
ORD_4489,CUST_1366,2025-01-24,Media Package,TikTok,239.67,105.86,Completed
ORD_4490,CUST_11,2025-04-12,Creative Studio,Partnership,100.87,60.91,Completed
ORD_4491,CUST_174,2024-12-10,Membership,Google Search,80.33,27.17,Completed
ORD_4492,CUST_1151,2024-10-13,Media Package,LinkedIn,462.02,142.61,Completed
ORD_4493,CUST_17,2025-03-27,Workshop,Instagram,115.54,60.88,Completed
ORD_4494,CUST_49,2025-03-05,Membership,Google Search,212.87,98.98,Completed
ORD_4495,CUST_376,2024-04-13,Media Package,LinkedIn,175.5,74.87,Completed
ORD_4496,CUST_1180,2025-02-10,Event Ticket,Instagram,467.58,239.08,Completed
ORD_4497,CUST_1283,2024-04-26,Event Ticket,Google Search,123.24,77.72,Cancelled
ORD_4498,CUST_1486,2025-06-14,Creative Studio,Instagram,231.51,148.78,Completed
ORD_4499,CUST_1075,2025-01-15,Membership,TikTok,310.07,97.53,Completed
ORD_4500,CUST_928,2025-05-21,Event Ticket,Instagram,258.57,148.83,Completed
ORD_4501,CUST_1373,2025-05-20,Creative Studio,Event Walk-in,172.88,120.97,Completed
ORD_4502,CUST_1104,2024-06-16,Creative Studio,Partnership,156.86,100.22,Completed
ORD_4503,CUST_1426,2024-09-10,Creative Studio,Google Search,102.14,58.56,Completed
ORD_4504,CUST_637,2024-07-27,Membership,Referral,186.83,128.27,Completed
ORD_4505,CUST_448,2024-01-11,Event Ticket,Google Search,377.31,158.64,Refunded
ORD_4506,CUST_77,2024-01-28,Membership,Partnership,46.85,18.34,Completed
ORD_4507,CUST_946,2025-06-19,Membership,LinkedIn,30.9,21.35,Completed
ORD_4508,CUST_92,2024-10-01,Workshop,LinkedIn,440.58,193.39,Completed
ORD_4509,CUST_756,2024-03-10,Creative Studio,Instagram,294.24,180.86,Completed
ORD_4510,CUST_1368,2024-03-27,Event Ticket,Google Search,427.94,235.12,Completed
ORD_4511,CUST_1298,2024-02-16,Partner Offer,TikTok,123.89,40.98,Completed
ORD_4512,CUST_1205,2025-04-09,Partner Offer,Instagram,179.99,55.34,Completed
ORD_4513,CUST_310,2024-09-21,Corporate Package,Google Search,373.55,163.41,Completed
ORD_4514,CUST_184,2024-11-16,Corporate Package,Google Search,49.87,19.34,Completed
ORD_4515,CUST_942,2025-03-22,Event Ticket,Referral,206.15,130.89,Cancelled
ORD_4516,CUST_474,2024-10-07,Membership,Event Walk-in,169.73,112.77,Completed
ORD_4517,CUST_1020,2025-05-27,Event Ticket,Event Walk-in,101.16,69.68,Completed
ORD_4518,CUST_1308,2024-03-10,Membership,Google Search,102.69,64.98,Completed
ORD_4519,CUST_1124,2024-06-06,Creative Studio,TikTok,149.78,56.78,Refunded
ORD_4520,CUST_160,2025-05-04,Corporate Package,Google Search,478.75,205.01,Completed
ORD_4521,CUST_955,2024-01-26,Corporate Package,Partnership,391.38,166.45,Completed
ORD_4522,CUST_1001,2024-07-03,Media Package,Event Walk-in,356.93,157.67,Completed
ORD_4523,CUST_1007,2025-01-06,Media Package,Referral,396.18,269.18,Completed
ORD_4524,CUST_1446,2024-07-16,Media Package,LinkedIn,113.07,46.48,Completed
ORD_4525,CUST_675,2024-06-16,Creative Studio,TikTok,399.49,146.93,Completed
ORD_4526,CUST_18,2024-11-13,Corporate Package,Google Search,88.63,58.86,Completed
ORD_4527,CUST_14,2024-06-25,Media Package,Referral,123.62,70.46,Completed
ORD_4528,CUST_740,2024-04-20,Corporate Package,Referral,61.56,31.23,Completed
ORD_4529,CUST_1156,2024-10-26,Media Package,Partnership,442.6,183.91,Completed
ORD_4530,CUST_1479,2024-05-14,Partner Offer,LinkedIn,431.09,268.78,Completed
ORD_4531,CUST_1043,2024-06-27,Workshop,Partnership,147.35,71.26,Completed
ORD_4532,CUST_1123,2024-05-14,Partner Offer,Google Search,151.04,75.94,Completed
ORD_4533,CUST_692,2024-08-29,Corporate Package,LinkedIn,253.92,116.3,Completed
ORD_4534,CUST_593,2025-06-19,Corporate Package,Event Walk-in,244.08,148.04,Completed
ORD_4535,CUST_409,2024-01-27,Workshop,LinkedIn,447.17,135.55,Refunded
ORD_4536,CUST_886,2024-09-03,Membership,Referral,265.07,130.3,Completed
ORD_4537,CUST_1109,2024-11-05,Partner Offer,TikTok,210.07,121.06,Completed
ORD_4538,CUST_1027,2024-12-24,Membership,Instagram,216.21,132.13,Completed
ORD_4539,CUST_515,2025-01-03,Partner Offer,Referral,165.23,86.42,Refunded
ORD_4540,CUST_873,2024-06-25,Workshop,LinkedIn,323.65,98.57,Refunded
ORD_4541,CUST_1173,2024-01-21,Corporate Package,LinkedIn,46.02,24.61,Completed
ORD_4542,CUST_1464,2025-06-09,Corporate Package,Partnership,44.97,17.8,Cancelled
ORD_4543,CUST_1110,2025-02-02,Corporate Package,Google Search,374.63,246.04,Refunded
ORD_4544,CUST_176,2025-05-28,Event Ticket,Google Search,234.01,163.51,Cancelled
ORD_4545,CUST_729,2024-11-06,Creative Studio,Event Walk-in,480.79,245.22,Completed
ORD_4546,CUST_671,2024-06-06,Media Package,TikTok,372.78,156.77,Completed
ORD_4547,CUST_1235,2025-03-05,Corporate Package,Event Walk-in,81.38,36.37,Completed
ORD_4548,CUST_992,2025-01-22,Workshop,Referral,425.94,155.88,Cancelled
ORD_4549,CUST_716,2024-10-09,Workshop,Google Search,34.85,11.26,Refunded
ORD_4550,CUST_607,2024-04-21,Corporate Package,Instagram,395.09,126.05,Refunded
ORD_4551,CUST_757,2024-10-27,Partner Offer,Instagram,355.13,165.01,Cancelled
ORD_4552,CUST_1456,2024-02-26,Creative Studio,LinkedIn,228.12,68.7,Completed
ORD_4553,CUST_309,2024-11-30,Event Ticket,LinkedIn,264.62,104.06,Completed
ORD_4554,CUST_708,2025-05-17,Corporate Package,Partnership,207.52,141.88,Completed
ORD_4555,CUST_71,2025-02-14,Corporate Package,Event Walk-in,289.0,182.76,Completed
ORD_4556,CUST_988,2025-03-17,Event Ticket,TikTok,232.81,70.1,Refunded
ORD_4557,CUST_719,2024-05-12,Membership,Google Search,413.92,140.19,Completed
ORD_4558,CUST_1283,2024-05-30,Event Ticket,Google Search,325.32,167.43,Cancelled
ORD_4559,CUST_1350,2024-01-17,Event Ticket,TikTok,479.41,249.18,Completed
ORD_4560,CUST_158,2024-06-25,Workshop,LinkedIn,121.92,76.3,Completed
ORD_4561,CUST_456,2024-01-09,Media Package,TikTok,136.15,88.4,Completed
ORD_4562,CUST_768,2024-05-22,Corporate Package,Google Search,298.53,140.32,Completed
ORD_4563,CUST_1148,2024-11-17,Corporate Package,Instagram,258.9,135.56,Completed
ORD_4564,CUST_679,2024-01-05,Workshop,Event Walk-in,469.16,288.84,Completed
ORD_4565,CUST_744,2024-07-04,Membership,Google Search,263.53,171.0,Completed
ORD_4566,CUST_917,2025-06-10,Workshop,Partnership,423.14,224.99,Completed
ORD_4567,CUST_1417,2024-01-22,Membership,Instagram,122.35,62.14,Completed
ORD_4568,CUST_270,2024-11-23,Partner Offer,TikTok,317.88,165.16,Completed
ORD_4569,CUST_1215,2024-08-10,Partner Offer,Partnership,452.91,305.29,Cancelled
ORD_4570,CUST_1034,2024-06-27,Corporate Package,Referral,68.57,29.17,Refunded
ORD_4571,CUST_326,2024-08-21,Membership,Google Search,490.64,298.05,Completed
ORD_4572,CUST_152,2024-08-18,Creative Studio,Partnership,60.93,37.43,Completed
ORD_4573,CUST_165,2024-10-01,Event Ticket,Google Search,240.52,131.78,Refunded
ORD_4574,CUST_529,2025-02-05,Partner Offer,Event Walk-in,41.06,17.0,Completed
ORD_4575,CUST_528,2024-08-07,Workshop,TikTok,30.66,14.5,Completed
ORD_4576,CUST_1270,2024-03-24,Creative Studio,Partnership,61.27,32.76,Completed
ORD_4577,CUST_6,2024-10-04,Workshop,LinkedIn,467.1,196.0,Refunded
ORD_4578,CUST_347,2024-06-19,Corporate Package,Instagram,470.86,203.39,Completed
ORD_4579,CUST_688,2024-07-15,Membership,Event Walk-in,273.06,102.11,Completed
ORD_4580,CUST_8,2024-11-04,Media Package,Referral,247.0,160.68,Completed
ORD_4581,CUST_1445,2025-02-08,Event Ticket,Google Search,427.04,289.22,Completed
ORD_4582,CUST_1123,2025-03-31,Event Ticket,Google Search,307.88,118.84,Completed
ORD_4583,CUST_562,2024-04-06,Partner Offer,Referral,219.69,118.66,Completed
ORD_4584,CUST_143,2024-07-20,Membership,LinkedIn,55.82,26.6,Refunded
ORD_4585,CUST_370,2024-04-23,Membership,Partnership,361.17,122.46,Completed
ORD_4586,CUST_1426,2025-04-01,Partner Offer,Google Search,80.2,27.7,Completed
ORD_4587,CUST_142,2024-07-01,Event Ticket,LinkedIn,392.14,156.92,Completed
ORD_4588,CUST_1160,2024-12-19,Corporate Package,Referral,316.66,131.88,Completed
ORD_4589,CUST_726,2024-11-05,Creative Studio,Referral,467.46,289.27,Completed
ORD_4590,CUST_1189,2024-06-07,Media Package,Referral,115.91,51.01,Completed
ORD_4591,CUST_312,2024-02-22,Partner Offer,Partnership,93.74,49.53,Completed
ORD_4592,CUST_1359,2025-06-12,Workshop,Instagram,176.94,116.07,Refunded
ORD_4593,CUST_206,2025-05-19,Partner Offer,Instagram,73.75,47.39,Completed
ORD_4594,CUST_576,2024-09-17,Membership,Instagram,398.16,124.34,Refunded
ORD_4595,CUST_899,2024-12-17,Workshop,TikTok,273.59,97.3,Completed
ORD_4596,CUST_1024,2025-04-08,Membership,Instagram,190.67,58.67,Completed
ORD_4597,CUST_289,2025-05-18,Creative Studio,Referral,88.83,51.08,Completed
ORD_4598,CUST_1274,2025-01-08,Corporate Package,Instagram,253.74,100.0,Completed
ORD_4599,CUST_1300,2024-08-05,Partner Offer,Google Search,58.79,26.12,Cancelled
ORD_4600,CUST_753,2024-10-02,Partner Offer,Event Walk-in,95.25,33.25,Completed
ORD_4601,CUST_1263,2024-02-21,Partner Offer,LinkedIn,239.52,123.16,Refunded
ORD_4602,CUST_118,2024-02-23,Media Package,Google Search,240.07,143.46,Completed
ORD_4603,CUST_1339,2024-09-09,Event Ticket,LinkedIn,267.07,173.56,Completed
ORD_4604,CUST_1389,2025-04-10,Media Package,LinkedIn,78.8,41.9,Completed
ORD_4605,CUST_1216,2025-03-21,Corporate Package,Instagram,334.9,181.13,Completed
ORD_4606,CUST_1134,2025-05-09,Partner Offer,Google Search,195.8,67.77,Completed
ORD_4607,CUST_100,2025-06-03,Creative Studio,TikTok,259.91,113.97,Completed
ORD_4608,CUST_24,2025-03-28,Media Package,Event Walk-in,183.71,113.11,Cancelled
ORD_4609,CUST_817,2024-11-20,Media Package,TikTok,457.61,182.46,Completed
ORD_4610,CUST_593,2024-08-19,Membership,Event Walk-in,89.67,59.11,Completed
ORD_4611,CUST_539,2024-08-15,Workshop,Google Search,360.83,168.32,Completed
ORD_4612,CUST_928,2024-02-08,Membership,Instagram,250.79,153.89,Completed
ORD_4613,CUST_51,2024-10-25,Partner Offer,LinkedIn,324.22,190.25,Completed
ORD_4614,CUST_409,2024-11-30,Media Package,LinkedIn,155.19,64.17,Completed
ORD_4615,CUST_1484,2024-10-23,Corporate Package,LinkedIn,107.48,70.88,Completed
ORD_4616,CUST_1126,2025-01-23,Partner Offer,Instagram,467.9,207.71,Completed
ORD_4617,CUST_1184,2024-06-21,Media Package,Event Walk-in,335.59,145.78,Refunded
ORD_4618,CUST_562,2025-06-21,Event Ticket,Referral,486.59,276.59,Completed
ORD_4619,CUST_1134,2024-02-14,Media Package,Google Search,341.66,103.73,Completed
ORD_4620,CUST_1494,2025-02-14,Membership,Referral,252.69,79.14,Completed
ORD_4621,CUST_1168,2024-02-06,Workshop,Event Walk-in,43.14,24.45,Completed
ORD_4622,CUST_630,2024-12-27,Membership,Referral,103.04,67.27,Completed
ORD_4623,CUST_357,2024-05-16,Partner Offer,LinkedIn,27.53,11.46,Completed
ORD_4624,CUST_1097,2025-03-12,Event Ticket,Partnership,412.96,174.73,Refunded
ORD_4625,CUST_786,2024-09-08,Media Package,Event Walk-in,268.09,107.99,Completed
ORD_4626,CUST_315,2024-03-21,Media Package,TikTok,137.36,80.56,Refunded
ORD_4627,CUST_294,2024-01-24,Event Ticket,Referral,187.71,120.78,Completed
ORD_4628,CUST_491,2024-11-24,Corporate Package,LinkedIn,421.49,204.32,Completed
ORD_4629,CUST_12,2025-02-04,Media Package,Google Search,83.92,33.36,Completed
ORD_4630,CUST_1194,2024-10-28,Media Package,Referral,452.76,226.47,Completed
ORD_4631,CUST_1285,2024-04-24,Event Ticket,Instagram,222.57,115.01,Refunded
ORD_4632,CUST_336,2025-04-09,Corporate Package,Partnership,377.25,144.71,Completed
ORD_4633,CUST_309,2024-10-31,Creative Studio,LinkedIn,81.93,53.5,Completed
ORD_4634,CUST_386,2025-06-04,Workshop,Partnership,205.58,94.2,Cancelled
ORD_4635,CUST_462,2025-05-17,Event Ticket,Event Walk-in,133.66,41.86,Completed
ORD_4636,CUST_459,2025-05-14,Corporate Package,TikTok,462.17,268.48,Completed
ORD_4637,CUST_389,2025-06-11,Event Ticket,Instagram,100.41,33.44,Completed
ORD_4638,CUST_4,2024-06-18,Creative Studio,Event Walk-in,29.34,19.22,Cancelled
ORD_4639,CUST_913,2024-05-18,Membership,TikTok,209.04,140.5,Completed
ORD_4640,CUST_307,2024-01-02,Event Ticket,LinkedIn,107.59,68.02,Completed
ORD_4641,CUST_1255,2024-08-17,Creative Studio,TikTok,400.43,258.28,Completed
ORD_4642,CUST_616,2025-06-30,Media Package,Event Walk-in,181.95,121.66,Completed
ORD_4643,CUST_784,2024-05-03,Partner Offer,Instagram,149.44,84.48,Completed
ORD_4644,CUST_437,2024-11-16,Partner Offer,Partnership,39.52,12.06,Completed
ORD_4645,CUST_693,2024-07-19,Workshop,Google Search,487.74,212.94,Completed
ORD_4646,CUST_329,2024-02-26,Partner Offer,Event Walk-in,194.21,133.11,Completed
ORD_4647,CUST_112,2025-06-05,Partner Offer,LinkedIn,275.55,109.65,Refunded
ORD_4648,CUST_820,2024-07-13,Partner Offer,TikTok,469.14,280.15,Completed
ORD_4649,CUST_988,2024-07-29,Event Ticket,TikTok,368.29,161.57,Completed
ORD_4650,CUST_1210,2024-09-12,Media Package,Instagram,297.66,93.33,Completed
ORD_4651,CUST_134,2024-04-21,Membership,LinkedIn,123.49,77.34,Refunded
ORD_4652,CUST_1321,2025-01-13,Partner Offer,Partnership,248.05,173.54,Completed
ORD_4653,CUST_728,2024-10-04,Workshop,Partnership,313.63,171.26,Refunded
ORD_4654,CUST_967,2024-04-20,Partner Offer,Partnership,428.22,251.76,Completed
ORD_4655,CUST_184,2025-05-25,Corporate Package,Google Search,146.6,68.04,Completed
ORD_4656,CUST_601,2025-04-18,Membership,Referral,439.12,236.46,Completed
ORD_4657,CUST_206,2024-06-30,Corporate Package,Instagram,352.88,192.8,Completed
ORD_4658,CUST_918,2025-05-07,Workshop,Google Search,277.69,126.9,Completed
ORD_4659,CUST_596,2024-05-26,Workshop,Event Walk-in,294.7,104.02,Completed
ORD_4660,CUST_1352,2025-02-09,Membership,Google Search,42.79,26.96,Refunded
ORD_4661,CUST_444,2024-04-06,Corporate Package,LinkedIn,409.13,151.86,Completed
ORD_4662,CUST_112,2024-07-01,Event Ticket,LinkedIn,29.35,10.94,Completed
ORD_4663,CUST_1318,2025-03-15,Partner Offer,LinkedIn,144.06,64.45,Completed
ORD_4664,CUST_567,2025-02-28,Membership,Google Search,279.38,120.05,Refunded
ORD_4665,CUST_692,2024-08-15,Workshop,LinkedIn,403.82,189.15,Completed
ORD_4666,CUST_305,2025-01-31,Workshop,Referral,230.26,119.05,Completed
ORD_4667,CUST_986,2024-09-20,Workshop,Instagram,110.52,59.97,Completed
ORD_4668,CUST_573,2024-02-10,Media Package,Instagram,25.81,8.7,Completed
ORD_4669,CUST_860,2025-02-20,Partner Offer,Google Search,416.25,266.99,Refunded
ORD_4670,CUST_1357,2024-09-19,Creative Studio,Google Search,96.85,49.23,Completed
ORD_4671,CUST_1058,2024-03-06,Event Ticket,Referral,329.02,147.43,Completed
ORD_4672,CUST_377,2024-03-24,Event Ticket,Google Search,323.02,205.96,Completed
ORD_4673,CUST_418,2024-09-26,Corporate Package,Google Search,182.26,57.24,Completed
ORD_4674,CUST_420,2024-06-28,Creative Studio,Referral,367.76,236.34,Completed
ORD_4675,CUST_428,2025-04-15,Membership,Partnership,473.21,297.7,Completed
ORD_4676,CUST_471,2024-04-14,Workshop,TikTok,433.78,277.32,Completed
ORD_4677,CUST_1319,2025-06-22,Media Package,Event Walk-in,67.81,25.72,Completed
ORD_4678,CUST_1212,2025-05-30,Creative Studio,Partnership,345.52,216.14,Completed
ORD_4679,CUST_481,2024-08-17,Event Ticket,Google Search,168.06,104.43,Completed
ORD_4680,CUST_1178,2025-05-01,Partner Offer,Referral,189.71,88.44,Completed
ORD_4681,CUST_335,2025-01-16,Membership,Instagram,53.34,16.1,Completed
ORD_4682,CUST_1352,2024-12-18,Partner Offer,Google Search,459.62,315.75,Cancelled
ORD_4683,CUST_1480,2025-05-13,Partner Offer,TikTok,187.54,96.16,Cancelled
ORD_4684,CUST_639,2024-05-30,Membership,LinkedIn,223.88,83.1,Completed
ORD_4685,CUST_1243,2024-05-03,Corporate Package,Event Walk-in,248.13,154.75,Completed
ORD_4686,CUST_907,2024-10-21,Event Ticket,TikTok,389.81,178.16,Completed
ORD_4687,CUST_578,2025-01-27,Partner Offer,Referral,116.18,69.97,Completed
ORD_4688,CUST_834,2024-06-11,Media Package,Referral,177.55,117.98,Completed
ORD_4689,CUST_795,2025-01-09,Partner Offer,Google Search,324.95,194.84,Completed
ORD_4690,CUST_1286,2024-05-15,Media Package,Event Walk-in,166.01,93.48,Completed
ORD_4691,CUST_449,2024-04-22,Corporate Package,Event Walk-in,164.11,98.54,Completed
ORD_4692,CUST_725,2024-10-08,Media Package,Event Walk-in,168.1,109.55,Completed
ORD_4693,CUST_905,2024-07-12,Corporate Package,Referral,381.23,171.41,Refunded
ORD_4694,CUST_330,2025-02-07,Corporate Package,LinkedIn,355.61,172.37,Completed
ORD_4695,CUST_224,2025-03-26,Creative Studio,Instagram,386.66,129.61,Refunded
ORD_4696,CUST_1167,2024-03-03,Workshop,LinkedIn,213.18,144.05,Completed
ORD_4697,CUST_1373,2024-08-25,Creative Studio,Event Walk-in,391.67,179.39,Completed
ORD_4698,CUST_733,2025-06-30,Media Package,Event Walk-in,468.68,221.23,Completed
ORD_4699,CUST_909,2025-05-31,Media Package,Referral,488.22,266.95,Completed
ORD_4700,CUST_1098,2024-10-24,Partner Offer,LinkedIn,488.02,153.14,Cancelled
ORD_4701,CUST_967,2024-06-11,Workshop,Partnership,452.92,264.88,Completed
ORD_4702,CUST_530,2024-04-05,Partner Offer,Referral,175.87,54.16,Completed
ORD_4703,CUST_768,2024-07-16,Media Package,Google Search,45.13,30.93,Completed
ORD_4704,CUST_880,2024-11-29,Membership,Referral,487.87,278.23,Completed
ORD_4705,CUST_651,2024-01-03,Workshop,Partnership,284.85,172.77,Refunded
ORD_4706,CUST_355,2024-03-28,Partner Offer,TikTok,136.91,64.06,Completed
ORD_4707,CUST_760,2024-02-02,Media Package,Partnership,390.38,198.18,Completed
ORD_4708,CUST_230,2025-04-27,Workshop,Instagram,398.62,230.49,Completed
ORD_4709,CUST_345,2024-04-29,Partner Offer,LinkedIn,70.87,32.5,Completed
ORD_4710,CUST_287,2024-06-09,Corporate Package,Instagram,129.95,58.36,Completed
ORD_4711,CUST_783,2025-05-03,Corporate Package,TikTok,147.46,63.41,Completed
ORD_4712,CUST_495,2025-05-11,Corporate Package,Instagram,403.78,211.7,Completed
ORD_4713,CUST_894,2024-07-31,Membership,Event Walk-in,332.35,207.27,Completed
ORD_4714,CUST_1294,2024-02-27,Corporate Package,Event Walk-in,144.74,62.3,Completed
ORD_4715,CUST_652,2024-07-22,Membership,Partnership,256.8,96.0,Completed
ORD_4716,CUST_800,2024-06-02,Membership,Event Walk-in,116.55,77.31,Completed
ORD_4717,CUST_438,2024-09-21,Corporate Package,Referral,197.86,101.41,Completed
ORD_4718,CUST_401,2025-01-13,Creative Studio,Referral,275.81,129.25,Completed
ORD_4719,CUST_79,2024-12-24,Corporate Package,Partnership,29.82,13.61,Cancelled
ORD_4720,CUST_935,2024-10-16,Media Package,Partnership,160.42,55.93,Refunded
ORD_4721,CUST_1180,2025-03-30,Workshop,Instagram,315.05,219.9,Refunded
ORD_4722,CUST_905,2024-06-27,Creative Studio,Referral,71.08,46.0,Completed
ORD_4723,CUST_957,2025-03-24,Partner Offer,LinkedIn,381.68,149.08,Completed
ORD_4724,CUST_471,2025-04-15,Partner Offer,TikTok,63.45,28.18,Completed
ORD_4725,CUST_505,2024-11-15,Event Ticket,Partnership,180.78,83.22,Completed
ORD_4726,CUST_1434,2025-02-05,Workshop,Referral,241.37,85.74,Completed
ORD_4727,CUST_307,2024-09-24,Membership,LinkedIn,316.09,169.93,Refunded
ORD_4728,CUST_1090,2025-01-19,Event Ticket,Instagram,248.51,122.67,Completed
ORD_4729,CUST_1067,2025-03-15,Workshop,Instagram,220.11,142.92,Cancelled
ORD_4730,CUST_75,2024-06-18,Membership,Referral,254.74,132.54,Completed
ORD_4731,CUST_8,2024-03-28,Partner Offer,Referral,174.43,64.81,Completed
ORD_4732,CUST_298,2024-11-20,Corporate Package,LinkedIn,142.86,62.46,Completed
ORD_4733,CUST_514,2024-07-28,Event Ticket,LinkedIn,453.21,249.98,Completed
ORD_4734,CUST_3,2025-06-14,Partner Offer,TikTok,81.05,35.65,Completed
ORD_4735,CUST_336,2024-01-30,Workshop,Partnership,93.14,56.63,Completed
ORD_4736,CUST_70,2025-05-27,Event Ticket,Referral,292.65,175.54,Completed
ORD_4737,CUST_1154,2024-03-25,Membership,LinkedIn,198.04,77.63,Refunded
ORD_4738,CUST_1445,2024-08-10,Creative Studio,Google Search,408.23,183.02,Completed
ORD_4739,CUST_1401,2024-04-24,Creative Studio,Instagram,109.85,67.5,Completed
ORD_4740,CUST_627,2024-03-17,Event Ticket,Google Search,467.66,221.75,Completed
ORD_4741,CUST_1473,2025-02-02,Membership,LinkedIn,74.1,46.68,Completed
ORD_4742,CUST_351,2024-11-28,Partner Offer,Google Search,346.21,233.92,Completed
ORD_4743,CUST_462,2024-04-14,Workshop,Event Walk-in,71.17,38.92,Completed
ORD_4744,CUST_1425,2024-11-20,Media Package,Partnership,489.12,224.15,Completed
ORD_4745,CUST_945,2025-06-03,Partner Offer,Event Walk-in,270.39,125.63,Completed
ORD_4746,CUST_1229,2024-08-23,Media Package,LinkedIn,157.21,54.12,Completed
ORD_4747,CUST_169,2024-07-07,Workshop,Partnership,130.94,72.57,Completed
ORD_4748,CUST_1266,2024-04-11,Partner Offer,Google Search,184.84,81.44,Completed
ORD_4749,CUST_34,2024-05-15,Event Ticket,Event Walk-in,381.57,212.86,Completed
ORD_4750,CUST_1016,2024-09-08,Membership,Referral,223.61,136.0,Completed
ORD_4751,CUST_160,2024-03-12,Workshop,Google Search,114.35,74.2,Completed
ORD_4752,CUST_541,2024-04-30,Membership,LinkedIn,309.07,104.08,Completed
ORD_4753,CUST_848,2025-02-10,Corporate Package,TikTok,22.16,13.5,Completed
ORD_4754,CUST_110,2025-04-22,Workshop,TikTok,346.43,234.9,Completed
ORD_4755,CUST_148,2024-07-16,Event Ticket,Event Walk-in,305.26,130.98,Completed
ORD_4756,CUST_1151,2024-09-29,Event Ticket,LinkedIn,92.91,29.02,Completed
ORD_4757,CUST_318,2024-08-09,Media Package,LinkedIn,118.21,59.86,Completed
ORD_4758,CUST_153,2024-08-06,Media Package,Google Search,483.95,295.0,Completed
ORD_4759,CUST_185,2024-09-21,Workshop,Partnership,260.88,146.6,Completed
ORD_4760,CUST_410,2024-04-14,Corporate Package,LinkedIn,427.05,215.34,Completed
ORD_4761,CUST_1316,2025-01-24,Media Package,Google Search,176.04,83.15,Completed
ORD_4762,CUST_611,2024-04-12,Workshop,Google Search,456.1,277.3,Completed
ORD_4763,CUST_1483,2024-11-30,Event Ticket,Partnership,425.17,288.2,Completed
ORD_4764,CUST_1182,2024-01-03,Workshop,Partnership,382.42,266.54,Completed
ORD_4765,CUST_986,2024-10-05,Workshop,Instagram,144.27,63.64,Completed
ORD_4766,CUST_327,2024-12-24,Membership,TikTok,435.38,249.56,Completed
ORD_4767,CUST_117,2024-12-10,Event Ticket,TikTok,49.71,23.45,Refunded
ORD_4768,CUST_348,2024-09-25,Event Ticket,LinkedIn,133.34,50.9,Completed
ORD_4769,CUST_97,2025-02-16,Workshop,TikTok,306.64,162.49,Completed
ORD_4770,CUST_355,2024-12-21,Corporate Package,TikTok,322.0,188.24,Completed
ORD_4771,CUST_1011,2024-08-07,Corporate Package,Google Search,91.14,33.97,Completed
ORD_4772,CUST_1463,2024-04-11,Event Ticket,TikTok,106.74,66.39,Completed
ORD_4773,CUST_1443,2025-01-07,Partner Offer,LinkedIn,242.44,73.42,Completed
ORD_4774,CUST_84,2025-04-08,Corporate Package,LinkedIn,120.35,37.64,Completed
ORD_4775,CUST_1071,2025-04-30,Membership,Instagram,300.03,134.76,Completed
ORD_4776,CUST_1355,2024-12-13,Media Package,Event Walk-in,195.49,100.63,Completed
ORD_4777,CUST_979,2024-11-24,Event Ticket,Event Walk-in,203.89,91.56,Completed
ORD_4778,CUST_1084,2024-06-27,Creative Studio,Instagram,125.63,70.88,Completed
ORD_4779,CUST_948,2024-04-30,Corporate Package,Referral,382.78,155.48,Completed
ORD_4780,CUST_795,2024-07-08,Media Package,Google Search,369.18,220.75,Completed
ORD_4781,CUST_1341,2024-10-02,Creative Studio,Event Walk-in,400.66,261.92,Completed
ORD_4782,CUST_1235,2025-01-09,Creative Studio,Event Walk-in,97.83,49.05,Completed
ORD_4783,CUST_24,2024-09-10,Corporate Package,Event Walk-in,492.51,149.51,Completed
ORD_4784,CUST_226,2024-11-20,Workshop,Google Search,60.62,22.55,Completed
ORD_4785,CUST_1315,2024-09-14,Partner Offer,Instagram,349.86,163.07,Completed
ORD_4786,CUST_858,2025-03-26,Membership,Referral,334.06,110.12,Completed
ORD_4787,CUST_167,2025-01-19,Media Package,Google Search,178.66,87.4,Completed
ORD_4788,CUST_1225,2025-06-16,Membership,LinkedIn,478.74,250.61,Completed
ORD_4789,CUST_429,2025-03-30,Creative Studio,Event Walk-in,472.56,143.47,Refunded
ORD_4790,CUST_121,2025-02-20,Membership,LinkedIn,133.7,51.54,Completed
ORD_4791,CUST_418,2025-02-14,Media Package,Google Search,475.36,278.73,Completed
ORD_4792,CUST_890,2025-05-09,Workshop,Partnership,463.25,221.93,Refunded
ORD_4793,CUST_1104,2024-01-14,Workshop,Partnership,360.39,213.77,Completed
ORD_4794,CUST_26,2024-02-09,Media Package,Event Walk-in,179.88,87.99,Completed
ORD_4795,CUST_366,2024-05-19,Membership,TikTok,141.87,78.19,Completed
ORD_4796,CUST_115,2024-04-24,Media Package,Partnership,62.85,38.01,Completed
ORD_4797,CUST_1132,2025-06-29,Event Ticket,Instagram,464.86,187.37,Completed
ORD_4798,CUST_860,2024-03-11,Creative Studio,Google Search,175.05,60.97,Completed
ORD_4799,CUST_98,2024-12-30,Creative Studio,Event Walk-in,390.1,208.83,Completed
ORD_4800,CUST_414,2024-07-05,Workshop,Referral,90.94,45.22,Completed
ORD_4801,CUST_143,2025-01-05,Media Package,LinkedIn,429.89,227.79,Completed
ORD_4802,CUST_856,2024-11-28,Corporate Package,Google Search,391.36,235.88,Completed
ORD_4803,CUST_995,2024-11-03,Event Ticket,Google Search,93.7,52.7,Cancelled
ORD_4804,CUST_955,2024-10-04,Workshop,Partnership,370.16,206.37,Completed
ORD_4805,CUST_1310,2024-05-09,Workshop,Instagram,245.78,112.04,Completed
ORD_4806,CUST_1482,2024-12-01,Corporate Package,Google Search,278.8,153.28,Completed
ORD_4807,CUST_1467,2024-05-16,Membership,Event Walk-in,322.36,181.49,Completed
ORD_4808,CUST_1158,2024-08-27,Creative Studio,TikTok,174.47,102.02,Refunded
ORD_4809,CUST_1266,2024-03-24,Corporate Package,Google Search,203.48,98.37,Completed
ORD_4810,CUST_1308,2024-11-03,Workshop,Google Search,329.76,224.62,Completed
ORD_4811,CUST_756,2024-07-12,Media Package,Instagram,461.5,195.43,Completed
ORD_4812,CUST_659,2024-02-17,Creative Studio,Referral,349.26,233.17,Completed
ORD_4813,CUST_561,2025-02-05,Event Ticket,Google Search,214.33,136.18,Completed
ORD_4814,CUST_326,2024-09-26,Membership,Google Search,451.09,163.46,Completed
ORD_4815,CUST_95,2024-04-17,Media Package,Event Walk-in,456.95,249.0,Completed
ORD_4816,CUST_114,2024-07-15,Event Ticket,Instagram,126.94,67.21,Completed
ORD_4817,CUST_923,2025-03-08,Partner Offer,Event Walk-in,259.76,171.27,Completed
ORD_4818,CUST_1455,2024-02-04,Workshop,LinkedIn,438.49,137.63,Completed
ORD_4819,CUST_299,2024-09-26,Creative Studio,Event Walk-in,131.57,75.59,Completed
ORD_4820,CUST_1258,2024-03-19,Partner Offer,TikTok,436.21,227.08,Refunded
ORD_4821,CUST_1247,2025-04-02,Corporate Package,Referral,311.91,102.4,Completed
ORD_4822,CUST_891,2025-02-10,Event Ticket,LinkedIn,466.18,188.45,Completed
ORD_4823,CUST_122,2025-03-07,Creative Studio,TikTok,146.88,90.06,Completed
ORD_4824,CUST_1118,2025-05-13,Creative Studio,Event Walk-in,498.81,291.61,Cancelled
ORD_4825,CUST_841,2025-06-01,Partner Offer,Referral,395.56,230.11,Completed
ORD_4826,CUST_409,2025-04-29,Workshop,LinkedIn,487.85,304.95,Completed
ORD_4827,CUST_1164,2025-05-03,Workshop,TikTok,341.78,149.88,Refunded
ORD_4828,CUST_1428,2024-03-24,Media Package,Google Search,485.47,230.27,Completed
ORD_4829,CUST_756,2025-06-11,Corporate Package,Instagram,34.6,13.81,Completed
ORD_4830,CUST_1275,2025-02-18,Creative Studio,Google Search,152.45,83.81,Completed
ORD_4831,CUST_719,2025-06-03,Workshop,Google Search,305.57,126.91,Completed
ORD_4832,CUST_1254,2024-11-06,Corporate Package,Referral,329.72,186.86,Completed
ORD_4833,CUST_268,2024-07-04,Event Ticket,LinkedIn,337.35,150.7,Completed
ORD_4834,CUST_996,2025-04-08,Workshop,Instagram,168.49,91.16,Completed
ORD_4835,CUST_682,2024-10-27,Creative Studio,TikTok,53.86,27.13,Completed
ORD_4836,CUST_461,2025-05-03,Corporate Package,Event Walk-in,123.11,59.61,Completed
ORD_4837,CUST_402,2025-02-10,Event Ticket,LinkedIn,156.11,99.49,Completed
ORD_4838,CUST_853,2024-12-16,Corporate Package,Instagram,85.3,37.5,Completed
ORD_4839,CUST_6,2025-06-03,Corporate Package,LinkedIn,166.72,51.91,Completed
ORD_4840,CUST_716,2025-01-17,Partner Offer,Google Search,299.86,192.57,Completed
ORD_4841,CUST_1394,2024-08-25,Membership,Instagram,216.2,150.23,Refunded
ORD_4842,CUST_1293,2025-01-08,Creative Studio,LinkedIn,178.79,109.89,Completed
ORD_4843,CUST_637,2024-03-13,Corporate Package,Referral,486.62,216.6,Completed
ORD_4844,CUST_110,2025-03-12,Creative Studio,TikTok,367.03,197.11,Completed
ORD_4845,CUST_76,2025-04-09,Event Ticket,Google Search,377.38,171.45,Refunded
ORD_4846,CUST_1483,2024-12-18,Partner Offer,Partnership,330.46,106.29,Refunded
ORD_4847,CUST_1392,2025-01-27,Membership,Event Walk-in,446.45,289.52,Completed
ORD_4848,CUST_341,2024-03-24,Workshop,Google Search,247.09,155.81,Completed
ORD_4849,CUST_249,2025-01-11,Membership,Event Walk-in,255.54,117.82,Completed
ORD_4850,CUST_453,2024-06-02,Event Ticket,TikTok,55.57,23.91,Completed
ORD_4851,CUST_301,2024-11-29,Creative Studio,Instagram,391.75,217.54,Completed
ORD_4852,CUST_1062,2024-04-14,Media Package,Partnership,283.31,144.37,Completed
ORD_4853,CUST_1152,2024-10-11,Corporate Package,Referral,197.62,106.5,Refunded
ORD_4854,CUST_338,2024-02-10,Media Package,Instagram,178.03,110.91,Cancelled
ORD_4855,CUST_1433,2025-02-15,Corporate Package,Referral,448.96,243.18,Completed
ORD_4856,CUST_918,2024-07-24,Partner Offer,Google Search,485.85,166.07,Completed
ORD_4857,CUST_448,2025-05-11,Creative Studio,Google Search,488.05,220.44,Completed
ORD_4858,CUST_531,2024-08-03,Workshop,Partnership,298.45,162.7,Completed
ORD_4859,CUST_1019,2024-08-18,Membership,LinkedIn,318.51,138.02,Completed
ORD_4860,CUST_389,2024-09-26,Workshop,Instagram,199.5,59.94,Completed
ORD_4861,CUST_281,2024-06-07,Creative Studio,Referral,192.84,63.72,Refunded
ORD_4862,CUST_699,2025-06-07,Creative Studio,LinkedIn,264.58,137.05,Refunded
ORD_4863,CUST_1467,2024-06-17,Workshop,Event Walk-in,444.71,284.06,Completed
ORD_4864,CUST_179,2024-06-27,Corporate Package,Instagram,437.99,263.0,Completed
ORD_4865,CUST_926,2025-02-07,Media Package,LinkedIn,296.72,175.82,Completed
ORD_4866,CUST_399,2024-07-31,Creative Studio,Event Walk-in,461.25,256.35,Completed
ORD_4867,CUST_437,2025-04-04,Corporate Package,Partnership,481.01,332.12,Completed
ORD_4868,CUST_88,2024-02-05,Workshop,Event Walk-in,188.87,85.95,Completed
ORD_4869,CUST_390,2024-06-04,Partner Offer,Partnership,189.07,129.81,Completed
ORD_4870,CUST_573,2024-03-25,Event Ticket,Instagram,82.23,57.46,Completed
ORD_4871,CUST_845,2024-07-29,Membership,TikTok,128.94,63.26,Completed
ORD_4872,CUST_650,2025-02-12,Media Package,Instagram,282.53,147.93,Completed
ORD_4873,CUST_256,2025-04-22,Workshop,TikTok,256.45,77.52,Completed
ORD_4874,CUST_243,2025-06-07,Partner Offer,Google Search,356.21,203.18,Completed
ORD_4875,CUST_637,2024-09-19,Creative Studio,Referral,73.45,35.09,Completed
ORD_4876,CUST_701,2024-03-12,Media Package,TikTok,162.83,90.05,Cancelled
ORD_4877,CUST_301,2024-05-27,Media Package,Instagram,463.05,235.26,Completed
ORD_4878,CUST_1144,2025-02-27,Creative Studio,Instagram,362.32,125.13,Completed
ORD_4879,CUST_716,2024-10-29,Partner Offer,Google Search,488.73,154.69,Completed
ORD_4880,CUST_243,2024-03-04,Partner Offer,Google Search,195.98,125.68,Completed
ORD_4881,CUST_987,2024-05-16,Partner Offer,Referral,141.81,53.13,Refunded
ORD_4882,CUST_1109,2024-04-29,Creative Studio,TikTok,418.75,273.87,Cancelled
ORD_4883,CUST_695,2025-01-12,Membership,Referral,174.99,100.87,Completed
ORD_4884,CUST_805,2024-06-09,Media Package,Google Search,134.04,90.47,Completed
ORD_4885,CUST_1356,2025-04-20,Partner Offer,LinkedIn,39.85,15.65,Completed
ORD_4886,CUST_914,2025-02-07,Event Ticket,Partnership,339.6,226.31,Completed
ORD_4887,CUST_219,2024-10-22,Membership,Partnership,475.89,252.9,Completed
ORD_4888,CUST_780,2024-07-13,Membership,Partnership,53.02,20.97,Completed
ORD_4889,CUST_1260,2024-04-22,Partner Offer,Referral,331.21,100.72,Completed
ORD_4890,CUST_50,2025-04-30,Corporate Package,Google Search,206.23,132.62,Completed
ORD_4891,CUST_82,2025-03-25,Media Package,Google Search,85.14,42.53,Completed
ORD_4892,CUST_850,2024-10-27,Creative Studio,Google Search,109.08,37.38,Completed
ORD_4893,CUST_1304,2024-08-14,Creative Studio,TikTok,400.06,167.08,Cancelled
ORD_4894,CUST_1255,2025-01-19,Creative Studio,TikTok,438.72,296.9,Completed
ORD_4895,CUST_1141,2025-05-14,Corporate Package,Google Search,82.3,52.13,Completed
ORD_4896,CUST_1498,2025-04-11,Workshop,Event Walk-in,245.38,160.65,Completed
ORD_4897,CUST_1173,2024-07-26,Event Ticket,LinkedIn,278.47,188.7,Refunded
ORD_4898,CUST_407,2024-07-28,Membership,TikTok,188.06,61.14,Completed
ORD_4899,CUST_1206,2024-11-22,Partner Offer,Event Walk-in,342.9,196.97,Completed
ORD_4900,CUST_433,2024-10-06,Workshop,Instagram,495.06,167.28,Completed
ORD_4901,CUST_379,2024-06-26,Event Ticket,Google Search,297.18,185.49,Completed
ORD_4902,CUST_784,2024-10-20,Event Ticket,Instagram,289.55,133.52,Completed
ORD_4903,CUST_474,2024-08-14,Media Package,Event Walk-in,165.98,64.97,Completed
ORD_4904,CUST_701,2024-11-01,Event Ticket,TikTok,296.06,116.53,Completed
ORD_4905,CUST_1152,2025-02-22,Corporate Package,Referral,84.65,41.31,Completed
ORD_4906,CUST_314,2024-07-10,Membership,Partnership,364.74,164.48,Completed
ORD_4907,CUST_157,2025-04-09,Corporate Package,LinkedIn,467.58,299.92,Refunded
ORD_4908,CUST_1052,2024-07-16,Corporate Package,Referral,154.85,77.38,Completed
ORD_4909,CUST_486,2025-06-25,Media Package,Referral,263.02,125.72,Completed
ORD_4910,CUST_1233,2025-06-22,Creative Studio,Instagram,208.91,126.73,Completed
ORD_4911,CUST_497,2025-02-27,Membership,Referral,299.99,97.59,Refunded
ORD_4912,CUST_281,2025-01-10,Creative Studio,Referral,448.59,192.7,Completed
ORD_4913,CUST_1464,2024-01-18,Event Ticket,Partnership,304.83,121.36,Completed
ORD_4914,CUST_1112,2024-03-23,Creative Studio,Google Search,272.01,131.26,Refunded
ORD_4915,CUST_785,2024-12-22,Membership,TikTok,228.07,112.21,Completed
ORD_4916,CUST_1124,2024-12-10,Workshop,TikTok,486.74,321.33,Completed
ORD_4917,CUST_73,2024-01-08,Event Ticket,Partnership,459.76,290.45,Completed
ORD_4918,CUST_358,2025-01-31,Creative Studio,TikTok,53.55,37.47,Completed
ORD_4919,CUST_745,2025-05-14,Event Ticket,Partnership,475.91,199.08,Completed
ORD_4920,CUST_727,2024-10-23,Creative Studio,Partnership,180.64,55.26,Completed
ORD_4921,CUST_1041,2024-04-12,Creative Studio,Event Walk-in,395.02,169.78,Completed
ORD_4922,CUST_497,2024-03-13,Event Ticket,Referral,211.73,134.27,Completed
ORD_4923,CUST_693,2024-07-28,Workshop,Google Search,329.91,113.62,Completed
ORD_4924,CUST_530,2025-05-02,Event Ticket,Referral,343.81,159.77,Completed
ORD_4925,CUST_801,2024-03-15,Membership,LinkedIn,411.37,268.61,Completed
ORD_4926,CUST_1198,2025-03-15,Event Ticket,Event Walk-in,113.32,66.56,Completed
ORD_4927,CUST_1201,2024-05-14,Event Ticket,TikTok,126.58,38.5,Completed
ORD_4928,CUST_1471,2024-04-11,Partner Offer,Instagram,37.36,17.2,Refunded
ORD_4929,CUST_600,2024-02-04,Creative Studio,TikTok,392.18,149.52,Completed
ORD_4930,CUST_281,2025-05-11,Workshop,Referral,96.26,57.35,Completed
ORD_4931,CUST_750,2024-05-27,Event Ticket,Event Walk-in,211.59,81.81,Completed
ORD_4932,CUST_278,2024-03-02,Workshop,TikTok,371.55,161.19,Completed
ORD_4933,CUST_727,2025-03-17,Creative Studio,Partnership,112.71,39.34,Completed
ORD_4934,CUST_287,2024-12-21,Corporate Package,Instagram,425.72,192.46,Refunded
ORD_4935,CUST_280,2025-03-19,Corporate Package,Partnership,197.41,75.06,Completed
ORD_4936,CUST_1100,2024-05-25,Membership,Google Search,105.78,71.83,Completed
ORD_4937,CUST_1097,2024-02-26,Corporate Package,Partnership,467.04,198.43,Completed
ORD_4938,CUST_1350,2024-09-29,Creative Studio,TikTok,479.35,249.93,Completed
ORD_4939,CUST_614,2025-04-16,Event Ticket,Instagram,65.98,33.28,Completed
ORD_4940,CUST_248,2025-01-26,Media Package,Google Search,147.93,71.9,Completed
ORD_4941,CUST_68,2024-05-27,Workshop,Partnership,47.9,25.07,Completed
ORD_4942,CUST_1240,2025-02-25,Partner Offer,LinkedIn,411.8,162.59,Completed
ORD_4943,CUST_855,2024-02-03,Media Package,Referral,331.68,153.2,Cancelled
ORD_4944,CUST_576,2025-01-24,Creative Studio,Instagram,214.23,116.76,Completed
ORD_4945,CUST_730,2025-05-19,Membership,TikTok,196.98,67.89,Completed
ORD_4946,CUST_955,2024-12-08,Partner Offer,Partnership,250.42,137.19,Completed
ORD_4947,CUST_1360,2024-07-11,Workshop,Google Search,258.72,87.98,Completed
ORD_4948,CUST_578,2024-12-07,Event Ticket,Referral,249.89,146.12,Completed
ORD_4949,CUST_238,2025-01-08,Corporate Package,Instagram,33.23,21.08,Completed
ORD_4950,CUST_1446,2024-11-07,Media Package,LinkedIn,351.15,213.8,Completed
ORD_4951,CUST_1290,2024-02-10,Creative Studio,Event Walk-in,131.6,70.72,Completed
ORD_4952,CUST_1447,2024-01-08,Corporate Package,Partnership,351.05,188.75,Refunded
ORD_4953,CUST_409,2025-02-04,Membership,LinkedIn,452.16,267.1,Completed
ORD_4954,CUST_605,2024-09-11,Membership,LinkedIn,470.5,166.69,Completed
ORD_4955,CUST_987,2024-08-06,Workshop,Referral,357.4,143.42,Completed
ORD_4956,CUST_1438,2024-11-10,Membership,Instagram,100.12,46.23,Completed
ORD_4957,CUST_763,2024-06-08,Corporate Package,TikTok,459.87,293.12,Completed
ORD_4958,CUST_361,2024-06-14,Partner Offer,Google Search,437.84,167.9,Completed
ORD_4959,CUST_1279,2024-02-29,Media Package,LinkedIn,368.02,243.04,Refunded
ORD_4960,CUST_1115,2024-08-01,Creative Studio,Event Walk-in,365.65,191.9,Completed
ORD_4961,CUST_954,2025-04-11,Membership,Instagram,316.18,182.39,Refunded
ORD_4962,CUST_1477,2024-05-20,Membership,LinkedIn,255.5,148.06,Refunded
ORD_4963,CUST_260,2024-03-14,Creative Studio,TikTok,342.15,192.91,Refunded
ORD_4964,CUST_286,2025-02-24,Creative Studio,Partnership,441.0,208.88,Completed
ORD_4965,CUST_1250,2025-01-07,Partner Offer,Partnership,49.35,32.05,Refunded
ORD_4966,CUST_197,2024-09-11,Workshop,Referral,215.8,89.25,Completed
ORD_4967,CUST_250,2024-11-30,Corporate Package,Event Walk-in,408.53,153.49,Completed
ORD_4968,CUST_816,2024-03-28,Workshop,LinkedIn,111.33,68.21,Completed
ORD_4969,CUST_565,2024-06-18,Event Ticket,LinkedIn,481.99,184.4,Completed
ORD_4970,CUST_444,2025-05-21,Event Ticket,LinkedIn,130.32,42.37,Completed
ORD_4971,CUST_1231,2024-05-03,Corporate Package,Referral,423.9,280.63,Refunded
ORD_4972,CUST_401,2024-10-09,Partner Offer,Referral,247.37,152.15,Completed
ORD_4973,CUST_62,2024-08-11,Event Ticket,Instagram,365.24,198.57,Completed
ORD_4974,CUST_1339,2024-02-14,Workshop,LinkedIn,445.59,185.12,Completed
ORD_4975,CUST_261,2024-09-04,Partner Offer,Event Walk-in,377.12,188.39,Completed
ORD_4976,CUST_349,2025-02-22,Corporate Package,Event Walk-in,395.41,177.14,Completed
ORD_4977,CUST_1367,2025-06-25,Media Package,LinkedIn,291.35,160.94,Refunded
ORD_4978,CUST_208,2025-02-17,Workshop,TikTok,44.69,15.65,Completed
ORD_4979,CUST_583,2025-06-23,Media Package,Instagram,212.71,134.39,Completed
ORD_4980,CUST_714,2025-06-17,Corporate Package,Partnership,419.27,222.56,Completed
ORD_4981,CUST_1485,2024-06-15,Creative Studio,Partnership,93.13,46.38,Completed
ORD_4982,CUST_1202,2025-04-20,Media Package,Google Search,142.18,57.89,Completed
ORD_4983,CUST_1169,2024-12-26,Media Package,Google Search,377.72,144.28,Completed
ORD_4984,CUST_1442,2025-03-21,Partner Offer,Google Search,41.24,20.86,Completed
ORD_4985,CUST_1202,2024-10-27,Creative Studio,Google Search,29.16,19.27,Cancelled
ORD_4986,CUST_633,2024-06-28,Media Package,Partnership,87.86,57.26,Completed
ORD_4987,CUST_730,2024-01-24,Event Ticket,TikTok,494.84,247.18,Completed
ORD_4988,CUST_775,2024-05-29,Partner Offer,Event Walk-in,468.75,302.32,Completed
ORD_4989,CUST_1051,2025-02-21,Partner Offer,Event Walk-in,273.83,138.58,Completed
ORD_4990,CUST_1223,2024-10-13,Membership,Instagram,376.51,241.81,Refunded
ORD_4991,CUST_1407,2024-06-26,Event Ticket,Referral,132.01,41.9,Completed
ORD_4992,CUST_950,2024-02-29,Workshop,Google Search,95.99,54.27,Cancelled
ORD_4993,CUST_1238,2024-12-29,Membership,Event Walk-in,27.93,18.75,Completed
ORD_4994,CUST_305,2024-04-14,Creative Studio,Referral,482.23,265.56,Completed
ORD_4995,CUST_978,2025-04-05,Event Ticket,Google Search,206.59,92.01,Completed
ORD_4996,CUST_126,2024-07-04,Corporate Package,LinkedIn,190.9,95.95,Completed
ORD_4997,CUST_949,2024-08-15,Corporate Package,Instagram,61.34,23.39,Completed
ORD_4998,CUST_130,2025-05-25,Media Package,Instagram,95.91,36.57,Completed
ORD_4999,CUST_482,2024-05-03,Membership,Event Walk-in,434.44,155.04,Completed
ORD_5000,CUST_1022,2024-10-23,Workshop,Instagram,365.11,155.64,Completed
ORD_5001,CUST_26,2025-01-27,Corporate Package,Event Walk-in,102.89,40.3,Cancelled
ORD_5002,CUST_279,2025-01-19,Membership,Google Search,424.0,203.53,Completed
ORD_5003,CUST_1145,2024-03-10,Media Package,Google Search,441.8,161.24,Completed
ORD_5004,CUST_281,2024-12-25,Membership,Referral,450.25,204.21,Completed
ORD_5005,CUST_1461,2025-04-23,Membership,Instagram,362.22,172.25,Completed
ORD_5006,CUST_1214,2025-05-09,Media Package,TikTok,430.13,262.23,Completed
ORD_5007,CUST_934,2024-08-10,Event Ticket,Instagram,358.94,117.0,Refunded
ORD_5008,CUST_609,2025-03-20,Creative Studio,Event Walk-in,204.88,123.39,Cancelled
ORD_5009,CUST_485,2024-12-30,Workshop,Instagram,88.71,48.09,Completed
ORD_5010,CUST_268,2025-03-17,Creative Studio,LinkedIn,270.24,97.93,Completed
ORD_5011,CUST_138,2025-02-01,Partner Offer,Instagram,70.03,25.15,Cancelled
ORD_5012,CUST_361,2024-03-10,Creative Studio,Google Search,496.93,281.26,Completed
ORD_5013,CUST_827,2025-05-16,Membership,Referral,195.17,81.86,Completed
ORD_5014,CUST_1050,2024-09-07,Corporate Package,Partnership,112.73,73.35,Completed
ORD_5015,CUST_1496,2025-06-06,Creative Studio,Google Search,489.79,277.9,Cancelled
ORD_5016,CUST_293,2024-04-15,Creative Studio,Instagram,292.31,110.7,Completed
ORD_5017,CUST_1375,2024-11-15,Corporate Package,Google Search,339.19,155.08,Refunded
ORD_5018,CUST_934,2025-06-20,Partner Offer,Instagram,120.17,43.0,Completed
ORD_5019,CUST_200,2025-02-22,Workshop,LinkedIn,210.26,93.22,Completed
ORD_5020,CUST_139,2024-04-27,Workshop,Event Walk-in,130.5,63.85,Completed
ORD_5021,CUST_226,2024-11-16,Event Ticket,Google Search,450.19,313.55,Completed
ORD_5022,CUST_34,2024-03-21,Event Ticket,Event Walk-in,479.52,322.74,Refunded
ORD_5023,CUST_237,2024-12-21,Partner Offer,TikTok,75.73,31.42,Completed
ORD_5024,CUST_311,2024-04-09,Event Ticket,Google Search,173.98,107.99,Completed
ORD_5025,CUST_967,2024-11-02,Partner Offer,Partnership,349.05,154.18,Completed
ORD_5026,CUST_866,2024-05-05,Workshop,Instagram,293.14,166.39,Completed
ORD_5027,CUST_1111,2025-01-25,Event Ticket,TikTok,153.35,58.79,Completed
ORD_5028,CUST_1211,2025-06-24,Workshop,TikTok,443.88,282.22,Completed
ORD_5029,CUST_175,2025-05-14,Event Ticket,Instagram,107.65,48.96,Completed
ORD_5030,CUST_318,2025-03-24,Partner Offer,LinkedIn,241.58,141.48,Completed
ORD_5031,CUST_1234,2025-04-12,Event Ticket,Google Search,111.07,77.22,Completed
ORD_5032,CUST_692,2024-07-09,Media Package,LinkedIn,413.43,283.68,Completed
ORD_5033,CUST_1347,2024-04-29,Creative Studio,TikTok,306.94,156.93,Completed
ORD_5034,CUST_581,2024-06-21,Corporate Package,Partnership,285.17,100.26,Refunded
ORD_5035,CUST_1129,2024-07-09,Event Ticket,TikTok,259.39,107.15,Completed
ORD_5036,CUST_138,2025-01-18,Corporate Package,Instagram,430.17,212.34,Refunded
ORD_5037,CUST_947,2024-03-11,Partner Offer,Partnership,97.97,41.79,Completed
ORD_5038,CUST_938,2025-05-08,Media Package,Referral,495.68,280.84,Completed
ORD_5039,CUST_1172,2024-12-17,Creative Studio,Event Walk-in,259.97,173.11,Completed
ORD_5040,CUST_1135,2024-06-04,Partner Offer,TikTok,123.85,68.48,Completed
ORD_5041,CUST_533,2024-05-08,Corporate Package,Referral,192.94,87.22,Refunded
ORD_5042,CUST_504,2024-03-09,Workshop,LinkedIn,186.56,83.01,Completed
ORD_5043,CUST_1225,2024-10-31,Corporate Package,LinkedIn,319.07,98.1,Completed
ORD_5044,CUST_1491,2024-01-02,Corporate Package,LinkedIn,231.68,76.6,Completed
ORD_5045,CUST_105,2024-09-10,Membership,Event Walk-in,315.97,124.55,Completed
ORD_5046,CUST_70,2024-04-17,Event Ticket,Referral,48.09,25.36,Refunded
ORD_5047,CUST_1104,2025-04-30,Partner Offer,Partnership,120.37,37.98,Completed
ORD_5048,CUST_1232,2024-12-14,Media Package,TikTok,269.71,105.49,Completed
ORD_5049,CUST_1488,2024-05-23,Event Ticket,Referral,111.9,75.3,Refunded
ORD_5050,CUST_227,2024-09-02,Partner Offer,Referral,321.05,182.94,Completed
ORD_5051,CUST_352,2024-07-26,Partner Offer,Instagram,322.5,189.05,Completed
ORD_5052,CUST_1229,2024-03-03,Creative Studio,LinkedIn,475.33,170.11,Completed
ORD_5053,CUST_910,2024-09-14,Partner Offer,Referral,499.53,172.8,Completed
ORD_5054,CUST_337,2024-03-24,Media Package,LinkedIn,69.77,34.12,Completed
ORD_5055,CUST_146,2024-03-21,Corporate Package,Referral,239.48,98.08,Completed
ORD_5056,CUST_653,2024-10-13,Partner Offer,Event Walk-in,305.57,158.26,Cancelled
ORD_5057,CUST_1128,2024-08-02,Partner Offer,Instagram,335.17,136.82,Completed
ORD_5058,CUST_264,2024-03-13,Workshop,Instagram,305.65,115.53,Completed
ORD_5059,CUST_1282,2025-04-10,Partner Offer,Partnership,225.89,126.44,Completed
ORD_5060,CUST_1183,2024-03-09,Workshop,Instagram,471.54,276.41,Completed
ORD_5061,CUST_1372,2024-08-02,Creative Studio,TikTok,206.41,71.96,Completed
ORD_5062,CUST_1266,2024-11-23,Creative Studio,Google Search,348.19,167.6,Refunded
ORD_5063,CUST_274,2025-01-05,Workshop,Google Search,488.03,207.27,Completed
ORD_5064,CUST_387,2024-04-19,Membership,Event Walk-in,136.25,41.65,Cancelled
ORD_5065,CUST_894,2024-06-01,Creative Studio,Event Walk-in,128.85,41.89,Completed
ORD_5066,CUST_1287,2025-03-29,Event Ticket,TikTok,242.58,73.12,Cancelled
ORD_5067,CUST_147,2025-05-26,Membership,TikTok,252.78,152.64,Completed
ORD_5068,CUST_1108,2024-04-15,Membership,TikTok,303.64,193.92,Completed
ORD_5069,CUST_597,2024-01-22,Creative Studio,Partnership,104.67,36.96,Completed
ORD_5070,CUST_1167,2024-01-07,Media Package,LinkedIn,414.95,260.82,Refunded
ORD_5071,CUST_804,2025-02-25,Creative Studio,LinkedIn,56.78,34.69,Completed
ORD_5072,CUST_194,2025-05-09,Event Ticket,Partnership,408.74,272.51,Completed
ORD_5073,CUST_1163,2025-01-28,Corporate Package,Google Search,320.23,179.45,Completed
ORD_5074,CUST_1263,2024-10-03,Membership,LinkedIn,26.14,12.46,Completed
ORD_5075,CUST_1457,2024-04-23,Membership,Event Walk-in,286.46,129.16,Completed
ORD_5076,CUST_851,2024-12-07,Membership,Instagram,162.86,68.4,Completed
ORD_5077,CUST_130,2024-10-15,Workshop,Instagram,440.25,261.7,Completed
ORD_5078,CUST_674,2025-04-24,Partner Offer,Event Walk-in,384.44,254.07,Completed
ORD_5079,CUST_219,2024-01-24,Partner Offer,Partnership,350.82,147.37,Completed
ORD_5080,CUST_250,2025-06-28,Partner Offer,Event Walk-in,427.17,185.68,Completed
ORD_5081,CUST_807,2024-12-21,Corporate Package,LinkedIn,378.54,143.26,Cancelled
ORD_5082,CUST_91,2024-10-10,Creative Studio,Event Walk-in,100.56,35.06,Completed
ORD_5083,CUST_173,2024-02-25,Membership,Event Walk-in,287.88,97.35,Completed
ORD_5084,CUST_1198,2025-03-30,Corporate Package,Event Walk-in,431.33,229.86,Completed
ORD_5085,CUST_840,2025-01-22,Corporate Package,Instagram,152.12,59.65,Completed
ORD_5086,CUST_1076,2024-04-08,Workshop,LinkedIn,191.56,83.39,Cancelled
ORD_5087,CUST_570,2025-03-09,Partner Offer,Partnership,491.93,219.86,Completed
ORD_5088,CUST_362,2025-05-11,Membership,TikTok,375.56,245.13,Completed
ORD_5089,CUST_30,2025-04-04,Workshop,TikTok,280.54,148.63,Completed
ORD_5090,CUST_456,2024-10-17,Creative Studio,TikTok,154.51,66.57,Refunded
ORD_5091,CUST_1190,2024-12-25,Event Ticket,LinkedIn,60.44,36.61,Completed
ORD_5092,CUST_1120,2024-02-09,Media Package,Partnership,70.06,38.59,Completed
ORD_5093,CUST_1186,2024-10-31,Corporate Package,Event Walk-in,359.42,125.51,Completed
ORD_5094,CUST_680,2024-01-08,Partner Offer,Google Search,289.81,116.15,Completed
ORD_5095,CUST_728,2024-07-15,Event Ticket,Partnership,287.96,116.23,Completed
ORD_5096,CUST_370,2024-10-10,Creative Studio,Partnership,28.49,8.92,Completed
ORD_5097,CUST_517,2025-05-16,Event Ticket,Instagram,58.37,28.23,Completed
ORD_5098,CUST_1029,2025-06-15,Creative Studio,Referral,47.1,19.66,Completed
ORD_5099,CUST_1484,2025-03-31,Corporate Package,LinkedIn,146.61,80.92,Cancelled
ORD_5100,CUST_1023,2024-10-03,Membership,LinkedIn,369.27,135.27,Completed
ORD_5101,CUST_1189,2025-04-16,Membership,Referral,406.26,130.68,Completed
ORD_5102,CUST_2,2024-09-21,Workshop,Referral,328.21,146.96,Refunded
ORD_5103,CUST_704,2024-05-08,Creative Studio,TikTok,211.4,114.45,Cancelled
ORD_5104,CUST_920,2025-03-05,Workshop,LinkedIn,148.43,56.75,Completed
ORD_5105,CUST_1260,2025-06-05,Partner Offer,Referral,270.98,129.59,Cancelled
ORD_5106,CUST_98,2024-07-17,Membership,Event Walk-in,79.61,55.0,Completed
ORD_5107,CUST_1471,2024-12-06,Partner Offer,Instagram,128.0,44.11,Completed
ORD_5108,CUST_1062,2024-08-14,Creative Studio,Partnership,167.44,85.27,Completed
ORD_5109,CUST_1213,2024-07-05,Media Package,Google Search,483.0,147.34,Refunded
ORD_5110,CUST_252,2024-09-24,Corporate Package,Instagram,215.58,127.64,Completed
ORD_5111,CUST_896,2024-01-08,Membership,Referral,471.06,162.07,Completed
ORD_5112,CUST_1169,2024-09-17,Media Package,Google Search,305.9,194.11,Refunded
ORD_5113,CUST_319,2024-08-12,Media Package,Partnership,444.14,160.3,Refunded
ORD_5114,CUST_294,2024-12-13,Workshop,Referral,484.57,206.65,Refunded
ORD_5115,CUST_1212,2025-05-17,Corporate Package,Partnership,437.63,267.91,Completed
ORD_5116,CUST_1291,2024-06-15,Membership,Referral,284.83,85.58,Completed
ORD_5117,CUST_485,2024-06-13,Corporate Package,Instagram,336.88,156.29,Refunded
ORD_5118,CUST_1453,2024-02-04,Corporate Package,LinkedIn,50.21,25.27,Completed
ORD_5119,CUST_680,2024-06-02,Membership,Google Search,229.76,143.41,Completed
ORD_5120,CUST_241,2024-10-14,Membership,TikTok,212.93,73.24,Cancelled
ORD_5121,CUST_735,2024-02-18,Membership,LinkedIn,56.67,35.17,Completed
ORD_5122,CUST_375,2025-05-05,Corporate Package,Google Search,165.38,56.21,Completed
ORD_5123,CUST_1214,2024-11-04,Creative Studio,TikTok,489.38,201.29,Refunded
ORD_5124,CUST_520,2024-08-03,Creative Studio,TikTok,341.14,103.04,Completed
ORD_5125,CUST_956,2024-02-25,Membership,Google Search,359.47,227.14,Completed
ORD_5126,CUST_1094,2025-02-25,Membership,LinkedIn,216.98,137.11,Completed
ORD_5127,CUST_650,2025-02-16,Media Package,Instagram,373.23,229.96,Completed
ORD_5128,CUST_124,2024-10-13,Corporate Package,Google Search,170.69,115.49,Completed
ORD_5129,CUST_1395,2025-02-20,Partner Offer,Instagram,164.83,69.25,Completed
ORD_5130,CUST_810,2025-01-19,Corporate Package,Event Walk-in,441.67,299.01,Completed
ORD_5131,CUST_715,2024-11-07,Workshop,Google Search,188.82,131.44,Completed
ORD_5132,CUST_982,2025-05-06,Workshop,Partnership,315.3,149.27,Completed
ORD_5133,CUST_467,2024-11-24,Partner Offer,LinkedIn,115.32,38.46,Completed
ORD_5134,CUST_875,2024-08-13,Corporate Package,Google Search,496.3,220.2,Completed
ORD_5135,CUST_1087,2024-11-13,Creative Studio,Instagram,42.13,22.75,Completed
ORD_5136,CUST_1109,2024-11-24,Membership,TikTok,474.25,238.65,Completed
ORD_5137,CUST_590,2025-02-03,Media Package,Referral,56.39,27.75,Completed
ORD_5138,CUST_1090,2025-05-18,Partner Offer,Instagram,440.7,215.24,Completed
ORD_5139,CUST_1054,2024-11-15,Partner Offer,Google Search,351.89,109.73,Refunded
ORD_5140,CUST_629,2024-08-02,Event Ticket,LinkedIn,269.82,156.04,Completed
ORD_5141,CUST_780,2025-06-21,Corporate Package,Partnership,129.13,47.51,Completed
ORD_5142,CUST_1007,2025-02-11,Media Package,Referral,435.57,278.35,Completed
ORD_5143,CUST_1344,2024-09-06,Partner Offer,Google Search,223.9,101.39,Completed
ORD_5144,CUST_820,2025-06-08,Partner Offer,TikTok,322.42,149.43,Completed
ORD_5145,CUST_1240,2024-03-24,Event Ticket,LinkedIn,106.17,50.75,Completed
ORD_5146,CUST_1268,2024-04-25,Media Package,Event Walk-in,114.38,61.83,Completed
ORD_5147,CUST_225,2024-10-29,Workshop,Google Search,331.58,101.8,Completed
ORD_5148,CUST_1370,2025-04-12,Event Ticket,LinkedIn,428.64,204.59,Completed
ORD_5149,CUST_521,2024-09-22,Corporate Package,Partnership,218.48,133.89,Completed
ORD_5150,CUST_1029,2024-03-13,Corporate Package,Referral,21.71,13.59,Refunded
ORD_5151,CUST_391,2024-09-23,Event Ticket,LinkedIn,84.95,25.69,Refunded
ORD_5152,CUST_1301,2025-03-14,Creative Studio,LinkedIn,357.47,231.27,Completed
ORD_5153,CUST_947,2025-05-20,Media Package,Partnership,499.38,202.55,Completed
ORD_5154,CUST_1462,2024-07-04,Media Package,Referral,74.94,43.56,Completed
ORD_5155,CUST_1464,2024-10-07,Workshop,Partnership,138.88,60.23,Refunded
ORD_5156,CUST_252,2025-04-14,Creative Studio,Instagram,45.5,18.1,Completed
ORD_5157,CUST_1426,2024-12-22,Event Ticket,Google Search,421.62,231.35,Completed
ORD_5158,CUST_1387,2024-09-11,Creative Studio,TikTok,161.0,90.31,Refunded
ORD_5159,CUST_1102,2025-02-27,Membership,Event Walk-in,319.93,191.85,Completed
ORD_5160,CUST_1302,2024-08-09,Membership,Partnership,232.09,128.13,Completed
ORD_5161,CUST_342,2024-11-29,Media Package,Instagram,116.15,68.5,Completed
ORD_5162,CUST_1457,2024-04-21,Creative Studio,Event Walk-in,152.98,71.9,Completed
ORD_5163,CUST_952,2024-06-06,Membership,Event Walk-in,121.33,69.02,Completed
ORD_5164,CUST_1173,2024-08-06,Partner Offer,LinkedIn,329.94,165.54,Completed
ORD_5165,CUST_266,2024-11-02,Media Package,Google Search,101.49,62.63,Completed
ORD_5166,CUST_163,2024-12-16,Workshop,Event Walk-in,306.92,161.52,Completed
ORD_5167,CUST_1462,2025-02-22,Corporate Package,Referral,125.27,64.48,Completed
ORD_5168,CUST_852,2025-03-19,Event Ticket,LinkedIn,125.78,83.49,Completed
ORD_5169,CUST_609,2024-08-11,Membership,Event Walk-in,187.63,103.66,Completed
ORD_5170,CUST_119,2024-11-01,Creative Studio,LinkedIn,182.71,122.31,Completed
ORD_5171,CUST_590,2025-01-26,Media Package,Referral,250.21,89.11,Completed
ORD_5172,CUST_1049,2025-01-28,Workshop,Event Walk-in,392.49,250.65,Completed
ORD_5173,CUST_1195,2024-07-28,Workshop,Instagram,433.25,196.11,Completed
ORD_5174,CUST_671,2025-01-15,Corporate Package,TikTok,220.61,114.59,Completed
ORD_5175,CUST_1210,2024-04-13,Partner Offer,Instagram,96.38,39.84,Completed
ORD_5176,CUST_255,2024-08-17,Media Package,LinkedIn,408.72,278.8,Cancelled
ORD_5177,CUST_1012,2024-12-12,Corporate Package,Instagram,134.13,81.6,Completed
ORD_5178,CUST_223,2024-06-12,Workshop,Event Walk-in,375.27,184.45,Completed
ORD_5179,CUST_562,2024-08-18,Event Ticket,Referral,325.59,206.03,Completed
ORD_5180,CUST_106,2024-03-23,Corporate Package,Event Walk-in,415.3,173.12,Completed
ORD_5181,CUST_1191,2025-06-11,Media Package,Google Search,284.6,180.35,Completed
ORD_5182,CUST_888,2024-09-27,Partner Offer,Google Search,228.86,90.55,Completed
ORD_5183,CUST_1069,2025-04-03,Workshop,Google Search,201.06,98.57,Cancelled
ORD_5184,CUST_1248,2025-06-22,Media Package,Google Search,183.36,69.69,Completed
ORD_5185,CUST_1168,2024-01-04,Media Package,Event Walk-in,228.63,158.43,Completed
ORD_5186,CUST_1246,2024-03-29,Event Ticket,Instagram,379.71,118.05,Completed
ORD_5187,CUST_1124,2024-09-16,Creative Studio,TikTok,256.56,86.98,Completed
ORD_5188,CUST_1059,2024-05-26,Media Package,LinkedIn,281.59,105.67,Completed
ORD_5189,CUST_1153,2025-05-25,Corporate Package,LinkedIn,92.45,58.35,Completed
ORD_5190,CUST_771,2025-04-23,Corporate Package,LinkedIn,412.01,158.52,Completed
ORD_5191,CUST_1435,2024-04-26,Creative Studio,Instagram,285.37,96.21,Completed
ORD_5192,CUST_6,2025-04-18,Creative Studio,LinkedIn,38.06,21.39,Cancelled
ORD_5193,CUST_1331,2024-01-22,Creative Studio,LinkedIn,99.31,55.2,Completed
ORD_5194,CUST_962,2024-03-20,Workshop,LinkedIn,324.93,190.53,Completed
ORD_5195,CUST_1112,2024-11-02,Corporate Package,Google Search,428.15,206.5,Refunded
ORD_5196,CUST_182,2024-11-22,Corporate Package,Google Search,182.95,101.87,Completed
ORD_5197,CUST_57,2024-05-05,Media Package,Referral,214.65,89.51,Completed
ORD_5198,CUST_1067,2025-02-03,Event Ticket,Instagram,461.5,164.63,Completed
ORD_5199,CUST_177,2024-05-25,Media Package,Referral,280.46,171.94,Completed
ORD_5200,CUST_603,2024-10-30,Creative Studio,TikTok,302.56,140.54,Completed
ORD_5201,CUST_519,2024-06-20,Partner Offer,TikTok,404.16,146.14,Completed
ORD_5202,CUST_1185,2024-12-02,Partner Offer,TikTok,122.08,54.71,Completed
ORD_5203,CUST_673,2025-05-28,Workshop,Instagram,303.64,100.99,Completed
ORD_5204,CUST_649,2024-08-11,Corporate Package,Instagram,59.82,33.14,Completed
ORD_5205,CUST_1111,2024-04-28,Event Ticket,TikTok,366.0,182.34,Completed
ORD_5206,CUST_332,2024-12-19,Media Package,Referral,320.0,118.33,Completed
ORD_5207,CUST_1123,2024-08-17,Event Ticket,Google Search,406.72,232.86,Completed
ORD_5208,CUST_1350,2024-04-29,Event Ticket,TikTok,215.62,150.91,Completed
ORD_5209,CUST_329,2024-07-02,Creative Studio,Event Walk-in,210.79,76.88,Completed
ORD_5210,CUST_270,2024-05-03,Partner Offer,TikTok,345.13,131.99,Cancelled
ORD_5211,CUST_614,2025-01-02,Creative Studio,Instagram,42.05,12.85,Completed
ORD_5212,CUST_1046,2025-04-13,Membership,TikTok,225.12,139.05,Completed
ORD_5213,CUST_1054,2024-08-21,Event Ticket,Google Search,131.44,68.71,Completed
ORD_5214,CUST_50,2024-02-23,Workshop,Google Search,325.27,173.17,Completed
ORD_5215,CUST_672,2025-03-21,Media Package,TikTok,107.73,71.41,Completed
ORD_5216,CUST_350,2024-02-24,Creative Studio,Partnership,75.9,24.19,Refunded
ORD_5217,CUST_1109,2024-05-12,Corporate Package,TikTok,331.46,205.65,Completed
ORD_5218,CUST_1381,2025-04-04,Workshop,Referral,329.11,175.79,Completed
ORD_5219,CUST_852,2024-08-06,Creative Studio,LinkedIn,255.39,168.36,Completed
ORD_5220,CUST_1232,2024-02-17,Partner Offer,TikTok,144.75,82.15,Completed
ORD_5221,CUST_447,2024-10-04,Membership,TikTok,443.62,237.88,Completed
ORD_5222,CUST_1091,2025-06-24,Membership,Referral,285.39,94.61,Completed
ORD_5223,CUST_1063,2025-01-03,Workshop,Referral,65.86,36.47,Completed
ORD_5224,CUST_1478,2024-10-13,Partner Offer,Partnership,58.08,31.56,Completed
ORD_5225,CUST_1319,2025-05-11,Media Package,Event Walk-in,133.46,89.26,Refunded
ORD_5226,CUST_905,2024-03-21,Workshop,Referral,80.25,39.78,Completed
ORD_5227,CUST_1407,2025-03-04,Creative Studio,Referral,295.42,107.78,Cancelled
ORD_5228,CUST_332,2025-06-14,Corporate Package,Referral,486.77,266.46,Refunded
ORD_5229,CUST_1380,2024-03-18,Membership,Event Walk-in,465.52,263.1,Completed
ORD_5230,CUST_760,2024-08-31,Creative Studio,Partnership,99.87,54.75,Completed
ORD_5231,CUST_683,2024-02-05,Creative Studio,Google Search,267.5,163.17,Completed
ORD_5232,CUST_275,2024-07-28,Partner Offer,Referral,305.36,149.3,Completed
ORD_5233,CUST_606,2025-02-05,Membership,Referral,149.41,80.75,Completed
ORD_5234,CUST_585,2024-08-19,Creative Studio,Event Walk-in,209.13,122.79,Completed
ORD_5235,CUST_834,2024-10-03,Corporate Package,Referral,429.37,291.66,Cancelled
ORD_5236,CUST_412,2024-08-02,Media Package,Event Walk-in,304.28,110.9,Completed
ORD_5237,CUST_120,2024-09-08,Partner Offer,Partnership,230.12,157.97,Cancelled
ORD_5238,CUST_233,2025-06-14,Partner Offer,TikTok,412.91,251.39,Refunded
ORD_5239,CUST_1226,2025-04-30,Event Ticket,Instagram,196.4,94.91,Completed
ORD_5240,CUST_13,2025-04-25,Event Ticket,LinkedIn,170.19,102.6,Refunded
ORD_5241,CUST_56,2025-03-18,Membership,Event Walk-in,394.91,128.93,Completed
ORD_5242,CUST_692,2025-06-03,Creative Studio,LinkedIn,48.92,29.24,Completed
ORD_5243,CUST_1221,2025-01-17,Creative Studio,Google Search,331.71,213.13,Completed
ORD_5244,CUST_1293,2024-02-15,Corporate Package,LinkedIn,39.79,21.3,Completed
ORD_5245,CUST_479,2025-03-16,Creative Studio,LinkedIn,461.45,260.29,Completed
ORD_5246,CUST_220,2024-09-30,Media Package,LinkedIn,346.69,134.27,Completed
ORD_5247,CUST_487,2024-10-13,Workshop,Referral,179.12,55.33,Completed
ORD_5248,CUST_908,2025-06-08,Partner Offer,TikTok,311.11,165.81,Refunded
ORD_5249,CUST_417,2024-12-26,Media Package,Event Walk-in,397.24,220.99,Completed
ORD_5250,CUST_598,2024-05-05,Media Package,Partnership,370.01,156.62,Completed
ORD_5251,CUST_151,2025-05-30,Creative Studio,Google Search,163.65,103.28,Completed
ORD_5252,CUST_465,2025-02-27,Media Package,Instagram,335.76,195.46,Cancelled
ORD_5253,CUST_1247,2025-03-26,Workshop,Referral,451.01,242.41,Completed
ORD_5254,CUST_458,2024-08-24,Corporate Package,LinkedIn,339.12,152.63,Completed
ORD_5255,CUST_1110,2025-04-06,Partner Offer,Google Search,285.09,123.79,Completed
ORD_5256,CUST_884,2024-08-08,Workshop,Instagram,219.9,152.14,Completed
ORD_5257,CUST_615,2024-08-20,Corporate Package,LinkedIn,413.72,249.46,Completed
ORD_5258,CUST_1284,2024-03-18,Partner Offer,Partnership,369.14,243.58,Completed
ORD_5259,CUST_87,2024-08-01,Membership,LinkedIn,340.76,126.0,Completed
ORD_5260,CUST_1294,2024-01-23,Membership,Event Walk-in,443.84,267.35,Completed
ORD_5261,CUST_418,2025-02-10,Event Ticket,Google Search,257.02,101.3,Completed
ORD_5262,CUST_1013,2025-03-24,Corporate Package,TikTok,308.49,111.93,Completed
ORD_5263,CUST_330,2024-10-19,Membership,LinkedIn,51.39,32.83,Refunded
ORD_5264,CUST_392,2024-07-12,Partner Offer,Referral,486.54,205.22,Completed
ORD_5265,CUST_1157,2024-07-23,Media Package,Partnership,312.62,184.38,Completed
ORD_5266,CUST_1120,2024-01-09,Corporate Package,Partnership,35.68,24.08,Completed
ORD_5267,CUST_1409,2024-03-22,Media Package,Instagram,434.55,281.78,Completed
ORD_5268,CUST_463,2025-03-19,Creative Studio,TikTok,498.93,348.81,Completed
ORD_5269,CUST_838,2024-01-22,Media Package,Partnership,196.88,84.4,Completed
ORD_5270,CUST_1129,2025-02-16,Partner Offer,TikTok,411.96,124.95,Completed
ORD_5271,CUST_83,2024-05-30,Event Ticket,TikTok,236.17,80.58,Completed
ORD_5272,CUST_194,2025-02-27,Creative Studio,Partnership,212.76,130.76,Completed
ORD_5273,CUST_93,2025-01-21,Creative Studio,Google Search,228.22,93.81,Completed
ORD_5274,CUST_1071,2024-08-14,Corporate Package,Instagram,141.93,60.46,Completed
ORD_5275,CUST_332,2024-08-02,Media Package,Referral,149.71,100.06,Completed
ORD_5276,CUST_768,2024-04-26,Membership,Google Search,435.17,225.12,Refunded
ORD_5277,CUST_666,2024-05-26,Partner Offer,TikTok,59.12,27.66,Completed
ORD_5278,CUST_1113,2024-05-23,Membership,TikTok,105.3,37.45,Completed
ORD_5279,CUST_1413,2024-02-29,Creative Studio,Event Walk-in,210.95,126.1,Cancelled
ORD_5280,CUST_149,2024-07-06,Event Ticket,Referral,353.02,223.97,Completed
ORD_5281,CUST_1209,2025-05-18,Workshop,TikTok,170.49,56.5,Completed
ORD_5282,CUST_1267,2024-07-09,Event Ticket,Event Walk-in,418.95,263.66,Completed
ORD_5283,CUST_903,2025-04-01,Workshop,Event Walk-in,64.9,43.9,Refunded
ORD_5284,CUST_110,2024-08-08,Media Package,TikTok,304.33,209.21,Completed
ORD_5285,CUST_707,2024-04-04,Membership,TikTok,439.79,153.52,Completed
ORD_5286,CUST_126,2024-12-09,Partner Offer,LinkedIn,456.02,292.31,Completed
ORD_5287,CUST_425,2024-08-10,Corporate Package,Partnership,426.61,160.82,Completed
ORD_5288,CUST_415,2025-04-27,Corporate Package,TikTok,348.17,186.25,Completed
ORD_5289,CUST_1065,2024-01-08,Event Ticket,Google Search,486.3,198.25,Completed
ORD_5290,CUST_207,2024-05-12,Workshop,Event Walk-in,205.6,91.78,Completed
ORD_5291,CUST_1403,2024-05-12,Workshop,Partnership,456.15,212.17,Completed
ORD_5292,CUST_990,2024-01-25,Event Ticket,Partnership,279.48,170.19,Completed
ORD_5293,CUST_989,2025-03-30,Event Ticket,TikTok,47.79,16.29,Completed
ORD_5294,CUST_1300,2024-11-24,Media Package,Google Search,459.02,315.46,Refunded
ORD_5295,CUST_467,2024-01-08,Corporate Package,LinkedIn,346.79,194.13,Completed
ORD_5296,CUST_1315,2024-11-25,Event Ticket,Instagram,201.04,105.3,Refunded
ORD_5297,CUST_570,2025-04-28,Corporate Package,Partnership,61.49,21.9,Completed
ORD_5298,CUST_1357,2024-03-21,Event Ticket,Google Search,357.66,240.67,Cancelled
ORD_5299,CUST_320,2024-06-08,Workshop,LinkedIn,398.7,271.22,Completed
ORD_5300,CUST_720,2025-02-25,Workshop,LinkedIn,137.87,47.79,Completed
ORD_5301,CUST_347,2024-11-15,Workshop,Instagram,258.07,104.3,Completed
ORD_5302,CUST_50,2024-05-31,Partner Offer,Google Search,257.46,165.89,Completed
ORD_5303,CUST_1293,2024-08-17,Event Ticket,LinkedIn,292.44,166.74,Completed
ORD_5304,CUST_1206,2024-01-15,Corporate Package,Event Walk-in,167.43,80.4,Completed
ORD_5305,CUST_1152,2024-08-11,Membership,Referral,220.94,107.87,Completed
ORD_5306,CUST_10,2024-08-28,Media Package,Referral,214.79,79.28,Completed
ORD_5307,CUST_1022,2024-07-22,Corporate Package,Instagram,307.94,108.78,Completed
ORD_5308,CUST_359,2024-11-02,Corporate Package,Partnership,313.25,194.46,Refunded
ORD_5309,CUST_44,2024-10-17,Media Package,Event Walk-in,222.65,105.32,Completed
ORD_5310,CUST_482,2024-03-19,Workshop,Event Walk-in,294.2,139.2,Completed
ORD_5311,CUST_454,2025-01-08,Media Package,Partnership,303.32,176.99,Completed
ORD_5312,CUST_178,2024-11-23,Workshop,LinkedIn,165.64,74.59,Completed
ORD_5313,CUST_1488,2024-04-23,Corporate Package,Referral,224.28,73.05,Completed
ORD_5314,CUST_1111,2025-02-11,Corporate Package,TikTok,105.9,41.13,Cancelled
ORD_5315,CUST_1289,2024-10-22,Corporate Package,Referral,298.37,158.68,Refunded
ORD_5316,CUST_473,2024-07-07,Membership,Partnership,208.61,119.57,Refunded
ORD_5317,CUST_299,2024-03-06,Corporate Package,Event Walk-in,82.6,25.06,Completed
ORD_5318,CUST_646,2025-05-31,Workshop,TikTok,187.23,116.68,Completed
ORD_5319,CUST_1500,2024-12-17,Corporate Package,Google Search,468.8,265.95,Completed
ORD_5320,CUST_992,2024-08-03,Corporate Package,Referral,349.59,190.08,Completed
ORD_5321,CUST_1154,2024-02-12,Event Ticket,LinkedIn,149.11,96.5,Refunded
ORD_5322,CUST_263,2024-02-09,Corporate Package,LinkedIn,292.12,160.16,Completed
ORD_5323,CUST_464,2025-06-14,Corporate Package,TikTok,293.54,154.54,Completed
ORD_5324,CUST_1090,2024-01-08,Media Package,Instagram,439.24,265.5,Completed
ORD_5325,CUST_75,2024-05-31,Corporate Package,Referral,32.55,21.0,Completed
ORD_5326,CUST_663,2025-05-24,Creative Studio,LinkedIn,253.48,141.88,Cancelled
ORD_5327,CUST_1473,2025-03-26,Workshop,LinkedIn,171.57,80.67,Completed
ORD_5328,CUST_740,2024-02-05,Event Ticket,Referral,446.04,273.52,Completed
ORD_5329,CUST_634,2024-11-12,Creative Studio,Referral,144.09,64.93,Completed
ORD_5330,CUST_1015,2025-06-05,Workshop,Event Walk-in,242.31,108.07,Completed
ORD_5331,CUST_1013,2024-10-02,Creative Studio,TikTok,411.02,170.16,Completed
ORD_5332,CUST_8,2024-09-11,Media Package,Referral,219.24,138.6,Completed
ORD_5333,CUST_284,2024-09-30,Workshop,Google Search,65.25,29.12,Completed
ORD_5334,CUST_402,2024-04-04,Partner Offer,LinkedIn,225.53,78.28,Completed
ORD_5335,CUST_206,2024-12-05,Workshop,Instagram,262.22,146.68,Completed
ORD_5336,CUST_318,2025-05-26,Event Ticket,LinkedIn,452.21,307.99,Completed
ORD_5337,CUST_1057,2024-05-13,Workshop,TikTok,478.83,206.92,Completed
ORD_5338,CUST_868,2024-07-13,Event Ticket,Event Walk-in,478.19,261.74,Completed
ORD_5339,CUST_35,2024-03-08,Creative Studio,Referral,380.6,189.5,Completed
ORD_5340,CUST_329,2024-03-11,Workshop,Event Walk-in,146.95,79.08,Refunded
ORD_5341,CUST_433,2024-01-11,Creative Studio,Instagram,22.09,10.87,Completed
ORD_5342,CUST_91,2025-03-31,Partner Offer,Event Walk-in,198.55,66.35,Completed
ORD_5343,CUST_1078,2024-06-28,Membership,Referral,187.73,94.8,Cancelled
ORD_5344,CUST_989,2024-04-02,Event Ticket,TikTok,445.26,274.51,Completed
ORD_5345,CUST_345,2024-06-05,Partner Offer,LinkedIn,66.14,41.76,Completed
ORD_5346,CUST_1124,2024-12-22,Event Ticket,TikTok,384.14,262.51,Completed
ORD_5347,CUST_748,2025-02-03,Membership,LinkedIn,31.34,13.42,Completed
ORD_5348,CUST_1210,2025-01-20,Partner Offer,Instagram,289.18,129.04,Completed
ORD_5349,CUST_771,2024-10-27,Creative Studio,LinkedIn,106.54,38.79,Refunded
ORD_5350,CUST_1005,2025-04-24,Partner Offer,Referral,228.04,79.05,Completed
ORD_5351,CUST_955,2025-03-18,Partner Offer,Partnership,383.37,266.28,Completed
ORD_5352,CUST_1137,2025-02-28,Event Ticket,Partnership,234.1,126.75,Completed
ORD_5353,CUST_1122,2025-03-13,Corporate Package,Instagram,227.47,138.74,Completed
ORD_5354,CUST_343,2024-07-10,Workshop,Referral,207.55,76.54,Cancelled
ORD_5355,CUST_411,2024-05-08,Corporate Package,Partnership,235.49,72.78,Refunded
ORD_5356,CUST_727,2024-11-04,Membership,Partnership,306.39,127.95,Completed
ORD_5357,CUST_1221,2025-05-19,Creative Studio,Google Search,376.79,220.45,Completed
ORD_5358,CUST_970,2024-03-31,Event Ticket,TikTok,471.22,194.05,Refunded
ORD_5359,CUST_730,2024-11-12,Event Ticket,TikTok,167.29,70.51,Completed
ORD_5360,CUST_878,2024-01-30,Workshop,LinkedIn,403.18,204.38,Completed
ORD_5361,CUST_571,2024-06-02,Creative Studio,Referral,32.76,20.56,Refunded
ORD_5362,CUST_1327,2024-07-02,Membership,Referral,484.86,225.13,Completed
ORD_5363,CUST_213,2024-12-18,Event Ticket,Event Walk-in,495.78,330.28,Completed
ORD_5364,CUST_1319,2025-02-27,Workshop,Event Walk-in,406.37,197.87,Completed
ORD_5365,CUST_555,2024-11-28,Event Ticket,Referral,185.31,77.84,Completed
ORD_5366,CUST_680,2024-06-04,Partner Offer,Google Search,42.8,16.02,Completed
ORD_5367,CUST_1181,2025-06-10,Event Ticket,Event Walk-in,229.17,151.78,Cancelled
ORD_5368,CUST_683,2024-11-13,Workshop,Google Search,53.53,26.93,Refunded
ORD_5369,CUST_1156,2024-01-26,Partner Offer,Partnership,492.25,199.51,Completed
ORD_5370,CUST_642,2025-03-04,Workshop,TikTok,394.65,224.35,Completed
ORD_5371,CUST_1343,2024-02-14,Workshop,Partnership,51.8,34.82,Completed
ORD_5372,CUST_1222,2024-12-08,Corporate Package,Google Search,343.51,165.99,Cancelled
ORD_5373,CUST_236,2025-05-01,Corporate Package,Referral,230.0,132.62,Refunded
ORD_5374,CUST_295,2024-09-22,Membership,Google Search,292.08,107.33,Completed
ORD_5375,CUST_354,2024-10-16,Media Package,TikTok,145.55,80.76,Completed
ORD_5376,CUST_623,2024-01-23,Workshop,TikTok,461.17,153.35,Completed
ORD_5377,CUST_552,2025-03-27,Creative Studio,Referral,349.4,130.37,Refunded
ORD_5378,CUST_107,2025-01-30,Membership,LinkedIn,453.08,281.28,Completed
ORD_5379,CUST_829,2025-06-18,Partner Offer,Referral,136.38,82.32,Completed
ORD_5380,CUST_643,2024-04-28,Membership,Instagram,354.55,135.65,Completed
ORD_5381,CUST_1470,2024-07-15,Creative Studio,Partnership,457.2,319.47,Completed
ORD_5382,CUST_557,2024-02-25,Partner Offer,Event Walk-in,25.01,12.51,Completed
ORD_5383,CUST_76,2024-03-16,Event Ticket,Google Search,127.67,84.93,Completed
ORD_5384,CUST_2,2025-05-03,Event Ticket,Referral,286.31,184.67,Completed
ORD_5385,CUST_556,2024-09-01,Partner Offer,Referral,358.76,121.37,Completed
ORD_5386,CUST_1134,2024-05-22,Membership,Google Search,300.17,90.44,Completed
ORD_5387,CUST_355,2024-01-25,Media Package,TikTok,391.36,124.05,Completed
ORD_5388,CUST_722,2024-11-13,Corporate Package,Event Walk-in,295.6,198.39,Completed
ORD_5389,CUST_1201,2025-01-13,Media Package,TikTok,187.24,118.27,Refunded
ORD_5390,CUST_978,2025-06-04,Partner Offer,Google Search,173.07,108.66,Refunded
ORD_5391,CUST_1003,2025-06-27,Membership,LinkedIn,380.48,199.64,Completed
ORD_5392,CUST_900,2025-02-06,Partner Offer,TikTok,497.67,285.88,Completed
ORD_5393,CUST_569,2024-04-08,Media Package,Partnership,487.19,201.87,Completed
ORD_5394,CUST_1266,2024-08-18,Creative Studio,Google Search,363.53,122.03,Completed
ORD_5395,CUST_1205,2024-08-13,Partner Offer,Instagram,116.23,48.91,Completed
ORD_5396,CUST_803,2024-04-24,Corporate Package,Instagram,342.07,181.28,Completed
ORD_5397,CUST_354,2025-05-30,Workshop,TikTok,157.59,86.52,Completed
ORD_5398,CUST_1350,2024-11-10,Partner Offer,TikTok,395.85,169.0,Completed
ORD_5399,CUST_1156,2024-11-18,Media Package,Partnership,82.68,55.04,Completed
ORD_5400,CUST_676,2025-03-06,Corporate Package,Instagram,144.03,78.66,Completed
ORD_5401,CUST_1078,2024-08-26,Membership,Referral,387.09,214.35,Cancelled
ORD_5402,CUST_114,2024-02-27,Creative Studio,Instagram,73.35,49.4,Completed
ORD_5403,CUST_334,2024-08-10,Event Ticket,Instagram,247.66,107.3,Completed
ORD_5404,CUST_741,2024-12-13,Workshop,Partnership,446.5,137.78,Completed
ORD_5405,CUST_1494,2025-05-27,Event Ticket,Referral,456.51,171.52,Completed
ORD_5406,CUST_1017,2025-06-09,Creative Studio,LinkedIn,397.9,266.76,Completed
ORD_5407,CUST_59,2024-01-04,Partner Offer,LinkedIn,193.75,96.65,Refunded
ORD_5408,CUST_1259,2024-05-08,Workshop,TikTok,478.79,262.65,Completed
ORD_5409,CUST_1364,2024-02-04,Corporate Package,TikTok,87.56,44.1,Completed
ORD_5410,CUST_885,2024-10-09,Workshop,Google Search,191.86,84.38,Completed
ORD_5411,CUST_1074,2024-09-14,Partner Offer,Google Search,356.19,192.75,Completed
ORD_5412,CUST_807,2024-07-19,Membership,LinkedIn,338.77,202.1,Completed
ORD_5413,CUST_1005,2024-06-29,Partner Offer,Referral,269.57,139.55,Cancelled
ORD_5414,CUST_1381,2024-07-28,Corporate Package,Referral,56.23,18.91,Completed
ORD_5415,CUST_1259,2024-12-27,Creative Studio,TikTok,470.18,279.59,Completed
ORD_5416,CUST_564,2024-12-15,Partner Offer,Referral,361.87,129.9,Completed
ORD_5417,CUST_983,2024-06-09,Membership,TikTok,66.53,20.92,Completed
ORD_5418,CUST_832,2025-06-28,Event Ticket,LinkedIn,94.7,45.54,Completed
ORD_5419,CUST_567,2024-10-31,Partner Offer,Google Search,482.65,333.15,Completed
ORD_5420,CUST_782,2024-06-05,Media Package,LinkedIn,227.41,93.94,Completed
ORD_5421,CUST_1493,2024-03-07,Membership,TikTok,257.54,116.85,Refunded
ORD_5422,CUST_899,2024-10-13,Media Package,TikTok,109.15,35.24,Completed
ORD_5423,CUST_235,2024-07-12,Corporate Package,Partnership,293.93,100.55,Completed
ORD_5424,CUST_1308,2024-04-11,Creative Studio,Google Search,439.41,265.95,Completed
ORD_5425,CUST_454,2024-06-20,Event Ticket,Partnership,143.19,44.13,Completed
ORD_5426,CUST_1122,2024-09-28,Event Ticket,Instagram,65.54,44.09,Completed
ORD_5427,CUST_1321,2025-06-02,Membership,Partnership,473.63,246.7,Completed
ORD_5428,CUST_1252,2024-01-06,Media Package,Google Search,310.33,151.33,Completed
ORD_5429,CUST_930,2024-03-18,Partner Offer,Google Search,496.82,341.22,Completed
ORD_5430,CUST_1045,2025-03-07,Corporate Package,Referral,190.13,79.1,Completed
ORD_5431,CUST_324,2024-02-01,Workshop,Google Search,201.05,117.13,Completed
ORD_5432,CUST_646,2024-08-13,Partner Offer,TikTok,88.13,26.53,Completed
ORD_5433,CUST_955,2025-03-27,Partner Offer,Partnership,45.86,18.96,Completed
ORD_5434,CUST_966,2025-03-16,Membership,Google Search,164.63,84.8,Completed
ORD_5435,CUST_560,2025-01-11,Creative Studio,TikTok,198.22,75.27,Completed
ORD_5436,CUST_1273,2024-09-03,Partner Offer,Partnership,95.05,49.68,Completed
ORD_5437,CUST_418,2025-04-20,Partner Offer,Google Search,365.32,251.79,Refunded
ORD_5438,CUST_366,2024-07-25,Event Ticket,TikTok,387.75,153.39,Completed
ORD_5439,CUST_1193,2024-12-01,Membership,LinkedIn,79.11,37.98,Completed
ORD_5440,CUST_122,2025-01-19,Event Ticket,TikTok,194.25,120.2,Completed
ORD_5441,CUST_1364,2024-06-11,Creative Studio,TikTok,144.8,64.45,Cancelled
ORD_5442,CUST_1036,2024-02-18,Event Ticket,Partnership,260.96,88.66,Completed
ORD_5443,CUST_626,2024-07-21,Media Package,TikTok,265.08,136.74,Completed
ORD_5444,CUST_1299,2024-12-08,Partner Offer,Instagram,84.9,28.05,Completed
ORD_5445,CUST_571,2025-06-29,Membership,Referral,134.47,61.01,Completed
ORD_5446,CUST_595,2024-02-16,Membership,Instagram,353.45,214.57,Completed
ORD_5447,CUST_1403,2025-04-29,Corporate Package,Partnership,435.42,207.43,Completed
ORD_5448,CUST_536,2025-06-27,Workshop,Google Search,201.78,140.13,Completed
ORD_5449,CUST_17,2025-05-14,Corporate Package,Instagram,426.09,240.01,Completed
ORD_5450,CUST_260,2024-09-24,Partner Offer,TikTok,231.53,78.42,Completed
ORD_5451,CUST_1131,2024-08-22,Creative Studio,Instagram,474.0,304.91,Completed
ORD_5452,CUST_519,2024-02-08,Corporate Package,TikTok,445.31,134.32,Completed
ORD_5453,CUST_527,2025-03-20,Creative Studio,Google Search,380.83,243.0,Completed
ORD_5454,CUST_410,2024-11-04,Workshop,LinkedIn,128.1,50.84,Completed
ORD_5455,CUST_635,2025-06-29,Corporate Package,TikTok,422.68,287.8,Completed
ORD_5456,CUST_1039,2024-03-15,Media Package,Partnership,443.73,145.42,Completed
ORD_5457,CUST_601,2024-10-12,Creative Studio,Referral,298.21,189.21,Completed
ORD_5458,CUST_670,2024-07-10,Media Package,Referral,345.59,120.36,Completed
ORD_5459,CUST_455,2025-03-02,Workshop,Instagram,416.22,141.08,Completed
ORD_5460,CUST_1000,2024-07-22,Workshop,Referral,47.01,15.03,Completed
ORD_5461,CUST_245,2024-06-03,Event Ticket,Referral,45.87,25.59,Completed
ORD_5462,CUST_1140,2024-03-23,Partner Offer,Instagram,374.45,170.97,Cancelled
ORD_5463,CUST_1189,2025-01-10,Corporate Package,Referral,225.25,149.2,Completed
ORD_5464,CUST_283,2024-01-06,Partner Offer,TikTok,181.42,123.16,Completed
ORD_5465,CUST_51,2024-12-29,Partner Offer,LinkedIn,270.56,122.12,Completed
ORD_5466,CUST_591,2024-08-24,Event Ticket,Event Walk-in,401.44,266.92,Completed
ORD_5467,CUST_1252,2024-09-13,Workshop,Google Search,310.5,168.41,Completed
ORD_5468,CUST_647,2024-04-24,Creative Studio,Referral,252.65,132.68,Refunded
ORD_5469,CUST_435,2025-06-07,Partner Offer,Referral,269.97,180.97,Completed
ORD_5470,CUST_1443,2025-02-02,Workshop,LinkedIn,252.93,111.31,Completed
ORD_5471,CUST_239,2024-10-25,Membership,Event Walk-in,396.29,186.07,Completed
ORD_5472,CUST_158,2025-05-19,Membership,LinkedIn,268.41,105.52,Completed
ORD_5473,CUST_1243,2024-09-26,Corporate Package,Event Walk-in,301.18,127.8,Refunded
ORD_5474,CUST_220,2024-05-26,Workshop,LinkedIn,274.39,82.86,Completed
ORD_5475,CUST_1052,2024-01-21,Event Ticket,Referral,102.04,52.86,Completed
ORD_5476,CUST_498,2024-01-08,Membership,LinkedIn,158.14,60.62,Completed
ORD_5477,CUST_315,2024-03-12,Event Ticket,TikTok,407.3,169.63,Completed
ORD_5478,CUST_667,2024-01-13,Media Package,Referral,274.38,88.79,Completed
ORD_5479,CUST_1079,2025-04-24,Workshop,Referral,53.33,26.06,Completed
ORD_5480,CUST_671,2024-06-21,Event Ticket,TikTok,441.73,261.67,Refunded
ORD_5481,CUST_1083,2024-08-08,Creative Studio,Event Walk-in,499.84,233.58,Completed
ORD_5482,CUST_971,2024-10-21,Membership,Referral,126.61,78.47,Refunded
ORD_5483,CUST_1143,2024-12-07,Membership,LinkedIn,219.53,119.95,Completed
ORD_5484,CUST_1096,2024-09-24,Partner Offer,TikTok,409.05,197.85,Completed
ORD_5485,CUST_213,2025-05-05,Creative Studio,Event Walk-in,107.25,32.59,Refunded
ORD_5486,CUST_644,2024-01-22,Partner Offer,Google Search,176.31,107.44,Completed
ORD_5487,CUST_336,2024-08-22,Workshop,Partnership,237.87,132.36,Completed
ORD_5488,CUST_417,2025-06-30,Workshop,Event Walk-in,70.24,26.3,Completed
ORD_5489,CUST_75,2025-02-07,Event Ticket,Referral,197.73,109.43,Completed
ORD_5490,CUST_1398,2025-04-13,Corporate Package,Referral,162.85,86.68,Completed
ORD_5491,CUST_704,2024-11-30,Corporate Package,TikTok,499.42,325.33,Completed
ORD_5492,CUST_857,2024-01-30,Media Package,Instagram,241.47,99.56,Completed
ORD_5493,CUST_887,2024-05-26,Media Package,Instagram,487.18,212.58,Completed
ORD_5494,CUST_48,2025-01-24,Membership,Instagram,260.07,136.1,Completed
ORD_5495,CUST_1100,2024-10-28,Membership,Google Search,78.53,47.58,Completed
ORD_5496,CUST_1170,2025-03-21,Partner Offer,Event Walk-in,222.78,148.57,Completed
ORD_5497,CUST_104,2025-02-28,Membership,LinkedIn,301.09,194.47,Completed
ORD_5498,CUST_794,2025-03-30,Membership,Instagram,216.28,99.62,Completed
ORD_5499,CUST_657,2024-06-19,Membership,TikTok,359.66,238.73,Completed
ORD_5500,CUST_1464,2024-06-07,Partner Offer,Partnership,130.94,71.41,Completed
ORD_5501,CUST_545,2024-03-03,Creative Studio,Event Walk-in,83.7,31.03,Completed
ORD_5502,CUST_1480,2024-09-01,Membership,TikTok,307.5,101.15,Completed
ORD_5503,CUST_267,2024-10-26,Event Ticket,Partnership,313.86,168.31,Completed
ORD_5504,CUST_896,2024-12-27,Creative Studio,Referral,21.87,9.12,Completed
ORD_5505,CUST_381,2024-07-03,Creative Studio,Partnership,436.94,178.03,Completed
ORD_5506,CUST_1075,2024-02-21,Membership,TikTok,420.0,137.48,Completed
ORD_5507,CUST_262,2024-09-10,Event Ticket,Google Search,210.39,115.1,Completed
ORD_5508,CUST_1203,2024-04-11,Workshop,Referral,33.34,15.8,Completed
ORD_5509,CUST_149,2024-10-13,Corporate Package,Referral,367.31,174.88,Completed
ORD_5510,CUST_331,2024-01-25,Partner Offer,Partnership,199.53,111.77,Completed
ORD_5511,CUST_107,2024-04-05,Creative Studio,LinkedIn,358.12,197.87,Completed
ORD_5512,CUST_332,2025-06-12,Workshop,Referral,437.25,160.64,Completed
ORD_5513,CUST_871,2025-04-30,Membership,Partnership,23.13,14.41,Completed
ORD_5514,CUST_1326,2024-09-29,Workshop,LinkedIn,62.98,40.44,Completed
ORD_5515,CUST_920,2024-09-22,Corporate Package,LinkedIn,57.24,38.49,Completed
ORD_5516,CUST_452,2024-04-03,Workshop,Partnership,72.4,25.64,Refunded
ORD_5517,CUST_515,2024-03-08,Corporate Package,Referral,149.0,87.95,Completed
ORD_5518,CUST_606,2024-05-27,Creative Studio,Referral,154.44,96.09,Completed
ORD_5519,CUST_797,2025-02-20,Membership,Google Search,94.26,46.31,Refunded
ORD_5520,CUST_628,2024-10-18,Media Package,Referral,228.57,85.85,Completed
ORD_5521,CUST_831,2024-08-09,Creative Studio,Instagram,67.82,30.28,Completed
ORD_5522,CUST_654,2024-07-12,Partner Offer,Instagram,123.26,78.84,Completed
ORD_5523,CUST_88,2025-04-28,Event Ticket,Event Walk-in,342.47,135.97,Completed
ORD_5524,CUST_865,2024-11-25,Creative Studio,Partnership,291.51,107.53,Completed
ORD_5525,CUST_774,2025-02-04,Membership,Google Search,176.03,97.73,Completed
ORD_5526,CUST_488,2024-05-02,Creative Studio,Event Walk-in,39.66,23.37,Completed
ORD_5527,CUST_731,2024-12-27,Media Package,Instagram,226.77,99.02,Cancelled
ORD_5528,CUST_678,2024-04-23,Workshop,Event Walk-in,190.1,68.47,Completed
ORD_5529,CUST_1452,2025-04-05,Creative Studio,Google Search,364.33,125.95,Completed
ORD_5530,CUST_281,2024-05-27,Partner Offer,Referral,396.05,266.14,Completed
ORD_5531,CUST_1430,2024-07-12,Workshop,Event Walk-in,427.02,233.66,Completed
ORD_5532,CUST_543,2025-02-28,Creative Studio,TikTok,162.36,100.69,Completed
ORD_5533,CUST_603,2025-01-09,Corporate Package,TikTok,134.32,63.98,Completed
ORD_5534,CUST_1060,2024-09-22,Event Ticket,Referral,137.39,55.98,Completed
ORD_5535,CUST_1112,2025-06-08,Partner Offer,Google Search,348.46,203.24,Completed
ORD_5536,CUST_66,2024-07-03,Partner Offer,Event Walk-in,384.81,235.02,Cancelled
ORD_5537,CUST_1439,2024-10-11,Creative Studio,Referral,292.51,103.01,Completed
ORD_5538,CUST_904,2024-10-08,Creative Studio,TikTok,315.44,129.82,Completed
ORD_5539,CUST_1287,2024-06-02,Creative Studio,TikTok,278.31,103.24,Completed
ORD_5540,CUST_966,2025-03-15,Partner Offer,Google Search,155.59,49.29,Completed
ORD_5541,CUST_1388,2024-08-20,Media Package,Instagram,79.77,47.09,Completed
ORD_5542,CUST_330,2024-08-24,Media Package,LinkedIn,155.24,85.54,Completed
ORD_5543,CUST_478,2024-07-25,Creative Studio,LinkedIn,361.22,148.61,Completed
ORD_5544,CUST_238,2024-08-24,Media Package,Instagram,128.6,54.43,Completed
ORD_5545,CUST_807,2024-04-10,Creative Studio,LinkedIn,54.0,36.47,Completed
ORD_5546,CUST_1195,2024-02-24,Media Package,Instagram,155.45,68.91,Completed
ORD_5547,CUST_1344,2024-02-29,Workshop,Google Search,95.0,59.32,Cancelled
ORD_5548,CUST_1174,2025-06-27,Membership,LinkedIn,353.61,139.59,Completed
ORD_5549,CUST_411,2024-09-20,Membership,Partnership,203.15,132.47,Completed
ORD_5550,CUST_164,2025-02-05,Membership,Instagram,330.73,203.33,Completed
ORD_5551,CUST_619,2024-03-08,Event Ticket,LinkedIn,49.55,19.05,Completed
ORD_5552,CUST_631,2025-01-02,Corporate Package,TikTok,95.17,43.5,Completed
ORD_5553,CUST_350,2025-05-24,Creative Studio,Partnership,476.56,167.77,Completed
ORD_5554,CUST_311,2024-10-25,Workshop,Google Search,116.2,68.08,Completed
ORD_5555,CUST_1350,2025-02-06,Media Package,TikTok,455.72,140.94,Completed
ORD_5556,CUST_8,2024-05-27,Event Ticket,Referral,388.98,232.16,Completed
ORD_5557,CUST_836,2025-06-16,Membership,Google Search,393.22,137.46,Completed
ORD_5558,CUST_545,2024-06-19,Partner Offer,Event Walk-in,344.34,117.74,Completed
ORD_5559,CUST_245,2025-04-12,Partner Offer,Referral,127.99,44.1,Completed
ORD_5560,CUST_1250,2024-01-04,Workshop,Partnership,309.75,148.61,Completed
ORD_5561,CUST_491,2024-07-27,Creative Studio,LinkedIn,352.94,124.41,Refunded
ORD_5562,CUST_935,2025-02-04,Creative Studio,Partnership,430.44,286.79,Completed
ORD_5563,CUST_1480,2024-07-20,Creative Studio,TikTok,292.45,114.86,Completed
ORD_5564,CUST_1473,2024-12-10,Partner Offer,LinkedIn,133.65,71.81,Completed
ORD_5565,CUST_1290,2024-04-17,Corporate Package,Event Walk-in,20.0,9.76,Completed
ORD_5566,CUST_396,2024-06-02,Corporate Package,Referral,301.77,168.93,Completed
ORD_5567,CUST_1079,2024-05-16,Partner Offer,Referral,283.15,125.3,Completed
ORD_5568,CUST_629,2024-03-24,Workshop,LinkedIn,266.29,169.24,Completed
ORD_5569,CUST_1432,2024-06-10,Media Package,Event Walk-in,35.88,24.6,Completed
ORD_5570,CUST_615,2024-03-03,Event Ticket,LinkedIn,378.56,152.59,Completed
ORD_5571,CUST_831,2024-03-07,Workshop,Instagram,475.12,206.12,Completed
ORD_5572,CUST_835,2025-01-31,Media Package,Partnership,473.73,301.0,Completed
ORD_5573,CUST_135,2024-05-25,Event Ticket,LinkedIn,355.19,149.03,Completed
ORD_5574,CUST_420,2025-04-13,Corporate Package,Referral,23.55,8.67,Completed
ORD_5575,CUST_713,2025-04-03,Creative Studio,Google Search,492.87,281.04,Completed
ORD_5576,CUST_484,2024-03-09,Creative Studio,Google Search,51.26,29.23,Completed
ORD_5577,CUST_292,2025-05-05,Corporate Package,Partnership,122.17,70.64,Completed
ORD_5578,CUST_1058,2024-10-13,Creative Studio,Referral,220.41,93.93,Completed
ORD_5579,CUST_220,2024-08-17,Media Package,LinkedIn,282.83,159.21,Completed
ORD_5580,CUST_499,2025-01-31,Workshop,TikTok,38.99,27.04,Completed
ORD_5581,CUST_1080,2025-04-12,Workshop,Partnership,166.68,63.97,Completed
ORD_5582,CUST_1013,2025-03-21,Membership,TikTok,385.43,185.4,Completed
ORD_5583,CUST_496,2024-06-02,Partner Offer,Partnership,387.57,193.26,Completed
ORD_5584,CUST_1000,2024-09-07,Workshop,Referral,107.29,38.08,Completed
ORD_5585,CUST_599,2024-02-21,Partner Offer,LinkedIn,324.15,208.5,Completed
ORD_5586,CUST_273,2024-02-09,Event Ticket,Instagram,491.67,291.53,Cancelled
ORD_5587,CUST_627,2025-06-27,Membership,Google Search,360.68,251.73,Completed
ORD_5588,CUST_523,2024-08-09,Corporate Package,Google Search,484.2,163.46,Completed
ORD_5589,CUST_5,2024-03-19,Media Package,Partnership,214.2,106.82,Completed
ORD_5590,CUST_1399,2024-07-28,Corporate Package,Instagram,381.24,177.55,Completed
ORD_5591,CUST_596,2025-03-04,Membership,Event Walk-in,474.18,216.0,Completed
ORD_5592,CUST_805,2024-03-17,Event Ticket,Google Search,380.27,180.05,Completed
ORD_5593,CUST_488,2025-04-09,Workshop,Event Walk-in,79.37,35.27,Refunded
ORD_5594,CUST_1486,2024-04-15,Corporate Package,Instagram,282.05,143.52,Completed
ORD_5595,CUST_841,2025-01-27,Corporate Package,Referral,276.7,176.82,Cancelled
ORD_5596,CUST_247,2025-06-22,Media Package,Partnership,346.32,147.2,Completed
ORD_5597,CUST_103,2024-12-02,Corporate Package,Google Search,349.52,142.28,Completed
ORD_5598,CUST_1068,2024-02-19,Creative Studio,Event Walk-in,472.67,257.15,Completed
ORD_5599,CUST_607,2025-04-18,Membership,Instagram,118.15,40.14,Completed
ORD_5600,CUST_1088,2025-02-25,Workshop,TikTok,179.24,104.12,Completed
ORD_5601,CUST_335,2024-01-03,Event Ticket,Instagram,79.0,45.29,Completed
ORD_5602,CUST_775,2025-04-04,Workshop,Event Walk-in,401.43,215.12,Completed
ORD_5603,CUST_424,2025-04-12,Partner Offer,Google Search,192.12,72.81,Completed
ORD_5604,CUST_316,2024-06-16,Workshop,LinkedIn,381.87,258.76,Completed
ORD_5605,CUST_705,2025-02-12,Partner Offer,Google Search,318.96,164.23,Cancelled
ORD_5606,CUST_468,2024-04-11,Media Package,Referral,241.11,156.73,Refunded
ORD_5607,CUST_1448,2024-06-06,Corporate Package,LinkedIn,498.96,222.61,Completed
ORD_5608,CUST_940,2024-02-11,Workshop,TikTok,318.28,113.31,Completed
ORD_5609,CUST_620,2024-05-15,Workshop,LinkedIn,77.33,50.41,Completed
ORD_5610,CUST_892,2025-01-27,Membership,Partnership,383.04,223.65,Completed
ORD_5611,CUST_866,2025-03-13,Corporate Package,Instagram,479.7,287.17,Completed
ORD_5612,CUST_1500,2025-04-08,Partner Offer,Google Search,467.57,156.3,Completed
ORD_5613,CUST_1188,2025-01-19,Media Package,Google Search,314.38,131.67,Completed
ORD_5614,CUST_751,2025-01-16,Membership,Partnership,160.72,75.89,Completed
ORD_5615,CUST_1372,2025-02-16,Event Ticket,TikTok,115.77,44.75,Completed
ORD_5616,CUST_1460,2025-04-08,Creative Studio,Google Search,319.21,199.42,Completed
ORD_5617,CUST_769,2024-09-19,Event Ticket,LinkedIn,181.6,119.1,Completed
ORD_5618,CUST_339,2024-10-09,Event Ticket,Google Search,461.1,201.07,Completed
ORD_5619,CUST_568,2025-06-06,Membership,Partnership,129.06,83.22,Completed
ORD_5620,CUST_489,2024-02-22,Event Ticket,Partnership,347.63,141.27,Completed
ORD_5621,CUST_623,2024-11-20,Membership,TikTok,268.58,116.31,Completed
ORD_5622,CUST_646,2024-05-14,Event Ticket,TikTok,292.1,161.45,Completed
ORD_5623,CUST_1186,2025-04-25,Workshop,Event Walk-in,102.48,41.2,Completed
ORD_5624,CUST_562,2025-05-24,Media Package,Referral,236.67,91.08,Refunded
ORD_5625,CUST_1143,2025-05-29,Corporate Package,LinkedIn,215.5,72.46,Completed
ORD_5626,CUST_1449,2025-02-15,Event Ticket,Event Walk-in,225.24,139.75,Refunded
ORD_5627,CUST_2,2024-06-27,Creative Studio,Referral,413.64,242.67,Completed
ORD_5628,CUST_428,2024-03-11,Media Package,Partnership,51.38,33.29,Completed
ORD_5629,CUST_1202,2024-02-11,Membership,Google Search,486.1,288.35,Completed
ORD_5630,CUST_291,2024-01-04,Membership,Referral,126.06,78.51,Refunded
ORD_5631,CUST_1073,2024-01-27,Membership,Partnership,419.25,227.73,Completed
ORD_5632,CUST_489,2024-07-02,Corporate Package,Partnership,328.97,216.49,Completed
ORD_5633,CUST_345,2025-02-01,Media Package,LinkedIn,463.44,261.26,Completed
ORD_5634,CUST_215,2025-02-27,Creative Studio,LinkedIn,50.3,19.22,Completed
ORD_5635,CUST_1139,2025-01-03,Workshop,Event Walk-in,283.64,119.36,Completed
ORD_5636,CUST_791,2025-02-23,Membership,Google Search,180.03,120.35,Completed
ORD_5637,CUST_953,2024-12-29,Media Package,TikTok,131.29,87.02,Completed
ORD_5638,CUST_631,2024-11-01,Membership,TikTok,402.79,276.65,Completed
ORD_5639,CUST_1404,2025-06-26,Membership,Google Search,236.79,87.77,Completed
ORD_5640,CUST_121,2024-06-28,Membership,LinkedIn,131.68,78.46,Cancelled
ORD_5641,CUST_1434,2025-06-18,Creative Studio,Referral,491.83,297.16,Completed
ORD_5642,CUST_1387,2024-05-01,Membership,TikTok,310.67,188.15,Completed
ORD_5643,CUST_503,2024-03-20,Media Package,Instagram,98.1,63.83,Completed
ORD_5644,CUST_285,2024-09-17,Workshop,Google Search,466.96,194.28,Completed
ORD_5645,CUST_606,2025-04-03,Media Package,Referral,231.96,83.05,Cancelled
ORD_5646,CUST_383,2024-10-30,Membership,Instagram,133.07,47.82,Completed
ORD_5647,CUST_691,2024-11-18,Workshop,Partnership,227.09,118.42,Completed
ORD_5648,CUST_939,2024-09-25,Event Ticket,Referral,230.35,113.34,Completed
ORD_5649,CUST_675,2025-04-12,Event Ticket,TikTok,126.85,45.18,Completed
ORD_5650,CUST_48,2024-11-25,Creative Studio,Instagram,372.93,218.85,Completed
ORD_5651,CUST_19,2024-02-19,Partner Offer,TikTok,137.49,63.06,Completed
ORD_5652,CUST_1171,2025-03-19,Creative Studio,Instagram,264.4,105.8,Completed
ORD_5653,CUST_1100,2025-02-01,Corporate Package,Google Search,67.19,34.88,Completed
ORD_5654,CUST_256,2024-05-25,Workshop,TikTok,65.15,29.52,Cancelled
ORD_5655,CUST_539,2025-04-15,Corporate Package,Google Search,433.38,234.88,Completed
ORD_5656,CUST_1088,2024-09-14,Media Package,TikTok,358.95,203.16,Completed
ORD_5657,CUST_379,2024-03-20,Corporate Package,Google Search,418.04,277.77,Completed
ORD_5658,CUST_18,2024-02-14,Media Package,Google Search,217.42,135.14,Completed
ORD_5659,CUST_346,2024-04-27,Corporate Package,Referral,306.91,168.69,Refunded
ORD_5660,CUST_442,2024-01-30,Event Ticket,Referral,398.96,213.25,Refunded
ORD_5661,CUST_790,2025-04-27,Media Package,Partnership,461.13,239.43,Completed
ORD_5662,CUST_176,2024-02-17,Event Ticket,Google Search,155.58,83.31,Completed
ORD_5663,CUST_49,2024-01-15,Event Ticket,Google Search,29.07,11.99,Completed
ORD_5664,CUST_164,2024-09-12,Corporate Package,Instagram,241.34,116.5,Completed
ORD_5665,CUST_247,2024-11-11,Partner Offer,Partnership,416.83,234.26,Completed
ORD_5666,CUST_35,2025-06-07,Membership,Referral,300.38,140.17,Completed
ORD_5667,CUST_1008,2024-12-17,Creative Studio,LinkedIn,161.42,90.32,Completed
ORD_5668,CUST_1413,2024-01-31,Workshop,Event Walk-in,187.87,85.28,Completed
ORD_5669,CUST_738,2024-06-18,Creative Studio,Event Walk-in,125.39,86.96,Cancelled
ORD_5670,CUST_1404,2025-02-15,Membership,Google Search,256.63,115.85,Completed
ORD_5671,CUST_811,2024-04-21,Membership,Partnership,327.46,180.62,Completed
ORD_5672,CUST_750,2024-01-24,Membership,Event Walk-in,407.31,252.49,Completed
ORD_5673,CUST_731,2024-01-27,Workshop,Instagram,244.02,137.52,Completed
ORD_5674,CUST_319,2024-03-22,Membership,Partnership,93.14,28.36,Completed
ORD_5675,CUST_1424,2025-02-16,Creative Studio,Referral,390.75,263.08,Completed
ORD_5676,CUST_1354,2024-06-12,Creative Studio,Partnership,188.71,79.47,Completed
ORD_5677,CUST_79,2024-04-09,Media Package,Partnership,83.97,56.14,Completed
ORD_5678,CUST_11,2024-11-23,Media Package,Partnership,254.84,175.97,Completed
ORD_5679,CUST_759,2024-08-13,Media Package,Google Search,422.56,186.42,Completed
ORD_5680,CUST_1164,2024-11-27,Event Ticket,TikTok,475.12,156.23,Completed
ORD_5681,CUST_680,2024-06-29,Media Package,Google Search,478.41,305.32,Completed
ORD_5682,CUST_395,2025-05-08,Creative Studio,TikTok,247.09,147.11,Completed
ORD_5683,CUST_573,2025-05-17,Membership,Instagram,345.11,131.82,Completed
ORD_5684,CUST_519,2024-07-15,Corporate Package,TikTok,179.68,80.28,Refunded
ORD_5685,CUST_216,2024-10-20,Corporate Package,Partnership,438.4,216.41,Completed
ORD_5686,CUST_184,2024-01-11,Media Package,Google Search,202.1,63.21,Completed
ORD_5687,CUST_549,2024-08-30,Partner Offer,Google Search,89.99,43.28,Completed
ORD_5688,CUST_884,2025-05-27,Creative Studio,Instagram,489.58,243.44,Refunded
ORD_5689,CUST_368,2024-10-23,Media Package,TikTok,351.71,144.31,Completed
ORD_5690,CUST_733,2024-01-22,Media Package,Event Walk-in,100.48,44.19,Completed
ORD_5691,CUST_237,2024-04-26,Workshop,TikTok,121.43,38.64,Completed
ORD_5692,CUST_104,2024-08-16,Partner Offer,LinkedIn,332.9,175.45,Completed
ORD_5693,CUST_1365,2024-03-14,Event Ticket,TikTok,91.56,45.42,Completed
ORD_5694,CUST_30,2024-03-01,Media Package,TikTok,280.82,105.34,Completed
ORD_5695,CUST_1363,2024-04-17,Membership,LinkedIn,154.8,60.05,Completed
ORD_5696,CUST_394,2024-09-16,Media Package,TikTok,436.72,190.39,Completed
ORD_5697,CUST_424,2024-02-25,Media Package,Google Search,450.74,234.2,Completed
ORD_5698,CUST_351,2025-06-24,Media Package,Google Search,68.74,47.99,Completed
ORD_5699,CUST_1182,2024-01-27,Membership,Partnership,380.36,146.44,Completed
ORD_5700,CUST_1082,2024-05-25,Corporate Package,Referral,89.43,52.32,Completed
ORD_5701,CUST_324,2025-05-10,Workshop,Google Search,493.19,189.84,Completed
ORD_5702,CUST_1009,2024-12-10,Membership,Instagram,468.36,254.32,Cancelled
ORD_5703,CUST_794,2025-05-26,Creative Studio,Instagram,398.42,203.15,Completed
ORD_5704,CUST_1083,2025-06-03,Corporate Package,Event Walk-in,62.82,20.44,Completed
ORD_5705,CUST_1137,2024-12-15,Membership,Partnership,371.6,171.35,Completed
ORD_5706,CUST_854,2024-09-14,Membership,Event Walk-in,356.44,225.19,Cancelled
ORD_5707,CUST_1208,2025-04-07,Corporate Package,TikTok,267.42,136.3,Cancelled
ORD_5708,CUST_750,2024-08-23,Workshop,Event Walk-in,379.99,179.89,Completed
ORD_5709,CUST_693,2025-04-18,Corporate Package,Google Search,67.17,45.98,Completed
ORD_5710,CUST_33,2025-05-20,Membership,Partnership,110.58,56.26,Completed
ORD_5711,CUST_16,2025-06-10,Event Ticket,TikTok,238.27,141.21,Refunded
ORD_5712,CUST_844,2024-09-15,Event Ticket,Google Search,415.77,227.31,Completed
ORD_5713,CUST_1468,2024-07-17,Membership,Instagram,241.58,131.15,Completed
ORD_5714,CUST_533,2025-03-03,Corporate Package,Referral,208.59,72.73,Completed
ORD_5715,CUST_1022,2024-11-15,Corporate Package,Instagram,54.83,29.51,Completed
ORD_5716,CUST_214,2024-01-09,Partner Offer,Referral,238.17,80.38,Completed
ORD_5717,CUST_229,2024-05-16,Membership,TikTok,130.93,72.59,Completed
ORD_5718,CUST_25,2024-01-15,Event Ticket,LinkedIn,435.82,213.73,Refunded
ORD_5719,CUST_23,2025-01-31,Creative Studio,Referral,120.87,82.37,Completed
ORD_5720,CUST_313,2024-06-27,Corporate Package,Referral,346.55,186.82,Refunded
ORD_5721,CUST_898,2024-07-13,Membership,Referral,94.44,60.35,Completed
ORD_5722,CUST_848,2025-05-12,Workshop,TikTok,179.8,64.48,Completed
ORD_5723,CUST_1397,2024-08-22,Creative Studio,Partnership,334.59,178.26,Refunded
ORD_5724,CUST_766,2024-04-05,Event Ticket,TikTok,75.44,49.79,Refunded
ORD_5725,CUST_1023,2025-03-24,Corporate Package,LinkedIn,185.19,61.31,Completed
ORD_5726,CUST_536,2025-04-24,Creative Studio,Google Search,240.11,159.01,Refunded
ORD_5727,CUST_292,2025-05-13,Membership,Partnership,275.8,103.06,Completed
ORD_5728,CUST_282,2024-11-20,Event Ticket,TikTok,115.11,74.32,Completed
ORD_5729,CUST_902,2024-09-13,Event Ticket,Google Search,81.05,36.13,Completed
ORD_5730,CUST_1180,2025-03-05,Event Ticket,Instagram,144.97,87.56,Completed
ORD_5731,CUST_1315,2024-07-13,Partner Offer,Instagram,56.84,20.89,Completed
ORD_5732,CUST_1118,2024-10-13,Membership,Event Walk-in,445.64,261.96,Completed
ORD_5733,CUST_998,2025-04-14,Workshop,Instagram,354.65,146.24,Cancelled
ORD_5734,CUST_911,2024-09-15,Media Package,TikTok,317.07,109.13,Completed
ORD_5735,CUST_20,2025-02-12,Event Ticket,LinkedIn,386.93,218.02,Completed
ORD_5736,CUST_492,2024-02-19,Membership,LinkedIn,229.85,87.19,Completed
ORD_5737,CUST_944,2024-07-28,Corporate Package,Referral,158.04,93.69,Completed
ORD_5738,CUST_790,2024-12-06,Media Package,Partnership,193.49,99.54,Completed
ORD_5739,CUST_1335,2024-10-04,Event Ticket,LinkedIn,322.78,133.69,Refunded
ORD_5740,CUST_850,2024-06-08,Media Package,Google Search,223.56,86.41,Completed
ORD_5741,CUST_819,2024-02-27,Media Package,Partnership,416.14,282.82,Completed
ORD_5742,CUST_535,2025-05-17,Partner Offer,Event Walk-in,181.3,113.69,Completed
ORD_5743,CUST_380,2024-04-29,Membership,LinkedIn,231.14,75.04,Cancelled
ORD_5744,CUST_25,2024-07-05,Media Package,LinkedIn,288.4,101.34,Completed
ORD_5745,CUST_228,2024-01-06,Partner Offer,Referral,258.86,166.34,Refunded
ORD_5746,CUST_1273,2024-04-15,Partner Offer,Partnership,444.09,231.99,Completed
ORD_5747,CUST_257,2024-11-23,Event Ticket,Instagram,324.88,221.58,Refunded
ORD_5748,CUST_1269,2024-05-14,Membership,Instagram,403.67,247.84,Completed
ORD_5749,CUST_813,2024-07-25,Event Ticket,Partnership,414.82,276.25,Completed
ORD_5750,CUST_486,2024-05-28,Event Ticket,Referral,428.21,188.4,Completed
ORD_5751,CUST_18,2024-07-30,Media Package,Google Search,112.4,54.6,Completed
ORD_5752,CUST_202,2024-11-25,Partner Offer,Referral,491.16,257.74,Completed
ORD_5753,CUST_62,2024-08-09,Corporate Package,Instagram,165.09,60.42,Cancelled
ORD_5754,CUST_1424,2025-02-23,Event Ticket,Referral,170.0,59.63,Completed
ORD_5755,CUST_1314,2024-11-01,Membership,Google Search,477.66,186.0,Completed
ORD_5756,CUST_414,2024-05-22,Workshop,Referral,278.73,184.08,Completed
ORD_5757,CUST_1429,2024-10-07,Creative Studio,Instagram,283.97,172.52,Completed
ORD_5758,CUST_29,2025-01-13,Partner Offer,Google Search,352.42,122.69,Completed
ORD_5759,CUST_101,2025-03-28,Corporate Package,Partnership,238.47,110.07,Completed
ORD_5760,CUST_519,2024-05-29,Workshop,TikTok,465.38,305.71,Completed
ORD_5761,CUST_181,2024-12-07,Workshop,Partnership,171.37,119.05,Completed
ORD_5762,CUST_75,2024-09-04,Event Ticket,Referral,322.16,216.98,Completed
ORD_5763,CUST_1161,2024-02-10,Corporate Package,Partnership,490.12,185.83,Refunded
ORD_5764,CUST_578,2025-04-29,Workshop,Referral,138.33,61.8,Completed
ORD_5765,CUST_272,2024-10-30,Workshop,TikTok,153.72,105.1,Refunded
ORD_5766,CUST_1341,2025-03-05,Partner Offer,Event Walk-in,262.56,120.99,Refunded
ORD_5767,CUST_164,2025-02-05,Corporate Package,Instagram,228.13,139.68,Completed
ORD_5768,CUST_1375,2025-06-26,Partner Offer,Google Search,317.43,197.4,Completed
ORD_5769,CUST_623,2025-02-22,Workshop,TikTok,125.16,38.4,Completed
ORD_5770,CUST_629,2024-12-22,Creative Studio,LinkedIn,175.4,89.03,Completed
ORD_5771,CUST_271,2024-06-10,Event Ticket,Instagram,314.28,169.87,Completed
ORD_5772,CUST_910,2024-12-05,Membership,Referral,463.41,320.41,Completed
ORD_5773,CUST_941,2024-04-22,Creative Studio,LinkedIn,266.36,87.86,Completed
ORD_5774,CUST_1157,2025-02-04,Media Package,Partnership,204.53,76.53,Completed
ORD_5775,CUST_83,2024-12-11,Workshop,TikTok,92.02,33.9,Completed
ORD_5776,CUST_51,2024-04-17,Membership,LinkedIn,160.04,82.31,Completed
ORD_5777,CUST_1001,2024-04-26,Partner Offer,Event Walk-in,31.13,20.83,Completed
ORD_5778,CUST_1030,2024-05-30,Corporate Package,Referral,295.02,140.69,Completed
ORD_5779,CUST_633,2025-06-16,Event Ticket,Partnership,413.6,221.71,Completed
ORD_5780,CUST_535,2024-06-21,Partner Offer,Event Walk-in,262.0,98.89,Completed
ORD_5781,CUST_942,2024-11-28,Corporate Package,Referral,111.06,57.07,Completed
ORD_5782,CUST_1056,2025-04-06,Workshop,Referral,38.46,21.77,Completed
ORD_5783,CUST_93,2025-01-01,Creative Studio,Google Search,329.65,228.71,Cancelled
ORD_5784,CUST_1365,2024-02-14,Partner Offer,TikTok,55.12,26.98,Completed
ORD_5785,CUST_26,2024-11-26,Creative Studio,Event Walk-in,196.17,74.38,Completed
ORD_5786,CUST_671,2024-12-09,Workshop,TikTok,58.68,37.42,Completed
ORD_5787,CUST_160,2024-02-14,Media Package,Google Search,92.87,32.33,Completed
ORD_5788,CUST_473,2024-11-09,Membership,Partnership,120.5,77.1,Completed
ORD_5789,CUST_1452,2025-05-01,Workshop,Google Search,248.34,143.42,Completed
ORD_5790,CUST_1483,2024-10-22,Workshop,Partnership,322.8,216.86,Completed
ORD_5791,CUST_1277,2024-11-07,Partner Offer,Referral,492.28,236.53,Completed
ORD_5792,CUST_708,2024-01-02,Media Package,Partnership,493.51,317.63,Completed
ORD_5793,CUST_516,2025-02-01,Workshop,LinkedIn,241.93,122.44,Completed
ORD_5794,CUST_1273,2024-02-05,Workshop,Partnership,337.36,199.62,Completed
ORD_5795,CUST_284,2024-11-10,Event Ticket,Google Search,269.09,135.1,Completed
ORD_5796,CUST_996,2024-05-15,Event Ticket,Instagram,283.13,161.55,Cancelled
ORD_5797,CUST_104,2025-06-23,Workshop,LinkedIn,309.9,133.42,Completed
ORD_5798,CUST_450,2024-07-10,Event Ticket,Referral,390.96,152.48,Completed
ORD_5799,CUST_430,2025-05-23,Media Package,LinkedIn,169.63,118.2,Completed
ORD_5800,CUST_1215,2024-02-22,Workshop,Partnership,329.05,156.94,Cancelled
ORD_5801,CUST_1113,2025-05-30,Event Ticket,TikTok,255.97,125.38,Completed
ORD_5802,CUST_1123,2024-01-21,Membership,Google Search,448.79,147.75,Cancelled
ORD_5803,CUST_460,2024-08-13,Membership,Google Search,73.65,39.48,Completed
ORD_5804,CUST_379,2025-01-31,Partner Offer,Google Search,414.02,267.68,Refunded
ORD_5805,CUST_1177,2025-04-04,Event Ticket,Referral,364.82,115.78,Completed
ORD_5806,CUST_521,2025-05-20,Workshop,Partnership,429.96,272.91,Completed
ORD_5807,CUST_1263,2024-08-27,Workshop,LinkedIn,107.28,56.57,Completed
ORD_5808,CUST_1284,2024-05-27,Partner Offer,Partnership,443.23,297.1,Completed
ORD_5809,CUST_230,2024-04-16,Partner Offer,Instagram,307.56,145.4,Completed
ORD_5810,CUST_1138,2025-01-17,Membership,Instagram,45.2,23.34,Refunded
ORD_5811,CUST_1097,2024-05-23,Corporate Package,Partnership,248.5,143.63,Completed
ORD_5812,CUST_535,2025-06-05,Partner Offer,Event Walk-in,69.32,25.97,Completed
ORD_5813,CUST_540,2024-01-18,Creative Studio,Instagram,133.7,41.59,Completed
ORD_5814,CUST_763,2025-03-08,Membership,TikTok,261.92,88.35,Completed
ORD_5815,CUST_6,2024-06-30,Membership,LinkedIn,353.23,127.17,Completed
ORD_5816,CUST_85,2024-04-24,Event Ticket,Instagram,389.64,179.21,Completed
ORD_5817,CUST_191,2024-11-29,Creative Studio,Event Walk-in,169.33,51.08,Completed
ORD_5818,CUST_919,2024-11-13,Corporate Package,Partnership,438.48,227.14,Refunded
ORD_5819,CUST_1057,2024-12-24,Event Ticket,TikTok,152.51,66.09,Completed
ORD_5820,CUST_1009,2024-11-01,Partner Offer,Instagram,376.06,137.88,Completed
ORD_5821,CUST_1106,2024-03-15,Event Ticket,Partnership,447.53,238.45,Completed
ORD_5822,CUST_73,2024-03-13,Media Package,Partnership,146.88,97.2,Completed
ORD_5823,CUST_1013,2024-04-05,Event Ticket,TikTok,293.66,114.46,Completed
ORD_5824,CUST_9,2024-09-09,Media Package,Google Search,350.17,218.34,Completed
ORD_5825,CUST_1468,2025-05-16,Membership,Instagram,295.49,91.75,Completed
ORD_5826,CUST_1318,2024-12-08,Event Ticket,LinkedIn,173.05,112.33,Completed
ORD_5827,CUST_1315,2025-02-07,Event Ticket,Instagram,478.44,329.88,Completed
ORD_5828,CUST_581,2025-05-20,Membership,Partnership,223.84,133.82,Completed
ORD_5829,CUST_984,2024-02-10,Membership,Event Walk-in,415.33,193.32,Completed
ORD_5830,CUST_865,2024-11-01,Event Ticket,Partnership,245.34,110.79,Completed
ORD_5831,CUST_1162,2024-01-21,Event Ticket,Google Search,382.61,233.31,Completed
ORD_5832,CUST_1380,2025-03-31,Workshop,Event Walk-in,360.89,180.87,Completed
ORD_5833,CUST_722,2025-03-10,Corporate Package,Event Walk-in,145.81,91.52,Cancelled
ORD_5834,CUST_357,2024-07-29,Corporate Package,LinkedIn,51.82,25.07,Completed
ORD_5835,CUST_1207,2024-07-23,Media Package,Google Search,208.7,140.93,Completed
ORD_5836,CUST_501,2024-12-11,Creative Studio,Referral,337.64,123.23,Completed
ORD_5837,CUST_1041,2024-03-27,Membership,Event Walk-in,291.93,97.46,Completed
ORD_5838,CUST_1185,2024-09-14,Membership,TikTok,251.45,102.88,Completed
ORD_5839,CUST_1468,2024-06-12,Workshop,Instagram,460.46,269.49,Cancelled
ORD_5840,CUST_836,2025-03-11,Media Package,Google Search,441.08,168.57,Completed
ORD_5841,CUST_1161,2024-12-19,Media Package,Partnership,242.89,88.46,Completed
ORD_5842,CUST_956,2025-05-28,Partner Offer,Google Search,406.17,233.57,Completed
ORD_5843,CUST_656,2025-01-26,Membership,Google Search,381.58,137.01,Completed
ORD_5844,CUST_930,2024-06-03,Event Ticket,Google Search,130.96,57.12,Completed
ORD_5845,CUST_969,2025-06-19,Corporate Package,Google Search,479.37,278.72,Completed
ORD_5846,CUST_990,2025-06-03,Partner Offer,Partnership,440.41,276.11,Completed
ORD_5847,CUST_739,2024-03-28,Workshop,TikTok,482.12,318.0,Refunded
ORD_5848,CUST_407,2024-01-02,Corporate Package,TikTok,94.81,53.05,Completed
ORD_5849,CUST_174,2024-02-04,Event Ticket,Google Search,71.61,24.92,Completed
ORD_5850,CUST_1328,2025-01-24,Event Ticket,Referral,443.53,157.77,Refunded
ORD_5851,CUST_395,2025-04-25,Event Ticket,TikTok,393.81,157.68,Completed
ORD_5852,CUST_1491,2024-06-16,Media Package,LinkedIn,271.35,143.43,Completed
ORD_5853,CUST_727,2024-08-21,Workshop,Partnership,461.39,200.43,Completed
ORD_5854,CUST_213,2025-02-03,Media Package,Event Walk-in,256.43,142.91,Completed
ORD_5855,CUST_1121,2024-08-24,Event Ticket,LinkedIn,406.92,137.77,Completed
ORD_5856,CUST_1132,2025-02-01,Creative Studio,Instagram,463.3,221.17,Completed
ORD_5857,CUST_263,2024-01-30,Workshop,LinkedIn,43.99,20.29,Completed
ORD_5858,CUST_1494,2024-06-28,Membership,Referral,468.8,192.61,Completed
ORD_5859,CUST_1053,2024-09-28,Corporate Package,Partnership,42.68,29.86,Completed
ORD_5860,CUST_1202,2025-02-24,Partner Offer,Google Search,109.48,47.96,Completed
ORD_5861,CUST_424,2024-11-08,Corporate Package,Google Search,92.09,56.16,Completed
ORD_5862,CUST_319,2025-05-17,Membership,Partnership,439.4,279.3,Refunded
ORD_5863,CUST_1121,2024-09-12,Media Package,LinkedIn,209.72,84.85,Completed
ORD_5864,CUST_1074,2024-06-17,Workshop,Google Search,35.49,22.64,Completed
ORD_5865,CUST_1458,2024-03-29,Membership,Partnership,251.3,130.54,Completed
ORD_5866,CUST_493,2024-11-09,Event Ticket,Event Walk-in,378.52,238.74,Refunded
ORD_5867,CUST_604,2024-03-14,Workshop,LinkedIn,361.24,160.88,Completed
ORD_5868,CUST_110,2024-10-22,Media Package,TikTok,313.37,191.44,Completed
ORD_5869,CUST_461,2025-02-09,Workshop,Event Walk-in,307.98,164.64,Completed
ORD_5870,CUST_1429,2024-06-02,Media Package,Instagram,149.41,53.44,Completed
ORD_5871,CUST_573,2025-01-14,Event Ticket,Instagram,147.32,64.3,Refunded
ORD_5872,CUST_1006,2025-02-20,Workshop,TikTok,370.73,164.33,Completed
ORD_5873,CUST_1221,2025-06-20,Membership,Google Search,217.47,76.66,Completed
ORD_5874,CUST_397,2025-03-15,Corporate Package,LinkedIn,490.67,311.07,Completed
ORD_5875,CUST_546,2024-07-23,Creative Studio,Google Search,102.8,44.21,Cancelled
ORD_5876,CUST_872,2025-06-18,Corporate Package,LinkedIn,104.69,61.16,Completed
ORD_5877,CUST_1466,2024-06-08,Partner Offer,Referral,88.04,48.9,Completed
ORD_5878,CUST_338,2024-02-18,Membership,Instagram,442.09,192.11,Completed
ORD_5879,CUST_1350,2025-02-05,Membership,TikTok,172.81,80.81,Completed
ORD_5880,CUST_1428,2025-03-29,Creative Studio,Google Search,188.14,112.33,Completed
ORD_5881,CUST_781,2024-02-18,Creative Studio,Partnership,249.06,128.72,Completed
ORD_5882,CUST_1061,2024-02-29,Creative Studio,Instagram,23.09,13.36,Completed
ORD_5883,CUST_1046,2024-04-21,Creative Studio,TikTok,307.3,203.61,Completed
ORD_5884,CUST_418,2025-03-02,Creative Studio,Google Search,255.34,171.46,Completed
ORD_5885,CUST_423,2025-03-08,Event Ticket,LinkedIn,467.05,269.78,Refunded
ORD_5886,CUST_1119,2024-02-26,Creative Studio,TikTok,38.41,19.85,Completed
ORD_5887,CUST_1321,2024-09-09,Event Ticket,Partnership,79.35,45.53,Refunded
ORD_5888,CUST_703,2024-01-28,Media Package,Google Search,95.54,31.22,Completed
ORD_5889,CUST_1421,2025-04-19,Media Package,Google Search,43.22,13.58,Refunded
ORD_5890,CUST_879,2024-01-11,Creative Studio,Google Search,116.5,75.09,Completed
ORD_5891,CUST_68,2024-08-11,Event Ticket,Partnership,46.49,25.62,Completed
ORD_5892,CUST_1125,2025-05-07,Partner Offer,LinkedIn,246.48,151.95,Completed
ORD_5893,CUST_644,2025-04-18,Creative Studio,Google Search,480.14,169.6,Completed
ORD_5894,CUST_271,2025-01-23,Partner Offer,Instagram,307.05,210.98,Completed
ORD_5895,CUST_1022,2024-08-17,Media Package,Instagram,112.3,44.59,Completed
ORD_5896,CUST_825,2025-05-08,Partner Offer,Partnership,345.15,135.59,Completed
ORD_5897,CUST_1271,2024-06-29,Creative Studio,Instagram,208.29,98.58,Completed
ORD_5898,CUST_107,2025-06-06,Creative Studio,LinkedIn,56.87,35.75,Completed
ORD_5899,CUST_609,2024-03-14,Membership,Event Walk-in,127.42,86.61,Completed
ORD_5900,CUST_1107,2025-05-18,Corporate Package,Instagram,73.42,26.07,Completed
ORD_5901,CUST_578,2024-04-18,Membership,Referral,368.75,138.29,Completed
ORD_5902,CUST_1207,2025-05-31,Membership,Google Search,243.44,105.62,Completed
ORD_5903,CUST_761,2024-04-18,Membership,LinkedIn,136.66,79.27,Completed
ORD_5904,CUST_161,2025-04-17,Media Package,LinkedIn,198.77,123.33,Completed
ORD_5905,CUST_270,2024-10-20,Corporate Package,TikTok,251.23,165.51,Cancelled
ORD_5906,CUST_476,2025-06-01,Event Ticket,Partnership,73.35,44.35,Completed
ORD_5907,CUST_1351,2024-02-08,Media Package,Referral,195.2,111.78,Completed
ORD_5908,CUST_905,2024-05-04,Membership,Referral,205.6,84.63,Completed
ORD_5909,CUST_133,2024-12-21,Media Package,Partnership,75.44,49.72,Cancelled
ORD_5910,CUST_139,2024-01-11,Creative Studio,Event Walk-in,207.13,110.83,Refunded
ORD_5911,CUST_294,2025-03-11,Media Package,Referral,411.64,279.55,Completed
ORD_5912,CUST_1220,2024-07-11,Membership,Event Walk-in,430.81,136.53,Completed
ORD_5913,CUST_438,2025-06-17,Media Package,Referral,302.88,206.18,Completed
ORD_5914,CUST_82,2024-09-29,Workshop,Google Search,356.1,138.34,Completed
ORD_5915,CUST_644,2025-01-22,Partner Offer,Google Search,485.13,193.19,Completed
ORD_5916,CUST_840,2025-04-16,Event Ticket,Instagram,434.76,234.51,Refunded
ORD_5917,CUST_105,2025-01-31,Creative Studio,Event Walk-in,206.02,126.34,Refunded
ORD_5918,CUST_1298,2024-07-17,Corporate Package,TikTok,249.55,101.69,Refunded
ORD_5919,CUST_195,2025-03-05,Creative Studio,LinkedIn,368.27,213.75,Completed
ORD_5920,CUST_223,2024-07-05,Event Ticket,Event Walk-in,322.2,209.01,Completed
ORD_5921,CUST_197,2024-04-23,Creative Studio,Referral,207.52,102.64,Completed
ORD_5922,CUST_843,2025-05-29,Event Ticket,TikTok,329.62,226.1,Completed
ORD_5923,CUST_739,2025-05-28,Media Package,TikTok,364.3,165.09,Refunded
ORD_5924,CUST_525,2024-11-02,Media Package,LinkedIn,399.36,175.42,Completed
ORD_5925,CUST_769,2024-01-08,Event Ticket,LinkedIn,25.19,15.76,Completed
ORD_5926,CUST_1436,2025-01-19,Membership,LinkedIn,89.0,35.64,Refunded
ORD_5927,CUST_151,2024-06-03,Corporate Package,Google Search,192.31,92.21,Completed
ORD_5928,CUST_1159,2025-01-24,Membership,LinkedIn,49.05,26.78,Completed
ORD_5929,CUST_662,2024-02-01,Media Package,Referral,488.67,205.92,Completed
ORD_5930,CUST_397,2024-09-06,Corporate Package,LinkedIn,301.78,143.61,Completed
ORD_5931,CUST_625,2024-08-01,Partner Offer,Referral,356.47,180.37,Completed
ORD_5932,CUST_464,2024-12-04,Media Package,TikTok,222.33,83.73,Completed
ORD_5933,CUST_745,2024-07-25,Creative Studio,Partnership,282.17,125.48,Completed
ORD_5934,CUST_1015,2024-08-19,Creative Studio,Event Walk-in,161.75,57.26,Completed
ORD_5935,CUST_488,2024-03-10,Membership,Event Walk-in,381.96,179.94,Completed
ORD_5936,CUST_1104,2024-01-20,Creative Studio,Partnership,94.73,32.52,Completed
ORD_5937,CUST_1066,2025-03-01,Membership,Event Walk-in,380.5,226.38,Completed
ORD_5938,CUST_914,2024-12-28,Partner Offer,Partnership,161.93,74.3,Completed
ORD_5939,CUST_1495,2025-01-07,Membership,LinkedIn,497.94,348.19,Completed
ORD_5940,CUST_1338,2024-02-19,Creative Studio,Google Search,318.97,210.15,Completed
ORD_5941,CUST_750,2024-02-28,Creative Studio,Event Walk-in,347.0,233.05,Completed
ORD_5942,CUST_1234,2024-03-30,Corporate Package,Google Search,300.47,156.89,Completed
ORD_5943,CUST_728,2024-01-23,Corporate Package,Partnership,126.34,56.67,Completed
ORD_5944,CUST_163,2025-01-25,Partner Offer,Event Walk-in,197.86,92.38,Completed
ORD_5945,CUST_1296,2025-01-17,Workshop,TikTok,218.08,84.79,Completed
ORD_5946,CUST_821,2024-11-19,Workshop,Referral,296.35,167.84,Completed
ORD_5947,CUST_1415,2024-09-24,Membership,Google Search,58.03,33.11,Completed
ORD_5948,CUST_3,2025-05-30,Event Ticket,TikTok,348.52,193.04,Completed
ORD_5949,CUST_895,2025-06-23,Corporate Package,Google Search,229.46,139.91,Completed
ORD_5950,CUST_493,2024-06-15,Membership,Event Walk-in,236.78,79.91,Refunded
ORD_5951,CUST_1457,2025-05-15,Event Ticket,Event Walk-in,345.43,111.41,Completed
ORD_5952,CUST_893,2024-04-19,Media Package,Instagram,258.74,98.68,Completed
ORD_5953,CUST_909,2025-02-03,Media Package,Referral,101.45,64.73,Cancelled
ORD_5954,CUST_1264,2024-02-14,Membership,LinkedIn,469.11,257.31,Completed
ORD_5955,CUST_1350,2024-07-05,Workshop,TikTok,238.93,131.09,Refunded
ORD_5956,CUST_1280,2024-04-05,Creative Studio,LinkedIn,182.49,103.83,Completed
ORD_5957,CUST_1099,2025-02-07,Creative Studio,Referral,387.9,142.38,Refunded
ORD_5958,CUST_1038,2024-04-06,Partner Offer,Event Walk-in,247.66,91.62,Completed
ORD_5959,CUST_944,2024-04-23,Partner Offer,Referral,49.83,17.68,Refunded
ORD_5960,CUST_1134,2025-01-09,Creative Studio,Google Search,230.16,76.67,Completed
ORD_5961,CUST_665,2024-07-11,Media Package,Partnership,457.95,307.32,Completed
ORD_5962,CUST_237,2024-03-11,Creative Studio,TikTok,319.19,188.65,Completed
ORD_5963,CUST_26,2024-08-13,Membership,Event Walk-in,198.55,76.77,Refunded
ORD_5964,CUST_237,2025-02-01,Partner Offer,TikTok,292.31,201.86,Completed
ORD_5965,CUST_653,2024-11-08,Creative Studio,Event Walk-in,151.8,47.38,Completed
ORD_5966,CUST_222,2024-10-16,Media Package,Google Search,201.39,91.03,Completed
ORD_5967,CUST_410,2024-08-22,Event Ticket,LinkedIn,159.18,104.06,Completed
ORD_5968,CUST_107,2024-05-25,Media Package,LinkedIn,443.74,143.22,Refunded
ORD_5969,CUST_1168,2025-04-21,Workshop,Event Walk-in,300.82,187.1,Completed
ORD_5970,CUST_289,2024-10-01,Partner Offer,Referral,208.04,110.15,Completed
ORD_5971,CUST_511,2025-02-09,Media Package,TikTok,139.16,90.74,Completed
ORD_5972,CUST_1393,2024-03-07,Event Ticket,TikTok,400.92,256.26,Completed
ORD_5973,CUST_1061,2024-12-24,Media Package,Instagram,354.6,226.84,Completed
ORD_5974,CUST_1360,2024-03-19,Media Package,Google Search,29.69,18.08,Refunded
ORD_5975,CUST_131,2025-01-27,Creative Studio,LinkedIn,279.35,137.33,Completed
ORD_5976,CUST_548,2025-01-13,Media Package,Partnership,237.51,147.87,Completed
ORD_5977,CUST_234,2025-03-14,Media Package,Referral,440.84,297.69,Completed
ORD_5978,CUST_1196,2024-03-18,Media Package,Partnership,474.85,244.03,Refunded
ORD_5979,CUST_85,2024-06-10,Corporate Package,Instagram,97.39,47.96,Cancelled
ORD_5980,CUST_250,2025-01-25,Partner Offer,Event Walk-in,207.99,70.19,Completed
ORD_5981,CUST_788,2024-10-18,Corporate Package,Partnership,295.55,118.44,Completed
ORD_5982,CUST_231,2024-08-20,Event Ticket,LinkedIn,274.23,101.2,Completed
ORD_5983,CUST_291,2024-01-30,Membership,Referral,389.38,191.97,Completed
ORD_5984,CUST_295,2025-05-24,Corporate Package,Google Search,324.91,127.13,Completed
ORD_5985,CUST_1219,2024-05-17,Media Package,Referral,32.54,16.39,Completed
ORD_5986,CUST_634,2024-04-24,Partner Offer,Referral,460.45,211.39,Completed
ORD_5987,CUST_192,2025-03-13,Workshop,Instagram,372.19,134.19,Completed
ORD_5988,CUST_632,2024-11-08,Media Package,Referral,374.27,196.23,Completed
ORD_5989,CUST_1394,2024-06-05,Event Ticket,Instagram,396.83,184.43,Completed
ORD_5990,CUST_1334,2025-01-15,Corporate Package,Google Search,160.18,71.26,Completed
ORD_5991,CUST_1409,2024-09-29,Membership,Instagram,149.82,54.13,Completed
ORD_5992,CUST_205,2025-03-09,Workshop,Event Walk-in,232.44,112.01,Completed
ORD_5993,CUST_1360,2024-11-06,Partner Offer,Google Search,485.75,294.64,Completed
ORD_5994,CUST_229,2024-01-24,Corporate Package,TikTok,211.87,121.01,Completed
ORD_5995,CUST_262,2025-06-19,Creative Studio,Google Search,134.1,53.37,Completed
ORD_5996,CUST_1351,2024-11-06,Creative Studio,Referral,248.15,155.8,Completed
ORD_5997,CUST_1251,2024-12-28,Creative Studio,Partnership,453.49,181.18,Refunded
ORD_5998,CUST_782,2025-04-10,Membership,LinkedIn,416.33,262.82,Completed
ORD_5999,CUST_202,2024-03-08,Creative Studio,Referral,353.42,180.74,Completed
ORD_6000,CUST_176,2025-04-07,Workshop,Google Search,407.25,235.47,Refunded
ORD_6001,CUST_575,2025-04-25,Corporate Package,TikTok,461.65,261.42,Completed
ORD_6002,CUST_975,2024-03-23,Creative Studio,Instagram,425.26,142.0,Refunded
ORD_6003,CUST_1363,2024-03-26,Membership,LinkedIn,243.77,89.04,Completed
ORD_6004,CUST_1176,2024-05-08,Partner Offer,Referral,233.49,143.68,Completed
ORD_6005,CUST_776,2024-06-14,Partner Offer,Google Search,56.22,34.85,Completed
ORD_6006,CUST_655,2025-02-16,Membership,Referral,115.79,42.2,Completed
ORD_6007,CUST_676,2024-04-02,Media Package,Instagram,57.2,34.05,Completed
ORD_6008,CUST_699,2024-10-17,Partner Offer,LinkedIn,241.41,160.17,Completed
ORD_6009,CUST_979,2024-07-30,Partner Offer,Event Walk-in,105.76,69.23,Completed
ORD_6010,CUST_956,2025-04-06,Media Package,Google Search,149.91,96.78,Completed
ORD_6011,CUST_1292,2025-01-27,Creative Studio,Instagram,150.4,56.41,Completed
ORD_6012,CUST_777,2025-02-22,Creative Studio,Google Search,137.0,72.08,Cancelled
ORD_6013,CUST_438,2025-05-26,Event Ticket,Referral,405.58,283.07,Completed
ORD_6014,CUST_1376,2024-03-23,Corporate Package,Referral,266.84,149.95,Refunded
ORD_6015,CUST_1016,2024-12-30,Membership,Referral,456.07,197.43,Completed
ORD_6016,CUST_1046,2025-03-18,Event Ticket,TikTok,202.07,66.15,Cancelled
ORD_6017,CUST_98,2025-03-27,Partner Offer,Event Walk-in,240.65,83.17,Completed
ORD_6018,CUST_775,2024-12-18,Event Ticket,Event Walk-in,450.5,273.22,Completed
ORD_6019,CUST_1403,2025-05-12,Creative Studio,Partnership,290.26,174.91,Completed
ORD_6020,CUST_174,2024-08-11,Partner Offer,Google Search,246.33,117.25,Completed
ORD_6021,CUST_232,2024-10-13,Event Ticket,Event Walk-in,301.0,101.37,Completed
ORD_6022,CUST_1083,2024-06-05,Event Ticket,Event Walk-in,486.38,255.93,Completed
ORD_6023,CUST_686,2024-04-13,Media Package,Event Walk-in,71.46,48.85,Completed
ORD_6024,CUST_1493,2024-07-05,Media Package,TikTok,160.03,108.78,Completed
ORD_6025,CUST_67,2025-03-05,Media Package,Google Search,51.11,28.7,Completed
ORD_6026,CUST_394,2025-04-10,Partner Offer,TikTok,273.8,166.4,Cancelled
ORD_6027,CUST_866,2024-09-01,Membership,Instagram,432.69,278.08,Completed
ORD_6028,CUST_279,2024-07-01,Media Package,Google Search,77.56,40.26,Refunded
ORD_6029,CUST_306,2025-05-18,Membership,Partnership,55.49,18.85,Completed
ORD_6030,CUST_325,2025-02-26,Partner Offer,Referral,64.35,33.76,Completed
ORD_6031,CUST_1019,2024-11-07,Membership,LinkedIn,249.18,164.9,Completed
ORD_6032,CUST_724,2025-05-27,Event Ticket,Partnership,25.26,10.56,Completed
ORD_6033,CUST_1337,2024-02-17,Event Ticket,Referral,387.38,254.93,Completed
ORD_6034,CUST_228,2025-04-04,Membership,Referral,325.65,145.75,Completed
ORD_6035,CUST_207,2024-05-03,Creative Studio,Event Walk-in,171.97,79.16,Cancelled
ORD_6036,CUST_646,2024-03-29,Corporate Package,TikTok,150.69,69.08,Completed
ORD_6037,CUST_1090,2025-04-24,Partner Offer,Instagram,405.77,270.27,Cancelled
ORD_6038,CUST_878,2024-03-15,Membership,LinkedIn,93.5,39.64,Completed
ORD_6039,CUST_1044,2024-08-04,Corporate Package,Referral,406.86,254.97,Completed
ORD_6040,CUST_1489,2024-09-18,Corporate Package,Google Search,284.62,145.75,Completed
ORD_6041,CUST_1039,2024-03-21,Partner Offer,Partnership,178.37,70.38,Completed
ORD_6042,CUST_401,2025-01-30,Event Ticket,Referral,276.44,154.11,Completed
ORD_6043,CUST_503,2024-04-20,Creative Studio,Instagram,23.57,10.58,Completed
ORD_6044,CUST_35,2025-03-17,Corporate Package,Referral,147.23,61.72,Completed
ORD_6045,CUST_836,2025-02-06,Creative Studio,Google Search,175.5,76.02,Refunded
ORD_6046,CUST_464,2024-12-05,Membership,TikTok,38.24,15.93,Completed
ORD_6047,CUST_557,2024-09-23,Creative Studio,Event Walk-in,220.41,134.93,Completed
ORD_6048,CUST_79,2025-06-05,Media Package,Partnership,223.81,99.55,Completed
ORD_6049,CUST_1146,2024-12-09,Workshop,TikTok,42.51,25.24,Completed
ORD_6050,CUST_1474,2024-06-04,Partner Offer,Google Search,215.97,78.52,Completed
ORD_6051,CUST_1199,2024-02-23,Event Ticket,Referral,469.64,200.52,Completed
ORD_6052,CUST_1323,2024-12-20,Corporate Package,Partnership,389.19,214.87,Completed
ORD_6053,CUST_1012,2025-05-04,Corporate Package,Instagram,438.26,194.93,Completed
ORD_6054,CUST_907,2024-04-28,Creative Studio,TikTok,484.51,291.22,Completed
ORD_6055,CUST_1334,2024-02-27,Event Ticket,Google Search,161.14,109.07,Completed
ORD_6056,CUST_606,2024-01-03,Membership,Referral,153.3,71.98,Refunded
ORD_6057,CUST_68,2024-05-27,Event Ticket,Partnership,87.68,57.11,Completed
ORD_6058,CUST_948,2025-04-23,Partner Offer,Referral,66.13,37.61,Refunded
ORD_6059,CUST_1343,2024-03-10,Media Package,Partnership,154.99,90.76,Completed
ORD_6060,CUST_959,2025-03-15,Media Package,Referral,374.5,119.39,Completed
ORD_6061,CUST_1204,2025-04-28,Corporate Package,LinkedIn,332.3,207.84,Completed
ORD_6062,CUST_688,2024-05-03,Partner Offer,Event Walk-in,364.09,185.67,Completed
ORD_6063,CUST_1326,2025-02-01,Membership,LinkedIn,200.29,74.43,Completed
ORD_6064,CUST_1074,2025-03-20,Media Package,Google Search,206.32,87.14,Completed
ORD_6065,CUST_1384,2024-08-28,Event Ticket,Partnership,377.71,260.89,Completed
ORD_6066,CUST_49,2024-12-17,Workshop,Google Search,263.71,133.27,Completed
ORD_6067,CUST_617,2025-02-10,Partner Offer,Partnership,124.92,64.77,Completed
ORD_6068,CUST_920,2024-01-03,Corporate Package,LinkedIn,69.95,47.5,Completed
ORD_6069,CUST_106,2024-04-08,Media Package,Event Walk-in,310.13,187.03,Completed
ORD_6070,CUST_1424,2025-01-01,Workshop,Referral,464.3,157.59,Completed
ORD_6071,CUST_717,2024-04-14,Partner Offer,TikTok,208.01,134.43,Completed
ORD_6072,CUST_235,2025-02-21,Corporate Package,Partnership,467.51,164.07,Completed
ORD_6073,CUST_40,2024-06-05,Partner Offer,Referral,425.23,218.68,Completed
ORD_6074,CUST_61,2025-01-20,Partner Offer,Instagram,105.07,36.72,Completed
ORD_6075,CUST_1,2024-01-29,Membership,TikTok,94.83,39.73,Completed
ORD_6076,CUST_57,2024-01-22,Corporate Package,Referral,264.32,107.96,Completed
ORD_6077,CUST_631,2024-01-26,Partner Offer,TikTok,481.5,197.93,Completed
ORD_6078,CUST_144,2025-01-25,Partner Offer,Event Walk-in,321.45,113.46,Completed
ORD_6079,CUST_1194,2024-09-23,Media Package,Referral,116.79,71.12,Completed
ORD_6080,CUST_18,2024-10-28,Workshop,Google Search,308.31,152.38,Completed
ORD_6081,CUST_353,2024-09-29,Media Package,Referral,335.35,209.44,Completed
ORD_6082,CUST_811,2024-05-28,Creative Studio,Partnership,448.63,270.88,Completed
ORD_6083,CUST_1389,2024-11-05,Event Ticket,LinkedIn,347.94,119.99,Cancelled
ORD_6084,CUST_330,2025-04-24,Workshop,LinkedIn,484.34,286.91,Completed
ORD_6085,CUST_470,2024-11-05,Membership,Google Search,353.52,130.68,Completed
ORD_6086,CUST_1094,2024-10-18,Partner Offer,LinkedIn,374.73,183.83,Completed
ORD_6087,CUST_943,2025-04-23,Partner Offer,Partnership,67.37,44.18,Completed
ORD_6088,CUST_25,2025-03-15,Partner Offer,LinkedIn,439.73,305.64,Completed
ORD_6089,CUST_264,2025-02-11,Membership,Instagram,34.86,11.58,Completed
ORD_6090,CUST_208,2024-06-23,Membership,TikTok,345.7,174.05,Completed
ORD_6091,CUST_235,2024-07-03,Workshop,Partnership,227.92,130.66,Completed
ORD_6092,CUST_1341,2024-04-27,Corporate Package,Event Walk-in,434.68,137.3,Cancelled
ORD_6093,CUST_54,2025-05-09,Partner Offer,Referral,46.35,27.32,Completed
ORD_6094,CUST_35,2024-02-10,Partner Offer,Referral,247.83,172.94,Completed
ORD_6095,CUST_1339,2024-04-14,Media Package,LinkedIn,327.97,147.53,Completed
ORD_6096,CUST_95,2025-05-29,Corporate Package,Event Walk-in,389.01,212.77,Completed
ORD_6097,CUST_793,2025-04-15,Membership,LinkedIn,365.79,162.21,Completed
ORD_6098,CUST_103,2025-05-02,Corporate Package,Google Search,259.12,91.31,Completed
ORD_6099,CUST_1460,2024-12-05,Corporate Package,Google Search,337.38,227.63,Completed
ORD_6100,CUST_95,2024-04-27,Workshop,Event Walk-in,200.81,134.13,Completed
ORD_6101,CUST_1037,2025-06-20,Workshop,Event Walk-in,73.76,51.11,Completed
ORD_6102,CUST_801,2024-03-04,Workshop,LinkedIn,353.97,213.76,Completed
ORD_6103,CUST_1173,2024-12-15,Corporate Package,LinkedIn,439.5,233.77,Completed
ORD_6104,CUST_164,2025-02-08,Corporate Package,Instagram,439.36,299.39,Refunded
ORD_6105,CUST_1150,2024-07-10,Workshop,LinkedIn,175.53,61.3,Refunded
ORD_6106,CUST_1133,2024-09-05,Event Ticket,Referral,244.18,111.09,Completed
ORD_6107,CUST_1318,2024-02-03,Event Ticket,LinkedIn,372.19,132.91,Cancelled
ORD_6108,CUST_1361,2025-01-09,Workshop,Instagram,115.06,59.86,Completed
ORD_6109,CUST_459,2024-12-24,Membership,TikTok,315.75,102.35,Completed
ORD_6110,CUST_707,2024-04-23,Event Ticket,TikTok,158.62,55.72,Completed
ORD_6111,CUST_650,2025-03-25,Media Package,Instagram,179.33,60.91,Completed
ORD_6112,CUST_297,2025-02-24,Media Package,Referral,477.96,178.08,Refunded
ORD_6113,CUST_911,2024-07-09,Creative Studio,TikTok,232.22,142.02,Completed
ORD_6114,CUST_138,2025-06-06,Media Package,Instagram,283.69,193.49,Refunded
ORD_6115,CUST_430,2024-01-25,Corporate Package,LinkedIn,356.33,197.68,Completed
ORD_6116,CUST_1209,2025-06-12,Creative Studio,TikTok,423.84,181.83,Completed
ORD_6117,CUST_1284,2024-04-08,Corporate Package,Partnership,208.4,91.76,Completed
ORD_6118,CUST_1185,2024-07-10,Membership,TikTok,49.44,20.97,Completed
ORD_6119,CUST_461,2024-07-01,Corporate Package,Event Walk-in,418.63,212.58,Refunded
ORD_6120,CUST_1082,2024-09-17,Partner Offer,Referral,312.39,143.27,Refunded
ORD_6121,CUST_502,2024-01-29,Corporate Package,Google Search,222.83,109.8,Completed
ORD_6122,CUST_876,2025-03-18,Event Ticket,Referral,122.26,37.44,Refunded
ORD_6123,CUST_737,2024-06-30,Corporate Package,Partnership,90.92,30.11,Completed
ORD_6124,CUST_1347,2024-02-23,Workshop,TikTok,404.04,219.02,Completed
ORD_6125,CUST_234,2025-01-29,Corporate Package,Referral,184.94,81.31,Completed
ORD_6126,CUST_124,2025-01-30,Event Ticket,Google Search,114.09,55.48,Completed
ORD_6127,CUST_1247,2024-06-21,Creative Studio,Referral,165.3,58.06,Completed
ORD_6128,CUST_990,2024-12-11,Corporate Package,Partnership,337.35,198.69,Completed
ORD_6129,CUST_38,2024-10-28,Membership,TikTok,383.55,215.88,Completed
ORD_6130,CUST_150,2024-03-17,Partner Offer,Partnership,227.76,126.56,Completed
ORD_6131,CUST_93,2025-05-09,Membership,Google Search,137.79,85.48,Completed
ORD_6132,CUST_314,2025-01-21,Corporate Package,Partnership,203.65,106.28,Completed
ORD_6133,CUST_558,2024-12-18,Event Ticket,TikTok,125.28,78.07,Completed
ORD_6134,CUST_99,2024-02-26,Workshop,TikTok,56.96,35.67,Completed
ORD_6135,CUST_976,2025-02-27,Event Ticket,Partnership,263.3,121.68,Completed
ORD_6136,CUST_1337,2025-04-07,Workshop,Referral,200.69,115.58,Completed
ORD_6137,CUST_1090,2025-05-21,Event Ticket,Instagram,172.04,54.94,Completed
ORD_6138,CUST_196,2024-08-17,Workshop,Google Search,475.55,280.11,Completed
ORD_6139,CUST_734,2025-03-28,Partner Offer,Google Search,326.08,218.94,Completed
ORD_6140,CUST_1428,2024-09-28,Membership,Google Search,264.35,128.6,Refunded
ORD_6141,CUST_896,2025-01-01,Media Package,Referral,40.99,12.87,Completed
ORD_6142,CUST_1389,2024-08-16,Media Package,LinkedIn,265.12,104.24,Completed
ORD_6143,CUST_1004,2025-01-18,Workshop,TikTok,170.04,70.24,Completed
ORD_6144,CUST_194,2025-05-04,Event Ticket,Partnership,45.96,29.27,Completed
ORD_6145,CUST_1146,2024-07-10,Partner Offer,TikTok,102.81,38.95,Refunded
ORD_6146,CUST_382,2024-06-09,Workshop,Google Search,65.47,25.39,Completed
ORD_6147,CUST_482,2024-09-25,Corporate Package,Event Walk-in,467.93,295.31,Completed
ORD_6148,CUST_1313,2024-03-14,Partner Offer,Referral,249.46,169.53,Completed
ORD_6149,CUST_247,2025-03-24,Membership,Partnership,398.94,250.74,Refunded
ORD_6150,CUST_558,2024-08-21,Media Package,TikTok,144.34,93.74,Completed
ORD_6151,CUST_525,2025-03-17,Corporate Package,LinkedIn,115.06,60.52,Completed
ORD_6152,CUST_1091,2025-05-15,Event Ticket,Referral,468.44,220.65,Completed
ORD_6153,CUST_828,2025-05-01,Membership,Referral,94.37,43.2,Completed
ORD_6154,CUST_1364,2024-02-24,Membership,TikTok,166.78,95.4,Completed
ORD_6155,CUST_1314,2024-10-26,Event Ticket,Google Search,212.67,106.28,Completed
ORD_6156,CUST_657,2024-06-18,Media Package,TikTok,463.47,264.08,Completed
ORD_6157,CUST_145,2024-01-17,Workshop,TikTok,85.23,53.83,Completed
ORD_6158,CUST_564,2024-07-30,Partner Offer,Referral,334.3,206.81,Completed
ORD_6159,CUST_316,2024-03-29,Creative Studio,LinkedIn,216.19,138.72,Completed
ORD_6160,CUST_1034,2024-05-05,Partner Offer,Referral,185.02,62.36,Completed
ORD_6161,CUST_413,2024-09-18,Partner Offer,Event Walk-in,35.81,12.56,Completed
ORD_6162,CUST_1435,2024-12-03,Partner Offer,Instagram,430.65,196.77,Completed
ORD_6163,CUST_737,2024-04-02,Corporate Package,Partnership,279.16,143.08,Completed
ORD_6164,CUST_561,2025-06-12,Workshop,Google Search,360.72,131.2,Completed
ORD_6165,CUST_1163,2024-02-24,Media Package,Google Search,254.9,133.49,Completed
ORD_6166,CUST_88,2024-03-22,Membership,Event Walk-in,261.79,146.92,Completed
ORD_6167,CUST_891,2024-05-26,Workshop,LinkedIn,257.14,149.88,Completed
ORD_6168,CUST_678,2025-04-28,Partner Offer,Event Walk-in,248.58,145.71,Completed
ORD_6169,CUST_85,2025-04-06,Media Package,Instagram,228.05,149.05,Completed
ORD_6170,CUST_290,2024-02-11,Creative Studio,Google Search,54.12,23.71,Completed
ORD_6171,CUST_167,2024-08-25,Workshop,Google Search,321.46,154.35,Completed
ORD_6172,CUST_45,2025-02-12,Workshop,TikTok,91.6,46.1,Refunded
ORD_6173,CUST_937,2024-01-08,Event Ticket,Partnership,392.84,261.89,Completed
ORD_6174,CUST_839,2025-05-10,Partner Offer,Event Walk-in,208.74,84.18,Completed
ORD_6175,CUST_579,2025-04-14,Workshop,Partnership,103.85,42.09,Completed
ORD_6176,CUST_208,2024-06-10,Corporate Package,TikTok,243.71,164.74,Completed
ORD_6177,CUST_229,2025-04-12,Corporate Package,TikTok,211.76,111.29,Completed
ORD_6178,CUST_687,2025-04-18,Workshop,Event Walk-in,115.88,74.0,Completed
ORD_6179,CUST_1245,2024-06-01,Creative Studio,Event Walk-in,424.06,242.55,Completed
ORD_6180,CUST_763,2024-03-08,Membership,TikTok,104.96,51.74,Refunded
ORD_6181,CUST_1170,2024-11-26,Partner Offer,Event Walk-in,409.31,133.15,Completed
ORD_6182,CUST_607,2024-03-10,Membership,Instagram,236.93,101.64,Completed
ORD_6183,CUST_378,2025-04-16,Corporate Package,LinkedIn,309.14,132.45,Completed
ORD_6184,CUST_517,2024-09-13,Workshop,Instagram,137.46,70.44,Completed
ORD_6185,CUST_1054,2024-12-09,Partner Offer,Google Search,400.21,154.9,Completed
ORD_6186,CUST_739,2025-01-02,Creative Studio,TikTok,398.23,256.79,Completed
ORD_6187,CUST_310,2024-06-23,Corporate Package,Google Search,270.75,173.29,Completed
ORD_6188,CUST_709,2024-09-23,Creative Studio,Google Search,496.9,193.77,Completed
ORD_6189,CUST_955,2025-01-16,Corporate Package,Partnership,464.89,256.06,Completed
ORD_6190,CUST_594,2025-06-02,Creative Studio,LinkedIn,323.54,134.28,Completed
ORD_6191,CUST_316,2024-03-06,Event Ticket,LinkedIn,346.9,186.32,Completed
ORD_6192,CUST_818,2024-06-04,Corporate Package,Partnership,459.64,269.91,Completed
ORD_6193,CUST_994,2025-03-30,Event Ticket,Partnership,481.24,305.45,Cancelled
ORD_6194,CUST_583,2025-06-19,Corporate Package,Instagram,448.61,175.81,Completed
ORD_6195,CUST_1141,2024-11-28,Membership,Google Search,270.96,138.05,Completed
ORD_6196,CUST_1472,2025-03-19,Creative Studio,Google Search,408.65,169.56,Completed
ORD_6197,CUST_56,2025-02-10,Corporate Package,Event Walk-in,411.62,276.93,Completed
ORD_6198,CUST_1185,2025-04-04,Corporate Package,TikTok,474.85,180.72,Completed
ORD_6199,CUST_379,2024-12-12,Creative Studio,Google Search,461.04,187.83,Completed
ORD_6200,CUST_47,2025-05-22,Media Package,Partnership,346.27,222.38,Completed
ORD_6201,CUST_417,2025-06-07,Partner Offer,Event Walk-in,281.04,165.56,Cancelled
ORD_6202,CUST_112,2024-05-01,Corporate Package,LinkedIn,235.11,126.94,Completed
ORD_6203,CUST_501,2025-03-21,Workshop,Referral,28.59,14.69,Completed
ORD_6204,CUST_1054,2024-07-13,Membership,Google Search,228.45,99.86,Completed
ORD_6205,CUST_1222,2025-06-20,Event Ticket,Google Search,236.43,105.82,Completed
ORD_6206,CUST_747,2024-04-24,Event Ticket,Event Walk-in,142.32,66.55,Completed
ORD_6207,CUST_713,2024-05-01,Partner Offer,Google Search,174.14,78.8,Completed
ORD_6208,CUST_1235,2024-04-26,Workshop,Event Walk-in,443.59,166.78,Completed
ORD_6209,CUST_440,2025-05-06,Creative Studio,Partnership,344.74,189.84,Completed
ORD_6210,CUST_1201,2024-10-18,Media Package,TikTok,286.48,195.94,Completed
ORD_6211,CUST_654,2024-07-25,Event Ticket,Instagram,149.16,49.72,Completed
ORD_6212,CUST_1260,2024-03-31,Partner Offer,Referral,186.58,70.63,Cancelled
ORD_6213,CUST_288,2024-12-19,Corporate Package,Instagram,119.4,71.24,Completed
ORD_6214,CUST_686,2025-02-01,Creative Studio,Event Walk-in,45.89,25.58,Completed
ORD_6215,CUST_648,2024-01-20,Media Package,Instagram,489.39,207.44,Completed
ORD_6216,CUST_357,2024-10-04,Creative Studio,LinkedIn,52.39,19.13,Completed
ORD_6217,CUST_52,2025-01-20,Creative Studio,LinkedIn,81.68,41.48,Completed
ORD_6218,CUST_1277,2024-07-04,Membership,Referral,265.61,116.65,Completed
ORD_6219,CUST_1295,2025-01-24,Corporate Package,Event Walk-in,293.19,146.81,Cancelled
ORD_6220,CUST_741,2024-03-07,Partner Offer,Partnership,451.02,160.18,Completed
ORD_6221,CUST_159,2024-01-15,Event Ticket,Referral,132.84,63.87,Completed
ORD_6222,CUST_1299,2024-10-05,Partner Offer,Instagram,142.17,55.81,Completed
ORD_6223,CUST_1081,2024-10-27,Membership,Partnership,339.08,206.66,Cancelled
ORD_6224,CUST_878,2024-06-14,Creative Studio,LinkedIn,233.07,72.89,Refunded
ORD_6225,CUST_391,2025-04-20,Event Ticket,LinkedIn,396.34,180.37,Completed
ORD_6226,CUST_332,2024-03-04,Media Package,Referral,433.58,183.72,Completed
ORD_6227,CUST_1244,2024-10-30,Partner Offer,Instagram,489.12,275.45,Cancelled
ORD_6228,CUST_938,2024-07-22,Corporate Package,Referral,167.04,97.35,Completed
ORD_6229,CUST_872,2025-06-25,Media Package,LinkedIn,360.89,120.44,Completed
ORD_6230,CUST_336,2024-12-14,Workshop,Partnership,155.85,92.75,Completed
ORD_6231,CUST_570,2024-07-27,Membership,Partnership,110.03,50.89,Completed
ORD_6232,CUST_71,2024-08-01,Creative Studio,Event Walk-in,182.88,68.31,Completed
ORD_6233,CUST_30,2025-01-04,Event Ticket,TikTok,237.9,95.34,Completed
ORD_6234,CUST_1457,2024-08-19,Event Ticket,Event Walk-in,180.91,62.11,Refunded
ORD_6235,CUST_905,2025-02-22,Corporate Package,Referral,96.71,45.32,Completed
ORD_6236,CUST_905,2024-10-01,Membership,Referral,55.55,24.04,Completed
ORD_6237,CUST_326,2024-07-06,Creative Studio,Google Search,492.0,245.85,Completed
ORD_6238,CUST_107,2024-08-12,Creative Studio,LinkedIn,437.11,265.55,Completed
ORD_6239,CUST_1498,2025-03-04,Workshop,Event Walk-in,193.66,132.08,Completed
ORD_6240,CUST_907,2025-06-12,Partner Offer,TikTok,493.27,342.35,Completed
ORD_6241,CUST_1107,2025-05-23,Partner Offer,Instagram,234.03,151.88,Completed
ORD_6242,CUST_78,2025-05-08,Partner Offer,Google Search,418.76,187.64,Completed
ORD_6243,CUST_1361,2024-02-24,Creative Studio,Instagram,367.45,233.99,Completed
ORD_6244,CUST_1042,2025-05-24,Partner Offer,TikTok,305.09,205.42,Completed
ORD_6245,CUST_676,2025-06-09,Workshop,Instagram,325.91,189.34,Completed
ORD_6246,CUST_499,2024-05-25,Media Package,TikTok,152.26,51.54,Completed
ORD_6247,CUST_474,2025-01-19,Corporate Package,Event Walk-in,81.85,38.09,Completed
ORD_6248,CUST_1048,2024-11-19,Media Package,Referral,192.47,71.85,Completed
ORD_6249,CUST_169,2024-12-29,Creative Studio,Partnership,425.96,178.96,Completed
ORD_6250,CUST_950,2024-06-15,Workshop,Google Search,367.38,237.43,Completed
ORD_6251,CUST_825,2024-07-27,Creative Studio,Partnership,497.79,304.41,Completed
ORD_6252,CUST_1312,2025-02-15,Creative Studio,Event Walk-in,265.55,113.0,Completed
ORD_6253,CUST_27,2024-09-29,Partner Offer,Partnership,203.95,126.82,Completed
ORD_6254,CUST_1446,2025-03-03,Media Package,LinkedIn,225.56,103.35,Completed
ORD_6255,CUST_310,2024-11-03,Membership,Google Search,371.41,256.12,Completed
ORD_6256,CUST_1331,2024-06-14,Workshop,LinkedIn,95.41,35.78,Completed
ORD_6257,CUST_1170,2024-08-25,Event Ticket,Event Walk-in,302.71,119.24,Refunded
ORD_6258,CUST_878,2024-01-31,Event Ticket,LinkedIn,102.2,68.79,Completed
ORD_6259,CUST_574,2025-05-16,Membership,TikTok,182.9,62.86,Completed
ORD_6260,CUST_360,2024-07-13,Workshop,Google Search,197.88,89.02,Completed
ORD_6261,CUST_587,2024-07-12,Corporate Package,Event Walk-in,371.01,174.96,Completed
ORD_6262,CUST_176,2024-06-17,Event Ticket,Google Search,362.06,109.97,Completed
ORD_6263,CUST_1037,2024-12-28,Media Package,Event Walk-in,272.77,187.4,Completed
ORD_6264,CUST_658,2024-12-15,Media Package,Instagram,364.4,156.61,Refunded
ORD_6265,CUST_678,2024-06-17,Corporate Package,Event Walk-in,303.95,159.76,Completed
ORD_6266,CUST_882,2025-03-15,Corporate Package,LinkedIn,234.94,138.9,Completed
ORD_6267,CUST_571,2024-02-18,Event Ticket,Referral,60.93,37.97,Completed
ORD_6268,CUST_85,2025-03-15,Event Ticket,Instagram,464.63,321.42,Completed
ORD_6269,CUST_597,2024-09-06,Partner Offer,Partnership,407.5,166.16,Completed
ORD_6270,CUST_1435,2025-03-17,Corporate Package,Instagram,154.2,85.32,Completed
ORD_6271,CUST_1088,2024-03-01,Corporate Package,TikTok,376.11,197.97,Completed
ORD_6272,CUST_462,2024-12-06,Workshop,Event Walk-in,457.42,176.51,Completed
ORD_6273,CUST_333,2025-01-04,Corporate Package,Event Walk-in,293.13,122.66,Refunded
ORD_6274,CUST_793,2025-06-08,Partner Offer,LinkedIn,296.47,100.49,Completed
ORD_6275,CUST_86,2024-10-30,Corporate Package,Event Walk-in,129.7,72.24,Completed
ORD_6276,CUST_1307,2025-05-14,Membership,LinkedIn,475.87,209.95,Completed
ORD_6277,CUST_64,2024-08-29,Partner Offer,Event Walk-in,241.04,139.65,Completed
ORD_6278,CUST_37,2025-06-25,Creative Studio,Referral,480.43,188.54,Completed
ORD_6279,CUST_334,2024-10-27,Event Ticket,Instagram,301.29,186.86,Completed
ORD_6280,CUST_519,2024-07-05,Membership,TikTok,58.07,35.84,Cancelled
ORD_6281,CUST_833,2024-11-16,Creative Studio,TikTok,58.45,26.84,Completed
ORD_6282,CUST_90,2024-08-16,Partner Offer,Referral,275.69,99.17,Cancelled
ORD_6283,CUST_1117,2025-03-08,Media Package,Partnership,50.67,22.38,Completed
ORD_6284,CUST_50,2024-01-06,Partner Offer,Google Search,135.25,82.23,Refunded
ORD_6285,CUST_1211,2024-08-16,Creative Studio,TikTok,423.93,229.68,Completed
ORD_6286,CUST_507,2024-04-04,Media Package,Instagram,59.54,39.89,Completed
ORD_6287,CUST_353,2024-05-17,Event Ticket,Referral,187.38,118.85,Completed
ORD_6288,CUST_238,2024-06-27,Workshop,Instagram,382.55,191.49,Completed
ORD_6289,CUST_1292,2024-09-10,Event Ticket,Instagram,205.13,83.12,Completed
ORD_6290,CUST_476,2024-11-26,Event Ticket,Partnership,424.86,140.8,Completed
ORD_6291,CUST_165,2025-04-09,Event Ticket,Google Search,326.31,129.54,Completed
ORD_6292,CUST_730,2024-12-26,Corporate Package,TikTok,88.32,52.21,Completed
ORD_6293,CUST_322,2024-09-28,Media Package,TikTok,202.05,135.92,Cancelled
ORD_6294,CUST_70,2025-03-05,Corporate Package,Referral,369.53,227.4,Completed
ORD_6295,CUST_1003,2024-12-06,Media Package,LinkedIn,118.61,77.41,Completed
ORD_6296,CUST_1290,2024-08-10,Event Ticket,Event Walk-in,492.39,228.82,Completed
ORD_6297,CUST_1168,2025-04-14,Workshop,Event Walk-in,289.42,153.4,Completed
ORD_6298,CUST_1280,2025-04-06,Media Package,LinkedIn,479.87,271.93,Refunded
ORD_6299,CUST_1104,2025-06-23,Creative Studio,Partnership,109.7,39.41,Completed
ORD_6300,CUST_325,2024-07-21,Creative Studio,Referral,74.79,25.36,Completed
ORD_6301,CUST_1271,2025-01-29,Partner Offer,Instagram,388.98,154.93,Refunded
ORD_6302,CUST_10,2024-10-07,Creative Studio,Referral,194.08,71.07,Completed
ORD_6303,CUST_1125,2024-11-27,Creative Studio,LinkedIn,417.78,153.75,Completed
ORD_6304,CUST_639,2024-07-29,Partner Offer,LinkedIn,497.76,199.19,Completed
ORD_6305,CUST_1287,2024-07-31,Membership,TikTok,138.45,50.6,Completed
ORD_6306,CUST_1167,2024-01-11,Event Ticket,LinkedIn,266.35,157.53,Completed
ORD_6307,CUST_183,2024-01-08,Creative Studio,Google Search,328.86,191.22,Completed
ORD_6308,CUST_957,2025-01-25,Corporate Package,LinkedIn,218.08,68.14,Completed
ORD_6309,CUST_4,2024-06-04,Membership,Event Walk-in,411.47,280.22,Completed
ORD_6310,CUST_726,2024-06-29,Creative Studio,Referral,384.4,249.16,Completed
ORD_6311,CUST_591,2024-02-17,Event Ticket,Event Walk-in,342.5,122.03,Refunded
ORD_6312,CUST_1074,2025-06-22,Partner Offer,Google Search,242.34,146.39,Completed
ORD_6313,CUST_844,2024-04-01,Workshop,Google Search,357.37,174.03,Completed
ORD_6314,CUST_174,2024-01-04,Event Ticket,Google Search,210.23,104.34,Completed
ORD_6315,CUST_902,2024-12-18,Membership,Google Search,388.65,193.21,Completed
ORD_6316,CUST_1433,2025-05-29,Event Ticket,Referral,466.79,171.2,Completed
ORD_6317,CUST_1284,2024-10-26,Event Ticket,Partnership,369.27,191.11,Completed
ORD_6318,CUST_901,2024-12-22,Media Package,Event Walk-in,293.19,133.27,Completed
ORD_6319,CUST_591,2024-08-30,Media Package,Event Walk-in,398.19,138.88,Completed
ORD_6320,CUST_127,2024-02-08,Corporate Package,Referral,202.19,128.64,Completed
ORD_6321,CUST_504,2024-08-29,Corporate Package,LinkedIn,241.86,75.65,Completed
ORD_6322,CUST_51,2024-07-18,Partner Offer,LinkedIn,270.14,92.42,Refunded
ORD_6323,CUST_938,2025-01-11,Event Ticket,Referral,439.53,270.92,Completed
ORD_6324,CUST_410,2025-01-17,Membership,LinkedIn,52.36,31.48,Refunded
ORD_6325,CUST_266,2024-12-25,Corporate Package,Google Search,40.22,12.79,Completed
ORD_6326,CUST_364,2024-06-18,Membership,Partnership,318.3,124.28,Completed
ORD_6327,CUST_364,2024-11-03,Media Package,Partnership,161.92,99.99,Completed
ORD_6328,CUST_1304,2025-02-18,Media Package,TikTok,133.82,60.96,Completed
ORD_6329,CUST_225,2025-05-13,Creative Studio,Google Search,256.15,129.76,Completed
ORD_6330,CUST_1289,2024-01-02,Workshop,Referral,111.38,46.91,Refunded
ORD_6331,CUST_1370,2024-04-03,Corporate Package,LinkedIn,183.07,77.5,Completed
ORD_6332,CUST_1030,2024-04-20,Workshop,Referral,398.35,145.7,Completed
ORD_6333,CUST_345,2024-04-10,Creative Studio,LinkedIn,412.94,230.41,Completed
ORD_6334,CUST_702,2024-04-08,Workshop,Partnership,309.57,188.94,Completed
ORD_6335,CUST_825,2025-01-14,Workshop,Partnership,56.49,30.32,Completed
ORD_6336,CUST_1454,2024-10-31,Event Ticket,Partnership,135.17,44.47,Completed
ORD_6337,CUST_1432,2025-06-05,Workshop,Event Walk-in,204.95,65.69,Completed
ORD_6338,CUST_344,2024-12-09,Media Package,Google Search,104.39,50.25,Completed
ORD_6339,CUST_895,2024-09-13,Media Package,Google Search,264.15,122.27,Completed
ORD_6340,CUST_662,2024-10-04,Corporate Package,Referral,158.15,69.64,Completed
ORD_6341,CUST_998,2024-11-17,Media Package,Instagram,128.96,58.95,Completed
ORD_6342,CUST_1273,2025-04-23,Media Package,Partnership,222.58,89.13,Completed
ORD_6343,CUST_818,2025-03-14,Partner Offer,Partnership,113.28,78.74,Completed
ORD_6344,CUST_1432,2024-09-08,Creative Studio,Event Walk-in,421.76,267.52,Completed
ORD_6345,CUST_399,2024-03-24,Partner Offer,Event Walk-in,478.7,218.28,Completed
ORD_6346,CUST_217,2024-05-16,Membership,Partnership,222.32,153.32,Completed
ORD_6347,CUST_1483,2024-10-27,Event Ticket,Partnership,196.56,131.61,Completed
ORD_6348,CUST_487,2024-12-31,Event Ticket,Referral,82.74,37.93,Completed
ORD_6349,CUST_401,2024-06-17,Workshop,Referral,495.36,158.57,Completed
ORD_6350,CUST_1188,2024-10-03,Membership,Google Search,102.69,54.95,Completed
ORD_6351,CUST_1404,2024-05-31,Corporate Package,Google Search,384.95,261.4,Completed
ORD_6352,CUST_215,2024-05-19,Partner Offer,LinkedIn,348.62,205.77,Completed
ORD_6353,CUST_384,2024-11-03,Membership,TikTok,445.19,178.38,Completed
ORD_6354,CUST_978,2024-07-10,Event Ticket,Google Search,345.98,238.34,Completed
ORD_6355,CUST_974,2024-05-20,Creative Studio,Referral,451.49,266.03,Cancelled
ORD_6356,CUST_420,2024-03-27,Corporate Package,Referral,229.29,93.12,Completed
ORD_6357,CUST_111,2025-01-03,Media Package,Partnership,383.29,150.72,Completed
ORD_6358,CUST_1290,2025-06-08,Media Package,Event Walk-in,410.11,141.42,Completed
ORD_6359,CUST_40,2024-04-23,Corporate Package,Referral,82.22,53.31,Completed
ORD_6360,CUST_915,2025-04-01,Membership,Referral,386.77,151.57,Completed
ORD_6361,CUST_1018,2025-04-12,Membership,Instagram,440.11,261.95,Completed
ORD_6362,CUST_1282,2024-04-11,Corporate Package,Partnership,90.93,55.05,Completed
ORD_6363,CUST_271,2024-03-11,Workshop,Instagram,225.53,91.79,Completed
ORD_6364,CUST_249,2024-09-17,Workshop,Event Walk-in,171.54,102.46,Completed
ORD_6365,CUST_145,2025-01-03,Membership,TikTok,100.66,33.34,Completed
ORD_6366,CUST_375,2025-01-07,Membership,Google Search,321.25,107.96,Completed
ORD_6367,CUST_51,2024-11-22,Partner Offer,LinkedIn,325.39,153.55,Completed
ORD_6368,CUST_1107,2024-11-22,Creative Studio,Instagram,377.86,158.78,Completed
ORD_6369,CUST_967,2024-12-14,Event Ticket,Partnership,199.51,120.57,Completed
ORD_6370,CUST_58,2024-04-17,Creative Studio,LinkedIn,421.99,234.52,Completed
ORD_6371,CUST_1452,2024-02-25,Creative Studio,Google Search,120.95,59.52,Completed
ORD_6372,CUST_1288,2025-05-19,Membership,Google Search,376.39,173.34,Refunded
ORD_6373,CUST_356,2024-08-28,Event Ticket,Instagram,467.8,322.95,Cancelled
ORD_6374,CUST_192,2025-06-08,Creative Studio,Instagram,61.89,38.41,Completed
ORD_6375,CUST_678,2025-02-18,Corporate Package,Event Walk-in,44.06,13.92,Completed
ORD_6376,CUST_994,2024-09-26,Corporate Package,Partnership,427.01,217.56,Completed
ORD_6377,CUST_619,2024-11-01,Creative Studio,LinkedIn,288.92,169.91,Completed
ORD_6378,CUST_1342,2025-01-06,Corporate Package,Partnership,456.37,307.47,Completed
ORD_6379,CUST_49,2024-02-21,Workshop,Google Search,410.54,189.93,Refunded
ORD_6380,CUST_278,2025-01-25,Workshop,TikTok,126.02,70.48,Completed
ORD_6381,CUST_907,2025-05-23,Creative Studio,TikTok,295.24,107.5,Completed
ORD_6382,CUST_1293,2024-02-19,Event Ticket,LinkedIn,333.81,162.92,Completed
ORD_6383,CUST_1223,2024-12-30,Event Ticket,Instagram,477.06,247.95,Completed
ORD_6384,CUST_1140,2024-01-02,Partner Offer,Instagram,193.66,126.33,Completed
ORD_6385,CUST_1440,2024-12-13,Workshop,LinkedIn,156.92,60.22,Completed
ORD_6386,CUST_1088,2024-10-05,Creative Studio,TikTok,438.2,192.53,Completed
ORD_6387,CUST_672,2024-11-24,Corporate Package,TikTok,317.76,159.11,Completed
ORD_6388,CUST_1493,2024-07-04,Workshop,TikTok,452.46,244.39,Completed
ORD_6389,CUST_862,2024-09-01,Media Package,Instagram,385.61,152.81,Completed
ORD_6390,CUST_721,2024-09-17,Media Package,Instagram,79.98,48.36,Completed
ORD_6391,CUST_764,2025-05-29,Event Ticket,Google Search,223.62,95.41,Completed
ORD_6392,CUST_172,2024-12-28,Partner Offer,Event Walk-in,486.97,285.38,Completed
ORD_6393,CUST_58,2024-08-29,Creative Studio,LinkedIn,151.65,79.52,Completed
ORD_6394,CUST_590,2024-04-10,Partner Offer,Referral,63.14,34.75,Completed
ORD_6395,CUST_392,2024-10-10,Creative Studio,Referral,84.8,47.23,Cancelled
ORD_6396,CUST_1380,2024-07-05,Media Package,Event Walk-in,163.19,103.03,Completed
ORD_6397,CUST_1119,2024-09-25,Corporate Package,TikTok,67.13,39.51,Completed
ORD_6398,CUST_319,2024-02-24,Event Ticket,Partnership,130.42,49.81,Refunded
ORD_6399,CUST_161,2024-06-30,Workshop,LinkedIn,122.63,68.88,Completed
ORD_6400,CUST_165,2024-09-03,Corporate Package,Google Search,221.35,138.92,Completed
ORD_6401,CUST_100,2024-09-07,Media Package,TikTok,425.33,130.78,Completed
ORD_6402,CUST_1375,2024-11-02,Event Ticket,Google Search,93.63,52.08,Completed
ORD_6403,CUST_392,2024-04-15,Event Ticket,Referral,168.63,57.96,Completed
ORD_6404,CUST_1322,2024-12-20,Creative Studio,Google Search,117.64,68.29,Completed
ORD_6405,CUST_8,2025-06-16,Event Ticket,Referral,377.97,186.2,Completed
ORD_6406,CUST_931,2024-10-21,Media Package,TikTok,295.86,178.03,Completed
ORD_6407,CUST_1339,2025-01-03,Membership,LinkedIn,45.76,20.87,Refunded
ORD_6408,CUST_824,2024-08-06,Event Ticket,LinkedIn,178.43,120.9,Completed
ORD_6409,CUST_833,2025-02-24,Partner Offer,TikTok,115.17,68.21,Completed
ORD_6410,CUST_163,2024-07-21,Creative Studio,Event Walk-in,170.11,71.43,Completed
ORD_6411,CUST_405,2025-03-01,Media Package,LinkedIn,305.27,91.72,Refunded
ORD_6412,CUST_1111,2025-01-17,Corporate Package,TikTok,24.29,11.17,Completed
ORD_6413,CUST_1060,2025-04-05,Membership,Referral,197.01,86.69,Completed
ORD_6414,CUST_698,2024-02-10,Creative Studio,Instagram,287.44,136.23,Completed
ORD_6415,CUST_385,2024-10-29,Membership,LinkedIn,66.75,32.12,Completed
ORD_6416,CUST_858,2024-07-09,Partner Offer,Referral,141.87,96.19,Completed
ORD_6417,CUST_144,2024-03-23,Workshop,Event Walk-in,434.03,250.27,Cancelled
ORD_6418,CUST_1315,2024-08-04,Event Ticket,Instagram,383.15,179.26,Completed
ORD_6419,CUST_235,2024-03-17,Corporate Package,Partnership,436.97,170.17,Completed
ORD_6420,CUST_1115,2024-05-07,Event Ticket,Event Walk-in,226.04,117.52,Completed
ORD_6421,CUST_40,2024-02-11,Membership,Referral,255.23,77.99,Completed
ORD_6422,CUST_1170,2025-04-27,Membership,Event Walk-in,111.45,64.18,Refunded
ORD_6423,CUST_1467,2024-01-27,Event Ticket,Event Walk-in,272.63,103.71,Refunded
ORD_6424,CUST_461,2025-05-26,Partner Offer,Event Walk-in,389.0,160.85,Cancelled
ORD_6425,CUST_829,2025-06-12,Event Ticket,Referral,263.74,183.68,Refunded
ORD_6426,CUST_680,2025-02-16,Workshop,Google Search,404.82,200.8,Completed
ORD_6427,CUST_908,2025-04-08,Event Ticket,TikTok,247.1,114.36,Completed
ORD_6428,CUST_165,2025-03-02,Partner Offer,Google Search,403.99,281.59,Completed
ORD_6429,CUST_1365,2025-03-16,Workshop,TikTok,404.35,255.17,Completed
ORD_6430,CUST_1005,2024-11-01,Membership,Referral,160.77,50.77,Completed
ORD_6431,CUST_105,2024-03-31,Media Package,Event Walk-in,183.29,76.66,Completed
ORD_6432,CUST_483,2024-08-06,Membership,Referral,45.7,31.75,Refunded
ORD_6433,CUST_491,2024-03-08,Corporate Package,LinkedIn,275.35,113.59,Completed
ORD_6434,CUST_1126,2024-05-23,Partner Offer,Instagram,173.34,93.63,Completed
ORD_6435,CUST_1374,2024-02-15,Event Ticket,Event Walk-in,293.37,114.14,Completed
ORD_6436,CUST_1022,2024-10-02,Event Ticket,Instagram,99.28,34.02,Completed
ORD_6437,CUST_585,2024-07-23,Workshop,Event Walk-in,170.01,62.61,Completed
ORD_6438,CUST_1259,2025-01-20,Workshop,TikTok,111.95,42.76,Completed
ORD_6439,CUST_97,2025-06-17,Creative Studio,TikTok,412.39,150.2,Completed
ORD_6440,CUST_1186,2024-09-08,Workshop,Event Walk-in,203.02,77.36,Refunded
ORD_6441,CUST_385,2024-09-11,Workshop,LinkedIn,247.34,103.34,Completed
ORD_6442,CUST_1183,2024-08-07,Partner Offer,Instagram,28.41,15.95,Completed
ORD_6443,CUST_1091,2025-01-11,Corporate Package,Referral,194.12,102.47,Completed
ORD_6444,CUST_525,2024-04-02,Partner Offer,LinkedIn,213.25,124.99,Refunded
ORD_6445,CUST_673,2024-08-25,Corporate Package,Instagram,477.39,206.69,Refunded
ORD_6446,CUST_182,2025-06-17,Creative Studio,Google Search,185.07,110.01,Completed
ORD_6447,CUST_1269,2024-06-05,Partner Offer,Instagram,252.53,174.95,Completed
ORD_6448,CUST_525,2024-07-28,Membership,LinkedIn,339.06,193.46,Completed
ORD_6449,CUST_455,2024-02-06,Membership,Instagram,473.04,257.67,Completed
ORD_6450,CUST_838,2024-05-18,Media Package,Partnership,251.05,153.13,Completed
ORD_6451,CUST_132,2025-02-12,Event Ticket,Event Walk-in,356.81,145.93,Completed
ORD_6452,CUST_1426,2025-05-17,Membership,Google Search,70.26,45.13,Completed
ORD_6453,CUST_140,2024-11-27,Corporate Package,Instagram,98.07,52.78,Completed
ORD_6454,CUST_158,2024-12-28,Event Ticket,LinkedIn,393.01,238.06,Completed
ORD_6455,CUST_1315,2024-04-04,Partner Offer,Instagram,467.46,280.16,Completed
ORD_6456,CUST_242,2025-04-22,Partner Offer,Instagram,418.98,238.59,Completed
ORD_6457,CUST_614,2025-01-20,Partner Offer,Instagram,490.23,179.87,Completed
ORD_6458,CUST_425,2024-06-12,Media Package,Partnership,165.9,88.37,Completed
ORD_6459,CUST_520,2024-05-21,Creative Studio,TikTok,485.1,322.95,Completed
ORD_6460,CUST_1490,2025-02-25,Media Package,Partnership,384.45,166.31,Completed
ORD_6461,CUST_1050,2024-01-04,Partner Offer,Partnership,475.86,177.23,Completed
ORD_6462,CUST_1187,2024-04-01,Event Ticket,Instagram,445.86,185.79,Completed
ORD_6463,CUST_227,2024-02-11,Event Ticket,Referral,22.76,10.67,Completed
ORD_6464,CUST_522,2024-07-01,Corporate Package,Google Search,300.63,99.05,Refunded
ORD_6465,CUST_1088,2024-10-09,Workshop,TikTok,481.45,331.25,Completed
ORD_6466,CUST_1288,2024-11-25,Corporate Package,Google Search,37.34,22.21,Completed
ORD_6467,CUST_523,2024-09-21,Partner Offer,Google Search,45.19,24.5,Cancelled
ORD_6468,CUST_113,2025-06-22,Workshop,Google Search,273.1,169.6,Completed
ORD_6469,CUST_994,2025-02-18,Creative Studio,Partnership,396.87,215.98,Completed
ORD_6470,CUST_795,2024-06-02,Media Package,Google Search,28.06,9.97,Completed
ORD_6471,CUST_532,2024-08-07,Event Ticket,Instagram,64.95,33.72,Completed
ORD_6472,CUST_642,2024-03-12,Event Ticket,TikTok,282.18,156.82,Completed
ORD_6473,CUST_953,2024-08-24,Media Package,TikTok,437.2,134.7,Completed
ORD_6474,CUST_437,2025-01-01,Media Package,Partnership,30.65,19.55,Completed
ORD_6475,CUST_1101,2024-08-17,Membership,TikTok,303.12,123.86,Completed
ORD_6476,CUST_325,2024-09-20,Membership,Referral,388.37,231.45,Completed
ORD_6477,CUST_1235,2024-03-16,Workshop,Event Walk-in,176.19,82.78,Completed
ORD_6478,CUST_959,2024-02-01,Event Ticket,Referral,43.54,22.01,Completed
ORD_6479,CUST_203,2024-06-30,Event Ticket,Referral,49.7,15.86,Refunded
ORD_6480,CUST_1166,2024-03-14,Partner Offer,TikTok,328.58,114.21,Completed
ORD_6481,CUST_1065,2025-04-18,Media Package,Google Search,292.13,128.77,Completed
ORD_6482,CUST_1462,2025-02-02,Media Package,Referral,101.49,61.14,Cancelled
ORD_6483,CUST_327,2024-05-16,Creative Studio,TikTok,430.84,142.64,Completed
ORD_6484,CUST_865,2025-01-14,Partner Offer,Partnership,78.35,34.23,Completed
ORD_6485,CUST_869,2025-04-28,Creative Studio,TikTok,388.43,169.62,Completed
ORD_6486,CUST_366,2024-04-09,Membership,TikTok,440.57,227.54,Completed
ORD_6487,CUST_1244,2024-11-14,Workshop,Instagram,155.37,65.62,Completed
ORD_6488,CUST_404,2024-04-05,Media Package,TikTok,40.57,25.72,Cancelled
ORD_6489,CUST_49,2024-06-28,Partner Offer,Google Search,131.5,42.0,Completed
ORD_6490,CUST_912,2024-06-01,Event Ticket,Partnership,386.17,130.33,Cancelled
ORD_6491,CUST_524,2024-09-19,Event Ticket,LinkedIn,183.14,126.78,Completed
ORD_6492,CUST_971,2024-10-21,Partner Offer,Referral,386.0,164.33,Completed
ORD_6493,CUST_798,2024-03-29,Membership,Instagram,493.59,263.91,Completed
ORD_6494,CUST_682,2024-04-23,Media Package,TikTok,412.28,177.47,Completed
ORD_6495,CUST_1331,2025-03-03,Workshop,LinkedIn,85.05,30.89,Cancelled
ORD_6496,CUST_1496,2025-05-30,Corporate Package,Google Search,218.4,142.13,Completed
ORD_6497,CUST_604,2024-03-18,Corporate Package,LinkedIn,193.32,91.97,Completed
ORD_6498,CUST_1265,2024-08-29,Corporate Package,Event Walk-in,372.42,219.91,Completed
ORD_6499,CUST_819,2024-05-09,Media Package,Partnership,120.1,47.05,Refunded
ORD_6500,CUST_1486,2024-11-11,Event Ticket,Instagram,88.25,28.72,Completed
ORD_6501,CUST_796,2024-12-18,Event Ticket,Partnership,75.31,44.86,Completed
ORD_6502,CUST_89,2024-09-01,Partner Offer,Event Walk-in,455.15,267.04,Completed
ORD_6503,CUST_1122,2024-07-19,Event Ticket,Instagram,126.07,86.54,Completed
ORD_6504,CUST_1363,2025-06-17,Media Package,LinkedIn,344.18,143.65,Completed
ORD_6505,CUST_839,2025-06-10,Membership,Event Walk-in,305.39,170.86,Completed
ORD_6506,CUST_1274,2024-06-23,Workshop,Instagram,469.44,269.46,Completed
ORD_6507,CUST_1241,2024-06-08,Media Package,Google Search,289.06,127.28,Completed
ORD_6508,CUST_1487,2025-04-01,Corporate Package,Referral,350.94,152.43,Completed
ORD_6509,CUST_699,2024-10-11,Creative Studio,LinkedIn,76.55,41.89,Refunded
ORD_6510,CUST_270,2025-02-03,Membership,TikTok,390.66,225.2,Completed
ORD_6511,CUST_392,2024-10-28,Media Package,Referral,352.78,236.44,Completed
ORD_6512,CUST_246,2024-09-20,Workshop,LinkedIn,433.39,190.06,Completed
ORD_6513,CUST_328,2024-12-12,Workshop,Referral,276.71,186.22,Completed
ORD_6514,CUST_1331,2024-04-10,Event Ticket,LinkedIn,42.34,23.2,Completed
ORD_6515,CUST_1330,2025-01-16,Membership,Referral,253.25,111.03,Completed
ORD_6516,CUST_1498,2024-03-16,Partner Offer,Event Walk-in,254.4,148.83,Completed
ORD_6517,CUST_416,2024-04-05,Creative Studio,Instagram,358.05,149.22,Refunded
ORD_6518,CUST_293,2024-12-29,Workshop,Instagram,315.96,169.02,Completed
ORD_6519,CUST_1296,2024-06-16,Membership,TikTok,291.85,96.85,Completed
ORD_6520,CUST_1142,2025-06-23,Media Package,LinkedIn,343.42,199.03,Completed
ORD_6521,CUST_1485,2025-06-04,Corporate Package,Partnership,339.14,216.21,Completed
ORD_6522,CUST_266,2024-06-26,Membership,Google Search,415.2,238.8,Completed
ORD_6523,CUST_938,2025-01-15,Event Ticket,Referral,441.79,284.73,Completed
ORD_6524,CUST_44,2024-12-02,Corporate Package,Event Walk-in,257.3,110.65,Completed
ORD_6525,CUST_719,2024-11-26,Corporate Package,Google Search,398.84,167.0,Completed
ORD_6526,CUST_543,2024-10-20,Creative Studio,TikTok,89.18,52.87,Completed
ORD_6527,CUST_606,2024-08-02,Event Ticket,Referral,301.61,189.94,Completed
ORD_6528,CUST_669,2024-04-15,Event Ticket,Partnership,116.37,42.0,Completed
ORD_6529,CUST_503,2024-03-29,Partner Offer,Instagram,246.39,142.16,Completed
ORD_6530,CUST_839,2024-06-11,Creative Studio,Event Walk-in,377.69,238.88,Completed
ORD_6531,CUST_692,2025-05-07,Membership,LinkedIn,99.69,35.95,Completed
ORD_6532,CUST_1399,2024-04-11,Creative Studio,Instagram,439.5,238.71,Completed
ORD_6533,CUST_1384,2024-07-03,Membership,Partnership,92.86,53.92,Completed
ORD_6534,CUST_282,2025-03-24,Creative Studio,TikTok,329.89,204.02,Completed
ORD_6535,CUST_212,2024-10-07,Partner Offer,TikTok,70.9,42.51,Completed
ORD_6536,CUST_876,2024-05-05,Media Package,Referral,379.54,218.1,Completed
ORD_6537,CUST_67,2024-08-25,Partner Offer,Google Search,102.94,43.2,Completed
ORD_6538,CUST_984,2024-01-06,Event Ticket,Event Walk-in,283.89,93.33,Completed
ORD_6539,CUST_1405,2024-09-25,Partner Offer,Google Search,414.37,200.88,Completed
ORD_6540,CUST_826,2025-02-05,Creative Studio,LinkedIn,301.92,140.01,Completed
ORD_6541,CUST_825,2024-04-02,Partner Offer,Partnership,33.16,19.16,Completed
ORD_6542,CUST_882,2024-03-16,Media Package,LinkedIn,297.52,113.55,Completed
ORD_6543,CUST_1299,2024-12-27,Creative Studio,Instagram,351.72,238.4,Completed
ORD_6544,CUST_1257,2024-04-05,Partner Offer,Instagram,234.92,160.07,Completed
ORD_6545,CUST_1429,2025-01-31,Creative Studio,Instagram,47.08,30.04,Completed
ORD_6546,CUST_1303,2024-08-09,Media Package,Google Search,435.46,263.48,Completed
ORD_6547,CUST_376,2024-04-26,Media Package,LinkedIn,387.73,140.82,Refunded
ORD_6548,CUST_1009,2024-11-07,Media Package,Instagram,367.07,183.82,Refunded
ORD_6549,CUST_746,2024-06-12,Membership,TikTok,42.41,26.61,Completed
ORD_6550,CUST_764,2024-05-08,Workshop,Google Search,212.32,82.57,Cancelled
ORD_6551,CUST_1256,2024-10-17,Creative Studio,Google Search,465.64,275.77,Completed
ORD_6552,CUST_1122,2024-04-11,Workshop,Instagram,273.92,106.61,Completed
ORD_6553,CUST_1405,2024-11-20,Event Ticket,Google Search,98.37,67.24,Completed
ORD_6554,CUST_1406,2024-10-24,Partner Offer,Partnership,404.88,147.19,Completed
ORD_6555,CUST_204,2024-01-16,Partner Offer,TikTok,282.81,191.27,Completed
ORD_6556,CUST_1414,2024-01-11,Event Ticket,Event Walk-in,88.1,45.41,Completed
ORD_6557,CUST_133,2024-08-18,Workshop,Partnership,107.76,68.75,Completed
ORD_6558,CUST_821,2024-01-14,Corporate Package,Referral,255.78,122.65,Completed
ORD_6559,CUST_304,2024-10-06,Partner Offer,LinkedIn,385.83,162.72,Completed
ORD_6560,CUST_1028,2025-04-22,Partner Offer,Instagram,230.37,159.69,Completed
ORD_6561,CUST_877,2024-04-19,Corporate Package,Instagram,220.8,80.69,Completed
ORD_6562,CUST_977,2024-02-08,Partner Offer,Google Search,150.59,99.44,Completed
ORD_6563,CUST_615,2025-04-19,Workshop,LinkedIn,497.27,234.6,Completed
ORD_6564,CUST_894,2025-03-12,Creative Studio,Event Walk-in,21.48,12.23,Completed
ORD_6565,CUST_1382,2024-03-22,Membership,Referral,228.21,78.06,Completed
ORD_6566,CUST_1213,2025-05-26,Event Ticket,Google Search,50.62,24.51,Cancelled
ORD_6567,CUST_1177,2025-06-19,Media Package,Referral,426.39,239.56,Completed
ORD_6568,CUST_1123,2024-03-19,Creative Studio,Google Search,181.92,85.08,Completed
ORD_6569,CUST_900,2024-09-24,Corporate Package,TikTok,72.26,45.3,Completed
ORD_6570,CUST_1117,2024-05-03,Media Package,Partnership,456.7,251.8,Completed
ORD_6571,CUST_280,2024-03-09,Media Package,Partnership,255.91,145.53,Refunded
ORD_6572,CUST_507,2025-03-19,Media Package,Instagram,380.55,160.75,Completed
ORD_6573,CUST_1027,2025-06-22,Media Package,Instagram,464.03,316.51,Completed
ORD_6574,CUST_641,2024-12-03,Event Ticket,TikTok,130.14,72.0,Completed
ORD_6575,CUST_125,2024-07-01,Event Ticket,Partnership,362.45,252.21,Completed
ORD_6576,CUST_857,2025-01-11,Membership,Instagram,325.92,219.1,Completed
ORD_6577,CUST_1296,2025-01-09,Media Package,TikTok,225.6,153.7,Completed
ORD_6578,CUST_560,2024-03-02,Event Ticket,TikTok,42.56,24.12,Refunded
ORD_6579,CUST_306,2024-12-11,Creative Studio,Partnership,200.06,123.74,Refunded
ORD_6580,CUST_732,2024-03-26,Corporate Package,LinkedIn,117.01,81.83,Completed
ORD_6581,CUST_665,2024-01-19,Media Package,Partnership,353.73,208.12,Completed
ORD_6582,CUST_628,2024-12-14,Event Ticket,Referral,258.02,147.27,Completed
ORD_6583,CUST_447,2024-04-03,Event Ticket,TikTok,443.35,158.53,Completed
ORD_6584,CUST_538,2025-05-16,Partner Offer,Partnership,467.77,234.13,Completed
ORD_6585,CUST_290,2024-07-23,Creative Studio,Google Search,185.63,96.7,Completed
ORD_6586,CUST_698,2024-02-26,Workshop,Instagram,62.75,36.27,Completed
ORD_6587,CUST_499,2024-04-29,Corporate Package,TikTok,345.83,219.43,Completed
ORD_6588,CUST_988,2025-02-17,Partner Offer,TikTok,265.6,161.2,Completed
ORD_6589,CUST_637,2025-01-18,Media Package,Referral,229.21,81.88,Completed
ORD_6590,CUST_813,2025-01-24,Workshop,Partnership,39.66,27.74,Completed
ORD_6591,CUST_291,2024-01-25,Membership,Referral,51.05,25.43,Completed
ORD_6592,CUST_1050,2024-07-24,Partner Offer,Partnership,288.32,157.21,Completed
ORD_6593,CUST_142,2024-07-07,Corporate Package,LinkedIn,254.66,148.64,Completed
ORD_6594,CUST_1225,2024-07-20,Workshop,LinkedIn,222.4,89.27,Completed
ORD_6595,CUST_932,2025-01-26,Workshop,Event Walk-in,89.94,35.16,Completed
ORD_6596,CUST_1228,2025-04-17,Event Ticket,Referral,184.64,58.66,Cancelled
ORD_6597,CUST_1148,2024-12-27,Media Package,Instagram,205.13,88.35,Completed
ORD_6598,CUST_1302,2024-04-18,Media Package,Partnership,222.08,145.71,Completed
ORD_6599,CUST_817,2024-10-26,Creative Studio,TikTok,475.42,264.97,Completed
ORD_6600,CUST_1013,2024-05-29,Membership,TikTok,75.02,32.64,Completed
ORD_6601,CUST_1337,2024-03-04,Membership,Referral,98.12,67.81,Completed
ORD_6602,CUST_675,2025-03-31,Partner Offer,TikTok,99.96,52.58,Refunded
ORD_6603,CUST_992,2024-07-12,Event Ticket,Referral,434.05,231.18,Completed
ORD_6604,CUST_1042,2024-04-28,Creative Studio,TikTok,392.52,141.52,Completed
ORD_6605,CUST_260,2025-02-05,Partner Offer,TikTok,78.77,48.41,Completed
ORD_6606,CUST_646,2024-01-03,Workshop,TikTok,265.99,135.14,Completed
ORD_6607,CUST_748,2024-07-07,Corporate Package,LinkedIn,418.69,261.63,Refunded
ORD_6608,CUST_924,2024-05-27,Workshop,Referral,218.9,111.73,Cancelled
ORD_6609,CUST_599,2024-06-03,Creative Studio,LinkedIn,172.32,75.74,Completed
ORD_6610,CUST_66,2024-12-31,Membership,Event Walk-in,423.65,173.81,Completed
ORD_6611,CUST_1286,2024-06-21,Event Ticket,Event Walk-in,73.76,38.87,Refunded
ORD_6612,CUST_1018,2025-01-03,Membership,Instagram,263.4,90.34,Completed
ORD_6613,CUST_9,2025-03-31,Membership,Google Search,100.69,66.36,Completed
ORD_6614,CUST_181,2024-05-19,Partner Offer,Partnership,411.8,282.74,Cancelled
ORD_6615,CUST_416,2025-03-18,Media Package,Instagram,342.65,233.71,Completed
ORD_6616,CUST_1419,2024-10-07,Workshop,Event Walk-in,403.1,268.66,Completed
ORD_6617,CUST_785,2025-01-07,Workshop,TikTok,77.37,48.34,Completed
ORD_6618,CUST_408,2024-01-17,Membership,TikTok,478.79,144.82,Completed
ORD_6619,CUST_262,2024-09-04,Media Package,Google Search,339.61,190.7,Completed
ORD_6620,CUST_90,2025-01-18,Partner Offer,Referral,477.78,203.98,Completed
ORD_6621,CUST_177,2024-03-03,Workshop,Referral,285.56,106.9,Completed
ORD_6622,CUST_1342,2025-06-12,Membership,Partnership,447.45,149.83,Completed
ORD_6623,CUST_701,2025-02-14,Workshop,TikTok,137.42,70.66,Completed
ORD_6624,CUST_1085,2024-09-23,Workshop,TikTok,38.98,12.35,Completed
ORD_6625,CUST_779,2025-03-28,Event Ticket,Google Search,85.94,38.86,Completed
ORD_6626,CUST_427,2025-03-05,Media Package,Partnership,110.31,74.47,Completed
ORD_6627,CUST_115,2024-11-01,Membership,Partnership,455.32,188.35,Completed
ORD_6628,CUST_722,2024-03-27,Workshop,Event Walk-in,21.06,8.88,Refunded
ORD_6629,CUST_783,2025-03-15,Partner Offer,TikTok,33.64,15.15,Cancelled
ORD_6630,CUST_217,2025-04-07,Corporate Package,Partnership,66.42,44.99,Completed
ORD_6631,CUST_555,2024-01-30,Event Ticket,Referral,302.86,92.68,Completed
ORD_6632,CUST_405,2025-04-03,Membership,LinkedIn,436.47,132.98,Completed
ORD_6633,CUST_972,2025-06-27,Workshop,Instagram,477.99,150.25,Completed
ORD_6634,CUST_1185,2024-06-21,Membership,TikTok,225.59,89.65,Completed
ORD_6635,CUST_1249,2025-05-14,Event Ticket,LinkedIn,25.96,11.27,Completed
ORD_6636,CUST_1065,2025-03-26,Media Package,Google Search,156.41,64.54,Completed
ORD_6637,CUST_1136,2024-03-11,Creative Studio,TikTok,335.56,182.73,Completed
ORD_6638,CUST_713,2024-11-03,Corporate Package,Google Search,66.36,21.68,Completed
ORD_6639,CUST_555,2024-09-30,Creative Studio,Referral,431.88,243.16,Completed
ORD_6640,CUST_1486,2024-02-15,Membership,Instagram,365.1,136.93,Completed
ORD_6641,CUST_1020,2024-08-10,Partner Offer,Event Walk-in,22.41,10.04,Completed
ORD_6642,CUST_1022,2024-01-23,Membership,Instagram,244.24,83.49,Cancelled
ORD_6643,CUST_498,2025-04-28,Corporate Package,LinkedIn,54.5,30.67,Refunded
ORD_6644,CUST_557,2024-02-06,Event Ticket,Event Walk-in,469.15,269.6,Completed
ORD_6645,CUST_1360,2024-12-14,Partner Offer,Google Search,195.86,93.95,Completed
ORD_6646,CUST_1140,2024-09-26,Membership,Instagram,456.02,224.17,Completed
ORD_6647,CUST_1383,2025-06-11,Membership,LinkedIn,181.06,103.17,Completed
ORD_6648,CUST_503,2025-06-10,Partner Offer,Instagram,292.31,166.2,Completed
ORD_6649,CUST_1039,2024-03-03,Membership,Partnership,37.39,24.81,Completed
ORD_6650,CUST_341,2024-07-11,Event Ticket,Google Search,189.62,103.81,Refunded
ORD_6651,CUST_733,2024-04-17,Creative Studio,Event Walk-in,139.27,94.77,Completed
ORD_6652,CUST_1370,2024-08-10,Event Ticket,LinkedIn,439.88,223.85,Refunded
ORD_6653,CUST_726,2024-11-10,Creative Studio,Referral,209.38,113.34,Completed
ORD_6654,CUST_895,2024-05-15,Media Package,Google Search,69.2,36.26,Completed
ORD_6655,CUST_1022,2025-02-10,Workshop,Instagram,436.98,144.83,Completed
ORD_6656,CUST_732,2024-04-09,Workshop,LinkedIn,295.17,109.64,Cancelled
ORD_6657,CUST_666,2024-10-13,Workshop,TikTok,295.52,98.53,Completed
ORD_6658,CUST_1234,2024-11-02,Media Package,Google Search,198.26,108.78,Completed
ORD_6659,CUST_1500,2024-09-21,Workshop,Google Search,294.3,110.38,Refunded
ORD_6660,CUST_1492,2024-06-23,Membership,Instagram,378.3,164.63,Completed
ORD_6661,CUST_1114,2025-02-12,Creative Studio,TikTok,318.3,157.41,Completed
ORD_6662,CUST_973,2024-12-08,Event Ticket,Google Search,431.81,265.02,Completed
ORD_6663,CUST_664,2024-10-12,Media Package,LinkedIn,496.34,191.72,Completed
ORD_6664,CUST_678,2025-05-12,Creative Studio,Event Walk-in,77.03,28.14,Completed
ORD_6665,CUST_919,2025-01-05,Partner Offer,Partnership,416.46,143.5,Completed
ORD_6666,CUST_89,2024-11-01,Event Ticket,Event Walk-in,375.47,242.29,Cancelled
ORD_6667,CUST_1089,2025-02-21,Media Package,Instagram,224.31,154.42,Completed
ORD_6668,CUST_1331,2024-06-02,Creative Studio,LinkedIn,231.84,139.1,Completed
ORD_6669,CUST_1076,2024-03-26,Event Ticket,LinkedIn,282.67,196.22,Completed
ORD_6670,CUST_191,2024-02-08,Partner Offer,Event Walk-in,450.11,198.93,Completed
ORD_6671,CUST_438,2024-10-03,Corporate Package,Referral,168.95,77.99,Completed
ORD_6672,CUST_857,2024-04-27,Partner Offer,Instagram,64.81,39.13,Completed
ORD_6673,CUST_347,2024-04-13,Corporate Package,Instagram,50.3,24.43,Completed
ORD_6674,CUST_111,2025-04-12,Media Package,Partnership,168.39,51.69,Completed
ORD_6675,CUST_405,2024-04-13,Event Ticket,LinkedIn,409.08,183.96,Completed
ORD_6676,CUST_1325,2025-02-13,Workshop,Google Search,395.35,162.55,Completed
ORD_6677,CUST_1183,2024-06-15,Media Package,Instagram,285.86,98.1,Completed
ORD_6678,CUST_846,2024-04-04,Media Package,Google Search,468.17,232.95,Completed
ORD_6679,CUST_1295,2025-04-25,Membership,Event Walk-in,283.34,125.43,Completed
ORD_6680,CUST_1270,2024-06-09,Event Ticket,Partnership,305.7,112.47,Completed
ORD_6681,CUST_68,2024-03-12,Partner Offer,Partnership,310.72,164.03,Completed
ORD_6682,CUST_1380,2024-02-05,Workshop,Event Walk-in,412.59,186.41,Completed
ORD_6683,CUST_838,2024-09-20,Membership,Partnership,333.52,231.09,Completed
ORD_6684,CUST_249,2024-12-31,Corporate Package,Event Walk-in,311.99,177.0,Refunded
ORD_6685,CUST_459,2024-10-31,Event Ticket,TikTok,397.35,208.49,Completed
ORD_6686,CUST_1044,2025-03-22,Partner Offer,Referral,108.93,50.26,Completed
ORD_6687,CUST_187,2025-02-03,Creative Studio,Partnership,482.38,237.54,Completed
ORD_6688,CUST_825,2025-02-07,Corporate Package,Partnership,370.27,134.57,Completed
ORD_6689,CUST_1291,2025-05-18,Membership,Referral,496.83,316.81,Completed
ORD_6690,CUST_291,2025-04-13,Partner Offer,Referral,351.81,139.96,Completed
ORD_6691,CUST_564,2025-05-18,Corporate Package,Referral,136.46,78.51,Completed
ORD_6692,CUST_339,2025-06-21,Partner Offer,Google Search,21.26,13.5,Completed
ORD_6693,CUST_170,2025-05-17,Event Ticket,LinkedIn,148.49,74.12,Completed
ORD_6694,CUST_693,2024-02-18,Creative Studio,Google Search,83.43,55.93,Completed
ORD_6695,CUST_1009,2024-05-25,Event Ticket,Instagram,132.57,82.27,Completed
ORD_6696,CUST_708,2024-10-15,Creative Studio,Partnership,410.34,136.52,Completed
ORD_6697,CUST_1327,2025-05-01,Event Ticket,Referral,287.63,138.25,Completed
ORD_6698,CUST_1206,2024-03-19,Corporate Package,Event Walk-in,243.62,156.37,Completed
ORD_6699,CUST_474,2025-05-03,Membership,Event Walk-in,75.98,44.03,Completed
ORD_6700,CUST_636,2024-05-31,Partner Offer,Partnership,112.15,36.33,Completed
ORD_6701,CUST_987,2024-09-17,Membership,Referral,365.09,235.05,Cancelled
ORD_6702,CUST_226,2024-04-11,Creative Studio,Google Search,493.53,198.22,Completed
ORD_6703,CUST_401,2024-03-20,Partner Offer,Referral,357.04,234.53,Completed
ORD_6704,CUST_937,2025-03-23,Corporate Package,Partnership,118.47,46.38,Completed
ORD_6705,CUST_604,2024-11-15,Workshop,LinkedIn,23.78,15.48,Completed
ORD_6706,CUST_315,2024-01-11,Media Package,TikTok,57.18,18.54,Completed
ORD_6707,CUST_973,2025-06-14,Partner Offer,Google Search,42.95,21.4,Completed
ORD_6708,CUST_162,2024-10-25,Membership,LinkedIn,444.07,289.5,Completed
ORD_6709,CUST_756,2024-08-13,Corporate Package,Instagram,234.32,77.09,Completed
ORD_6710,CUST_388,2024-10-31,Media Package,Google Search,48.44,18.94,Completed
ORD_6711,CUST_444,2024-10-31,Corporate Package,LinkedIn,495.69,238.3,Completed
ORD_6712,CUST_555,2024-05-16,Membership,Referral,301.65,143.71,Completed
ORD_6713,CUST_577,2024-11-18,Corporate Package,Event Walk-in,402.46,233.37,Completed
ORD_6714,CUST_1119,2024-04-09,Media Package,TikTok,53.29,24.19,Completed
ORD_6715,CUST_504,2024-10-24,Event Ticket,LinkedIn,26.01,10.32,Completed
ORD_6716,CUST_944,2024-10-13,Partner Offer,Referral,326.11,106.29,Completed
ORD_6717,CUST_595,2025-01-03,Partner Offer,Instagram,338.24,113.24,Completed
ORD_6718,CUST_174,2024-04-30,Creative Studio,Google Search,308.99,117.78,Completed
ORD_6719,CUST_757,2024-10-14,Partner Offer,Instagram,182.66,119.31,Completed
ORD_6720,CUST_886,2025-01-07,Media Package,Referral,329.69,124.83,Completed
ORD_6721,CUST_910,2025-02-08,Membership,Referral,217.66,136.8,Completed
ORD_6722,CUST_330,2024-03-22,Partner Offer,LinkedIn,238.96,82.46,Completed
ORD_6723,CUST_656,2024-04-02,Membership,Google Search,85.94,49.47,Completed
ORD_6724,CUST_1072,2024-02-15,Media Package,LinkedIn,105.0,70.42,Completed
ORD_6725,CUST_1045,2024-12-28,Media Package,Referral,143.99,52.43,Completed
ORD_6726,CUST_1450,2025-05-03,Workshop,Referral,150.65,81.09,Completed
ORD_6727,CUST_1453,2025-04-23,Creative Studio,LinkedIn,463.22,270.59,Refunded
ORD_6728,CUST_1438,2025-04-16,Creative Studio,Instagram,190.82,75.47,Completed
ORD_6729,CUST_836,2025-01-22,Corporate Package,Google Search,166.41,58.93,Completed
ORD_6730,CUST_1060,2025-01-21,Media Package,Referral,363.0,113.78,Refunded
ORD_6731,CUST_1413,2024-09-18,Workshop,Event Walk-in,440.78,230.03,Completed
ORD_6732,CUST_1279,2024-08-13,Creative Studio,LinkedIn,403.8,140.88,Completed
ORD_6733,CUST_562,2024-04-15,Media Package,Referral,102.74,50.84,Refunded
ORD_6734,CUST_388,2024-10-12,Event Ticket,Google Search,317.87,158.76,Completed
ORD_6735,CUST_510,2024-11-04,Partner Offer,LinkedIn,362.44,117.0,Completed
ORD_6736,CUST_707,2024-04-23,Media Package,TikTok,470.68,250.34,Cancelled
ORD_6737,CUST_1217,2024-09-18,Corporate Package,Referral,485.25,294.33,Completed
ORD_6738,CUST_298,2024-05-19,Partner Offer,LinkedIn,204.94,83.33,Completed
ORD_6739,CUST_1163,2024-10-20,Corporate Package,Google Search,96.86,44.23,Completed
ORD_6740,CUST_184,2024-05-02,Creative Studio,Google Search,213.32,145.0,Completed
ORD_6741,CUST_29,2024-01-14,Event Ticket,Google Search,168.75,52.12,Completed
ORD_6742,CUST_327,2025-06-10,Membership,TikTok,409.99,234.99,Completed
ORD_6743,CUST_259,2024-02-13,Partner Offer,Event Walk-in,184.01,116.2,Completed
ORD_6744,CUST_768,2025-05-29,Event Ticket,Google Search,445.72,249.13,Completed
ORD_6745,CUST_1158,2024-07-15,Media Package,TikTok,199.6,125.05,Completed
ORD_6746,CUST_895,2024-10-26,Media Package,Google Search,89.71,27.51,Completed
ORD_6747,CUST_1089,2024-11-26,Workshop,Instagram,214.4,107.29,Completed
ORD_6748,CUST_1271,2024-08-20,Media Package,Instagram,329.26,146.4,Completed
ORD_6749,CUST_1105,2024-07-28,Workshop,Google Search,49.48,20.89,Completed
ORD_6750,CUST_1321,2024-02-03,Event Ticket,Partnership,263.26,84.8,Completed
ORD_6751,CUST_684,2024-08-09,Partner Offer,LinkedIn,140.3,68.8,Completed
ORD_6752,CUST_1279,2024-01-18,Workshop,LinkedIn,194.73,84.06,Completed
ORD_6753,CUST_1397,2025-01-01,Event Ticket,Partnership,341.64,147.76,Cancelled
ORD_6754,CUST_1420,2024-12-05,Event Ticket,TikTok,477.13,178.29,Completed
ORD_6755,CUST_542,2024-08-04,Creative Studio,Event Walk-in,146.85,45.38,Completed
ORD_6756,CUST_168,2025-01-16,Event Ticket,TikTok,469.06,317.64,Completed
ORD_6757,CUST_1462,2025-03-16,Creative Studio,Referral,435.74,221.14,Completed
ORD_6758,CUST_841,2024-11-01,Membership,Referral,323.42,98.82,Cancelled
ORD_6759,CUST_539,2024-06-01,Corporate Package,Google Search,261.91,116.04,Completed
ORD_6760,CUST_849,2024-12-06,Workshop,Google Search,210.67,125.15,Completed
ORD_6761,CUST_1296,2024-07-14,Partner Offer,TikTok,266.45,149.67,Completed
ORD_6762,CUST_819,2024-04-09,Creative Studio,Partnership,459.33,222.08,Completed
ORD_6763,CUST_218,2024-12-31,Workshop,Google Search,120.19,54.97,Completed
ORD_6764,CUST_193,2025-01-12,Workshop,Instagram,44.41,26.78,Completed
ORD_6765,CUST_350,2024-10-01,Event Ticket,Partnership,389.41,234.2,Completed
ORD_6766,CUST_1061,2025-03-25,Event Ticket,Instagram,473.12,143.57,Completed
ORD_6767,CUST_832,2024-12-12,Creative Studio,LinkedIn,235.13,107.86,Refunded
ORD_6768,CUST_1315,2024-08-09,Media Package,Instagram,249.86,107.33,Completed
ORD_6769,CUST_598,2024-04-30,Workshop,Partnership,166.18,57.16,Completed
ORD_6770,CUST_1476,2025-04-26,Partner Offer,Partnership,262.87,110.77,Completed
ORD_6771,CUST_1389,2024-05-12,Workshop,LinkedIn,405.11,143.6,Completed
ORD_6772,CUST_364,2024-09-11,Membership,Partnership,459.14,208.13,Completed
ORD_6773,CUST_217,2024-07-24,Workshop,Partnership,487.44,170.99,Completed
ORD_6774,CUST_1318,2024-03-13,Creative Studio,LinkedIn,436.17,154.56,Completed
ORD_6775,CUST_436,2024-05-04,Media Package,TikTok,78.31,46.06,Completed
ORD_6776,CUST_282,2024-03-13,Corporate Package,TikTok,242.74,144.75,Completed
ORD_6777,CUST_1330,2024-03-16,Creative Studio,Referral,111.13,71.08,Completed
ORD_6778,CUST_214,2024-05-03,Partner Offer,Referral,70.01,35.4,Completed
ORD_6779,CUST_1392,2024-10-28,Media Package,Event Walk-in,253.75,80.68,Completed
ORD_6780,CUST_496,2024-07-01,Media Package,Partnership,22.94,9.54,Completed
ORD_6781,CUST_89,2025-05-20,Membership,Event Walk-in,124.87,81.43,Completed
ORD_6782,CUST_1445,2024-06-26,Event Ticket,Google Search,227.36,112.73,Completed
ORD_6783,CUST_1054,2024-09-20,Creative Studio,Google Search,247.02,131.3,Completed
ORD_6784,CUST_979,2024-07-28,Creative Studio,Event Walk-in,155.13,51.05,Completed
ORD_6785,CUST_805,2025-02-10,Media Package,Google Search,428.9,144.5,Completed
ORD_6786,CUST_14,2024-07-22,Corporate Package,Referral,146.19,90.05,Completed
ORD_6787,CUST_974,2024-04-30,Membership,Referral,108.65,58.03,Completed
ORD_6788,CUST_348,2024-03-17,Corporate Package,LinkedIn,452.15,169.08,Refunded
ORD_6789,CUST_731,2024-07-08,Creative Studio,Instagram,129.98,78.05,Completed
ORD_6790,CUST_520,2025-01-25,Media Package,TikTok,302.27,165.23,Completed
ORD_6791,CUST_1051,2024-05-11,Partner Offer,Event Walk-in,63.29,23.78,Completed
ORD_6792,CUST_647,2024-07-25,Corporate Package,Referral,418.65,199.84,Completed
ORD_6793,CUST_323,2024-07-01,Event Ticket,TikTok,366.08,252.69,Completed
ORD_6794,CUST_1241,2024-10-09,Partner Offer,Google Search,55.96,20.24,Completed
ORD_6795,CUST_164,2025-01-28,Event Ticket,Instagram,431.54,155.93,Completed
ORD_6796,CUST_91,2024-10-25,Media Package,Event Walk-in,193.28,94.71,Completed
ORD_6797,CUST_421,2024-05-14,Event Ticket,Instagram,69.5,34.09,Completed
ORD_6798,CUST_269,2024-10-08,Workshop,Google Search,297.41,202.33,Completed
ORD_6799,CUST_85,2024-09-20,Media Package,Instagram,336.55,153.54,Completed
ORD_6800,CUST_1489,2024-07-23,Media Package,Google Search,474.17,227.1,Refunded
ORD_6801,CUST_395,2024-01-29,Media Package,TikTok,291.54,152.44,Completed
ORD_6802,CUST_1393,2024-04-21,Membership,TikTok,267.86,149.2,Refunded
ORD_6803,CUST_813,2024-07-12,Creative Studio,Partnership,228.12,116.67,Completed
ORD_6804,CUST_720,2024-09-07,Media Package,LinkedIn,229.77,111.0,Refunded
ORD_6805,CUST_1325,2024-10-08,Event Ticket,Google Search,467.09,249.3,Refunded
ORD_6806,CUST_452,2024-12-24,Event Ticket,Partnership,309.93,216.35,Completed
ORD_6807,CUST_392,2024-01-04,Media Package,Referral,263.56,101.37,Completed
ORD_6808,CUST_1357,2025-01-30,Creative Studio,Google Search,138.3,90.31,Completed
ORD_6809,CUST_1265,2024-12-10,Creative Studio,Event Walk-in,327.92,208.37,Completed
ORD_6810,CUST_1393,2024-09-01,Workshop,TikTok,287.38,186.14,Completed
ORD_6811,CUST_968,2025-01-19,Event Ticket,Partnership,148.18,63.5,Completed
ORD_6812,CUST_779,2024-12-14,Partner Offer,Google Search,268.31,175.66,Completed
ORD_6813,CUST_1476,2024-01-03,Creative Studio,Partnership,263.51,85.93,Completed
ORD_6814,CUST_424,2024-07-29,Event Ticket,Google Search,488.26,323.27,Completed
ORD_6815,CUST_1084,2024-03-04,Media Package,Instagram,322.28,159.85,Refunded
ORD_6816,CUST_426,2024-09-13,Corporate Package,Event Walk-in,172.58,71.57,Completed
ORD_6817,CUST_1290,2024-11-17,Media Package,Event Walk-in,329.52,140.51,Cancelled
ORD_6818,CUST_486,2024-09-11,Media Package,Referral,87.06,37.03,Completed
ORD_6819,CUST_1460,2025-03-28,Membership,Google Search,214.23,124.13,Completed
ORD_6820,CUST_306,2024-08-06,Partner Offer,Partnership,410.17,229.37,Completed
ORD_6821,CUST_314,2025-02-18,Corporate Package,Partnership,399.1,147.42,Completed
ORD_6822,CUST_510,2025-06-15,Media Package,LinkedIn,63.92,37.53,Completed
ORD_6823,CUST_1477,2025-04-14,Creative Studio,LinkedIn,409.49,206.49,Completed
ORD_6824,CUST_136,2024-01-24,Event Ticket,Google Search,344.5,137.75,Completed
ORD_6825,CUST_1135,2024-07-04,Event Ticket,TikTok,446.74,270.83,Completed
ORD_6826,CUST_609,2025-01-02,Workshop,Event Walk-in,239.74,159.07,Completed
ORD_6827,CUST_601,2024-07-14,Workshop,Referral,293.72,133.63,Completed
ORD_6828,CUST_1227,2024-09-22,Membership,LinkedIn,115.78,48.68,Refunded
ORD_6829,CUST_741,2024-06-23,Workshop,Partnership,190.74,68.23,Completed
ORD_6830,CUST_541,2024-06-01,Partner Offer,LinkedIn,265.88,163.13,Completed
ORD_6831,CUST_496,2025-06-07,Event Ticket,Partnership,157.53,64.56,Completed
ORD_6832,CUST_351,2025-03-02,Creative Studio,Google Search,221.4,143.06,Completed
ORD_6833,CUST_46,2025-01-26,Event Ticket,LinkedIn,171.45,65.04,Completed
ORD_6834,CUST_238,2024-06-28,Workshop,Instagram,57.56,37.7,Completed
ORD_6835,CUST_603,2024-10-15,Creative Studio,TikTok,81.68,45.45,Completed
ORD_6836,CUST_659,2024-01-20,Media Package,Referral,464.06,313.02,Completed
ORD_6837,CUST_897,2024-03-21,Membership,Google Search,499.53,172.45,Completed
ORD_6838,CUST_393,2025-05-26,Workshop,TikTok,188.55,59.6,Cancelled
ORD_6839,CUST_1462,2024-06-11,Workshop,Referral,146.96,67.48,Completed
ORD_6840,CUST_1059,2024-06-07,Creative Studio,LinkedIn,232.66,137.33,Refunded
ORD_6841,CUST_1311,2024-10-17,Membership,Partnership,444.1,299.12,Completed
ORD_6842,CUST_928,2024-11-28,Partner Offer,Instagram,258.61,149.52,Completed
ORD_6843,CUST_448,2025-06-13,Creative Studio,Google Search,39.28,18.87,Completed
ORD_6844,CUST_60,2024-09-10,Workshop,LinkedIn,259.2,91.28,Completed
ORD_6845,CUST_657,2025-02-02,Event Ticket,TikTok,440.04,270.57,Completed
ORD_6846,CUST_179,2024-05-28,Partner Offer,Instagram,480.19,243.18,Completed
ORD_6847,CUST_267,2024-05-31,Membership,Partnership,334.55,214.34,Completed
ORD_6848,CUST_287,2024-05-20,Workshop,Instagram,124.13,48.42,Completed
ORD_6849,CUST_1083,2025-05-29,Corporate Package,Event Walk-in,350.18,234.88,Completed
ORD_6850,CUST_615,2024-10-12,Creative Studio,LinkedIn,135.29,65.25,Completed
ORD_6851,CUST_1151,2025-01-03,Media Package,LinkedIn,36.86,11.16,Completed
ORD_6852,CUST_1273,2024-01-16,Partner Offer,Partnership,314.09,218.76,Completed
ORD_6853,CUST_1121,2024-05-04,Corporate Package,LinkedIn,31.95,22.34,Completed
ORD_6854,CUST_1437,2025-02-25,Workshop,Google Search,297.2,96.25,Refunded
ORD_6855,CUST_1378,2025-01-29,Creative Studio,TikTok,458.93,280.2,Completed
ORD_6856,CUST_269,2025-05-01,Workshop,Google Search,317.37,181.44,Completed
ORD_6857,CUST_924,2024-11-14,Workshop,Referral,227.22,143.17,Completed
ORD_6858,CUST_790,2024-06-29,Workshop,Partnership,23.07,14.79,Completed
ORD_6859,CUST_1285,2024-10-28,Creative Studio,Instagram,385.14,116.26,Cancelled
ORD_6860,CUST_1107,2024-10-18,Workshop,Instagram,402.91,167.97,Completed
ORD_6861,CUST_1201,2024-05-13,Media Package,TikTok,129.71,78.7,Completed
ORD_6862,CUST_1375,2024-12-21,Workshop,Google Search,88.76,43.05,Completed
ORD_6863,CUST_811,2024-05-04,Workshop,Partnership,61.46,32.29,Completed
ORD_6864,CUST_1212,2024-09-26,Event Ticket,Partnership,454.45,182.01,Completed
ORD_6865,CUST_1407,2024-08-20,Media Package,Referral,466.06,201.13,Completed
ORD_6866,CUST_402,2025-04-01,Media Package,LinkedIn,139.02,62.03,Completed
ORD_6867,CUST_1233,2024-04-08,Event Ticket,Instagram,285.93,133.97,Completed
ORD_6868,CUST_1006,2024-10-17,Partner Offer,TikTok,481.13,318.32,Completed
ORD_6869,CUST_737,2024-04-29,Partner Offer,Partnership,144.62,88.3,Completed
ORD_6870,CUST_1088,2024-01-02,Workshop,TikTok,145.63,78.59,Completed
ORD_6871,CUST_9,2024-07-22,Event Ticket,Google Search,262.86,139.88,Completed
ORD_6872,CUST_846,2025-01-21,Event Ticket,Google Search,401.21,134.29,Completed
ORD_6873,CUST_1167,2024-05-26,Creative Studio,LinkedIn,322.7,214.18,Completed
ORD_6874,CUST_842,2024-05-16,Corporate Package,Instagram,104.01,49.76,Completed
ORD_6875,CUST_1356,2024-09-21,Corporate Package,LinkedIn,228.49,132.38,Completed
ORD_6876,CUST_954,2024-06-23,Media Package,Instagram,173.81,79.68,Cancelled
ORD_6877,CUST_670,2025-06-03,Partner Offer,Referral,326.33,183.5,Completed
ORD_6878,CUST_712,2025-01-04,Creative Studio,TikTok,427.97,267.75,Completed
ORD_6879,CUST_367,2024-04-03,Membership,LinkedIn,213.54,114.54,Refunded
ORD_6880,CUST_725,2025-01-16,Event Ticket,Event Walk-in,110.7,69.88,Completed
ORD_6881,CUST_1444,2025-05-03,Creative Studio,Partnership,417.73,130.95,Completed
ORD_6882,CUST_6,2024-11-11,Partner Offer,LinkedIn,470.79,196.85,Completed
ORD_6883,CUST_1017,2025-01-18,Media Package,LinkedIn,473.92,258.08,Completed
ORD_6884,CUST_948,2024-08-22,Media Package,Referral,419.35,185.35,Completed
ORD_6885,CUST_299,2025-05-30,Membership,Event Walk-in,160.67,111.24,Completed
ORD_6886,CUST_211,2025-04-25,Event Ticket,Referral,36.81,20.19,Completed
ORD_6887,CUST_418,2024-02-13,Corporate Package,Google Search,102.29,45.43,Completed
ORD_6888,CUST_1287,2025-04-09,Partner Offer,TikTok,93.07,50.24,Completed
ORD_6889,CUST_767,2024-06-15,Creative Studio,Event Walk-in,490.86,326.12,Completed
ORD_6890,CUST_70,2025-06-05,Membership,Referral,177.13,90.18,Completed
ORD_6891,CUST_289,2024-05-20,Event Ticket,Referral,243.95,88.77,Refunded
ORD_6892,CUST_1434,2024-08-12,Partner Offer,Referral,312.67,95.96,Cancelled
ORD_6893,CUST_220,2025-06-10,Event Ticket,LinkedIn,198.19,127.14,Completed
ORD_6894,CUST_410,2025-03-31,Workshop,LinkedIn,369.32,230.28,Completed
ORD_6895,CUST_1379,2024-03-25,Workshop,TikTok,326.31,216.61,Completed
ORD_6896,CUST_127,2025-03-18,Corporate Package,Referral,455.17,193.45,Completed
ORD_6897,CUST_1317,2024-09-27,Creative Studio,Event Walk-in,45.02,23.42,Completed
ORD_6898,CUST_1428,2024-02-02,Creative Studio,Google Search,224.8,71.63,Completed
ORD_6899,CUST_1137,2025-04-22,Membership,Partnership,240.84,117.91,Completed
ORD_6900,CUST_311,2025-01-06,Workshop,Google Search,258.13,178.68,Completed
ORD_6901,CUST_247,2025-06-09,Partner Offer,Partnership,94.48,32.28,Completed
ORD_6902,CUST_1086,2024-11-17,Partner Offer,Event Walk-in,287.24,194.57,Refunded
ORD_6903,CUST_291,2024-06-09,Partner Offer,Referral,180.29,87.54,Completed
ORD_6904,CUST_1395,2024-06-08,Workshop,Instagram,208.17,129.95,Completed
ORD_6905,CUST_56,2024-02-04,Membership,Event Walk-in,48.48,31.02,Completed
ORD_6906,CUST_1348,2024-10-17,Creative Studio,Referral,401.06,223.82,Completed
ORD_6907,CUST_559,2024-11-23,Creative Studio,Partnership,140.93,44.53,Completed
ORD_6908,CUST_204,2024-05-19,Membership,TikTok,385.68,173.83,Completed
ORD_6909,CUST_1436,2024-11-25,Creative Studio,LinkedIn,174.94,101.22,Completed
ORD_6910,CUST_534,2025-05-29,Corporate Package,Instagram,132.66,57.61,Refunded
ORD_6911,CUST_62,2024-07-01,Partner Offer,Instagram,55.62,26.87,Completed
ORD_6912,CUST_291,2024-04-23,Membership,Referral,40.67,25.7,Completed
ORD_6913,CUST_871,2025-02-15,Media Package,Partnership,233.25,150.84,Completed
ORD_6914,CUST_626,2025-01-09,Corporate Package,TikTok,73.3,26.42,Refunded
ORD_6915,CUST_95,2024-08-29,Media Package,Event Walk-in,43.17,16.19,Completed
ORD_6916,CUST_827,2025-03-14,Corporate Package,Referral,97.98,47.46,Completed
ORD_6917,CUST_507,2024-07-30,Event Ticket,Instagram,316.48,157.86,Completed
ORD_6918,CUST_738,2024-03-17,Media Package,Event Walk-in,119.65,57.04,Completed
ORD_6919,CUST_1071,2024-12-28,Creative Studio,Instagram,287.34,92.12,Refunded
ORD_6920,CUST_312,2025-05-03,Partner Offer,Partnership,433.36,284.75,Completed
ORD_6921,CUST_1342,2024-05-15,Workshop,Partnership,441.15,220.59,Refunded
ORD_6922,CUST_913,2024-05-02,Media Package,TikTok,263.34,148.52,Refunded
ORD_6923,CUST_750,2024-05-09,Event Ticket,Event Walk-in,379.58,156.95,Refunded
ORD_6924,CUST_1079,2025-03-09,Corporate Package,Referral,23.41,9.63,Completed
ORD_6925,CUST_686,2025-04-29,Creative Studio,Event Walk-in,408.83,213.4,Completed
ORD_6926,CUST_475,2025-01-20,Membership,Referral,470.95,209.84,Completed
ORD_6927,CUST_310,2025-05-18,Event Ticket,Google Search,110.88,72.61,Completed
ORD_6928,CUST_630,2024-01-17,Membership,Referral,466.79,206.86,Completed
ORD_6929,CUST_385,2024-09-06,Partner Offer,LinkedIn,204.43,109.57,Completed
ORD_6930,CUST_1199,2024-02-25,Membership,Referral,300.65,114.96,Completed
ORD_6931,CUST_927,2025-06-07,Media Package,Partnership,360.83,117.22,Completed
ORD_6932,CUST_1424,2025-04-12,Creative Studio,Referral,367.02,139.52,Refunded
ORD_6933,CUST_346,2024-09-21,Event Ticket,Referral,24.61,10.26,Completed
ORD_6934,CUST_308,2024-03-09,Workshop,Partnership,496.25,277.15,Completed
ORD_6935,CUST_601,2025-02-20,Creative Studio,Referral,43.6,21.46,Completed
ORD_6936,CUST_401,2024-07-05,Membership,Referral,94.88,36.4,Completed
ORD_6937,CUST_1185,2025-04-25,Media Package,TikTok,119.88,52.09,Completed
ORD_6938,CUST_163,2025-04-01,Membership,Event Walk-in,476.19,233.24,Completed
ORD_6939,CUST_206,2025-03-03,Event Ticket,Instagram,349.73,161.82,Completed
ORD_6940,CUST_677,2024-10-28,Event Ticket,LinkedIn,138.52,57.1,Completed
ORD_6941,CUST_497,2025-01-17,Partner Offer,Referral,416.57,220.18,Completed
ORD_6942,CUST_513,2024-06-25,Partner Offer,LinkedIn,224.1,83.7,Completed
ORD_6943,CUST_371,2024-01-29,Partner Offer,Event Walk-in,252.45,124.37,Completed
ORD_6944,CUST_528,2024-03-31,Media Package,TikTok,60.19,19.05,Completed
ORD_6945,CUST_1257,2024-10-02,Corporate Package,Instagram,257.25,170.5,Completed
ORD_6946,CUST_381,2025-03-31,Creative Studio,Partnership,109.1,43.83,Completed
ORD_6947,CUST_1362,2024-01-21,Workshop,LinkedIn,466.43,162.5,Completed
ORD_6948,CUST_917,2025-03-13,Creative Studio,Partnership,282.5,87.66,Refunded
ORD_6949,CUST_734,2024-09-21,Event Ticket,Google Search,51.89,22.35,Completed
ORD_6950,CUST_974,2025-04-29,Corporate Package,Referral,213.67,90.89,Cancelled
ORD_6951,CUST_1074,2024-06-26,Corporate Package,Google Search,327.29,187.28,Completed
ORD_6952,CUST_438,2024-10-21,Media Package,Referral,440.04,225.07,Completed
ORD_6953,CUST_1100,2024-11-28,Partner Offer,Google Search,303.51,114.2,Completed
ORD_6954,CUST_1094,2024-12-08,Membership,LinkedIn,458.2,266.74,Completed
ORD_6955,CUST_488,2024-09-23,Corporate Package,Event Walk-in,263.33,129.63,Completed
ORD_6956,CUST_404,2024-05-20,Media Package,TikTok,461.49,160.12,Completed
ORD_6957,CUST_1137,2024-07-07,Event Ticket,Partnership,177.64,97.4,Completed
ORD_6958,CUST_986,2024-03-06,Event Ticket,Instagram,249.67,111.26,Completed
ORD_6959,CUST_269,2024-01-31,Workshop,Google Search,458.39,222.01,Cancelled
ORD_6960,CUST_1266,2024-08-21,Workshop,Google Search,340.06,127.63,Completed
ORD_6961,CUST_52,2024-04-23,Event Ticket,LinkedIn,324.81,135.97,Completed
ORD_6962,CUST_462,2024-11-27,Corporate Package,Event Walk-in,299.96,158.67,Completed
ORD_6963,CUST_1386,2024-05-06,Creative Studio,TikTok,129.58,57.59,Completed
ORD_6964,CUST_1144,2024-05-30,Partner Offer,Instagram,332.55,119.58,Cancelled
ORD_6965,CUST_463,2024-07-29,Creative Studio,TikTok,89.32,29.24,Completed
ORD_6966,CUST_915,2024-02-26,Partner Offer,Referral,307.32,154.3,Completed
ORD_6967,CUST_644,2025-03-08,Event Ticket,Google Search,353.62,146.9,Completed
ORD_6968,CUST_501,2025-05-06,Partner Offer,Referral,343.18,127.89,Completed
ORD_6969,CUST_1306,2024-08-10,Media Package,TikTok,231.22,155.6,Refunded
ORD_6970,CUST_1038,2025-01-27,Media Package,Event Walk-in,288.99,91.36,Completed
ORD_6971,CUST_1212,2024-01-13,Corporate Package,Partnership,276.86,101.72,Refunded
ORD_6972,CUST_302,2024-03-04,Media Package,LinkedIn,126.45,78.25,Completed
ORD_6973,CUST_659,2025-03-14,Event Ticket,Referral,50.63,27.15,Refunded
ORD_6974,CUST_1004,2024-03-02,Corporate Package,TikTok,137.57,55.93,Completed
ORD_6975,CUST_1373,2024-01-29,Creative Studio,Event Walk-in,166.01,106.83,Completed
ORD_6976,CUST_913,2024-08-22,Membership,TikTok,118.57,70.21,Completed
ORD_6977,CUST_339,2024-10-09,Event Ticket,Google Search,462.17,293.7,Completed
ORD_6978,CUST_699,2024-04-09,Corporate Package,LinkedIn,179.25,62.59,Completed
ORD_6979,CUST_1258,2024-10-14,Event Ticket,TikTok,93.08,47.0,Completed
ORD_6980,CUST_808,2024-01-21,Creative Studio,Google Search,203.11,107.61,Completed
ORD_6981,CUST_175,2025-06-12,Workshop,Instagram,181.97,88.65,Refunded
ORD_6982,CUST_1148,2024-07-15,Creative Studio,Instagram,370.01,116.42,Completed
ORD_6983,CUST_376,2025-04-10,Membership,LinkedIn,33.66,11.64,Completed
ORD_6984,CUST_540,2024-10-24,Media Package,Instagram,443.22,143.14,Completed
ORD_6985,CUST_853,2025-01-01,Membership,Instagram,44.88,14.17,Completed
ORD_6986,CUST_1320,2024-03-23,Event Ticket,Google Search,329.67,184.05,Completed
ORD_6987,CUST_826,2024-09-23,Event Ticket,LinkedIn,412.21,131.68,Completed
ORD_6988,CUST_1000,2024-04-16,Membership,Referral,388.04,193.23,Completed
ORD_6989,CUST_871,2024-05-16,Partner Offer,Partnership,400.62,136.76,Completed
ORD_6990,CUST_46,2025-01-13,Workshop,LinkedIn,244.95,125.64,Completed
ORD_6991,CUST_1211,2024-12-01,Corporate Package,TikTok,291.25,115.68,Completed
ORD_6992,CUST_393,2024-09-02,Workshop,TikTok,479.78,297.91,Completed
ORD_6993,CUST_46,2025-02-23,Partner Offer,LinkedIn,496.05,276.69,Completed
ORD_6994,CUST_147,2024-11-27,Media Package,TikTok,191.46,57.76,Completed
ORD_6995,CUST_967,2025-02-23,Workshop,Partnership,148.59,53.23,Completed
ORD_6996,CUST_1016,2025-02-19,Workshop,Referral,374.46,224.41,Completed
ORD_6997,CUST_340,2024-10-07,Media Package,LinkedIn,146.1,96.94,Completed
ORD_6998,CUST_294,2024-08-08,Event Ticket,Referral,303.93,188.05,Completed
ORD_6999,CUST_1174,2025-05-18,Workshop,LinkedIn,218.68,134.53,Completed
ORD_7000,CUST_42,2025-03-15,Creative Studio,Event Walk-in,76.73,33.86,Completed
ORD_7001,CUST_840,2024-07-03,Corporate Package,Instagram,53.36,23.79,Completed
ORD_7002,CUST_1294,2024-09-15,Partner Offer,Event Walk-in,368.0,158.43,Completed
ORD_7003,CUST_778,2024-09-18,Workshop,Google Search,233.98,81.75,Completed
ORD_7004,CUST_979,2025-04-19,Corporate Package,Event Walk-in,491.27,252.15,Completed
ORD_7005,CUST_702,2024-11-12,Creative Studio,Partnership,391.6,145.53,Completed
ORD_7006,CUST_294,2025-05-29,Creative Studio,Referral,442.49,150.77,Completed
ORD_7007,CUST_339,2024-03-04,Corporate Package,Google Search,218.61,130.65,Completed
ORD_7008,CUST_77,2024-08-27,Event Ticket,Partnership,217.13,146.98,Completed
ORD_7009,CUST_491,2025-04-30,Event Ticket,LinkedIn,378.32,258.1,Refunded
ORD_7010,CUST_41,2024-11-13,Corporate Package,Partnership,336.55,207.75,Completed
ORD_7011,CUST_1181,2024-12-03,Corporate Package,Event Walk-in,194.35,131.14,Completed
ORD_7012,CUST_1019,2024-06-02,Workshop,LinkedIn,30.8,11.21,Completed
ORD_7013,CUST_753,2024-03-17,Event Ticket,Event Walk-in,362.12,196.02,Completed
ORD_7014,CUST_1127,2025-03-31,Media Package,Event Walk-in,183.05,94.99,Completed
ORD_7015,CUST_899,2024-03-09,Event Ticket,TikTok,406.3,160.79,Completed
ORD_7016,CUST_55,2024-04-09,Corporate Package,Partnership,218.57,92.04,Completed
ORD_7017,CUST_929,2024-08-12,Media Package,TikTok,376.81,207.43,Completed
ORD_7018,CUST_967,2024-04-25,Event Ticket,Partnership,105.6,38.94,Completed
ORD_7019,CUST_1298,2025-04-15,Event Ticket,TikTok,23.22,7.04,Completed
ORD_7020,CUST_175,2024-10-01,Creative Studio,Instagram,373.58,142.73,Completed
ORD_7021,CUST_189,2024-09-16,Creative Studio,Partnership,88.02,40.05,Completed
ORD_7022,CUST_918,2024-08-23,Partner Offer,Google Search,91.74,45.66,Cancelled
ORD_7023,CUST_1406,2024-05-17,Creative Studio,Partnership,292.1,121.92,Completed
ORD_7024,CUST_307,2024-05-17,Event Ticket,LinkedIn,46.64,24.81,Cancelled
ORD_7025,CUST_635,2024-03-06,Workshop,TikTok,491.33,196.04,Completed
ORD_7026,CUST_571,2024-12-05,Event Ticket,Referral,360.5,223.4,Cancelled
ORD_7027,CUST_917,2024-03-29,Event Ticket,Partnership,170.83,75.2,Completed
ORD_7028,CUST_897,2025-01-05,Corporate Package,Google Search,132.08,40.42,Completed
ORD_7029,CUST_272,2024-05-15,Media Package,TikTok,464.19,185.28,Completed
ORD_7030,CUST_1194,2025-06-21,Corporate Package,Referral,396.24,202.97,Refunded
ORD_7031,CUST_702,2024-03-13,Media Package,Partnership,89.86,53.37,Completed
ORD_7032,CUST_1096,2024-03-31,Creative Studio,TikTok,410.36,167.63,Completed
ORD_7033,CUST_365,2024-06-25,Corporate Package,Partnership,325.74,103.32,Refunded
ORD_7034,CUST_886,2024-01-12,Partner Offer,Referral,315.42,126.96,Completed
ORD_7035,CUST_9,2025-06-29,Workshop,Google Search,290.48,94.49,Completed
ORD_7036,CUST_778,2025-06-17,Corporate Package,Google Search,320.86,192.73,Cancelled
ORD_7037,CUST_1247,2025-04-27,Corporate Package,Referral,399.37,242.82,Completed
ORD_7038,CUST_567,2024-04-19,Creative Studio,Google Search,23.69,14.79,Completed
ORD_7039,CUST_1190,2025-03-31,Membership,LinkedIn,143.76,59.89,Completed
ORD_7040,CUST_90,2025-06-03,Creative Studio,Referral,224.13,107.09,Completed
ORD_7041,CUST_1037,2025-03-15,Partner Offer,Event Walk-in,479.63,148.71,Completed
ORD_7042,CUST_1243,2024-07-13,Event Ticket,Event Walk-in,399.2,247.41,Completed
ORD_7043,CUST_248,2024-10-12,Workshop,Google Search,27.19,16.76,Completed
ORD_7044,CUST_677,2024-10-21,Workshop,LinkedIn,330.99,146.24,Completed
ORD_7045,CUST_192,2024-02-15,Corporate Package,Instagram,190.02,65.52,Refunded
ORD_7046,CUST_563,2024-07-24,Membership,LinkedIn,67.44,33.95,Completed
ORD_7047,CUST_199,2024-03-14,Workshop,Google Search,393.17,220.51,Completed
ORD_7048,CUST_1327,2024-02-11,Membership,Referral,372.11,142.06,Completed
ORD_7049,CUST_1307,2025-04-27,Media Package,LinkedIn,398.46,171.37,Completed
ORD_7050,CUST_1024,2024-04-09,Event Ticket,Instagram,217.13,66.59,Completed
ORD_7051,CUST_250,2024-11-22,Corporate Package,Event Walk-in,296.82,156.83,Completed
ORD_7052,CUST_1434,2025-04-10,Corporate Package,Referral,496.75,276.33,Completed
ORD_7053,CUST_60,2024-08-12,Membership,LinkedIn,315.52,117.39,Completed
ORD_7054,CUST_175,2024-11-17,Event Ticket,Instagram,334.92,138.54,Completed
ORD_7055,CUST_466,2024-12-21,Corporate Package,TikTok,381.94,204.7,Completed
ORD_7056,CUST_304,2024-10-29,Workshop,LinkedIn,362.67,159.79,Completed
ORD_7057,CUST_726,2024-01-21,Media Package,Referral,171.68,92.35,Completed
ORD_7058,CUST_1207,2025-03-17,Partner Offer,Google Search,491.59,234.19,Refunded
ORD_7059,CUST_470,2024-05-17,Membership,Google Search,444.76,146.48,Completed
ORD_7060,CUST_512,2025-06-18,Workshop,Referral,194.4,62.35,Cancelled
ORD_7061,CUST_1264,2024-04-16,Workshop,LinkedIn,173.14,92.34,Cancelled
ORD_7062,CUST_1318,2024-05-27,Event Ticket,LinkedIn,273.8,141.82,Completed
ORD_7063,CUST_1008,2024-02-18,Media Package,LinkedIn,427.59,184.5,Completed
ORD_7064,CUST_497,2024-02-02,Creative Studio,Referral,209.91,63.37,Completed
ORD_7065,CUST_44,2025-01-07,Creative Studio,Event Walk-in,39.04,12.84,Completed
ORD_7066,CUST_654,2025-04-19,Partner Offer,Instagram,87.56,49.01,Completed
ORD_7067,CUST_145,2024-05-27,Creative Studio,TikTok,177.94,62.85,Completed
ORD_7068,CUST_952,2025-03-24,Media Package,Event Walk-in,429.99,254.76,Completed
ORD_7069,CUST_704,2025-02-20,Media Package,TikTok,448.63,186.57,Completed
ORD_7070,CUST_479,2024-05-14,Partner Offer,LinkedIn,107.85,46.67,Completed
ORD_7071,CUST_1488,2024-10-04,Workshop,Referral,449.16,207.77,Completed
ORD_7072,CUST_1388,2024-01-31,Partner Offer,Instagram,200.35,81.46,Refunded
ORD_7073,CUST_495,2024-01-08,Membership,Instagram,245.94,92.34,Completed
ORD_7074,CUST_324,2025-04-25,Membership,Google Search,318.97,127.87,Cancelled
ORD_7075,CUST_664,2025-05-22,Partner Offer,LinkedIn,258.15,152.06,Completed
ORD_7076,CUST_1190,2024-01-30,Creative Studio,LinkedIn,476.45,193.2,Completed
ORD_7077,CUST_1287,2024-06-08,Event Ticket,TikTok,230.26,82.31,Completed
ORD_7078,CUST_1489,2025-03-22,Membership,Google Search,436.45,285.93,Completed
ORD_7079,CUST_790,2025-01-30,Workshop,Partnership,159.13,75.86,Completed
ORD_7080,CUST_637,2024-07-04,Media Package,Referral,356.65,244.76,Completed
ORD_7081,CUST_33,2024-06-22,Workshop,Partnership,222.07,142.07,Completed
ORD_7082,CUST_41,2024-03-01,Corporate Package,Partnership,288.66,194.78,Completed
ORD_7083,CUST_1044,2024-06-23,Media Package,Referral,176.34,96.58,Completed
ORD_7084,CUST_323,2024-10-25,Creative Studio,TikTok,143.49,98.88,Completed
ORD_7085,CUST_436,2024-01-04,Corporate Package,TikTok,30.53,13.21,Completed
ORD_7086,CUST_681,2025-02-16,Workshop,Event Walk-in,466.52,187.82,Completed
ORD_7087,CUST_524,2024-12-05,Workshop,LinkedIn,341.88,109.97,Cancelled
ORD_7088,CUST_410,2024-09-01,Membership,LinkedIn,439.37,218.75,Completed
ORD_7089,CUST_546,2024-03-19,Corporate Package,Google Search,453.89,255.04,Completed
ORD_7090,CUST_619,2024-08-22,Membership,LinkedIn,326.22,147.23,Completed
ORD_7091,CUST_12,2024-10-11,Creative Studio,Google Search,279.39,181.15,Completed
ORD_7092,CUST_1090,2025-05-04,Workshop,Instagram,253.62,107.21,Completed
ORD_7093,CUST_715,2024-08-03,Creative Studio,Google Search,194.13,123.25,Cancelled
ORD_7094,CUST_447,2025-06-28,Partner Offer,TikTok,147.49,52.74,Completed
ORD_7095,CUST_1096,2024-09-14,Partner Offer,TikTok,391.81,135.68,Completed
ORD_7096,CUST_783,2024-01-15,Creative Studio,TikTok,112.19,34.59,Completed
ORD_7097,CUST_68,2024-06-21,Creative Studio,Partnership,413.35,169.78,Completed
ORD_7098,CUST_1005,2024-11-12,Corporate Package,Referral,211.27,78.1,Completed
ORD_7099,CUST_93,2024-10-25,Event Ticket,Google Search,498.21,219.04,Completed
ORD_7100,CUST_252,2024-08-08,Event Ticket,Instagram,364.58,247.15,Completed
ORD_7101,CUST_1243,2025-01-30,Partner Offer,Event Walk-in,399.47,121.69,Completed
ORD_7102,CUST_807,2024-04-07,Media Package,LinkedIn,233.83,86.14,Completed
ORD_7103,CUST_935,2024-03-04,Membership,Partnership,51.71,32.52,Completed
ORD_7104,CUST_912,2024-01-17,Creative Studio,Partnership,201.45,73.16,Cancelled
ORD_7105,CUST_702,2025-03-27,Creative Studio,Partnership,420.4,164.95,Completed
ORD_7106,CUST_189,2024-04-29,Membership,Partnership,220.67,82.08,Completed
ORD_7107,CUST_462,2024-02-10,Media Package,Event Walk-in,457.71,256.01,Completed
ORD_7108,CUST_699,2025-02-08,Event Ticket,LinkedIn,279.9,135.9,Completed
ORD_7109,CUST_1269,2025-05-27,Event Ticket,Instagram,82.55,45.85,Completed
ORD_7110,CUST_118,2024-11-29,Media Package,Google Search,389.33,143.15,Completed
ORD_7111,CUST_41,2024-01-07,Partner Offer,Partnership,436.14,152.48,Completed
ORD_7112,CUST_268,2024-04-09,Corporate Package,LinkedIn,269.59,115.91,Completed
ORD_7113,CUST_1062,2025-05-27,Workshop,Partnership,85.52,38.99,Completed
ORD_7114,CUST_68,2025-03-25,Partner Offer,Partnership,251.03,82.65,Completed
ORD_7115,CUST_206,2024-06-02,Event Ticket,Instagram,492.1,184.71,Completed
ORD_7116,CUST_534,2024-08-28,Event Ticket,Instagram,399.26,180.23,Cancelled
ORD_7117,CUST_1237,2025-03-31,Partner Offer,Partnership,239.45,100.27,Completed
ORD_7118,CUST_908,2024-06-04,Media Package,TikTok,351.02,117.2,Completed
ORD_7119,CUST_1252,2025-03-09,Partner Offer,Google Search,207.05,93.42,Cancelled
ORD_7120,CUST_158,2025-02-04,Media Package,LinkedIn,445.25,200.59,Completed
ORD_7121,CUST_1437,2024-11-18,Partner Offer,Google Search,248.51,108.78,Completed
ORD_7122,CUST_629,2025-03-22,Event Ticket,LinkedIn,244.89,80.53,Completed
ORD_7123,CUST_800,2024-11-28,Corporate Package,Event Walk-in,334.24,140.65,Completed
ORD_7124,CUST_555,2025-06-25,Creative Studio,Referral,283.38,142.11,Completed
ORD_7125,CUST_70,2024-11-26,Partner Offer,Referral,290.54,131.35,Completed
ORD_7126,CUST_750,2024-03-10,Corporate Package,Event Walk-in,365.73,159.82,Completed
ORD_7127,CUST_318,2025-02-02,Creative Studio,LinkedIn,461.72,232.9,Completed
ORD_7128,CUST_1097,2025-05-23,Partner Offer,Partnership,198.07,78.45,Completed
ORD_7129,CUST_1465,2024-06-21,Event Ticket,Partnership,429.87,153.51,Completed
ORD_7130,CUST_854,2024-03-07,Corporate Package,Event Walk-in,227.36,106.99,Completed
ORD_7131,CUST_285,2024-11-23,Membership,Google Search,282.0,115.46,Completed
ORD_7132,CUST_56,2025-05-09,Event Ticket,Event Walk-in,206.23,89.05,Completed
ORD_7133,CUST_53,2025-04-26,Event Ticket,Event Walk-in,114.35,67.74,Completed
ORD_7134,CUST_1105,2025-03-16,Workshop,Google Search,265.36,108.19,Completed
ORD_7135,CUST_107,2025-04-30,Membership,LinkedIn,442.96,182.41,Refunded
ORD_7136,CUST_37,2024-03-10,Partner Offer,Referral,114.29,46.16,Completed
ORD_7137,CUST_1022,2024-11-18,Creative Studio,Instagram,384.76,126.46,Completed
ORD_7138,CUST_457,2024-09-09,Membership,Referral,172.36,75.65,Completed
ORD_7139,CUST_964,2024-11-29,Workshop,LinkedIn,451.3,220.84,Completed
ORD_7140,CUST_1230,2025-02-21,Membership,Partnership,241.85,104.74,Completed
ORD_7141,CUST_978,2024-04-02,Membership,Google Search,34.55,12.11,Completed
ORD_7142,CUST_1489,2024-02-06,Creative Studio,Google Search,248.47,118.75,Completed
ORD_7143,CUST_646,2024-09-04,Media Package,TikTok,226.63,98.19,Refunded
ORD_7144,CUST_346,2025-01-15,Corporate Package,Referral,302.46,166.28,Refunded
ORD_7145,CUST_580,2024-04-27,Corporate Package,Partnership,229.61,102.98,Completed
ORD_7146,CUST_713,2024-09-02,Event Ticket,Google Search,301.31,96.34,Completed
ORD_7147,CUST_634,2024-03-23,Workshop,Referral,139.23,42.17,Completed
ORD_7148,CUST_387,2025-01-24,Membership,Event Walk-in,192.24,107.84,Refunded
ORD_7149,CUST_447,2024-01-04,Creative Studio,TikTok,319.52,96.6,Refunded
ORD_7150,CUST_1241,2025-01-22,Event Ticket,Google Search,367.65,205.33,Completed
ORD_7151,CUST_971,2024-03-06,Event Ticket,Referral,36.57,15.19,Completed
ORD_7152,CUST_1306,2024-03-07,Workshop,TikTok,401.23,248.25,Completed
ORD_7153,CUST_1261,2025-06-03,Partner Offer,Partnership,462.3,178.61,Completed
ORD_7154,CUST_939,2025-01-19,Event Ticket,Referral,372.29,143.64,Completed
ORD_7155,CUST_508,2024-07-26,Corporate Package,LinkedIn,278.06,120.02,Completed
ORD_7156,CUST_965,2025-03-17,Creative Studio,Google Search,249.81,103.6,Completed
ORD_7157,CUST_896,2025-03-14,Media Package,Referral,131.17,67.11,Completed
ORD_7158,CUST_176,2024-11-02,Creative Studio,Google Search,399.33,133.53,Completed
ORD_7159,CUST_1312,2024-03-19,Workshop,Event Walk-in,259.14,118.16,Completed
ORD_7160,CUST_850,2025-05-06,Workshop,Google Search,20.69,13.43,Completed
ORD_7161,CUST_295,2024-02-28,Membership,Google Search,173.7,79.64,Completed
ORD_7162,CUST_341,2024-11-04,Partner Offer,Google Search,80.77,28.23,Completed
ORD_7163,CUST_930,2025-01-29,Corporate Package,Google Search,414.11,252.14,Completed
ORD_7164,CUST_1029,2024-12-13,Event Ticket,Referral,404.33,245.6,Completed
ORD_7165,CUST_470,2025-01-31,Event Ticket,Google Search,413.94,212.51,Cancelled
ORD_7166,CUST_1477,2025-06-22,Workshop,LinkedIn,60.31,33.03,Completed
ORD_7167,CUST_1370,2024-05-13,Creative Studio,LinkedIn,319.56,160.62,Completed
ORD_7168,CUST_380,2024-06-12,Event Ticket,LinkedIn,214.58,84.82,Completed
ORD_7169,CUST_112,2024-09-02,Partner Offer,LinkedIn,494.77,212.64,Completed
ORD_7170,CUST_52,2025-04-10,Membership,LinkedIn,486.97,227.1,Completed
ORD_7171,CUST_403,2025-01-30,Event Ticket,Google Search,91.48,49.87,Completed
ORD_7172,CUST_65,2024-06-12,Partner Offer,Instagram,308.55,132.57,Refunded
ORD_7173,CUST_1039,2025-06-01,Workshop,Partnership,439.31,296.82,Completed
ORD_7174,CUST_741,2025-01-02,Media Package,Partnership,466.37,216.85,Completed
ORD_7175,CUST_1166,2025-04-17,Creative Studio,TikTok,257.79,94.84,Completed
ORD_7176,CUST_1319,2024-10-30,Corporate Package,Event Walk-in,336.46,208.58,Completed
ORD_7177,CUST_235,2024-11-11,Creative Studio,Partnership,44.55,18.78,Completed
ORD_7178,CUST_1117,2025-05-05,Membership,Partnership,469.22,270.99,Cancelled
ORD_7179,CUST_423,2024-12-11,Workshop,LinkedIn,461.65,249.01,Cancelled
ORD_7180,CUST_125,2024-01-07,Membership,Partnership,29.47,9.31,Completed
ORD_7181,CUST_666,2024-09-25,Workshop,TikTok,308.67,141.63,Completed
ORD_7182,CUST_490,2024-03-22,Membership,Referral,445.89,270.26,Cancelled
ORD_7183,CUST_387,2024-01-24,Workshop,Event Walk-in,379.25,170.33,Completed
ORD_7184,CUST_250,2024-09-17,Corporate Package,Event Walk-in,325.87,106.59,Completed
ORD_7185,CUST_1264,2024-06-08,Corporate Package,LinkedIn,212.84,121.63,Refunded
ORD_7186,CUST_928,2025-01-18,Creative Studio,Instagram,86.43,39.74,Completed
ORD_7187,CUST_291,2024-09-18,Partner Offer,Referral,103.34,71.28,Completed
ORD_7188,CUST_643,2025-06-05,Creative Studio,Instagram,339.41,179.46,Cancelled
ORD_7189,CUST_579,2024-03-13,Creative Studio,Partnership,360.56,160.94,Completed
ORD_7190,CUST_1341,2024-08-28,Partner Offer,Event Walk-in,489.19,224.31,Completed
ORD_7191,CUST_664,2024-07-26,Membership,LinkedIn,439.81,189.63,Completed
ORD_7192,CUST_1418,2024-11-18,Workshop,Partnership,293.8,162.05,Completed
ORD_7193,CUST_1496,2024-04-21,Membership,Google Search,371.46,181.62,Completed
ORD_7194,CUST_422,2024-07-13,Corporate Package,Instagram,114.16,70.01,Completed
ORD_7195,CUST_961,2024-12-22,Media Package,Event Walk-in,66.91,30.0,Completed
ORD_7196,CUST_1480,2024-08-20,Event Ticket,TikTok,220.58,96.84,Completed
ORD_7197,CUST_67,2024-09-06,Media Package,Google Search,55.89,18.09,Completed
ORD_7198,CUST_737,2024-07-30,Corporate Package,Partnership,166.81,91.54,Cancelled
ORD_7199,CUST_1423,2025-03-06,Media Package,TikTok,233.46,97.84,Completed
ORD_7200,CUST_876,2024-02-25,Workshop,Referral,60.76,37.57,Completed
ORD_7201,CUST_481,2024-05-07,Membership,Google Search,385.74,162.91,Completed
ORD_7202,CUST_585,2025-01-14,Corporate Package,Event Walk-in,209.75,83.05,Completed
ORD_7203,CUST_1042,2024-06-04,Event Ticket,TikTok,317.64,115.32,Completed
ORD_7204,CUST_1241,2024-03-19,Event Ticket,Google Search,92.7,63.65,Completed
ORD_7205,CUST_1040,2024-01-31,Workshop,TikTok,68.01,30.06,Completed
ORD_7206,CUST_1260,2024-02-20,Workshop,Referral,175.38,107.15,Completed
ORD_7207,CUST_1448,2024-08-06,Membership,LinkedIn,429.38,185.99,Completed
ORD_7208,CUST_1141,2024-03-05,Membership,Google Search,315.28,192.43,Completed
ORD_7209,CUST_451,2024-03-25,Corporate Package,LinkedIn,116.72,66.2,Completed
ORD_7210,CUST_991,2025-03-08,Partner Offer,Referral,334.62,153.31,Refunded
ORD_7211,CUST_943,2024-06-14,Event Ticket,Partnership,288.04,110.74,Refunded
ORD_7212,CUST_733,2025-06-06,Membership,Event Walk-in,373.79,191.9,Completed
ORD_7213,CUST_1260,2025-02-20,Corporate Package,Referral,371.64,117.53,Refunded
ORD_7214,CUST_380,2025-06-02,Corporate Package,LinkedIn,465.69,323.72,Completed
ORD_7215,CUST_665,2024-05-02,Creative Studio,Partnership,336.21,230.57,Completed
ORD_7216,CUST_1410,2024-11-21,Corporate Package,Event Walk-in,66.07,28.98,Completed
ORD_7217,CUST_1301,2025-06-15,Media Package,LinkedIn,105.71,57.16,Completed
ORD_7218,CUST_1259,2024-09-11,Creative Studio,TikTok,191.76,125.8,Completed
ORD_7219,CUST_1032,2024-01-09,Creative Studio,Google Search,58.51,22.76,Cancelled
ORD_7220,CUST_1312,2025-06-21,Partner Offer,Event Walk-in,459.12,143.48,Completed
ORD_7221,CUST_797,2025-03-22,Workshop,Google Search,221.21,117.46,Completed
ORD_7222,CUST_1403,2025-02-21,Workshop,Partnership,91.69,59.59,Completed
ORD_7223,CUST_341,2024-02-22,Membership,Google Search,392.32,247.08,Completed
ORD_7224,CUST_737,2025-03-04,Creative Studio,Partnership,347.17,192.07,Completed
ORD_7225,CUST_1259,2024-07-23,Corporate Package,TikTok,181.02,119.78,Completed
ORD_7226,CUST_108,2025-06-26,Corporate Package,Google Search,447.62,146.16,Cancelled
ORD_7227,CUST_1272,2025-01-25,Creative Studio,Partnership,82.2,36.77,Completed
ORD_7228,CUST_721,2024-01-29,Corporate Package,Instagram,224.56,127.78,Completed
ORD_7229,CUST_905,2024-07-09,Corporate Package,Referral,382.13,176.57,Completed
ORD_7230,CUST_1340,2024-01-30,Membership,Partnership,85.58,32.62,Completed
ORD_7231,CUST_848,2025-05-11,Creative Studio,TikTok,66.15,46.01,Completed
ORD_7232,CUST_964,2024-05-28,Partner Offer,LinkedIn,338.95,188.84,Completed
ORD_7233,CUST_1397,2024-06-05,Corporate Package,Partnership,96.88,63.57,Completed
ORD_7234,CUST_859,2024-02-07,Event Ticket,Google Search,71.95,44.7,Completed
ORD_7235,CUST_101,2025-01-31,Workshop,Partnership,330.95,152.23,Completed
ORD_7236,CUST_669,2024-07-31,Partner Offer,Partnership,377.0,238.96,Completed
ORD_7237,CUST_734,2024-04-20,Creative Studio,Google Search,427.27,140.03,Refunded
ORD_7238,CUST_1223,2025-02-05,Creative Studio,Instagram,484.32,169.76,Completed
ORD_7239,CUST_116,2025-01-19,Media Package,Instagram,83.03,43.42,Completed
ORD_7240,CUST_597,2024-04-19,Creative Studio,Partnership,423.62,284.63,Completed
ORD_7241,CUST_1313,2024-09-09,Partner Offer,Referral,299.48,115.44,Completed
ORD_7242,CUST_645,2024-09-15,Creative Studio,Partnership,413.44,284.17,Cancelled
ORD_7243,CUST_1323,2024-11-28,Membership,Partnership,183.87,125.21,Completed
ORD_7244,CUST_1283,2024-07-11,Corporate Package,Google Search,336.55,168.36,Completed
ORD_7245,CUST_762,2025-03-02,Membership,TikTok,333.94,148.64,Completed
ORD_7246,CUST_99,2024-12-18,Corporate Package,TikTok,239.34,138.83,Completed
ORD_7247,CUST_647,2025-06-02,Corporate Package,Referral,45.44,22.17,Completed
ORD_7248,CUST_499,2025-04-30,Creative Studio,TikTok,93.43,32.22,Cancelled
ORD_7249,CUST_843,2025-01-21,Media Package,TikTok,409.21,134.27,Completed
ORD_7250,CUST_220,2024-10-25,Creative Studio,LinkedIn,331.99,129.0,Completed
ORD_7251,CUST_1406,2025-02-02,Creative Studio,Partnership,115.1,68.72,Completed
ORD_7252,CUST_364,2024-10-01,Workshop,Partnership,405.66,248.11,Completed
ORD_7253,CUST_1100,2024-12-24,Media Package,Google Search,441.61,299.76,Completed
ORD_7254,CUST_1094,2025-05-09,Event Ticket,LinkedIn,81.71,26.69,Completed
ORD_7255,CUST_228,2024-04-08,Creative Studio,Referral,414.16,142.64,Refunded
ORD_7256,CUST_543,2024-06-29,Membership,TikTok,126.03,79.92,Completed
ORD_7257,CUST_1208,2024-12-13,Partner Offer,TikTok,459.39,148.83,Refunded
ORD_7258,CUST_279,2025-03-03,Event Ticket,Google Search,473.81,254.15,Completed
ORD_7259,CUST_395,2024-12-25,Workshop,TikTok,288.91,195.73,Completed
ORD_7260,CUST_672,2024-12-26,Membership,TikTok,434.09,300.2,Completed
ORD_7261,CUST_573,2025-01-05,Event Ticket,Instagram,34.59,24.14,Completed
ORD_7262,CUST_1165,2024-11-04,Creative Studio,Instagram,496.33,247.62,Completed
ORD_7263,CUST_1397,2024-01-20,Partner Offer,Partnership,289.0,171.1,Completed
ORD_7264,CUST_391,2025-06-30,Workshop,LinkedIn,126.6,68.1,Completed
ORD_7265,CUST_595,2024-10-21,Workshop,Instagram,139.33,52.59,Completed
ORD_7266,CUST_1117,2025-02-08,Corporate Package,Partnership,141.76,72.77,Completed
ORD_7267,CUST_434,2025-06-29,Event Ticket,Google Search,419.1,212.96,Completed
ORD_7268,CUST_806,2024-11-26,Media Package,Partnership,335.23,227.37,Completed
ORD_7269,CUST_581,2025-03-27,Media Package,Partnership,171.68,58.75,Completed
ORD_7270,CUST_653,2024-05-13,Media Package,Event Walk-in,123.4,60.6,Completed
ORD_7271,CUST_803,2025-03-20,Workshop,Instagram,182.99,109.99,Completed
ORD_7272,CUST_571,2024-01-13,Corporate Package,Referral,343.41,193.35,Completed
ORD_7273,CUST_1367,2025-06-03,Workshop,LinkedIn,252.38,136.87,Completed
ORD_7274,CUST_710,2024-08-27,Corporate Package,Instagram,235.77,122.68,Completed
ORD_7275,CUST_252,2024-08-14,Media Package,Instagram,137.73,43.33,Completed
ORD_7276,CUST_520,2024-02-05,Media Package,TikTok,494.12,319.87,Completed
ORD_7277,CUST_1454,2025-03-09,Media Package,Partnership,29.86,15.73,Completed
ORD_7278,CUST_273,2024-09-13,Membership,Instagram,83.59,45.45,Completed
ORD_7279,CUST_491,2024-01-07,Workshop,LinkedIn,209.97,77.64,Completed
ORD_7280,CUST_166,2025-04-12,Event Ticket,LinkedIn,198.16,118.24,Completed
ORD_7281,CUST_1153,2024-12-11,Partner Offer,LinkedIn,59.22,25.51,Completed
ORD_7282,CUST_621,2024-07-23,Membership,TikTok,496.76,199.6,Completed
ORD_7283,CUST_149,2024-10-24,Partner Offer,Referral,99.17,36.16,Refunded
ORD_7284,CUST_854,2024-08-20,Corporate Package,Event Walk-in,454.11,181.6,Completed
ORD_7285,CUST_1024,2025-04-26,Corporate Package,Instagram,332.36,148.16,Completed
ORD_7286,CUST_733,2025-05-13,Corporate Package,Event Walk-in,265.92,172.43,Completed
ORD_7287,CUST_146,2025-03-08,Corporate Package,Referral,164.76,95.27,Completed
ORD_7288,CUST_1481,2025-05-28,Workshop,Partnership,243.67,100.88,Completed
ORD_7289,CUST_921,2024-09-20,Event Ticket,Instagram,354.87,212.54,Completed
ORD_7290,CUST_1184,2025-02-04,Event Ticket,Event Walk-in,449.14,215.73,Completed
ORD_7291,CUST_929,2024-02-19,Event Ticket,TikTok,59.82,28.38,Completed
ORD_7292,CUST_616,2025-06-17,Partner Offer,Event Walk-in,197.37,113.32,Completed
ORD_7293,CUST_139,2024-06-04,Media Package,Event Walk-in,124.79,69.61,Completed
ORD_7294,CUST_1030,2024-06-22,Membership,Referral,189.09,97.04,Refunded
ORD_7295,CUST_237,2024-02-17,Media Package,TikTok,66.35,34.17,Completed
ORD_7296,CUST_763,2025-06-16,Partner Offer,TikTok,229.32,134.9,Completed
ORD_7297,CUST_1105,2024-12-10,Media Package,Google Search,489.3,293.15,Completed
ORD_7298,CUST_466,2024-10-15,Media Package,TikTok,34.25,21.73,Completed
ORD_7299,CUST_555,2024-02-02,Creative Studio,Referral,433.26,148.35,Completed
ORD_7300,CUST_145,2024-05-17,Event Ticket,TikTok,489.02,278.82,Completed
ORD_7301,CUST_468,2024-03-30,Event Ticket,Referral,202.89,94.21,Completed
ORD_7302,CUST_415,2025-02-05,Partner Offer,TikTok,60.66,36.21,Completed
ORD_7303,CUST_553,2025-04-26,Membership,Event Walk-in,299.01,92.24,Completed
ORD_7304,CUST_1070,2024-11-06,Event Ticket,Partnership,305.42,156.6,Completed
ORD_7305,CUST_590,2025-06-05,Workshop,Referral,443.12,288.57,Completed
ORD_7306,CUST_906,2025-03-24,Partner Offer,TikTok,116.0,44.43,Completed
ORD_7307,CUST_660,2024-09-19,Event Ticket,Google Search,185.55,81.0,Completed
ORD_7308,CUST_891,2024-03-17,Partner Offer,LinkedIn,235.7,70.8,Completed
ORD_7309,CUST_785,2024-05-09,Media Package,TikTok,247.5,136.71,Completed
ORD_7310,CUST_1236,2024-12-30,Partner Offer,LinkedIn,167.9,58.73,Completed
ORD_7311,CUST_929,2024-04-15,Partner Offer,TikTok,454.01,274.36,Completed
ORD_7312,CUST_783,2024-04-22,Workshop,TikTok,287.87,127.18,Completed
ORD_7313,CUST_159,2024-06-22,Corporate Package,Referral,117.95,74.57,Completed
ORD_7314,CUST_166,2024-05-23,Media Package,LinkedIn,367.67,219.81,Completed
ORD_7315,CUST_1175,2024-08-12,Creative Studio,Instagram,467.1,239.89,Completed
ORD_7316,CUST_796,2024-09-26,Media Package,Partnership,377.37,150.13,Completed
ORD_7317,CUST_224,2025-04-02,Corporate Package,Instagram,201.23,71.81,Completed
ORD_7318,CUST_1426,2025-06-25,Media Package,Google Search,115.99,51.99,Completed
ORD_7319,CUST_265,2024-07-20,Creative Studio,Event Walk-in,225.06,124.19,Cancelled
ORD_7320,CUST_503,2025-04-28,Membership,Instagram,215.24,137.18,Completed
ORD_7321,CUST_1200,2024-10-19,Creative Studio,Referral,109.91,53.83,Completed
ORD_7322,CUST_701,2024-11-14,Partner Offer,TikTok,43.8,20.43,Completed
ORD_7323,CUST_807,2025-04-02,Membership,LinkedIn,278.14,121.52,Completed
ORD_7324,CUST_913,2025-04-11,Workshop,TikTok,251.13,92.61,Refunded
ORD_7325,CUST_920,2024-05-06,Corporate Package,LinkedIn,257.12,170.33,Completed
ORD_7326,CUST_1056,2024-01-27,Media Package,Referral,135.29,52.97,Completed
ORD_7327,CUST_1350,2024-09-10,Membership,TikTok,235.31,73.19,Completed
ORD_7328,CUST_342,2025-06-09,Event Ticket,Instagram,174.31,53.6,Completed
ORD_7329,CUST_1005,2024-04-20,Creative Studio,Referral,324.07,139.92,Completed
ORD_7330,CUST_737,2024-06-12,Partner Offer,Partnership,155.18,51.35,Completed
ORD_7331,CUST_1153,2024-09-08,Workshop,LinkedIn,141.45,85.31,Completed
ORD_7332,CUST_1417,2025-04-07,Media Package,Instagram,339.97,237.7,Completed
ORD_7333,CUST_647,2024-01-21,Creative Studio,Referral,21.14,8.96,Completed
ORD_7334,CUST_488,2024-09-13,Partner Offer,Event Walk-in,458.38,287.25,Completed
ORD_7335,CUST_609,2025-06-30,Media Package,Event Walk-in,88.36,32.13,Completed
ORD_7336,CUST_731,2025-02-08,Creative Studio,Instagram,264.19,135.16,Completed
ORD_7337,CUST_71,2024-09-06,Creative Studio,Event Walk-in,200.41,66.92,Completed
ORD_7338,CUST_69,2024-02-03,Media Package,Partnership,69.14,36.61,Completed
ORD_7339,CUST_528,2025-06-01,Media Package,TikTok,481.3,305.62,Completed
ORD_7340,CUST_976,2024-12-13,Creative Studio,Partnership,331.65,212.02,Completed
ORD_7341,CUST_1375,2025-05-28,Creative Studio,Google Search,385.04,121.29,Completed
ORD_7342,CUST_546,2024-01-16,Creative Studio,Google Search,497.07,220.14,Completed
ORD_7343,CUST_64,2024-01-04,Partner Offer,Event Walk-in,363.47,243.11,Completed
ORD_7344,CUST_208,2025-05-12,Workshop,TikTok,417.59,149.77,Completed
ORD_7345,CUST_927,2025-06-14,Creative Studio,Partnership,444.8,302.42,Completed
ORD_7346,CUST_724,2024-01-05,Event Ticket,Partnership,430.64,263.91,Completed
ORD_7347,CUST_1499,2025-02-19,Corporate Package,Partnership,231.99,106.3,Completed
ORD_7348,CUST_825,2025-02-03,Corporate Package,Partnership,228.3,153.0,Completed
ORD_7349,CUST_917,2024-07-28,Partner Offer,Partnership,195.09,111.15,Completed
ORD_7350,CUST_1143,2024-07-10,Media Package,LinkedIn,177.22,77.82,Refunded
ORD_7351,CUST_1044,2024-07-18,Media Package,Referral,63.78,20.82,Completed
ORD_7352,CUST_1301,2024-02-02,Partner Offer,LinkedIn,333.84,207.88,Completed
ORD_7353,CUST_368,2025-05-20,Workshop,TikTok,191.13,71.94,Completed
ORD_7354,CUST_1491,2024-02-12,Corporate Package,LinkedIn,82.14,56.68,Refunded
ORD_7355,CUST_845,2025-05-13,Corporate Package,TikTok,263.55,182.28,Completed
ORD_7356,CUST_123,2025-06-30,Workshop,TikTok,493.37,312.11,Completed
ORD_7357,CUST_1077,2024-01-17,Media Package,LinkedIn,346.26,192.58,Completed
ORD_7358,CUST_1059,2025-06-07,Membership,LinkedIn,51.29,31.02,Refunded
ORD_7359,CUST_913,2024-09-06,Workshop,TikTok,338.27,213.58,Completed
ORD_7360,CUST_1236,2024-01-14,Event Ticket,LinkedIn,281.95,190.08,Refunded
ORD_7361,CUST_1405,2024-07-12,Media Package,Google Search,185.87,79.44,Refunded
ORD_7362,CUST_464,2024-10-14,Event Ticket,TikTok,48.19,31.67,Completed
ORD_7363,CUST_1131,2024-07-14,Event Ticket,Instagram,170.63,99.99,Completed
ORD_7364,CUST_863,2024-06-02,Corporate Package,LinkedIn,224.52,73.31,Cancelled
ORD_7365,CUST_786,2025-01-22,Creative Studio,Event Walk-in,289.36,168.89,Completed
ORD_7366,CUST_632,2025-05-08,Creative Studio,Referral,170.1,73.19,Refunded
ORD_7367,CUST_688,2024-11-25,Media Package,Event Walk-in,222.76,134.47,Completed
ORD_7368,CUST_514,2024-07-16,Corporate Package,LinkedIn,51.0,24.22,Completed
ORD_7369,CUST_739,2024-07-01,Membership,TikTok,94.87,55.67,Refunded
ORD_7370,CUST_1431,2024-12-02,Event Ticket,LinkedIn,295.98,138.91,Completed
ORD_7371,CUST_781,2025-01-26,Media Package,Partnership,347.88,179.96,Completed
ORD_7372,CUST_1109,2025-06-17,Partner Offer,TikTok,74.46,51.04,Completed
ORD_7373,CUST_906,2025-05-27,Partner Offer,TikTok,404.81,185.97,Completed
ORD_7374,CUST_1216,2024-01-12,Partner Offer,Instagram,21.05,10.0,Completed
ORD_7375,CUST_1410,2025-01-18,Workshop,Event Walk-in,447.82,215.46,Completed
ORD_7376,CUST_714,2025-05-05,Creative Studio,Partnership,401.73,270.17,Completed
ORD_7377,CUST_1084,2024-01-30,Membership,Instagram,72.56,47.65,Completed
ORD_7378,CUST_929,2024-06-01,Membership,TikTok,300.62,153.43,Completed
ORD_7379,CUST_1196,2024-08-14,Corporate Package,Partnership,226.13,85.04,Completed
ORD_7380,CUST_193,2024-04-06,Creative Studio,Instagram,306.61,94.26,Refunded
ORD_7381,CUST_225,2024-10-18,Membership,Google Search,493.52,314.53,Completed
ORD_7382,CUST_1185,2025-06-10,Event Ticket,TikTok,162.62,57.08,Completed
ORD_7383,CUST_1319,2024-09-08,Corporate Package,Event Walk-in,24.26,11.47,Completed
ORD_7384,CUST_826,2024-07-01,Corporate Package,LinkedIn,301.13,99.14,Completed
ORD_7385,CUST_1441,2024-06-09,Workshop,Instagram,271.13,104.23,Completed
ORD_7386,CUST_161,2024-10-30,Partner Offer,LinkedIn,193.89,96.48,Completed
ORD_7387,CUST_642,2025-02-16,Workshop,TikTok,252.34,139.76,Completed
ORD_7388,CUST_1239,2024-11-20,Media Package,Partnership,283.18,168.27,Completed
ORD_7389,CUST_1034,2024-12-10,Membership,Referral,250.93,139.1,Completed
ORD_7390,CUST_281,2024-11-18,Partner Offer,Referral,374.4,198.14,Refunded
ORD_7391,CUST_875,2024-06-29,Membership,Google Search,481.69,152.6,Completed
ORD_7392,CUST_256,2024-05-20,Event Ticket,TikTok,220.06,67.18,Completed
ORD_7393,CUST_583,2024-11-21,Partner Offer,Instagram,35.99,19.48,Completed
ORD_7394,CUST_211,2024-02-18,Creative Studio,Referral,198.14,88.3,Completed
ORD_7395,CUST_160,2024-06-30,Membership,Google Search,275.35,141.67,Completed
ORD_7396,CUST_1417,2025-05-22,Corporate Package,Instagram,294.45,168.28,Completed
ORD_7397,CUST_1033,2024-06-21,Corporate Package,Google Search,77.13,29.35,Refunded
ORD_7398,CUST_145,2024-03-27,Membership,TikTok,335.69,128.13,Completed
ORD_7399,CUST_539,2024-07-14,Media Package,Google Search,146.14,48.21,Completed
ORD_7400,CUST_616,2024-01-18,Event Ticket,Event Walk-in,471.54,156.19,Completed
ORD_7401,CUST_538,2024-11-12,Event Ticket,Partnership,483.03,212.03,Completed
ORD_7402,CUST_991,2025-02-22,Creative Studio,Referral,163.12,99.59,Cancelled
ORD_7403,CUST_651,2024-05-31,Workshop,Partnership,171.24,118.51,Completed
ORD_7404,CUST_892,2025-01-05,Creative Studio,Partnership,137.79,79.66,Completed
ORD_7405,CUST_372,2025-03-25,Corporate Package,Referral,52.97,25.28,Completed
ORD_7406,CUST_1212,2024-06-28,Partner Offer,Partnership,189.33,97.32,Cancelled
ORD_7407,CUST_632,2024-01-08,Event Ticket,Referral,36.02,13.89,Completed
ORD_7408,CUST_1214,2025-06-26,Membership,TikTok,198.84,123.8,Completed
ORD_7409,CUST_513,2024-11-02,Creative Studio,LinkedIn,251.65,156.19,Completed
ORD_7410,CUST_720,2024-05-04,Membership,LinkedIn,336.92,208.08,Completed
ORD_7411,CUST_414,2025-01-27,Partner Offer,Referral,477.47,200.31,Completed
ORD_7412,CUST_1123,2025-06-08,Creative Studio,Google Search,250.74,87.81,Completed
ORD_7413,CUST_284,2025-05-12,Event Ticket,Google Search,65.04,39.25,Completed
ORD_7414,CUST_889,2024-07-11,Media Package,Event Walk-in,291.56,169.79,Completed
ORD_7415,CUST_218,2025-01-26,Creative Studio,Google Search,291.21,202.58,Cancelled
ORD_7416,CUST_235,2025-01-18,Partner Offer,Partnership,124.24,60.65,Completed
ORD_7417,CUST_1187,2024-05-06,Workshop,Instagram,256.12,158.01,Completed
ORD_7418,CUST_1405,2024-06-23,Creative Studio,Google Search,333.49,143.7,Completed
ORD_7419,CUST_168,2024-06-18,Corporate Package,TikTok,29.18,10.31,Completed
ORD_7420,CUST_211,2025-01-16,Event Ticket,Referral,232.14,129.36,Completed
ORD_7421,CUST_1493,2024-05-10,Membership,TikTok,119.97,83.37,Completed
ORD_7422,CUST_926,2024-06-10,Corporate Package,LinkedIn,223.89,142.11,Cancelled
ORD_7423,CUST_512,2024-05-03,Membership,Referral,182.62,124.36,Completed
ORD_7424,CUST_1115,2024-05-19,Corporate Package,Event Walk-in,304.84,196.89,Completed
ORD_7425,CUST_21,2025-06-03,Event Ticket,Instagram,130.36,60.75,Completed
ORD_7426,CUST_1020,2024-07-10,Media Package,Event Walk-in,400.73,137.85,Completed
ORD_7427,CUST_670,2024-02-07,Membership,Referral,43.22,13.66,Completed
ORD_7428,CUST_71,2024-10-02,Partner Offer,Event Walk-in,110.37,40.1,Refunded
ORD_7429,CUST_103,2024-03-27,Media Package,Google Search,480.67,314.55,Completed
ORD_7430,CUST_1050,2024-02-23,Corporate Package,Partnership,221.45,148.34,Completed
ORD_7431,CUST_1418,2024-12-13,Membership,Partnership,35.47,15.23,Completed
ORD_7432,CUST_839,2024-04-04,Event Ticket,Event Walk-in,467.44,159.82,Completed
ORD_7433,CUST_1109,2025-05-05,Workshop,TikTok,236.65,73.67,Completed
ORD_7434,CUST_254,2024-07-02,Partner Offer,Partnership,103.37,31.13,Refunded
ORD_7435,CUST_1394,2024-03-31,Partner Offer,Instagram,81.05,54.12,Completed
ORD_7436,CUST_494,2024-09-09,Corporate Package,Instagram,134.14,43.2,Completed
ORD_7437,CUST_1077,2024-05-03,Corporate Package,LinkedIn,52.28,21.96,Completed
ORD_7438,CUST_1076,2024-11-07,Corporate Package,LinkedIn,156.52,65.87,Completed
ORD_7439,CUST_93,2025-04-24,Workshop,Google Search,449.87,294.15,Completed
ORD_7440,CUST_223,2024-03-29,Media Package,Event Walk-in,379.16,114.13,Completed
ORD_7441,CUST_862,2024-01-23,Corporate Package,Instagram,131.77,57.75,Completed
ORD_7442,CUST_460,2024-04-15,Event Ticket,Google Search,46.88,27.25,Completed
ORD_7443,CUST_393,2024-08-02,Corporate Package,TikTok,210.9,64.1,Completed
ORD_7444,CUST_1179,2025-03-21,Corporate Package,Instagram,111.77,70.34,Completed
ORD_7445,CUST_1495,2024-02-23,Event Ticket,LinkedIn,135.09,48.85,Completed
ORD_7446,CUST_172,2024-04-22,Event Ticket,Event Walk-in,426.39,206.29,Refunded
ORD_7447,CUST_147,2024-11-04,Corporate Package,TikTok,278.72,95.08,Cancelled
ORD_7448,CUST_1117,2025-06-18,Membership,Partnership,128.75,72.97,Completed
ORD_7449,CUST_222,2025-02-20,Creative Studio,Google Search,359.11,199.35,Completed
ORD_7450,CUST_546,2025-01-24,Membership,Google Search,167.14,70.89,Completed
ORD_7451,CUST_793,2024-01-31,Corporate Package,LinkedIn,469.99,145.34,Completed
ORD_7452,CUST_1323,2024-07-11,Corporate Package,Partnership,389.52,132.38,Completed
ORD_7453,CUST_867,2025-05-21,Membership,Referral,416.91,207.77,Completed
ORD_7454,CUST_573,2025-01-11,Membership,Instagram,366.62,230.4,Completed
ORD_7455,CUST_962,2024-07-28,Workshop,LinkedIn,248.93,94.12,Completed
ORD_7456,CUST_401,2025-01-17,Corporate Package,Referral,317.89,96.52,Completed
ORD_7457,CUST_880,2024-05-09,Event Ticket,Referral,339.97,164.25,Completed
ORD_7458,CUST_989,2024-11-18,Media Package,TikTok,260.44,134.42,Completed
ORD_7459,CUST_1247,2025-04-20,Workshop,Referral,205.39,143.06,Completed
ORD_7460,CUST_484,2025-03-11,Media Package,Google Search,179.89,122.05,Refunded
ORD_7461,CUST_975,2024-03-14,Membership,Instagram,325.81,210.53,Completed
ORD_7462,CUST_451,2024-11-14,Partner Offer,LinkedIn,236.38,132.54,Completed
ORD_7463,CUST_1112,2024-01-20,Event Ticket,Google Search,152.89,52.07,Completed
ORD_7464,CUST_388,2024-12-22,Workshop,Google Search,440.88,184.7,Completed
ORD_7465,CUST_766,2024-11-24,Partner Offer,TikTok,106.75,44.15,Completed
ORD_7466,CUST_116,2024-06-18,Creative Studio,Instagram,71.2,43.44,Completed
ORD_7467,CUST_794,2025-04-10,Partner Offer,Instagram,468.53,182.82,Completed
ORD_7468,CUST_1024,2024-07-21,Event Ticket,Instagram,298.02,138.61,Completed
ORD_7469,CUST_1063,2025-03-11,Partner Offer,Referral,64.33,24.71,Completed
ORD_7470,CUST_1014,2025-04-28,Workshop,Instagram,402.47,152.62,Completed
ORD_7471,CUST_1353,2024-04-28,Workshop,Instagram,371.57,249.85,Completed
ORD_7472,CUST_661,2024-03-03,Corporate Package,TikTok,295.29,91.6,Completed
ORD_7473,CUST_1214,2024-05-19,Partner Offer,TikTok,171.47,97.18,Completed
ORD_7474,CUST_1161,2024-12-18,Creative Studio,Partnership,35.05,22.97,Completed
ORD_7475,CUST_1255,2024-01-15,Membership,TikTok,154.47,88.59,Completed
ORD_7476,CUST_83,2024-04-04,Media Package,TikTok,60.6,42.31,Refunded
ORD_7477,CUST_613,2025-06-16,Corporate Package,Google Search,163.1,98.92,Completed
ORD_7478,CUST_420,2024-03-03,Event Ticket,Referral,49.44,32.83,Completed
ORD_7479,CUST_417,2025-03-18,Corporate Package,Event Walk-in,149.56,88.09,Completed
ORD_7480,CUST_1462,2024-06-18,Creative Studio,Referral,36.03,11.33,Completed
ORD_7481,CUST_8,2024-09-25,Workshop,Referral,53.42,32.36,Completed
ORD_7482,CUST_1246,2024-01-19,Media Package,Instagram,136.59,60.15,Completed
ORD_7483,CUST_1314,2024-12-06,Partner Offer,Google Search,224.55,103.84,Completed
ORD_7484,CUST_377,2024-07-09,Corporate Package,Google Search,249.83,106.54,Completed
ORD_7485,CUST_1079,2024-03-07,Creative Studio,Referral,342.44,226.9,Refunded
ORD_7486,CUST_1407,2024-02-06,Creative Studio,Referral,272.2,141.47,Completed
ORD_7487,CUST_908,2025-03-20,Creative Studio,TikTok,218.62,68.75,Completed
ORD_7488,CUST_887,2025-04-17,Corporate Package,Instagram,305.91,122.62,Completed
ORD_7489,CUST_1124,2025-05-10,Membership,TikTok,221.66,119.22,Completed
ORD_7490,CUST_1212,2024-06-23,Media Package,Partnership,379.03,115.16,Completed
ORD_7491,CUST_895,2024-04-07,Creative Studio,Google Search,96.25,54.81,Completed
ORD_7492,CUST_756,2024-08-16,Creative Studio,Instagram,296.96,156.23,Cancelled
ORD_7493,CUST_853,2025-01-02,Membership,Instagram,197.5,121.12,Completed
ORD_7494,CUST_896,2024-10-31,Partner Offer,Referral,29.62,9.66,Completed
ORD_7495,CUST_17,2024-05-21,Media Package,Instagram,119.69,42.71,Completed
ORD_7496,CUST_54,2025-06-01,Workshop,Referral,394.68,220.18,Completed
ORD_7497,CUST_760,2024-08-02,Event Ticket,Partnership,386.18,118.53,Completed
ORD_7498,CUST_13,2024-06-29,Partner Offer,LinkedIn,392.9,194.94,Refunded
ORD_7499,CUST_198,2025-05-30,Creative Studio,Event Walk-in,217.56,109.29,Completed
ORD_7500,CUST_886,2024-02-14,Corporate Package,Referral,176.27,82.42,Completed
ORD_7501,CUST_1388,2024-09-21,Creative Studio,Instagram,283.97,127.22,Completed
ORD_7502,CUST_1185,2024-01-10,Membership,TikTok,234.72,86.31,Completed
ORD_7503,CUST_497,2024-02-23,Creative Studio,Referral,424.59,157.18,Completed
ORD_7504,CUST_149,2025-01-01,Media Package,Referral,391.07,245.1,Completed
ORD_7505,CUST_1113,2025-01-08,Event Ticket,TikTok,312.78,187.29,Completed
ORD_7506,CUST_911,2025-04-27,Corporate Package,TikTok,310.49,164.34,Completed
ORD_7507,CUST_293,2024-09-06,Partner Offer,Instagram,283.74,102.97,Completed
ORD_7508,CUST_718,2024-12-19,Event Ticket,Partnership,259.54,161.18,Completed
ORD_7509,CUST_317,2024-10-30,Partner Offer,Referral,230.65,144.5,Completed
ORD_7510,CUST_111,2024-11-04,Partner Offer,Partnership,404.35,249.41,Refunded
ORD_7511,CUST_1010,2024-05-23,Partner Offer,LinkedIn,297.32,91.03,Completed
ORD_7512,CUST_115,2025-01-15,Creative Studio,Partnership,330.44,223.26,Completed
ORD_7513,CUST_1260,2024-10-03,Workshop,Referral,483.37,324.21,Completed
ORD_7514,CUST_118,2025-06-22,Membership,Google Search,446.66,157.81,Completed
ORD_7515,CUST_754,2024-04-10,Partner Offer,TikTok,467.58,179.34,Completed
ORD_7516,CUST_1494,2024-10-18,Workshop,Referral,425.73,181.66,Completed
ORD_7517,CUST_970,2024-10-03,Membership,TikTok,42.11,15.0,Completed
ORD_7518,CUST_951,2025-06-09,Membership,TikTok,30.53,13.69,Completed
ORD_7519,CUST_161,2024-12-09,Corporate Package,LinkedIn,425.29,277.92,Completed
ORD_7520,CUST_492,2025-04-15,Partner Offer,LinkedIn,498.61,186.98,Completed
ORD_7521,CUST_1434,2025-03-24,Workshop,Referral,378.0,223.32,Completed
ORD_7522,CUST_977,2025-02-24,Corporate Package,Google Search,387.5,231.14,Completed
ORD_7523,CUST_713,2024-10-11,Workshop,Google Search,440.01,139.07,Refunded
ORD_7524,CUST_1120,2024-12-15,Event Ticket,Partnership,379.48,119.27,Completed
ORD_7525,CUST_429,2024-11-07,Media Package,Event Walk-in,60.79,38.96,Completed
ORD_7526,CUST_661,2025-01-23,Corporate Package,TikTok,166.3,112.33,Completed
ORD_7527,CUST_541,2025-03-20,Membership,LinkedIn,134.32,71.67,Completed
ORD_7528,CUST_959,2024-06-21,Workshop,Referral,251.47,130.58,Completed
ORD_7529,CUST_380,2024-03-06,Event Ticket,LinkedIn,467.88,308.45,Cancelled
ORD_7530,CUST_1489,2024-12-10,Corporate Package,Google Search,392.04,131.86,Completed
ORD_7531,CUST_1317,2024-06-13,Creative Studio,Event Walk-in,449.77,139.96,Completed
ORD_7532,CUST_1313,2024-04-17,Event Ticket,Referral,195.5,104.54,Refunded
ORD_7533,CUST_280,2025-05-31,Workshop,Partnership,334.22,212.73,Completed
ORD_7534,CUST_1444,2024-10-16,Media Package,Partnership,187.28,57.44,Completed
ORD_7535,CUST_1448,2024-04-17,Event Ticket,LinkedIn,80.21,35.4,Completed
ORD_7536,CUST_1008,2025-01-20,Creative Studio,LinkedIn,156.84,99.21,Completed
ORD_7537,CUST_1023,2025-01-12,Media Package,LinkedIn,289.84,90.57,Completed
ORD_7538,CUST_942,2025-03-12,Partner Offer,Referral,118.99,74.41,Completed
ORD_7539,CUST_907,2024-02-19,Corporate Package,TikTok,213.82,98.41,Completed
ORD_7540,CUST_1475,2024-07-16,Membership,Google Search,70.82,45.05,Completed
ORD_7541,CUST_947,2024-02-11,Event Ticket,Partnership,108.97,40.43,Completed
ORD_7542,CUST_1094,2024-10-29,Event Ticket,LinkedIn,429.14,205.26,Completed
ORD_7543,CUST_82,2025-01-08,Partner Offer,Google Search,343.89,179.76,Cancelled
ORD_7544,CUST_1120,2024-12-03,Corporate Package,Partnership,133.25,71.66,Completed
ORD_7545,CUST_816,2024-10-19,Partner Offer,LinkedIn,211.54,135.99,Completed
ORD_7546,CUST_1067,2025-02-03,Corporate Package,Instagram,418.16,145.91,Refunded
ORD_7547,CUST_1323,2024-08-03,Creative Studio,Partnership,130.61,83.45,Completed
ORD_7548,CUST_128,2024-05-29,Corporate Package,Partnership,37.16,22.71,Completed
ORD_7549,CUST_742,2025-01-27,Partner Offer,Google Search,353.73,169.07,Completed
ORD_7550,CUST_677,2025-04-30,Partner Offer,LinkedIn,390.18,117.98,Completed
ORD_7551,CUST_1114,2024-04-13,Corporate Package,TikTok,66.0,29.71,Completed
ORD_7552,CUST_1048,2025-03-09,Partner Offer,Referral,214.51,146.08,Completed
ORD_7553,CUST_1289,2025-02-06,Partner Offer,Referral,491.31,174.96,Completed
ORD_7554,CUST_1120,2025-04-19,Media Package,Partnership,136.08,41.02,Completed
ORD_7555,CUST_107,2025-02-10,Membership,LinkedIn,497.0,257.64,Completed
ORD_7556,CUST_1285,2025-01-01,Creative Studio,Instagram,422.5,139.93,Completed
ORD_7557,CUST_1094,2024-04-27,Media Package,LinkedIn,363.05,133.64,Completed
ORD_7558,CUST_473,2024-02-27,Media Package,Partnership,314.95,114.46,Completed
ORD_7559,CUST_1035,2025-02-22,Media Package,Event Walk-in,27.34,16.0,Completed
ORD_7560,CUST_52,2024-08-18,Workshop,LinkedIn,82.17,33.58,Refunded
ORD_7561,CUST_569,2024-07-07,Creative Studio,Partnership,261.41,179.45,Refunded
ORD_7562,CUST_51,2025-02-20,Membership,LinkedIn,421.91,134.14,Completed
ORD_7563,CUST_463,2024-10-17,Membership,TikTok,60.67,27.33,Completed
ORD_7564,CUST_1038,2024-06-25,Workshop,Event Walk-in,351.6,139.63,Refunded
ORD_7565,CUST_736,2024-03-26,Creative Studio,Instagram,23.11,9.85,Completed
ORD_7566,CUST_964,2025-06-23,Membership,LinkedIn,186.17,115.77,Cancelled
ORD_7567,CUST_563,2024-10-18,Media Package,LinkedIn,129.07,64.42,Completed
ORD_7568,CUST_1070,2024-10-23,Event Ticket,Partnership,468.26,172.63,Completed
ORD_7569,CUST_657,2024-08-08,Membership,TikTok,224.79,76.95,Completed
ORD_7570,CUST_754,2025-02-28,Corporate Package,TikTok,246.55,97.17,Refunded
ORD_7571,CUST_1172,2024-04-28,Event Ticket,Event Walk-in,142.7,72.84,Cancelled
ORD_7572,CUST_988,2025-03-11,Media Package,TikTok,347.05,127.71,Completed
ORD_7573,CUST_50,2024-02-16,Creative Studio,Google Search,308.93,202.41,Completed
ORD_7574,CUST_1437,2024-12-08,Event Ticket,Google Search,26.88,13.79,Completed
ORD_7575,CUST_932,2024-04-12,Media Package,Event Walk-in,468.14,304.34,Completed
ORD_7576,CUST_577,2025-01-06,Creative Studio,Event Walk-in,159.01,79.42,Completed
ORD_7577,CUST_261,2024-02-26,Corporate Package,Event Walk-in,42.06,23.13,Completed
ORD_7578,CUST_251,2024-04-21,Workshop,Instagram,180.22,120.24,Completed
ORD_7579,CUST_1124,2025-01-26,Creative Studio,TikTok,169.59,105.3,Completed
ORD_7580,CUST_108,2025-05-20,Media Package,Google Search,168.02,63.53,Completed
ORD_7581,CUST_770,2025-06-19,Corporate Package,LinkedIn,209.29,120.39,Cancelled
ORD_7582,CUST_412,2025-04-07,Media Package,Event Walk-in,408.66,207.62,Completed
ORD_7583,CUST_189,2024-01-27,Membership,Partnership,471.21,186.33,Refunded
ORD_7584,CUST_393,2024-07-26,Corporate Package,TikTok,97.26,51.16,Completed
ORD_7585,CUST_1143,2024-10-16,Membership,LinkedIn,473.44,164.26,Completed
ORD_7586,CUST_236,2025-03-17,Media Package,Referral,25.91,17.55,Completed
ORD_7587,CUST_1299,2025-05-26,Event Ticket,Instagram,237.47,151.78,Refunded
ORD_7588,CUST_886,2024-05-25,Event Ticket,Referral,73.09,39.15,Completed
ORD_7589,CUST_653,2025-02-23,Media Package,Event Walk-in,268.53,148.58,Completed
ORD_7590,CUST_739,2024-12-10,Media Package,TikTok,176.57,104.79,Completed
ORD_7591,CUST_130,2024-08-25,Workshop,Instagram,255.11,81.6,Completed
ORD_7592,CUST_414,2024-02-15,Media Package,Referral,304.92,174.97,Refunded
ORD_7593,CUST_1148,2025-05-24,Corporate Package,Instagram,139.63,66.28,Completed
ORD_7594,CUST_931,2024-06-16,Partner Offer,TikTok,256.6,93.2,Completed
ORD_7595,CUST_1211,2025-02-27,Creative Studio,TikTok,256.89,81.62,Completed
ORD_7596,CUST_79,2025-02-26,Event Ticket,Partnership,368.52,239.65,Refunded
ORD_7597,CUST_416,2025-04-15,Corporate Package,Instagram,405.31,220.81,Completed
ORD_7598,CUST_885,2024-12-27,Corporate Package,Google Search,374.39,257.48,Completed
ORD_7599,CUST_197,2025-04-25,Corporate Package,Referral,489.41,164.66,Completed
ORD_7600,CUST_467,2024-09-18,Event Ticket,LinkedIn,236.59,114.78,Refunded
ORD_7601,CUST_468,2024-06-10,Media Package,Referral,417.31,182.17,Completed
ORD_7602,CUST_30,2024-05-10,Partner Offer,TikTok,181.02,84.76,Completed
ORD_7603,CUST_694,2024-09-18,Partner Offer,LinkedIn,132.61,55.19,Refunded
ORD_7604,CUST_1358,2025-04-04,Membership,Referral,168.67,52.79,Completed
ORD_7605,CUST_965,2024-09-25,Workshop,Google Search,302.04,176.28,Cancelled
ORD_7606,CUST_1209,2025-04-11,Media Package,TikTok,440.96,156.32,Completed
ORD_7607,CUST_579,2024-07-07,Media Package,Partnership,445.62,273.64,Completed
ORD_7608,CUST_1112,2025-06-21,Corporate Package,Google Search,440.92,277.41,Completed
ORD_7609,CUST_961,2024-12-14,Corporate Package,Event Walk-in,108.16,37.88,Completed
ORD_7610,CUST_344,2024-03-13,Workshop,Google Search,197.51,73.81,Completed
ORD_7611,CUST_556,2025-06-15,Corporate Package,Referral,182.29,85.47,Completed
ORD_7612,CUST_1344,2025-05-17,Event Ticket,Google Search,412.28,157.6,Completed
ORD_7613,CUST_630,2024-09-01,Corporate Package,Referral,335.58,176.82,Completed
ORD_7614,CUST_1307,2025-02-07,Partner Offer,LinkedIn,97.89,34.32,Completed
ORD_7615,CUST_1252,2025-05-09,Event Ticket,Google Search,441.81,213.1,Completed
ORD_7616,CUST_1017,2024-09-11,Corporate Package,LinkedIn,368.92,177.09,Cancelled
ORD_7617,CUST_22,2024-02-11,Workshop,Partnership,245.79,108.96,Completed
ORD_7618,CUST_1146,2024-03-29,Workshop,TikTok,429.11,153.16,Completed
ORD_7619,CUST_1376,2025-01-29,Event Ticket,Referral,477.96,203.71,Completed
ORD_7620,CUST_605,2025-02-16,Corporate Package,LinkedIn,378.74,175.01,Completed
ORD_7621,CUST_427,2025-01-07,Media Package,Partnership,247.79,100.86,Completed
ORD_7622,CUST_1471,2024-03-29,Event Ticket,Instagram,299.29,200.16,Completed
ORD_7623,CUST_74,2024-07-17,Event Ticket,Event Walk-in,26.0,10.16,Refunded
ORD_7624,CUST_497,2025-03-27,Partner Offer,Referral,457.33,187.13,Completed
ORD_7625,CUST_651,2025-01-29,Membership,Partnership,317.92,133.7,Completed
ORD_7626,CUST_1125,2024-01-29,Creative Studio,LinkedIn,437.62,276.68,Completed
ORD_7627,CUST_507,2024-10-30,Partner Offer,Instagram,497.66,226.46,Completed
ORD_7628,CUST_789,2025-02-02,Event Ticket,Event Walk-in,298.03,179.75,Completed
ORD_7629,CUST_47,2024-04-10,Membership,Partnership,197.1,109.11,Completed
ORD_7630,CUST_782,2025-02-10,Membership,LinkedIn,257.76,108.39,Completed
ORD_7631,CUST_1062,2025-06-22,Creative Studio,Partnership,160.82,97.74,Completed
ORD_7632,CUST_1031,2025-03-05,Event Ticket,Partnership,264.77,168.71,Completed
ORD_7633,CUST_1319,2024-01-14,Creative Studio,Event Walk-in,421.19,141.05,Completed
ORD_7634,CUST_934,2024-01-21,Workshop,Instagram,105.72,65.22,Completed
ORD_7635,CUST_75,2024-01-07,Creative Studio,Referral,380.74,251.92,Completed
ORD_7636,CUST_461,2025-05-04,Creative Studio,Event Walk-in,157.37,89.89,Cancelled
ORD_7637,CUST_1349,2025-06-19,Corporate Package,TikTok,137.62,57.77,Completed
ORD_7638,CUST_60,2025-01-03,Workshop,LinkedIn,304.46,146.78,Completed
ORD_7639,CUST_616,2024-09-16,Partner Offer,Event Walk-in,273.28,115.08,Completed
ORD_7640,CUST_952,2024-02-24,Membership,Event Walk-in,362.54,146.64,Completed
ORD_7641,CUST_1070,2024-09-06,Workshop,Partnership,478.94,210.48,Completed
ORD_7642,CUST_243,2024-08-08,Workshop,Google Search,157.34,105.11,Completed
ORD_7643,CUST_1484,2024-05-25,Media Package,LinkedIn,117.59,55.2,Completed
ORD_7644,CUST_1385,2024-08-23,Creative Studio,LinkedIn,67.7,43.25,Completed
ORD_7645,CUST_1139,2024-09-26,Corporate Package,Event Walk-in,377.98,223.8,Completed
ORD_7646,CUST_997,2024-01-24,Creative Studio,Referral,89.96,30.37,Refunded
ORD_7647,CUST_1274,2025-03-24,Partner Offer,Instagram,197.12,119.68,Completed
ORD_7648,CUST_479,2024-03-04,Event Ticket,LinkedIn,156.43,99.45,Completed
ORD_7649,CUST_1113,2024-11-26,Membership,TikTok,497.08,192.89,Completed
ORD_7650,CUST_728,2024-10-10,Corporate Package,Partnership,236.21,71.19,Completed
ORD_7651,CUST_377,2025-03-31,Corporate Package,Google Search,439.77,196.97,Completed
ORD_7652,CUST_1452,2024-10-29,Creative Studio,Google Search,187.3,91.24,Completed
ORD_7653,CUST_169,2025-02-15,Media Package,Partnership,126.1,66.74,Completed
ORD_7654,CUST_605,2024-08-07,Event Ticket,LinkedIn,75.15,22.99,Completed
ORD_7655,CUST_1049,2024-05-21,Workshop,Event Walk-in,109.88,55.4,Refunded
ORD_7656,CUST_142,2025-02-25,Membership,LinkedIn,107.46,74.16,Completed
ORD_7657,CUST_1227,2025-03-21,Membership,LinkedIn,314.26,137.54,Refunded
ORD_7658,CUST_1330,2025-04-16,Membership,Referral,244.84,113.45,Completed
ORD_7659,CUST_334,2024-07-22,Partner Offer,Instagram,148.51,74.61,Completed
ORD_7660,CUST_127,2024-12-26,Media Package,Referral,55.77,38.82,Completed
ORD_7661,CUST_399,2024-09-12,Media Package,Event Walk-in,497.76,226.86,Completed
ORD_7662,CUST_1173,2024-12-07,Media Package,LinkedIn,396.99,172.41,Completed
ORD_7663,CUST_920,2024-03-02,Partner Offer,LinkedIn,332.52,209.93,Completed
ORD_7664,CUST_716,2024-02-04,Partner Offer,Google Search,201.54,66.83,Completed
ORD_7665,CUST_260,2024-10-03,Membership,TikTok,201.74,81.65,Completed
ORD_7666,CUST_739,2025-03-14,Membership,TikTok,194.52,69.28,Completed
ORD_7667,CUST_346,2024-07-24,Corporate Package,Referral,492.41,302.76,Completed
ORD_7668,CUST_1422,2024-07-07,Event Ticket,Instagram,270.05,153.95,Refunded
ORD_7669,CUST_512,2024-09-25,Partner Offer,Referral,432.67,172.26,Completed
ORD_7670,CUST_934,2025-01-13,Media Package,Instagram,275.9,125.9,Completed
ORD_7671,CUST_82,2024-06-26,Event Ticket,Google Search,411.98,141.0,Refunded
ORD_7672,CUST_504,2024-11-26,Media Package,LinkedIn,370.75,118.74,Completed
ORD_7673,CUST_1402,2024-05-11,Partner Offer,TikTok,97.48,40.77,Completed
ORD_7674,CUST_964,2025-03-11,Event Ticket,LinkedIn,445.46,178.9,Completed
ORD_7675,CUST_1106,2024-07-10,Workshop,Partnership,156.47,53.01,Completed
ORD_7676,CUST_1192,2024-05-16,Partner Offer,Referral,487.01,293.43,Completed
ORD_7677,CUST_390,2025-06-07,Media Package,Partnership,66.66,35.56,Completed
ORD_7678,CUST_939,2024-09-15,Creative Studio,Referral,486.59,185.11,Completed
ORD_7679,CUST_1361,2024-12-01,Partner Offer,Instagram,314.96,180.77,Completed
ORD_7680,CUST_565,2024-05-02,Corporate Package,LinkedIn,464.11,160.52,Completed
ORD_7681,CUST_322,2025-04-26,Media Package,TikTok,143.5,94.7,Completed
ORD_7682,CUST_1198,2024-02-26,Media Package,Event Walk-in,483.24,307.08,Completed
ORD_7683,CUST_108,2025-01-29,Event Ticket,Google Search,310.58,100.86,Completed
ORD_7684,CUST_33,2025-03-22,Media Package,Partnership,479.5,236.44,Completed
ORD_7685,CUST_663,2024-08-21,Corporate Package,LinkedIn,323.04,209.85,Refunded
ORD_7686,CUST_110,2024-08-19,Creative Studio,TikTok,368.62,130.59,Completed
ORD_7687,CUST_245,2025-05-19,Event Ticket,Referral,347.14,203.69,Completed
ORD_7688,CUST_73,2024-04-25,Partner Offer,Partnership,441.67,256.43,Completed
ORD_7689,CUST_1238,2025-03-11,Membership,Event Walk-in,371.85,199.1,Completed
ORD_7690,CUST_1323,2024-01-20,Media Package,Partnership,44.55,27.18,Completed
ORD_7691,CUST_253,2024-03-24,Event Ticket,Referral,24.85,8.65,Completed
ORD_7692,CUST_1227,2024-03-21,Partner Offer,LinkedIn,245.99,122.79,Completed
ORD_7693,CUST_1273,2024-06-16,Membership,Partnership,58.01,38.56,Completed
ORD_7694,CUST_688,2024-07-13,Event Ticket,Event Walk-in,135.13,50.77,Completed
ORD_7695,CUST_65,2025-02-12,Media Package,Instagram,497.57,187.25,Completed
ORD_7696,CUST_1264,2025-05-30,Creative Studio,LinkedIn,238.54,112.87,Completed
ORD_7697,CUST_668,2024-02-10,Workshop,LinkedIn,404.92,194.34,Completed
ORD_7698,CUST_259,2024-02-13,Membership,Event Walk-in,324.81,141.51,Completed
ORD_7699,CUST_1347,2024-07-31,Corporate Package,TikTok,236.04,159.43,Completed
ORD_7700,CUST_1217,2024-05-11,Event Ticket,Referral,40.65,15.32,Completed
ORD_7701,CUST_1442,2025-06-03,Corporate Package,Google Search,50.09,20.13,Completed
ORD_7702,CUST_1125,2025-06-23,Corporate Package,LinkedIn,321.02,223.0,Completed
ORD_7703,CUST_1229,2024-05-19,Creative Studio,LinkedIn,290.16,148.3,Refunded
ORD_7704,CUST_375,2024-12-04,Partner Offer,Google Search,138.01,53.01,Cancelled
ORD_7705,CUST_1261,2024-04-12,Corporate Package,Partnership,172.41,88.36,Completed
ORD_7706,CUST_343,2025-03-17,Workshop,Referral,91.91,60.44,Completed
ORD_7707,CUST_10,2024-08-16,Workshop,Referral,429.61,246.92,Completed
ORD_7708,CUST_1172,2024-03-07,Creative Studio,Event Walk-in,310.12,110.38,Completed
ORD_7709,CUST_227,2025-01-21,Media Package,Referral,20.66,10.3,Completed
ORD_7710,CUST_139,2025-06-24,Media Package,Event Walk-in,496.27,176.53,Completed
ORD_7711,CUST_368,2024-09-27,Media Package,TikTok,126.12,75.1,Completed
ORD_7712,CUST_324,2025-05-09,Media Package,Google Search,55.69,22.5,Refunded
ORD_7713,CUST_350,2025-02-12,Workshop,Partnership,131.54,41.62,Completed
ORD_7714,CUST_549,2024-07-31,Event Ticket,Google Search,26.25,13.01,Cancelled
ORD_7715,CUST_1468,2025-05-14,Membership,Instagram,386.01,193.39,Completed
ORD_7716,CUST_1092,2024-09-02,Workshop,Instagram,226.93,140.23,Cancelled
ORD_7717,CUST_432,2025-05-20,Creative Studio,Referral,167.65,101.86,Completed
ORD_7718,CUST_597,2024-10-02,Membership,Partnership,68.93,44.37,Completed
ORD_7719,CUST_250,2024-12-15,Event Ticket,Event Walk-in,41.71,19.57,Completed
ORD_7720,CUST_300,2024-06-20,Creative Studio,LinkedIn,282.56,122.17,Completed
ORD_7721,CUST_1234,2024-02-01,Creative Studio,Google Search,266.36,99.93,Completed
ORD_7722,CUST_899,2024-12-11,Partner Offer,TikTok,319.65,181.57,Completed
ORD_7723,CUST_322,2024-06-16,Workshop,TikTok,354.76,225.94,Completed
ORD_7724,CUST_823,2025-06-08,Workshop,Event Walk-in,287.11,129.77,Cancelled
ORD_7725,CUST_966,2024-09-17,Membership,Google Search,45.3,23.83,Completed
ORD_7726,CUST_1394,2024-09-29,Membership,Instagram,366.32,220.02,Refunded
ORD_7727,CUST_118,2024-02-15,Creative Studio,Google Search,342.96,199.66,Completed
ORD_7728,CUST_1404,2025-04-11,Partner Offer,Google Search,40.24,22.19,Completed
ORD_7729,CUST_728,2024-09-27,Corporate Package,Partnership,462.95,171.9,Completed
ORD_7730,CUST_500,2025-06-07,Membership,Partnership,149.88,50.91,Completed
ORD_7731,CUST_967,2024-05-02,Workshop,Partnership,95.14,53.33,Completed
ORD_7732,CUST_810,2025-03-11,Partner Offer,Event Walk-in,327.0,107.85,Completed
ORD_7733,CUST_861,2024-01-30,Partner Offer,Partnership,370.35,249.88,Completed
ORD_7734,CUST_224,2025-01-11,Partner Offer,Instagram,390.08,125.06,Completed
ORD_7735,CUST_97,2024-08-13,Workshop,TikTok,149.2,51.19,Completed
ORD_7736,CUST_404,2025-01-04,Partner Offer,TikTok,238.54,146.02,Completed
ORD_7737,CUST_965,2025-03-09,Partner Offer,Google Search,50.47,26.62,Completed
ORD_7738,CUST_1077,2024-01-30,Partner Offer,LinkedIn,425.37,289.9,Completed
ORD_7739,CUST_981,2024-09-15,Membership,Event Walk-in,60.03,35.64,Completed
ORD_7740,CUST_876,2025-06-11,Membership,Referral,302.76,144.1,Completed
ORD_7741,CUST_1193,2025-02-25,Partner Offer,LinkedIn,255.04,129.54,Cancelled
ORD_7742,CUST_362,2024-10-25,Corporate Package,TikTok,89.15,47.45,Completed
ORD_7743,CUST_1297,2025-06-22,Corporate Package,Instagram,85.05,28.21,Completed
ORD_7744,CUST_1472,2024-11-03,Corporate Package,Google Search,60.29,24.3,Completed
ORD_7745,CUST_1350,2024-08-09,Partner Offer,TikTok,495.24,153.11,Completed
ORD_7746,CUST_1428,2024-01-09,Corporate Package,Google Search,301.7,141.55,Completed
ORD_7747,CUST_1483,2025-02-24,Membership,Partnership,25.69,15.85,Completed
ORD_7748,CUST_563,2024-03-22,Corporate Package,LinkedIn,229.72,114.67,Completed
ORD_7749,CUST_555,2025-05-29,Event Ticket,Referral,309.63,205.59,Completed
ORD_7750,CUST_221,2025-03-30,Corporate Package,Referral,47.19,27.49,Completed
ORD_7751,CUST_95,2024-03-04,Creative Studio,Event Walk-in,324.91,116.1,Completed
ORD_7752,CUST_345,2024-11-13,Creative Studio,LinkedIn,88.63,37.15,Completed
ORD_7753,CUST_163,2024-05-14,Workshop,Event Walk-in,128.3,72.62,Completed
ORD_7754,CUST_845,2025-06-11,Membership,TikTok,343.64,186.21,Refunded
ORD_7755,CUST_1433,2024-04-20,Creative Studio,Referral,44.8,13.66,Completed
ORD_7756,CUST_1003,2025-04-03,Creative Studio,LinkedIn,305.85,184.7,Completed
ORD_7757,CUST_1486,2024-06-26,Event Ticket,Instagram,417.26,215.15,Completed
ORD_7758,CUST_1271,2024-07-26,Event Ticket,Instagram,158.53,54.0,Completed
ORD_7759,CUST_1343,2024-02-10,Creative Studio,Partnership,240.81,154.84,Completed
ORD_7760,CUST_891,2025-05-07,Media Package,LinkedIn,467.8,186.27,Completed
ORD_7761,CUST_1265,2025-02-13,Partner Offer,Event Walk-in,285.57,186.63,Completed
ORD_7762,CUST_143,2024-09-20,Partner Offer,LinkedIn,348.37,175.38,Completed
ORD_7763,CUST_1080,2024-10-13,Partner Offer,Partnership,219.82,138.1,Completed
ORD_7764,CUST_410,2024-11-26,Corporate Package,LinkedIn,119.12,80.89,Completed
ORD_7765,CUST_1104,2024-09-23,Event Ticket,Partnership,388.15,157.75,Completed
ORD_7766,CUST_1386,2025-04-08,Partner Offer,TikTok,314.3,133.07,Completed
ORD_7767,CUST_62,2024-05-01,Event Ticket,Instagram,65.66,28.32,Completed
ORD_7768,CUST_497,2025-02-25,Membership,Referral,65.45,26.13,Refunded
ORD_7769,CUST_1237,2025-02-25,Membership,Partnership,103.2,47.42,Completed
ORD_7770,CUST_1426,2025-03-09,Membership,Google Search,370.31,128.44,Refunded
ORD_7771,CUST_899,2024-02-02,Membership,TikTok,129.28,42.54,Refunded
ORD_7772,CUST_620,2024-12-14,Partner Offer,LinkedIn,285.38,151.3,Completed
ORD_7773,CUST_1397,2025-05-19,Workshop,Partnership,197.73,61.88,Completed
ORD_7774,CUST_770,2024-12-11,Partner Offer,LinkedIn,365.6,177.65,Completed
ORD_7775,CUST_10,2025-05-07,Workshop,Referral,64.71,38.08,Completed
ORD_7776,CUST_554,2025-02-04,Media Package,LinkedIn,26.78,15.09,Refunded
ORD_7777,CUST_1385,2025-03-12,Partner Offer,LinkedIn,41.78,18.3,Completed
ORD_7778,CUST_1106,2024-08-12,Membership,Partnership,270.7,122.04,Refunded
ORD_7779,CUST_1002,2024-04-23,Corporate Package,Instagram,48.27,19.82,Completed
ORD_7780,CUST_407,2024-06-19,Creative Studio,TikTok,306.94,166.38,Completed
ORD_7781,CUST_997,2025-03-15,Event Ticket,Referral,44.94,15.38,Completed
ORD_7782,CUST_160,2024-10-08,Media Package,Google Search,491.33,261.8,Completed
ORD_7783,CUST_911,2025-06-03,Partner Offer,TikTok,143.11,88.37,Refunded
ORD_7784,CUST_1487,2024-09-28,Corporate Package,Referral,417.14,182.98,Completed
ORD_7785,CUST_237,2024-12-22,Event Ticket,TikTok,343.43,185.22,Completed
ORD_7786,CUST_1439,2025-02-24,Workshop,Referral,193.38,97.58,Completed
ORD_7787,CUST_799,2024-06-11,Media Package,Partnership,150.94,92.05,Completed
ORD_7788,CUST_998,2024-05-24,Partner Offer,Instagram,486.2,280.98,Completed
ORD_7789,CUST_1107,2025-06-29,Workshop,Instagram,156.27,67.2,Completed
ORD_7790,CUST_306,2025-06-07,Membership,Partnership,403.89,246.5,Refunded
ORD_7791,CUST_480,2025-05-11,Event Ticket,Google Search,416.23,242.17,Completed
ORD_7792,CUST_631,2025-03-04,Event Ticket,TikTok,345.04,228.2,Cancelled
ORD_7793,CUST_189,2024-07-21,Membership,Partnership,296.99,113.19,Completed
ORD_7794,CUST_381,2025-06-05,Event Ticket,Partnership,118.26,61.86,Completed
ORD_7795,CUST_80,2024-09-08,Membership,TikTok,84.25,41.5,Refunded
ORD_7796,CUST_1358,2024-07-06,Membership,Referral,142.36,86.87,Completed
ORD_7797,CUST_409,2025-05-16,Creative Studio,LinkedIn,138.82,76.76,Cancelled
ORD_7798,CUST_852,2024-04-10,Event Ticket,LinkedIn,114.72,36.05,Completed
ORD_7799,CUST_303,2024-12-18,Workshop,TikTok,39.68,24.2,Completed
ORD_7800,CUST_395,2025-04-01,Event Ticket,TikTok,420.13,190.57,Completed
ORD_7801,CUST_359,2024-03-13,Event Ticket,Partnership,475.82,230.17,Completed
ORD_7802,CUST_937,2025-03-28,Media Package,Partnership,309.37,94.23,Completed
ORD_7803,CUST_881,2024-05-02,Media Package,Partnership,385.74,162.13,Completed
ORD_7804,CUST_868,2024-11-19,Workshop,Event Walk-in,227.15,143.76,Cancelled
ORD_7805,CUST_683,2025-06-20,Event Ticket,Google Search,26.25,14.68,Completed
ORD_7806,CUST_158,2025-02-15,Membership,LinkedIn,420.2,238.82,Completed
ORD_7807,CUST_455,2025-04-20,Workshop,Instagram,135.12,71.51,Completed
ORD_7808,CUST_1458,2024-04-23,Event Ticket,Partnership,473.09,221.13,Completed
ORD_7809,CUST_1460,2024-03-08,Workshop,Google Search,118.63,73.37,Completed
ORD_7810,CUST_936,2024-08-24,Corporate Package,TikTok,316.95,198.05,Completed
ORD_7811,CUST_1139,2024-10-01,Event Ticket,Event Walk-in,324.3,164.36,Completed
ORD_7812,CUST_837,2025-03-20,Corporate Package,TikTok,319.7,155.06,Completed
ORD_7813,CUST_259,2024-02-16,Corporate Package,Event Walk-in,452.79,194.16,Completed
ORD_7814,CUST_1242,2024-08-18,Creative Studio,Event Walk-in,210.08,79.06,Completed
ORD_7815,CUST_289,2025-04-20,Creative Studio,Referral,434.43,286.85,Completed
ORD_7816,CUST_709,2024-08-05,Creative Studio,Google Search,308.69,123.77,Completed
ORD_7817,CUST_1318,2024-03-03,Partner Offer,LinkedIn,408.41,164.23,Refunded
ORD_7818,CUST_61,2025-06-05,Partner Offer,Instagram,443.79,254.96,Completed
ORD_7819,CUST_265,2024-10-24,Membership,Event Walk-in,353.71,169.18,Completed
ORD_7820,CUST_566,2024-11-02,Workshop,Google Search,169.16,110.7,Completed
ORD_7821,CUST_49,2024-09-14,Workshop,Google Search,62.24,34.18,Completed
ORD_7822,CUST_493,2025-05-22,Media Package,Event Walk-in,480.01,153.52,Refunded
ORD_7823,CUST_1263,2024-12-13,Media Package,LinkedIn,116.27,42.64,Completed
ORD_7824,CUST_1006,2024-08-20,Partner Offer,TikTok,462.63,210.75,Completed
ORD_7825,CUST_1174,2025-02-22,Workshop,LinkedIn,311.4,97.27,Completed
ORD_7826,CUST_1306,2024-11-15,Creative Studio,TikTok,170.8,105.49,Cancelled
ORD_7827,CUST_1291,2024-08-05,Partner Offer,Referral,214.71,149.91,Completed
ORD_7828,CUST_565,2024-05-13,Corporate Package,LinkedIn,423.94,154.76,Completed
ORD_7829,CUST_1246,2024-03-30,Partner Offer,Instagram,356.42,245.11,Cancelled
ORD_7830,CUST_646,2024-07-23,Corporate Package,TikTok,254.77,90.67,Refunded
ORD_7831,CUST_679,2025-05-15,Membership,Event Walk-in,136.35,45.9,Completed
ORD_7832,CUST_1394,2024-06-26,Media Package,Instagram,347.44,176.59,Completed
ORD_7833,CUST_1205,2024-02-23,Workshop,Instagram,415.46,256.61,Completed
ORD_7834,CUST_502,2024-11-02,Creative Studio,Google Search,232.67,104.01,Completed
ORD_7835,CUST_249,2024-03-02,Partner Offer,Event Walk-in,204.56,138.41,Cancelled
ORD_7836,CUST_832,2024-01-25,Workshop,LinkedIn,204.38,123.36,Completed
ORD_7837,CUST_484,2025-04-23,Membership,Google Search,368.56,168.4,Completed
ORD_7838,CUST_1074,2024-04-21,Workshop,Google Search,221.22,120.65,Cancelled
ORD_7839,CUST_94,2024-04-05,Creative Studio,Google Search,152.2,47.01,Completed
ORD_7840,CUST_1233,2025-06-03,Media Package,Instagram,360.39,183.9,Completed
ORD_7841,CUST_663,2024-09-20,Corporate Package,LinkedIn,156.05,65.26,Completed
ORD_7842,CUST_972,2025-06-27,Partner Offer,Instagram,431.09,297.51,Completed
ORD_7843,CUST_616,2025-03-19,Event Ticket,Event Walk-in,123.5,39.27,Completed
ORD_7844,CUST_491,2024-01-13,Partner Offer,LinkedIn,73.57,31.64,Cancelled
ORD_7845,CUST_199,2024-05-31,Corporate Package,Google Search,305.57,100.28,Refunded
ORD_7846,CUST_798,2025-04-03,Event Ticket,Instagram,43.45,15.21,Completed
ORD_7847,CUST_622,2024-02-18,Media Package,Instagram,478.16,160.05,Completed
ORD_7848,CUST_558,2024-10-19,Media Package,TikTok,213.15,88.2,Cancelled
ORD_7849,CUST_426,2025-01-16,Membership,Event Walk-in,322.43,173.46,Refunded
ORD_7850,CUST_1298,2024-03-08,Corporate Package,TikTok,462.42,253.18,Completed
ORD_7851,CUST_1495,2024-05-09,Partner Offer,LinkedIn,484.53,317.91,Completed
ORD_7852,CUST_204,2025-02-19,Membership,TikTok,108.47,39.38,Completed
ORD_7853,CUST_262,2024-08-12,Media Package,Google Search,283.08,164.54,Completed
ORD_7854,CUST_1169,2024-06-05,Partner Offer,Google Search,190.89,121.44,Completed
ORD_7855,CUST_1027,2024-06-08,Corporate Package,Instagram,473.3,289.07,Cancelled
ORD_7856,CUST_1335,2024-02-08,Media Package,LinkedIn,250.94,108.95,Completed
ORD_7857,CUST_1006,2024-12-24,Creative Studio,TikTok,480.46,206.54,Completed
ORD_7858,CUST_162,2025-02-28,Corporate Package,LinkedIn,418.96,227.06,Refunded
ORD_7859,CUST_706,2025-03-06,Partner Offer,LinkedIn,326.71,168.68,Completed
ORD_7860,CUST_154,2024-07-13,Media Package,Partnership,129.47,85.51,Cancelled
ORD_7861,CUST_636,2025-03-26,Event Ticket,Partnership,109.58,60.33,Completed
ORD_7862,CUST_1059,2024-02-22,Workshop,LinkedIn,276.2,104.25,Refunded
ORD_7863,CUST_957,2025-01-18,Corporate Package,LinkedIn,94.02,45.48,Refunded
ORD_7864,CUST_94,2025-05-10,Partner Offer,Google Search,124.17,38.29,Cancelled
ORD_7865,CUST_638,2024-08-27,Workshop,Referral,335.14,127.77,Refunded
ORD_7866,CUST_331,2024-05-12,Creative Studio,Partnership,331.38,123.6,Completed
ORD_7867,CUST_657,2025-04-08,Workshop,TikTok,360.12,213.65,Completed
ORD_7868,CUST_803,2024-07-29,Media Package,Instagram,119.49,41.83,Completed
ORD_7869,CUST_412,2024-04-15,Media Package,Event Walk-in,408.34,135.77,Completed
ORD_7870,CUST_620,2024-03-14,Partner Offer,LinkedIn,143.96,72.72,Completed
ORD_7871,CUST_995,2024-12-24,Partner Offer,Google Search,290.11,101.93,Refunded
ORD_7872,CUST_792,2025-02-17,Workshop,TikTok,354.76,194.47,Completed
ORD_7873,CUST_769,2024-03-05,Corporate Package,LinkedIn,122.9,61.9,Completed
ORD_7874,CUST_447,2024-03-23,Workshop,TikTok,383.64,119.84,Completed
ORD_7875,CUST_256,2024-12-02,Partner Offer,TikTok,489.51,150.61,Completed
ORD_7876,CUST_777,2024-03-31,Creative Studio,Google Search,496.73,227.59,Completed
ORD_7877,CUST_1357,2024-05-02,Workshop,Google Search,172.09,96.21,Completed
ORD_7878,CUST_81,2025-03-15,Membership,LinkedIn,278.93,89.08,Completed
ORD_7879,CUST_639,2024-07-29,Media Package,LinkedIn,439.55,255.61,Completed
ORD_7880,CUST_94,2024-02-28,Workshop,Google Search,159.85,58.88,Completed
ORD_7881,CUST_585,2024-03-10,Workshop,Event Walk-in,150.9,65.7,Completed
ORD_7882,CUST_1136,2024-03-21,Creative Studio,TikTok,260.21,93.64,Refunded
ORD_7883,CUST_877,2024-06-30,Partner Offer,Instagram,318.76,189.41,Completed
ORD_7884,CUST_889,2024-02-20,Partner Offer,Event Walk-in,361.11,156.63,Completed
ORD_7885,CUST_795,2025-05-13,Corporate Package,Google Search,385.38,184.36,Completed
ORD_7886,CUST_585,2024-10-25,Event Ticket,Event Walk-in,383.8,222.42,Completed
ORD_7887,CUST_1030,2024-12-02,Media Package,Referral,60.0,18.34,Completed
ORD_7888,CUST_508,2024-02-09,Partner Offer,LinkedIn,371.43,227.51,Completed
ORD_7889,CUST_83,2025-03-30,Event Ticket,TikTok,471.63,297.43,Refunded
ORD_7890,CUST_307,2025-03-02,Event Ticket,LinkedIn,336.53,202.22,Refunded
ORD_7891,CUST_289,2024-11-05,Media Package,Referral,483.42,335.9,Completed
ORD_7892,CUST_938,2024-03-25,Event Ticket,Referral,432.62,167.1,Completed
ORD_7893,CUST_35,2025-04-15,Corporate Package,Referral,197.66,113.13,Completed
ORD_7894,CUST_428,2024-08-10,Media Package,Partnership,165.05,97.52,Completed
ORD_7895,CUST_1307,2025-06-02,Membership,LinkedIn,44.3,26.36,Completed
ORD_7896,CUST_846,2025-03-09,Membership,Google Search,492.88,266.54,Refunded
ORD_7897,CUST_513,2024-04-23,Corporate Package,LinkedIn,30.49,18.06,Refunded
ORD_7898,CUST_954,2024-10-08,Media Package,Instagram,65.42,30.13,Completed
ORD_7899,CUST_505,2024-04-05,Membership,Partnership,335.72,133.16,Completed
ORD_7900,CUST_1103,2024-01-19,Corporate Package,LinkedIn,377.95,140.34,Completed
ORD_7901,CUST_50,2025-02-20,Corporate Package,Google Search,480.41,286.2,Completed
ORD_7902,CUST_721,2024-06-09,Workshop,Instagram,38.44,26.77,Completed
ORD_7903,CUST_660,2025-02-01,Workshop,Google Search,85.7,52.9,Completed
ORD_7904,CUST_1405,2024-08-27,Media Package,Google Search,383.89,187.12,Completed
ORD_7905,CUST_1306,2024-04-06,Membership,TikTok,492.87,207.13,Completed
ORD_7906,CUST_977,2024-04-14,Creative Studio,Google Search,471.63,265.83,Completed
ORD_7907,CUST_1475,2025-05-26,Media Package,Google Search,478.98,222.87,Completed
ORD_7908,CUST_451,2024-05-30,Corporate Package,LinkedIn,291.91,130.4,Completed
ORD_7909,CUST_525,2025-02-07,Membership,LinkedIn,499.8,191.39,Cancelled
ORD_7910,CUST_509,2024-04-22,Event Ticket,LinkedIn,171.43,116.77,Completed
ORD_7911,CUST_494,2024-07-25,Event Ticket,Instagram,447.92,167.29,Completed
ORD_7912,CUST_201,2025-06-17,Workshop,Google Search,376.92,214.07,Completed
ORD_7913,CUST_338,2025-01-08,Workshop,Instagram,232.58,119.75,Completed
ORD_7914,CUST_993,2024-12-23,Workshop,LinkedIn,293.34,136.85,Completed
ORD_7915,CUST_191,2025-03-14,Membership,Event Walk-in,49.12,29.64,Completed
ORD_7916,CUST_785,2024-10-15,Media Package,TikTok,25.23,10.45,Completed
ORD_7917,CUST_242,2025-06-19,Partner Offer,Instagram,37.52,25.26,Completed
ORD_7918,CUST_595,2024-05-24,Creative Studio,Instagram,388.84,201.52,Completed
ORD_7919,CUST_1245,2024-05-07,Workshop,Event Walk-in,397.61,158.75,Completed
ORD_7920,CUST_320,2025-06-30,Event Ticket,LinkedIn,380.95,215.27,Completed
ORD_7921,CUST_26,2024-08-06,Workshop,Event Walk-in,170.33,94.3,Completed
ORD_7922,CUST_607,2025-05-18,Membership,Instagram,447.14,192.31,Completed
ORD_7923,CUST_128,2024-05-13,Workshop,Partnership,485.89,277.79,Completed
ORD_7924,CUST_1456,2024-08-18,Workshop,LinkedIn,132.96,84.59,Completed
ORD_7925,CUST_200,2025-04-13,Creative Studio,LinkedIn,330.15,220.19,Completed
ORD_7926,CUST_422,2024-07-27,Workshop,Instagram,403.38,208.01,Completed
ORD_7927,CUST_1345,2025-01-16,Creative Studio,LinkedIn,472.49,143.43,Completed
ORD_7928,CUST_297,2024-10-15,Event Ticket,Referral,317.28,183.4,Completed
ORD_7929,CUST_1011,2024-12-09,Corporate Package,Google Search,117.75,54.67,Completed
ORD_7930,CUST_316,2024-11-26,Creative Studio,LinkedIn,178.2,123.41,Completed
ORD_7931,CUST_1316,2024-10-29,Event Ticket,Google Search,57.08,26.67,Refunded
ORD_7932,CUST_777,2025-03-07,Partner Offer,Google Search,435.47,260.91,Completed
ORD_7933,CUST_888,2025-05-03,Event Ticket,Google Search,261.87,162.92,Completed
ORD_7934,CUST_905,2024-06-10,Corporate Package,Referral,457.51,226.08,Completed
ORD_7935,CUST_165,2024-04-30,Creative Studio,Google Search,379.77,136.05,Completed
ORD_7936,CUST_1047,2024-01-13,Corporate Package,Google Search,352.57,214.63,Completed
ORD_7937,CUST_312,2024-04-10,Media Package,Partnership,254.76,79.26,Completed
ORD_7938,CUST_295,2025-04-15,Workshop,Google Search,486.19,215.98,Completed
ORD_7939,CUST_326,2025-05-22,Partner Offer,Google Search,426.93,130.57,Completed
ORD_7940,CUST_1139,2024-07-27,Corporate Package,Event Walk-in,403.14,263.05,Completed
ORD_7941,CUST_1029,2024-01-11,Event Ticket,Referral,336.96,234.23,Completed
ORD_7942,CUST_382,2024-11-16,Partner Offer,Google Search,270.13,110.05,Cancelled
ORD_7943,CUST_1219,2024-12-16,Media Package,Referral,359.28,209.41,Completed
ORD_7944,CUST_1176,2024-05-23,Media Package,Referral,145.43,73.06,Refunded
ORD_7945,CUST_138,2024-08-23,Media Package,Instagram,457.01,143.9,Completed
ORD_7946,CUST_284,2024-07-31,Membership,Google Search,369.52,124.61,Refunded
ORD_7947,CUST_92,2024-12-19,Membership,LinkedIn,39.17,21.07,Completed
ORD_7948,CUST_1215,2024-09-18,Creative Studio,Partnership,182.08,106.17,Completed
ORD_7949,CUST_838,2025-05-02,Corporate Package,Partnership,422.81,223.16,Cancelled
ORD_7950,CUST_452,2024-06-16,Membership,Partnership,478.61,144.8,Completed
ORD_7951,CUST_105,2024-11-18,Event Ticket,Event Walk-in,257.1,162.77,Completed
ORD_7952,CUST_1335,2024-09-04,Media Package,LinkedIn,43.99,19.45,Completed
ORD_7953,CUST_1405,2024-02-17,Event Ticket,Google Search,196.67,135.17,Completed
ORD_7954,CUST_550,2024-05-27,Creative Studio,Event Walk-in,116.13,65.66,Completed
ORD_7955,CUST_312,2025-06-07,Creative Studio,Partnership,254.3,89.44,Completed
ORD_7956,CUST_1443,2024-11-15,Corporate Package,LinkedIn,475.33,187.45,Refunded
ORD_7957,CUST_1008,2024-05-17,Workshop,LinkedIn,434.57,186.76,Completed
ORD_7958,CUST_716,2024-01-18,Workshop,Google Search,103.22,40.19,Refunded
ORD_7959,CUST_54,2024-12-29,Membership,Referral,261.08,129.79,Completed
ORD_7960,CUST_472,2025-04-28,Event Ticket,Event Walk-in,101.13,58.93,Refunded
ORD_7961,CUST_702,2024-09-23,Event Ticket,Partnership,274.35,173.84,Completed
ORD_7962,CUST_253,2025-05-20,Creative Studio,Referral,367.56,183.88,Completed
ORD_7963,CUST_404,2025-02-05,Partner Offer,TikTok,189.02,78.84,Completed
ORD_7964,CUST_1019,2024-05-13,Media Package,LinkedIn,344.53,235.59,Completed
ORD_7965,CUST_1306,2025-05-17,Media Package,TikTok,349.17,187.45,Completed
ORD_7966,CUST_670,2024-09-26,Media Package,Referral,333.01,165.31,Completed
ORD_7967,CUST_566,2024-12-04,Corporate Package,Google Search,164.36,93.95,Refunded
ORD_7968,CUST_551,2024-09-06,Event Ticket,Referral,134.32,73.85,Completed
ORD_7969,CUST_326,2024-01-24,Creative Studio,Google Search,444.86,297.49,Completed
ORD_7970,CUST_356,2025-05-11,Workshop,Instagram,110.33,64.99,Completed
ORD_7971,CUST_706,2024-01-27,Creative Studio,LinkedIn,375.32,168.71,Completed
ORD_7972,CUST_1226,2024-12-01,Partner Offer,Instagram,197.95,80.67,Completed
ORD_7973,CUST_1104,2024-10-06,Workshop,Partnership,91.17,61.97,Completed
ORD_7974,CUST_189,2024-03-03,Membership,Partnership,428.41,150.32,Refunded
ORD_7975,CUST_889,2025-03-05,Corporate Package,Event Walk-in,48.7,28.64,Completed
ORD_7976,CUST_1004,2024-06-14,Media Package,TikTok,31.14,11.92,Cancelled
ORD_7977,CUST_460,2025-01-29,Event Ticket,Google Search,478.98,226.9,Completed
ORD_7978,CUST_1409,2025-01-05,Event Ticket,Instagram,181.89,112.61,Completed
ORD_7979,CUST_300,2024-04-11,Media Package,LinkedIn,434.87,213.03,Completed
ORD_7980,CUST_924,2025-01-07,Membership,Referral,306.12,122.68,Completed
ORD_7981,CUST_75,2024-04-08,Media Package,Referral,455.07,304.26,Completed
ORD_7982,CUST_604,2024-09-25,Event Ticket,LinkedIn,134.09,58.18,Completed
ORD_7983,CUST_993,2025-06-21,Creative Studio,LinkedIn,80.12,25.47,Completed
ORD_7984,CUST_1083,2025-03-28,Creative Studio,Event Walk-in,130.59,54.33,Completed
ORD_7985,CUST_1055,2024-03-17,Partner Offer,Google Search,167.78,114.3,Completed
ORD_7986,CUST_1260,2024-04-30,Creative Studio,Referral,245.41,107.89,Completed
ORD_7987,CUST_859,2024-10-24,Creative Studio,Google Search,111.75,69.67,Refunded
ORD_7988,CUST_464,2024-03-06,Media Package,TikTok,133.22,53.68,Completed
ORD_7989,CUST_1396,2024-09-06,Corporate Package,LinkedIn,288.31,130.29,Completed
ORD_7990,CUST_51,2025-06-25,Membership,LinkedIn,336.2,132.28,Completed
ORD_7991,CUST_689,2024-08-28,Media Package,Google Search,292.54,134.21,Completed
ORD_7992,CUST_774,2025-04-17,Event Ticket,Google Search,370.44,190.67,Completed
ORD_7993,CUST_826,2025-04-11,Creative Studio,LinkedIn,110.96,69.32,Completed
ORD_7994,CUST_995,2025-03-01,Workshop,Google Search,134.9,44.55,Completed
ORD_7995,CUST_1197,2025-05-17,Corporate Package,Instagram,101.25,60.07,Completed
ORD_7996,CUST_320,2024-04-08,Workshop,LinkedIn,68.18,37.99,Completed
ORD_7997,CUST_142,2025-04-15,Partner Offer,LinkedIn,358.22,152.9,Completed
ORD_7998,CUST_1126,2024-07-17,Event Ticket,Instagram,220.32,109.37,Completed
ORD_7999,CUST_48,2024-12-15,Corporate Package,Instagram,472.95,234.29,Refunded
ORD_8000,CUST_1400,2025-04-29,Partner Offer,LinkedIn,165.1,77.54,Completed
ORD_8001,CUST_429,2024-04-06,Media Package,Event Walk-in,253.0,157.93,Completed
ORD_8002,CUST_654,2024-09-15,Event Ticket,Instagram,233.3,85.42,Completed
ORD_8003,CUST_1351,2024-07-20,Partner Offer,Referral,53.67,17.78,Completed
ORD_8004,CUST_895,2024-07-28,Membership,Google Search,399.99,196.45,Completed
ORD_8005,CUST_1468,2025-02-21,Creative Studio,Instagram,243.8,120.56,Completed
ORD_8006,CUST_1323,2024-01-23,Media Package,Partnership,328.5,226.49,Completed
ORD_8007,CUST_1037,2025-05-14,Membership,Event Walk-in,37.22,23.81,Completed
ORD_8008,CUST_182,2025-05-28,Membership,Google Search,497.14,151.98,Completed
ORD_8009,CUST_466,2024-03-27,Workshop,TikTok,467.46,286.69,Completed
ORD_8010,CUST_473,2024-03-25,Corporate Package,Partnership,150.36,83.08,Refunded
ORD_8011,CUST_718,2024-07-04,Partner Offer,Partnership,31.31,17.92,Completed
ORD_8012,CUST_736,2024-06-30,Workshop,Instagram,482.46,287.3,Completed
ORD_8013,CUST_1493,2025-06-07,Corporate Package,TikTok,456.93,277.2,Completed
ORD_8014,CUST_1410,2025-03-22,Creative Studio,Event Walk-in,63.97,33.37,Completed
ORD_8015,CUST_1313,2024-06-06,Partner Offer,Referral,92.24,53.76,Refunded
ORD_8016,CUST_666,2024-02-25,Membership,TikTok,90.59,34.52,Completed
ORD_8017,CUST_439,2024-04-19,Corporate Package,Instagram,62.22,22.98,Refunded
ORD_8018,CUST_1018,2024-06-22,Corporate Package,Instagram,322.39,99.21,Completed
ORD_8019,CUST_1464,2025-06-22,Event Ticket,Partnership,305.39,141.26,Completed
ORD_8020,CUST_1447,2025-03-28,Media Package,Partnership,173.53,98.55,Completed
ORD_8021,CUST_1353,2024-07-07,Creative Studio,Instagram,381.26,169.95,Completed
ORD_8022,CUST_1428,2024-07-20,Media Package,Google Search,311.8,200.52,Completed
ORD_8023,CUST_1090,2025-03-01,Workshop,Instagram,354.8,188.22,Completed
ORD_8024,CUST_609,2024-08-15,Event Ticket,Event Walk-in,272.81,92.43,Completed
ORD_8025,CUST_1066,2024-08-13,Membership,Event Walk-in,64.4,25.64,Completed
ORD_8026,CUST_521,2024-05-21,Media Package,Partnership,140.62,53.24,Completed
ORD_8027,CUST_1413,2024-03-11,Corporate Package,Event Walk-in,330.18,122.65,Completed
ORD_8028,CUST_1054,2024-04-19,Membership,Google Search,318.53,110.19,Refunded
ORD_8029,CUST_780,2024-09-07,Event Ticket,Partnership,339.59,217.02,Completed
ORD_8030,CUST_1078,2025-06-21,Workshop,Referral,469.45,316.51,Refunded
ORD_8031,CUST_1342,2024-03-03,Partner Offer,Partnership,199.65,121.02,Completed
ORD_8032,CUST_91,2024-05-25,Membership,Event Walk-in,301.6,205.64,Completed
ORD_8033,CUST_733,2024-09-27,Corporate Package,Event Walk-in,356.67,167.63,Completed
ORD_8034,CUST_352,2025-03-01,Creative Studio,Instagram,74.87,32.12,Refunded
ORD_8035,CUST_418,2024-04-07,Event Ticket,Google Search,192.62,72.09,Completed
ORD_8036,CUST_67,2025-03-29,Partner Offer,Google Search,494.28,269.25,Completed
ORD_8037,CUST_672,2024-12-06,Membership,TikTok,158.22,95.71,Refunded
ORD_8038,CUST_1030,2024-02-18,Corporate Package,Referral,292.62,195.31,Completed
ORD_8039,CUST_674,2024-02-22,Event Ticket,Event Walk-in,27.46,16.39,Completed
ORD_8040,CUST_411,2024-03-22,Event Ticket,Partnership,51.63,15.77,Completed
ORD_8041,CUST_544,2025-04-17,Event Ticket,Google Search,159.9,99.15,Completed
ORD_8042,CUST_645,2024-01-29,Workshop,Partnership,200.34,130.53,Completed
ORD_8043,CUST_1447,2024-05-06,Event Ticket,Partnership,92.97,57.09,Cancelled
ORD_8044,CUST_1418,2024-03-05,Partner Offer,Partnership,234.65,141.21,Refunded
ORD_8045,CUST_496,2024-11-26,Event Ticket,Partnership,369.59,139.01,Completed
ORD_8046,CUST_32,2024-11-06,Event Ticket,TikTok,323.97,153.21,Completed
ORD_8047,CUST_278,2024-06-14,Corporate Package,TikTok,321.25,147.56,Refunded
ORD_8048,CUST_554,2024-03-02,Partner Offer,LinkedIn,412.72,134.24,Completed
ORD_8049,CUST_997,2024-06-19,Workshop,Referral,212.42,96.91,Completed
ORD_8050,CUST_547,2024-12-05,Event Ticket,TikTok,29.22,16.58,Cancelled
ORD_8051,CUST_915,2024-07-05,Media Package,Referral,308.7,170.06,Completed
ORD_8052,CUST_1302,2024-02-12,Membership,Partnership,495.89,290.01,Completed
ORD_8053,CUST_943,2025-05-11,Membership,Partnership,48.22,19.93,Completed
ORD_8054,CUST_275,2025-03-25,Workshop,Referral,427.87,181.38,Completed
ORD_8055,CUST_784,2024-10-18,Workshop,Instagram,84.44,37.39,Cancelled
ORD_8056,CUST_1483,2025-05-19,Event Ticket,Partnership,73.78,34.19,Completed
ORD_8057,CUST_1382,2024-02-02,Creative Studio,Referral,264.46,114.84,Completed
ORD_8058,CUST_731,2024-11-06,Event Ticket,Instagram,374.19,207.16,Completed
ORD_8059,CUST_509,2025-05-28,Partner Offer,LinkedIn,146.64,63.46,Cancelled
ORD_8060,CUST_770,2025-05-21,Creative Studio,LinkedIn,453.42,147.16,Completed
ORD_8061,CUST_1106,2024-03-06,Event Ticket,Partnership,428.55,161.19,Completed
ORD_8062,CUST_66,2024-08-20,Partner Offer,Event Walk-in,451.64,250.51,Cancelled
ORD_8063,CUST_414,2024-09-02,Creative Studio,Referral,295.43,89.98,Refunded
ORD_8064,CUST_141,2024-03-07,Partner Offer,LinkedIn,276.41,156.14,Completed
ORD_8065,CUST_794,2024-12-09,Membership,Instagram,379.01,145.65,Cancelled
ORD_8066,CUST_669,2024-07-08,Creative Studio,Partnership,64.29,41.89,Refunded
ORD_8067,CUST_821,2025-04-29,Workshop,Referral,243.81,131.46,Cancelled
ORD_8068,CUST_1149,2024-02-27,Creative Studio,Partnership,341.97,161.23,Completed
ORD_8069,CUST_135,2024-08-23,Corporate Package,LinkedIn,50.12,18.41,Completed
ORD_8070,CUST_28,2024-11-11,Media Package,Partnership,284.22,123.46,Completed
ORD_8071,CUST_1338,2024-03-12,Media Package,Google Search,423.93,188.34,Completed
ORD_8072,CUST_1444,2024-12-30,Corporate Package,Partnership,377.91,235.49,Completed
ORD_8073,CUST_1495,2025-01-21,Partner Offer,LinkedIn,321.56,168.93,Completed
ORD_8074,CUST_136,2024-02-05,Corporate Package,Google Search,216.38,132.66,Refunded
ORD_8075,CUST_1374,2025-01-12,Workshop,Event Walk-in,409.9,185.31,Refunded
ORD_8076,CUST_195,2025-06-02,Workshop,LinkedIn,122.54,81.96,Completed
ORD_8077,CUST_1413,2025-01-15,Creative Studio,Event Walk-in,299.48,170.1,Completed
ORD_8078,CUST_441,2024-03-27,Media Package,Instagram,384.79,254.3,Cancelled
ORD_8079,CUST_453,2025-03-29,Partner Offer,TikTok,48.43,30.65,Completed
ORD_8080,CUST_1484,2025-04-28,Media Package,LinkedIn,422.65,167.4,Cancelled
ORD_8081,CUST_1259,2025-03-19,Membership,TikTok,427.57,292.2,Cancelled
ORD_8082,CUST_1160,2025-04-17,Event Ticket,Referral,137.21,56.88,Completed
ORD_8083,CUST_1448,2025-02-03,Event Ticket,LinkedIn,281.34,109.74,Refunded
ORD_8084,CUST_1123,2024-10-18,Membership,Google Search,273.02,100.28,Completed
ORD_8085,CUST_372,2024-02-03,Membership,Referral,456.1,239.38,Completed
ORD_8086,CUST_1005,2024-07-30,Corporate Package,Referral,340.34,215.03,Completed
ORD_8087,CUST_1018,2024-08-27,Workshop,Instagram,122.87,67.72,Completed
ORD_8088,CUST_1477,2024-05-27,Partner Offer,LinkedIn,393.4,169.79,Completed
ORD_8089,CUST_460,2024-11-25,Workshop,Google Search,86.96,55.96,Completed
ORD_8090,CUST_1369,2025-04-23,Workshop,Event Walk-in,243.0,136.71,Completed
ORD_8091,CUST_800,2025-04-23,Partner Offer,Event Walk-in,148.66,67.96,Completed
ORD_8092,CUST_300,2025-01-28,Event Ticket,LinkedIn,74.11,35.25,Refunded
ORD_8093,CUST_257,2025-03-15,Workshop,Instagram,378.24,159.44,Completed
ORD_8094,CUST_866,2025-06-17,Creative Studio,Instagram,228.62,85.5,Completed
ORD_8095,CUST_1071,2025-04-22,Creative Studio,Instagram,341.59,182.89,Completed
ORD_8096,CUST_1385,2025-03-25,Creative Studio,LinkedIn,131.59,78.43,Cancelled
ORD_8097,CUST_1485,2024-04-11,Creative Studio,Partnership,306.2,96.16,Completed
ORD_8098,CUST_721,2024-11-09,Membership,Instagram,476.14,247.49,Completed
ORD_8099,CUST_1183,2024-09-25,Creative Studio,Instagram,329.2,140.52,Completed
ORD_8100,CUST_527,2024-06-21,Media Package,Google Search,109.47,59.6,Completed
ORD_8101,CUST_1359,2025-02-28,Partner Offer,Instagram,366.07,177.97,Completed
ORD_8102,CUST_1119,2024-12-18,Event Ticket,TikTok,247.82,116.09,Completed
ORD_8103,CUST_754,2025-06-18,Event Ticket,TikTok,175.76,108.35,Completed
ORD_8104,CUST_136,2024-08-21,Workshop,Google Search,449.54,212.59,Refunded
ORD_8105,CUST_300,2024-08-26,Membership,LinkedIn,452.67,282.78,Completed
ORD_8106,CUST_1487,2024-11-07,Event Ticket,Referral,326.28,131.24,Completed
ORD_8107,CUST_924,2024-12-11,Membership,Referral,75.99,52.83,Completed
ORD_8108,CUST_262,2024-06-12,Media Package,Google Search,494.74,334.32,Completed
ORD_8109,CUST_1149,2025-04-09,Event Ticket,Partnership,165.47,85.42,Completed
ORD_8110,CUST_369,2025-06-30,Workshop,Referral,357.93,207.08,Completed
ORD_8111,CUST_1125,2025-02-25,Event Ticket,LinkedIn,300.78,175.36,Refunded
ORD_8112,CUST_917,2025-02-05,Event Ticket,Partnership,411.16,178.49,Completed
ORD_8113,CUST_422,2024-07-28,Event Ticket,Instagram,114.42,50.09,Completed
ORD_8114,CUST_1288,2025-05-19,Workshop,Google Search,48.83,16.9,Completed
ORD_8115,CUST_626,2025-04-27,Corporate Package,TikTok,178.57,75.5,Completed
ORD_8116,CUST_1478,2025-04-17,Corporate Package,Partnership,95.63,66.15,Completed
ORD_8117,CUST_457,2024-06-18,Workshop,Referral,61.79,32.62,Refunded
ORD_8118,CUST_376,2024-02-29,Workshop,LinkedIn,60.77,40.85,Completed
ORD_8119,CUST_790,2025-04-06,Media Package,Partnership,269.38,137.63,Completed
ORD_8120,CUST_412,2024-11-23,Workshop,Event Walk-in,411.94,262.36,Completed
ORD_8121,CUST_972,2024-02-23,Workshop,Instagram,246.36,86.03,Completed
ORD_8122,CUST_912,2025-02-28,Membership,Partnership,56.53,32.54,Completed
ORD_8123,CUST_240,2024-01-27,Workshop,Google Search,269.5,174.44,Cancelled
ORD_8124,CUST_316,2024-10-05,Media Package,LinkedIn,241.37,79.54,Completed
ORD_8125,CUST_1258,2025-02-08,Event Ticket,TikTok,55.48,34.05,Completed
ORD_8126,CUST_1137,2024-01-02,Media Package,Partnership,155.07,98.67,Completed
ORD_8127,CUST_130,2024-01-27,Partner Offer,Instagram,143.32,92.28,Refunded
ORD_8128,CUST_1389,2025-01-07,Corporate Package,LinkedIn,99.34,43.5,Completed
ORD_8129,CUST_1204,2024-06-09,Partner Offer,LinkedIn,76.81,48.25,Completed
ORD_8130,CUST_148,2025-04-11,Membership,Event Walk-in,394.52,173.48,Completed
ORD_8131,CUST_980,2024-09-26,Event Ticket,LinkedIn,227.4,72.9,Completed
ORD_8132,CUST_553,2024-01-12,Creative Studio,Event Walk-in,135.52,91.08,Refunded
ORD_8133,CUST_93,2024-01-28,Membership,Google Search,187.45,92.31,Cancelled
ORD_8134,CUST_631,2024-05-03,Media Package,TikTok,358.84,241.93,Cancelled
ORD_8135,CUST_1440,2024-04-16,Media Package,LinkedIn,201.54,137.48,Completed
ORD_8136,CUST_181,2024-05-19,Membership,Partnership,184.85,109.93,Refunded
ORD_8137,CUST_945,2025-03-26,Partner Offer,Event Walk-in,83.27,42.88,Completed
ORD_8138,CUST_946,2024-01-16,Creative Studio,LinkedIn,22.08,9.59,Refunded
ORD_8139,CUST_958,2024-07-18,Partner Offer,Instagram,369.0,112.3,Completed
ORD_8140,CUST_325,2024-06-13,Creative Studio,Referral,145.06,57.32,Completed
ORD_8141,CUST_137,2025-06-23,Media Package,LinkedIn,391.56,139.61,Completed
ORD_8142,CUST_764,2024-01-21,Creative Studio,Google Search,183.17,63.98,Completed
ORD_8143,CUST_29,2024-11-21,Event Ticket,Google Search,277.12,95.68,Completed
ORD_8144,CUST_957,2024-03-25,Membership,LinkedIn,238.84,135.34,Completed
ORD_8145,CUST_670,2024-10-27,Corporate Package,Referral,457.69,143.43,Completed
ORD_8146,CUST_1367,2025-05-15,Event Ticket,LinkedIn,134.26,53.99,Refunded
ORD_8147,CUST_173,2025-01-22,Creative Studio,Event Walk-in,417.74,141.22,Completed
ORD_8148,CUST_1259,2025-04-29,Event Ticket,TikTok,401.68,247.79,Completed
ORD_8149,CUST_1413,2024-02-01,Event Ticket,Event Walk-in,483.42,186.4,Completed
ORD_8150,CUST_801,2025-06-11,Membership,LinkedIn,305.8,102.9,Refunded
ORD_8151,CUST_69,2024-06-01,Media Package,Partnership,46.72,22.28,Completed
ORD_8152,CUST_1341,2024-02-26,Event Ticket,Event Walk-in,126.16,45.72,Completed
ORD_8153,CUST_574,2024-05-27,Corporate Package,TikTok,488.65,324.16,Cancelled
ORD_8154,CUST_1247,2024-04-20,Creative Studio,Referral,295.08,151.81,Completed
ORD_8155,CUST_1163,2025-02-18,Partner Offer,Google Search,191.5,68.29,Completed
ORD_8156,CUST_687,2025-05-10,Corporate Package,Event Walk-in,205.96,88.41,Refunded
ORD_8157,CUST_25,2025-03-11,Corporate Package,LinkedIn,302.92,140.48,Completed
ORD_8158,CUST_1027,2025-01-08,Corporate Package,Instagram,299.8,124.63,Completed
ORD_8159,CUST_42,2024-11-16,Corporate Package,Event Walk-in,49.31,29.6,Completed
ORD_8160,CUST_358,2025-06-01,Media Package,TikTok,388.76,170.27,Refunded
ORD_8161,CUST_1177,2025-04-04,Membership,Referral,36.17,23.81,Completed
ORD_8162,CUST_1366,2024-01-28,Media Package,TikTok,439.75,283.9,Completed
ORD_8163,CUST_1161,2025-04-22,Membership,Partnership,362.91,142.47,Completed
ORD_8164,CUST_1184,2025-06-11,Media Package,Event Walk-in,253.73,76.85,Completed
ORD_8165,CUST_254,2024-09-24,Workshop,Partnership,182.91,62.05,Completed
ORD_8166,CUST_1383,2024-08-03,Event Ticket,LinkedIn,495.9,212.18,Completed
ORD_8167,CUST_711,2024-04-20,Event Ticket,Partnership,281.66,185.89,Completed
ORD_8168,CUST_1031,2024-03-21,Partner Offer,Partnership,114.91,58.65,Completed
ORD_8169,CUST_1026,2024-07-21,Event Ticket,TikTok,410.0,250.77,Cancelled
ORD_8170,CUST_1343,2024-12-03,Partner Offer,Partnership,449.73,249.27,Completed
ORD_8171,CUST_195,2024-03-01,Workshop,LinkedIn,248.48,137.29,Completed
ORD_8172,CUST_667,2025-02-23,Media Package,Referral,359.97,234.1,Completed
ORD_8173,CUST_281,2025-05-10,Media Package,Referral,106.77,67.23,Completed
ORD_8174,CUST_677,2025-06-03,Event Ticket,LinkedIn,76.24,33.17,Completed
ORD_8175,CUST_1006,2025-06-06,Partner Offer,TikTok,40.82,27.35,Completed
ORD_8176,CUST_1162,2025-04-21,Partner Offer,Google Search,318.34,186.97,Completed
ORD_8177,CUST_235,2024-01-23,Media Package,Partnership,491.5,249.68,Completed
ORD_8178,CUST_1155,2025-04-06,Event Ticket,Event Walk-in,162.03,52.34,Completed
ORD_8179,CUST_1437,2024-12-29,Creative Studio,Google Search,195.54,103.75,Completed
ORD_8180,CUST_924,2025-04-06,Creative Studio,Referral,329.53,120.53,Completed
ORD_8181,CUST_1087,2024-07-19,Workshop,Instagram,319.06,201.73,Completed
ORD_8182,CUST_1147,2025-05-05,Workshop,Referral,410.55,247.69,Completed
ORD_8183,CUST_575,2025-03-05,Creative Studio,TikTok,428.63,220.56,Cancelled
ORD_8184,CUST_819,2024-07-20,Creative Studio,Partnership,173.45,103.11,Refunded
ORD_8185,CUST_160,2024-10-06,Creative Studio,Google Search,342.75,196.67,Completed
ORD_8186,CUST_1158,2024-03-03,Membership,TikTok,89.96,30.85,Refunded
ORD_8187,CUST_585,2025-06-18,Creative Studio,Event Walk-in,192.16,79.06,Completed
ORD_8188,CUST_407,2024-11-16,Workshop,TikTok,394.91,221.35,Completed
ORD_8189,CUST_228,2024-03-27,Event Ticket,Referral,482.32,236.56,Completed
ORD_8190,CUST_404,2025-04-08,Event Ticket,TikTok,259.63,120.38,Completed
ORD_8191,CUST_1430,2025-03-23,Media Package,Event Walk-in,25.43,15.84,Completed
ORD_8192,CUST_218,2024-09-09,Creative Studio,Google Search,465.91,256.38,Completed
ORD_8193,CUST_1255,2024-01-02,Partner Offer,TikTok,290.81,180.3,Completed
ORD_8194,CUST_88,2025-06-03,Event Ticket,Event Walk-in,53.65,16.32,Completed
ORD_8195,CUST_798,2025-06-16,Membership,Instagram,118.56,38.12,Completed
ORD_8196,CUST_467,2024-01-10,Media Package,LinkedIn,472.11,328.42,Cancelled
ORD_8197,CUST_141,2024-07-27,Workshop,LinkedIn,250.54,93.25,Completed
ORD_8198,CUST_123,2025-02-06,Creative Studio,TikTok,164.27,52.76,Refunded
ORD_8199,CUST_1019,2024-08-26,Media Package,LinkedIn,269.7,172.1,Completed
ORD_8200,CUST_728,2024-05-05,Membership,Partnership,128.74,69.92,Cancelled
ORD_8201,CUST_1233,2024-07-02,Workshop,Instagram,367.33,187.61,Completed
ORD_8202,CUST_593,2024-05-19,Membership,Event Walk-in,85.27,29.27,Completed
ORD_8203,CUST_1055,2025-03-31,Media Package,Google Search,182.05,115.36,Completed
ORD_8204,CUST_340,2024-08-12,Creative Studio,LinkedIn,358.11,202.09,Completed
ORD_8205,CUST_1036,2025-05-21,Media Package,Partnership,76.63,47.26,Completed
ORD_8206,CUST_588,2025-01-25,Event Ticket,Event Walk-in,262.81,95.46,Completed
ORD_8207,CUST_1164,2024-04-14,Event Ticket,TikTok,347.23,207.81,Completed
ORD_8208,CUST_1285,2025-06-30,Media Package,Instagram,129.0,39.54,Completed
ORD_8209,CUST_1416,2025-01-07,Membership,TikTok,394.3,237.19,Completed
ORD_8210,CUST_1030,2024-05-06,Creative Studio,Referral,166.6,85.71,Completed
ORD_8211,CUST_235,2024-04-18,Workshop,Partnership,224.54,145.38,Refunded
ORD_8212,CUST_950,2025-02-03,Creative Studio,Google Search,464.61,150.29,Completed
ORD_8213,CUST_435,2025-04-11,Event Ticket,Referral,168.52,97.63,Completed
ORD_8214,CUST_685,2025-02-16,Workshop,Google Search,264.96,183.6,Completed
ORD_8215,CUST_1094,2025-03-09,Partner Offer,LinkedIn,348.05,166.85,Refunded
ORD_8216,CUST_293,2025-03-22,Creative Studio,Instagram,177.19,61.02,Refunded
ORD_8217,CUST_497,2025-01-09,Workshop,Referral,195.9,116.03,Completed
ORD_8218,CUST_761,2024-10-17,Membership,LinkedIn,361.85,129.42,Completed
ORD_8219,CUST_793,2024-03-26,Corporate Package,LinkedIn,470.08,173.82,Completed
ORD_8220,CUST_1276,2025-03-29,Creative Studio,TikTok,279.78,180.67,Completed
ORD_8221,CUST_316,2025-04-07,Membership,LinkedIn,318.21,172.67,Completed
ORD_8222,CUST_818,2025-01-06,Media Package,Partnership,54.53,32.96,Completed
ORD_8223,CUST_813,2024-03-16,Membership,Partnership,122.08,46.53,Completed
ORD_8224,CUST_903,2024-06-14,Creative Studio,Event Walk-in,453.55,286.65,Completed
ORD_8225,CUST_46,2025-04-01,Media Package,LinkedIn,325.65,134.75,Completed
ORD_8226,CUST_1421,2024-11-04,Event Ticket,Google Search,233.36,144.79,Completed
ORD_8227,CUST_15,2025-04-30,Partner Offer,Google Search,240.28,155.2,Refunded
ORD_8228,CUST_942,2024-05-19,Event Ticket,Referral,333.29,131.14,Completed
ORD_8229,CUST_36,2024-03-07,Corporate Package,Instagram,438.4,204.62,Cancelled
ORD_8230,CUST_1338,2024-03-26,Membership,Google Search,109.65,49.35,Completed
ORD_8231,CUST_51,2025-01-22,Workshop,LinkedIn,221.3,78.55,Refunded
ORD_8232,CUST_173,2024-02-18,Membership,Event Walk-in,173.33,61.01,Completed
ORD_8233,CUST_159,2025-05-28,Membership,Referral,498.73,262.76,Completed
ORD_8234,CUST_1112,2025-03-19,Media Package,Google Search,180.79,65.51,Completed
ORD_8235,CUST_720,2024-07-01,Partner Offer,LinkedIn,43.59,29.54,Completed
ORD_8236,CUST_557,2024-03-27,Partner Offer,Event Walk-in,248.44,171.91,Refunded
ORD_8237,CUST_821,2024-03-19,Membership,Referral,369.52,218.98,Refunded
ORD_8238,CUST_904,2024-01-29,Partner Offer,TikTok,294.72,90.2,Completed
ORD_8239,CUST_1011,2024-08-20,Membership,Google Search,386.29,246.67,Completed
ORD_8240,CUST_60,2025-06-15,Partner Offer,LinkedIn,193.65,119.89,Refunded
ORD_8241,CUST_1308,2024-10-21,Partner Offer,Google Search,271.38,143.35,Completed
ORD_8242,CUST_1283,2024-05-24,Media Package,Google Search,296.83,175.37,Completed
ORD_8243,CUST_97,2025-03-12,Media Package,TikTok,483.63,214.78,Completed
ORD_8244,CUST_56,2024-10-30,Media Package,Event Walk-in,207.81,134.55,Completed
ORD_8245,CUST_583,2024-10-23,Creative Studio,Instagram,296.34,110.94,Completed
ORD_8246,CUST_120,2024-12-04,Partner Offer,Partnership,99.76,54.64,Completed
ORD_8247,CUST_1068,2025-03-21,Workshop,Event Walk-in,268.08,105.91,Completed
ORD_8248,CUST_759,2024-06-10,Media Package,Google Search,408.6,148.2,Completed
ORD_8249,CUST_706,2024-02-13,Creative Studio,LinkedIn,421.61,201.29,Completed
ORD_8250,CUST_260,2024-06-27,Workshop,TikTok,311.09,160.31,Completed
ORD_8251,CUST_1108,2025-05-26,Event Ticket,TikTok,476.48,322.47,Completed
ORD_8252,CUST_302,2025-01-29,Workshop,LinkedIn,192.03,62.78,Completed
ORD_8253,CUST_214,2024-10-20,Creative Studio,Referral,403.36,213.52,Completed
ORD_8254,CUST_1117,2024-07-11,Workshop,Partnership,465.34,263.65,Completed
ORD_8255,CUST_123,2024-06-26,Creative Studio,TikTok,311.51,198.25,Completed
ORD_8256,CUST_465,2024-01-12,Creative Studio,Instagram,69.76,30.73,Completed
ORD_8257,CUST_1248,2025-01-15,Creative Studio,Google Search,274.48,142.22,Refunded
ORD_8258,CUST_614,2024-10-04,Media Package,Instagram,149.05,89.62,Refunded
ORD_8259,CUST_703,2024-06-18,Event Ticket,Google Search,344.55,145.04,Completed
ORD_8260,CUST_66,2024-08-25,Event Ticket,Event Walk-in,238.0,82.56,Completed
ORD_8261,CUST_457,2024-02-13,Workshop,Referral,382.15,262.91,Completed
ORD_8262,CUST_954,2024-07-04,Creative Studio,Instagram,146.57,88.34,Completed
ORD_8263,CUST_1275,2025-04-30,Corporate Package,Google Search,101.24,47.88,Completed
ORD_8264,CUST_55,2025-05-08,Creative Studio,Partnership,418.48,144.87,Completed
ORD_8265,CUST_97,2024-08-15,Workshop,TikTok,267.43,111.86,Completed
ORD_8266,CUST_1280,2025-05-06,Corporate Package,LinkedIn,128.5,55.2,Cancelled
ORD_8267,CUST_1098,2024-02-22,Creative Studio,LinkedIn,227.42,102.97,Completed
ORD_8268,CUST_480,2024-11-03,Event Ticket,Google Search,231.6,131.45,Completed
ORD_8269,CUST_41,2024-11-13,Workshop,Partnership,340.16,206.42,Completed
ORD_8270,CUST_685,2025-03-03,Partner Offer,Google Search,59.01,33.15,Completed
ORD_8271,CUST_242,2024-04-28,Event Ticket,Instagram,221.27,125.2,Refunded
ORD_8272,CUST_427,2025-06-18,Event Ticket,Partnership,465.86,307.72,Completed
ORD_8273,CUST_997,2024-10-03,Media Package,Referral,316.71,140.4,Completed
ORD_8274,CUST_1468,2024-01-19,Media Package,Instagram,143.79,64.64,Completed
ORD_8275,CUST_1112,2025-03-08,Workshop,Google Search,304.63,176.02,Completed
ORD_8276,CUST_322,2024-09-28,Media Package,TikTok,219.29,66.56,Completed
ORD_8277,CUST_1189,2024-03-15,Event Ticket,Referral,430.8,178.95,Completed
ORD_8278,CUST_329,2025-02-09,Membership,Event Walk-in,448.73,290.92,Completed
ORD_8279,CUST_1061,2024-01-05,Corporate Package,Instagram,269.06,147.65,Completed
ORD_8280,CUST_124,2024-03-13,Workshop,Google Search,349.01,177.81,Completed
ORD_8281,CUST_1147,2024-05-10,Membership,Referral,76.41,33.38,Completed
ORD_8282,CUST_1064,2025-02-13,Membership,Instagram,81.51,35.64,Completed
ORD_8283,CUST_910,2024-12-17,Creative Studio,Referral,175.17,115.6,Completed
ORD_8284,CUST_842,2025-06-03,Creative Studio,Instagram,429.57,129.38,Cancelled
ORD_8285,CUST_1042,2024-01-21,Partner Offer,TikTok,471.72,182.92,Completed
ORD_8286,CUST_1345,2024-12-21,Membership,LinkedIn,156.94,72.27,Completed
ORD_8287,CUST_1454,2024-03-03,Corporate Package,Partnership,41.93,27.06,Cancelled
ORD_8288,CUST_137,2024-03-14,Media Package,LinkedIn,466.0,217.66,Completed
ORD_8289,CUST_1384,2024-01-26,Creative Studio,Partnership,201.72,122.34,Completed
ORD_8290,CUST_409,2024-08-31,Creative Studio,LinkedIn,80.82,24.54,Completed
ORD_8291,CUST_116,2024-04-27,Creative Studio,Instagram,197.43,91.18,Completed
ORD_8292,CUST_1010,2025-04-28,Media Package,LinkedIn,410.52,152.18,Completed
ORD_8293,CUST_234,2025-01-04,Membership,Referral,119.57,50.52,Completed
ORD_8294,CUST_1462,2025-06-17,Media Package,Referral,83.82,30.56,Completed
ORD_8295,CUST_1015,2024-05-18,Corporate Package,Event Walk-in,330.96,191.8,Completed
ORD_8296,CUST_1188,2024-06-21,Workshop,Google Search,335.49,232.98,Completed
ORD_8297,CUST_1395,2024-06-06,Partner Offer,Instagram,84.38,33.76,Completed
ORD_8298,CUST_442,2024-05-06,Corporate Package,Referral,310.24,192.74,Refunded
ORD_8299,CUST_408,2025-05-17,Creative Studio,TikTok,139.41,73.37,Refunded
ORD_8300,CUST_324,2024-02-16,Event Ticket,Google Search,320.66,202.24,Completed
ORD_8301,CUST_1184,2024-09-15,Membership,Event Walk-in,315.16,190.12,Completed
ORD_8302,CUST_395,2025-01-30,Membership,TikTok,364.52,116.73,Completed
ORD_8303,CUST_395,2024-09-15,Membership,TikTok,283.69,146.54,Completed
ORD_8304,CUST_1435,2024-08-17,Corporate Package,Instagram,286.46,107.53,Completed
ORD_8305,CUST_1149,2024-02-12,Corporate Package,Partnership,448.41,282.31,Completed
ORD_8306,CUST_951,2024-08-06,Creative Studio,TikTok,311.27,193.01,Completed
ORD_8307,CUST_1331,2024-05-21,Workshop,LinkedIn,132.09,83.69,Completed
ORD_8308,CUST_797,2024-05-29,Creative Studio,Google Search,261.12,178.54,Completed
ORD_8309,CUST_47,2024-06-25,Partner Offer,Partnership,205.76,137.14,Completed
ORD_8310,CUST_792,2025-03-09,Creative Studio,TikTok,86.8,56.79,Refunded
ORD_8311,CUST_352,2024-06-01,Workshop,Instagram,278.55,142.89,Refunded
ORD_8312,CUST_962,2024-09-07,Membership,LinkedIn,205.16,130.07,Completed
ORD_8313,CUST_1294,2024-08-29,Membership,Event Walk-in,186.08,66.16,Completed
ORD_8314,CUST_1254,2024-02-15,Partner Offer,Referral,154.83,67.49,Refunded
ORD_8315,CUST_515,2024-08-10,Membership,Referral,404.26,264.45,Completed
ORD_8316,CUST_911,2025-04-01,Creative Studio,TikTok,456.84,239.4,Completed
ORD_8317,CUST_545,2025-05-25,Corporate Package,Event Walk-in,288.36,155.14,Refunded
ORD_8318,CUST_262,2024-12-28,Workshop,Google Search,51.09,18.08,Completed
ORD_8319,CUST_1484,2024-10-05,Corporate Package,LinkedIn,172.51,98.96,Refunded
ORD_8320,CUST_352,2025-04-12,Membership,Instagram,420.76,253.31,Completed
ORD_8321,CUST_770,2025-06-03,Partner Offer,LinkedIn,494.81,299.53,Refunded
ORD_8322,CUST_456,2024-03-26,Corporate Package,TikTok,455.74,303.94,Completed
ORD_8323,CUST_1170,2024-03-26,Corporate Package,Event Walk-in,492.88,210.33,Completed
ORD_8324,CUST_296,2024-05-26,Creative Studio,Partnership,271.14,157.82,Completed
ORD_8325,CUST_1407,2024-05-25,Creative Studio,Referral,310.66,172.26,Completed
ORD_8326,CUST_646,2024-06-23,Workshop,TikTok,342.73,160.83,Completed
ORD_8327,CUST_460,2024-08-19,Creative Studio,Google Search,356.83,146.48,Completed
ORD_8328,CUST_54,2025-05-19,Creative Studio,Referral,176.42,81.25,Completed
ORD_8329,CUST_970,2025-06-09,Corporate Package,TikTok,405.64,159.76,Completed
ORD_8330,CUST_1247,2024-06-01,Event Ticket,Referral,209.61,118.29,Completed
ORD_8331,CUST_606,2024-08-13,Workshop,Referral,309.09,152.51,Completed
ORD_8332,CUST_1254,2024-09-25,Workshop,Referral,370.11,111.11,Completed
ORD_8333,CUST_1125,2024-01-28,Partner Offer,LinkedIn,188.0,130.46,Completed
ORD_8334,CUST_1251,2024-06-29,Workshop,Partnership,193.81,127.47,Completed
ORD_8335,CUST_756,2025-03-29,Media Package,Instagram,336.73,151.66,Completed
ORD_8336,CUST_1281,2024-03-25,Creative Studio,LinkedIn,397.55,146.69,Refunded
ORD_8337,CUST_105,2024-12-17,Creative Studio,Event Walk-in,248.78,89.96,Completed
ORD_8338,CUST_927,2024-11-15,Creative Studio,Partnership,321.3,192.75,Completed
ORD_8339,CUST_1234,2024-11-09,Membership,Google Search,438.11,162.94,Completed
ORD_8340,CUST_291,2025-04-19,Membership,Referral,365.25,165.92,Completed
ORD_8341,CUST_1331,2025-03-14,Workshop,LinkedIn,284.23,193.85,Completed
ORD_8342,CUST_270,2024-08-24,Membership,TikTok,222.69,82.73,Cancelled
ORD_8343,CUST_250,2024-09-16,Workshop,Event Walk-in,129.33,80.77,Completed
ORD_8344,CUST_918,2025-05-11,Corporate Package,Google Search,69.72,45.24,Completed
ORD_8345,CUST_29,2025-04-03,Corporate Package,Google Search,272.12,105.47,Completed
ORD_8346,CUST_195,2024-08-12,Media Package,LinkedIn,185.38,124.57,Completed
ORD_8347,CUST_735,2024-04-04,Membership,LinkedIn,43.94,21.38,Cancelled
ORD_8348,CUST_39,2024-07-19,Event Ticket,Referral,389.85,153.77,Completed
ORD_8349,CUST_460,2025-02-02,Creative Studio,Google Search,94.5,43.68,Completed
ORD_8350,CUST_1493,2024-05-28,Partner Offer,TikTok,41.59,27.52,Refunded
ORD_8351,CUST_1071,2024-09-15,Creative Studio,Instagram,34.17,20.08,Refunded
ORD_8352,CUST_1094,2025-01-22,Media Package,LinkedIn,308.14,107.45,Refunded
ORD_8353,CUST_115,2025-03-29,Event Ticket,Partnership,237.62,154.27,Completed
ORD_8354,CUST_1088,2024-04-19,Partner Offer,TikTok,472.08,175.26,Refunded
ORD_8355,CUST_1027,2024-04-05,Creative Studio,Instagram,216.48,139.73,Completed
ORD_8356,CUST_213,2024-03-29,Corporate Package,Event Walk-in,134.6,80.9,Completed
ORD_8357,CUST_118,2024-08-23,Partner Offer,Google Search,214.33,131.57,Refunded
ORD_8358,CUST_127,2024-08-25,Creative Studio,Referral,272.54,167.59,Completed
ORD_8359,CUST_1338,2025-01-15,Creative Studio,Google Search,355.37,235.5,Completed
ORD_8360,CUST_192,2024-07-29,Creative Studio,Instagram,453.41,301.8,Completed
ORD_8361,CUST_1208,2024-11-08,Event Ticket,TikTok,127.07,59.61,Completed
ORD_8362,CUST_207,2024-02-26,Corporate Package,Event Walk-in,41.01,26.36,Completed
ORD_8363,CUST_599,2024-09-23,Event Ticket,LinkedIn,292.19,202.36,Completed
ORD_8364,CUST_1327,2024-08-26,Media Package,Referral,208.26,105.35,Completed
ORD_8365,CUST_379,2024-05-22,Event Ticket,Google Search,153.36,63.9,Refunded
ORD_8366,CUST_1275,2024-05-11,Membership,Google Search,83.73,26.98,Completed
ORD_8367,CUST_425,2025-04-11,Membership,Partnership,300.67,122.35,Cancelled
ORD_8368,CUST_512,2024-06-28,Partner Offer,Referral,228.23,97.01,Completed
ORD_8369,CUST_785,2025-03-16,Partner Offer,TikTok,182.22,125.66,Cancelled
ORD_8370,CUST_852,2025-02-10,Workshop,LinkedIn,306.31,142.79,Completed
ORD_8371,CUST_697,2025-02-27,Media Package,Event Walk-in,120.25,48.42,Completed
ORD_8372,CUST_121,2025-05-07,Event Ticket,LinkedIn,114.31,45.47,Completed
ORD_8373,CUST_70,2025-02-27,Partner Offer,Referral,239.44,155.24,Completed
ORD_8374,CUST_358,2025-02-21,Partner Offer,TikTok,295.19,139.48,Completed
ORD_8375,CUST_20,2025-06-05,Partner Offer,LinkedIn,225.37,121.48,Completed
ORD_8376,CUST_319,2025-03-15,Workshop,Partnership,370.65,127.54,Refunded
ORD_8377,CUST_455,2024-06-22,Workshop,Instagram,324.23,142.02,Completed
ORD_8378,CUST_576,2024-12-05,Workshop,Instagram,418.9,250.54,Completed
ORD_8379,CUST_1182,2024-03-23,Event Ticket,Partnership,407.65,125.3,Cancelled
ORD_8380,CUST_405,2024-05-11,Workshop,LinkedIn,114.67,60.25,Refunded
ORD_8381,CUST_135,2024-11-08,Workshop,LinkedIn,385.68,232.51,Completed
ORD_8382,CUST_1196,2025-06-22,Partner Offer,Partnership,143.83,100.53,Completed
ORD_8383,CUST_862,2024-01-15,Partner Offer,Instagram,93.34,65.19,Completed
ORD_8384,CUST_271,2024-05-29,Media Package,Instagram,84.42,45.43,Completed
ORD_8385,CUST_1420,2024-05-11,Workshop,TikTok,206.37,88.39,Completed
ORD_8386,CUST_413,2024-10-23,Partner Offer,Event Walk-in,151.02,45.49,Completed
ORD_8387,CUST_1130,2025-02-09,Membership,LinkedIn,49.89,31.52,Refunded
ORD_8388,CUST_416,2024-05-08,Event Ticket,Instagram,309.5,203.91,Completed
ORD_8389,CUST_514,2024-03-24,Partner Offer,LinkedIn,418.41,230.26,Completed
ORD_8390,CUST_1359,2024-01-14,Partner Offer,Instagram,411.17,261.63,Completed
ORD_8391,CUST_891,2024-11-26,Partner Offer,LinkedIn,203.97,99.9,Completed
ORD_8392,CUST_723,2024-06-24,Membership,LinkedIn,499.08,157.07,Completed
ORD_8393,CUST_312,2025-02-05,Partner Offer,Partnership,225.34,139.68,Cancelled
ORD_8394,CUST_410,2024-03-13,Partner Offer,LinkedIn,160.41,102.6,Completed
ORD_8395,CUST_703,2025-01-21,Media Package,Google Search,265.66,110.16,Completed
ORD_8396,CUST_635,2024-04-23,Event Ticket,TikTok,72.27,34.39,Completed
ORD_8397,CUST_1213,2025-01-29,Creative Studio,Google Search,495.33,307.1,Completed
ORD_8398,CUST_369,2024-09-15,Media Package,Referral,396.85,225.78,Completed
ORD_8399,CUST_1052,2024-05-30,Membership,Referral,145.92,54.91,Completed
ORD_8400,CUST_175,2025-01-18,Workshop,Instagram,330.53,112.76,Completed
ORD_8401,CUST_673,2024-06-03,Media Package,Instagram,131.62,77.38,Completed
ORD_8402,CUST_1427,2024-02-23,Workshop,Partnership,73.97,28.38,Completed
ORD_8403,CUST_1409,2024-10-15,Media Package,Instagram,158.77,107.57,Completed
ORD_8404,CUST_1473,2024-07-10,Membership,LinkedIn,351.62,138.22,Completed
ORD_8405,CUST_1496,2024-01-14,Partner Offer,Google Search,353.73,127.52,Completed
ORD_8406,CUST_1060,2025-06-28,Creative Studio,Referral,238.36,100.47,Refunded
ORD_8407,CUST_803,2024-07-13,Workshop,Instagram,125.42,48.23,Completed
ORD_8408,CUST_973,2024-09-30,Workshop,Google Search,223.21,78.85,Completed
ORD_8409,CUST_938,2024-04-30,Partner Offer,Referral,369.16,216.17,Completed
ORD_8410,CUST_415,2025-01-08,Membership,TikTok,277.77,154.57,Completed
ORD_8411,CUST_1126,2025-06-25,Corporate Package,Instagram,147.82,62.88,Completed
ORD_8412,CUST_743,2024-08-14,Event Ticket,Instagram,187.37,87.13,Completed
ORD_8413,CUST_1373,2024-01-09,Creative Studio,Event Walk-in,222.69,76.32,Refunded
ORD_8414,CUST_1280,2024-10-05,Membership,LinkedIn,231.19,82.48,Completed
ORD_8415,CUST_920,2024-05-28,Membership,LinkedIn,137.01,66.0,Completed
ORD_8416,CUST_555,2024-05-07,Media Package,Referral,230.97,150.1,Completed
ORD_8417,CUST_1385,2024-03-28,Event Ticket,LinkedIn,119.79,73.61,Completed
ORD_8418,CUST_115,2025-05-18,Membership,Partnership,488.93,235.96,Completed
ORD_8419,CUST_869,2024-07-30,Corporate Package,TikTok,385.31,209.73,Completed
ORD_8420,CUST_1042,2024-03-11,Membership,TikTok,329.95,168.92,Completed
ORD_8421,CUST_607,2024-04-06,Event Ticket,Instagram,347.07,171.1,Completed
ORD_8422,CUST_539,2025-01-05,Partner Offer,Google Search,381.89,209.12,Completed
ORD_8423,CUST_679,2025-02-28,Event Ticket,Event Walk-in,342.69,227.94,Refunded
ORD_8424,CUST_739,2025-05-16,Partner Offer,TikTok,466.25,155.29,Completed
ORD_8425,CUST_377,2025-05-08,Corporate Package,Google Search,388.48,214.56,Completed
ORD_8426,CUST_943,2024-06-07,Corporate Package,Partnership,146.87,80.08,Completed
ORD_8427,CUST_541,2025-03-24,Corporate Package,LinkedIn,377.64,233.01,Refunded
ORD_8428,CUST_718,2025-04-13,Partner Offer,Partnership,431.91,165.32,Completed
ORD_8429,CUST_905,2025-03-12,Corporate Package,Referral,333.94,186.86,Completed
ORD_8430,CUST_1479,2024-04-15,Event Ticket,LinkedIn,238.3,123.58,Completed
ORD_8431,CUST_1266,2024-11-13,Creative Studio,Google Search,81.53,32.0,Completed
ORD_8432,CUST_1300,2024-10-12,Membership,Google Search,268.35,157.27,Completed
ORD_8433,CUST_884,2024-08-07,Media Package,Instagram,494.27,214.92,Completed
ORD_8434,CUST_894,2024-09-01,Membership,Event Walk-in,292.5,186.52,Completed
ORD_8435,CUST_837,2024-09-21,Partner Offer,TikTok,276.53,135.64,Completed
ORD_8436,CUST_1174,2024-07-01,Corporate Package,LinkedIn,418.39,254.99,Completed
ORD_8437,CUST_1179,2024-01-14,Media Package,Instagram,446.57,292.84,Refunded
ORD_8438,CUST_900,2024-06-05,Membership,TikTok,305.07,109.47,Completed
ORD_8439,CUST_681,2024-05-10,Partner Offer,Event Walk-in,48.6,22.82,Completed
ORD_8440,CUST_1249,2025-01-16,Event Ticket,LinkedIn,198.73,138.92,Completed
ORD_8441,CUST_517,2024-10-06,Creative Studio,Instagram,194.89,86.43,Completed
ORD_8442,CUST_520,2024-09-22,Workshop,TikTok,341.23,224.69,Completed
ORD_8443,CUST_146,2025-05-22,Partner Offer,Referral,260.22,179.52,Completed
ORD_8444,CUST_446,2024-10-20,Corporate Package,Instagram,362.74,251.68,Completed
ORD_8445,CUST_875,2024-08-07,Media Package,Google Search,483.79,278.89,Completed
ORD_8446,CUST_477,2024-03-16,Media Package,Google Search,324.53,110.91,Completed
ORD_8447,CUST_810,2025-06-08,Media Package,Event Walk-in,462.89,263.97,Refunded
ORD_8448,CUST_2,2025-01-27,Membership,Referral,256.66,118.91,Completed
ORD_8449,CUST_491,2025-05-11,Membership,LinkedIn,336.72,171.72,Completed
ORD_8450,CUST_1287,2024-06-04,Partner Offer,TikTok,346.55,200.54,Refunded
ORD_8451,CUST_117,2024-11-19,Media Package,TikTok,60.77,22.34,Completed
ORD_8452,CUST_1180,2024-09-24,Workshop,Instagram,300.03,195.5,Completed
ORD_8453,CUST_691,2024-08-01,Workshop,Partnership,432.32,155.1,Completed
ORD_8454,CUST_642,2024-02-03,Event Ticket,TikTok,288.04,134.78,Completed
ORD_8455,CUST_856,2025-06-09,Workshop,Google Search,147.57,51.65,Completed
ORD_8456,CUST_844,2024-04-14,Event Ticket,Google Search,218.21,75.52,Completed
ORD_8457,CUST_682,2024-11-25,Partner Offer,TikTok,218.28,77.74,Completed
ORD_8458,CUST_1093,2025-06-16,Membership,Referral,362.02,224.77,Completed
ORD_8459,CUST_501,2024-08-01,Membership,Referral,361.52,250.47,Completed
ORD_8460,CUST_518,2024-12-10,Workshop,LinkedIn,104.8,41.53,Completed
ORD_8461,CUST_233,2024-08-07,Creative Studio,TikTok,458.59,222.82,Cancelled
ORD_8462,CUST_58,2024-05-25,Corporate Package,LinkedIn,465.66,262.71,Completed
ORD_8463,CUST_695,2024-10-25,Partner Offer,Referral,139.96,65.82,Completed
ORD_8464,CUST_1082,2025-03-03,Creative Studio,Referral,408.21,144.69,Completed
ORD_8465,CUST_777,2024-05-04,Creative Studio,Google Search,134.89,82.48,Completed
ORD_8466,CUST_943,2024-05-24,Membership,Partnership,114.93,60.31,Refunded
ORD_8467,CUST_1070,2025-01-06,Media Package,Partnership,208.41,97.6,Completed
ORD_8468,CUST_1229,2024-12-11,Partner Offer,LinkedIn,74.74,46.23,Completed
ORD_8469,CUST_1188,2025-03-07,Event Ticket,Google Search,362.55,233.77,Completed
ORD_8470,CUST_1486,2025-02-17,Event Ticket,Instagram,305.84,131.72,Completed
ORD_8471,CUST_230,2024-06-03,Creative Studio,Instagram,265.27,132.04,Cancelled
ORD_8472,CUST_946,2025-05-12,Creative Studio,LinkedIn,304.74,170.56,Completed
ORD_8473,CUST_1133,2024-06-25,Event Ticket,Referral,290.0,179.12,Completed
ORD_8474,CUST_771,2024-11-14,Membership,LinkedIn,451.0,151.46,Cancelled
ORD_8475,CUST_1091,2025-06-08,Workshop,Referral,145.38,44.5,Refunded
ORD_8476,CUST_860,2024-01-28,Membership,Google Search,408.63,174.48,Completed
ORD_8477,CUST_616,2025-03-21,Workshop,Event Walk-in,381.72,149.74,Completed
ORD_8478,CUST_45,2025-02-03,Media Package,TikTok,151.01,85.52,Refunded
ORD_8479,CUST_1496,2024-01-11,Partner Offer,Google Search,440.52,248.74,Cancelled
ORD_8480,CUST_1402,2025-02-05,Corporate Package,TikTok,379.51,230.07,Refunded
ORD_8481,CUST_245,2025-05-01,Creative Studio,Referral,323.64,130.81,Completed
ORD_8482,CUST_448,2024-12-19,Event Ticket,Google Search,313.02,188.85,Completed
ORD_8483,CUST_517,2024-04-15,Media Package,Instagram,465.05,253.97,Completed
ORD_8484,CUST_716,2025-03-10,Corporate Package,Google Search,470.0,181.48,Cancelled
ORD_8485,CUST_468,2025-03-13,Event Ticket,Referral,345.77,223.97,Completed
ORD_8486,CUST_244,2025-05-18,Partner Offer,Referral,193.24,126.59,Completed
ORD_8487,CUST_630,2025-01-19,Corporate Package,Referral,123.6,55.59,Cancelled
ORD_8488,CUST_462,2024-11-29,Partner Offer,Event Walk-in,479.64,221.92,Completed
ORD_8489,CUST_853,2025-04-12,Media Package,Instagram,243.13,102.59,Completed
ORD_8490,CUST_1179,2025-03-14,Workshop,Instagram,453.4,311.91,Completed
ORD_8491,CUST_1459,2025-03-19,Creative Studio,Partnership,83.08,55.96,Completed
ORD_8492,CUST_286,2024-02-11,Membership,Partnership,294.9,200.79,Completed
ORD_8493,CUST_310,2024-06-12,Media Package,Google Search,492.19,335.02,Completed
ORD_8494,CUST_997,2025-04-10,Corporate Package,Referral,410.58,144.56,Completed
ORD_8495,CUST_446,2024-10-11,Corporate Package,Instagram,391.69,254.17,Completed
ORD_8496,CUST_637,2024-12-06,Corporate Package,Referral,51.33,18.95,Completed
ORD_8497,CUST_1420,2024-11-16,Media Package,TikTok,70.03,26.02,Completed
ORD_8498,CUST_282,2024-10-28,Creative Studio,TikTok,446.51,264.21,Completed
ORD_8499,CUST_721,2024-06-24,Event Ticket,Instagram,148.34,93.35,Completed
ORD_8500,CUST_10,2024-07-15,Media Package,Referral,307.57,205.78,Completed
ORD_8501,CUST_14,2025-06-07,Membership,Referral,354.35,166.76,Completed
ORD_8502,CUST_1486,2024-06-12,Corporate Package,Instagram,318.84,186.89,Completed
ORD_8503,CUST_159,2025-06-18,Event Ticket,Referral,134.48,83.06,Completed
ORD_8504,CUST_751,2024-05-12,Corporate Package,Partnership,159.18,70.56,Completed
ORD_8505,CUST_649,2024-02-17,Creative Studio,Instagram,31.34,11.31,Completed
ORD_8506,CUST_1116,2025-01-10,Membership,Event Walk-in,260.29,82.76,Cancelled
ORD_8507,CUST_148,2024-11-16,Membership,Event Walk-in,22.77,10.63,Completed
ORD_8508,CUST_870,2025-05-19,Corporate Package,TikTok,86.7,32.71,Completed
ORD_8509,CUST_1289,2024-12-11,Partner Offer,Referral,495.15,343.5,Completed
ORD_8510,CUST_1120,2025-05-01,Membership,Partnership,47.91,20.21,Completed
ORD_8511,CUST_600,2025-05-21,Media Package,TikTok,219.96,85.48,Completed
ORD_8512,CUST_1099,2024-07-16,Event Ticket,Referral,442.47,307.79,Completed
ORD_8513,CUST_1205,2024-02-18,Membership,Instagram,225.54,79.89,Completed
ORD_8514,CUST_714,2024-02-20,Membership,Partnership,424.04,275.31,Completed
ORD_8515,CUST_1201,2024-07-14,Membership,TikTok,232.25,123.88,Completed
ORD_8516,CUST_1045,2025-05-12,Media Package,Referral,185.17,121.75,Completed
ORD_8517,CUST_283,2024-01-19,Corporate Package,TikTok,369.57,253.78,Completed
ORD_8518,CUST_594,2024-04-04,Membership,LinkedIn,210.89,126.86,Refunded
ORD_8519,CUST_895,2025-01-04,Membership,Google Search,171.47,93.44,Completed
ORD_8520,CUST_302,2025-05-29,Workshop,LinkedIn,65.46,33.58,Completed
ORD_8521,CUST_1374,2024-12-12,Creative Studio,Event Walk-in,435.26,267.73,Completed
ORD_8522,CUST_1451,2025-03-15,Partner Offer,Partnership,290.25,150.9,Completed
ORD_8523,CUST_869,2024-05-05,Workshop,TikTok,150.89,49.26,Completed
ORD_8524,CUST_147,2025-01-28,Membership,TikTok,157.96,75.03,Completed
ORD_8525,CUST_1231,2025-01-10,Creative Studio,Referral,424.35,259.2,Completed
ORD_8526,CUST_876,2024-02-25,Media Package,Referral,273.48,127.26,Completed
ORD_8527,CUST_243,2025-01-25,Creative Studio,Google Search,215.79,148.67,Completed
ORD_8528,CUST_1370,2025-03-19,Membership,LinkedIn,252.07,141.92,Completed
ORD_8529,CUST_1006,2024-02-03,Corporate Package,TikTok,311.32,203.69,Refunded
ORD_8530,CUST_426,2025-03-07,Creative Studio,Event Walk-in,51.25,23.69,Completed
ORD_8531,CUST_742,2024-12-22,Event Ticket,Google Search,64.6,38.86,Completed
ORD_8532,CUST_1114,2025-02-14,Creative Studio,TikTok,73.53,47.88,Refunded
ORD_8533,CUST_886,2024-09-13,Media Package,Referral,52.43,31.02,Completed
ORD_8534,CUST_1356,2025-05-09,Event Ticket,LinkedIn,371.0,231.2,Completed
ORD_8535,CUST_289,2024-03-07,Partner Offer,Referral,488.0,187.9,Completed
ORD_8536,CUST_506,2025-01-07,Membership,Referral,177.56,82.18,Completed
ORD_8537,CUST_110,2025-04-05,Media Package,TikTok,383.76,206.85,Refunded
ORD_8538,CUST_530,2025-06-25,Media Package,Referral,37.74,21.87,Completed
ORD_8539,CUST_1337,2024-01-28,Event Ticket,Referral,37.38,23.76,Completed
ORD_8540,CUST_335,2024-12-15,Creative Studio,Instagram,399.18,157.06,Refunded
ORD_8541,CUST_300,2024-02-27,Media Package,LinkedIn,183.7,75.13,Completed
ORD_8542,CUST_112,2024-07-29,Partner Offer,LinkedIn,249.25,108.89,Completed
ORD_8543,CUST_758,2025-05-01,Media Package,Partnership,76.68,41.81,Completed
ORD_8544,CUST_287,2024-07-30,Workshop,Instagram,75.82,34.2,Refunded
ORD_8545,CUST_488,2024-04-29,Membership,Event Walk-in,272.08,165.07,Completed
ORD_8546,CUST_450,2024-11-27,Partner Offer,Referral,48.87,14.92,Completed
ORD_8547,CUST_27,2024-07-17,Corporate Package,Partnership,486.07,170.89,Completed
ORD_8548,CUST_1418,2024-02-17,Media Package,Partnership,175.75,69.35,Completed
ORD_8549,CUST_257,2024-07-30,Media Package,Instagram,419.14,186.34,Cancelled
ORD_8550,CUST_304,2024-02-27,Membership,LinkedIn,339.52,204.13,Completed
ORD_8551,CUST_172,2024-02-09,Corporate Package,Event Walk-in,315.72,213.64,Completed
ORD_8552,CUST_876,2025-04-01,Membership,Referral,28.54,9.83,Completed
ORD_8553,CUST_1375,2025-02-09,Media Package,Google Search,140.18,98.05,Completed
ORD_8554,CUST_1447,2024-02-14,Membership,Partnership,361.08,200.76,Completed
ORD_8555,CUST_129,2025-03-28,Media Package,Event Walk-in,163.93,60.86,Completed
ORD_8556,CUST_1257,2024-01-15,Creative Studio,Instagram,409.69,285.27,Refunded
ORD_8557,CUST_1358,2025-03-17,Event Ticket,Referral,95.68,43.81,Completed
ORD_8558,CUST_1216,2024-12-09,Workshop,Instagram,438.72,214.4,Completed
ORD_8559,CUST_149,2024-03-07,Workshop,Referral,177.15,61.7,Completed
ORD_8560,CUST_250,2024-07-11,Creative Studio,Event Walk-in,63.51,36.95,Completed
ORD_8561,CUST_970,2024-03-10,Corporate Package,TikTok,266.71,138.82,Completed
ORD_8562,CUST_1459,2024-03-28,Creative Studio,Partnership,227.36,111.46,Completed
ORD_8563,CUST_1181,2024-07-10,Partner Offer,Event Walk-in,441.83,169.99,Completed
ORD_8564,CUST_306,2024-06-04,Media Package,Partnership,115.71,52.15,Completed
ORD_8565,CUST_846,2024-05-22,Creative Studio,Google Search,214.92,128.55,Completed
ORD_8566,CUST_716,2024-12-07,Media Package,Google Search,242.12,100.66,Refunded
ORD_8567,CUST_1137,2024-04-19,Workshop,Partnership,111.41,69.26,Refunded
ORD_8568,CUST_1299,2024-12-19,Corporate Package,Instagram,45.73,21.63,Cancelled
ORD_8569,CUST_1341,2024-02-14,Workshop,Event Walk-in,65.87,45.08,Completed
ORD_8570,CUST_871,2024-02-09,Media Package,Partnership,200.96,136.84,Completed
ORD_8571,CUST_258,2024-08-25,Media Package,Referral,244.66,120.33,Completed
ORD_8572,CUST_992,2024-01-14,Workshop,Referral,64.61,36.08,Completed
ORD_8573,CUST_699,2025-01-24,Event Ticket,LinkedIn,99.56,62.7,Refunded
ORD_8574,CUST_144,2024-08-11,Event Ticket,Event Walk-in,161.67,98.66,Completed
ORD_8575,CUST_1357,2024-07-21,Membership,Google Search,332.77,112.19,Completed
ORD_8576,CUST_918,2024-10-25,Creative Studio,Google Search,24.6,16.93,Completed
ORD_8577,CUST_570,2024-06-25,Workshop,Partnership,185.2,81.04,Completed
ORD_8578,CUST_1334,2024-08-12,Membership,Google Search,486.6,274.69,Completed
ORD_8579,CUST_360,2025-01-30,Creative Studio,Google Search,83.04,58.08,Completed
ORD_8580,CUST_923,2025-01-18,Partner Offer,Event Walk-in,57.33,39.79,Completed
ORD_8581,CUST_299,2025-02-18,Creative Studio,Event Walk-in,82.72,52.57,Completed
ORD_8582,CUST_1162,2024-10-06,Media Package,Google Search,273.64,165.84,Refunded
ORD_8583,CUST_1127,2024-12-02,Membership,Event Walk-in,476.18,219.24,Completed
ORD_8584,CUST_691,2025-02-23,Workshop,Partnership,333.91,185.91,Completed
ORD_8585,CUST_100,2024-04-21,Creative Studio,TikTok,493.01,204.76,Completed
ORD_8586,CUST_1133,2024-11-04,Corporate Package,Referral,352.33,237.07,Completed
ORD_8587,CUST_519,2025-05-13,Corporate Package,TikTok,149.85,67.21,Completed
ORD_8588,CUST_838,2024-09-15,Workshop,Partnership,487.39,150.31,Completed
ORD_8589,CUST_423,2024-01-30,Media Package,LinkedIn,344.8,207.16,Completed
ORD_8590,CUST_1367,2024-04-11,Membership,LinkedIn,121.46,84.22,Completed
ORD_8591,CUST_328,2024-03-04,Media Package,Referral,135.27,83.43,Completed
ORD_8592,CUST_1327,2025-06-27,Corporate Package,Referral,429.13,250.71,Completed
ORD_8593,CUST_1391,2024-05-31,Creative Studio,Event Walk-in,447.17,281.46,Refunded
ORD_8594,CUST_210,2025-03-24,Event Ticket,Partnership,248.72,138.98,Completed
ORD_8595,CUST_65,2024-02-22,Media Package,Instagram,106.71,38.74,Completed
ORD_8596,CUST_39,2025-02-05,Partner Offer,Referral,382.95,184.87,Completed
ORD_8597,CUST_1018,2024-01-19,Partner Offer,Instagram,21.82,8.94,Completed
ORD_8598,CUST_238,2024-01-20,Membership,Instagram,151.49,74.05,Completed
ORD_8599,CUST_1122,2025-04-06,Workshop,Instagram,230.38,150.51,Completed
ORD_8600,CUST_410,2025-03-07,Creative Studio,LinkedIn,57.81,23.43,Completed
ORD_8601,CUST_551,2025-03-31,Event Ticket,Referral,336.17,160.49,Completed
ORD_8602,CUST_1048,2025-02-23,Corporate Package,Referral,354.43,226.21,Completed
ORD_8603,CUST_656,2025-02-17,Creative Studio,Google Search,48.5,24.51,Completed
ORD_8604,CUST_1018,2024-05-25,Creative Studio,Instagram,355.93,247.51,Completed
ORD_8605,CUST_208,2024-05-17,Creative Studio,TikTok,269.08,105.17,Completed
ORD_8606,CUST_402,2024-12-21,Event Ticket,LinkedIn,273.21,123.72,Completed
ORD_8607,CUST_148,2025-01-15,Event Ticket,Event Walk-in,459.6,195.35,Completed
ORD_8608,CUST_1072,2024-05-18,Workshop,LinkedIn,306.55,201.8,Completed
ORD_8609,CUST_1468,2024-01-31,Membership,Instagram,338.83,229.24,Completed
ORD_8610,CUST_434,2024-04-21,Partner Offer,Google Search,61.35,37.27,Completed
ORD_8611,CUST_107,2024-10-08,Membership,LinkedIn,434.14,176.54,Refunded
ORD_8612,CUST_803,2025-06-22,Corporate Package,Instagram,407.44,219.28,Completed
ORD_8613,CUST_1461,2024-10-20,Media Package,Instagram,418.93,169.16,Completed
ORD_8614,CUST_398,2025-06-17,Creative Studio,Partnership,198.91,138.38,Refunded
ORD_8615,CUST_1485,2024-08-03,Media Package,Partnership,98.72,68.26,Cancelled
ORD_8616,CUST_1393,2024-03-16,Workshop,TikTok,163.13,51.08,Completed
ORD_8617,CUST_1334,2024-01-23,Corporate Package,Google Search,445.97,273.81,Completed
ORD_8618,CUST_789,2025-01-20,Membership,Event Walk-in,259.2,128.45,Refunded
ORD_8619,CUST_125,2024-02-09,Partner Offer,Partnership,203.35,111.4,Completed
ORD_8620,CUST_1259,2024-05-17,Partner Offer,TikTok,479.42,249.38,Completed
ORD_8621,CUST_1429,2024-05-20,Workshop,Instagram,161.84,104.65,Completed
ORD_8622,CUST_621,2024-04-14,Creative Studio,TikTok,486.06,287.84,Completed
ORD_8623,CUST_1354,2024-05-17,Event Ticket,Partnership,474.81,312.83,Cancelled
ORD_8624,CUST_1401,2024-02-11,Creative Studio,Instagram,286.04,164.3,Completed
ORD_8625,CUST_1430,2025-05-30,Creative Studio,Event Walk-in,68.17,35.22,Completed
ORD_8626,CUST_1313,2024-07-19,Media Package,Referral,226.41,71.31,Completed
ORD_8627,CUST_1108,2024-06-21,Media Package,TikTok,390.12,243.58,Completed
ORD_8628,CUST_236,2024-08-03,Event Ticket,Referral,38.75,18.18,Completed
ORD_8629,CUST_1036,2024-11-04,Workshop,Partnership,51.26,34.87,Completed
ORD_8630,CUST_732,2024-01-29,Media Package,LinkedIn,475.04,173.19,Completed
ORD_8631,CUST_101,2025-06-07,Membership,Partnership,465.52,235.7,Completed
ORD_8632,CUST_263,2024-05-11,Event Ticket,LinkedIn,79.32,34.06,Cancelled
ORD_8633,CUST_157,2024-08-29,Workshop,LinkedIn,374.47,156.4,Cancelled
ORD_8634,CUST_1021,2024-06-16,Membership,Partnership,429.58,143.29,Completed
ORD_8635,CUST_271,2024-08-11,Event Ticket,Instagram,318.21,137.57,Cancelled
ORD_8636,CUST_890,2024-11-14,Membership,Partnership,88.95,55.91,Completed
ORD_8637,CUST_159,2024-03-22,Event Ticket,Referral,149.67,62.01,Completed
ORD_8638,CUST_312,2024-11-14,Media Package,Partnership,209.56,103.78,Completed
ORD_8639,CUST_669,2025-04-07,Corporate Package,Partnership,93.62,50.18,Completed
ORD_8640,CUST_1052,2024-01-09,Creative Studio,Referral,221.42,92.88,Refunded
ORD_8641,CUST_961,2025-06-30,Corporate Package,Event Walk-in,81.04,51.07,Completed
ORD_8642,CUST_177,2024-08-21,Event Ticket,Referral,20.01,7.95,Completed
ORD_8643,CUST_1391,2024-06-27,Event Ticket,Event Walk-in,313.77,208.92,Completed
ORD_8644,CUST_476,2024-02-06,Creative Studio,Partnership,148.49,102.32,Completed
ORD_8645,CUST_804,2024-12-16,Partner Offer,LinkedIn,265.9,147.58,Completed
ORD_8646,CUST_1431,2024-09-07,Partner Offer,LinkedIn,406.53,212.96,Completed
ORD_8647,CUST_1003,2025-06-10,Creative Studio,LinkedIn,214.08,66.85,Completed
ORD_8648,CUST_1317,2024-03-19,Membership,Event Walk-in,51.68,30.71,Completed
ORD_8649,CUST_1376,2024-08-02,Workshop,Referral,94.34,45.98,Completed
ORD_8650,CUST_656,2025-06-18,Workshop,Google Search,169.9,82.35,Completed
ORD_8651,CUST_329,2024-03-19,Event Ticket,Event Walk-in,210.59,129.24,Completed
ORD_8652,CUST_141,2024-03-23,Creative Studio,LinkedIn,37.88,15.97,Cancelled
ORD_8653,CUST_1310,2025-06-24,Media Package,Instagram,324.94,103.45,Completed
ORD_8654,CUST_226,2024-10-14,Membership,Google Search,160.48,104.04,Completed
ORD_8655,CUST_1250,2024-01-05,Event Ticket,Partnership,216.07,87.64,Completed
ORD_8656,CUST_749,2024-02-23,Partner Offer,Event Walk-in,44.28,24.29,Completed
ORD_8657,CUST_346,2025-06-29,Workshop,Referral,249.72,149.4,Refunded
ORD_8658,CUST_456,2024-03-03,Partner Offer,TikTok,119.86,37.94,Completed
ORD_8659,CUST_919,2024-07-20,Membership,Partnership,279.41,144.94,Completed
ORD_8660,CUST_1310,2024-05-31,Partner Offer,Instagram,189.65,115.18,Completed
ORD_8661,CUST_594,2024-03-22,Event Ticket,LinkedIn,446.97,141.41,Completed
ORD_8662,CUST_1178,2025-06-06,Event Ticket,Referral,355.08,194.07,Completed
ORD_8663,CUST_846,2025-03-01,Workshop,Google Search,484.41,180.14,Completed
ORD_8664,CUST_983,2025-04-20,Membership,TikTok,332.85,130.34,Cancelled
ORD_8665,CUST_895,2025-06-15,Event Ticket,Google Search,484.56,178.21,Completed
ORD_8666,CUST_1487,2025-04-19,Creative Studio,Referral,477.59,263.15,Completed
ORD_8667,CUST_186,2024-02-02,Media Package,Partnership,89.82,62.09,Completed
ORD_8668,CUST_406,2024-03-16,Workshop,Referral,74.14,23.04,Refunded
ORD_8669,CUST_261,2024-01-19,Media Package,Event Walk-in,371.79,172.37,Completed
ORD_8670,CUST_1226,2024-12-24,Corporate Package,Instagram,112.3,72.02,Completed
ORD_8671,CUST_1006,2024-12-08,Media Package,TikTok,102.57,35.14,Completed
ORD_8672,CUST_465,2025-01-14,Membership,Instagram,33.51,11.27,Completed
ORD_8673,CUST_613,2024-01-24,Event Ticket,Google Search,145.05,73.98,Completed
ORD_8674,CUST_245,2025-03-21,Corporate Package,Referral,492.79,305.1,Refunded
ORD_8675,CUST_644,2024-03-25,Media Package,Google Search,370.4,163.65,Completed
ORD_8676,CUST_1050,2024-05-18,Partner Offer,Partnership,102.27,52.12,Completed
ORD_8677,CUST_1006,2024-11-21,Membership,TikTok,253.96,105.73,Completed
ORD_8678,CUST_617,2024-12-04,Creative Studio,Partnership,150.32,94.24,Refunded
ORD_8679,CUST_1326,2024-04-05,Corporate Package,LinkedIn,457.75,312.74,Completed
ORD_8680,CUST_269,2025-03-14,Event Ticket,Google Search,101.52,63.64,Completed
ORD_8681,CUST_469,2025-02-20,Workshop,Event Walk-in,41.27,14.39,Completed
ORD_8682,CUST_680,2024-10-12,Partner Offer,Google Search,183.25,101.54,Completed
ORD_8683,CUST_1489,2024-06-25,Corporate Package,Google Search,127.47,54.35,Refunded
ORD_8684,CUST_1336,2025-06-03,Creative Studio,Instagram,332.88,204.15,Completed
ORD_8685,CUST_1030,2024-09-04,Event Ticket,Referral,33.46,18.29,Refunded
ORD_8686,CUST_527,2024-10-29,Corporate Package,Google Search,280.52,169.57,Refunded
ORD_8687,CUST_1289,2024-05-28,Membership,Referral,403.4,173.14,Refunded
ORD_8688,CUST_130,2024-09-29,Media Package,Instagram,478.57,330.29,Completed
ORD_8689,CUST_1030,2025-04-24,Media Package,Referral,236.85,152.62,Completed
ORD_8690,CUST_417,2025-02-21,Partner Offer,Event Walk-in,374.87,185.98,Completed
ORD_8691,CUST_1434,2024-05-07,Event Ticket,Referral,258.8,78.78,Completed
ORD_8692,CUST_656,2025-04-19,Event Ticket,Google Search,156.03,66.79,Completed
ORD_8693,CUST_927,2024-04-05,Partner Offer,Partnership,92.59,45.72,Completed
ORD_8694,CUST_1292,2024-06-09,Event Ticket,Instagram,40.93,16.94,Refunded
ORD_8695,CUST_1499,2025-05-01,Membership,Partnership,87.83,35.79,Completed
ORD_8696,CUST_1352,2025-03-23,Media Package,Google Search,445.21,307.57,Completed
ORD_8697,CUST_549,2025-04-29,Event Ticket,Google Search,61.1,20.12,Completed
ORD_8698,CUST_146,2024-12-05,Media Package,Referral,383.8,120.17,Completed
ORD_8699,CUST_60,2024-02-13,Membership,LinkedIn,350.32,208.36,Completed
ORD_8700,CUST_64,2024-08-23,Workshop,Event Walk-in,63.68,22.48,Completed
ORD_8701,CUST_676,2024-11-17,Event Ticket,Instagram,193.41,100.07,Completed
ORD_8702,CUST_850,2025-05-23,Corporate Package,Google Search,403.6,275.89,Refunded
ORD_8703,CUST_1369,2024-08-23,Corporate Package,Event Walk-in,342.5,207.68,Completed
ORD_8704,CUST_1198,2025-05-11,Membership,Event Walk-in,118.79,67.88,Completed
ORD_8705,CUST_1026,2024-01-30,Media Package,TikTok,152.13,70.62,Refunded
ORD_8706,CUST_152,2024-12-18,Workshop,Partnership,459.08,311.7,Completed
ORD_8707,CUST_495,2024-05-03,Membership,Instagram,290.07,164.88,Completed
ORD_8708,CUST_935,2025-01-03,Event Ticket,Partnership,439.52,290.44,Completed
ORD_8709,CUST_832,2024-02-17,Event Ticket,LinkedIn,128.04,50.74,Completed
ORD_8710,CUST_380,2024-04-20,Membership,LinkedIn,430.6,278.04,Completed
ORD_8711,CUST_621,2025-06-23,Membership,TikTok,111.17,65.82,Cancelled
ORD_8712,CUST_705,2024-10-06,Workshop,Google Search,261.41,104.64,Refunded
ORD_8713,CUST_185,2025-03-18,Event Ticket,Partnership,436.95,297.31,Completed
ORD_8714,CUST_854,2024-03-26,Event Ticket,Event Walk-in,41.69,26.22,Completed
ORD_8715,CUST_817,2024-11-30,Workshop,TikTok,69.77,45.17,Completed
ORD_8716,CUST_835,2025-04-21,Partner Offer,Partnership,21.5,14.6,Completed
ORD_8717,CUST_1491,2024-02-28,Workshop,LinkedIn,234.82,78.58,Completed
ORD_8718,CUST_1354,2024-02-29,Corporate Package,Partnership,78.84,43.98,Completed
ORD_8719,CUST_1030,2024-12-15,Partner Offer,Referral,379.16,223.16,Completed
ORD_8720,CUST_358,2024-08-23,Workshop,TikTok,57.13,27.47,Completed
ORD_8721,CUST_1194,2025-01-03,Workshop,Referral,37.25,23.69,Refunded
ORD_8722,CUST_186,2025-01-20,Membership,Partnership,68.43,24.28,Completed
ORD_8723,CUST_979,2024-11-05,Creative Studio,Event Walk-in,403.5,270.56,Completed
ORD_8724,CUST_325,2024-10-09,Partner Offer,Referral,402.68,139.51,Completed
ORD_8725,CUST_190,2024-04-26,Workshop,TikTok,177.56,59.31,Completed
ORD_8726,CUST_839,2024-06-26,Partner Offer,Event Walk-in,79.31,50.98,Completed
ORD_8727,CUST_256,2024-02-18,Event Ticket,TikTok,164.97,82.46,Completed
ORD_8728,CUST_1200,2025-03-30,Membership,Referral,438.82,174.12,Completed
ORD_8729,CUST_584,2025-04-21,Partner Offer,Google Search,381.06,238.49,Refunded
ORD_8730,CUST_1465,2024-12-18,Media Package,Partnership,475.33,218.3,Refunded
ORD_8731,CUST_53,2024-02-06,Workshop,Event Walk-in,361.22,120.18,Completed
ORD_8732,CUST_209,2024-03-06,Corporate Package,Google Search,380.86,213.98,Completed
ORD_8733,CUST_268,2024-01-13,Corporate Package,LinkedIn,165.12,103.55,Completed
ORD_8734,CUST_1268,2025-05-21,Workshop,Event Walk-in,381.17,215.24,Completed
ORD_8735,CUST_1474,2025-03-13,Workshop,Google Search,291.34,104.12,Completed
ORD_8736,CUST_891,2024-03-06,Creative Studio,LinkedIn,435.86,248.76,Completed
ORD_8737,CUST_892,2024-11-06,Media Package,Partnership,469.61,278.73,Completed
ORD_8738,CUST_971,2024-12-29,Creative Studio,Referral,452.77,291.97,Completed
ORD_8739,CUST_354,2024-08-15,Event Ticket,TikTok,430.53,222.0,Completed
ORD_8740,CUST_1189,2024-02-14,Membership,Referral,330.58,211.04,Cancelled
ORD_8741,CUST_896,2025-03-14,Workshop,Referral,81.47,50.03,Completed
ORD_8742,CUST_18,2025-03-30,Creative Studio,Google Search,158.62,107.99,Completed
ORD_8743,CUST_1477,2024-07-06,Media Package,LinkedIn,309.0,173.08,Completed
ORD_8744,CUST_292,2024-03-13,Creative Studio,Partnership,222.14,78.34,Completed
ORD_8745,CUST_343,2024-03-05,Membership,Referral,334.59,107.33,Cancelled
ORD_8746,CUST_547,2024-12-24,Membership,TikTok,59.2,38.18,Completed
ORD_8747,CUST_1202,2025-02-19,Creative Studio,Google Search,208.12,133.62,Completed
ORD_8748,CUST_1470,2025-05-22,Workshop,Partnership,409.48,195.85,Completed
ORD_8749,CUST_488,2025-04-07,Creative Studio,Event Walk-in,203.74,85.89,Completed
ORD_8750,CUST_127,2024-12-07,Workshop,Referral,324.8,175.26,Completed
ORD_8751,CUST_787,2025-03-03,Workshop,Google Search,102.45,54.64,Refunded
ORD_8752,CUST_1015,2024-10-16,Workshop,Event Walk-in,495.93,153.74,Completed
ORD_8753,CUST_159,2025-03-31,Partner Offer,Referral,338.56,112.09,Completed
ORD_8754,CUST_1208,2024-09-19,Creative Studio,TikTok,351.31,206.24,Completed
ORD_8755,CUST_706,2024-06-22,Partner Offer,LinkedIn,408.77,216.94,Completed
ORD_8756,CUST_994,2024-06-01,Creative Studio,Partnership,316.52,175.33,Completed
ORD_8757,CUST_1372,2024-05-21,Membership,TikTok,175.86,87.54,Completed
ORD_8758,CUST_1109,2025-06-17,Corporate Package,TikTok,38.42,12.12,Completed
ORD_8759,CUST_1312,2024-03-15,Membership,Event Walk-in,42.89,28.53,Completed
ORD_8760,CUST_296,2024-10-15,Membership,Partnership,90.8,55.33,Completed
ORD_8761,CUST_172,2024-04-17,Corporate Package,Event Walk-in,41.31,18.01,Cancelled
ORD_8762,CUST_492,2024-02-07,Event Ticket,LinkedIn,151.24,71.25,Completed
ORD_8763,CUST_1218,2024-09-09,Workshop,Partnership,267.22,130.14,Completed
ORD_8764,CUST_669,2024-11-12,Corporate Package,Partnership,79.91,53.49,Completed
ORD_8765,CUST_368,2024-02-27,Event Ticket,TikTok,496.36,222.8,Refunded
ORD_8766,CUST_286,2024-11-05,Event Ticket,Partnership,56.61,17.2,Completed
ORD_8767,CUST_1150,2025-05-09,Partner Offer,LinkedIn,111.43,56.83,Completed
ORD_8768,CUST_1068,2024-04-09,Workshop,Event Walk-in,224.98,110.09,Completed
ORD_8769,CUST_1033,2025-06-05,Membership,Google Search,311.06,182.14,Completed
ORD_8770,CUST_1050,2025-01-13,Partner Offer,Partnership,250.06,147.25,Completed
ORD_8771,CUST_1465,2024-01-07,Workshop,Partnership,257.43,175.9,Completed
ORD_8772,CUST_764,2025-04-07,Event Ticket,Google Search,346.18,135.28,Completed
ORD_8773,CUST_629,2024-06-30,Creative Studio,LinkedIn,103.89,41.27,Completed
ORD_8774,CUST_637,2024-03-16,Partner Offer,Referral,394.09,175.28,Completed
ORD_8775,CUST_1046,2024-08-16,Partner Offer,TikTok,239.09,81.11,Completed
ORD_8776,CUST_1320,2025-04-13,Corporate Package,Google Search,160.16,82.48,Completed
ORD_8777,CUST_1055,2025-04-08,Media Package,Google Search,147.45,47.45,Completed
ORD_8778,CUST_1257,2025-04-28,Creative Studio,Instagram,484.18,216.21,Completed
ORD_8779,CUST_1216,2025-02-02,Media Package,Instagram,335.58,187.35,Completed
ORD_8780,CUST_437,2024-01-03,Corporate Package,Partnership,30.28,13.59,Refunded
ORD_8781,CUST_1335,2024-05-30,Event Ticket,LinkedIn,23.24,8.3,Refunded
ORD_8782,CUST_232,2025-05-12,Partner Offer,Event Walk-in,197.36,104.71,Completed
ORD_8783,CUST_729,2024-03-16,Corporate Package,Event Walk-in,493.27,190.54,Completed
ORD_8784,CUST_1383,2024-05-19,Media Package,LinkedIn,24.55,16.16,Completed
ORD_8785,CUST_481,2024-01-29,Corporate Package,Google Search,133.38,77.06,Completed
ORD_8786,CUST_1247,2025-02-18,Corporate Package,Referral,336.79,228.13,Completed
ORD_8787,CUST_33,2024-09-16,Partner Offer,Partnership,278.79,158.76,Completed
ORD_8788,CUST_1107,2024-06-30,Workshop,Instagram,308.4,108.77,Completed
ORD_8789,CUST_451,2024-09-10,Creative Studio,LinkedIn,368.38,143.17,Completed
ORD_8790,CUST_496,2025-03-28,Media Package,Partnership,23.51,12.77,Completed
ORD_8791,CUST_1054,2025-01-09,Workshop,Google Search,132.59,59.97,Refunded
ORD_8792,CUST_1249,2025-04-15,Membership,LinkedIn,433.64,152.68,Completed
ORD_8793,CUST_478,2024-03-28,Partner Offer,LinkedIn,408.31,231.81,Completed
ORD_8794,CUST_790,2024-10-22,Corporate Package,Partnership,51.37,35.23,Completed
ORD_8795,CUST_1028,2024-11-17,Workshop,Instagram,425.23,263.44,Completed
ORD_8796,CUST_1053,2024-10-07,Creative Studio,Partnership,164.92,113.26,Completed
ORD_8797,CUST_1145,2024-10-24,Creative Studio,Google Search,168.06,78.84,Cancelled
ORD_8798,CUST_315,2024-05-02,Membership,TikTok,300.05,158.13,Completed
ORD_8799,CUST_815,2024-04-23,Partner Offer,TikTok,186.71,99.11,Completed
ORD_8800,CUST_327,2025-01-30,Event Ticket,TikTok,185.34,63.17,Completed
ORD_8801,CUST_1436,2025-05-27,Membership,LinkedIn,69.07,32.95,Completed
ORD_8802,CUST_411,2024-08-29,Corporate Package,Partnership,45.86,31.03,Completed
ORD_8803,CUST_313,2024-02-05,Corporate Package,Referral,360.69,163.32,Completed
ORD_8804,CUST_234,2025-03-16,Event Ticket,Referral,398.73,254.65,Refunded
ORD_8805,CUST_781,2024-10-26,Media Package,Partnership,139.53,79.35,Completed
ORD_8806,CUST_331,2025-03-28,Creative Studio,Partnership,139.51,45.71,Completed
ORD_8807,CUST_1417,2024-05-16,Creative Studio,Instagram,158.63,74.82,Completed
ORD_8808,CUST_131,2025-06-25,Partner Offer,LinkedIn,221.81,153.92,Completed
ORD_8809,CUST_1164,2024-04-21,Workshop,TikTok,185.89,73.63,Completed
ORD_8810,CUST_372,2025-05-09,Event Ticket,Referral,119.09,48.36,Completed
ORD_8811,CUST_656,2025-05-14,Workshop,Google Search,164.64,66.51,Refunded
ORD_8812,CUST_625,2024-09-17,Workshop,Referral,467.58,151.19,Completed
ORD_8813,CUST_1413,2024-06-12,Media Package,Event Walk-in,102.86,52.68,Completed
ORD_8814,CUST_1069,2024-04-18,Event Ticket,Google Search,146.06,54.52,Completed
ORD_8815,CUST_23,2024-06-15,Media Package,Referral,205.18,131.22,Completed
ORD_8816,CUST_73,2024-01-15,Media Package,Partnership,93.31,37.73,Completed
ORD_8817,CUST_389,2024-07-28,Partner Offer,Instagram,270.78,130.79,Completed
ORD_8818,CUST_262,2024-09-01,Membership,Google Search,167.92,50.59,Completed
ORD_8819,CUST_487,2024-02-28,Partner Offer,Referral,305.05,159.74,Refunded
ORD_8820,CUST_258,2025-02-11,Partner Offer,Referral,382.8,154.12,Completed
ORD_8821,CUST_753,2024-06-15,Partner Offer,Event Walk-in,94.81,64.36,Completed
ORD_8822,CUST_1104,2025-01-31,Membership,Partnership,309.37,199.47,Completed
ORD_8823,CUST_1352,2024-04-07,Corporate Package,Google Search,369.92,214.49,Completed
ORD_8824,CUST_857,2025-04-12,Workshop,Instagram,131.02,81.21,Completed
ORD_8825,CUST_1489,2024-03-22,Partner Offer,Google Search,216.48,82.25,Completed
ORD_8826,CUST_395,2024-03-25,Membership,TikTok,308.05,153.14,Completed
ORD_8827,CUST_1126,2024-08-22,Media Package,Instagram,226.12,133.26,Completed
ORD_8828,CUST_235,2025-02-18,Media Package,Partnership,213.53,134.09,Refunded
ORD_8829,CUST_1463,2025-03-26,Workshop,TikTok,52.29,27.68,Cancelled
ORD_8830,CUST_1497,2025-03-17,Partner Offer,Event Walk-in,201.82,115.43,Cancelled
ORD_8831,CUST_787,2025-03-24,Workshop,Google Search,203.44,133.14,Completed
ORD_8832,CUST_55,2024-06-26,Media Package,Partnership,135.38,40.9,Completed
ORD_8833,CUST_467,2024-04-06,Partner Offer,LinkedIn,433.49,177.34,Completed
ORD_8834,CUST_588,2025-03-19,Partner Offer,Event Walk-in,461.77,254.28,Completed
ORD_8835,CUST_168,2025-02-20,Corporate Package,TikTok,71.05,24.66,Completed
ORD_8836,CUST_100,2025-05-19,Event Ticket,TikTok,406.96,174.8,Completed
ORD_8837,CUST_205,2024-08-08,Membership,Event Walk-in,422.6,249.52,Cancelled
ORD_8838,CUST_67,2024-04-23,Partner Offer,Google Search,62.97,31.06,Completed
ORD_8839,CUST_1464,2024-03-15,Corporate Package,Partnership,227.29,128.74,Completed
ORD_8840,CUST_892,2024-05-23,Event Ticket,Partnership,56.72,20.24,Completed
ORD_8841,CUST_62,2024-05-06,Partner Offer,Instagram,351.18,139.24,Completed
ORD_8842,CUST_339,2025-03-30,Corporate Package,Google Search,407.95,244.7,Cancelled
ORD_8843,CUST_951,2025-02-16,Partner Offer,TikTok,28.75,13.7,Completed
ORD_8844,CUST_1247,2024-08-12,Event Ticket,Referral,222.52,122.83,Completed
ORD_8845,CUST_1362,2025-05-01,Membership,LinkedIn,65.82,21.52,Completed
ORD_8846,CUST_1294,2024-06-02,Workshop,Event Walk-in,333.19,213.49,Completed
ORD_8847,CUST_30,2024-05-27,Media Package,TikTok,265.49,91.31,Completed
ORD_8848,CUST_1098,2025-02-28,Corporate Package,LinkedIn,142.69,98.25,Completed
ORD_8849,CUST_127,2025-04-03,Workshop,Referral,351.97,233.8,Completed
ORD_8850,CUST_1111,2024-01-10,Creative Studio,TikTok,84.25,35.64,Completed
ORD_8851,CUST_107,2024-12-22,Corporate Package,LinkedIn,161.89,84.32,Completed
ORD_8852,CUST_482,2024-01-18,Media Package,Event Walk-in,357.8,246.36,Completed
ORD_8853,CUST_548,2025-01-21,Workshop,Partnership,496.56,258.15,Completed
ORD_8854,CUST_907,2024-09-11,Media Package,TikTok,460.63,156.63,Completed
ORD_8855,CUST_1209,2024-10-03,Creative Studio,TikTok,161.93,55.4,Completed
ORD_8856,CUST_309,2025-05-29,Media Package,LinkedIn,234.59,135.69,Completed
ORD_8857,CUST_252,2025-01-10,Workshop,Instagram,391.51,259.58,Completed
ORD_8858,CUST_420,2024-05-08,Partner Offer,Referral,234.39,145.56,Refunded
ORD_8859,CUST_990,2025-05-19,Workshop,Partnership,178.23,119.66,Completed
ORD_8860,CUST_705,2024-05-28,Corporate Package,Google Search,165.24,61.75,Completed
ORD_8861,CUST_433,2025-06-02,Membership,Instagram,239.4,108.65,Completed
ORD_8862,CUST_1134,2024-03-19,Workshop,Google Search,430.69,169.21,Completed
ORD_8863,CUST_758,2024-08-07,Media Package,Partnership,403.74,220.19,Completed
ORD_8864,CUST_353,2024-09-29,Membership,Referral,479.63,301.29,Completed
ORD_8865,CUST_848,2024-03-10,Event Ticket,TikTok,119.67,74.25,Refunded
ORD_8866,CUST_1029,2024-05-16,Corporate Package,Referral,86.59,30.86,Completed
ORD_8867,CUST_84,2024-03-09,Event Ticket,LinkedIn,237.84,77.81,Completed
ORD_8868,CUST_1030,2024-03-08,Corporate Package,Referral,436.61,299.29,Completed
ORD_8869,CUST_987,2024-06-03,Media Package,Referral,168.88,52.31,Completed
ORD_8870,CUST_199,2025-01-21,Corporate Package,Google Search,383.43,253.82,Refunded
ORD_8871,CUST_1155,2024-07-14,Workshop,Event Walk-in,405.84,184.53,Completed
ORD_8872,CUST_216,2024-08-05,Media Package,Partnership,361.5,188.33,Completed
ORD_8873,CUST_853,2025-04-23,Membership,Instagram,280.81,138.46,Refunded
ORD_8874,CUST_680,2024-06-09,Media Package,Google Search,155.47,59.91,Completed
ORD_8875,CUST_368,2024-11-10,Membership,TikTok,253.5,173.6,Completed
ORD_8876,CUST_598,2025-03-01,Partner Offer,Partnership,282.58,122.74,Completed
ORD_8877,CUST_164,2024-08-04,Event Ticket,Instagram,267.79,134.01,Completed
ORD_8878,CUST_1334,2024-05-16,Partner Offer,Google Search,450.31,268.11,Completed
ORD_8879,CUST_1018,2024-05-20,Media Package,Instagram,32.93,17.97,Completed
ORD_8880,CUST_1469,2024-10-01,Membership,TikTok,432.25,255.46,Completed
ORD_8881,CUST_944,2025-04-13,Event Ticket,Referral,80.31,37.95,Completed
ORD_8882,CUST_391,2025-02-19,Membership,LinkedIn,431.94,131.33,Completed
ORD_8883,CUST_447,2025-05-11,Media Package,TikTok,307.44,138.84,Completed
ORD_8884,CUST_813,2025-05-07,Workshop,Partnership,172.07,52.38,Completed
ORD_8885,CUST_683,2024-11-10,Workshop,Google Search,115.08,54.31,Completed
ORD_8886,CUST_569,2024-11-18,Media Package,Partnership,68.32,47.21,Completed
ORD_8887,CUST_570,2024-04-30,Membership,Partnership,121.62,51.56,Completed
ORD_8888,CUST_1174,2024-01-24,Media Package,LinkedIn,414.15,208.26,Completed
ORD_8889,CUST_415,2024-02-15,Corporate Package,TikTok,258.24,120.67,Completed
ORD_8890,CUST_760,2025-05-22,Membership,Partnership,313.51,102.91,Completed
ORD_8891,CUST_593,2024-12-07,Event Ticket,Event Walk-in,409.52,270.47,Completed
ORD_8892,CUST_918,2024-12-29,Partner Offer,Google Search,79.38,50.84,Completed
ORD_8893,CUST_162,2024-02-23,Event Ticket,LinkedIn,145.98,77.78,Completed
ORD_8894,CUST_536,2025-06-16,Event Ticket,Google Search,138.13,54.27,Completed
ORD_8895,CUST_947,2024-03-14,Event Ticket,Partnership,287.87,197.53,Refunded
ORD_8896,CUST_360,2024-12-12,Partner Offer,Google Search,309.73,115.97,Completed
ORD_8897,CUST_1154,2025-01-08,Corporate Package,LinkedIn,50.4,23.47,Completed
ORD_8898,CUST_1246,2024-07-27,Corporate Package,Instagram,244.32,139.49,Completed
ORD_8899,CUST_163,2024-08-10,Corporate Package,Event Walk-in,77.92,40.97,Completed
ORD_8900,CUST_25,2025-03-16,Membership,LinkedIn,294.35,106.41,Cancelled
ORD_8901,CUST_3,2025-05-01,Creative Studio,TikTok,247.44,165.58,Completed
ORD_8902,CUST_1166,2024-10-27,Membership,TikTok,181.3,81.29,Completed
ORD_8903,CUST_1125,2024-07-08,Corporate Package,LinkedIn,182.28,71.16,Completed
ORD_8904,CUST_1314,2024-06-11,Media Package,Google Search,178.45,105.7,Completed
ORD_8905,CUST_499,2025-02-02,Corporate Package,TikTok,372.14,137.56,Refunded
ORD_8906,CUST_990,2024-10-17,Partner Offer,Partnership,250.85,137.88,Completed
ORD_8907,CUST_714,2025-06-13,Membership,Partnership,229.21,151.21,Cancelled
ORD_8908,CUST_1247,2024-12-09,Workshop,Referral,239.91,79.25,Completed
ORD_8909,CUST_1027,2024-09-22,Corporate Package,Instagram,212.79,102.56,Completed
ORD_8910,CUST_227,2025-05-09,Partner Offer,Referral,149.93,56.9,Completed
ORD_8911,CUST_101,2024-05-27,Membership,Partnership,86.53,29.06,Completed
ORD_8912,CUST_266,2025-04-27,Corporate Package,Google Search,186.64,56.35,Completed
ORD_8913,CUST_644,2024-02-14,Corporate Package,Google Search,292.47,160.19,Completed
ORD_8914,CUST_1092,2024-11-09,Event Ticket,Instagram,223.65,144.82,Completed
ORD_8915,CUST_869,2025-02-26,Media Package,TikTok,22.44,14.98,Refunded
ORD_8916,CUST_231,2024-04-18,Creative Studio,LinkedIn,73.75,42.8,Completed
ORD_8917,CUST_264,2025-05-22,Workshop,Instagram,80.7,55.43,Completed
ORD_8918,CUST_276,2024-05-14,Creative Studio,Google Search,378.21,226.04,Completed
ORD_8919,CUST_672,2025-05-22,Corporate Package,TikTok,154.44,101.84,Completed
ORD_8920,CUST_685,2024-04-11,Creative Studio,Google Search,355.56,161.5,Completed
ORD_8921,CUST_1385,2025-01-13,Event Ticket,LinkedIn,374.73,163.5,Completed
ORD_8922,CUST_736,2025-05-18,Media Package,Instagram,75.24,24.69,Completed
ORD_8923,CUST_892,2025-01-20,Corporate Package,Partnership,306.05,166.32,Completed
ORD_8924,CUST_995,2024-07-06,Event Ticket,Google Search,395.63,159.49,Completed
ORD_8925,CUST_829,2024-05-02,Workshop,Referral,40.56,15.7,Completed
ORD_8926,CUST_1224,2024-06-19,Partner Offer,Referral,114.86,38.11,Completed
ORD_8927,CUST_173,2024-03-04,Partner Offer,Event Walk-in,416.87,199.85,Completed
ORD_8928,CUST_959,2024-07-19,Media Package,Referral,464.74,139.93,Completed
ORD_8929,CUST_219,2024-11-27,Event Ticket,Partnership,250.24,121.09,Completed
ORD_8930,CUST_1181,2024-03-17,Corporate Package,Event Walk-in,431.72,252.73,Refunded
ORD_8931,CUST_770,2025-03-12,Event Ticket,LinkedIn,59.04,20.14,Completed
ORD_8932,CUST_1368,2024-06-30,Corporate Package,Google Search,460.65,227.85,Completed
ORD_8933,CUST_1064,2025-03-13,Corporate Package,Instagram,324.44,147.2,Cancelled
ORD_8934,CUST_1163,2024-12-04,Corporate Package,Google Search,358.43,240.93,Completed
ORD_8935,CUST_384,2024-06-09,Media Package,TikTok,419.88,187.69,Completed
ORD_8936,CUST_1027,2024-11-05,Membership,Instagram,406.36,277.14,Refunded
ORD_8937,CUST_335,2024-04-09,Media Package,Instagram,424.28,221.05,Completed
ORD_8938,CUST_375,2024-03-07,Partner Offer,Google Search,171.04,118.06,Completed
ORD_8939,CUST_295,2024-02-13,Workshop,Google Search,95.05,52.04,Completed
ORD_8940,CUST_293,2025-02-02,Creative Studio,Instagram,223.94,118.05,Cancelled
ORD_8941,CUST_346,2025-01-26,Event Ticket,Referral,413.49,228.92,Completed
ORD_8942,CUST_1228,2024-06-04,Corporate Package,Referral,143.65,44.21,Cancelled
ORD_8943,CUST_704,2024-04-29,Corporate Package,TikTok,195.54,117.48,Completed
ORD_8944,CUST_581,2024-08-15,Partner Offer,Partnership,345.52,232.82,Completed
ORD_8945,CUST_1053,2025-04-20,Partner Offer,Partnership,57.51,19.8,Completed
ORD_8946,CUST_1333,2024-10-08,Event Ticket,LinkedIn,379.71,207.1,Completed
ORD_8947,CUST_1028,2024-06-26,Corporate Package,Instagram,157.85,56.41,Completed
ORD_8948,CUST_1025,2025-03-14,Media Package,Event Walk-in,408.08,202.56,Completed
ORD_8949,CUST_1359,2024-09-13,Creative Studio,Instagram,384.79,195.69,Completed
ORD_8950,CUST_780,2025-04-30,Partner Offer,Partnership,359.31,116.31,Completed
ORD_8951,CUST_583,2025-01-31,Workshop,Instagram,244.43,140.15,Completed
ORD_8952,CUST_461,2024-03-06,Membership,Event Walk-in,38.63,18.32,Refunded
ORD_8953,CUST_773,2024-02-23,Creative Studio,Referral,457.26,137.31,Completed
ORD_8954,CUST_589,2024-02-23,Workshop,Instagram,400.36,197.32,Refunded
ORD_8955,CUST_460,2024-05-23,Corporate Package,Google Search,491.81,257.13,Completed
ORD_8956,CUST_1422,2024-08-25,Creative Studio,Instagram,311.58,100.63,Completed
ORD_8957,CUST_55,2024-12-01,Corporate Package,Partnership,163.55,74.29,Completed
ORD_8958,CUST_482,2024-10-15,Membership,Event Walk-in,269.02,182.14,Completed
ORD_8959,CUST_1440,2024-08-11,Event Ticket,LinkedIn,342.62,112.01,Completed
ORD_8960,CUST_264,2024-07-06,Corporate Package,Instagram,270.01,84.57,Completed
ORD_8961,CUST_1348,2024-12-09,Partner Offer,Referral,118.87,50.99,Completed
ORD_8962,CUST_1252,2024-12-09,Membership,Google Search,401.36,199.56,Refunded
ORD_8963,CUST_198,2024-08-07,Corporate Package,Event Walk-in,124.78,74.63,Completed
ORD_8964,CUST_1245,2024-10-22,Event Ticket,Event Walk-in,112.26,44.68,Completed
ORD_8965,CUST_44,2025-03-10,Media Package,Event Walk-in,464.88,272.67,Completed
ORD_8966,CUST_1200,2024-07-01,Corporate Package,Referral,185.58,91.24,Completed
ORD_8967,CUST_498,2024-11-30,Media Package,LinkedIn,24.8,9.86,Completed
ORD_8968,CUST_872,2024-02-14,Partner Offer,LinkedIn,463.42,246.85,Refunded
ORD_8969,CUST_929,2024-01-04,Corporate Package,TikTok,25.06,16.14,Completed
ORD_8970,CUST_819,2024-12-05,Partner Offer,Partnership,257.83,121.92,Completed
ORD_8971,CUST_1185,2024-03-12,Partner Offer,TikTok,260.23,112.46,Completed
ORD_8972,CUST_1409,2024-05-01,Corporate Package,Instagram,258.6,116.34,Completed
ORD_8973,CUST_762,2024-04-02,Creative Studio,TikTok,287.07,94.52,Completed
ORD_8974,CUST_1264,2025-01-19,Event Ticket,LinkedIn,270.52,114.36,Refunded
ORD_8975,CUST_34,2024-12-09,Creative Studio,Event Walk-in,448.29,147.08,Refunded
ORD_8976,CUST_703,2024-09-17,Corporate Package,Google Search,113.56,44.19,Completed
ORD_8977,CUST_736,2025-04-01,Corporate Package,Instagram,288.18,141.71,Refunded
ORD_8978,CUST_800,2024-10-06,Event Ticket,Event Walk-in,324.1,188.19,Refunded
ORD_8979,CUST_1493,2024-11-15,Creative Studio,TikTok,439.51,296.51,Completed
ORD_8980,CUST_1274,2025-06-17,Workshop,Instagram,398.37,148.08,Completed
ORD_8981,CUST_1111,2024-10-24,Corporate Package,TikTok,66.06,39.36,Completed
ORD_8982,CUST_1258,2025-06-07,Event Ticket,TikTok,178.69,103.75,Completed
ORD_8983,CUST_1225,2024-01-26,Corporate Package,LinkedIn,368.82,155.09,Completed
ORD_8984,CUST_1482,2024-11-24,Membership,Google Search,219.86,105.06,Completed
ORD_8985,CUST_1020,2024-12-09,Corporate Package,Event Walk-in,289.92,129.55,Refunded
ORD_8986,CUST_485,2025-05-28,Creative Studio,Instagram,178.53,98.1,Completed
ORD_8987,CUST_261,2025-01-28,Creative Studio,Event Walk-in,25.81,12.55,Cancelled
ORD_8988,CUST_1287,2024-07-25,Media Package,TikTok,397.46,139.26,Completed
ORD_8989,CUST_747,2024-04-19,Event Ticket,Event Walk-in,394.19,182.39,Completed
ORD_8990,CUST_1099,2024-08-01,Event Ticket,Referral,36.26,19.43,Completed
ORD_8991,CUST_1194,2025-06-30,Media Package,Referral,45.22,30.94,Refunded
ORD_8992,CUST_142,2025-03-01,Media Package,LinkedIn,409.82,257.03,Completed
ORD_8993,CUST_572,2024-06-28,Workshop,LinkedIn,196.36,128.4,Completed
ORD_8994,CUST_1433,2024-10-01,Workshop,Referral,300.64,207.05,Completed
ORD_8995,CUST_670,2025-04-02,Creative Studio,Referral,72.86,45.52,Completed
ORD_8996,CUST_1095,2024-07-07,Partner Offer,Instagram,267.32,152.25,Completed
ORD_8997,CUST_874,2025-05-15,Event Ticket,LinkedIn,60.31,40.29,Completed
ORD_8998,CUST_185,2024-12-20,Media Package,Partnership,38.66,24.98,Completed
ORD_8999,CUST_17,2024-10-23,Creative Studio,Instagram,433.18,133.8,Refunded
ORD_9000,CUST_51,2024-07-16,Partner Offer,LinkedIn,239.57,136.63,Completed
ORD_9001,CUST_815,2024-02-03,Corporate Package,TikTok,115.88,79.57,Refunded
ORD_9002,CUST_705,2024-03-31,Corporate Package,Google Search,374.05,141.16,Completed
ORD_9003,CUST_166,2024-02-14,Corporate Package,LinkedIn,281.03,90.3,Completed
ORD_9004,CUST_197,2025-02-24,Membership,Referral,374.71,222.31,Completed
ORD_9005,CUST_1460,2024-09-09,Workshop,Google Search,449.39,258.58,Completed
ORD_9006,CUST_688,2025-03-20,Event Ticket,Event Walk-in,352.29,195.58,Completed
ORD_9007,CUST_890,2024-04-05,Creative Studio,Partnership,454.37,280.22,Completed
ORD_9008,CUST_1257,2024-01-09,Partner Offer,Instagram,197.23,70.9,Completed
ORD_9009,CUST_37,2025-05-22,Creative Studio,Referral,383.19,142.16,Completed
ORD_9010,CUST_1323,2024-05-31,Event Ticket,Partnership,146.47,101.43,Completed
ORD_9011,CUST_1216,2024-01-10,Workshop,Instagram,470.04,217.17,Completed
ORD_9012,CUST_880,2025-06-08,Partner Offer,Referral,49.78,15.43,Completed
ORD_9013,CUST_378,2024-02-20,Corporate Package,LinkedIn,236.06,102.71,Completed
ORD_9014,CUST_1495,2025-04-22,Partner Offer,LinkedIn,316.17,116.35,Completed
ORD_9015,CUST_949,2025-04-02,Event Ticket,Instagram,206.93,85.54,Completed
ORD_9016,CUST_1460,2024-12-04,Media Package,Google Search,295.18,125.72,Completed
ORD_9017,CUST_1002,2024-07-11,Workshop,Instagram,486.88,303.2,Completed
ORD_9018,CUST_1088,2025-05-23,Media Package,TikTok,395.86,194.68,Completed
ORD_9019,CUST_1007,2025-02-22,Partner Offer,Referral,214.43,101.09,Cancelled
ORD_9020,CUST_582,2024-03-05,Corporate Package,Referral,165.65,87.6,Completed
ORD_9021,CUST_441,2024-12-11,Media Package,Instagram,478.14,311.11,Completed
ORD_9022,CUST_45,2025-01-18,Workshop,TikTok,33.82,15.9,Completed
ORD_9023,CUST_135,2024-01-08,Workshop,LinkedIn,73.64,36.25,Completed
ORD_9024,CUST_1067,2024-01-30,Workshop,Instagram,341.42,203.39,Completed
ORD_9025,CUST_1339,2024-03-03,Creative Studio,LinkedIn,295.93,104.15,Completed
ORD_9026,CUST_204,2024-08-08,Partner Offer,TikTok,439.79,253.14,Completed
ORD_9027,CUST_9,2025-02-19,Partner Offer,Google Search,318.7,179.17,Completed
ORD_9028,CUST_593,2024-12-14,Corporate Package,Event Walk-in,219.46,128.85,Completed
ORD_9029,CUST_1035,2024-08-26,Event Ticket,Event Walk-in,51.53,22.49,Completed
ORD_9030,CUST_1144,2024-09-11,Event Ticket,Instagram,69.17,46.4,Completed
ORD_9031,CUST_1167,2024-02-04,Membership,LinkedIn,282.64,127.13,Completed
ORD_9032,CUST_252,2024-06-15,Creative Studio,Instagram,453.97,266.11,Completed
ORD_9033,CUST_751,2025-05-06,Media Package,Partnership,289.96,101.77,Completed
ORD_9034,CUST_269,2025-03-06,Workshop,Google Search,344.99,177.16,Completed
ORD_9035,CUST_307,2025-04-01,Corporate Package,LinkedIn,484.92,257.7,Completed
ORD_9036,CUST_534,2024-10-27,Event Ticket,Instagram,387.71,203.12,Completed
ORD_9037,CUST_230,2024-02-24,Workshop,Instagram,327.74,228.37,Completed
ORD_9038,CUST_52,2024-03-08,Event Ticket,LinkedIn,106.26,54.09,Completed
ORD_9039,CUST_1411,2024-06-08,Workshop,LinkedIn,347.41,109.7,Completed
ORD_9040,CUST_1146,2025-03-20,Media Package,TikTok,460.84,301.03,Completed
ORD_9041,CUST_139,2024-10-17,Partner Offer,Event Walk-in,128.34,53.38,Cancelled
ORD_9042,CUST_265,2024-12-12,Creative Studio,Event Walk-in,94.57,56.62,Completed
ORD_9043,CUST_1269,2025-04-03,Event Ticket,Instagram,136.8,52.77,Refunded
ORD_9044,CUST_1034,2024-09-21,Membership,Referral,426.72,285.81,Cancelled
ORD_9045,CUST_17,2024-04-04,Media Package,Instagram,131.61,89.75,Completed
ORD_9046,CUST_159,2024-03-19,Corporate Package,Referral,266.45,146.76,Completed
ORD_9047,CUST_915,2024-08-26,Corporate Package,Referral,295.33,100.13,Completed
ORD_9048,CUST_130,2024-12-16,Partner Offer,Instagram,453.64,258.46,Completed
ORD_9049,CUST_898,2024-02-11,Creative Studio,Referral,286.75,154.28,Refunded
ORD_9050,CUST_672,2024-08-20,Corporate Package,TikTok,96.64,37.68,Completed
ORD_9051,CUST_1146,2024-11-11,Partner Offer,TikTok,165.12,98.96,Completed
ORD_9052,CUST_858,2024-10-14,Membership,Referral,344.33,118.64,Completed
ORD_9053,CUST_134,2024-10-18,Media Package,LinkedIn,245.35,138.57,Completed
ORD_9054,CUST_36,2025-03-15,Membership,Instagram,240.59,137.03,Completed
ORD_9055,CUST_109,2024-12-11,Membership,Google Search,312.0,154.07,Completed
ORD_9056,CUST_182,2024-07-07,Workshop,Google Search,302.25,193.14,Completed
ORD_9057,CUST_444,2024-07-28,Media Package,LinkedIn,169.56,58.05,Refunded
ORD_9058,CUST_907,2024-08-26,Creative Studio,TikTok,223.71,153.62,Cancelled
ORD_9059,CUST_156,2024-03-22,Event Ticket,Google Search,459.77,317.41,Completed
ORD_9060,CUST_1066,2024-05-20,Creative Studio,Event Walk-in,320.66,216.25,Completed
ORD_9061,CUST_20,2024-04-13,Corporate Package,LinkedIn,211.61,123.72,Completed
ORD_9062,CUST_1059,2024-02-20,Media Package,LinkedIn,172.11,66.77,Refunded
ORD_9063,CUST_407,2024-10-30,Membership,TikTok,45.53,20.11,Completed
ORD_9064,CUST_438,2024-01-27,Creative Studio,Referral,260.74,126.59,Completed
ORD_9065,CUST_638,2025-02-17,Workshop,Referral,25.96,14.69,Completed
ORD_9066,CUST_263,2024-04-12,Creative Studio,LinkedIn,233.76,96.89,Completed
ORD_9067,CUST_644,2025-01-29,Partner Offer,Google Search,287.39,167.19,Refunded
ORD_9068,CUST_1335,2024-06-29,Media Package,LinkedIn,422.23,138.49,Completed
ORD_9069,CUST_221,2025-02-20,Partner Offer,Referral,290.1,152.5,Cancelled
ORD_9070,CUST_1016,2024-09-09,Workshop,Referral,342.55,136.59,Completed
ORD_9071,CUST_1204,2024-03-04,Workshop,LinkedIn,373.55,119.52,Completed
ORD_9072,CUST_1197,2024-05-31,Corporate Package,Instagram,140.04,46.94,Completed
ORD_9073,CUST_149,2024-03-15,Event Ticket,Referral,127.71,75.31,Completed
ORD_9074,CUST_101,2024-05-01,Creative Studio,Partnership,372.84,155.56,Completed
ORD_9075,CUST_61,2024-07-15,Media Package,Instagram,246.38,129.49,Refunded
ORD_9076,CUST_144,2024-09-04,Event Ticket,Event Walk-in,253.53,145.15,Completed
ORD_9077,CUST_686,2024-10-24,Membership,Event Walk-in,396.88,231.11,Completed
ORD_9078,CUST_872,2024-04-16,Creative Studio,LinkedIn,71.72,31.18,Completed
ORD_9079,CUST_1457,2024-06-11,Partner Offer,Event Walk-in,194.61,133.86,Completed
ORD_9080,CUST_658,2024-08-31,Media Package,Instagram,439.29,150.25,Completed
ORD_9081,CUST_251,2025-05-22,Event Ticket,Instagram,394.13,196.49,Completed
ORD_9082,CUST_193,2025-01-14,Creative Studio,Instagram,162.13,100.03,Completed
ORD_9083,CUST_369,2024-04-05,Event Ticket,Referral,419.14,238.62,Completed
ORD_9084,CUST_1415,2025-03-14,Partner Offer,Google Search,23.79,12.82,Completed
ORD_9085,CUST_103,2025-03-15,Membership,Google Search,43.2,13.14,Completed
ORD_9086,CUST_744,2024-10-29,Event Ticket,Google Search,189.64,95.89,Completed
ORD_9087,CUST_1365,2024-01-10,Corporate Package,TikTok,350.05,124.1,Completed
ORD_9088,CUST_1125,2024-12-30,Media Package,LinkedIn,433.5,174.2,Completed
ORD_9089,CUST_631,2024-11-04,Creative Studio,TikTok,106.73,40.6,Completed
ORD_9090,CUST_925,2025-05-16,Event Ticket,Google Search,126.12,82.49,Completed
ORD_9091,CUST_1099,2024-09-16,Membership,Referral,228.24,68.9,Completed
ORD_9092,CUST_155,2025-02-27,Membership,Referral,93.59,29.42,Completed
ORD_9093,CUST_956,2025-01-07,Event Ticket,Google Search,146.04,58.63,Completed
ORD_9094,CUST_1363,2024-07-22,Event Ticket,LinkedIn,345.06,228.09,Completed
ORD_9095,CUST_783,2024-03-24,Creative Studio,TikTok,210.61,114.16,Completed
ORD_9096,CUST_33,2024-07-15,Workshop,Partnership,234.93,92.33,Refunded
ORD_9097,CUST_840,2024-11-15,Creative Studio,Instagram,233.37,151.94,Completed
ORD_9098,CUST_1138,2024-02-28,Membership,Instagram,310.79,199.72,Completed
ORD_9099,CUST_214,2024-10-05,Event Ticket,Referral,329.04,105.85,Completed
ORD_9100,CUST_1332,2025-03-19,Creative Studio,Referral,412.28,276.84,Completed
ORD_9101,CUST_885,2025-01-07,Creative Studio,Google Search,460.86,253.39,Completed
ORD_9102,CUST_1355,2024-05-19,Media Package,Event Walk-in,251.98,137.11,Completed
ORD_9103,CUST_768,2024-07-06,Corporate Package,Google Search,494.97,278.82,Completed
ORD_9104,CUST_694,2024-11-05,Creative Studio,LinkedIn,485.97,148.72,Completed
ORD_9105,CUST_698,2024-04-18,Creative Studio,Instagram,198.9,127.9,Completed
ORD_9106,CUST_1246,2025-01-29,Membership,Instagram,297.03,201.85,Completed
ORD_9107,CUST_959,2025-05-13,Workshop,Referral,440.41,226.29,Completed
ORD_9108,CUST_866,2024-05-14,Corporate Package,Instagram,376.35,176.77,Completed
ORD_9109,CUST_148,2024-10-19,Creative Studio,Event Walk-in,216.12,142.67,Completed
ORD_9110,CUST_963,2024-04-28,Partner Offer,TikTok,499.93,204.12,Completed
ORD_9111,CUST_716,2024-05-07,Corporate Package,Google Search,293.71,123.32,Completed
ORD_9112,CUST_1219,2024-02-28,Partner Offer,Referral,309.77,135.1,Completed
ORD_9113,CUST_1475,2024-01-13,Corporate Package,Google Search,212.91,142.0,Refunded
ORD_9114,CUST_1423,2024-01-29,Corporate Package,TikTok,351.2,146.5,Completed
ORD_9115,CUST_266,2024-08-18,Corporate Package,Google Search,295.72,129.61,Completed
ORD_9116,CUST_390,2025-04-04,Event Ticket,Partnership,118.17,56.39,Completed
ORD_9117,CUST_12,2024-05-28,Event Ticket,Google Search,339.15,202.86,Cancelled
ORD_9118,CUST_860,2024-03-29,Workshop,Google Search,298.25,113.84,Refunded
ORD_9119,CUST_1060,2025-04-22,Partner Offer,Referral,459.79,257.62,Completed
ORD_9120,CUST_1046,2024-02-12,Event Ticket,TikTok,452.6,233.69,Completed
ORD_9121,CUST_539,2024-09-16,Corporate Package,Google Search,327.37,184.67,Cancelled
ORD_9122,CUST_1086,2024-04-02,Corporate Package,Event Walk-in,165.92,106.27,Completed
ORD_9123,CUST_173,2024-06-16,Corporate Package,Event Walk-in,227.25,116.57,Completed
ORD_9124,CUST_657,2024-11-02,Workshop,TikTok,121.68,63.82,Cancelled
ORD_9125,CUST_670,2024-08-14,Membership,Referral,483.58,296.72,Completed
ORD_9126,CUST_179,2024-10-31,Corporate Package,Instagram,424.13,160.7,Completed
ORD_9127,CUST_579,2025-01-02,Partner Offer,Partnership,282.5,134.75,Completed
ORD_9128,CUST_672,2024-08-15,Workshop,TikTok,87.67,40.14,Completed
ORD_9129,CUST_42,2024-08-01,Creative Studio,Event Walk-in,201.58,75.26,Completed
ORD_9130,CUST_663,2024-10-13,Workshop,LinkedIn,496.14,151.51,Completed
ORD_9131,CUST_1240,2024-07-06,Corporate Package,LinkedIn,244.81,99.37,Refunded
ORD_9132,CUST_990,2024-06-03,Partner Offer,Partnership,466.67,228.33,Completed
ORD_9133,CUST_1156,2025-04-29,Media Package,Partnership,402.8,190.46,Completed
ORD_9134,CUST_377,2024-07-03,Membership,Google Search,460.74,307.5,Completed
ORD_9135,CUST_223,2025-03-28,Event Ticket,Event Walk-in,432.55,129.95,Completed
ORD_9136,CUST_1408,2024-09-18,Membership,Referral,499.85,237.16,Completed
ORD_9137,CUST_568,2024-05-04,Creative Studio,Partnership,89.0,33.05,Completed
ORD_9138,CUST_485,2024-10-20,Corporate Package,Instagram,227.45,105.71,Completed
ORD_9139,CUST_12,2024-05-17,Media Package,Google Search,93.98,38.8,Completed
ORD_9140,CUST_716,2024-12-17,Membership,Google Search,493.98,151.78,Completed
ORD_9141,CUST_335,2025-01-06,Creative Studio,Instagram,429.03,254.86,Completed
ORD_9142,CUST_267,2025-05-27,Creative Studio,Partnership,78.27,34.08,Cancelled
ORD_9143,CUST_1338,2024-04-10,Corporate Package,Google Search,106.09,32.77,Refunded
ORD_9144,CUST_28,2025-06-26,Workshop,Partnership,224.01,94.01,Completed
ORD_9145,CUST_1448,2024-03-04,Membership,LinkedIn,213.95,129.75,Refunded
ORD_9146,CUST_749,2025-04-28,Media Package,Event Walk-in,174.42,119.96,Completed
ORD_9147,CUST_1450,2024-09-15,Creative Studio,Referral,353.81,109.44,Completed
ORD_9148,CUST_1191,2024-12-23,Partner Offer,Google Search,426.85,250.76,Refunded
ORD_9149,CUST_873,2024-12-08,Membership,LinkedIn,340.26,156.95,Completed
ORD_9150,CUST_102,2024-04-17,Event Ticket,Event Walk-in,169.1,99.82,Completed
ORD_9151,CUST_1044,2024-03-12,Membership,Referral,422.12,243.47,Refunded
ORD_9152,CUST_616,2025-06-29,Partner Offer,Event Walk-in,390.96,248.59,Completed
ORD_9153,CUST_1256,2024-03-24,Membership,Google Search,387.79,243.36,Completed
ORD_9154,CUST_1428,2025-03-13,Event Ticket,Google Search,67.69,43.16,Refunded
ORD_9155,CUST_206,2025-04-08,Media Package,Instagram,125.58,40.78,Completed
ORD_9156,CUST_1170,2024-04-03,Partner Offer,Event Walk-in,455.17,282.18,Completed
ORD_9157,CUST_1231,2025-04-11,Membership,Referral,341.79,233.99,Completed
ORD_9158,CUST_891,2024-04-12,Corporate Package,LinkedIn,73.76,46.42,Completed
ORD_9159,CUST_839,2025-06-13,Corporate Package,Event Walk-in,158.33,49.87,Completed
ORD_9160,CUST_1393,2024-08-11,Event Ticket,TikTok,127.59,59.6,Completed
ORD_9161,CUST_1312,2024-11-29,Partner Offer,Event Walk-in,336.52,146.55,Completed
ORD_9162,CUST_919,2025-05-27,Event Ticket,Partnership,427.48,264.69,Completed
ORD_9163,CUST_49,2024-02-26,Media Package,Google Search,259.1,101.08,Completed
ORD_9164,CUST_700,2025-05-05,Event Ticket,Partnership,240.65,145.56,Refunded
ORD_9165,CUST_352,2024-12-30,Creative Studio,Instagram,60.21,35.38,Completed
ORD_9166,CUST_1323,2024-02-07,Creative Studio,Partnership,66.22,41.47,Completed
ORD_9167,CUST_1106,2024-02-24,Event Ticket,Partnership,447.59,246.91,Completed
ORD_9168,CUST_546,2025-01-24,Media Package,Google Search,499.23,243.87,Completed
ORD_9169,CUST_1179,2025-06-15,Corporate Package,Instagram,325.14,146.53,Completed
ORD_9170,CUST_1109,2024-08-01,Workshop,TikTok,117.81,68.81,Completed
ORD_9171,CUST_1009,2025-01-22,Membership,Instagram,307.89,189.9,Completed
ORD_9172,CUST_1336,2024-09-04,Partner Offer,Instagram,269.62,90.62,Completed
ORD_9173,CUST_1435,2024-08-03,Media Package,Instagram,209.93,87.63,Completed
ORD_9174,CUST_1051,2025-03-15,Workshop,Event Walk-in,44.03,30.67,Completed
ORD_9175,CUST_307,2024-11-14,Media Package,LinkedIn,222.41,67.67,Refunded
ORD_9176,CUST_1481,2024-05-26,Event Ticket,Partnership,222.85,75.02,Completed
ORD_9177,CUST_492,2025-06-19,Workshop,LinkedIn,430.22,229.97,Completed
ORD_9178,CUST_348,2024-02-22,Media Package,LinkedIn,476.59,214.37,Refunded
ORD_9179,CUST_880,2024-06-02,Creative Studio,Referral,46.14,17.51,Completed
ORD_9180,CUST_64,2024-03-30,Media Package,Event Walk-in,97.37,50.75,Completed
ORD_9181,CUST_562,2024-02-28,Partner Offer,Referral,350.87,238.06,Completed
ORD_9182,CUST_1105,2025-05-03,Membership,Google Search,316.12,197.69,Completed
ORD_9183,CUST_513,2024-05-11,Creative Studio,LinkedIn,386.62,159.52,Completed
ORD_9184,CUST_398,2024-05-12,Event Ticket,Partnership,43.9,26.31,Completed
ORD_9185,CUST_690,2025-02-18,Media Package,Partnership,458.89,164.36,Completed
ORD_9186,CUST_678,2024-05-16,Creative Studio,Event Walk-in,210.39,76.58,Completed
ORD_9187,CUST_1037,2025-05-13,Event Ticket,Event Walk-in,105.41,41.34,Completed
ORD_9188,CUST_1033,2024-02-08,Event Ticket,Google Search,340.61,190.02,Refunded
ORD_9189,CUST_769,2024-10-18,Event Ticket,LinkedIn,451.75,219.63,Completed
ORD_9190,CUST_1369,2025-06-15,Workshop,Event Walk-in,215.77,83.45,Completed
ORD_9191,CUST_126,2024-05-29,Media Package,LinkedIn,235.69,103.52,Completed
ORD_9192,CUST_1322,2024-11-15,Workshop,Google Search,422.16,196.84,Completed
ORD_9193,CUST_640,2024-08-17,Event Ticket,LinkedIn,140.33,98.02,Completed
ORD_9194,CUST_1169,2024-12-08,Workshop,Google Search,153.51,48.42,Completed
ORD_9195,CUST_172,2025-05-10,Membership,Event Walk-in,480.33,175.46,Completed
ORD_9196,CUST_1298,2024-12-25,Membership,TikTok,123.21,71.51,Completed
ORD_9197,CUST_49,2025-05-05,Corporate Package,Google Search,407.88,280.57,Completed
ORD_9198,CUST_1255,2025-04-11,Event Ticket,TikTok,336.38,196.93,Completed
ORD_9199,CUST_287,2025-05-07,Corporate Package,Instagram,371.75,219.6,Completed
ORD_9200,CUST_1266,2025-03-28,Workshop,Google Search,140.03,43.0,Completed
ORD_9201,CUST_1446,2025-05-01,Partner Offer,LinkedIn,273.78,191.52,Completed
ORD_9202,CUST_368,2024-02-10,Membership,TikTok,269.66,149.45,Completed
ORD_9203,CUST_356,2024-05-05,Corporate Package,Instagram,187.15,102.72,Refunded
ORD_9204,CUST_117,2024-09-13,Corporate Package,TikTok,121.78,64.6,Completed
ORD_9205,CUST_1382,2025-01-13,Partner Offer,Referral,249.47,112.69,Completed
ORD_9206,CUST_743,2024-07-09,Membership,Instagram,448.93,248.94,Cancelled
ORD_9207,CUST_22,2025-05-09,Workshop,Partnership,291.33,118.74,Completed
ORD_9208,CUST_587,2024-06-27,Membership,Event Walk-in,349.6,128.9,Completed
ORD_9209,CUST_881,2024-10-05,Workshop,Partnership,52.79,24.82,Completed
ORD_9210,CUST_535,2024-02-07,Workshop,Event Walk-in,157.26,106.87,Completed
ORD_9211,CUST_330,2024-02-19,Media Package,LinkedIn,435.41,135.77,Completed
ORD_9212,CUST_1440,2024-05-24,Workshop,LinkedIn,116.53,50.69,Completed
ORD_9213,CUST_115,2024-08-25,Media Package,Partnership,412.88,169.92,Completed
ORD_9214,CUST_556,2024-03-15,Creative Studio,Referral,303.71,155.37,Completed
ORD_9215,CUST_831,2025-04-30,Partner Offer,Instagram,467.5,221.55,Completed
ORD_9216,CUST_544,2024-10-27,Creative Studio,Google Search,119.02,46.56,Completed
ORD_9217,CUST_260,2024-10-09,Event Ticket,TikTok,319.1,151.64,Completed
ORD_9218,CUST_27,2024-08-20,Media Package,Partnership,351.78,167.84,Completed
ORD_9219,CUST_1174,2024-01-06,Workshop,LinkedIn,492.7,212.06,Completed
ORD_9220,CUST_197,2025-06-22,Workshop,Referral,238.33,123.04,Refunded
ORD_9221,CUST_248,2024-03-04,Workshop,Google Search,311.14,183.0,Completed
ORD_9222,CUST_238,2024-06-19,Event Ticket,Instagram,336.91,124.09,Completed
ORD_9223,CUST_663,2025-02-03,Creative Studio,LinkedIn,177.28,103.71,Completed
ORD_9224,CUST_26,2025-06-23,Partner Offer,Event Walk-in,325.7,171.34,Refunded
ORD_9225,CUST_1158,2025-05-02,Partner Offer,TikTok,153.19,71.89,Completed
ORD_9226,CUST_181,2024-12-29,Membership,Partnership,127.05,52.93,Completed
ORD_9227,CUST_1434,2024-08-23,Workshop,Referral,72.58,50.73,Cancelled
ORD_9228,CUST_301,2024-07-05,Partner Offer,Instagram,380.82,250.59,Cancelled
ORD_9229,CUST_90,2024-12-25,Creative Studio,Referral,173.74,62.46,Completed
ORD_9230,CUST_1119,2024-11-24,Event Ticket,TikTok,298.53,163.19,Refunded
ORD_9231,CUST_978,2024-07-16,Event Ticket,Google Search,259.02,107.59,Completed
ORD_9232,CUST_1128,2025-04-22,Membership,Instagram,437.55,231.06,Cancelled
ORD_9233,CUST_850,2025-05-02,Partner Offer,Google Search,67.71,37.87,Completed
ORD_9234,CUST_1008,2024-06-27,Media Package,LinkedIn,106.93,56.96,Cancelled
ORD_9235,CUST_1175,2025-04-30,Event Ticket,Instagram,160.97,58.28,Cancelled
ORD_9236,CUST_1276,2024-09-12,Membership,TikTok,87.22,59.59,Refunded
ORD_9237,CUST_1028,2024-04-26,Partner Offer,Instagram,292.8,112.11,Completed
ORD_9238,CUST_470,2025-05-27,Partner Offer,Google Search,155.56,50.81,Completed
ORD_9239,CUST_520,2025-02-17,Membership,TikTok,298.51,134.04,Completed
ORD_9240,CUST_1360,2024-05-08,Workshop,Google Search,466.16,196.35,Completed
ORD_9241,CUST_252,2025-06-21,Corporate Package,Instagram,158.75,106.35,Refunded
ORD_9242,CUST_634,2025-04-21,Creative Studio,Referral,371.48,141.14,Completed
ORD_9243,CUST_1270,2025-01-28,Event Ticket,Partnership,455.59,150.39,Completed
ORD_9244,CUST_214,2025-06-27,Workshop,Referral,382.17,253.25,Completed
ORD_9245,CUST_916,2025-02-05,Membership,LinkedIn,209.27,64.26,Completed
ORD_9246,CUST_1387,2024-04-26,Media Package,TikTok,487.31,305.45,Completed
ORD_9247,CUST_172,2024-11-20,Event Ticket,Event Walk-in,286.78,162.43,Completed
ORD_9248,CUST_538,2024-02-10,Corporate Package,Partnership,150.82,98.47,Completed
ORD_9249,CUST_1140,2025-04-20,Event Ticket,Instagram,34.24,11.14,Completed
ORD_9250,CUST_57,2025-06-07,Workshop,Referral,323.09,224.92,Completed
ORD_9251,CUST_128,2025-02-03,Corporate Package,Partnership,74.76,48.31,Completed
ORD_9252,CUST_856,2024-12-19,Event Ticket,Google Search,28.18,18.6,Completed
ORD_9253,CUST_840,2024-08-26,Event Ticket,Instagram,49.01,29.32,Completed
ORD_9254,CUST_1445,2024-10-09,Membership,Google Search,404.16,264.62,Completed
ORD_9255,CUST_107,2025-04-03,Membership,LinkedIn,189.34,109.88,Completed
ORD_9256,CUST_841,2025-04-02,Creative Studio,Referral,115.23,48.27,Completed
ORD_9257,CUST_387,2025-02-02,Corporate Package,Event Walk-in,221.38,110.91,Completed
ORD_9258,CUST_1356,2025-01-21,Creative Studio,LinkedIn,492.5,298.71,Completed
ORD_9259,CUST_339,2024-03-19,Event Ticket,Google Search,133.15,47.98,Refunded
ORD_9260,CUST_990,2025-04-11,Workshop,Partnership,351.94,147.56,Completed
ORD_9261,CUST_1469,2024-04-11,Membership,TikTok,213.1,117.46,Completed
ORD_9262,CUST_1124,2024-09-20,Workshop,TikTok,124.78,40.07,Completed
ORD_9263,CUST_1187,2025-03-10,Creative Studio,Instagram,321.5,170.23,Refunded
ORD_9264,CUST_423,2024-11-23,Workshop,LinkedIn,480.52,190.16,Refunded
ORD_9265,CUST_1329,2025-06-05,Membership,Partnership,193.53,100.6,Completed
ORD_9266,CUST_1452,2024-03-07,Media Package,Google Search,410.62,260.53,Completed
ORD_9267,CUST_1071,2025-05-09,Event Ticket,Instagram,174.46,85.69,Completed
ORD_9268,CUST_163,2024-04-13,Creative Studio,Event Walk-in,130.86,40.19,Cancelled
ORD_9269,CUST_1129,2024-05-01,Workshop,TikTok,475.55,202.04,Refunded
ORD_9270,CUST_1128,2025-01-06,Media Package,Instagram,243.37,82.18,Completed
ORD_9271,CUST_470,2024-08-31,Membership,Google Search,189.49,117.92,Refunded
ORD_9272,CUST_543,2025-06-28,Partner Offer,TikTok,219.54,119.03,Refunded
ORD_9273,CUST_36,2024-08-30,Event Ticket,Instagram,109.53,41.48,Completed
ORD_9274,CUST_310,2024-07-02,Workshop,Google Search,356.63,214.86,Completed
ORD_9275,CUST_1140,2024-08-28,Media Package,Instagram,195.55,87.63,Completed
ORD_9276,CUST_1209,2024-11-10,Corporate Package,TikTok,81.12,37.93,Completed
ORD_9277,CUST_1483,2024-03-01,Corporate Package,Partnership,45.87,17.02,Completed
ORD_9278,CUST_1138,2024-09-17,Event Ticket,Instagram,451.21,154.5,Completed
ORD_9279,CUST_409,2025-01-01,Event Ticket,LinkedIn,129.25,51.49,Completed
ORD_9280,CUST_1318,2025-05-15,Creative Studio,LinkedIn,461.45,192.63,Completed
ORD_9281,CUST_634,2024-05-30,Workshop,Referral,240.16,157.94,Completed
ORD_9282,CUST_1036,2024-01-09,Membership,Partnership,377.68,242.88,Completed
ORD_9283,CUST_110,2024-06-22,Corporate Package,TikTok,99.69,54.39,Completed
ORD_9284,CUST_522,2025-01-10,Media Package,Google Search,459.85,313.26,Completed
ORD_9285,CUST_1047,2024-02-04,Partner Offer,Google Search,150.26,52.93,Completed
ORD_9286,CUST_1017,2024-05-14,Partner Offer,LinkedIn,297.77,129.21,Completed
ORD_9287,CUST_524,2025-03-01,Membership,LinkedIn,453.54,139.3,Completed
ORD_9288,CUST_1301,2024-01-03,Membership,LinkedIn,291.9,123.51,Completed
ORD_9289,CUST_963,2025-05-31,Partner Offer,TikTok,405.37,153.41,Completed
ORD_9290,CUST_523,2025-05-23,Event Ticket,Google Search,403.76,155.23,Completed
ORD_9291,CUST_540,2025-02-23,Partner Offer,Instagram,201.4,126.35,Completed
ORD_9292,CUST_1046,2024-10-09,Partner Offer,TikTok,453.34,200.93,Completed
ORD_9293,CUST_73,2024-04-13,Membership,Partnership,107.83,58.62,Completed
ORD_9294,CUST_443,2024-12-27,Corporate Package,Referral,222.16,106.61,Completed
ORD_9295,CUST_574,2024-05-05,Partner Offer,TikTok,40.94,19.63,Completed
ORD_9296,CUST_43,2024-07-12,Membership,Google Search,457.57,249.75,Completed
ORD_9297,CUST_1373,2024-04-30,Corporate Package,Event Walk-in,104.96,47.57,Completed
ORD_9298,CUST_512,2024-01-30,Partner Offer,Referral,256.92,85.23,Completed
ORD_9299,CUST_690,2024-07-08,Corporate Package,Partnership,218.4,144.81,Completed
ORD_9300,CUST_597,2025-01-15,Media Package,Partnership,303.65,191.63,Completed
ORD_9301,CUST_1160,2024-03-22,Event Ticket,Referral,101.79,37.99,Completed
ORD_9302,CUST_159,2024-01-23,Partner Offer,Referral,206.14,84.46,Completed
ORD_9303,CUST_649,2024-04-06,Creative Studio,Instagram,36.88,16.49,Completed
ORD_9304,CUST_165,2024-02-21,Workshop,Google Search,389.12,224.19,Completed
ORD_9305,CUST_898,2024-10-16,Event Ticket,Referral,422.87,263.71,Completed
ORD_9306,CUST_903,2025-02-26,Event Ticket,Event Walk-in,188.43,115.52,Completed
ORD_9307,CUST_880,2025-05-15,Workshop,Referral,69.68,37.76,Refunded
ORD_9308,CUST_552,2024-06-21,Partner Offer,Referral,125.78,74.66,Completed
ORD_9309,CUST_1349,2025-06-09,Workshop,TikTok,482.65,274.78,Completed
ORD_9310,CUST_1185,2024-05-15,Membership,TikTok,307.02,127.77,Completed
ORD_9311,CUST_58,2025-01-17,Creative Studio,LinkedIn,411.9,137.41,Completed
ORD_9312,CUST_1346,2024-05-29,Partner Offer,Event Walk-in,489.74,319.69,Completed
ORD_9313,CUST_1469,2024-03-28,Corporate Package,TikTok,460.07,150.37,Completed
ORD_9314,CUST_753,2025-05-26,Workshop,Event Walk-in,309.65,110.44,Completed
ORD_9315,CUST_871,2025-02-01,Membership,Partnership,358.37,224.8,Completed
ORD_9316,CUST_895,2024-10-07,Membership,Google Search,113.56,69.51,Completed
ORD_9317,CUST_485,2025-01-06,Corporate Package,Instagram,260.49,165.45,Completed
ORD_9318,CUST_729,2025-03-24,Partner Offer,Event Walk-in,347.5,171.55,Completed
ORD_9319,CUST_334,2025-03-10,Membership,Instagram,400.05,261.81,Completed
ORD_9320,CUST_720,2024-09-17,Event Ticket,LinkedIn,80.0,25.12,Completed
ORD_9321,CUST_1263,2024-11-16,Event Ticket,LinkedIn,243.33,146.86,Completed
ORD_9322,CUST_1238,2024-03-06,Creative Studio,Event Walk-in,406.28,218.13,Completed
ORD_9323,CUST_792,2024-01-24,Media Package,TikTok,55.3,20.09,Completed
ORD_9324,CUST_1154,2024-05-04,Partner Offer,LinkedIn,136.15,91.35,Completed
ORD_9325,CUST_535,2024-03-11,Event Ticket,Event Walk-in,238.64,91.86,Completed
ORD_9326,CUST_1230,2025-02-03,Creative Studio,Partnership,396.24,253.41,Completed
ORD_9327,CUST_1267,2025-05-30,Membership,Event Walk-in,221.39,153.68,Completed
ORD_9328,CUST_997,2024-09-17,Partner Offer,Referral,377.0,232.23,Completed
ORD_9329,CUST_815,2024-05-10,Partner Offer,TikTok,275.62,133.04,Completed
ORD_9330,CUST_1245,2025-01-02,Event Ticket,Event Walk-in,402.72,131.89,Completed
ORD_9331,CUST_1317,2024-11-10,Partner Offer,Event Walk-in,430.29,252.98,Completed
ORD_9332,CUST_1243,2024-09-10,Partner Offer,Event Walk-in,184.16,110.52,Completed
ORD_9333,CUST_465,2024-06-04,Membership,Instagram,448.64,173.1,Completed
ORD_9334,CUST_1165,2025-04-27,Workshop,Instagram,109.03,71.22,Completed
ORD_9335,CUST_929,2024-08-28,Partner Offer,TikTok,109.56,73.09,Refunded
ORD_9336,CUST_909,2024-08-16,Membership,Referral,486.06,211.28,Completed
ORD_9337,CUST_23,2024-09-06,Corporate Package,Referral,35.23,17.86,Completed
ORD_9338,CUST_546,2025-03-27,Media Package,Google Search,281.27,89.48,Completed
ORD_9339,CUST_379,2025-01-14,Membership,Google Search,94.95,46.42,Refunded
ORD_9340,CUST_215,2024-05-30,Creative Studio,LinkedIn,151.46,93.56,Completed
ORD_9341,CUST_841,2024-03-08,Media Package,Referral,466.55,281.99,Completed
ORD_9342,CUST_745,2024-07-15,Partner Offer,Partnership,495.26,154.86,Completed
ORD_9343,CUST_1262,2025-05-27,Workshop,Event Walk-in,456.35,241.57,Refunded
ORD_9344,CUST_718,2024-06-09,Event Ticket,Partnership,381.9,224.29,Completed
ORD_9345,CUST_1452,2024-12-24,Membership,Google Search,63.8,42.57,Completed
ORD_9346,CUST_1172,2024-09-12,Partner Offer,Event Walk-in,138.64,43.72,Completed
ORD_9347,CUST_84,2025-06-01,Media Package,LinkedIn,169.01,57.92,Completed
ORD_9348,CUST_852,2024-01-14,Partner Offer,LinkedIn,154.71,79.46,Completed
ORD_9349,CUST_698,2024-04-03,Partner Offer,Instagram,255.62,97.91,Completed
ORD_9350,CUST_1387,2024-01-28,Creative Studio,TikTok,476.37,228.4,Completed
ORD_9351,CUST_590,2024-03-11,Event Ticket,Referral,203.27,100.69,Completed
ORD_9352,CUST_900,2024-07-04,Partner Offer,TikTok,384.41,135.36,Completed
ORD_9353,CUST_768,2024-05-13,Media Package,Google Search,92.94,58.2,Completed
ORD_9354,CUST_1239,2024-01-05,Media Package,Partnership,237.36,155.03,Completed
ORD_9355,CUST_274,2024-02-19,Corporate Package,Google Search,81.4,52.59,Completed
ORD_9356,CUST_469,2025-02-03,Media Package,Event Walk-in,209.04,107.55,Completed
ORD_9357,CUST_832,2025-03-04,Partner Offer,LinkedIn,205.17,116.44,Completed
ORD_9358,CUST_402,2025-04-25,Media Package,LinkedIn,414.88,157.07,Completed
ORD_9359,CUST_1265,2024-07-17,Creative Studio,Event Walk-in,323.67,215.52,Completed
ORD_9360,CUST_1444,2024-07-18,Event Ticket,Partnership,419.72,273.45,Completed
ORD_9361,CUST_666,2024-08-26,Corporate Package,TikTok,226.55,135.32,Completed
ORD_9362,CUST_803,2024-08-08,Corporate Package,Instagram,360.97,165.61,Completed
ORD_9363,CUST_520,2024-08-29,Creative Studio,TikTok,389.09,207.15,Completed
ORD_9364,CUST_789,2024-11-15,Workshop,Event Walk-in,198.45,138.84,Completed
ORD_9365,CUST_1301,2024-12-15,Media Package,LinkedIn,28.26,16.45,Completed
ORD_9366,CUST_1457,2025-05-14,Event Ticket,Event Walk-in,385.3,174.85,Completed
ORD_9367,CUST_1307,2024-04-19,Creative Studio,LinkedIn,440.49,167.2,Completed
ORD_9368,CUST_1192,2024-10-25,Workshop,Referral,286.99,144.23,Completed
ORD_9369,CUST_1237,2025-01-20,Creative Studio,Partnership,455.56,179.66,Completed
ORD_9370,CUST_740,2024-06-03,Corporate Package,Referral,108.9,72.12,Completed
ORD_9371,CUST_1308,2025-02-05,Workshop,Google Search,442.23,190.3,Completed
ORD_9372,CUST_343,2024-04-19,Partner Offer,Referral,444.88,156.05,Completed
ORD_9373,CUST_1423,2024-04-13,Creative Studio,TikTok,342.38,109.48,Refunded
ORD_9374,CUST_281,2025-03-06,Event Ticket,Referral,263.51,163.73,Completed
ORD_9375,CUST_151,2024-07-20,Corporate Package,Google Search,161.37,54.66,Cancelled
ORD_9376,CUST_1301,2024-06-12,Media Package,LinkedIn,458.37,143.35,Completed
ORD_9377,CUST_669,2024-07-19,Event Ticket,Partnership,371.0,200.18,Completed
ORD_9378,CUST_84,2025-03-17,Membership,LinkedIn,226.96,129.64,Completed
ORD_9379,CUST_397,2024-10-16,Workshop,LinkedIn,268.8,110.6,Completed
ORD_9380,CUST_774,2024-01-21,Event Ticket,Google Search,239.73,117.31,Completed
ORD_9381,CUST_560,2024-12-21,Membership,TikTok,254.25,131.88,Completed
ORD_9382,CUST_331,2024-07-31,Workshop,Partnership,458.82,293.22,Completed
ORD_9383,CUST_221,2024-03-10,Corporate Package,Referral,170.99,80.37,Completed
ORD_9384,CUST_114,2025-03-31,Membership,Instagram,319.23,169.27,Completed
ORD_9385,CUST_1133,2024-07-06,Creative Studio,Referral,305.04,194.25,Completed
ORD_9386,CUST_837,2024-04-10,Creative Studio,TikTok,171.62,90.09,Completed
ORD_9387,CUST_790,2024-12-15,Workshop,Partnership,114.53,41.81,Refunded
ORD_9388,CUST_115,2025-02-12,Partner Offer,Partnership,109.92,33.79,Completed
ORD_9389,CUST_916,2024-08-27,Workshop,LinkedIn,498.9,232.87,Completed
ORD_9390,CUST_1137,2024-04-15,Partner Offer,Partnership,37.78,15.13,Completed
ORD_9391,CUST_1088,2025-04-01,Partner Offer,TikTok,220.41,92.49,Completed
ORD_9392,CUST_242,2025-06-16,Event Ticket,Instagram,99.94,51.3,Refunded
ORD_9393,CUST_873,2025-06-06,Creative Studio,LinkedIn,93.81,45.73,Completed
ORD_9394,CUST_761,2025-06-30,Creative Studio,LinkedIn,26.04,9.54,Completed
ORD_9395,CUST_140,2024-09-04,Partner Offer,Instagram,368.11,235.07,Refunded
ORD_9396,CUST_879,2024-08-22,Event Ticket,Google Search,363.13,195.49,Completed
ORD_9397,CUST_905,2024-12-29,Corporate Package,Referral,59.97,25.71,Completed
ORD_9398,CUST_1,2024-08-05,Creative Studio,TikTok,56.19,35.6,Completed
ORD_9399,CUST_309,2025-06-12,Corporate Package,LinkedIn,94.2,35.96,Completed
ORD_9400,CUST_392,2025-04-17,Creative Studio,Referral,147.26,82.19,Completed
ORD_9401,CUST_414,2025-04-30,Event Ticket,Referral,315.28,164.78,Completed
ORD_9402,CUST_106,2024-12-03,Corporate Package,Event Walk-in,401.48,199.97,Completed
ORD_9403,CUST_898,2024-10-20,Membership,Referral,267.17,186.69,Refunded
ORD_9404,CUST_1000,2024-05-16,Corporate Package,Referral,449.28,230.13,Completed
ORD_9405,CUST_1315,2024-02-10,Workshop,Instagram,217.62,143.33,Cancelled
ORD_9406,CUST_517,2025-01-11,Creative Studio,Instagram,62.45,28.49,Completed
ORD_9407,CUST_881,2024-06-09,Event Ticket,Partnership,437.75,223.3,Refunded
ORD_9408,CUST_1045,2024-02-18,Corporate Package,Referral,467.27,184.38,Completed
ORD_9409,CUST_837,2024-08-27,Media Package,TikTok,392.47,225.94,Completed
ORD_9410,CUST_166,2025-06-21,Corporate Package,LinkedIn,423.58,194.41,Completed
ORD_9411,CUST_437,2024-02-23,Workshop,Partnership,458.61,315.88,Completed
ORD_9412,CUST_1320,2024-10-06,Membership,Google Search,393.79,191.88,Completed
ORD_9413,CUST_230,2024-09-08,Partner Offer,Instagram,429.5,293.44,Completed
ORD_9414,CUST_686,2024-02-02,Event Ticket,Event Walk-in,411.62,250.37,Completed
ORD_9415,CUST_515,2025-05-15,Media Package,Referral,120.47,45.76,Completed
ORD_9416,CUST_1037,2024-03-22,Membership,Event Walk-in,241.21,109.94,Refunded
ORD_9417,CUST_67,2024-10-02,Corporate Package,Google Search,212.2,76.23,Cancelled
ORD_9418,CUST_189,2024-03-19,Event Ticket,Partnership,200.17,138.84,Completed
ORD_9419,CUST_1036,2024-01-03,Workshop,Partnership,48.21,20.98,Completed
ORD_9420,CUST_1325,2025-05-20,Corporate Package,Google Search,181.52,86.18,Completed
ORD_9421,CUST_832,2025-03-31,Membership,LinkedIn,253.22,147.19,Refunded
ORD_9422,CUST_1348,2025-02-13,Membership,Referral,475.74,159.91,Completed
ORD_9423,CUST_862,2025-02-23,Corporate Package,Instagram,381.52,253.86,Completed
ORD_9424,CUST_737,2024-06-03,Media Package,Partnership,410.38,176.53,Completed
ORD_9425,CUST_1130,2024-10-12,Media Package,LinkedIn,282.63,93.94,Refunded
ORD_9426,CUST_1453,2025-03-15,Media Package,LinkedIn,202.78,137.79,Completed
ORD_9427,CUST_1451,2024-01-14,Media Package,Partnership,111.86,73.15,Completed
ORD_9428,CUST_316,2024-05-28,Membership,LinkedIn,296.71,167.76,Completed
ORD_9429,CUST_684,2024-12-31,Membership,LinkedIn,462.26,278.1,Completed
ORD_9430,CUST_51,2024-12-21,Corporate Package,LinkedIn,303.11,133.25,Completed
ORD_9431,CUST_225,2024-12-06,Corporate Package,Google Search,183.38,96.94,Completed
ORD_9432,CUST_296,2024-12-12,Media Package,Partnership,375.81,206.64,Completed
ORD_9433,CUST_1052,2025-06-10,Event Ticket,Referral,327.04,183.32,Completed
ORD_9434,CUST_1249,2024-01-08,Event Ticket,LinkedIn,360.19,225.92,Refunded
ORD_9435,CUST_542,2025-03-05,Partner Offer,Event Walk-in,84.32,46.2,Completed
ORD_9436,CUST_1384,2024-11-20,Creative Studio,Partnership,490.93,194.45,Refunded
ORD_9437,CUST_873,2024-02-19,Corporate Package,LinkedIn,283.37,180.35,Completed
ORD_9438,CUST_730,2024-01-21,Media Package,TikTok,212.74,131.95,Completed
ORD_9439,CUST_1233,2024-10-11,Membership,Instagram,489.04,206.66,Completed
ORD_9440,CUST_364,2024-07-27,Workshop,Partnership,268.35,166.9,Completed
ORD_9441,CUST_59,2025-04-05,Partner Offer,LinkedIn,334.31,153.71,Completed
ORD_9442,CUST_778,2025-01-05,Workshop,Google Search,361.22,191.87,Completed
ORD_9443,CUST_1389,2024-08-20,Creative Studio,LinkedIn,256.66,125.67,Completed
ORD_9444,CUST_1420,2024-06-29,Creative Studio,TikTok,390.08,182.98,Completed
ORD_9445,CUST_1011,2024-11-02,Creative Studio,Google Search,450.72,146.51,Completed
ORD_9446,CUST_889,2024-05-12,Membership,Event Walk-in,220.19,117.97,Completed
ORD_9447,CUST_487,2024-01-13,Event Ticket,Referral,236.18,80.6,Completed
ORD_9448,CUST_14,2024-03-05,Event Ticket,Referral,250.63,175.35,Completed
ORD_9449,CUST_801,2025-05-13,Workshop,LinkedIn,271.02,142.03,Refunded
ORD_9450,CUST_656,2024-05-05,Workshop,Google Search,276.87,151.73,Completed
ORD_9451,CUST_1264,2024-09-05,Workshop,LinkedIn,265.14,113.85,Completed
ORD_9452,CUST_893,2024-12-17,Partner Offer,Instagram,462.42,153.01,Completed
ORD_9453,CUST_1466,2024-10-10,Corporate Package,Referral,456.78,148.41,Completed
ORD_9454,CUST_922,2025-05-26,Corporate Package,Google Search,343.9,150.31,Completed
ORD_9455,CUST_1108,2024-05-16,Partner Offer,TikTok,276.72,113.88,Completed
ORD_9456,CUST_512,2024-02-26,Partner Offer,Referral,437.27,305.88,Completed
ORD_9457,CUST_332,2025-06-03,Creative Studio,Referral,463.66,195.18,Completed
ORD_9458,CUST_1380,2025-01-11,Workshop,Event Walk-in,355.57,216.92,Refunded
ORD_9459,CUST_662,2025-04-20,Partner Offer,Referral,395.34,272.35,Completed
ORD_9460,CUST_706,2024-04-04,Workshop,LinkedIn,84.37,40.2,Completed
ORD_9461,CUST_872,2024-04-26,Workshop,LinkedIn,380.13,143.96,Completed
ORD_9462,CUST_87,2024-08-12,Membership,LinkedIn,335.23,163.8,Completed
ORD_9463,CUST_58,2024-07-15,Creative Studio,LinkedIn,22.55,8.19,Completed
ORD_9464,CUST_774,2024-12-02,Event Ticket,Google Search,20.93,9.36,Completed
ORD_9465,CUST_1141,2024-05-23,Membership,Google Search,469.93,303.87,Completed
ORD_9466,CUST_891,2024-11-08,Creative Studio,LinkedIn,399.92,166.97,Completed
ORD_9467,CUST_436,2025-01-07,Partner Offer,TikTok,39.5,13.82,Completed
ORD_9468,CUST_723,2024-09-07,Partner Offer,LinkedIn,38.04,12.6,Completed
ORD_9469,CUST_1262,2024-08-28,Membership,Event Walk-in,378.07,249.2,Cancelled
ORD_9470,CUST_1399,2024-08-03,Media Package,Instagram,42.93,23.03,Completed
ORD_9471,CUST_1042,2025-05-13,Membership,TikTok,319.91,150.45,Completed
ORD_9472,CUST_930,2024-08-23,Creative Studio,Google Search,128.14,61.39,Completed
ORD_9473,CUST_639,2024-03-01,Creative Studio,LinkedIn,38.59,13.92,Completed
ORD_9474,CUST_467,2024-06-14,Workshop,LinkedIn,217.19,69.27,Completed
ORD_9475,CUST_161,2025-06-27,Workshop,LinkedIn,49.08,17.05,Completed
ORD_9476,CUST_1488,2025-05-30,Event Ticket,Referral,147.42,75.42,Completed
ORD_9477,CUST_384,2025-06-13,Workshop,TikTok,100.18,39.7,Completed
ORD_9478,CUST_892,2024-12-08,Event Ticket,Partnership,283.87,123.96,Completed
ORD_9479,CUST_1204,2025-02-24,Media Package,LinkedIn,102.93,63.96,Completed
ORD_9480,CUST_1028,2024-11-04,Membership,Instagram,342.64,238.92,Completed
ORD_9481,CUST_542,2024-07-06,Media Package,Event Walk-in,159.25,111.02,Completed
ORD_9482,CUST_27,2024-02-08,Media Package,Partnership,130.99,85.55,Completed
ORD_9483,CUST_367,2024-10-27,Media Package,LinkedIn,200.39,70.73,Completed
ORD_9484,CUST_625,2025-06-20,Media Package,Referral,427.74,160.36,Completed
ORD_9485,CUST_1283,2024-05-23,Workshop,Google Search,90.74,60.51,Refunded
ORD_9486,CUST_11,2024-02-15,Creative Studio,Partnership,354.31,127.14,Refunded
ORD_9487,CUST_1214,2024-04-21,Workshop,TikTok,200.6,132.43,Completed
ORD_9488,CUST_429,2024-10-25,Corporate Package,Event Walk-in,459.77,234.85,Completed
ORD_9489,CUST_1213,2025-03-08,Membership,Google Search,86.35,42.55,Completed
ORD_9490,CUST_665,2025-04-11,Media Package,Partnership,496.19,216.8,Completed
ORD_9491,CUST_582,2024-09-02,Workshop,Referral,30.16,18.39,Completed
ORD_9492,CUST_945,2024-09-17,Partner Offer,Event Walk-in,230.54,78.52,Completed
ORD_9493,CUST_1209,2024-02-11,Event Ticket,TikTok,30.13,15.7,Completed
ORD_9494,CUST_490,2024-01-10,Membership,Referral,188.92,85.97,Cancelled
ORD_9495,CUST_191,2025-03-16,Partner Offer,Event Walk-in,204.08,83.5,Completed
ORD_9496,CUST_900,2024-10-03,Workshop,TikTok,444.42,135.96,Completed
ORD_9497,CUST_1007,2024-04-10,Corporate Package,Referral,403.89,201.5,Completed
ORD_9498,CUST_159,2025-04-24,Event Ticket,Referral,297.78,112.49,Completed
ORD_9499,CUST_465,2025-04-11,Workshop,Instagram,355.06,185.37,Refunded
ORD_9500,CUST_1040,2025-04-03,Membership,TikTok,171.04,94.01,Completed
ORD_9501,CUST_660,2025-05-31,Event Ticket,Google Search,435.91,203.13,Completed
ORD_9502,CUST_96,2025-05-14,Corporate Package,TikTok,173.67,86.45,Completed
ORD_9503,CUST_1391,2024-08-21,Media Package,Event Walk-in,147.26,52.44,Completed
ORD_9504,CUST_667,2024-07-05,Creative Studio,Referral,45.57,20.48,Completed
ORD_9505,CUST_956,2025-06-16,Creative Studio,Google Search,170.92,94.27,Completed
ORD_9506,CUST_535,2024-01-10,Membership,Event Walk-in,292.76,145.64,Completed
ORD_9507,CUST_687,2024-05-17,Event Ticket,Event Walk-in,265.85,151.51,Completed
ORD_9508,CUST_427,2025-06-03,Workshop,Partnership,108.34,74.14,Completed
ORD_9509,CUST_295,2024-03-10,Workshop,Google Search,322.54,114.33,Completed
ORD_9510,CUST_810,2024-01-31,Media Package,Event Walk-in,184.85,92.96,Completed
ORD_9511,CUST_1348,2024-11-11,Event Ticket,Referral,132.9,49.03,Completed
ORD_9512,CUST_1197,2024-11-25,Media Package,Instagram,178.08,60.66,Completed
ORD_9513,CUST_240,2024-09-15,Event Ticket,Google Search,327.81,174.51,Refunded
ORD_9514,CUST_1430,2024-12-14,Corporate Package,Event Walk-in,433.22,204.55,Completed
ORD_9515,CUST_192,2024-09-19,Creative Studio,Instagram,63.31,35.4,Completed
ORD_9516,CUST_867,2024-08-01,Corporate Package,Referral,307.07,170.46,Completed
ORD_9517,CUST_841,2025-06-04,Corporate Package,Referral,90.98,54.36,Completed
ORD_9518,CUST_875,2024-02-09,Creative Studio,Google Search,96.23,39.97,Completed
ORD_9519,CUST_29,2024-11-12,Event Ticket,Google Search,126.33,52.51,Completed
ORD_9520,CUST_1378,2024-10-27,Media Package,TikTok,266.35,144.27,Completed
ORD_9521,CUST_68,2024-07-06,Partner Offer,Partnership,33.21,13.74,Completed
ORD_9522,CUST_707,2024-08-05,Event Ticket,TikTok,237.41,98.97,Completed
ORD_9523,CUST_1062,2024-03-08,Partner Offer,Partnership,469.14,146.7,Completed
ORD_9524,CUST_21,2024-08-25,Creative Studio,Instagram,397.09,174.52,Completed
ORD_9525,CUST_367,2025-01-01,Event Ticket,LinkedIn,172.44,62.61,Refunded
ORD_9526,CUST_919,2024-01-28,Partner Offer,Partnership,278.67,108.14,Completed
ORD_9527,CUST_511,2024-06-21,Media Package,TikTok,455.2,255.89,Completed
ORD_9528,CUST_1459,2024-11-03,Partner Offer,Partnership,205.86,111.72,Completed
ORD_9529,CUST_809,2024-11-26,Partner Offer,Partnership,447.25,185.29,Completed
ORD_9530,CUST_512,2024-08-18,Workshop,Referral,47.23,25.46,Completed
ORD_9531,CUST_520,2024-11-20,Corporate Package,TikTok,374.1,190.34,Completed
ORD_9532,CUST_462,2024-03-21,Media Package,Event Walk-in,452.02,253.19,Refunded
ORD_9533,CUST_155,2024-01-31,Corporate Package,Referral,438.23,212.28,Completed
ORD_9534,CUST_786,2024-07-05,Media Package,Event Walk-in,38.01,19.55,Completed
ORD_9535,CUST_311,2024-07-09,Partner Offer,Google Search,351.29,215.3,Completed
ORD_9536,CUST_1389,2024-08-28,Media Package,LinkedIn,375.18,230.87,Refunded
ORD_9537,CUST_705,2024-06-14,Corporate Package,Google Search,96.5,38.71,Completed
ORD_9538,CUST_1218,2025-02-27,Membership,Partnership,423.37,243.63,Refunded
ORD_9539,CUST_1102,2025-06-24,Media Package,Event Walk-in,188.93,67.31,Completed
ORD_9540,CUST_1302,2025-04-24,Event Ticket,Partnership,224.73,148.63,Completed
ORD_9541,CUST_20,2024-03-05,Membership,LinkedIn,205.89,99.3,Completed
ORD_9542,CUST_1003,2024-07-13,Creative Studio,LinkedIn,226.36,124.92,Completed
ORD_9543,CUST_1156,2025-05-19,Workshop,Partnership,474.15,241.93,Completed
ORD_9544,CUST_203,2025-01-02,Membership,Referral,199.86,130.26,Completed
ORD_9545,CUST_303,2024-11-24,Event Ticket,TikTok,463.74,269.94,Completed
ORD_9546,CUST_767,2025-04-09,Corporate Package,Event Walk-in,378.24,164.43,Completed
ORD_9547,CUST_301,2025-01-10,Creative Studio,Instagram,294.61,186.79,Completed
ORD_9548,CUST_1149,2024-04-29,Corporate Package,Partnership,498.18,250.37,Refunded
ORD_9549,CUST_1406,2024-12-12,Media Package,Partnership,21.81,13.51,Completed
ORD_9550,CUST_1468,2025-02-08,Event Ticket,Instagram,382.31,139.91,Completed
ORD_9551,CUST_660,2024-09-25,Creative Studio,Google Search,364.24,226.26,Completed
ORD_9552,CUST_56,2024-12-02,Media Package,Event Walk-in,258.96,179.47,Completed
ORD_9553,CUST_221,2025-05-14,Workshop,Referral,424.51,127.54,Completed
ORD_9554,CUST_560,2024-08-13,Event Ticket,TikTok,160.23,54.66,Refunded
ORD_9555,CUST_548,2024-06-24,Membership,Partnership,177.55,78.74,Completed
ORD_9556,CUST_1468,2024-03-27,Event Ticket,Instagram,475.65,321.33,Completed
ORD_9557,CUST_614,2025-04-22,Creative Studio,Instagram,449.51,277.83,Completed
ORD_9558,CUST_791,2024-12-15,Event Ticket,Google Search,54.19,33.71,Completed
ORD_9559,CUST_466,2024-08-30,Event Ticket,TikTok,221.63,73.69,Completed
ORD_9560,CUST_93,2024-01-07,Event Ticket,Google Search,191.24,107.1,Completed
ORD_9561,CUST_891,2025-02-18,Partner Offer,LinkedIn,58.35,37.44,Completed
ORD_9562,CUST_279,2024-06-15,Membership,Google Search,405.57,162.07,Completed
ORD_9563,CUST_158,2024-11-06,Membership,LinkedIn,82.12,34.95,Completed
ORD_9564,CUST_1046,2024-10-22,Membership,TikTok,306.0,186.32,Completed
ORD_9565,CUST_566,2024-10-12,Media Package,Google Search,422.67,128.09,Refunded
ORD_9566,CUST_232,2024-01-10,Creative Studio,Event Walk-in,314.98,120.83,Completed
ORD_9567,CUST_614,2024-10-30,Workshop,Instagram,194.38,67.16,Cancelled
ORD_9568,CUST_1186,2024-02-19,Event Ticket,Event Walk-in,64.84,24.45,Completed
ORD_9569,CUST_215,2025-05-09,Membership,LinkedIn,437.52,153.44,Completed
ORD_9570,CUST_1455,2024-01-21,Workshop,LinkedIn,53.57,34.21,Completed
ORD_9571,CUST_473,2024-05-24,Corporate Package,Partnership,225.27,147.42,Completed
ORD_9572,CUST_121,2024-01-23,Workshop,LinkedIn,57.71,39.48,Completed
ORD_9573,CUST_1361,2025-03-29,Creative Studio,Instagram,248.07,150.05,Completed
ORD_9574,CUST_129,2024-08-19,Membership,Event Walk-in,95.92,29.71,Completed
ORD_9575,CUST_26,2024-10-31,Creative Studio,Event Walk-in,232.81,90.09,Completed
ORD_9576,CUST_77,2024-11-09,Membership,Partnership,441.52,148.92,Completed
ORD_9577,CUST_1190,2024-05-08,Workshop,LinkedIn,353.87,172.15,Completed
ORD_9578,CUST_187,2024-05-17,Event Ticket,Partnership,432.08,216.16,Completed
ORD_9579,CUST_1115,2025-03-22,Corporate Package,Event Walk-in,495.83,303.4,Completed
ORD_9580,CUST_7,2025-06-16,Membership,Instagram,229.41,76.72,Completed
ORD_9581,CUST_403,2025-05-19,Event Ticket,Google Search,196.46,90.75,Completed
ORD_9582,CUST_339,2025-04-26,Workshop,Google Search,424.99,195.19,Completed
ORD_9583,CUST_676,2024-05-19,Event Ticket,Instagram,170.81,59.69,Completed
ORD_9584,CUST_524,2024-06-25,Media Package,LinkedIn,357.74,212.62,Completed
ORD_9585,CUST_1180,2025-05-21,Workshop,Instagram,391.65,133.29,Completed
ORD_9586,CUST_1390,2024-08-06,Membership,Referral,372.63,192.91,Completed
ORD_9587,CUST_653,2025-06-16,Event Ticket,Event Walk-in,271.41,129.22,Completed
ORD_9588,CUST_1482,2024-05-24,Media Package,Google Search,379.67,174.63,Completed
ORD_9589,CUST_1250,2024-01-10,Event Ticket,Partnership,148.73,57.6,Completed
ORD_9590,CUST_748,2024-03-03,Event Ticket,LinkedIn,477.76,196.26,Completed
ORD_9591,CUST_1136,2024-12-22,Creative Studio,TikTok,153.0,101.64,Completed
ORD_9592,CUST_796,2024-12-22,Event Ticket,Partnership,48.39,19.99,Completed
ORD_9593,CUST_1271,2024-03-18,Media Package,Instagram,144.72,79.07,Refunded
ORD_9594,CUST_948,2025-06-11,Event Ticket,Referral,460.62,221.26,Completed
ORD_9595,CUST_722,2024-07-14,Media Package,Event Walk-in,311.25,115.14,Completed
ORD_9596,CUST_202,2024-01-15,Corporate Package,Referral,85.54,48.47,Cancelled
ORD_9597,CUST_164,2025-03-03,Workshop,Instagram,225.39,103.27,Completed
ORD_9598,CUST_934,2024-06-28,Event Ticket,Instagram,185.64,72.02,Completed
ORD_9599,CUST_917,2024-01-22,Partner Offer,Partnership,455.67,291.91,Completed
ORD_9600,CUST_1109,2024-05-04,Corporate Package,TikTok,487.16,260.1,Completed
ORD_9601,CUST_3,2024-02-28,Corporate Package,TikTok,367.26,176.47,Completed
ORD_9602,CUST_861,2025-02-19,Creative Studio,Partnership,328.8,148.14,Cancelled
ORD_9603,CUST_604,2024-12-06,Creative Studio,LinkedIn,266.46,151.71,Refunded
ORD_9604,CUST_589,2024-10-22,Event Ticket,Instagram,407.59,131.47,Completed
ORD_9605,CUST_473,2025-05-27,Creative Studio,Partnership,480.43,321.43,Refunded
ORD_9606,CUST_104,2024-07-20,Partner Offer,LinkedIn,112.91,78.34,Completed
ORD_9607,CUST_373,2024-03-10,Partner Offer,Event Walk-in,56.27,32.16,Completed
ORD_9608,CUST_677,2024-01-28,Creative Studio,LinkedIn,77.91,50.76,Refunded
ORD_9609,CUST_1267,2024-01-18,Workshop,Event Walk-in,147.22,52.44,Completed
ORD_9610,CUST_1176,2024-05-15,Workshop,Referral,235.77,122.3,Completed
ORD_9611,CUST_1340,2024-01-18,Corporate Package,Partnership,325.06,111.74,Completed
ORD_9612,CUST_112,2025-03-05,Membership,LinkedIn,367.7,243.3,Completed
ORD_9613,CUST_624,2025-05-26,Membership,TikTok,469.42,257.74,Refunded
ORD_9614,CUST_531,2024-11-08,Membership,Partnership,279.47,139.15,Completed
ORD_9615,CUST_426,2024-04-12,Creative Studio,Event Walk-in,218.22,101.32,Completed
ORD_9616,CUST_16,2024-08-24,Partner Offer,TikTok,182.28,83.03,Cancelled
ORD_9617,CUST_782,2024-07-22,Workshop,LinkedIn,124.88,44.43,Refunded
ORD_9618,CUST_1344,2025-05-12,Media Package,Google Search,152.27,54.46,Completed
ORD_9619,CUST_311,2024-05-26,Corporate Package,Google Search,216.57,121.94,Completed
ORD_9620,CUST_478,2024-09-06,Workshop,LinkedIn,227.28,74.3,Completed
ORD_9621,CUST_632,2024-10-15,Media Package,Referral,270.75,103.04,Completed
ORD_9622,CUST_557,2024-08-02,Corporate Package,Event Walk-in,339.71,218.09,Completed
ORD_9623,CUST_308,2024-12-30,Creative Studio,Partnership,329.73,191.7,Completed
ORD_9624,CUST_1123,2024-12-28,Creative Studio,Google Search,195.23,81.61,Completed
ORD_9625,CUST_1061,2025-06-25,Membership,Instagram,412.11,207.21,Completed
ORD_9626,CUST_82,2025-03-22,Creative Studio,Google Search,238.9,107.0,Completed
ORD_9627,CUST_1427,2024-09-15,Event Ticket,Partnership,360.74,241.77,Completed
ORD_9628,CUST_110,2024-01-31,Media Package,TikTok,84.43,47.1,Completed
ORD_9629,CUST_516,2024-10-07,Partner Offer,LinkedIn,128.23,52.2,Completed
ORD_9630,CUST_1268,2024-05-10,Workshop,Event Walk-in,248.59,159.15,Completed
ORD_9631,CUST_1084,2024-05-15,Corporate Package,Instagram,392.24,208.49,Completed
ORD_9632,CUST_282,2024-07-09,Partner Offer,TikTok,284.14,181.38,Cancelled
ORD_9633,CUST_395,2024-07-09,Event Ticket,TikTok,140.12,87.39,Completed
ORD_9634,CUST_358,2024-08-28,Corporate Package,TikTok,162.1,50.17,Completed
ORD_9635,CUST_975,2024-01-09,Corporate Package,Instagram,147.88,76.72,Completed
ORD_9636,CUST_1146,2024-05-21,Workshop,TikTok,326.51,203.04,Completed
ORD_9637,CUST_861,2025-06-30,Workshop,Partnership,30.34,21.13,Completed
ORD_9638,CUST_390,2024-03-01,Corporate Package,Partnership,412.22,215.85,Completed
ORD_9639,CUST_928,2025-03-20,Event Ticket,Instagram,354.42,183.48,Completed
ORD_9640,CUST_53,2024-12-26,Membership,Event Walk-in,263.3,92.14,Completed
ORD_9641,CUST_1382,2024-04-27,Event Ticket,Referral,484.25,304.4,Completed
ORD_9642,CUST_686,2025-06-20,Creative Studio,Event Walk-in,123.43,44.22,Completed
ORD_9643,CUST_1120,2024-01-25,Partner Offer,Partnership,205.27,77.88,Completed
ORD_9644,CUST_67,2025-05-22,Media Package,Google Search,363.85,180.79,Completed
ORD_9645,CUST_954,2025-04-18,Creative Studio,Instagram,25.52,11.26,Completed
ORD_9646,CUST_850,2024-05-22,Membership,Google Search,393.4,183.87,Completed
ORD_9647,CUST_439,2024-07-15,Corporate Package,Instagram,496.76,331.06,Completed
ORD_9648,CUST_1012,2025-04-26,Membership,Instagram,421.83,152.28,Refunded
ORD_9649,CUST_1278,2024-10-29,Membership,Google Search,487.45,195.69,Completed
ORD_9650,CUST_181,2024-12-08,Corporate Package,Partnership,477.74,256.33,Cancelled
ORD_9651,CUST_1140,2025-04-27,Membership,Instagram,152.69,52.45,Refunded
ORD_9652,CUST_324,2025-06-11,Corporate Package,Google Search,184.72,89.17,Completed
ORD_9653,CUST_117,2024-01-20,Partner Offer,TikTok,280.13,114.49,Completed
ORD_9654,CUST_616,2024-08-16,Media Package,Event Walk-in,358.75,148.6,Completed
ORD_9655,CUST_339,2025-03-25,Corporate Package,Google Search,406.5,197.33,Completed
ORD_9656,CUST_110,2024-07-10,Corporate Package,TikTok,459.71,153.48,Completed
ORD_9657,CUST_1286,2024-02-24,Partner Offer,Event Walk-in,132.57,65.27,Cancelled
ORD_9658,CUST_752,2025-03-22,Workshop,Google Search,325.48,99.75,Refunded
ORD_9659,CUST_924,2024-03-25,Workshop,Referral,389.38,177.57,Completed
ORD_9660,CUST_1046,2024-04-16,Media Package,TikTok,326.51,157.14,Completed
ORD_9661,CUST_374,2024-12-03,Corporate Package,LinkedIn,160.58,103.09,Completed
ORD_9662,CUST_656,2025-04-05,Partner Offer,Google Search,463.04,158.68,Completed
ORD_9663,CUST_740,2024-07-22,Media Package,Referral,359.84,109.13,Refunded
ORD_9664,CUST_1030,2024-01-25,Creative Studio,Referral,447.41,247.47,Refunded
ORD_9665,CUST_598,2024-02-04,Membership,Partnership,447.44,303.38,Completed
ORD_9666,CUST_478,2024-08-12,Partner Offer,LinkedIn,170.13,108.89,Completed
ORD_9667,CUST_1216,2024-06-12,Workshop,Instagram,386.88,207.56,Completed
ORD_9668,CUST_279,2024-03-21,Event Ticket,Google Search,184.2,121.43,Completed
ORD_9669,CUST_849,2024-05-08,Media Package,Google Search,345.96,160.39,Completed
ORD_9670,CUST_488,2024-02-20,Membership,Event Walk-in,302.71,103.04,Refunded
ORD_9671,CUST_530,2024-08-26,Corporate Package,Referral,86.77,50.16,Completed
ORD_9672,CUST_392,2024-08-17,Corporate Package,Referral,189.99,105.55,Completed
ORD_9673,CUST_1267,2025-03-13,Corporate Package,Event Walk-in,300.2,110.04,Completed
ORD_9674,CUST_461,2024-01-22,Partner Offer,Event Walk-in,329.85,128.98,Completed
ORD_9675,CUST_423,2024-12-01,Media Package,LinkedIn,39.29,20.43,Completed
ORD_9676,CUST_852,2025-06-24,Workshop,LinkedIn,350.17,225.9,Completed
ORD_9677,CUST_1423,2024-05-31,Workshop,TikTok,335.61,184.25,Completed
ORD_9678,CUST_1361,2024-03-14,Workshop,Instagram,56.05,36.86,Completed
ORD_9679,CUST_1335,2024-02-09,Event Ticket,LinkedIn,279.8,188.83,Completed
ORD_9680,CUST_1366,2024-12-27,Creative Studio,TikTok,70.0,46.8,Completed
ORD_9681,CUST_73,2025-05-11,Partner Offer,Partnership,48.35,23.82,Completed
ORD_9682,CUST_1344,2025-06-12,Media Package,Google Search,448.53,245.17,Refunded
ORD_9683,CUST_1109,2024-08-13,Workshop,TikTok,132.11,42.17,Completed
ORD_9684,CUST_918,2025-05-23,Event Ticket,Google Search,289.62,100.21,Completed
ORD_9685,CUST_917,2024-10-01,Media Package,Partnership,376.89,192.93,Completed
ORD_9686,CUST_386,2024-01-23,Partner Offer,Partnership,49.28,18.83,Completed
ORD_9687,CUST_584,2025-04-30,Workshop,Google Search,417.59,222.01,Completed
ORD_9688,CUST_402,2024-05-25,Workshop,LinkedIn,59.98,18.79,Completed
ORD_9689,CUST_1448,2024-08-28,Media Package,LinkedIn,388.62,160.72,Completed
ORD_9690,CUST_1043,2024-05-29,Membership,Partnership,133.47,87.4,Completed
ORD_9691,CUST_1371,2024-12-04,Partner Offer,Google Search,141.48,46.93,Completed
ORD_9692,CUST_952,2024-06-03,Partner Offer,Event Walk-in,34.09,16.44,Completed
ORD_9693,CUST_341,2025-04-18,Membership,Google Search,395.2,233.89,Completed
ORD_9694,CUST_783,2025-02-20,Partner Offer,TikTok,201.69,112.25,Refunded
ORD_9695,CUST_1075,2024-09-05,Event Ticket,TikTok,223.35,118.05,Refunded
ORD_9696,CUST_788,2025-01-09,Partner Offer,Partnership,66.48,41.91,Completed
ORD_9697,CUST_1116,2024-12-13,Membership,Event Walk-in,132.0,66.89,Cancelled
ORD_9698,CUST_929,2024-04-13,Workshop,TikTok,384.29,188.36,Completed
ORD_9699,CUST_894,2025-01-13,Membership,Event Walk-in,140.8,90.38,Completed
ORD_9700,CUST_1153,2025-02-03,Membership,LinkedIn,311.94,192.87,Completed
ORD_9701,CUST_1262,2025-05-18,Creative Studio,Event Walk-in,171.76,77.37,Completed
ORD_9702,CUST_1029,2024-09-17,Membership,Referral,267.15,125.62,Completed
ORD_9703,CUST_1104,2024-02-28,Workshop,Partnership,258.86,106.8,Completed
ORD_9704,CUST_463,2024-07-24,Partner Offer,TikTok,169.82,56.68,Completed
ORD_9705,CUST_280,2025-01-30,Partner Offer,Partnership,186.29,111.04,Completed
ORD_9706,CUST_1099,2024-06-09,Media Package,Referral,201.44,80.54,Completed
ORD_9707,CUST_982,2024-11-10,Creative Studio,Partnership,262.2,163.28,Completed
ORD_9708,CUST_986,2024-08-03,Event Ticket,Instagram,45.62,15.7,Completed
ORD_9709,CUST_308,2024-01-19,Partner Offer,Partnership,68.66,43.19,Completed
ORD_9710,CUST_940,2024-11-11,Creative Studio,TikTok,65.92,39.5,Completed
ORD_9711,CUST_1322,2025-06-26,Workshop,Google Search,193.04,87.99,Completed
ORD_9712,CUST_162,2024-03-12,Workshop,LinkedIn,366.34,246.43,Completed
ORD_9713,CUST_783,2025-04-09,Media Package,TikTok,337.8,118.73,Completed
ORD_9714,CUST_1357,2024-06-22,Workshop,Google Search,130.46,67.42,Completed
ORD_9715,CUST_1473,2025-05-26,Creative Studio,LinkedIn,122.5,75.37,Completed
ORD_9716,CUST_457,2025-03-20,Media Package,Referral,89.39,32.3,Completed
ORD_9717,CUST_336,2024-01-25,Partner Offer,Partnership,130.36,73.16,Completed
ORD_9718,CUST_455,2024-11-13,Creative Studio,Instagram,323.91,136.34,Completed
ORD_9719,CUST_1294,2025-04-15,Partner Offer,Event Walk-in,172.45,99.57,Completed
ORD_9720,CUST_479,2025-04-20,Event Ticket,LinkedIn,30.47,10.45,Completed
ORD_9721,CUST_1298,2024-01-23,Media Package,TikTok,496.45,158.65,Cancelled
ORD_9722,CUST_199,2024-11-27,Partner Offer,Google Search,320.52,218.94,Completed
ORD_9723,CUST_1062,2025-03-13,Creative Studio,Partnership,53.76,16.44,Completed
ORD_9724,CUST_633,2024-05-16,Membership,Partnership,438.61,174.22,Completed
ORD_9725,CUST_305,2025-02-26,Corporate Package,Referral,93.76,28.2,Completed
ORD_9726,CUST_1496,2024-06-06,Event Ticket,Google Search,135.74,42.03,Completed
ORD_9727,CUST_574,2025-04-01,Media Package,TikTok,108.54,45.9,Completed
ORD_9728,CUST_213,2025-05-14,Workshop,Event Walk-in,93.9,54.43,Completed
ORD_9729,CUST_149,2025-02-08,Partner Offer,Referral,439.65,152.78,Completed
ORD_9730,CUST_627,2025-06-18,Event Ticket,Google Search,163.65,56.63,Completed
ORD_9731,CUST_1343,2024-11-02,Membership,Partnership,170.51,55.59,Completed
ORD_9732,CUST_1150,2024-10-04,Media Package,LinkedIn,130.4,53.63,Refunded
ORD_9733,CUST_1385,2025-03-28,Partner Offer,LinkedIn,141.13,55.73,Completed
ORD_9734,CUST_1066,2024-06-21,Membership,Event Walk-in,193.47,97.95,Completed
ORD_9735,CUST_602,2025-01-29,Media Package,Partnership,458.46,250.3,Completed
ORD_9736,CUST_680,2025-04-02,Workshop,Google Search,149.11,76.78,Refunded
ORD_9737,CUST_932,2025-03-13,Event Ticket,Event Walk-in,354.27,188.06,Completed
ORD_9738,CUST_103,2024-01-06,Partner Offer,Google Search,473.19,290.56,Completed
ORD_9739,CUST_212,2024-12-27,Workshop,TikTok,451.31,273.21,Completed
ORD_9740,CUST_1125,2025-02-23,Media Package,LinkedIn,231.79,135.39,Completed
ORD_9741,CUST_825,2024-09-15,Event Ticket,Partnership,395.81,212.37,Completed
ORD_9742,CUST_80,2024-12-22,Partner Offer,TikTok,288.77,109.02,Completed
ORD_9743,CUST_417,2024-06-19,Creative Studio,Event Walk-in,338.75,224.24,Completed
ORD_9744,CUST_531,2024-05-07,Event Ticket,Partnership,167.86,56.24,Completed
ORD_9745,CUST_1277,2025-01-17,Media Package,Referral,155.63,66.84,Completed
ORD_9746,CUST_930,2024-06-30,Workshop,Google Search,498.1,164.3,Refunded
ORD_9747,CUST_1098,2025-04-11,Corporate Package,LinkedIn,264.48,132.94,Completed
ORD_9748,CUST_856,2024-07-13,Media Package,Google Search,403.17,190.5,Completed
ORD_9749,CUST_1013,2024-01-12,Partner Offer,TikTok,422.53,136.88,Completed
ORD_9750,CUST_281,2025-03-19,Media Package,Referral,94.14,62.04,Completed
ORD_9751,CUST_892,2024-08-12,Membership,Partnership,279.26,133.04,Completed
ORD_9752,CUST_693,2024-12-13,Partner Offer,Google Search,151.26,88.69,Completed
ORD_9753,CUST_1238,2024-06-03,Corporate Package,Event Walk-in,128.64,74.15,Refunded
ORD_9754,CUST_139,2025-01-30,Corporate Package,Event Walk-in,185.96,99.64,Cancelled
ORD_9755,CUST_1089,2025-01-29,Membership,Instagram,323.04,102.88,Completed
ORD_9756,CUST_1293,2024-04-20,Creative Studio,LinkedIn,235.61,100.07,Refunded
ORD_9757,CUST_536,2024-08-21,Creative Studio,Google Search,39.67,18.2,Completed
ORD_9758,CUST_992,2024-02-04,Membership,Referral,49.41,27.99,Completed
ORD_9759,CUST_289,2025-04-06,Workshop,Referral,438.62,187.74,Cancelled
ORD_9760,CUST_811,2024-11-16,Event Ticket,Partnership,387.27,211.29,Completed
ORD_9761,CUST_173,2024-03-13,Membership,Event Walk-in,145.43,73.12,Completed
ORD_9762,CUST_991,2024-03-09,Event Ticket,Referral,30.79,9.54,Completed
ORD_9763,CUST_961,2024-01-25,Media Package,Event Walk-in,411.84,191.49,Completed
ORD_9764,CUST_902,2025-05-13,Membership,Google Search,263.93,80.15,Refunded
ORD_9765,CUST_372,2024-11-22,Membership,Referral,347.32,194.91,Completed
ORD_9766,CUST_1308,2025-04-10,Partner Offer,Google Search,148.25,74.03,Completed
ORD_9767,CUST_1062,2024-11-13,Media Package,Partnership,167.84,54.12,Completed
ORD_9768,CUST_490,2024-04-28,Creative Studio,Referral,296.02,122.72,Completed
ORD_9769,CUST_487,2024-10-16,Workshop,Referral,315.44,220.18,Cancelled
ORD_9770,CUST_1244,2025-05-04,Partner Offer,Instagram,119.12,60.07,Completed
ORD_9771,CUST_83,2024-11-06,Event Ticket,TikTok,380.56,226.71,Completed
ORD_9772,CUST_416,2024-04-23,Event Ticket,Instagram,396.31,221.73,Completed
ORD_9773,CUST_257,2024-12-31,Partner Offer,Instagram,141.48,80.78,Completed
ORD_9774,CUST_329,2024-06-20,Creative Studio,Event Walk-in,489.11,336.37,Completed
ORD_9775,CUST_183,2025-05-05,Media Package,Google Search,163.56,74.94,Completed
ORD_9776,CUST_797,2025-05-08,Workshop,Google Search,21.14,9.89,Completed
ORD_9777,CUST_1290,2024-04-13,Workshop,Event Walk-in,362.61,178.79,Completed
ORD_9778,CUST_1014,2025-01-25,Creative Studio,Instagram,446.14,200.09,Completed
ORD_9779,CUST_1094,2024-09-06,Workshop,LinkedIn,205.16,129.49,Completed
ORD_9780,CUST_85,2024-08-20,Membership,Instagram,58.01,26.04,Completed
ORD_9781,CUST_1406,2025-03-25,Partner Offer,Partnership,450.37,246.53,Completed
ORD_9782,CUST_24,2024-11-04,Media Package,Event Walk-in,88.34,44.75,Completed
ORD_9783,CUST_2,2024-07-16,Event Ticket,Referral,340.53,172.17,Completed
ORD_9784,CUST_27,2025-03-30,Media Package,Partnership,35.52,12.21,Completed
ORD_9785,CUST_864,2025-01-11,Membership,Google Search,311.62,168.11,Completed
ORD_9786,CUST_1397,2025-02-23,Creative Studio,Partnership,366.19,150.25,Completed
ORD_9787,CUST_439,2024-11-12,Event Ticket,Instagram,167.0,91.4,Completed
ORD_9788,CUST_1192,2025-01-13,Media Package,Referral,419.65,197.83,Completed
ORD_9789,CUST_849,2024-01-15,Membership,Google Search,208.38,78.88,Completed
ORD_9790,CUST_1149,2024-05-23,Event Ticket,Partnership,41.83,29.05,Completed
ORD_9791,CUST_528,2024-07-20,Creative Studio,TikTok,345.67,204.4,Completed
ORD_9792,CUST_231,2025-01-08,Event Ticket,LinkedIn,409.05,227.53,Completed
ORD_9793,CUST_794,2025-06-27,Media Package,Instagram,496.86,266.76,Cancelled
ORD_9794,CUST_812,2025-01-01,Creative Studio,Event Walk-in,197.24,87.03,Completed
ORD_9795,CUST_1215,2025-02-13,Media Package,Partnership,224.49,102.69,Refunded
ORD_9796,CUST_429,2024-02-27,Event Ticket,Event Walk-in,413.1,244.86,Completed
ORD_9797,CUST_608,2024-12-28,Corporate Package,Event Walk-in,155.44,89.77,Completed
ORD_9798,CUST_1450,2024-02-14,Partner Offer,Referral,491.98,180.99,Cancelled
ORD_9799,CUST_808,2024-05-15,Partner Offer,Google Search,449.76,287.28,Completed
ORD_9800,CUST_1221,2024-01-20,Workshop,Google Search,400.4,186.36,Completed
ORD_9801,CUST_816,2024-07-15,Creative Studio,LinkedIn,79.84,48.22,Completed
ORD_9802,CUST_1318,2024-05-03,Media Package,LinkedIn,70.96,35.46,Completed
ORD_9803,CUST_197,2025-03-04,Event Ticket,Referral,466.75,241.65,Completed
ORD_9804,CUST_612,2024-01-10,Workshop,Instagram,341.58,225.42,Completed
ORD_9805,CUST_1200,2024-04-15,Creative Studio,Referral,53.98,23.42,Completed
ORD_9806,CUST_892,2024-05-21,Partner Offer,Partnership,302.51,203.47,Completed
ORD_9807,CUST_759,2024-01-23,Event Ticket,Google Search,109.95,68.38,Completed
ORD_9808,CUST_702,2024-11-30,Media Package,Partnership,394.53,133.46,Refunded
ORD_9809,CUST_1248,2025-06-05,Workshop,Google Search,61.62,27.63,Completed
ORD_9810,CUST_799,2024-10-22,Event Ticket,Partnership,327.09,150.78,Completed
ORD_9811,CUST_1194,2025-01-28,Membership,Referral,456.77,168.01,Refunded
ORD_9812,CUST_1330,2024-11-15,Partner Offer,Referral,412.68,272.74,Completed
ORD_9813,CUST_1161,2024-09-24,Creative Studio,Partnership,491.17,320.51,Completed
ORD_9814,CUST_602,2025-02-02,Workshop,Partnership,346.61,194.14,Completed
ORD_9815,CUST_1482,2025-01-03,Media Package,Google Search,159.37,68.52,Completed
ORD_9816,CUST_417,2024-09-11,Membership,Event Walk-in,174.94,87.96,Completed
ORD_9817,CUST_1382,2024-03-05,Partner Offer,Referral,236.45,135.52,Completed
ORD_9818,CUST_1402,2024-11-26,Media Package,TikTok,440.69,173.15,Completed
ORD_9819,CUST_497,2024-12-18,Membership,Referral,499.14,155.68,Completed
ORD_9820,CUST_539,2024-08-25,Membership,Google Search,334.36,169.03,Completed
ORD_9821,CUST_441,2024-05-09,Corporate Package,Instagram,107.64,40.21,Completed
ORD_9822,CUST_1288,2024-12-21,Event Ticket,Google Search,89.27,44.21,Completed
ORD_9823,CUST_704,2025-02-15,Membership,TikTok,458.48,235.44,Completed
ORD_9824,CUST_1445,2024-07-02,Media Package,Google Search,463.26,238.31,Completed
ORD_9825,CUST_276,2025-01-09,Media Package,Google Search,172.64,71.07,Completed
ORD_9826,CUST_1124,2025-01-28,Corporate Package,TikTok,101.96,67.99,Completed
ORD_9827,CUST_1274,2024-07-26,Media Package,Instagram,157.87,83.8,Completed
ORD_9828,CUST_1055,2025-01-06,Media Package,Google Search,209.57,68.91,Completed
ORD_9829,CUST_1206,2024-02-03,Corporate Package,Event Walk-in,467.98,287.37,Refunded
ORD_9830,CUST_1404,2024-11-26,Corporate Package,Google Search,78.9,36.92,Completed
ORD_9831,CUST_1143,2025-02-21,Media Package,LinkedIn,316.35,214.25,Completed
ORD_9832,CUST_1266,2024-05-01,Media Package,Google Search,103.65,67.48,Refunded
ORD_9833,CUST_22,2024-08-11,Corporate Package,Partnership,460.77,173.49,Completed
ORD_9834,CUST_660,2024-11-07,Workshop,Google Search,26.7,9.7,Completed
ORD_9835,CUST_517,2025-01-22,Corporate Package,Instagram,70.85,40.91,Completed
ORD_9836,CUST_175,2025-06-17,Event Ticket,Instagram,351.04,211.95,Completed
ORD_9837,CUST_1495,2024-12-03,Event Ticket,LinkedIn,198.55,89.78,Completed
ORD_9838,CUST_1239,2025-06-01,Creative Studio,Partnership,492.01,222.01,Completed
ORD_9839,CUST_877,2024-05-22,Corporate Package,Instagram,283.18,158.25,Completed
ORD_9840,CUST_919,2025-01-19,Creative Studio,Partnership,246.51,75.42,Completed
ORD_9841,CUST_954,2024-01-05,Membership,Instagram,386.14,180.65,Completed
ORD_9842,CUST_776,2024-02-21,Creative Studio,Google Search,431.72,215.42,Completed
ORD_9843,CUST_517,2024-11-25,Workshop,Instagram,402.2,249.47,Completed
ORD_9844,CUST_980,2024-11-26,Corporate Package,LinkedIn,210.71,87.63,Completed
ORD_9845,CUST_459,2025-06-19,Event Ticket,TikTok,139.55,63.82,Completed
ORD_9846,CUST_1286,2024-08-16,Creative Studio,Event Walk-in,277.02,105.76,Completed
ORD_9847,CUST_589,2024-06-26,Corporate Package,Instagram,448.41,175.9,Cancelled
ORD_9848,CUST_334,2024-09-07,Corporate Package,Instagram,103.21,67.96,Refunded
ORD_9849,CUST_1426,2024-07-03,Media Package,Google Search,93.57,51.74,Completed
ORD_9850,CUST_618,2024-01-17,Media Package,LinkedIn,348.96,232.59,Completed
ORD_9851,CUST_173,2025-04-11,Event Ticket,Event Walk-in,140.25,43.54,Completed
ORD_9852,CUST_1147,2025-01-09,Event Ticket,Referral,352.72,181.2,Refunded
ORD_9853,CUST_515,2024-03-23,Partner Offer,Referral,349.05,114.08,Completed
ORD_9854,CUST_1341,2024-06-20,Partner Offer,Event Walk-in,300.56,139.04,Completed
ORD_9855,CUST_592,2024-04-10,Event Ticket,Google Search,89.41,47.25,Completed
ORD_9856,CUST_1239,2024-03-03,Workshop,Partnership,199.81,104.2,Completed
ORD_9857,CUST_1040,2025-03-23,Corporate Package,TikTok,454.03,300.46,Completed
ORD_9858,CUST_1313,2025-01-20,Corporate Package,Referral,274.57,107.01,Completed
ORD_9859,CUST_1139,2024-08-31,Corporate Package,Event Walk-in,76.48,52.5,Completed
ORD_9860,CUST_64,2024-05-21,Corporate Package,Event Walk-in,475.33,153.83,Completed
ORD_9861,CUST_1143,2025-05-17,Corporate Package,LinkedIn,376.39,256.09,Refunded
ORD_9862,CUST_1181,2025-02-13,Corporate Package,Event Walk-in,99.06,37.96,Completed
ORD_9863,CUST_319,2024-09-18,Corporate Package,Partnership,32.74,14.92,Cancelled
ORD_9864,CUST_1196,2024-02-18,Event Ticket,Partnership,244.42,73.83,Completed
ORD_9865,CUST_959,2025-05-03,Membership,Referral,297.35,152.87,Completed
ORD_9866,CUST_143,2024-04-01,Partner Offer,LinkedIn,436.23,290.27,Completed
ORD_9867,CUST_642,2024-05-25,Partner Offer,TikTok,24.54,15.13,Completed
ORD_9868,CUST_49,2024-07-01,Event Ticket,Google Search,27.03,17.72,Completed
ORD_9869,CUST_737,2024-03-09,Media Package,Partnership,335.14,221.03,Completed
ORD_9870,CUST_209,2024-04-07,Workshop,Google Search,115.97,65.14,Completed
ORD_9871,CUST_419,2024-08-16,Workshop,LinkedIn,474.6,306.34,Completed
ORD_9872,CUST_170,2025-04-06,Membership,LinkedIn,204.84,120.03,Completed
ORD_9873,CUST_26,2024-10-12,Partner Offer,Event Walk-in,351.34,206.58,Completed
ORD_9874,CUST_363,2024-12-09,Workshop,Event Walk-in,482.7,306.99,Completed
ORD_9875,CUST_772,2024-11-23,Creative Studio,TikTok,367.93,231.56,Completed
ORD_9876,CUST_592,2024-07-08,Membership,Google Search,481.08,154.82,Completed
ORD_9877,CUST_121,2025-01-27,Partner Offer,LinkedIn,57.94,28.73,Completed
ORD_9878,CUST_1384,2025-03-15,Membership,Partnership,189.0,95.29,Completed
ORD_9879,CUST_900,2025-03-10,Media Package,TikTok,413.81,224.1,Completed
ORD_9880,CUST_650,2024-01-18,Partner Offer,Instagram,118.47,47.24,Completed
ORD_9881,CUST_26,2024-10-10,Membership,Event Walk-in,439.85,142.43,Completed
ORD_9882,CUST_61,2025-03-09,Membership,Instagram,102.5,40.71,Completed
ORD_9883,CUST_1163,2024-03-27,Membership,Google Search,83.64,37.51,Completed
ORD_9884,CUST_848,2024-01-28,Event Ticket,TikTok,449.58,166.29,Completed
ORD_9885,CUST_1195,2024-08-15,Corporate Package,Instagram,205.92,112.13,Completed
ORD_9886,CUST_469,2025-02-23,Event Ticket,Event Walk-in,48.0,29.48,Completed
ORD_9887,CUST_1035,2024-07-19,Event Ticket,Event Walk-in,414.02,238.72,Completed
ORD_9888,CUST_684,2025-04-14,Corporate Package,LinkedIn,483.16,266.94,Completed
ORD_9889,CUST_610,2024-09-11,Media Package,Instagram,416.34,226.65,Completed
ORD_9890,CUST_1077,2024-08-27,Workshop,LinkedIn,328.51,109.14,Completed
ORD_9891,CUST_1449,2024-04-03,Workshop,Event Walk-in,36.83,20.35,Completed
ORD_9892,CUST_269,2024-12-17,Corporate Package,Google Search,437.3,187.34,Completed
ORD_9893,CUST_106,2025-03-28,Creative Studio,Event Walk-in,461.06,314.47,Completed
ORD_9894,CUST_711,2024-12-10,Membership,Partnership,42.98,17.7,Completed
ORD_9895,CUST_1015,2025-06-26,Corporate Package,Event Walk-in,283.8,85.78,Completed
ORD_9896,CUST_523,2025-03-25,Membership,Google Search,269.62,161.57,Completed
ORD_9897,CUST_95,2025-01-26,Media Package,Event Walk-in,157.65,76.93,Completed
ORD_9898,CUST_1159,2024-08-18,Membership,LinkedIn,317.33,129.78,Completed
ORD_9899,CUST_582,2024-08-13,Media Package,Referral,96.76,66.31,Completed
ORD_9900,CUST_868,2024-01-17,Workshop,Event Walk-in,178.52,98.84,Completed
ORD_9901,CUST_199,2024-08-31,Event Ticket,Google Search,159.32,74.37,Completed
ORD_9902,CUST_639,2025-02-04,Creative Studio,LinkedIn,308.76,181.09,Completed
ORD_9903,CUST_1346,2024-08-20,Workshop,Event Walk-in,468.71,306.84,Completed
ORD_9904,CUST_1123,2024-03-26,Creative Studio,Google Search,351.18,158.36,Completed
ORD_9905,CUST_379,2024-08-20,Membership,Google Search,323.69,184.94,Completed
ORD_9906,CUST_514,2024-12-09,Workshop,LinkedIn,265.91,102.67,Completed
ORD_9907,CUST_1376,2024-07-12,Corporate Package,Referral,371.39,163.49,Completed
ORD_9908,CUST_1161,2025-03-09,Creative Studio,Partnership,206.18,99.38,Completed
ORD_9909,CUST_1470,2024-01-14,Event Ticket,Partnership,397.3,246.44,Completed
ORD_9910,CUST_81,2025-06-24,Event Ticket,LinkedIn,383.07,156.22,Completed
ORD_9911,CUST_902,2025-06-30,Workshop,Google Search,452.93,189.74,Completed
ORD_9912,CUST_578,2025-01-31,Creative Studio,Referral,160.2,101.29,Completed
ORD_9913,CUST_327,2024-03-04,Membership,TikTok,443.77,147.98,Refunded
ORD_9914,CUST_148,2024-02-23,Partner Offer,Event Walk-in,187.42,118.39,Completed
ORD_9915,CUST_1395,2025-04-21,Partner Offer,Instagram,336.98,175.6,Completed
ORD_9916,CUST_254,2024-03-10,Corporate Package,Partnership,338.49,224.47,Refunded
ORD_9917,CUST_1369,2024-07-26,Creative Studio,Event Walk-in,189.35,65.8,Completed
ORD_9918,CUST_233,2024-02-10,Media Package,TikTok,317.7,177.61,Completed
ORD_9919,CUST_49,2024-01-29,Media Package,Google Search,451.53,283.65,Completed
ORD_9920,CUST_929,2024-03-07,Membership,TikTok,70.38,23.38,Completed
ORD_9921,CUST_1309,2025-05-19,Partner Offer,Referral,249.69,129.91,Completed
ORD_9922,CUST_756,2024-05-22,Media Package,Instagram,384.41,197.6,Completed
ORD_9923,CUST_1097,2024-08-04,Creative Studio,Partnership,381.67,175.65,Completed
ORD_9924,CUST_1326,2025-03-20,Workshop,LinkedIn,131.52,42.93,Completed
ORD_9925,CUST_641,2025-03-26,Media Package,TikTok,472.96,307.45,Completed
ORD_9926,CUST_791,2024-12-12,Corporate Package,Google Search,258.74,128.48,Completed
ORD_9927,CUST_606,2025-03-03,Media Package,Referral,169.21,91.12,Completed
ORD_9928,CUST_1116,2025-05-12,Corporate Package,Event Walk-in,472.37,195.39,Completed
ORD_9929,CUST_942,2025-03-31,Membership,Referral,464.33,158.81,Completed
ORD_9930,CUST_1481,2024-11-02,Corporate Package,Partnership,177.94,81.05,Cancelled
ORD_9931,CUST_1186,2024-04-14,Workshop,Event Walk-in,172.53,112.93,Refunded
ORD_9932,CUST_59,2024-01-17,Corporate Package,LinkedIn,337.45,183.88,Completed
ORD_9933,CUST_676,2024-07-28,Event Ticket,Instagram,343.28,117.56,Completed
ORD_9934,CUST_1224,2025-06-01,Membership,Referral,91.7,40.64,Refunded
ORD_9935,CUST_37,2024-07-23,Corporate Package,Referral,378.84,166.15,Completed
ORD_9936,CUST_1363,2025-01-15,Membership,LinkedIn,400.63,131.4,Cancelled
ORD_9937,CUST_603,2024-11-04,Membership,TikTok,433.83,277.58,Completed
ORD_9938,CUST_134,2024-01-30,Creative Studio,LinkedIn,368.75,227.78,Completed
ORD_9939,CUST_369,2025-05-29,Event Ticket,Referral,165.96,84.05,Cancelled
ORD_9940,CUST_564,2024-08-17,Creative Studio,Referral,311.09,207.85,Completed
ORD_9941,CUST_1290,2024-06-24,Media Package,Event Walk-in,487.08,188.7,Completed
ORD_9942,CUST_556,2025-02-01,Creative Studio,Referral,400.49,136.07,Refunded
ORD_9943,CUST_1234,2024-01-08,Creative Studio,Google Search,121.46,55.45,Completed
ORD_9944,CUST_730,2024-02-09,Partner Offer,TikTok,411.58,279.75,Completed
ORD_9945,CUST_317,2024-05-01,Event Ticket,Referral,297.37,128.84,Completed
ORD_9946,CUST_903,2024-10-02,Corporate Package,Event Walk-in,77.86,49.26,Completed
ORD_9947,CUST_646,2024-01-21,Partner Offer,TikTok,496.56,238.48,Completed
ORD_9948,CUST_398,2024-04-21,Event Ticket,Partnership,338.59,203.44,Refunded
ORD_9949,CUST_601,2024-04-09,Workshop,Referral,108.45,45.18,Completed
ORD_9950,CUST_1066,2024-12-15,Event Ticket,Event Walk-in,450.89,259.45,Completed
ORD_9951,CUST_279,2025-04-25,Membership,Google Search,391.63,241.82,Completed
ORD_9952,CUST_404,2025-03-04,Membership,TikTok,238.41,150.31,Completed
ORD_9953,CUST_773,2025-03-03,Media Package,Referral,498.5,281.04,Completed
ORD_9954,CUST_1464,2024-05-13,Partner Offer,Partnership,55.11,16.73,Completed
ORD_9955,CUST_1242,2024-09-07,Partner Offer,Event Walk-in,173.61,91.96,Cancelled
ORD_9956,CUST_758,2024-12-07,Partner Offer,Partnership,119.04,75.57,Completed
ORD_9957,CUST_755,2025-01-13,Partner Offer,LinkedIn,187.23,102.52,Completed
ORD_9958,CUST_739,2024-06-10,Membership,TikTok,497.17,209.6,Completed
ORD_9959,CUST_427,2024-09-23,Membership,Partnership,249.38,89.56,Completed
ORD_9960,CUST_295,2025-04-19,Creative Studio,Google Search,247.91,146.11,Completed
ORD_9961,CUST_763,2024-11-29,Workshop,TikTok,374.12,258.8,Completed
ORD_9962,CUST_782,2024-11-19,Workshop,LinkedIn,189.23,111.56,Refunded
ORD_9963,CUST_1358,2025-05-18,Partner Offer,Referral,101.54,67.67,Completed
ORD_9964,CUST_938,2024-11-29,Event Ticket,Referral,291.13,174.7,Completed
ORD_9965,CUST_899,2024-10-30,Media Package,TikTok,312.91,190.06,Completed
ORD_9966,CUST_270,2025-01-18,Media Package,TikTok,438.45,165.69,Completed
ORD_9967,CUST_993,2024-04-22,Partner Offer,LinkedIn,238.42,115.01,Completed
ORD_9968,CUST_184,2024-07-27,Membership,Google Search,422.66,247.99,Completed
ORD_9969,CUST_573,2025-06-07,Workshop,Instagram,49.39,16.01,Refunded
ORD_9970,CUST_1413,2025-05-10,Workshop,Event Walk-in,83.27,58.27,Completed
ORD_9971,CUST_1377,2024-11-06,Event Ticket,LinkedIn,297.77,181.5,Completed
ORD_9972,CUST_21,2025-05-20,Membership,Instagram,384.37,167.27,Completed
ORD_9973,CUST_521,2024-08-19,Corporate Package,Partnership,254.59,152.1,Completed
ORD_9974,CUST_184,2024-05-16,Workshop,Google Search,433.64,154.56,Completed
ORD_9975,CUST_10,2025-05-29,Event Ticket,Referral,129.47,77.93,Completed
ORD_9976,CUST_559,2025-06-26,Membership,Partnership,133.1,87.32,Refunded
ORD_9977,CUST_13,2024-04-09,Creative Studio,LinkedIn,231.68,119.56,Completed
ORD_9978,CUST_642,2024-02-09,Corporate Package,TikTok,273.18,110.37,Cancelled
ORD_9979,CUST_1010,2024-12-23,Membership,LinkedIn,320.62,159.8,Completed
ORD_9980,CUST_580,2024-05-09,Partner Offer,Partnership,65.73,39.72,Cancelled
ORD_9981,CUST_368,2025-06-13,Workshop,TikTok,401.76,248.94,Completed
ORD_9982,CUST_127,2024-06-14,Corporate Package,Referral,360.34,249.94,Completed
ORD_9983,CUST_1366,2024-02-16,Workshop,TikTok,141.79,75.87,Completed
ORD_9984,CUST_693,2024-06-26,Creative Studio,Google Search,22.23,12.63,Completed
ORD_9985,CUST_1409,2025-01-21,Media Package,Instagram,81.16,36.55,Completed
ORD_9986,CUST_1331,2025-03-30,Corporate Package,LinkedIn,212.65,109.32,Completed
ORD_9987,CUST_894,2024-12-03,Corporate Package,Event Walk-in,119.38,71.46,Completed
ORD_9988,CUST_1181,2025-03-21,Event Ticket,Event Walk-in,346.7,136.05,Completed
ORD_9989,CUST_432,2024-09-12,Event Ticket,Referral,28.31,17.11,Completed
ORD_9990,CUST_895,2024-05-04,Media Package,Google Search,411.78,160.62,Refunded
ORD_9991,CUST_1445,2025-06-30,Corporate Package,Google Search,469.09,321.0,Completed
ORD_9992,CUST_127,2025-06-16,Corporate Package,Referral,285.44,130.01,Completed
ORD_9993,CUST_1082,2024-03-29,Media Package,Referral,74.54,50.88,Completed
ORD_9994,CUST_286,2025-02-05,Media Package,Partnership,265.52,119.94,Refunded
ORD_9995,CUST_902,2025-06-04,Media Package,Google Search,216.79,69.65,Completed
ORD_9996,CUST_1359,2024-05-23,Membership,Instagram,240.8,142.16,Refunded
ORD_9997,CUST_310,2024-08-21,Workshop,Google Search,456.59,161.76,Refunded
ORD_9998,CUST_535,2024-10-21,Creative Studio,Event Walk-in,294.36,180.66,Cancelled
ORD_9999,CUST_1114,2025-02-13,Event Ticket,TikTok,372.39,250.06,Completed
ORD_10000,CUST_311,2024-11-20,Creative Studio,Google Search,404.0,261.92,Completed
