order_id,customer_id,order_date,offer_type,channel,revenue,cost,status
ORD_1,CUST_379,2024-05-21,Beauty,Google Search,571.3,303.21,Completed
ORD_2,CUST_425,2024-11-09,Subscription Box,LinkedIn,670.72,372.97,Completed
ORD_3,CUST_817,2025-01-17,Gift Card,TikTok,449.35,208.15,Completed
ORD_4,CUST_425,2024-10-14,Subscription Box,LinkedIn,545.86,321.97,Refunded
ORD_5,CUST_211,2025-01-13,Gift Card,Partnership,598.55,227.53,Completed
ORD_6,CUST_273,2025-03-30,Beauty,Referral,490.23,262.84,Completed
ORD_7,CUST_1319,2024-06-03,Gift Card,LinkedIn,413.96,216.12,Cancelled
ORD_8,CUST_857,2025-03-08,Beauty,Instagram,470.55,339.58,Completed
ORD_9,CUST_396,2024-09-16,Premium Box,Instagram,301.43,154.2,Completed
ORD_10,CUST_1354,2024-01-03,Beauty,TikTok,328.72,203.01,Cancelled
ORD_11,CUST_673,2024-06-04,Subscription Box,Event Walk-in,379.48,222.37,Completed
ORD_12,CUST_1105,2025-05-29,Fashion,Partnership,115.31,85.79,Completed
ORD_13,CUST_405,2024-03-12,Fashion,LinkedIn,221.52,91.53,Completed
ORD_14,CUST_313,2024-09-18,Accessories,LinkedIn,139.48,57.4,Completed
ORD_15,CUST_281,2025-06-24,Gift Card,Referral,50.55,23.96,Completed
ORD_16,CUST_813,2024-10-06,Fashion,Instagram,224.83,89.5,Completed
ORD_17,CUST_209,2024-09-02,Limited Collection,LinkedIn,152.45,96.56,Completed
ORD_18,CUST_1168,2025-02-02,Limited Collection,Referral,412.28,260.57,Completed
ORD_19,CUST_655,2024-09-07,Gift Card,LinkedIn,162.74,93.69,Refunded
ORD_20,CUST_1354,2024-08-17,Subscription Box,TikTok,481.69,306.15,Completed
ORD_21,CUST_911,2024-07-26,Beauty,TikTok,391.29,250.67,Completed
ORD_22,CUST_357,2024-07-19,Limited Collection,TikTok,443.13,211.18,Completed
ORD_23,CUST_1244,2025-03-15,Limited Collection,Google Search,256.12,157.41,Completed
ORD_24,CUST_314,2025-02-12,Limited Collection,Instagram,407.0,272.06,Completed
ORD_25,CUST_424,2025-06-26,Beauty,Event Walk-in,368.87,209.06,Completed
ORD_26,CUST_979,2024-05-05,Premium Box,Referral,631.59,262.34,Completed
ORD_27,CUST_20,2025-03-20,Limited Collection,LinkedIn,356.86,174.95,Completed
ORD_28,CUST_892,2025-01-22,Accessories,Google Search,219.67,148.11,Completed
ORD_29,CUST_92,2024-05-25,Beauty,Partnership,287.5,154.73,Completed
ORD_30,CUST_433,2025-05-17,Subscription Box,Instagram,159.55,99.06,Completed
ORD_31,CUST_198,2024-08-29,Premium Box,Instagram,540.81,386.72,Completed
ORD_32,CUST_91,2025-05-17,Beauty,LinkedIn,433.09,209.97,Completed
ORD_33,CUST_1151,2025-01-03,Beauty,Event Walk-in,340.49,187.12,Completed
ORD_34,CUST_1335,2025-06-19,Fashion,Partnership,565.85,254.65,Completed
ORD_35,CUST_826,2025-06-12,Accessories,Google Search,177.07,97.8,Refunded
ORD_36,CUST_1336,2025-02-17,Fashion,Event Walk-in,23.39,9.75,Completed
ORD_37,CUST_461,2024-08-01,Accessories,Partnership,459.01,166.22,Completed
ORD_38,CUST_1124,2024-12-25,Fashion,Partnership,318.5,227.86,Completed
ORD_39,CUST_878,2025-04-19,Beauty,Referral,347.79,206.52,Cancelled
ORD_40,CUST_1492,2024-06-06,Premium Box,TikTok,196.34,141.44,Completed
ORD_41,CUST_984,2025-03-20,Beauty,Google Search,259.88,101.05,Completed
ORD_42,CUST_920,2024-02-27,Premium Box,Google Search,168.82,81.86,Completed
ORD_43,CUST_1291,2025-04-12,Gift Card,Partnership,649.2,438.51,Cancelled
ORD_44,CUST_15,2025-02-27,Premium Box,Instagram,549.83,220.36,Completed
ORD_45,CUST_883,2024-08-22,Gift Card,Partnership,519.29,325.34,Completed
ORD_46,CUST_342,2024-03-18,Limited Collection,TikTok,225.06,152.25,Cancelled
ORD_47,CUST_504,2024-02-16,Accessories,Event Walk-in,449.48,234.26,Completed
ORD_48,CUST_1356,2025-03-24,Accessories,Instagram,581.8,266.5,Refunded
ORD_49,CUST_417,2025-05-28,Subscription Box,LinkedIn,536.34,214.96,Completed
ORD_50,CUST_703,2024-08-21,Beauty,Instagram,571.6,369.39,Completed
ORD_51,CUST_381,2024-08-08,Gift Card,Google Search,123.34,47.43,Completed
ORD_52,CUST_399,2024-02-13,Gift Card,Referral,622.99,334.61,Completed
ORD_53,CUST_745,2024-09-19,Beauty,Partnership,535.43,297.67,Completed
ORD_54,CUST_116,2024-02-26,Gift Card,Google Search,559.29,365.04,Completed
ORD_55,CUST_53,2024-06-04,Accessories,LinkedIn,59.79,26.65,Cancelled
ORD_56,CUST_1348,2025-04-28,Premium Box,LinkedIn,94.74,36.87,Completed
ORD_57,CUST_520,2024-12-24,Fashion,Partnership,536.61,310.81,Completed
ORD_58,CUST_999,2024-10-07,Subscription Box,Partnership,431.68,251.26,Completed
ORD_59,CUST_1231,2025-02-22,Subscription Box,Partnership,474.31,167.6,Completed
ORD_60,CUST_1278,2024-08-04,Beauty,Referral,497.01,361.78,Completed
ORD_61,CUST_964,2024-01-22,Premium Box,Google Search,395.84,152.36,Completed
ORD_62,CUST_806,2025-01-08,Premium Box,Referral,542.45,273.25,Completed
ORD_63,CUST_1007,2025-04-23,Premium Box,TikTok,516.46,196.97,Completed
ORD_64,CUST_1366,2024-12-22,Premium Box,Google Search,389.55,276.78,Completed
ORD_65,CUST_792,2025-02-10,Gift Card,TikTok,491.21,198.86,Completed
ORD_66,CUST_1462,2024-11-26,Fashion,Referral,537.73,391.66,Completed
ORD_67,CUST_1484,2024-05-23,Limited Collection,Instagram,19.86,14.45,Refunded
ORD_68,CUST_1043,2024-11-02,Subscription Box,Partnership,214.46,107.98,Completed
ORD_69,CUST_1018,2024-12-29,Limited Collection,Event Walk-in,696.48,431.91,Completed
ORD_70,CUST_1033,2024-01-09,Fashion,Referral,367.06,193.87,Completed
ORD_71,CUST_602,2025-06-07,Premium Box,Google Search,177.83,121.22,Completed
ORD_72,CUST_909,2024-06-13,Subscription Box,Google Search,629.63,237.27,Completed
ORD_73,CUST_1420,2024-10-01,Gift Card,Referral,71.05,24.96,Completed
ORD_74,CUST_801,2024-11-16,Gift Card,Event Walk-in,696.08,277.66,Completed
ORD_75,CUST_9,2024-11-30,Fashion,Partnership,348.42,218.83,Refunded
ORD_76,CUST_449,2024-01-30,Accessories,Instagram,636.78,276.49,Completed
ORD_77,CUST_166,2025-04-23,Gift Card,Referral,302.45,159.86,Completed
ORD_78,CUST_332,2025-05-14,Accessories,LinkedIn,166.85,118.32,Completed
ORD_79,CUST_1478,2024-10-20,Subscription Box,Instagram,243.02,143.41,Completed
ORD_80,CUST_884,2025-01-25,Subscription Box,Google Search,241.2,146.7,Completed
ORD_81,CUST_1144,2025-02-05,Fashion,LinkedIn,504.88,285.97,Completed
ORD_82,CUST_207,2025-05-14,Premium Box,Event Walk-in,523.13,381.56,Completed
ORD_83,CUST_1032,2025-03-31,Premium Box,Referral,30.14,13.9,Completed
ORD_84,CUST_939,2024-06-13,Beauty,TikTok,590.54,230.35,Completed
ORD_85,CUST_420,2024-11-10,Subscription Box,LinkedIn,536.96,241.5,Refunded
ORD_86,CUST_1456,2024-03-27,Subscription Box,Event Walk-in,169.18,70.65,Cancelled
ORD_87,CUST_1498,2024-09-04,Beauty,Referral,115.63,41.23,Refunded
ORD_88,CUST_392,2024-01-11,Beauty,TikTok,51.62,23.21,Completed
ORD_89,CUST_1022,2024-05-19,Premium Box,Partnership,40.95,18.5,Completed
ORD_90,CUST_705,2024-03-02,Subscription Box,Event Walk-in,265.66,183.85,Completed
ORD_91,CUST_1484,2025-03-05,Subscription Box,Instagram,168.78,94.51,Refunded
ORD_92,CUST_187,2025-04-26,Subscription Box,TikTok,385.59,175.99,Refunded
ORD_93,CUST_135,2025-03-23,Gift Card,TikTok,490.24,353.64,Completed
ORD_94,CUST_982,2024-02-09,Accessories,TikTok,595.43,343.15,Completed
ORD_95,CUST_876,2025-01-01,Beauty,TikTok,623.79,451.26,Refunded
ORD_96,CUST_40,2025-01-21,Gift Card,Google Search,125.37,58.58,Completed
ORD_97,CUST_310,2024-01-11,Fashion,Event Walk-in,680.98,467.09,Refunded
ORD_98,CUST_1049,2025-06-12,Subscription Box,Google Search,169.01,104.14,Completed
ORD_99,CUST_1151,2024-02-08,Premium Box,Event Walk-in,457.5,300.31,Completed
ORD_100,CUST_274,2024-01-07,Fashion,TikTok,76.29,44.54,Completed
ORD_101,CUST_1199,2024-03-23,Accessories,Event Walk-in,691.66,332.33,Completed
ORD_102,CUST_370,2024-12-20,Limited Collection,Referral,672.3,434.37,Completed
ORD_103,CUST_719,2024-06-09,Subscription Box,Event Walk-in,410.36,183.54,Completed
ORD_104,CUST_794,2024-09-21,Accessories,Google Search,595.95,293.69,Completed
ORD_105,CUST_1050,2025-03-22,Accessories,Partnership,448.26,167.96,Completed
ORD_106,CUST_1020,2024-07-04,Beauty,TikTok,248.81,157.63,Completed
ORD_107,CUST_137,2024-11-12,Accessories,Partnership,538.07,306.89,Completed
ORD_108,CUST_46,2024-07-13,Limited Collection,Partnership,65.56,46.54,Completed
ORD_109,CUST_286,2025-01-17,Gift Card,Google Search,654.4,430.69,Completed
ORD_110,CUST_1489,2025-04-02,Premium Box,Google Search,592.46,301.06,Completed
ORD_111,CUST_141,2024-07-22,Beauty,Instagram,643.55,368.7,Refunded
ORD_112,CUST_1393,2024-09-01,Limited Collection,Google Search,152.72,64.67,Completed
ORD_113,CUST_346,2025-03-20,Limited Collection,Referral,44.72,21.13,Completed
ORD_114,CUST_1076,2024-02-12,Premium Box,LinkedIn,153.57,56.23,Completed
ORD_115,CUST_26,2025-03-21,Limited Collection,Referral,268.54,117.46,Completed
ORD_116,CUST_1001,2024-03-07,Fashion,Instagram,347.03,136.57,Completed
ORD_117,CUST_6,2024-08-01,Premium Box,LinkedIn,99.87,39.12,Refunded
ORD_118,CUST_169,2024-03-06,Subscription Box,Instagram,183.51,89.36,Completed
ORD_119,CUST_1139,2025-05-11,Accessories,Referral,560.07,268.57,Completed
ORD_120,CUST_368,2025-05-29,Gift Card,Partnership,336.22,146.31,Completed
ORD_121,CUST_508,2025-04-09,Subscription Box,Google Search,82.13,59.65,Completed
ORD_122,CUST_316,2024-01-26,Gift Card,Event Walk-in,302.83,143.67,Completed
ORD_123,CUST_1197,2024-08-22,Subscription Box,Google Search,420.52,186.99,Completed
ORD_124,CUST_1350,2024-03-11,Accessories,Event Walk-in,20.38,9.31,Completed
ORD_125,CUST_535,2025-03-27,Subscription Box,Google Search,649.16,424.65,Completed
ORD_126,CUST_690,2025-02-10,Beauty,Google Search,101.28,68.07,Completed
ORD_127,CUST_551,2024-08-28,Fashion,Partnership,184.88,124.06,Completed
ORD_128,CUST_1336,2024-07-10,Limited Collection,Event Walk-in,525.7,271.85,Completed
ORD_129,CUST_1492,2025-01-04,Beauty,TikTok,329.04,179.89,Completed
ORD_130,CUST_169,2025-01-02,Fashion,Instagram,226.96,149.02,Completed
ORD_131,CUST_415,2024-02-23,Limited Collection,Google Search,606.1,281.24,Refunded
ORD_132,CUST_37,2024-04-19,Limited Collection,Partnership,323.77,224.36,Completed
ORD_133,CUST_418,2025-02-22,Fashion,Event Walk-in,156.74,65.41,Completed
ORD_134,CUST_538,2024-12-28,Gift Card,Event Walk-in,120.76,73.93,Cancelled
ORD_135,CUST_648,2025-03-07,Accessories,Instagram,444.3,246.87,Completed
ORD_136,CUST_1053,2024-03-10,Limited Collection,LinkedIn,250.56,114.33,Cancelled
ORD_137,CUST_128,2024-10-05,Fashion,Referral,678.64,495.56,Completed
ORD_138,CUST_623,2024-09-04,Limited Collection,Referral,351.57,149.78,Refunded
ORD_139,CUST_1164,2025-03-14,Accessories,TikTok,678.39,384.4,Cancelled
ORD_140,CUST_1046,2025-04-15,Fashion,Partnership,282.37,128.41,Completed
ORD_141,CUST_894,2024-07-10,Premium Box,Event Walk-in,262.19,102.49,Completed
ORD_142,CUST_226,2024-02-22,Gift Card,Referral,636.34,390.45,Cancelled
ORD_143,CUST_73,2024-09-16,Limited Collection,Partnership,389.3,155.05,Completed
ORD_144,CUST_481,2025-06-26,Premium Box,Google Search,609.74,321.32,Completed
ORD_145,CUST_798,2025-02-12,Premium Box,Google Search,204.41,89.52,Completed
ORD_146,CUST_1374,2024-01-29,Subscription Box,TikTok,645.82,329.57,Completed
ORD_147,CUST_1255,2024-02-18,Subscription Box,Partnership,359.91,161.19,Completed
ORD_148,CUST_386,2024-01-07,Limited Collection,TikTok,598.23,399.44,Completed
ORD_149,CUST_833,2024-11-12,Accessories,Instagram,67.51,47.04,Completed
ORD_150,CUST_179,2024-04-20,Accessories,LinkedIn,93.78,50.22,Completed
ORD_151,CUST_209,2024-04-09,Beauty,LinkedIn,370.68,184.65,Completed
ORD_152,CUST_256,2024-08-14,Accessories,Referral,566.81,290.12,Completed
ORD_153,CUST_565,2025-02-08,Gift Card,Event Walk-in,108.62,78.3,Completed
ORD_154,CUST_602,2025-01-20,Premium Box,Google Search,562.9,370.34,Completed
ORD_155,CUST_785,2025-01-03,Fashion,TikTok,677.81,253.19,Cancelled
ORD_156,CUST_707,2024-01-22,Subscription Box,Referral,467.17,318.03,Completed
ORD_157,CUST_395,2025-01-04,Gift Card,TikTok,615.27,220.51,Completed
ORD_158,CUST_1126,2025-04-13,Premium Box,TikTok,293.55,206.95,Completed
ORD_159,CUST_618,2024-08-05,Subscription Box,LinkedIn,572.54,357.11,Completed
ORD_160,CUST_644,2024-09-11,Limited Collection,Referral,179.79,117.82,Completed
ORD_161,CUST_626,2024-11-11,Premium Box,Google Search,99.69,66.98,Completed
ORD_162,CUST_947,2025-04-17,Beauty,TikTok,345.1,199.37,Refunded
ORD_163,CUST_1217,2024-02-12,Gift Card,Event Walk-in,580.82,397.91,Completed
ORD_164,CUST_59,2024-06-05,Fashion,LinkedIn,488.81,264.02,Completed
ORD_165,CUST_625,2025-01-31,Subscription Box,Partnership,221.14,90.69,Completed
ORD_166,CUST_105,2024-05-07,Fashion,Partnership,483.47,332.16,Completed
ORD_167,CUST_1458,2025-03-08,Subscription Box,Event Walk-in,275.61,114.34,Completed
ORD_168,CUST_440,2024-03-13,Subscription Box,LinkedIn,627.41,272.23,Completed
ORD_169,CUST_1024,2024-11-11,Beauty,Event Walk-in,197.95,96.96,Completed
ORD_170,CUST_968,2024-08-21,Beauty,TikTok,675.6,441.92,Completed
ORD_171,CUST_322,2024-03-17,Subscription Box,Instagram,693.64,345.03,Completed
ORD_172,CUST_185,2024-02-20,Beauty,Referral,117.42,55.08,Completed
ORD_173,CUST_652,2025-03-02,Subscription Box,Instagram,415.51,290.63,Completed
ORD_174,CUST_815,2024-08-28,Premium Box,TikTok,60.25,32.32,Completed
ORD_175,CUST_214,2024-04-21,Subscription Box,Partnership,280.83,126.37,Completed
ORD_176,CUST_372,2024-09-12,Fashion,TikTok,184.83,122.07,Completed
ORD_177,CUST_128,2024-09-06,Fashion,Referral,203.83,114.61,Cancelled
ORD_178,CUST_1338,2025-01-13,Beauty,Google Search,150.63,97.65,Completed
ORD_179,CUST_950,2025-06-30,Subscription Box,Partnership,211.48,154.83,Completed
ORD_180,CUST_1282,2024-07-31,Accessories,Event Walk-in,42.04,30.45,Completed
ORD_181,CUST_1293,2024-07-19,Gift Card,Event Walk-in,180.72,73.74,Refunded
ORD_182,CUST_312,2025-06-11,Premium Box,Referral,60.14,39.47,Completed
ORD_183,CUST_833,2024-06-06,Subscription Box,Instagram,96.59,44.99,Completed
ORD_184,CUST_24,2024-11-23,Premium Box,Partnership,448.52,163.01,Cancelled
ORD_185,CUST_1456,2025-02-06,Premium Box,Event Walk-in,617.77,278.31,Completed
ORD_186,CUST_1018,2024-02-04,Gift Card,Event Walk-in,644.39,268.03,Completed
ORD_187,CUST_867,2024-12-07,Limited Collection,TikTok,370.14,171.85,Completed
ORD_188,CUST_160,2024-02-20,Gift Card,Instagram,138.38,69.54,Completed
ORD_189,CUST_731,2024-12-24,Gift Card,Partnership,373.02,262.09,Completed
ORD_190,CUST_139,2024-04-28,Accessories,Partnership,201.17,110.84,Completed
ORD_191,CUST_1351,2025-01-16,Subscription Box,Partnership,223.59,105.1,Refunded
ORD_192,CUST_847,2024-04-04,Subscription Box,Instagram,681.76,341.79,Completed
ORD_193,CUST_72,2024-08-14,Gift Card,Instagram,207.86,115.69,Completed
ORD_194,CUST_885,2024-12-07,Premium Box,Referral,473.95,184.13,Completed
ORD_195,CUST_995,2024-02-20,Premium Box,TikTok,193.31,128.55,Completed
ORD_196,CUST_781,2024-10-07,Limited Collection,Event Walk-in,681.36,487.92,Refunded
ORD_197,CUST_1409,2024-04-19,Subscription Box,Instagram,610.02,338.49,Completed
ORD_198,CUST_319,2025-06-27,Limited Collection,Event Walk-in,163.02,121.76,Refunded
ORD_199,CUST_344,2024-04-27,Accessories,TikTok,244.46,88.66,Completed
ORD_200,CUST_89,2024-04-26,Accessories,LinkedIn,169.46,74.69,Completed
ORD_201,CUST_1286,2025-02-20,Fashion,Instagram,547.17,334.96,Refunded
ORD_202,CUST_942,2024-12-15,Accessories,Partnership,256.68,180.62,Completed
ORD_203,CUST_1302,2024-04-05,Fashion,Instagram,92.09,45.51,Completed
ORD_204,CUST_135,2025-02-20,Accessories,TikTok,210.87,134.53,Completed
ORD_205,CUST_1049,2024-05-24,Premium Box,Google Search,656.4,369.62,Completed
ORD_206,CUST_782,2025-01-05,Accessories,Google Search,438.79,198.99,Refunded
ORD_207,CUST_835,2024-11-17,Gift Card,Google Search,26.49,17.24,Completed
ORD_208,CUST_406,2025-02-12,Beauty,LinkedIn,655.34,382.99,Completed
ORD_209,CUST_1156,2025-05-23,Premium Box,Google Search,597.52,414.0,Completed
ORD_210,CUST_1032,2024-12-26,Limited Collection,Referral,643.5,303.65,Completed
ORD_211,CUST_976,2024-06-21,Gift Card,TikTok,120.54,53.9,Completed
ORD_212,CUST_913,2024-10-15,Subscription Box,Google Search,62.8,38.86,Completed
ORD_213,CUST_130,2024-08-26,Subscription Box,TikTok,85.67,44.04,Completed
ORD_214,CUST_1497,2025-03-14,Beauty,LinkedIn,155.17,60.62,Completed
ORD_215,CUST_168,2025-03-15,Accessories,Event Walk-in,57.56,27.89,Completed
ORD_216,CUST_1288,2024-11-13,Limited Collection,Partnership,682.08,461.22,Completed
ORD_217,CUST_1341,2025-06-23,Gift Card,Instagram,398.18,202.22,Completed
ORD_218,CUST_336,2024-11-15,Premium Box,Instagram,110.24,65.57,Refunded
ORD_219,CUST_787,2025-06-13,Beauty,Event Walk-in,626.22,269.03,Completed
ORD_220,CUST_1332,2024-12-09,Limited Collection,Referral,519.92,318.32,Refunded
ORD_221,CUST_527,2025-01-18,Subscription Box,Google Search,437.66,298.06,Completed
ORD_222,CUST_817,2024-03-29,Gift Card,TikTok,125.42,64.64,Completed
ORD_223,CUST_732,2024-07-23,Fashion,LinkedIn,562.9,327.46,Completed
ORD_224,CUST_760,2024-07-20,Accessories,LinkedIn,603.52,446.48,Completed
ORD_225,CUST_777,2024-04-21,Premium Box,TikTok,488.38,226.4,Refunded
ORD_226,CUST_116,2024-06-16,Premium Box,Google Search,226.25,84.87,Completed
ORD_227,CUST_1167,2025-05-01,Beauty,TikTok,226.51,103.71,Completed
ORD_228,CUST_442,2025-04-12,Subscription Box,Google Search,70.58,28.06,Completed
ORD_229,CUST_352,2024-07-15,Premium Box,Instagram,104.63,72.75,Completed
ORD_230,CUST_103,2024-06-28,Beauty,Partnership,78.5,42.37,Completed
ORD_231,CUST_1096,2024-04-22,Premium Box,TikTok,168.27,125.72,Completed
ORD_232,CUST_706,2024-03-18,Limited Collection,TikTok,491.6,259.36,Completed
ORD_233,CUST_842,2025-02-21,Limited Collection,Partnership,596.51,395.47,Completed
ORD_234,CUST_599,2024-06-23,Accessories,LinkedIn,573.91,265.16,Completed
ORD_235,CUST_1263,2024-12-15,Gift Card,Partnership,85.12,54.36,Refunded
ORD_236,CUST_682,2024-10-06,Gift Card,Referral,330.39,159.37,Completed
ORD_237,CUST_17,2024-08-08,Gift Card,Referral,99.63,48.58,Completed
ORD_238,CUST_1064,2024-11-17,Gift Card,Instagram,240.46,91.45,Completed
ORD_239,CUST_578,2025-05-22,Accessories,LinkedIn,457.53,296.81,Completed
ORD_240,CUST_122,2025-04-03,Accessories,Instagram,219.82,111.09,Completed
ORD_241,CUST_611,2024-01-29,Subscription Box,TikTok,59.44,33.43,Completed
ORD_242,CUST_1460,2025-05-03,Beauty,Event Walk-in,365.28,266.28,Completed
ORD_243,CUST_957,2025-03-05,Fashion,TikTok,184.31,124.61,Completed
ORD_244,CUST_890,2024-12-21,Premium Box,Event Walk-in,214.73,86.35,Completed
ORD_245,CUST_1369,2025-05-11,Limited Collection,Event Walk-in,492.69,243.67,Completed
ORD_246,CUST_1236,2024-02-26,Premium Box,LinkedIn,184.79,111.45,Completed
ORD_247,CUST_258,2024-09-05,Gift Card,LinkedIn,524.29,196.32,Completed
ORD_248,CUST_609,2024-06-01,Accessories,Instagram,485.23,238.08,Completed
ORD_249,CUST_168,2025-06-02,Fashion,Event Walk-in,407.29,206.43,Completed
ORD_250,CUST_121,2024-09-23,Accessories,Instagram,409.87,306.86,Completed
ORD_251,CUST_82,2024-05-09,Accessories,TikTok,520.55,204.2,Completed
ORD_252,CUST_257,2024-05-12,Limited Collection,Google Search,437.51,271.25,Cancelled
ORD_253,CUST_915,2024-08-30,Accessories,Event Walk-in,589.18,382.36,Completed
ORD_254,CUST_1378,2024-01-07,Fashion,Partnership,341.52,129.58,Cancelled
ORD_255,CUST_70,2024-03-30,Gift Card,Partnership,30.52,20.69,Completed
ORD_256,CUST_533,2025-01-24,Accessories,Partnership,524.77,355.24,Completed
ORD_257,CUST_264,2024-04-30,Accessories,TikTok,312.2,223.6,Completed
ORD_258,CUST_576,2024-08-05,Beauty,Event Walk-in,96.55,50.02,Completed
ORD_259,CUST_1065,2024-12-23,Subscription Box,TikTok,485.41,337.99,Completed
ORD_260,CUST_1334,2024-04-08,Subscription Box,Partnership,576.53,244.82,Completed
ORD_261,CUST_634,2024-04-07,Accessories,Partnership,87.92,64.65,Completed
ORD_262,CUST_32,2024-04-21,Premium Box,Partnership,247.21,183.96,Completed
ORD_263,CUST_1125,2024-11-01,Fashion,LinkedIn,393.36,251.23,Completed
ORD_264,CUST_730,2025-04-30,Beauty,Instagram,646.06,439.01,Completed
ORD_265,CUST_955,2025-03-11,Limited Collection,Event Walk-in,367.94,176.08,Completed
ORD_266,CUST_387,2024-03-31,Beauty,TikTok,678.97,370.05,Completed
ORD_267,CUST_483,2025-05-18,Limited Collection,Referral,652.66,287.63,Completed
ORD_268,CUST_913,2024-01-06,Premium Box,Google Search,428.66,300.13,Completed
ORD_269,CUST_746,2025-01-18,Premium Box,Event Walk-in,157.36,57.66,Completed
ORD_270,CUST_162,2024-11-02,Accessories,Event Walk-in,445.88,182.06,Completed
ORD_271,CUST_89,2025-01-02,Fashion,LinkedIn,386.51,167.61,Completed
ORD_272,CUST_91,2025-01-02,Accessories,LinkedIn,190.53,139.32,Completed
ORD_273,CUST_1201,2024-07-12,Limited Collection,Partnership,691.66,276.0,Completed
ORD_274,CUST_1027,2024-08-05,Premium Box,Google Search,118.35,84.73,Completed
ORD_275,CUST_1299,2025-04-23,Beauty,LinkedIn,285.57,169.51,Completed
ORD_276,CUST_1424,2025-03-12,Gift Card,Instagram,507.01,344.73,Completed
ORD_277,CUST_892,2025-06-13,Fashion,Google Search,309.25,125.54,Completed
ORD_278,CUST_1232,2024-09-04,Limited Collection,Google Search,181.01,75.82,Completed
ORD_279,CUST_164,2024-03-11,Premium Box,TikTok,436.4,209.38,Completed
ORD_280,CUST_462,2024-11-14,Limited Collection,Instagram,61.1,33.75,Completed
ORD_281,CUST_636,2025-04-24,Gift Card,Referral,301.18,207.19,Completed
ORD_282,CUST_931,2024-07-19,Gift Card,LinkedIn,497.11,261.14,Refunded
ORD_283,CUST_633,2024-02-02,Premium Box,LinkedIn,291.41,157.11,Refunded
ORD_284,CUST_1017,2024-11-15,Gift Card,Referral,420.88,300.25,Refunded
ORD_285,CUST_888,2024-10-09,Accessories,LinkedIn,619.95,272.37,Completed
ORD_286,CUST_245,2024-08-29,Fashion,Event Walk-in,221.92,116.72,Completed
ORD_287,CUST_965,2025-01-21,Gift Card,Google Search,40.99,24.92,Completed
ORD_288,CUST_450,2025-01-01,Gift Card,Partnership,381.87,263.49,Completed
ORD_289,CUST_1467,2024-02-18,Limited Collection,LinkedIn,117.31,53.31,Completed
ORD_290,CUST_1145,2025-06-09,Premium Box,Partnership,112.62,45.98,Completed
ORD_291,CUST_400,2024-02-24,Fashion,LinkedIn,614.06,379.53,Completed
ORD_292,CUST_859,2025-01-21,Beauty,Google Search,348.13,223.26,Completed
ORD_293,CUST_844,2024-05-22,Subscription Box,Event Walk-in,61.37,44.15,Cancelled
ORD_294,CUST_397,2024-07-06,Beauty,TikTok,447.31,326.71,Completed
ORD_295,CUST_646,2025-05-23,Beauty,Partnership,257.5,120.98,Completed
ORD_296,CUST_653,2024-11-27,Fashion,Google Search,28.59,18.16,Completed
ORD_297,CUST_1158,2024-07-31,Beauty,LinkedIn,652.58,251.51,Refunded
ORD_298,CUST_1079,2025-01-30,Fashion,Instagram,228.27,128.82,Completed
ORD_299,CUST_1211,2024-02-19,Accessories,LinkedIn,245.13,148.39,Completed
ORD_300,CUST_371,2024-12-31,Beauty,Instagram,239.64,136.0,Completed
ORD_301,CUST_348,2024-05-24,Beauty,Event Walk-in,48.47,28.69,Completed
ORD_302,CUST_144,2025-01-09,Accessories,Google Search,404.67,196.33,Completed
ORD_303,CUST_1065,2024-02-23,Subscription Box,TikTok,281.4,132.13,Completed
ORD_304,CUST_284,2024-12-18,Subscription Box,Google Search,126.29,62.42,Completed
ORD_305,CUST_1023,2025-04-24,Beauty,TikTok,48.14,31.23,Completed
ORD_306,CUST_695,2025-01-13,Fashion,LinkedIn,665.65,273.04,Completed
ORD_307,CUST_687,2024-12-21,Subscription Box,Partnership,51.37,21.15,Completed
ORD_308,CUST_444,2025-03-20,Accessories,Referral,231.78,144.19,Completed
ORD_309,CUST_1427,2024-03-01,Gift Card,Event Walk-in,428.44,182.16,Completed
ORD_310,CUST_1252,2024-03-04,Gift Card,TikTok,284.43,166.44,Completed
ORD_311,CUST_1116,2025-04-14,Beauty,TikTok,302.26,178.6,Completed
ORD_312,CUST_1488,2024-01-12,Gift Card,TikTok,495.82,213.22,Completed
ORD_313,CUST_963,2024-09-21,Gift Card,Partnership,288.82,116.02,Completed
ORD_314,CUST_511,2024-04-27,Subscription Box,Instagram,300.13,215.49,Completed
ORD_315,CUST_591,2024-04-03,Subscription Box,TikTok,94.42,45.27,Completed
ORD_316,CUST_43,2024-04-01,Gift Card,LinkedIn,538.35,254.56,Completed
ORD_317,CUST_1136,2025-01-10,Premium Box,TikTok,141.04,52.37,Completed
ORD_318,CUST_866,2024-02-20,Gift Card,Event Walk-in,186.39,136.36,Cancelled
ORD_319,CUST_227,2024-06-09,Gift Card,TikTok,420.41,298.94,Completed
ORD_320,CUST_528,2024-10-22,Subscription Box,Partnership,173.32,75.71,Completed
ORD_321,CUST_208,2024-02-11,Fashion,LinkedIn,100.41,65.23,Completed
ORD_322,CUST_510,2024-07-06,Beauty,TikTok,228.79,169.42,Completed
ORD_323,CUST_798,2024-09-22,Beauty,Google Search,690.0,366.93,Completed
ORD_324,CUST_1262,2025-04-18,Limited Collection,TikTok,411.84,157.76,Refunded
ORD_325,CUST_551,2024-07-11,Limited Collection,Partnership,256.72,152.88,Completed
ORD_326,CUST_337,2024-11-22,Limited Collection,Event Walk-in,655.23,397.7,Completed
ORD_327,CUST_1087,2024-06-20,Beauty,Instagram,563.24,380.89,Completed
ORD_328,CUST_364,2025-05-09,Accessories,Event Walk-in,30.68,19.85,Refunded
ORD_329,CUST_1327,2024-11-25,Beauty,Partnership,554.88,410.37,Completed
ORD_330,CUST_1213,2025-03-31,Premium Box,Referral,151.91,80.61,Completed
ORD_331,CUST_682,2025-01-10,Accessories,Referral,512.99,316.36,Completed
ORD_332,CUST_414,2025-06-11,Subscription Box,LinkedIn,622.04,271.26,Completed
ORD_333,CUST_1400,2025-06-09,Gift Card,Instagram,185.4,84.05,Refunded
ORD_334,CUST_17,2024-12-07,Premium Box,Referral,32.91,12.93,Completed
ORD_335,CUST_31,2024-07-11,Premium Box,Instagram,88.28,58.14,Completed
ORD_336,CUST_1099,2025-03-09,Accessories,Google Search,624.39,372.37,Completed
ORD_337,CUST_832,2024-02-29,Beauty,TikTok,36.18,22.66,Completed
ORD_338,CUST_1033,2024-01-04,Fashion,Referral,102.48,61.72,Completed
ORD_339,CUST_1065,2024-03-14,Beauty,TikTok,656.79,265.53,Completed
ORD_340,CUST_1279,2025-06-12,Premium Box,TikTok,328.72,169.23,Completed
ORD_341,CUST_961,2024-08-03,Gift Card,Google Search,64.11,41.15,Completed
ORD_342,CUST_1159,2024-09-25,Beauty,LinkedIn,379.85,244.8,Completed
ORD_343,CUST_910,2024-10-21,Gift Card,Google Search,542.92,215.53,Completed
ORD_344,CUST_64,2024-12-09,Accessories,TikTok,633.24,456.41,Completed
ORD_345,CUST_750,2024-12-05,Subscription Box,Instagram,74.17,51.25,Completed
ORD_346,CUST_436,2024-10-22,Limited Collection,Instagram,126.55,67.46,Completed
ORD_347,CUST_379,2024-08-24,Limited Collection,Google Search,137.46,58.59,Completed
ORD_348,CUST_74,2025-06-16,Beauty,Google Search,464.63,209.63,Completed
ORD_349,CUST_1462,2024-05-10,Accessories,Referral,215.13,158.9,Completed
ORD_350,CUST_873,2024-10-20,Beauty,Partnership,268.41,191.16,Completed
ORD_351,CUST_1109,2024-07-15,Accessories,Google Search,288.35,112.5,Completed
ORD_352,CUST_1201,2024-12-13,Beauty,Partnership,48.82,32.6,Cancelled
ORD_353,CUST_959,2024-12-26,Fashion,LinkedIn,476.81,314.65,Completed
ORD_354,CUST_250,2024-10-20,Subscription Box,Google Search,663.44,269.26,Completed
ORD_355,CUST_510,2024-01-22,Subscription Box,TikTok,361.35,240.35,Completed
ORD_356,CUST_151,2025-06-29,Gift Card,Referral,39.96,22.01,Completed
ORD_357,CUST_768,2024-06-04,Gift Card,TikTok,70.94,46.65,Completed
ORD_358,CUST_1028,2024-04-14,Accessories,Google Search,346.02,224.55,Completed
ORD_359,CUST_964,2024-11-24,Premium Box,Google Search,287.68,132.7,Refunded
ORD_360,CUST_1289,2024-01-18,Limited Collection,Partnership,525.92,353.51,Completed
ORD_361,CUST_1183,2024-03-19,Fashion,Partnership,156.87,67.73,Completed
ORD_362,CUST_1271,2024-01-21,Beauty,Event Walk-in,689.83,514.21,Completed
ORD_363,CUST_1288,2024-04-15,Gift Card,Partnership,659.87,475.78,Completed
ORD_364,CUST_1244,2024-12-12,Accessories,Google Search,35.7,12.93,Completed
ORD_365,CUST_1184,2024-04-08,Subscription Box,Partnership,665.6,412.38,Completed
ORD_366,CUST_785,2025-06-08,Beauty,TikTok,217.7,80.99,Completed
ORD_367,CUST_417,2024-06-05,Limited Collection,LinkedIn,284.06,132.54,Completed
ORD_368,CUST_55,2024-09-22,Fashion,Referral,426.83,207.1,Completed
ORD_369,CUST_748,2024-05-09,Beauty,Instagram,697.9,269.38,Completed
ORD_370,CUST_1457,2024-08-24,Gift Card,TikTok,427.93,274.52,Completed
ORD_371,CUST_1223,2024-05-10,Fashion,Instagram,201.64,131.88,Completed
ORD_372,CUST_68,2024-11-23,Beauty,Partnership,691.36,395.61,Refunded
ORD_373,CUST_199,2024-04-18,Accessories,Instagram,597.15,252.51,Completed
ORD_374,CUST_460,2024-09-30,Accessories,Google Search,659.69,488.32,Completed
ORD_375,CUST_315,2025-02-06,Premium Box,TikTok,272.28,135.51,Completed
ORD_376,CUST_893,2025-03-27,Premium Box,Google Search,57.06,32.67,Completed
ORD_377,CUST_1464,2024-02-03,Subscription Box,Event Walk-in,162.26,107.33,Completed
ORD_378,CUST_557,2024-03-21,Gift Card,Instagram,202.69,149.29,Completed
ORD_379,CUST_43,2024-12-27,Subscription Box,LinkedIn,295.39,206.27,Completed
ORD_380,CUST_1032,2024-08-01,Beauty,Referral,146.35,64.26,Completed
ORD_381,CUST_139,2024-11-01,Beauty,Partnership,143.72,75.6,Completed
ORD_382,CUST_1237,2024-06-28,Gift Card,TikTok,387.88,180.44,Completed
ORD_383,CUST_626,2024-07-13,Accessories,Google Search,698.13,478.13,Completed
ORD_384,CUST_919,2024-10-02,Premium Box,TikTok,252.84,176.89,Completed
ORD_385,CUST_851,2024-02-11,Beauty,Google Search,286.36,115.45,Completed
ORD_386,CUST_354,2025-01-31,Subscription Box,Referral,424.81,262.04,Completed
ORD_387,CUST_1177,2024-07-11,Fashion,Instagram,588.51,265.32,Completed
ORD_388,CUST_856,2024-12-15,Premium Box,Google Search,310.25,213.87,Completed
ORD_389,CUST_633,2025-04-10,Beauty,LinkedIn,409.6,242.93,Completed
ORD_390,CUST_1245,2024-04-12,Accessories,Google Search,679.25,346.42,Completed
ORD_391,CUST_1069,2024-12-12,Beauty,Referral,403.44,160.4,Completed
ORD_392,CUST_642,2025-04-25,Premium Box,Referral,519.95,259.58,Completed
ORD_393,CUST_420,2024-06-14,Gift Card,LinkedIn,515.12,365.93,Completed
ORD_394,CUST_793,2024-07-05,Beauty,TikTok,540.79,331.75,Completed
ORD_395,CUST_1446,2024-10-18,Fashion,TikTok,346.21,161.98,Cancelled
ORD_396,CUST_1143,2024-08-26,Fashion,Event Walk-in,49.28,36.62,Completed
ORD_397,CUST_518,2025-06-30,Premium Box,Instagram,204.36,126.43,Completed
ORD_398,CUST_980,2024-03-21,Limited Collection,TikTok,311.18,130.53,Completed
ORD_399,CUST_269,2024-01-13,Premium Box,Referral,367.39,203.73,Completed
ORD_400,CUST_363,2025-03-23,Premium Box,Partnership,386.47,217.73,Refunded
ORD_401,CUST_1472,2025-02-05,Limited Collection,Google Search,518.52,363.21,Completed
ORD_402,CUST_1330,2024-08-10,Gift Card,LinkedIn,178.38,74.0,Completed
ORD_403,CUST_1371,2024-04-20,Limited Collection,Partnership,307.21,163.96,Cancelled
ORD_404,CUST_835,2024-05-06,Gift Card,Google Search,24.48,15.99,Completed
ORD_405,CUST_800,2025-04-16,Accessories,Google Search,148.9,65.16,Completed
ORD_406,CUST_563,2024-06-26,Beauty,Google Search,166.38,77.32,Cancelled
ORD_407,CUST_1443,2024-03-26,Limited Collection,Referral,397.26,208.73,Completed
ORD_408,CUST_1411,2024-01-09,Fashion,LinkedIn,551.12,282.89,Completed
ORD_409,CUST_273,2024-04-03,Accessories,Referral,166.56,99.06,Completed
ORD_410,CUST_949,2025-05-21,Subscription Box,TikTok,120.15,67.71,Refunded
ORD_411,CUST_1137,2025-06-16,Subscription Box,TikTok,161.51,83.25,Completed
ORD_412,CUST_1319,2024-08-10,Premium Box,LinkedIn,104.59,40.33,Completed
ORD_413,CUST_1344,2024-07-28,Beauty,Partnership,257.63,183.6,Completed
ORD_414,CUST_795,2025-04-29,Fashion,TikTok,462.56,231.33,Completed
ORD_415,CUST_435,2025-02-15,Premium Box,Event Walk-in,204.57,113.57,Cancelled
ORD_416,CUST_301,2025-05-28,Premium Box,TikTok,675.16,266.94,Completed
ORD_417,CUST_649,2025-06-29,Accessories,Instagram,528.07,272.18,Completed
ORD_418,CUST_1208,2024-10-02,Beauty,Partnership,131.34,70.43,Completed
ORD_419,CUST_934,2025-01-29,Beauty,Partnership,614.77,301.51,Refunded
ORD_420,CUST_372,2024-03-01,Gift Card,TikTok,624.45,447.23,Completed
ORD_421,CUST_410,2025-02-18,Accessories,Event Walk-in,103.34,55.15,Refunded
ORD_422,CUST_1305,2024-03-27,Accessories,TikTok,296.39,211.07,Completed
ORD_423,CUST_148,2024-09-16,Subscription Box,Partnership,650.63,340.49,Completed
ORD_424,CUST_387,2025-02-16,Gift Card,TikTok,303.12,152.07,Completed
ORD_425,CUST_143,2024-10-24,Gift Card,Google Search,677.92,362.43,Completed
ORD_426,CUST_522,2024-01-19,Accessories,Event Walk-in,121.62,63.5,Completed
ORD_427,CUST_260,2025-05-22,Fashion,Event Walk-in,16.77,9.68,Completed
ORD_428,CUST_863,2024-07-28,Gift Card,Referral,173.65,120.6,Completed
ORD_429,CUST_682,2024-05-27,Premium Box,Referral,168.43,93.55,Completed
ORD_430,CUST_162,2025-02-28,Fashion,Event Walk-in,45.39,25.67,Completed
ORD_431,CUST_1307,2024-12-04,Limited Collection,Google Search,138.96,98.85,Completed
ORD_432,CUST_168,2025-04-07,Limited Collection,Event Walk-in,679.28,299.24,Completed
ORD_433,CUST_1453,2024-12-05,Subscription Box,Partnership,477.58,317.96,Completed
ORD_434,CUST_483,2024-07-27,Accessories,Referral,95.64,63.89,Refunded
ORD_435,CUST_825,2024-07-11,Fashion,LinkedIn,123.11,89.99,Completed
ORD_436,CUST_513,2024-10-10,Subscription Box,Partnership,88.11,36.08,Completed
ORD_437,CUST_54,2024-04-13,Beauty,Referral,144.92,64.1,Completed
ORD_438,CUST_1305,2025-03-19,Fashion,TikTok,489.39,201.47,Completed
ORD_439,CUST_388,2024-01-06,Subscription Box,TikTok,369.55,174.66,Completed
ORD_440,CUST_865,2025-06-08,Fashion,Google Search,237.31,100.44,Completed
ORD_441,CUST_854,2024-10-06,Fashion,Partnership,181.48,130.27,Completed
ORD_442,CUST_1335,2024-04-28,Accessories,Partnership,37.27,25.11,Completed
ORD_443,CUST_221,2024-11-05,Gift Card,Event Walk-in,237.81,114.95,Completed
ORD_444,CUST_205,2024-01-03,Accessories,Google Search,630.62,450.28,Completed
ORD_445,CUST_1469,2024-12-23,Fashion,Partnership,246.16,167.19,Completed
ORD_446,CUST_1428,2024-09-04,Gift Card,TikTok,72.09,37.36,Completed
ORD_447,CUST_1375,2024-10-06,Gift Card,Event Walk-in,189.56,111.67,Completed
ORD_448,CUST_958,2025-02-15,Beauty,LinkedIn,283.54,206.54,Completed
ORD_449,CUST_1376,2024-09-17,Fashion,Google Search,64.72,29.99,Refunded
ORD_450,CUST_5,2024-06-24,Subscription Box,Google Search,310.55,116.14,Completed
ORD_451,CUST_565,2025-04-08,Beauty,Event Walk-in,364.3,218.61,Completed
ORD_452,CUST_313,2024-09-30,Gift Card,LinkedIn,361.81,262.2,Completed
ORD_453,CUST_1135,2024-07-01,Accessories,Partnership,216.08,139.7,Completed
ORD_454,CUST_51,2025-02-11,Fashion,Instagram,396.84,139.71,Completed
ORD_455,CUST_458,2024-05-09,Accessories,Instagram,500.67,342.73,Completed
ORD_456,CUST_1307,2024-03-26,Premium Box,Google Search,513.62,180.46,Completed
ORD_457,CUST_1274,2024-10-10,Beauty,Referral,511.3,372.15,Completed
ORD_458,CUST_1118,2024-08-30,Limited Collection,Referral,287.33,127.05,Completed
ORD_459,CUST_1297,2025-02-13,Limited Collection,LinkedIn,318.98,119.6,Completed
ORD_460,CUST_1333,2024-07-09,Premium Box,Google Search,426.75,250.85,Completed
ORD_461,CUST_99,2025-03-18,Limited Collection,Partnership,678.02,490.65,Refunded
ORD_462,CUST_339,2024-01-20,Limited Collection,Partnership,23.78,16.73,Completed
ORD_463,CUST_1180,2024-04-14,Beauty,Google Search,598.89,397.19,Completed
ORD_464,CUST_236,2025-01-28,Premium Box,TikTok,384.06,179.31,Completed
ORD_465,CUST_1450,2024-09-22,Beauty,LinkedIn,400.28,245.12,Completed
ORD_466,CUST_762,2024-02-10,Limited Collection,Partnership,511.45,309.6,Completed
ORD_467,CUST_881,2024-01-02,Beauty,TikTok,423.27,241.44,Completed
ORD_468,CUST_1049,2025-04-24,Limited Collection,Google Search,166.52,64.33,Completed
ORD_469,CUST_1219,2025-03-21,Gift Card,TikTok,494.87,305.03,Completed
ORD_470,CUST_868,2024-04-13,Subscription Box,TikTok,645.29,390.01,Completed
ORD_471,CUST_1169,2024-11-21,Limited Collection,LinkedIn,563.7,273.81,Completed
ORD_472,CUST_703,2025-04-25,Accessories,Instagram,36.23,25.18,Completed
ORD_473,CUST_370,2024-08-29,Fashion,Referral,376.18,183.23,Completed
ORD_474,CUST_350,2024-05-18,Gift Card,Google Search,636.95,411.38,Completed
ORD_475,CUST_230,2024-07-27,Beauty,Instagram,78.38,30.06,Completed
ORD_476,CUST_1094,2025-04-30,Fashion,Instagram,28.67,14.32,Completed
ORD_477,CUST_539,2024-02-22,Accessories,LinkedIn,609.19,351.7,Refunded
ORD_478,CUST_1018,2024-08-29,Premium Box,Event Walk-in,182.14,118.45,Completed
ORD_479,CUST_1419,2024-12-19,Limited Collection,LinkedIn,673.98,495.43,Completed
ORD_480,CUST_364,2025-01-11,Beauty,Event Walk-in,126.64,49.62,Completed
ORD_481,CUST_1361,2025-05-19,Beauty,Google Search,54.46,25.39,Completed
ORD_482,CUST_125,2024-04-27,Accessories,Partnership,134.61,49.41,Completed
ORD_483,CUST_379,2024-08-20,Fashion,Google Search,517.48,325.34,Completed
ORD_484,CUST_1115,2024-07-09,Accessories,Referral,253.82,113.47,Cancelled
ORD_485,CUST_912,2025-03-01,Accessories,Google Search,122.71,86.91,Completed
ORD_486,CUST_89,2024-09-14,Fashion,LinkedIn,274.19,186.6,Completed
ORD_487,CUST_675,2024-08-29,Fashion,Google Search,272.94,192.9,Refunded
ORD_488,CUST_639,2024-12-31,Fashion,Partnership,169.92,68.34,Completed
ORD_489,CUST_65,2025-05-30,Beauty,LinkedIn,660.83,332.08,Completed
ORD_490,CUST_150,2024-11-04,Beauty,Partnership,20.16,12.96,Completed
ORD_491,CUST_90,2025-03-18,Beauty,Partnership,450.68,317.46,Completed
ORD_492,CUST_622,2024-11-05,Beauty,Google Search,229.88,137.87,Completed
ORD_493,CUST_1395,2024-01-31,Beauty,Event Walk-in,40.67,22.65,Completed
ORD_494,CUST_61,2024-11-14,Gift Card,Instagram,317.51,130.84,Completed
ORD_495,CUST_131,2024-09-09,Fashion,Event Walk-in,344.9,211.96,Completed
ORD_496,CUST_980,2025-01-25,Gift Card,TikTok,295.79,171.89,Completed
ORD_497,CUST_225,2025-01-23,Premium Box,LinkedIn,670.63,362.56,Completed
ORD_498,CUST_314,2024-07-31,Premium Box,Instagram,518.36,274.81,Completed
ORD_499,CUST_184,2024-07-19,Accessories,Instagram,625.77,221.84,Completed
ORD_500,CUST_541,2024-11-04,Accessories,Google Search,343.65,127.35,Completed
ORD_501,CUST_616,2025-06-11,Subscription Box,Instagram,564.91,244.56,Completed
ORD_502,CUST_776,2024-08-05,Beauty,Google Search,660.05,414.96,Refunded
ORD_503,CUST_611,2024-08-09,Subscription Box,TikTok,361.93,209.21,Completed
ORD_504,CUST_13,2024-11-24,Gift Card,TikTok,631.4,283.45,Completed
ORD_505,CUST_1024,2025-04-02,Subscription Box,Event Walk-in,282.93,152.88,Completed
ORD_506,CUST_929,2024-08-04,Gift Card,Referral,333.87,190.05,Completed
ORD_507,CUST_1162,2025-02-20,Accessories,Partnership,187.64,100.94,Cancelled
ORD_508,CUST_924,2025-04-12,Accessories,TikTok,374.9,260.27,Completed
ORD_509,CUST_1422,2024-08-14,Accessories,Instagram,122.51,86.72,Completed
ORD_510,CUST_1287,2025-05-23,Fashion,Google Search,392.48,140.49,Cancelled
ORD_511,CUST_525,2025-01-31,Accessories,Event Walk-in,548.48,408.49,Completed
ORD_512,CUST_527,2025-03-19,Accessories,Google Search,588.97,245.65,Completed
ORD_513,CUST_968,2024-07-19,Gift Card,TikTok,379.71,187.63,Refunded
ORD_514,CUST_234,2024-03-19,Accessories,Instagram,648.81,241.12,Completed
ORD_515,CUST_954,2024-06-08,Accessories,Referral,698.84,304.96,Completed
ORD_516,CUST_557,2025-04-16,Limited Collection,Instagram,324.71,204.2,Completed
ORD_517,CUST_1499,2025-04-08,Accessories,TikTok,642.29,272.91,Completed
ORD_518,CUST_1267,2025-02-13,Beauty,Instagram,215.28,102.61,Completed
ORD_519,CUST_770,2024-01-22,Beauty,Referral,287.04,195.97,Completed
ORD_520,CUST_845,2024-04-27,Accessories,Google Search,507.6,366.35,Completed
ORD_521,CUST_1108,2024-01-17,Gift Card,Referral,404.57,146.07,Completed
ORD_522,CUST_940,2025-01-24,Limited Collection,Google Search,197.12,135.07,Completed
ORD_523,CUST_915,2024-07-24,Subscription Box,Event Walk-in,461.28,272.87,Refunded
ORD_524,CUST_366,2024-10-31,Beauty,TikTok,241.57,116.32,Completed
ORD_525,CUST_934,2024-06-05,Gift Card,Partnership,304.96,211.12,Completed
ORD_526,CUST_996,2025-02-19,Accessories,Event Walk-in,643.91,284.77,Completed
ORD_527,CUST_1442,2024-10-18,Beauty,Partnership,173.53,118.18,Completed
ORD_528,CUST_958,2025-03-04,Limited Collection,LinkedIn,257.28,166.74,Completed
ORD_529,CUST_1201,2025-05-07,Limited Collection,Partnership,626.48,378.3,Cancelled
ORD_530,CUST_1299,2025-05-05,Gift Card,LinkedIn,553.5,399.41,Completed
ORD_531,CUST_392,2025-05-05,Gift Card,TikTok,465.54,188.4,Refunded
ORD_532,CUST_795,2024-07-09,Premium Box,TikTok,36.32,24.07,Completed
ORD_533,CUST_1125,2025-02-22,Gift Card,LinkedIn,570.5,374.2,Completed
ORD_534,CUST_604,2024-04-01,Gift Card,Instagram,291.95,144.62,Completed
ORD_535,CUST_1103,2024-08-13,Beauty,Instagram,209.79,138.36,Completed
ORD_536,CUST_592,2024-05-18,Subscription Box,LinkedIn,545.18,399.77,Completed
ORD_537,CUST_440,2025-04-08,Fashion,LinkedIn,29.36,15.63,Completed
ORD_538,CUST_57,2025-03-03,Gift Card,Partnership,61.14,26.99,Refunded
ORD_539,CUST_1323,2024-05-03,Limited Collection,LinkedIn,615.16,377.74,Completed
ORD_540,CUST_537,2024-03-13,Accessories,Instagram,385.26,179.87,Refunded
ORD_541,CUST_1204,2024-10-16,Limited Collection,Referral,28.76,19.32,Completed
ORD_542,CUST_767,2024-12-26,Fashion,LinkedIn,137.04,63.24,Completed
ORD_543,CUST_246,2025-04-15,Accessories,Event Walk-in,544.97,340.11,Completed
ORD_544,CUST_91,2024-05-06,Premium Box,LinkedIn,203.97,85.82,Completed
ORD_545,CUST_782,2024-08-01,Limited Collection,Google Search,549.37,362.87,Completed
ORD_546,CUST_1484,2024-11-30,Gift Card,Instagram,575.78,394.59,Completed
ORD_547,CUST_524,2024-01-30,Subscription Box,Event Walk-in,238.46,158.28,Completed
ORD_548,CUST_111,2024-07-07,Subscription Box,Instagram,27.1,18.17,Completed
ORD_549,CUST_1095,2025-05-28,Premium Box,Partnership,596.95,228.73,Completed
ORD_550,CUST_892,2025-02-17,Fashion,Google Search,684.31,358.73,Completed
ORD_551,CUST_853,2024-03-27,Subscription Box,TikTok,25.92,16.09,Completed
ORD_552,CUST_1498,2025-01-24,Premium Box,Referral,602.76,431.78,Completed
ORD_553,CUST_639,2025-01-12,Limited Collection,Partnership,368.17,160.43,Completed
ORD_554,CUST_1293,2024-07-13,Beauty,Event Walk-in,399.52,149.31,Completed
ORD_555,CUST_804,2025-04-07,Limited Collection,Google Search,412.9,264.89,Completed
ORD_556,CUST_29,2025-05-31,Accessories,Event Walk-in,99.17,42.31,Completed
ORD_557,CUST_222,2024-02-14,Premium Box,TikTok,38.76,17.44,Completed
ORD_558,CUST_1414,2024-07-14,Fashion,Partnership,320.98,158.19,Completed
ORD_559,CUST_1474,2024-08-15,Accessories,Event Walk-in,163.99,114.29,Completed
ORD_560,CUST_1200,2025-05-09,Gift Card,LinkedIn,82.71,51.61,Completed
ORD_561,CUST_1487,2024-03-13,Fashion,Partnership,94.22,34.25,Completed
ORD_562,CUST_18,2024-05-20,Premium Box,LinkedIn,129.07,66.51,Completed
ORD_563,CUST_1483,2024-05-22,Beauty,Partnership,595.4,398.94,Refunded
ORD_564,CUST_1,2025-01-06,Gift Card,Referral,274.86,131.27,Completed
ORD_565,CUST_152,2024-12-04,Gift Card,Partnership,117.68,57.77,Refunded
ORD_566,CUST_1405,2024-04-09,Gift Card,Partnership,245.39,179.99,Completed
ORD_567,CUST_644,2024-06-06,Fashion,Referral,586.91,281.05,Completed
ORD_568,CUST_1165,2024-05-30,Beauty,Instagram,256.79,158.06,Completed
ORD_569,CUST_1414,2024-07-28,Beauty,Partnership,331.26,201.01,Completed
ORD_570,CUST_1288,2024-06-02,Beauty,Partnership,324.24,115.8,Completed
ORD_571,CUST_517,2025-01-02,Fashion,Event Walk-in,550.93,322.42,Completed
ORD_572,CUST_189,2024-05-02,Beauty,Referral,96.4,34.74,Completed
ORD_573,CUST_362,2025-05-24,Subscription Box,Partnership,367.84,128.94,Completed
ORD_574,CUST_808,2024-09-06,Limited Collection,TikTok,459.49,221.42,Completed
ORD_575,CUST_1204,2025-04-13,Limited Collection,Referral,582.93,429.22,Completed
ORD_576,CUST_771,2025-04-24,Premium Box,Instagram,104.34,63.53,Cancelled
ORD_577,CUST_1426,2025-06-30,Subscription Box,Google Search,498.46,288.69,Completed
ORD_578,CUST_10,2025-02-04,Fashion,Instagram,89.71,38.45,Completed
ORD_579,CUST_1464,2024-10-27,Beauty,Event Walk-in,606.78,427.98,Completed
ORD_580,CUST_2,2025-01-27,Subscription Box,LinkedIn,290.52,201.12,Refunded
ORD_581,CUST_922,2025-02-21,Accessories,TikTok,426.7,225.39,Completed
ORD_582,CUST_604,2024-09-18,Gift Card,Instagram,380.28,275.32,Completed
ORD_583,CUST_231,2025-06-05,Premium Box,LinkedIn,268.19,94.5,Completed
ORD_584,CUST_415,2024-10-04,Beauty,Google Search,597.36,240.04,Completed
ORD_585,CUST_461,2025-02-16,Beauty,Partnership,563.55,208.96,Completed
ORD_586,CUST_243,2025-01-26,Limited Collection,Instagram,599.98,320.97,Completed
ORD_587,CUST_5,2024-11-01,Subscription Box,Google Search,592.91,249.3,Completed
ORD_588,CUST_1139,2024-05-06,Limited Collection,Referral,27.55,19.95,Completed
ORD_589,CUST_878,2025-03-25,Beauty,Referral,103.45,49.98,Completed
ORD_590,CUST_170,2025-06-10,Fashion,Event Walk-in,584.53,283.42,Completed
ORD_591,CUST_602,2024-01-11,Subscription Box,Google Search,551.62,197.43,Completed
ORD_592,CUST_1270,2024-10-05,Beauty,LinkedIn,540.35,403.32,Refunded
ORD_593,CUST_444,2024-08-11,Limited Collection,Referral,623.54,252.87,Completed
ORD_594,CUST_481,2024-10-23,Fashion,Google Search,616.04,302.12,Completed
ORD_595,CUST_1415,2024-04-28,Subscription Box,Instagram,209.84,121.57,Cancelled
ORD_596,CUST_168,2025-03-24,Limited Collection,Event Walk-in,490.84,303.1,Completed
ORD_597,CUST_1318,2024-07-18,Fashion,TikTok,445.04,217.13,Completed
ORD_598,CUST_1383,2024-01-02,Premium Box,Google Search,46.7,25.28,Completed
ORD_599,CUST_1199,2024-10-13,Limited Collection,Event Walk-in,587.96,285.07,Cancelled
ORD_600,CUST_1129,2024-02-24,Subscription Box,Partnership,65.68,43.36,Completed
ORD_601,CUST_456,2024-09-01,Subscription Box,Instagram,76.33,40.63,Refunded
ORD_602,CUST_1420,2025-03-27,Fashion,Referral,568.22,330.52,Completed
ORD_603,CUST_1379,2024-06-19,Limited Collection,Google Search,310.38,136.8,Completed
ORD_604,CUST_1260,2024-01-07,Beauty,Referral,397.63,158.21,Completed
ORD_605,CUST_1300,2024-10-14,Gift Card,Instagram,51.67,25.58,Completed
ORD_606,CUST_765,2024-04-24,Subscription Box,LinkedIn,146.71,62.92,Completed
ORD_607,CUST_776,2024-03-29,Gift Card,Google Search,251.02,113.47,Completed
ORD_608,CUST_969,2024-08-06,Gift Card,LinkedIn,588.72,316.75,Cancelled
ORD_609,CUST_1040,2024-07-02,Accessories,Partnership,296.93,181.4,Completed
ORD_610,CUST_473,2025-06-16,Gift Card,Google Search,432.64,253.87,Completed
ORD_611,CUST_662,2024-12-04,Subscription Box,Partnership,51.26,23.12,Completed
ORD_612,CUST_1436,2025-03-14,Beauty,Event Walk-in,359.56,253.74,Completed
ORD_613,CUST_368,2025-06-02,Fashion,Partnership,116.64,70.61,Completed
ORD_614,CUST_85,2024-01-15,Gift Card,Instagram,453.24,313.22,Completed
ORD_615,CUST_1273,2024-10-28,Fashion,TikTok,389.67,192.92,Completed
ORD_616,CUST_205,2025-05-02,Premium Box,Google Search,627.62,317.94,Refunded
ORD_617,CUST_1074,2024-06-28,Premium Box,Partnership,549.44,326.89,Refunded
ORD_618,CUST_560,2024-12-08,Limited Collection,Partnership,400.13,188.92,Completed
ORD_619,CUST_126,2024-11-30,Beauty,Instagram,521.03,343.37,Completed
ORD_620,CUST_476,2025-06-30,Beauty,Referral,94.99,70.2,Completed
ORD_621,CUST_499,2024-03-26,Subscription Box,TikTok,320.5,204.41,Completed
ORD_622,CUST_843,2024-11-18,Premium Box,LinkedIn,155.0,97.59,Completed
ORD_623,CUST_526,2024-05-01,Premium Box,Referral,406.98,292.24,Completed
ORD_624,CUST_1100,2024-10-11,Gift Card,Google Search,415.29,151.43,Completed
ORD_625,CUST_732,2025-05-27,Accessories,LinkedIn,454.73,258.98,Completed
ORD_626,CUST_877,2024-04-18,Subscription Box,TikTok,653.26,363.91,Completed
ORD_627,CUST_981,2024-03-01,Subscription Box,Event Walk-in,92.03,45.03,Refunded
ORD_628,CUST_768,2024-03-01,Beauty,TikTok,585.01,363.6,Completed
ORD_629,CUST_1001,2024-04-13,Accessories,Instagram,621.79,449.85,Completed
ORD_630,CUST_54,2024-12-15,Gift Card,Referral,154.08,108.96,Completed
ORD_631,CUST_730,2024-04-10,Limited Collection,Instagram,591.44,414.38,Completed
ORD_632,CUST_1434,2024-03-24,Fashion,Partnership,570.19,404.81,Completed
ORD_633,CUST_772,2024-02-24,Fashion,Partnership,493.24,288.59,Completed
ORD_634,CUST_996,2024-02-16,Beauty,Event Walk-in,93.84,45.23,Completed
ORD_635,CUST_1228,2025-01-14,Beauty,Event Walk-in,693.94,364.1,Refunded
ORD_636,CUST_423,2025-02-10,Limited Collection,Event Walk-in,307.71,148.29,Completed
ORD_637,CUST_1484,2024-01-16,Fashion,Instagram,631.87,293.19,Completed
ORD_638,CUST_578,2024-02-19,Limited Collection,LinkedIn,354.32,254.47,Completed
ORD_639,CUST_681,2024-05-23,Gift Card,Event Walk-in,663.09,244.72,Completed
ORD_640,CUST_1028,2025-03-15,Beauty,Google Search,493.28,334.05,Completed
ORD_641,CUST_401,2025-02-12,Premium Box,LinkedIn,434.38,206.09,Completed
ORD_642,CUST_1031,2025-02-08,Fashion,Google Search,477.05,290.51,Completed
ORD_643,CUST_1370,2024-04-07,Premium Box,Instagram,573.81,391.61,Completed
ORD_644,CUST_229,2024-07-03,Premium Box,LinkedIn,659.8,345.07,Completed
ORD_645,CUST_169,2024-10-08,Subscription Box,Instagram,236.21,110.86,Completed
ORD_646,CUST_10,2025-04-15,Fashion,Instagram,568.08,387.99,Completed
ORD_647,CUST_347,2024-07-22,Subscription Box,LinkedIn,636.75,361.18,Cancelled
ORD_648,CUST_222,2024-08-23,Accessories,TikTok,452.48,184.82,Completed
ORD_649,CUST_1177,2025-03-30,Gift Card,Instagram,574.7,338.28,Completed
ORD_650,CUST_1045,2024-03-31,Fashion,Google Search,33.07,23.04,Completed
ORD_651,CUST_516,2024-09-18,Premium Box,Instagram,18.93,7.7,Completed
ORD_652,CUST_307,2024-01-02,Gift Card,Event Walk-in,345.8,143.63,Completed
ORD_653,CUST_173,2024-07-08,Limited Collection,TikTok,229.72,140.28,Completed
ORD_654,CUST_897,2024-04-06,Beauty,Google Search,361.29,201.65,Completed
ORD_655,CUST_879,2024-03-21,Gift Card,LinkedIn,587.47,387.17,Completed
ORD_656,CUST_468,2025-06-07,Beauty,Google Search,666.36,254.25,Completed
ORD_657,CUST_1103,2024-04-04,Subscription Box,Instagram,294.45,209.52,Completed
ORD_658,CUST_1117,2024-08-27,Fashion,Instagram,135.4,78.33,Completed
ORD_659,CUST_19,2024-10-29,Accessories,Event Walk-in,357.17,257.68,Completed
ORD_660,CUST_972,2025-04-20,Limited Collection,Partnership,69.41,35.17,Completed
ORD_661,CUST_97,2024-10-30,Beauty,Referral,678.76,244.55,Completed
ORD_662,CUST_427,2025-02-26,Beauty,Referral,83.48,35.62,Completed
ORD_663,CUST_777,2024-01-17,Subscription Box,TikTok,104.39,71.76,Completed
ORD_664,CUST_546,2024-04-03,Limited Collection,Event Walk-in,668.72,411.08,Completed
ORD_665,CUST_1090,2025-06-22,Gift Card,TikTok,555.44,295.02,Completed
ORD_666,CUST_121,2024-08-19,Beauty,Instagram,197.12,75.25,Completed
ORD_667,CUST_788,2024-01-08,Fashion,LinkedIn,646.78,273.09,Completed
ORD_668,CUST_849,2025-01-07,Fashion,TikTok,679.18,310.37,Completed
ORD_669,CUST_823,2024-07-21,Gift Card,Google Search,646.56,398.31,Completed
ORD_670,CUST_277,2024-01-27,Premium Box,LinkedIn,154.07,76.91,Completed
ORD_671,CUST_622,2025-02-03,Fashion,Google Search,331.07,157.29,Completed
ORD_672,CUST_392,2025-01-31,Gift Card,TikTok,304.51,107.32,Refunded
ORD_673,CUST_968,2025-02-01,Gift Card,TikTok,479.85,276.13,Completed
ORD_674,CUST_132,2024-10-01,Subscription Box,Instagram,56.26,39.45,Completed
ORD_675,CUST_1249,2024-05-18,Subscription Box,Instagram,252.65,93.15,Completed
ORD_676,CUST_704,2024-02-01,Limited Collection,TikTok,346.59,202.06,Completed
ORD_677,CUST_1102,2024-05-09,Limited Collection,LinkedIn,616.94,449.83,Completed
ORD_678,CUST_1093,2025-06-19,Subscription Box,Event Walk-in,342.07,214.54,Refunded
ORD_679,CUST_1214,2025-06-08,Fashion,LinkedIn,238.25,168.1,Completed
ORD_680,CUST_726,2025-02-06,Limited Collection,TikTok,135.71,93.9,Completed
ORD_681,CUST_494,2024-10-14,Accessories,Partnership,162.01,85.19,Refunded
ORD_682,CUST_218,2024-02-27,Accessories,LinkedIn,452.41,275.75,Completed
ORD_683,CUST_161,2024-05-25,Subscription Box,Referral,323.34,203.21,Refunded
ORD_684,CUST_46,2025-05-25,Subscription Box,Partnership,434.9,171.72,Completed
ORD_685,CUST_213,2024-03-25,Subscription Box,Referral,82.98,42.83,Completed
ORD_686,CUST_460,2025-02-23,Subscription Box,Google Search,461.24,179.14,Completed
ORD_687,CUST_977,2025-02-17,Beauty,Event Walk-in,336.33,149.68,Completed
ORD_688,CUST_56,2024-03-17,Premium Box,Google Search,682.01,242.05,Completed
ORD_689,CUST_127,2024-10-06,Limited Collection,Google Search,263.64,122.55,Completed
ORD_690,CUST_1357,2024-10-28,Fashion,Google Search,73.33,36.36,Completed
ORD_691,CUST_228,2024-06-10,Subscription Box,TikTok,512.89,380.66,Completed
ORD_692,CUST_1367,2024-01-30,Fashion,Event Walk-in,291.04,155.13,Completed
ORD_693,CUST_1389,2025-02-03,Premium Box,Referral,478.81,212.96,Cancelled
ORD_694,CUST_1480,2025-06-23,Premium Box,TikTok,277.45,140.01,Completed
ORD_695,CUST_569,2025-03-24,Beauty,Partnership,463.57,318.87,Completed
ORD_696,CUST_222,2025-01-06,Subscription Box,TikTok,659.45,346.31,Completed
ORD_697,CUST_587,2024-08-08,Subscription Box,TikTok,590.33,350.11,Completed
ORD_698,CUST_1271,2024-09-13,Gift Card,Event Walk-in,350.78,255.91,Completed
ORD_699,CUST_43,2024-02-22,Subscription Box,LinkedIn,370.49,197.51,Completed
ORD_700,CUST_624,2025-05-07,Fashion,Partnership,108.32,49.42,Completed
ORD_701,CUST_977,2025-01-09,Gift Card,Event Walk-in,671.53,435.48,Completed
ORD_702,CUST_982,2024-06-11,Subscription Box,TikTok,588.9,288.28,Completed
ORD_703,CUST_653,2025-02-01,Accessories,Google Search,368.66,167.48,Completed
ORD_704,CUST_821,2024-10-11,Fashion,Event Walk-in,279.01,200.11,Completed
ORD_705,CUST_1081,2024-11-19,Premium Box,Partnership,655.49,284.69,Completed
ORD_706,CUST_207,2025-04-13,Fashion,Event Walk-in,524.2,345.45,Completed
ORD_707,CUST_1193,2024-04-24,Fashion,Google Search,337.78,157.96,Completed
ORD_708,CUST_944,2024-05-23,Fashion,Partnership,627.07,369.35,Refunded
ORD_709,CUST_475,2024-01-19,Fashion,Referral,605.77,349.02,Completed
ORD_710,CUST_22,2024-01-19,Gift Card,LinkedIn,516.56,326.68,Completed
ORD_711,CUST_28,2025-06-23,Subscription Box,TikTok,401.22,195.68,Completed
ORD_712,CUST_657,2025-01-11,Limited Collection,Instagram,631.32,283.83,Completed
ORD_713,CUST_217,2024-07-09,Subscription Box,Event Walk-in,607.0,251.01,Refunded
ORD_714,CUST_1206,2025-02-23,Beauty,LinkedIn,362.7,150.77,Completed
ORD_715,CUST_1310,2024-12-13,Beauty,Event Walk-in,92.03,60.29,Completed
ORD_716,CUST_25,2025-03-07,Fashion,Google Search,43.6,29.89,Completed
ORD_717,CUST_1371,2024-08-31,Beauty,Partnership,121.9,79.35,Completed
ORD_718,CUST_367,2025-06-09,Gift Card,TikTok,173.62,95.53,Completed
ORD_719,CUST_1361,2024-02-18,Subscription Box,Google Search,328.32,132.13,Completed
ORD_720,CUST_899,2024-03-08,Limited Collection,TikTok,606.07,373.14,Completed
ORD_721,CUST_1484,2025-06-12,Gift Card,Instagram,197.33,100.61,Cancelled
ORD_722,CUST_350,2024-01-11,Subscription Box,Google Search,310.65,153.38,Completed
ORD_723,CUST_883,2024-10-13,Beauty,Partnership,18.29,6.78,Completed
ORD_724,CUST_316,2025-05-22,Limited Collection,Event Walk-in,125.71,81.12,Completed
ORD_725,CUST_1204,2024-05-13,Subscription Box,Referral,523.4,332.47,Refunded
ORD_726,CUST_673,2024-01-04,Fashion,Event Walk-in,577.46,407.28,Completed
ORD_727,CUST_1361,2024-08-12,Limited Collection,Google Search,325.27,143.46,Completed
ORD_728,CUST_705,2024-08-10,Fashion,Event Walk-in,16.65,12.25,Completed
ORD_729,CUST_131,2024-10-14,Fashion,Event Walk-in,360.55,178.26,Completed
ORD_730,CUST_317,2025-05-16,Subscription Box,Instagram,313.27,202.99,Refunded
ORD_731,CUST_1050,2024-12-18,Limited Collection,Partnership,413.47,308.25,Completed
ORD_732,CUST_1410,2024-01-17,Fashion,TikTok,499.64,314.42,Refunded
ORD_733,CUST_449,2024-02-13,Accessories,Instagram,103.29,56.87,Completed
ORD_734,CUST_918,2024-01-01,Beauty,TikTok,323.11,229.24,Completed
ORD_735,CUST_961,2025-04-05,Limited Collection,Google Search,663.34,238.85,Completed
ORD_736,CUST_974,2024-02-17,Limited Collection,LinkedIn,680.57,398.66,Completed
ORD_737,CUST_672,2024-02-27,Beauty,LinkedIn,100.15,40.83,Completed
ORD_738,CUST_1383,2025-04-17,Gift Card,Google Search,173.72,72.36,Completed
ORD_739,CUST_560,2024-01-08,Accessories,Partnership,435.77,252.84,Completed
ORD_740,CUST_914,2025-02-08,Limited Collection,TikTok,540.42,395.38,Refunded
ORD_741,CUST_1473,2024-04-24,Limited Collection,Instagram,335.99,142.66,Completed
ORD_742,CUST_1028,2025-06-18,Premium Box,Google Search,462.69,336.61,Refunded
ORD_743,CUST_1355,2025-06-27,Subscription Box,LinkedIn,178.39,88.79,Completed
ORD_744,CUST_146,2025-01-24,Beauty,Referral,390.7,231.26,Completed
ORD_745,CUST_1376,2025-02-28,Fashion,Google Search,557.07,205.92,Completed
ORD_746,CUST_1431,2024-07-17,Premium Box,TikTok,216.75,77.09,Cancelled
ORD_747,CUST_943,2025-05-01,Fashion,TikTok,352.56,155.76,Completed
ORD_748,CUST_1013,2025-04-13,Accessories,LinkedIn,124.49,59.48,Completed
ORD_749,CUST_932,2025-02-24,Gift Card,Instagram,33.19,18.8,Refunded
ORD_750,CUST_111,2024-11-02,Gift Card,Instagram,493.93,231.96,Completed
ORD_751,CUST_589,2025-01-28,Limited Collection,Referral,196.64,138.5,Completed
ORD_752,CUST_186,2024-10-05,Gift Card,TikTok,608.48,410.83,Completed
ORD_753,CUST_1032,2025-04-18,Limited Collection,Referral,606.43,270.77,Completed
ORD_754,CUST_980,2024-03-31,Gift Card,TikTok,71.6,45.45,Completed
ORD_755,CUST_1495,2024-04-08,Gift Card,Partnership,510.12,240.38,Completed
ORD_756,CUST_757,2024-12-01,Subscription Box,Instagram,551.9,384.77,Completed
ORD_757,CUST_186,2025-03-31,Subscription Box,TikTok,538.25,261.63,Completed
ORD_758,CUST_522,2024-02-06,Accessories,Event Walk-in,340.89,252.21,Completed
ORD_759,CUST_750,2025-06-30,Subscription Box,Instagram,267.6,198.4,Cancelled
ORD_760,CUST_1196,2024-12-11,Accessories,TikTok,636.86,233.06,Completed
ORD_761,CUST_1343,2025-03-16,Beauty,Referral,514.1,366.79,Completed
ORD_762,CUST_744,2024-03-23,Limited Collection,TikTok,383.16,183.24,Completed
ORD_763,CUST_711,2025-06-29,Gift Card,TikTok,377.97,200.17,Completed
ORD_764,CUST_266,2025-01-29,Premium Box,Partnership,172.82,124.82,Completed
ORD_765,CUST_629,2025-01-11,Subscription Box,TikTok,525.56,221.73,Completed
ORD_766,CUST_1318,2024-08-19,Limited Collection,TikTok,626.06,291.13,Completed
ORD_767,CUST_791,2024-07-24,Limited Collection,TikTok,537.53,196.18,Completed
ORD_768,CUST_1083,2025-03-24,Accessories,Google Search,198.61,147.27,Completed
ORD_769,CUST_93,2024-03-23,Accessories,TikTok,546.5,246.95,Refunded
ORD_770,CUST_575,2024-01-23,Fashion,LinkedIn,425.65,219.43,Completed
ORD_771,CUST_993,2024-11-13,Beauty,TikTok,286.89,153.98,Completed
ORD_772,CUST_866,2024-06-27,Limited Collection,Event Walk-in,373.69,227.86,Completed
ORD_773,CUST_405,2024-03-17,Accessories,LinkedIn,54.46,21.92,Completed
ORD_774,CUST_57,2025-02-03,Beauty,Partnership,563.04,215.14,Completed
ORD_775,CUST_736,2025-06-29,Premium Box,Google Search,619.99,284.92,Completed
ORD_776,CUST_167,2024-07-19,Subscription Box,Instagram,368.02,177.2,Completed
ORD_777,CUST_1133,2025-03-26,Subscription Box,Instagram,660.54,307.29,Completed
ORD_778,CUST_943,2025-02-24,Gift Card,TikTok,548.39,281.66,Completed
ORD_779,CUST_766,2024-08-20,Beauty,Event Walk-in,546.95,228.2,Completed
ORD_780,CUST_476,2024-01-12,Beauty,Referral,440.97,204.76,Completed
ORD_781,CUST_1356,2024-10-30,Accessories,Instagram,351.84,158.56,Completed
ORD_782,CUST_865,2025-05-27,Accessories,Google Search,163.44,67.98,Completed
ORD_783,CUST_1314,2024-09-11,Subscription Box,Event Walk-in,234.72,111.2,Completed
ORD_784,CUST_1044,2024-03-05,Gift Card,Instagram,255.68,166.45,Refunded
ORD_785,CUST_597,2024-02-13,Subscription Box,LinkedIn,456.2,185.59,Refunded
ORD_786,CUST_103,2024-11-25,Accessories,Partnership,46.76,24.51,Cancelled
ORD_787,CUST_714,2025-01-31,Limited Collection,Instagram,362.12,242.25,Completed
ORD_788,CUST_925,2025-05-13,Premium Box,Google Search,485.69,278.46,Completed
ORD_789,CUST_1341,2024-07-11,Fashion,Instagram,200.15,102.86,Completed
ORD_790,CUST_303,2025-04-28,Limited Collection,Event Walk-in,455.88,179.28,Refunded
ORD_791,CUST_197,2024-03-18,Gift Card,Partnership,432.63,195.57,Refunded
ORD_792,CUST_620,2025-05-27,Subscription Box,LinkedIn,523.33,213.98,Completed
ORD_793,CUST_847,2024-10-12,Premium Box,Instagram,265.83,103.02,Completed
ORD_794,CUST_249,2024-03-10,Premium Box,Event Walk-in,38.34,14.84,Completed
ORD_795,CUST_1284,2025-01-16,Fashion,Event Walk-in,406.05,236.81,Completed
ORD_796,CUST_110,2024-02-10,Beauty,Instagram,157.13,97.97,Completed
ORD_797,CUST_1378,2024-12-25,Premium Box,Partnership,366.13,164.77,Completed
ORD_798,CUST_1364,2024-06-15,Accessories,TikTok,507.8,332.47,Completed
ORD_799,CUST_267,2025-02-11,Beauty,LinkedIn,61.77,34.12,Completed
ORD_800,CUST_690,2024-02-04,Beauty,Google Search,542.36,195.08,Completed
ORD_801,CUST_1330,2024-12-20,Premium Box,LinkedIn,415.15,156.75,Completed
ORD_802,CUST_1362,2024-12-17,Accessories,Google Search,597.16,230.11,Completed
ORD_803,CUST_689,2024-02-26,Subscription Box,TikTok,367.35,208.26,Completed
ORD_804,CUST_856,2024-10-07,Fashion,Google Search,517.39,364.78,Completed
ORD_805,CUST_1384,2025-01-26,Gift Card,TikTok,147.02,54.89,Completed
ORD_806,CUST_692,2025-01-18,Gift Card,LinkedIn,21.84,10.45,Completed
ORD_807,CUST_245,2024-06-09,Premium Box,Event Walk-in,685.0,346.46,Completed
ORD_808,CUST_815,2024-06-07,Subscription Box,TikTok,154.94,91.45,Refunded
ORD_809,CUST_456,2024-07-10,Fashion,Instagram,430.37,227.42,Completed
ORD_810,CUST_110,2025-04-06,Accessories,Instagram,649.91,323.14,Completed
ORD_811,CUST_1211,2024-07-02,Subscription Box,LinkedIn,281.62,116.84,Refunded
ORD_812,CUST_716,2024-08-05,Limited Collection,Instagram,101.1,45.17,Completed
ORD_813,CUST_474,2024-11-24,Beauty,Referral,92.79,65.36,Completed
ORD_814,CUST_898,2024-04-30,Gift Card,Google Search,294.13,202.33,Completed
ORD_815,CUST_866,2025-05-04,Gift Card,Event Walk-in,498.51,316.65,Completed
ORD_816,CUST_1399,2024-01-30,Gift Card,Google Search,231.81,84.34,Completed
ORD_817,CUST_232,2024-01-05,Gift Card,Referral,498.28,217.13,Completed
ORD_818,CUST_1232,2024-06-05,Gift Card,Google Search,150.47,82.92,Completed
ORD_819,CUST_610,2024-07-16,Subscription Box,Google Search,377.79,154.0,Completed
ORD_820,CUST_1168,2024-08-20,Gift Card,Referral,677.92,459.5,Completed
ORD_821,CUST_274,2025-05-08,Accessories,TikTok,64.97,23.07,Completed
ORD_822,CUST_1074,2025-05-02,Limited Collection,Partnership,554.34,347.04,Refunded
ORD_823,CUST_2,2025-01-19,Premium Box,LinkedIn,151.83,104.97,Refunded
ORD_824,CUST_541,2024-11-28,Beauty,Google Search,32.89,19.26,Completed
ORD_825,CUST_1101,2024-10-10,Fashion,TikTok,664.22,497.7,Cancelled
ORD_826,CUST_1134,2024-10-27,Limited Collection,TikTok,129.34,59.92,Completed
ORD_827,CUST_32,2025-03-04,Gift Card,Partnership,554.1,335.89,Cancelled
ORD_828,CUST_1183,2025-06-04,Limited Collection,Partnership,279.43,189.1,Completed
ORD_829,CUST_1366,2025-05-13,Premium Box,Google Search,559.4,224.37,Completed
ORD_830,CUST_1281,2024-10-19,Premium Box,Instagram,497.12,297.46,Completed
ORD_831,CUST_1109,2025-06-26,Accessories,Google Search,270.06,186.71,Completed
ORD_832,CUST_1169,2025-03-25,Limited Collection,LinkedIn,427.16,198.4,Completed
ORD_833,CUST_1268,2024-11-02,Accessories,Instagram,326.79,193.74,Completed
ORD_834,CUST_143,2024-07-02,Accessories,Google Search,377.93,219.78,Completed
ORD_835,CUST_1158,2024-09-04,Accessories,LinkedIn,608.32,294.07,Completed
ORD_836,CUST_426,2024-05-10,Subscription Box,Google Search,538.47,294.49,Completed
ORD_837,CUST_604,2025-01-06,Fashion,Instagram,391.5,262.1,Completed
ORD_838,CUST_430,2024-05-27,Beauty,TikTok,499.43,320.42,Completed
ORD_839,CUST_216,2025-05-17,Beauty,Google Search,178.52,90.89,Completed
ORD_840,CUST_195,2024-03-29,Limited Collection,Google Search,447.83,257.46,Completed
ORD_841,CUST_96,2025-06-27,Premium Box,Google Search,258.39,92.12,Completed
ORD_842,CUST_260,2024-03-10,Accessories,Event Walk-in,201.21,74.43,Completed
ORD_843,CUST_501,2025-05-04,Gift Card,Google Search,93.31,35.14,Completed
ORD_844,CUST_275,2024-11-03,Premium Box,Referral,390.95,221.4,Refunded
ORD_845,CUST_1284,2024-07-20,Limited Collection,Event Walk-in,520.55,273.39,Completed
ORD_846,CUST_872,2024-03-20,Fashion,Google Search,633.47,423.77,Completed
ORD_847,CUST_1037,2025-06-20,Limited Collection,Referral,141.82,59.37,Completed
ORD_848,CUST_1063,2024-07-02,Premium Box,Google Search,683.4,352.45,Completed
ORD_849,CUST_1079,2025-03-04,Fashion,Instagram,608.04,223.09,Refunded
ORD_850,CUST_741,2025-06-01,Subscription Box,Referral,314.31,186.59,Completed
ORD_851,CUST_318,2025-01-26,Premium Box,Referral,111.17,59.19,Completed
ORD_852,CUST_683,2024-10-16,Gift Card,LinkedIn,63.13,27.84,Refunded
ORD_853,CUST_1446,2024-01-10,Accessories,TikTok,319.94,144.41,Completed
ORD_854,CUST_1377,2024-02-01,Gift Card,Google Search,283.17,197.89,Completed
ORD_855,CUST_1392,2024-11-28,Premium Box,LinkedIn,513.36,280.32,Completed
ORD_856,CUST_1303,2024-10-30,Premium Box,Instagram,466.22,234.88,Completed
ORD_857,CUST_1472,2024-03-12,Premium Box,Google Search,55.1,39.83,Completed
ORD_858,CUST_1285,2025-02-20,Accessories,Google Search,215.8,139.49,Completed
ORD_859,CUST_973,2025-02-18,Subscription Box,Referral,557.56,288.68,Completed
ORD_860,CUST_290,2024-04-26,Accessories,LinkedIn,53.52,34.39,Completed
ORD_861,CUST_399,2024-05-15,Fashion,Referral,276.85,143.75,Completed
ORD_862,CUST_1343,2024-03-14,Gift Card,Referral,171.41,69.38,Refunded
ORD_863,CUST_866,2025-06-17,Beauty,Event Walk-in,672.5,366.86,Completed
ORD_864,CUST_112,2025-05-28,Gift Card,Referral,118.63,69.8,Completed
ORD_865,CUST_371,2024-02-18,Limited Collection,Instagram,303.82,200.12,Completed
ORD_866,CUST_1400,2025-03-16,Gift Card,Instagram,595.34,318.01,Completed
ORD_867,CUST_602,2024-11-18,Subscription Box,Google Search,621.04,381.15,Completed
ORD_868,CUST_556,2024-09-16,Premium Box,Instagram,464.16,262.61,Completed
ORD_869,CUST_1380,2024-02-24,Subscription Box,Instagram,562.45,363.86,Completed
ORD_870,CUST_1151,2025-05-21,Fashion,Event Walk-in,556.29,358.66,Completed
ORD_871,CUST_1325,2024-12-24,Limited Collection,Referral,542.2,245.16,Completed
ORD_872,CUST_1366,2025-02-28,Premium Box,Google Search,432.9,165.18,Completed
ORD_873,CUST_821,2024-12-08,Accessories,Event Walk-in,40.0,27.47,Completed
ORD_874,CUST_649,2024-06-17,Beauty,Instagram,681.26,255.43,Completed
ORD_875,CUST_211,2024-03-20,Gift Card,Partnership,237.0,134.42,Completed
ORD_876,CUST_653,2025-01-30,Accessories,Google Search,534.67,273.33,Completed
ORD_877,CUST_142,2025-01-04,Gift Card,Partnership,147.9,89.52,Completed
ORD_878,CUST_950,2025-04-08,Subscription Box,Partnership,107.18,76.07,Cancelled
ORD_879,CUST_379,2024-07-19,Accessories,Google Search,657.13,305.77,Completed
ORD_880,CUST_579,2024-09-01,Beauty,Partnership,100.14,71.7,Completed
ORD_881,CUST_549,2024-07-03,Beauty,Referral,410.01,297.94,Completed
ORD_882,CUST_12,2025-04-19,Gift Card,Partnership,262.81,103.35,Completed
ORD_883,CUST_211,2024-08-07,Gift Card,Partnership,80.87,47.47,Completed
ORD_884,CUST_518,2024-02-21,Fashion,Instagram,590.8,281.81,Completed
ORD_885,CUST_25,2024-10-11,Limited Collection,Google Search,570.04,312.79,Completed
ORD_886,CUST_5,2024-02-02,Gift Card,Google Search,52.24,36.91,Completed
ORD_887,CUST_1356,2025-06-30,Accessories,Instagram,64.06,23.12,Completed
ORD_888,CUST_1287,2024-11-18,Subscription Box,Google Search,514.06,269.32,Refunded
ORD_889,CUST_954,2025-01-03,Premium Box,Referral,639.19,272.77,Completed
ORD_890,CUST_963,2024-09-09,Accessories,Partnership,538.23,329.86,Completed
ORD_891,CUST_13,2024-08-09,Beauty,TikTok,177.3,92.65,Completed
ORD_892,CUST_374,2024-08-22,Limited Collection,Event Walk-in,163.35,62.63,Completed
ORD_893,CUST_1121,2024-05-10,Gift Card,Partnership,229.79,100.15,Completed
ORD_894,CUST_718,2024-03-08,Limited Collection,Google Search,659.35,263.19,Completed
ORD_895,CUST_236,2024-09-03,Premium Box,TikTok,536.41,261.14,Completed
ORD_896,CUST_410,2024-09-25,Limited Collection,Event Walk-in,682.97,417.24,Completed
ORD_897,CUST_1358,2025-01-01,Limited Collection,Partnership,261.45,113.3,Completed
ORD_898,CUST_639,2024-01-11,Limited Collection,Partnership,201.42,99.33,Completed
ORD_899,CUST_606,2025-06-12,Subscription Box,Instagram,120.26,45.74,Completed
ORD_900,CUST_557,2024-07-30,Beauty,Instagram,18.53,12.55,Completed
ORD_901,CUST_1488,2025-04-09,Accessories,TikTok,268.27,130.3,Completed
ORD_902,CUST_814,2024-12-08,Premium Box,Instagram,253.73,161.88,Completed
ORD_903,CUST_308,2024-04-19,Gift Card,Event Walk-in,182.88,128.26,Completed
ORD_904,CUST_407,2024-02-24,Gift Card,Instagram,501.83,281.37,Completed
ORD_905,CUST_1151,2024-11-02,Premium Box,Event Walk-in,294.01,114.78,Completed
ORD_906,CUST_1480,2025-06-21,Accessories,TikTok,32.45,16.74,Completed
ORD_907,CUST_1292,2024-01-30,Limited Collection,Event Walk-in,607.05,383.11,Completed
ORD_908,CUST_892,2025-02-12,Subscription Box,Google Search,133.52,85.36,Completed
ORD_909,CUST_33,2024-10-31,Premium Box,Partnership,183.34,132.03,Completed
ORD_910,CUST_710,2024-02-25,Subscription Box,LinkedIn,544.71,361.37,Completed
ORD_911,CUST_62,2025-03-11,Accessories,TikTok,614.46,424.95,Completed
ORD_912,CUST_132,2024-12-05,Limited Collection,Instagram,380.1,262.66,Refunded
ORD_913,CUST_754,2025-05-26,Beauty,Instagram,546.9,196.03,Cancelled
ORD_914,CUST_574,2024-10-01,Subscription Box,Google Search,327.78,162.25,Completed
ORD_915,CUST_1127,2024-09-05,Fashion,Event Walk-in,688.69,496.71,Completed
ORD_916,CUST_83,2025-06-26,Gift Card,Event Walk-in,559.63,387.27,Completed
ORD_917,CUST_209,2024-05-23,Gift Card,LinkedIn,346.4,238.59,Refunded
ORD_918,CUST_899,2024-06-25,Premium Box,TikTok,247.07,103.07,Completed
ORD_919,CUST_1486,2024-09-08,Gift Card,LinkedIn,256.89,150.24,Completed
ORD_920,CUST_172,2024-02-15,Limited Collection,TikTok,31.12,15.98,Completed
ORD_921,CUST_1342,2024-03-22,Beauty,Instagram,686.04,314.6,Completed
ORD_922,CUST_1388,2024-07-05,Subscription Box,Instagram,634.19,437.36,Completed
ORD_923,CUST_1319,2024-04-08,Beauty,LinkedIn,641.84,328.02,Completed
ORD_924,CUST_541,2025-06-03,Accessories,Google Search,247.08,98.92,Completed
ORD_925,CUST_1196,2025-01-27,Limited Collection,TikTok,474.72,281.01,Completed
ORD_926,CUST_589,2024-11-28,Accessories,Referral,78.92,39.52,Completed
ORD_927,CUST_683,2025-02-01,Gift Card,LinkedIn,193.73,103.85,Completed
ORD_928,CUST_601,2024-08-23,Premium Box,Referral,589.03,255.63,Completed
ORD_929,CUST_1191,2025-04-07,Premium Box,Event Walk-in,601.82,323.35,Completed
ORD_930,CUST_85,2024-03-20,Limited Collection,Instagram,594.07,332.15,Completed
ORD_931,CUST_878,2024-02-17,Beauty,Referral,329.98,119.24,Completed
ORD_932,CUST_1027,2025-03-17,Fashion,Google Search,224.55,133.99,Completed
ORD_933,CUST_1070,2024-10-20,Subscription Box,LinkedIn,504.32,350.22,Refunded
ORD_934,CUST_191,2025-06-05,Gift Card,Google Search,345.11,167.02,Completed
ORD_935,CUST_210,2024-06-13,Premium Box,Google Search,44.52,23.5,Completed
ORD_936,CUST_786,2024-09-19,Limited Collection,Instagram,323.54,199.11,Completed
ORD_937,CUST_1441,2024-10-05,Gift Card,Google Search,698.33,424.65,Completed
ORD_938,CUST_1288,2024-03-04,Subscription Box,Partnership,508.65,362.42,Completed
ORD_939,CUST_1377,2024-08-01,Beauty,Google Search,86.89,43.12,Completed
ORD_940,CUST_1409,2024-08-25,Limited Collection,Instagram,430.32,315.86,Refunded
ORD_941,CUST_451,2024-12-28,Subscription Box,Partnership,449.73,157.97,Completed
ORD_942,CUST_559,2025-04-02,Gift Card,TikTok,347.61,198.14,Completed
ORD_943,CUST_1059,2025-05-07,Beauty,Referral,87.47,58.9,Completed
ORD_944,CUST_163,2024-12-30,Limited Collection,TikTok,491.87,279.4,Completed
ORD_945,CUST_202,2024-06-27,Fashion,Event Walk-in,384.71,194.75,Completed
ORD_946,CUST_1021,2024-10-11,Subscription Box,Instagram,192.8,102.18,Completed
ORD_947,CUST_174,2025-03-05,Limited Collection,LinkedIn,600.26,345.55,Completed
ORD_948,CUST_669,2024-10-04,Beauty,Event Walk-in,58.99,29.63,Completed
ORD_949,CUST_1157,2024-05-19,Gift Card,Google Search,281.21,165.47,Completed
ORD_950,CUST_24,2024-03-22,Beauty,Partnership,356.26,173.82,Completed
ORD_951,CUST_795,2025-01-09,Limited Collection,TikTok,667.13,312.04,Completed
ORD_952,CUST_1232,2025-06-16,Beauty,Google Search,156.89,80.81,Completed
ORD_953,CUST_599,2024-06-21,Gift Card,LinkedIn,465.57,227.74,Completed
ORD_954,CUST_1055,2025-05-03,Limited Collection,Google Search,467.43,289.25,Completed
ORD_955,CUST_607,2024-04-23,Beauty,TikTok,73.28,40.25,Refunded
ORD_956,CUST_93,2024-12-03,Premium Box,TikTok,134.57,53.64,Completed
ORD_957,CUST_37,2025-02-26,Premium Box,Partnership,209.59,107.05,Refunded
ORD_958,CUST_517,2025-04-13,Premium Box,Event Walk-in,545.33,288.42,Completed
ORD_959,CUST_416,2024-07-09,Subscription Box,Partnership,263.18,106.18,Completed
ORD_960,CUST_1112,2024-09-16,Gift Card,TikTok,329.15,179.45,Completed
ORD_961,CUST_1455,2024-11-03,Gift Card,Referral,102.95,68.77,Completed
ORD_962,CUST_1174,2025-04-25,Accessories,LinkedIn,292.7,128.06,Completed
ORD_963,CUST_1169,2025-03-24,Fashion,LinkedIn,656.3,246.75,Completed
ORD_964,CUST_1401,2024-04-22,Accessories,Instagram,563.26,413.09,Completed
ORD_965,CUST_611,2025-03-01,Subscription Box,TikTok,340.31,179.98,Completed
ORD_966,CUST_1011,2025-05-13,Beauty,Referral,228.05,85.6,Completed
ORD_967,CUST_642,2024-02-12,Beauty,Referral,353.25,132.88,Completed
ORD_968,CUST_615,2025-01-31,Subscription Box,Google Search,93.14,43.37,Completed
ORD_969,CUST_1341,2025-03-15,Beauty,Instagram,90.09,56.51,Completed
ORD_970,CUST_627,2024-10-13,Premium Box,Partnership,270.26,161.7,Completed
ORD_971,CUST_1424,2025-01-15,Limited Collection,Instagram,588.85,361.3,Completed
ORD_972,CUST_547,2024-04-11,Subscription Box,Event Walk-in,446.08,202.77,Completed
ORD_973,CUST_1040,2024-01-15,Beauty,Partnership,389.01,186.5,Refunded
ORD_974,CUST_230,2024-12-19,Limited Collection,Instagram,523.76,193.9,Completed
ORD_975,CUST_1226,2024-05-18,Premium Box,Instagram,585.1,400.38,Completed
ORD_976,CUST_456,2024-07-10,Gift Card,Instagram,412.11,160.45,Completed
ORD_977,CUST_228,2024-12-24,Fashion,TikTok,679.52,329.94,Completed
ORD_978,CUST_919,2025-05-17,Gift Card,TikTok,219.56,100.86,Completed
ORD_979,CUST_388,2024-06-07,Premium Box,TikTok,196.3,118.59,Completed
ORD_980,CUST_727,2024-04-23,Gift Card,Event Walk-in,660.94,364.68,Completed
ORD_981,CUST_781,2024-08-28,Limited Collection,Event Walk-in,57.39,40.95,Completed
ORD_982,CUST_19,2024-06-15,Subscription Box,Event Walk-in,423.93,290.77,Completed
ORD_983,CUST_1455,2024-02-01,Premium Box,Referral,650.58,469.48,Completed
ORD_984,CUST_810,2025-02-28,Gift Card,Referral,622.7,448.45,Refunded
ORD_985,CUST_443,2024-11-10,Limited Collection,Event Walk-in,380.3,193.75,Cancelled
ORD_986,CUST_910,2024-02-12,Premium Box,Google Search,112.05,67.77,Completed
ORD_987,CUST_876,2024-11-16,Limited Collection,TikTok,189.59,87.0,Completed
ORD_988,CUST_1264,2024-01-03,Gift Card,Partnership,346.91,201.26,Completed
ORD_989,CUST_358,2024-04-29,Limited Collection,Event Walk-in,399.07,281.85,Completed
ORD_990,CUST_151,2024-09-30,Beauty,Referral,314.74,207.87,Completed
ORD_991,CUST_901,2024-09-02,Accessories,Instagram,183.02,131.39,Completed
ORD_992,CUST_1434,2024-07-12,Limited Collection,Partnership,255.75,143.15,Completed
ORD_993,CUST_317,2024-01-28,Beauty,Instagram,253.59,99.02,Completed
ORD_994,CUST_992,2024-03-20,Subscription Box,Instagram,404.29,247.74,Completed
ORD_995,CUST_967,2025-06-04,Premium Box,Partnership,584.48,300.42,Completed
ORD_996,CUST_778,2024-02-15,Fashion,Instagram,284.87,190.49,Completed
ORD_997,CUST_564,2024-05-23,Beauty,LinkedIn,648.44,354.65,Completed
ORD_998,CUST_696,2024-02-26,Accessories,Referral,434.58,248.76,Completed
ORD_999,CUST_1006,2024-06-19,Fashion,Instagram,642.51,397.14,Completed
ORD_1000,CUST_740,2024-08-28,Limited Collection,Event Walk-in,23.73,11.47,Completed
ORD_1001,CUST_1472,2025-01-27,Subscription Box,Google Search,671.37,412.25,Completed
ORD_1002,CUST_847,2025-06-25,Fashion,Instagram,258.09,181.04,Completed
ORD_1003,CUST_1324,2025-01-27,Fashion,LinkedIn,467.94,305.99,Completed
ORD_1004,CUST_1202,2024-04-29,Subscription Box,Event Walk-in,291.47,215.8,Completed
ORD_1005,CUST_373,2024-04-04,Accessories,Event Walk-in,398.27,261.92,Completed
ORD_1006,CUST_1137,2024-07-04,Accessories,TikTok,677.87,451.53,Completed
ORD_1007,CUST_1034,2024-12-26,Limited Collection,Google Search,549.73,326.82,Completed
ORD_1008,CUST_1109,2024-04-12,Subscription Box,Google Search,68.13,44.02,Completed
ORD_1009,CUST_631,2025-05-13,Beauty,TikTok,270.04,110.67,Completed
ORD_1010,CUST_497,2025-02-05,Premium Box,Instagram,114.57,56.6,Completed
ORD_1011,CUST_687,2025-02-16,Limited Collection,Partnership,465.52,206.32,Completed
ORD_1012,CUST_77,2025-05-29,Accessories,Event Walk-in,549.36,271.15,Completed
ORD_1013,CUST_1056,2025-03-15,Subscription Box,Event Walk-in,667.63,428.4,Completed
ORD_1014,CUST_152,2025-04-21,Beauty,Partnership,640.51,438.04,Completed
ORD_1015,CUST_1456,2024-01-21,Beauty,Event Walk-in,120.95,64.47,Completed
ORD_1016,CUST_1251,2024-12-22,Fashion,Instagram,48.55,20.94,Completed
ORD_1017,CUST_1437,2024-11-08,Subscription Box,Google Search,479.42,308.95,Completed
ORD_1018,CUST_857,2025-02-07,Subscription Box,Instagram,496.67,301.12,Cancelled
ORD_1019,CUST_1089,2024-07-23,Beauty,LinkedIn,56.69,22.43,Completed
ORD_1020,CUST_910,2024-03-03,Gift Card,Google Search,86.25,37.65,Completed
ORD_1021,CUST_1131,2024-12-23,Beauty,Instagram,691.68,421.62,Completed
ORD_1022,CUST_136,2024-10-08,Fashion,Event Walk-in,77.8,48.17,Completed
ORD_1023,CUST_1235,2025-03-13,Limited Collection,Instagram,54.37,39.41,Completed
ORD_1024,CUST_1082,2024-11-17,Premium Box,Partnership,109.84,70.29,Refunded
ORD_1025,CUST_50,2025-01-25,Limited Collection,Referral,518.55,252.35,Completed
ORD_1026,CUST_222,2025-04-23,Premium Box,TikTok,437.8,301.56,Completed
ORD_1027,CUST_406,2024-09-17,Premium Box,LinkedIn,371.62,234.92,Completed
ORD_1028,CUST_867,2024-05-02,Accessories,TikTok,124.86,70.91,Completed
ORD_1029,CUST_540,2025-06-01,Accessories,Partnership,178.08,65.4,Completed
ORD_1030,CUST_440,2024-01-06,Subscription Box,LinkedIn,594.34,253.04,Completed
ORD_1031,CUST_1459,2024-04-22,Beauty,Event Walk-in,352.65,133.34,Completed
ORD_1032,CUST_756,2025-03-30,Accessories,Referral,190.19,96.66,Completed
ORD_1033,CUST_290,2025-06-06,Accessories,LinkedIn,230.16,134.88,Completed
ORD_1034,CUST_456,2024-04-09,Fashion,Instagram,668.27,449.98,Completed
ORD_1035,CUST_1457,2024-09-03,Limited Collection,TikTok,596.45,381.26,Completed
ORD_1036,CUST_818,2024-07-14,Beauty,Partnership,394.24,276.03,Completed
ORD_1037,CUST_235,2024-08-16,Beauty,TikTok,71.33,44.44,Completed
ORD_1038,CUST_907,2024-06-17,Gift Card,TikTok,67.7,28.91,Completed
ORD_1039,CUST_152,2024-08-02,Gift Card,Partnership,173.42,83.21,Completed
ORD_1040,CUST_1320,2024-12-03,Fashion,Referral,312.54,185.15,Completed
ORD_1041,CUST_924,2024-10-09,Fashion,TikTok,445.17,279.48,Completed
ORD_1042,CUST_547,2025-02-18,Accessories,Event Walk-in,254.33,92.99,Completed
ORD_1043,CUST_442,2025-03-07,Subscription Box,Google Search,357.37,222.18,Completed
ORD_1044,CUST_1338,2024-02-13,Gift Card,Google Search,464.08,261.61,Completed
ORD_1045,CUST_83,2024-02-06,Fashion,Event Walk-in,95.04,48.38,Refunded
ORD_1046,CUST_1311,2024-03-29,Subscription Box,Instagram,176.81,71.65,Cancelled
ORD_1047,CUST_599,2025-06-26,Premium Box,LinkedIn,643.61,388.4,Completed
ORD_1048,CUST_1030,2024-10-01,Premium Box,Referral,575.26,202.98,Completed
ORD_1049,CUST_823,2024-09-01,Limited Collection,Google Search,378.43,236.77,Completed
ORD_1050,CUST_561,2024-07-30,Accessories,Google Search,58.51,32.27,Completed
ORD_1051,CUST_357,2024-03-28,Accessories,TikTok,52.29,23.52,Completed
ORD_1052,CUST_680,2025-02-08,Limited Collection,Event Walk-in,603.69,338.75,Completed
ORD_1053,CUST_705,2025-02-02,Beauty,Event Walk-in,229.24,160.28,Completed
ORD_1054,CUST_392,2024-11-23,Gift Card,TikTok,328.34,136.45,Completed
ORD_1055,CUST_759,2024-12-25,Gift Card,Referral,107.76,47.71,Completed
ORD_1056,CUST_598,2024-01-20,Limited Collection,Partnership,501.8,181.13,Completed
ORD_1057,CUST_371,2025-05-25,Subscription Box,Instagram,73.9,46.63,Completed
ORD_1058,CUST_837,2024-12-02,Fashion,Partnership,346.14,214.43,Refunded
ORD_1059,CUST_1116,2024-08-05,Fashion,TikTok,93.09,38.7,Completed
ORD_1060,CUST_72,2024-08-16,Gift Card,Instagram,558.79,307.77,Completed
ORD_1061,CUST_302,2024-05-19,Beauty,Referral,560.48,223.36,Completed
ORD_1062,CUST_1106,2024-10-14,Accessories,Instagram,322.53,165.24,Completed
ORD_1063,CUST_1306,2024-11-23,Fashion,Event Walk-in,582.01,260.17,Completed
ORD_1064,CUST_145,2024-07-21,Gift Card,Partnership,384.5,215.16,Completed
ORD_1065,CUST_1413,2024-09-07,Limited Collection,Event Walk-in,330.63,181.56,Completed
ORD_1066,CUST_727,2024-11-01,Subscription Box,Event Walk-in,372.28,167.06,Completed
ORD_1067,CUST_548,2024-11-12,Beauty,TikTok,32.58,21.08,Completed
ORD_1068,CUST_652,2024-06-13,Premium Box,Instagram,630.66,458.49,Completed
ORD_1069,CUST_1186,2024-11-26,Premium Box,TikTok,198.49,122.13,Completed
ORD_1070,CUST_148,2025-04-26,Subscription Box,Partnership,293.98,121.28,Completed
ORD_1071,CUST_84,2025-04-04,Beauty,Referral,168.21,71.07,Completed
ORD_1072,CUST_346,2025-05-13,Gift Card,Referral,472.97,259.42,Completed
ORD_1073,CUST_151,2024-02-18,Premium Box,Referral,139.05,85.94,Completed
ORD_1074,CUST_484,2025-02-15,Fashion,Event Walk-in,666.26,354.61,Completed
ORD_1075,CUST_673,2025-05-13,Fashion,Event Walk-in,414.25,163.84,Completed
ORD_1076,CUST_1246,2024-08-26,Fashion,Instagram,134.13,92.93,Completed
ORD_1077,CUST_1111,2025-06-30,Beauty,LinkedIn,636.37,309.42,Refunded
ORD_1078,CUST_1015,2024-06-17,Gift Card,Instagram,280.82,137.46,Completed
ORD_1079,CUST_861,2025-04-24,Accessories,TikTok,387.4,274.45,Completed
ORD_1080,CUST_1156,2024-01-01,Premium Box,Google Search,571.43,293.94,Completed
ORD_1081,CUST_1107,2024-11-03,Fashion,LinkedIn,91.71,37.56,Completed
ORD_1082,CUST_1494,2025-02-01,Fashion,LinkedIn,627.42,362.25,Completed
ORD_1083,CUST_1365,2025-01-03,Premium Box,Partnership,166.15,104.57,Completed
ORD_1084,CUST_395,2024-04-12,Fashion,TikTok,278.99,169.05,Completed
ORD_1085,CUST_930,2024-07-10,Limited Collection,Instagram,232.07,92.76,Completed
ORD_1086,CUST_260,2024-03-30,Gift Card,Event Walk-in,605.14,342.89,Completed
ORD_1087,CUST_913,2025-05-07,Accessories,Google Search,262.26,100.46,Completed
ORD_1088,CUST_1011,2024-11-07,Beauty,Referral,268.31,167.79,Completed
ORD_1089,CUST_594,2024-08-31,Fashion,Google Search,173.21,100.6,Completed
ORD_1090,CUST_439,2024-11-25,Beauty,Event Walk-in,166.08,70.45,Cancelled
ORD_1091,CUST_310,2025-01-21,Beauty,Event Walk-in,627.11,354.6,Completed
ORD_1092,CUST_730,2024-09-25,Limited Collection,Instagram,368.85,263.15,Refunded
ORD_1093,CUST_1475,2024-05-17,Limited Collection,TikTok,540.61,351.76,Completed
ORD_1094,CUST_1186,2025-02-21,Limited Collection,TikTok,51.02,36.49,Completed
ORD_1095,CUST_364,2025-02-17,Fashion,Event Walk-in,46.04,19.54,Completed
ORD_1096,CUST_484,2024-11-23,Gift Card,Event Walk-in,329.7,151.1,Completed
ORD_1097,CUST_644,2025-03-18,Beauty,Referral,537.11,264.01,Completed
ORD_1098,CUST_135,2024-11-20,Gift Card,TikTok,120.44,74.7,Completed
ORD_1099,CUST_1150,2025-01-26,Accessories,Instagram,480.12,321.72,Completed
ORD_1100,CUST_1055,2024-06-22,Beauty,Google Search,337.89,186.47,Completed
ORD_1101,CUST_1043,2024-06-05,Accessories,Partnership,526.67,283.12,Completed
ORD_1102,CUST_534,2025-06-25,Subscription Box,Google Search,403.49,243.19,Completed
ORD_1103,CUST_737,2024-01-12,Beauty,LinkedIn,685.95,444.81,Completed
ORD_1104,CUST_289,2024-12-24,Limited Collection,LinkedIn,74.88,45.61,Completed
ORD_1105,CUST_529,2025-04-16,Accessories,TikTok,447.81,293.26,Completed
ORD_1106,CUST_422,2024-09-08,Accessories,TikTok,222.08,77.84,Completed
ORD_1107,CUST_1344,2024-04-09,Gift Card,Partnership,145.07,53.67,Refunded
ORD_1108,CUST_1122,2024-02-10,Limited Collection,Instagram,272.83,133.67,Completed
ORD_1109,CUST_927,2024-08-26,Accessories,Referral,315.1,177.28,Cancelled
ORD_1110,CUST_1204,2024-09-02,Fashion,Referral,392.61,250.62,Refunded
ORD_1111,CUST_448,2024-07-09,Premium Box,Referral,196.0,142.02,Completed
ORD_1112,CUST_1214,2024-06-16,Premium Box,LinkedIn,656.44,436.6,Completed
ORD_1113,CUST_1126,2025-03-29,Limited Collection,TikTok,387.6,144.84,Completed
ORD_1114,CUST_890,2024-10-22,Fashion,Event Walk-in,477.62,248.13,Completed
ORD_1115,CUST_1150,2024-07-11,Beauty,Instagram,444.62,267.1,Refunded
ORD_1116,CUST_93,2025-05-28,Fashion,TikTok,527.32,372.99,Refunded
ORD_1117,CUST_1209,2024-04-01,Premium Box,TikTok,691.35,286.29,Completed
ORD_1118,CUST_1415,2024-03-29,Premium Box,Instagram,421.51,231.39,Completed
ORD_1119,CUST_1149,2024-04-06,Fashion,Google Search,603.22,272.39,Completed
ORD_1120,CUST_442,2024-10-18,Fashion,Google Search,252.1,91.46,Completed
ORD_1121,CUST_1231,2025-05-18,Subscription Box,Partnership,124.92,51.67,Completed
ORD_1122,CUST_173,2024-03-08,Premium Box,TikTok,324.35,233.24,Completed
ORD_1123,CUST_56,2025-04-10,Subscription Box,Google Search,285.0,208.71,Cancelled
ORD_1124,CUST_892,2024-04-18,Premium Box,Google Search,660.79,308.19,Completed
ORD_1125,CUST_192,2024-03-08,Limited Collection,LinkedIn,246.54,176.31,Completed
ORD_1126,CUST_2,2025-06-25,Fashion,LinkedIn,606.58,354.38,Completed
ORD_1127,CUST_1185,2024-03-04,Fashion,Referral,267.83,138.05,Completed
ORD_1128,CUST_814,2024-04-02,Beauty,Instagram,269.09,117.78,Completed
ORD_1129,CUST_1117,2024-06-21,Gift Card,Instagram,137.35,98.61,Completed
ORD_1130,CUST_1269,2024-01-19,Accessories,Event Walk-in,435.44,219.27,Refunded
ORD_1131,CUST_928,2024-03-22,Fashion,Google Search,461.74,266.8,Completed
ORD_1132,CUST_784,2024-09-10,Subscription Box,Google Search,115.2,74.54,Completed
ORD_1133,CUST_867,2024-06-14,Fashion,TikTok,118.86,86.03,Completed
ORD_1134,CUST_1344,2024-03-20,Limited Collection,Partnership,292.64,154.47,Completed
ORD_1135,CUST_1245,2025-05-18,Beauty,Google Search,139.65,74.29,Completed
ORD_1136,CUST_77,2024-09-12,Gift Card,Event Walk-in,55.73,28.8,Completed
ORD_1137,CUST_1452,2025-03-06,Accessories,Partnership,378.45,149.52,Completed
ORD_1138,CUST_431,2024-03-18,Limited Collection,LinkedIn,182.46,87.17,Completed
ORD_1139,CUST_1057,2024-11-13,Premium Box,LinkedIn,482.8,332.42,Completed
ORD_1140,CUST_1066,2024-04-11,Accessories,Partnership,309.82,164.45,Refunded
ORD_1141,CUST_487,2024-07-19,Beauty,Instagram,159.87,113.13,Refunded
ORD_1142,CUST_562,2024-12-02,Limited Collection,Instagram,135.63,90.58,Completed
ORD_1143,CUST_1347,2024-11-12,Premium Box,Instagram,364.92,141.19,Refunded
ORD_1144,CUST_212,2024-04-16,Accessories,Instagram,402.61,222.36,Completed
ORD_1145,CUST_1243,2024-05-01,Limited Collection,Google Search,578.04,240.31,Completed
ORD_1146,CUST_1365,2024-01-16,Subscription Box,Partnership,417.09,307.49,Completed
ORD_1147,CUST_84,2024-08-17,Beauty,Referral,138.63,70.58,Refunded
ORD_1148,CUST_144,2024-05-14,Subscription Box,Google Search,135.55,80.45,Completed
ORD_1149,CUST_572,2024-12-21,Premium Box,Google Search,100.97,62.18,Completed
ORD_1150,CUST_802,2025-04-26,Limited Collection,Google Search,671.75,484.21,Completed
ORD_1151,CUST_1303,2025-01-22,Limited Collection,Instagram,481.68,175.93,Refunded
ORD_1152,CUST_666,2024-05-18,Premium Box,Instagram,224.41,160.6,Completed
ORD_1153,CUST_1166,2024-05-01,Premium Box,Google Search,672.93,368.22,Completed
ORD_1154,CUST_929,2024-06-10,Gift Card,Referral,630.81,265.78,Completed
ORD_1155,CUST_1111,2025-04-13,Subscription Box,LinkedIn,360.04,164.75,Completed
ORD_1156,CUST_95,2024-01-28,Gift Card,Referral,286.64,174.88,Completed
ORD_1157,CUST_969,2025-03-10,Gift Card,LinkedIn,527.57,205.72,Completed
ORD_1158,CUST_713,2024-12-29,Premium Box,LinkedIn,45.55,21.74,Refunded
ORD_1159,CUST_610,2024-10-30,Limited Collection,Google Search,297.9,198.16,Completed
ORD_1160,CUST_710,2025-01-15,Subscription Box,LinkedIn,178.5,77.07,Completed
ORD_1161,CUST_1440,2025-03-28,Gift Card,Partnership,566.08,294.09,Cancelled
ORD_1162,CUST_191,2025-04-20,Premium Box,Google Search,671.95,483.32,Completed
ORD_1163,CUST_16,2024-08-07,Gift Card,LinkedIn,600.8,436.88,Completed
ORD_1164,CUST_207,2025-06-03,Fashion,Event Walk-in,504.01,263.26,Completed
ORD_1165,CUST_403,2025-04-18,Accessories,Instagram,26.07,14.85,Completed
ORD_1166,CUST_206,2025-02-25,Limited Collection,TikTok,345.33,206.87,Completed
ORD_1167,CUST_654,2024-09-11,Subscription Box,Event Walk-in,420.99,237.26,Completed
ORD_1168,CUST_672,2024-08-17,Limited Collection,LinkedIn,224.95,116.56,Completed
ORD_1169,CUST_1338,2025-04-23,Subscription Box,Google Search,203.25,89.32,Completed
ORD_1170,CUST_142,2024-04-05,Gift Card,Partnership,232.7,150.43,Completed
ORD_1171,CUST_2,2025-03-20,Premium Box,LinkedIn,99.67,58.04,Completed
ORD_1172,CUST_780,2025-02-18,Subscription Box,LinkedIn,223.06,100.85,Completed
ORD_1173,CUST_742,2024-02-23,Premium Box,Referral,317.71,214.9,Completed
ORD_1174,CUST_56,2025-01-11,Accessories,Google Search,104.97,56.03,Completed
ORD_1175,CUST_193,2024-01-04,Gift Card,Google Search,115.81,49.92,Completed
ORD_1176,CUST_993,2025-01-03,Beauty,TikTok,619.13,336.18,Completed
ORD_1177,CUST_1003,2025-04-15,Beauty,Referral,478.9,272.02,Completed
ORD_1178,CUST_686,2024-09-11,Beauty,Instagram,229.32,115.66,Completed
ORD_1179,CUST_137,2024-12-06,Limited Collection,Partnership,647.97,361.34,Completed
ORD_1180,CUST_977,2024-06-20,Subscription Box,Event Walk-in,480.31,222.54,Completed
ORD_1181,CUST_1063,2025-06-21,Fashion,Google Search,176.49,85.89,Cancelled
ORD_1182,CUST_596,2024-06-09,Limited Collection,Google Search,419.04,168.81,Completed
ORD_1183,CUST_1317,2024-12-20,Accessories,TikTok,638.55,477.4,Completed
ORD_1184,CUST_1442,2025-05-26,Premium Box,Partnership,244.53,107.74,Completed
ORD_1185,CUST_398,2024-08-11,Fashion,Event Walk-in,125.71,67.27,Completed
ORD_1186,CUST_893,2024-08-08,Premium Box,Google Search,411.73,222.34,Completed
ORD_1187,CUST_1147,2024-02-02,Premium Box,Partnership,696.36,391.31,Completed
ORD_1188,CUST_1416,2024-03-11,Subscription Box,Referral,601.58,302.76,Completed
ORD_1189,CUST_495,2024-01-11,Premium Box,Google Search,622.6,294.98,Completed
ORD_1190,CUST_382,2024-03-26,Accessories,TikTok,142.14,101.46,Completed
ORD_1191,CUST_851,2024-08-18,Subscription Box,Google Search,15.61,6.06,Completed
ORD_1192,CUST_1111,2024-03-21,Limited Collection,LinkedIn,245.01,162.05,Completed
ORD_1193,CUST_857,2024-11-13,Subscription Box,Instagram,696.56,499.23,Completed
ORD_1194,CUST_1454,2024-10-19,Limited Collection,Partnership,648.86,429.28,Completed
ORD_1195,CUST_757,2025-05-14,Fashion,Instagram,641.85,315.76,Completed
ORD_1196,CUST_630,2025-03-26,Subscription Box,LinkedIn,670.71,388.47,Completed
ORD_1197,CUST_408,2024-10-27,Limited Collection,Partnership,659.16,433.66,Completed
ORD_1198,CUST_1383,2024-11-19,Subscription Box,Google Search,261.15,131.63,Completed
ORD_1199,CUST_573,2024-09-02,Accessories,Referral,15.57,6.25,Completed
ORD_1200,CUST_609,2025-01-17,Subscription Box,Instagram,74.15,33.01,Completed
ORD_1201,CUST_717,2024-02-18,Limited Collection,Google Search,32.98,12.81,Completed
ORD_1202,CUST_1196,2025-03-03,Beauty,TikTok,136.75,95.91,Completed
ORD_1203,CUST_633,2025-02-05,Premium Box,LinkedIn,439.49,178.54,Completed
ORD_1204,CUST_119,2024-01-12,Limited Collection,Event Walk-in,179.5,93.78,Completed
ORD_1205,CUST_311,2024-06-16,Limited Collection,Event Walk-in,487.92,266.59,Completed
ORD_1206,CUST_41,2024-02-28,Fashion,Google Search,299.23,144.03,Refunded
ORD_1207,CUST_483,2024-09-09,Beauty,Referral,205.77,95.5,Completed
ORD_1208,CUST_895,2025-01-16,Subscription Box,Event Walk-in,168.06,103.16,Refunded
ORD_1209,CUST_1188,2025-03-10,Premium Box,Instagram,376.95,172.66,Completed
ORD_1210,CUST_1193,2024-03-19,Limited Collection,Google Search,325.52,145.84,Completed
ORD_1211,CUST_227,2025-04-20,Fashion,TikTok,489.0,354.03,Completed
ORD_1212,CUST_1103,2024-12-07,Gift Card,Instagram,188.72,106.52,Completed
ORD_1213,CUST_360,2024-06-11,Gift Card,Partnership,499.1,310.47,Refunded
ORD_1214,CUST_974,2025-05-02,Subscription Box,LinkedIn,351.39,133.25,Completed
ORD_1215,CUST_333,2025-06-12,Subscription Box,Partnership,165.42,89.91,Completed
ORD_1216,CUST_1189,2024-01-23,Beauty,Google Search,319.51,141.96,Completed
ORD_1217,CUST_490,2024-09-05,Fashion,Event Walk-in,601.18,351.86,Cancelled
ORD_1218,CUST_165,2025-02-11,Fashion,TikTok,499.02,182.42,Completed
ORD_1219,CUST_58,2024-07-14,Accessories,TikTok,155.82,96.6,Completed
ORD_1220,CUST_897,2024-04-02,Premium Box,Google Search,483.82,296.59,Completed
ORD_1221,CUST_646,2024-04-02,Premium Box,Partnership,447.08,265.12,Refunded
ORD_1222,CUST_783,2024-09-19,Fashion,LinkedIn,434.43,293.59,Completed
ORD_1223,CUST_1436,2024-12-19,Accessories,Event Walk-in,494.99,225.88,Completed
ORD_1224,CUST_938,2024-03-28,Subscription Box,Google Search,250.9,166.21,Cancelled
ORD_1225,CUST_1482,2024-09-10,Subscription Box,Instagram,685.65,433.7,Completed
ORD_1226,CUST_749,2024-12-14,Accessories,Instagram,156.72,81.27,Completed
ORD_1227,CUST_280,2025-02-28,Subscription Box,LinkedIn,600.01,444.56,Cancelled
ORD_1228,CUST_1236,2024-11-04,Gift Card,LinkedIn,281.91,189.63,Completed
ORD_1229,CUST_1104,2024-12-23,Gift Card,Referral,663.0,302.08,Completed
ORD_1230,CUST_416,2024-07-17,Fashion,Partnership,456.96,198.04,Completed
ORD_1231,CUST_474,2025-01-26,Beauty,Referral,290.52,128.66,Completed
ORD_1232,CUST_1071,2025-02-25,Gift Card,TikTok,18.17,11.98,Completed
ORD_1233,CUST_1011,2025-02-13,Accessories,Referral,458.68,262.18,Completed
ORD_1234,CUST_1127,2025-04-02,Accessories,Event Walk-in,395.82,138.72,Completed
ORD_1235,CUST_771,2024-11-29,Beauty,Instagram,473.18,250.8,Refunded
ORD_1236,CUST_1233,2024-11-20,Subscription Box,LinkedIn,316.36,120.1,Completed
ORD_1237,CUST_1013,2024-03-06,Limited Collection,LinkedIn,67.78,43.7,Completed
ORD_1238,CUST_413,2025-01-09,Beauty,Instagram,295.03,151.5,Completed
ORD_1239,CUST_1404,2025-04-17,Fashion,Instagram,414.72,238.69,Completed
ORD_1240,CUST_982,2025-03-21,Limited Collection,TikTok,16.98,9.54,Completed
ORD_1241,CUST_1232,2025-05-06,Premium Box,Google Search,311.59,226.89,Completed
ORD_1242,CUST_1247,2024-04-11,Subscription Box,TikTok,256.37,182.23,Completed
ORD_1243,CUST_417,2024-09-28,Fashion,LinkedIn,259.55,118.75,Completed
ORD_1244,CUST_1112,2024-12-16,Beauty,TikTok,281.85,151.23,Completed
ORD_1245,CUST_636,2024-10-09,Limited Collection,Referral,502.21,370.78,Refunded
ORD_1246,CUST_498,2024-10-08,Subscription Box,Google Search,372.66,188.59,Completed
ORD_1247,CUST_1294,2024-11-19,Beauty,TikTok,77.79,31.07,Completed
ORD_1248,CUST_644,2024-01-26,Limited Collection,Referral,253.08,104.21,Completed
ORD_1249,CUST_467,2024-09-28,Beauty,TikTok,152.16,63.24,Cancelled
ORD_1250,CUST_1386,2024-03-18,Subscription Box,LinkedIn,624.31,255.05,Completed
ORD_1251,CUST_1355,2024-02-10,Premium Box,LinkedIn,560.5,228.65,Refunded
ORD_1252,CUST_208,2024-06-06,Limited Collection,LinkedIn,444.81,292.72,Completed
ORD_1253,CUST_720,2025-02-17,Accessories,Instagram,65.61,23.95,Completed
ORD_1254,CUST_131,2024-07-28,Beauty,Event Walk-in,640.77,255.45,Refunded
ORD_1255,CUST_564,2024-03-28,Fashion,LinkedIn,640.17,315.22,Completed
ORD_1256,CUST_744,2024-04-16,Subscription Box,TikTok,278.53,149.69,Completed
ORD_1257,CUST_943,2024-10-13,Subscription Box,TikTok,107.89,42.19,Completed
ORD_1258,CUST_144,2025-06-12,Accessories,Google Search,244.69,132.58,Completed
ORD_1259,CUST_1309,2024-01-27,Gift Card,Instagram,364.22,247.57,Completed
ORD_1260,CUST_214,2024-04-10,Limited Collection,Partnership,172.08,71.88,Completed
ORD_1261,CUST_1045,2024-01-18,Accessories,Google Search,381.55,257.6,Completed
ORD_1262,CUST_1064,2024-04-07,Premium Box,Instagram,660.35,455.62,Refunded
ORD_1263,CUST_248,2024-09-01,Limited Collection,Instagram,445.81,258.92,Completed
ORD_1264,CUST_1448,2024-06-04,Gift Card,Instagram,662.75,286.72,Completed
ORD_1265,CUST_720,2025-02-04,Beauty,Instagram,673.33,375.66,Completed
ORD_1266,CUST_1343,2024-08-13,Beauty,Referral,271.91,173.96,Refunded
ORD_1267,CUST_625,2025-03-14,Accessories,Partnership,699.61,320.1,Completed
ORD_1268,CUST_128,2024-05-02,Fashion,Referral,529.37,316.3,Cancelled
ORD_1269,CUST_1434,2024-06-21,Gift Card,Partnership,578.12,260.42,Completed
ORD_1270,CUST_1274,2024-04-20,Beauty,Referral,226.1,168.48,Completed
ORD_1271,CUST_1043,2024-08-04,Fashion,Partnership,158.9,107.33,Refunded
ORD_1272,CUST_1331,2025-03-13,Beauty,Google Search,679.34,471.82,Refunded
ORD_1273,CUST_213,2025-06-28,Fashion,Referral,337.08,166.57,Completed
ORD_1274,CUST_993,2024-06-23,Accessories,TikTok,280.36,135.84,Completed
ORD_1275,CUST_1255,2025-02-28,Premium Box,Partnership,637.42,270.9,Completed
ORD_1276,CUST_1108,2025-05-20,Premium Box,Referral,387.14,209.16,Completed
ORD_1277,CUST_905,2025-03-23,Fashion,TikTok,614.77,279.59,Completed
ORD_1278,CUST_1420,2024-03-28,Fashion,Referral,175.99,66.75,Completed
ORD_1279,CUST_234,2024-06-01,Beauty,Instagram,574.27,221.81,Completed
ORD_1280,CUST_376,2024-11-30,Limited Collection,TikTok,527.74,317.12,Completed
ORD_1281,CUST_613,2024-08-02,Accessories,Event Walk-in,581.19,337.02,Completed
ORD_1282,CUST_1209,2025-01-17,Beauty,TikTok,692.45,366.25,Completed
ORD_1283,CUST_196,2024-06-20,Gift Card,LinkedIn,277.66,166.29,Completed
ORD_1284,CUST_231,2025-04-16,Gift Card,LinkedIn,363.28,151.81,Completed
ORD_1285,CUST_143,2024-11-14,Accessories,Google Search,686.72,489.86,Completed
ORD_1286,CUST_644,2024-01-23,Subscription Box,Referral,495.09,291.76,Completed
ORD_1287,CUST_567,2024-01-29,Limited Collection,TikTok,187.05,67.54,Completed
ORD_1288,CUST_1268,2024-09-29,Subscription Box,Instagram,521.48,183.1,Completed
ORD_1289,CUST_1265,2025-05-23,Fashion,TikTok,389.68,202.24,Completed
ORD_1290,CUST_480,2025-03-15,Limited Collection,Google Search,660.16,489.61,Completed
ORD_1291,CUST_1283,2024-06-26,Fashion,Google Search,282.6,115.3,Completed
ORD_1292,CUST_31,2024-05-11,Accessories,Instagram,175.07,123.45,Completed
ORD_1293,CUST_369,2024-06-13,Subscription Box,TikTok,16.27,9.42,Refunded
ORD_1294,CUST_174,2025-02-13,Beauty,LinkedIn,69.06,46.55,Completed
ORD_1295,CUST_349,2025-05-14,Fashion,Referral,117.49,76.18,Completed
ORD_1296,CUST_186,2025-03-17,Subscription Box,TikTok,252.06,168.97,Completed
ORD_1297,CUST_1428,2025-03-25,Beauty,TikTok,184.18,74.04,Completed
ORD_1298,CUST_240,2024-06-15,Beauty,TikTok,18.79,12.15,Refunded
ORD_1299,CUST_692,2024-05-21,Accessories,LinkedIn,640.76,413.54,Completed
ORD_1300,CUST_322,2025-03-19,Beauty,Instagram,140.92,76.24,Completed
ORD_1301,CUST_1314,2024-08-07,Premium Box,Event Walk-in,311.26,169.89,Completed
ORD_1302,CUST_445,2024-03-21,Beauty,Google Search,367.88,273.19,Completed
ORD_1303,CUST_456,2024-04-16,Accessories,Instagram,658.02,237.68,Completed
ORD_1304,CUST_83,2024-05-19,Limited Collection,Event Walk-in,579.73,231.43,Completed
ORD_1305,CUST_484,2024-10-13,Premium Box,Event Walk-in,509.37,266.15,Completed
ORD_1306,CUST_720,2024-01-08,Accessories,Instagram,86.56,43.35,Completed
ORD_1307,CUST_118,2024-10-16,Gift Card,Instagram,468.07,232.38,Completed
ORD_1308,CUST_918,2025-03-10,Accessories,TikTok,152.54,114.09,Completed
ORD_1309,CUST_816,2024-10-02,Fashion,Referral,206.6,94.82,Completed
ORD_1310,CUST_1209,2025-04-14,Limited Collection,TikTok,29.3,19.07,Completed
ORD_1311,CUST_620,2024-02-04,Premium Box,LinkedIn,432.19,261.7,Completed
ORD_1312,CUST_254,2024-07-05,Subscription Box,LinkedIn,400.21,262.6,Completed
ORD_1313,CUST_477,2024-06-29,Limited Collection,TikTok,312.55,131.27,Completed
ORD_1314,CUST_359,2024-05-11,Accessories,Partnership,162.34,67.39,Completed
ORD_1315,CUST_81,2024-10-02,Gift Card,Instagram,282.92,104.18,Completed
ORD_1316,CUST_830,2024-08-25,Accessories,LinkedIn,531.98,312.41,Completed
ORD_1317,CUST_1456,2024-05-01,Limited Collection,Event Walk-in,397.76,165.18,Cancelled
ORD_1318,CUST_1361,2025-01-12,Accessories,Google Search,337.61,184.68,Refunded
ORD_1319,CUST_490,2025-04-05,Premium Box,Event Walk-in,269.81,143.36,Completed
ORD_1320,CUST_377,2024-09-27,Premium Box,Referral,284.88,120.01,Completed
ORD_1321,CUST_527,2024-05-03,Gift Card,Google Search,197.36,120.24,Completed
ORD_1322,CUST_1037,2025-04-06,Fashion,Referral,43.55,19.61,Refunded
ORD_1323,CUST_1492,2025-03-09,Beauty,TikTok,249.18,125.66,Completed
ORD_1324,CUST_110,2024-01-01,Fashion,Instagram,404.92,273.51,Completed
ORD_1325,CUST_168,2024-06-26,Beauty,Event Walk-in,86.97,46.49,Completed
ORD_1326,CUST_1352,2024-07-18,Gift Card,Google Search,480.53,341.63,Completed
ORD_1327,CUST_1489,2025-03-30,Fashion,Google Search,62.45,41.88,Completed
ORD_1328,CUST_707,2024-10-19,Limited Collection,Referral,137.29,70.09,Refunded
ORD_1329,CUST_1361,2024-06-17,Accessories,Google Search,88.81,63.91,Completed
ORD_1330,CUST_305,2024-05-12,Premium Box,LinkedIn,594.36,415.62,Completed
ORD_1331,CUST_677,2024-06-25,Limited Collection,Instagram,420.4,203.91,Refunded
ORD_1332,CUST_1366,2024-08-31,Fashion,Google Search,634.38,387.07,Completed
ORD_1333,CUST_563,2025-03-11,Limited Collection,Google Search,137.6,81.09,Completed
ORD_1334,CUST_294,2024-02-22,Subscription Box,LinkedIn,628.47,242.95,Cancelled
ORD_1335,CUST_1333,2024-02-18,Limited Collection,Google Search,419.13,160.5,Completed
ORD_1336,CUST_1077,2025-04-30,Gift Card,Google Search,415.77,282.25,Completed
ORD_1337,CUST_1270,2024-01-05,Limited Collection,LinkedIn,223.16,115.1,Completed
ORD_1338,CUST_713,2024-07-05,Beauty,LinkedIn,94.19,41.45,Cancelled
ORD_1339,CUST_904,2024-05-12,Accessories,Event Walk-in,202.73,74.25,Completed
ORD_1340,CUST_11,2024-04-27,Fashion,Partnership,442.85,299.81,Completed
ORD_1341,CUST_747,2024-10-07,Subscription Box,Referral,122.58,71.09,Completed
ORD_1342,CUST_1497,2024-12-19,Gift Card,LinkedIn,369.51,235.05,Completed
ORD_1343,CUST_1313,2024-03-24,Beauty,Referral,368.68,202.29,Completed
ORD_1344,CUST_1008,2024-06-09,Premium Box,Partnership,141.81,103.87,Refunded
ORD_1345,CUST_77,2024-05-13,Limited Collection,Event Walk-in,381.44,263.7,Completed
ORD_1346,CUST_1149,2024-01-12,Beauty,Google Search,375.1,146.22,Completed
ORD_1347,CUST_1387,2024-01-24,Fashion,Instagram,410.13,304.89,Completed
ORD_1348,CUST_1027,2024-06-20,Beauty,Google Search,157.96,115.67,Completed
ORD_1349,CUST_1079,2024-05-19,Subscription Box,Instagram,78.29,47.28,Completed
ORD_1350,CUST_1482,2025-04-19,Limited Collection,Instagram,568.79,313.13,Cancelled
ORD_1351,CUST_216,2025-06-08,Limited Collection,Google Search,272.8,192.58,Completed
ORD_1352,CUST_1290,2024-09-13,Beauty,Partnership,565.73,385.37,Completed
ORD_1353,CUST_666,2024-02-04,Beauty,Instagram,530.78,264.61,Completed
ORD_1354,CUST_1070,2024-06-23,Accessories,LinkedIn,652.37,457.93,Completed
ORD_1355,CUST_1414,2024-01-05,Subscription Box,Partnership,283.87,147.0,Completed
ORD_1356,CUST_741,2025-04-29,Gift Card,Referral,377.64,199.69,Completed
ORD_1357,CUST_1383,2024-08-26,Premium Box,Google Search,151.14,111.02,Completed
ORD_1358,CUST_424,2024-04-16,Premium Box,Event Walk-in,221.43,105.84,Completed
ORD_1359,CUST_831,2024-12-21,Fashion,LinkedIn,169.35,118.02,Refunded
ORD_1360,CUST_810,2024-12-01,Beauty,Referral,588.52,225.8,Completed
ORD_1361,CUST_834,2024-01-14,Limited Collection,Google Search,147.09,57.55,Completed
ORD_1362,CUST_343,2025-01-13,Subscription Box,Instagram,202.92,129.61,Completed
ORD_1363,CUST_1023,2024-02-21,Limited Collection,TikTok,687.63,420.57,Completed
ORD_1364,CUST_974,2025-01-01,Fashion,LinkedIn,655.21,316.33,Completed
ORD_1365,CUST_376,2024-05-23,Gift Card,TikTok,105.97,50.41,Refunded
ORD_1366,CUST_1281,2025-03-02,Premium Box,Instagram,102.92,47.4,Cancelled
ORD_1367,CUST_77,2024-01-23,Limited Collection,Event Walk-in,305.22,180.04,Completed
ORD_1368,CUST_977,2025-04-12,Gift Card,Event Walk-in,314.97,216.63,Completed
ORD_1369,CUST_1024,2024-10-14,Fashion,Event Walk-in,546.26,226.58,Completed
ORD_1370,CUST_1103,2025-03-28,Fashion,Instagram,387.99,172.3,Completed
ORD_1371,CUST_709,2024-03-04,Beauty,Instagram,61.84,32.76,Completed
ORD_1372,CUST_759,2025-05-27,Gift Card,Referral,441.53,220.38,Completed
ORD_1373,CUST_1376,2025-04-27,Beauty,Google Search,474.47,274.91,Completed
ORD_1374,CUST_314,2024-01-22,Subscription Box,Instagram,60.79,35.57,Completed
ORD_1375,CUST_676,2024-11-19,Limited Collection,Instagram,433.68,289.57,Completed
ORD_1376,CUST_336,2025-06-02,Accessories,Instagram,259.33,126.29,Completed
ORD_1377,CUST_913,2024-07-27,Accessories,Google Search,446.0,249.44,Completed
ORD_1378,CUST_456,2024-05-18,Limited Collection,Instagram,260.55,185.75,Refunded
ORD_1379,CUST_470,2025-03-28,Limited Collection,Instagram,656.84,392.5,Refunded
ORD_1380,CUST_808,2025-03-12,Gift Card,TikTok,555.74,257.47,Completed
ORD_1381,CUST_35,2024-12-09,Accessories,Google Search,528.08,357.58,Cancelled
ORD_1382,CUST_620,2024-07-07,Subscription Box,LinkedIn,488.22,301.33,Completed
ORD_1383,CUST_909,2024-12-13,Gift Card,Google Search,635.86,373.65,Completed
ORD_1384,CUST_654,2024-11-27,Subscription Box,Event Walk-in,587.79,301.1,Completed
ORD_1385,CUST_136,2024-11-05,Premium Box,Event Walk-in,636.79,298.86,Completed
ORD_1386,CUST_691,2025-05-23,Fashion,Event Walk-in,159.62,110.75,Completed
ORD_1387,CUST_543,2024-03-31,Limited Collection,Referral,438.86,189.07,Completed
ORD_1388,CUST_245,2024-02-18,Beauty,Event Walk-in,22.73,8.29,Completed
ORD_1389,CUST_1051,2024-08-12,Premium Box,TikTok,354.22,164.44,Completed
ORD_1390,CUST_687,2024-12-23,Limited Collection,Partnership,286.22,176.67,Completed
ORD_1391,CUST_544,2025-04-26,Beauty,Event Walk-in,321.62,228.29,Completed
ORD_1392,CUST_959,2024-01-12,Accessories,LinkedIn,633.81,222.4,Completed
ORD_1393,CUST_1409,2024-03-29,Accessories,Instagram,520.9,270.15,Completed
ORD_1394,CUST_250,2025-03-20,Premium Box,Google Search,108.94,76.37,Completed
ORD_1395,CUST_582,2024-04-22,Gift Card,LinkedIn,429.76,235.18,Completed
ORD_1396,CUST_156,2024-08-14,Limited Collection,Referral,103.94,41.19,Completed
ORD_1397,CUST_1482,2025-01-19,Fashion,Instagram,230.52,168.53,Completed
ORD_1398,CUST_1292,2024-11-07,Beauty,Event Walk-in,525.78,349.01,Refunded
ORD_1399,CUST_31,2024-04-28,Fashion,Instagram,463.57,179.03,Completed
ORD_1400,CUST_1349,2025-06-18,Subscription Box,Referral,119.76,57.38,Completed
ORD_1401,CUST_1056,2024-12-12,Limited Collection,Event Walk-in,224.89,86.34,Completed
ORD_1402,CUST_1313,2024-04-27,Limited Collection,Referral,468.11,311.66,Completed
ORD_1403,CUST_510,2025-01-30,Accessories,TikTok,97.52,47.28,Completed
ORD_1404,CUST_1189,2024-12-09,Fashion,Google Search,548.17,388.68,Completed
ORD_1405,CUST_960,2024-08-26,Premium Box,TikTok,445.63,296.57,Completed
ORD_1406,CUST_263,2025-03-09,Accessories,Instagram,663.77,287.47,Completed
ORD_1407,CUST_100,2024-10-12,Beauty,TikTok,360.81,148.62,Completed
ORD_1408,CUST_672,2025-04-06,Accessories,LinkedIn,76.39,42.45,Completed
ORD_1409,CUST_1407,2024-01-01,Gift Card,Instagram,194.76,71.94,Completed
ORD_1410,CUST_1173,2024-02-29,Fashion,Google Search,41.53,17.33,Completed
ORD_1411,CUST_689,2024-01-05,Premium Box,TikTok,258.21,122.1,Completed
ORD_1412,CUST_966,2024-06-17,Beauty,Event Walk-in,107.91,58.23,Completed
ORD_1413,CUST_1287,2024-10-04,Beauty,Google Search,136.34,68.54,Completed
ORD_1414,CUST_438,2024-12-21,Subscription Box,Instagram,448.13,302.58,Completed
ORD_1415,CUST_347,2024-11-17,Fashion,LinkedIn,472.04,348.46,Completed
ORD_1416,CUST_604,2025-05-28,Fashion,Instagram,556.73,352.78,Completed
ORD_1417,CUST_1497,2025-05-13,Limited Collection,LinkedIn,380.72,176.47,Completed
ORD_1418,CUST_646,2024-12-04,Subscription Box,Partnership,525.87,369.38,Completed
ORD_1419,CUST_42,2025-04-05,Limited Collection,Google Search,159.38,78.52,Completed
ORD_1420,CUST_1326,2024-10-18,Subscription Box,Partnership,475.38,334.96,Completed
ORD_1421,CUST_1304,2024-02-11,Gift Card,TikTok,16.05,6.1,Refunded
ORD_1422,CUST_691,2024-10-03,Accessories,Event Walk-in,220.04,159.25,Completed
ORD_1423,CUST_1024,2024-09-19,Limited Collection,Event Walk-in,430.65,162.21,Cancelled
ORD_1424,CUST_559,2024-07-28,Fashion,TikTok,593.82,211.48,Cancelled
ORD_1425,CUST_675,2024-10-17,Limited Collection,Google Search,133.69,92.02,Completed
ORD_1426,CUST_884,2025-06-21,Fashion,Google Search,495.76,274.17,Completed
ORD_1427,CUST_765,2024-03-12,Fashion,LinkedIn,224.59,158.89,Cancelled
ORD_1428,CUST_1402,2025-03-02,Limited Collection,Event Walk-in,82.47,58.3,Completed
ORD_1429,CUST_468,2024-04-05,Limited Collection,Google Search,213.73,145.06,Completed
ORD_1430,CUST_232,2024-08-09,Beauty,Referral,309.9,208.86,Refunded
ORD_1431,CUST_367,2024-07-14,Fashion,TikTok,662.16,291.18,Completed
ORD_1432,CUST_1476,2024-06-21,Premium Box,Partnership,229.05,82.18,Completed
ORD_1433,CUST_738,2024-10-21,Fashion,Event Walk-in,335.61,219.59,Completed
ORD_1434,CUST_427,2024-08-31,Gift Card,Referral,605.0,301.43,Completed
ORD_1435,CUST_293,2024-12-21,Fashion,Referral,350.7,262.2,Completed
ORD_1436,CUST_801,2024-01-28,Gift Card,Event Walk-in,559.8,322.64,Refunded
ORD_1437,CUST_390,2024-10-11,Fashion,Partnership,53.35,20.43,Completed
ORD_1438,CUST_753,2024-03-02,Premium Box,Partnership,499.34,189.51,Completed
ORD_1439,CUST_78,2024-02-28,Limited Collection,Google Search,578.52,396.57,Completed
ORD_1440,CUST_46,2025-01-19,Accessories,Partnership,375.91,265.54,Completed
ORD_1441,CUST_50,2024-11-29,Limited Collection,Referral,448.2,180.33,Completed
ORD_1442,CUST_235,2024-01-27,Limited Collection,TikTok,620.82,319.42,Completed
ORD_1443,CUST_125,2024-08-08,Gift Card,Partnership,275.31,114.59,Completed
ORD_1444,CUST_1212,2024-10-05,Accessories,Referral,277.28,164.63,Completed
ORD_1445,CUST_376,2025-06-29,Beauty,TikTok,407.23,209.73,Completed
ORD_1446,CUST_846,2024-03-28,Limited Collection,Partnership,147.87,103.79,Completed
ORD_1447,CUST_342,2025-03-21,Premium Box,TikTok,501.7,342.03,Completed
ORD_1448,CUST_56,2024-12-06,Accessories,Google Search,137.63,69.68,Refunded
ORD_1449,CUST_389,2024-09-08,Accessories,Google Search,272.02,174.51,Refunded
ORD_1450,CUST_1386,2025-06-06,Fashion,LinkedIn,541.0,259.86,Completed
ORD_1451,CUST_1375,2025-02-24,Limited Collection,Event Walk-in,467.07,206.23,Completed
ORD_1452,CUST_149,2024-05-07,Fashion,Partnership,217.51,155.98,Completed
ORD_1453,CUST_1488,2025-01-19,Gift Card,TikTok,497.19,225.86,Completed
ORD_1454,CUST_1188,2024-09-01,Beauty,Instagram,315.5,235.22,Completed
ORD_1455,CUST_401,2025-04-20,Fashion,LinkedIn,312.44,114.7,Completed
ORD_1456,CUST_1247,2024-08-11,Fashion,TikTok,605.82,317.12,Completed
ORD_1457,CUST_876,2025-06-21,Fashion,TikTok,607.1,310.93,Completed
ORD_1458,CUST_1275,2025-03-09,Beauty,Partnership,80.63,45.68,Completed
ORD_1459,CUST_702,2024-06-25,Accessories,TikTok,470.68,330.6,Completed
ORD_1460,CUST_1359,2025-06-27,Limited Collection,LinkedIn,46.23,28.07,Completed
ORD_1461,CUST_1135,2024-04-29,Beauty,Partnership,662.42,442.97,Completed
ORD_1462,CUST_663,2025-04-19,Premium Box,LinkedIn,32.18,20.18,Completed
ORD_1463,CUST_8,2025-01-06,Subscription Box,Partnership,243.71,119.58,Completed
ORD_1464,CUST_268,2024-01-31,Premium Box,TikTok,400.84,229.63,Cancelled
ORD_1465,CUST_1134,2024-09-29,Accessories,TikTok,66.39,46.15,Completed
ORD_1466,CUST_580,2025-02-02,Premium Box,Event Walk-in,135.0,78.85,Completed
ORD_1467,CUST_256,2024-01-20,Fashion,Referral,160.21,62.42,Completed
ORD_1468,CUST_1375,2024-05-22,Subscription Box,Event Walk-in,500.72,221.78,Cancelled
ORD_1469,CUST_1318,2025-03-30,Premium Box,TikTok,49.03,27.88,Completed
ORD_1470,CUST_762,2024-04-04,Beauty,Partnership,686.49,289.98,Completed
ORD_1471,CUST_488,2024-11-01,Subscription Box,Google Search,373.52,208.64,Completed
ORD_1472,CUST_94,2024-11-04,Subscription Box,Instagram,689.72,305.09,Cancelled
ORD_1473,CUST_658,2024-12-27,Fashion,Instagram,428.94,273.51,Completed
ORD_1474,CUST_1434,2024-03-06,Accessories,Partnership,242.07,96.59,Completed
ORD_1475,CUST_47,2024-01-19,Subscription Box,LinkedIn,439.49,168.17,Completed
ORD_1476,CUST_233,2024-09-27,Fashion,Instagram,540.1,297.57,Completed
ORD_1477,CUST_17,2024-01-22,Accessories,Referral,74.58,35.43,Completed
ORD_1478,CUST_436,2024-11-03,Accessories,Instagram,422.29,302.92,Refunded
ORD_1479,CUST_1077,2025-03-08,Beauty,Google Search,593.85,353.34,Completed
ORD_1480,CUST_181,2025-01-18,Beauty,Google Search,586.59,370.5,Completed
ORD_1481,CUST_404,2025-03-07,Accessories,Referral,622.59,352.89,Completed
ORD_1482,CUST_456,2025-04-12,Subscription Box,Instagram,66.35,30.41,Completed
ORD_1483,CUST_387,2024-08-10,Subscription Box,TikTok,210.13,104.16,Completed
ORD_1484,CUST_1341,2024-02-19,Premium Box,Instagram,268.35,118.84,Refunded
ORD_1485,CUST_1117,2025-02-03,Gift Card,Instagram,605.93,442.39,Completed
ORD_1486,CUST_133,2024-12-31,Gift Card,Event Walk-in,59.61,22.24,Completed
ORD_1487,CUST_164,2024-09-19,Gift Card,TikTok,528.25,267.75,Completed
ORD_1488,CUST_1394,2024-01-15,Subscription Box,Instagram,96.53,56.79,Completed
ORD_1489,CUST_924,2024-11-24,Premium Box,TikTok,115.02,74.89,Completed
ORD_1490,CUST_130,2025-05-20,Fashion,TikTok,573.31,282.6,Completed
ORD_1491,CUST_77,2024-12-21,Subscription Box,Event Walk-in,697.09,321.34,Completed
ORD_1492,CUST_583,2024-04-14,Beauty,Instagram,299.48,219.05,Completed
ORD_1493,CUST_514,2024-02-29,Subscription Box,Event Walk-in,156.38,101.32,Completed
ORD_1494,CUST_626,2024-08-27,Premium Box,Google Search,683.58,428.54,Completed
ORD_1495,CUST_1370,2024-02-13,Gift Card,Instagram,62.49,29.18,Completed
ORD_1496,CUST_698,2025-03-07,Gift Card,TikTok,598.75,402.62,Completed
ORD_1497,CUST_953,2024-04-15,Limited Collection,Event Walk-in,276.6,106.38,Completed
ORD_1498,CUST_1054,2024-05-29,Premium Box,TikTok,474.86,348.51,Completed
ORD_1499,CUST_583,2025-03-04,Premium Box,Instagram,316.72,163.08,Completed
ORD_1500,CUST_974,2024-08-22,Accessories,LinkedIn,594.95,302.66,Completed
ORD_1501,CUST_1477,2025-03-05,Fashion,Referral,20.34,14.29,Completed
ORD_1502,CUST_1314,2025-04-03,Beauty,Event Walk-in,357.84,264.1,Refunded
ORD_1503,CUST_595,2024-12-17,Accessories,Partnership,15.38,8.69,Completed
ORD_1504,CUST_1242,2024-07-27,Beauty,TikTok,52.48,25.94,Completed
ORD_1505,CUST_463,2025-03-21,Fashion,Event Walk-in,234.31,82.02,Completed
ORD_1506,CUST_525,2024-09-23,Beauty,Event Walk-in,560.01,258.8,Completed
ORD_1507,CUST_783,2024-01-06,Fashion,LinkedIn,263.91,123.31,Completed
ORD_1508,CUST_1011,2024-05-11,Beauty,Referral,521.23,271.21,Completed
ORD_1509,CUST_752,2024-05-15,Gift Card,Referral,46.14,18.69,Completed
ORD_1510,CUST_302,2024-02-28,Fashion,Referral,368.86,133.6,Completed
ORD_1511,CUST_700,2024-08-16,Fashion,TikTok,419.69,302.28,Completed
ORD_1512,CUST_1220,2025-02-12,Premium Box,LinkedIn,375.81,257.79,Completed
ORD_1513,CUST_1449,2024-01-18,Subscription Box,Google Search,489.38,329.0,Completed
ORD_1514,CUST_989,2025-01-16,Beauty,Partnership,507.29,261.5,Completed
ORD_1515,CUST_374,2024-03-20,Accessories,Event Walk-in,521.27,302.99,Completed
ORD_1516,CUST_1076,2025-06-03,Beauty,LinkedIn,646.73,252.89,Completed
ORD_1517,CUST_1008,2025-02-28,Beauty,Partnership,339.87,207.72,Cancelled
ORD_1518,CUST_334,2025-04-16,Accessories,Event Walk-in,226.66,168.18,Completed
ORD_1519,CUST_1483,2024-04-19,Subscription Box,Partnership,563.32,278.72,Completed
ORD_1520,CUST_38,2024-08-30,Beauty,Instagram,646.51,379.61,Completed
ORD_1521,CUST_397,2024-06-03,Fashion,TikTok,539.42,281.35,Completed
ORD_1522,CUST_1465,2025-02-28,Accessories,Event Walk-in,329.19,168.38,Completed
ORD_1523,CUST_969,2025-06-17,Premium Box,LinkedIn,94.38,46.86,Completed
ORD_1524,CUST_98,2025-01-22,Premium Box,Partnership,73.56,50.21,Completed
ORD_1525,CUST_1064,2024-08-02,Gift Card,Instagram,178.76,101.22,Completed
ORD_1526,CUST_489,2024-05-15,Beauty,Referral,560.2,367.51,Completed
ORD_1527,CUST_549,2025-06-09,Fashion,Referral,561.77,276.34,Completed
ORD_1528,CUST_292,2024-04-07,Limited Collection,Referral,115.25,73.67,Completed
ORD_1529,CUST_206,2024-03-26,Subscription Box,TikTok,486.94,174.84,Completed
ORD_1530,CUST_1414,2024-12-08,Accessories,Partnership,309.56,172.07,Completed
ORD_1531,CUST_772,2024-03-30,Beauty,Partnership,164.98,83.06,Refunded
ORD_1532,CUST_171,2025-01-11,Fashion,Event Walk-in,363.95,254.72,Completed
ORD_1533,CUST_696,2024-07-14,Gift Card,Referral,316.8,126.97,Completed
ORD_1534,CUST_627,2024-01-16,Subscription Box,Partnership,114.14,71.22,Completed
ORD_1535,CUST_688,2025-04-25,Limited Collection,Referral,460.61,314.13,Completed
ORD_1536,CUST_867,2024-11-07,Accessories,TikTok,72.1,50.95,Cancelled
ORD_1537,CUST_59,2024-12-16,Gift Card,LinkedIn,303.35,133.2,Completed
ORD_1538,CUST_1176,2025-04-29,Premium Box,Partnership,609.09,361.88,Completed
ORD_1539,CUST_696,2025-01-20,Beauty,Referral,417.31,150.0,Completed
ORD_1540,CUST_768,2025-02-24,Premium Box,TikTok,435.05,157.76,Completed
ORD_1541,CUST_291,2024-04-14,Premium Box,Instagram,36.77,19.1,Completed
ORD_1542,CUST_476,2024-05-19,Fashion,Referral,644.4,236.71,Completed
ORD_1543,CUST_673,2025-01-10,Gift Card,Event Walk-in,676.56,457.91,Cancelled
ORD_1544,CUST_837,2024-10-01,Fashion,Partnership,308.28,156.43,Completed
ORD_1545,CUST_608,2025-03-31,Accessories,Event Walk-in,481.05,330.23,Completed
ORD_1546,CUST_173,2024-06-25,Beauty,TikTok,246.53,102.86,Cancelled
ORD_1547,CUST_526,2024-02-18,Beauty,Referral,355.16,165.38,Completed
ORD_1548,CUST_787,2024-07-01,Beauty,Event Walk-in,349.98,152.55,Completed
ORD_1549,CUST_1331,2025-04-05,Fashion,Google Search,348.74,186.69,Completed
ORD_1550,CUST_1166,2025-01-29,Accessories,Google Search,137.1,83.95,Completed
ORD_1551,CUST_96,2024-08-10,Gift Card,Google Search,416.98,151.55,Completed
ORD_1552,CUST_796,2024-12-30,Fashion,Partnership,220.61,157.78,Completed
ORD_1553,CUST_86,2025-04-07,Gift Card,Partnership,337.18,210.54,Completed
ORD_1554,CUST_377,2024-03-08,Fashion,Referral,507.16,320.85,Completed
ORD_1555,CUST_402,2024-05-16,Limited Collection,Event Walk-in,409.12,219.61,Completed
ORD_1556,CUST_193,2024-01-09,Subscription Box,Google Search,196.98,74.98,Completed
ORD_1557,CUST_1434,2024-08-05,Gift Card,Partnership,345.7,152.78,Completed
ORD_1558,CUST_307,2025-04-27,Premium Box,Event Walk-in,521.59,242.29,Completed
ORD_1559,CUST_967,2024-05-08,Fashion,Partnership,133.62,84.84,Completed
ORD_1560,CUST_965,2024-04-29,Gift Card,Google Search,56.3,22.26,Completed
ORD_1561,CUST_521,2025-05-25,Subscription Box,Event Walk-in,513.88,203.26,Completed
ORD_1562,CUST_1299,2024-09-08,Fashion,LinkedIn,210.55,78.65,Completed
ORD_1563,CUST_720,2024-02-11,Limited Collection,Instagram,526.59,283.17,Refunded
ORD_1564,CUST_779,2024-02-01,Gift Card,Partnership,507.91,180.48,Completed
ORD_1565,CUST_1211,2025-02-05,Fashion,LinkedIn,357.66,183.43,Completed
ORD_1566,CUST_627,2024-12-05,Beauty,Partnership,83.37,59.37,Completed
ORD_1567,CUST_22,2024-02-17,Accessories,LinkedIn,176.04,87.38,Completed
ORD_1568,CUST_396,2025-01-31,Premium Box,Instagram,205.3,108.7,Completed
ORD_1569,CUST_650,2025-02-14,Gift Card,Instagram,375.01,187.53,Completed
ORD_1570,CUST_613,2024-01-22,Beauty,Event Walk-in,368.62,179.82,Completed
ORD_1571,CUST_275,2025-01-01,Beauty,Referral,353.5,238.45,Completed
ORD_1572,CUST_420,2024-07-04,Beauty,LinkedIn,645.08,343.38,Completed
ORD_1573,CUST_412,2025-06-26,Beauty,Event Walk-in,515.09,313.42,Completed
ORD_1574,CUST_738,2024-07-06,Gift Card,Event Walk-in,416.95,286.56,Completed
ORD_1575,CUST_1124,2024-06-19,Accessories,Partnership,230.62,120.82,Completed
ORD_1576,CUST_617,2024-07-04,Accessories,Referral,33.0,18.27,Completed
ORD_1577,CUST_1383,2024-01-23,Premium Box,Google Search,132.33,70.21,Completed
ORD_1578,CUST_520,2025-02-23,Limited Collection,Partnership,685.1,402.28,Completed
ORD_1579,CUST_1268,2025-03-22,Accessories,Instagram,618.68,384.38,Completed
ORD_1580,CUST_212,2025-02-12,Accessories,Instagram,695.2,487.87,Completed
ORD_1581,CUST_826,2024-12-26,Limited Collection,Google Search,209.39,156.87,Cancelled
ORD_1582,CUST_211,2024-04-12,Accessories,Partnership,496.42,361.06,Completed
ORD_1583,CUST_130,2024-03-15,Beauty,TikTok,528.32,194.97,Refunded
ORD_1584,CUST_296,2024-10-29,Accessories,Instagram,545.81,244.18,Completed
ORD_1585,CUST_724,2024-09-22,Premium Box,LinkedIn,690.46,411.63,Completed
ORD_1586,CUST_1279,2024-03-08,Fashion,TikTok,407.31,270.53,Completed
ORD_1587,CUST_687,2025-06-05,Accessories,Partnership,293.64,106.22,Completed
ORD_1588,CUST_660,2025-04-21,Limited Collection,LinkedIn,532.1,210.09,Completed
ORD_1589,CUST_447,2024-05-03,Limited Collection,Event Walk-in,515.86,242.39,Completed
ORD_1590,CUST_67,2024-06-16,Beauty,Google Search,70.59,40.94,Completed
ORD_1591,CUST_143,2024-09-29,Gift Card,Google Search,680.51,245.19,Completed
ORD_1592,CUST_953,2024-10-23,Accessories,Event Walk-in,231.8,116.89,Completed
ORD_1593,CUST_1005,2024-11-05,Limited Collection,Referral,575.3,343.43,Completed
ORD_1594,CUST_1434,2024-12-29,Subscription Box,Partnership,340.5,237.24,Completed
ORD_1595,CUST_244,2024-11-13,Accessories,LinkedIn,430.69,228.68,Cancelled
ORD_1596,CUST_263,2024-03-23,Gift Card,Instagram,699.92,326.09,Completed
ORD_1597,CUST_953,2024-04-30,Gift Card,Event Walk-in,259.03,185.94,Completed
ORD_1598,CUST_1401,2024-05-23,Limited Collection,Instagram,331.99,166.3,Completed
ORD_1599,CUST_1359,2024-04-05,Accessories,LinkedIn,256.48,139.35,Completed
ORD_1600,CUST_152,2024-02-26,Premium Box,Partnership,160.32,61.26,Completed
ORD_1601,CUST_1078,2024-07-26,Subscription Box,Partnership,225.98,92.71,Completed
ORD_1602,CUST_570,2024-10-03,Beauty,Referral,213.94,136.59,Refunded
ORD_1603,CUST_859,2024-05-12,Premium Box,Google Search,198.74,88.99,Completed
ORD_1604,CUST_656,2024-10-15,Gift Card,Partnership,292.72,154.53,Completed
ORD_1605,CUST_456,2024-05-15,Beauty,Instagram,214.52,98.73,Completed
ORD_1606,CUST_543,2024-12-26,Accessories,Referral,534.41,191.7,Completed
ORD_1607,CUST_31,2024-05-30,Accessories,Instagram,574.76,337.43,Completed
ORD_1608,CUST_295,2024-04-24,Subscription Box,Instagram,76.44,33.24,Completed
ORD_1609,CUST_941,2024-06-25,Subscription Box,Referral,608.99,387.22,Cancelled
ORD_1610,CUST_1469,2025-02-27,Subscription Box,Partnership,396.59,235.06,Completed
ORD_1611,CUST_199,2024-08-10,Fashion,Instagram,109.88,73.36,Refunded
ORD_1612,CUST_681,2025-04-16,Limited Collection,Event Walk-in,193.16,89.14,Completed
ORD_1613,CUST_1235,2024-08-06,Accessories,Instagram,621.08,356.16,Completed
ORD_1614,CUST_625,2025-02-08,Beauty,Partnership,15.28,9.59,Completed
ORD_1615,CUST_131,2025-05-05,Accessories,Event Walk-in,473.54,321.79,Cancelled
ORD_1616,CUST_949,2024-08-05,Limited Collection,TikTok,604.83,226.79,Completed
ORD_1617,CUST_400,2024-03-30,Subscription Box,LinkedIn,330.1,173.61,Completed
ORD_1618,CUST_705,2024-07-13,Limited Collection,Event Walk-in,449.95,302.54,Refunded
ORD_1619,CUST_1332,2025-06-13,Gift Card,Referral,152.67,103.69,Completed
ORD_1620,CUST_546,2024-03-26,Limited Collection,Event Walk-in,198.4,72.5,Completed
ORD_1621,CUST_344,2024-08-03,Gift Card,TikTok,273.77,103.97,Completed
ORD_1622,CUST_1193,2025-03-29,Beauty,Google Search,379.45,218.9,Completed
ORD_1623,CUST_1217,2024-11-06,Limited Collection,Event Walk-in,369.77,259.52,Completed
ORD_1624,CUST_1143,2024-11-25,Accessories,Event Walk-in,150.7,89.49,Completed
ORD_1625,CUST_452,2024-02-07,Premium Box,Instagram,80.83,59.75,Completed
ORD_1626,CUST_1277,2024-12-20,Fashion,Event Walk-in,296.35,197.45,Completed
ORD_1627,CUST_846,2024-09-28,Premium Box,Partnership,47.57,19.49,Completed
ORD_1628,CUST_1447,2025-05-29,Accessories,Instagram,441.49,221.54,Completed
ORD_1629,CUST_346,2025-02-20,Beauty,Referral,534.39,209.31,Completed
ORD_1630,CUST_151,2025-02-06,Beauty,Referral,241.11,170.59,Completed
ORD_1631,CUST_868,2024-06-30,Accessories,TikTok,681.11,242.87,Completed
ORD_1632,CUST_906,2025-06-01,Subscription Box,LinkedIn,570.5,269.98,Completed
ORD_1633,CUST_387,2024-11-08,Accessories,TikTok,122.4,70.77,Refunded
ORD_1634,CUST_1374,2025-02-23,Subscription Box,TikTok,541.5,330.81,Completed
ORD_1635,CUST_1350,2024-12-25,Fashion,Event Walk-in,429.52,174.34,Completed
ORD_1636,CUST_931,2024-10-01,Limited Collection,LinkedIn,495.07,210.67,Completed
ORD_1637,CUST_1287,2024-12-17,Beauty,Google Search,25.77,14.79,Completed
ORD_1638,CUST_361,2024-03-12,Accessories,Partnership,545.15,349.15,Completed
ORD_1639,CUST_1445,2024-08-05,Beauty,LinkedIn,27.27,17.75,Completed
ORD_1640,CUST_8,2024-11-25,Accessories,Partnership,591.83,404.43,Completed
ORD_1641,CUST_256,2024-01-04,Fashion,Referral,329.95,159.75,Completed
ORD_1642,CUST_1237,2024-05-25,Beauty,TikTok,327.06,120.12,Completed
ORD_1643,CUST_899,2025-06-17,Gift Card,TikTok,191.37,74.53,Cancelled
ORD_1644,CUST_839,2024-10-31,Limited Collection,Referral,172.27,95.41,Completed
ORD_1645,CUST_108,2024-03-21,Beauty,Instagram,336.85,214.77,Cancelled
ORD_1646,CUST_939,2025-01-01,Limited Collection,TikTok,168.22,61.61,Completed
ORD_1647,CUST_528,2025-06-16,Limited Collection,Partnership,545.14,318.93,Completed
ORD_1648,CUST_979,2024-01-25,Limited Collection,Referral,670.33,373.07,Completed
ORD_1649,CUST_93,2024-07-08,Beauty,TikTok,212.9,83.46,Completed
ORD_1650,CUST_508,2024-06-17,Gift Card,Google Search,186.25,91.39,Cancelled
ORD_1651,CUST_706,2024-11-12,Fashion,TikTok,611.28,383.43,Completed
ORD_1652,CUST_542,2025-03-12,Premium Box,Instagram,40.22,16.54,Refunded
ORD_1653,CUST_535,2025-03-25,Fashion,Google Search,677.97,442.33,Completed
ORD_1654,CUST_1377,2025-02-17,Subscription Box,Google Search,618.65,418.87,Completed
ORD_1655,CUST_123,2024-06-11,Limited Collection,Referral,304.37,165.58,Completed
ORD_1656,CUST_627,2025-02-22,Premium Box,Partnership,205.67,96.36,Completed
ORD_1657,CUST_657,2024-01-19,Gift Card,Instagram,24.96,12.96,Completed
ORD_1658,CUST_981,2025-05-07,Premium Box,Event Walk-in,311.47,120.85,Completed
ORD_1659,CUST_191,2024-10-27,Limited Collection,Google Search,589.2,370.24,Completed
ORD_1660,CUST_77,2024-07-08,Accessories,Event Walk-in,278.87,99.43,Completed
ORD_1661,CUST_369,2024-12-24,Limited Collection,TikTok,167.32,86.43,Completed
ORD_1662,CUST_162,2024-04-28,Beauty,Event Walk-in,603.78,261.22,Completed
ORD_1663,CUST_1380,2025-01-07,Accessories,Instagram,628.07,314.99,Refunded
ORD_1664,CUST_254,2024-02-23,Fashion,LinkedIn,565.81,336.17,Completed
ORD_1665,CUST_890,2024-08-15,Accessories,Event Walk-in,312.15,136.28,Completed
ORD_1666,CUST_227,2024-07-22,Premium Box,TikTok,651.09,351.21,Completed
ORD_1667,CUST_990,2025-02-02,Premium Box,Event Walk-in,458.57,276.83,Completed
ORD_1668,CUST_1416,2025-04-21,Fashion,Referral,415.29,208.18,Completed
ORD_1669,CUST_128,2024-12-02,Premium Box,Referral,504.85,315.23,Completed
ORD_1670,CUST_750,2024-01-24,Beauty,Instagram,23.58,9.91,Completed
ORD_1671,CUST_370,2024-10-01,Limited Collection,Referral,34.68,15.48,Completed
ORD_1672,CUST_484,2024-05-02,Fashion,Event Walk-in,125.28,50.79,Completed
ORD_1673,CUST_167,2024-09-23,Subscription Box,Instagram,45.89,17.09,Completed
ORD_1674,CUST_118,2025-05-20,Beauty,Instagram,207.32,73.46,Completed
ORD_1675,CUST_753,2024-12-21,Accessories,Partnership,553.99,374.89,Completed
ORD_1676,CUST_653,2024-08-20,Beauty,Google Search,90.79,35.17,Completed
ORD_1677,CUST_1272,2024-11-28,Subscription Box,Google Search,445.87,249.87,Completed
ORD_1678,CUST_1456,2024-01-01,Beauty,Event Walk-in,202.49,78.15,Completed
ORD_1679,CUST_1061,2024-10-18,Subscription Box,Referral,150.78,86.02,Completed
ORD_1680,CUST_645,2024-12-27,Limited Collection,LinkedIn,168.13,120.96,Completed
ORD_1681,CUST_1296,2025-02-05,Fashion,TikTok,222.39,138.8,Completed
ORD_1682,CUST_1430,2024-06-01,Limited Collection,TikTok,630.79,278.83,Completed
ORD_1683,CUST_258,2024-07-23,Limited Collection,LinkedIn,402.99,282.49,Completed
ORD_1684,CUST_887,2025-06-28,Gift Card,Referral,81.4,60.31,Cancelled
ORD_1685,CUST_651,2025-02-20,Premium Box,TikTok,141.7,73.87,Completed
ORD_1686,CUST_985,2025-06-25,Fashion,Partnership,642.06,302.96,Completed
ORD_1687,CUST_1183,2025-02-13,Gift Card,Partnership,641.66,234.76,Completed
ORD_1688,CUST_1481,2024-07-03,Limited Collection,Event Walk-in,509.32,337.3,Completed
ORD_1689,CUST_1295,2024-11-15,Gift Card,LinkedIn,359.04,200.05,Completed
ORD_1690,CUST_501,2024-11-17,Beauty,Google Search,45.92,24.97,Completed
ORD_1691,CUST_1063,2025-03-11,Fashion,Google Search,690.02,468.44,Refunded
ORD_1692,CUST_1006,2024-04-07,Premium Box,Instagram,520.11,252.47,Completed
ORD_1693,CUST_98,2024-08-27,Gift Card,Partnership,591.58,252.47,Completed
ORD_1694,CUST_131,2025-04-16,Gift Card,Event Walk-in,556.04,269.96,Completed
ORD_1695,CUST_987,2024-09-23,Gift Card,Event Walk-in,290.69,106.98,Completed
ORD_1696,CUST_1118,2024-01-30,Fashion,Referral,298.95,107.76,Refunded
ORD_1697,CUST_568,2024-12-23,Fashion,LinkedIn,660.18,463.9,Completed
ORD_1698,CUST_877,2024-10-27,Subscription Box,TikTok,554.38,267.03,Completed
ORD_1699,CUST_1031,2025-03-29,Limited Collection,Google Search,345.91,141.79,Completed
ORD_1700,CUST_415,2024-08-20,Limited Collection,Google Search,341.37,210.26,Refunded
ORD_1701,CUST_1024,2025-04-30,Gift Card,Event Walk-in,262.12,147.46,Completed
ORD_1702,CUST_1346,2024-03-26,Fashion,Referral,390.92,202.56,Refunded
ORD_1703,CUST_101,2025-06-04,Accessories,TikTok,605.79,352.41,Completed
ORD_1704,CUST_738,2024-12-22,Subscription Box,Event Walk-in,494.28,197.0,Completed
ORD_1705,CUST_1433,2025-01-02,Subscription Box,Google Search,171.75,103.94,Completed
ORD_1706,CUST_1196,2024-10-30,Limited Collection,TikTok,357.07,181.27,Completed
ORD_1707,CUST_271,2025-06-19,Accessories,Google Search,185.19,138.46,Completed
ORD_1708,CUST_137,2024-11-11,Fashion,Partnership,431.61,321.84,Completed
ORD_1709,CUST_781,2025-05-26,Fashion,Event Walk-in,608.03,390.63,Completed
ORD_1710,CUST_501,2025-06-08,Subscription Box,Google Search,223.14,149.38,Completed
ORD_1711,CUST_193,2025-06-14,Premium Box,Google Search,257.94,163.17,Completed
ORD_1712,CUST_1444,2024-12-23,Subscription Box,Google Search,469.49,242.76,Completed
ORD_1713,CUST_55,2024-11-27,Gift Card,Referral,291.56,177.39,Refunded
ORD_1714,CUST_1014,2024-06-13,Beauty,Instagram,421.03,239.48,Completed
ORD_1715,CUST_467,2024-07-23,Premium Box,TikTok,459.64,222.81,Completed
ORD_1716,CUST_1077,2024-02-04,Gift Card,Google Search,58.62,20.72,Completed
ORD_1717,CUST_1149,2025-06-20,Accessories,Google Search,456.86,252.36,Completed
ORD_1718,CUST_1371,2024-11-11,Gift Card,Partnership,368.02,243.27,Completed
ORD_1719,CUST_468,2025-02-17,Gift Card,Google Search,72.9,40.04,Completed
ORD_1720,CUST_200,2024-01-12,Subscription Box,LinkedIn,515.16,317.58,Completed
ORD_1721,CUST_332,2024-11-13,Premium Box,LinkedIn,326.42,154.45,Completed
ORD_1722,CUST_1448,2024-04-12,Accessories,Instagram,514.2,248.79,Completed
ORD_1723,CUST_911,2024-11-17,Gift Card,TikTok,432.57,263.38,Cancelled
ORD_1724,CUST_849,2024-07-09,Subscription Box,TikTok,462.22,185.96,Cancelled
ORD_1725,CUST_348,2025-05-28,Accessories,Event Walk-in,205.58,104.6,Completed
ORD_1726,CUST_701,2025-01-24,Premium Box,Referral,289.48,168.06,Completed
ORD_1727,CUST_827,2025-04-12,Accessories,Google Search,69.59,51.1,Completed
ORD_1728,CUST_168,2024-12-10,Beauty,Event Walk-in,626.93,340.67,Completed
ORD_1729,CUST_220,2024-10-13,Premium Box,Referral,689.93,320.15,Completed
ORD_1730,CUST_430,2025-03-27,Limited Collection,TikTok,166.34,102.27,Completed
ORD_1731,CUST_15,2025-03-05,Beauty,Instagram,399.05,215.76,Completed
ORD_1732,CUST_291,2024-04-13,Premium Box,Instagram,372.81,254.78,Completed
ORD_1733,CUST_1154,2025-02-10,Fashion,Referral,378.03,280.97,Completed
ORD_1734,CUST_1405,2024-04-26,Fashion,Partnership,451.49,261.47,Cancelled
ORD_1735,CUST_1232,2025-06-14,Accessories,Google Search,258.37,127.76,Completed
ORD_1736,CUST_426,2025-01-15,Beauty,Google Search,56.1,39.51,Completed
ORD_1737,CUST_129,2025-05-21,Fashion,Referral,685.07,352.05,Completed
ORD_1738,CUST_930,2025-05-20,Accessories,Instagram,368.07,178.27,Completed
ORD_1739,CUST_1402,2024-06-16,Accessories,Event Walk-in,153.11,108.62,Completed
ORD_1740,CUST_662,2024-09-10,Accessories,Partnership,686.92,261.13,Completed
ORD_1741,CUST_682,2024-07-27,Beauty,Referral,604.59,251.25,Completed
ORD_1742,CUST_840,2024-01-11,Fashion,Google Search,458.6,220.89,Refunded
ORD_1743,CUST_1399,2024-01-28,Beauty,Google Search,106.32,75.56,Completed
ORD_1744,CUST_1084,2025-06-19,Beauty,TikTok,659.9,484.93,Completed
ORD_1745,CUST_420,2024-10-01,Limited Collection,LinkedIn,388.81,281.9,Completed
ORD_1746,CUST_470,2024-03-10,Accessories,Instagram,325.03,238.25,Completed
ORD_1747,CUST_1492,2024-03-27,Fashion,TikTok,607.9,284.61,Completed
ORD_1748,CUST_1011,2024-02-16,Subscription Box,Referral,339.74,129.55,Completed
ORD_1749,CUST_452,2025-04-09,Subscription Box,Instagram,349.45,261.88,Completed
ORD_1750,CUST_336,2024-09-21,Gift Card,Instagram,491.47,299.75,Completed
ORD_1751,CUST_1473,2024-11-16,Gift Card,Instagram,611.77,377.88,Completed
ORD_1752,CUST_1483,2025-03-22,Fashion,Partnership,81.05,35.45,Cancelled
ORD_1753,CUST_559,2024-10-07,Beauty,TikTok,583.54,303.26,Completed
ORD_1754,CUST_549,2025-05-27,Fashion,Referral,627.5,265.41,Completed
ORD_1755,CUST_1267,2024-03-10,Beauty,Instagram,18.88,9.72,Completed
ORD_1756,CUST_50,2024-06-06,Accessories,Referral,35.03,18.68,Refunded
ORD_1757,CUST_762,2025-05-04,Gift Card,Partnership,193.09,101.3,Completed
ORD_1758,CUST_381,2024-01-26,Gift Card,Google Search,18.39,8.32,Completed
ORD_1759,CUST_12,2024-07-03,Premium Box,Partnership,114.27,63.5,Completed
ORD_1760,CUST_911,2025-01-06,Premium Box,TikTok,266.54,165.34,Completed
ORD_1761,CUST_72,2024-07-16,Premium Box,Instagram,467.77,311.48,Completed
ORD_1762,CUST_1427,2024-06-16,Accessories,Event Walk-in,24.81,10.27,Completed
ORD_1763,CUST_387,2024-11-13,Gift Card,TikTok,409.7,290.33,Completed
ORD_1764,CUST_431,2024-06-25,Premium Box,LinkedIn,342.11,247.51,Completed
ORD_1765,CUST_590,2024-04-20,Gift Card,LinkedIn,436.89,303.85,Completed
ORD_1766,CUST_1028,2024-10-26,Premium Box,Google Search,337.93,149.85,Completed
ORD_1767,CUST_1121,2024-05-14,Subscription Box,Partnership,455.81,217.27,Completed
ORD_1768,CUST_1167,2024-06-27,Limited Collection,TikTok,559.15,290.89,Completed
ORD_1769,CUST_675,2024-05-14,Subscription Box,Google Search,580.48,320.32,Completed
ORD_1770,CUST_131,2024-08-29,Gift Card,Event Walk-in,351.81,238.74,Completed
ORD_1771,CUST_546,2025-06-19,Gift Card,Event Walk-in,135.65,67.07,Completed
ORD_1772,CUST_998,2024-01-27,Limited Collection,Google Search,220.74,142.19,Refunded
ORD_1773,CUST_892,2024-09-03,Beauty,Google Search,518.48,257.61,Completed
ORD_1774,CUST_1266,2024-11-05,Subscription Box,Event Walk-in,65.17,25.77,Completed
ORD_1775,CUST_174,2024-12-24,Beauty,LinkedIn,422.43,300.31,Completed
ORD_1776,CUST_1260,2025-01-03,Subscription Box,Referral,554.75,226.42,Refunded
ORD_1777,CUST_606,2024-06-25,Limited Collection,Instagram,617.37,218.56,Refunded
ORD_1778,CUST_7,2024-01-21,Gift Card,Google Search,667.9,343.35,Completed
ORD_1779,CUST_461,2025-06-09,Gift Card,Partnership,542.82,229.22,Cancelled
ORD_1780,CUST_720,2025-02-02,Gift Card,Instagram,342.95,192.48,Refunded
ORD_1781,CUST_513,2025-05-28,Fashion,Partnership,596.59,318.4,Cancelled
ORD_1782,CUST_933,2024-11-06,Accessories,TikTok,540.05,265.24,Completed
ORD_1783,CUST_679,2024-06-06,Premium Box,Event Walk-in,380.64,136.85,Completed
ORD_1784,CUST_689,2025-03-05,Gift Card,TikTok,254.99,140.94,Completed
ORD_1785,CUST_682,2025-01-22,Limited Collection,Referral,483.08,235.72,Cancelled
ORD_1786,CUST_359,2024-10-09,Limited Collection,Partnership,78.0,39.36,Refunded
ORD_1787,CUST_1431,2024-04-21,Gift Card,TikTok,556.01,277.68,Refunded
ORD_1788,CUST_113,2024-10-27,Subscription Box,TikTok,549.64,355.52,Cancelled
ORD_1789,CUST_291,2024-02-26,Accessories,Instagram,30.25,16.07,Completed
ORD_1790,CUST_10,2024-11-30,Fashion,Instagram,246.49,169.09,Completed
ORD_1791,CUST_373,2025-05-17,Gift Card,Event Walk-in,665.88,275.37,Completed
ORD_1792,CUST_1,2025-02-14,Gift Card,Referral,640.75,434.75,Completed
ORD_1793,CUST_863,2025-03-17,Fashion,Referral,419.24,240.1,Refunded
ORD_1794,CUST_1061,2024-05-12,Beauty,Referral,432.39,170.71,Completed
ORD_1795,CUST_187,2024-05-30,Fashion,TikTok,437.4,319.98,Cancelled
ORD_1796,CUST_1445,2024-01-17,Fashion,LinkedIn,528.87,228.28,Completed
ORD_1797,CUST_298,2024-06-25,Limited Collection,Event Walk-in,219.55,101.33,Completed
ORD_1798,CUST_1411,2024-01-09,Premium Box,LinkedIn,601.48,434.92,Completed
ORD_1799,CUST_871,2024-05-22,Gift Card,Referral,621.74,418.54,Completed
ORD_1800,CUST_1052,2024-11-17,Gift Card,Partnership,269.85,150.35,Completed
ORD_1801,CUST_1482,2024-01-05,Limited Collection,Instagram,119.56,57.04,Completed
ORD_1802,CUST_1298,2024-07-04,Beauty,TikTok,305.31,200.0,Completed
ORD_1803,CUST_603,2025-06-10,Limited Collection,TikTok,74.97,27.71,Completed
ORD_1804,CUST_1432,2024-01-22,Beauty,Instagram,451.52,322.59,Completed
ORD_1805,CUST_1437,2024-11-23,Subscription Box,Google Search,46.93,33.65,Completed
ORD_1806,CUST_1061,2024-08-10,Subscription Box,Referral,156.0,112.99,Cancelled
ORD_1807,CUST_910,2024-06-27,Gift Card,Google Search,473.9,200.33,Refunded
ORD_1808,CUST_98,2024-08-21,Beauty,Partnership,95.06,70.76,Completed
ORD_1809,CUST_300,2024-08-18,Accessories,LinkedIn,436.09,198.01,Completed
ORD_1810,CUST_268,2024-10-01,Fashion,TikTok,65.26,42.74,Refunded
ORD_1811,CUST_960,2025-02-05,Subscription Box,TikTok,96.32,34.15,Completed
ORD_1812,CUST_1343,2024-08-07,Limited Collection,Referral,329.66,235.93,Completed
ORD_1813,CUST_655,2024-03-24,Accessories,LinkedIn,21.72,7.91,Completed
ORD_1814,CUST_1213,2024-10-04,Limited Collection,Referral,477.75,242.37,Refunded
ORD_1815,CUST_829,2024-06-19,Gift Card,TikTok,446.96,236.71,Completed
ORD_1816,CUST_40,2024-07-15,Beauty,Google Search,119.47,86.21,Completed
ORD_1817,CUST_405,2024-11-04,Premium Box,LinkedIn,391.72,202.5,Completed
ORD_1818,CUST_705,2025-02-08,Fashion,Event Walk-in,522.85,350.41,Completed
ORD_1819,CUST_514,2025-03-31,Fashion,Event Walk-in,473.34,255.96,Completed
ORD_1820,CUST_1320,2024-04-06,Subscription Box,Referral,559.64,388.09,Completed
ORD_1821,CUST_37,2024-07-20,Beauty,Partnership,622.2,235.83,Refunded
ORD_1822,CUST_757,2024-04-23,Beauty,Instagram,35.1,23.34,Completed
ORD_1823,CUST_57,2025-04-01,Subscription Box,Partnership,688.69,359.13,Completed
ORD_1824,CUST_1180,2024-07-01,Fashion,Google Search,143.09,73.52,Completed
ORD_1825,CUST_70,2024-12-19,Gift Card,Partnership,260.49,134.61,Completed
ORD_1826,CUST_1489,2024-11-05,Accessories,Google Search,553.6,330.64,Completed
ORD_1827,CUST_633,2024-06-07,Premium Box,LinkedIn,688.51,381.63,Completed
ORD_1828,CUST_667,2024-02-22,Subscription Box,LinkedIn,628.43,413.16,Completed
ORD_1829,CUST_870,2025-06-12,Limited Collection,Referral,598.95,353.48,Refunded
ORD_1830,CUST_769,2025-05-19,Subscription Box,TikTok,157.04,81.1,Completed
ORD_1831,CUST_1000,2024-09-17,Beauty,Event Walk-in,304.49,165.87,Refunded
ORD_1832,CUST_1426,2024-12-17,Limited Collection,Google Search,118.93,73.71,Completed
ORD_1833,CUST_783,2025-04-08,Beauty,LinkedIn,495.08,195.89,Completed
ORD_1834,CUST_150,2025-05-18,Accessories,Partnership,664.77,313.68,Completed
ORD_1835,CUST_43,2025-01-08,Gift Card,LinkedIn,206.43,80.41,Completed
ORD_1836,CUST_1362,2024-08-05,Subscription Box,Google Search,450.21,271.79,Cancelled
ORD_1837,CUST_343,2024-10-02,Subscription Box,Instagram,472.82,319.09,Completed
ORD_1838,CUST_1363,2024-02-21,Subscription Box,Google Search,655.23,306.37,Refunded
ORD_1839,CUST_325,2024-02-23,Premium Box,TikTok,560.18,235.08,Completed
ORD_1840,CUST_320,2024-09-09,Fashion,LinkedIn,648.5,292.81,Completed
ORD_1841,CUST_1163,2025-04-10,Premium Box,Event Walk-in,31.14,21.6,Completed
ORD_1842,CUST_279,2025-03-21,Gift Card,Google Search,588.46,372.92,Completed
ORD_1843,CUST_57,2025-05-09,Subscription Box,Partnership,82.26,32.37,Completed
ORD_1844,CUST_423,2025-06-03,Accessories,Event Walk-in,291.63,156.99,Completed
ORD_1845,CUST_841,2025-03-28,Premium Box,Partnership,402.22,247.33,Cancelled
ORD_1846,CUST_1382,2024-11-20,Premium Box,Partnership,616.13,329.41,Completed
ORD_1847,CUST_6,2024-08-19,Beauty,LinkedIn,510.79,181.74,Completed
ORD_1848,CUST_420,2024-08-15,Limited Collection,LinkedIn,20.59,8.06,Completed
ORD_1849,CUST_1333,2024-02-08,Beauty,Google Search,174.04,99.15,Completed
ORD_1850,CUST_60,2024-10-25,Subscription Box,Instagram,485.77,251.9,Completed
ORD_1851,CUST_914,2024-11-30,Premium Box,TikTok,433.7,238.8,Completed
ORD_1852,CUST_950,2024-10-23,Gift Card,Partnership,530.56,237.0,Completed
ORD_1853,CUST_1371,2025-01-23,Subscription Box,Partnership,530.2,224.29,Completed
ORD_1854,CUST_266,2024-06-21,Premium Box,Partnership,36.48,24.64,Refunded
ORD_1855,CUST_328,2025-06-21,Fashion,Instagram,580.12,303.62,Completed
ORD_1856,CUST_1059,2024-02-14,Premium Box,Referral,389.83,239.69,Completed
ORD_1857,CUST_560,2025-02-14,Beauty,Partnership,536.93,343.91,Completed
ORD_1858,CUST_1125,2024-02-06,Limited Collection,LinkedIn,114.76,40.8,Completed
ORD_1859,CUST_1432,2024-12-27,Beauty,Instagram,651.35,463.64,Completed
ORD_1860,CUST_194,2024-05-16,Subscription Box,LinkedIn,584.11,211.99,Completed
ORD_1861,CUST_119,2025-03-12,Fashion,Event Walk-in,112.59,48.79,Refunded
ORD_1862,CUST_488,2024-09-08,Premium Box,Google Search,71.4,26.69,Completed
ORD_1863,CUST_644,2024-03-21,Premium Box,Referral,591.08,399.43,Refunded
ORD_1864,CUST_685,2024-01-24,Fashion,Google Search,225.08,82.79,Completed
ORD_1865,CUST_62,2024-11-24,Gift Card,TikTok,572.84,413.97,Completed
ORD_1866,CUST_1426,2025-02-04,Premium Box,Google Search,419.67,287.28,Completed
ORD_1867,CUST_909,2024-10-28,Premium Box,Google Search,539.18,341.39,Completed
ORD_1868,CUST_31,2024-04-24,Fashion,Instagram,632.62,347.67,Refunded
ORD_1869,CUST_227,2025-04-09,Gift Card,TikTok,539.96,378.52,Completed
ORD_1870,CUST_97,2024-10-31,Accessories,Referral,121.61,75.57,Completed
ORD_1871,CUST_309,2025-06-04,Limited Collection,TikTok,130.47,66.49,Cancelled
ORD_1872,CUST_192,2025-05-17,Fashion,LinkedIn,683.87,319.45,Completed
ORD_1873,CUST_216,2025-05-14,Gift Card,Google Search,292.87,177.82,Completed
ORD_1874,CUST_470,2025-06-11,Fashion,Instagram,502.63,325.96,Completed
ORD_1875,CUST_110,2024-06-18,Accessories,Instagram,72.28,28.23,Cancelled
ORD_1876,CUST_1043,2024-05-18,Beauty,Partnership,548.46,270.46,Completed
ORD_1877,CUST_818,2024-01-02,Fashion,Partnership,223.32,121.41,Completed
ORD_1878,CUST_1153,2024-08-17,Accessories,Referral,89.13,47.93,Completed
ORD_1879,CUST_64,2025-06-30,Premium Box,TikTok,568.1,400.65,Completed
ORD_1880,CUST_386,2024-05-03,Subscription Box,TikTok,124.2,75.68,Completed
ORD_1881,CUST_1394,2024-11-16,Subscription Box,Instagram,532.38,249.77,Completed
ORD_1882,CUST_1225,2024-07-19,Limited Collection,Event Walk-in,18.95,12.84,Completed
ORD_1883,CUST_1086,2024-02-26,Subscription Box,Partnership,619.17,399.05,Completed
ORD_1884,CUST_817,2025-06-05,Subscription Box,TikTok,310.6,214.68,Refunded
ORD_1885,CUST_689,2024-07-13,Subscription Box,TikTok,157.67,96.7,Completed
ORD_1886,CUST_282,2024-07-29,Fashion,Instagram,450.46,241.94,Completed
ORD_1887,CUST_1188,2024-09-12,Premium Box,Instagram,638.76,348.08,Completed
ORD_1888,CUST_1244,2024-04-21,Beauty,Google Search,563.72,342.77,Refunded
ORD_1889,CUST_128,2025-01-13,Subscription Box,Referral,613.53,357.23,Completed
ORD_1890,CUST_501,2024-10-04,Limited Collection,Google Search,259.51,162.84,Refunded
ORD_1891,CUST_141,2024-04-20,Subscription Box,Instagram,645.26,392.77,Completed
ORD_1892,CUST_1067,2025-05-25,Gift Card,Event Walk-in,352.77,150.59,Completed
ORD_1893,CUST_513,2025-04-18,Beauty,Partnership,598.31,442.82,Completed
ORD_1894,CUST_865,2024-06-30,Gift Card,Google Search,437.62,266.98,Completed
ORD_1895,CUST_827,2025-05-07,Limited Collection,Google Search,63.56,34.33,Completed
ORD_1896,CUST_918,2024-05-26,Limited Collection,TikTok,384.15,226.28,Completed
ORD_1897,CUST_1208,2025-02-09,Beauty,Partnership,94.22,52.0,Refunded
ORD_1898,CUST_989,2024-04-06,Gift Card,Partnership,126.75,47.66,Completed
ORD_1899,CUST_1132,2024-07-01,Fashion,Google Search,335.28,127.87,Completed
ORD_1900,CUST_1199,2025-03-15,Subscription Box,Event Walk-in,355.01,163.22,Completed
ORD_1901,CUST_1025,2025-02-28,Beauty,Partnership,167.55,95.79,Refunded
ORD_1902,CUST_1048,2024-08-15,Limited Collection,Referral,25.63,13.93,Completed
ORD_1903,CUST_1459,2025-01-31,Limited Collection,Event Walk-in,629.24,293.52,Completed
ORD_1904,CUST_140,2024-09-20,Limited Collection,Partnership,458.93,200.01,Completed
ORD_1905,CUST_585,2024-02-10,Premium Box,Partnership,336.86,120.27,Completed
ORD_1906,CUST_237,2025-02-20,Subscription Box,LinkedIn,495.33,209.38,Refunded
ORD_1907,CUST_668,2024-09-19,Accessories,LinkedIn,282.43,139.3,Completed
ORD_1908,CUST_110,2024-03-06,Fashion,Instagram,90.52,45.89,Completed
ORD_1909,CUST_650,2024-03-24,Fashion,Instagram,302.4,219.64,Completed
ORD_1910,CUST_897,2024-09-26,Gift Card,Google Search,494.27,184.97,Completed
ORD_1911,CUST_1462,2024-06-28,Accessories,Referral,420.33,212.29,Completed
ORD_1912,CUST_1196,2025-04-15,Beauty,TikTok,545.94,322.16,Completed
ORD_1913,CUST_1356,2024-04-14,Limited Collection,Instagram,522.02,311.0,Completed
ORD_1914,CUST_1478,2025-06-22,Premium Box,Instagram,656.2,255.12,Completed
ORD_1915,CUST_835,2025-05-30,Accessories,Google Search,311.24,119.23,Completed
ORD_1916,CUST_82,2024-08-17,Fashion,TikTok,300.17,200.72,Completed
ORD_1917,CUST_236,2025-05-01,Subscription Box,TikTok,346.6,154.51,Completed
ORD_1918,CUST_314,2025-01-16,Beauty,Instagram,401.26,275.3,Completed
ORD_1919,CUST_464,2024-12-18,Subscription Box,Referral,600.67,224.69,Cancelled
ORD_1920,CUST_774,2025-05-13,Subscription Box,Event Walk-in,86.94,56.53,Cancelled
ORD_1921,CUST_335,2024-05-30,Beauty,Event Walk-in,696.09,277.68,Completed
ORD_1922,CUST_305,2024-05-03,Gift Card,LinkedIn,15.28,8.27,Completed
ORD_1923,CUST_1023,2024-10-21,Fashion,TikTok,76.65,29.29,Completed
ORD_1924,CUST_285,2025-01-27,Subscription Box,Instagram,238.88,103.73,Completed
ORD_1925,CUST_1314,2024-06-11,Premium Box,Event Walk-in,326.05,161.28,Completed
ORD_1926,CUST_1012,2025-01-09,Subscription Box,Instagram,591.2,412.79,Completed
ORD_1927,CUST_775,2024-05-15,Premium Box,Partnership,409.24,199.9,Completed
ORD_1928,CUST_1392,2024-04-22,Gift Card,LinkedIn,202.68,81.26,Completed
ORD_1929,CUST_974,2024-10-08,Premium Box,LinkedIn,592.06,223.58,Completed
ORD_1930,CUST_1139,2024-07-12,Gift Card,Referral,455.79,248.47,Refunded
ORD_1931,CUST_440,2025-02-07,Gift Card,LinkedIn,254.24,186.98,Completed
ORD_1932,CUST_806,2025-03-26,Accessories,Referral,272.84,182.13,Refunded
ORD_1933,CUST_1325,2024-03-03,Limited Collection,Referral,513.66,312.16,Completed
ORD_1934,CUST_1490,2024-08-25,Accessories,Event Walk-in,31.46,14.46,Completed
ORD_1935,CUST_1374,2025-06-30,Premium Box,TikTok,308.84,166.16,Completed
ORD_1936,CUST_471,2025-05-31,Premium Box,Referral,300.08,173.69,Completed
ORD_1937,CUST_251,2024-10-24,Subscription Box,Google Search,232.55,149.2,Cancelled
ORD_1938,CUST_323,2024-06-11,Limited Collection,TikTok,29.87,17.14,Completed
ORD_1939,CUST_752,2024-04-05,Subscription Box,Referral,647.54,385.19,Completed
ORD_1940,CUST_378,2024-07-16,Premium Box,Referral,413.46,224.15,Completed
ORD_1941,CUST_1040,2024-11-29,Beauty,Partnership,669.25,485.19,Completed
ORD_1942,CUST_1344,2024-01-03,Limited Collection,Partnership,573.35,279.65,Refunded
ORD_1943,CUST_1045,2024-03-28,Subscription Box,Google Search,146.75,102.74,Completed
ORD_1944,CUST_696,2024-02-02,Premium Box,Referral,380.76,244.77,Completed
ORD_1945,CUST_350,2025-04-27,Limited Collection,Google Search,189.86,72.91,Completed
ORD_1946,CUST_626,2024-04-29,Subscription Box,Google Search,596.06,292.33,Completed
ORD_1947,CUST_1158,2024-06-09,Gift Card,LinkedIn,62.82,28.48,Completed
ORD_1948,CUST_621,2025-05-03,Gift Card,LinkedIn,420.86,162.36,Completed
ORD_1949,CUST_539,2025-05-11,Gift Card,LinkedIn,301.0,209.34,Completed
ORD_1950,CUST_445,2024-07-31,Beauty,Google Search,181.3,132.28,Completed
ORD_1951,CUST_297,2024-02-27,Gift Card,Referral,483.06,246.84,Completed
ORD_1952,CUST_160,2024-07-22,Beauty,Instagram,522.36,348.92,Completed
ORD_1953,CUST_1046,2024-06-02,Beauty,Partnership,660.22,316.29,Completed
ORD_1954,CUST_1387,2024-09-21,Gift Card,Instagram,678.74,303.56,Completed
ORD_1955,CUST_1424,2025-01-13,Accessories,Instagram,59.22,26.44,Completed
ORD_1956,CUST_1063,2024-12-24,Gift Card,Google Search,475.0,179.11,Cancelled
ORD_1957,CUST_1228,2024-10-16,Premium Box,Event Walk-in,362.94,257.55,Refunded
ORD_1958,CUST_1117,2025-03-30,Limited Collection,Instagram,348.18,182.59,Refunded
ORD_1959,CUST_75,2024-06-27,Accessories,Instagram,265.19,190.69,Completed
ORD_1960,CUST_303,2025-03-24,Subscription Box,Event Walk-in,692.36,338.0,Completed
ORD_1961,CUST_141,2025-04-15,Subscription Box,Instagram,277.79,135.81,Completed
ORD_1962,CUST_522,2024-11-15,Fashion,Event Walk-in,258.92,161.31,Completed
ORD_1963,CUST_64,2025-02-05,Limited Collection,TikTok,436.93,255.33,Completed
ORD_1964,CUST_834,2024-09-24,Beauty,Google Search,615.2,367.02,Refunded
ORD_1965,CUST_908,2025-01-19,Fashion,TikTok,112.53,45.64,Completed
ORD_1966,CUST_284,2025-03-15,Limited Collection,Google Search,484.13,194.05,Cancelled
ORD_1967,CUST_323,2024-06-18,Beauty,TikTok,563.05,299.45,Completed
ORD_1968,CUST_113,2024-03-28,Subscription Box,TikTok,379.55,279.75,Completed
ORD_1969,CUST_1226,2024-11-20,Gift Card,Instagram,343.04,218.93,Completed
ORD_1970,CUST_289,2024-07-28,Fashion,LinkedIn,527.69,359.15,Completed
ORD_1971,CUST_1203,2025-06-14,Subscription Box,LinkedIn,584.93,344.07,Completed
ORD_1972,CUST_452,2024-01-30,Limited Collection,Instagram,572.37,295.66,Completed
ORD_1973,CUST_1168,2025-05-27,Fashion,Referral,474.27,289.99,Completed
ORD_1974,CUST_1253,2024-03-25,Beauty,LinkedIn,691.72,307.42,Refunded
ORD_1975,CUST_1484,2024-08-10,Accessories,Instagram,540.38,214.97,Completed
ORD_1976,CUST_1295,2024-04-24,Accessories,LinkedIn,642.57,383.43,Completed
ORD_1977,CUST_1500,2024-03-17,Fashion,LinkedIn,505.73,261.62,Completed
ORD_1978,CUST_353,2025-02-02,Beauty,LinkedIn,626.31,279.38,Completed
ORD_1979,CUST_962,2024-11-28,Subscription Box,Partnership,45.53,22.56,Completed
ORD_1980,CUST_143,2024-04-14,Limited Collection,Google Search,587.42,386.21,Completed
ORD_1981,CUST_1487,2024-11-20,Premium Box,Partnership,491.13,221.02,Completed
ORD_1982,CUST_213,2025-06-03,Subscription Box,Referral,381.9,264.69,Completed
ORD_1983,CUST_979,2024-08-23,Premium Box,Referral,665.47,401.21,Completed
ORD_1984,CUST_452,2024-07-07,Limited Collection,Instagram,309.37,136.56,Completed
ORD_1985,CUST_630,2024-04-11,Subscription Box,LinkedIn,477.25,215.49,Completed
ORD_1986,CUST_1195,2024-05-15,Fashion,Referral,68.12,50.51,Completed
ORD_1987,CUST_8,2024-09-08,Beauty,Partnership,553.88,394.44,Completed
ORD_1988,CUST_658,2024-03-12,Limited Collection,Instagram,26.99,12.76,Completed
ORD_1989,CUST_988,2024-04-30,Beauty,Partnership,527.1,351.04,Completed
ORD_1990,CUST_88,2025-02-10,Gift Card,TikTok,625.95,361.75,Completed
ORD_1991,CUST_1085,2025-04-22,Limited Collection,Referral,314.86,132.58,Completed
ORD_1992,CUST_1433,2024-07-16,Fashion,Google Search,169.32,88.21,Completed
ORD_1993,CUST_1413,2024-09-29,Fashion,Event Walk-in,297.21,186.93,Completed
ORD_1994,CUST_182,2024-08-09,Premium Box,LinkedIn,599.71,316.04,Completed
ORD_1995,CUST_957,2024-08-06,Premium Box,TikTok,296.22,142.19,Completed
ORD_1996,CUST_176,2024-09-21,Limited Collection,Partnership,362.43,267.2,Completed
ORD_1997,CUST_1322,2024-04-14,Gift Card,Referral,86.41,47.02,Completed
ORD_1998,CUST_451,2025-01-24,Premium Box,Partnership,104.12,65.43,Completed
ORD_1999,CUST_1326,2024-04-12,Limited Collection,Partnership,225.88,104.65,Completed
ORD_2000,CUST_783,2024-11-30,Fashion,LinkedIn,593.91,214.57,Completed
ORD_2001,CUST_537,2024-01-03,Limited Collection,Instagram,664.22,473.84,Completed
ORD_2002,CUST_953,2024-10-05,Limited Collection,Event Walk-in,28.19,19.7,Completed
ORD_2003,CUST_179,2024-12-24,Beauty,LinkedIn,47.1,20.75,Completed
ORD_2004,CUST_558,2024-12-10,Fashion,LinkedIn,27.01,12.33,Refunded
ORD_2005,CUST_1008,2024-09-25,Fashion,Partnership,585.49,330.6,Completed
ORD_2006,CUST_218,2025-02-16,Limited Collection,LinkedIn,94.12,64.19,Completed
ORD_2007,CUST_13,2024-12-21,Gift Card,TikTok,375.3,210.05,Completed
ORD_2008,CUST_1435,2024-08-07,Gift Card,Google Search,329.53,161.23,Completed
ORD_2009,CUST_505,2024-04-11,Fashion,Instagram,512.43,218.54,Completed
ORD_2010,CUST_383,2025-01-07,Subscription Box,Event Walk-in,29.83,14.53,Completed
ORD_2011,CUST_1001,2025-04-08,Gift Card,Instagram,627.87,271.67,Completed
ORD_2012,CUST_268,2025-04-30,Beauty,TikTok,71.05,29.76,Completed
ORD_2013,CUST_218,2024-12-13,Premium Box,LinkedIn,145.14,65.26,Completed
ORD_2014,CUST_1016,2024-11-24,Fashion,TikTok,61.03,29.52,Completed
ORD_2015,CUST_411,2024-06-27,Accessories,TikTok,475.06,339.31,Completed
ORD_2016,CUST_880,2024-04-30,Gift Card,LinkedIn,408.18,224.77,Completed
ORD_2017,CUST_1150,2024-07-08,Premium Box,Instagram,647.27,254.68,Completed
ORD_2018,CUST_1035,2024-10-02,Accessories,Partnership,435.43,297.44,Completed
ORD_2019,CUST_826,2025-01-09,Accessories,Google Search,432.73,157.25,Completed
ORD_2020,CUST_633,2024-09-10,Gift Card,LinkedIn,575.3,381.0,Completed
ORD_2021,CUST_1416,2024-11-20,Limited Collection,Referral,154.14,81.56,Completed
ORD_2022,CUST_1456,2024-09-14,Subscription Box,Event Walk-in,374.42,198.4,Completed
ORD_2023,CUST_391,2025-03-26,Beauty,Instagram,191.2,86.34,Completed
ORD_2024,CUST_517,2025-01-19,Premium Box,Event Walk-in,445.92,250.57,Completed
ORD_2025,CUST_1298,2025-06-16,Beauty,TikTok,108.53,70.71,Completed
ORD_2026,CUST_10,2025-03-30,Accessories,Instagram,18.22,11.1,Refunded
ORD_2027,CUST_1177,2025-02-20,Beauty,Instagram,179.24,77.76,Completed
ORD_2028,CUST_799,2025-02-14,Premium Box,Referral,284.93,142.74,Completed
ORD_2029,CUST_1207,2025-05-09,Limited Collection,Google Search,487.44,338.6,Refunded
ORD_2030,CUST_799,2024-01-14,Limited Collection,Referral,523.62,285.86,Completed
ORD_2031,CUST_1137,2024-02-09,Premium Box,TikTok,83.49,35.62,Completed
ORD_2032,CUST_143,2024-05-19,Beauty,Google Search,264.79,111.22,Completed
ORD_2033,CUST_645,2024-04-24,Premium Box,LinkedIn,578.9,345.96,Completed
ORD_2034,CUST_933,2025-06-29,Fashion,TikTok,398.04,158.44,Completed
ORD_2035,CUST_1203,2024-03-11,Accessories,LinkedIn,422.92,225.44,Completed
ORD_2036,CUST_967,2024-12-30,Accessories,Partnership,177.31,72.92,Completed
ORD_2037,CUST_1007,2024-07-05,Limited Collection,TikTok,636.06,475.76,Completed
ORD_2038,CUST_1312,2025-01-05,Premium Box,TikTok,528.94,375.15,Completed
ORD_2039,CUST_1378,2024-11-28,Gift Card,Partnership,458.29,237.22,Completed
ORD_2040,CUST_1122,2024-11-03,Fashion,Instagram,527.45,201.11,Cancelled
ORD_2041,CUST_1245,2024-10-04,Limited Collection,Google Search,237.59,150.04,Completed
ORD_2042,CUST_509,2024-05-09,Limited Collection,LinkedIn,82.37,46.67,Completed
ORD_2043,CUST_349,2024-12-01,Gift Card,Referral,447.68,269.62,Completed
ORD_2044,CUST_288,2024-05-16,Beauty,Event Walk-in,294.66,132.94,Completed
ORD_2045,CUST_82,2024-08-27,Accessories,TikTok,245.57,158.0,Refunded
ORD_2046,CUST_275,2024-03-24,Gift Card,Referral,361.99,138.62,Completed
ORD_2047,CUST_287,2024-11-03,Limited Collection,LinkedIn,500.61,346.13,Completed
ORD_2048,CUST_1061,2024-07-12,Premium Box,Referral,438.65,216.35,Completed
ORD_2049,CUST_1291,2024-02-17,Accessories,Partnership,387.18,195.85,Completed
ORD_2050,CUST_1083,2025-02-05,Fashion,Google Search,184.74,73.53,Completed
ORD_2051,CUST_390,2024-09-26,Beauty,Partnership,534.72,327.01,Completed
ORD_2052,CUST_1068,2024-04-17,Premium Box,Event Walk-in,336.92,164.3,Completed
ORD_2053,CUST_688,2024-07-15,Fashion,Referral,258.28,129.49,Completed
ORD_2054,CUST_717,2025-03-08,Subscription Box,Google Search,383.99,163.84,Completed
ORD_2055,CUST_1077,2024-02-04,Limited Collection,Google Search,451.64,193.96,Completed
ORD_2056,CUST_848,2024-09-26,Accessories,Instagram,250.04,124.28,Completed
ORD_2057,CUST_185,2024-03-19,Subscription Box,Referral,535.84,292.15,Refunded
ORD_2058,CUST_1052,2025-04-02,Gift Card,Partnership,439.22,211.28,Completed
ORD_2059,CUST_405,2025-02-10,Fashion,LinkedIn,482.86,280.62,Completed
ORD_2060,CUST_604,2025-03-07,Accessories,Instagram,699.38,254.6,Completed
ORD_2061,CUST_376,2025-05-13,Accessories,TikTok,539.09,317.17,Cancelled
ORD_2062,CUST_821,2025-06-01,Subscription Box,Event Walk-in,304.34,139.23,Completed
ORD_2063,CUST_1221,2025-04-29,Limited Collection,Referral,672.01,482.03,Completed
ORD_2064,CUST_171,2025-05-03,Limited Collection,Event Walk-in,511.8,206.3,Refunded
ORD_2065,CUST_1368,2024-03-24,Premium Box,Google Search,588.38,321.89,Completed
ORD_2066,CUST_591,2025-06-11,Gift Card,TikTok,58.7,39.01,Completed
ORD_2067,CUST_999,2025-02-18,Accessories,Partnership,130.16,61.56,Completed
ORD_2068,CUST_782,2025-06-03,Limited Collection,Google Search,509.18,253.68,Completed
ORD_2069,CUST_50,2024-11-06,Gift Card,Referral,557.64,202.36,Completed
ORD_2070,CUST_43,2024-07-04,Fashion,LinkedIn,338.94,158.21,Completed
ORD_2071,CUST_70,2025-04-08,Limited Collection,Partnership,248.87,178.8,Completed
ORD_2072,CUST_679,2024-10-27,Accessories,Event Walk-in,575.86,371.67,Completed
ORD_2073,CUST_1199,2025-05-03,Gift Card,Event Walk-in,132.5,49.75,Completed
ORD_2074,CUST_541,2025-02-10,Fashion,Google Search,403.14,235.65,Completed
ORD_2075,CUST_886,2024-12-16,Gift Card,Google Search,494.51,336.14,Completed
ORD_2076,CUST_285,2025-06-03,Gift Card,Instagram,205.59,100.27,Completed
ORD_2077,CUST_840,2025-01-17,Subscription Box,Google Search,90.28,35.39,Completed
ORD_2078,CUST_1139,2024-08-25,Beauty,Referral,420.59,236.52,Refunded
ORD_2079,CUST_924,2025-01-08,Accessories,TikTok,127.25,58.86,Completed
ORD_2080,CUST_1417,2024-03-13,Gift Card,Partnership,71.26,51.77,Completed
ORD_2081,CUST_371,2025-03-12,Accessories,Instagram,647.92,341.0,Completed
ORD_2082,CUST_549,2025-04-09,Fashion,Referral,101.36,49.05,Refunded
ORD_2083,CUST_624,2024-12-18,Subscription Box,Partnership,87.94,63.7,Refunded
ORD_2084,CUST_743,2025-01-27,Beauty,Event Walk-in,686.5,413.93,Completed
ORD_2085,CUST_859,2024-03-24,Limited Collection,Google Search,281.81,105.76,Completed
ORD_2086,CUST_925,2025-01-11,Beauty,Google Search,267.99,95.6,Completed
ORD_2087,CUST_1193,2024-06-02,Fashion,Google Search,582.16,366.94,Completed
ORD_2088,CUST_835,2024-11-29,Accessories,Google Search,289.73,142.91,Completed
ORD_2089,CUST_796,2024-04-14,Premium Box,Partnership,170.44,115.27,Completed
ORD_2090,CUST_327,2024-10-11,Gift Card,LinkedIn,664.65,375.71,Refunded
ORD_2091,CUST_1463,2024-02-10,Premium Box,Partnership,674.1,323.04,Cancelled
ORD_2092,CUST_13,2025-02-15,Gift Card,TikTok,558.87,331.0,Completed
ORD_2093,CUST_1307,2024-07-24,Subscription Box,Google Search,666.2,295.36,Completed
ORD_2094,CUST_1292,2025-05-11,Accessories,Event Walk-in,514.76,208.51,Completed
ORD_2095,CUST_404,2024-08-03,Limited Collection,Referral,196.34,117.61,Completed
ORD_2096,CUST_996,2024-08-18,Beauty,Event Walk-in,344.05,203.82,Completed
ORD_2097,CUST_598,2024-09-26,Limited Collection,Partnership,321.81,145.93,Completed
ORD_2098,CUST_1034,2024-06-07,Accessories,Google Search,438.37,256.62,Refunded
ORD_2099,CUST_1086,2025-06-07,Accessories,Partnership,116.06,80.84,Refunded
ORD_2100,CUST_1484,2024-06-17,Limited Collection,Instagram,651.02,344.07,Completed
ORD_2101,CUST_570,2024-06-27,Gift Card,Referral,60.55,36.52,Completed
ORD_2102,CUST_171,2025-02-07,Premium Box,Event Walk-in,335.94,214.97,Completed
ORD_2103,CUST_1449,2024-07-31,Accessories,Google Search,603.01,256.83,Completed
ORD_2104,CUST_143,2025-04-04,Gift Card,Google Search,80.72,41.93,Completed
ORD_2105,CUST_785,2024-02-05,Limited Collection,TikTok,465.25,225.92,Completed
ORD_2106,CUST_990,2024-06-04,Subscription Box,Event Walk-in,405.16,166.68,Completed
ORD_2107,CUST_208,2024-03-25,Fashion,LinkedIn,695.27,442.28,Completed
ORD_2108,CUST_1224,2024-07-29,Beauty,LinkedIn,201.18,143.57,Completed
ORD_2109,CUST_734,2025-02-12,Premium Box,Partnership,28.57,17.29,Completed
ORD_2110,CUST_202,2025-04-22,Limited Collection,Event Walk-in,178.37,98.04,Completed
ORD_2111,CUST_435,2025-06-07,Subscription Box,Event Walk-in,432.34,212.5,Completed
ORD_2112,CUST_407,2024-09-19,Accessories,Instagram,133.41,92.71,Completed
ORD_2113,CUST_1100,2024-03-12,Premium Box,Google Search,58.73,39.1,Cancelled
ORD_2114,CUST_1125,2024-05-27,Premium Box,LinkedIn,334.86,176.42,Completed
ORD_2115,CUST_1089,2025-02-27,Accessories,LinkedIn,633.7,458.73,Completed
ORD_2116,CUST_1101,2024-10-29,Subscription Box,TikTok,397.69,213.38,Completed
ORD_2117,CUST_177,2024-03-04,Subscription Box,Instagram,645.79,287.26,Completed
ORD_2118,CUST_989,2024-05-16,Subscription Box,Partnership,264.63,136.88,Refunded
ORD_2119,CUST_271,2024-04-29,Accessories,Google Search,460.71,208.91,Cancelled
ORD_2120,CUST_259,2025-01-12,Beauty,LinkedIn,138.17,77.54,Completed
ORD_2121,CUST_1354,2024-06-09,Premium Box,TikTok,664.84,466.88,Completed
ORD_2122,CUST_396,2025-04-20,Subscription Box,Instagram,544.47,258.93,Completed
ORD_2123,CUST_1397,2025-02-07,Fashion,Referral,507.23,234.49,Completed
ORD_2124,CUST_526,2024-10-22,Beauty,Referral,694.95,412.88,Completed
ORD_2125,CUST_818,2024-07-13,Beauty,Partnership,125.94,81.54,Completed
ORD_2126,CUST_1014,2024-04-22,Subscription Box,Instagram,696.44,469.93,Completed
ORD_2127,CUST_64,2025-04-30,Gift Card,TikTok,392.66,231.57,Completed
ORD_2128,CUST_939,2025-03-25,Premium Box,TikTok,516.12,282.69,Completed
ORD_2129,CUST_1210,2024-10-27,Accessories,Partnership,212.36,143.65,Completed
ORD_2130,CUST_375,2024-08-14,Accessories,LinkedIn,168.08,88.82,Cancelled
ORD_2131,CUST_970,2025-01-19,Accessories,Google Search,585.82,263.38,Completed
ORD_2132,CUST_1088,2025-05-14,Gift Card,Partnership,487.32,211.13,Completed
ORD_2133,CUST_1036,2025-04-11,Limited Collection,LinkedIn,194.34,128.61,Completed
ORD_2134,CUST_1217,2024-07-26,Fashion,Event Walk-in,38.29,21.3,Refunded
ORD_2135,CUST_316,2024-07-28,Beauty,Event Walk-in,89.71,39.45,Completed
ORD_2136,CUST_1415,2024-11-22,Subscription Box,Instagram,440.78,324.92,Completed
ORD_2137,CUST_1339,2024-10-06,Limited Collection,Partnership,125.91,44.54,Completed
ORD_2138,CUST_502,2024-06-26,Fashion,LinkedIn,330.69,160.71,Completed
ORD_2139,CUST_340,2024-10-20,Fashion,Referral,394.03,175.08,Completed
ORD_2140,CUST_479,2024-08-14,Premium Box,Instagram,478.73,190.33,Completed
ORD_2141,CUST_911,2024-11-01,Fashion,TikTok,205.01,118.9,Completed
ORD_2142,CUST_174,2025-02-22,Gift Card,LinkedIn,503.91,347.74,Completed
ORD_2143,CUST_139,2024-07-10,Beauty,Partnership,153.43,65.57,Completed
ORD_2144,CUST_491,2025-04-09,Gift Card,Event Walk-in,444.83,218.88,Refunded
ORD_2145,CUST_401,2024-07-16,Gift Card,LinkedIn,212.33,147.44,Completed
ORD_2146,CUST_1468,2025-06-25,Premium Box,Event Walk-in,306.9,124.22,Completed
ORD_2147,CUST_150,2025-06-22,Accessories,Partnership,236.01,119.39,Completed
ORD_2148,CUST_511,2025-02-27,Beauty,Instagram,349.11,127.99,Refunded
ORD_2149,CUST_358,2025-01-10,Accessories,Event Walk-in,44.95,23.0,Completed
ORD_2150,CUST_507,2024-01-18,Fashion,LinkedIn,83.21,39.96,Completed
ORD_2151,CUST_1287,2024-03-23,Accessories,Google Search,47.95,35.34,Refunded
ORD_2152,CUST_654,2024-12-22,Beauty,Event Walk-in,378.08,135.51,Completed
ORD_2153,CUST_635,2024-12-10,Limited Collection,Instagram,159.46,73.94,Completed
ORD_2154,CUST_635,2024-01-08,Fashion,Instagram,47.28,30.39,Completed
ORD_2155,CUST_1254,2025-01-31,Accessories,Partnership,149.36,59.52,Completed
ORD_2156,CUST_508,2025-05-14,Fashion,Google Search,286.35,115.12,Completed
ORD_2157,CUST_1188,2024-10-23,Accessories,Instagram,321.67,167.67,Completed
ORD_2158,CUST_758,2024-04-12,Accessories,LinkedIn,333.55,153.7,Completed
ORD_2159,CUST_203,2024-03-13,Fashion,Google Search,229.67,90.63,Completed
ORD_2160,CUST_389,2024-07-28,Limited Collection,Google Search,170.21,102.61,Completed
ORD_2161,CUST_1220,2025-05-02,Fashion,LinkedIn,428.91,269.57,Completed
ORD_2162,CUST_536,2024-03-15,Beauty,Event Walk-in,519.3,234.9,Completed
ORD_2163,CUST_704,2025-03-15,Fashion,TikTok,338.35,150.0,Completed
ORD_2164,CUST_673,2024-05-14,Fashion,Event Walk-in,150.04,82.34,Completed
ORD_2165,CUST_594,2024-04-11,Subscription Box,Google Search,181.7,110.11,Refunded
ORD_2166,CUST_528,2024-02-04,Accessories,Partnership,271.09,189.49,Completed
ORD_2167,CUST_491,2025-05-11,Limited Collection,Event Walk-in,140.05,54.99,Completed
ORD_2168,CUST_1017,2024-05-27,Fashion,Referral,534.95,327.35,Completed
ORD_2169,CUST_1433,2024-03-02,Limited Collection,Google Search,20.44,13.34,Completed
ORD_2170,CUST_1199,2025-03-17,Accessories,Event Walk-in,499.44,357.3,Completed
ORD_2171,CUST_1413,2024-12-21,Gift Card,Event Walk-in,435.71,196.03,Refunded
ORD_2172,CUST_115,2025-03-19,Gift Card,Instagram,646.87,263.99,Completed
ORD_2173,CUST_27,2024-05-25,Beauty,TikTok,114.11,70.37,Completed
ORD_2174,CUST_767,2024-02-26,Gift Card,LinkedIn,646.14,257.69,Completed
ORD_2175,CUST_83,2024-09-29,Accessories,Event Walk-in,439.92,241.55,Completed
ORD_2176,CUST_1066,2025-04-16,Fashion,Partnership,244.99,104.68,Completed
ORD_2177,CUST_639,2025-01-26,Premium Box,Partnership,487.49,228.63,Completed
ORD_2178,CUST_1378,2024-05-27,Limited Collection,Partnership,76.78,31.08,Completed
ORD_2179,CUST_461,2025-02-25,Subscription Box,Partnership,79.76,35.64,Completed
ORD_2180,CUST_837,2024-02-03,Premium Box,Partnership,235.97,133.03,Cancelled
ORD_2181,CUST_624,2025-01-24,Accessories,Partnership,488.97,313.89,Completed
ORD_2182,CUST_669,2025-05-19,Beauty,Event Walk-in,607.58,251.98,Completed
ORD_2183,CUST_1482,2024-12-08,Subscription Box,Instagram,423.17,273.85,Completed
ORD_2184,CUST_785,2024-07-11,Limited Collection,TikTok,296.3,128.37,Completed
ORD_2185,CUST_76,2024-12-07,Fashion,Partnership,285.95,214.21,Completed
ORD_2186,CUST_517,2025-01-08,Gift Card,Event Walk-in,329.27,198.48,Completed
ORD_2187,CUST_889,2024-11-07,Premium Box,Referral,278.79,179.54,Completed
ORD_2188,CUST_854,2024-02-10,Accessories,Partnership,623.5,397.01,Completed
ORD_2189,CUST_738,2024-01-08,Gift Card,Event Walk-in,491.53,297.22,Refunded
ORD_2190,CUST_1439,2025-02-04,Beauty,Google Search,383.52,239.46,Completed
ORD_2191,CUST_260,2024-09-11,Beauty,Event Walk-in,323.26,152.54,Completed
ORD_2192,CUST_373,2024-08-06,Limited Collection,Event Walk-in,643.19,374.67,Completed
ORD_2193,CUST_711,2024-11-10,Beauty,TikTok,611.59,225.35,Completed
ORD_2194,CUST_1184,2024-06-08,Gift Card,Partnership,99.54,57.78,Completed
ORD_2195,CUST_538,2024-06-14,Subscription Box,Event Walk-in,423.99,244.82,Completed
ORD_2196,CUST_360,2024-02-29,Premium Box,Partnership,460.21,339.59,Refunded
ORD_2197,CUST_886,2024-08-01,Accessories,Google Search,129.39,93.81,Completed
ORD_2198,CUST_1055,2025-04-11,Beauty,Google Search,545.12,237.75,Refunded
ORD_2199,CUST_228,2024-05-20,Beauty,TikTok,590.47,430.55,Refunded
ORD_2200,CUST_1325,2024-03-14,Accessories,Referral,242.12,155.61,Refunded
ORD_2201,CUST_163,2025-02-24,Accessories,TikTok,561.13,378.28,Completed
ORD_2202,CUST_850,2025-01-07,Subscription Box,Partnership,257.03,100.95,Refunded
ORD_2203,CUST_432,2024-09-11,Limited Collection,Instagram,677.21,338.55,Completed
ORD_2204,CUST_832,2024-11-30,Gift Card,TikTok,503.58,323.76,Completed
ORD_2205,CUST_1229,2024-03-28,Limited Collection,TikTok,372.28,136.54,Completed
ORD_2206,CUST_1234,2024-06-18,Fashion,Referral,170.56,68.34,Completed
ORD_2207,CUST_590,2025-05-21,Fashion,LinkedIn,586.37,301.07,Completed
ORD_2208,CUST_397,2024-05-03,Gift Card,TikTok,354.57,162.18,Refunded
ORD_2209,CUST_1251,2024-10-09,Subscription Box,Instagram,305.29,171.97,Completed
ORD_2210,CUST_1330,2024-08-11,Fashion,LinkedIn,344.43,158.51,Completed
ORD_2211,CUST_529,2024-02-14,Limited Collection,TikTok,555.91,195.21,Completed
ORD_2212,CUST_423,2024-09-04,Subscription Box,Event Walk-in,305.42,131.56,Completed
ORD_2213,CUST_1470,2025-02-22,Gift Card,Partnership,177.85,74.36,Completed
ORD_2214,CUST_510,2025-06-25,Premium Box,TikTok,449.65,276.33,Refunded
ORD_2215,CUST_287,2025-02-17,Limited Collection,LinkedIn,297.62,105.68,Completed
ORD_2216,CUST_534,2025-06-23,Premium Box,Google Search,487.11,226.31,Completed
ORD_2217,CUST_669,2025-06-17,Gift Card,Event Walk-in,510.03,347.72,Completed
ORD_2218,CUST_48,2024-06-15,Accessories,Partnership,367.52,183.69,Completed
ORD_2219,CUST_1224,2025-04-20,Premium Box,LinkedIn,603.88,403.59,Completed
ORD_2220,CUST_534,2024-12-26,Premium Box,Google Search,105.75,72.58,Completed
ORD_2221,CUST_1256,2025-03-21,Subscription Box,Google Search,89.38,52.75,Completed
ORD_2222,CUST_1156,2024-10-27,Accessories,Google Search,372.66,167.87,Cancelled
ORD_2223,CUST_809,2024-06-28,Premium Box,LinkedIn,432.95,284.84,Completed
ORD_2224,CUST_1418,2024-01-24,Fashion,LinkedIn,448.88,273.71,Completed
ORD_2225,CUST_1298,2024-05-29,Subscription Box,TikTok,312.94,149.09,Completed
ORD_2226,CUST_719,2025-02-21,Subscription Box,Event Walk-in,307.51,216.88,Completed
ORD_2227,CUST_350,2024-10-13,Beauty,Google Search,285.96,120.55,Refunded
ORD_2228,CUST_794,2024-06-26,Fashion,Google Search,601.46,249.84,Completed
ORD_2229,CUST_456,2024-02-29,Limited Collection,Instagram,283.87,198.71,Cancelled
ORD_2230,CUST_1064,2024-12-29,Beauty,Instagram,418.83,276.96,Completed
ORD_2231,CUST_607,2024-04-14,Accessories,TikTok,59.79,23.19,Completed
ORD_2232,CUST_854,2025-04-05,Fashion,Partnership,283.79,196.67,Completed
ORD_2233,CUST_995,2024-07-04,Gift Card,TikTok,457.47,187.76,Completed
ORD_2234,CUST_1270,2024-08-15,Gift Card,LinkedIn,363.4,155.61,Completed
ORD_2235,CUST_806,2025-05-25,Premium Box,Referral,696.05,404.59,Completed
ORD_2236,CUST_816,2024-05-03,Beauty,Referral,183.82,76.62,Completed
ORD_2237,CUST_203,2024-10-23,Limited Collection,Google Search,603.84,379.52,Completed
ORD_2238,CUST_171,2025-01-27,Gift Card,Event Walk-in,445.4,173.72,Cancelled
ORD_2239,CUST_132,2025-01-19,Beauty,Instagram,293.73,140.45,Completed
ORD_2240,CUST_643,2024-03-10,Premium Box,Partnership,63.24,40.47,Completed
ORD_2241,CUST_141,2024-12-25,Beauty,Instagram,402.74,270.42,Completed
ORD_2242,CUST_29,2025-04-23,Beauty,Event Walk-in,246.38,126.11,Completed
ORD_2243,CUST_1347,2025-05-09,Premium Box,Instagram,443.86,188.38,Completed
ORD_2244,CUST_512,2024-08-10,Fashion,Partnership,157.16,64.38,Refunded
ORD_2245,CUST_1284,2025-03-20,Accessories,Event Walk-in,299.55,121.16,Cancelled
ORD_2246,CUST_647,2024-12-30,Limited Collection,LinkedIn,361.01,237.36,Completed
ORD_2247,CUST_1388,2025-03-17,Accessories,Instagram,195.63,125.75,Completed
ORD_2248,CUST_1224,2025-02-01,Subscription Box,LinkedIn,333.37,220.99,Cancelled
ORD_2249,CUST_595,2024-03-10,Accessories,Partnership,397.1,164.24,Completed
ORD_2250,CUST_519,2025-05-16,Beauty,LinkedIn,348.15,146.16,Completed
ORD_2251,CUST_78,2024-09-07,Gift Card,Google Search,36.56,23.41,Completed
ORD_2252,CUST_161,2025-06-06,Accessories,Referral,32.08,17.63,Cancelled
ORD_2253,CUST_19,2024-04-15,Accessories,Event Walk-in,649.15,436.45,Completed
ORD_2254,CUST_152,2024-11-15,Gift Card,Partnership,648.31,337.6,Refunded
ORD_2255,CUST_144,2025-06-20,Subscription Box,Google Search,169.23,82.87,Completed
ORD_2256,CUST_591,2025-02-22,Limited Collection,TikTok,154.63,85.16,Completed
ORD_2257,CUST_153,2024-04-27,Limited Collection,Event Walk-in,161.62,74.6,Completed
ORD_2258,CUST_213,2024-11-16,Fashion,Referral,359.65,147.64,Completed
ORD_2259,CUST_1282,2024-03-21,Fashion,Event Walk-in,74.18,51.07,Refunded
ORD_2260,CUST_86,2024-12-21,Subscription Box,Partnership,141.22,68.23,Completed
ORD_2261,CUST_795,2024-04-09,Fashion,TikTok,623.08,250.13,Completed
ORD_2262,CUST_229,2024-11-02,Subscription Box,LinkedIn,92.42,41.44,Completed
ORD_2263,CUST_240,2024-05-05,Limited Collection,TikTok,37.95,21.16,Completed
ORD_2264,CUST_1019,2025-01-25,Fashion,TikTok,26.91,19.83,Completed
ORD_2265,CUST_1070,2025-06-24,Limited Collection,LinkedIn,562.55,236.85,Completed
ORD_2266,CUST_1140,2025-05-14,Fashion,Google Search,441.76,286.91,Completed
ORD_2267,CUST_520,2025-03-24,Subscription Box,Partnership,304.3,143.42,Completed
ORD_2268,CUST_837,2025-04-12,Fashion,Partnership,102.08,58.81,Completed
ORD_2269,CUST_385,2024-07-09,Premium Box,Instagram,639.3,230.17,Completed
ORD_2270,CUST_922,2024-04-29,Accessories,TikTok,603.46,259.95,Completed
ORD_2271,CUST_241,2024-06-21,Gift Card,Event Walk-in,111.8,71.93,Refunded
ORD_2272,CUST_513,2024-07-09,Fashion,Partnership,367.13,195.06,Completed
ORD_2273,CUST_1039,2025-01-18,Gift Card,Event Walk-in,460.94,280.54,Refunded
ORD_2274,CUST_1166,2024-03-11,Subscription Box,Google Search,535.76,321.75,Completed
ORD_2275,CUST_357,2025-05-08,Premium Box,TikTok,450.01,176.33,Completed
ORD_2276,CUST_1242,2024-12-17,Accessories,TikTok,335.15,154.31,Completed
ORD_2277,CUST_481,2024-06-04,Subscription Box,Google Search,220.47,101.0,Completed
ORD_2278,CUST_777,2024-05-08,Gift Card,TikTok,390.75,187.91,Refunded
ORD_2279,CUST_1241,2024-03-09,Limited Collection,Referral,56.22,22.52,Completed
ORD_2280,CUST_455,2024-10-31,Gift Card,TikTok,71.09,33.18,Completed
ORD_2281,CUST_1372,2024-01-02,Gift Card,Instagram,558.5,370.53,Completed
ORD_2282,CUST_333,2024-09-10,Beauty,Partnership,353.59,192.09,Completed
ORD_2283,CUST_829,2024-04-17,Fashion,TikTok,501.94,203.17,Refunded
ORD_2284,CUST_891,2025-04-30,Subscription Box,Referral,108.84,72.8,Completed
ORD_2285,CUST_1417,2024-12-14,Premium Box,Partnership,24.9,15.9,Completed
ORD_2286,CUST_1455,2024-05-23,Fashion,Referral,292.29,116.42,Refunded
ORD_2287,CUST_560,2024-09-02,Subscription Box,Partnership,133.68,48.4,Completed
ORD_2288,CUST_1106,2024-07-26,Subscription Box,Instagram,303.24,189.28,Completed
ORD_2289,CUST_862,2024-03-03,Accessories,Google Search,45.2,18.78,Completed
ORD_2290,CUST_1099,2024-09-14,Subscription Box,Google Search,632.57,287.88,Completed
ORD_2291,CUST_849,2024-03-24,Premium Box,TikTok,386.8,157.06,Completed
ORD_2292,CUST_1190,2024-03-21,Gift Card,Partnership,468.85,344.2,Completed
ORD_2293,CUST_892,2024-10-13,Subscription Box,Google Search,64.13,28.98,Cancelled
ORD_2294,CUST_990,2024-08-02,Subscription Box,Event Walk-in,142.41,70.32,Completed
ORD_2295,CUST_263,2024-03-13,Limited Collection,Instagram,172.02,66.4,Completed
ORD_2296,CUST_65,2025-04-10,Subscription Box,LinkedIn,131.26,65.48,Completed
ORD_2297,CUST_1199,2024-03-09,Limited Collection,Event Walk-in,107.26,73.42,Completed
ORD_2298,CUST_228,2024-08-02,Accessories,TikTok,689.69,505.99,Completed
ORD_2299,CUST_71,2024-11-23,Accessories,Partnership,584.79,412.38,Refunded
ORD_2300,CUST_728,2025-01-05,Limited Collection,Event Walk-in,87.84,39.99,Completed
ORD_2301,CUST_997,2024-04-19,Beauty,LinkedIn,531.12,209.41,Cancelled
ORD_2302,CUST_193,2024-06-01,Accessories,Google Search,481.36,353.3,Completed
ORD_2303,CUST_1009,2025-03-29,Fashion,Partnership,126.68,45.23,Cancelled
ORD_2304,CUST_172,2025-05-26,Beauty,TikTok,692.46,310.67,Completed
ORD_2305,CUST_985,2024-04-15,Beauty,Partnership,552.98,263.72,Completed
ORD_2306,CUST_955,2024-01-22,Accessories,Event Walk-in,656.71,416.86,Completed
ORD_2307,CUST_980,2024-01-07,Premium Box,TikTok,585.5,413.0,Refunded
ORD_2308,CUST_423,2025-02-25,Accessories,Event Walk-in,432.3,189.53,Completed
ORD_2309,CUST_224,2025-05-09,Fashion,Instagram,675.41,398.5,Completed
ORD_2310,CUST_323,2025-01-28,Gift Card,TikTok,264.53,128.57,Completed
ORD_2311,CUST_1088,2024-10-03,Beauty,Partnership,152.04,54.56,Completed
ORD_2312,CUST_1372,2024-04-23,Beauty,Instagram,283.96,108.01,Completed
ORD_2313,CUST_886,2024-12-07,Beauty,Google Search,34.09,15.67,Completed
ORD_2314,CUST_29,2024-10-15,Limited Collection,Event Walk-in,655.1,360.7,Completed
ORD_2315,CUST_58,2025-04-24,Subscription Box,TikTok,473.53,173.14,Completed
ORD_2316,CUST_615,2024-01-24,Subscription Box,Google Search,296.46,127.21,Completed
ORD_2317,CUST_1032,2025-06-28,Subscription Box,Referral,148.24,74.73,Completed
ORD_2318,CUST_311,2024-12-21,Gift Card,Event Walk-in,553.09,411.67,Cancelled
ORD_2319,CUST_7,2024-10-10,Accessories,Google Search,290.93,208.98,Completed
ORD_2320,CUST_911,2024-02-25,Beauty,TikTok,322.57,233.1,Completed
ORD_2321,CUST_480,2025-03-30,Gift Card,Google Search,189.39,67.48,Completed
ORD_2322,CUST_783,2025-01-22,Gift Card,LinkedIn,681.37,242.31,Completed
ORD_2323,CUST_1358,2024-04-08,Limited Collection,Partnership,662.21,359.09,Cancelled
ORD_2324,CUST_155,2025-03-09,Subscription Box,Instagram,298.92,207.34,Completed
ORD_2325,CUST_1486,2025-05-11,Beauty,LinkedIn,340.49,136.25,Completed
ORD_2326,CUST_239,2025-04-04,Limited Collection,Partnership,93.94,33.09,Completed
ORD_2327,CUST_962,2024-10-17,Accessories,Partnership,56.68,41.22,Refunded
ORD_2328,CUST_344,2024-12-25,Fashion,TikTok,325.85,164.22,Completed
ORD_2329,CUST_61,2024-02-09,Premium Box,Instagram,418.86,223.98,Completed
ORD_2330,CUST_426,2024-10-31,Gift Card,Google Search,367.31,150.3,Completed
ORD_2331,CUST_371,2024-01-08,Subscription Box,Instagram,442.0,282.41,Completed
ORD_2332,CUST_447,2024-07-15,Fashion,Event Walk-in,101.53,66.17,Completed
ORD_2333,CUST_1400,2024-10-10,Accessories,Instagram,128.22,68.1,Completed
ORD_2334,CUST_272,2025-05-16,Fashion,TikTok,270.27,177.56,Completed
ORD_2335,CUST_146,2025-06-15,Accessories,Referral,502.26,206.79,Completed
ORD_2336,CUST_1328,2025-03-31,Gift Card,LinkedIn,533.12,233.27,Cancelled
ORD_2337,CUST_571,2024-10-03,Beauty,Event Walk-in,235.11,103.02,Completed
ORD_2338,CUST_259,2025-04-16,Beauty,LinkedIn,610.23,346.39,Completed
ORD_2339,CUST_908,2024-09-21,Limited Collection,TikTok,667.54,285.03,Refunded
ORD_2340,CUST_160,2024-05-08,Accessories,Instagram,604.71,313.05,Cancelled
ORD_2341,CUST_1472,2025-03-05,Limited Collection,Google Search,130.99,52.77,Completed
ORD_2342,CUST_510,2025-06-05,Subscription Box,TikTok,482.7,298.96,Cancelled
ORD_2343,CUST_274,2024-07-17,Beauty,TikTok,234.01,108.23,Completed
ORD_2344,CUST_471,2024-12-06,Subscription Box,Referral,129.65,56.48,Completed
ORD_2345,CUST_219,2024-08-14,Accessories,Event Walk-in,206.94,98.62,Completed
ORD_2346,CUST_1151,2024-07-05,Premium Box,Event Walk-in,279.6,107.33,Refunded
ORD_2347,CUST_896,2024-09-24,Gift Card,TikTok,538.28,308.87,Completed
ORD_2348,CUST_246,2024-01-08,Beauty,Event Walk-in,443.63,158.77,Completed
ORD_2349,CUST_420,2024-09-17,Premium Box,LinkedIn,329.47,203.18,Refunded
ORD_2350,CUST_973,2024-08-12,Premium Box,Referral,582.56,278.09,Refunded
ORD_2351,CUST_375,2024-12-13,Limited Collection,LinkedIn,397.02,263.78,Refunded
ORD_2352,CUST_1078,2025-05-17,Gift Card,Partnership,96.5,52.96,Completed
ORD_2353,CUST_745,2024-06-15,Beauty,Partnership,231.9,112.66,Completed
ORD_2354,CUST_390,2024-06-13,Gift Card,Partnership,374.24,239.71,Refunded
ORD_2355,CUST_687,2024-02-04,Gift Card,Partnership,677.54,332.97,Completed
ORD_2356,CUST_731,2024-06-02,Beauty,Partnership,631.1,442.48,Completed
ORD_2357,CUST_118,2024-10-14,Beauty,Instagram,301.23,218.49,Cancelled
ORD_2358,CUST_741,2024-02-18,Beauty,Referral,183.27,124.77,Completed
ORD_2359,CUST_52,2025-05-05,Gift Card,Instagram,485.66,185.66,Completed
ORD_2360,CUST_268,2024-11-04,Accessories,TikTok,260.21,109.67,Refunded
ORD_2361,CUST_1475,2024-08-03,Accessories,TikTok,597.04,349.12,Completed
ORD_2362,CUST_480,2024-02-25,Beauty,Google Search,133.28,95.05,Completed
ORD_2363,CUST_979,2025-02-25,Beauty,Referral,414.87,248.41,Completed
ORD_2364,CUST_98,2025-02-16,Premium Box,Partnership,530.15,189.24,Completed
ORD_2365,CUST_269,2024-10-13,Gift Card,Referral,425.15,284.42,Completed
ORD_2366,CUST_174,2025-02-20,Subscription Box,LinkedIn,125.12,68.43,Completed
ORD_2367,CUST_298,2025-01-19,Gift Card,Event Walk-in,211.1,121.72,Completed
ORD_2368,CUST_469,2024-11-07,Limited Collection,Partnership,667.4,264.01,Completed
ORD_2369,CUST_499,2025-05-06,Limited Collection,TikTok,612.87,409.86,Completed
ORD_2370,CUST_932,2024-11-24,Subscription Box,Instagram,506.21,216.66,Completed
ORD_2371,CUST_918,2024-08-13,Gift Card,TikTok,377.2,199.62,Completed
ORD_2372,CUST_141,2024-11-13,Accessories,Instagram,121.15,57.3,Completed
ORD_2373,CUST_1227,2024-11-24,Beauty,TikTok,143.39,101.04,Completed
ORD_2374,CUST_1286,2025-02-03,Premium Box,Instagram,566.09,380.69,Completed
ORD_2375,CUST_431,2025-05-18,Subscription Box,LinkedIn,279.84,185.86,Completed
ORD_2376,CUST_384,2024-11-15,Subscription Box,Event Walk-in,70.19,44.83,Refunded
ORD_2377,CUST_1486,2024-08-02,Fashion,LinkedIn,520.79,213.49,Completed
ORD_2378,CUST_465,2025-06-21,Gift Card,Event Walk-in,553.17,316.86,Completed
ORD_2379,CUST_396,2025-02-11,Premium Box,Instagram,557.95,277.01,Completed
ORD_2380,CUST_806,2024-09-06,Subscription Box,Referral,197.15,142.9,Completed
ORD_2381,CUST_557,2025-06-08,Subscription Box,Instagram,55.39,38.33,Completed
ORD_2382,CUST_352,2024-03-24,Fashion,Instagram,442.72,190.33,Completed
ORD_2383,CUST_680,2024-04-25,Premium Box,Event Walk-in,81.25,57.8,Completed
ORD_2384,CUST_204,2024-10-29,Limited Collection,Instagram,121.93,68.25,Completed
ORD_2385,CUST_1331,2025-04-12,Fashion,Google Search,558.38,336.79,Completed
ORD_2386,CUST_1011,2024-09-22,Gift Card,Referral,375.22,233.58,Completed
ORD_2387,CUST_76,2024-03-13,Gift Card,Partnership,320.04,197.14,Refunded
ORD_2388,CUST_1395,2024-09-23,Fashion,Event Walk-in,489.03,287.32,Refunded
ORD_2389,CUST_18,2025-03-14,Accessories,LinkedIn,626.51,276.65,Completed
ORD_2390,CUST_1171,2025-05-20,Premium Box,Google Search,255.7,168.04,Completed
ORD_2391,CUST_1152,2024-07-04,Premium Box,Google Search,526.45,243.3,Completed
ORD_2392,CUST_808,2024-10-07,Limited Collection,TikTok,499.57,287.41,Refunded
ORD_2393,CUST_761,2025-04-14,Accessories,Google Search,676.12,378.67,Completed
ORD_2394,CUST_634,2024-12-22,Fashion,Partnership,686.74,380.37,Completed
ORD_2395,CUST_713,2024-09-11,Accessories,LinkedIn,477.08,267.36,Refunded
ORD_2396,CUST_479,2025-02-27,Beauty,Instagram,657.69,415.35,Completed
ORD_2397,CUST_655,2024-08-09,Beauty,LinkedIn,503.67,241.45,Completed
ORD_2398,CUST_1314,2024-11-29,Premium Box,Event Walk-in,91.45,59.55,Completed
ORD_2399,CUST_294,2024-04-21,Accessories,LinkedIn,597.94,256.16,Completed
ORD_2400,CUST_173,2024-06-06,Beauty,TikTok,637.52,411.99,Completed
ORD_2401,CUST_781,2024-08-06,Subscription Box,Event Walk-in,539.72,378.3,Completed
ORD_2402,CUST_1246,2024-11-02,Premium Box,Instagram,44.13,24.56,Completed
ORD_2403,CUST_284,2024-12-16,Limited Collection,Google Search,336.74,178.45,Completed
ORD_2404,CUST_723,2025-02-22,Gift Card,Event Walk-in,405.43,148.6,Completed
ORD_2405,CUST_1159,2025-03-19,Fashion,LinkedIn,151.0,111.26,Completed
ORD_2406,CUST_174,2024-08-11,Beauty,LinkedIn,493.87,195.69,Completed
ORD_2407,CUST_713,2024-11-01,Accessories,LinkedIn,480.8,318.7,Completed
ORD_2408,CUST_919,2025-01-26,Premium Box,TikTok,568.01,376.73,Completed
ORD_2409,CUST_677,2025-01-28,Limited Collection,Instagram,326.9,234.73,Completed
ORD_2410,CUST_1275,2024-07-28,Limited Collection,Partnership,636.53,292.78,Completed
ORD_2411,CUST_489,2025-01-15,Gift Card,Referral,567.67,217.82,Completed
ORD_2412,CUST_881,2024-04-13,Subscription Box,TikTok,377.82,193.12,Completed
ORD_2413,CUST_766,2024-08-17,Premium Box,Event Walk-in,609.09,229.03,Cancelled
ORD_2414,CUST_1367,2024-12-12,Gift Card,Event Walk-in,228.88,116.28,Completed
ORD_2415,CUST_1238,2024-06-12,Limited Collection,Google Search,558.24,413.81,Completed
ORD_2416,CUST_1152,2024-08-18,Fashion,Google Search,579.88,344.79,Completed
ORD_2417,CUST_1236,2024-03-23,Gift Card,LinkedIn,446.64,173.17,Completed
ORD_2418,CUST_1017,2025-06-11,Premium Box,Referral,535.94,256.76,Completed
ORD_2419,CUST_733,2024-09-27,Subscription Box,Instagram,246.94,145.19,Completed
ORD_2420,CUST_508,2025-04-03,Limited Collection,Google Search,431.82,311.06,Cancelled
ORD_2421,CUST_924,2025-06-22,Premium Box,TikTok,647.92,245.94,Completed
ORD_2422,CUST_746,2024-01-04,Premium Box,Event Walk-in,348.9,200.32,Completed
ORD_2423,CUST_541,2024-03-29,Fashion,Google Search,400.05,214.13,Completed
ORD_2424,CUST_896,2024-09-16,Accessories,TikTok,417.17,181.96,Completed
ORD_2425,CUST_1303,2024-05-26,Premium Box,Instagram,70.49,36.97,Completed
ORD_2426,CUST_691,2025-05-25,Gift Card,Event Walk-in,159.35,68.24,Completed
ORD_2427,CUST_388,2025-04-23,Gift Card,TikTok,538.92,313.22,Completed
ORD_2428,CUST_1280,2024-04-26,Accessories,Partnership,546.71,383.06,Completed
ORD_2429,CUST_252,2025-04-18,Accessories,Referral,650.75,254.29,Cancelled
ORD_2430,CUST_907,2024-01-22,Accessories,TikTok,603.87,315.83,Completed
ORD_2431,CUST_250,2024-03-20,Limited Collection,Google Search,481.23,207.55,Completed
ORD_2432,CUST_613,2024-11-02,Gift Card,Event Walk-in,571.71,228.75,Refunded
ORD_2433,CUST_806,2024-11-22,Gift Card,Referral,481.78,179.12,Completed
ORD_2434,CUST_882,2024-05-05,Premium Box,TikTok,312.48,211.24,Completed
ORD_2435,CUST_571,2025-02-03,Fashion,Event Walk-in,143.46,91.45,Completed
ORD_2436,CUST_568,2024-05-25,Premium Box,LinkedIn,541.5,290.43,Completed
ORD_2437,CUST_661,2024-10-30,Accessories,Partnership,522.12,208.03,Completed
ORD_2438,CUST_763,2024-06-20,Subscription Box,Referral,590.52,398.65,Completed
ORD_2439,CUST_1235,2024-12-02,Subscription Box,Instagram,581.64,430.52,Completed
ORD_2440,CUST_1000,2025-05-28,Limited Collection,Event Walk-in,654.12,380.67,Completed
ORD_2441,CUST_1480,2024-08-11,Gift Card,TikTok,91.86,55.64,Completed
ORD_2442,CUST_40,2024-04-28,Fashion,Google Search,642.54,254.87,Completed
ORD_2443,CUST_725,2024-12-19,Premium Box,Instagram,180.11,100.44,Completed
ORD_2444,CUST_359,2024-08-17,Fashion,Partnership,161.37,110.21,Completed
ORD_2445,CUST_1157,2024-04-29,Fashion,Google Search,95.99,51.49,Completed
ORD_2446,CUST_553,2024-07-02,Accessories,Google Search,171.33,78.17,Completed
ORD_2447,CUST_1360,2024-05-03,Subscription Box,TikTok,328.82,131.24,Cancelled
ORD_2448,CUST_118,2025-01-02,Accessories,Instagram,647.21,309.37,Completed
ORD_2449,CUST_698,2025-04-13,Beauty,TikTok,684.16,433.4,Completed
ORD_2450,CUST_1087,2024-08-21,Fashion,Instagram,451.78,305.23,Completed
ORD_2451,CUST_838,2024-02-23,Limited Collection,Partnership,675.0,262.55,Completed
ORD_2452,CUST_542,2025-03-21,Premium Box,Instagram,126.41,86.66,Completed
ORD_2453,CUST_1450,2024-02-24,Accessories,LinkedIn,266.74,115.4,Refunded
ORD_2454,CUST_160,2024-05-12,Gift Card,Instagram,444.27,313.0,Completed
ORD_2455,CUST_622,2025-04-04,Limited Collection,Google Search,324.39,166.67,Completed
ORD_2456,CUST_897,2024-08-06,Accessories,Google Search,572.06,300.76,Completed
ORD_2457,CUST_978,2024-02-17,Subscription Box,LinkedIn,497.52,352.96,Completed
ORD_2458,CUST_1065,2024-10-04,Beauty,TikTok,197.29,112.47,Completed
ORD_2459,CUST_822,2025-06-24,Beauty,LinkedIn,51.82,18.93,Completed
ORD_2460,CUST_1438,2025-01-03,Limited Collection,LinkedIn,123.61,54.4,Completed
ORD_2461,CUST_361,2024-10-13,Subscription Box,Partnership,57.65,42.36,Completed
ORD_2462,CUST_941,2025-05-11,Premium Box,Referral,74.65,47.48,Refunded
ORD_2463,CUST_1440,2024-03-21,Limited Collection,Partnership,229.01,104.1,Completed
ORD_2464,CUST_459,2025-03-04,Accessories,Event Walk-in,89.65,57.07,Cancelled
ORD_2465,CUST_585,2025-06-14,Gift Card,Partnership,400.77,292.53,Refunded
ORD_2466,CUST_125,2024-03-18,Beauty,Partnership,252.56,182.58,Completed
ORD_2467,CUST_1159,2024-08-31,Accessories,LinkedIn,499.26,186.47,Completed
ORD_2468,CUST_811,2024-02-05,Accessories,Google Search,235.85,137.25,Completed
ORD_2469,CUST_729,2024-07-28,Subscription Box,Partnership,628.72,389.75,Completed
ORD_2470,CUST_1443,2025-02-05,Beauty,Referral,246.66,155.63,Completed
ORD_2471,CUST_148,2024-08-19,Accessories,Partnership,136.29,64.65,Completed
ORD_2472,CUST_537,2024-10-03,Gift Card,Instagram,202.01,80.77,Cancelled
ORD_2473,CUST_822,2024-08-02,Premium Box,LinkedIn,125.74,81.2,Completed
ORD_2474,CUST_251,2024-09-08,Subscription Box,Google Search,521.88,197.17,Cancelled
ORD_2475,CUST_1049,2025-06-14,Subscription Box,Google Search,74.41,52.73,Refunded
ORD_2476,CUST_1437,2025-04-30,Fashion,Google Search,131.21,47.6,Completed
ORD_2477,CUST_1356,2025-04-25,Fashion,Instagram,406.52,203.89,Refunded
ORD_2478,CUST_920,2025-03-18,Beauty,Google Search,336.41,172.88,Completed
ORD_2479,CUST_488,2025-06-03,Accessories,Google Search,21.26,8.66,Completed
ORD_2480,CUST_1120,2025-01-17,Accessories,Event Walk-in,384.67,257.41,Completed
ORD_2481,CUST_49,2024-02-15,Gift Card,LinkedIn,188.33,120.22,Completed
ORD_2482,CUST_1305,2025-03-16,Accessories,TikTok,255.19,123.08,Completed
ORD_2483,CUST_633,2024-09-30,Premium Box,LinkedIn,376.49,181.57,Completed
ORD_2484,CUST_188,2024-10-13,Limited Collection,Referral,382.3,279.13,Completed
ORD_2485,CUST_228,2025-06-08,Subscription Box,TikTok,338.24,211.98,Refunded
ORD_2486,CUST_52,2024-12-26,Premium Box,Instagram,631.78,265.46,Completed
ORD_2487,CUST_487,2024-05-05,Premium Box,Instagram,250.97,97.97,Completed
ORD_2488,CUST_1446,2025-05-30,Accessories,TikTok,660.2,484.83,Completed
ORD_2489,CUST_1260,2025-02-27,Premium Box,Referral,213.08,132.36,Cancelled
ORD_2490,CUST_135,2025-03-26,Limited Collection,TikTok,572.26,309.6,Completed
ORD_2491,CUST_1273,2024-08-24,Gift Card,TikTok,132.04,79.22,Completed
ORD_2492,CUST_737,2025-04-06,Subscription Box,LinkedIn,355.51,208.17,Completed
ORD_2493,CUST_1266,2024-08-08,Limited Collection,Event Walk-in,217.35,105.06,Completed
ORD_2494,CUST_1365,2024-08-20,Gift Card,Partnership,150.79,87.2,Completed
ORD_2495,CUST_1220,2024-03-18,Subscription Box,LinkedIn,68.57,26.01,Completed
ORD_2496,CUST_730,2024-08-01,Beauty,Instagram,636.0,297.64,Completed
ORD_2497,CUST_290,2024-01-23,Beauty,LinkedIn,190.98,77.75,Completed
ORD_2498,CUST_1428,2025-02-10,Fashion,TikTok,37.73,24.4,Completed
ORD_2499,CUST_350,2025-03-24,Gift Card,Google Search,665.36,497.55,Completed
ORD_2500,CUST_738,2024-10-19,Beauty,Event Walk-in,524.07,252.58,Refunded
ORD_2501,CUST_768,2024-07-12,Subscription Box,TikTok,488.54,171.26,Completed
ORD_2502,CUST_81,2024-07-23,Premium Box,Instagram,18.29,7.63,Completed
ORD_2503,CUST_373,2024-01-09,Gift Card,Event Walk-in,488.96,276.34,Completed
ORD_2504,CUST_1196,2024-03-22,Premium Box,TikTok,34.73,14.89,Completed
ORD_2505,CUST_467,2025-03-19,Accessories,TikTok,322.96,181.9,Completed
ORD_2506,CUST_708,2024-01-22,Premium Box,Instagram,265.4,128.57,Completed
ORD_2507,CUST_346,2025-02-16,Subscription Box,Referral,50.16,30.23,Completed
ORD_2508,CUST_759,2024-05-30,Fashion,Referral,75.85,35.23,Completed
ORD_2509,CUST_658,2025-02-27,Accessories,Instagram,548.69,250.21,Completed
ORD_2510,CUST_783,2025-01-21,Accessories,LinkedIn,29.34,21.99,Completed
ORD_2511,CUST_718,2024-08-14,Gift Card,Google Search,128.65,55.33,Completed
ORD_2512,CUST_877,2024-08-02,Premium Box,TikTok,391.76,214.08,Completed
ORD_2513,CUST_632,2024-04-26,Beauty,TikTok,531.99,227.11,Refunded
ORD_2514,CUST_1271,2024-05-26,Subscription Box,Event Walk-in,558.29,270.52,Completed
ORD_2515,CUST_471,2024-05-23,Beauty,Referral,181.28,78.0,Completed
ORD_2516,CUST_1375,2024-02-29,Accessories,Event Walk-in,447.41,172.76,Cancelled
ORD_2517,CUST_1130,2024-07-06,Fashion,Referral,125.99,60.55,Completed
ORD_2518,CUST_26,2025-05-18,Limited Collection,Referral,121.33,86.15,Completed
ORD_2519,CUST_840,2024-07-09,Fashion,Google Search,659.73,370.72,Completed
ORD_2520,CUST_1362,2025-04-01,Limited Collection,Google Search,217.44,156.77,Refunded
ORD_2521,CUST_153,2024-08-08,Premium Box,Event Walk-in,246.43,152.93,Completed
ORD_2522,CUST_1283,2024-04-04,Beauty,Google Search,628.53,260.56,Completed
ORD_2523,CUST_1491,2024-12-09,Subscription Box,Google Search,97.46,55.21,Completed
ORD_2524,CUST_40,2024-08-10,Gift Card,Google Search,259.61,120.48,Completed
ORD_2525,CUST_624,2025-04-27,Gift Card,Partnership,626.84,329.22,Completed
ORD_2526,CUST_23,2024-01-08,Fashion,Instagram,37.75,22.99,Completed
ORD_2527,CUST_150,2024-05-12,Limited Collection,Partnership,333.03,193.51,Completed
ORD_2528,CUST_233,2024-05-12,Limited Collection,Instagram,347.96,232.62,Completed
ORD_2529,CUST_1134,2024-01-25,Fashion,TikTok,197.54,144.88,Completed
ORD_2530,CUST_1210,2025-03-30,Fashion,Partnership,583.59,299.97,Completed
ORD_2531,CUST_758,2024-11-24,Premium Box,LinkedIn,454.93,298.07,Refunded
ORD_2532,CUST_1352,2024-01-08,Gift Card,Google Search,312.98,212.6,Completed
ORD_2533,CUST_1269,2024-11-25,Fashion,Event Walk-in,181.75,99.29,Refunded
ORD_2534,CUST_856,2025-04-28,Gift Card,Google Search,320.59,234.29,Completed
ORD_2535,CUST_1013,2024-03-21,Fashion,LinkedIn,107.72,57.36,Cancelled
ORD_2536,CUST_1233,2024-06-08,Limited Collection,LinkedIn,532.19,395.66,Completed
ORD_2537,CUST_375,2025-02-25,Limited Collection,LinkedIn,38.88,17.24,Completed
ORD_2538,CUST_834,2024-11-15,Limited Collection,Google Search,599.9,391.2,Completed
ORD_2539,CUST_1256,2024-05-31,Subscription Box,Google Search,319.93,174.93,Completed
ORD_2540,CUST_497,2024-08-17,Fashion,Instagram,384.85,150.64,Completed
ORD_2541,CUST_275,2024-01-15,Gift Card,Referral,140.31,55.04,Completed
ORD_2542,CUST_790,2024-08-11,Beauty,Google Search,139.88,49.27,Completed
ORD_2543,CUST_1393,2024-08-28,Premium Box,Google Search,192.02,67.57,Completed
ORD_2544,CUST_1384,2024-07-22,Gift Card,TikTok,91.72,66.14,Completed
ORD_2545,CUST_934,2024-11-02,Gift Card,Partnership,243.1,123.2,Refunded
ORD_2546,CUST_670,2024-10-17,Premium Box,Instagram,130.88,75.24,Completed
ORD_2547,CUST_1206,2024-03-19,Limited Collection,LinkedIn,81.55,56.99,Completed
ORD_2548,CUST_52,2025-01-08,Premium Box,Instagram,471.82,321.23,Completed
ORD_2549,CUST_949,2024-11-23,Limited Collection,TikTok,280.36,207.29,Completed
ORD_2550,CUST_517,2024-04-23,Gift Card,Event Walk-in,62.01,35.03,Completed
ORD_2551,CUST_740,2025-02-11,Gift Card,Event Walk-in,429.79,191.28,Cancelled
ORD_2552,CUST_563,2024-10-22,Gift Card,Google Search,146.13,98.36,Refunded
ORD_2553,CUST_508,2024-07-07,Beauty,Google Search,587.34,382.62,Refunded
ORD_2554,CUST_649,2024-03-06,Gift Card,Instagram,289.42,160.16,Completed
ORD_2555,CUST_520,2025-05-31,Limited Collection,Partnership,323.1,119.82,Completed
ORD_2556,CUST_1389,2024-12-17,Gift Card,Referral,668.46,244.57,Completed
ORD_2557,CUST_262,2024-08-03,Gift Card,Event Walk-in,192.47,109.32,Completed
ORD_2558,CUST_1439,2024-02-12,Fashion,Google Search,417.9,263.64,Refunded
ORD_2559,CUST_1116,2024-02-09,Gift Card,TikTok,308.87,220.15,Completed
ORD_2560,CUST_1036,2025-06-14,Gift Card,LinkedIn,293.61,119.76,Completed
ORD_2561,CUST_1357,2024-01-08,Premium Box,Google Search,584.03,270.13,Completed
ORD_2562,CUST_302,2024-05-31,Gift Card,Referral,20.77,14.64,Completed
ORD_2563,CUST_86,2025-05-24,Accessories,Partnership,606.44,333.5,Cancelled
ORD_2564,CUST_207,2025-03-26,Limited Collection,Event Walk-in,296.3,213.61,Completed
ORD_2565,CUST_736,2024-02-05,Fashion,Google Search,282.05,194.15,Completed
ORD_2566,CUST_376,2024-11-12,Accessories,TikTok,82.94,62.09,Completed
ORD_2567,CUST_926,2025-06-05,Limited Collection,Instagram,74.82,54.01,Completed
ORD_2568,CUST_1393,2024-10-02,Accessories,Google Search,269.34,94.95,Completed
ORD_2569,CUST_249,2024-09-11,Premium Box,Event Walk-in,443.69,206.88,Completed
ORD_2570,CUST_1045,2024-09-30,Limited Collection,Google Search,16.05,5.86,Completed
ORD_2571,CUST_577,2024-04-04,Subscription Box,LinkedIn,594.44,328.02,Completed
ORD_2572,CUST_1263,2024-12-05,Limited Collection,Partnership,165.65,120.19,Completed
ORD_2573,CUST_1172,2025-05-26,Fashion,Partnership,392.84,162.52,Completed
ORD_2574,CUST_1408,2024-05-13,Limited Collection,Google Search,408.32,169.46,Completed
ORD_2575,CUST_44,2024-07-13,Fashion,LinkedIn,152.18,96.41,Completed
ORD_2576,CUST_1200,2024-03-08,Accessories,LinkedIn,396.61,241.42,Completed
ORD_2577,CUST_117,2024-03-11,Limited Collection,Event Walk-in,369.2,190.66,Refunded
ORD_2578,CUST_657,2024-01-11,Accessories,Instagram,227.06,97.95,Completed
ORD_2579,CUST_556,2025-03-31,Subscription Box,Instagram,100.78,52.65,Completed
ORD_2580,CUST_458,2024-06-28,Beauty,Instagram,22.04,10.62,Cancelled
ORD_2581,CUST_709,2024-04-02,Fashion,Instagram,603.03,240.32,Completed
ORD_2582,CUST_486,2024-06-05,Subscription Box,TikTok,570.64,307.22,Completed
ORD_2583,CUST_288,2024-12-22,Fashion,Event Walk-in,559.65,359.33,Completed
ORD_2584,CUST_937,2025-02-03,Beauty,Google Search,160.87,92.48,Completed
ORD_2585,CUST_1067,2025-01-20,Subscription Box,Event Walk-in,25.83,11.31,Completed
ORD_2586,CUST_316,2024-10-27,Accessories,Event Walk-in,43.11,22.59,Refunded
ORD_2587,CUST_710,2025-04-24,Subscription Box,LinkedIn,398.15,222.92,Completed
ORD_2588,CUST_69,2025-03-18,Subscription Box,Partnership,453.35,284.24,Completed
ORD_2589,CUST_309,2025-02-28,Fashion,TikTok,572.37,391.51,Completed
ORD_2590,CUST_112,2025-03-13,Gift Card,Referral,434.31,229.4,Completed
ORD_2591,CUST_821,2024-07-10,Limited Collection,Event Walk-in,546.18,376.75,Cancelled
ORD_2592,CUST_712,2024-05-08,Gift Card,LinkedIn,598.59,228.72,Refunded
ORD_2593,CUST_1158,2024-11-04,Beauty,LinkedIn,221.7,129.11,Completed
ORD_2594,CUST_580,2025-05-19,Accessories,Event Walk-in,484.02,197.46,Completed
ORD_2595,CUST_584,2024-03-31,Fashion,Partnership,494.86,306.09,Refunded
ORD_2596,CUST_540,2024-11-12,Fashion,Partnership,545.25,280.45,Completed
ORD_2597,CUST_100,2024-01-30,Limited Collection,TikTok,236.68,147.19,Completed
ORD_2598,CUST_590,2024-06-02,Accessories,LinkedIn,612.68,442.55,Refunded
ORD_2599,CUST_981,2024-07-02,Beauty,Event Walk-in,691.5,498.74,Completed
ORD_2600,CUST_1272,2024-12-18,Fashion,Google Search,203.2,152.09,Completed
ORD_2601,CUST_837,2025-02-27,Limited Collection,Partnership,295.19,183.84,Completed
ORD_2602,CUST_1144,2024-11-28,Fashion,LinkedIn,524.07,290.75,Completed
ORD_2603,CUST_789,2024-06-04,Subscription Box,Google Search,338.17,170.18,Completed
ORD_2604,CUST_1118,2025-06-10,Fashion,Referral,681.19,479.8,Cancelled
ORD_2605,CUST_1278,2024-11-13,Limited Collection,Referral,520.3,283.54,Refunded
ORD_2606,CUST_184,2024-01-26,Subscription Box,Instagram,615.89,334.08,Completed
ORD_2607,CUST_306,2025-03-04,Limited Collection,TikTok,174.78,125.92,Completed
ORD_2608,CUST_393,2024-02-14,Limited Collection,Google Search,454.01,229.0,Completed
ORD_2609,CUST_1493,2024-12-08,Gift Card,Referral,376.88,282.17,Cancelled
ORD_2610,CUST_1118,2025-05-01,Gift Card,Referral,603.53,227.04,Refunded
ORD_2611,CUST_185,2024-09-22,Beauty,Referral,685.06,309.4,Completed
ORD_2612,CUST_653,2024-10-16,Premium Box,Google Search,606.68,288.76,Completed
ORD_2613,CUST_435,2024-01-23,Limited Collection,Event Walk-in,49.92,18.13,Completed
ORD_2614,CUST_726,2025-03-27,Accessories,TikTok,263.54,159.16,Refunded
ORD_2615,CUST_854,2025-01-30,Beauty,Partnership,469.65,318.47,Completed
ORD_2616,CUST_108,2025-06-18,Subscription Box,Instagram,47.4,33.4,Completed
ORD_2617,CUST_487,2024-04-28,Beauty,Instagram,409.14,261.85,Completed
ORD_2618,CUST_179,2024-07-15,Accessories,LinkedIn,590.73,306.5,Completed
ORD_2619,CUST_386,2024-02-25,Subscription Box,TikTok,71.02,51.73,Completed
ORD_2620,CUST_1077,2024-03-16,Fashion,Google Search,667.19,494.32,Completed
ORD_2621,CUST_473,2025-05-03,Fashion,Google Search,568.9,231.01,Completed
ORD_2622,CUST_855,2024-09-01,Subscription Box,Google Search,87.85,33.76,Completed
ORD_2623,CUST_161,2024-05-22,Beauty,Referral,610.0,284.32,Completed
ORD_2624,CUST_544,2024-01-25,Premium Box,Event Walk-in,215.77,145.85,Completed
ORD_2625,CUST_852,2024-11-13,Gift Card,Referral,265.73,172.77,Completed
ORD_2626,CUST_764,2025-01-13,Premium Box,Google Search,259.08,174.71,Refunded
ORD_2627,CUST_1412,2025-06-04,Subscription Box,LinkedIn,164.06,89.68,Refunded
ORD_2628,CUST_891,2025-06-27,Beauty,Referral,517.43,281.64,Completed
ORD_2629,CUST_605,2025-02-06,Subscription Box,TikTok,542.92,214.44,Completed
ORD_2630,CUST_350,2024-04-08,Premium Box,Google Search,507.64,320.0,Completed
ORD_2631,CUST_233,2024-08-18,Accessories,Instagram,474.31,334.0,Completed
ORD_2632,CUST_1317,2024-08-13,Subscription Box,TikTok,649.19,317.84,Completed
ORD_2633,CUST_1257,2024-04-24,Gift Card,Partnership,128.58,90.69,Completed
ORD_2634,CUST_1015,2025-05-30,Limited Collection,Instagram,627.43,314.04,Completed
ORD_2635,CUST_812,2024-11-10,Subscription Box,Event Walk-in,87.78,65.01,Completed
ORD_2636,CUST_1101,2024-11-18,Premium Box,TikTok,598.25,237.43,Completed
ORD_2637,CUST_1021,2025-03-06,Gift Card,Instagram,444.08,249.3,Completed
ORD_2638,CUST_820,2024-08-26,Beauty,Partnership,446.75,240.11,Cancelled
ORD_2639,CUST_126,2024-02-27,Accessories,Instagram,250.63,182.2,Completed
ORD_2640,CUST_636,2024-08-10,Fashion,Referral,420.06,194.02,Completed
ORD_2641,CUST_774,2024-12-13,Limited Collection,Event Walk-in,663.14,481.09,Completed
ORD_2642,CUST_536,2025-05-27,Fashion,Event Walk-in,480.87,318.11,Completed
ORD_2643,CUST_92,2025-06-09,Accessories,Partnership,195.47,107.9,Completed
ORD_2644,CUST_944,2024-01-04,Subscription Box,Partnership,313.42,164.44,Refunded
ORD_2645,CUST_1284,2024-05-08,Limited Collection,Event Walk-in,237.94,104.34,Completed
ORD_2646,CUST_953,2024-02-04,Gift Card,Event Walk-in,437.05,227.57,Completed
ORD_2647,CUST_71,2024-10-09,Limited Collection,Partnership,280.18,168.83,Completed
ORD_2648,CUST_215,2024-09-14,Subscription Box,LinkedIn,320.38,194.17,Completed
ORD_2649,CUST_190,2024-07-19,Beauty,Referral,690.28,408.24,Completed
ORD_2650,CUST_664,2024-06-29,Subscription Box,Event Walk-in,161.1,96.42,Cancelled
ORD_2651,CUST_1123,2024-07-28,Gift Card,LinkedIn,24.67,14.64,Completed
ORD_2652,CUST_1121,2024-12-27,Accessories,Partnership,113.12,52.3,Completed
ORD_2653,CUST_286,2024-12-15,Subscription Box,Google Search,678.07,372.73,Completed
ORD_2654,CUST_265,2024-06-09,Beauty,Event Walk-in,672.46,493.84,Completed
ORD_2655,CUST_1144,2025-06-28,Fashion,LinkedIn,148.52,110.96,Completed
ORD_2656,CUST_1034,2024-10-31,Subscription Box,Google Search,624.78,349.44,Completed
ORD_2657,CUST_764,2024-06-05,Premium Box,Google Search,175.79,104.06,Completed
ORD_2658,CUST_955,2024-03-07,Beauty,Event Walk-in,102.35,55.44,Refunded
ORD_2659,CUST_937,2024-10-13,Premium Box,Google Search,326.86,141.32,Completed
ORD_2660,CUST_1463,2024-07-12,Gift Card,Partnership,468.55,315.39,Completed
ORD_2661,CUST_1213,2024-04-11,Accessories,Referral,317.06,137.95,Completed
ORD_2662,CUST_97,2024-06-20,Fashion,Referral,319.22,153.7,Completed
ORD_2663,CUST_24,2024-09-28,Fashion,Partnership,591.89,442.91,Completed
ORD_2664,CUST_649,2025-06-02,Beauty,Instagram,513.45,219.73,Completed
ORD_2665,CUST_1431,2024-01-06,Premium Box,TikTok,388.32,166.65,Completed
ORD_2666,CUST_432,2024-03-18,Subscription Box,Instagram,459.58,239.11,Completed
ORD_2667,CUST_1297,2025-03-07,Gift Card,LinkedIn,318.23,124.77,Completed
ORD_2668,CUST_544,2024-02-01,Limited Collection,Event Walk-in,36.38,22.92,Completed
ORD_2669,CUST_520,2024-08-13,Subscription Box,Partnership,148.99,64.25,Completed
ORD_2670,CUST_1472,2025-03-27,Subscription Box,Google Search,569.99,413.03,Completed
ORD_2671,CUST_462,2025-03-16,Beauty,Instagram,560.72,332.66,Completed
ORD_2672,CUST_1058,2025-01-11,Accessories,TikTok,393.08,202.77,Completed
ORD_2673,CUST_536,2024-09-03,Subscription Box,Event Walk-in,414.22,226.5,Completed
ORD_2674,CUST_289,2025-04-20,Subscription Box,LinkedIn,336.86,225.43,Refunded
ORD_2675,CUST_650,2024-07-25,Fashion,Instagram,636.56,405.33,Completed
ORD_2676,CUST_1051,2024-12-01,Beauty,TikTok,664.29,247.02,Completed
ORD_2677,CUST_726,2025-01-19,Fashion,TikTok,171.18,63.57,Completed
ORD_2678,CUST_1236,2024-06-11,Accessories,LinkedIn,192.44,127.96,Cancelled
ORD_2679,CUST_347,2024-02-18,Fashion,LinkedIn,94.33,54.46,Completed
ORD_2680,CUST_835,2024-07-21,Premium Box,Google Search,138.28,79.43,Completed
ORD_2681,CUST_458,2024-12-08,Subscription Box,Instagram,131.72,69.26,Completed
ORD_2682,CUST_641,2025-06-29,Beauty,TikTok,320.12,144.83,Completed
ORD_2683,CUST_538,2024-02-16,Beauty,Event Walk-in,561.38,398.46,Completed
ORD_2684,CUST_639,2025-04-29,Gift Card,Partnership,401.77,191.45,Completed
ORD_2685,CUST_1053,2025-06-27,Limited Collection,LinkedIn,342.97,255.2,Completed
ORD_2686,CUST_450,2025-05-14,Gift Card,Partnership,561.72,299.94,Completed
ORD_2687,CUST_593,2024-09-24,Subscription Box,LinkedIn,35.25,19.55,Completed
ORD_2688,CUST_338,2024-08-22,Accessories,Instagram,522.66,330.15,Completed
ORD_2689,CUST_792,2024-02-08,Gift Card,TikTok,442.54,323.93,Completed
ORD_2690,CUST_1426,2025-03-20,Accessories,Google Search,697.53,477.25,Completed
ORD_2691,CUST_1481,2024-11-04,Limited Collection,Event Walk-in,143.39,74.78,Completed
ORD_2692,CUST_1037,2025-06-29,Gift Card,Referral,369.11,230.82,Completed
ORD_2693,CUST_200,2024-03-15,Premium Box,LinkedIn,94.25,59.24,Completed
ORD_2694,CUST_745,2024-10-12,Accessories,Partnership,556.3,397.98,Completed
ORD_2695,CUST_597,2024-07-10,Premium Box,LinkedIn,176.09,96.93,Completed
ORD_2696,CUST_1164,2025-03-02,Limited Collection,TikTok,387.35,234.46,Completed
ORD_2697,CUST_820,2024-07-22,Limited Collection,Partnership,640.94,327.32,Completed
ORD_2698,CUST_605,2024-06-03,Fashion,TikTok,283.89,211.88,Completed
ORD_2699,CUST_825,2024-03-23,Subscription Box,LinkedIn,581.3,250.2,Cancelled
ORD_2700,CUST_494,2025-01-10,Gift Card,Partnership,327.22,239.39,Completed
ORD_2701,CUST_1447,2024-01-06,Subscription Box,Instagram,182.94,113.33,Completed
ORD_2702,CUST_1484,2024-12-29,Subscription Box,Instagram,491.64,326.86,Completed
ORD_2703,CUST_114,2024-08-24,Fashion,Event Walk-in,394.56,181.67,Completed
ORD_2704,CUST_780,2024-09-13,Limited Collection,LinkedIn,640.78,307.64,Completed
ORD_2705,CUST_823,2024-04-24,Accessories,Google Search,460.32,168.81,Refunded
ORD_2706,CUST_842,2025-06-07,Subscription Box,Partnership,38.53,21.61,Completed
ORD_2707,CUST_1457,2025-02-02,Limited Collection,TikTok,454.81,288.77,Completed
ORD_2708,CUST_1129,2024-10-25,Beauty,Partnership,26.73,12.58,Completed
ORD_2709,CUST_670,2025-05-19,Beauty,Instagram,255.45,164.23,Completed
ORD_2710,CUST_287,2024-09-26,Gift Card,LinkedIn,308.58,152.64,Refunded
ORD_2711,CUST_817,2024-05-26,Limited Collection,TikTok,313.73,135.57,Completed
ORD_2712,CUST_46,2024-01-21,Fashion,Partnership,451.59,328.55,Completed
ORD_2713,CUST_834,2024-01-08,Beauty,Google Search,500.25,289.37,Completed
ORD_2714,CUST_82,2024-03-12,Fashion,TikTok,376.97,193.85,Completed
ORD_2715,CUST_756,2024-01-13,Premium Box,Referral,157.32,56.87,Completed
ORD_2716,CUST_1410,2025-04-24,Limited Collection,TikTok,276.05,156.41,Completed
ORD_2717,CUST_441,2024-06-21,Fashion,Event Walk-in,386.63,207.11,Refunded
ORD_2718,CUST_1432,2024-08-08,Accessories,Instagram,29.06,15.25,Completed
ORD_2719,CUST_364,2024-10-21,Beauty,Event Walk-in,682.68,323.04,Refunded
ORD_2720,CUST_199,2024-12-07,Beauty,Instagram,89.02,38.1,Completed
ORD_2721,CUST_990,2024-09-24,Subscription Box,Event Walk-in,299.42,163.11,Completed
ORD_2722,CUST_36,2025-05-05,Accessories,Event Walk-in,204.37,151.77,Refunded
ORD_2723,CUST_694,2024-01-22,Subscription Box,Instagram,664.38,319.75,Completed
ORD_2724,CUST_1034,2024-08-22,Limited Collection,Google Search,384.79,151.0,Completed
ORD_2725,CUST_731,2025-06-30,Limited Collection,Partnership,276.7,97.65,Completed
ORD_2726,CUST_286,2025-02-07,Fashion,Google Search,550.08,391.33,Completed
ORD_2727,CUST_1483,2025-04-13,Gift Card,Partnership,558.46,263.46,Completed
ORD_2728,CUST_660,2024-11-30,Gift Card,LinkedIn,638.01,270.32,Completed
ORD_2729,CUST_1081,2024-01-30,Premium Box,Partnership,373.45,209.28,Completed
ORD_2730,CUST_321,2024-05-26,Premium Box,TikTok,160.73,79.64,Completed
ORD_2731,CUST_74,2025-01-24,Beauty,Google Search,603.44,433.2,Completed
ORD_2732,CUST_856,2024-10-28,Beauty,Google Search,297.11,214.75,Completed
ORD_2733,CUST_1211,2025-03-21,Subscription Box,LinkedIn,219.36,81.01,Completed
ORD_2734,CUST_758,2025-02-28,Beauty,LinkedIn,506.32,229.9,Completed
ORD_2735,CUST_991,2025-03-30,Beauty,TikTok,509.34,296.29,Completed
ORD_2736,CUST_67,2024-06-19,Beauty,Google Search,576.64,393.81,Completed
ORD_2737,CUST_473,2024-06-07,Subscription Box,Google Search,476.81,257.77,Completed
ORD_2738,CUST_358,2024-03-03,Accessories,Event Walk-in,405.77,188.59,Completed
ORD_2739,CUST_1198,2024-09-01,Beauty,Google Search,444.16,267.99,Completed
ORD_2740,CUST_1229,2024-10-26,Fashion,TikTok,605.96,271.55,Completed
ORD_2741,CUST_579,2024-12-27,Accessories,Partnership,458.59,313.65,Completed
ORD_2742,CUST_735,2024-07-03,Accessories,Instagram,347.12,232.95,Completed
ORD_2743,CUST_685,2024-02-21,Beauty,Google Search,476.2,240.16,Completed
ORD_2744,CUST_662,2024-09-10,Fashion,Partnership,77.6,52.04,Completed
ORD_2745,CUST_1000,2024-04-11,Limited Collection,Event Walk-in,216.97,79.9,Completed
ORD_2746,CUST_471,2024-10-13,Gift Card,Referral,577.9,263.92,Completed
ORD_2747,CUST_600,2024-01-25,Subscription Box,TikTok,72.08,41.58,Completed
ORD_2748,CUST_450,2024-04-05,Accessories,Partnership,144.42,69.61,Completed
ORD_2749,CUST_1198,2025-06-12,Limited Collection,Google Search,377.64,275.98,Completed
ORD_2750,CUST_797,2025-04-30,Beauty,Google Search,254.62,146.12,Completed
ORD_2751,CUST_814,2024-09-29,Limited Collection,Instagram,187.66,81.69,Completed
ORD_2752,CUST_874,2024-09-22,Gift Card,Referral,653.07,313.19,Completed
ORD_2753,CUST_401,2024-04-03,Limited Collection,LinkedIn,313.73,235.01,Refunded
ORD_2754,CUST_66,2024-03-08,Gift Card,TikTok,238.09,101.33,Completed
ORD_2755,CUST_1107,2024-05-27,Accessories,LinkedIn,46.49,31.79,Completed
ORD_2756,CUST_1205,2025-02-20,Beauty,Google Search,181.27,69.14,Refunded
ORD_2757,CUST_1052,2024-10-18,Premium Box,Partnership,156.52,80.78,Completed
ORD_2758,CUST_90,2024-08-09,Accessories,Partnership,197.97,81.84,Completed
ORD_2759,CUST_799,2024-07-12,Subscription Box,Referral,190.06,83.24,Completed
ORD_2760,CUST_633,2025-04-28,Fashion,LinkedIn,209.61,134.89,Completed
ORD_2761,CUST_353,2024-11-25,Accessories,LinkedIn,658.27,482.64,Completed
ORD_2762,CUST_127,2025-02-04,Beauty,Google Search,293.98,133.13,Completed
ORD_2763,CUST_1471,2024-05-02,Accessories,Instagram,554.77,224.46,Completed
ORD_2764,CUST_72,2024-12-27,Premium Box,Instagram,634.57,365.07,Cancelled
ORD_2765,CUST_941,2024-04-23,Limited Collection,Referral,187.28,133.18,Completed
ORD_2766,CUST_1418,2025-04-05,Accessories,LinkedIn,97.2,57.47,Completed
ORD_2767,CUST_465,2024-05-27,Subscription Box,Event Walk-in,22.58,10.42,Completed
ORD_2768,CUST_342,2024-07-12,Limited Collection,TikTok,677.33,404.27,Completed
ORD_2769,CUST_50,2025-02-28,Accessories,Referral,573.44,270.97,Completed
ORD_2770,CUST_332,2025-01-09,Gift Card,LinkedIn,558.22,272.2,Completed
ORD_2771,CUST_1190,2024-09-22,Fashion,Partnership,275.19,170.83,Completed
ORD_2772,CUST_674,2025-06-08,Subscription Box,Partnership,522.11,194.84,Completed
ORD_2773,CUST_739,2024-07-03,Subscription Box,Event Walk-in,523.7,260.25,Cancelled
ORD_2774,CUST_1418,2024-10-11,Accessories,LinkedIn,451.36,318.27,Completed
ORD_2775,CUST_1035,2024-10-08,Accessories,Partnership,315.6,186.86,Completed
ORD_2776,CUST_229,2024-06-02,Accessories,LinkedIn,34.27,17.22,Completed
ORD_2777,CUST_509,2025-03-15,Subscription Box,LinkedIn,559.28,284.52,Completed
ORD_2778,CUST_931,2024-08-20,Premium Box,LinkedIn,253.08,178.08,Completed
ORD_2779,CUST_1284,2024-08-24,Premium Box,Event Walk-in,412.72,159.9,Completed
ORD_2780,CUST_1282,2024-07-25,Accessories,Event Walk-in,183.45,102.62,Completed
ORD_2781,CUST_371,2024-08-24,Premium Box,Instagram,291.12,187.54,Completed
ORD_2782,CUST_1418,2024-04-10,Accessories,LinkedIn,587.65,212.15,Completed
ORD_2783,CUST_1026,2024-02-24,Premium Box,TikTok,519.92,232.35,Completed
ORD_2784,CUST_713,2024-02-29,Limited Collection,LinkedIn,292.72,192.23,Cancelled
ORD_2785,CUST_448,2025-06-27,Beauty,Referral,38.15,28.08,Completed
ORD_2786,CUST_3,2024-09-20,Beauty,TikTok,260.03,134.37,Completed
ORD_2787,CUST_161,2025-02-05,Beauty,Referral,643.21,241.55,Completed
ORD_2788,CUST_20,2024-03-08,Fashion,LinkedIn,275.05,144.35,Completed
ORD_2789,CUST_1356,2025-01-02,Gift Card,Instagram,434.51,259.83,Completed
ORD_2790,CUST_1194,2025-05-24,Accessories,Referral,327.95,129.54,Completed
ORD_2791,CUST_265,2024-10-25,Limited Collection,Event Walk-in,51.13,19.69,Completed
ORD_2792,CUST_867,2025-02-06,Premium Box,TikTok,226.4,95.02,Completed
ORD_2793,CUST_1245,2024-05-27,Fashion,Google Search,307.28,192.55,Completed
ORD_2794,CUST_1043,2025-06-16,Beauty,Partnership,137.88,83.89,Completed
ORD_2795,CUST_1309,2024-06-19,Subscription Box,Instagram,39.8,18.56,Completed
ORD_2796,CUST_804,2025-04-12,Subscription Box,Google Search,187.53,89.21,Completed
ORD_2797,CUST_1308,2024-01-04,Limited Collection,LinkedIn,188.14,101.05,Completed
ORD_2798,CUST_560,2024-07-27,Accessories,Partnership,443.21,267.41,Refunded
ORD_2799,CUST_628,2025-02-04,Accessories,Partnership,62.0,38.88,Completed
ORD_2800,CUST_590,2024-07-20,Accessories,LinkedIn,302.42,223.23,Completed
ORD_2801,CUST_120,2024-12-10,Subscription Box,TikTok,404.41,242.91,Completed
ORD_2802,CUST_1236,2024-04-17,Gift Card,LinkedIn,75.55,41.51,Completed
ORD_2803,CUST_917,2024-06-02,Gift Card,Referral,568.08,356.02,Completed
ORD_2804,CUST_814,2024-05-16,Subscription Box,Instagram,351.69,127.92,Completed
ORD_2805,CUST_237,2024-03-24,Limited Collection,LinkedIn,109.61,77.46,Completed
ORD_2806,CUST_609,2024-06-10,Premium Box,Instagram,228.72,151.01,Completed
ORD_2807,CUST_1129,2024-03-03,Fashion,Partnership,135.56,64.74,Completed
ORD_2808,CUST_41,2024-03-07,Limited Collection,Google Search,660.56,369.68,Completed
ORD_2809,CUST_1090,2025-01-31,Premium Box,TikTok,366.42,151.11,Completed
ORD_2810,CUST_636,2024-05-25,Fashion,Referral,70.93,31.86,Completed
ORD_2811,CUST_1431,2025-04-13,Gift Card,TikTok,75.17,27.0,Completed
ORD_2812,CUST_605,2025-04-03,Accessories,TikTok,30.97,17.53,Completed
ORD_2813,CUST_583,2024-03-09,Accessories,Instagram,436.02,245.32,Completed
ORD_2814,CUST_179,2025-05-05,Gift Card,LinkedIn,510.19,321.68,Completed
ORD_2815,CUST_704,2024-10-13,Accessories,TikTok,535.75,273.59,Completed
ORD_2816,CUST_67,2024-08-17,Premium Box,Google Search,158.94,98.15,Completed
ORD_2817,CUST_1419,2025-01-31,Limited Collection,LinkedIn,279.71,137.52,Completed
ORD_2818,CUST_712,2025-04-12,Limited Collection,LinkedIn,679.77,246.04,Completed
ORD_2819,CUST_1062,2025-03-21,Beauty,Instagram,71.64,37.9,Completed
ORD_2820,CUST_1308,2024-06-02,Subscription Box,LinkedIn,21.72,10.84,Completed
ORD_2821,CUST_717,2024-09-07,Limited Collection,Google Search,422.84,220.6,Completed
ORD_2822,CUST_926,2024-02-21,Subscription Box,Instagram,524.54,390.2,Completed
ORD_2823,CUST_1005,2024-02-09,Fashion,Referral,30.36,11.48,Cancelled
ORD_2824,CUST_866,2025-06-27,Beauty,Event Walk-in,112.01,73.14,Completed
ORD_2825,CUST_642,2024-08-09,Gift Card,Referral,338.09,141.7,Completed
ORD_2826,CUST_754,2024-03-19,Premium Box,Instagram,493.56,276.62,Completed
ORD_2827,CUST_872,2024-07-28,Gift Card,Google Search,311.3,185.25,Completed
ORD_2828,CUST_947,2025-03-04,Beauty,TikTok,69.55,50.59,Completed
ORD_2829,CUST_1126,2024-03-17,Fashion,TikTok,649.86,405.76,Completed
ORD_2830,CUST_208,2025-04-09,Limited Collection,LinkedIn,134.5,64.49,Refunded
ORD_2831,CUST_414,2024-04-15,Gift Card,LinkedIn,437.12,290.53,Completed
ORD_2832,CUST_67,2025-01-27,Gift Card,Google Search,80.65,44.43,Cancelled
ORD_2833,CUST_3,2025-06-22,Premium Box,TikTok,117.11,77.64,Completed
ORD_2834,CUST_1193,2024-12-02,Gift Card,Google Search,156.68,114.94,Completed
ORD_2835,CUST_197,2024-02-19,Accessories,Partnership,516.55,288.95,Completed
ORD_2836,CUST_1045,2025-04-18,Beauty,Google Search,189.4,88.09,Completed
ORD_2837,CUST_1443,2025-02-25,Limited Collection,Referral,351.4,153.8,Completed
ORD_2838,CUST_56,2024-01-03,Fashion,Google Search,613.57,400.13,Completed
ORD_2839,CUST_202,2025-04-04,Limited Collection,Event Walk-in,366.72,155.98,Completed
ORD_2840,CUST_1241,2025-04-12,Subscription Box,Referral,28.37,21.11,Completed
ORD_2841,CUST_1385,2024-06-16,Limited Collection,Referral,545.54,298.89,Completed
ORD_2842,CUST_266,2025-02-12,Subscription Box,Partnership,263.21,170.7,Cancelled
ORD_2843,CUST_828,2024-04-11,Premium Box,Event Walk-in,171.24,78.69,Refunded
ORD_2844,CUST_1111,2024-06-06,Gift Card,LinkedIn,50.81,23.47,Completed
ORD_2845,CUST_453,2024-02-11,Limited Collection,Instagram,350.73,247.14,Completed
ORD_2846,CUST_513,2024-05-15,Limited Collection,Partnership,571.6,314.25,Completed
ORD_2847,CUST_1105,2025-01-27,Beauty,Partnership,569.34,206.0,Completed
ORD_2848,CUST_1107,2025-03-13,Gift Card,LinkedIn,588.38,388.84,Completed
ORD_2849,CUST_636,2025-04-08,Subscription Box,Referral,328.38,142.17,Completed
ORD_2850,CUST_97,2025-01-19,Premium Box,Referral,42.89,30.25,Completed
ORD_2851,CUST_62,2025-01-16,Beauty,TikTok,180.95,110.58,Completed
ORD_2852,CUST_734,2025-02-16,Fashion,Partnership,99.54,57.34,Completed
ORD_2853,CUST_215,2025-04-08,Accessories,LinkedIn,687.79,444.04,Completed
ORD_2854,CUST_1447,2024-09-19,Fashion,Instagram,80.03,37.7,Completed
ORD_2855,CUST_737,2024-10-09,Fashion,LinkedIn,421.66,246.77,Completed
ORD_2856,CUST_9,2025-06-06,Beauty,Partnership,201.61,83.34,Completed
ORD_2857,CUST_1048,2024-02-22,Fashion,Referral,396.24,153.02,Completed
ORD_2858,CUST_888,2024-11-20,Beauty,LinkedIn,468.61,218.06,Completed
ORD_2859,CUST_476,2024-05-14,Fashion,Referral,668.7,460.93,Completed
ORD_2860,CUST_1382,2025-04-25,Limited Collection,Partnership,562.75,201.73,Completed
ORD_2861,CUST_63,2025-05-24,Premium Box,TikTok,337.4,224.98,Refunded
ORD_2862,CUST_987,2025-05-29,Gift Card,Event Walk-in,542.57,358.38,Completed
ORD_2863,CUST_711,2025-02-15,Fashion,TikTok,224.43,119.22,Refunded
ORD_2864,CUST_118,2024-06-27,Accessories,Instagram,586.75,282.43,Completed
ORD_2865,CUST_145,2024-03-11,Premium Box,Partnership,218.2,79.51,Completed
ORD_2866,CUST_388,2024-02-11,Beauty,TikTok,605.89,426.9,Completed
ORD_2867,CUST_905,2024-01-04,Beauty,TikTok,114.3,55.52,Refunded
ORD_2868,CUST_80,2024-01-27,Beauty,TikTok,144.01,85.06,Completed
ORD_2869,CUST_1426,2024-07-02,Gift Card,Google Search,199.71,110.68,Completed
ORD_2870,CUST_892,2025-02-01,Premium Box,Google Search,293.31,190.91,Completed
ORD_2871,CUST_507,2025-02-27,Accessories,LinkedIn,241.02,141.13,Completed
ORD_2872,CUST_326,2025-01-03,Limited Collection,Partnership,191.77,109.59,Completed
ORD_2873,CUST_813,2025-02-23,Beauty,Instagram,577.59,375.37,Completed
ORD_2874,CUST_1423,2024-12-29,Premium Box,LinkedIn,62.75,23.73,Completed
ORD_2875,CUST_1375,2024-11-01,Beauty,Event Walk-in,245.61,171.19,Completed
ORD_2876,CUST_263,2025-06-26,Beauty,Instagram,28.77,14.62,Completed
ORD_2877,CUST_50,2024-06-28,Beauty,Referral,255.18,160.87,Cancelled
ORD_2878,CUST_1009,2025-06-18,Accessories,Partnership,316.08,125.74,Completed
ORD_2879,CUST_949,2024-05-01,Beauty,TikTok,295.1,118.8,Completed
ORD_2880,CUST_416,2024-03-20,Premium Box,Partnership,361.41,266.53,Completed
ORD_2881,CUST_1328,2024-09-17,Limited Collection,LinkedIn,627.26,440.54,Completed
ORD_2882,CUST_1053,2025-04-03,Premium Box,LinkedIn,442.9,279.62,Cancelled
ORD_2883,CUST_343,2024-10-30,Beauty,Instagram,315.23,220.9,Completed
ORD_2884,CUST_1332,2024-11-18,Limited Collection,Referral,282.13,193.07,Completed
ORD_2885,CUST_1111,2024-09-25,Fashion,LinkedIn,52.48,25.25,Completed
ORD_2886,CUST_608,2025-04-12,Fashion,Event Walk-in,423.84,187.28,Completed
ORD_2887,CUST_982,2024-11-25,Accessories,TikTok,596.32,403.73,Completed
ORD_2888,CUST_601,2024-02-19,Subscription Box,Referral,304.35,113.83,Completed
ORD_2889,CUST_379,2025-03-19,Accessories,Google Search,280.23,155.36,Completed
ORD_2890,CUST_1060,2025-02-01,Gift Card,TikTok,42.36,22.25,Completed
ORD_2891,CUST_748,2024-05-25,Limited Collection,Instagram,91.32,37.44,Cancelled
ORD_2892,CUST_1124,2025-04-15,Gift Card,Partnership,238.85,156.69,Completed
ORD_2893,CUST_1100,2024-09-14,Premium Box,Google Search,502.56,252.68,Completed
ORD_2894,CUST_585,2024-03-20,Gift Card,Partnership,625.5,234.9,Completed
ORD_2895,CUST_536,2024-02-14,Premium Box,Event Walk-in,62.44,26.17,Completed
ORD_2896,CUST_1499,2024-04-27,Gift Card,TikTok,371.37,276.01,Refunded
ORD_2897,CUST_1165,2024-01-30,Fashion,Instagram,567.36,208.29,Refunded
ORD_2898,CUST_610,2025-04-27,Premium Box,Google Search,547.31,209.36,Completed
ORD_2899,CUST_121,2024-02-17,Fashion,Instagram,601.35,359.03,Completed
ORD_2900,CUST_746,2024-01-15,Fashion,Event Walk-in,529.06,389.35,Completed
ORD_2901,CUST_648,2024-09-12,Gift Card,Instagram,302.55,174.85,Completed
ORD_2902,CUST_741,2024-11-11,Subscription Box,Referral,501.77,278.5,Completed
ORD_2903,CUST_13,2025-06-07,Beauty,TikTok,204.09,135.34,Completed
ORD_2904,CUST_712,2024-12-17,Accessories,LinkedIn,577.4,241.26,Completed
ORD_2905,CUST_593,2024-01-31,Limited Collection,LinkedIn,592.15,305.49,Completed
ORD_2906,CUST_1471,2024-06-18,Accessories,Instagram,185.17,80.21,Cancelled
ORD_2907,CUST_510,2025-02-15,Beauty,TikTok,338.66,179.68,Completed
ORD_2908,CUST_757,2024-04-21,Beauty,Instagram,194.43,68.1,Completed
ORD_2909,CUST_703,2024-01-24,Beauty,Instagram,537.36,374.94,Completed
ORD_2910,CUST_1282,2024-01-27,Limited Collection,Event Walk-in,115.89,82.3,Completed
ORD_2911,CUST_852,2024-03-22,Beauty,Referral,485.71,200.12,Completed
ORD_2912,CUST_561,2025-02-16,Accessories,Google Search,164.47,116.35,Completed
ORD_2913,CUST_143,2024-06-12,Accessories,Google Search,72.34,47.21,Completed
ORD_2914,CUST_525,2024-04-09,Premium Box,Event Walk-in,166.02,123.25,Completed
ORD_2915,CUST_1230,2024-11-23,Premium Box,LinkedIn,459.69,176.53,Completed
ORD_2916,CUST_1438,2024-08-13,Premium Box,LinkedIn,59.39,35.12,Completed
ORD_2917,CUST_969,2024-11-27,Fashion,LinkedIn,697.76,487.76,Completed
ORD_2918,CUST_407,2024-06-29,Premium Box,Instagram,509.87,366.14,Completed
ORD_2919,CUST_713,2025-05-08,Accessories,LinkedIn,695.27,258.89,Completed
ORD_2920,CUST_646,2025-05-17,Beauty,Partnership,379.24,236.4,Completed
ORD_2921,CUST_1393,2024-07-15,Gift Card,Google Search,279.58,158.43,Refunded
ORD_2922,CUST_362,2024-10-20,Gift Card,Partnership,49.99,32.28,Completed
ORD_2923,CUST_1489,2024-01-11,Premium Box,Google Search,150.58,66.64,Completed
ORD_2924,CUST_1324,2024-08-30,Subscription Box,LinkedIn,494.32,262.63,Completed
ORD_2925,CUST_759,2025-05-27,Accessories,Referral,373.97,244.77,Refunded
ORD_2926,CUST_48,2024-10-23,Premium Box,Partnership,188.53,117.72,Completed
ORD_2927,CUST_586,2024-01-22,Premium Box,Event Walk-in,323.86,133.85,Completed
ORD_2928,CUST_635,2024-04-26,Limited Collection,Instagram,98.99,55.29,Completed
ORD_2929,CUST_1331,2024-08-16,Subscription Box,Google Search,637.26,297.95,Completed
ORD_2930,CUST_1465,2024-03-14,Fashion,Event Walk-in,373.12,246.9,Completed
ORD_2931,CUST_771,2024-03-01,Premium Box,Instagram,423.15,176.31,Completed
ORD_2932,CUST_306,2024-04-17,Beauty,TikTok,422.38,191.13,Completed
ORD_2933,CUST_83,2024-09-16,Premium Box,Event Walk-in,91.64,58.5,Completed
ORD_2934,CUST_994,2024-02-25,Premium Box,Instagram,175.73,104.74,Completed
ORD_2935,CUST_294,2025-06-24,Premium Box,LinkedIn,58.08,22.36,Completed
ORD_2936,CUST_892,2024-01-27,Beauty,Google Search,76.52,53.24,Completed
ORD_2937,CUST_628,2024-05-25,Gift Card,Partnership,355.82,175.27,Completed
ORD_2938,CUST_343,2025-05-10,Limited Collection,Instagram,328.52,212.05,Completed
ORD_2939,CUST_775,2024-12-10,Beauty,Partnership,274.73,143.35,Cancelled
ORD_2940,CUST_1277,2025-05-26,Accessories,Event Walk-in,370.18,269.37,Completed
ORD_2941,CUST_641,2025-06-03,Gift Card,TikTok,190.03,122.03,Completed
ORD_2942,CUST_1256,2024-12-15,Beauty,Google Search,621.4,252.55,Completed
ORD_2943,CUST_12,2024-09-14,Beauty,Partnership,98.02,38.18,Cancelled
ORD_2944,CUST_647,2025-04-07,Gift Card,LinkedIn,290.58,215.97,Cancelled
ORD_2945,CUST_323,2024-08-23,Limited Collection,TikTok,202.98,129.47,Completed
ORD_2946,CUST_1396,2025-04-18,Gift Card,LinkedIn,529.32,379.46,Completed
ORD_2947,CUST_1100,2025-05-20,Beauty,Google Search,618.7,301.45,Completed
ORD_2948,CUST_1497,2025-06-10,Fashion,LinkedIn,445.26,299.49,Refunded
ORD_2949,CUST_868,2024-09-15,Fashion,TikTok,178.24,101.06,Completed
ORD_2950,CUST_643,2024-07-17,Beauty,Partnership,612.6,336.89,Completed
ORD_2951,CUST_507,2025-03-03,Gift Card,LinkedIn,533.92,370.65,Completed
ORD_2952,CUST_881,2024-11-15,Gift Card,TikTok,431.84,183.63,Completed
ORD_2953,CUST_47,2024-01-09,Subscription Box,LinkedIn,432.33,244.21,Completed
ORD_2954,CUST_880,2024-05-16,Beauty,LinkedIn,105.78,47.69,Completed
ORD_2955,CUST_1427,2024-01-15,Fashion,Event Walk-in,462.35,232.21,Refunded
ORD_2956,CUST_107,2025-01-31,Accessories,LinkedIn,81.91,53.02,Completed
ORD_2957,CUST_971,2024-06-27,Gift Card,TikTok,244.49,168.51,Refunded
ORD_2958,CUST_1211,2024-07-13,Beauty,LinkedIn,360.65,150.98,Completed
ORD_2959,CUST_1109,2025-05-12,Limited Collection,Google Search,298.37,222.51,Completed
ORD_2960,CUST_378,2024-08-22,Accessories,Referral,281.01,101.95,Refunded
ORD_2961,CUST_527,2024-04-05,Fashion,Google Search,124.71,79.6,Refunded
ORD_2962,CUST_1468,2025-03-24,Gift Card,Event Walk-in,91.49,33.93,Completed
ORD_2963,CUST_976,2025-04-24,Accessories,TikTok,72.2,41.9,Refunded
ORD_2964,CUST_261,2025-05-13,Beauty,Partnership,189.97,73.65,Completed
ORD_2965,CUST_66,2024-11-20,Fashion,TikTok,351.83,131.05,Completed
ORD_2966,CUST_563,2024-09-13,Fashion,Google Search,111.71,47.88,Completed
ORD_2967,CUST_351,2025-03-05,Fashion,Instagram,120.65,65.28,Completed
ORD_2968,CUST_483,2024-07-13,Subscription Box,Referral,81.6,53.15,Completed
ORD_2969,CUST_99,2024-10-13,Beauty,Partnership,165.69,83.41,Completed
ORD_2970,CUST_378,2025-04-14,Limited Collection,Referral,100.52,40.53,Cancelled
ORD_2971,CUST_741,2024-09-15,Premium Box,Referral,404.29,191.48,Completed
ORD_2972,CUST_169,2025-02-12,Fashion,Instagram,632.49,316.06,Completed
ORD_2973,CUST_1303,2024-02-19,Beauty,Instagram,86.43,40.31,Completed
ORD_2974,CUST_798,2024-07-28,Gift Card,Google Search,337.85,208.48,Completed
ORD_2975,CUST_705,2024-12-06,Premium Box,Event Walk-in,630.54,332.99,Completed
ORD_2976,CUST_777,2024-10-04,Fashion,TikTok,31.7,19.1,Refunded
ORD_2977,CUST_1365,2024-06-08,Premium Box,Partnership,648.08,251.32,Completed
ORD_2978,CUST_884,2024-02-27,Premium Box,Google Search,58.98,23.64,Completed
ORD_2979,CUST_1141,2025-05-17,Subscription Box,LinkedIn,118.48,69.53,Completed
ORD_2980,CUST_604,2024-04-29,Beauty,Instagram,581.44,256.56,Cancelled
ORD_2981,CUST_926,2024-07-05,Premium Box,Instagram,401.77,197.59,Completed
ORD_2982,CUST_1389,2024-01-06,Subscription Box,Referral,682.35,239.99,Refunded
ORD_2983,CUST_470,2024-04-15,Subscription Box,Instagram,114.24,44.98,Completed
ORD_2984,CUST_362,2024-11-23,Fashion,Partnership,184.98,87.23,Refunded
ORD_2985,CUST_960,2024-05-14,Beauty,TikTok,417.52,213.27,Completed
ORD_2986,CUST_646,2024-07-25,Fashion,Partnership,686.71,351.5,Completed
ORD_2987,CUST_443,2024-05-28,Fashion,Event Walk-in,402.33,278.46,Completed
ORD_2988,CUST_894,2024-07-30,Premium Box,Event Walk-in,676.28,382.96,Completed
ORD_2989,CUST_815,2024-11-25,Subscription Box,TikTok,579.22,381.46,Completed
ORD_2990,CUST_261,2024-08-09,Gift Card,Partnership,130.45,94.37,Cancelled
ORD_2991,CUST_1486,2025-02-23,Fashion,LinkedIn,645.33,312.45,Completed
ORD_2992,CUST_1396,2024-11-01,Beauty,LinkedIn,383.19,237.3,Completed
ORD_2993,CUST_939,2024-05-22,Limited Collection,TikTok,84.3,40.82,Completed
ORD_2994,CUST_927,2024-10-07,Accessories,Referral,641.12,443.73,Completed
ORD_2995,CUST_942,2025-01-13,Subscription Box,Partnership,560.12,246.15,Completed
ORD_2996,CUST_474,2025-03-28,Gift Card,Referral,563.66,228.52,Completed
ORD_2997,CUST_527,2024-05-29,Limited Collection,Google Search,353.94,132.76,Completed
ORD_2998,CUST_126,2024-12-07,Limited Collection,Instagram,560.61,393.57,Completed
ORD_2999,CUST_416,2024-09-04,Fashion,Partnership,633.6,292.86,Completed
ORD_3000,CUST_473,2024-02-10,Gift Card,Google Search,581.54,208.12,Refunded
ORD_3001,CUST_1125,2025-04-29,Limited Collection,LinkedIn,283.66,123.05,Completed
ORD_3002,CUST_876,2024-10-30,Limited Collection,TikTok,338.87,240.37,Refunded
ORD_3003,CUST_446,2025-03-05,Subscription Box,Event Walk-in,100.65,52.68,Refunded
ORD_3004,CUST_875,2025-02-05,Gift Card,TikTok,132.05,62.66,Completed
ORD_3005,CUST_291,2025-06-26,Subscription Box,Instagram,264.24,190.46,Completed
ORD_3006,CUST_745,2025-02-22,Limited Collection,Partnership,509.89,303.28,Completed
ORD_3007,CUST_643,2024-12-22,Accessories,Partnership,279.65,136.48,Completed
ORD_3008,CUST_618,2024-06-10,Fashion,LinkedIn,509.94,236.78,Completed
ORD_3009,CUST_417,2024-12-05,Beauty,LinkedIn,460.9,212.17,Completed
ORD_3010,CUST_1472,2024-04-22,Accessories,Google Search,131.12,93.36,Completed
ORD_3011,CUST_871,2025-02-04,Premium Box,Referral,234.22,174.56,Completed
ORD_3012,CUST_1000,2024-12-11,Limited Collection,Event Walk-in,466.47,253.77,Completed
ORD_3013,CUST_1158,2024-04-17,Beauty,LinkedIn,24.66,16.09,Completed
ORD_3014,CUST_432,2024-04-26,Subscription Box,Instagram,104.06,61.91,Completed
ORD_3015,CUST_690,2024-05-30,Gift Card,Google Search,59.66,21.74,Completed
ORD_3016,CUST_402,2025-06-16,Fashion,Event Walk-in,477.69,308.13,Completed
ORD_3017,CUST_1397,2024-06-21,Subscription Box,Referral,35.28,25.57,Completed
ORD_3018,CUST_547,2024-11-28,Gift Card,Event Walk-in,475.76,232.05,Completed
ORD_3019,CUST_832,2025-04-06,Limited Collection,TikTok,249.28,95.8,Completed
ORD_3020,CUST_517,2025-01-01,Accessories,Event Walk-in,562.36,383.33,Cancelled
ORD_3021,CUST_1323,2024-02-14,Subscription Box,LinkedIn,517.11,216.71,Completed
ORD_3022,CUST_510,2024-11-26,Accessories,TikTok,74.13,40.98,Completed
ORD_3023,CUST_772,2024-12-09,Limited Collection,Partnership,78.15,34.66,Completed
ORD_3024,CUST_1192,2024-02-14,Premium Box,LinkedIn,469.99,168.75,Completed
ORD_3025,CUST_1102,2024-11-09,Beauty,LinkedIn,146.25,90.27,Completed
ORD_3026,CUST_147,2025-05-01,Limited Collection,Google Search,502.56,205.57,Completed
ORD_3027,CUST_1472,2024-10-22,Limited Collection,Google Search,554.64,265.42,Completed
ORD_3028,CUST_1424,2024-11-07,Subscription Box,Instagram,67.66,29.73,Completed
ORD_3029,CUST_1184,2024-01-02,Premium Box,Partnership,430.03,230.89,Completed
ORD_3030,CUST_502,2025-02-01,Limited Collection,LinkedIn,114.57,55.47,Completed
ORD_3031,CUST_728,2024-02-05,Limited Collection,Event Walk-in,676.09,252.75,Completed
ORD_3032,CUST_954,2024-11-10,Fashion,Referral,526.44,385.76,Completed
ORD_3033,CUST_186,2024-05-15,Fashion,TikTok,169.68,120.04,Cancelled
ORD_3034,CUST_241,2025-06-23,Limited Collection,Event Walk-in,510.46,314.88,Completed
ORD_3035,CUST_353,2024-07-10,Fashion,LinkedIn,651.6,402.11,Completed
ORD_3036,CUST_599,2025-05-23,Premium Box,LinkedIn,359.82,263.37,Completed
ORD_3037,CUST_205,2024-02-22,Limited Collection,Google Search,221.07,132.54,Cancelled
ORD_3038,CUST_1376,2025-05-30,Fashion,Google Search,566.52,259.43,Completed
ORD_3039,CUST_203,2024-01-21,Beauty,Google Search,294.7,204.58,Cancelled
ORD_3040,CUST_661,2024-08-13,Beauty,Partnership,354.99,232.91,Completed
ORD_3041,CUST_676,2025-01-31,Subscription Box,Instagram,548.39,262.24,Refunded
ORD_3042,CUST_1199,2025-04-04,Fashion,Event Walk-in,173.44,96.32,Completed
ORD_3043,CUST_170,2025-05-20,Limited Collection,Event Walk-in,86.24,33.87,Completed
ORD_3044,CUST_857,2024-08-27,Limited Collection,Instagram,474.02,308.37,Completed
ORD_3045,CUST_102,2024-05-27,Subscription Box,Google Search,21.29,7.8,Completed
ORD_3046,CUST_254,2024-04-16,Subscription Box,LinkedIn,216.53,90.77,Completed
ORD_3047,CUST_913,2025-01-17,Beauty,Google Search,476.48,309.33,Refunded
ORD_3048,CUST_10,2024-05-23,Gift Card,Instagram,285.0,179.28,Completed
ORD_3049,CUST_1165,2025-06-05,Subscription Box,Instagram,385.58,188.85,Completed
ORD_3050,CUST_328,2024-01-18,Accessories,Instagram,641.39,371.59,Completed
ORD_3051,CUST_922,2025-03-08,Beauty,TikTok,285.92,158.06,Completed
ORD_3052,CUST_260,2024-06-30,Beauty,Event Walk-in,293.69,191.67,Completed
ORD_3053,CUST_667,2024-04-24,Fashion,LinkedIn,494.84,290.1,Completed
ORD_3054,CUST_1382,2024-11-29,Accessories,Partnership,400.53,220.69,Completed
ORD_3055,CUST_732,2024-11-13,Gift Card,LinkedIn,311.31,153.26,Refunded
ORD_3056,CUST_1216,2024-12-24,Fashion,Referral,666.89,446.15,Completed
ORD_3057,CUST_1484,2024-11-01,Subscription Box,Instagram,505.54,325.26,Completed
ORD_3058,CUST_167,2024-03-15,Fashion,Instagram,78.21,38.04,Completed
ORD_3059,CUST_315,2024-03-13,Premium Box,TikTok,211.6,100.93,Completed
ORD_3060,CUST_182,2024-04-05,Fashion,LinkedIn,517.34,193.69,Completed
ORD_3061,CUST_1014,2024-09-09,Premium Box,Instagram,693.92,327.0,Completed
ORD_3062,CUST_642,2025-05-16,Beauty,Referral,392.57,263.83,Completed
ORD_3063,CUST_434,2024-12-08,Fashion,Partnership,134.31,83.75,Completed
ORD_3064,CUST_752,2025-02-07,Fashion,Referral,379.11,155.48,Completed
ORD_3065,CUST_195,2025-05-20,Beauty,Google Search,279.91,144.32,Completed
ORD_3066,CUST_94,2024-02-10,Beauty,Instagram,483.43,172.98,Completed
ORD_3067,CUST_1262,2024-11-01,Fashion,TikTok,309.15,215.87,Completed
ORD_3068,CUST_825,2024-01-21,Fashion,LinkedIn,401.93,275.07,Completed
ORD_3069,CUST_1314,2025-03-31,Limited Collection,Event Walk-in,548.41,410.88,Completed
ORD_3070,CUST_116,2025-03-10,Gift Card,Google Search,76.09,40.95,Cancelled
ORD_3071,CUST_353,2024-07-29,Gift Card,LinkedIn,444.76,265.17,Completed
ORD_3072,CUST_1283,2024-07-23,Premium Box,Google Search,181.44,104.32,Completed
ORD_3073,CUST_114,2024-12-11,Accessories,Event Walk-in,657.2,487.89,Completed
ORD_3074,CUST_704,2024-03-27,Beauty,TikTok,330.4,128.14,Completed
ORD_3075,CUST_391,2024-09-14,Beauty,Instagram,624.82,224.22,Completed
ORD_3076,CUST_419,2024-06-12,Limited Collection,Partnership,31.39,18.34,Cancelled
ORD_3077,CUST_353,2025-03-11,Premium Box,LinkedIn,72.84,34.05,Completed
ORD_3078,CUST_1237,2024-12-19,Premium Box,TikTok,158.49,79.99,Completed
ORD_3079,CUST_336,2025-05-28,Subscription Box,Instagram,357.3,131.42,Completed
ORD_3080,CUST_1057,2025-01-26,Beauty,LinkedIn,467.9,221.2,Completed
ORD_3081,CUST_649,2024-06-03,Fashion,Instagram,437.92,279.57,Completed
ORD_3082,CUST_877,2025-06-19,Gift Card,TikTok,104.23,46.16,Completed
ORD_3083,CUST_766,2025-06-03,Subscription Box,Event Walk-in,282.7,177.75,Completed
ORD_3084,CUST_1318,2024-03-28,Limited Collection,TikTok,648.67,445.69,Refunded
ORD_3085,CUST_1437,2024-01-02,Gift Card,Google Search,433.76,215.95,Completed
ORD_3086,CUST_2,2024-02-04,Fashion,LinkedIn,478.84,317.17,Completed
ORD_3087,CUST_805,2025-01-24,Fashion,Event Walk-in,521.72,217.36,Refunded
ORD_3088,CUST_83,2025-04-25,Fashion,Event Walk-in,17.52,8.54,Completed
ORD_3089,CUST_998,2024-06-16,Premium Box,Google Search,591.15,382.37,Completed
ORD_3090,CUST_536,2024-08-21,Limited Collection,Event Walk-in,124.77,89.28,Completed
ORD_3091,CUST_582,2025-02-03,Premium Box,LinkedIn,523.48,226.31,Completed
ORD_3092,CUST_1163,2024-08-24,Fashion,Event Walk-in,377.41,137.36,Completed
ORD_3093,CUST_1092,2025-02-01,Accessories,LinkedIn,514.24,319.96,Completed
ORD_3094,CUST_889,2024-01-30,Limited Collection,Referral,477.83,309.01,Completed
ORD_3095,CUST_959,2024-06-28,Beauty,LinkedIn,61.78,23.97,Completed
ORD_3096,CUST_42,2024-09-28,Gift Card,Google Search,107.01,49.63,Completed
ORD_3097,CUST_796,2025-02-24,Subscription Box,Partnership,391.78,206.49,Completed
ORD_3098,CUST_755,2024-11-08,Gift Card,Event Walk-in,615.08,312.45,Completed
ORD_3099,CUST_284,2025-05-17,Beauty,Google Search,429.07,181.55,Refunded
ORD_3100,CUST_1498,2024-09-12,Premium Box,Referral,684.2,282.87,Completed
ORD_3101,CUST_544,2024-06-17,Limited Collection,Event Walk-in,435.68,279.68,Completed
ORD_3102,CUST_260,2024-03-29,Beauty,Event Walk-in,526.67,329.43,Completed
ORD_3103,CUST_992,2024-11-09,Fashion,Instagram,407.86,192.51,Refunded
ORD_3104,CUST_116,2024-03-14,Limited Collection,Google Search,63.28,25.19,Completed
ORD_3105,CUST_1144,2024-10-22,Premium Box,LinkedIn,562.85,222.81,Completed
ORD_3106,CUST_1028,2025-02-09,Limited Collection,Google Search,346.96,188.31,Completed
ORD_3107,CUST_1104,2024-06-02,Premium Box,Referral,107.92,68.61,Completed
ORD_3108,CUST_1283,2025-01-14,Fashion,Google Search,210.93,93.86,Refunded
ORD_3109,CUST_511,2025-02-20,Limited Collection,Instagram,188.08,133.1,Completed
ORD_3110,CUST_1475,2025-06-20,Beauty,TikTok,352.63,260.84,Completed
ORD_3111,CUST_1358,2025-03-15,Gift Card,Partnership,674.47,346.66,Completed
ORD_3112,CUST_563,2024-07-23,Accessories,Google Search,554.61,365.41,Cancelled
ORD_3113,CUST_999,2025-06-18,Gift Card,Partnership,140.42,99.46,Completed
ORD_3114,CUST_1210,2024-06-08,Subscription Box,Partnership,432.66,172.13,Completed
ORD_3115,CUST_156,2024-02-18,Beauty,Referral,154.16,87.09,Completed
ORD_3116,CUST_1209,2025-02-05,Beauty,TikTok,562.8,257.67,Completed
ORD_3117,CUST_100,2025-03-29,Accessories,TikTok,264.92,164.48,Completed
ORD_3118,CUST_948,2024-02-18,Accessories,Event Walk-in,694.51,468.22,Completed
ORD_3119,CUST_303,2024-02-29,Accessories,Event Walk-in,394.97,222.71,Completed
ORD_3120,CUST_1163,2024-04-21,Accessories,Event Walk-in,327.91,201.78,Completed
ORD_3121,CUST_141,2025-03-02,Accessories,Instagram,642.81,230.39,Completed
ORD_3122,CUST_786,2025-03-08,Fashion,Instagram,232.19,145.01,Refunded
ORD_3123,CUST_1479,2024-02-26,Accessories,Google Search,501.96,188.96,Completed
ORD_3124,CUST_924,2024-09-09,Fashion,TikTok,591.75,389.54,Refunded
ORD_3125,CUST_67,2024-01-28,Premium Box,Google Search,135.07,77.02,Completed
ORD_3126,CUST_614,2025-04-19,Premium Box,Google Search,538.07,396.54,Refunded
ORD_3127,CUST_1341,2024-01-11,Accessories,Instagram,347.1,131.89,Completed
ORD_3128,CUST_1232,2024-08-11,Fashion,Google Search,301.01,141.53,Completed
ORD_3129,CUST_390,2025-05-07,Subscription Box,Partnership,29.0,17.07,Completed
ORD_3130,CUST_717,2025-04-18,Accessories,Google Search,258.97,104.35,Completed
ORD_3131,CUST_119,2025-01-23,Subscription Box,Event Walk-in,480.76,343.37,Completed
ORD_3132,CUST_801,2024-08-17,Premium Box,Event Walk-in,425.72,196.54,Completed
ORD_3133,CUST_107,2025-05-08,Subscription Box,LinkedIn,190.15,139.77,Completed
ORD_3134,CUST_356,2024-06-29,Accessories,TikTok,53.53,28.89,Completed
ORD_3135,CUST_1016,2025-06-06,Accessories,TikTok,378.02,222.13,Completed
ORD_3136,CUST_184,2024-03-14,Beauty,Instagram,486.47,354.11,Completed
ORD_3137,CUST_1119,2025-05-18,Gift Card,Instagram,47.2,19.65,Completed
ORD_3138,CUST_1326,2024-04-18,Beauty,Partnership,347.52,165.69,Completed
ORD_3139,CUST_1114,2025-05-31,Beauty,Event Walk-in,531.55,229.09,Completed
ORD_3140,CUST_494,2024-04-18,Beauty,Partnership,497.49,201.53,Completed
ORD_3141,CUST_1349,2025-04-17,Premium Box,Referral,75.27,42.42,Completed
ORD_3142,CUST_940,2024-10-20,Gift Card,Google Search,444.93,257.11,Cancelled
ORD_3143,CUST_348,2025-06-01,Fashion,Event Walk-in,130.63,84.87,Completed
ORD_3144,CUST_1090,2024-02-08,Premium Box,TikTok,613.41,370.43,Completed
ORD_3145,CUST_390,2024-05-04,Beauty,Partnership,583.26,335.29,Completed
ORD_3146,CUST_933,2024-12-21,Premium Box,TikTok,133.92,94.13,Cancelled
ORD_3147,CUST_1374,2024-01-11,Accessories,TikTok,202.41,126.49,Refunded
ORD_3148,CUST_1257,2025-03-11,Premium Box,Partnership,445.01,157.46,Completed
ORD_3149,CUST_1372,2024-07-11,Beauty,Instagram,357.6,224.69,Completed
ORD_3150,CUST_480,2025-06-17,Premium Box,Google Search,607.57,352.97,Completed
ORD_3151,CUST_504,2024-09-29,Limited Collection,Event Walk-in,385.53,266.6,Completed
ORD_3152,CUST_44,2025-01-22,Subscription Box,LinkedIn,473.78,173.71,Completed
ORD_3153,CUST_803,2025-04-16,Fashion,LinkedIn,377.74,258.93,Refunded
ORD_3154,CUST_472,2025-01-31,Accessories,TikTok,83.85,31.65,Refunded
ORD_3155,CUST_887,2024-07-17,Gift Card,Referral,125.32,84.88,Refunded
ORD_3156,CUST_787,2025-03-05,Accessories,Event Walk-in,684.7,435.53,Completed
ORD_3157,CUST_1249,2024-07-05,Fashion,Instagram,452.62,175.07,Completed
ORD_3158,CUST_36,2024-04-23,Accessories,Event Walk-in,647.45,334.99,Completed
ORD_3159,CUST_568,2025-05-29,Fashion,LinkedIn,222.88,139.14,Completed
ORD_3160,CUST_565,2025-05-28,Premium Box,Event Walk-in,611.3,300.49,Refunded
ORD_3161,CUST_779,2024-11-02,Premium Box,Partnership,615.03,368.55,Completed
ORD_3162,CUST_936,2024-01-08,Fashion,Instagram,457.42,234.58,Completed
ORD_3163,CUST_318,2025-01-19,Beauty,Referral,82.15,43.63,Refunded
ORD_3164,CUST_248,2024-06-03,Gift Card,Instagram,581.2,357.68,Completed
ORD_3165,CUST_1086,2025-01-24,Beauty,Partnership,655.78,324.58,Completed
ORD_3166,CUST_1222,2024-02-01,Premium Box,TikTok,155.11,92.9,Completed
ORD_3167,CUST_1414,2024-09-06,Gift Card,Partnership,634.37,224.97,Completed
ORD_3168,CUST_1168,2024-08-01,Subscription Box,Referral,302.32,177.98,Completed
ORD_3169,CUST_506,2024-12-04,Premium Box,Referral,477.81,348.44,Completed
ORD_3170,CUST_418,2024-07-25,Accessories,Event Walk-in,636.05,274.44,Completed
ORD_3171,CUST_685,2024-08-19,Accessories,Google Search,42.0,19.18,Completed
ORD_3172,CUST_466,2024-03-10,Beauty,Event Walk-in,264.28,118.46,Completed
ORD_3173,CUST_638,2024-01-20,Accessories,LinkedIn,574.95,271.06,Completed
ORD_3174,CUST_976,2025-03-01,Beauty,TikTok,170.15,91.07,Completed
ORD_3175,CUST_1430,2024-12-28,Subscription Box,TikTok,127.16,70.87,Completed
ORD_3176,CUST_408,2025-01-07,Beauty,Partnership,670.31,304.85,Completed
ORD_3177,CUST_274,2024-02-19,Accessories,TikTok,26.62,13.18,Completed
ORD_3178,CUST_565,2024-02-28,Accessories,Event Walk-in,292.76,134.44,Completed
ORD_3179,CUST_1027,2024-03-30,Gift Card,Google Search,351.91,185.2,Completed
ORD_3180,CUST_207,2024-01-23,Gift Card,Event Walk-in,598.44,314.16,Completed
ORD_3181,CUST_675,2025-01-25,Subscription Box,Google Search,431.3,295.31,Completed
ORD_3182,CUST_194,2025-01-17,Limited Collection,LinkedIn,558.67,282.82,Completed
ORD_3183,CUST_606,2024-11-19,Limited Collection,Instagram,22.81,12.41,Completed
ORD_3184,CUST_1101,2024-09-24,Beauty,TikTok,149.77,90.04,Completed
ORD_3185,CUST_254,2025-05-30,Fashion,LinkedIn,597.51,362.5,Completed
ORD_3186,CUST_204,2025-06-23,Gift Card,Instagram,688.73,379.61,Completed
ORD_3187,CUST_829,2024-06-15,Beauty,TikTok,81.39,29.81,Refunded
ORD_3188,CUST_960,2025-05-15,Fashion,TikTok,171.06,117.46,Completed
ORD_3189,CUST_75,2024-04-19,Premium Box,Instagram,315.26,185.46,Completed
ORD_3190,CUST_91,2025-02-03,Premium Box,LinkedIn,39.0,25.41,Cancelled
ORD_3191,CUST_873,2024-02-14,Beauty,Partnership,440.36,278.92,Completed
ORD_3192,CUST_186,2024-07-05,Limited Collection,TikTok,316.19,151.56,Refunded
ORD_3193,CUST_1010,2024-04-05,Accessories,Google Search,210.75,82.84,Completed
ORD_3194,CUST_1069,2025-02-07,Accessories,Referral,231.95,132.4,Refunded
ORD_3195,CUST_1170,2024-04-06,Subscription Box,LinkedIn,427.75,207.77,Completed
ORD_3196,CUST_315,2024-04-23,Subscription Box,TikTok,438.3,323.15,Refunded
ORD_3197,CUST_1146,2025-01-09,Accessories,LinkedIn,620.93,275.17,Completed
ORD_3198,CUST_187,2024-07-11,Premium Box,TikTok,22.61,12.27,Completed
ORD_3199,CUST_337,2024-03-11,Accessories,Event Walk-in,235.76,175.45,Completed
ORD_3200,CUST_1177,2024-08-13,Beauty,Instagram,383.02,231.29,Refunded
ORD_3201,CUST_682,2025-02-01,Subscription Box,Referral,60.86,22.97,Completed
ORD_3202,CUST_158,2024-11-08,Accessories,LinkedIn,136.9,67.42,Completed
ORD_3203,CUST_1443,2024-10-16,Premium Box,Referral,450.55,179.55,Completed
ORD_3204,CUST_1254,2024-08-22,Fashion,Partnership,328.82,120.56,Completed
ORD_3205,CUST_194,2024-05-25,Premium Box,LinkedIn,285.94,171.02,Refunded
ORD_3206,CUST_1165,2025-04-21,Limited Collection,Instagram,404.5,155.27,Completed
ORD_3207,CUST_1212,2024-10-01,Subscription Box,Referral,107.59,49.56,Completed
ORD_3208,CUST_351,2025-02-09,Premium Box,Instagram,628.4,343.44,Completed
ORD_3209,CUST_1026,2024-03-07,Fashion,TikTok,661.41,336.71,Completed
ORD_3210,CUST_406,2024-12-24,Premium Box,LinkedIn,502.84,271.35,Completed
ORD_3211,CUST_287,2024-03-19,Premium Box,LinkedIn,283.87,189.7,Refunded
ORD_3212,CUST_1345,2025-01-27,Accessories,LinkedIn,289.1,108.41,Completed
ORD_3213,CUST_1070,2025-01-13,Premium Box,LinkedIn,363.36,167.41,Completed
ORD_3214,CUST_791,2025-03-14,Premium Box,TikTok,95.7,66.19,Completed
ORD_3215,CUST_1134,2024-03-18,Premium Box,TikTok,427.96,245.03,Refunded
ORD_3216,CUST_408,2024-06-10,Gift Card,Partnership,189.18,85.72,Cancelled
ORD_3217,CUST_182,2025-01-25,Subscription Box,LinkedIn,614.51,434.22,Completed
ORD_3218,CUST_1441,2024-10-18,Gift Card,Google Search,259.04,169.9,Completed
ORD_3219,CUST_276,2024-08-20,Fashion,Event Walk-in,53.77,31.48,Completed
ORD_3220,CUST_981,2024-01-30,Beauty,Event Walk-in,230.76,82.89,Completed
ORD_3221,CUST_619,2025-05-24,Gift Card,LinkedIn,536.04,195.98,Completed
ORD_3222,CUST_989,2024-05-17,Premium Box,Partnership,540.55,353.01,Completed
ORD_3223,CUST_121,2024-04-24,Subscription Box,Instagram,106.98,50.45,Completed
ORD_3224,CUST_1356,2025-03-13,Limited Collection,Instagram,537.19,204.31,Completed
ORD_3225,CUST_324,2024-11-08,Premium Box,TikTok,471.66,281.3,Completed
ORD_3226,CUST_1072,2024-06-05,Fashion,Instagram,498.05,373.12,Completed
ORD_3227,CUST_894,2025-01-15,Gift Card,Event Walk-in,410.86,233.4,Completed
ORD_3228,CUST_588,2024-09-29,Beauty,Event Walk-in,102.15,69.36,Completed
ORD_3229,CUST_241,2025-03-09,Limited Collection,Event Walk-in,276.01,203.58,Completed
ORD_3230,CUST_905,2024-11-06,Subscription Box,TikTok,660.65,339.81,Completed
ORD_3231,CUST_476,2024-01-24,Gift Card,Referral,92.11,65.33,Completed
ORD_3232,CUST_907,2025-06-19,Accessories,TikTok,402.36,189.86,Completed
ORD_3233,CUST_508,2024-11-06,Accessories,Google Search,123.87,86.5,Completed
ORD_3234,CUST_938,2024-12-28,Accessories,Google Search,19.16,8.09,Refunded
ORD_3235,CUST_404,2025-04-10,Beauty,Referral,346.41,256.81,Completed
ORD_3236,CUST_1183,2024-03-08,Accessories,Partnership,686.81,478.15,Completed
ORD_3237,CUST_1439,2025-04-07,Limited Collection,Google Search,221.97,100.14,Refunded
ORD_3238,CUST_1337,2025-04-25,Gift Card,Partnership,592.07,341.62,Completed
ORD_3239,CUST_346,2024-03-23,Accessories,Referral,648.93,400.69,Refunded
ORD_3240,CUST_777,2024-03-26,Beauty,TikTok,284.1,155.55,Completed
ORD_3241,CUST_584,2024-05-08,Subscription Box,Partnership,352.69,228.85,Completed
ORD_3242,CUST_811,2024-06-14,Subscription Box,Google Search,19.73,9.52,Completed
ORD_3243,CUST_760,2025-02-16,Beauty,LinkedIn,28.39,14.26,Completed
ORD_3244,CUST_1332,2024-04-02,Premium Box,Referral,508.98,301.23,Completed
ORD_3245,CUST_219,2024-10-17,Subscription Box,Event Walk-in,161.45,113.02,Completed
ORD_3246,CUST_1021,2024-07-30,Subscription Box,Instagram,489.32,264.78,Completed
ORD_3247,CUST_635,2025-04-06,Premium Box,Instagram,337.59,225.75,Completed
ORD_3248,CUST_1396,2025-01-27,Accessories,LinkedIn,423.59,200.58,Completed
ORD_3249,CUST_1159,2025-02-22,Accessories,LinkedIn,490.48,332.03,Cancelled
ORD_3250,CUST_1174,2025-05-26,Fashion,LinkedIn,282.9,113.26,Completed
ORD_3251,CUST_1316,2024-03-23,Gift Card,Google Search,607.12,436.58,Refunded
ORD_3252,CUST_882,2024-12-30,Beauty,TikTok,687.41,301.59,Completed
ORD_3253,CUST_1280,2025-03-18,Fashion,Partnership,297.92,199.8,Cancelled
ORD_3254,CUST_1442,2025-03-27,Subscription Box,Partnership,565.29,224.23,Completed
ORD_3255,CUST_1071,2024-12-18,Fashion,TikTok,85.96,52.71,Completed
ORD_3256,CUST_252,2025-05-12,Accessories,Referral,439.66,241.95,Completed
ORD_3257,CUST_283,2024-08-11,Subscription Box,Google Search,298.41,137.44,Completed
ORD_3258,CUST_430,2024-10-13,Fashion,TikTok,291.43,114.5,Completed
ORD_3259,CUST_358,2024-06-05,Fashion,Event Walk-in,272.73,120.48,Completed
ORD_3260,CUST_792,2024-04-13,Premium Box,TikTok,52.04,25.55,Completed
ORD_3261,CUST_3,2024-07-05,Premium Box,TikTok,485.41,219.05,Completed
ORD_3262,CUST_195,2025-03-05,Premium Box,Google Search,226.16,101.71,Completed
ORD_3263,CUST_882,2025-04-10,Subscription Box,TikTok,328.77,138.0,Cancelled
ORD_3264,CUST_1290,2024-09-01,Beauty,Partnership,257.69,108.42,Completed
ORD_3265,CUST_91,2024-07-01,Premium Box,LinkedIn,591.29,213.89,Refunded
ORD_3266,CUST_1276,2025-05-18,Beauty,LinkedIn,692.67,489.46,Completed
ORD_3267,CUST_856,2025-02-26,Subscription Box,Google Search,335.88,212.11,Completed
ORD_3268,CUST_629,2024-11-07,Beauty,TikTok,17.9,13.12,Completed
ORD_3269,CUST_977,2025-05-27,Fashion,Event Walk-in,507.63,354.74,Completed
ORD_3270,CUST_712,2024-02-17,Fashion,LinkedIn,124.21,60.31,Completed
ORD_3271,CUST_676,2025-04-04,Beauty,Instagram,46.31,18.98,Completed
ORD_3272,CUST_971,2024-05-03,Accessories,TikTok,240.97,121.54,Cancelled
ORD_3273,CUST_690,2024-03-29,Gift Card,Google Search,443.86,162.52,Completed
ORD_3274,CUST_1183,2025-04-24,Subscription Box,Partnership,684.82,469.99,Cancelled
ORD_3275,CUST_1036,2024-03-15,Beauty,LinkedIn,344.96,127.74,Completed
ORD_3276,CUST_1115,2024-08-04,Gift Card,Referral,172.13,66.24,Completed
ORD_3277,CUST_472,2024-09-18,Gift Card,TikTok,605.25,265.6,Completed
ORD_3278,CUST_1491,2024-03-21,Subscription Box,Google Search,129.29,60.63,Completed
ORD_3279,CUST_396,2025-01-30,Fashion,Instagram,540.01,398.36,Completed
ORD_3280,CUST_731,2024-04-20,Accessories,Partnership,250.62,140.23,Completed
ORD_3281,CUST_1198,2025-03-17,Gift Card,Google Search,277.61,188.49,Completed
ORD_3282,CUST_400,2025-02-06,Accessories,LinkedIn,687.52,323.13,Refunded
ORD_3283,CUST_648,2024-12-05,Beauty,Instagram,43.0,28.27,Completed
ORD_3284,CUST_523,2024-09-23,Accessories,Instagram,553.95,239.17,Completed
ORD_3285,CUST_1426,2025-06-05,Premium Box,Google Search,367.58,205.42,Completed
ORD_3286,CUST_591,2024-12-09,Limited Collection,TikTok,518.62,223.73,Completed
ORD_3287,CUST_885,2024-06-04,Subscription Box,Referral,192.21,135.53,Completed
ORD_3288,CUST_274,2024-02-23,Fashion,TikTok,333.69,221.33,Completed
ORD_3289,CUST_957,2024-12-20,Gift Card,TikTok,494.86,195.71,Completed
ORD_3290,CUST_538,2025-05-04,Gift Card,Event Walk-in,654.92,350.16,Completed
ORD_3291,CUST_34,2024-04-28,Accessories,Instagram,195.12,70.9,Completed
ORD_3292,CUST_54,2024-02-27,Fashion,Referral,692.45,503.23,Completed
ORD_3293,CUST_859,2024-01-03,Beauty,Google Search,553.73,226.18,Refunded
ORD_3294,CUST_1079,2024-05-27,Fashion,Instagram,691.93,314.72,Completed
ORD_3295,CUST_26,2025-04-23,Subscription Box,Referral,428.48,279.03,Refunded
ORD_3296,CUST_851,2024-03-10,Premium Box,Google Search,514.83,285.46,Completed
ORD_3297,CUST_686,2025-03-15,Premium Box,Instagram,440.51,282.16,Completed
ORD_3298,CUST_1159,2025-04-28,Gift Card,LinkedIn,542.55,323.68,Completed
ORD_3299,CUST_1434,2024-05-03,Subscription Box,Partnership,336.16,164.53,Completed
ORD_3300,CUST_1257,2025-02-01,Beauty,Partnership,65.97,41.26,Completed
ORD_3301,CUST_678,2025-03-20,Premium Box,Instagram,95.62,55.27,Completed
ORD_3302,CUST_23,2024-08-28,Fashion,Instagram,274.07,177.37,Completed
ORD_3303,CUST_1016,2024-12-17,Limited Collection,TikTok,638.07,439.01,Completed
ORD_3304,CUST_684,2025-02-10,Subscription Box,Instagram,284.54,205.32,Completed
ORD_3305,CUST_1382,2024-01-03,Gift Card,Partnership,381.06,165.1,Completed
ORD_3306,CUST_1206,2024-04-08,Premium Box,LinkedIn,130.97,80.77,Completed
ORD_3307,CUST_497,2025-01-01,Limited Collection,Instagram,17.73,9.94,Completed
ORD_3308,CUST_305,2024-04-14,Subscription Box,LinkedIn,448.15,157.11,Completed
ORD_3309,CUST_1256,2025-02-21,Gift Card,Google Search,404.09,270.42,Completed
ORD_3310,CUST_841,2024-06-05,Subscription Box,Partnership,20.77,14.86,Completed
ORD_3311,CUST_677,2025-01-20,Subscription Box,Instagram,699.32,470.23,Completed
ORD_3312,CUST_1099,2024-01-29,Beauty,Google Search,110.82,57.65,Completed
ORD_3313,CUST_434,2024-01-22,Gift Card,Partnership,476.61,244.35,Completed
ORD_3314,CUST_1372,2024-01-26,Subscription Box,Instagram,190.12,108.55,Completed
ORD_3315,CUST_526,2025-01-25,Subscription Box,Referral,275.93,120.89,Completed
ORD_3316,CUST_949,2024-09-23,Premium Box,TikTok,584.33,215.29,Completed
ORD_3317,CUST_1248,2024-10-28,Limited Collection,Event Walk-in,560.39,378.56,Completed
ORD_3318,CUST_1160,2024-09-29,Premium Box,TikTok,319.2,163.39,Completed
ORD_3319,CUST_636,2024-05-28,Accessories,Referral,275.56,137.81,Completed
ORD_3320,CUST_1059,2024-11-05,Fashion,Referral,429.33,289.74,Cancelled
ORD_3321,CUST_189,2025-04-24,Limited Collection,Referral,258.96,118.37,Completed
ORD_3322,CUST_891,2024-11-05,Beauty,Referral,231.48,156.21,Completed
ORD_3323,CUST_817,2024-10-18,Subscription Box,TikTok,494.61,227.59,Completed
ORD_3324,CUST_1246,2025-04-23,Subscription Box,Instagram,345.61,132.04,Completed
ORD_3325,CUST_1105,2025-03-15,Subscription Box,Partnership,226.02,162.77,Completed
ORD_3326,CUST_1285,2025-02-11,Beauty,Google Search,293.36,173.27,Completed
ORD_3327,CUST_588,2024-06-23,Beauty,Event Walk-in,185.62,95.06,Completed
ORD_3328,CUST_78,2024-07-03,Limited Collection,Google Search,684.05,305.42,Completed
ORD_3329,CUST_297,2024-04-27,Gift Card,Referral,140.09,62.74,Cancelled
ORD_3330,CUST_723,2025-05-09,Subscription Box,Event Walk-in,23.98,17.09,Completed
ORD_3331,CUST_609,2024-02-10,Subscription Box,Instagram,391.34,137.29,Completed
ORD_3332,CUST_188,2024-04-14,Premium Box,Referral,162.49,60.32,Completed
ORD_3333,CUST_1467,2025-05-29,Gift Card,LinkedIn,578.15,322.84,Completed
ORD_3334,CUST_7,2025-04-15,Beauty,Google Search,230.5,91.14,Completed
ORD_3335,CUST_1100,2025-05-02,Gift Card,Google Search,347.21,147.23,Completed
ORD_3336,CUST_861,2024-12-05,Gift Card,TikTok,575.36,234.08,Completed
ORD_3337,CUST_421,2024-04-27,Limited Collection,Instagram,594.48,336.29,Completed
ORD_3338,CUST_166,2025-06-20,Limited Collection,Referral,389.2,160.29,Completed
ORD_3339,CUST_133,2024-03-04,Limited Collection,Event Walk-in,371.36,139.11,Completed
ORD_3340,CUST_1064,2024-12-15,Gift Card,Instagram,585.71,251.07,Completed
ORD_3341,CUST_467,2025-02-08,Gift Card,TikTok,319.89,225.89,Refunded
ORD_3342,CUST_301,2024-07-10,Limited Collection,TikTok,28.64,12.35,Refunded
ORD_3343,CUST_23,2024-09-05,Fashion,Instagram,413.61,238.18,Completed
ORD_3344,CUST_58,2024-02-03,Fashion,TikTok,639.23,229.81,Cancelled
ORD_3345,CUST_1189,2025-01-09,Limited Collection,Google Search,262.33,171.68,Completed
ORD_3346,CUST_351,2024-12-24,Beauty,Instagram,35.45,22.43,Completed
ORD_3347,CUST_777,2024-04-23,Fashion,TikTok,642.52,455.5,Completed
ORD_3348,CUST_277,2025-03-25,Premium Box,LinkedIn,682.71,254.94,Completed
ORD_3349,CUST_1376,2025-02-24,Premium Box,Google Search,271.85,118.39,Refunded
ORD_3350,CUST_723,2024-07-09,Accessories,Event Walk-in,642.88,265.72,Completed
ORD_3351,CUST_800,2025-06-06,Premium Box,Google Search,266.67,181.58,Refunded
ORD_3352,CUST_477,2024-01-25,Gift Card,TikTok,616.06,431.06,Completed
ORD_3353,CUST_1370,2025-06-12,Accessories,Instagram,463.13,321.89,Completed
ORD_3354,CUST_1439,2024-04-08,Gift Card,Google Search,584.83,329.41,Completed
ORD_3355,CUST_161,2024-07-10,Beauty,Referral,39.57,15.27,Completed
ORD_3356,CUST_743,2024-07-01,Gift Card,Event Walk-in,131.17,88.24,Refunded
ORD_3357,CUST_406,2024-09-17,Subscription Box,LinkedIn,194.83,95.56,Refunded
ORD_3358,CUST_1055,2024-01-29,Gift Card,Google Search,35.06,20.38,Completed
ORD_3359,CUST_1166,2025-03-18,Fashion,Google Search,681.02,244.24,Refunded
ORD_3360,CUST_1084,2024-06-30,Gift Card,TikTok,182.57,64.69,Completed
ORD_3361,CUST_184,2024-02-23,Limited Collection,Instagram,523.02,381.81,Completed
ORD_3362,CUST_728,2025-01-29,Gift Card,Event Walk-in,27.59,18.39,Completed
ORD_3363,CUST_1244,2025-01-30,Fashion,Google Search,92.68,43.19,Completed
ORD_3364,CUST_1150,2024-06-21,Accessories,Instagram,327.83,194.55,Completed
ORD_3365,CUST_1061,2024-12-11,Gift Card,Referral,355.75,208.62,Completed
ORD_3366,CUST_842,2024-10-28,Beauty,Partnership,595.1,288.1,Completed
ORD_3367,CUST_758,2024-03-17,Subscription Box,LinkedIn,606.0,277.65,Completed
ORD_3368,CUST_334,2025-05-09,Beauty,Event Walk-in,665.66,255.51,Completed
ORD_3369,CUST_151,2025-01-21,Gift Card,Referral,687.78,246.85,Completed
ORD_3370,CUST_371,2024-12-18,Fashion,Instagram,429.87,318.02,Completed
ORD_3371,CUST_741,2024-02-26,Limited Collection,Referral,448.56,195.62,Completed
ORD_3372,CUST_1455,2025-02-27,Fashion,Referral,486.03,230.26,Completed
ORD_3373,CUST_417,2025-04-07,Limited Collection,LinkedIn,459.25,287.81,Completed
ORD_3374,CUST_905,2025-05-21,Fashion,TikTok,488.81,349.98,Completed
ORD_3375,CUST_761,2024-08-17,Limited Collection,Google Search,514.62,305.09,Completed
ORD_3376,CUST_56,2025-03-28,Subscription Box,Google Search,85.99,57.94,Completed
ORD_3377,CUST_620,2024-09-28,Beauty,LinkedIn,377.54,252.34,Refunded
ORD_3378,CUST_1210,2025-01-01,Premium Box,Partnership,253.52,164.1,Completed
ORD_3379,CUST_1290,2024-08-16,Premium Box,Partnership,150.35,99.21,Completed
ORD_3380,CUST_1144,2025-01-18,Limited Collection,LinkedIn,518.56,366.04,Completed
ORD_3381,CUST_189,2025-05-04,Fashion,Referral,470.09,170.38,Completed
ORD_3382,CUST_713,2024-07-10,Subscription Box,LinkedIn,352.62,188.43,Refunded
ORD_3383,CUST_861,2024-06-09,Limited Collection,TikTok,225.68,107.07,Completed
ORD_3384,CUST_378,2024-09-25,Gift Card,Referral,83.89,48.37,Completed
ORD_3385,CUST_1468,2024-03-14,Subscription Box,Event Walk-in,56.73,20.44,Completed
ORD_3386,CUST_937,2025-03-24,Beauty,Google Search,307.65,215.9,Refunded
ORD_3387,CUST_155,2024-08-21,Premium Box,Instagram,372.41,133.03,Completed
ORD_3388,CUST_809,2025-03-17,Gift Card,LinkedIn,122.66,47.56,Completed
ORD_3389,CUST_1253,2025-05-15,Fashion,LinkedIn,339.29,247.39,Completed
ORD_3390,CUST_1153,2025-05-01,Beauty,Referral,436.85,295.9,Completed
ORD_3391,CUST_807,2024-02-24,Beauty,LinkedIn,65.53,37.39,Completed
ORD_3392,CUST_1045,2024-10-26,Fashion,Google Search,569.64,281.21,Completed
ORD_3393,CUST_669,2024-06-18,Premium Box,Event Walk-in,23.02,15.5,Completed
ORD_3394,CUST_458,2024-01-17,Limited Collection,Instagram,603.74,253.04,Completed
ORD_3395,CUST_1021,2024-07-30,Subscription Box,Instagram,34.66,21.89,Completed
ORD_3396,CUST_567,2024-03-29,Accessories,TikTok,132.83,59.36,Completed
ORD_3397,CUST_441,2024-05-05,Subscription Box,Event Walk-in,485.91,280.82,Completed
ORD_3398,CUST_1055,2024-09-18,Subscription Box,Google Search,640.81,225.67,Completed
ORD_3399,CUST_53,2024-12-03,Subscription Box,LinkedIn,382.4,152.83,Completed
ORD_3400,CUST_1092,2024-04-02,Gift Card,LinkedIn,253.68,102.12,Completed
ORD_3401,CUST_1173,2025-06-12,Limited Collection,Google Search,527.26,385.05,Completed
ORD_3402,CUST_294,2024-02-24,Premium Box,LinkedIn,549.37,259.82,Completed
ORD_3403,CUST_1,2024-03-22,Beauty,Referral,335.13,240.72,Completed
ORD_3404,CUST_747,2024-05-26,Limited Collection,Referral,354.4,190.86,Completed
ORD_3405,CUST_452,2025-04-28,Subscription Box,Instagram,298.62,120.43,Completed
ORD_3406,CUST_714,2025-04-06,Premium Box,Instagram,295.85,155.14,Completed
ORD_3407,CUST_1039,2024-02-11,Accessories,Event Walk-in,689.86,503.94,Completed
ORD_3408,CUST_1410,2024-08-25,Limited Collection,TikTok,519.21,275.05,Completed
ORD_3409,CUST_1065,2025-02-12,Limited Collection,TikTok,45.73,16.06,Refunded
ORD_3410,CUST_695,2024-01-08,Fashion,LinkedIn,482.46,336.31,Completed
ORD_3411,CUST_1010,2025-05-10,Subscription Box,Google Search,467.49,207.1,Completed
ORD_3412,CUST_934,2025-04-14,Limited Collection,Partnership,552.62,309.14,Completed
ORD_3413,CUST_946,2024-06-10,Gift Card,TikTok,73.13,42.65,Completed
ORD_3414,CUST_1444,2025-04-12,Gift Card,Google Search,370.78,217.19,Completed
ORD_3415,CUST_57,2025-04-18,Limited Collection,Partnership,149.7,103.8,Completed
ORD_3416,CUST_1321,2024-06-01,Accessories,Event Walk-in,236.95,144.79,Completed
ORD_3417,CUST_1275,2024-03-08,Beauty,Partnership,399.89,292.09,Refunded
ORD_3418,CUST_1119,2024-11-26,Subscription Box,Instagram,160.32,116.02,Completed
ORD_3419,CUST_459,2024-03-10,Beauty,Event Walk-in,220.42,152.01,Completed
ORD_3420,CUST_248,2025-04-16,Gift Card,Instagram,277.69,182.0,Completed
ORD_3421,CUST_775,2024-09-13,Limited Collection,Partnership,225.32,145.32,Completed
ORD_3422,CUST_1498,2024-12-09,Subscription Box,Referral,673.17,342.81,Completed
ORD_3423,CUST_243,2025-01-02,Accessories,Instagram,605.22,393.72,Completed
ORD_3424,CUST_1298,2024-06-23,Gift Card,TikTok,237.31,141.55,Completed
ORD_3425,CUST_779,2024-09-23,Accessories,Partnership,226.59,88.17,Completed
ORD_3426,CUST_1095,2025-01-16,Gift Card,Partnership,344.82,247.61,Completed
ORD_3427,CUST_139,2025-06-02,Accessories,Partnership,59.05,31.94,Completed
ORD_3428,CUST_151,2024-03-06,Fashion,Referral,122.41,57.64,Completed
ORD_3429,CUST_390,2024-06-04,Gift Card,Partnership,180.76,66.55,Completed
ORD_3430,CUST_592,2025-03-30,Fashion,LinkedIn,401.85,220.54,Cancelled
ORD_3431,CUST_1214,2025-06-19,Gift Card,LinkedIn,78.78,40.9,Completed
ORD_3432,CUST_850,2024-11-28,Beauty,Partnership,689.8,482.41,Completed
ORD_3433,CUST_18,2025-03-19,Accessories,LinkedIn,535.32,265.12,Completed
ORD_3434,CUST_1379,2025-02-10,Gift Card,Google Search,653.25,381.14,Completed
ORD_3435,CUST_78,2025-04-04,Gift Card,Google Search,268.43,179.88,Completed
ORD_3436,CUST_735,2024-12-12,Accessories,Instagram,646.37,413.66,Completed
ORD_3437,CUST_1332,2025-05-22,Premium Box,Referral,153.44,112.76,Completed
ORD_3438,CUST_1082,2025-06-07,Subscription Box,Partnership,428.03,219.54,Cancelled
ORD_3439,CUST_1377,2024-05-01,Gift Card,Google Search,237.71,117.8,Completed
ORD_3440,CUST_1302,2025-03-21,Limited Collection,Instagram,350.03,139.43,Completed
ORD_3441,CUST_880,2024-07-13,Beauty,LinkedIn,439.71,178.41,Completed
ORD_3442,CUST_501,2025-06-20,Fashion,Google Search,494.24,224.79,Completed
ORD_3443,CUST_680,2024-04-24,Fashion,Event Walk-in,352.42,255.78,Completed
ORD_3444,CUST_497,2024-05-01,Subscription Box,Instagram,324.35,210.8,Completed
ORD_3445,CUST_601,2024-04-26,Limited Collection,Referral,658.49,274.44,Completed
ORD_3446,CUST_1204,2025-05-06,Accessories,Referral,128.69,78.25,Completed
ORD_3447,CUST_649,2024-10-18,Premium Box,Instagram,641.56,354.61,Completed
ORD_3448,CUST_1390,2024-07-25,Fashion,Referral,129.96,57.24,Completed
ORD_3449,CUST_617,2024-03-31,Subscription Box,Referral,685.57,499.58,Cancelled
ORD_3450,CUST_519,2024-12-19,Gift Card,LinkedIn,569.82,250.71,Completed
ORD_3451,CUST_1123,2025-02-01,Accessories,LinkedIn,460.06,273.72,Completed
ORD_3452,CUST_314,2024-01-20,Premium Box,Instagram,516.28,311.91,Completed
ORD_3453,CUST_224,2024-10-04,Accessories,Instagram,499.22,220.14,Completed
ORD_3454,CUST_456,2025-01-20,Accessories,Instagram,186.85,119.36,Completed
ORD_3455,CUST_194,2024-07-04,Beauty,LinkedIn,452.68,166.71,Completed
ORD_3456,CUST_440,2025-01-24,Gift Card,LinkedIn,593.56,307.75,Cancelled
ORD_3457,CUST_952,2024-03-07,Subscription Box,Referral,675.28,360.28,Completed
ORD_3458,CUST_1166,2024-01-15,Fashion,Google Search,247.39,105.22,Completed
ORD_3459,CUST_589,2024-10-05,Subscription Box,Referral,625.95,360.83,Completed
ORD_3460,CUST_1373,2024-10-27,Beauty,Referral,230.03,109.3,Cancelled
ORD_3461,CUST_43,2024-06-14,Accessories,LinkedIn,630.1,422.61,Refunded
ORD_3462,CUST_220,2025-04-20,Fashion,Referral,428.24,206.0,Completed
ORD_3463,CUST_1149,2024-03-04,Premium Box,Google Search,592.44,345.32,Completed
ORD_3464,CUST_986,2024-10-30,Subscription Box,Partnership,397.24,203.97,Cancelled
ORD_3465,CUST_64,2024-07-22,Gift Card,TikTok,24.51,11.5,Completed
ORD_3466,CUST_1441,2025-06-25,Premium Box,Google Search,672.0,310.89,Completed
ORD_3467,CUST_235,2024-12-14,Limited Collection,TikTok,141.5,58.15,Completed
ORD_3468,CUST_739,2024-07-27,Beauty,Event Walk-in,577.08,394.56,Completed
ORD_3469,CUST_1347,2024-08-01,Accessories,Instagram,351.5,240.5,Completed
ORD_3470,CUST_1446,2025-01-04,Fashion,TikTok,30.77,11.06,Completed
ORD_3471,CUST_1028,2024-08-19,Fashion,Google Search,481.79,275.63,Refunded
ORD_3472,CUST_359,2025-02-22,Gift Card,Partnership,541.94,278.76,Completed
ORD_3473,CUST_305,2024-10-01,Beauty,LinkedIn,391.54,154.14,Completed
ORD_3474,CUST_382,2024-07-06,Accessories,TikTok,646.03,318.07,Completed
ORD_3475,CUST_316,2024-08-12,Accessories,Event Walk-in,470.76,309.69,Completed
ORD_3476,CUST_785,2025-03-04,Limited Collection,TikTok,639.98,447.32,Completed
ORD_3477,CUST_1301,2025-06-12,Subscription Box,Instagram,549.84,210.52,Completed
ORD_3478,CUST_192,2025-05-23,Subscription Box,LinkedIn,131.55,72.71,Completed
ORD_3479,CUST_985,2025-05-08,Subscription Box,Partnership,171.53,74.46,Completed
ORD_3480,CUST_914,2024-02-24,Accessories,TikTok,577.21,318.72,Completed
ORD_3481,CUST_786,2025-05-24,Subscription Box,Instagram,80.12,34.21,Completed
ORD_3482,CUST_522,2025-06-09,Limited Collection,Event Walk-in,305.51,122.27,Completed
ORD_3483,CUST_389,2024-05-25,Premium Box,Google Search,679.4,453.94,Completed
ORD_3484,CUST_300,2025-01-19,Gift Card,LinkedIn,435.37,304.88,Completed
ORD_3485,CUST_276,2024-11-19,Premium Box,Event Walk-in,489.19,250.66,Completed
ORD_3486,CUST_1074,2024-12-29,Accessories,Partnership,198.02,71.36,Completed
ORD_3487,CUST_555,2024-06-15,Limited Collection,Referral,210.61,122.65,Completed
ORD_3488,CUST_1065,2024-07-27,Accessories,TikTok,660.26,450.26,Completed
ORD_3489,CUST_760,2025-02-15,Accessories,LinkedIn,307.07,155.04,Completed
ORD_3490,CUST_272,2024-09-29,Subscription Box,TikTok,449.44,250.39,Completed
ORD_3491,CUST_119,2025-03-03,Premium Box,Event Walk-in,329.11,191.37,Completed
ORD_3492,CUST_220,2024-11-03,Beauty,Referral,50.39,28.05,Completed
ORD_3493,CUST_1102,2024-06-14,Limited Collection,LinkedIn,311.28,225.98,Completed
ORD_3494,CUST_1464,2024-08-25,Fashion,Event Walk-in,470.74,167.46,Refunded
ORD_3495,CUST_356,2024-01-31,Fashion,TikTok,549.93,394.74,Completed
ORD_3496,CUST_65,2025-05-16,Beauty,LinkedIn,136.56,61.99,Completed
ORD_3497,CUST_562,2024-07-13,Limited Collection,Instagram,483.22,223.3,Completed
ORD_3498,CUST_171,2024-07-12,Gift Card,Event Walk-in,368.21,185.92,Completed
ORD_3499,CUST_421,2024-06-17,Fashion,Instagram,513.93,192.74,Completed
ORD_3500,CUST_1143,2024-12-28,Premium Box,Event Walk-in,30.76,20.84,Completed
ORD_3501,CUST_172,2024-12-15,Premium Box,TikTok,316.43,213.64,Refunded
ORD_3502,CUST_230,2024-06-17,Gift Card,Instagram,39.77,26.65,Completed
ORD_3503,CUST_919,2025-03-15,Gift Card,TikTok,472.76,336.89,Completed
ORD_3504,CUST_1144,2024-02-18,Fashion,LinkedIn,467.92,325.21,Completed
ORD_3505,CUST_1162,2025-03-15,Fashion,Partnership,616.61,393.74,Completed
ORD_3506,CUST_358,2024-09-06,Subscription Box,Event Walk-in,159.34,115.09,Completed
ORD_3507,CUST_579,2025-03-17,Gift Card,Partnership,360.4,195.41,Completed
ORD_3508,CUST_1100,2024-03-01,Gift Card,Google Search,352.71,231.91,Completed
ORD_3509,CUST_1169,2024-12-06,Limited Collection,LinkedIn,65.62,34.37,Completed
ORD_3510,CUST_450,2025-01-04,Gift Card,Partnership,587.28,320.83,Refunded
ORD_3511,CUST_757,2025-06-08,Subscription Box,Instagram,378.81,148.24,Completed
ORD_3512,CUST_491,2024-10-30,Gift Card,Event Walk-in,51.33,30.17,Completed
ORD_3513,CUST_925,2025-05-14,Beauty,Google Search,530.56,381.5,Completed
ORD_3514,CUST_673,2024-08-29,Subscription Box,Event Walk-in,505.76,189.78,Completed
ORD_3515,CUST_986,2025-06-25,Accessories,Partnership,540.96,203.26,Completed
ORD_3516,CUST_1358,2024-10-27,Fashion,Partnership,424.76,261.7,Completed
ORD_3517,CUST_860,2024-07-05,Beauty,TikTok,696.44,337.62,Cancelled
ORD_3518,CUST_456,2024-11-16,Accessories,Instagram,238.77,160.79,Completed
ORD_3519,CUST_1376,2024-08-16,Subscription Box,Google Search,619.13,217.64,Cancelled
ORD_3520,CUST_990,2025-03-08,Premium Box,Event Walk-in,346.13,159.06,Completed
ORD_3521,CUST_480,2024-01-06,Subscription Box,Google Search,334.26,160.14,Refunded
ORD_3522,CUST_517,2024-08-16,Accessories,Event Walk-in,381.93,210.39,Completed
ORD_3523,CUST_1415,2024-04-04,Premium Box,Instagram,511.74,267.37,Completed
ORD_3524,CUST_1385,2024-05-17,Fashion,Referral,325.7,153.36,Completed
ORD_3525,CUST_1100,2024-06-27,Limited Collection,Google Search,432.88,242.57,Completed
ORD_3526,CUST_1140,2024-09-10,Fashion,Google Search,35.56,21.46,Completed
ORD_3527,CUST_1024,2024-11-26,Fashion,Event Walk-in,478.19,194.09,Completed
ORD_3528,CUST_802,2025-04-09,Fashion,Google Search,613.36,329.98,Completed
ORD_3529,CUST_1464,2024-12-26,Gift Card,Event Walk-in,250.28,119.3,Completed
ORD_3530,CUST_886,2024-09-28,Premium Box,Google Search,596.38,369.96,Cancelled
ORD_3531,CUST_145,2025-03-05,Gift Card,Partnership,195.58,88.64,Completed
ORD_3532,CUST_188,2024-12-06,Premium Box,Referral,87.42,35.7,Completed
ORD_3533,CUST_1275,2024-08-10,Fashion,Partnership,152.47,102.21,Completed
ORD_3534,CUST_606,2025-04-14,Limited Collection,Instagram,409.58,222.97,Completed
ORD_3535,CUST_289,2025-04-06,Premium Box,LinkedIn,483.32,317.25,Refunded
ORD_3536,CUST_889,2025-06-23,Accessories,Referral,472.84,307.74,Completed
ORD_3537,CUST_744,2024-07-21,Accessories,TikTok,364.52,211.46,Completed
ORD_3538,CUST_498,2025-01-29,Subscription Box,Google Search,196.32,118.61,Refunded
ORD_3539,CUST_197,2024-10-07,Accessories,Partnership,176.11,131.52,Completed
ORD_3540,CUST_86,2024-11-27,Accessories,Partnership,283.52,136.78,Completed
ORD_3541,CUST_1093,2024-07-29,Subscription Box,Event Walk-in,100.08,52.57,Completed
ORD_3542,CUST_1090,2024-07-31,Beauty,TikTok,296.68,175.18,Completed
ORD_3543,CUST_333,2024-01-11,Fashion,Partnership,351.28,151.36,Completed
ORD_3544,CUST_836,2024-01-08,Accessories,LinkedIn,240.86,159.26,Completed
ORD_3545,CUST_1148,2025-01-25,Gift Card,TikTok,186.77,111.84,Completed
ORD_3546,CUST_807,2024-06-04,Beauty,LinkedIn,446.56,174.02,Completed
ORD_3547,CUST_1404,2024-06-29,Accessories,Instagram,29.89,18.57,Completed
ORD_3548,CUST_541,2024-02-17,Fashion,Google Search,315.99,169.31,Refunded
ORD_3549,CUST_1004,2025-06-22,Subscription Box,Partnership,442.89,323.61,Completed
ORD_3550,CUST_386,2024-04-01,Limited Collection,TikTok,278.66,157.0,Completed
ORD_3551,CUST_445,2024-01-04,Fashion,Google Search,335.01,128.42,Completed
ORD_3552,CUST_65,2024-12-18,Beauty,LinkedIn,165.07,70.33,Completed
ORD_3553,CUST_358,2025-05-29,Fashion,Event Walk-in,559.24,393.25,Completed
ORD_3554,CUST_551,2024-10-26,Fashion,Partnership,402.77,169.83,Completed
ORD_3555,CUST_215,2024-12-22,Premium Box,LinkedIn,148.32,104.51,Completed
ORD_3556,CUST_1011,2024-08-30,Premium Box,Referral,333.63,157.92,Completed
ORD_3557,CUST_45,2024-02-08,Gift Card,Google Search,565.78,318.92,Completed
ORD_3558,CUST_1132,2024-08-29,Gift Card,Google Search,586.3,321.64,Completed
ORD_3559,CUST_355,2024-07-18,Subscription Box,Partnership,578.52,232.53,Refunded
ORD_3560,CUST_298,2025-01-11,Fashion,Event Walk-in,477.47,320.3,Completed
ORD_3561,CUST_1069,2025-01-17,Beauty,Referral,59.27,37.53,Refunded
ORD_3562,CUST_1033,2024-12-25,Gift Card,Referral,457.32,248.47,Completed
ORD_3563,CUST_114,2024-06-18,Beauty,Event Walk-in,309.15,157.17,Completed
ORD_3564,CUST_290,2024-11-03,Premium Box,LinkedIn,618.48,330.65,Completed
ORD_3565,CUST_593,2025-02-18,Premium Box,LinkedIn,109.43,40.02,Completed
ORD_3566,CUST_542,2025-05-13,Accessories,Instagram,278.82,106.21,Completed
ORD_3567,CUST_542,2024-01-02,Limited Collection,Instagram,201.15,129.06,Refunded
ORD_3568,CUST_1212,2024-04-03,Gift Card,Referral,408.7,169.34,Completed
ORD_3569,CUST_337,2024-04-20,Limited Collection,Event Walk-in,301.69,122.61,Completed
ORD_3570,CUST_761,2024-04-10,Accessories,Google Search,362.56,141.94,Completed
ORD_3571,CUST_1423,2024-04-08,Limited Collection,LinkedIn,37.45,18.15,Completed
ORD_3572,CUST_1105,2025-01-14,Limited Collection,Partnership,474.5,293.95,Completed
ORD_3573,CUST_1323,2024-10-31,Fashion,LinkedIn,631.44,386.58,Completed
ORD_3574,CUST_327,2025-06-05,Limited Collection,LinkedIn,28.33,10.54,Completed
ORD_3575,CUST_1428,2024-12-09,Premium Box,TikTok,566.75,212.83,Completed
ORD_3576,CUST_1256,2024-09-13,Premium Box,Google Search,23.29,12.9,Completed
ORD_3577,CUST_1374,2024-10-04,Gift Card,TikTok,63.06,22.34,Completed
ORD_3578,CUST_305,2024-11-17,Premium Box,LinkedIn,641.22,436.68,Completed
ORD_3579,CUST_1387,2025-04-23,Premium Box,Instagram,338.6,215.08,Completed
ORD_3580,CUST_510,2025-03-14,Subscription Box,TikTok,663.89,458.4,Completed
ORD_3581,CUST_1346,2024-09-08,Accessories,Referral,614.44,427.41,Completed
ORD_3582,CUST_563,2024-03-24,Subscription Box,Google Search,654.02,433.8,Completed
ORD_3583,CUST_652,2024-05-16,Beauty,Instagram,114.85,43.36,Completed
ORD_3584,CUST_1299,2024-10-27,Fashion,LinkedIn,28.72,21.51,Completed
ORD_3585,CUST_872,2024-12-31,Fashion,Google Search,319.33,169.82,Completed
ORD_3586,CUST_1491,2024-06-17,Limited Collection,Google Search,514.15,285.78,Completed
ORD_3587,CUST_1076,2024-10-03,Beauty,LinkedIn,55.21,34.95,Completed
ORD_3588,CUST_1174,2024-05-31,Gift Card,LinkedIn,95.91,36.43,Completed
ORD_3589,CUST_1301,2024-05-19,Subscription Box,Instagram,586.1,279.76,Completed
ORD_3590,CUST_630,2024-11-03,Beauty,LinkedIn,541.65,329.84,Completed
ORD_3591,CUST_305,2024-07-10,Fashion,LinkedIn,269.06,147.26,Completed
ORD_3592,CUST_826,2024-05-20,Accessories,Google Search,468.33,192.78,Cancelled
ORD_3593,CUST_709,2024-03-27,Gift Card,Instagram,68.26,32.8,Completed
ORD_3594,CUST_1434,2025-01-03,Premium Box,Partnership,392.07,219.96,Completed
ORD_3595,CUST_232,2025-06-08,Premium Box,Referral,151.38,106.36,Completed
ORD_3596,CUST_329,2024-04-23,Gift Card,Event Walk-in,476.59,207.51,Completed
ORD_3597,CUST_89,2025-04-01,Beauty,LinkedIn,190.27,93.09,Completed
ORD_3598,CUST_609,2025-04-12,Beauty,Instagram,653.38,326.54,Completed
ORD_3599,CUST_101,2024-04-11,Gift Card,TikTok,83.53,44.23,Completed
ORD_3600,CUST_643,2024-03-11,Limited Collection,Partnership,409.3,247.79,Completed
ORD_3601,CUST_355,2024-09-17,Limited Collection,Partnership,179.96,75.29,Completed
ORD_3602,CUST_482,2025-01-03,Beauty,Referral,379.03,280.33,Completed
ORD_3603,CUST_1157,2025-01-07,Beauty,Google Search,393.12,200.14,Completed
ORD_3604,CUST_774,2024-11-22,Subscription Box,Event Walk-in,268.2,112.24,Completed
ORD_3605,CUST_762,2024-11-22,Accessories,Partnership,407.66,296.38,Completed
ORD_3606,CUST_1009,2024-12-14,Fashion,Partnership,244.69,129.58,Completed
ORD_3607,CUST_318,2024-04-17,Accessories,Referral,687.88,262.61,Completed
ORD_3608,CUST_888,2024-02-25,Accessories,LinkedIn,377.73,133.3,Completed
ORD_3609,CUST_804,2025-05-19,Beauty,Google Search,656.06,351.14,Refunded
ORD_3610,CUST_948,2024-08-28,Fashion,Event Walk-in,97.18,46.09,Cancelled
ORD_3611,CUST_90,2025-06-08,Accessories,Partnership,483.73,273.32,Completed
ORD_3612,CUST_1387,2025-02-18,Gift Card,Instagram,522.3,366.35,Completed
ORD_3613,CUST_635,2024-09-26,Gift Card,Instagram,485.18,256.81,Completed
ORD_3614,CUST_471,2024-11-01,Accessories,Referral,356.05,157.3,Completed
ORD_3615,CUST_1010,2025-01-06,Gift Card,Google Search,539.1,254.27,Completed
ORD_3616,CUST_958,2024-02-21,Limited Collection,LinkedIn,350.5,139.72,Refunded
ORD_3617,CUST_775,2025-01-25,Limited Collection,Partnership,445.18,302.19,Completed
ORD_3618,CUST_1470,2025-05-23,Accessories,Partnership,66.54,43.81,Completed
ORD_3619,CUST_387,2024-02-19,Fashion,TikTok,287.07,193.54,Completed
ORD_3620,CUST_1386,2024-12-30,Fashion,LinkedIn,539.15,190.85,Completed
ORD_3621,CUST_1137,2024-01-02,Subscription Box,TikTok,566.19,354.84,Completed
ORD_3622,CUST_1442,2024-12-13,Limited Collection,Partnership,588.79,400.25,Completed
ORD_3623,CUST_970,2024-10-05,Accessories,Google Search,580.55,277.2,Completed
ORD_3624,CUST_1352,2024-11-24,Gift Card,Google Search,491.11,310.99,Completed
ORD_3625,CUST_412,2024-07-04,Limited Collection,Event Walk-in,541.52,348.26,Completed
ORD_3626,CUST_812,2024-09-01,Premium Box,Event Walk-in,584.5,341.57,Completed
ORD_3627,CUST_1126,2024-09-17,Premium Box,TikTok,651.0,362.56,Completed
ORD_3628,CUST_188,2025-05-29,Fashion,Referral,285.05,193.16,Completed
ORD_3629,CUST_418,2024-12-28,Subscription Box,Event Walk-in,227.17,129.73,Completed
ORD_3630,CUST_1447,2024-08-29,Accessories,Instagram,686.4,338.09,Completed
ORD_3631,CUST_1435,2024-04-10,Subscription Box,Google Search,580.78,250.89,Completed
ORD_3632,CUST_1234,2024-10-10,Accessories,Referral,326.12,152.98,Cancelled
ORD_3633,CUST_445,2024-07-05,Premium Box,Google Search,644.2,475.34,Completed
ORD_3634,CUST_245,2024-09-25,Gift Card,Event Walk-in,583.03,435.9,Completed
ORD_3635,CUST_244,2024-02-24,Fashion,LinkedIn,168.63,82.99,Refunded
ORD_3636,CUST_325,2024-06-30,Limited Collection,TikTok,388.81,188.97,Completed
ORD_3637,CUST_75,2024-09-03,Gift Card,Instagram,195.19,121.19,Completed
ORD_3638,CUST_1089,2024-09-07,Premium Box,LinkedIn,516.61,323.65,Completed
ORD_3639,CUST_1240,2024-11-02,Fashion,Instagram,468.21,349.15,Completed
ORD_3640,CUST_107,2024-04-15,Fashion,LinkedIn,490.31,354.99,Completed
ORD_3641,CUST_683,2024-12-20,Accessories,LinkedIn,61.71,43.06,Completed
ORD_3642,CUST_1128,2025-06-16,Fashion,Partnership,33.56,19.48,Completed
ORD_3643,CUST_93,2024-10-21,Premium Box,TikTok,461.23,171.33,Completed
ORD_3644,CUST_215,2025-01-03,Beauty,LinkedIn,533.86,388.17,Refunded
ORD_3645,CUST_1000,2024-08-06,Fashion,Event Walk-in,381.75,262.49,Completed
ORD_3646,CUST_920,2025-02-24,Subscription Box,Google Search,199.24,83.76,Completed
ORD_3647,CUST_732,2024-07-21,Accessories,LinkedIn,548.28,321.49,Completed
ORD_3648,CUST_710,2025-03-01,Premium Box,LinkedIn,202.4,112.01,Refunded
ORD_3649,CUST_1217,2025-01-17,Gift Card,Event Walk-in,453.24,306.98,Completed
ORD_3650,CUST_1182,2025-04-05,Beauty,Partnership,548.59,199.07,Completed
ORD_3651,CUST_1312,2024-02-10,Accessories,TikTok,89.68,63.04,Completed
ORD_3652,CUST_1237,2024-10-29,Beauty,TikTok,479.66,255.77,Completed
ORD_3653,CUST_1234,2024-07-09,Subscription Box,Referral,373.67,152.59,Completed
ORD_3654,CUST_403,2024-03-23,Limited Collection,Instagram,171.35,115.76,Cancelled
ORD_3655,CUST_1457,2024-08-04,Fashion,TikTok,286.34,174.03,Completed
ORD_3656,CUST_1157,2024-03-17,Gift Card,Google Search,684.27,241.98,Completed
ORD_3657,CUST_979,2024-05-07,Fashion,Referral,78.95,30.61,Completed
ORD_3658,CUST_1296,2024-02-11,Beauty,TikTok,280.45,118.58,Completed
ORD_3659,CUST_1212,2025-04-27,Beauty,Referral,341.78,204.78,Refunded
ORD_3660,CUST_643,2024-01-27,Fashion,Partnership,423.79,275.0,Refunded
ORD_3661,CUST_833,2025-05-26,Subscription Box,Instagram,455.73,211.42,Cancelled
ORD_3662,CUST_201,2025-06-12,Fashion,Instagram,139.26,74.51,Refunded
ORD_3663,CUST_593,2025-02-16,Limited Collection,LinkedIn,153.54,92.67,Completed
ORD_3664,CUST_669,2025-04-08,Fashion,Event Walk-in,239.26,137.28,Completed
ORD_3665,CUST_1443,2025-03-02,Subscription Box,Referral,233.94,92.29,Completed
ORD_3666,CUST_448,2025-03-16,Limited Collection,Referral,263.15,177.93,Completed
ORD_3667,CUST_1493,2024-11-01,Beauty,Referral,134.29,88.65,Completed
ORD_3668,CUST_384,2024-03-31,Premium Box,Event Walk-in,417.84,271.31,Completed
ORD_3669,CUST_1491,2024-08-06,Beauty,Google Search,159.73,61.28,Refunded
ORD_3670,CUST_234,2024-03-08,Gift Card,Instagram,101.34,47.42,Completed
ORD_3671,CUST_15,2024-05-23,Subscription Box,Instagram,319.14,235.14,Completed
ORD_3672,CUST_506,2024-02-15,Fashion,Referral,151.77,110.7,Completed
ORD_3673,CUST_977,2024-10-02,Fashion,Event Walk-in,490.37,326.88,Completed
ORD_3674,CUST_1302,2024-07-23,Limited Collection,Instagram,601.22,298.2,Completed
ORD_3675,CUST_440,2025-01-20,Limited Collection,LinkedIn,591.14,223.32,Completed
ORD_3676,CUST_430,2025-06-17,Accessories,TikTok,239.41,107.64,Completed
ORD_3677,CUST_653,2024-09-08,Limited Collection,Google Search,420.11,152.35,Refunded
ORD_3678,CUST_1230,2024-09-11,Limited Collection,LinkedIn,513.97,358.32,Completed
ORD_3679,CUST_767,2024-08-07,Subscription Box,LinkedIn,261.3,125.35,Completed
ORD_3680,CUST_1304,2025-01-11,Gift Card,TikTok,146.68,99.22,Completed
ORD_3681,CUST_246,2024-04-02,Subscription Box,Event Walk-in,598.94,238.02,Refunded
ORD_3682,CUST_654,2024-08-25,Gift Card,Event Walk-in,206.91,105.67,Refunded
ORD_3683,CUST_997,2025-06-17,Accessories,LinkedIn,299.02,159.36,Completed
ORD_3684,CUST_1252,2024-06-05,Subscription Box,TikTok,237.09,150.91,Completed
ORD_3685,CUST_1340,2024-07-28,Beauty,Referral,76.45,34.03,Completed
ORD_3686,CUST_1040,2024-02-06,Beauty,Partnership,201.37,88.8,Completed
ORD_3687,CUST_41,2024-05-18,Premium Box,Google Search,303.09,212.56,Completed
ORD_3688,CUST_138,2025-02-12,Fashion,LinkedIn,81.85,39.33,Completed
ORD_3689,CUST_809,2025-05-17,Beauty,LinkedIn,569.24,389.44,Completed
ORD_3690,CUST_132,2024-11-27,Gift Card,Instagram,387.92,175.94,Completed
ORD_3691,CUST_603,2024-12-28,Fashion,TikTok,83.52,54.32,Completed
ORD_3692,CUST_974,2024-04-04,Subscription Box,LinkedIn,247.53,172.6,Completed
ORD_3693,CUST_381,2025-04-22,Subscription Box,Google Search,561.0,365.59,Completed
ORD_3694,CUST_395,2025-01-20,Subscription Box,TikTok,333.06,223.45,Completed
ORD_3695,CUST_722,2024-06-12,Premium Box,LinkedIn,244.71,124.42,Completed
ORD_3696,CUST_1350,2024-05-21,Accessories,Event Walk-in,393.04,158.42,Completed
ORD_3697,CUST_1469,2025-02-25,Premium Box,Partnership,191.12,138.94,Completed
ORD_3698,CUST_148,2024-01-04,Subscription Box,Partnership,628.73,227.97,Completed
ORD_3699,CUST_38,2024-04-01,Fashion,Instagram,436.76,159.86,Completed
ORD_3700,CUST_1341,2024-02-11,Fashion,Instagram,226.26,130.19,Completed
ORD_3701,CUST_176,2024-07-01,Gift Card,Partnership,72.07,33.69,Refunded
ORD_3702,CUST_273,2024-10-09,Limited Collection,Referral,169.78,91.66,Completed
ORD_3703,CUST_328,2024-11-25,Gift Card,Instagram,526.7,231.0,Completed
ORD_3704,CUST_568,2024-09-21,Subscription Box,LinkedIn,663.48,257.7,Cancelled
ORD_3705,CUST_489,2025-06-22,Limited Collection,Referral,257.48,162.33,Completed
ORD_3706,CUST_562,2025-02-18,Accessories,Instagram,288.85,111.59,Completed
ORD_3707,CUST_441,2024-06-02,Premium Box,Event Walk-in,193.52,128.73,Completed
ORD_3708,CUST_181,2024-08-07,Fashion,Google Search,127.45,47.26,Completed
ORD_3709,CUST_509,2024-03-12,Fashion,LinkedIn,654.99,462.92,Completed
ORD_3710,CUST_175,2024-08-24,Premium Box,Partnership,492.0,315.62,Completed
ORD_3711,CUST_1433,2025-01-01,Premium Box,Google Search,292.58,194.93,Completed
ORD_3712,CUST_173,2024-08-17,Beauty,TikTok,362.82,212.71,Completed
ORD_3713,CUST_1476,2024-09-20,Beauty,Partnership,493.38,236.1,Completed
ORD_3714,CUST_475,2024-03-16,Limited Collection,Referral,341.79,175.01,Completed
ORD_3715,CUST_1048,2024-02-01,Fashion,Referral,191.05,126.62,Completed
ORD_3716,CUST_1038,2024-06-30,Fashion,Google Search,44.94,17.9,Refunded
ORD_3717,CUST_716,2024-03-14,Subscription Box,Instagram,633.61,435.05,Completed
ORD_3718,CUST_543,2025-04-18,Premium Box,Referral,267.4,152.31,Completed
ORD_3719,CUST_1303,2025-02-02,Premium Box,Instagram,301.18,137.51,Cancelled
ORD_3720,CUST_564,2024-05-16,Accessories,LinkedIn,172.98,61.55,Completed
ORD_3721,CUST_140,2025-01-14,Subscription Box,Partnership,157.59,77.47,Completed
ORD_3722,CUST_596,2025-04-28,Accessories,Google Search,461.03,229.39,Completed
ORD_3723,CUST_366,2024-04-09,Beauty,TikTok,111.93,49.36,Completed
ORD_3724,CUST_528,2024-11-14,Limited Collection,Partnership,616.57,430.73,Completed
ORD_3725,CUST_846,2024-04-05,Premium Box,Partnership,434.65,189.58,Cancelled
ORD_3726,CUST_677,2024-06-28,Subscription Box,Instagram,268.11,186.81,Completed
ORD_3727,CUST_321,2024-06-01,Fashion,TikTok,629.28,432.77,Cancelled
ORD_3728,CUST_1392,2024-09-19,Fashion,LinkedIn,34.15,12.22,Completed
ORD_3729,CUST_633,2024-10-21,Subscription Box,LinkedIn,536.6,398.18,Completed
ORD_3730,CUST_1066,2024-03-29,Beauty,Partnership,374.13,238.85,Completed
ORD_3731,CUST_830,2024-04-23,Premium Box,LinkedIn,325.78,124.79,Completed
ORD_3732,CUST_293,2025-03-03,Limited Collection,Referral,166.84,112.82,Cancelled
ORD_3733,CUST_1132,2025-05-30,Gift Card,Google Search,490.32,283.37,Completed
ORD_3734,CUST_215,2024-03-18,Gift Card,LinkedIn,553.39,273.35,Completed
ORD_3735,CUST_156,2024-08-29,Gift Card,Referral,617.68,320.74,Completed
ORD_3736,CUST_1252,2024-05-09,Premium Box,TikTok,550.99,336.93,Refunded
ORD_3737,CUST_1243,2024-11-11,Fashion,Google Search,623.07,264.82,Completed
ORD_3738,CUST_417,2024-12-18,Fashion,LinkedIn,265.29,191.31,Completed
ORD_3739,CUST_48,2024-09-01,Subscription Box,Partnership,556.17,206.96,Completed
ORD_3740,CUST_710,2024-07-19,Fashion,LinkedIn,153.52,92.82,Completed
ORD_3741,CUST_435,2025-06-17,Premium Box,Event Walk-in,629.95,346.64,Completed
ORD_3742,CUST_331,2025-06-10,Beauty,Instagram,462.68,235.0,Completed
ORD_3743,CUST_1202,2024-06-23,Limited Collection,Event Walk-in,338.19,169.03,Completed
ORD_3744,CUST_938,2024-06-08,Premium Box,Google Search,464.83,252.23,Completed
ORD_3745,CUST_848,2025-04-01,Gift Card,Instagram,697.35,467.93,Completed
ORD_3746,CUST_1157,2024-10-11,Accessories,Google Search,261.3,172.72,Refunded
ORD_3747,CUST_1219,2025-02-03,Beauty,TikTok,644.95,232.1,Completed
ORD_3748,CUST_350,2024-10-28,Premium Box,Google Search,316.32,226.52,Completed
ORD_3749,CUST_637,2024-09-20,Limited Collection,TikTok,520.86,228.92,Completed
ORD_3750,CUST_1267,2024-12-12,Limited Collection,Instagram,555.69,253.23,Completed
ORD_3751,CUST_1118,2024-04-10,Fashion,Referral,180.83,98.98,Completed
ORD_3752,CUST_929,2025-01-16,Beauty,Referral,129.42,94.83,Completed
ORD_3753,CUST_1454,2024-03-16,Subscription Box,Partnership,325.87,222.7,Completed
ORD_3754,CUST_1354,2024-04-05,Accessories,TikTok,523.93,291.09,Refunded
ORD_3755,CUST_990,2024-12-29,Limited Collection,Event Walk-in,335.97,244.84,Completed
ORD_3756,CUST_116,2024-06-16,Beauty,Google Search,391.3,254.6,Completed
ORD_3757,CUST_843,2025-06-23,Premium Box,LinkedIn,342.26,130.42,Completed
ORD_3758,CUST_1183,2025-06-04,Gift Card,Partnership,502.73,209.18,Completed
ORD_3759,CUST_16,2024-06-26,Beauty,LinkedIn,385.75,265.37,Completed
ORD_3760,CUST_374,2025-01-15,Fashion,Event Walk-in,635.47,340.73,Completed
ORD_3761,CUST_188,2024-12-02,Gift Card,Referral,215.55,105.51,Completed
ORD_3762,CUST_1219,2024-11-26,Gift Card,TikTok,655.58,446.75,Completed
ORD_3763,CUST_1404,2024-10-20,Accessories,Instagram,233.13,140.22,Completed
ORD_3764,CUST_751,2024-08-02,Fashion,Event Walk-in,206.36,94.14,Completed
ORD_3765,CUST_1440,2024-04-15,Fashion,Partnership,124.97,74.16,Completed
ORD_3766,CUST_446,2024-03-29,Subscription Box,Event Walk-in,534.25,226.55,Completed
ORD_3767,CUST_294,2024-06-11,Accessories,LinkedIn,388.55,215.67,Completed
ORD_3768,CUST_619,2025-05-07,Beauty,LinkedIn,138.13,51.1,Completed
ORD_3769,CUST_12,2024-04-11,Accessories,Partnership,570.55,327.82,Completed
ORD_3770,CUST_1069,2024-07-03,Beauty,Referral,468.86,345.7,Completed
ORD_3771,CUST_69,2025-03-24,Accessories,Partnership,589.99,433.8,Completed
ORD_3772,CUST_1080,2024-10-07,Subscription Box,Partnership,49.75,33.83,Completed
ORD_3773,CUST_1216,2024-05-05,Premium Box,Referral,380.78,203.12,Completed
ORD_3774,CUST_1104,2024-08-25,Subscription Box,Referral,604.36,370.7,Completed
ORD_3775,CUST_1326,2024-01-06,Fashion,Partnership,243.64,155.24,Completed
ORD_3776,CUST_386,2024-09-25,Subscription Box,TikTok,276.79,109.7,Completed
ORD_3777,CUST_257,2025-02-05,Accessories,Google Search,400.84,156.28,Completed
ORD_3778,CUST_652,2024-04-02,Subscription Box,Instagram,421.93,260.69,Completed
ORD_3779,CUST_504,2024-03-16,Premium Box,Event Walk-in,174.91,70.21,Completed
ORD_3780,CUST_409,2024-12-27,Accessories,Event Walk-in,467.52,191.7,Completed
ORD_3781,CUST_769,2024-04-05,Subscription Box,TikTok,293.32,111.23,Completed
ORD_3782,CUST_532,2025-01-31,Accessories,Event Walk-in,268.07,158.23,Completed
ORD_3783,CUST_1261,2024-08-09,Premium Box,Referral,669.45,381.46,Completed
ORD_3784,CUST_1466,2024-04-26,Premium Box,Event Walk-in,233.7,88.01,Refunded
ORD_3785,CUST_225,2024-11-07,Premium Box,LinkedIn,247.93,184.35,Refunded
ORD_3786,CUST_935,2024-06-12,Beauty,Google Search,141.89,60.38,Completed
ORD_3787,CUST_555,2024-05-08,Limited Collection,Referral,203.66,72.78,Cancelled
ORD_3788,CUST_611,2024-10-17,Accessories,TikTok,694.56,317.0,Completed
ORD_3789,CUST_820,2024-04-11,Limited Collection,Partnership,266.23,120.4,Completed
ORD_3790,CUST_1281,2024-11-20,Fashion,Instagram,615.24,363.34,Completed
ORD_3791,CUST_1121,2024-10-24,Subscription Box,Partnership,370.5,215.04,Completed
ORD_3792,CUST_61,2024-01-16,Subscription Box,Instagram,581.14,219.58,Completed
ORD_3793,CUST_958,2024-01-11,Fashion,LinkedIn,297.33,150.84,Completed
ORD_3794,CUST_1108,2024-08-18,Limited Collection,Referral,81.67,58.12,Completed
ORD_3795,CUST_1192,2024-01-14,Gift Card,LinkedIn,104.48,46.15,Completed
ORD_3796,CUST_476,2024-10-06,Subscription Box,Referral,237.06,114.52,Completed
ORD_3797,CUST_1043,2025-04-22,Subscription Box,Partnership,185.53,71.68,Completed
ORD_3798,CUST_56,2024-04-19,Gift Card,Google Search,467.53,342.8,Completed
ORD_3799,CUST_1491,2024-02-08,Subscription Box,Google Search,81.91,53.51,Completed
ORD_3800,CUST_838,2025-04-19,Limited Collection,Partnership,582.97,273.7,Completed
ORD_3801,CUST_1306,2025-03-12,Accessories,Event Walk-in,427.34,293.58,Completed
ORD_3802,CUST_1301,2024-03-22,Beauty,Instagram,128.28,72.26,Completed
ORD_3803,CUST_1499,2025-05-26,Fashion,TikTok,597.04,265.97,Cancelled
ORD_3804,CUST_540,2025-06-19,Premium Box,Partnership,74.77,40.51,Completed
ORD_3805,CUST_460,2024-03-19,Accessories,Google Search,596.02,256.6,Completed
ORD_3806,CUST_263,2024-09-24,Gift Card,Instagram,576.77,248.13,Completed
ORD_3807,CUST_293,2024-05-03,Premium Box,Referral,352.66,150.54,Completed
ORD_3808,CUST_1063,2024-03-09,Premium Box,Google Search,642.15,459.25,Refunded
ORD_3809,CUST_1099,2025-03-19,Premium Box,Google Search,310.52,134.39,Completed
ORD_3810,CUST_1089,2025-06-22,Premium Box,LinkedIn,313.11,153.84,Completed
ORD_3811,CUST_601,2024-12-03,Fashion,Referral,383.83,180.64,Completed
ORD_3812,CUST_1337,2024-07-01,Fashion,Partnership,186.93,109.2,Completed
ORD_3813,CUST_1144,2025-01-11,Beauty,LinkedIn,685.1,266.3,Completed
ORD_3814,CUST_84,2025-01-09,Premium Box,Referral,585.11,426.33,Completed
ORD_3815,CUST_1179,2024-03-02,Fashion,Instagram,102.02,60.84,Refunded
ORD_3816,CUST_1300,2024-12-11,Accessories,Instagram,348.36,254.95,Refunded
ORD_3817,CUST_986,2024-03-26,Gift Card,Partnership,550.1,336.44,Completed
ORD_3818,CUST_789,2024-01-19,Premium Box,Google Search,693.96,490.4,Completed
ORD_3819,CUST_876,2024-12-14,Fashion,TikTok,168.94,73.23,Completed
ORD_3820,CUST_299,2024-04-03,Fashion,Instagram,76.15,27.94,Completed
ORD_3821,CUST_1179,2025-05-16,Subscription Box,Instagram,539.55,229.64,Completed
ORD_3822,CUST_918,2024-07-23,Accessories,TikTok,143.28,56.6,Completed
ORD_3823,CUST_380,2024-02-26,Limited Collection,Instagram,244.71,86.33,Completed
ORD_3824,CUST_39,2024-04-29,Gift Card,Event Walk-in,370.37,218.04,Completed
ORD_3825,CUST_905,2025-02-17,Subscription Box,TikTok,437.83,282.75,Completed
ORD_3826,CUST_1052,2025-01-18,Premium Box,Partnership,170.46,85.73,Completed
ORD_3827,CUST_94,2025-01-24,Limited Collection,Instagram,446.52,270.38,Completed
ORD_3828,CUST_1415,2024-01-25,Beauty,Instagram,642.47,227.32,Completed
ORD_3829,CUST_1052,2024-07-24,Subscription Box,Partnership,44.12,23.97,Completed
ORD_3830,CUST_81,2024-07-07,Gift Card,Instagram,49.47,34.3,Completed
ORD_3831,CUST_878,2024-07-20,Limited Collection,Referral,492.78,306.16,Completed
ORD_3832,CUST_1407,2025-01-26,Limited Collection,Instagram,113.47,61.37,Completed
ORD_3833,CUST_262,2025-04-17,Fashion,Event Walk-in,695.82,472.54,Cancelled
ORD_3834,CUST_1256,2024-12-27,Premium Box,Google Search,419.7,156.22,Completed
ORD_3835,CUST_816,2024-04-18,Premium Box,Referral,570.81,371.31,Completed
ORD_3836,CUST_475,2024-10-26,Accessories,Referral,560.69,362.07,Completed
ORD_3837,CUST_1402,2024-05-29,Beauty,Event Walk-in,90.66,66.78,Completed
ORD_3838,CUST_411,2024-03-04,Beauty,TikTok,695.32,247.42,Completed
ORD_3839,CUST_1367,2025-03-31,Subscription Box,Event Walk-in,285.18,149.05,Refunded
ORD_3840,CUST_867,2024-07-12,Fashion,TikTok,291.0,150.51,Completed
ORD_3841,CUST_500,2024-04-28,Accessories,LinkedIn,623.1,230.26,Completed
ORD_3842,CUST_7,2025-02-05,Subscription Box,Google Search,166.88,66.37,Completed
ORD_3843,CUST_1472,2024-01-03,Limited Collection,Google Search,241.13,160.33,Completed
ORD_3844,CUST_248,2024-07-07,Gift Card,Instagram,102.32,50.92,Refunded
ORD_3845,CUST_223,2024-05-27,Limited Collection,Referral,591.6,224.41,Cancelled
ORD_3846,CUST_771,2024-06-03,Accessories,Instagram,520.15,233.94,Completed
ORD_3847,CUST_1349,2024-12-31,Beauty,Referral,525.79,185.3,Completed
ORD_3848,CUST_1150,2024-06-21,Fashion,Instagram,129.53,51.87,Refunded
ORD_3849,CUST_140,2025-01-03,Beauty,Partnership,332.82,158.23,Completed
ORD_3850,CUST_542,2025-03-31,Beauty,Instagram,356.29,259.07,Completed
ORD_3851,CUST_1169,2024-05-19,Subscription Box,LinkedIn,615.73,233.52,Cancelled
ORD_3852,CUST_422,2025-03-18,Premium Box,TikTok,321.83,222.64,Completed
ORD_3853,CUST_1218,2024-10-07,Limited Collection,Event Walk-in,519.64,186.88,Completed
ORD_3854,CUST_61,2025-01-07,Limited Collection,Instagram,84.67,54.34,Completed
ORD_3855,CUST_1229,2024-01-17,Beauty,TikTok,431.72,259.08,Completed
ORD_3856,CUST_1158,2024-09-04,Premium Box,LinkedIn,442.25,275.62,Completed
ORD_3857,CUST_782,2025-01-18,Subscription Box,Google Search,96.99,38.17,Completed
ORD_3858,CUST_1043,2024-03-03,Limited Collection,Partnership,491.26,366.11,Completed
ORD_3859,CUST_899,2025-06-12,Beauty,TikTok,234.33,150.09,Completed
ORD_3860,CUST_1445,2025-02-14,Limited Collection,LinkedIn,218.29,154.18,Completed
ORD_3861,CUST_1089,2024-09-23,Limited Collection,LinkedIn,567.29,237.93,Completed
ORD_3862,CUST_154,2025-03-28,Fashion,Event Walk-in,217.11,159.1,Completed
ORD_3863,CUST_240,2025-03-05,Premium Box,TikTok,171.72,116.98,Completed
ORD_3864,CUST_1320,2024-11-01,Beauty,Referral,555.15,221.25,Completed
ORD_3865,CUST_656,2024-03-27,Limited Collection,Partnership,352.61,254.65,Refunded
ORD_3866,CUST_1007,2025-03-15,Subscription Box,TikTok,546.98,291.88,Cancelled
ORD_3867,CUST_432,2025-04-07,Gift Card,Instagram,671.13,307.16,Completed
ORD_3868,CUST_192,2024-01-30,Fashion,LinkedIn,280.0,104.38,Completed
ORD_3869,CUST_18,2025-04-03,Beauty,LinkedIn,297.75,187.77,Completed
ORD_3870,CUST_28,2025-06-27,Limited Collection,TikTok,24.19,14.47,Completed
ORD_3871,CUST_296,2024-06-21,Beauty,Instagram,489.95,183.76,Completed
ORD_3872,CUST_1357,2025-05-14,Fashion,Google Search,176.53,91.97,Completed
ORD_3873,CUST_1359,2025-03-26,Premium Box,LinkedIn,395.71,202.45,Completed
ORD_3874,CUST_1291,2024-03-11,Accessories,Partnership,477.99,237.92,Completed
ORD_3875,CUST_462,2024-11-03,Gift Card,Instagram,246.68,88.71,Completed
ORD_3876,CUST_643,2024-09-30,Accessories,Partnership,372.13,233.89,Completed
ORD_3877,CUST_666,2024-02-15,Beauty,Instagram,467.28,288.66,Completed
ORD_3878,CUST_843,2024-08-10,Subscription Box,LinkedIn,577.77,419.44,Completed
ORD_3879,CUST_364,2024-01-23,Beauty,Event Walk-in,478.82,324.08,Cancelled
ORD_3880,CUST_1096,2025-04-28,Gift Card,TikTok,426.57,236.85,Refunded
ORD_3881,CUST_277,2024-02-06,Fashion,LinkedIn,438.67,273.13,Completed
ORD_3882,CUST_731,2024-12-14,Subscription Box,Partnership,695.15,376.71,Completed
ORD_3883,CUST_485,2024-09-26,Beauty,TikTok,470.06,276.05,Completed
ORD_3884,CUST_583,2025-06-11,Beauty,Instagram,397.79,200.24,Completed
ORD_3885,CUST_824,2025-06-10,Subscription Box,Partnership,498.78,365.59,Completed
ORD_3886,CUST_1360,2024-03-03,Beauty,TikTok,586.01,339.66,Completed
ORD_3887,CUST_1454,2024-07-11,Fashion,Partnership,75.75,51.51,Refunded
ORD_3888,CUST_781,2024-04-17,Accessories,Event Walk-in,590.95,363.16,Completed
ORD_3889,CUST_109,2024-08-10,Fashion,Instagram,499.93,229.91,Refunded
ORD_3890,CUST_1177,2024-11-10,Accessories,Instagram,250.68,132.79,Completed
ORD_3891,CUST_117,2024-05-15,Premium Box,Event Walk-in,605.41,429.71,Completed
ORD_3892,CUST_2,2025-02-10,Limited Collection,LinkedIn,283.4,181.98,Completed
ORD_3893,CUST_1377,2024-04-09,Limited Collection,Google Search,334.7,220.35,Cancelled
ORD_3894,CUST_752,2024-10-13,Limited Collection,Referral,463.3,215.63,Completed
ORD_3895,CUST_315,2024-11-02,Premium Box,TikTok,319.55,224.85,Completed
ORD_3896,CUST_74,2024-09-21,Limited Collection,Google Search,601.21,267.0,Refunded
ORD_3897,CUST_1403,2024-06-23,Beauty,Referral,146.62,107.83,Completed
ORD_3898,CUST_528,2025-02-12,Accessories,Partnership,109.42,73.09,Completed
ORD_3899,CUST_1035,2024-12-08,Fashion,Partnership,489.5,257.1,Completed
ORD_3900,CUST_699,2024-10-12,Premium Box,Google Search,97.11,71.33,Completed
ORD_3901,CUST_1126,2025-05-12,Accessories,TikTok,693.04,313.29,Completed
ORD_3902,CUST_78,2025-01-05,Subscription Box,Google Search,606.62,298.79,Completed
ORD_3903,CUST_492,2024-11-01,Fashion,Partnership,57.71,21.5,Cancelled
ORD_3904,CUST_1475,2025-02-21,Premium Box,TikTok,93.61,68.05,Completed
ORD_3905,CUST_177,2024-06-02,Accessories,Instagram,291.43,139.53,Completed
ORD_3906,CUST_128,2024-03-26,Fashion,Referral,273.15,154.06,Completed
ORD_3907,CUST_262,2024-02-08,Subscription Box,Event Walk-in,141.46,87.54,Completed
ORD_3908,CUST_86,2024-10-03,Gift Card,Partnership,625.03,370.07,Completed
ORD_3909,CUST_344,2024-04-27,Subscription Box,TikTok,223.41,141.35,Completed
ORD_3910,CUST_1196,2024-04-13,Gift Card,TikTok,187.42,130.13,Completed
ORD_3911,CUST_889,2025-04-12,Premium Box,Referral,447.35,289.58,Completed
ORD_3912,CUST_306,2024-04-13,Fashion,TikTok,293.93,176.56,Completed
ORD_3913,CUST_503,2025-02-13,Limited Collection,Event Walk-in,222.49,81.83,Completed
ORD_3914,CUST_397,2024-06-15,Premium Box,TikTok,577.87,375.5,Completed
ORD_3915,CUST_234,2024-04-04,Premium Box,Instagram,179.93,81.75,Completed
ORD_3916,CUST_321,2025-04-25,Beauty,TikTok,440.14,260.41,Completed
ORD_3917,CUST_28,2024-06-09,Fashion,TikTok,684.64,247.85,Completed
ORD_3918,CUST_888,2024-03-12,Subscription Box,LinkedIn,651.82,347.91,Completed
ORD_3919,CUST_944,2024-02-05,Limited Collection,Partnership,645.34,384.43,Completed
ORD_3920,CUST_93,2024-09-20,Beauty,TikTok,464.32,216.74,Completed
ORD_3921,CUST_508,2024-12-31,Gift Card,Google Search,286.56,174.65,Refunded
ORD_3922,CUST_760,2024-10-31,Fashion,LinkedIn,26.91,10.07,Completed
ORD_3923,CUST_389,2025-03-22,Subscription Box,Google Search,477.54,228.77,Completed
ORD_3924,CUST_122,2025-02-03,Accessories,Instagram,59.14,37.7,Completed
ORD_3925,CUST_278,2025-02-07,Gift Card,TikTok,269.4,125.68,Completed
ORD_3926,CUST_1205,2025-05-18,Beauty,Google Search,125.72,49.37,Completed
ORD_3927,CUST_185,2025-04-13,Subscription Box,Referral,24.87,15.47,Completed
ORD_3928,CUST_823,2025-05-18,Gift Card,Google Search,157.56,114.68,Completed
ORD_3929,CUST_1208,2025-06-21,Subscription Box,Partnership,111.0,71.49,Completed
ORD_3930,CUST_241,2025-05-17,Fashion,Event Walk-in,309.11,120.65,Completed
ORD_3931,CUST_926,2024-02-18,Accessories,Instagram,255.54,102.55,Completed
ORD_3932,CUST_62,2024-05-25,Fashion,TikTok,118.41,64.84,Completed
ORD_3933,CUST_600,2024-10-15,Accessories,TikTok,651.01,467.87,Completed
ORD_3934,CUST_1034,2025-05-01,Fashion,Google Search,287.57,204.4,Completed
ORD_3935,CUST_24,2024-03-19,Gift Card,Partnership,31.05,17.6,Completed
ORD_3936,CUST_157,2025-05-03,Beauty,Instagram,238.74,137.63,Completed
ORD_3937,CUST_474,2024-05-31,Subscription Box,Referral,255.43,145.02,Completed
ORD_3938,CUST_962,2024-09-17,Beauty,Partnership,367.76,157.89,Cancelled
ORD_3939,CUST_696,2024-04-11,Accessories,Referral,36.96,16.86,Completed
ORD_3940,CUST_1210,2024-03-20,Subscription Box,Partnership,328.73,202.08,Completed
ORD_3941,CUST_937,2025-03-23,Gift Card,Google Search,51.66,37.96,Completed
ORD_3942,CUST_1187,2024-11-15,Limited Collection,Instagram,129.98,59.22,Completed
ORD_3943,CUST_214,2024-01-11,Premium Box,Partnership,579.39,362.74,Completed
ORD_3944,CUST_119,2025-06-14,Subscription Box,Event Walk-in,429.94,235.74,Completed
ORD_3945,CUST_628,2024-10-25,Beauty,Partnership,460.17,327.0,Completed
ORD_3946,CUST_1098,2024-08-13,Gift Card,Partnership,528.37,272.96,Completed
ORD_3947,CUST_918,2024-10-31,Premium Box,TikTok,368.16,181.99,Completed
ORD_3948,CUST_1132,2024-10-31,Gift Card,Google Search,23.73,10.21,Completed
ORD_3949,CUST_1207,2024-05-16,Beauty,Google Search,527.67,206.62,Completed
ORD_3950,CUST_344,2024-11-18,Gift Card,TikTok,378.15,218.04,Completed
ORD_3951,CUST_1167,2024-04-09,Premium Box,TikTok,61.49,22.71,Completed
ORD_3952,CUST_1185,2024-10-24,Fashion,Referral,138.3,58.65,Completed
ORD_3953,CUST_252,2024-10-13,Subscription Box,Referral,276.85,127.07,Completed
ORD_3954,CUST_905,2025-01-03,Subscription Box,TikTok,346.92,222.44,Completed
ORD_3955,CUST_502,2024-04-30,Accessories,LinkedIn,606.95,296.21,Completed
ORD_3956,CUST_321,2024-10-14,Subscription Box,TikTok,144.48,107.28,Completed
ORD_3957,CUST_746,2025-01-07,Premium Box,Event Walk-in,81.71,50.89,Completed
ORD_3958,CUST_1232,2025-02-08,Beauty,Google Search,392.41,235.64,Completed
ORD_3959,CUST_676,2024-03-22,Subscription Box,Instagram,275.07,119.87,Completed
ORD_3960,CUST_712,2024-04-02,Beauty,LinkedIn,688.74,326.69,Completed
ORD_3961,CUST_1443,2024-02-15,Premium Box,Referral,196.82,146.87,Completed
ORD_3962,CUST_360,2024-12-28,Premium Box,Partnership,542.31,206.2,Completed
ORD_3963,CUST_255,2025-05-03,Limited Collection,Instagram,643.87,476.63,Completed
ORD_3964,CUST_1338,2025-04-23,Accessories,Google Search,523.22,325.37,Refunded
ORD_3965,CUST_1476,2025-04-16,Accessories,Partnership,165.4,84.13,Completed
ORD_3966,CUST_700,2025-01-22,Gift Card,TikTok,501.68,206.69,Completed
ORD_3967,CUST_1067,2025-01-21,Premium Box,Event Walk-in,96.84,70.68,Refunded
ORD_3968,CUST_1211,2024-09-18,Limited Collection,LinkedIn,224.35,138.58,Completed
ORD_3969,CUST_1126,2024-08-13,Accessories,TikTok,365.47,131.82,Completed
ORD_3970,CUST_1277,2024-04-15,Premium Box,Event Walk-in,156.16,76.35,Refunded
ORD_3971,CUST_727,2024-10-12,Fashion,Event Walk-in,647.44,238.76,Completed
ORD_3972,CUST_198,2024-11-04,Subscription Box,Instagram,631.17,387.39,Completed
ORD_3973,CUST_1230,2024-04-23,Premium Box,LinkedIn,331.39,177.82,Cancelled
ORD_3974,CUST_922,2024-09-18,Gift Card,TikTok,150.21,100.8,Completed
ORD_3975,CUST_120,2024-05-19,Subscription Box,TikTok,449.45,159.82,Completed
ORD_3976,CUST_883,2024-10-20,Gift Card,Partnership,425.01,235.29,Completed
ORD_3977,CUST_152,2024-05-02,Accessories,Partnership,132.79,52.34,Completed
ORD_3978,CUST_685,2024-01-14,Fashion,Google Search,54.5,37.26,Completed
ORD_3979,CUST_805,2025-06-10,Beauty,Event Walk-in,457.61,196.55,Completed
ORD_3980,CUST_464,2024-02-13,Subscription Box,Referral,73.51,27.24,Completed
ORD_3981,CUST_236,2025-05-29,Fashion,TikTok,493.09,177.93,Completed
ORD_3982,CUST_701,2024-07-15,Premium Box,Referral,512.88,240.66,Completed
ORD_3983,CUST_306,2024-10-26,Premium Box,TikTok,647.2,236.09,Completed
ORD_3984,CUST_515,2024-11-26,Limited Collection,Partnership,102.59,40.96,Completed
ORD_3985,CUST_1094,2024-08-20,Premium Box,Instagram,159.12,81.78,Completed
ORD_3986,CUST_422,2024-07-28,Limited Collection,TikTok,527.02,339.37,Completed
ORD_3987,CUST_1019,2024-02-03,Fashion,TikTok,634.12,330.54,Completed
ORD_3988,CUST_779,2024-08-09,Subscription Box,Partnership,431.14,218.82,Completed
ORD_3989,CUST_1362,2024-01-18,Limited Collection,Google Search,54.29,39.9,Completed
ORD_3990,CUST_214,2025-01-01,Fashion,Partnership,285.86,149.43,Cancelled
ORD_3991,CUST_360,2024-12-05,Fashion,Partnership,273.08,123.66,Completed
ORD_3992,CUST_460,2024-08-04,Accessories,Google Search,654.04,410.73,Completed
ORD_3993,CUST_303,2025-01-16,Fashion,Event Walk-in,48.46,32.79,Completed
ORD_3994,CUST_1129,2025-03-16,Accessories,Partnership,363.0,134.01,Completed
ORD_3995,CUST_572,2024-11-01,Beauty,Google Search,536.11,315.26,Cancelled
ORD_3996,CUST_785,2024-06-01,Gift Card,TikTok,453.58,232.71,Completed
ORD_3997,CUST_1119,2024-12-06,Limited Collection,Instagram,419.64,177.87,Completed
ORD_3998,CUST_356,2024-07-14,Subscription Box,TikTok,484.98,220.07,Completed
ORD_3999,CUST_1116,2024-04-09,Accessories,TikTok,118.92,72.02,Completed
ORD_4000,CUST_1160,2024-12-31,Limited Collection,TikTok,377.81,153.81,Completed
ORD_4001,CUST_378,2025-01-12,Limited Collection,Referral,425.33,294.92,Completed
ORD_4002,CUST_377,2024-10-01,Fashion,Referral,664.02,247.28,Completed
ORD_4003,CUST_179,2025-03-25,Fashion,LinkedIn,206.68,154.71,Completed
ORD_4004,CUST_501,2024-12-12,Accessories,Google Search,198.51,134.61,Refunded
ORD_4005,CUST_240,2024-08-09,Premium Box,TikTok,282.9,99.67,Completed
ORD_4006,CUST_476,2024-04-30,Limited Collection,Referral,123.81,63.11,Completed
ORD_4007,CUST_719,2025-04-26,Subscription Box,Event Walk-in,100.36,60.3,Completed
ORD_4008,CUST_660,2024-05-12,Limited Collection,LinkedIn,655.41,377.53,Completed
ORD_4009,CUST_74,2024-09-11,Beauty,Google Search,244.99,95.79,Completed
ORD_4010,CUST_409,2024-07-24,Limited Collection,Event Walk-in,239.42,94.82,Completed
ORD_4011,CUST_707,2024-03-13,Accessories,Referral,662.22,265.39,Completed
ORD_4012,CUST_1363,2024-05-04,Premium Box,Google Search,236.89,86.32,Completed
ORD_4013,CUST_1239,2024-03-13,Gift Card,Event Walk-in,632.32,438.25,Completed
ORD_4014,CUST_44,2024-03-16,Accessories,LinkedIn,684.42,486.12,Completed
ORD_4015,CUST_832,2024-05-03,Subscription Box,TikTok,241.84,146.3,Completed
ORD_4016,CUST_81,2024-10-28,Premium Box,Instagram,402.23,214.35,Completed
ORD_4017,CUST_467,2024-07-01,Premium Box,TikTok,632.45,235.9,Completed
ORD_4018,CUST_1276,2025-05-20,Beauty,LinkedIn,252.28,182.38,Completed
ORD_4019,CUST_1042,2024-06-26,Fashion,Instagram,100.2,69.51,Completed
ORD_4020,CUST_192,2024-09-20,Accessories,LinkedIn,386.15,281.1,Completed
ORD_4021,CUST_888,2024-07-28,Accessories,LinkedIn,476.99,279.75,Completed
ORD_4022,CUST_1397,2025-02-10,Premium Box,Referral,237.8,159.51,Completed
ORD_4023,CUST_337,2024-07-22,Gift Card,Event Walk-in,164.24,97.56,Completed
ORD_4024,CUST_874,2024-04-30,Beauty,Referral,75.01,53.3,Completed
ORD_4025,CUST_844,2024-03-17,Gift Card,Event Walk-in,619.39,410.41,Refunded
ORD_4026,CUST_1157,2024-07-08,Accessories,Google Search,528.17,369.55,Completed
ORD_4027,CUST_810,2025-01-25,Premium Box,Referral,219.56,106.15,Completed
ORD_4028,CUST_268,2024-05-11,Subscription Box,TikTok,78.61,43.94,Completed
ORD_4029,CUST_26,2024-07-25,Gift Card,Referral,585.67,290.02,Completed
ORD_4030,CUST_160,2024-07-01,Fashion,Instagram,260.8,181.24,Completed
ORD_4031,CUST_159,2024-10-09,Subscription Box,Google Search,682.24,323.23,Completed
ORD_4032,CUST_1336,2025-01-28,Fashion,Event Walk-in,528.56,309.38,Completed
ORD_4033,CUST_1015,2024-10-25,Premium Box,Instagram,534.72,226.33,Completed
ORD_4034,CUST_1008,2024-05-14,Fashion,Partnership,328.85,141.24,Completed
ORD_4035,CUST_990,2024-10-08,Limited Collection,Event Walk-in,165.83,108.65,Completed
ORD_4036,CUST_635,2024-09-20,Premium Box,Instagram,132.3,96.9,Completed
ORD_4037,CUST_385,2024-07-23,Premium Box,Instagram,435.31,301.65,Refunded
ORD_4038,CUST_653,2024-01-29,Premium Box,Google Search,62.31,28.37,Completed
ORD_4039,CUST_930,2024-04-21,Beauty,Instagram,210.4,114.18,Refunded
ORD_4040,CUST_780,2024-07-12,Accessories,LinkedIn,141.61,103.4,Completed
ORD_4041,CUST_477,2024-09-07,Premium Box,TikTok,120.41,78.06,Refunded
ORD_4042,CUST_167,2024-10-08,Fashion,Instagram,145.39,58.62,Refunded
ORD_4043,CUST_730,2024-12-24,Fashion,Instagram,639.35,407.71,Completed
ORD_4044,CUST_1064,2024-01-04,Premium Box,Instagram,405.9,290.12,Completed
ORD_4045,CUST_899,2025-01-30,Accessories,TikTok,596.86,290.13,Completed
ORD_4046,CUST_792,2024-12-10,Accessories,TikTok,476.91,281.34,Completed
ORD_4047,CUST_1275,2024-09-01,Limited Collection,Partnership,699.08,510.34,Completed
ORD_4048,CUST_757,2025-01-19,Fashion,Instagram,271.55,171.14,Completed
ORD_4049,CUST_1477,2024-12-14,Subscription Box,Referral,572.91,289.37,Completed
ORD_4050,CUST_1135,2024-01-03,Accessories,Partnership,427.72,185.66,Completed
ORD_4051,CUST_698,2024-07-29,Fashion,TikTok,94.81,69.05,Completed
ORD_4052,CUST_437,2024-03-04,Premium Box,LinkedIn,607.13,362.23,Refunded
ORD_4053,CUST_909,2024-09-13,Gift Card,Google Search,158.12,66.03,Completed
ORD_4054,CUST_1215,2024-11-17,Premium Box,LinkedIn,462.31,263.28,Cancelled
ORD_4055,CUST_399,2024-09-11,Premium Box,Referral,522.06,185.39,Completed
ORD_4056,CUST_455,2025-03-28,Beauty,TikTok,45.59,19.98,Completed
ORD_4057,CUST_747,2024-08-06,Subscription Box,Referral,252.14,159.47,Completed
ORD_4058,CUST_148,2025-02-18,Gift Card,Partnership,600.13,271.26,Completed
ORD_4059,CUST_789,2025-06-15,Premium Box,Google Search,503.17,359.24,Completed
ORD_4060,CUST_902,2025-04-14,Accessories,TikTok,313.47,110.41,Completed
ORD_4061,CUST_337,2024-01-24,Fashion,Event Walk-in,44.48,20.62,Completed
ORD_4062,CUST_1353,2024-07-04,Fashion,Referral,321.6,191.89,Completed
ORD_4063,CUST_1410,2025-01-02,Limited Collection,TikTok,440.34,167.77,Completed
ORD_4064,CUST_1184,2024-07-14,Limited Collection,Partnership,119.2,68.94,Completed
ORD_4065,CUST_15,2024-09-22,Beauty,Instagram,63.57,34.0,Refunded
ORD_4066,CUST_1109,2024-06-23,Limited Collection,Google Search,46.63,25.77,Completed
ORD_4067,CUST_697,2024-06-01,Subscription Box,Event Walk-in,142.3,68.88,Completed
ORD_4068,CUST_1182,2025-06-07,Fashion,Partnership,140.55,87.29,Completed
ORD_4069,CUST_610,2025-03-02,Accessories,Google Search,592.92,356.36,Completed
ORD_4070,CUST_90,2025-01-26,Fashion,Partnership,479.51,168.27,Completed
ORD_4071,CUST_1064,2024-06-28,Limited Collection,Instagram,141.83,87.55,Completed
ORD_4072,CUST_1014,2024-10-15,Accessories,Instagram,583.78,221.33,Completed
ORD_4073,CUST_1206,2024-01-20,Premium Box,LinkedIn,280.99,159.45,Completed
ORD_4074,CUST_720,2024-03-21,Beauty,Instagram,516.86,231.48,Completed
ORD_4075,CUST_1290,2025-05-26,Limited Collection,Partnership,189.6,80.58,Cancelled
ORD_4076,CUST_49,2024-06-11,Limited Collection,LinkedIn,123.56,72.07,Completed
ORD_4077,CUST_320,2024-06-07,Accessories,LinkedIn,361.57,181.13,Refunded
ORD_4078,CUST_706,2024-10-17,Beauty,TikTok,376.13,201.43,Completed
ORD_4079,CUST_1298,2024-11-28,Subscription Box,TikTok,280.1,162.99,Completed
ORD_4080,CUST_1479,2025-06-13,Accessories,Google Search,251.63,97.18,Completed
ORD_4081,CUST_687,2024-09-10,Limited Collection,Partnership,241.26,111.36,Completed
ORD_4082,CUST_80,2025-02-02,Fashion,TikTok,275.54,142.13,Completed
ORD_4083,CUST_492,2024-05-28,Subscription Box,Partnership,638.44,470.55,Completed
ORD_4084,CUST_1408,2024-05-31,Beauty,Google Search,632.59,305.45,Completed
ORD_4085,CUST_780,2024-05-20,Limited Collection,LinkedIn,650.31,292.05,Completed
ORD_4086,CUST_1269,2025-05-29,Gift Card,Event Walk-in,36.22,17.55,Completed
ORD_4087,CUST_407,2024-10-12,Accessories,Instagram,298.57,150.26,Completed
ORD_4088,CUST_666,2025-01-03,Premium Box,Instagram,167.1,76.34,Completed
ORD_4089,CUST_132,2024-01-16,Subscription Box,Instagram,355.29,185.0,Completed
ORD_4090,CUST_1154,2024-05-04,Gift Card,Referral,456.14,283.39,Completed
ORD_4091,CUST_612,2025-02-25,Limited Collection,Event Walk-in,180.47,71.33,Refunded
ORD_4092,CUST_868,2025-01-29,Accessories,TikTok,202.36,82.58,Completed
ORD_4093,CUST_347,2025-05-01,Limited Collection,LinkedIn,687.38,413.8,Completed
ORD_4094,CUST_640,2024-11-14,Limited Collection,Referral,696.15,423.68,Completed
ORD_4095,CUST_379,2024-06-29,Limited Collection,Google Search,108.88,60.38,Completed
ORD_4096,CUST_1113,2024-10-28,Accessories,Referral,54.65,38.14,Cancelled
ORD_4097,CUST_599,2024-10-18,Limited Collection,LinkedIn,263.59,173.84,Completed
ORD_4098,CUST_1193,2024-05-13,Premium Box,Google Search,464.18,323.16,Completed
ORD_4099,CUST_240,2024-12-21,Limited Collection,TikTok,355.41,221.26,Completed
ORD_4100,CUST_1073,2024-05-04,Limited Collection,Referral,358.08,203.55,Completed
ORD_4101,CUST_1217,2024-09-26,Fashion,Event Walk-in,164.19,73.32,Completed
ORD_4102,CUST_296,2024-08-20,Premium Box,Instagram,161.92,72.83,Completed
ORD_4103,CUST_1180,2025-04-01,Premium Box,Google Search,409.46,191.86,Completed
ORD_4104,CUST_1011,2024-04-08,Fashion,Referral,494.66,366.73,Completed
ORD_4105,CUST_19,2024-10-17,Subscription Box,Event Walk-in,515.8,230.46,Completed
ORD_4106,CUST_994,2024-04-29,Subscription Box,Instagram,153.3,102.36,Completed
ORD_4107,CUST_584,2024-01-02,Limited Collection,Partnership,483.79,196.27,Completed
ORD_4108,CUST_320,2024-07-22,Fashion,LinkedIn,338.16,167.1,Completed
ORD_4109,CUST_1314,2025-01-21,Fashion,Event Walk-in,307.04,179.93,Completed
ORD_4110,CUST_883,2024-05-26,Accessories,Partnership,286.21,182.04,Completed
ORD_4111,CUST_1395,2024-05-16,Gift Card,Event Walk-in,270.43,142.61,Completed
ORD_4112,CUST_667,2024-09-21,Gift Card,LinkedIn,668.56,346.2,Completed
ORD_4113,CUST_373,2024-06-23,Premium Box,Event Walk-in,523.58,283.98,Cancelled
ORD_4114,CUST_1190,2025-06-03,Subscription Box,Partnership,541.46,359.58,Completed
ORD_4115,CUST_797,2025-01-04,Accessories,Google Search,81.22,52.1,Completed
ORD_4116,CUST_903,2024-04-03,Beauty,Instagram,624.25,255.02,Refunded
ORD_4117,CUST_1256,2025-01-16,Fashion,Google Search,484.02,234.53,Completed
ORD_4118,CUST_106,2025-05-03,Accessories,Referral,75.42,32.32,Completed
ORD_4119,CUST_961,2024-11-11,Subscription Box,Google Search,595.16,347.48,Completed
ORD_4120,CUST_530,2025-01-18,Premium Box,Referral,691.71,419.79,Completed
ORD_4121,CUST_261,2024-08-22,Premium Box,Partnership,544.1,274.32,Completed
ORD_4122,CUST_1124,2025-05-30,Beauty,Partnership,288.76,179.01,Completed
ORD_4123,CUST_70,2025-04-25,Fashion,Partnership,120.12,65.78,Completed
ORD_4124,CUST_1408,2024-02-13,Gift Card,Google Search,629.89,228.61,Completed
ORD_4125,CUST_1200,2025-04-09,Subscription Box,LinkedIn,520.64,389.32,Completed
ORD_4126,CUST_1043,2024-06-15,Accessories,Partnership,145.82,95.99,Completed
ORD_4127,CUST_1082,2025-06-05,Beauty,Partnership,188.87,75.77,Completed
ORD_4128,CUST_539,2024-05-20,Fashion,LinkedIn,373.58,222.16,Refunded
ORD_4129,CUST_586,2024-08-12,Subscription Box,Event Walk-in,28.6,10.99,Cancelled
ORD_4130,CUST_1121,2025-06-10,Fashion,Partnership,249.67,152.16,Completed
ORD_4131,CUST_49,2025-03-31,Limited Collection,LinkedIn,42.38,31.69,Completed
ORD_4132,CUST_76,2024-03-25,Limited Collection,Partnership,540.67,249.82,Completed
ORD_4133,CUST_946,2025-03-18,Gift Card,TikTok,552.17,233.08,Completed
ORD_4134,CUST_133,2024-09-27,Accessories,Event Walk-in,199.0,95.63,Completed
ORD_4135,CUST_23,2024-02-02,Accessories,Instagram,498.91,311.7,Completed
ORD_4136,CUST_294,2025-04-22,Beauty,LinkedIn,364.5,198.36,Completed
ORD_4137,CUST_885,2025-01-06,Limited Collection,Referral,230.97,164.81,Completed
ORD_4138,CUST_901,2025-06-09,Subscription Box,Instagram,393.35,255.27,Completed
ORD_4139,CUST_862,2024-11-17,Subscription Box,Google Search,36.46,15.61,Refunded
ORD_4140,CUST_1223,2024-06-09,Subscription Box,Instagram,326.64,142.52,Completed
ORD_4141,CUST_164,2024-06-08,Limited Collection,TikTok,574.52,322.49,Completed
ORD_4142,CUST_1394,2024-02-04,Beauty,Instagram,139.43,102.51,Completed
ORD_4143,CUST_404,2024-10-17,Accessories,Referral,696.59,258.51,Completed
ORD_4144,CUST_124,2024-11-23,Accessories,TikTok,363.99,129.04,Completed
ORD_4145,CUST_733,2024-05-19,Beauty,Instagram,522.88,221.0,Completed
ORD_4146,CUST_1092,2024-11-25,Accessories,LinkedIn,236.18,118.42,Completed
ORD_4147,CUST_931,2025-05-29,Gift Card,LinkedIn,407.51,280.14,Refunded
ORD_4148,CUST_1437,2024-07-01,Subscription Box,Google Search,304.83,212.79,Completed
ORD_4149,CUST_1108,2024-04-23,Beauty,Referral,130.74,79.72,Completed
ORD_4150,CUST_124,2025-02-15,Premium Box,TikTok,524.85,216.68,Completed
ORD_4151,CUST_1088,2025-01-09,Gift Card,Partnership,212.22,85.57,Refunded
ORD_4152,CUST_1042,2024-08-29,Premium Box,Instagram,256.82,117.15,Completed
ORD_4153,CUST_382,2025-03-14,Gift Card,TikTok,613.0,373.66,Completed
ORD_4154,CUST_857,2024-07-30,Fashion,Instagram,437.96,153.9,Completed
ORD_4155,CUST_495,2024-03-17,Premium Box,Google Search,604.79,343.12,Completed
ORD_4156,CUST_652,2024-12-28,Accessories,Instagram,222.27,108.63,Refunded
ORD_4157,CUST_451,2025-05-03,Subscription Box,Partnership,353.71,182.53,Completed
ORD_4158,CUST_344,2024-05-15,Limited Collection,TikTok,361.78,141.46,Refunded
ORD_4159,CUST_673,2024-05-02,Premium Box,Event Walk-in,243.98,118.0,Refunded
ORD_4160,CUST_782,2024-05-09,Fashion,Google Search,412.0,281.55,Refunded
ORD_4161,CUST_1162,2025-03-09,Gift Card,Partnership,673.55,309.31,Completed
ORD_4162,CUST_697,2025-04-29,Accessories,Event Walk-in,349.54,174.95,Completed
ORD_4163,CUST_1121,2025-01-20,Beauty,Partnership,187.33,120.6,Completed
ORD_4164,CUST_587,2025-05-18,Fashion,TikTok,640.42,318.82,Completed
ORD_4165,CUST_465,2024-01-17,Beauty,Event Walk-in,524.64,211.02,Completed
ORD_4166,CUST_873,2024-09-06,Subscription Box,Partnership,293.95,145.75,Completed
ORD_4167,CUST_354,2024-02-25,Beauty,Referral,170.51,77.44,Completed
ORD_4168,CUST_711,2025-06-07,Premium Box,TikTok,151.11,110.38,Completed
ORD_4169,CUST_574,2025-04-12,Accessories,Google Search,135.15,72.84,Refunded
ORD_4170,CUST_55,2024-09-21,Fashion,Referral,160.76,76.16,Completed
ORD_4171,CUST_844,2024-03-09,Limited Collection,Event Walk-in,691.91,512.9,Completed
ORD_4172,CUST_1297,2025-02-20,Accessories,LinkedIn,88.03,33.37,Completed
ORD_4173,CUST_1218,2024-07-05,Beauty,Event Walk-in,438.69,302.68,Completed
ORD_4174,CUST_228,2025-04-25,Premium Box,TikTok,551.42,302.43,Completed
ORD_4175,CUST_311,2025-04-01,Beauty,Event Walk-in,38.58,24.9,Completed
ORD_4176,CUST_251,2025-03-03,Fashion,Google Search,574.89,394.1,Completed
ORD_4177,CUST_907,2024-10-28,Fashion,TikTok,639.45,309.71,Completed
ORD_4178,CUST_7,2025-01-17,Subscription Box,Google Search,302.73,219.48,Completed
ORD_4179,CUST_848,2024-06-25,Subscription Box,Instagram,673.38,444.7,Completed
ORD_4180,CUST_855,2024-01-29,Subscription Box,Google Search,534.05,238.34,Completed
ORD_4181,CUST_790,2024-03-31,Premium Box,Google Search,468.16,189.65,Completed
ORD_4182,CUST_429,2024-10-02,Gift Card,Event Walk-in,270.19,145.42,Completed
ORD_4183,CUST_349,2025-03-31,Accessories,Referral,109.78,56.9,Completed
ORD_4184,CUST_812,2024-01-21,Limited Collection,Event Walk-in,62.32,38.1,Completed
ORD_4185,CUST_179,2025-03-13,Accessories,LinkedIn,188.05,101.47,Refunded
ORD_4186,CUST_1125,2024-09-21,Fashion,LinkedIn,176.06,116.61,Completed
ORD_4187,CUST_1067,2025-04-29,Gift Card,Event Walk-in,573.33,213.6,Cancelled
ORD_4188,CUST_1055,2024-06-26,Gift Card,Google Search,72.48,29.14,Completed
ORD_4189,CUST_378,2024-10-21,Premium Box,Referral,362.36,184.88,Completed
ORD_4190,CUST_1081,2024-11-28,Subscription Box,Partnership,100.66,39.04,Completed
ORD_4191,CUST_1453,2024-12-08,Beauty,Partnership,690.6,435.39,Completed
ORD_4192,CUST_732,2024-09-23,Gift Card,LinkedIn,262.2,103.22,Completed
ORD_4193,CUST_304,2024-05-20,Premium Box,Event Walk-in,27.36,13.06,Completed
ORD_4194,CUST_913,2024-07-07,Fashion,Google Search,63.67,26.87,Completed
ORD_4195,CUST_1174,2024-03-06,Fashion,LinkedIn,183.14,132.6,Completed
ORD_4196,CUST_337,2024-01-31,Limited Collection,Event Walk-in,38.56,14.41,Cancelled
ORD_4197,CUST_161,2024-08-21,Limited Collection,Referral,100.87,46.46,Completed
ORD_4198,CUST_1493,2024-04-23,Fashion,Referral,318.92,193.98,Completed
ORD_4199,CUST_1274,2024-11-27,Gift Card,Referral,516.33,226.38,Completed
ORD_4200,CUST_877,2024-05-06,Accessories,TikTok,315.75,151.94,Completed
ORD_4201,CUST_904,2024-05-30,Subscription Box,Event Walk-in,688.23,324.48,Cancelled
ORD_4202,CUST_154,2024-07-29,Accessories,Event Walk-in,251.13,131.87,Completed
ORD_4203,CUST_1328,2024-02-26,Subscription Box,LinkedIn,313.88,210.49,Completed
ORD_4204,CUST_1461,2025-03-08,Fashion,TikTok,635.09,246.12,Completed
ORD_4205,CUST_1220,2025-05-06,Subscription Box,LinkedIn,692.3,507.16,Completed
ORD_4206,CUST_819,2024-08-10,Premium Box,TikTok,317.89,156.98,Refunded
ORD_4207,CUST_852,2025-01-27,Premium Box,Referral,420.92,311.81,Completed
ORD_4208,CUST_1115,2024-01-13,Gift Card,Referral,188.33,87.8,Refunded
ORD_4209,CUST_1173,2024-03-04,Premium Box,Google Search,155.93,68.55,Completed
ORD_4210,CUST_754,2025-03-14,Fashion,Instagram,683.64,302.21,Refunded
ORD_4211,CUST_738,2024-03-02,Gift Card,Event Walk-in,73.17,54.51,Completed
ORD_4212,CUST_519,2024-01-29,Accessories,LinkedIn,88.59,59.15,Completed
ORD_4213,CUST_1197,2024-08-22,Beauty,Google Search,222.18,129.82,Completed
ORD_4214,CUST_1130,2024-10-09,Fashion,Referral,287.15,104.53,Completed
ORD_4215,CUST_52,2024-04-09,Gift Card,Instagram,520.53,238.6,Completed
ORD_4216,CUST_1170,2024-10-14,Fashion,LinkedIn,538.69,266.04,Completed
ORD_4217,CUST_132,2024-01-21,Accessories,Instagram,604.68,260.83,Completed
ORD_4218,CUST_1293,2025-06-12,Limited Collection,Event Walk-in,590.04,421.15,Refunded
ORD_4219,CUST_355,2024-07-15,Accessories,Partnership,646.59,337.35,Completed
ORD_4220,CUST_1049,2025-04-10,Beauty,Google Search,657.69,392.48,Completed
ORD_4221,CUST_151,2024-10-24,Premium Box,Referral,105.06,50.56,Completed
ORD_4222,CUST_1291,2025-01-01,Beauty,Partnership,464.35,186.62,Completed
ORD_4223,CUST_1363,2024-03-23,Fashion,Google Search,534.44,289.72,Completed
ORD_4224,CUST_609,2024-09-23,Fashion,Instagram,205.93,120.44,Completed
ORD_4225,CUST_319,2024-04-16,Beauty,Event Walk-in,23.73,16.5,Completed
ORD_4226,CUST_1450,2024-05-16,Subscription Box,LinkedIn,340.28,136.78,Completed
ORD_4227,CUST_177,2025-01-13,Limited Collection,Instagram,337.44,240.01,Completed
ORD_4228,CUST_1271,2024-12-01,Gift Card,Event Walk-in,356.0,211.57,Completed
ORD_4229,CUST_902,2024-09-02,Limited Collection,TikTok,539.51,332.52,Completed
ORD_4230,CUST_1077,2025-02-23,Subscription Box,Google Search,256.75,119.16,Completed
ORD_4231,CUST_866,2024-11-27,Premium Box,Event Walk-in,113.05,44.37,Completed
ORD_4232,CUST_328,2025-02-23,Limited Collection,Instagram,614.54,421.43,Completed
ORD_4233,CUST_297,2025-02-19,Limited Collection,Referral,253.94,119.31,Completed
ORD_4234,CUST_485,2024-10-07,Premium Box,TikTok,338.62,222.74,Completed
ORD_4235,CUST_434,2024-08-08,Fashion,Partnership,168.26,91.03,Completed
ORD_4236,CUST_546,2025-05-18,Limited Collection,Event Walk-in,275.73,162.83,Completed
ORD_4237,CUST_758,2025-03-15,Accessories,LinkedIn,80.48,49.67,Completed
ORD_4238,CUST_1126,2024-07-03,Gift Card,TikTok,364.96,206.25,Completed
ORD_4239,CUST_1180,2024-09-15,Subscription Box,Google Search,35.09,20.64,Completed
ORD_4240,CUST_809,2024-09-18,Limited Collection,LinkedIn,252.12,161.25,Completed
ORD_4241,CUST_551,2025-04-19,Gift Card,Partnership,172.53,89.36,Completed
ORD_4242,CUST_858,2024-11-12,Accessories,Instagram,141.89,59.23,Completed
ORD_4243,CUST_476,2025-05-29,Accessories,Referral,275.12,96.65,Completed
ORD_4244,CUST_1237,2024-03-04,Gift Card,TikTok,568.23,320.86,Completed
ORD_4245,CUST_414,2024-08-27,Fashion,LinkedIn,472.84,199.81,Completed
ORD_4246,CUST_853,2025-04-30,Fashion,TikTok,389.46,195.14,Refunded
ORD_4247,CUST_506,2024-11-13,Gift Card,Referral,541.2,317.66,Completed
ORD_4248,CUST_461,2024-12-03,Gift Card,Partnership,212.91,148.14,Completed
ORD_4249,CUST_589,2024-06-02,Limited Collection,Referral,296.38,171.09,Completed
ORD_4250,CUST_30,2024-03-17,Fashion,Google Search,527.2,294.09,Completed
ORD_4251,CUST_270,2025-03-31,Premium Box,Partnership,689.89,487.23,Completed
ORD_4252,CUST_313,2024-03-09,Fashion,LinkedIn,679.3,414.14,Completed
ORD_4253,CUST_429,2024-04-09,Gift Card,Event Walk-in,550.89,398.96,Completed
ORD_4254,CUST_900,2024-08-12,Premium Box,Event Walk-in,491.81,260.23,Completed
ORD_4255,CUST_1242,2024-04-25,Fashion,TikTok,453.1,249.52,Completed
ORD_4256,CUST_64,2025-04-15,Fashion,TikTok,589.15,320.38,Completed
ORD_4257,CUST_47,2024-10-01,Accessories,LinkedIn,550.08,251.43,Completed
ORD_4258,CUST_1129,2024-09-16,Accessories,Partnership,563.95,395.36,Completed
ORD_4259,CUST_651,2024-08-23,Subscription Box,TikTok,395.14,233.05,Cancelled
ORD_4260,CUST_487,2024-05-17,Accessories,Instagram,371.9,205.84,Completed
ORD_4261,CUST_258,2024-05-17,Fashion,LinkedIn,406.59,234.6,Cancelled
ORD_4262,CUST_1027,2024-03-06,Limited Collection,Google Search,333.14,132.32,Completed
ORD_4263,CUST_1333,2024-12-05,Fashion,Google Search,43.8,27.38,Cancelled
ORD_4264,CUST_409,2024-03-29,Fashion,Event Walk-in,498.01,187.43,Completed
ORD_4265,CUST_1227,2025-01-05,Gift Card,TikTok,686.19,269.1,Completed
ORD_4266,CUST_245,2024-05-15,Premium Box,Event Walk-in,597.21,392.32,Completed
ORD_4267,CUST_718,2025-06-21,Gift Card,Google Search,138.08,75.66,Refunded
ORD_4268,CUST_1025,2024-03-13,Premium Box,Partnership,185.6,130.73,Completed
ORD_4269,CUST_122,2024-03-31,Accessories,Instagram,381.06,215.28,Completed
ORD_4270,CUST_1367,2024-06-25,Gift Card,Event Walk-in,652.15,381.94,Refunded
ORD_4271,CUST_939,2024-01-12,Subscription Box,TikTok,322.32,238.34,Completed
ORD_4272,CUST_212,2025-06-29,Limited Collection,Instagram,470.47,232.22,Completed
ORD_4273,CUST_285,2025-06-17,Gift Card,Instagram,667.67,450.94,Cancelled
ORD_4274,CUST_851,2025-04-27,Gift Card,Google Search,654.55,303.1,Completed
ORD_4275,CUST_816,2024-04-19,Accessories,Referral,37.61,20.05,Completed
ORD_4276,CUST_660,2025-03-31,Beauty,LinkedIn,349.11,202.25,Completed
ORD_4277,CUST_16,2025-06-03,Accessories,LinkedIn,585.61,362.29,Completed
ORD_4278,CUST_614,2025-03-15,Subscription Box,Google Search,475.41,318.28,Completed
ORD_4279,CUST_1310,2024-07-13,Fashion,Event Walk-in,586.26,355.76,Completed
ORD_4280,CUST_1034,2024-10-12,Limited Collection,Google Search,376.04,169.33,Completed
ORD_4281,CUST_466,2024-10-21,Limited Collection,Event Walk-in,302.4,118.67,Completed
ORD_4282,CUST_1026,2024-02-15,Gift Card,TikTok,613.68,232.21,Refunded
ORD_4283,CUST_1204,2024-07-24,Beauty,Referral,427.09,287.1,Completed
ORD_4284,CUST_223,2024-03-14,Limited Collection,Referral,584.03,215.55,Completed
ORD_4285,CUST_55,2024-02-11,Beauty,Referral,255.92,169.2,Completed
ORD_4286,CUST_1338,2025-04-27,Premium Box,Google Search,288.65,113.27,Completed
ORD_4287,CUST_144,2024-04-09,Fashion,Google Search,486.2,360.56,Completed
ORD_4288,CUST_32,2024-11-22,Gift Card,Partnership,621.64,390.12,Completed
ORD_4289,CUST_752,2025-04-10,Gift Card,Referral,208.28,73.7,Completed
ORD_4290,CUST_1116,2024-08-12,Beauty,TikTok,355.46,234.43,Completed
ORD_4291,CUST_888,2024-11-17,Fashion,LinkedIn,630.43,329.63,Completed
ORD_4292,CUST_532,2024-12-21,Gift Card,Event Walk-in,130.17,74.65,Completed
ORD_4293,CUST_388,2024-10-29,Limited Collection,TikTok,485.17,205.75,Completed
ORD_4294,CUST_992,2024-01-21,Premium Box,Instagram,165.83,113.29,Completed
ORD_4295,CUST_1322,2025-03-17,Subscription Box,Referral,40.26,16.44,Refunded
ORD_4296,CUST_630,2024-05-17,Beauty,LinkedIn,439.32,228.53,Completed
ORD_4297,CUST_671,2025-06-18,Limited Collection,LinkedIn,84.45,41.72,Cancelled
ORD_4298,CUST_547,2024-04-16,Limited Collection,Event Walk-in,182.67,115.31,Cancelled
ORD_4299,CUST_1340,2024-05-27,Fashion,Referral,504.33,212.17,Completed
ORD_4300,CUST_16,2024-02-18,Premium Box,LinkedIn,352.08,186.86,Completed
ORD_4301,CUST_185,2024-02-02,Accessories,Referral,594.89,437.82,Completed
ORD_4302,CUST_1139,2025-01-07,Accessories,Referral,433.7,279.54,Completed
ORD_4303,CUST_740,2025-04-19,Subscription Box,Event Walk-in,531.77,211.25,Completed
ORD_4304,CUST_820,2024-05-27,Accessories,Partnership,331.47,140.8,Completed
ORD_4305,CUST_1266,2025-03-24,Premium Box,Event Walk-in,626.76,252.02,Completed
ORD_4306,CUST_193,2025-02-20,Premium Box,Google Search,132.38,56.69,Completed
ORD_4307,CUST_661,2024-05-14,Subscription Box,Partnership,511.73,310.69,Completed
ORD_4308,CUST_722,2024-10-04,Limited Collection,LinkedIn,180.9,100.47,Completed
ORD_4309,CUST_1416,2024-01-31,Subscription Box,Referral,630.55,464.68,Refunded
ORD_4310,CUST_528,2024-01-08,Beauty,Partnership,482.77,190.94,Completed
ORD_4311,CUST_1233,2025-04-25,Beauty,LinkedIn,406.42,216.75,Cancelled
ORD_4312,CUST_982,2025-05-22,Subscription Box,TikTok,184.17,135.62,Completed
ORD_4313,CUST_342,2024-01-30,Accessories,TikTok,574.13,293.5,Completed
ORD_4314,CUST_506,2024-06-08,Fashion,Referral,64.66,25.02,Completed
ORD_4315,CUST_1185,2025-03-22,Beauty,Referral,337.75,124.82,Completed
ORD_4316,CUST_229,2025-01-30,Limited Collection,LinkedIn,434.57,319.48,Completed
ORD_4317,CUST_229,2024-07-04,Premium Box,LinkedIn,347.42,257.08,Completed
ORD_4318,CUST_686,2024-06-22,Limited Collection,Instagram,82.09,34.23,Completed
ORD_4319,CUST_786,2024-03-01,Gift Card,Instagram,699.25,267.29,Completed
ORD_4320,CUST_1176,2024-06-23,Premium Box,Partnership,482.91,300.16,Completed
ORD_4321,CUST_1292,2024-10-25,Accessories,Event Walk-in,33.41,13.62,Completed
ORD_4322,CUST_813,2024-01-04,Gift Card,Instagram,495.05,317.02,Completed
ORD_4323,CUST_271,2025-02-16,Limited Collection,Google Search,138.44,61.84,Completed
ORD_4324,CUST_259,2024-12-05,Limited Collection,LinkedIn,348.17,141.7,Cancelled
ORD_4325,CUST_820,2024-09-01,Beauty,Partnership,208.23,133.27,Completed
ORD_4326,CUST_1426,2024-03-19,Gift Card,Google Search,301.1,167.5,Completed
ORD_4327,CUST_380,2024-08-22,Beauty,Instagram,374.92,206.12,Completed
ORD_4328,CUST_319,2024-10-11,Accessories,Event Walk-in,696.32,451.02,Completed
ORD_4329,CUST_365,2025-05-04,Limited Collection,Event Walk-in,204.7,100.45,Completed
ORD_4330,CUST_113,2024-08-03,Accessories,TikTok,339.5,204.05,Cancelled
ORD_4331,CUST_687,2025-06-28,Subscription Box,Partnership,260.3,172.36,Completed
ORD_4332,CUST_1124,2024-09-14,Subscription Box,Partnership,510.76,247.4,Completed
ORD_4333,CUST_135,2024-01-15,Accessories,TikTok,584.02,243.8,Completed
ORD_4334,CUST_1260,2024-06-21,Accessories,Referral,187.84,91.71,Completed
ORD_4335,CUST_1443,2024-11-12,Gift Card,Referral,35.7,21.41,Completed
ORD_4336,CUST_452,2024-10-25,Fashion,Instagram,515.99,255.75,Completed
ORD_4337,CUST_82,2024-08-08,Fashion,TikTok,380.68,241.51,Completed
ORD_4338,CUST_131,2025-01-30,Subscription Box,Event Walk-in,175.58,88.21,Completed
ORD_4339,CUST_1282,2024-04-07,Premium Box,Event Walk-in,458.13,200.17,Completed
ORD_4340,CUST_1383,2024-03-04,Beauty,Google Search,430.41,307.43,Completed
ORD_4341,CUST_1004,2024-01-17,Accessories,Partnership,693.45,273.3,Cancelled
ORD_4342,CUST_744,2025-03-27,Accessories,TikTok,256.1,141.85,Completed
ORD_4343,CUST_287,2024-04-29,Beauty,LinkedIn,535.11,248.46,Completed
ORD_4344,CUST_1204,2024-02-10,Premium Box,Referral,545.89,199.79,Completed
ORD_4345,CUST_773,2025-02-08,Fashion,Instagram,183.21,124.78,Completed
ORD_4346,CUST_911,2025-05-27,Fashion,TikTok,693.73,460.6,Completed
ORD_4347,CUST_754,2024-11-29,Premium Box,Instagram,491.24,224.72,Completed
ORD_4348,CUST_135,2024-01-07,Subscription Box,TikTok,525.07,296.59,Completed
ORD_4349,CUST_1253,2024-04-09,Gift Card,LinkedIn,482.06,332.72,Completed
ORD_4350,CUST_38,2025-05-27,Limited Collection,Instagram,88.07,33.0,Completed
ORD_4351,CUST_1054,2025-03-25,Subscription Box,TikTok,529.25,360.0,Completed
ORD_4352,CUST_1173,2024-06-02,Fashion,Google Search,425.49,318.11,Completed
ORD_4353,CUST_372,2024-08-28,Fashion,TikTok,331.83,141.31,Cancelled
ORD_4354,CUST_382,2025-03-31,Subscription Box,TikTok,449.55,332.1,Completed
ORD_4355,CUST_84,2024-06-04,Premium Box,Referral,513.06,250.02,Completed
ORD_4356,CUST_800,2025-03-09,Subscription Box,Google Search,281.72,166.48,Cancelled
ORD_4357,CUST_1359,2025-02-04,Premium Box,LinkedIn,455.99,303.48,Completed
ORD_4358,CUST_920,2024-11-18,Subscription Box,Google Search,212.32,121.74,Completed
ORD_4359,CUST_958,2025-03-22,Fashion,LinkedIn,572.45,372.55,Completed
ORD_4360,CUST_1376,2024-11-28,Gift Card,Google Search,457.23,193.49,Completed
ORD_4361,CUST_174,2025-06-25,Accessories,LinkedIn,150.14,85.15,Completed
ORD_4362,CUST_1291,2024-11-26,Subscription Box,Partnership,31.06,17.97,Completed
ORD_4363,CUST_284,2024-03-10,Gift Card,Google Search,656.75,353.94,Completed
ORD_4364,CUST_471,2025-02-02,Accessories,Referral,257.41,188.9,Completed
ORD_4365,CUST_1021,2025-05-23,Subscription Box,Instagram,614.73,394.89,Completed
ORD_4366,CUST_1046,2024-06-21,Fashion,Partnership,650.02,305.66,Completed
ORD_4367,CUST_429,2024-03-07,Gift Card,Event Walk-in,267.09,168.59,Completed
ORD_4368,CUST_1177,2024-11-23,Beauty,Instagram,632.18,244.06,Completed
ORD_4369,CUST_963,2025-05-09,Fashion,Partnership,682.23,335.4,Completed
ORD_4370,CUST_1182,2025-04-26,Fashion,Partnership,568.72,300.86,Completed
ORD_4371,CUST_119,2025-03-16,Limited Collection,Event Walk-in,551.57,242.98,Completed
ORD_4372,CUST_1175,2025-04-30,Beauty,Instagram,144.24,96.79,Refunded
ORD_4373,CUST_647,2024-03-10,Subscription Box,LinkedIn,563.39,299.68,Completed
ORD_4374,CUST_1354,2024-11-18,Accessories,TikTok,75.42,55.3,Completed
ORD_4375,CUST_336,2024-09-09,Beauty,Instagram,648.06,477.23,Completed
ORD_4376,CUST_63,2024-11-29,Limited Collection,TikTok,402.85,285.44,Completed
ORD_4377,CUST_1114,2025-02-21,Beauty,Event Walk-in,318.2,189.51,Completed
ORD_4378,CUST_3,2024-04-02,Beauty,TikTok,339.01,252.18,Completed
ORD_4379,CUST_422,2024-02-06,Accessories,TikTok,242.04,137.59,Completed
ORD_4380,CUST_1171,2024-09-04,Premium Box,Google Search,545.34,206.51,Refunded
ORD_4381,CUST_509,2025-01-15,Gift Card,LinkedIn,535.67,223.92,Refunded
ORD_4382,CUST_850,2024-04-27,Gift Card,Partnership,294.44,119.25,Completed
ORD_4383,CUST_1378,2024-09-02,Fashion,Partnership,340.53,155.2,Completed
ORD_4384,CUST_241,2024-03-23,Limited Collection,Event Walk-in,92.94,60.46,Completed
ORD_4385,CUST_50,2025-01-24,Beauty,Referral,110.15,56.92,Refunded
ORD_4386,CUST_1148,2024-01-04,Accessories,TikTok,240.21,155.52,Refunded
ORD_4387,CUST_1181,2025-01-22,Fashion,TikTok,579.53,417.01,Completed
ORD_4388,CUST_779,2024-03-06,Fashion,Partnership,578.15,401.59,Completed
ORD_4389,CUST_1413,2024-03-07,Limited Collection,Event Walk-in,465.4,257.35,Completed
ORD_4390,CUST_80,2025-06-03,Subscription Box,TikTok,467.48,329.31,Completed
ORD_4391,CUST_834,2025-01-19,Fashion,Google Search,142.19,61.69,Completed
ORD_4392,CUST_519,2024-07-26,Gift Card,LinkedIn,331.44,198.24,Completed
ORD_4393,CUST_579,2025-03-17,Accessories,Partnership,590.64,264.42,Completed
ORD_4394,CUST_1489,2025-03-14,Premium Box,Google Search,668.17,346.74,Completed
ORD_4395,CUST_492,2024-11-02,Accessories,Partnership,663.1,315.03,Completed
ORD_4396,CUST_527,2024-03-19,Limited Collection,Google Search,365.44,228.3,Completed
ORD_4397,CUST_1401,2025-05-06,Limited Collection,Instagram,242.37,170.9,Completed
ORD_4398,CUST_969,2024-02-28,Beauty,LinkedIn,482.72,336.92,Completed
ORD_4399,CUST_1358,2024-11-04,Subscription Box,Partnership,656.32,343.25,Completed
ORD_4400,CUST_929,2025-01-29,Gift Card,Referral,180.26,96.97,Completed
ORD_4401,CUST_891,2024-12-13,Fashion,Referral,133.67,62.7,Completed
ORD_4402,CUST_1276,2025-01-31,Fashion,LinkedIn,250.37,177.82,Cancelled
ORD_4403,CUST_1320,2025-06-22,Limited Collection,Referral,356.94,158.58,Completed
ORD_4404,CUST_1241,2024-05-13,Accessories,Referral,300.63,166.83,Completed
ORD_4405,CUST_1022,2024-06-12,Fashion,Partnership,164.72,88.52,Completed
ORD_4406,CUST_952,2024-09-02,Subscription Box,Referral,687.06,299.79,Completed
ORD_4407,CUST_1484,2025-04-10,Beauty,Instagram,425.58,310.97,Completed
ORD_4408,CUST_331,2025-01-30,Fashion,Instagram,512.82,194.93,Completed
ORD_4409,CUST_1327,2024-06-12,Subscription Box,Partnership,131.5,83.09,Refunded
ORD_4410,CUST_1151,2025-06-01,Limited Collection,Event Walk-in,36.74,24.77,Completed
ORD_4411,CUST_655,2025-01-02,Premium Box,LinkedIn,402.41,184.42,Completed
ORD_4412,CUST_982,2025-04-17,Accessories,TikTok,159.24,109.09,Completed
ORD_4413,CUST_1118,2024-10-30,Gift Card,Referral,233.18,112.59,Completed
ORD_4414,CUST_737,2024-11-11,Accessories,LinkedIn,339.2,234.38,Completed
ORD_4415,CUST_1474,2025-05-05,Beauty,Event Walk-in,81.24,45.24,Cancelled
ORD_4416,CUST_653,2024-12-11,Limited Collection,Google Search,542.27,295.24,Cancelled
ORD_4417,CUST_1052,2024-01-07,Beauty,Partnership,341.96,207.81,Completed
ORD_4418,CUST_1286,2024-09-25,Limited Collection,Instagram,455.7,177.47,Completed
ORD_4419,CUST_974,2024-03-22,Beauty,LinkedIn,530.91,358.25,Cancelled
ORD_4420,CUST_1474,2024-01-24,Limited Collection,Event Walk-in,387.27,283.39,Completed
ORD_4421,CUST_984,2024-09-17,Gift Card,Google Search,40.51,22.23,Completed
ORD_4422,CUST_857,2024-06-08,Gift Card,Instagram,295.46,169.97,Refunded
ORD_4423,CUST_540,2025-01-18,Accessories,Partnership,171.18,77.19,Completed
ORD_4424,CUST_1061,2024-09-18,Subscription Box,Referral,227.11,112.3,Completed
ORD_4425,CUST_534,2025-06-05,Accessories,Google Search,668.93,317.83,Cancelled
ORD_4426,CUST_1220,2024-03-13,Accessories,LinkedIn,178.98,107.17,Completed
ORD_4427,CUST_484,2024-08-28,Subscription Box,Event Walk-in,120.8,75.19,Completed
ORD_4428,CUST_1348,2024-07-26,Beauty,LinkedIn,22.6,8.24,Completed
ORD_4429,CUST_74,2024-11-18,Limited Collection,Google Search,274.96,169.53,Completed
ORD_4430,CUST_342,2024-04-21,Beauty,TikTok,541.47,239.19,Completed
ORD_4431,CUST_131,2024-07-13,Gift Card,Event Walk-in,256.33,131.51,Completed
ORD_4432,CUST_20,2024-12-22,Premium Box,LinkedIn,257.36,184.4,Completed
ORD_4433,CUST_1159,2024-08-20,Fashion,LinkedIn,696.56,321.9,Completed
ORD_4434,CUST_154,2024-09-06,Premium Box,Event Walk-in,70.02,51.18,Completed
ORD_4435,CUST_1128,2024-07-30,Gift Card,Partnership,390.81,138.92,Cancelled
ORD_4436,CUST_1444,2025-03-06,Premium Box,Google Search,110.35,60.94,Completed
ORD_4437,CUST_1105,2024-02-25,Limited Collection,Partnership,517.59,235.75,Completed
ORD_4438,CUST_221,2024-05-07,Beauty,Event Walk-in,686.22,248.06,Completed
ORD_4439,CUST_1225,2025-01-14,Gift Card,Event Walk-in,540.65,208.52,Completed
ORD_4440,CUST_1231,2024-06-04,Fashion,Partnership,571.48,372.63,Completed
ORD_4441,CUST_221,2024-03-19,Fashion,Event Walk-in,510.81,188.96,Completed
ORD_4442,CUST_395,2024-01-31,Limited Collection,TikTok,38.72,21.61,Completed
ORD_4443,CUST_1067,2024-02-20,Limited Collection,Event Walk-in,312.0,169.66,Completed
ORD_4444,CUST_157,2024-08-06,Beauty,Instagram,665.79,268.65,Completed
ORD_4445,CUST_1474,2024-03-05,Beauty,Event Walk-in,285.8,128.7,Completed
ORD_4446,CUST_681,2024-03-25,Gift Card,Event Walk-in,396.16,214.47,Completed
ORD_4447,CUST_13,2025-03-08,Subscription Box,TikTok,68.53,26.06,Refunded
ORD_4448,CUST_120,2024-06-14,Fashion,TikTok,520.68,351.37,Refunded
ORD_4449,CUST_786,2025-06-06,Beauty,Instagram,314.98,121.69,Completed
ORD_4450,CUST_687,2025-02-20,Gift Card,Partnership,498.31,288.91,Refunded
ORD_4451,CUST_12,2025-06-02,Gift Card,Partnership,84.1,47.7,Completed
ORD_4452,CUST_1041,2024-05-02,Accessories,Referral,42.2,30.08,Completed
ORD_4453,CUST_114,2024-11-21,Gift Card,Event Walk-in,622.76,258.57,Completed
ORD_4454,CUST_373,2025-06-15,Premium Box,Event Walk-in,617.72,225.11,Completed
ORD_4455,CUST_667,2024-09-11,Accessories,LinkedIn,639.75,274.18,Completed
ORD_4456,CUST_152,2024-01-09,Accessories,Partnership,63.92,30.26,Cancelled
ORD_4457,CUST_394,2025-06-21,Subscription Box,Partnership,91.07,45.32,Completed
ORD_4458,CUST_379,2025-03-22,Limited Collection,Google Search,366.45,179.41,Completed
ORD_4459,CUST_147,2025-02-21,Limited Collection,Google Search,317.79,159.65,Completed
ORD_4460,CUST_723,2024-02-22,Beauty,Event Walk-in,581.77,403.82,Completed
ORD_4461,CUST_1461,2025-03-04,Accessories,TikTok,100.57,43.4,Completed
ORD_4462,CUST_1266,2024-07-23,Gift Card,Event Walk-in,647.7,441.51,Completed
ORD_4463,CUST_1048,2025-06-26,Gift Card,Referral,93.14,37.91,Cancelled
ORD_4464,CUST_589,2025-01-25,Accessories,Referral,271.68,140.98,Completed
ORD_4465,CUST_409,2024-01-29,Gift Card,Event Walk-in,683.92,457.57,Completed
ORD_4466,CUST_1328,2024-07-09,Gift Card,LinkedIn,452.93,302.92,Completed
ORD_4467,CUST_252,2024-01-30,Beauty,Referral,669.42,286.1,Completed
ORD_4468,CUST_833,2025-05-11,Accessories,Instagram,419.68,188.35,Completed
ORD_4469,CUST_316,2024-05-28,Subscription Box,Event Walk-in,339.48,187.8,Completed
ORD_4470,CUST_259,2024-06-05,Gift Card,LinkedIn,40.6,22.91,Completed
ORD_4471,CUST_1339,2024-02-07,Fashion,Partnership,184.2,64.88,Completed
ORD_4472,CUST_1012,2025-01-31,Limited Collection,Instagram,457.64,270.47,Completed
ORD_4473,CUST_1320,2024-07-31,Subscription Box,Referral,608.47,349.41,Completed
ORD_4474,CUST_785,2024-04-20,Accessories,TikTok,430.77,313.57,Refunded
ORD_4475,CUST_1110,2025-02-05,Accessories,TikTok,96.21,70.56,Completed
ORD_4476,CUST_1060,2025-01-19,Premium Box,TikTok,665.74,395.92,Completed
ORD_4477,CUST_164,2024-04-19,Accessories,TikTok,36.84,27.32,Completed
ORD_4478,CUST_328,2024-09-09,Subscription Box,Instagram,680.08,498.09,Completed
ORD_4479,CUST_875,2024-09-15,Accessories,TikTok,268.27,110.75,Cancelled
ORD_4480,CUST_1073,2024-11-28,Beauty,Referral,588.88,379.17,Completed
ORD_4481,CUST_103,2024-07-11,Gift Card,Partnership,33.09,14.79,Completed
ORD_4482,CUST_801,2025-03-02,Beauty,Event Walk-in,141.45,75.1,Completed
ORD_4483,CUST_263,2024-12-18,Gift Card,Instagram,664.95,447.2,Completed
ORD_4484,CUST_870,2025-06-02,Gift Card,Referral,639.9,454.62,Completed
ORD_4485,CUST_152,2025-04-30,Accessories,Partnership,301.19,141.04,Cancelled
ORD_4486,CUST_307,2025-01-21,Premium Box,Event Walk-in,189.38,121.22,Completed
ORD_4487,CUST_73,2024-10-25,Accessories,Partnership,50.7,27.02,Completed
ORD_4488,CUST_1180,2025-02-02,Accessories,Google Search,427.48,153.42,Completed
ORD_4489,CUST_1366,2024-10-01,Limited Collection,Google Search,328.49,161.51,Completed
ORD_4490,CUST_11,2024-12-24,Premium Box,Partnership,130.4,85.27,Completed
ORD_4491,CUST_174,2025-05-09,Fashion,LinkedIn,101.09,39.24,Completed
ORD_4492,CUST_1151,2024-04-08,Accessories,Event Walk-in,645.8,231.63,Refunded
ORD_4493,CUST_17,2024-06-29,Beauty,Referral,151.35,87.32,Completed
ORD_4494,CUST_49,2024-12-13,Subscription Box,LinkedIn,290.24,149.47,Refunded
ORD_4495,CUST_376,2025-03-03,Fashion,TikTok,236.91,112.92,Completed
ORD_4496,CUST_1180,2024-12-25,Limited Collection,Google Search,653.73,366.95,Completed
ORD_4497,CUST_1283,2024-12-26,Beauty,Google Search,162.33,110.48,Completed
ORD_4498,CUST_1486,2025-01-05,Fashion,LinkedIn,316.84,219.47,Completed
ORD_4499,CUST_1075,2024-11-04,Accessories,LinkedIn,428.96,156.38,Completed
ORD_4500,CUST_928,2024-01-20,Subscription Box,Google Search,355.46,222.37,Completed
ORD_4501,CUST_1373,2025-06-30,Limited Collection,Referral,233.17,174.82,Completed
ORD_4502,CUST_1104,2024-10-21,Limited Collection,Referral,210.31,144.88,Completed
ORD_4503,CUST_1426,2025-02-08,Gift Card,Google Search,132.21,82.41,Completed
ORD_4504,CUST_637,2025-06-29,Fashion,TikTok,253.07,186.4,Completed
ORD_4505,CUST_448,2024-11-26,Premium Box,Referral,524.91,246.94,Completed
ORD_4506,CUST_77,2025-03-27,Premium Box,Event Walk-in,53.32,23.54,Completed
ORD_4507,CUST_946,2024-05-13,Premium Box,TikTok,30.55,22.63,Completed
ORD_4508,CUST_92,2025-03-20,Limited Collection,Partnership,615.21,300.8,Completed
ORD_4509,CUST_756,2024-01-13,Gift Card,Referral,406.37,270.1,Completed
ORD_4510,CUST_1368,2025-06-03,Limited Collection,Google Search,597.16,357.95,Completed
ORD_4511,CUST_1298,2024-08-27,Gift Card,TikTok,163.27,62.17,Completed
ORD_4512,CUST_1205,2024-08-14,Premium Box,Google Search,243.31,86.98,Completed
ORD_4513,CUST_310,2024-02-05,Premium Box,Event Walk-in,519.55,253.26,Completed
ORD_4514,CUST_184,2025-03-09,Premium Box,Instagram,57.62,25.23,Completed
ORD_4515,CUST_942,2024-09-13,Beauty,Partnership,280.65,192.22,Completed
ORD_4516,CUST_474,2024-01-07,Limited Collection,Referral,228.68,163.37,Completed
ORD_4517,CUST_1020,2025-04-12,Fashion,TikTok,130.82,96.65,Completed
ORD_4518,CUST_1308,2024-12-11,Subscription Box,LinkedIn,133.01,90.81,Completed
ORD_4519,CUST_1124,2024-07-23,Beauty,Partnership,200.21,85.91,Completed
ORD_4520,CUST_160,2024-10-24,Subscription Box,Instagram,669.68,320.26,Refunded
ORD_4521,CUST_955,2024-08-20,Gift Card,Event Walk-in,544.99,259.03,Completed
ORD_4522,CUST_1001,2025-04-26,Gift Card,Instagram,495.83,243.82,Completed
ORD_4523,CUST_1007,2025-05-13,Gift Card,TikTok,551.84,402.54,Completed
ORD_4524,CUST_1446,2025-03-08,Gift Card,TikTok,147.83,68.16,Completed
ORD_4525,CUST_675,2025-05-28,Limited Collection,Google Search,556.57,232.53,Completed
ORD_4526,CUST_18,2024-09-20,Fashion,LinkedIn,112.93,80.64,Completed
ORD_4527,CUST_14,2025-02-04,Fashion,TikTok,162.88,100.98,Completed
ORD_4528,CUST_740,2024-02-19,Fashion,Event Walk-in,74.31,41.42,Completed
ORD_4529,CUST_1156,2025-06-17,Subscription Box,Google Search,618.08,287.73,Completed
ORD_4530,CUST_1479,2024-06-04,Premium Box,Google Search,601.67,405.22,Completed
ORD_4531,CUST_1043,2024-06-22,Beauty,Partnership,196.73,104.97,Refunded
ORD_4532,CUST_1123,2024-02-17,Premium Box,LinkedIn,202.0,111.67,Completed
ORD_4533,CUST_692,2025-06-16,Subscription Box,LinkedIn,348.82,177.21,Completed
ORD_4534,CUST_593,2024-12-10,Premium Box,LinkedIn,334.78,219.79,Completed
ORD_4535,CUST_409,2024-10-15,Premium Box,Event Walk-in,624.61,220.57,Completed
ORD_4536,CUST_886,2024-02-02,Accessories,Google Search,364.73,197.52,Completed
ORD_4537,CUST_1109,2024-05-17,Fashion,Google Search,286.25,179.27,Completed
ORD_4538,CUST_1027,2024-03-30,Fashion,Google Search,295.01,195.04,Completed
ORD_4539,CUST_515,2025-02-05,Subscription Box,Partnership,222.25,127.36,Completed
ORD_4540,CUST_873,2025-04-26,Beauty,Partnership,448.33,158.95,Completed
ORD_4541,CUST_1173,2024-11-06,Fashion,Google Search,52.14,30.49,Completed
ORD_4542,CUST_1464,2025-06-05,Limited Collection,Event Walk-in,50.63,22.57,Completed
ORD_4543,CUST_1110,2025-03-24,Subscription Box,TikTok,521.08,368.27,Completed
ORD_4544,CUST_176,2024-09-19,Fashion,Partnership,320.41,239.9,Completed
ORD_4545,CUST_729,2024-03-17,Subscription Box,Partnership,672.59,376.68,Completed
ORD_4546,CUST_671,2024-05-09,Premium Box,LinkedIn,518.45,243.96,Completed
ORD_4547,CUST_1235,2024-12-30,Subscription Box,Instagram,102.6,50.98,Completed
ORD_4548,CUST_992,2024-04-15,Subscription Box,Instagram,594.31,247.22,Completed
ORD_4549,CUST_716,2024-04-22,Limited Collection,Instagram,36.2,13.5,Completed
ORD_4550,CUST_607,2024-06-22,Gift Card,TikTok,550.28,203.08,Completed
ORD_4551,CUST_757,2024-05-23,Premium Box,Instagram,493.27,253.86,Completed
ORD_4552,CUST_1456,2024-08-12,Accessories,Event Walk-in,312.01,109.56,Completed
ORD_4553,CUST_309,2024-09-26,Premium Box,TikTok,364.09,161.38,Completed
ORD_4554,CUST_708,2025-04-02,Gift Card,Instagram,282.61,207.34,Completed
ORD_4555,CUST_71,2025-06-25,Premium Box,Partnership,398.89,272.19,Completed
ORD_4556,CUST_988,2024-07-20,Accessories,Partnership,318.7,111.89,Cancelled
ORD_4557,CUST_719,2025-04-28,Beauty,Event Walk-in,577.16,224.34,Completed
ORD_4558,CUST_1283,2024-10-19,Accessories,Google Search,450.71,254.5,Completed
ORD_4559,CUST_1350,2024-11-14,Subscription Box,Event Walk-in,670.62,382.09,Completed
ORD_4560,CUST_158,2025-04-02,Beauty,LinkedIn,160.45,108.43,Completed
ORD_4561,CUST_456,2025-04-11,Limited Collection,Instagram,180.75,126.39,Refunded
ORD_4562,CUST_768,2024-05-06,Gift Card,TikTok,412.48,214.5,Completed
ORD_4563,CUST_1148,2024-01-27,Premium Box,TikTok,355.93,204.16,Completed
ORD_4564,CUST_679,2024-09-10,Beauty,Event Walk-in,655.99,436.67,Completed
ORD_4565,CUST_744,2025-06-09,Fashion,TikTok,362.54,253.37,Completed
ORD_4566,CUST_917,2024-04-20,Accessories,Referral,590.31,343.39,Completed
ORD_4567,CUST_1417,2024-06-12,Subscription Box,Partnership,161.06,89.85,Completed
ORD_4568,CUST_270,2024-09-08,Limited Collection,Partnership,440.1,250.67,Completed
ORD_4569,CUST_1215,2025-04-07,Premium Box,LinkedIn,632.79,458.18,Completed
ORD_4570,CUST_1034,2024-01-21,Accessories,Google Search,84.32,40.09,Completed
ORD_4571,CUST_326,2024-09-13,Subscription Box,Partnership,686.64,451.45,Completed
ORD_4572,CUST_152,2025-06-30,Premium Box,Partnership,73.41,48.77,Completed
ORD_4573,CUST_165,2025-02-08,Accessories,TikTok,329.69,197.13,Completed
ORD_4574,CUST_529,2024-09-06,Accessories,TikTok,45.05,20.9,Completed
ORD_4575,CUST_528,2024-02-03,Premium Box,Partnership,30.21,15.8,Completed
ORD_4576,CUST_1270,2025-06-01,Premium Box,LinkedIn,73.89,43.21,Completed
ORD_4577,CUST_6,2024-12-13,Accessories,LinkedIn,653.05,306.69,Completed
ORD_4578,CUST_347,2025-05-28,Accessories,LinkedIn,658.41,317.32,Completed
ORD_4579,CUST_688,2024-01-16,Accessories,Referral,376.14,159.46,Completed
ORD_4580,CUST_8,2024-01-04,Subscription Box,Partnership,338.94,237.44,Completed
ORD_4581,CUST_1445,2025-05-12,Limited Collection,LinkedIn,595.89,433.37,Completed
ORD_4582,CUST_1123,2025-06-14,Accessories,LinkedIn,425.83,185.66,Completed
ORD_4583,CUST_562,2024-01-05,Fashion,Instagram,299.98,177.02,Completed
ORD_4584,CUST_143,2025-02-19,Gift Card,Google Search,66.12,34.81,Completed
ORD_4585,CUST_370,2025-02-03,Gift Card,Referral,501.88,195.26,Completed
ORD_4586,CUST_1426,2024-07-28,Subscription Box,Google Search,100.92,39.91,Completed
ORD_4587,CUST_142,2024-07-10,Premium Box,Partnership,546.07,245.82,Refunded
ORD_4588,CUST_1160,2024-07-18,Premium Box,TikTok,438.36,204.48,Completed
ORD_4589,CUST_726,2024-02-02,Subscription Box,TikTok,653.57,437.12,Completed
ORD_4590,CUST_1189,2025-05-20,Limited Collection,Google Search,151.87,74.43,Completed
ORD_4591,CUST_312,2024-02-12,Gift Card,Referral,120.23,69.54,Refunded
ORD_4592,CUST_1359,2025-05-13,Gift Card,LinkedIn,238.97,168.71,Completed
ORD_4593,CUST_206,2025-06-30,Limited Collection,TikTok,91.7,63.5,Completed
ORD_4594,CUST_576,2024-01-17,Premium Box,Event Walk-in,554.67,200.95,Completed
ORD_4595,CUST_899,2025-06-07,Beauty,TikTok,376.9,152.88,Refunded
ORD_4596,CUST_1024,2024-09-06,Limited Collection,Event Walk-in,258.56,92.49,Completed
ORD_4597,CUST_289,2024-01-14,Fashion,LinkedIn,113.23,70.77,Refunded
ORD_4598,CUST_1274,2024-07-12,Premium Box,Referral,348.56,154.8,Refunded
ORD_4599,CUST_1300,2024-10-14,Fashion,Instagram,70.35,34.78,Completed
ORD_4600,CUST_753,2024-07-14,Fashion,Partnership,122.39,48.84,Completed
ORD_4601,CUST_1263,2024-06-02,Gift Card,Partnership,328.28,185.21,Cancelled
ORD_4602,CUST_118,2025-01-22,Accessories,Instagram,329.06,213.09,Completed
ORD_4603,CUST_1339,2025-05-08,Accessories,Partnership,367.6,257.27,Refunded
ORD_4604,CUST_1389,2024-11-25,Premium Box,Referral,98.91,57.54,Completed
ORD_4605,CUST_1216,2024-07-16,Gift Card,Referral,464.39,274.38,Completed
ORD_4606,CUST_1134,2024-07-01,Beauty,TikTok,265.88,105.32,Refunded
ORD_4607,CUST_100,2024-12-02,Fashion,TikTok,357.38,174.58,Completed
ORD_4608,CUST_24,2025-01-26,Premium Box,Partnership,248.62,165.51,Completed
ORD_4609,CUST_817,2025-06-17,Subscription Box,TikTok,639.51,286.96,Completed
ORD_4610,CUST_593,2025-05-27,Subscription Box,LinkedIn,114.42,81.15,Completed
ORD_4611,CUST_539,2024-01-12,Subscription Box,LinkedIn,501.39,258.96,Completed
ORD_4612,CUST_928,2025-01-18,Limited Collection,Google Search,344.36,228.53,Completed
ORD_4613,CUST_51,2025-05-05,Accessories,Instagram,449.15,286.02,Completed
ORD_4614,CUST_409,2024-01-30,Beauty,Event Walk-in,207.93,96.37,Completed
ORD_4615,CUST_1484,2024-06-01,Beauty,Instagram,139.84,99.22,Completed
ORD_4616,CUST_1126,2024-08-14,Gift Card,TikTok,654.19,323.11,Completed
ORD_4617,CUST_1184,2024-04-06,Accessories,Partnership,465.38,225.43,Refunded
ORD_4618,CUST_562,2024-10-18,Beauty,Instagram,680.86,421.07,Completed
ORD_4619,CUST_1134,2025-06-10,Fashion,TikTok,474.03,167.62,Completed
ORD_4620,CUST_1494,2024-09-08,Gift Card,LinkedIn,347.07,126.05,Completed
ORD_4621,CUST_1168,2024-07-01,Gift Card,Referral,48.02,29.62,Completed
ORD_4622,CUST_630,2024-06-09,Limited Collection,LinkedIn,133.51,93.83,Completed
ORD_4623,CUST_357,2024-10-30,Subscription Box,TikTok,25.75,12.0,Completed
ORD_4624,CUST_1097,2025-02-16,Limited Collection,LinkedIn,575.78,272.41,Completed
ORD_4625,CUST_786,2024-11-20,Premium Box,Instagram,369.05,167.11,Completed
ORD_4626,CUST_315,2024-12-10,Beauty,TikTok,182.48,116.14,Completed
ORD_4627,CUST_294,2024-11-18,Subscription Box,LinkedIn,254.34,176.37,Refunded
ORD_4628,CUST_491,2024-06-29,Beauty,Event Walk-in,587.96,314.42,Completed
ORD_4629,CUST_12,2024-05-20,Fashion,Partnership,106.21,47.53,Completed
ORD_4630,CUST_1194,2024-11-21,Subscription Box,Referral,632.59,348.05,Completed
ORD_4631,CUST_1285,2024-02-18,Accessories,Google Search,304.08,172.34,Completed
ORD_4632,CUST_336,2024-06-30,Beauty,Instagram,524.83,227.56,Completed
ORD_4633,CUST_309,2025-05-22,Gift Card,TikTok,103.38,72.68,Completed
ORD_4634,CUST_386,2024-06-21,Gift Card,TikTok,279.84,142.22,Refunded
ORD_4635,CUST_462,2024-03-27,Beauty,Instagram,177.21,64.36,Completed
ORD_4636,CUST_459,2024-07-14,Premium Box,Event Walk-in,646.02,407.58,Completed
ORD_4637,CUST_389,2024-01-18,Fashion,Google Search,129.75,49.7,Completed
ORD_4638,CUST_4,2024-11-12,Fashion,Google Search,28.34,19.98,Completed
ORD_4639,CUST_913,2025-02-22,Accessories,Google Search,284.77,205.64,Cancelled
ORD_4640,CUST_307,2024-05-31,Limited Collection,Event Walk-in,140.0,95.51,Completed
ORD_4641,CUST_1255,2025-01-05,Accessories,Partnership,557.91,387.74,Completed
ORD_4642,CUST_616,2025-03-25,Gift Card,Instagram,246.12,176.88,Completed
ORD_4643,CUST_784,2024-06-28,Subscription Box,Google Search,199.72,122.88,Cancelled
ORD_4644,CUST_437,2024-01-08,Fashion,LinkedIn,42.86,15.22,Completed
ORD_4645,CUST_693,2025-06-26,Beauty,TikTok,682.5,332.1,Completed
ORD_4646,CUST_329,2024-11-02,Accessories,Event Walk-in,263.62,193.87,Completed
ORD_4647,CUST_112,2024-05-04,Beauty,Referral,379.7,170.08,Completed
ORD_4648,CUST_820,2025-01-27,Subscription Box,Partnership,655.96,424.51,Completed
ORD_4649,CUST_988,2025-06-08,Accessories,Partnership,512.04,250.24,Completed
ORD_4650,CUST_1210,2025-05-12,Fashion,Partnership,411.24,149.51,Completed
ORD_4651,CUST_134,2024-07-11,Premium Box,Google Search,162.69,110.03,Completed
ORD_4652,CUST_1321,2025-01-26,Accessories,Event Walk-in,340.44,255.2,Cancelled
ORD_4653,CUST_728,2025-01-18,Subscription Box,Event Walk-in,434.04,258.71,Completed
ORD_4654,CUST_967,2024-05-06,Limited Collection,Partnership,597.56,381.2,Completed
ORD_4655,CUST_184,2024-06-23,Accessories,Instagram,195.67,100.59,Completed
ORD_4656,CUST_601,2024-06-18,Gift Card,Referral,613.12,360.81,Completed
ORD_4657,CUST_206,2025-01-16,Fashion,TikTok,490.05,292.24,Completed
ORD_4658,CUST_918,2024-05-10,Beauty,TikTok,382.75,194.05,Completed
ORD_4659,CUST_596,2024-06-10,Gift Card,Google Search,407.02,164.01,Cancelled
ORD_4660,CUST_1352,2024-05-03,Beauty,Google Search,47.52,32.32,Completed
ORD_4661,CUST_444,2024-05-19,Gift Card,Referral,570.33,240.21,Completed
ORD_4662,CUST_112,2025-06-03,Fashion,Referral,28.34,11.98,Completed
ORD_4663,CUST_1318,2024-07-10,Premium Box,TikTok,192.05,95.52,Completed
ORD_4664,CUST_567,2024-02-07,Beauty,TikTok,385.16,184.76,Completed
ORD_4665,CUST_692,2024-10-02,Subscription Box,LinkedIn,562.74,291.73,Refunded
ORD_4666,CUST_305,2024-03-27,Premium Box,LinkedIn,315.06,178.64,Completed
ORD_4667,CUST_986,2024-02-23,Gift Card,Partnership,144.18,85.45,Completed
ORD_4668,CUST_573,2024-12-13,Beauty,Referral,23.29,9.01,Completed
ORD_4669,CUST_860,2024-04-04,Fashion,TikTok,580.48,401.36,Completed
ORD_4670,CUST_1357,2025-05-05,Limited Collection,Google Search,124.67,69.61,Completed
ORD_4671,CUST_1058,2024-07-02,Subscription Box,TikTok,456.0,227.12,Refunded
ORD_4672,CUST_377,2024-03-31,Subscription Box,Referral,447.43,307.65,Completed
ORD_4673,CUST_418,2024-09-09,Gift Card,Event Walk-in,246.55,89.76,Completed
ORD_4674,CUST_420,2024-05-03,Gift Card,LinkedIn,511.29,354.14,Completed
ORD_4675,CUST_428,2024-11-07,Gift Card,Event Walk-in,661.77,449.42,Completed
ORD_4676,CUST_471,2025-04-24,Limited Collection,Referral,605.49,417.37,Completed
ORD_4677,CUST_1319,2024-03-29,Premium Box,LinkedIn,83.22,35.72,Completed
ORD_4678,CUST_1212,2024-01-23,Gift Card,Referral,479.54,323.95,Completed
ORD_4679,CUST_481,2024-04-15,Fashion,Google Search,226.29,151.93,Completed
ORD_4680,CUST_1178,2024-08-02,Gift Card,Google Search,257.19,132.76,Completed
ORD_4681,CUST_335,2025-03-21,Gift Card,Event Walk-in,62.58,22.02,Completed
ORD_4682,CUST_1352,2024-02-23,Fashion,Google Search,642.38,473.42,Completed
ORD_4683,CUST_1480,2024-04-22,Fashion,TikTok,254.09,142.98,Refunded
ORD_4684,CUST_639,2024-11-04,Gift Card,Partnership,305.95,128.86,Cancelled
ORD_4685,CUST_1243,2025-06-18,Beauty,Google Search,340.57,229.43,Completed
ORD_4686,CUST_907,2025-02-20,Accessories,TikTok,542.74,275.2,Completed
ORD_4687,CUST_578,2025-01-24,Beauty,LinkedIn,152.25,99.31,Completed
ORD_4688,CUST_834,2024-01-31,Gift Card,Google Search,239.83,171.35,Completed
ORD_4689,CUST_795,2024-07-11,Gift Card,TikTok,450.19,292.44,Completed
ORD_4690,CUST_1286,2025-05-21,Beauty,Instagram,223.37,136.95,Completed
ORD_4691,CUST_449,2025-01-11,Beauty,Instagram,220.65,143.52,Completed
ORD_4692,CUST_725,2024-07-28,Limited Collection,Instagram,226.34,158.82,Completed
ORD_4693,CUST_905,2025-01-17,Gift Card,TikTok,530.51,265.06,Completed
ORD_4694,CUST_330,2024-05-09,Fashion,Event Walk-in,493.95,264.13,Completed
ORD_4695,CUST_224,2024-11-18,Premium Box,Instagram,538.25,207.33,Completed
ORD_4696,CUST_1167,2025-04-20,Limited Collection,TikTok,290.69,210.96,Completed
ORD_4697,CUST_1373,2025-03-11,Premium Box,Referral,545.41,277.08,Refunded
ORD_4698,CUST_733,2024-03-14,Beauty,Instagram,655.31,342.09,Completed
ORD_4699,CUST_909,2024-11-14,Subscription Box,Google Search,683.2,407.72,Completed
ORD_4700,CUST_1098,2024-01-20,Fashion,Partnership,682.9,248.43,Completed
ORD_4701,CUST_967,2024-12-22,Limited Collection,Partnership,632.82,401.73,Completed
ORD_4702,CUST_530,2024-11-24,Subscription Box,Referral,237.44,85.0,Completed
ORD_4703,CUST_768,2024-06-18,Accessories,TikTok,50.86,37.4,Completed
ORD_4704,CUST_880,2025-04-10,Subscription Box,LinkedIn,682.7,423.47,Completed
ORD_4705,CUST_651,2024-07-21,Fashion,TikTok,392.96,257.99,Completed
ORD_4706,CUST_355,2025-03-11,Subscription Box,Partnership,181.84,94.17,Completed
ORD_4707,CUST_760,2025-04-28,Limited Collection,LinkedIn,543.56,303.12,Completed
ORD_4708,CUST_230,2024-04-28,Limited Collection,Instagram,555.32,348.87,Completed
ORD_4709,CUST_345,2024-03-03,Gift Card,TikTok,87.6,44.56,Completed
ORD_4710,CUST_287,2024-05-19,Subscription Box,LinkedIn,171.91,85.81,Completed
ORD_4711,CUST_783,2024-12-18,Accessories,LinkedIn,196.89,94.52,Completed
ORD_4712,CUST_495,2024-01-15,Beauty,Google Search,562.68,323.15,Completed
ORD_4713,CUST_894,2024-04-04,Premium Box,Event Walk-in,460.75,310.38,Refunded
ORD_4714,CUST_1294,2025-06-16,Gift Card,TikTok,193.01,92.73,Completed
ORD_4715,CUST_652,2024-03-03,Fashion,Instagram,352.93,149.58,Completed
ORD_4716,CUST_800,2025-03-18,Gift Card,Google Search,152.78,108.98,Completed
ORD_4717,CUST_438,2024-06-18,Accessories,Instagram,268.82,151.22,Completed
ORD_4718,CUST_401,2024-09-25,Limited Collection,LinkedIn,380.06,197.1,Completed
ORD_4719,CUST_79,2024-01-19,Premium Box,Referral,29.02,14.7,Completed
ORD_4720,CUST_935,2024-12-06,Subscription Box,Google Search,215.4,85.86,Completed
ORD_4721,CUST_1180,2024-07-09,Gift Card,Google Search,436.06,326.16,Completed
ORD_4722,CUST_905,2024-03-07,Accessories,TikTok,87.89,61.27,Refunded
ORD_4723,CUST_957,2024-02-06,Accessories,TikTok,531.15,234.02,Completed
ORD_4724,CUST_471,2025-03-20,Accessories,Referral,77.0,38.05,Completed
ORD_4725,CUST_505,2025-04-17,Gift Card,Instagram,244.45,124.75,Completed
ORD_4726,CUST_1434,2025-05-10,Beauty,Partnership,330.91,134.1,Completed
ORD_4727,CUST_307,2024-06-23,Premium Box,Event Walk-in,437.54,257.1,Completed
ORD_4728,CUST_1090,2024-04-07,Accessories,TikTok,341.1,185.44,Completed
ORD_4729,CUST_1067,2024-08-16,Accessories,Event Walk-in,300.57,210.19,Cancelled
ORD_4730,CUST_75,2025-01-02,Beauty,Instagram,349.99,199.6,Completed
ORD_4731,CUST_8,2024-10-31,Subscription Box,Partnership,235.38,99.22,Completed
ORD_4732,CUST_298,2024-05-21,Premium Box,Event Walk-in,190.33,92.73,Completed
ORD_4733,CUST_514,2025-06-01,Limited Collection,Event Walk-in,633.23,380.93,Completed
ORD_4734,CUST_3,2024-08-02,Fashion,TikTok,102.12,50.03,Completed
ORD_4735,CUST_336,2024-06-29,Subscription Box,Instagram,119.37,78.55,Refunded
ORD_4736,CUST_70,2025-05-30,Accessories,Partnership,404.1,262.59,Completed
ORD_4737,CUST_1154,2024-02-14,Gift Card,Referral,269.07,118.92,Completed
ORD_4738,CUST_1445,2024-09-21,Accessories,LinkedIn,569.04,283.56,Completed
ORD_4739,CUST_1401,2024-01-10,Beauty,Instagram,143.22,95.16,Completed
ORD_4740,CUST_627,2024-02-23,Accessories,Partnership,653.85,342.73,Completed
ORD_4741,CUST_1473,2025-01-01,Premium Box,Instagram,92.21,62.69,Completed
ORD_4742,CUST_351,2025-01-08,Fashion,Instagram,480.53,348.71,Completed
ORD_4743,CUST_462,2025-04-27,Gift Card,Instagram,88.03,52.54,Completed
ORD_4744,CUST_1425,2024-09-06,Subscription Box,Referral,684.48,347.9,Completed
ORD_4745,CUST_945,2024-12-19,Fashion,Referral,372.32,191.61,Completed
ORD_4746,CUST_1229,2024-10-30,Subscription Box,TikTok,210.81,83.11,Completed
ORD_4747,CUST_169,2024-11-04,Subscription Box,Instagram,173.32,104.73,Refunded
ORD_4748,CUST_1266,2024-05-23,Subscription Box,Event Walk-in,250.24,122.77,Completed
ORD_4749,CUST_34,2025-01-15,Accessories,Instagram,530.99,322.76,Completed
ORD_4750,CUST_1016,2024-10-03,Limited Collection,TikTok,305.56,201.12,Completed
ORD_4751,CUST_160,2025-06-22,Beauty,Instagram,149.64,104.58,Completed
ORD_4752,CUST_541,2024-04-10,Subscription Box,Google Search,427.52,165.34,Completed
ORD_4753,CUST_848,2024-10-18,Limited Collection,Instagram,18.09,11.93,Completed
ORD_4754,CUST_110,2024-10-03,Beauty,Instagram,480.84,350.08,Completed
ORD_4755,CUST_148,2025-06-09,Beauty,Partnership,422.09,202.21,Completed
ORD_4756,CUST_1151,2024-12-09,Gift Card,Event Walk-in,119.05,43.13,Completed
ORD_4757,CUST_318,2025-04-15,Subscription Box,Referral,155.15,86.32,Completed
ORD_4758,CUST_153,2025-03-24,Limited Collection,Event Walk-in,677.09,446.59,Completed
ORD_4759,CUST_185,2025-02-24,Gift Card,Referral,358.75,219.54,Completed
ORD_4760,CUST_410,2024-10-11,Limited Collection,Event Walk-in,595.9,330.28,Refunded
ORD_4761,CUST_1316,2024-12-15,Fashion,Google Search,237.68,124.15,Completed
ORD_4762,CUST_611,2024-11-07,Premium Box,TikTok,637.35,419.36,Completed
ORD_4763,CUST_1483,2025-01-23,Gift Card,Partnership,593.22,431.77,Completed
ORD_4764,CUST_1182,2025-03-20,Beauty,Partnership,532.2,397.55,Completed
ORD_4765,CUST_986,2024-06-21,Limited Collection,Partnership,192.35,94.47,Completed
ORD_4766,CUST_327,2024-03-06,Fashion,LinkedIn,607.79,378.77,Cancelled
ORD_4767,CUST_117,2024-12-10,Gift Card,Event Walk-in,57.4,29.94,Completed
ORD_4768,CUST_348,2024-06-13,Accessories,Event Walk-in,176.74,76.31,Completed
ORD_4769,CUST_97,2024-04-17,Fashion,Referral,424.06,245.92,Refunded
ORD_4770,CUST_355,2025-05-31,Limited Collection,Partnership,445.98,283.02,Completed
ORD_4771,CUST_1011,2024-10-16,Premium Box,Referral,116.52,49.25,Completed
ORD_4772,CUST_1463,2024-04-17,Fashion,Partnership,138.78,93.25,Completed
ORD_4773,CUST_1443,2025-01-20,Accessories,Referral,332.44,117.3,Completed
ORD_4774,CUST_84,2025-01-12,Premium Box,Referral,158.2,57.39,Completed
ORD_4775,CUST_1071,2025-03-12,Subscription Box,TikTok,414.62,206.96,Completed
ORD_4776,CUST_1355,2024-02-19,Gift Card,LinkedIn,265.44,149.91,Completed
ORD_4777,CUST_979,2024-07-16,Beauty,Referral,277.43,138.46,Completed
ORD_4778,CUST_1084,2024-02-11,Fashion,TikTok,165.75,101.8,Completed
ORD_4779,CUST_948,2024-10-29,Fashion,Event Walk-in,532.72,243.03,Completed
ORD_4780,CUST_795,2025-01-08,Subscription Box,TikTok,513.32,332.61,Cancelled
ORD_4781,CUST_1341,2024-12-03,Gift Card,Instagram,558.24,392.84,Completed
ORD_4782,CUST_1235,2024-10-19,Subscription Box,Instagram,126.07,69.51,Completed
ORD_4783,CUST_24,2025-02-03,Gift Card,Partnership,689.31,243.72,Refunded
ORD_4784,CUST_226,2024-08-03,Accessories,Referral,72.97,30.8,Completed
ORD_4785,CUST_1315,2024-05-29,Gift Card,Google Search,485.74,250.69,Completed
ORD_4786,CUST_858,2025-01-27,Subscription Box,Instagram,463.19,175.85,Completed
ORD_4787,CUST_167,2025-04-30,Subscription Box,Instagram,241.41,130.17,Completed
ORD_4788,CUST_1225,2024-04-13,Gift Card,Event Walk-in,669.66,384.04,Completed
ORD_4789,CUST_429,2025-03-09,Subscription Box,Event Walk-in,660.84,233.68,Completed
ORD_4790,CUST_121,2025-02-06,Subscription Box,Instagram,177.25,77.18,Completed
ORD_4791,CUST_418,2025-04-19,Premium Box,Event Walk-in,664.84,423.07,Completed
ORD_4792,CUST_890,2025-02-10,Beauty,Event Walk-in,647.56,342.61,Completed
ORD_4793,CUST_1104,2025-01-01,Accessories,Referral,500.76,322.07,Completed
ORD_4794,CUST_26,2024-04-27,Premium Box,Referral,243.17,131.1,Completed
ORD_4795,CUST_366,2024-02-27,Premium Box,TikTok,188.93,113.57,Completed
ORD_4796,CUST_115,2025-02-22,Premium Box,Instagram,76.15,49.87,Completed
ORD_4797,CUST_1132,2024-08-18,Limited Collection,Google Search,649.86,294.43,Refunded
ORD_4798,CUST_860,2024-07-07,Accessories,TikTok,236.27,94.1,Refunded
ORD_4799,CUST_98,2025-02-20,Beauty,Partnership,543.16,317.93,Completed
ORD_4800,CUST_414,2024-10-17,Beauty,LinkedIn,116.24,63.62,Completed
ORD_4801,CUST_143,2024-06-25,Limited Collection,Google Search,599.94,347.9,Refunded
ORD_4802,CUST_856,2024-03-26,Accessories,Google Search,544.97,355.71,Completed
ORD_4803,CUST_995,2025-06-23,Beauty,TikTok,120.17,73.6,Cancelled
ORD_4804,CUST_955,2024-10-18,Premium Box,Event Walk-in,514.71,312.7,Completed
ORD_4805,CUST_1310,2024-10-23,Fashion,Event Walk-in,337.21,170.58,Completed
ORD_4806,CUST_1482,2024-08-08,Beauty,Instagram,384.33,230.51,Completed
ORD_4807,CUST_1467,2025-02-28,Gift Card,LinkedIn,446.49,273.7,Refunded
ORD_4808,CUST_1158,2024-04-28,Fashion,LinkedIn,235.44,149.44,Cancelled
ORD_4809,CUST_1266,2025-03-11,Premium Box,Event Walk-in,276.84,147.68,Completed
ORD_4810,CUST_1308,2024-02-16,Accessories,LinkedIn,457.06,334.19,Completed
ORD_4811,CUST_756,2024-12-08,Fashion,Referral,645.06,305.41,Completed
ORD_4812,CUST_659,2024-04-12,Premium Box,TikTok,484.88,347.96,Completed
ORD_4813,CUST_561,2025-01-06,Accessories,Google Search,292.32,200.35,Completed
ORD_4814,CUST_326,2024-02-26,Gift Card,Partnership,630.2,259.88,Completed
ORD_4815,CUST_95,2024-04-21,Limited Collection,Referral,638.57,379.9,Completed
ORD_4816,CUST_114,2025-01-26,Accessories,Event Walk-in,167.61,97.12,Completed
ORD_4817,CUST_923,2025-05-20,Premium Box,Partnership,357.15,253.35,Completed
ORD_4818,CUST_1455,2025-06-19,Gift Card,Referral,612.21,222.77,Cancelled
ORD_4819,CUST_299,2025-04-07,Premium Box,Instagram,174.22,108.8,Completed
ORD_4820,CUST_1258,2024-01-27,Beauty,Instagram,608.97,347.46,Refunded
ORD_4821,CUST_1247,2024-07-26,Gift Card,TikTok,431.58,163.26,Completed
ORD_4822,CUST_891,2024-10-16,Beauty,Referral,651.73,296.05,Completed
ORD_4823,CUST_122,2025-03-17,Premium Box,Instagram,196.07,130.02,Completed
ORD_4824,CUST_1118,2025-05-26,Fashion,Referral,698.3,443.16,Refunded
ORD_4825,CUST_841,2024-05-25,Fashion,Partnership,550.96,348.06,Completed
ORD_4826,CUST_409,2025-02-23,Premium Box,Event Walk-in,682.66,460.86,Completed
ORD_4827,CUST_1164,2024-12-10,Premium Box,TikTok,474.21,231.67,Completed
ORD_4828,CUST_1428,2024-08-25,Limited Collection,TikTok,679.26,356.16,Completed
ORD_4829,CUST_756,2024-02-15,Premium Box,Referral,35.83,16.09,Refunded
ORD_4830,CUST_1275,2025-05-24,Gift Card,Partnership,204.01,122.36,Completed
ORD_4831,CUST_719,2024-06-16,Subscription Box,Event Walk-in,422.54,196.62,Completed
ORD_4832,CUST_1254,2025-02-27,Accessories,Partnership,456.99,281.83,Completed
ORD_4833,CUST_268,2025-02-26,Fashion,TikTok,467.89,232.4,Refunded
ORD_4834,CUST_996,2025-04-15,Gift Card,Event Walk-in,226.9,134.1,Completed
ORD_4835,CUST_682,2024-12-27,Gift Card,Referral,63.32,35.06,Completed
ORD_4836,CUST_461,2025-04-25,Gift Card,Partnership,162.15,86.62,Completed
ORD_4837,CUST_402,2024-09-18,Fashion,Event Walk-in,209.24,143.81,Refunded
ORD_4838,CUST_853,2024-06-10,Premium Box,TikTok,108.19,52.97,Completed
ORD_4839,CUST_6,2024-05-10,Subscription Box,LinkedIn,224.39,81.09,Completed
ORD_4840,CUST_716,2024-09-18,Subscription Box,Instagram,414.38,286.83,Refunded
ORD_4841,CUST_1394,2025-04-04,Beauty,Instagram,294.99,219.73,Completed
ORD_4842,CUST_1293,2024-09-25,Limited Collection,Event Walk-in,241.6,160.58,Cancelled
ORD_4843,CUST_637,2025-04-11,Premium Box,TikTok,680.9,337.12,Completed
ORD_4844,CUST_110,2024-07-07,Premium Box,Instagram,510.24,299.53,Completed
ORD_4845,CUST_76,2025-06-21,Gift Card,Partnership,525.01,264.77,Completed
ORD_4846,CUST_1483,2024-12-14,Gift Card,Partnership,458.05,170.24,Completed
ORD_4847,CUST_1392,2024-03-13,Limited Collection,LinkedIn,623.58,435.57,Completed
ORD_4848,CUST_341,2025-06-15,Gift Card,Event Walk-in,339.08,230.77,Completed
ORD_4849,CUST_249,2025-05-17,Fashion,Event Walk-in,351.13,179.45,Completed
ORD_4850,CUST_453,2024-09-01,Gift Card,Instagram,65.76,31.58,Completed
ORD_4851,CUST_301,2025-02-07,Subscription Box,TikTok,545.52,330.21,Completed
ORD_4852,CUST_1062,2025-05-09,Fashion,Instagram,390.77,218.68,Completed
ORD_4853,CUST_1152,2024-09-11,Gift Card,Google Search,268.48,158.11,Cancelled
ORD_4854,CUST_338,2024-02-11,Limited Collection,Instagram,240.52,161.87,Completed
ORD_4855,CUST_1433,2024-03-29,Limited Collection,Google Search,627.17,371.07,Completed
ORD_4856,CUST_918,2025-01-29,Fashion,TikTok,679.81,266.36,Completed
ORD_4857,CUST_448,2025-02-16,Gift Card,Referral,682.94,342.61,Completed
ORD_4858,CUST_531,2025-01-07,Premium Box,Partnership,412.37,245.42,Completed
ORD_4859,CUST_1019,2024-03-29,Fashion,TikTok,441.0,213.15,Completed
ORD_4860,CUST_389,2024-07-17,Fashion,Google Search,271.16,95.03,Refunded
ORD_4861,CUST_281,2025-03-27,Subscription Box,Referral,261.66,99.54,Completed
ORD_4862,CUST_699,2025-01-29,Beauty,Google Search,364.04,206.77,Completed
ORD_4863,CUST_1467,2024-01-29,Accessories,LinkedIn,621.1,427.78,Completed
ORD_4864,CUST_179,2024-10-30,Subscription Box,LinkedIn,611.51,397.77,Completed
ORD_4865,CUST_926,2025-02-02,Fashion,Instagram,409.91,263.38,Completed
ORD_4866,CUST_399,2024-04-10,Beauty,Referral,644.69,390.54,Completed
ORD_4867,CUST_437,2025-02-10,Beauty,LinkedIn,672.9,498.25,Completed
ORD_4868,CUST_88,2025-06-22,Accessories,TikTok,256.0,129.3,Completed
ORD_4869,CUST_390,2025-03-05,Fashion,Partnership,256.28,188.77,Completed
ORD_4870,CUST_573,2024-01-14,Accessories,Referral,103.81,77.73,Completed
ORD_4871,CUST_845,2024-01-21,Limited Collection,Google Search,170.46,92.15,Completed
ORD_4872,CUST_650,2024-01-07,Accessories,Instagram,389.65,223.5,Completed
ORD_4873,CUST_256,2025-05-04,Accessories,Referral,352.43,124.16,Cancelled
ORD_4874,CUST_243,2025-06-19,Gift Card,Instagram,494.81,306.98,Completed
ORD_4875,CUST_637,2025-01-03,Limited Collection,TikTok,91.28,48.17,Completed
ORD_4876,CUST_701,2024-09-16,Subscription Box,Referral,218.84,131.96,Completed
ORD_4877,CUST_301,2024-02-24,Beauty,TikTok,647.27,361.22,Completed
ORD_4878,CUST_1144,2024-09-06,Limited Collection,LinkedIn,503.52,199.08,Completed
ORD_4879,CUST_716,2024-08-08,Limited Collection,Instagram,683.91,250.66,Completed
ORD_4880,CUST_243,2024-05-25,Premium Box,Instagram,266.13,183.97,Completed
ORD_4881,CUST_987,2024-08-23,Accessories,Event Walk-in,188.83,80.19,Completed
ORD_4882,CUST_1109,2024-09-26,Gift Card,Google Search,584.05,411.18,Completed
ORD_4883,CUST_695,2024-01-24,Accessories,LinkedIn,236.18,147.95,Refunded
ORD_4884,CUST_805,2025-03-24,Subscription Box,Event Walk-in,177.75,128.86,Completed
ORD_4885,CUST_1356,2024-03-04,Fashion,Instagram,43.33,19.19,Completed
ORD_4886,CUST_914,2024-11-26,Beauty,TikTok,471.1,337.5,Completed
ORD_4887,CUST_219,2024-10-10,Gift Card,Event Walk-in,665.6,386.99,Completed
ORD_4888,CUST_780,2025-03-31,Gift Card,LinkedIn,62.13,27.68,Completed
ORD_4889,CUST_1260,2024-10-29,Accessories,Referral,459.12,162.57,Completed
ORD_4890,CUST_50,2025-02-15,Premium Box,Referral,280.77,194.59,Completed
ORD_4891,CUST_82,2024-08-07,Fashion,TikTok,107.96,59.33,Completed
ORD_4892,CUST_850,2024-05-21,Limited Collection,Partnership,142.13,55.82,Refunded
ORD_4893,CUST_1304,2025-02-25,Beauty,TikTok,557.38,260.66,Completed
ORD_4894,CUST_1255,2025-03-21,Beauty,Partnership,612.54,445.15,Refunded
ORD_4895,CUST_1141,2025-04-16,Beauty,LinkedIn,103.91,71.01,Completed
ORD_4896,CUST_1498,2024-07-22,Subscription Box,Referral,336.63,237.22,Completed
ORD_4897,CUST_1173,2024-12-26,Premium Box,Google Search,383.86,279.31,Completed
ORD_4898,CUST_407,2024-09-12,Premium Box,Instagram,254.83,95.59,Completed
ORD_4899,CUST_1206,2024-12-07,Premium Box,LinkedIn,475.81,297.11,Completed
ORD_4900,CUST_433,2024-03-02,Subscription Box,Instagram,692.95,268.79,Completed
ORD_4901,CUST_379,2024-02-04,Subscription Box,Google Search,410.56,276.79,Completed
ORD_4902,CUST_784,2024-10-03,Beauty,Google Search,399.67,204.28,Completed
ORD_4903,CUST_474,2025-03-14,Beauty,Referral,223.32,98.59,Completed
ORD_4904,CUST_701,2024-07-24,Gift Card,Referral,408.96,181.42,Completed
ORD_4905,CUST_1152,2024-07-07,Fashion,Google Search,107.26,57.71,Refunded
ORD_4906,CUST_314,2024-09-25,Subscription Box,Instagram,506.97,253.97,Completed
ORD_4907,CUST_157,2025-01-13,Premium Box,Instagram,653.74,452.02,Completed
ORD_4908,CUST_1052,2024-06-26,Fashion,Partnership,207.44,114.04,Refunded
ORD_4909,CUST_486,2024-11-26,Premium Box,TikTok,361.81,191.03,Completed
ORD_4910,CUST_1233,2024-05-11,Subscription Box,LinkedIn,284.59,186.87,Completed
ORD_4911,CUST_497,2025-03-11,Fashion,Instagram,414.57,155.59,Completed
ORD_4912,CUST_281,2024-07-10,Limited Collection,Referral,626.63,300.51,Completed
ORD_4913,CUST_1464,2024-05-16,Subscription Box,Event Walk-in,421.47,188.87,Completed
ORD_4914,CUST_1112,2025-06-07,Premium Box,TikTok,374.64,199.52,Completed
ORD_4915,CUST_785,2024-09-15,Accessories,TikTok,311.93,169.07,Completed
ORD_4916,CUST_1124,2024-12-01,Subscription Box,Partnership,681.08,483.68,Completed
ORD_4917,CUST_73,2024-05-02,Gift Card,Partnership,642.57,438.07,Completed
ORD_4918,CUST_358,2025-04-26,Premium Box,Event Walk-in,62.88,47.14,Completed
ORD_4919,CUST_745,2024-02-26,Premium Box,Partnership,665.62,311.72,Completed
ORD_4920,CUST_727,2025-01-29,Fashion,Event Walk-in,244.25,86.93,Completed
ORD_4921,CUST_1041,2025-03-22,Premium Box,Referral,550.18,263.97,Completed
ORD_4922,CUST_497,2024-08-21,Gift Card,Instagram,288.62,197.46,Refunded
ORD_4923,CUST_693,2024-08-19,Accessories,TikTok,457.27,180.35,Completed
ORD_4924,CUST_530,2025-05-19,Fashion,Referral,477.11,245.57,Completed
ORD_4925,CUST_801,2024-04-25,Subscription Box,Event Walk-in,573.52,403.16,Completed
ORD_4926,CUST_1198,2025-03-11,Beauty,Google Search,148.17,94.43,Completed
ORD_4927,CUST_1201,2024-01-20,Premium Box,Partnership,167.1,59.18,Completed
ORD_4928,CUST_1471,2024-03-24,Fashion,Instagram,39.78,20.3,Completed
ORD_4929,CUST_600,2024-03-21,Subscription Box,TikTok,546.14,235.53,Completed
ORD_4930,CUST_281,2024-06-16,Beauty,Referral,123.83,79.97,Completed
ORD_4931,CUST_750,2024-07-13,Fashion,Instagram,288.41,125.93,Completed
ORD_4932,CUST_278,2025-02-12,Premium Box,TikTok,516.69,250.0,Completed
ORD_4933,CUST_727,2025-05-30,Accessories,Event Walk-in,147.3,58.78,Completed
ORD_4934,CUST_287,2024-02-10,Limited Collection,LinkedIn,594.0,298.24,Completed
ORD_4935,CUST_280,2024-02-13,Beauty,LinkedIn,268.18,115.37,Completed
ORD_4936,CUST_1100,2024-07-31,Gift Card,Google Search,137.42,100.18,Completed
ORD_4937,CUST_1097,2024-05-11,Fashion,LinkedIn,652.97,310.07,Completed
ORD_4938,CUST_1350,2025-06-03,Gift Card,Event Walk-in,670.54,383.15,Completed
ORD_4939,CUST_614,2025-06-23,Gift Card,Google Search,80.62,44.69,Completed
ORD_4940,CUST_248,2024-05-19,Accessories,Instagram,197.57,105.9,Refunded
ORD_4941,CUST_68,2024-12-04,Subscription Box,Partnership,54.81,31.43,Cancelled
ORD_4942,CUST_1240,2024-04-12,Gift Card,Instagram,574.14,255.39,Completed
ORD_4943,CUST_855,2025-03-17,Limited Collection,Google Search,459.79,235.37,Completed
ORD_4944,CUST_576,2024-08-16,Limited Collection,Event Walk-in,292.18,173.85,Completed
ORD_4945,CUST_730,2024-03-07,Accessories,Instagram,267.57,105.6,Completed
ORD_4946,CUST_955,2025-01-21,Premium Box,Event Walk-in,343.82,205.55,Completed
ORD_4947,CUST_1360,2025-06-24,Premium Box,TikTok,355.67,138.73,Completed
ORD_4948,CUST_578,2024-09-27,Premium Box,LinkedIn,343.07,217.76,Completed
ORD_4949,CUST_238,2025-05-09,Premium Box,Partnership,33.89,23.2,Refunded
ORD_4950,CUST_1446,2025-02-12,Limited Collection,TikTok,487.59,321.25,Completed
ORD_4951,CUST_1290,2024-07-31,Fashion,Partnership,174.26,102.35,Cancelled
ORD_4952,CUST_1447,2025-05-14,Beauty,Instagram,487.43,286.45,Completed
ORD_4953,CUST_409,2024-09-02,Limited Collection,Event Walk-in,631.73,404.76,Cancelled
ORD_4954,CUST_605,2025-05-20,Accessories,TikTok,657.91,265.98,Completed
ORD_4955,CUST_987,2024-10-02,Beauty,Event Walk-in,496.5,224.07,Completed
ORD_4956,CUST_1438,2024-12-15,Fashion,LinkedIn,129.34,66.19,Completed
ORD_4957,CUST_763,2024-06-20,Accessories,Referral,642.73,441.81,Completed
ORD_4958,CUST_361,2024-02-01,Accessories,Partnership,611.29,264.97,Completed
ORD_4959,CUST_1279,2024-12-11,Subscription Box,TikTok,511.66,363.48,Completed
ORD_4960,CUST_1115,2024-06-16,Limited Collection,Referral,508.27,292.16,Completed
ORD_4961,CUST_954,2025-06-08,Limited Collection,Referral,437.68,274.37,Cancelled
ORD_4962,CUST_1477,2024-09-17,Beauty,Referral,351.07,220.99,Completed
ORD_4963,CUST_260,2024-09-29,Beauty,Event Walk-in,474.74,291.41,Refunded
ORD_4964,CUST_286,2024-02-15,Accessories,Google Search,615.8,322.47,Completed
ORD_4965,CUST_1250,2025-04-11,Subscription Box,Instagram,56.88,39.78,Completed
ORD_4966,CUST_197,2024-09-27,Gift Card,Partnership,294.42,136.49,Completed
ORD_4967,CUST_250,2025-06-07,Beauty,Google Search,569.47,242.43,Completed
ORD_4968,CUST_816,2024-05-02,Limited Collection,Referral,145.34,96.31,Completed
ORD_4969,CUST_565,2025-03-11,Subscription Box,Event Walk-in,674.3,291.69,Completed
ORD_4970,CUST_444,2024-01-30,Subscription Box,Referral,172.43,64.68,Completed
ORD_4971,CUST_1231,2025-01-11,Subscription Box,Partnership,591.4,421.09,Completed
ORD_4972,CUST_401,2024-08-13,Limited Collection,LinkedIn,339.48,225.78,Completed
ORD_4973,CUST_62,2025-01-04,Subscription Box,TikTok,507.69,301.39,Completed
ORD_4974,CUST_1339,2025-03-09,Subscription Box,Partnership,622.35,289.68,Completed
ORD_4975,CUST_261,2024-01-30,Subscription Box,Partnership,524.64,288.32,Completed
ORD_4976,CUST_349,2024-09-15,Beauty,Referral,550.74,274.27,Completed
ORD_4977,CUST_1367,2025-06-11,Beauty,Event Walk-in,402.23,242.3,Completed
ORD_4978,CUST_208,2025-02-25,Subscription Box,LinkedIn,50.23,20.1,Cancelled
ORD_4979,CUST_583,2024-10-25,Gift Card,Instagram,290.01,197.72,Completed
ORD_4980,CUST_714,2025-06-22,Gift Card,Instagram,584.8,339.66,Completed
ORD_4981,CUST_1485,2024-11-03,Gift Card,TikTok,119.37,65.42,Completed
ORD_4982,CUST_1202,2024-08-09,Subscription Box,Event Walk-in,189.37,86.57,Completed
ORD_4983,CUST_1169,2024-01-09,Gift Card,LinkedIn,525.5,227.0,Completed
ORD_4984,CUST_1442,2025-02-24,Beauty,Partnership,45.31,25.19,Completed
ORD_4985,CUST_1202,2024-03-22,Gift Card,Event Walk-in,28.07,19.96,Completed
ORD_4986,CUST_633,2025-05-29,Fashion,LinkedIn,111.84,78.48,Completed
ORD_4987,CUST_730,2025-03-30,Gift Card,Instagram,692.64,380.62,Completed
ORD_4988,CUST_775,2024-03-04,Accessories,Partnership,655.41,455.47,Completed
ORD_4989,CUST_1051,2024-11-13,Accessories,TikTok,377.23,209.77,Completed
ORD_4990,CUST_1223,2024-05-14,Limited Collection,Instagram,523.77,362.57,Completed
ORD_4991,CUST_1407,2025-06-11,Beauty,Instagram,174.84,64.24,Refunded
ORD_4992,CUST_950,2024-04-20,Accessories,Partnership,123.44,75.97,Completed
ORD_4993,CUST_1238,2025-04-03,Accessories,Google Search,26.32,18.98,Completed
ORD_4994,CUST_305,2024-06-26,Fashion,LinkedIn,674.64,405.26,Completed
ORD_4995,CUST_978,2024-07-26,Fashion,LinkedIn,281.27,139.33,Completed
ORD_4996,CUST_126,2024-02-10,Accessories,Instagram,258.89,143.06,Completed
ORD_4997,CUST_949,2025-05-07,Premium Box,TikTok,73.99,31.92,Completed
ORD_4998,CUST_130,2025-02-13,Subscription Box,TikTok,123.33,53.19,Completed
ORD_4999,CUST_482,2024-09-20,Subscription Box,Referral,606.43,246.74,Completed
ORD_5000,CUST_1022,2024-10-13,Subscription Box,Partnership,507.5,241.71,Completed
ORD_5001,CUST_26,2024-11-26,Gift Card,Referral,133.29,58.87,Completed
ORD_5002,CUST_279,2024-09-23,Fashion,Google Search,591.55,313.54,Completed
ORD_5003,CUST_1145,2025-04-08,Subscription Box,Partnership,616.95,256.01,Completed
ORD_5004,CUST_281,2024-05-01,Fashion,Referral,629.01,316.74,Completed
ORD_5005,CUST_1461,2025-02-25,Beauty,TikTok,503.37,264.54,Refunded
ORD_5006,CUST_1214,2025-02-25,Beauty,LinkedIn,600.29,395.98,Completed
ORD_5007,CUST_934,2025-03-09,Beauty,Partnership,498.69,187.48,Refunded
ORD_5008,CUST_609,2024-02-02,Beauty,Instagram,278.84,181.88,Refunded
ORD_5009,CUST_485,2024-12-14,Subscription Box,TikTok,113.06,66.94,Completed
ORD_5010,CUST_268,2025-05-19,Limited Collection,TikTok,372.12,153.45,Completed
ORD_5011,CUST_138,2024-12-11,Subscription Box,LinkedIn,86.4,35.35,Completed
ORD_5012,CUST_361,2025-05-07,Limited Collection,Partnership,695.62,428.5,Completed
ORD_5013,CUST_827,2025-02-04,Premium Box,Google Search,264.98,124.39,Refunded
ORD_5014,CUST_1050,2025-03-12,Subscription Box,Partnership,147.34,103.24,Completed
ORD_5015,CUST_1496,2024-08-12,Beauty,LinkedIn,685.44,423.18,Refunded
ORD_5016,CUST_293,2024-04-23,Gift Card,Referral,403.6,173.02,Completed
ORD_5017,CUST_1375,2024-06-19,Accessories,Event Walk-in,470.51,238.64,Completed
ORD_5018,CUST_934,2025-03-15,Fashion,Partnership,157.95,64.42,Completed
ORD_5019,CUST_200,2024-10-08,Premium Box,LinkedIn,286.52,141.35,Completed
ORD_5020,CUST_139,2025-06-03,Subscription Box,Partnership,172.69,93.12,Refunded
ORD_5021,CUST_226,2024-09-28,Gift Card,Referral,628.91,469.46,Completed
ORD_5022,CUST_34,2024-12-22,Fashion,Instagram,670.77,485.0,Completed
ORD_5023,CUST_237,2025-02-24,Limited Collection,LinkedIn,94.53,43.94,Completed
ORD_5024,CUST_311,2024-06-11,Premium Box,Event Walk-in,234.74,157.43,Completed
ORD_5025,CUST_967,2024-05-24,Subscription Box,Partnership,484.59,238.28,Completed
ORD_5026,CUST_866,2025-06-29,Limited Collection,Event Walk-in,404.79,250.01,Completed
ORD_5027,CUST_1111,2025-06-07,Beauty,LinkedIn,205.31,88.97,Refunded
ORD_5028,CUST_1211,2025-05-11,Fashion,LinkedIn,619.92,425.15,Completed
ORD_5029,CUST_175,2025-03-04,Fashion,Partnership,140.08,70.72,Cancelled
ORD_5030,CUST_318,2024-07-21,Beauty,Referral,331.21,210.53,Completed
ORD_5031,CUST_1234,2025-06-05,Fashion,Referral,144.96,108.02,Completed
ORD_5032,CUST_692,2024-09-08,Beauty,LinkedIn,576.46,424.37,Refunded
ORD_5033,CUST_1347,2024-07-06,Beauty,Instagram,424.48,238.24,Completed
ORD_5034,CUST_581,2025-05-16,Accessories,LinkedIn,393.42,157.98,Cancelled
ORD_5035,CUST_1129,2024-04-10,Fashion,Partnership,356.63,165.15,Completed
ORD_5036,CUST_138,2024-12-18,Limited Collection,LinkedIn,600.35,326.36,Completed
ORD_5037,CUST_947,2025-04-01,Fashion,TikTok,126.26,60.17,Completed
ORD_5038,CUST_938,2024-03-13,Fashion,Google Search,693.84,427.81,Completed
ORD_5039,CUST_1172,2025-03-28,Premium Box,Partnership,357.46,255.9,Completed
ORD_5040,CUST_1135,2024-05-02,Premium Box,Partnership,163.2,98.39,Completed
ORD_5041,CUST_533,2024-11-19,Limited Collection,Partnership,261.8,131.43,Cancelled
ORD_5042,CUST_504,2025-06-20,Fashion,Event Walk-in,252.7,125.07,Completed
ORD_5043,CUST_1225,2025-02-15,Beauty,Event Walk-in,441.8,157.92,Completed
ORD_5044,CUST_1491,2025-04-20,Limited Collection,Google Search,317.08,120.69,Completed
ORD_5045,CUST_105,2024-04-23,Fashion,Partnership,437.37,194.27,Completed
ORD_5046,CUST_70,2024-03-08,Limited Collection,Partnership,55.09,31.81,Completed
ORD_5047,CUST_1104,2024-08-24,Gift Card,Referral,158.23,57.83,Completed
ORD_5048,CUST_1232,2024-10-01,Fashion,Google Search,371.35,163.81,Completed
ORD_5049,CUST_1488,2025-03-20,Gift Card,TikTok,146.15,105.65,Completed
ORD_5050,CUST_227,2024-02-16,Gift Card,TikTok,444.62,275.58,Completed
ORD_5051,CUST_352,2024-08-18,Accessories,Instagram,446.69,284.18,Completed
ORD_5052,CUST_1229,2025-04-20,Accessories,TikTok,664.79,271.16,Completed
ORD_5053,CUST_910,2024-08-05,Accessories,Google Search,699.33,276.89,Completed
ORD_5054,CUST_337,2024-03-03,Subscription Box,Event Walk-in,86.03,46.38,Refunded
ORD_5055,CUST_146,2025-06-05,Subscription Box,Referral,328.22,150.83,Completed
ORD_5056,CUST_653,2024-10-24,Beauty,Google Search,422.53,239.96,Completed
ORD_5057,CUST_1128,2024-11-02,Limited Collection,Partnership,464.77,212.96,Completed
ORD_5058,CUST_264,2024-09-14,Limited Collection,TikTok,422.65,180.88,Completed
ORD_5059,CUST_1282,2025-05-22,Premium Box,Event Walk-in,308.82,188.3,Refunded
ORD_5060,CUST_1183,2024-12-13,Premium Box,Partnership,659.38,419.49,Completed
ORD_5061,CUST_1372,2024-08-20,Subscription Box,Instagram,281.02,112.02,Completed
ORD_5062,CUST_1266,2025-02-22,Limited Collection,Event Walk-in,483.35,256.83,Completed
ORD_5063,CUST_274,2024-11-15,Accessories,TikTok,682.92,324.19,Cancelled
ORD_5064,CUST_387,2024-08-05,Subscription Box,TikTok,180.9,64.34,Completed
ORD_5065,CUST_894,2024-05-13,Gift Card,Event Walk-in,170.34,63.89,Completed
ORD_5066,CUST_1287,2024-03-30,Subscription Box,Google Search,332.64,116.89,Cancelled
ORD_5067,CUST_147,2024-07-23,Gift Card,Google Search,347.2,227.01,Refunded
ORD_5068,CUST_1108,2025-05-15,Beauty,Referral,419.77,289.07,Completed
ORD_5069,CUST_597,2024-06-26,Premium Box,LinkedIn,135.83,54.75,Completed
ORD_5070,CUST_1167,2024-02-23,Limited Collection,TikTok,578.63,392.64,Completed
ORD_5071,CUST_804,2024-11-02,Accessories,Google Search,67.48,44.6,Completed
ORD_5072,CUST_194,2024-03-02,Subscription Box,LinkedIn,569.77,408.36,Cancelled
ORD_5073,CUST_1163,2024-01-25,Limited Collection,Event Walk-in,443.46,270.67,Completed
ORD_5074,CUST_1263,2025-04-23,Beauty,Partnership,23.76,12.51,Completed
ORD_5075,CUST_1457,2024-04-21,Limited Collection,TikTok,395.26,197.98,Cancelled
ORD_5076,CUST_851,2024-04-05,Accessories,Google Search,218.87,102.87,Completed
ORD_5077,CUST_130,2025-06-03,Premium Box,TikTok,614.74,396.15,Completed
ORD_5078,CUST_674,2024-09-20,Gift Card,Partnership,535.08,380.38,Completed
ORD_5079,CUST_219,2025-06-27,Subscription Box,Event Walk-in,487.11,228.98,Completed
ORD_5080,CUST_250,2025-03-19,Fashion,Google Search,596.07,288.9,Completed
ORD_5081,CUST_807,2024-01-13,Subscription Box,LinkedIn,526.66,225.65,Cancelled
ORD_5082,CUST_91,2024-05-31,Gift Card,LinkedIn,129.96,51.8,Refunded
ORD_5083,CUST_173,2025-04-03,Fashion,TikTok,397.29,154.21,Completed
ORD_5084,CUST_1198,2024-02-18,Premium Box,Google Search,602.0,350.91,Completed
ORD_5085,CUST_840,2024-10-19,Premium Box,Google Search,203.54,89.98,Cancelled
ORD_5086,CUST_1076,2025-01-16,Beauty,LinkedIn,259.83,126.1,Refunded
ORD_5087,CUST_570,2024-03-08,Gift Card,Referral,688.49,342.14,Completed
ORD_5088,CUST_362,2024-05-09,Subscription Box,Partnership,522.41,367.1,Completed
ORD_5089,CUST_30,2025-02-19,Beauty,Google Search,386.81,224.27,Completed
ORD_5090,CUST_456,2024-08-12,Premium Box,Instagram,206.96,99.52,Completed
ORD_5091,CUST_1190,2024-06-05,Subscription Box,Partnership,72.71,47.68,Completed
ORD_5092,CUST_1120,2024-06-08,Gift Card,Event Walk-in,86.43,51.92,Cancelled
ORD_5093,CUST_1186,2024-02-08,Premium Box,TikTok,499.39,199.36,Completed
ORD_5094,CUST_680,2024-12-24,Accessories,Event Walk-in,400.04,180.33,Completed
ORD_5095,CUST_728,2025-02-28,Gift Card,Event Walk-in,397.4,180.27,Refunded
ORD_5096,CUST_370,2025-03-06,Subscription Box,Referral,27.12,9.85,Completed
ORD_5097,CUST_517,2024-07-13,Premium Box,Event Walk-in,69.75,37.23,Cancelled
ORD_5098,CUST_1029,2025-03-26,Fashion,Partnership,53.67,25.08,Completed
ORD_5099,CUST_1484,2024-02-22,Limited Collection,Instagram,195.68,117.78,Refunded
ORD_5100,CUST_1023,2025-01-18,Gift Card,TikTok,513.43,213.75,Refunded
ORD_5101,CUST_1189,2025-05-10,Subscription Box,Google Search,566.22,210.44,Cancelled
ORD_5102,CUST_2,2024-08-27,Limited Collection,LinkedIn,454.84,226.4,Refunded
ORD_5103,CUST_704,2024-05-12,Accessories,TikTok,288.14,170.41,Completed
ORD_5104,CUST_920,2025-04-08,Limited Collection,Google Search,198.29,85.73,Completed
ORD_5105,CUST_1260,2024-07-29,Premium Box,Referral,373.17,197.12,Completed
ORD_5106,CUST_98,2024-04-15,Premium Box,Partnership,100.06,74.13,Completed
ORD_5107,CUST_1471,2024-03-14,Subscription Box,Instagram,169.12,66.74,Completed
ORD_5108,CUST_1062,2024-12-24,Subscription Box,Instagram,225.41,126.06,Refunded
ORD_5109,CUST_1213,2025-02-17,Limited Collection,Referral,675.73,239.92,Completed
ORD_5110,CUST_252,2024-03-05,Gift Card,Referral,294.11,188.84,Completed
ORD_5111,CUST_896,2024-03-23,Limited Collection,TikTok,658.7,259.56,Completed
ORD_5112,CUST_1169,2024-12-02,Subscription Box,LinkedIn,423.0,289.56,Completed
ORD_5113,CUST_319,2024-03-31,Accessories,Event Walk-in,620.29,254.89,Completed
ORD_5114,CUST_294,2024-05-02,Limited Collection,LinkedIn,677.98,323.03,Completed
ORD_5115,CUST_1212,2025-03-15,Beauty,Referral,610.99,404.59,Completed
ORD_5116,CUST_1291,2024-07-29,Premium Box,Partnership,392.93,137.7,Completed
ORD_5117,CUST_485,2024-02-28,Limited Collection,TikTok,467.21,240.11,Completed
ORD_5118,CUST_1453,2024-03-10,Limited Collection,Partnership,58.11,32.15,Completed
ORD_5119,CUST_680,2024-03-21,Accessories,Event Walk-in,314.34,211.92,Refunded
ORD_5120,CUST_241,2024-06-30,Subscription Box,Event Walk-in,290.33,114.39,Completed
ORD_5121,CUST_735,2024-02-20,Subscription Box,Instagram,67.34,45.16,Completed
ORD_5122,CUST_375,2025-05-13,Gift Card,LinkedIn,222.47,86.74,Completed
ORD_5123,CUST_1214,2024-10-25,Fashion,LinkedIn,684.84,315.92,Completed
ORD_5124,CUST_520,2024-12-02,Premium Box,Partnership,473.29,166.61,Completed
ORD_5125,CUST_956,2024-02-09,Subscription Box,Instagram,499.45,340.56,Completed
ORD_5126,CUST_1094,2025-03-30,Fashion,Instagram,296.11,201.92,Refunded
ORD_5127,CUST_650,2025-03-02,Fashion,Instagram,519.09,345.79,Refunded
ORD_5128,CUST_124,2024-11-05,Premium Box,TikTok,230.05,167.16,Completed
ORD_5129,CUST_1395,2024-03-25,Fashion,Event Walk-in,221.69,104.22,Completed
ORD_5130,CUST_810,2025-04-15,Gift Card,Referral,616.75,448.38,Completed
ORD_5131,CUST_715,2024-08-10,Premium Box,LinkedIn,255.91,190.94,Completed
ORD_5132,CUST_982,2025-06-02,Beauty,TikTok,436.42,228.44,Completed
ORD_5133,CUST_467,2025-03-09,Beauty,TikTok,151.03,57.93,Refunded
ORD_5134,CUST_875,2024-04-23,Gift Card,TikTok,694.72,342.97,Refunded
ORD_5135,CUST_1087,2024-10-08,Premium Box,Instagram,46.58,27.48,Completed
ORD_5136,CUST_1109,2024-04-05,Beauty,Google Search,663.26,366.93,Completed
ORD_5137,CUST_590,2024-01-19,Gift Card,LinkedIn,66.94,36.28,Completed
ORD_5138,CUST_1090,2025-02-20,Gift Card,TikTok,615.37,331.32,Completed
ORD_5139,CUST_1054,2024-06-09,Limited Collection,TikTok,488.64,176.81,Completed
ORD_5140,CUST_629,2025-02-01,Limited Collection,TikTok,371.52,233.43,Completed
ORD_5141,CUST_780,2024-08-27,Premium Box,LinkedIn,170.73,71.35,Completed
ORD_5142,CUST_1007,2024-04-06,Beauty,TikTok,608.06,418.98,Completed
ORD_5143,CUST_1344,2024-04-14,Accessories,Partnership,305.99,153.86,Completed
ORD_5144,CUST_820,2025-05-26,Premium Box,Partnership,446.58,229.3,Completed
ORD_5145,CUST_1240,2024-05-30,Gift Card,Instagram,137.97,72.85,Completed
ORD_5146,CUST_1268,2025-02-07,Beauty,Instagram,149.68,88.4,Cancelled
ORD_5147,CUST_225,2024-04-22,Fashion,LinkedIn,459.65,164.1,Completed
ORD_5148,CUST_1370,2024-07-25,Fashion,Instagram,598.16,315.41,Completed
ORD_5149,CUST_521,2025-06-17,Limited Collection,Event Walk-in,298.24,197.68,Completed
ORD_5150,CUST_1029,2025-01-08,Limited Collection,Partnership,17.43,11.79,Completed
ORD_5151,CUST_391,2024-12-23,Limited Collection,Instagram,107.69,37.95,Completed
ORD_5152,CUST_1301,2025-03-14,Beauty,Instagram,496.6,346.11,Completed
ORD_5153,CUST_947,2024-10-15,Premium Box,TikTok,699.11,318.52,Completed
ORD_5154,CUST_1462,2025-06-19,Subscription Box,Referral,93.41,58.96,Completed
ORD_5155,CUST_1464,2024-05-24,Accessories,Event Walk-in,184.65,89.31,Completed
ORD_5156,CUST_252,2024-05-07,Limited Collection,Referral,51.38,23.01,Completed
ORD_5157,CUST_1426,2025-06-30,Fashion,Google Search,588.15,352.13,Completed
ORD_5158,CUST_1387,2024-08-06,Limited Collection,Instagram,216.22,132.09,Completed
ORD_5159,CUST_1102,2025-05-18,Beauty,LinkedIn,443.03,287.82,Completed
ORD_5160,CUST_1302,2024-05-13,Limited Collection,Instagram,317.67,191.26,Completed
ORD_5161,CUST_342,2024-08-18,Limited Collection,TikTok,152.21,97.37,Completed
ORD_5162,CUST_1457,2025-04-13,Accessories,TikTok,204.78,106.48,Completed
ORD_5163,CUST_952,2024-07-27,Limited Collection,Referral,159.61,98.78,Completed
ORD_5164,CUST_1173,2025-01-16,Accessories,Google Search,457.3,252.31,Completed
ORD_5165,CUST_266,2024-10-15,Fashion,Partnership,131.3,87.59,Completed
ORD_5166,CUST_163,2024-12-09,Gift Card,TikTok,424.45,244.6,Completed
ORD_5167,CUST_1462,2024-11-26,Accessories,Referral,165.23,93.31,Completed
ORD_5168,CUST_852,2024-10-29,Fashion,Referral,165.96,118.45,Refunded
ORD_5169,CUST_609,2025-03-07,Subscription Box,Instagram,254.22,153.16,Completed
ORD_5170,CUST_119,2025-05-03,Fashion,Event Walk-in,247.19,177.84,Completed
ORD_5171,CUST_590,2024-06-10,Gift Card,LinkedIn,343.53,139.52,Completed
ORD_5172,CUST_1049,2024-04-30,Accessories,Google Search,546.58,376.39,Completed
ORD_5173,CUST_1195,2024-01-13,Gift Card,Referral,604.75,303.97,Completed
ORD_5174,CUST_671,2024-04-10,Premium Box,LinkedIn,301.29,171.56,Completed
ORD_5175,CUST_1210,2025-04-15,Limited Collection,Partnership,124.01,57.46,Completed
ORD_5176,CUST_255,2025-05-22,Subscription Box,Instagram,569.74,417.13,Completed
ORD_5177,CUST_1012,2024-07-27,Gift Card,Instagram,177.87,117.11,Completed
ORD_5178,CUST_223,2024-01-11,Fashion,Referral,521.99,282.67,Completed
ORD_5179,CUST_562,2024-11-16,Subscription Box,Instagram,451.1,308.01,Cancelled
ORD_5180,CUST_106,2024-12-16,Premium Box,Referral,579.12,270.36,Completed
ORD_5181,CUST_1191,2024-05-23,Premium Box,Event Walk-in,392.6,268.42,Refunded
ORD_5182,CUST_888,2024-08-23,Premium Box,LinkedIn,313.05,139.51,Completed
ORD_5183,CUST_1069,2024-07-31,Beauty,Referral,273.39,147.7,Refunded
ORD_5184,CUST_1248,2024-12-19,Beauty,Event Walk-in,248.13,106.71,Completed
ORD_5185,CUST_1168,2024-09-18,Accessories,Referral,312.73,232.34,Completed
ORD_5186,CUST_1246,2025-05-02,Gift Card,Instagram,528.33,190.67,Cancelled
ORD_5187,CUST_1124,2024-06-16,Beauty,Partnership,352.59,137.17,Completed
ORD_5188,CUST_1059,2024-11-18,Fashion,Referral,388.32,165.14,Completed
ORD_5189,CUST_1153,2024-09-04,Premium Box,Referral,118.4,80.65,Completed
ORD_5190,CUST_771,2024-02-17,Fashion,Instagram,574.43,249.73,Completed
ORD_5191,CUST_1435,2024-05-27,Accessories,Google Search,393.7,152.42,Completed
ORD_5192,CUST_6,2025-06-07,Accessories,LinkedIn,40.77,24.95,Completed
ORD_5193,CUST_1331,2024-11-15,Gift Card,Google Search,128.19,77.66,Refunded
ORD_5194,CUST_962,2024-05-17,Limited Collection,Partnership,450.16,286.48,Completed
ORD_5195,CUST_1112,2024-01-18,Limited Collection,TikTok,597.46,318.03,Refunded
ORD_5196,CUST_182,2024-12-29,Beauty,LinkedIn,247.55,150.22,Completed
ORD_5197,CUST_57,2025-04-28,Fashion,Partnership,292.78,136.72,Refunded
ORD_5198,CUST_1067,2024-09-23,Fashion,Event Walk-in,645.06,262.37,Completed
ORD_5199,CUST_177,2025-05-20,Accessories,Instagram,386.69,256.4,Completed
ORD_5200,CUST_603,2025-02-05,Subscription Box,TikTok,418.24,215.18,Completed
ORD_5201,CUST_519,2024-05-13,Premium Box,LinkedIn,563.23,231.82,Completed
ORD_5202,CUST_1185,2025-05-17,Premium Box,Referral,160.67,80.04,Completed
ORD_5203,CUST_673,2024-09-26,Premium Box,Event Walk-in,419.77,160.6,Completed
ORD_5204,CUST_649,2024-12-04,Gift Card,Instagram,71.82,43.38,Refunded
ORD_5205,CUST_1111,2024-09-06,Fashion,LinkedIn,508.77,278.91,Completed
ORD_5206,CUST_332,2024-01-24,Accessories,LinkedIn,443.13,186.02,Completed
ORD_5207,CUST_1123,2025-05-11,Limited Collection,LinkedIn,566.88,352.89,Completed
ORD_5208,CUST_1350,2024-01-27,Accessories,Event Walk-in,294.16,220.59,Completed
ORD_5209,CUST_329,2024-12-01,Subscription Box,Event Walk-in,287.28,119.15,Completed
ORD_5210,CUST_270,2024-10-06,Limited Collection,Partnership,478.99,207.13,Completed
ORD_5211,CUST_614,2024-03-03,Beauty,Google Search,46.46,16.52,Refunded
ORD_5212,CUST_1046,2025-03-05,Gift Card,Partnership,307.72,205.46,Completed
ORD_5213,CUST_1054,2024-06-14,Premium Box,TikTok,174.03,99.68,Cancelled
ORD_5214,CUST_50,2025-01-29,Fashion,Referral,450.65,262.45,Completed
ORD_5215,CUST_672,2025-01-05,Fashion,LinkedIn,140.2,99.94,Completed
ORD_5216,CUST_350,2024-04-11,Premium Box,Google Search,94.78,34.95,Completed
ORD_5217,CUST_1109,2025-01-07,Beauty,Google Search,459.48,308.05,Completed
ORD_5218,CUST_1381,2024-04-08,Premium Box,Instagram,456.13,266.44,Completed
ORD_5219,CUST_852,2024-09-25,Fashion,Referral,350.92,248.88,Completed
ORD_5220,CUST_1232,2025-06-21,Accessories,Google Search,193.02,119.19,Completed
ORD_5221,CUST_447,2025-03-28,Accessories,Event Walk-in,619.55,363.2,Completed
ORD_5222,CUST_1091,2024-03-17,Subscription Box,Event Walk-in,393.73,150.21,Completed
ORD_5223,CUST_1063,2024-04-30,Accessories,Google Search,80.44,48.56,Completed
ORD_5224,CUST_1478,2024-10-24,Accessories,Instagram,69.34,41.15,Refunded
ORD_5225,CUST_1319,2024-03-06,Premium Box,LinkedIn,176.91,127.16,Completed
ORD_5226,CUST_905,2024-09-06,Gift Card,TikTok,100.98,55.1,Completed
ORD_5227,CUST_1407,2025-06-25,Beauty,Instagram,408.04,169.26,Completed
ORD_5228,CUST_332,2024-08-28,Premium Box,LinkedIn,681.12,406.9,Completed
ORD_5229,CUST_1380,2025-04-17,Fashion,Instagram,650.8,400.36,Completed
ORD_5230,CUST_760,2025-04-11,Accessories,LinkedIn,128.99,77.17,Completed
ORD_5231,CUST_683,2025-03-01,Limited Collection,LinkedIn,368.2,243.01,Completed
ORD_5232,CUST_275,2025-05-17,Gift Card,Referral,422.24,227.57,Completed
ORD_5233,CUST_606,2024-04-08,Limited Collection,Instagram,199.68,117.9,Completed
ORD_5234,CUST_585,2025-04-15,Subscription Box,Partnership,284.91,181.52,Completed
ORD_5235,CUST_834,2024-07-17,Fashion,Google Search,599.2,436.98,Completed
ORD_5236,CUST_412,2024-12-15,Gift Card,Event Walk-in,420.7,174.37,Refunded
ORD_5237,CUST_120,2025-04-29,Subscription Box,TikTok,314.86,231.88,Completed
ORD_5238,CUST_233,2024-04-06,Premium Box,Instagram,575.71,379.3,Completed
ORD_5239,CUST_1226,2024-09-15,Fashion,Instagram,266.73,142.23,Completed
ORD_5240,CUST_13,2024-07-20,Subscription Box,TikTok,229.34,149.73,Completed
ORD_5241,CUST_56,2024-07-28,Beauty,Google Search,550.03,207.08,Completed
ORD_5242,CUST_692,2025-02-21,Accessories,LinkedIn,56.27,36.44,Completed
ORD_5243,CUST_1221,2024-01-23,Premium Box,Referral,459.83,318.44,Completed
ORD_5244,CUST_1293,2025-05-14,Beauty,Event Walk-in,43.24,25.31,Completed
ORD_5245,CUST_479,2025-05-28,Beauty,Instagram,644.98,396.06,Completed
ORD_5246,CUST_220,2024-03-27,Limited Collection,Referral,481.21,210.43,Completed
ORD_5247,CUST_487,2024-03-25,Gift Card,Instagram,242.07,86.88,Refunded
ORD_5248,CUST_908,2024-07-04,Subscription Box,TikTok,430.43,250.92,Completed
ORD_5249,CUST_417,2024-06-30,Limited Collection,LinkedIn,553.35,335.5,Completed
ORD_5250,CUST_598,2025-06-07,Gift Card,Partnership,514.5,243.51,Completed
ORD_5251,CUST_151,2025-03-22,Accessories,Referral,220.0,149.84,Completed
ORD_5252,CUST_465,2024-06-06,Subscription Box,Event Walk-in,465.62,294.34,Refunded
ORD_5253,CUST_1247,2024-02-25,Beauty,TikTok,630.08,370.17,Completed
ORD_5254,CUST_458,2024-04-19,Gift Card,Instagram,470.41,235.24,Refunded
ORD_5255,CUST_1110,2024-06-22,Gift Card,TikTok,393.3,190.44,Completed
ORD_5256,CUST_884,2025-06-22,Fashion,Google Search,300.27,222.76,Completed
ORD_5257,CUST_615,2025-03-28,Premium Box,Google Search,576.87,376.68,Completed
ORD_5258,CUST_1284,2024-07-07,Accessories,Event Walk-in,513.26,364.35,Completed
ORD_5259,CUST_87,2024-07-20,Premium Box,Partnership,472.76,198.45,Completed
ORD_5260,CUST_1294,2025-03-01,Limited Collection,TikTok,619.86,404.37,Completed
ORD_5261,CUST_418,2024-08-15,Fashion,Event Walk-in,353.25,156.89,Completed
ORD_5262,CUST_1013,2024-08-13,Beauty,LinkedIn,426.71,176.16,Completed
ORD_5263,CUST_330,2024-05-21,Premium Box,Event Walk-in,59.79,41.18,Completed
ORD_5264,CUST_392,2024-03-11,Gift Card,TikTok,680.79,321.2,Completed
ORD_5265,CUST_1157,2024-04-19,Beauty,Google Search,432.59,276.76,Refunded
ORD_5266,CUST_1120,2024-09-07,Fashion,Event Walk-in,37.38,27.1,Completed
ORD_5267,CUST_1409,2025-06-21,Limited Collection,Instagram,606.6,423.68,Refunded
ORD_5268,CUST_463,2024-03-03,Subscription Box,Event Walk-in,698.48,523.25,Completed
ORD_5269,CUST_838,2024-05-25,Beauty,Partnership,267.43,128.02,Completed
ORD_5270,CUST_1129,2024-09-27,Gift Card,Partnership,574.36,202.92,Completed
ORD_5271,CUST_83,2025-03-01,Accessories,Event Walk-in,323.49,126.55,Refunded
ORD_5272,CUST_194,2024-04-07,Fashion,LinkedIn,290.09,192.8,Completed
ORD_5273,CUST_93,2025-03-29,Subscription Box,TikTok,312.15,143.92,Completed
ORD_5274,CUST_1071,2024-12-06,Beauty,TikTok,189.0,89.96,Refunded
ORD_5275,CUST_332,2024-02-18,Gift Card,LinkedIn,200.1,143.75,Completed
ORD_5276,CUST_768,2024-02-22,Fashion,TikTok,607.48,344.63,Completed
ORD_5277,CUST_666,2024-03-22,Fashion,Instagram,70.82,36.67,Completed
ORD_5278,CUST_1113,2025-04-17,Fashion,Referral,136.73,55.47,Completed
ORD_5279,CUST_1413,2024-01-29,Limited Collection,Event Walk-in,287.5,186.24,Completed
ORD_5280,CUST_149,2024-05-06,Fashion,Partnership,490.24,335.54,Cancelled
ORD_5281,CUST_1209,2024-03-05,Subscription Box,TikTok,229.76,87.63,Refunded
ORD_5282,CUST_1267,2024-11-26,Fashion,Instagram,584.33,396.95,Completed
ORD_5283,CUST_903,2024-11-06,Fashion,Instagram,79.08,57.44,Completed
ORD_5284,CUST_110,2024-06-14,Gift Card,Instagram,420.76,310.29,Refunded
ORD_5285,CUST_707,2024-03-02,Subscription Box,Referral,614.07,245.07,Completed
ORD_5286,CUST_126,2024-06-19,Limited Collection,Instagram,637.24,440.33,Completed
ORD_5287,CUST_425,2024-12-05,Fashion,LinkedIn,595.27,254.17,Cancelled
ORD_5288,CUST_415,2024-07-05,Premium Box,Google Search,483.32,282.72,Completed
ORD_5289,CUST_1065,2024-02-12,Beauty,TikTok,680.45,311.43,Completed
ORD_5290,CUST_207,2025-05-11,Beauty,Event Walk-in,279.87,138.93,Completed
ORD_5291,CUST_1403,2025-03-25,Limited Collection,Referral,637.42,328.36,Completed
ORD_5292,CUST_990,2024-10-18,Limited Collection,Event Walk-in,385.3,253.9,Cancelled
ORD_5293,CUST_989,2025-05-19,Fashion,Partnership,54.66,21.36,Completed
ORD_5294,CUST_1300,2024-02-02,Accessories,Instagram,641.52,472.96,Completed
ORD_5295,CUST_467,2024-11-06,Fashion,TikTok,481.36,293.53,Completed
ORD_5296,CUST_1315,2025-05-28,Subscription Box,Google Search,273.36,156.84,Cancelled
ORD_5297,CUST_570,2025-05-21,Accessories,Referral,74.21,30.14,Completed
ORD_5298,CUST_1357,2024-03-06,Fashion,Google Search,496.86,359.18,Completed
ORD_5299,CUST_320,2024-08-20,Subscription Box,LinkedIn,555.43,405.61,Cancelled
ORD_5300,CUST_720,2024-09-02,Accessories,Instagram,183.21,72.67,Refunded
ORD_5301,CUST_347,2024-03-07,Subscription Box,LinkedIn,354.75,161.11,Completed
ORD_5302,CUST_50,2024-12-09,Beauty,Referral,353.87,245.71,Cancelled
ORD_5303,CUST_1293,2024-07-08,Accessories,Event Walk-in,403.8,250.42,Refunded
ORD_5304,CUST_1206,2025-04-29,Limited Collection,LinkedIn,225.39,119.5,Cancelled
ORD_5305,CUST_1152,2024-02-27,Accessories,Google Search,301.76,162.41,Completed
ORD_5306,CUST_10,2024-08-23,Gift Card,Instagram,292.99,122.79,Completed
ORD_5307,CUST_1022,2024-11-11,Premium Box,Partnership,425.91,171.74,Completed
ORD_5308,CUST_359,2024-03-12,Premium Box,Partnership,433.49,290.77,Completed
ORD_5309,CUST_44,2024-12-30,Gift Card,LinkedIn,304.2,159.11,Completed
ORD_5310,CUST_482,2025-01-21,Subscription Box,Referral,406.31,212.56,Completed
ORD_5311,CUST_454,2024-02-05,Gift Card,LinkedIn,419.32,265.65,Refunded
ORD_5312,CUST_178,2025-01-12,Limited Collection,Event Walk-in,222.85,111.5,Refunded
ORD_5313,CUST_1488,2025-06-02,Limited Collection,TikTok,306.52,115.16,Completed
ORD_5314,CUST_1111,2025-01-15,Accessories,LinkedIn,137.58,60.32,Completed
ORD_5315,CUST_1289,2024-03-27,Premium Box,Partnership,412.25,239.86,Cancelled
ORD_5316,CUST_473,2025-03-29,Subscription Box,Google Search,284.16,177.08,Completed
ORD_5317,CUST_299,2025-04-28,Premium Box,Instagram,104.33,36.87,Cancelled
ORD_5318,CUST_646,2025-03-19,Beauty,Partnership,253.65,170.76,Cancelled
ORD_5319,CUST_1500,2025-04-17,Fashion,LinkedIn,655.48,404.63,Completed
ORD_5320,CUST_992,2025-02-03,Fashion,Instagram,485.36,288.16,Refunded
ORD_5321,CUST_1154,2024-10-18,Beauty,Referral,199.24,138.91,Completed
ORD_5322,CUST_263,2024-02-03,Beauty,Instagram,403.34,241.3,Completed
ORD_5323,CUST_464,2024-07-30,Gift Card,Referral,405.37,233.68,Completed
ORD_5324,CUST_1090,2024-08-27,Limited Collection,TikTok,613.29,401.36,Completed
ORD_5325,CUST_75,2024-05-27,Subscription Box,Instagram,32.92,22.89,Completed
ORD_5326,CUST_663,2024-11-25,Limited Collection,LinkedIn,348.2,212.31,Completed
ORD_5327,CUST_1473,2025-04-23,Limited Collection,Instagram,231.3,120.31,Completed
ORD_5328,CUST_740,2025-04-23,Subscription Box,Event Walk-in,622.99,413.18,Completed
ORD_5329,CUST_634,2025-01-28,Fashion,Partnership,192.08,96.17,Refunded
ORD_5330,CUST_1015,2025-03-15,Limited Collection,Instagram,332.26,164.81,Completed
ORD_5331,CUST_1013,2025-06-17,Accessories,LinkedIn,573.01,265.87,Completed
ORD_5332,CUST_8,2025-04-22,Accessories,Partnership,299.33,204.19,Completed
ORD_5333,CUST_284,2025-03-25,Accessories,Google Search,79.58,39.49,Cancelled
ORD_5334,CUST_402,2024-04-11,Accessories,Event Walk-in,308.3,122.42,Completed
ORD_5335,CUST_206,2024-11-09,Beauty,TikTok,360.67,219.79,Completed
ORD_5336,CUST_318,2024-09-25,Accessories,Referral,631.8,461.9,Completed
ORD_5337,CUST_1057,2024-06-21,Premium Box,LinkedIn,669.79,322.93,Completed
ORD_5338,CUST_868,2025-02-28,Subscription Box,TikTok,668.88,399.56,Completed
ORD_5339,CUST_35,2024-12-18,Fashion,Google Search,529.61,290.17,Completed
ORD_5340,CUST_329,2025-06-18,Fashion,Event Walk-in,196.17,115.37,Completed
ORD_5341,CUST_433,2024-08-21,Limited Collection,Instagram,17.98,9.75,Refunded
ORD_5342,CUST_91,2024-08-26,Beauty,LinkedIn,269.8,103.65,Completed
ORD_5343,CUST_1078,2024-11-07,Fashion,Partnership,254.37,141.17,Completed
ORD_5344,CUST_989,2024-12-11,Beauty,Partnership,621.88,414.49,Completed
ORD_5345,CUST_345,2024-06-12,Premium Box,TikTok,80.84,55.09,Completed
ORD_5346,CUST_1124,2025-04-09,Fashion,Partnership,534.66,392.11,Completed
ORD_5347,CUST_748,2025-06-30,Limited Collection,Instagram,31.18,14.91,Completed
ORD_5348,CUST_1210,2025-02-25,Fashion,Partnership,399.15,198.08,Refunded
ORD_5349,CUST_771,2025-02-05,Fashion,Instagram,138.5,57.35,Completed
ORD_5350,CUST_1005,2024-07-28,Fashion,Referral,311.88,123.71,Completed
ORD_5351,CUST_955,2025-05-19,Limited Collection,Event Walk-in,533.56,397.28,Completed
ORD_5352,CUST_1137,2025-04-27,Gift Card,TikTok,320.54,189.58,Completed
ORD_5353,CUST_1122,2025-04-17,Gift Card,Instagram,311.07,205.28,Completed
ORD_5354,CUST_343,2024-06-18,Limited Collection,Instagram,282.65,118.37,Refunded
ORD_5355,CUST_411,2024-02-29,Limited Collection,TikTok,322.52,115.8,Completed
ORD_5356,CUST_727,2025-04-06,Premium Box,Event Walk-in,423.71,198.13,Completed
ORD_5357,CUST_1221,2024-11-23,Limited Collection,Referral,524.16,332.88,Completed
ORD_5358,CUST_970,2024-02-23,Limited Collection,Google Search,658.93,304.29,Completed
ORD_5359,CUST_730,2025-02-28,Beauty,Instagram,225.19,106.18,Completed
ORD_5360,CUST_878,2024-01-27,Limited Collection,Referral,561.83,312.89,Cancelled
ORD_5361,CUST_571,2024-10-05,Premium Box,Event Walk-in,33.21,22.5,Completed
ORD_5362,CUST_1327,2025-02-08,Fashion,Partnership,678.4,348.92,Completed
ORD_5363,CUST_213,2024-01-02,Premium Box,Referral,693.98,497.01,Completed
ORD_5364,CUST_1319,2024-01-27,Subscription Box,LinkedIn,566.38,304.1,Refunded
ORD_5365,CUST_555,2025-01-07,Gift Card,Referral,250.92,117.94,Completed
ORD_5366,CUST_680,2024-06-09,Subscription Box,Event Walk-in,47.54,20.17,Completed
ORD_5367,CUST_1181,2025-04-11,Beauty,TikTok,313.5,223.31,Completed
ORD_5368,CUST_683,2024-09-26,Fashion,LinkedIn,62.85,34.77,Completed
ORD_5369,CUST_1156,2024-01-12,Accessories,Google Search,688.94,313.68,Refunded
ORD_5370,CUST_642,2024-01-28,Beauty,Referral,549.66,339.96,Cancelled
ORD_5371,CUST_1343,2024-05-03,Premium Box,Referral,60.39,43.61,Cancelled
ORD_5372,CUST_1222,2024-04-16,Premium Box,TikTok,476.68,254.17,Completed
ORD_5373,CUST_236,2024-05-19,Beauty,TikTok,314.68,197.18,Refunded
ORD_5374,CUST_295,2025-03-26,Subscription Box,Instagram,403.29,168.36,Completed
ORD_5375,CUST_354,2024-01-16,Accessories,Referral,194.17,117.45,Refunded
ORD_5376,CUST_623,2024-07-18,Subscription Box,Referral,644.59,246.58,Completed
ORD_5377,CUST_552,2024-06-13,Accessories,Partnership,485.08,205.25,Completed
ORD_5378,CUST_107,2025-06-23,Premium Box,LinkedIn,633.04,424.66,Completed
ORD_5379,CUST_829,2024-01-21,Accessories,TikTok,181.09,118.36,Completed
ORD_5380,CUST_643,2024-11-21,Fashion,Partnership,492.43,213.03,Completed
ORD_5381,CUST_1470,2024-03-25,Beauty,Partnership,638.92,478.39,Completed
ORD_5382,CUST_557,2024-10-27,Gift Card,Instagram,22.16,12.2,Completed
ORD_5383,CUST_76,2025-05-15,Fashion,Partnership,168.65,120.63,Refunded
ORD_5384,CUST_2,2025-01-22,Accessories,LinkedIn,395.05,274.55,Completed
ORD_5385,CUST_556,2025-04-29,Fashion,Instagram,498.44,193.54,Completed
ORD_5386,CUST_1134,2024-02-01,Fashion,TikTok,414.83,145.73,Completed
ORD_5387,CUST_355,2025-06-11,Beauty,Partnership,544.96,199.98,Refunded
ORD_5388,CUST_722,2024-06-01,Premium Box,LinkedIn,408.3,294.44,Completed
ORD_5389,CUST_1201,2024-02-26,Fashion,Partnership,253.67,172.91,Completed
ORD_5390,CUST_978,2024-05-27,Gift Card,LinkedIn,233.45,158.25,Cancelled
ORD_5391,CUST_1003,2024-04-20,Accessories,Referral,529.43,304.27,Completed
ORD_5392,CUST_900,2025-02-18,Subscription Box,Event Walk-in,696.68,435.03,Completed
ORD_5393,CUST_569,2025-05-10,Gift Card,Partnership,681.71,316.55,Refunded
ORD_5394,CUST_1266,2025-03-11,Gift Card,Event Walk-in,505.25,194.87,Completed
ORD_5395,CUST_1205,2025-01-08,Gift Card,Google Search,152.33,71.71,Completed
ORD_5396,CUST_803,2024-11-16,Gift Card,LinkedIn,474.62,275.26,Completed
ORD_5397,CUST_354,2025-06-01,Premium Box,Referral,211.35,126.61,Refunded
ORD_5398,CUST_1350,2025-04-04,Beauty,Event Walk-in,551.36,262.97,Completed
ORD_5399,CUST_1156,2024-01-28,Premium Box,Google Search,104.44,74.74,Completed
ORD_5400,CUST_676,2025-04-22,Beauty,Instagram,192.01,114.47,Completed
ORD_5401,CUST_1078,2025-06-11,Premium Box,Partnership,538.87,325.35,Completed
ORD_5402,CUST_114,2024-09-24,Limited Collection,Event Walk-in,91.14,65.94,Completed
ORD_5403,CUST_334,2024-08-03,Fashion,Event Walk-in,339.89,164.26,Completed
ORD_5404,CUST_741,2024-04-20,Fashion,Referral,623.65,223.63,Completed
ORD_5405,CUST_1494,2024-03-21,Subscription Box,LinkedIn,637.93,271.58,Completed
ORD_5406,CUST_1017,2024-07-21,Fashion,Referral,554.29,399.32,Cancelled
ORD_5407,CUST_59,2024-12-03,Subscription Box,LinkedIn,262.96,144.32,Completed
ORD_5408,CUST_1259,2024-03-01,Limited Collection,Referral,669.73,400.88,Completed
ORD_5409,CUST_1364,2025-02-23,Premium Box,TikTok,111.41,61.68,Completed
ORD_5410,CUST_885,2025-05-10,Premium Box,Referral,260.25,127.48,Completed
ORD_5411,CUST_1074,2025-06-03,Fashion,Partnership,494.77,292.48,Completed
ORD_5412,CUST_807,2025-06-06,Subscription Box,LinkedIn,469.91,303.83,Completed
ORD_5413,CUST_1005,2025-04-21,Subscription Box,Referral,371.15,210.69,Completed
ORD_5414,CUST_1381,2024-01-23,Premium Box,Instagram,66.7,25.77,Completed
ORD_5415,CUST_1259,2025-04-06,Fashion,Referral,657.44,423.82,Completed
ORD_5416,CUST_564,2024-12-29,Accessories,LinkedIn,502.87,205.66,Completed
ORD_5417,CUST_983,2025-04-06,Accessories,LinkedIn,81.4,29.66,Completed
ORD_5418,CUST_832,2024-07-19,Limited Collection,TikTok,121.61,64.56,Completed
ORD_5419,CUST_567,2025-05-05,Limited Collection,TikTok,675.24,499.85,Completed
ORD_5420,CUST_782,2025-03-05,Accessories,Google Search,310.99,144.02,Cancelled
ORD_5421,CUST_1493,2024-07-20,Accessories,Referral,353.99,178.3,Refunded
ORD_5422,CUST_899,2024-10-06,Accessories,TikTok,142.23,53.03,Completed
ORD_5423,CUST_235,2024-03-03,Beauty,TikTok,405.92,159.15,Refunded
ORD_5424,CUST_1308,2025-06-18,Accessories,LinkedIn,613.53,402.01,Completed
ORD_5425,CUST_454,2024-11-16,Limited Collection,LinkedIn,190.8,68.34,Completed
ORD_5426,CUST_1122,2024-03-27,Fashion,Instagram,79.99,57.81,Completed
ORD_5427,CUST_1321,2025-04-08,Fashion,Event Walk-in,662.37,378.13,Completed
ORD_5428,CUST_1252,2025-03-23,Premium Box,TikTok,429.32,230.82,Completed
ORD_5429,CUST_930,2024-09-09,Accessories,Instagram,695.46,512.42,Completed
ORD_5430,CUST_1045,2024-01-02,Subscription Box,Google Search,257.79,120.14,Completed
ORD_5431,CUST_324,2025-06-03,Fashion,TikTok,273.38,172.94,Completed
ORD_5432,CUST_646,2025-06-16,Beauty,Partnership,112.23,39.39,Completed
ORD_5433,CUST_955,2024-01-10,Premium Box,Event Walk-in,51.91,24.05,Cancelled
ORD_5434,CUST_966,2024-07-27,Limited Collection,Event Walk-in,221.4,125.11,Completed
ORD_5435,CUST_560,2025-02-06,Accessories,Partnership,269.33,115.74,Refunded
ORD_5436,CUST_1273,2024-08-26,Premium Box,TikTok,122.11,69.93,Completed
ORD_5437,CUST_418,2024-05-05,Beauty,Event Walk-in,507.8,375.39,Cancelled
ORD_5438,CUST_366,2024-07-02,Limited Collection,TikTok,539.81,240.54,Completed
ORD_5439,CUST_1193,2024-05-19,Beauty,Google Search,99.36,52.66,Completed
ORD_5440,CUST_122,2025-03-31,Premium Box,Instagram,263.67,176.34,Completed
ORD_5441,CUST_1364,2024-08-12,Accessories,TikTok,193.1,95.6,Completed
ORD_5442,CUST_1036,2025-05-21,Premium Box,LinkedIn,358.87,139.86,Completed
ORD_5443,CUST_626,2025-01-25,Fashion,Google Search,364.75,206.39,Completed
ORD_5444,CUST_1299,2024-04-14,Fashion,LinkedIn,107.62,40.94,Completed
ORD_5445,CUST_571,2025-06-30,Premium Box,Event Walk-in,178.35,89.83,Completed
ORD_5446,CUST_595,2025-01-07,Beauty,Partnership,490.87,322.54,Completed
ORD_5447,CUST_1403,2024-05-06,Accessories,Referral,607.83,319.96,Completed
ORD_5448,CUST_536,2024-04-18,Limited Collection,Event Walk-in,274.42,204.3,Refunded
ORD_5449,CUST_17,2025-02-03,Accessories,Referral,594.53,364.62,Completed
ORD_5450,CUST_260,2025-04-11,Fashion,Event Walk-in,316.87,123.17,Completed
ORD_5451,CUST_1131,2025-02-16,Limited Collection,Instagram,662.9,459.56,Completed
ORD_5452,CUST_519,2025-03-09,Subscription Box,LinkedIn,621.95,218.7,Refunded
ORD_5453,CUST_527,2025-03-22,Accessories,Google Search,529.93,364.64,Refunded
ORD_5454,CUST_410,2025-01-09,Limited Collection,Event Walk-in,169.27,75.64,Completed
ORD_5455,CUST_635,2024-10-17,Beauty,Instagram,589.66,430.98,Completed
ORD_5456,CUST_1039,2024-03-26,Gift Card,Event Walk-in,619.7,234.08,Completed
ORD_5457,CUST_601,2025-03-29,Accessories,Referral,412.02,282.02,Completed
ORD_5458,CUST_670,2025-04-07,Beauty,Instagram,479.65,191.03,Completed
ORD_5459,CUST_455,2025-01-06,Premium Box,TikTok,580.43,225.76,Completed
ORD_5460,CUST_1000,2024-03-16,Beauty,Event Walk-in,53.55,19.79,Completed
ORD_5461,CUST_245,2024-06-14,Accessories,Event Walk-in,51.91,31.56,Completed
ORD_5462,CUST_1140,2025-04-01,Premium Box,Google Search,520.83,263.85,Completed
ORD_5463,CUST_1189,2024-11-04,Fashion,Google Search,307.91,219.35,Completed
ORD_5464,CUST_283,2025-04-30,Subscription Box,Google Search,245.36,178.83,Refunded
ORD_5465,CUST_51,2024-05-19,Fashion,Instagram,372.57,186.8,Completed
ORD_5466,CUST_591,2024-03-07,Gift Card,TikTok,559.35,399.88,Cancelled
ORD_5467,CUST_1252,2024-03-26,Beauty,TikTok,429.56,254.46,Completed
ORD_5468,CUST_647,2025-01-22,Limited Collection,LinkedIn,347.02,199.59,Refunded
ORD_5469,CUST_435,2024-02-18,Beauty,Event Walk-in,371.72,267.76,Completed
ORD_5470,CUST_1443,2025-05-28,Beauty,Referral,347.41,170.26,Completed
ORD_5471,CUST_239,2025-03-19,Premium Box,Partnership,551.99,286.78,Completed
ORD_5472,CUST_158,2024-07-01,Subscription Box,LinkedIn,369.5,163.74,Completed
ORD_5473,CUST_1243,2024-03-27,Subscription Box,Google Search,416.27,197.45,Refunded
ORD_5474,CUST_220,2024-03-19,Beauty,Referral,378.03,133.06,Refunded
ORD_5475,CUST_1052,2024-01-29,Subscription Box,Partnership,132.08,75.02,Completed
ORD_5476,CUST_498,2024-08-20,Beauty,Google Search,212.14,91.93,Completed
ORD_5477,CUST_315,2025-06-15,Subscription Box,TikTok,567.71,264.82,Refunded
ORD_5478,CUST_667,2024-10-21,Subscription Box,LinkedIn,378.03,141.23,Completed
ORD_5479,CUST_1079,2024-05-24,Premium Box,Instagram,62.56,33.7,Completed
ORD_5480,CUST_671,2025-03-12,Premium Box,LinkedIn,616.84,396.25,Completed
ORD_5481,CUST_1083,2024-10-30,Premium Box,Google Search,699.77,362.0,Completed
ORD_5482,CUST_971,2024-10-23,Accessories,TikTok,167.14,111.94,Completed
ORD_5483,CUST_1143,2024-12-04,Subscription Box,Event Walk-in,299.75,178.76,Completed
ORD_5484,CUST_1096,2025-03-21,Limited Collection,TikTok,570.2,304.31,Completed
ORD_5485,CUST_213,2024-06-10,Premium Box,Referral,139.51,49.36,Completed
ORD_5486,CUST_644,2024-02-13,Accessories,Referral,238.07,156.98,Completed
ORD_5487,CUST_336,2024-06-27,Limited Collection,Instagram,325.92,197.65,Completed
ORD_5488,CUST_417,2025-05-26,Fashion,LinkedIn,86.7,36.8,Completed
ORD_5489,CUST_75,2025-01-29,Limited Collection,Instagram,268.64,162.11,Completed
ORD_5490,CUST_1398,2024-10-20,Accessories,Partnership,218.86,127.44,Completed
ORD_5491,CUST_704,2024-07-11,Limited Collection,TikTok,699.17,490.41,Completed
ORD_5492,CUST_857,2024-06-26,Accessories,Instagram,331.05,153.05,Completed
ORD_5493,CUST_887,2024-01-12,Accessories,Referral,681.7,331.55,Completed
ORD_5494,CUST_48,2025-01-15,Accessories,Partnership,357.6,205.02,Refunded
ORD_5495,CUST_1100,2024-10-04,Premium Box,Google Search,98.52,64.62,Refunded
ORD_5496,CUST_1170,2024-06-18,Fashion,LinkedIn,304.39,218.22,Completed
ORD_5497,CUST_104,2024-08-25,Fashion,LinkedIn,416.14,289.59,Completed
ORD_5498,CUST_794,2024-02-13,Limited Collection,Google Search,295.11,150.68,Completed
ORD_5499,CUST_657,2024-07-04,Accessories,Instagram,499.72,356.69,Completed
ORD_5500,CUST_1464,2025-04-30,Gift Card,Event Walk-in,173.31,103.19,Completed
ORD_5501,CUST_545,2025-05-08,Accessories,Partnership,105.9,44.55,Completed
ORD_5502,CUST_1480,2024-08-15,Limited Collection,TikTok,425.29,161.17,Completed
ORD_5503,CUST_267,2025-05-06,Gift Card,LinkedIn,434.36,254.64,Cancelled
ORD_5504,CUST_896,2024-02-22,Accessories,TikTok,17.66,8.25,Completed
ORD_5505,CUST_381,2024-11-03,Fashion,Google Search,610.01,279.04,Completed
ORD_5506,CUST_1075,2024-11-13,Limited Collection,LinkedIn,585.84,221.06,Completed
ORD_5507,CUST_262,2025-03-03,Subscription Box,Event Walk-in,286.7,171.18,Completed
ORD_5508,CUST_1203,2024-04-28,Fashion,LinkedIn,34.04,17.83,Refunded
ORD_5509,CUST_149,2025-06-18,Fashion,Partnership,510.65,268.65,Completed
ORD_5510,CUST_331,2024-10-03,Premium Box,Instagram,271.21,165.49,Completed
ORD_5511,CUST_107,2024-01-19,Premium Box,LinkedIn,497.52,299.77,Completed
ORD_5512,CUST_332,2025-03-08,Limited Collection,LinkedIn,610.46,254.8,Completed
ORD_5513,CUST_871,2024-09-28,Premium Box,Referral,19.46,13.1,Completed
ORD_5514,CUST_1326,2024-03-15,Fashion,Partnership,76.34,52.84,Completed
ORD_5515,CUST_920,2025-02-09,Beauty,Google Search,68.15,49.24,Completed
ORD_5516,CUST_452,2024-01-05,Gift Card,Instagram,89.78,36.28,Completed
ORD_5517,CUST_515,2024-03-13,Limited Collection,Partnership,199.09,127.47,Completed
ORD_5518,CUST_606,2024-05-10,Beauty,Instagram,206.85,139.05,Completed
ORD_5519,CUST_797,2025-02-13,Beauty,Google Search,120.97,65.49,Completed
ORD_5520,CUST_628,2024-12-17,Accessories,Partnership,312.65,133.06,Completed
ORD_5521,CUST_831,2025-06-03,Accessories,LinkedIn,83.25,41.33,Cancelled
ORD_5522,CUST_654,2024-01-21,Subscription Box,Event Walk-in,162.37,111.98,Completed
ORD_5523,CUST_88,2024-12-21,Beauty,TikTok,475.18,212.41,Completed
ORD_5524,CUST_865,2024-03-03,Gift Card,Google Search,402.47,168.58,Cancelled
ORD_5525,CUST_774,2024-03-14,Premium Box,Event Walk-in,237.67,143.84,Completed
ORD_5526,CUST_488,2024-01-26,Accessories,Google Search,43.05,27.52,Completed
ORD_5527,CUST_731,2024-08-31,Accessories,Partnership,310.07,150.89,Completed
ORD_5528,CUST_678,2024-04-27,Accessories,Instagram,257.75,105.73,Completed
ORD_5529,CUST_1452,2025-04-28,Premium Box,Partnership,506.39,200.38,Completed
ORD_5530,CUST_281,2025-01-04,Beauty,Referral,551.66,398.29,Completed
ORD_5531,CUST_1430,2025-06-17,Premium Box,TikTok,595.85,355.84,Completed
ORD_5532,CUST_543,2024-05-18,Gift Card,Referral,218.16,146.2,Completed
ORD_5533,CUST_603,2024-06-21,Limited Collection,TikTok,178.14,93.76,Completed
ORD_5534,CUST_1060,2024-06-06,Subscription Box,TikTok,182.52,83.5,Completed
ORD_5535,CUST_1112,2024-05-06,Gift Card,TikTok,483.75,306.34,Refunded
ORD_5536,CUST_66,2025-05-17,Accessories,TikTok,535.61,353.91,Refunded
ORD_5537,CUST_1439,2024-02-16,Fashion,Google Search,403.89,162.43,Completed
ORD_5538,CUST_904,2024-09-15,Beauty,Event Walk-in,436.62,201.53,Completed
ORD_5539,CUST_1287,2025-01-30,Beauty,Google Search,383.63,161.48,Completed
ORD_5540,CUST_966,2024-09-15,Beauty,Event Walk-in,208.5,76.47,Completed
ORD_5541,CUST_1388,2024-08-17,Gift Card,Instagram,100.29,64.22,Completed
ORD_5542,CUST_330,2024-02-12,Gift Card,Event Walk-in,208.0,125.02,Completed
ORD_5543,CUST_478,2024-08-06,Accessories,Instagram,501.96,231.61,Completed
ORD_5544,CUST_238,2024-05-21,Limited Collection,Partnership,169.99,80.44,Completed
ORD_5545,CUST_807,2024-05-29,Accessories,LinkedIn,63.52,46.08,Completed
ORD_5546,CUST_1195,2024-06-25,Subscription Box,Referral,208.3,102.75,Completed
ORD_5547,CUST_1344,2025-03-09,Accessories,Partnership,122.03,82.3,Refunded
ORD_5548,CUST_1174,2024-06-01,Limited Collection,LinkedIn,491.09,218.42,Refunded
ORD_5549,CUST_411,2024-09-07,Beauty,TikTok,276.37,194.03,Completed
ORD_5550,CUST_164,2024-08-29,Beauty,TikTok,458.44,304.77,Completed
ORD_5551,CUST_619,2024-02-15,Subscription Box,LinkedIn,57.18,24.84,Refunded
ORD_5552,CUST_631,2024-08-10,Beauty,TikTok,122.28,62.01,Completed
ORD_5553,CUST_350,2025-04-01,Accessories,Google Search,666.55,267.98,Completed
ORD_5554,CUST_311,2025-05-25,Gift Card,Event Walk-in,152.28,96.83,Refunded
ORD_5555,CUST_1350,2024-12-28,Limited Collection,Event Walk-in,636.8,228.78,Completed
ORD_5556,CUST_8,2024-10-05,Gift Card,Partnership,541.56,350.31,Refunded
ORD_5557,CUST_836,2025-04-12,Beauty,LinkedIn,547.61,218.81,Completed
ORD_5558,CUST_545,2025-06-03,Subscription Box,Partnership,477.86,187.29,Refunded
ORD_5559,CUST_245,2024-03-26,Gift Card,Event Walk-in,169.1,66.72,Completed
ORD_5560,CUST_1250,2024-03-26,Gift Card,Instagram,428.49,227.01,Completed
ORD_5561,CUST_491,2024-05-26,Accessories,Event Walk-in,490.13,197.28,Completed
ORD_5562,CUST_935,2024-05-25,Accessories,Google Search,600.73,430.28,Completed
ORD_5563,CUST_1480,2024-06-23,Limited Collection,TikTok,403.8,178.78,Completed
ORD_5564,CUST_1473,2024-08-19,Accessories,Instagram,177.19,104.06,Completed
ORD_5565,CUST_1290,2025-05-19,Accessories,Partnership,15.01,8.08,Completed
ORD_5566,CUST_396,2025-06-09,Gift Card,Instagram,417.11,254.35,Completed
ORD_5567,CUST_1079,2024-06-01,Fashion,Instagram,390.53,192.34,Completed
ORD_5568,CUST_629,2024-08-13,Limited Collection,TikTok,366.48,251.24,Completed
ORD_5569,CUST_1432,2024-09-25,Limited Collection,Instagram,37.67,27.71,Completed
ORD_5570,CUST_615,2024-01-28,Subscription Box,Google Search,526.69,238.63,Completed
ORD_5571,CUST_831,2024-06-29,Limited Collection,LinkedIn,664.5,321.51,Completed
ORD_5572,CUST_835,2025-03-29,Premium Box,Google Search,662.52,454.08,Completed
ORD_5573,CUST_135,2024-03-25,Accessories,TikTok,493.34,231.66,Refunded
ORD_5574,CUST_420,2024-12-17,Accessories,LinkedIn,20.07,8.4,Completed
ORD_5575,CUST_713,2024-11-15,Accessories,LinkedIn,689.82,427.83,Completed
ORD_5576,CUST_484,2024-11-09,Beauty,Event Walk-in,59.61,36.98,Completed
ORD_5577,CUST_292,2025-04-19,Beauty,Referral,160.81,101.02,Completed
ORD_5578,CUST_1058,2025-03-14,Limited Collection,TikTok,301.0,143.33,Completed
ORD_5579,CUST_220,2024-08-24,Beauty,Referral,390.08,239.09,Cancelled
ORD_5580,CUST_499,2024-09-16,Limited Collection,TikTok,42.1,31.3,Completed
ORD_5581,CUST_1080,2025-05-11,Gift Card,Partnership,224.32,97.31,Completed
ORD_5582,CUST_1013,2025-04-03,Gift Card,LinkedIn,536.5,284.89,Completed
ORD_5583,CUST_496,2024-08-12,Premium Box,Instagram,539.55,296.02,Completed
ORD_5584,CUST_1000,2024-04-04,Beauty,Event Walk-in,139.57,56.51,Cancelled
ORD_5585,CUST_599,2024-07-19,Fashion,LinkedIn,449.05,311.29,Completed
ORD_5586,CUST_273,2025-02-02,Accessories,Referral,688.11,442.42,Completed
ORD_5587,CUST_627,2024-05-28,Subscription Box,Partnership,501.18,374.85,Refunded
ORD_5588,CUST_523,2024-09-15,Accessories,Instagram,677.46,262.57,Refunded
ORD_5589,CUST_5,2025-01-22,Premium Box,Google Search,292.15,160.3,Refunded
ORD_5590,CUST_1399,2025-03-29,Fashion,Google Search,530.52,273.6,Completed
ORD_5591,CUST_596,2024-04-19,Subscription Box,Google Search,663.15,335.24,Refunded
ORD_5592,CUST_805,2024-04-05,Accessories,Event Walk-in,529.14,276.99,Completed
ORD_5593,CUST_488,2024-03-29,Gift Card,Google Search,99.72,49.3,Completed
ORD_5594,CUST_1486,2024-08-23,Subscription Box,LinkedIn,388.97,217.37,Refunded
ORD_5595,CUST_841,2024-08-25,Accessories,Partnership,381.33,262.75,Completed
ORD_5596,CUST_247,2025-01-15,Accessories,LinkedIn,480.69,228.35,Completed
ORD_5597,CUST_103,2024-07-29,Accessories,Partnership,485.26,221.79,Completed
ORD_5598,CUST_1068,2024-11-08,Fashion,Event Walk-in,661.0,392.66,Completed
ORD_5599,CUST_607,2024-02-26,Gift Card,TikTok,155.07,60.44,Completed
ORD_5600,CUST_1088,2024-09-23,Fashion,Partnership,242.24,152.83,Completed
ORD_5601,CUST_335,2024-08-26,Premium Box,Event Walk-in,99.2,61.83,Completed
ORD_5602,CUST_775,2024-05-22,Fashion,Partnership,559.33,327.7,Refunded
ORD_5603,CUST_424,2024-05-11,Beauty,Event Walk-in,260.62,111.8,Completed
ORD_5604,CUST_316,2025-04-11,Beauty,Event Walk-in,531.41,386.66,Cancelled
ORD_5605,CUST_705,2024-06-28,Subscription Box,Event Walk-in,441.65,249.49,Completed
ORD_5606,CUST_468,2025-03-16,Subscription Box,Google Search,330.54,231.39,Cancelled
ORD_5607,CUST_1448,2025-02-10,Limited Collection,Instagram,698.52,346.57,Completed
ORD_5608,CUST_940,2025-02-27,Premium Box,Google Search,440.68,178.92,Completed
ORD_5609,CUST_620,2025-05-07,Fashion,LinkedIn,96.82,67.96,Completed
ORD_5610,CUST_892,2025-02-27,Subscription Box,Google Search,533.08,337.91,Completed
ORD_5611,CUST_866,2025-02-21,Subscription Box,Event Walk-in,671.04,435.27,Completed
ORD_5612,CUST_1500,2025-06-05,Subscription Box,LinkedIn,653.73,251.22,Completed
ORD_5613,CUST_1188,2025-03-15,Limited Collection,Instagram,435.1,203.98,Refunded
ORD_5614,CUST_751,2024-06-22,Limited Collection,Event Walk-in,215.82,112.7,Completed
ORD_5615,CUST_1372,2024-12-05,Limited Collection,Instagram,151.68,66.21,Completed
ORD_5616,CUST_1460,2024-03-23,Fashion,Event Walk-in,442.0,298.23,Cancelled
ORD_5617,CUST_769,2024-05-11,Limited Collection,TikTok,245.61,173.36,Refunded
ORD_5618,CUST_339,2024-11-08,Limited Collection,Partnership,644.49,313.27,Completed
ORD_5619,CUST_568,2025-06-22,Subscription Box,LinkedIn,170.64,118.56,Completed
ORD_5620,CUST_489,2024-01-15,Subscription Box,Referral,482.55,220.23,Completed
ORD_5621,CUST_623,2024-05-29,Premium Box,Referral,369.75,178.6,Completed
ORD_5622,CUST_646,2024-05-11,Limited Collection,Partnership,403.31,243.08,Completed
ORD_5623,CUST_1186,2024-10-23,Subscription Box,TikTok,132.7,59.99,Completed
ORD_5624,CUST_562,2025-02-09,Beauty,Instagram,324.2,140.98,Refunded
ORD_5625,CUST_1143,2024-05-08,Fashion,Event Walk-in,294.0,113.55,Completed
ORD_5626,CUST_1449,2024-03-24,Subscription Box,Google Search,307.89,206.43,Completed
ORD_5627,CUST_2,2024-01-14,Subscription Box,LinkedIn,576.76,367.21,Completed
ORD_5628,CUST_428,2024-11-26,Subscription Box,Event Walk-in,59.79,41.73,Completed
ORD_5629,CUST_1202,2024-06-24,Beauty,Event Walk-in,680.16,437.47,Completed
ORD_5630,CUST_291,2025-02-05,Subscription Box,Instagram,166.35,111.92,Cancelled
ORD_5631,CUST_1073,2024-03-13,Subscription Box,Referral,584.76,346.88,Completed
ORD_5632,CUST_489,2025-01-21,Premium Box,Referral,455.93,322.83,Completed
ORD_5633,CUST_345,2024-04-23,Fashion,TikTok,647.83,397.6,Completed
ORD_5634,CUST_215,2025-01-29,Accessories,LinkedIn,58.24,25.16,Completed
ORD_5635,CUST_1139,2024-09-15,Premium Box,Referral,391.24,184.2,Completed
ORD_5636,CUST_791,2024-05-30,Beauty,TikTok,243.38,174.87,Completed
ORD_5637,CUST_953,2025-01-18,Limited Collection,Event Walk-in,173.82,123.9,Completed
ORD_5638,CUST_631,2024-06-03,Premium Box,TikTok,561.28,413.57,Completed
ORD_5639,CUST_1404,2024-02-23,Limited Collection,Instagram,324.38,136.45,Completed
ORD_5640,CUST_121,2024-10-15,Premium Box,Instagram,174.38,112.62,Completed
ORD_5641,CUST_1434,2024-07-10,Beauty,Partnership,688.34,450.3,Completed
ORD_5642,CUST_1387,2024-01-14,Subscription Box,Instagram,429.8,281.79,Completed
ORD_5643,CUST_503,2025-06-28,Accessories,Event Walk-in,126.46,88.61,Refunded
ORD_5644,CUST_285,2024-07-13,Limited Collection,Instagram,652.84,304.26,Completed
ORD_5645,CUST_606,2024-09-30,Limited Collection,Instagram,317.48,129.54,Completed
ORD_5646,CUST_383,2024-04-30,Subscription Box,Event Walk-in,176.36,72.19,Completed
ORD_5647,CUST_691,2025-01-08,Beauty,Event Walk-in,310.54,177.47,Completed
ORD_5648,CUST_939,2025-06-25,Gift Card,TikTok,315.19,170.84,Completed
ORD_5649,CUST_675,2024-08-14,Fashion,Google Search,167.48,68.03,Completed
ORD_5650,CUST_48,2024-01-09,Accessories,Partnership,518.66,330.31,Refunded
ORD_5651,CUST_19,2024-10-05,Beauty,Event Walk-in,182.67,92.92,Completed
ORD_5652,CUST_1171,2024-05-28,Beauty,Google Search,363.78,163.75,Completed
ORD_5653,CUST_1100,2024-05-07,Premium Box,Google Search,82.35,46.87,Completed
ORD_5654,CUST_256,2024-03-28,Fashion,Referral,79.43,39.96,Completed
ORD_5655,CUST_539,2025-05-18,Beauty,LinkedIn,604.92,358.1,Completed
ORD_5656,CUST_1088,2024-07-30,Gift Card,Partnership,498.71,307.19,Completed
ORD_5657,CUST_379,2024-03-11,Beauty,Google Search,583.04,416.56,Completed
ORD_5658,CUST_18,2024-04-06,Fashion,LinkedIn,296.74,199.27,Completed
ORD_5659,CUST_346,2025-01-05,Subscription Box,Referral,424.44,254.52,Completed
ORD_5660,CUST_442,2025-02-28,Fashion,Google Search,555.81,324.88,Refunded
ORD_5661,CUST_790,2025-05-16,Subscription Box,Google Search,644.53,366.89,Completed
ORD_5662,CUST_176,2025-05-08,Gift Card,Partnership,208.48,122.06,Completed
ORD_5663,CUST_49,2024-06-07,Gift Card,LinkedIn,27.95,12.93,Completed
ORD_5664,CUST_164,2025-03-24,Gift Card,TikTok,330.87,176.25,Refunded
ORD_5665,CUST_247,2025-04-13,Subscription Box,LinkedIn,581.31,355.76,Completed
ORD_5666,CUST_35,2025-03-12,Gift Card,Google Search,415.12,214.47,Completed
ORD_5667,CUST_1008,2024-04-15,Fashion,Partnership,216.82,132.16,Completed
ORD_5668,CUST_1413,2024-11-13,Accessories,Event Walk-in,254.56,128.28,Completed
ORD_5669,CUST_738,2024-10-12,Beauty,Event Walk-in,165.4,122.98,Completed
ORD_5670,CUST_1404,2024-08-07,Premium Box,Instagram,352.69,176.84,Completed
ORD_5671,CUST_811,2024-09-01,Beauty,Google Search,453.77,272.97,Completed
ORD_5672,CUST_750,2024-09-21,Subscription Box,Instagram,567.73,380.32,Completed
ORD_5673,CUST_731,2024-07-01,Gift Card,Partnership,334.7,205.36,Completed
ORD_5674,CUST_319,2024-01-14,Premium Box,Event Walk-in,119.38,42.31,Refunded
ORD_5675,CUST_1424,2024-06-05,Beauty,Instagram,544.09,393.53,Completed
ORD_5676,CUST_1354,2024-05-10,Subscription Box,TikTok,255.77,120.49,Completed
ORD_5677,CUST_79,2025-01-16,Fashion,Referral,106.3,76.39,Completed
ORD_5678,CUST_11,2024-10-06,Accessories,Partnership,350.14,259.29,Completed
ORD_5679,CUST_759,2024-09-22,Limited Collection,Referral,589.48,289.53,Completed
ORD_5680,CUST_1164,2025-05-22,Subscription Box,TikTok,664.5,251.73,Completed
ORD_5681,CUST_680,2024-10-20,Gift Card,Event Walk-in,669.19,460.54,Completed
ORD_5682,CUST_395,2024-08-07,Premium Box,TikTok,339.08,218.84,Completed
ORD_5683,CUST_573,2024-03-16,Premium Box,Referral,478.96,206.9,Completed
ORD_5684,CUST_519,2025-06-08,Premium Box,LinkedIn,242.87,120.65,Refunded
ORD_5685,CUST_216,2025-01-27,Beauty,Google Search,612.09,332.76,Completed
ORD_5686,CUST_184,2025-05-11,Beauty,Instagram,274.88,99.72,Completed
ORD_5687,CUST_549,2024-06-04,Subscription Box,Referral,114.88,61.0,Refunded
ORD_5688,CUST_884,2024-11-19,Premium Box,Google Search,685.13,374.93,Completed
ORD_5689,CUST_368,2024-09-24,Limited Collection,Partnership,488.37,224.8,Completed
ORD_5690,CUST_733,2024-08-01,Limited Collection,Instagram,129.86,63.61,Completed
ORD_5691,CUST_237,2024-02-03,Fashion,LinkedIn,159.75,58.82,Completed
ORD_5692,CUST_104,2025-06-09,Limited Collection,LinkedIn,461.54,266.33,Completed
ORD_5693,CUST_1365,2024-04-14,Fashion,Partnership,117.12,63.95,Completed
ORD_5694,CUST_30,2024-11-25,Subscription Box,Google Search,387.22,164.61,Completed
ORD_5695,CUST_1363,2025-06-16,Beauty,Google Search,207.37,90.81,Completed
ORD_5696,CUST_394,2024-08-01,Beauty,Partnership,609.69,296.29,Completed
ORD_5697,CUST_424,2024-12-10,Limited Collection,Event Walk-in,629.7,358.67,Completed
ORD_5698,CUST_351,2024-08-07,Accessories,Instagram,84.56,63.26,Cancelled
ORD_5699,CUST_1182,2024-05-25,Gift Card,Partnership,529.27,230.23,Completed
ORD_5700,CUST_1082,2024-10-25,Subscription Box,Partnership,114.08,72.45,Completed
ORD_5701,CUST_324,2025-03-03,Accessories,TikTok,690.29,300.22,Completed
ORD_5702,CUST_1009,2024-05-04,Accessories,Partnership,654.84,388.32,Completed
ORD_5703,CUST_794,2024-05-24,Beauty,Google Search,555.04,310.76,Refunded
ORD_5704,CUST_1083,2025-01-06,Premium Box,Google Search,76.11,28.57,Completed
ORD_5705,CUST_1137,2024-12-11,Subscription Box,TikTok,516.77,264.13,Completed
ORD_5706,CUST_854,2025-03-07,Fashion,Partnership,495.13,337.57,Completed
ORD_5707,CUST_1208,2025-02-17,Fashion,Partnership,368.09,206.01,Completed
ORD_5708,CUST_750,2024-06-03,Accessories,Instagram,528.74,276.75,Cancelled
ORD_5709,CUST_693,2025-05-12,Accessories,TikTok,82.31,60.46,Completed
ORD_5710,CUST_33,2024-06-25,Fashion,Partnership,144.26,80.61,Completed
ORD_5711,CUST_16,2024-11-14,Beauty,LinkedIn,326.5,209.83,Cancelled
ORD_5712,CUST_844,2025-06-08,Limited Collection,Event Walk-in,579.8,345.98,Refunded
ORD_5713,CUST_1468,2024-01-28,Beauty,Event Walk-in,331.21,196.37,Completed
ORD_5714,CUST_533,2025-03-21,Limited Collection,Partnership,284.13,113.27,Completed
ORD_5715,CUST_1022,2025-02-03,Premium Box,Partnership,64.7,38.06,Refunded
ORD_5716,CUST_214,2024-01-11,Subscription Box,Partnership,326.34,126.45,Cancelled
ORD_5717,CUST_229,2025-02-05,Gift Card,LinkedIn,173.31,104.76,Refunded
ORD_5718,CUST_25,2025-05-01,Accessories,Google Search,608.41,328.78,Completed
ORD_5719,CUST_23,2024-12-19,Fashion,Instagram,158.95,116.27,Completed
ORD_5720,CUST_313,2024-04-15,Premium Box,LinkedIn,481.01,283.36,Completed
ORD_5721,CUST_898,2025-03-10,Gift Card,Google Search,121.23,83.53,Cancelled
ORD_5722,CUST_848,2025-03-13,Fashion,Instagram,243.05,99.31,Completed
ORD_5723,CUST_1397,2025-05-18,Subscription Box,Referral,463.94,270.38,Completed
ORD_5724,CUST_766,2025-01-19,Gift Card,Event Walk-in,94.12,66.83,Cancelled
ORD_5725,CUST_1023,2024-11-29,Subscription Box,TikTok,250.74,95.55,Completed
ORD_5726,CUST_536,2025-04-12,Premium Box,Event Walk-in,329.12,234.41,Completed
ORD_5727,CUST_292,2025-03-14,Limited Collection,Referral,380.05,161.02,Completed
ORD_5728,CUST_282,2025-03-19,Accessories,Instagram,150.74,104.86,Completed
ORD_5729,CUST_902,2024-02-11,Beauty,TikTok,102.13,50.64,Completed
ORD_5730,CUST_1180,2024-06-12,Premium Box,Google Search,193.34,126.44,Completed
ORD_5731,CUST_1315,2025-04-10,Gift Card,Google Search,67.57,28.21,Completed
ORD_5732,CUST_1118,2024-10-11,Gift Card,Referral,622.42,397.0,Completed
ORD_5733,CUST_998,2024-12-06,Gift Card,Google Search,492.57,227.74,Completed
ORD_5734,CUST_911,2024-11-16,Premium Box,TikTok,438.94,173.02,Completed
ORD_5735,CUST_20,2024-10-28,Accessories,LinkedIn,538.65,330.44,Completed
ORD_5736,CUST_492,2024-06-24,Fashion,Partnership,314.47,135.01,Completed
ORD_5737,CUST_944,2024-07-15,Premium Box,Partnership,211.99,136.27,Completed
ORD_5738,CUST_790,2025-06-07,Beauty,Google Search,262.59,148.22,Completed
ORD_5739,CUST_1335,2024-06-12,Gift Card,Partnership,447.1,207.53,Completed
ORD_5740,CUST_850,2025-06-18,Fashion,Partnership,305.5,133.36,Completed
ORD_5741,CUST_819,2024-05-12,Gift Card,TikTok,580.32,423.42,Completed
ORD_5742,CUST_535,2024-02-17,Accessories,Google Search,245.19,166.01,Completed
ORD_5743,CUST_380,2025-01-10,Beauty,Instagram,316.32,118.51,Cancelled
ORD_5744,CUST_25,2024-11-16,Beauty,Google Search,398.03,159.77,Completed
ORD_5745,CUST_228,2025-05-19,Gift Card,TikTok,355.87,246.48,Completed
ORD_5746,CUST_1273,2024-12-11,Subscription Box,TikTok,620.21,355.01,Completed
ORD_5747,CUST_257,2025-05-01,Beauty,Google Search,450.09,329.48,Completed
ORD_5748,CUST_1269,2025-05-21,Premium Box,Event Walk-in,562.53,373.51,Completed
ORD_5749,CUST_813,2024-07-16,Fashion,Instagram,578.44,414.14,Completed
ORD_5750,CUST_486,2024-02-18,Beauty,TikTok,597.55,292.79,Completed
ORD_5751,CUST_18,2024-02-20,Beauty,LinkedIn,146.86,78.68,Completed
ORD_5752,CUST_202,2024-07-14,Beauty,Event Walk-in,687.38,395.07,Completed
ORD_5753,CUST_62,2025-05-12,Premium Box,TikTok,222.06,92.38,Completed
ORD_5754,CUST_1424,2024-01-19,Gift Card,Instagram,229.06,91.79,Completed
ORD_5755,CUST_1314,2024-04-04,Beauty,Event Walk-in,668.12,293.57,Refunded
ORD_5756,CUST_414,2025-01-04,Beauty,LinkedIn,384.23,272.96,Completed
ORD_5757,CUST_1429,2025-05-29,Limited Collection,LinkedIn,391.71,257.57,Completed
ORD_5758,CUST_29,2024-12-12,Accessories,Event Walk-in,489.39,194.84,Completed
ORD_5759,CUST_101,2025-03-15,Subscription Box,TikTok,326.77,167.17,Completed
ORD_5760,CUST_519,2024-05-05,Limited Collection,LinkedIn,650.6,459.92,Completed
ORD_5761,CUST_181,2025-01-28,Beauty,Google Search,231.02,172.05,Completed
ORD_5762,CUST_75,2025-01-10,Accessories,Instagram,446.21,322.84,Completed
ORD_5763,CUST_1161,2024-02-25,Premium Box,TikTok,685.9,294.36,Completed
ORD_5764,CUST_578,2025-01-25,Accessories,LinkedIn,183.87,91.33,Completed
ORD_5765,CUST_272,2025-03-19,Beauty,TikTok,205.83,151.02,Completed
ORD_5766,CUST_1341,2024-02-03,Gift Card,Instagram,361.16,184.48,Refunded
ORD_5767,CUST_164,2025-03-07,Accessories,TikTok,312.03,206.66,Completed
ORD_5768,CUST_1375,2024-12-22,Fashion,Event Walk-in,439.45,295.26,Completed
ORD_5769,CUST_623,2025-02-14,Accessories,Referral,165.07,58.9,Refunded
ORD_5770,CUST_629,2024-09-13,Premium Box,TikTok,236.76,132.02,Completed
ORD_5771,CUST_271,2025-05-09,Fashion,Google Search,434.96,256.85,Completed
ORD_5772,CUST_910,2024-03-07,Subscription Box,Google Search,647.78,480.28,Completed
ORD_5773,CUST_941,2025-01-07,Beauty,Referral,366.58,139.25,Completed
ORD_5774,CUST_1157,2025-04-05,Premium Box,Google Search,278.34,118.07,Refunded
ORD_5775,CUST_83,2025-06-25,Premium Box,Event Walk-in,117.78,49.28,Completed
ORD_5776,CUST_51,2024-01-28,Fashion,Instagram,214.85,121.24,Completed
ORD_5777,CUST_1001,2024-12-15,Accessories,Instagram,30.88,22.21,Refunded
ORD_5778,CUST_1030,2024-02-27,Premium Box,Referral,407.48,214.7,Completed
ORD_5779,CUST_633,2024-07-29,Subscription Box,LinkedIn,576.7,337.98,Completed
ORD_5780,CUST_535,2025-05-01,Premium Box,Google Search,360.36,154.03,Completed
ORD_5781,CUST_942,2024-07-30,Limited Collection,Partnership,144.94,81.73,Refunded
ORD_5782,CUST_1056,2024-04-29,Beauty,Event Walk-in,41.35,25.47,Completed
ORD_5783,CUST_93,2024-11-27,Subscription Box,TikTok,456.9,339.84,Completed
ORD_5784,CUST_1365,2024-07-17,Gift Card,Partnership,65.12,35.13,Completed
ORD_5785,CUST_26,2024-02-17,Premium Box,Referral,266.41,114.33,Completed
ORD_5786,CUST_671,2024-07-30,Premium Box,LinkedIn,70.2,48.28,Cancelled
ORD_5787,CUST_160,2024-02-27,Beauty,Instagram,118.99,47.37,Completed
ORD_5788,CUST_473,2024-02-09,Gift Card,Google Search,158.42,109.28,Completed
ORD_5789,CUST_1452,2025-04-01,Beauty,Partnership,340.86,213.89,Completed
ORD_5790,CUST_1483,2025-02-09,Premium Box,Partnership,447.12,322.73,Completed
ORD_5791,CUST_1277,2024-02-14,Beauty,Event Walk-in,688.98,365.49,Completed
ORD_5792,CUST_708,2025-03-28,Premium Box,Instagram,690.74,479.11,Completed
ORD_5793,CUST_516,2024-01-15,Accessories,Instagram,331.71,184.46,Refunded
ORD_5794,CUST_1273,2025-03-17,Fashion,TikTok,467.9,300.26,Completed
ORD_5795,CUST_284,2024-12-09,Limited Collection,Google Search,370.47,204.53,Completed
ORD_5796,CUST_996,2024-03-07,Limited Collection,Event Walk-in,390.51,242.35,Completed
ORD_5797,CUST_104,2024-07-11,Accessories,LinkedIn,428.71,206.0,Completed
ORD_5798,CUST_450,2024-03-10,Gift Card,Partnership,544.38,239.54,Completed
ORD_5799,CUST_430,2024-03-28,Accessories,TikTok,228.54,170.68,Completed
ORD_5800,CUST_1215,2024-07-10,Subscription Box,LinkedIn,456.05,240.32,Completed
ORD_5801,CUST_1113,2024-06-04,Premium Box,Referral,351.75,189.89,Completed
ORD_5802,CUST_1123,2024-05-22,Accessories,LinkedIn,626.91,237.74,Completed
ORD_5803,CUST_460,2024-12-07,Premium Box,Google Search,91.56,53.65,Refunded
ORD_5804,CUST_379,2024-04-19,Limited Collection,Google Search,577.3,402.12,Refunded
ORD_5805,CUST_1177,2024-12-19,Gift Card,Instagram,507.08,186.29,Cancelled
ORD_5806,CUST_521,2024-02-14,Limited Collection,Event Walk-in,600.05,410.87,Completed
ORD_5807,CUST_1263,2024-02-09,Premium Box,Partnership,139.55,80.56,Completed
ORD_5808,CUST_1284,2024-08-25,Premium Box,Event Walk-in,618.98,445.86,Completed
ORD_5809,CUST_230,2024-01-14,Limited Collection,Instagram,425.37,222.37,Completed
ORD_5810,CUST_1138,2025-01-24,Fashion,TikTok,50.97,28.87,Refunded
ORD_5811,CUST_1097,2024-08-11,Fashion,LinkedIn,341.09,214.2,Completed
ORD_5812,CUST_535,2024-07-21,Beauty,Google Search,85.39,36.26,Completed
ORD_5813,CUST_540,2024-10-25,Accessories,Partnership,177.26,64.0,Completed
ORD_5814,CUST_763,2024-06-25,Limited Collection,Referral,360.24,139.53,Completed
ORD_5815,CUST_6,2024-08-12,Beauty,LinkedIn,490.54,201.13,Completed
ORD_5816,CUST_85,2025-01-30,Accessories,Instagram,542.5,276.63,Completed
ORD_5817,CUST_191,2025-01-18,Subscription Box,Google Search,228.11,80.21,Completed
ORD_5818,CUST_919,2025-02-18,Accessories,TikTok,612.2,347.74,Completed
ORD_5819,CUST_1057,2024-10-06,Premium Box,LinkedIn,204.1,98.65,Refunded
ORD_5820,CUST_1009,2024-12-02,Beauty,Partnership,523.13,217.96,Completed
ORD_5821,CUST_1106,2025-02-23,Limited Collection,Instagram,625.12,364.33,Completed
ORD_5822,CUST_73,2024-04-21,Accessories,Partnership,196.07,139.56,Completed
ORD_5823,CUST_1013,2024-11-04,Gift Card,LinkedIn,405.53,178.34,Completed
ORD_5824,CUST_9,2025-05-13,Gift Card,Partnership,486.18,327.45,Completed
ORD_5825,CUST_1468,2024-09-15,Limited Collection,Event Walk-in,408.15,147.13,Completed
ORD_5826,CUST_1318,2024-01-30,Premium Box,TikTok,233.42,163.19,Completed
ORD_5827,CUST_1315,2024-04-11,Beauty,Google Search,669.24,494.9,Completed
ORD_5828,CUST_581,2024-03-04,Premium Box,LinkedIn,305.9,198.17,Completed
ORD_5829,CUST_984,2025-06-27,Gift Card,Google Search,579.17,298.54,Completed
ORD_5830,CUST_865,2024-05-31,Accessories,Google Search,336.59,168.83,Refunded
ORD_5831,CUST_1162,2025-03-24,Fashion,Partnership,532.48,351.32,Completed
ORD_5832,CUST_1380,2024-02-22,Premium Box,Instagram,501.47,276.4,Completed
ORD_5833,CUST_722,2025-02-05,Subscription Box,LinkedIn,194.54,131.84,Completed
ORD_5834,CUST_357,2024-01-19,Subscription Box,TikTok,60.41,32.25,Completed
ORD_5835,CUST_1207,2024-01-20,Beauty,Google Search,284.29,206.18,Completed
ORD_5836,CUST_501,2025-04-06,Limited Collection,Google Search,468.3,194.34,Completed
ORD_5837,CUST_1041,2025-03-07,Accessories,Referral,403.06,154.72,Completed
ORD_5838,CUST_1185,2025-03-31,Fashion,Referral,345.29,158.54,Completed
ORD_5839,CUST_1468,2025-02-23,Gift Card,Event Walk-in,643.57,408.83,Completed
ORD_5840,CUST_836,2025-02-17,Accessories,LinkedIn,615.92,266.19,Completed
ORD_5841,CUST_1161,2024-05-25,Accessories,TikTok,333.08,137.97,Completed
ORD_5842,CUST_956,2024-05-17,Accessories,Instagram,566.1,353.84,Completed
ORD_5843,CUST_656,2024-12-21,Fashion,Partnership,531.01,217.21,Completed
ORD_5844,CUST_930,2025-01-15,Fashion,Instagram,173.34,84.28,Completed
ORD_5845,CUST_969,2024-05-18,Limited Collection,LinkedIn,670.56,423.42,Completed
ORD_5846,CUST_990,2024-01-31,Beauty,Event Walk-in,614.97,416.3,Completed
ORD_5847,CUST_739,2024-04-21,Subscription Box,Event Walk-in,674.49,478.61,Completed
ORD_5848,CUST_407,2024-10-08,Beauty,Instagram,121.76,74.21,Refunded
ORD_5849,CUST_174,2025-06-22,Gift Card,LinkedIn,88.65,35.28,Completed
ORD_5850,CUST_1328,2024-10-20,Premium Box,LinkedIn,619.41,251.3,Completed
ORD_5851,CUST_395,2025-06-17,Accessories,TikTok,548.46,247.02,Refunded
ORD_5852,CUST_1491,2024-08-03,Premium Box,Google Search,373.7,216.21,Cancelled
ORD_5853,CUST_727,2024-03-16,Limited Collection,Event Walk-in,644.89,312.39,Completed
ORD_5854,CUST_213,2024-01-23,Gift Card,Referral,352.4,214.01,Completed
ORD_5855,CUST_1121,2025-01-20,Beauty,Partnership,567.17,220.39,Refunded
ORD_5856,CUST_1132,2024-02-09,Subscription Box,Google Search,647.63,341.55,Completed
ORD_5857,CUST_263,2024-05-17,Subscription Box,Instagram,49.23,25.17,Completed
ORD_5858,CUST_1494,2024-05-20,Limited Collection,LinkedIn,655.48,302.08,Completed
ORD_5859,CUST_1053,2024-04-14,Accessories,LinkedIn,47.37,35.51,Completed
ORD_5860,CUST_1202,2024-05-17,Fashion,Event Walk-in,142.69,69.65,Cancelled
ORD_5861,CUST_424,2024-02-11,Accessories,Event Walk-in,117.88,77.79,Completed
ORD_5862,CUST_319,2025-05-30,Accessories,Event Walk-in,613.51,420.65,Completed
ORD_5863,CUST_1121,2024-07-19,Premium Box,Partnership,285.75,129.9,Completed
ORD_5864,CUST_1074,2024-06-21,Premium Box,Partnership,37.1,25.52,Completed
ORD_5865,CUST_1458,2024-08-03,Fashion,Event Walk-in,345.08,196.51,Completed
ORD_5866,CUST_493,2024-11-04,Limited Collection,LinkedIn,526.63,358.49,Completed
ORD_5867,CUST_604,2024-01-29,Premium Box,Instagram,501.98,248.67,Completed
ORD_5868,CUST_110,2025-06-07,Beauty,Instagram,433.66,286.61,Completed
ORD_5869,CUST_461,2024-05-11,Fashion,Partnership,425.98,249.02,Cancelled
ORD_5870,CUST_1429,2024-08-29,Limited Collection,LinkedIn,199.68,81.4,Cancelled
ORD_5871,CUST_573,2024-06-16,Beauty,Referral,196.7,95.69,Completed
ORD_5872,CUST_1006,2024-08-11,Fashion,Instagram,515.52,254.28,Cancelled
ORD_5873,CUST_1221,2024-11-14,Beauty,Referral,296.81,119.47,Completed
ORD_5874,CUST_397,2024-03-22,Fashion,TikTok,686.68,469.66,Completed
ORD_5875,CUST_546,2024-11-14,Premium Box,Event Walk-in,133.17,63.92,Completed
ORD_5876,CUST_872,2025-04-07,Gift Card,Google Search,135.86,86.17,Completed
ORD_5877,CUST_1466,2024-01-09,Accessories,Event Walk-in,112.1,67.87,Refunded
ORD_5878,CUST_338,2025-06-30,Gift Card,Instagram,617.35,299.13,Completed
ORD_5879,CUST_1350,2024-08-21,Fashion,Event Walk-in,233.08,120.65,Completed
ORD_5880,CUST_1428,2024-06-27,Fashion,TikTok,254.95,164.97,Completed
ORD_5881,CUST_781,2024-02-06,Accessories,Event Walk-in,341.89,193.8,Completed
ORD_5882,CUST_1061,2024-12-16,Subscription Box,Referral,19.41,12.2,Completed
ORD_5883,CUST_1046,2024-09-07,Subscription Box,Partnership,425.0,302.84,Completed
ORD_5884,CUST_418,2025-06-10,Accessories,Event Walk-in,350.84,253.13,Completed
ORD_5885,CUST_423,2024-03-19,Beauty,Event Walk-in,652.97,409.82,Completed
ORD_5886,CUST_1119,2024-08-02,Limited Collection,Instagram,41.27,23.39,Completed
ORD_5887,CUST_1321,2025-06-18,Limited Collection,Event Walk-in,99.7,62.19,Completed
ORD_5888,CUST_703,2024-03-19,Fashion,Instagram,122.8,46.27,Completed
ORD_5889,CUST_1421,2024-03-23,Accessories,Partnership,48.14,17.54,Cancelled
ORD_5890,CUST_879,2025-06-24,Premium Box,LinkedIn,152.72,106.08,Completed
ORD_5891,CUST_68,2024-10-14,Beauty,Partnership,52.8,31.74,Completed
ORD_5892,CUST_1125,2024-01-05,Fashion,LinkedIn,338.2,225.4,Completed
ORD_5893,CUST_644,2024-02-23,Subscription Box,Referral,671.65,270.83,Completed
ORD_5894,CUST_271,2025-06-29,Limited Collection,Google Search,424.65,313.02,Refunded
ORD_5895,CUST_1022,2024-03-03,Subscription Box,Partnership,146.72,65.59,Completed
ORD_5896,CUST_825,2024-07-20,Beauty,LinkedIn,479.02,212.14,Completed
ORD_5897,CUST_1271,2024-05-31,Subscription Box,Event Walk-in,283.71,148.46,Completed
ORD_5898,CUST_107,2024-03-22,Fashion,LinkedIn,67.61,45.88,Completed
ORD_5899,CUST_609,2025-06-06,Fashion,Instagram,168.3,122.81,Completed
ORD_5900,CUST_1107,2025-03-01,Limited Collection,LinkedIn,91.23,36.95,Completed
ORD_5901,CUST_578,2025-04-20,Beauty,LinkedIn,512.7,217.91,Cancelled
ORD_5902,CUST_1207,2025-06-15,Fashion,Google Search,333.87,161.55,Completed
ORD_5903,CUST_761,2025-04-19,Accessories,Google Search,181.49,114.35,Completed
ORD_5904,CUST_161,2024-02-02,Premium Box,Referral,270.12,181.11,Completed
ORD_5905,CUST_270,2024-03-16,Limited Collection,Partnership,344.98,244.52,Refunded
ORD_5906,CUST_476,2024-01-19,Premium Box,Referral,91.13,59.65,Completed
ORD_5907,CUST_1351,2024-12-24,Gift Card,Partnership,265.02,165.01,Completed
ORD_5908,CUST_905,2024-12-08,Premium Box,TikTok,279.86,129.19,Completed
ORD_5909,CUST_133,2025-01-14,Beauty,Event Walk-in,94.11,66.74,Completed
ORD_5910,CUST_139,2024-01-24,Fashion,Partnership,282.05,165.01,Completed
ORD_5911,CUST_294,2025-03-21,Gift Card,LinkedIn,573.91,418.44,Refunded
ORD_5912,CUST_1220,2024-03-25,Premium Box,LinkedIn,601.25,220.6,Completed
ORD_5913,CUST_438,2024-05-18,Subscription Box,Instagram,418.69,305.95,Completed
ORD_5914,CUST_82,2024-11-21,Beauty,TikTok,494.64,216.9,Completed
ORD_5915,CUST_644,2024-12-04,Accessories,Referral,678.78,304.24,Refunded
ORD_5916,CUST_840,2024-04-05,Gift Card,Google Search,606.9,357.71,Completed
ORD_5917,CUST_105,2025-03-14,Fashion,Partnership,280.47,186.01,Completed
ORD_5918,CUST_1298,2025-02-20,Limited Collection,TikTok,342.58,156.73,Completed
ORD_5919,CUST_195,2024-10-12,Subscription Box,Google Search,512.01,322.78,Completed
ORD_5920,CUST_223,2024-06-25,Gift Card,Referral,446.27,311.81,Refunded
ORD_5921,CUST_197,2025-06-03,Accessories,Partnership,282.61,153.91,Completed
ORD_5922,CUST_843,2024-09-04,Fashion,LinkedIn,456.86,336.22,Refunded
ORD_5923,CUST_739,2024-10-29,Gift Card,Event Walk-in,506.35,254.78,Refunded
ORD_5924,CUST_525,2024-05-28,Beauty,Event Walk-in,556.38,272.22,Refunded
ORD_5925,CUST_769,2024-09-29,Premium Box,TikTok,22.4,15.14,Completed
ORD_5926,CUST_1436,2025-04-24,Premium Box,Event Walk-in,113.47,51.11,Completed
ORD_5927,CUST_151,2025-02-21,Subscription Box,Referral,260.91,138.14,Completed
ORD_5928,CUST_1159,2024-05-07,Fashion,LinkedIn,56.45,33.65,Completed
ORD_5929,CUST_662,2025-04-19,Fashion,Partnership,683.83,322.35,Completed
ORD_5930,CUST_397,2024-04-05,Subscription Box,TikTok,417.12,219.35,Completed
ORD_5931,CUST_625,2024-06-09,Fashion,Partnership,495.17,275.31,Refunded
ORD_5932,CUST_464,2025-05-01,Beauty,Referral,303.75,129.58,Completed
ORD_5933,CUST_745,2025-03-23,Premium Box,Partnership,389.13,192.5,Completed
ORD_5934,CUST_1015,2025-04-29,Fashion,Instagram,217.29,87.78,Completed
ORD_5935,CUST_488,2024-12-05,Premium Box,Google Search,531.55,276.99,Completed
ORD_5936,CUST_1104,2024-02-13,Beauty,Referral,121.65,47.85,Completed
ORD_5937,CUST_1066,2024-08-23,Limited Collection,Partnership,529.47,341.48,Completed
ORD_5938,CUST_914,2024-11-17,Fashion,TikTok,217.55,110.7,Completed
ORD_5939,CUST_1495,2025-05-23,Gift Card,Partnership,697.07,522.28,Refunded
ORD_5940,CUST_1338,2024-08-23,Gift Card,Google Search,441.66,313.07,Completed
ORD_5941,CUST_750,2025-05-11,Beauty,Instagram,481.65,347.57,Completed
ORD_5942,CUST_1234,2024-01-30,Premium Box,Referral,415.25,237.59,Refunded
ORD_5943,CUST_728,2024-12-18,Limited Collection,Event Walk-in,166.75,83.13,Completed
ORD_5944,CUST_163,2024-05-03,Beauty,TikTok,268.82,138.96,Completed
ORD_5945,CUST_1296,2025-01-03,Fashion,TikTok,297.68,130.62,Completed
ORD_5946,CUST_821,2024-02-17,Fashion,Event Walk-in,409.37,252.31,Completed
ORD_5947,CUST_1415,2024-04-20,Beauty,Instagram,69.28,42.99,Completed
ORD_5948,CUST_3,2025-06-23,Beauty,TikTok,483.83,292.18,Cancelled
ORD_5949,CUST_895,2024-10-06,Limited Collection,Event Walk-in,313.92,207.11,Refunded
ORD_5950,CUST_493,2025-03-18,Fashion,LinkedIn,324.36,125.69,Completed
ORD_5951,CUST_1457,2024-03-26,Fashion,TikTok,479.42,178.59,Completed
ORD_5952,CUST_893,2024-11-30,Limited Collection,Google Search,355.7,153.45,Completed
ORD_5953,CUST_909,2025-04-21,Subscription Box,Google Search,131.24,90.29,Completed
ORD_5954,CUST_1264,2024-02-28,Limited Collection,Partnership,655.92,392.57,Completed
ORD_5955,CUST_1350,2024-02-29,Gift Card,Event Walk-in,327.43,196.02,Completed
ORD_5956,CUST_1280,2024-12-15,Subscription Box,Partnership,246.89,152.81,Completed
ORD_5957,CUST_1099,2024-08-23,Limited Collection,Google Search,540.03,225.22,Completed
ORD_5958,CUST_1038,2025-01-03,Limited Collection,Google Search,339.9,142.74,Refunded
ORD_5959,CUST_944,2025-01-20,Beauty,Partnership,57.57,23.3,Completed
ORD_5960,CUST_1134,2024-11-05,Accessories,TikTok,314.91,120.64,Completed
ORD_5961,CUST_665,2024-10-09,Subscription Box,Referral,640.0,461.5,Completed
ORD_5962,CUST_237,2024-04-26,Limited Collection,LinkedIn,441.97,283.31,Completed
ORD_5963,CUST_26,2024-06-26,Subscription Box,Referral,269.8,117.81,Completed
ORD_5964,CUST_237,2024-02-18,Fashion,LinkedIn,403.6,298.89,Completed
ORD_5965,CUST_653,2025-03-30,Beauty,Google Search,203.09,73.54,Completed
ORD_5966,CUST_222,2025-04-21,Subscription Box,TikTok,273.85,137.48,Refunded
ORD_5967,CUST_410,2024-12-18,Premium Box,Event Walk-in,213.62,150.32,Refunded
ORD_5968,CUST_107,2024-02-06,Limited Collection,LinkedIn,619.71,231.01,Completed
ORD_5969,CUST_1168,2024-03-06,Gift Card,Referral,415.75,279.36,Completed
ORD_5970,CUST_289,2024-01-13,Gift Card,LinkedIn,283.34,164.18,Completed
ORD_5971,CUST_511,2025-05-21,Limited Collection,Instagram,185.05,129.91,Completed
ORD_5972,CUST_1393,2025-03-13,Limited Collection,Google Search,558.6,384.97,Completed
ORD_5973,CUST_1061,2024-03-06,Accessories,Referral,492.51,339.69,Completed
ORD_5974,CUST_1360,2024-11-06,Premium Box,TikTok,28.83,19.0,Completed
ORD_5975,CUST_131,2024-12-29,Accessories,Event Walk-in,385.11,208.57,Completed
ORD_5976,CUST_548,2024-08-15,Fashion,TikTok,325.41,218.87,Completed
ORD_5977,CUST_234,2024-02-14,Beauty,Instagram,615.58,446.47,Cancelled
ORD_5978,CUST_1196,2025-03-14,Limited Collection,TikTok,664.11,374.5,Completed
ORD_5979,CUST_85,2025-03-30,Accessories,Instagram,125.45,68.05,Completed
ORD_5980,CUST_250,2024-07-06,Premium Box,Google Search,283.28,109.77,Completed
ORD_5981,CUST_788,2024-03-13,Accessories,LinkedIn,408.23,184.0,Completed
ORD_5982,CUST_231,2024-03-05,Beauty,LinkedIn,377.81,158.32,Cancelled
ORD_5983,CUST_291,2024-12-24,Beauty,Instagram,542.14,294.39,Completed
ORD_5984,CUST_295,2025-02-19,Accessories,Instagram,450.13,198.64,Completed
ORD_5985,CUST_1219,2025-05-22,Limited Collection,TikTok,32.9,18.22,Completed
ORD_5986,CUST_634,2025-04-07,Accessories,Partnership,643.56,327.63,Completed
ORD_5987,CUST_192,2024-12-07,Limited Collection,LinkedIn,517.61,212.51,Completed
ORD_5988,CUST_632,2025-03-03,Limited Collection,TikTok,520.58,298.97,Refunded
ORD_5989,CUST_1394,2024-10-16,Limited Collection,Instagram,552.77,284.54,Completed
ORD_5990,CUST_1334,2025-03-31,Subscription Box,Partnership,215.04,106.42,Completed
ORD_5991,CUST_1409,2024-09-19,Accessories,Instagram,200.27,82.36,Completed
ORD_5992,CUST_205,2024-06-22,Subscription Box,Google Search,318.17,169.23,Completed
ORD_5993,CUST_1360,2024-06-01,Accessories,TikTok,679.67,446.25,Completed
ORD_5994,CUST_229,2024-05-21,Beauty,LinkedIn,288.81,179.39,Completed
ORD_5995,CUST_262,2025-06-17,Gift Card,Event Walk-in,177.83,79.67,Completed
ORD_5996,CUST_1351,2024-03-15,Beauty,Partnership,340.58,230.87,Completed
ORD_5997,CUST_1251,2024-10-15,Beauty,Instagram,633.62,284.83,Completed
ORD_5998,CUST_782,2024-04-17,Gift Card,Google Search,580.6,395.55,Cancelled
ORD_5999,CUST_202,2024-02-07,Fashion,Event Walk-in,490.82,275.55,Completed
ORD_6000,CUST_176,2024-09-09,Limited Collection,Partnership,567.63,356.58,Completed
ORD_6001,CUST_575,2024-11-12,Gift Card,LinkedIn,645.27,397.67,Completed
ORD_6002,CUST_975,2024-02-27,Fashion,Referral,593.34,227.8,Refunded
ORD_6003,CUST_1363,2024-11-05,Fashion,Google Search,334.34,138.84,Completed
ORD_6004,CUST_1176,2025-05-09,Subscription Box,Partnership,319.66,212.68,Completed
ORD_6005,CUST_776,2024-04-09,Limited Collection,Google Search,66.69,44.67,Completed
ORD_6006,CUST_655,2025-06-05,Beauty,LinkedIn,151.7,62.87,Completed
ORD_6007,CUST_676,2025-01-13,Subscription Box,Instagram,68.09,43.93,Completed
ORD_6008,CUST_699,2024-01-07,Limited Collection,Google Search,330.97,236.14,Completed
ORD_6009,CUST_979,2025-04-07,Fashion,Referral,137.39,96.81,Completed
ORD_6010,CUST_956,2024-06-30,Accessories,Instagram,200.39,139.39,Completed
ORD_6011,CUST_1292,2024-03-16,Subscription Box,Event Walk-in,201.09,85.48,Completed
ORD_6012,CUST_777,2024-08-16,Subscription Box,TikTok,181.97,104.84,Completed
ORD_6013,CUST_438,2025-04-13,Gift Card,Instagram,565.25,422.77,Completed
ORD_6014,CUST_1376,2025-04-08,Premium Box,Google Search,367.27,224.75,Completed
ORD_6015,CUST_1016,2025-04-28,Accessories,TikTok,637.3,307.75,Completed
ORD_6016,CUST_1046,2025-02-02,Premium Box,Partnership,274.83,103.71,Completed
ORD_6017,CUST_98,2024-01-03,Gift Card,Partnership,329.88,130.51,Refunded
ORD_6018,CUST_775,2024-05-30,Fashion,Partnership,629.36,413.16,Refunded
ORD_6019,CUST_1403,2025-05-12,Subscription Box,Referral,400.69,261.49,Completed
ORD_6020,CUST_174,2024-03-16,Gift Card,LinkedIn,338.0,177.79,Completed
ORD_6021,CUST_232,2024-05-19,Premium Box,Referral,416.01,160.91,Completed
ORD_6022,CUST_1083,2024-01-29,Gift Card,Google Search,680.56,392.14,Completed
ORD_6023,CUST_686,2025-02-18,Gift Card,Instagram,88.43,64.87,Completed
ORD_6024,CUST_1493,2024-09-16,Subscription Box,Referral,214.83,156.77,Completed
ORD_6025,CUST_67,2024-06-30,Limited Collection,Google Search,59.39,36.32,Completed
ORD_6026,CUST_394,2024-09-10,Accessories,Partnership,377.2,248.11,Completed
ORD_6027,CUST_866,2025-03-28,Premium Box,Event Walk-in,603.94,418.33,Completed
ORD_6028,CUST_279,2025-01-09,Limited Collection,Google Search,97.15,55.29,Refunded
ORD_6029,CUST_306,2025-04-15,Beauty,TikTok,65.65,25.58,Completed
ORD_6030,CUST_325,2024-03-28,Subscription Box,TikTok,78.3,44.99,Completed
ORD_6031,CUST_1019,2024-10-22,Gift Card,TikTok,342.06,243.46,Completed
ORD_6032,CUST_724,2024-11-17,Limited Collection,LinkedIn,22.5,10.53,Completed
ORD_6033,CUST_1337,2024-10-07,Accessories,Partnership,539.29,381.87,Completed
ORD_6034,CUST_228,2024-10-24,Accessories,TikTok,451.19,224.5,Cancelled
ORD_6035,CUST_207,2024-05-02,Beauty,Event Walk-in,231.88,118.33,Completed
ORD_6036,CUST_646,2024-04-23,Subscription Box,Partnership,201.5,102.44,Completed
ORD_6037,CUST_1090,2025-01-30,Fashion,TikTok,565.53,404.96,Completed
ORD_6038,CUST_878,2025-05-27,Beauty,Referral,119.9,56.83,Completed
ORD_6039,CUST_1044,2024-08-29,Gift Card,Instagram,567.08,383.74,Completed
ORD_6040,CUST_1489,2024-02-05,Gift Card,Google Search,392.63,220.69,Completed
ORD_6041,CUST_1039,2025-03-16,Fashion,Event Walk-in,241.01,107.15,Refunded
ORD_6042,CUST_401,2024-10-26,Premium Box,LinkedIn,380.97,231.43,Completed
ORD_6043,CUST_503,2025-03-28,Accessories,Event Walk-in,20.1,10.03,Completed
ORD_6044,CUST_35,2024-05-16,Accessories,Google Search,196.57,92.23,Completed
ORD_6045,CUST_836,2025-06-25,Subscription Box,LinkedIn,236.91,114.47,Completed
ORD_6046,CUST_464,2024-04-21,Limited Collection,Referral,41.02,19.14,Completed
ORD_6047,CUST_557,2025-05-09,Fashion,Instagram,301.0,199.32,Completed
ORD_6048,CUST_79,2025-05-14,Limited Collection,Referral,305.85,151.33,Refunded
ORD_6049,CUST_1146,2024-09-17,Limited Collection,LinkedIn,47.12,30.34,Completed
ORD_6050,CUST_1474,2024-06-12,Premium Box,Event Walk-in,294.67,121.86,Completed
ORD_6051,CUST_1199,2024-04-18,Fashion,Event Walk-in,656.67,313.22,Completed
ORD_6052,CUST_1323,2024-06-15,Premium Box,LinkedIn,541.86,326.25,Completed
ORD_6053,CUST_1012,2024-01-15,Premium Box,Instagram,611.89,302.75,Completed
ORD_6054,CUST_907,2024-07-28,Subscription Box,TikTok,677.9,441.35,Completed
ORD_6055,CUST_1334,2024-09-01,Beauty,Partnership,216.41,157.31,Completed
ORD_6056,CUST_606,2024-02-28,Subscription Box,Instagram,205.24,106.63,Refunded
ORD_6057,CUST_68,2025-02-11,Subscription Box,Partnership,111.58,78.25,Completed
ORD_6058,CUST_948,2024-06-15,Subscription Box,Event Walk-in,80.83,50.01,Completed
ORD_6059,CUST_1343,2025-01-31,Beauty,Referral,207.65,131.97,Completed
ORD_6060,CUST_959,2024-04-07,Gift Card,LinkedIn,520.9,192.1,Completed
ORD_6061,CUST_1204,2025-04-12,Limited Collection,Referral,460.68,311.18,Completed
ORD_6062,CUST_688,2024-03-22,Subscription Box,Referral,506.04,283.36,Completed
ORD_6063,CUST_1326,2024-03-25,Beauty,Partnership,272.29,114.8,Completed
ORD_6064,CUST_1074,2024-08-22,Premium Box,Partnership,280.89,132.68,Completed
ORD_6065,CUST_1384,2025-02-18,Premium Box,TikTok,525.49,389.24,Refunded
ORD_6066,CUST_49,2025-03-26,Limited Collection,LinkedIn,362.8,201.48,Cancelled
ORD_6067,CUST_617,2025-03-17,Subscription Box,Referral,164.73,93.65,Cancelled
ORD_6068,CUST_920,2025-03-24,Limited Collection,Google Search,86.28,62.9,Completed
ORD_6069,CUST_106,2024-06-26,Premium Box,Referral,429.04,280.2,Completed
ORD_6070,CUST_1424,2024-04-06,Subscription Box,Instagram,649.06,252.75,Completed
ORD_6071,CUST_717,2025-03-19,Subscription Box,Google Search,283.3,197.25,Completed
ORD_6072,CUST_235,2025-02-20,Gift Card,TikTok,653.64,262.08,Completed
ORD_6073,CUST_40,2025-05-19,Fashion,Google Search,593.29,334.77,Completed
ORD_6074,CUST_61,2024-08-08,Beauty,Instagram,136.4,54.49,Cancelled
ORD_6075,CUST_1,2024-04-23,Subscription Box,Referral,121.79,57.12,Completed
ORD_6076,CUST_57,2024-03-15,Gift Card,Partnership,363.67,166.73,Completed
ORD_6077,CUST_631,2024-05-23,Fashion,TikTok,673.61,310.58,Completed
ORD_6078,CUST_144,2024-05-06,Subscription Box,Google Search,445.19,179.4,Completed
ORD_6079,CUST_1194,2025-03-30,Gift Card,Referral,153.12,100.89,Cancelled
ORD_6080,CUST_18,2025-02-16,Subscription Box,LinkedIn,426.44,232.09,Completed
ORD_6081,CUST_353,2024-08-12,Fashion,LinkedIn,465.03,313.68,Completed
ORD_6082,CUST_811,2025-05-01,Beauty,Google Search,626.69,409.73,Completed
ORD_6083,CUST_1389,2024-06-02,Limited Collection,Referral,483.0,190.71,Completed
ORD_6084,CUST_330,2024-05-27,Premium Box,Event Walk-in,677.65,435.3,Completed
ORD_6085,CUST_470,2025-02-28,Gift Card,Instagram,490.97,206.03,Completed
ORD_6086,CUST_1094,2025-04-03,Limited Collection,Instagram,521.22,281.76,Completed
ORD_6087,CUST_943,2024-01-10,Accessories,TikTok,82.6,58.3,Completed
ORD_6088,CUST_25,2024-12-22,Gift Card,Google Search,613.98,457.46,Completed
ORD_6089,CUST_264,2024-01-18,Premium Box,TikTok,36.2,13.84,Completed
ORD_6090,CUST_208,2025-01-21,Limited Collection,LinkedIn,479.8,265.56,Completed
ORD_6091,CUST_235,2024-09-11,Premium Box,TikTok,311.71,194.28,Completed
ORD_6092,CUST_1341,2024-10-03,Accessories,Instagram,606.78,222.0,Completed
ORD_6093,CUST_54,2025-05-29,Premium Box,Referral,52.6,33.64,Completed
ORD_6094,CUST_35,2025-01-10,Limited Collection,Google Search,340.14,254.36,Completed
ORD_6095,CUST_1339,2024-05-08,Subscription Box,Partnership,454.49,227.17,Refunded
ORD_6096,CUST_95,2025-05-19,Limited Collection,Referral,541.61,323.32,Completed
ORD_6097,CUST_793,2024-05-28,Gift Card,TikTok,508.47,250.9,Completed
ORD_6098,CUST_103,2025-06-02,Beauty,Partnership,356.25,143.35,Completed
ORD_6099,CUST_1460,2024-03-19,Limited Collection,Event Walk-in,467.92,339.11,Completed
ORD_6100,CUST_95,2024-08-07,Premium Box,Referral,273.03,196.02,Completed
ORD_6101,CUST_1037,2024-09-29,Beauty,Referral,91.72,68.14,Completed
ORD_6102,CUST_801,2024-03-10,Fashion,Event Walk-in,491.61,321.46,Refunded
ORD_6103,CUST_1173,2024-05-16,Gift Card,Google Search,613.66,357.08,Completed
ORD_6104,CUST_164,2024-03-09,Fashion,TikTok,613.46,448.7,Completed
ORD_6105,CUST_1150,2024-03-08,Gift Card,Instagram,236.95,94.59,Completed
ORD_6106,CUST_1133,2024-06-03,Premium Box,Instagram,334.93,169.12,Completed
ORD_6107,CUST_1318,2025-01-21,Gift Card,TikTok,517.6,210.72,Refunded
ORD_6108,CUST_1361,2024-07-14,Limited Collection,Google Search,150.65,85.91,Completed
ORD_6109,CUST_459,2024-08-05,Premium Box,Event Walk-in,437.06,163.53,Completed
ORD_6110,CUST_707,2025-04-23,Beauty,Referral,212.82,85.4,Refunded
ORD_6111,CUST_650,2024-06-09,Premium Box,Instagram,242.37,94.44,Completed
ORD_6112,CUST_297,2024-11-10,Beauty,Referral,668.55,282.51,Completed
ORD_6113,CUST_911,2025-03-01,Subscription Box,TikTok,317.85,210.29,Completed
ORD_6114,CUST_138,2024-08-04,Fashion,LinkedIn,391.31,286.46,Completed
ORD_6115,CUST_430,2024-05-16,Subscription Box,TikTok,494.97,299.35,Completed
ORD_6116,CUST_1209,2024-05-20,Premium Box,TikTok,591.32,283.25,Completed
ORD_6117,CUST_1284,2024-10-01,Beauty,Event Walk-in,283.86,139.18,Completed
ORD_6118,CUST_1185,2025-04-13,Fashion,Referral,57.02,27.04,Completed
ORD_6119,CUST_461,2025-02-19,Beauty,Partnership,583.88,325.69,Completed
ORD_6120,CUST_1082,2025-05-11,Premium Box,Partnership,432.26,219.86,Completed
ORD_6121,CUST_502,2025-05-07,Limited Collection,LinkedIn,304.46,165.24,Completed
ORD_6122,CUST_876,2024-11-10,Limited Collection,TikTok,160.93,57.33,Completed
ORD_6123,CUST_737,2024-11-18,Premium Box,LinkedIn,116.21,44.29,Completed
ORD_6124,CUST_1347,2024-04-30,Beauty,Instagram,563.06,333.37,Completed
ORD_6125,CUST_234,2024-01-24,Premium Box,Instagram,250.38,122.6,Completed
ORD_6126,CUST_124,2024-02-15,Gift Card,TikTok,149.28,80.05,Completed
ORD_6127,CUST_1247,2025-05-22,Beauty,TikTok,222.36,89.22,Completed
ORD_6128,CUST_990,2024-12-07,Fashion,Event Walk-in,467.88,298.96,Completed
ORD_6129,CUST_38,2024-12-29,Subscription Box,Instagram,533.82,327.15,Completed
ORD_6130,CUST_150,2024-02-23,Fashion,Partnership,311.49,188.66,Completed
ORD_6131,CUST_93,2025-06-16,Fashion,TikTok,183.1,122.74,Completed
ORD_6132,CUST_314,2024-03-14,Fashion,Instagram,277.08,158.45,Refunded
ORD_6133,CUST_558,2024-12-12,Subscription Box,LinkedIn,165.25,111.24,Completed
ORD_6134,CUST_99,2025-01-08,Gift Card,Partnership,67.74,45.8,Completed
ORD_6135,CUST_976,2024-07-27,Gift Card,TikTok,362.21,185.5,Completed
ORD_6136,CUST_1337,2024-08-10,Gift Card,Partnership,272.86,170.78,Completed
ORD_6137,CUST_1090,2025-03-16,Beauty,TikTok,231.97,85.68,Cancelled
ORD_6138,CUST_196,2025-05-01,Accessories,LinkedIn,665.1,425.01,Completed
ORD_6139,CUST_734,2024-10-27,Beauty,Partnership,451.81,325.94,Completed
ORD_6140,CUST_1428,2024-07-08,Gift Card,TikTok,363.71,195.13,Completed
ORD_6141,CUST_896,2024-06-11,Premium Box,TikTok,44.96,16.36,Completed
ORD_6142,CUST_1389,2025-02-02,Gift Card,Referral,364.8,161.67,Refunded
ORD_6143,CUST_1004,2024-10-17,Subscription Box,Partnership,229.12,106.1,Completed
ORD_6144,CUST_194,2025-06-13,Beauty,LinkedIn,52.05,35.75,Cancelled
ORD_6145,CUST_1146,2024-12-09,Limited Collection,LinkedIn,133.17,57.11,Completed
ORD_6146,CUST_382,2024-09-22,Gift Card,TikTok,79.88,34.97,Completed
ORD_6147,CUST_482,2025-05-09,Subscription Box,Referral,654.23,445.59,Completed
ORD_6148,CUST_1313,2024-05-27,Beauty,Referral,342.45,249.84,Completed
ORD_6149,CUST_247,2025-04-27,Gift Card,LinkedIn,555.78,377.11,Completed
ORD_6150,CUST_558,2024-02-14,Gift Card,LinkedIn,192.44,134.6,Completed
ORD_6151,CUST_525,2024-11-09,Fashion,Event Walk-in,150.66,86.78,Completed
ORD_6152,CUST_1091,2025-02-26,Premium Box,Event Walk-in,654.96,341.25,Refunded
ORD_6153,CUST_828,2024-04-18,Accessories,Event Walk-in,121.13,61.51,Completed
ORD_6154,CUST_1364,2025-05-22,Limited Collection,TikTok,224.47,139.62,Completed
ORD_6155,CUST_1314,2024-05-14,Accessories,Event Walk-in,289.96,159.41,Completed
ORD_6156,CUST_657,2025-05-22,Gift Card,Instagram,647.86,401.54,Completed
ORD_6157,CUST_145,2024-04-11,Accessories,Partnership,108.09,73.67,Completed
ORD_6158,CUST_564,2025-01-13,Fashion,LinkedIn,463.53,309.94,Completed
ORD_6159,CUST_316,2025-05-18,Premium Box,Event Walk-in,294.97,204.02,Completed
ORD_6160,CUST_1034,2025-01-20,Gift Card,Google Search,250.49,96.95,Completed
ORD_6161,CUST_413,2024-07-06,Fashion,Instagram,37.57,15.06,Completed
ORD_6162,CUST_1435,2024-05-02,Limited Collection,Google Search,601.03,304.67,Completed
ORD_6163,CUST_737,2024-06-19,Subscription Box,LinkedIn,384.84,216.48,Completed
ORD_6164,CUST_561,2024-03-04,Subscription Box,Google Search,501.24,207.38,Completed
ORD_6165,CUST_1163,2024-07-19,Premium Box,Event Walk-in,350.22,200.92,Completed
ORD_6166,CUST_88,2024-11-27,Fashion,TikTok,360.06,220.07,Completed
ORD_6167,CUST_891,2024-03-17,Gift Card,Referral,353.42,223.66,Refunded
ORD_6168,CUST_678,2025-03-12,Fashion,Instagram,341.2,217.07,Completed
ORD_6169,CUST_85,2024-06-30,Gift Card,Instagram,311.91,219.46,Completed
ORD_6170,CUST_290,2025-03-13,Gift Card,LinkedIn,63.7,31.1,Cancelled
ORD_6171,CUST_167,2024-12-04,Gift Card,Instagram,445.22,236.04,Completed
ORD_6172,CUST_45,2024-06-09,Premium Box,Google Search,117.18,64.83,Completed
ORD_6173,CUST_937,2024-11-05,Beauty,Google Search,547.07,392.06,Refunded
ORD_6174,CUST_839,2024-04-09,Premium Box,Referral,284.34,128.89,Completed
ORD_6175,CUST_579,2024-03-07,Subscription Box,Partnership,134.66,61.3,Completed
ORD_6176,CUST_208,2024-02-13,Limited Collection,LinkedIn,334.26,242.66,Completed
ORD_6177,CUST_229,2025-02-02,Accessories,LinkedIn,288.66,166.14,Cancelled
ORD_6178,CUST_687,2025-01-26,Fashion,Partnership,151.83,104.55,Completed
ORD_6179,CUST_1245,2024-06-04,Gift Card,Google Search,591.63,367.98,Cancelled
ORD_6180,CUST_763,2024-04-29,Gift Card,Referral,136.24,73.97,Completed
ORD_6181,CUST_1170,2024-08-15,Subscription Box,LinkedIn,570.58,214.15,Completed
ORD_6182,CUST_607,2025-04-20,Subscription Box,TikTok,324.57,155.46,Completed
ORD_6183,CUST_378,2024-10-08,Fashion,Referral,427.62,204.59,Completed
ORD_6184,CUST_517,2024-06-26,Gift Card,Event Walk-in,182.63,102.71,Completed
ORD_6185,CUST_1054,2025-03-14,Premium Box,TikTok,557.59,243.69,Completed
ORD_6186,CUST_739,2024-09-13,Accessories,Event Walk-in,554.76,385.46,Completed
ORD_6187,CUST_310,2025-04-30,Subscription Box,Event Walk-in,372.84,257.27,Completed
ORD_6188,CUST_709,2025-01-31,Limited Collection,Instagram,695.58,306.03,Completed
ORD_6189,CUST_955,2024-03-06,Beauty,Event Walk-in,649.9,390.45,Refunded
ORD_6190,CUST_594,2024-02-23,Accessories,Google Search,448.17,208.42,Completed
ORD_6191,CUST_316,2024-02-23,Limited Collection,Event Walk-in,481.51,282.7,Refunded
ORD_6192,CUST_818,2024-05-23,Gift Card,Partnership,642.41,409.35,Completed
ORD_6193,CUST_994,2024-08-25,Accessories,Instagram,673.23,460.97,Completed
ORD_6194,CUST_583,2024-12-01,Gift Card,Instagram,626.66,276.92,Completed
ORD_6195,CUST_1141,2024-10-15,Beauty,LinkedIn,373.14,208.77,Completed
ORD_6196,CUST_1472,2024-08-11,Fashion,Google Search,569.63,264.84,Completed
ORD_6197,CUST_56,2024-07-06,Gift Card,Google Search,573.88,414.79,Completed
ORD_6198,CUST_1185,2024-12-09,Subscription Box,Referral,664.11,285.96,Completed
ORD_6199,CUST_379,2024-12-09,Beauty,Google Search,644.4,294.75,Refunded
ORD_6200,CUST_47,2024-08-07,Gift Card,LinkedIn,480.61,332.68,Completed
ORD_6201,CUST_417,2024-10-22,Fashion,LinkedIn,387.53,247.66,Completed
ORD_6202,CUST_112,2025-03-10,Premium Box,Referral,321.98,189.94,Completed
ORD_6203,CUST_501,2024-07-01,Gift Card,Google Search,27.26,15.37,Completed
ORD_6204,CUST_1054,2024-11-30,Premium Box,TikTok,312.47,152.21,Completed
ORD_6205,CUST_1222,2024-02-14,Subscription Box,TikTok,323.86,161.15,Refunded
ORD_6206,CUST_747,2024-01-04,Gift Card,Referral,189.56,98.12,Completed
ORD_6207,CUST_713,2024-12-05,Subscription Box,LinkedIn,234.97,118.08,Completed
ORD_6208,CUST_1235,2024-03-12,Subscription Box,Instagram,619.5,263.89,Completed
ORD_6209,CUST_440,2024-05-01,Gift Card,LinkedIn,478.44,287.38,Completed
ORD_6210,CUST_1201,2024-04-02,Accessories,Partnership,395.29,290.12,Completed
ORD_6211,CUST_654,2025-01-19,Fashion,Event Walk-in,199.32,76.4,Refunded
ORD_6212,CUST_1260,2024-12-09,Accessories,Referral,252.73,108.31,Refunded
ORD_6213,CUST_288,2024-09-17,Gift Card,Event Walk-in,156.85,101.43,Completed
ORD_6214,CUST_686,2025-04-01,Gift Card,Instagram,51.94,31.55,Refunded
ORD_6215,CUST_648,2024-10-06,Fashion,Instagram,684.86,324.53,Refunded
ORD_6216,CUST_357,2024-11-15,Accessories,TikTok,61.22,25.41,Completed
ORD_6217,CUST_52,2025-06-17,Limited Collection,Instagram,103.03,57.47,Completed
ORD_6218,CUST_1277,2024-10-24,Gift Card,Event Walk-in,365.51,178.8,Completed
ORD_6219,CUST_1295,2025-06-07,Fashion,LinkedIn,404.86,222.97,Completed
ORD_6220,CUST_741,2024-01-26,Gift Card,Referral,630.1,255.28,Completed
ORD_6221,CUST_159,2024-11-24,Beauty,Google Search,176.04,93.45,Completed
ORD_6222,CUST_1299,2024-12-09,Gift Card,LinkedIn,189.35,83.79,Refunded
ORD_6223,CUST_1081,2025-05-28,Accessories,Partnership,470.35,310.19,Completed
ORD_6224,CUST_878,2025-01-28,Accessories,Referral,319.08,115.74,Cancelled
ORD_6225,CUST_391,2024-07-25,Premium Box,Instagram,552.06,278.84,Completed
ORD_6226,CUST_332,2024-04-19,Fashion,LinkedIn,605.21,286.7,Completed
ORD_6227,CUST_1244,2024-08-01,Fashion,Google Search,684.48,419.69,Completed
ORD_6228,CUST_938,2025-06-30,Premium Box,Google Search,224.83,142.28,Refunded
ORD_6229,CUST_872,2025-03-01,Premium Box,Google Search,501.48,192.44,Completed
ORD_6230,CUST_336,2024-06-28,Limited Collection,Instagram,208.87,134.74,Completed
ORD_6231,CUST_570,2024-10-01,Limited Collection,Referral,143.48,73.54,Completed
ORD_6232,CUST_71,2025-04-02,Accessories,Partnership,247.45,104.8,Completed
ORD_6233,CUST_30,2024-07-07,Subscription Box,Google Search,325.96,146.93,Completed
ORD_6234,CUST_1457,2025-05-15,Fashion,TikTok,244.64,96.22,Completed
ORD_6235,CUST_905,2024-12-20,Premium Box,TikTok,124.47,64.55,Completed
ORD_6236,CUST_905,2024-10-23,Accessories,TikTok,65.74,31.74,Refunded
ORD_6237,CUST_326,2024-07-16,Subscription Box,Partnership,688.58,378.51,Completed
ORD_6238,CUST_107,2024-02-03,Gift Card,LinkedIn,610.25,401.24,Refunded
ORD_6239,CUST_1498,2024-03-31,Gift Card,Referral,262.82,192.39,Completed
ORD_6240,CUST_907,2024-02-14,Gift Card,TikTok,690.4,513.69,Completed
ORD_6241,CUST_1107,2025-02-24,Beauty,LinkedIn,320.43,223.97,Completed
ORD_6242,CUST_78,2024-09-09,Limited Collection,Google Search,584.06,290.92,Completed
ORD_6243,CUST_1361,2025-03-20,Fashion,Google Search,510.83,350.84,Completed
ORD_6244,CUST_1042,2024-04-05,Accessories,Instagram,421.85,305.13,Completed
ORD_6245,CUST_676,2024-01-09,Subscription Box,Instagram,451.57,284.92,Completed
ORD_6246,CUST_499,2025-05-22,Accessories,TikTok,203.75,79.16,Completed
ORD_6247,CUST_474,2024-05-31,Fashion,Referral,103.26,53.21,Completed
ORD_6248,CUST_1048,2024-01-10,Limited Collection,Referral,261.13,110.54,Completed
ORD_6249,CUST_169,2025-06-08,Subscription Box,Instagram,594.33,279.41,Completed
ORD_6250,CUST_950,2024-02-20,Gift Card,Partnership,510.74,355.62,Completed
ORD_6251,CUST_825,2025-04-22,Subscription Box,LinkedIn,696.85,460.98,Completed
ORD_6252,CUST_1312,2025-04-02,Fashion,TikTok,365.42,173.77,Completed
ORD_6253,CUST_27,2024-12-04,Premium Box,TikTok,277.51,186.43,Completed
ORD_6254,CUST_1446,2024-07-11,Limited Collection,TikTok,308.35,156.7,Completed
ORD_6255,CUST_310,2025-05-23,Premium Box,Event Walk-in,516.5,381.99,Completed
ORD_6256,CUST_1331,2025-02-22,Subscription Box,Google Search,122.62,52.12,Cancelled
ORD_6257,CUST_1170,2024-03-05,Gift Card,LinkedIn,418.45,185.75,Completed
ORD_6258,CUST_878,2024-12-11,Premium Box,Referral,132.3,95.67,Completed
ORD_6259,CUST_574,2025-01-18,Limited Collection,Google Search,247.48,97.44,Completed
ORD_6260,CUST_360,2024-01-08,Limited Collection,Partnership,268.86,134.39,Completed
ORD_6261,CUST_587,2024-01-30,Limited Collection,TikTok,515.92,269.09,Completed
ORD_6262,CUST_176,2024-03-03,Accessories,Partnership,503.15,177.98,Completed
ORD_6263,CUST_1037,2024-08-08,Subscription Box,Referral,375.73,276.92,Completed
ORD_6264,CUST_658,2025-02-19,Subscription Box,Instagram,506.49,243.0,Completed
ORD_6265,CUST_678,2024-12-14,Gift Card,Instagram,420.22,241.88,Completed
ORD_6266,CUST_882,2024-08-26,Fashion,TikTok,321.74,206.3,Completed
ORD_6267,CUST_571,2024-09-11,Fashion,Event Walk-in,73.41,49.42,Completed
ORD_6268,CUST_85,2024-02-04,Beauty,Instagram,649.52,481.8,Completed
ORD_6269,CUST_597,2024-06-15,Accessories,LinkedIn,567.99,260.0,Completed
ORD_6270,CUST_1435,2025-05-06,Premium Box,Google Search,206.51,124.59,Completed
ORD_6271,CUST_1088,2025-03-06,Limited Collection,Partnership,523.2,301.56,Completed
ORD_6272,CUST_462,2025-04-01,Gift Card,Instagram,639.23,278.62,Completed
ORD_6273,CUST_333,2024-10-27,Fashion,Partnership,404.78,189.63,Completed
ORD_6274,CUST_793,2024-02-24,Limited Collection,TikTok,409.54,159.3,Completed
ORD_6275,CUST_86,2024-03-08,Fashion,Partnership,171.55,104.12,Completed
ORD_6276,CUST_1307,2024-06-08,Limited Collection,Google Search,665.56,326.92,Completed
ORD_6277,CUST_64,2025-03-20,Premium Box,TikTok,330.44,207.97,Completed
ORD_6278,CUST_37,2024-10-17,Subscription Box,Partnership,672.07,297.35,Cancelled
ORD_6279,CUST_334,2024-12-12,Accessories,Event Walk-in,416.42,279.09,Completed
ORD_6280,CUST_519,2025-04-03,Fashion,LinkedIn,69.32,46.25,Refunded
ORD_6281,CUST_833,2024-09-21,Beauty,Instagram,69.88,35.58,Cancelled
ORD_6282,CUST_90,2024-04-04,Premium Box,Partnership,379.9,155.64,Completed
ORD_6283,CUST_1117,2024-03-19,Gift Card,Instagram,58.77,28.89,Completed
ORD_6284,CUST_50,2024-08-26,Gift Card,Referral,179.47,118.09,Completed
ORD_6285,CUST_1211,2024-12-16,Subscription Box,LinkedIn,591.45,350.02,Completed
ORD_6286,CUST_507,2024-02-11,Accessories,LinkedIn,71.43,51.43,Refunded
ORD_6287,CUST_353,2024-08-20,Gift Card,LinkedIn,253.87,173.71,Completed
ORD_6288,CUST_238,2024-11-11,Subscription Box,Partnership,532.39,293.11,Completed
ORD_6289,CUST_1292,2024-10-14,Beauty,Event Walk-in,279.2,127.09,Completed
ORD_6290,CUST_476,2024-10-18,Premium Box,Referral,592.78,226.09,Completed
ORD_6291,CUST_165,2025-03-15,Beauty,TikTok,452.13,202.1,Completed
ORD_6292,CUST_730,2024-12-11,Beauty,Instagram,112.5,72.13,Completed
ORD_6293,CUST_322,2024-07-07,Limited Collection,Instagram,274.8,198.6,Completed
ORD_6294,CUST_70,2024-07-28,Premium Box,Partnership,513.81,341.88,Refunded
ORD_6295,CUST_1003,2024-08-26,Accessories,Referral,155.72,109.41,Cancelled
ORD_6296,CUST_1290,2024-03-22,Fashion,Partnership,689.14,354.71,Completed
ORD_6297,CUST_1168,2024-05-20,Accessories,Referral,399.48,231.71,Completed
ORD_6298,CUST_1280,2024-04-13,Gift Card,Partnership,671.27,413.95,Completed
ORD_6299,CUST_1104,2024-02-20,Premium Box,Referral,143.01,58.52,Refunded
ORD_6300,CUST_325,2024-10-30,Beauty,TikTok,93.19,36.25,Completed
ORD_6301,CUST_1271,2024-01-27,Accessories,Event Walk-in,541.57,242.78,Completed
ORD_6302,CUST_10,2025-02-17,Limited Collection,Instagram,263.42,109.63,Completed
ORD_6303,CUST_1125,2024-04-12,Accessories,LinkedIn,582.67,243.57,Completed
ORD_6304,CUST_639,2025-01-29,Subscription Box,Partnership,696.8,313.68,Refunded
ORD_6305,CUST_1287,2024-06-29,Premium Box,Google Search,184.04,76.46,Completed
ORD_6306,CUST_1167,2025-02-20,Subscription Box,TikTok,366.56,235.13,Cancelled
ORD_6307,CUST_183,2024-09-09,Limited Collection,Instagram,455.77,287.8,Completed
ORD_6308,CUST_957,2024-03-04,Limited Collection,TikTok,297.68,107.9,Completed
ORD_6309,CUST_4,2024-05-31,Gift Card,Google Search,573.65,419.34,Completed
ORD_6310,CUST_726,2024-03-15,Fashion,TikTok,535.03,373.54,Completed
ORD_6311,CUST_591,2024-05-01,Accessories,TikTok,475.23,193.08,Completed
ORD_6312,CUST_1074,2024-07-15,Premium Box,Partnership,332.3,217.35,Refunded
ORD_6313,CUST_844,2024-09-04,Fashion,Event Walk-in,496.45,266.58,Completed
ORD_6314,CUST_174,2024-10-24,Beauty,LinkedIn,286.47,156.5,Completed
ORD_6315,CUST_902,2024-04-16,Accessories,TikTok,541.09,296.05,Completed
ORD_6316,CUST_1433,2024-06-11,Subscription Box,Google Search,652.61,271.98,Completed
ORD_6317,CUST_1284,2024-08-31,Premium Box,Event Walk-in,513.44,291.39,Completed
ORD_6318,CUST_901,2025-05-22,Fashion,Instagram,404.87,204.28,Completed
ORD_6319,CUST_591,2025-01-14,Accessories,TikTok,554.71,221.2,Completed
ORD_6320,CUST_127,2024-04-05,Fashion,Google Search,275.0,188.72,Completed
ORD_6321,CUST_504,2025-03-14,Subscription Box,Event Walk-in,331.62,120.31,Completed
ORD_6322,CUST_51,2025-03-15,Beauty,Instagram,371.97,145.85,Completed
ORD_6323,CUST_938,2024-10-29,Fashion,Google Search,613.7,408.96,Completed
ORD_6324,CUST_410,2024-01-10,Gift Card,Event Walk-in,61.18,39.84,Completed
ORD_6325,CUST_266,2024-12-30,Premium Box,Partnership,43.86,16.14,Completed
ORD_6326,CUST_364,2024-11-04,Accessories,Event Walk-in,440.71,194.11,Completed
ORD_6327,CUST_364,2025-05-16,Fashion,Event Walk-in,217.52,145.19,Completed
ORD_6328,CUST_1304,2024-09-16,Beauty,TikTok,177.43,89.69,Completed
ORD_6329,CUST_225,2025-02-27,Beauty,LinkedIn,352.0,195.92,Completed
ORD_6330,CUST_1289,2025-01-07,Fashion,Partnership,145.41,68.52,Completed
ORD_6331,CUST_1370,2024-07-22,Fashion,Instagram,247.71,117.26,Completed
ORD_6332,CUST_1030,2024-03-24,Accessories,Referral,554.94,230.72,Completed
ORD_6333,CUST_345,2024-07-15,Limited Collection,TikTok,575.76,350.05,Refunded
ORD_6334,CUST_702,2024-11-15,Accessories,TikTok,428.24,282.78,Completed
ORD_6335,CUST_825,2024-02-28,Beauty,LinkedIn,67.08,39.36,Completed
ORD_6336,CUST_1454,2024-10-05,Fashion,Partnership,179.36,67.98,Completed
ORD_6337,CUST_1432,2025-03-19,Accessories,Instagram,278.93,103.35,Completed
ORD_6338,CUST_344,2025-01-07,Accessories,TikTok,135.43,71.96,Completed
ORD_6339,CUST_895,2024-05-19,Premium Box,Event Walk-in,363.42,186.39,Completed
ORD_6340,CUST_662,2024-07-06,Gift Card,Partnership,212.15,104.03,Completed
ORD_6341,CUST_998,2024-11-05,Accessories,Google Search,170.49,86.46,Completed
ORD_6342,CUST_1273,2024-04-18,Accessories,TikTok,304.1,136.98,Completed
ORD_6343,CUST_818,2025-01-29,Beauty,Partnership,148.11,110.35,Completed
ORD_6344,CUST_1432,2025-05-13,Limited Collection,Instagram,588.34,402.59,Completed
ORD_6345,CUST_399,2024-05-14,Gift Card,Referral,669.6,338.81,Completed
ORD_6346,CUST_217,2024-10-19,Accessories,Event Walk-in,303.73,224.64,Completed
ORD_6347,CUST_1483,2024-04-28,Subscription Box,Partnership,266.96,192.1,Completed
ORD_6348,CUST_487,2024-05-07,Gift Card,Instagram,104.53,53.14,Completed
ORD_6349,CUST_401,2024-02-28,Subscription Box,LinkedIn,693.38,256.63,Completed
ORD_6350,CUST_1188,2024-01-13,Gift Card,Instagram,133.01,77.83,Refunded
ORD_6351,CUST_1404,2024-01-29,Gift Card,Instagram,535.82,390.64,Completed
ORD_6352,CUST_215,2024-08-18,Gift Card,LinkedIn,483.97,309.86,Completed
ORD_6353,CUST_384,2025-04-04,Fashion,Event Walk-in,621.77,280.22,Completed
ORD_6354,CUST_978,2024-05-28,Fashion,LinkedIn,480.2,354.81,Cancelled
ORD_6355,CUST_974,2024-03-29,Limited Collection,LinkedIn,630.77,403.21,Refunded
ORD_6356,CUST_420,2025-04-22,Subscription Box,LinkedIn,313.67,143.07,Completed
ORD_6357,CUST_111,2024-02-12,Fashion,Instagram,533.45,236.44,Completed
ORD_6358,CUST_1290,2024-09-16,Gift Card,Partnership,571.71,225.74,Cancelled
ORD_6359,CUST_40,2024-04-02,Gift Card,Google Search,103.79,72.49,Completed
ORD_6360,CUST_915,2024-06-16,Gift Card,Event Walk-in,538.42,237.91,Completed
ORD_6361,CUST_1018,2024-11-02,Limited Collection,Event Walk-in,614.53,396.49,Cancelled
ORD_6362,CUST_1282,2024-08-14,Beauty,Event Walk-in,116.23,76.18,Completed
ORD_6363,CUST_271,2024-10-31,Gift Card,Google Search,308.31,140.89,Completed
ORD_6364,CUST_249,2025-01-02,Subscription Box,Event Walk-in,231.27,149.7,Completed
ORD_6365,CUST_145,2024-08-15,Limited Collection,Partnership,130.11,49.6,Completed
ORD_6366,CUST_375,2024-08-01,Accessories,LinkedIn,444.91,171.76,Completed
ORD_6367,CUST_51,2024-10-13,Limited Collection,Instagram,450.81,235.28,Completed
ORD_6368,CUST_1107,2024-07-06,Gift Card,LinkedIn,525.7,247.2,Refunded
ORD_6369,CUST_967,2024-06-03,Subscription Box,Partnership,271.18,177.44,Completed
ORD_6370,CUST_58,2025-04-29,Premium Box,TikTok,588.68,356.6,Completed
ORD_6371,CUST_1452,2024-07-03,Beauty,Partnership,159.06,86.23,Completed
ORD_6372,CUST_1288,2025-03-28,Fashion,Partnership,523.59,267.31,Completed
ORD_6373,CUST_356,2024-09-18,Beauty,TikTok,654.04,484.23,Completed
ORD_6374,CUST_192,2024-05-04,Accessories,LinkedIn,74.78,50.14,Completed
ORD_6375,CUST_678,2024-10-20,Gift Card,Instagram,49.34,18.06,Completed
ORD_6376,CUST_994,2024-05-17,Premium Box,Instagram,595.84,333.37,Completed
ORD_6377,CUST_619,2024-12-17,Beauty,LinkedIn,398.77,254.45,Completed
ORD_6378,CUST_1342,2025-01-06,Accessories,Instagram,637.74,461.55,Completed
ORD_6379,CUST_49,2025-05-27,Accessories,LinkedIn,572.33,293.39,Cancelled
ORD_6380,CUST_278,2024-04-10,Gift Card,TikTok,166.29,101.32,Refunded
ORD_6381,CUST_907,2025-06-26,Limited Collection,TikTok,407.8,168.88,Completed
ORD_6382,CUST_1293,2024-03-04,Beauty,Event Walk-in,462.83,249.03,Refunded
ORD_6383,CUST_1223,2025-04-28,Premium Box,Instagram,667.26,380.17,Completed
ORD_6384,CUST_1140,2024-09-15,Accessories,Google Search,262.82,184.58,Completed
ORD_6385,CUST_1440,2024-12-23,Subscription Box,Partnership,210.39,91.26,Refunded
ORD_6386,CUST_1088,2024-12-08,Beauty,Partnership,611.8,299.4,Completed
ORD_6387,CUST_672,2024-04-17,Fashion,LinkedIn,439.93,242.28,Completed
ORD_6388,CUST_1493,2024-03-12,Beauty,Referral,632.15,373.06,Refunded
ORD_6389,CUST_862,2025-06-29,Subscription Box,Google Search,536.76,239.54,Completed
ORD_6390,CUST_721,2024-03-24,Beauty,LinkedIn,100.59,65.86,Completed
ORD_6391,CUST_764,2025-03-13,Fashion,Google Search,305.58,145.66,Refunded
ORD_6392,CUST_172,2025-04-08,Premium Box,TikTok,681.41,433.4,Completed
ORD_6393,CUST_58,2024-04-03,Subscription Box,TikTok,202.88,116.52,Completed
ORD_6394,CUST_590,2025-04-11,Beauty,LinkedIn,76.57,45.97,Completed
ORD_6395,CUST_392,2024-04-12,Gift Card,TikTok,107.48,65.23,Completed
ORD_6396,CUST_1380,2025-06-13,Gift Card,Instagram,219.34,149.45,Completed
ORD_6397,CUST_1119,2024-08-11,Fashion,Instagram,82.27,52.54,Completed
ORD_6398,CUST_319,2024-11-29,Subscription Box,Event Walk-in,172.57,74.53,Completed
ORD_6399,CUST_161,2025-05-27,Fashion,Referral,161.46,98.76,Completed
ORD_6400,CUST_165,2024-02-26,Premium Box,TikTok,302.34,204.87,Completed
ORD_6401,CUST_100,2025-05-05,Fashion,TikTok,593.44,212.14,Refunded
ORD_6402,CUST_1375,2024-12-30,Accessories,Event Walk-in,120.08,72.8,Completed
ORD_6403,CUST_392,2024-02-07,Accessories,TikTok,227.11,89.41,Completed
ORD_6404,CUST_1322,2024-02-24,Fashion,Referral,154.34,97.31,Completed
ORD_6405,CUST_8,2025-01-24,Premium Box,Partnership,525.86,285.34,Completed
ORD_6406,CUST_931,2025-06-15,Gift Card,LinkedIn,408.67,266.35,Completed
ORD_6407,CUST_1339,2024-08-01,Limited Collection,Partnership,51.76,26.2,Completed
ORD_6408,CUST_824,2025-01-22,Beauty,Partnership,241.09,175.41,Completed
ORD_6409,CUST_833,2024-09-04,Subscription Box,Instagram,150.82,96.86,Completed
ORD_6410,CUST_163,2024-08-03,Premium Box,TikTok,229.21,107.71,Completed
ORD_6411,CUST_405,2025-03-15,Limited Collection,LinkedIn,422.11,147.93,Completed
ORD_6412,CUST_1111,2024-11-14,Premium Box,LinkedIn,21.12,10.77,Refunded
ORD_6413,CUST_1060,2024-05-26,Fashion,TikTok,267.61,131.14,Completed
ORD_6414,CUST_698,2025-06-19,Limited Collection,TikTok,396.66,207.83,Completed
ORD_6415,CUST_385,2024-02-22,Premium Box,Instagram,81.71,43.41,Refunded
ORD_6416,CUST_858,2024-06-02,Accessories,Instagram,188.91,137.53,Completed
ORD_6417,CUST_144,2024-03-30,Premium Box,Google Search,605.86,379.64,Completed
ORD_6418,CUST_1315,2024-02-28,Subscription Box,Google Search,533.25,276.14,Completed
ORD_6419,CUST_235,2025-05-03,Beauty,TikTok,610.06,268.09,Completed
ORD_6420,CUST_1115,2024-05-11,Accessories,Referral,309.03,176.12,Completed
ORD_6421,CUST_40,2024-05-12,Fashion,Google Search,350.69,124.7,Completed
ORD_6422,CUST_1170,2025-02-18,Premium Box,LinkedIn,145.51,91.07,Completed
ORD_6423,CUST_1467,2024-05-16,Accessories,LinkedIn,375.52,161.62,Completed
ORD_6424,CUST_461,2025-05-13,Fashion,Partnership,541.6,251.03,Completed
ORD_6425,CUST_829,2024-02-08,Fashion,TikTok,362.84,270.84,Refunded
ORD_6426,CUST_680,2024-10-18,Fashion,Event Walk-in,564.17,308.05,Completed
ORD_6427,CUST_908,2025-06-15,Limited Collection,TikTok,339.09,173.89,Completed
ORD_6428,CUST_165,2024-05-29,Premium Box,TikTok,562.98,420.56,Completed
ORD_6429,CUST_1365,2024-11-15,Limited Collection,Partnership,563.49,383.77,Completed
ORD_6430,CUST_1005,2024-08-17,Fashion,Referral,215.89,78.96,Completed
ORD_6431,CUST_105,2024-12-08,Limited Collection,Partnership,248.03,116.14,Completed
ORD_6432,CUST_483,2025-05-10,Beauty,Referral,51.68,38.49,Completed
ORD_6433,CUST_491,2024-12-25,Beauty,Event Walk-in,379.4,175.49,Completed
ORD_6434,CUST_1126,2025-05-05,Gift Card,TikTok,233.83,138.0,Completed
ORD_6435,CUST_1374,2025-04-11,Fashion,TikTok,405.12,177.88,Completed
ORD_6436,CUST_1022,2025-05-07,Gift Card,Partnership,128.13,50.31,Completed
ORD_6437,CUST_585,2025-03-28,Limited Collection,Partnership,229.07,95.82,Completed
ORD_6438,CUST_1259,2025-05-01,Subscription Box,Referral,146.22,63.16,Completed
ORD_6439,CUST_97,2024-02-10,Beauty,Referral,574.97,238.16,Completed
ORD_6440,CUST_1186,2024-05-05,Gift Card,TikTok,276.18,119.04,Refunded
ORD_6441,CUST_385,2024-09-13,Gift Card,Instagram,339.43,158.79,Completed
ORD_6442,CUST_1183,2025-01-13,Subscription Box,Partnership,27.01,16.51,Completed
ORD_6443,CUST_1091,2024-07-09,Beauty,Event Walk-in,263.48,152.26,Cancelled
ORD_6444,CUST_525,2025-05-09,Limited Collection,Event Walk-in,290.78,184.97,Completed
ORD_6445,CUST_673,2024-06-27,Beauty,Event Walk-in,667.74,322.49,Completed
ORD_6446,CUST_182,2024-10-05,Limited Collection,LinkedIn,250.57,161.47,Completed
ORD_6447,CUST_1269,2024-02-07,Limited Collection,Event Walk-in,346.84,257.62,Completed
ORD_6448,CUST_525,2024-02-19,Premium Box,Event Walk-in,470.32,291.87,Completed
ORD_6449,CUST_455,2024-05-24,Limited Collection,TikTok,661.53,393.41,Completed
ORD_6450,CUST_838,2024-08-25,Premium Box,Partnership,344.73,227.5,Completed
ORD_6451,CUST_132,2024-03-15,Accessories,Instagram,495.66,227.5,Completed
ORD_6452,CUST_1426,2025-04-30,Subscription Box,Google Search,86.72,60.04,Completed
ORD_6453,CUST_140,2024-10-27,Accessories,Partnership,126.41,74.35,Completed
ORD_6454,CUST_158,2024-10-09,Fashion,LinkedIn,547.31,358.89,Completed
ORD_6455,CUST_1315,2024-08-20,Premium Box,Google Search,653.56,424.37,Completed
ORD_6456,CUST_242,2024-01-06,Limited Collection,Event Walk-in,584.37,361.99,Completed
ORD_6457,CUST_614,2025-06-22,Limited Collection,Google Search,686.06,286.02,Refunded
ORD_6458,CUST_425,2024-03-04,Limited Collection,LinkedIn,223.22,130.06,Completed
ORD_6459,CUST_520,2024-06-19,Fashion,Partnership,678.74,485.79,Completed
ORD_6460,CUST_1490,2025-02-03,Accessories,Event Walk-in,535.1,258.24,Completed
ORD_6461,CUST_1050,2025-06-23,Subscription Box,Partnership,665.55,281.16,Refunded
ORD_6462,CUST_1187,2025-05-02,Subscription Box,Instagram,622.74,290.63,Completed
ORD_6463,CUST_227,2024-12-29,Beauty,TikTok,18.94,9.83,Completed
ORD_6464,CUST_522,2024-08-23,Limited Collection,Event Walk-in,415.49,157.66,Cancelled
ORD_6465,CUST_1088,2024-07-05,Subscription Box,Partnership,673.53,497.08,Cancelled
ORD_6466,CUST_1288,2024-12-25,Accessories,Partnership,39.75,25.63,Completed
ORD_6467,CUST_523,2024-11-24,Fashion,Instagram,50.94,30.17,Refunded
ORD_6468,CUST_113,2024-07-16,Fashion,TikTok,376.19,252.43,Completed
ORD_6469,CUST_994,2025-04-22,Beauty,Instagram,552.82,328.49,Cancelled
ORD_6470,CUST_795,2025-05-02,Subscription Box,TikTok,26.51,10.75,Completed
ORD_6471,CUST_532,2024-06-27,Premium Box,Event Walk-in,79.15,45.05,Cancelled
ORD_6472,CUST_642,2025-04-30,Fashion,Referral,389.15,235.72,Cancelled
ORD_6473,CUST_953,2024-09-12,Beauty,Event Walk-in,610.38,218.57,Refunded
ORD_6474,CUST_437,2024-04-26,Subscription Box,LinkedIn,30.2,20.77,Completed
ORD_6475,CUST_1101,2025-05-27,Subscription Box,TikTok,419.04,192.17,Completed
ORD_6476,CUST_325,2025-02-17,Beauty,TikTok,540.69,349.25,Completed
ORD_6477,CUST_1235,2024-05-08,Limited Collection,Instagram,237.9,123.67,Completed
ORD_6478,CUST_959,2025-06-21,Gift Card,LinkedIn,48.59,26.99,Refunded
ORD_6479,CUST_203,2025-04-21,Accessories,Google Search,57.38,21.18,Completed
ORD_6480,CUST_1166,2025-01-28,Fashion,Google Search,455.37,181.05,Completed
ORD_6481,CUST_1065,2025-06-27,Limited Collection,TikTok,403.35,197.96,Completed
ORD_6482,CUST_1462,2025-02-05,Beauty,Referral,131.29,85.66,Completed
ORD_6483,CUST_327,2024-04-26,Premium Box,LinkedIn,601.3,229.13,Completed
ORD_6484,CUST_865,2024-11-20,Fashion,Google Search,98.28,47.85,Completed
ORD_6485,CUST_869,2024-02-10,Gift Card,Instagram,540.78,263.18,Completed
ORD_6486,CUST_366,2025-04-20,Fashion,TikTok,615.19,348.48,Completed
ORD_6487,CUST_1244,2025-06-07,Limited Collection,Google Search,208.19,98.33,Completed
ORD_6488,CUST_404,2025-02-03,Gift Card,Referral,44.36,30.34,Completed
ORD_6489,CUST_49,2024-12-19,Fashion,LinkedIn,174.12,64.31,Completed
ORD_6490,CUST_912,2024-08-26,Fashion,Google Search,537.56,208.3,Completed
ORD_6491,CUST_524,2024-10-09,Beauty,Event Walk-in,247.81,183.94,Completed
ORD_6492,CUST_971,2025-04-03,Beauty,TikTok,537.32,255.61,Completed
ORD_6493,CUST_798,2025-04-02,Accessories,Google Search,690.85,403.93,Completed
ORD_6494,CUST_682,2025-02-02,Gift Card,Referral,574.82,276.17,Completed
ORD_6495,CUST_1331,2025-01-21,Accessories,Google Search,107.83,44.56,Completed
ORD_6496,CUST_1496,2024-03-19,Fashion,LinkedIn,298.13,208.92,Refunded
ORD_6497,CUST_604,2025-04-11,Limited Collection,Instagram,262.34,137.92,Completed
ORD_6498,CUST_1265,2024-04-11,Beauty,TikTok,517.93,331.73,Completed
ORD_6499,CUST_819,2024-09-20,Limited Collection,TikTok,157.85,69.74,Completed
ORD_6500,CUST_1486,2025-03-10,Accessories,LinkedIn,112.4,42.2,Refunded
ORD_6501,CUST_796,2024-11-23,Limited Collection,Partnership,93.93,60.65,Refunded
ORD_6502,CUST_89,2025-06-05,Beauty,LinkedIn,635.99,404.95,Completed
ORD_6503,CUST_1122,2024-03-07,Premium Box,Instagram,166.38,122.53,Completed
ORD_6504,CUST_1363,2025-05-09,Fashion,Google Search,477.63,223.24,Completed
ORD_6505,CUST_839,2024-04-13,Accessories,Referral,422.27,257.37,Cancelled
ORD_6506,CUST_1274,2024-05-01,Limited Collection,Referral,656.39,409.58,Refunded
ORD_6507,CUST_1241,2025-01-06,Premium Box,Referral,398.97,195.62,Completed
ORD_6508,CUST_1487,2024-08-31,Beauty,Partnership,487.28,236.02,Refunded
ORD_6509,CUST_699,2025-06-28,Subscription Box,Google Search,95.7,57.15,Refunded
ORD_6510,CUST_270,2024-08-30,Fashion,Partnership,543.97,340.77,Completed
ORD_6511,CUST_392,2024-07-02,Limited Collection,TikTok,489.9,352.83,Completed
ORD_6512,CUST_246,2024-08-28,Premium Box,Event Walk-in,604.94,295.54,Completed
ORD_6513,CUST_328,2024-11-10,Gift Card,Instagram,381.35,275.71,Completed
ORD_6514,CUST_1331,2024-03-01,Gift Card,Google Search,46.88,28.03,Completed
ORD_6515,CUST_1330,2024-09-17,Fashion,LinkedIn,347.87,169.91,Completed
ORD_6516,CUST_1498,2025-01-01,Fashion,Referral,349.51,221.95,Completed
ORD_6517,CUST_416,2025-05-15,Accessories,Partnership,497.42,232.18,Completed
ORD_6518,CUST_293,2024-05-30,Limited Collection,Referral,437.36,255.83,Completed
ORD_6519,CUST_1296,2024-01-09,Beauty,TikTok,402.95,153.87,Completed
ORD_6520,CUST_1142,2024-06-22,Gift Card,TikTok,476.54,300.0,Completed
ORD_6521,CUST_1485,2025-01-10,Premium Box,TikTok,470.44,323.43,Completed
ORD_6522,CUST_266,2024-02-04,Subscription Box,Partnership,578.99,361.95,Completed
ORD_6523,CUST_938,2024-05-14,Subscription Box,Google Search,616.93,428.45,Completed
ORD_6524,CUST_44,2025-03-01,Beauty,LinkedIn,353.64,169.77,Completed
ORD_6525,CUST_719,2024-01-03,Beauty,Event Walk-in,555.63,260.43,Completed
ORD_6526,CUST_543,2025-05-31,Subscription Box,Referral,113.73,73.12,Completed
ORD_6527,CUST_606,2025-05-23,Fashion,Instagram,416.88,283.37,Completed
ORD_6528,CUST_669,2025-02-23,Subscription Box,Event Walk-in,152.52,62.68,Completed
ORD_6529,CUST_503,2024-10-09,Subscription Box,Event Walk-in,338.08,211.97,Completed
ORD_6530,CUST_839,2024-04-13,Beauty,Referral,525.46,358.62,Completed
ORD_6531,CUST_692,2024-12-27,Gift Card,LinkedIn,128.73,52.86,Completed
ORD_6532,CUST_1399,2024-05-05,Subscription Box,Google Search,613.66,363.98,Completed
ORD_6533,CUST_1384,2024-07-12,Beauty,TikTok,118.98,75.04,Completed
ORD_6534,CUST_282,2024-04-30,Gift Card,Instagram,457.24,305.65,Completed
ORD_6535,CUST_212,2024-01-30,Subscription Box,Instagram,87.63,56.92,Completed
ORD_6536,CUST_876,2024-07-08,Gift Card,TikTok,528.09,329.86,Completed
ORD_6537,CUST_67,2025-01-15,Premium Box,Google Search,133.37,62.64,Completed
ORD_6538,CUST_984,2024-03-22,Fashion,Google Search,391.6,148.33,Completed
ORD_6539,CUST_1405,2024-01-23,Subscription Box,Partnership,577.8,308.99,Completed
ORD_6540,CUST_826,2024-04-06,Accessories,Google Search,417.32,214.39,Completed
ORD_6541,CUST_825,2024-02-21,Limited Collection,LinkedIn,33.78,21.21,Completed
ORD_6542,CUST_882,2024-10-16,Fashion,TikTok,411.04,177.43,Completed
ORD_6543,CUST_1299,2025-02-26,Fashion,LinkedIn,488.39,355.45,Completed
ORD_6544,CUST_1257,2025-05-15,Limited Collection,Partnership,321.71,235.29,Refunded
ORD_6545,CUST_1429,2024-06-21,Subscription Box,LinkedIn,53.65,36.91,Completed
ORD_6546,CUST_1303,2025-06-09,Limited Collection,Instagram,607.9,398.22,Completed
ORD_6547,CUST_376,2024-05-15,Beauty,TikTok,539.79,223.03,Completed
ORD_6548,CUST_1009,2025-01-17,Accessories,Partnership,510.3,281.06,Completed
ORD_6549,CUST_746,2024-05-29,Subscription Box,Event Walk-in,46.98,31.83,Completed
ORD_6550,CUST_764,2024-03-28,Gift Card,Google Search,289.45,127.03,Completed
ORD_6551,CUST_1256,2025-05-26,Limited Collection,Google Search,650.97,418.08,Completed
ORD_6552,CUST_1122,2025-02-01,Beauty,Instagram,377.36,165.74,Completed
ORD_6553,CUST_1405,2024-10-07,Beauty,Partnership,126.84,93.04,Completed
ORD_6554,CUST_1406,2025-01-06,Gift Card,TikTok,564.25,233.34,Completed
ORD_6555,CUST_204,2025-03-24,Subscription Box,Instagram,390.05,283.3,Completed
ORD_6556,CUST_1414,2025-03-10,Beauty,Partnership,112.18,63.43,Completed
ORD_6557,CUST_133,2024-09-17,Fashion,Event Walk-in,140.24,96.48,Completed
ORD_6558,CUST_821,2024-11-16,Fashion,Event Walk-in,351.48,186.11,Completed
ORD_6559,CUST_304,2024-03-06,Accessories,Event Walk-in,537.06,253.35,Completed
ORD_6560,CUST_1028,2024-01-24,Premium Box,Google Search,315.22,234.27,Completed
ORD_6561,CUST_877,2024-05-04,Subscription Box,TikTok,301.56,125.28,Completed
ORD_6562,CUST_977,2024-03-11,Fashion,Event Walk-in,201.37,143.04,Completed
ORD_6563,CUST_615,2025-02-03,Accessories,Google Search,696.1,363.21,Completed
ORD_6564,CUST_894,2025-05-30,Beauty,Event Walk-in,17.11,10.6,Completed
ORD_6565,CUST_1382,2024-09-17,Subscription Box,Partnership,312.14,122.38,Completed
ORD_6566,CUST_1213,2024-05-10,Subscription Box,Referral,58.69,31.35,Completed
ORD_6567,CUST_1177,2025-01-02,Fashion,Instagram,594.96,364.02,Completed
ORD_6568,CUST_1123,2024-11-10,Subscription Box,LinkedIn,246.07,127.39,Completed
ORD_6569,CUST_900,2024-09-10,Subscription Box,Event Walk-in,89.58,60.64,Completed
ORD_6570,CUST_1117,2024-06-04,Beauty,Instagram,638.21,383.78,Completed
ORD_6571,CUST_280,2025-04-27,Limited Collection,LinkedIn,351.66,217.57,Completed
ORD_6572,CUST_507,2024-08-28,Subscription Box,LinkedIn,529.53,250.16,Refunded
ORD_6573,CUST_1027,2024-08-16,Beauty,Google Search,648.67,474.89,Completed
ORD_6574,CUST_641,2024-09-06,Gift Card,TikTok,172.18,103.87,Completed
ORD_6575,CUST_125,2025-03-27,Premium Box,Partnership,503.7,375.68,Completed
ORD_6576,CUST_857,2025-01-14,Beauty,Instagram,451.58,326.15,Refunded
ORD_6577,CUST_1296,2024-05-30,Accessories,TikTok,308.41,225.54,Completed
ORD_6578,CUST_560,2024-03-08,Premium Box,Partnership,47.2,29.11,Completed
ORD_6579,CUST_306,2024-07-15,Subscription Box,TikTok,271.96,181.81,Completed
ORD_6580,CUST_732,2025-05-27,Limited Collection,LinkedIn,153.43,114.97,Refunded
ORD_6581,CUST_665,2024-06-09,Fashion,Referral,491.26,313.6,Completed
ORD_6582,CUST_628,2024-12-24,Beauty,Partnership,354.67,220.17,Completed
ORD_6583,CUST_447,2024-09-12,Subscription Box,Event Walk-in,619.16,252.36,Completed
ORD_6584,CUST_538,2025-06-01,Premium Box,Event Walk-in,654.01,360.05,Completed
ORD_6585,CUST_290,2024-01-14,Subscription Box,LinkedIn,251.37,143.52,Completed
ORD_6586,CUST_698,2024-04-03,Subscription Box,TikTok,76.01,47.74,Completed
ORD_6587,CUST_499,2024-01-28,Accessories,TikTok,479.99,328.56,Completed
ORD_6588,CUST_988,2024-03-11,Fashion,Partnership,365.49,240.1,Completed
ORD_6589,CUST_637,2024-07-04,Subscription Box,TikTok,313.56,127.69,Completed
ORD_6590,CUST_813,2024-05-13,Premium Box,Instagram,43.06,32.27,Completed
ORD_6591,CUST_291,2024-01-05,Premium Box,Instagram,59.32,32.51,Completed
ORD_6592,CUST_1050,2024-02-19,Gift Card,Partnership,397.92,236.87,Completed
ORD_6593,CUST_142,2025-02-03,Premium Box,Partnership,349.88,221.71,Completed
ORD_6594,CUST_1225,2025-03-04,Subscription Box,Event Walk-in,303.84,137.15,Completed
ORD_6595,CUST_932,2025-04-25,Premium Box,Instagram,114.81,50.62,Completed
ORD_6596,CUST_1228,2024-07-17,Accessories,Event Walk-in,249.95,91.91,Completed
ORD_6597,CUST_1148,2024-07-18,Fashion,TikTok,279.2,134.22,Completed
ORD_6598,CUST_1302,2024-08-26,Gift Card,Instagram,303.39,214.23,Completed
ORD_6599,CUST_817,2024-08-08,Gift Card,TikTok,664.92,403.84,Completed
ORD_6600,CUST_1013,2024-08-29,Accessories,LinkedIn,93.52,45.37,Completed
ORD_6601,CUST_1337,2024-11-15,Limited Collection,Partnership,126.48,93.73,Completed
ORD_6602,CUST_675,2024-12-15,Premium Box,Google Search,129.1,74.37,Completed
ORD_6603,CUST_992,2025-05-14,Fashion,Instagram,605.89,353.0,Completed
ORD_6604,CUST_1042,2024-04-19,Accessories,Instagram,546.62,224.41,Completed
ORD_6605,CUST_260,2024-10-25,Limited Collection,Event Walk-in,98.86,65.7,Completed
ORD_6606,CUST_646,2025-01-20,Accessories,Partnership,366.05,204.28,Completed
ORD_6607,CUST_748,2024-06-03,Gift Card,Instagram,583.96,394.11,Completed
ORD_6608,CUST_924,2025-02-05,Limited Collection,TikTok,298.84,167.47,Completed
ORD_6609,CUST_599,2024-04-19,Subscription Box,LinkedIn,232.38,113.75,Completed
ORD_6610,CUST_66,2024-04-13,Accessories,TikTok,591.04,272.04,Refunded
ORD_6611,CUST_1286,2025-03-06,Fashion,Instagram,91.72,52.93,Completed
ORD_6612,CUST_1018,2024-07-20,Gift Card,Event Walk-in,362.35,142.39,Cancelled
ORD_6613,CUST_9,2024-06-12,Premium Box,Partnership,130.15,92.29,Completed
ORD_6614,CUST_181,2024-07-19,Fashion,Google Search,574.13,422.9,Completed
ORD_6615,CUST_416,2025-03-17,Beauty,Partnership,475.45,348.06,Completed
ORD_6616,CUST_1419,2024-10-16,Limited Collection,LinkedIn,561.71,402.46,Completed
ORD_6617,CUST_785,2024-01-21,Fashion,TikTok,96.88,65.37,Completed
ORD_6618,CUST_408,2024-12-21,Beauty,Partnership,669.73,236.06,Completed
ORD_6619,CUST_262,2024-07-31,Limited Collection,Event Walk-in,471.11,288.09,Completed
ORD_6620,CUST_90,2024-03-10,Gift Card,Partnership,668.3,318.73,Completed
ORD_6621,CUST_177,2025-03-31,Beauty,Instagram,393.97,167.19,Completed
ORD_6622,CUST_1342,2024-07-06,Accessories,Instagram,625.01,240.53,Completed
ORD_6623,CUST_701,2024-04-10,Accessories,Referral,182.57,103.01,Completed
ORD_6624,CUST_1085,2024-12-15,Limited Collection,Referral,42.09,15.44,Refunded
ORD_6625,CUST_779,2025-02-12,Subscription Box,Partnership,109.1,54.78,Completed
ORD_6626,CUST_427,2024-08-27,Limited Collection,Referral,143.89,104.33,Completed
ORD_6627,CUST_115,2024-04-15,Subscription Box,Instagram,636.23,295.0,Completed
ORD_6628,CUST_722,2025-04-01,Subscription Box,LinkedIn,16.52,7.79,Completed
ORD_6629,CUST_783,2025-06-16,Fashion,LinkedIn,34.46,17.24,Refunded
ORD_6630,CUST_217,2025-06-06,Accessories,Event Walk-in,81.24,59.09,Completed
ORD_6631,CUST_555,2025-06-30,Accessories,Referral,418.67,149.05,Completed
ORD_6632,CUST_405,2024-09-04,Subscription Box,LinkedIn,609.34,216.11,Refunded
ORD_6633,CUST_972,2024-08-22,Fashion,Partnership,668.58,243.58,Completed
ORD_6634,CUST_1185,2024-12-29,Gift Card,Referral,308.4,137.99,Completed
ORD_6635,CUST_1249,2024-08-05,Accessories,Instagram,23.51,11.38,Completed
ORD_6636,CUST_1065,2025-06-12,Gift Card,TikTok,209.66,97.0,Completed
ORD_6637,CUST_1136,2025-04-17,Accessories,TikTok,465.33,276.67,Completed
ORD_6638,CUST_713,2025-04-30,Fashion,LinkedIn,81.16,30.58,Completed
ORD_6639,CUST_555,2024-12-03,Gift Card,Referral,602.79,369.52,Completed
ORD_6640,CUST_1486,2024-10-20,Beauty,LinkedIn,507.49,215.71,Refunded
ORD_6641,CUST_1020,2024-05-16,Gift Card,TikTok,18.44,9.19,Completed
ORD_6642,CUST_1022,2024-02-10,Limited Collection,Partnership,335.0,131.27,Cancelled
ORD_6643,CUST_498,2025-01-11,Accessories,Google Search,64.23,39.36,Completed
ORD_6644,CUST_557,2024-06-09,Fashion,Instagram,655.97,409.75,Refunded
ORD_6645,CUST_1360,2024-02-18,Gift Card,TikTok,265.97,140.88,Completed
ORD_6646,CUST_1140,2024-08-27,Premium Box,Google Search,637.24,345.12,Completed
ORD_6647,CUST_1383,2025-06-21,Gift Card,Google Search,244.85,151.76,Completed
ORD_6648,CUST_503,2024-02-23,Limited Collection,Event Walk-in,403.61,249.66,Completed
ORD_6649,CUST_1039,2024-10-06,Beauty,Event Walk-in,39.82,28.41,Completed
ORD_6650,CUST_341,2024-09-08,Subscription Box,Event Walk-in,257.06,153.59,Completed
ORD_6651,CUST_733,2024-02-02,Fashion,Instagram,185.21,135.3,Completed
ORD_6652,CUST_1370,2025-05-15,Premium Box,Instagram,614.21,343.28,Completed
ORD_6653,CUST_726,2024-03-22,Beauty,TikTok,285.26,168.68,Refunded
ORD_6654,CUST_895,2024-10-02,Gift Card,Event Walk-in,85.21,48.91,Cancelled
ORD_6655,CUST_1022,2024-03-19,Fashion,Partnership,610.06,232.7,Completed
ORD_6656,CUST_732,2024-01-03,Limited Collection,LinkedIn,407.69,171.82,Completed
ORD_6657,CUST_666,2025-05-20,Gift Card,Instagram,408.18,156.5,Completed
ORD_6658,CUST_1234,2025-03-31,Beauty,Referral,269.39,161.27,Refunded
ORD_6659,CUST_1500,2025-02-13,Beauty,LinkedIn,406.44,172.77,Completed
ORD_6660,CUST_1492,2025-02-23,Gift Card,TikTok,526.32,255.36,Completed
ORD_6661,CUST_1114,2024-06-03,Premium Box,Event Walk-in,440.7,239.98,Completed
ORD_6662,CUST_973,2024-10-12,Premium Box,Referral,602.68,400.03,Refunded
ORD_6663,CUST_664,2025-03-15,Premium Box,Event Walk-in,694.77,303.11,Completed
ORD_6664,CUST_678,2024-01-14,Premium Box,Instagram,96.39,40.03,Completed
ORD_6665,CUST_919,2024-05-28,Beauty,TikTok,580.79,229.16,Completed
ORD_6666,CUST_89,2024-12-31,Beauty,LinkedIn,522.29,363.15,Completed
ORD_6667,CUST_1089,2024-12-21,Gift Card,LinkedIn,306.57,226.38,Completed
ORD_6668,CUST_1331,2024-12-06,Gift Card,Google Search,317.31,206.24,Completed
ORD_6669,CUST_1076,2024-12-12,Premium Box,LinkedIn,389.85,290.11,Completed
ORD_6670,CUST_191,2025-06-10,Fashion,Google Search,628.81,309.34,Completed
ORD_6671,CUST_438,2024-01-08,Fashion,Instagram,227.57,116.42,Refunded
ORD_6672,CUST_857,2025-03-05,Subscription Box,Instagram,78.95,51.61,Completed
ORD_6673,CUST_347,2024-11-20,Accessories,LinkedIn,58.24,31.19,Refunded
ORD_6674,CUST_111,2024-02-19,Gift Card,Instagram,226.76,80.94,Completed
ORD_6675,CUST_405,2024-01-21,Premium Box,LinkedIn,570.25,284.95,Completed
ORD_6676,CUST_1325,2024-10-11,Beauty,Referral,550.65,253.93,Completed
ORD_6677,CUST_1183,2024-07-27,Limited Collection,Partnership,394.4,155.07,Completed
ORD_6678,CUST_846,2025-04-05,Subscription Box,Partnership,654.58,358.44,Completed
ORD_6679,CUST_1295,2025-01-05,Limited Collection,LinkedIn,390.81,192.55,Completed
ORD_6680,CUST_1270,2024-08-20,Accessories,LinkedIn,422.72,176.66,Completed
ORD_6681,CUST_68,2024-06-29,Accessories,Partnership,429.89,248.43,Completed
ORD_6682,CUST_1380,2024-11-02,Accessories,Instagram,575.25,288.66,Completed
ORD_6683,CUST_838,2024-05-12,Beauty,Partnership,462.43,343.54,Completed
ORD_6684,CUST_249,2024-01-13,Fashion,Event Walk-in,431.69,266.49,Completed
ORD_6685,CUST_459,2024-03-05,Fashion,Event Walk-in,553.5,318.09,Completed
ORD_6686,CUST_1044,2025-05-13,Limited Collection,Instagram,141.91,72.58,Refunded
ORD_6687,CUST_187,2024-05-05,Limited Collection,TikTok,674.86,366.06,Completed
ORD_6688,CUST_825,2024-09-05,Limited Collection,LinkedIn,514.87,212.86,Completed
ORD_6689,CUST_1291,2024-12-17,Subscription Box,Partnership,695.48,478.26,Completed
ORD_6690,CUST_291,2024-10-10,Gift Card,Instagram,488.53,218.77,Completed
ORD_6691,CUST_564,2025-05-26,Gift Card,LinkedIn,181.19,113.31,Completed
ORD_6692,CUST_339,2024-05-16,Subscription Box,Partnership,16.81,11.51,Completed
ORD_6693,CUST_170,2024-02-26,Subscription Box,Event Walk-in,198.36,108.93,Completed
ORD_6694,CUST_693,2025-06-03,Accessories,TikTok,105.52,76.02,Completed
ORD_6695,CUST_1009,2025-01-11,Limited Collection,Partnership,175.64,117.78,Refunded
ORD_6696,CUST_708,2025-04-20,Subscription Box,Instagram,572.05,218.92,Completed
ORD_6697,CUST_1327,2024-04-04,Limited Collection,Partnership,396.93,210.63,Completed
ORD_6698,CUST_1206,2024-04-26,Limited Collection,LinkedIn,334.12,231.16,Completed
ORD_6699,CUST_474,2024-08-12,Beauty,Referral,94.89,59.74,Completed
ORD_6700,CUST_636,2024-07-15,Accessories,Referral,146.5,54.79,Completed
ORD_6701,CUST_987,2024-12-02,Fashion,Event Walk-in,507.47,352.09,Completed
ORD_6702,CUST_226,2024-05-23,Beauty,Referral,690.77,311.98,Completed
ORD_6703,CUST_401,2024-11-08,Accessories,LinkedIn,495.98,350.6,Completed
ORD_6704,CUST_937,2025-01-07,Subscription Box,Google Search,155.52,68.66,Completed
ORD_6705,CUST_604,2024-09-07,Subscription Box,Instagram,20.4,14.3,Completed
ORD_6706,CUST_315,2024-08-28,Beauty,TikTok,68.06,25.47,Cancelled
ORD_6707,CUST_973,2024-08-03,Premium Box,Referral,47.76,26.18,Completed
ORD_6708,CUST_162,2025-05-13,Beauty,Event Walk-in,620.18,435.32,Completed
ORD_6709,CUST_756,2024-08-23,Accessories,Referral,320.86,121.6,Completed
ORD_6710,CUST_388,2024-03-01,Accessories,TikTok,55.59,24.51,Completed
ORD_6711,CUST_444,2024-06-14,Limited Collection,Referral,693.85,368.26,Completed
ORD_6712,CUST_555,2025-06-27,Limited Collection,Referral,416.94,219.48,Completed
ORD_6713,CUST_577,2025-05-30,Fashion,LinkedIn,560.8,353.22,Completed
ORD_6714,CUST_1119,2025-06-13,Limited Collection,Instagram,62.51,31.5,Completed
ORD_6715,CUST_504,2024-12-08,Fashion,Event Walk-in,23.57,10.53,Completed
ORD_6716,CUST_944,2025-02-24,Premium Box,Partnership,451.85,169.87,Completed
ORD_6717,CUST_595,2024-11-04,Beauty,Partnership,469.15,180.53,Completed
ORD_6718,CUST_174,2024-07-06,Premium Box,LinkedIn,427.42,184.29,Completed
ORD_6719,CUST_757,2024-02-08,Premium Box,Instagram,247.13,173.78,Completed
ORD_6720,CUST_886,2024-10-27,Premium Box,Google Search,456.95,195.86,Completed
ORD_6721,CUST_910,2025-06-20,Premium Box,Google Search,297.08,201.57,Completed
ORD_6722,CUST_330,2024-05-23,Limited Collection,Event Walk-in,327.47,129.38,Refunded
ORD_6723,CUST_656,2024-02-15,Accessories,Partnership,109.1,68.25,Refunded
ORD_6724,CUST_1072,2024-04-21,Limited Collection,Instagram,136.31,98.24,Completed
ORD_6725,CUST_1045,2024-10-25,Gift Card,Google Search,191.95,79.5,Completed
ORD_6726,CUST_1450,2025-03-08,Beauty,LinkedIn,201.44,118.5,Completed
ORD_6727,CUST_1453,2025-04-11,Premium Box,Partnership,647.51,410.61,Completed
ORD_6728,CUST_1438,2024-09-02,Limited Collection,LinkedIn,258.77,115.29,Completed
ORD_6729,CUST_836,2024-09-17,Subscription Box,LinkedIn,223.95,90.51,Completed
ORD_6730,CUST_1060,2024-02-11,Fashion,TikTok,504.5,183.36,Completed
ORD_6731,CUST_1413,2024-01-10,Beauty,Event Walk-in,615.48,351.97,Cancelled
ORD_6732,CUST_1279,2025-03-16,Subscription Box,TikTok,562.71,224.46,Completed
ORD_6733,CUST_562,2024-10-03,Limited Collection,Instagram,133.07,72.5,Completed
ORD_6734,CUST_388,2024-04-10,Gift Card,TikTok,440.09,241.8,Completed
ORD_6735,CUST_510,2025-04-24,Fashion,TikTok,503.69,187.79,Completed
ORD_6736,CUST_707,2025-04-11,Limited Collection,Referral,658.16,382.96,Refunded
ORD_6737,CUST_1217,2025-04-03,Beauty,Event Walk-in,678.96,445.77,Completed
ORD_6738,CUST_298,2025-05-31,Fashion,Event Walk-in,278.93,127.37,Completed
ORD_6739,CUST_1163,2025-05-14,Gift Card,Event Walk-in,124.68,63.17,Completed
ORD_6740,CUST_184,2024-08-21,Premium Box,Instagram,290.88,212.27,Completed
ORD_6741,CUST_29,2024-07-05,Accessories,Event Walk-in,227.28,81.57,Completed
ORD_6742,CUST_327,2025-06-16,Accessories,LinkedIn,571.55,356.17,Completed
ORD_6743,CUST_259,2024-01-10,Beauty,LinkedIn,249.06,169.73,Completed
ORD_6744,CUST_768,2024-05-17,Fashion,TikTok,622.54,379.09,Completed
ORD_6745,CUST_1158,2025-06-03,Limited Collection,LinkedIn,271.31,183.54,Completed
ORD_6746,CUST_895,2024-03-10,Limited Collection,Event Walk-in,114.49,40.84,Completed
ORD_6747,CUST_1089,2024-01-31,Premium Box,LinkedIn,292.43,160.97,Completed
ORD_6748,CUST_1271,2024-11-11,Fashion,Event Walk-in,456.34,225.72,Completed
ORD_6749,CUST_1105,2024-11-25,Premium Box,Partnership,57.08,26.95,Completed
ORD_6750,CUST_1321,2024-09-15,Fashion,Event Walk-in,362.15,134.77,Refunded
ORD_6751,CUST_684,2024-12-14,Gift Card,Instagram,186.68,100.88,Completed
ORD_6752,CUST_1279,2024-09-19,Accessories,TikTok,264.36,127.33,Completed
ORD_6753,CUST_1397,2024-08-01,Gift Card,Referral,474.01,228.71,Completed
ORD_6754,CUST_1420,2025-06-04,Gift Card,Referral,667.36,282.74,Completed
ORD_6755,CUST_542,2024-02-09,Accessories,Instagram,196.03,70.38,Completed
ORD_6756,CUST_168,2024-11-12,Fashion,Event Walk-in,655.85,476.92,Completed
ORD_6757,CUST_1462,2024-10-27,Premium Box,Referral,608.3,339.13,Completed
ORD_6758,CUST_841,2024-07-06,Subscription Box,Partnership,448.01,159.29,Completed
ORD_6759,CUST_539,2024-08-05,Fashion,LinkedIn,360.23,177.62,Completed
ORD_6760,CUST_849,2024-03-08,Subscription Box,TikTok,287.1,184.9,Completed
ORD_6761,CUST_1296,2024-08-25,Accessories,TikTok,366.7,224.32,Completed
ORD_6762,CUST_819,2025-01-01,Fashion,TikTok,641.96,342.47,Refunded
ORD_6763,CUST_218,2024-01-28,Subscription Box,LinkedIn,157.98,80.15,Completed
ORD_6764,CUST_193,2024-06-21,Premium Box,Google Search,49.83,32.54,Completed
ORD_6765,CUST_350,2024-11-03,Subscription Box,Google Search,542.18,353.19,Completed
ORD_6766,CUST_1061,2024-11-26,Subscription Box,Referral,661.64,233.86,Completed
ORD_6767,CUST_832,2024-08-18,Limited Collection,TikTok,322.01,163.82,Completed
ORD_6768,CUST_1315,2024-11-20,Gift Card,Google Search,343.04,164.5,Completed
ORD_6769,CUST_598,2024-03-21,Premium Box,Partnership,223.61,88.1,Refunded
ORD_6770,CUST_1476,2024-01-31,Gift Card,Partnership,361.59,170.45,Completed
ORD_6771,CUST_1389,2024-07-05,Premium Box,Referral,564.59,228.35,Completed
ORD_6772,CUST_364,2024-07-09,Subscription Box,Event Walk-in,641.69,322.97,Completed
ORD_6773,CUST_217,2024-08-28,Premium Box,Event Walk-in,682.08,273.37,Refunded
ORD_6774,CUST_1318,2024-06-14,Gift Card,TikTok,608.9,246.21,Completed
ORD_6775,CUST_436,2025-02-27,Beauty,Instagram,98.21,62.68,Refunded
ORD_6776,CUST_282,2025-06-24,Premium Box,Instagram,332.87,215.14,Completed
ORD_6777,CUST_1330,2025-04-24,Fashion,LinkedIn,145.04,100.03,Completed
ORD_6778,CUST_214,2024-03-05,Beauty,Partnership,86.37,48.0,Completed
ORD_6779,CUST_1392,2024-07-13,Accessories,LinkedIn,348.59,128.26,Completed
ORD_6780,CUST_496,2025-05-19,Limited Collection,Instagram,19.2,8.95,Completed
ORD_6781,CUST_89,2025-01-02,Beauty,LinkedIn,164.65,115.61,Completed
ORD_6782,CUST_1445,2024-11-24,Fashion,LinkedIn,310.93,169.72,Completed
ORD_6783,CUST_1054,2025-04-09,Gift Card,TikTok,338.97,197.13,Completed
ORD_6784,CUST_979,2025-01-10,Accessories,Referral,207.85,78.8,Completed
ORD_6785,CUST_805,2024-04-29,Gift Card,Event Walk-in,598.53,231.57,Refunded
ORD_6786,CUST_14,2024-12-12,Premium Box,TikTok,195.08,129.92,Completed
ORD_6787,CUST_974,2025-02-08,Fashion,LinkedIn,141.51,82.66,Completed
ORD_6788,CUST_348,2024-09-25,Accessories,Event Walk-in,631.72,267.82,Completed
ORD_6789,CUST_731,2024-12-02,Premium Box,Partnership,171.95,111.85,Completed
ORD_6790,CUST_520,2025-05-14,Limited Collection,Partnership,417.82,249.28,Completed
ORD_6791,CUST_1051,2024-08-13,Fashion,TikTok,76.77,32.68,Refunded
ORD_6792,CUST_647,2024-06-24,Beauty,LinkedIn,583.9,307.92,Completed
ORD_6793,CUST_323,2024-03-27,Fashion,TikTok,508.88,376.7,Completed
ORD_6794,CUST_1241,2025-04-22,Accessories,Referral,66.32,27.3,Completed
ORD_6795,CUST_164,2024-12-15,Fashion,TikTok,602.3,247.75,Completed
ORD_6796,CUST_91,2024-08-30,Fashion,LinkedIn,262.28,141.63,Completed
ORD_6797,CUST_421,2024-01-07,Fashion,Instagram,85.64,46.29,Completed
ORD_6798,CUST_269,2025-02-18,Subscription Box,Referral,410.89,300.07,Completed
ORD_6799,CUST_85,2024-06-15,Beauty,Instagram,466.75,236.28,Completed
ORD_6800,CUST_1489,2024-11-06,Beauty,Google Search,663.13,350.76,Completed
ORD_6801,CUST_395,2024-10-22,Beauty,TikTok,402.5,230.58,Completed
ORD_6802,CUST_1393,2024-10-12,Premium Box,Google Search,368.71,223.81,Refunded
ORD_6803,CUST_813,2024-01-10,Accessories,Instagram,312.01,175.17,Completed
ORD_6804,CUST_720,2024-10-30,Limited Collection,Instagram,314.35,167.57,Cancelled
ORD_6805,CUST_1325,2024-02-19,Fashion,Referral,653.03,381.2,Completed
ORD_6806,CUST_452,2025-05-09,Beauty,Instagram,428.76,320.73,Completed
ORD_6807,CUST_392,2024-01-21,Limited Collection,TikTok,362.58,157.59,Completed
ORD_6808,CUST_1357,2024-05-24,Gift Card,Google Search,183.82,129.23,Completed
ORD_6809,CUST_1265,2024-01-23,Limited Collection,TikTok,454.43,311.48,Completed
ORD_6810,CUST_1393,2025-03-29,Accessories,Google Search,396.57,276.69,Completed
ORD_6811,CUST_968,2024-08-19,Beauty,TikTok,197.92,94.71,Completed
ORD_6812,CUST_779,2024-10-31,Accessories,Partnership,369.36,260.29,Completed
ORD_6813,CUST_1476,2024-11-09,Beauty,Partnership,362.5,136.34,Completed
ORD_6814,CUST_424,2024-05-08,Limited Collection,Event Walk-in,683.25,486.54,Completed
ORD_6815,CUST_1084,2024-05-17,Fashion,TikTok,446.38,243.72,Completed
ORD_6816,CUST_426,2025-03-22,Gift Card,Google Search,232.75,108.16,Completed
ORD_6817,CUST_1290,2025-06-16,Beauty,Partnership,456.72,217.59,Completed
ORD_6818,CUST_486,2025-05-19,Fashion,TikTok,110.7,52.62,Completed
ORD_6819,CUST_1460,2025-04-26,Limited Collection,Event Walk-in,292.18,183.9,Completed
ORD_6820,CUST_306,2024-05-19,Fashion,TikTok,571.81,348.35,Completed
ORD_6821,CUST_314,2024-06-25,Premium Box,Instagram,556.0,233.17,Completed
ORD_6822,CUST_510,2025-05-21,Limited Collection,TikTok,77.67,49.49,Completed
ORD_6823,CUST_1477,2024-08-06,Beauty,Referral,570.84,316.4,Completed
ORD_6824,CUST_136,2025-06-16,Fashion,Event Walk-in,478.09,215.08,Completed
ORD_6825,CUST_1135,2024-05-24,Premium Box,Partnership,624.0,409.5,Completed
ORD_6826,CUST_609,2024-01-10,Fashion,Instagram,328.58,234.45,Completed
ORD_6827,CUST_601,2024-03-03,Fashion,Referral,405.62,204.82,Completed
ORD_6828,CUST_1227,2024-12-22,Accessories,TikTok,151.68,71.36,Completed
ORD_6829,CUST_741,2024-12-22,Fashion,Referral,258.67,105.47,Completed
ORD_6830,CUST_541,2024-03-18,Premium Box,Google Search,365.89,242.78,Refunded
ORD_6831,CUST_496,2025-06-11,Fashion,Instagram,211.26,97.14,Completed
ORD_6832,CUST_351,2024-07-14,Premium Box,Instagram,302.41,210.52,Completed
ORD_6833,CUST_46,2024-01-15,Gift Card,Partnership,231.13,99.24,Cancelled
ORD_6834,CUST_238,2025-03-03,Limited Collection,Partnership,68.6,48.36,Completed
ORD_6835,CUST_603,2024-06-28,Fashion,TikTok,103.03,62.48,Completed
ORD_6836,CUST_659,2024-01-22,Subscription Box,TikTok,648.71,470.0,Completed
ORD_6837,CUST_897,2024-05-04,Gift Card,Google Search,699.33,276.39,Completed
ORD_6838,CUST_393,2024-02-28,Gift Card,Google Search,255.54,93.55,Completed
ORD_6839,CUST_1462,2025-02-19,Accessories,Referral,196.18,99.88,Cancelled
ORD_6840,CUST_1059,2024-12-06,Accessories,Referral,318.48,203.91,Refunded
ORD_6841,CUST_1311,2024-10-22,Fashion,Instagram,620.22,448.76,Completed
ORD_6842,CUST_928,2025-05-27,Accessories,Google Search,355.51,223.33,Refunded
ORD_6843,CUST_448,2024-07-20,Subscription Box,Referral,42.52,22.55,Completed
ORD_6844,CUST_60,2024-03-10,Subscription Box,Instagram,356.35,143.32,Completed
ORD_6845,CUST_657,2024-01-28,Accessories,Instagram,614.43,408.52,Refunded
ORD_6846,CUST_179,2024-01-18,Limited Collection,LinkedIn,671.73,373.76,Completed
ORD_6847,CUST_267,2024-05-15,Limited Collection,LinkedIn,463.89,320.41,Completed
ORD_6848,CUST_287,2024-01-18,Gift Card,LinkedIn,163.61,72.01,Completed
ORD_6849,CUST_1083,2025-03-05,Beauty,Google Search,486.2,350.43,Completed
ORD_6850,CUST_615,2025-05-26,Beauty,Google Search,179.53,95.56,Refunded
ORD_6851,CUST_1151,2024-11-08,Beauty,Event Walk-in,39.06,13.78,Completed
ORD_6852,CUST_1273,2024-04-12,Accessories,TikTok,434.69,324.49,Completed
ORD_6853,CUST_1121,2024-08-24,Subscription Box,Partnership,32.06,24.02,Cancelled
ORD_6854,CUST_1437,2024-07-22,Limited Collection,Google Search,410.59,153.5,Refunded
ORD_6855,CUST_1378,2025-05-12,Premium Box,Partnership,641.39,423.68,Completed
ORD_6856,CUST_269,2024-05-26,Gift Card,Referral,439.37,273.15,Completed
ORD_6857,CUST_924,2024-09-06,Limited Collection,TikTok,310.73,211.33,Completed
ORD_6858,CUST_790,2024-10-15,Premium Box,Google Search,19.38,13.4,Completed
ORD_6859,CUST_1285,2024-08-02,Gift Card,Google Search,536.09,188.62,Completed
ORD_6860,CUST_1107,2024-12-30,Accessories,LinkedIn,561.44,262.13,Completed
ORD_6861,CUST_1201,2024-12-28,Accessories,Partnership,171.56,112.67,Completed
ORD_6862,CUST_1375,2025-06-25,Beauty,Event Walk-in,113.12,60.52,Completed
ORD_6863,CUST_811,2025-03-22,Accessories,Google Search,74.17,42.67,Completed
ORD_6864,CUST_1212,2024-09-15,Fashion,Referral,634.99,286.07,Completed
ORD_6865,CUST_1407,2024-01-31,Premium Box,Instagram,651.57,313.77,Completed
ORD_6866,CUST_402,2024-10-07,Subscription Box,Event Walk-in,184.85,91.72,Completed
ORD_6867,CUST_1233,2024-05-10,Limited Collection,LinkedIn,394.5,204.57,Completed
ORD_6868,CUST_1006,2024-05-15,Gift Card,Instagram,673.07,478.96,Completed
ORD_6869,CUST_737,2024-07-09,Subscription Box,LinkedIn,192.84,127.39,Cancelled
ORD_6870,CUST_1088,2024-07-09,Fashion,Partnership,194.29,114.57,Completed
ORD_6871,CUST_9,2024-08-28,Gift Card,Partnership,361.58,210.5,Completed
ORD_6872,CUST_846,2024-01-09,Gift Card,Partnership,559.02,215.07,Completed
ORD_6873,CUST_1167,2024-05-21,Limited Collection,TikTok,446.98,319.02,Completed
ORD_6874,CUST_842,2025-06-30,Limited Collection,Partnership,134.89,71.28,Completed
ORD_6875,CUST_1356,2024-03-01,Gift Card,Instagram,312.54,196.7,Completed
ORD_6876,CUST_954,2025-03-20,Fashion,Referral,234.5,119.23,Completed
ORD_6877,CUST_670,2024-12-26,Beauty,Instagram,452.16,276.86,Completed
ORD_6878,CUST_712,2024-04-27,Fashion,LinkedIn,597.2,403.49,Completed
ORD_6879,CUST_367,2025-06-20,Accessories,TikTok,291.19,170.74,Completed
ORD_6880,CUST_725,2024-01-25,Subscription Box,Instagram,144.43,98.39,Completed
ORD_6881,CUST_1444,2025-05-22,Premium Box,Google Search,582.59,211.77,Completed
ORD_6882,CUST_6,2025-04-18,Accessories,LinkedIn,658.31,308.17,Completed
ORD_6883,CUST_1017,2024-05-22,Beauty,Referral,662.78,394.07,Completed
ORD_6884,CUST_948,2024-07-15,Gift Card,Event Walk-in,584.9,287.76,Completed
ORD_6885,CUST_299,2025-04-26,Beauty,Instagram,215.75,160.17,Refunded
ORD_6886,CUST_211,2024-10-29,Beauty,Partnership,38.99,23.33,Completed
ORD_6887,CUST_418,2024-12-08,Gift Card,Event Walk-in,132.43,65.43,Cancelled
ORD_6888,CUST_1287,2025-04-27,Beauty,Google Search,119.27,70.34,Refunded
ORD_6889,CUST_767,2025-06-11,Gift Card,LinkedIn,686.96,490.76,Completed
ORD_6890,CUST_70,2024-01-20,Subscription Box,Partnership,239.24,133.77,Completed
ORD_6891,CUST_289,2024-08-16,Premium Box,LinkedIn,334.6,138.48,Completed
ORD_6892,CUST_1434,2025-03-25,Gift Card,Partnership,432.67,154.42,Completed
ORD_6893,CUST_220,2024-07-10,Gift Card,Referral,269.29,186.21,Completed
ORD_6894,CUST_410,2024-02-24,Subscription Box,Event Walk-in,513.5,345.85,Cancelled
ORD_6895,CUST_1379,2025-03-22,Limited Collection,Google Search,452.12,322.73,Refunded
ORD_6896,CUST_127,2024-03-25,Limited Collection,Google Search,636.03,302.11,Completed
ORD_6897,CUST_1317,2024-04-16,Premium Box,TikTok,50.7,28.91,Completed
ORD_6898,CUST_1428,2024-12-03,Gift Card,TikTok,307.27,113.28,Completed
ORD_6899,CUST_1137,2025-04-05,Subscription Box,TikTok,330.16,178.14,Completed
ORD_6900,CUST_311,2024-07-22,Premium Box,Event Walk-in,354.83,263.35,Refunded
ORD_6901,CUST_247,2024-01-25,Accessories,LinkedIn,121.28,47.5,Refunded
ORD_6902,CUST_1086,2024-02-04,Beauty,Partnership,396.37,288.32,Completed
ORD_6903,CUST_291,2024-08-12,Subscription Box,Instagram,243.75,130.54,Completed
ORD_6904,CUST_1395,2024-06-12,Limited Collection,Event Walk-in,283.53,191.16,Completed
ORD_6905,CUST_56,2024-03-21,Fashion,Google Search,55.64,38.38,Completed
ORD_6906,CUST_1348,2024-05-08,Premium Box,LinkedIn,558.81,339.8,Completed
ORD_6907,CUST_559,2024-02-20,Beauty,TikTok,187.57,68.65,Refunded
ORD_6908,CUST_204,2024-08-26,Gift Card,Instagram,536.85,268.81,Completed
ORD_6909,CUST_1436,2024-08-17,Gift Card,Event Walk-in,236.11,148.42,Completed
ORD_6910,CUST_534,2025-03-13,Gift Card,Google Search,175.78,85.12,Completed
ORD_6911,CUST_62,2024-01-22,Subscription Box,TikTok,65.83,35.09,Completed
ORD_6912,CUST_291,2024-12-01,Premium Box,Instagram,44.49,30.34,Completed
ORD_6913,CUST_871,2025-06-24,Limited Collection,Referral,319.32,222.46,Completed
ORD_6914,CUST_626,2024-05-31,Limited Collection,Google Search,91.06,37.37,Completed
ORD_6915,CUST_95,2024-03-14,Limited Collection,Referral,48.06,20.42,Completed
ORD_6916,CUST_827,2024-02-09,Fashion,Google Search,126.28,67.48,Completed
ORD_6917,CUST_507,2024-12-27,Accessories,LinkedIn,438.1,240.42,Completed
ORD_6918,CUST_738,2025-05-11,Subscription Box,Event Walk-in,157.21,82.8,Completed
ORD_6919,CUST_1071,2025-06-12,Premium Box,TikTok,396.52,146.94,Refunded
ORD_6920,CUST_312,2024-08-13,Limited Collection,Referral,604.9,427.72,Completed
ORD_6921,CUST_1342,2025-05-23,Fashion,Instagram,616.01,338.83,Completed
ORD_6922,CUST_913,2024-10-01,Premium Box,Google Search,362.27,222.43,Completed
ORD_6923,CUST_750,2024-01-23,Subscription Box,Instagram,528.16,244.79,Completed
ORD_6924,CUST_1079,2025-04-30,Limited Collection,Instagram,19.87,9.17,Completed
ORD_6925,CUST_686,2024-05-25,Limited Collection,Instagram,569.89,325.96,Completed
ORD_6926,CUST_475,2024-08-28,Premium Box,Referral,658.54,326.35,Completed
ORD_6927,CUST_310,2024-05-29,Beauty,Event Walk-in,144.69,101.99,Completed
ORD_6928,CUST_630,2024-12-04,Subscription Box,LinkedIn,652.6,321.83,Completed
ORD_6929,CUST_385,2024-06-03,Subscription Box,Instagram,278.2,163.02,Completed
ORD_6930,CUST_1199,2025-04-18,Beauty,Event Walk-in,415.52,179.67,Completed
ORD_6931,CUST_927,2025-02-20,Subscription Box,Referral,501.39,187.95,Refunded
ORD_6932,CUST_1424,2024-09-05,Fashion,Instagram,510.23,219.47,Refunded
ORD_6933,CUST_346,2025-01-09,Subscription Box,Referral,21.57,10.07,Completed
ORD_6934,CUST_308,2024-12-13,Beauty,Event Walk-in,694.64,422.68,Cancelled
ORD_6935,CUST_601,2024-04-13,Limited Collection,Referral,48.68,26.39,Completed
ORD_6936,CUST_401,2025-01-13,Beauty,LinkedIn,121.86,52.84,Completed
ORD_6937,CUST_1185,2025-02-03,Beauty,Referral,157.54,76.33,Completed
ORD_6938,CUST_163,2025-05-18,Accessories,TikTok,666.02,359.52,Completed
ORD_6939,CUST_206,2024-09-17,Beauty,TikTok,485.56,248.94,Completed
ORD_6940,CUST_677,2024-02-28,Limited Collection,Instagram,184.14,85.11,Completed
ORD_6941,CUST_497,2024-07-24,Subscription Box,Instagram,580.93,336.1,Completed
ORD_6942,CUST_513,2025-01-30,Subscription Box,Partnership,306.26,129.7,Completed
ORD_6943,CUST_371,2024-06-09,Premium Box,Instagram,346.73,188.15,Completed
ORD_6944,CUST_528,2024-11-10,Accessories,Partnership,72.36,26.52,Completed
ORD_6945,CUST_1257,2024-08-03,Fashion,Partnership,353.58,252.02,Completed
ORD_6946,CUST_381,2024-01-19,Subscription Box,Google Search,142.16,64.22,Completed
ORD_6947,CUST_1362,2024-11-11,Accessories,Google Search,652.09,259.79,Completed
ORD_6948,CUST_917,2025-06-26,Limited Collection,Referral,389.61,140.38,Completed
ORD_6949,CUST_734,2024-03-12,Limited Collection,Partnership,60.52,29.09,Completed
ORD_6950,CUST_974,2025-04-09,Premium Box,LinkedIn,291.39,138.52,Completed
ORD_6951,CUST_1074,2024-06-22,Limited Collection,Partnership,453.52,282.19,Completed
ORD_6952,CUST_438,2025-05-26,Accessories,Instagram,614.43,344.99,Completed
ORD_6953,CUST_1100,2025-03-20,Premium Box,Google Search,419.59,178.85,Completed
ORD_6954,CUST_1094,2024-01-25,Subscription Box,Instagram,640.34,404.79,Completed
ORD_6955,CUST_488,2024-11-13,Accessories,Google Search,362.25,196.44,Completed
ORD_6956,CUST_404,2025-04-15,Subscription Box,Referral,645.05,256.06,Completed
ORD_6957,CUST_1137,2025-04-20,Fashion,TikTok,239.96,143.57,Completed
ORD_6958,CUST_986,2024-01-23,Premium Box,Partnership,342.76,169.88,Cancelled
ORD_6959,CUST_269,2024-11-27,Subscription Box,Referral,640.62,342.3,Completed
ORD_6960,CUST_1266,2025-03-13,Accessories,Event Walk-in,471.75,200.65,Completed
ORD_6961,CUST_52,2024-05-16,Beauty,Instagram,449.99,210.88,Completed
ORD_6962,CUST_462,2025-02-26,Gift Card,Instagram,414.53,239.99,Completed
ORD_6963,CUST_1386,2024-06-06,Fashion,LinkedIn,171.38,84.73,Completed
ORD_6964,CUST_1144,2025-04-01,Premium Box,LinkedIn,461.03,188.83,Completed
ORD_6965,CUST_463,2025-05-14,Limited Collection,Event Walk-in,113.93,42.99,Completed
ORD_6966,CUST_915,2025-02-08,Subscription Box,Event Walk-in,425.02,234.64,Completed
ORD_6967,CUST_644,2025-06-18,Fashion,Referral,491.1,228.56,Completed
ORD_6968,CUST_501,2024-11-02,Beauty,Google Search,476.2,201.27,Completed
ORD_6969,CUST_1306,2024-10-04,Premium Box,Event Walk-in,316.43,228.77,Refunded
ORD_6970,CUST_1038,2025-03-28,Subscription Box,Google Search,398.87,146.05,Completed
ORD_6971,CUST_1212,2024-06-21,Beauty,Referral,381.56,159.26,Completed
ORD_6972,CUST_302,2025-01-29,Premium Box,Referral,166.92,111.64,Completed
ORD_6973,CUST_659,2025-04-02,Limited Collection,TikTok,58.72,34.42,Refunded
ORD_6974,CUST_1004,2025-03-13,Fashion,Partnership,182.78,83.45,Completed
ORD_6975,CUST_1373,2024-01-06,Subscription Box,Referral,223.37,154.91,Completed
ORD_6976,CUST_913,2024-12-27,Limited Collection,Google Search,155.66,99.95,Completed
ORD_6977,CUST_339,2025-02-23,Premium Box,Partnership,646.02,442.83,Completed
ORD_6978,CUST_699,2024-09-15,Fashion,Google Search,242.27,96.71,Completed
ORD_6979,CUST_1258,2024-12-22,Subscription Box,Instagram,119.3,66.21,Completed
ORD_6980,CUST_808,2024-06-19,Accessories,TikTok,276.31,160.21,Completed
ORD_6981,CUST_175,2024-05-07,Fashion,Partnership,246.15,132.22,Completed
ORD_6982,CUST_1148,2025-01-17,Premium Box,TikTok,514.49,187.6,Completed
ORD_6983,CUST_376,2024-06-30,Limited Collection,TikTok,34.5,13.65,Refunded
ORD_6984,CUST_540,2025-04-11,Gift Card,Partnership,618.97,230.85,Completed
ORD_6985,CUST_853,2024-07-13,Premium Box,TikTok,50.5,18.47,Completed
ORD_6986,CUST_1320,2024-01-12,Subscription Box,Referral,456.92,277.94,Completed
ORD_6987,CUST_826,2025-03-19,Premium Box,Google Search,574.71,212.32,Completed
ORD_6988,CUST_1000,2024-08-12,Beauty,Event Walk-in,540.22,296.01,Completed
ORD_6989,CUST_871,2024-12-13,Subscription Box,Referral,558.18,218.46,Completed
ORD_6990,CUST_46,2024-06-03,Gift Card,Partnership,336.02,189.16,Refunded
ORD_6991,CUST_1211,2025-01-30,Gift Card,LinkedIn,402.1,179.82,Cancelled
ORD_6992,CUST_393,2025-01-29,Beauty,Google Search,671.14,450.28,Completed
ORD_6993,CUST_46,2024-04-20,Accessories,Partnership,694.36,422.02,Refunded
ORD_6994,CUST_147,2024-08-21,Accessories,Google Search,259.69,91.32,Completed
ORD_6995,CUST_967,2024-02-04,Beauty,Partnership,198.5,81.04,Completed
ORD_6996,CUST_1016,2025-04-06,Limited Collection,TikTok,520.84,338.18,Cancelled
ORD_6997,CUST_340,2024-11-16,Fashion,Referral,194.95,139.1,Completed
ORD_6998,CUST_294,2024-03-13,Beauty,LinkedIn,420.19,280.99,Completed
ORD_6999,CUST_1174,2024-03-09,Fashion,LinkedIn,298.53,198.59,Completed
ORD_7000,CUST_42,2024-01-25,Premium Box,Google Search,95.96,47.15,Completed
ORD_7001,CUST_840,2025-05-13,Beauty,Google Search,62.6,31.04,Refunded
ORD_7002,CUST_1294,2024-11-22,Beauty,TikTok,511.63,245.84,Completed
ORD_7003,CUST_778,2025-04-10,Subscription Box,Instagram,320.37,127.95,Completed
ORD_7004,CUST_979,2024-11-13,Premium Box,Referral,687.54,387.27,Completed
ORD_7005,CUST_702,2024-04-28,Accessories,TikTok,545.3,229.91,Completed
ORD_7006,CUST_294,2024-10-16,Limited Collection,LinkedIn,617.93,241.45,Cancelled
ORD_7007,CUST_339,2025-05-04,Subscription Box,Partnership,298.43,193.27,Completed
ORD_7008,CUST_77,2024-11-06,Fashion,Event Walk-in,296.33,215.41,Completed
ORD_7009,CUST_491,2024-04-23,Fashion,Event Walk-in,526.35,385.41,Completed
ORD_7010,CUST_41,2024-12-31,Subscription Box,Google Search,466.74,311.45,Completed
ORD_7011,CUST_1181,2024-06-20,Accessories,TikTok,263.81,191.2,Completed
ORD_7012,CUST_1019,2025-05-05,Premium Box,TikTok,30.41,12.58,Completed
ORD_7013,CUST_753,2025-05-08,Limited Collection,Partnership,503.23,297.56,Completed
ORD_7014,CUST_1127,2024-04-13,Limited Collection,Event Walk-in,247.69,140.91,Completed
ORD_7015,CUST_899,2025-01-25,Accessories,TikTok,566.29,252.42,Completed
ORD_7016,CUST_55,2024-09-06,Limited Collection,Referral,298.37,140.56,Completed
ORD_7017,CUST_929,2024-08-20,Beauty,Referral,524.19,314.77,Completed
ORD_7018,CUST_967,2025-03-25,Subscription Box,Partnership,137.15,57.43,Completed
ORD_7019,CUST_1298,2024-11-04,Premium Box,TikTok,19.6,6.92,Completed
ORD_7020,CUST_175,2024-07-16,Fashion,Partnership,519.59,224.5,Completed
ORD_7021,CUST_189,2025-03-30,Premium Box,Referral,112.07,56.59,Completed
ORD_7022,CUST_918,2025-01-11,Beauty,TikTok,117.38,64.28,Completed
ORD_7023,CUST_1406,2025-02-23,Accessories,TikTok,403.31,188.51,Completed
ORD_7024,CUST_307,2024-11-12,Fashion,Event Walk-in,53.01,30.84,Completed
ORD_7025,CUST_635,2025-01-13,Premium Box,Instagram,687.63,308.74,Completed
ORD_7026,CUST_571,2024-01-15,Beauty,Event Walk-in,500.93,335.47,Completed
ORD_7027,CUST_917,2024-05-23,Fashion,Referral,230.25,112.87,Completed
ORD_7028,CUST_897,2024-07-20,Accessories,Google Search,174.94,62.28,Completed
ORD_7029,CUST_272,2025-01-08,Fashion,TikTok,648.89,291.45,Completed
ORD_7030,CUST_1194,2025-06-27,Premium Box,Referral,551.92,310.31,Cancelled
ORD_7031,CUST_702,2025-01-01,Accessories,TikTok,114.7,73.86,Completed
ORD_7032,CUST_1096,2025-02-13,Premium Box,TikTok,572.08,262.3,Refunded
ORD_7033,CUST_365,2024-02-27,Fashion,Event Walk-in,451.32,165.71,Completed
ORD_7034,CUST_886,2024-12-28,Gift Card,Google Search,436.58,197.56,Completed
ORD_7035,CUST_9,2024-02-14,Subscription Box,Partnership,401.0,150.5,Cancelled
ORD_7036,CUST_778,2024-05-15,Subscription Box,Instagram,444.36,289.12,Completed
ORD_7037,CUST_1247,2024-01-20,Limited Collection,TikTok,556.39,366.11,Completed
ORD_7038,CUST_567,2024-07-15,Accessories,TikTok,20.27,13.66,Completed
ORD_7039,CUST_1190,2024-05-03,Premium Box,Partnership,191.62,89.41,Completed
ORD_7040,CUST_90,2025-03-04,Fashion,Partnership,306.32,161.68,Completed
ORD_7041,CUST_1037,2024-01-10,Limited Collection,Referral,670.93,241.57,Completed
ORD_7042,CUST_1243,2024-04-15,Accessories,Google Search,556.15,372.48,Completed
ORD_7043,CUST_248,2024-05-21,Subscription Box,Instagram,25.26,16.83,Completed
ORD_7044,CUST_677,2024-01-23,Fashion,Instagram,458.81,225.66,Completed
ORD_7045,CUST_192,2024-11-30,Premium Box,LinkedIn,257.63,101.71,Refunded
ORD_7046,CUST_563,2025-06-05,Limited Collection,Google Search,82.7,45.77,Completed
ORD_7047,CUST_199,2024-10-22,Fashion,Instagram,547.54,334.46,Completed
ORD_7048,CUST_1327,2025-01-28,Beauty,Partnership,517.49,223.44,Refunded
ORD_7049,CUST_1307,2024-11-15,Subscription Box,Google Search,555.1,266.49,Completed
ORD_7050,CUST_1024,2024-09-24,Accessories,Event Walk-in,296.32,105.69,Completed
ORD_7051,CUST_250,2025-02-02,Limited Collection,Google Search,410.05,237.17,Completed
ORD_7052,CUST_1434,2025-01-03,Premium Box,Partnership,695.36,421.58,Completed
ORD_7053,CUST_60,2024-09-11,Beauty,Instagram,436.74,184.33,Completed
ORD_7054,CUST_175,2024-03-05,Subscription Box,Partnership,464.42,215.33,Completed
ORD_7055,CUST_466,2024-11-26,Premium Box,Event Walk-in,531.52,311.45,Completed
ORD_7056,CUST_304,2024-12-18,Beauty,Event Walk-in,504.02,247.27,Completed
ORD_7057,CUST_726,2024-08-25,Beauty,TikTok,231.47,136.09,Completed
ORD_7058,CUST_1207,2024-05-09,Gift Card,Google Search,688.0,362.16,Completed
ORD_7059,CUST_470,2024-12-21,Fashion,Instagram,621.16,235.64,Completed
ORD_7060,CUST_512,2025-02-15,Beauty,Partnership,263.88,97.83,Completed
ORD_7061,CUST_1264,2024-07-02,Premium Box,Partnership,233.55,136.24,Completed
ORD_7062,CUST_1318,2025-01-09,Premium Box,TikTok,377.19,214.24,Completed
ORD_7063,CUST_1008,2025-01-28,Gift Card,Partnership,596.67,287.29,Completed
ORD_7064,CUST_497,2024-07-26,Premium Box,Instagram,286.01,100.65,Completed
ORD_7065,CUST_44,2025-01-06,Premium Box,LinkedIn,42.17,15.97,Completed
ORD_7066,CUST_654,2024-02-03,Gift Card,Event Walk-in,111.42,67.94,Refunded
ORD_7067,CUST_145,2024-11-26,Gift Card,Partnership,240.4,96.93,Completed
ORD_7068,CUST_952,2025-02-21,Premium Box,Referral,600.09,385.55,Completed
ORD_7069,CUST_704,2024-05-01,Premium Box,TikTok,626.69,291.95,Refunded
ORD_7070,CUST_479,2024-08-11,Gift Card,Instagram,140.37,67.77,Completed
ORD_7071,CUST_1488,2024-11-07,Limited Collection,TikTok,627.45,321.62,Completed
ORD_7072,CUST_1388,2025-01-22,Gift Card,Instagram,272.37,124.37,Completed
ORD_7073,CUST_495,2025-06-17,Fashion,Google Search,337.44,143.56,Completed
ORD_7074,CUST_324,2024-12-03,Fashion,TikTok,441.65,199.13,Completed
ORD_7075,CUST_664,2025-06-01,Accessories,Event Walk-in,354.86,226.77,Completed
ORD_7076,CUST_1190,2024-05-22,Gift Card,Partnership,666.39,303.53,Completed
ORD_7077,CUST_1287,2025-01-19,Accessories,Google Search,315.06,128.37,Completed
ORD_7078,CUST_1489,2024-01-05,Beauty,Google Search,609.31,429.64,Completed
ORD_7079,CUST_790,2024-02-21,Accessories,Google Search,213.55,112.48,Completed
ORD_7080,CUST_637,2024-11-25,Limited Collection,TikTok,495.43,364.78,Completed
ORD_7081,CUST_33,2024-11-26,Gift Card,Partnership,303.37,209.26,Completed
ORD_7082,CUST_41,2025-06-19,Fashion,Google Search,398.39,288.74,Completed
ORD_7083,CUST_1044,2024-08-16,Accessories,Instagram,238.11,142.31,Completed
ORD_7084,CUST_323,2024-06-26,Gift Card,TikTok,191.23,141.33,Cancelled
ORD_7085,CUST_436,2024-09-07,Gift Card,Instagram,30.03,14.49,Refunded
ORD_7086,CUST_681,2024-07-03,Premium Box,Event Walk-in,652.22,295.19,Completed
ORD_7087,CUST_524,2024-01-17,Premium Box,Event Walk-in,474.35,176.3,Completed
ORD_7088,CUST_410,2025-04-11,Fashion,Event Walk-in,613.47,336.1,Completed
ORD_7089,CUST_546,2025-01-09,Fashion,Event Walk-in,634.2,388.07,Refunded
ORD_7090,CUST_619,2024-03-23,Subscription Box,LinkedIn,452.0,226.6,Completed
ORD_7091,CUST_12,2024-06-20,Subscription Box,Partnership,385.17,268.99,Completed
ORD_7092,CUST_1090,2024-04-10,Fashion,TikTok,348.39,164.69,Completed
ORD_7093,CUST_715,2024-03-03,Limited Collection,LinkedIn,263.5,180.47,Completed
ORD_7094,CUST_447,2025-03-23,Gift Card,Event Walk-in,196.94,80.27,Completed
ORD_7095,CUST_1096,2025-01-20,Gift Card,TikTok,545.6,216.21,Completed
ORD_7096,CUST_783,2024-08-31,Gift Card,LinkedIn,146.57,52.52,Completed
ORD_7097,CUST_68,2024-05-21,Gift Card,Partnership,576.34,265.54,Completed
ORD_7098,CUST_1005,2025-05-17,Gift Card,Referral,287.96,120.85,Refunded
ORD_7099,CUST_93,2025-02-13,Gift Card,TikTok,697.45,341.51,Completed
ORD_7100,CUST_252,2024-09-18,Gift Card,Referral,506.74,368.86,Cancelled
ORD_7101,CUST_1243,2024-02-18,Fashion,Google Search,556.54,197.36,Completed
ORD_7102,CUST_807,2025-05-03,Beauty,LinkedIn,320.16,133.95,Completed
ORD_7103,CUST_935,2024-04-01,Subscription Box,Google Search,60.25,40.9,Completed
ORD_7104,CUST_912,2024-05-25,Subscription Box,Google Search,273.94,113.18,Completed
ORD_7105,CUST_702,2024-07-01,Fashion,TikTok,586.41,259.4,Completed
ORD_7106,CUST_189,2024-03-09,Premium Box,Referral,301.37,127.17,Completed
ORD_7107,CUST_462,2024-04-07,Limited Collection,Instagram,639.65,389.75,Completed
ORD_7108,CUST_699,2024-08-16,Limited Collection,Google Search,385.9,206.66,Completed
ORD_7109,CUST_1269,2025-04-06,Beauty,Event Walk-in,104.26,63.12,Completed
ORD_7110,CUST_118,2024-10-12,Subscription Box,Instagram,542.06,226.41,Completed
ORD_7111,CUST_41,2024-12-09,Limited Collection,Google Search,608.87,243.32,Completed
ORD_7112,CUST_268,2024-11-23,Accessories,TikTok,371.18,178.15,Completed
ORD_7113,CUST_1062,2024-07-08,Beauty,Instagram,108.5,54.89,Completed
ORD_7114,CUST_68,2025-01-27,Subscription Box,Partnership,344.69,130.72,Completed
ORD_7115,CUST_206,2025-03-15,Beauty,TikTok,688.73,292.96,Completed
ORD_7116,CUST_534,2025-03-10,Premium Box,Google Search,556.23,278.9,Completed
ORD_7117,CUST_1237,2024-01-18,Subscription Box,TikTok,328.18,153.84,Completed
ORD_7118,CUST_908,2024-10-10,Beauty,TikTok,487.39,187.1,Completed
ORD_7119,CUST_1252,2025-03-09,Beauty,TikTok,281.93,141.31,Completed
ORD_7120,CUST_158,2024-03-27,Beauty,LinkedIn,621.86,311.25,Completed
ORD_7121,CUST_1437,2024-01-28,Fashion,Google Search,341.1,166.37,Completed
ORD_7122,CUST_629,2024-08-15,Gift Card,TikTok,335.93,127.27,Completed
ORD_7123,CUST_800,2025-02-23,Fashion,Google Search,463.45,218.19,Completed
ORD_7124,CUST_555,2024-07-19,Fashion,Referral,390.86,215.55,Completed
ORD_7125,CUST_70,2025-04-14,Gift Card,Partnership,401.08,201.38,Completed
ORD_7126,CUST_750,2024-09-11,Premium Box,Instagram,508.38,247.58,Completed
ORD_7127,CUST_318,2024-08-27,Limited Collection,Referral,645.37,357.8,Completed
ORD_7128,CUST_1097,2024-04-03,Limited Collection,LinkedIn,269.13,120.06,Completed
ORD_7129,CUST_1465,2024-12-17,Gift Card,Event Walk-in,599.92,244.23,Completed
ORD_7130,CUST_854,2025-03-28,Accessories,Partnership,310.93,161.86,Completed
ORD_7131,CUST_285,2024-12-10,Beauty,Instagram,388.89,178.67,Completed
ORD_7132,CUST_56,2025-06-26,Gift Card,Google Search,280.76,135.27,Completed
ORD_7133,CUST_53,2025-03-25,Beauty,LinkedIn,149.64,96.13,Completed
ORD_7134,CUST_1105,2025-01-26,Premium Box,Partnership,365.15,167.13,Completed
ORD_7135,CUST_107,2024-08-18,Beauty,LinkedIn,618.59,285.66,Completed
ORD_7136,CUST_37,2024-08-13,Premium Box,Partnership,149.56,67.88,Completed
ORD_7137,CUST_1022,2024-01-17,Limited Collection,Partnership,535.54,202.79,Completed
ORD_7138,CUST_457,2024-08-31,Fashion,Referral,232.43,113.63,Completed
ORD_7139,CUST_964,2025-02-04,Accessories,Google Search,630.51,340.06,Completed
ORD_7140,CUST_1230,2024-08-20,Limited Collection,LinkedIn,331.6,160.19,Completed
ORD_7141,CUST_978,2024-03-26,Accessories,LinkedIn,35.77,14.33,Completed
ORD_7142,CUST_1489,2024-08-20,Beauty,Google Search,341.05,180.06,Completed
ORD_7143,CUST_646,2024-12-09,Limited Collection,Partnership,309.87,149.75,Completed
ORD_7144,CUST_346,2024-07-12,Gift Card,Referral,418.1,250.76,Completed
ORD_7145,CUST_580,2025-03-09,Accessories,Event Walk-in,314.14,156.6,Completed
ORD_7146,CUST_713,2024-01-14,Fashion,LinkedIn,416.45,153.98,Completed
ORD_7147,CUST_634,2025-06-24,Fashion,Partnership,185.16,65.34,Completed
ORD_7148,CUST_387,2025-06-30,Limited Collection,TikTok,260.8,159.34,Completed
ORD_7149,CUST_447,2025-01-31,Accessories,Event Walk-in,442.45,155.89,Completed
ORD_7150,CUST_1241,2024-03-04,Beauty,Referral,511.12,311.01,Refunded
ORD_7151,CUST_971,2024-02-23,Subscription Box,TikTok,38.64,17.98,Completed
ORD_7152,CUST_1306,2025-04-21,Subscription Box,Event Walk-in,559.05,373.85,Completed
ORD_7153,CUST_1261,2024-03-10,Gift Card,Referral,646.19,281.97,Refunded
ORD_7154,CUST_939,2024-07-26,Accessories,TikTok,517.75,225.66,Completed
ORD_7155,CUST_508,2024-02-10,Premium Box,Google Search,383.28,184.6,Completed
ORD_7156,CUST_965,2024-01-29,Premium Box,Google Search,342.95,159.37,Completed
ORD_7157,CUST_896,2024-03-07,Beauty,TikTok,173.65,97.53,Completed
ORD_7158,CUST_176,2025-05-19,Subscription Box,Partnership,556.34,213.84,Completed
ORD_7159,CUST_1312,2024-05-22,Premium Box,TikTok,356.27,180.26,Completed
ORD_7160,CUST_850,2024-08-04,Accessories,Partnership,15.98,11.17,Completed
ORD_7161,CUST_295,2025-03-20,Limited Collection,Instagram,234.35,119.17,Completed
ORD_7162,CUST_341,2025-03-26,Premium Box,Event Walk-in,101.72,40.64,Completed
ORD_7163,CUST_930,2024-12-12,Gift Card,Instagram,577.43,380.46,Completed
ORD_7164,CUST_1029,2025-03-03,Premium Box,Partnership,563.48,370.44,Completed
ORD_7165,CUST_470,2025-05-12,Gift Card,Instagram,577.18,325.18,Completed
ORD_7166,CUST_1477,2025-03-31,Beauty,Referral,72.53,43.34,Completed
ORD_7167,CUST_1370,2024-11-02,Gift Card,Instagram,442.5,244.54,Cancelled
ORD_7168,CUST_380,2024-04-14,Limited Collection,Instagram,292.68,130.33,Refunded
ORD_7169,CUST_112,2024-01-17,Gift Card,Referral,692.54,332.26,Completed
ORD_7170,CUST_52,2024-07-28,Fashion,Instagram,681.4,351.84,Completed
ORD_7171,CUST_403,2025-06-01,Beauty,Instagram,117.0,69.64,Refunded
ORD_7172,CUST_65,2024-07-23,Gift Card,LinkedIn,426.79,204.71,Completed
ORD_7173,CUST_1039,2025-01-15,Beauty,Event Walk-in,613.39,445.1,Cancelled
ORD_7174,CUST_741,2024-11-04,Beauty,Referral,652.01,335.76,Completed
ORD_7175,CUST_1166,2024-01-30,Accessories,Google Search,354.35,148.08,Completed
ORD_7176,CUST_1319,2025-05-29,Fashion,LinkedIn,466.61,312.6,Cancelled
ORD_7177,CUST_235,2024-08-17,Accessories,TikTok,50.04,23.6,Completed
ORD_7178,CUST_1117,2024-06-24,Premium Box,Instagram,656.08,411.71,Completed
ORD_7179,CUST_423,2025-02-01,Accessories,Event Walk-in,645.27,380.31,Refunded
ORD_7180,CUST_125,2024-01-08,Accessories,Partnership,28.52,10.44,Completed
ORD_7181,CUST_666,2024-02-09,Subscription Box,Instagram,426.96,217.25,Completed
ORD_7182,CUST_490,2024-05-01,Fashion,Event Walk-in,622.78,408.61,Completed
ORD_7183,CUST_387,2024-10-02,Gift Card,TikTok,527.67,263.38,Completed
ORD_7184,CUST_250,2024-01-21,Subscription Box,Google Search,451.51,170.26,Completed
ORD_7185,CUST_1264,2024-04-21,Fashion,Partnership,290.2,180.34,Refunded
ORD_7186,CUST_928,2024-04-09,Limited Collection,Google Search,109.79,55.98,Completed
ORD_7187,CUST_291,2024-12-15,Fashion,Instagram,133.93,99.08,Completed
ORD_7188,CUST_643,2025-04-25,Beauty,Partnership,470.82,272.49,Completed
ORD_7189,CUST_579,2025-03-04,Beauty,Partnership,501.01,248.68,Completed
ORD_7190,CUST_1341,2025-03-03,Premium Box,Instagram,684.57,348.12,Completed
ORD_7191,CUST_664,2024-05-13,Subscription Box,Event Walk-in,614.1,295.49,Completed
ORD_7192,CUST_1418,2024-09-07,Subscription Box,LinkedIn,405.73,244.08,Cancelled
ORD_7193,CUST_1496,2024-12-07,Subscription Box,LinkedIn,516.56,278.39,Completed
ORD_7194,CUST_422,2025-01-13,Subscription Box,TikTok,149.37,99.07,Completed
ORD_7195,CUST_961,2024-06-10,Beauty,Google Search,81.94,40.83,Completed
ORD_7196,CUST_1480,2024-09-23,Beauty,TikTok,301.24,147.31,Completed
ORD_7197,CUST_67,2025-04-19,Accessories,Google Search,66.21,24.74,Completed
ORD_7198,CUST_737,2024-11-29,Limited Collection,LinkedIn,224.51,134.43,Completed
ORD_7199,CUST_1423,2024-11-19,Limited Collection,LinkedIn,319.63,149.93,Refunded
ORD_7200,CUST_876,2025-05-18,Subscription Box,TikTok,73.16,48.89,Completed
ORD_7201,CUST_481,2024-11-29,Fashion,Google Search,536.95,253.62,Completed
ORD_7202,CUST_585,2024-10-30,Premium Box,Partnership,285.79,127.45,Completed
ORD_7203,CUST_1042,2025-01-18,Premium Box,Instagram,439.75,181.64,Completed
ORD_7204,CUST_1241,2024-04-22,Subscription Box,Referral,118.75,87.48,Completed
ORD_7205,CUST_1040,2024-07-27,Beauty,Partnership,83.51,41.09,Completed
ORD_7206,CUST_1260,2025-06-07,Limited Collection,Referral,236.75,156.48,Refunded
ORD_7207,CUST_1448,2025-05-10,Limited Collection,Instagram,599.22,289.52,Completed
ORD_7208,CUST_1141,2024-11-06,Fashion,LinkedIn,436.39,288.17,Completed
ORD_7209,CUST_451,2025-05-20,Beauty,Partnership,153.03,94.44,Completed
ORD_7210,CUST_991,2024-08-19,Gift Card,TikTok,463.99,235.78,Completed
ORD_7211,CUST_943,2024-05-16,Limited Collection,TikTok,397.51,172.71,Completed
ORD_7212,CUST_733,2025-05-29,Fashion,Instagram,519.89,292.91,Completed
ORD_7213,CUST_1260,2025-06-26,Beauty,Referral,516.82,189.28,Refunded
ORD_7214,CUST_380,2024-04-09,Accessories,Instagram,651.03,485.1,Completed
ORD_7215,CUST_665,2024-02-09,Gift Card,Referral,466.26,343.07,Cancelled
ORD_7216,CUST_1410,2024-12-23,Beauty,TikTok,80.75,39.46,Completed
ORD_7217,CUST_1301,2024-05-09,Subscription Box,Instagram,137.31,81.12,Cancelled
ORD_7218,CUST_1259,2025-06-13,Limited Collection,Referral,260.11,183.64,Completed
ORD_7219,CUST_1032,2024-06-14,Gift Card,Referral,69.96,30.71,Completed
ORD_7220,CUST_1312,2024-02-16,Limited Collection,TikTok,641.66,232.61,Completed
ORD_7221,CUST_797,2024-06-26,Accessories,Google Search,302.14,175.55,Completed
ORD_7222,CUST_1403,2025-01-21,Premium Box,Referral,117.31,82.1,Completed
ORD_7223,CUST_341,2025-03-30,Gift Card,Event Walk-in,546.34,371.39,Completed
ORD_7224,CUST_737,2024-12-03,Gift Card,LinkedIn,481.91,290.71,Completed
ORD_7225,CUST_1259,2025-03-21,Fashion,Referral,244.79,174.21,Completed
ORD_7226,CUST_108,2024-09-12,Fashion,Instagram,625.25,235.43,Completed
ORD_7227,CUST_1272,2024-05-04,Premium Box,Google Search,103.76,51.61,Refunded
ORD_7228,CUST_721,2025-06-30,Gift Card,LinkedIn,306.93,190.0,Completed
ORD_7229,CUST_905,2025-06-16,Gift Card,TikTok,531.79,272.31,Completed
ORD_7230,CUST_1340,2024-03-29,Premium Box,Referral,108.58,46.82,Completed
ORD_7231,CUST_848,2025-02-05,Premium Box,Instagram,80.86,60.29,Refunded
ORD_7232,CUST_964,2025-06-04,Premium Box,Google Search,470.16,285.45,Completed
ORD_7233,CUST_1397,2024-05-23,Beauty,Referral,124.72,88.07,Refunded
ORD_7234,CUST_859,2024-08-21,Limited Collection,Google Search,89.14,59.83,Refunded
ORD_7235,CUST_101,2024-10-21,Accessories,TikTok,458.74,233.94,Cancelled
ORD_7236,CUST_669,2025-02-13,Fashion,Event Walk-in,524.47,358.66,Completed
ORD_7237,CUST_734,2024-11-20,Accessories,Partnership,596.21,225.2,Completed
ORD_7238,CUST_1223,2025-01-11,Gift Card,Instagram,677.63,271.4,Completed
ORD_7239,CUST_116,2024-03-09,Gift Card,Google Search,104.95,60.14,Cancelled
ORD_7240,CUST_597,2024-03-26,Premium Box,LinkedIn,590.99,426.64,Completed
ORD_7241,CUST_1313,2024-10-28,Limited Collection,Referral,413.85,180.21,Refunded
ORD_7242,CUST_645,2024-11-12,Gift Card,LinkedIn,576.48,425.06,Completed
ORD_7243,CUST_1323,2025-01-07,Beauty,LinkedIn,248.85,181.9,Completed
ORD_7244,CUST_1283,2024-05-04,Accessories,Google Search,466.74,256.82,Completed
ORD_7245,CUST_762,2024-03-14,Gift Card,Partnership,463.01,229.24,Completed
ORD_7246,CUST_99,2024-08-11,Fashion,Partnership,328.01,206.67,Refunded
ORD_7247,CUST_647,2024-08-22,Beauty,LinkedIn,51.31,27.6,Completed
ORD_7248,CUST_499,2025-06-23,Fashion,TikTok,119.79,47.3,Completed
ORD_7249,CUST_843,2025-04-29,Subscription Box,LinkedIn,570.43,215.69,Completed
ORD_7250,CUST_220,2024-04-16,Accessories,Referral,460.24,201.84,Completed
ORD_7251,CUST_1406,2024-04-21,Fashion,TikTok,150.72,97.53,Cancelled
ORD_7252,CUST_364,2025-05-13,Beauty,Event Walk-in,565.37,374.06,Completed
ORD_7253,CUST_1100,2025-04-22,Premium Box,Google Search,616.67,449.42,Completed
ORD_7254,CUST_1094,2024-12-26,Fashion,Instagram,103.07,38.82,Completed
ORD_7255,CUST_228,2024-10-25,Gift Card,TikTok,577.5,227.77,Refunded
ORD_7256,CUST_543,2024-02-28,Gift Card,Referral,166.31,113.78,Completed
ORD_7257,CUST_1208,2024-10-21,Fashion,Partnership,642.05,240.11,Cancelled
ORD_7258,CUST_279,2024-02-22,Accessories,Google Search,662.62,388.55,Completed
ORD_7259,CUST_395,2024-10-21,Accessories,TikTok,398.76,290.09,Completed
ORD_7260,CUST_672,2024-05-17,Limited Collection,LinkedIn,605.94,449.35,Refunded
ORD_7261,CUST_573,2025-05-08,Subscription Box,Referral,35.82,26.78,Cancelled
ORD_7262,CUST_1165,2024-09-24,Subscription Box,Instagram,694.77,381.36,Completed
ORD_7263,CUST_1397,2024-03-18,Fashion,Referral,398.89,256.11,Completed
ORD_7264,CUST_391,2025-03-18,Subscription Box,Instagram,167.13,98.25,Completed
ORD_7265,CUST_595,2025-05-02,Beauty,Partnership,185.29,79.2,Completed
ORD_7266,CUST_1117,2025-06-21,Gift Card,Instagram,188.76,106.34,Completed
ORD_7267,CUST_434,2024-06-07,Accessories,Partnership,584.55,326.26,Completed
ORD_7268,CUST_806,2024-11-25,Premium Box,Referral,464.85,338.53,Completed
ORD_7269,CUST_581,2025-01-09,Limited Collection,LinkedIn,231.46,90.78,Completed
ORD_7270,CUST_653,2024-08-12,Beauty,Google Search,162.56,87.96,Refunded
ORD_7271,CUST_803,2024-12-26,Limited Collection,LinkedIn,247.61,161.22,Completed
ORD_7272,CUST_571,2024-07-22,Beauty,Event Walk-in,476.53,292.13,Completed
ORD_7273,CUST_1367,2024-07-10,Subscription Box,Event Walk-in,346.62,205.31,Cancelled
ORD_7274,CUST_710,2025-06-29,Fashion,LinkedIn,322.93,184.18,Completed
ORD_7275,CUST_252,2024-04-24,Premium Box,Referral,183.0,66.72,Completed
ORD_7276,CUST_520,2025-01-27,Gift Card,Partnership,691.61,482.29,Completed
ORD_7277,CUST_1454,2024-12-18,Premium Box,Partnership,29.07,16.77,Completed
ORD_7278,CUST_273,2024-05-19,Subscription Box,Referral,105.75,62.79,Completed
ORD_7279,CUST_491,2024-07-05,Accessories,Event Walk-in,286.11,120.11,Completed
ORD_7280,CUST_166,2025-04-12,Premium Box,Referral,269.26,174.12,Completed
ORD_7281,CUST_1153,2025-04-28,Beauty,Referral,70.98,34.13,Completed
ORD_7282,CUST_621,2025-03-29,Accessories,LinkedIn,695.38,314.17,Completed
ORD_7283,CUST_149,2024-03-15,Beauty,Partnership,127.98,53.07,Completed
ORD_7284,CUST_854,2024-10-12,Premium Box,Partnership,634.5,285.46,Completed
ORD_7285,CUST_1024,2025-05-25,Gift Card,Event Walk-in,460.77,228.44,Completed
ORD_7286,CUST_733,2024-06-03,Fashion,Instagram,365.95,255.59,Completed
ORD_7287,CUST_146,2025-03-20,Subscription Box,Referral,221.59,139.21,Completed
ORD_7288,CUST_1481,2024-05-31,Limited Collection,Event Walk-in,334.2,155.07,Completed
ORD_7289,CUST_921,2024-10-09,Accessories,Instagram,492.89,319.85,Completed
ORD_7290,CUST_1184,2024-07-06,Subscription Box,Partnership,627.42,332.73,Completed
ORD_7291,CUST_929,2024-11-14,Accessories,Referral,71.82,37.67,Completed
ORD_7292,CUST_616,2025-05-13,Premium Box,Instagram,268.12,167.34,Completed
ORD_7293,CUST_139,2025-05-26,Accessories,Partnership,164.54,100.02,Completed
ORD_7294,CUST_1030,2024-10-19,Limited Collection,Referral,256.31,144.35,Completed
ORD_7295,CUST_237,2024-09-12,Gift Card,LinkedIn,81.15,45.85,Completed
ORD_7296,CUST_763,2024-08-15,Premium Box,Referral,313.72,200.23,Completed
ORD_7297,CUST_1105,2024-08-02,Limited Collection,Partnership,684.73,444.48,Completed
ORD_7298,CUST_466,2025-03-17,Fashion,Event Walk-in,35.33,24.18,Cancelled
ORD_7299,CUST_555,2024-11-15,Accessories,Referral,604.76,237.32,Completed
ORD_7300,CUST_145,2025-01-08,Gift Card,Partnership,684.33,424.4,Completed
ORD_7301,CUST_468,2025-04-14,Premium Box,Google Search,276.0,141.95,Completed
ORD_7302,CUST_415,2024-03-18,Limited Collection,Google Search,73.02,47.23,Completed
ORD_7303,CUST_553,2024-10-06,Accessories,Google Search,413.17,148.11,Completed
ORD_7304,CUST_1070,2025-02-06,Fashion,LinkedIn,422.32,237.66,Completed
ORD_7305,CUST_590,2025-04-10,Premium Box,LinkedIn,618.83,433.93,Completed
ORD_7306,CUST_906,2024-03-27,Limited Collection,LinkedIn,152.0,65.81,Completed
ORD_7307,CUST_660,2024-05-25,Premium Box,LinkedIn,251.26,122.25,Completed
ORD_7308,CUST_891,2024-01-30,Accessories,Referral,322.82,113.12,Completed
ORD_7309,CUST_785,2024-09-09,Accessories,TikTok,339.66,204.6,Completed
ORD_7310,CUST_1236,2024-08-14,Subscription Box,LinkedIn,226.07,90.38,Completed
ORD_7311,CUST_929,2025-04-18,Premium Box,Referral,634.37,415.07,Completed
ORD_7312,CUST_783,2025-05-12,Beauty,LinkedIn,397.27,195.37,Completed
ORD_7313,CUST_159,2024-03-01,Accessories,Google Search,154.78,105.6,Completed
ORD_7314,CUST_166,2024-07-03,Fashion,Referral,511.15,331.15,Completed
ORD_7315,CUST_1175,2024-10-12,Accessories,Instagram,653.04,368.04,Completed
ORD_7316,CUST_796,2024-08-14,Beauty,Partnership,524.99,235.11,Completed
ORD_7317,CUST_224,2024-04-04,Subscription Box,Instagram,273.63,111.33,Completed
ORD_7318,CUST_1426,2024-03-19,Premium Box,Google Search,151.98,75.72,Cancelled
ORD_7319,CUST_265,2024-09-20,Limited Collection,Event Walk-in,307.64,185.13,Completed
ORD_7320,CUST_503,2024-10-11,Accessories,Event Walk-in,293.62,201.82,Completed
ORD_7321,CUST_1200,2024-06-19,Premium Box,LinkedIn,143.31,77.36,Completed
ORD_7322,CUST_701,2024-04-12,Limited Collection,Referral,48.97,25.29,Completed
ORD_7323,CUST_807,2024-12-28,Accessories,LinkedIn,383.38,186.66,Completed
ORD_7324,CUST_913,2025-05-18,Fashion,Google Search,344.85,144.41,Completed
ORD_7325,CUST_920,2025-03-01,Subscription Box,Google Search,353.39,251.77,Completed
ORD_7326,CUST_1056,2025-06-25,Premium Box,Event Walk-in,179.53,79.27,Cancelled
ORD_7327,CUST_1350,2024-01-05,Gift Card,Event Walk-in,322.26,116.34,Completed
ORD_7328,CUST_342,2025-03-03,Gift Card,TikTok,235.21,84.09,Completed
ORD_7329,CUST_1005,2024-12-19,Gift Card,Referral,448.93,216.28,Completed
ORD_7330,CUST_737,2024-09-09,Beauty,LinkedIn,207.92,79.2,Refunded
ORD_7331,CUST_1153,2024-09-22,Fashion,Referral,188.32,123.0,Completed
ORD_7332,CUST_1417,2025-04-08,Premium Box,Partnership,471.62,353.33,Completed
ORD_7333,CUST_647,2024-06-13,Premium Box,LinkedIn,16.62,7.88,Completed
ORD_7334,CUST_488,2024-06-12,Gift Card,Google Search,640.6,433.47,Completed
ORD_7335,CUST_609,2024-06-29,Subscription Box,Instagram,112.56,46.56,Completed
ORD_7336,CUST_731,2025-02-24,Beauty,Partnership,363.48,204.13,Completed
ORD_7337,CUST_71,2025-02-19,Subscription Box,Partnership,272.46,104.6,Completed
ORD_7338,CUST_69,2024-06-25,Accessories,Partnership,85.13,49.33,Cancelled
ORD_7339,CUST_528,2024-11-02,Fashion,Partnership,673.31,461.21,Completed
ORD_7340,CUST_976,2024-09-15,Limited Collection,TikTok,459.75,316.9,Refunded
ORD_7341,CUST_1375,2025-06-26,Gift Card,Event Walk-in,535.94,195.63,Completed
ORD_7342,CUST_546,2024-03-16,Premium Box,Event Walk-in,695.82,342.95,Refunded
ORD_7343,CUST_64,2024-06-04,Fashion,TikTok,505.16,363.14,Completed
ORD_7344,CUST_208,2024-06-16,Subscription Box,LinkedIn,582.39,238.0,Completed
ORD_7345,CUST_927,2024-05-18,Premium Box,Referral,621.22,453.43,Completed
ORD_7346,CUST_724,2024-04-25,Subscription Box,LinkedIn,601.02,398.37,Completed
ORD_7347,CUST_1499,2025-04-19,Accessories,TikTok,317.53,161.37,Completed
ORD_7348,CUST_825,2024-06-21,Gift Card,LinkedIn,312.27,224.89,Completed
ORD_7349,CUST_917,2024-09-28,Beauty,Referral,264.87,164.15,Completed
ORD_7350,CUST_1143,2025-04-26,Beauty,Event Walk-in,239.37,117.07,Completed
ORD_7351,CUST_1044,2025-04-17,Accessories,Instagram,77.48,29.16,Completed
ORD_7352,CUST_1301,2024-03-23,Accessories,Instagram,462.88,311.38,Completed
ORD_7353,CUST_368,2025-01-26,Accessories,Partnership,259.21,110.52,Completed
ORD_7354,CUST_1491,2024-12-05,Limited Collection,Google Search,103.67,76.72,Completed
ORD_7355,CUST_845,2025-01-13,Beauty,Google Search,362.57,268.9,Completed
ORD_7356,CUST_123,2024-10-31,Premium Box,Referral,690.54,471.37,Completed
ORD_7357,CUST_1077,2024-09-26,Limited Collection,Google Search,480.6,291.33,Completed
ORD_7358,CUST_1059,2025-04-22,Accessories,Referral,59.65,39.06,Completed
ORD_7359,CUST_913,2024-10-03,Fashion,Google Search,469.19,319.7,Completed
ORD_7360,CUST_1236,2024-08-09,Beauty,LinkedIn,388.83,281.58,Completed
ORD_7361,CUST_1405,2024-10-30,Accessories,Partnership,251.71,120.17,Completed
ORD_7362,CUST_464,2025-06-07,Gift Card,Referral,55.23,39.06,Completed
ORD_7363,CUST_1131,2024-05-27,Beauty,Instagram,229.96,146.26,Completed
ORD_7364,CUST_863,2025-06-21,Fashion,Referral,306.86,115.54,Completed
ORD_7365,CUST_786,2025-05-06,Fashion,Instagram,399.4,253.09,Completed
ORD_7366,CUST_632,2024-02-06,Limited Collection,TikTok,229.21,110.09,Completed
ORD_7367,CUST_688,2024-05-02,Limited Collection,Referral,304.36,198.94,Completed
ORD_7368,CUST_514,2024-08-07,Beauty,Event Walk-in,59.25,31.1,Completed
ORD_7369,CUST_739,2025-05-06,Premium Box,Event Walk-in,121.84,77.59,Completed
ORD_7370,CUST_1431,2024-09-10,Beauty,TikTok,408.85,212.32,Completed
ORD_7371,CUST_781,2024-08-25,Accessories,Event Walk-in,482.91,273.95,Completed
ORD_7372,CUST_1109,2024-10-15,Accessories,Google Search,92.72,68.19,Completed
ORD_7373,CUST_906,2024-02-03,Gift Card,LinkedIn,564.16,287.38,Completed
ORD_7374,CUST_1216,2025-05-14,Gift Card,Referral,16.49,8.66,Refunded
ORD_7375,CUST_1410,2024-04-06,Beauty,TikTok,625.54,332.25,Completed
ORD_7376,CUST_714,2024-05-24,Subscription Box,Instagram,559.77,404.44,Completed
ORD_7377,CUST_1084,2024-04-17,Subscription Box,TikTok,90.0,63.6,Completed
ORD_7378,CUST_929,2024-04-11,Limited Collection,Referral,415.47,232.82,Completed
ORD_7379,CUST_1196,2025-05-26,Subscription Box,TikTok,309.16,131.72,Completed
ORD_7380,CUST_193,2024-10-14,Premium Box,Google Search,424.01,151.55,Completed
ORD_7381,CUST_225,2025-06-17,Gift Card,LinkedIn,690.75,474.77,Refunded
ORD_7382,CUST_1185,2024-09-12,Beauty,Referral,218.53,87.63,Completed
ORD_7383,CUST_1319,2025-01-23,Beauty,LinkedIn,21.07,11.01,Completed
ORD_7384,CUST_826,2024-06-19,Limited Collection,Google Search,416.2,157.83,Completed
ORD_7385,CUST_1441,2025-04-02,Fashion,Google Search,373.39,162.22,Cancelled
ORD_7386,CUST_161,2025-04-28,Premium Box,Referral,263.16,144.11,Completed
ORD_7387,CUST_642,2024-08-29,Fashion,Referral,346.57,209.28,Completed
ORD_7388,CUST_1239,2024-11-15,Beauty,Event Walk-in,390.57,251.62,Completed
ORD_7389,CUST_1034,2025-06-01,Accessories,Google Search,344.55,208.22,Refunded
ORD_7390,CUST_281,2025-04-06,Subscription Box,Referral,520.76,301.63,Completed
ORD_7391,CUST_875,2024-05-23,Beauty,TikTok,673.86,247.17,Completed
ORD_7392,CUST_256,2024-04-01,Gift Card,Referral,300.5,106.76,Completed
ORD_7393,CUST_583,2024-09-22,Subscription Box,Instagram,37.82,22.36,Completed
ORD_7394,CUST_211,2024-08-24,Premium Box,Partnership,269.21,133.44,Completed
ORD_7395,CUST_160,2024-05-24,Gift Card,Instagram,379.41,214.18,Completed
ORD_7396,CUST_1417,2024-12-18,Subscription Box,Partnership,406.66,252.74,Completed
ORD_7397,CUST_1033,2024-03-13,Beauty,Referral,96.53,41.56,Completed
ORD_7398,CUST_145,2024-04-03,Gift Card,Partnership,465.52,200.96,Completed
ORD_7399,CUST_539,2024-07-05,Limited Collection,LinkedIn,195.02,74.09,Cancelled
ORD_7400,CUST_616,2025-02-28,Gift Card,Instagram,659.39,251.38,Completed
ORD_7401,CUST_538,2024-04-16,Gift Card,Event Walk-in,675.78,330.43,Completed
ORD_7402,CUST_991,2024-05-03,Subscription Box,TikTok,219.24,144.82,Completed
ORD_7403,CUST_651,2024-09-19,Subscription Box,TikTok,230.83,171.29,Completed
ORD_7404,CUST_892,2024-06-01,Gift Card,Google Search,183.1,115.0,Completed
ORD_7405,CUST_372,2024-11-22,Gift Card,TikTok,62.05,32.72,Completed
ORD_7406,CUST_1212,2025-06-28,Accessories,Referral,256.64,144.75,Completed
ORD_7407,CUST_632,2025-05-31,Fashion,TikTok,37.86,16.49,Completed
ORD_7408,CUST_1214,2024-01-07,Beauty,LinkedIn,270.22,181.75,Completed
ORD_7409,CUST_513,2024-04-04,Accessories,Partnership,345.58,231.77,Completed
ORD_7410,CUST_720,2024-06-19,Fashion,Instagram,467.27,311.94,Completed
ORD_7411,CUST_414,2024-01-14,Limited Collection,LinkedIn,667.85,313.58,Refunded
ORD_7412,CUST_1123,2024-03-12,Beauty,LinkedIn,344.29,137.79,Completed
ORD_7413,CUST_284,2024-06-07,Fashion,Google Search,79.28,51.81,Cancelled
ORD_7414,CUST_889,2024-10-31,Gift Card,Referral,402.55,254.56,Completed
ORD_7415,CUST_218,2025-04-30,Subscription Box,LinkedIn,402.04,299.78,Completed
ORD_7416,CUST_235,2025-06-17,Fashion,TikTok,163.76,88.13,Completed
ORD_7417,CUST_1187,2025-04-27,Beauty,Instagram,351.96,234.74,Completed
ORD_7418,CUST_1405,2024-07-12,Limited Collection,Partnership,462.38,222.36,Completed
ORD_7419,CUST_168,2025-03-02,Gift Card,Event Walk-in,28.11,11.34,Completed
ORD_7420,CUST_211,2024-11-10,Subscription Box,Partnership,317.74,192.95,Completed
ORD_7421,CUST_1493,2024-07-17,Beauty,Referral,157.67,117.45,Completed
ORD_7422,CUST_926,2024-12-20,Accessories,Instagram,305.97,209.5,Completed
ORD_7423,CUST_512,2025-01-03,Beauty,Partnership,247.08,180.61,Completed
ORD_7424,CUST_1115,2025-02-13,Accessories,Referral,421.49,293.31,Completed
ORD_7425,CUST_21,2024-04-12,Subscription Box,Instagram,172.49,89.01,Completed
ORD_7426,CUST_1020,2024-01-09,Subscription Box,TikTok,558.34,219.98,Completed
ORD_7427,CUST_670,2025-01-08,Gift Card,Instagram,48.14,17.62,Completed
ORD_7428,CUST_71,2025-04-06,Gift Card,Partnership,143.97,59.51,Completed
ORD_7429,CUST_103,2025-03-23,Beauty,Partnership,672.41,473.65,Refunded
ORD_7430,CUST_1050,2024-07-09,Beauty,Partnership,302.49,217.75,Completed
ORD_7431,CUST_1418,2024-10-16,Gift Card,LinkedIn,37.07,17.77,Completed
ORD_7432,CUST_839,2025-05-07,Fashion,Referral,653.53,256.12,Completed
ORD_7433,CUST_1109,2024-10-05,Premium Box,Google Search,324.18,117.12,Completed
ORD_7434,CUST_254,2025-03-26,Beauty,LinkedIn,133.97,47.04,Completed
ORD_7435,CUST_1394,2024-10-31,Beauty,Instagram,102.13,73.3,Completed
ORD_7436,CUST_494,2025-03-30,Premium Box,Partnership,177.89,66.19,Completed
ORD_7437,CUST_1077,2025-01-28,Premium Box,Google Search,61.06,28.71,Completed
ORD_7438,CUST_1076,2024-09-15,Gift Card,LinkedIn,209.82,98.79,Completed
ORD_7439,CUST_93,2024-01-14,Fashion,TikTok,628.45,442.34,Completed
ORD_7440,CUST_223,2024-11-03,Premium Box,Referral,527.55,185.17,Completed
ORD_7441,CUST_862,2025-03-12,Premium Box,Google Search,174.51,85.21,Completed
ORD_7442,CUST_460,2025-01-09,Beauty,Google Search,53.36,33.69,Completed
ORD_7443,CUST_393,2025-01-19,Fashion,Google Search,287.43,101.73,Completed
ORD_7444,CUST_1179,2024-03-30,Beauty,Instagram,145.96,99.15,Completed
ORD_7445,CUST_1495,2024-02-24,Limited Collection,Partnership,179.24,73.78,Cancelled
ORD_7446,CUST_172,2025-05-01,Premium Box,TikTok,594.96,317.59,Completed
ORD_7447,CUST_147,2024-06-07,Fashion,Google Search,384.22,150.29,Completed
ORD_7448,CUST_1117,2024-12-21,Premium Box,Instagram,170.19,104.96,Completed
ORD_7449,CUST_222,2024-10-31,Subscription Box,TikTok,498.94,301.92,Completed
ORD_7450,CUST_546,2025-06-29,Fashion,Event Walk-in,224.98,106.67,Completed
ORD_7451,CUST_793,2025-06-12,Limited Collection,TikTok,657.18,236.08,Completed
ORD_7452,CUST_1323,2024-10-24,Gift Card,LinkedIn,542.33,211.42,Completed
ORD_7453,CUST_867,2025-04-12,Fashion,TikTok,581.42,318.83,Completed
ORD_7454,CUST_573,2024-10-20,Gift Card,Referral,509.66,345.78,Refunded
ORD_7455,CUST_962,2025-06-19,Beauty,Partnership,341.7,146.29,Completed
ORD_7456,CUST_401,2025-02-15,Gift Card,LinkedIn,440.11,155.63,Completed
ORD_7457,CUST_880,2024-01-27,Gift Card,LinkedIn,471.62,251.43,Completed
ORD_7458,CUST_989,2024-02-26,Premium Box,Partnership,358.12,202.74,Completed
ORD_7459,CUST_1247,2025-04-09,Accessories,TikTok,279.56,208.7,Completed
ORD_7460,CUST_484,2024-05-28,Beauty,Event Walk-in,243.18,177.16,Completed
ORD_7461,CUST_975,2025-04-11,Limited Collection,Referral,451.41,314.26,Completed
ORD_7462,CUST_451,2025-02-23,Premium Box,Partnership,323.79,197.74,Completed
ORD_7463,CUST_1112,2024-11-07,Subscription Box,TikTok,204.64,79.93,Completed
ORD_7464,CUST_388,2025-06-07,Limited Collection,TikTok,615.63,288.68,Cancelled
ORD_7465,CUST_766,2024-01-12,Gift Card,Event Walk-in,138.8,64.34,Completed
ORD_7466,CUST_116,2025-02-12,Beauty,Google Search,88.07,58.14,Completed
ORD_7467,CUST_794,2025-03-17,Limited Collection,Google Search,655.09,288.36,Cancelled
ORD_7468,CUST_1024,2024-10-05,Beauty,Event Walk-in,411.75,212.09,Refunded
ORD_7469,CUST_1063,2025-03-10,Beauty,Google Search,78.26,33.97,Refunded
ORD_7470,CUST_1014,2025-03-23,Fashion,Instagram,560.81,240.7,Completed
ORD_7471,CUST_1353,2024-04-06,Beauty,Referral,516.72,373.28,Completed
ORD_7472,CUST_661,2025-03-21,Accessories,Partnership,407.86,146.92,Completed
ORD_7473,CUST_1214,2025-04-21,Beauty,LinkedIn,231.16,142.56,Completed
ORD_7474,CUST_1161,2024-04-25,Gift Card,TikTok,36.48,25.73,Completed
ORD_7475,CUST_1255,2024-09-18,Gift Card,Partnership,206.91,129.01,Completed
ORD_7476,CUST_83,2024-11-07,Subscription Box,Event Walk-in,72.95,54.58,Completed
ORD_7477,CUST_613,2024-07-08,Subscription Box,Event Walk-in,219.21,143.91,Completed
ORD_7478,CUST_420,2024-08-30,Limited Collection,LinkedIn,57.01,40.7,Completed
ORD_7479,CUST_417,2025-02-06,Subscription Box,LinkedIn,199.9,127.74,Completed
ORD_7480,CUST_1462,2024-02-29,Subscription Box,Referral,37.87,13.81,Refunded
ORD_7481,CUST_8,2024-10-23,Premium Box,Partnership,62.69,41.11,Completed
ORD_7482,CUST_1246,2025-03-12,Premium Box,Instagram,181.38,88.95,Completed
ORD_7483,CUST_1314,2024-03-30,Gift Card,Event Walk-in,306.91,157.27,Completed
ORD_7484,CUST_377,2024-10-12,Fashion,Referral,342.99,163.42,Completed
ORD_7485,CUST_1079,2024-09-26,Premium Box,Instagram,475.14,338.58,Completed
ORD_7486,CUST_1407,2024-03-30,Beauty,Instagram,374.91,213.6,Completed
ORD_7487,CUST_908,2024-08-15,Premium Box,TikTok,298.45,108.78,Refunded
ORD_7488,CUST_887,2024-05-28,Beauty,Referral,423.01,190.71,Completed
ORD_7489,CUST_1124,2024-06-20,Limited Collection,Partnership,302.78,178.0,Completed
ORD_7490,CUST_1212,2025-06-06,Fashion,Referral,527.36,186.59,Completed
ORD_7491,CUST_895,2024-03-15,Beauty,Event Walk-in,123.82,76.7,Completed
ORD_7492,CUST_756,2025-05-12,Beauty,Referral,410.24,236.35,Completed
ORD_7493,CUST_853,2024-02-13,Limited Collection,TikTok,268.31,177.96,Completed
ORD_7494,CUST_896,2024-09-07,Limited Collection,TikTok,28.73,10.81,Completed
ORD_7495,CUST_17,2025-03-08,Premium Box,Referral,157.26,63.98,Completed
ORD_7496,CUST_54,2024-03-10,Limited Collection,Referral,549.7,334.14,Completed
ORD_7497,CUST_760,2024-08-02,Premium Box,LinkedIn,537.57,191.88,Completed
ORD_7498,CUST_13,2025-04-13,Fashion,TikTok,547.16,298.83,Completed
ORD_7499,CUST_198,2024-06-26,Premium Box,Instagram,296.93,164.0,Completed
ORD_7500,CUST_886,2024-03-28,Accessories,Google Search,238.01,123.19,Completed
ORD_7501,CUST_1388,2024-08-30,Limited Collection,Instagram,391.71,195.07,Cancelled
ORD_7502,CUST_1185,2024-11-22,Subscription Box,Referral,321.42,134.26,Completed
ORD_7503,CUST_497,2024-08-12,Fashion,Instagram,592.38,248.92,Completed
ORD_7504,CUST_149,2024-07-15,Beauty,Partnership,544.54,368.52,Completed
ORD_7505,CUST_1113,2024-02-07,Fashion,Referral,432.82,280.81,Completed
ORD_7506,CUST_911,2025-05-16,Fashion,TikTok,429.56,248.85,Completed
ORD_7507,CUST_293,2024-03-25,Gift Card,Referral,391.38,161.6,Completed
ORD_7508,CUST_718,2025-06-12,Limited Collection,Google Search,356.84,239.45,Refunded
ORD_7509,CUST_317,2024-07-07,Premium Box,Instagram,315.61,213.51,Completed
ORD_7510,CUST_111,2024-06-12,Gift Card,Instagram,563.5,375.76,Completed
ORD_7511,CUST_1010,2024-10-30,Gift Card,Google Search,410.76,146.3,Completed
ORD_7512,CUST_115,2024-03-06,Beauty,Instagram,458.03,332.36,Completed
ORD_7513,CUST_1260,2024-11-09,Beauty,Referral,676.26,487.4,Completed
ORD_7514,CUST_118,2024-12-18,Accessories,Instagram,623.88,251.62,Completed
ORD_7515,CUST_754,2025-02-08,Premium Box,Instagram,653.73,283.42,Completed
ORD_7516,CUST_1494,2024-09-10,Limited Collection,LinkedIn,594.02,283.17,Refunded
ORD_7517,CUST_970,2024-01-19,Limited Collection,Google Search,46.55,18.91,Completed
ORD_7518,CUST_951,2024-05-13,Premium Box,Event Walk-in,30.02,14.96,Completed
ORD_7519,CUST_161,2025-06-03,Subscription Box,Referral,593.39,417.43,Completed
ORD_7520,CUST_492,2025-06-17,Beauty,Partnership,698.02,296.65,Completed
ORD_7521,CUST_1434,2025-01-12,Limited Collection,Partnership,525.89,336.99,Completed
ORD_7522,CUST_977,2025-04-07,Limited Collection,Event Walk-in,539.45,348.75,Completed
ORD_7523,CUST_713,2024-06-23,Premium Box,LinkedIn,614.39,224.91,Completed
ORD_7524,CUST_1120,2024-02-23,Fashion,Event Walk-in,528.01,192.35,Cancelled
ORD_7525,CUST_429,2024-06-03,Accessories,Event Walk-in,73.21,50.58,Completed
ORD_7526,CUST_661,2025-04-19,Accessories,Partnership,223.78,162.34,Completed
ORD_7527,CUST_541,2025-05-10,Subscription Box,Google Search,178.14,103.96,Completed
ORD_7528,CUST_959,2025-01-27,Beauty,LinkedIn,345.33,196.59,Completed
ORD_7529,CUST_380,2024-05-02,Gift Card,Instagram,654.16,463.96,Completed
ORD_7530,CUST_1489,2024-07-24,Accessories,Google Search,545.93,210.92,Completed
ORD_7531,CUST_1317,2025-04-19,Fashion,TikTok,628.31,226.94,Cancelled
ORD_7532,CUST_1313,2025-04-11,Fashion,Referral,265.45,155.21,Completed
ORD_7533,CUST_280,2024-02-24,Limited Collection,LinkedIn,463.42,318.14,Completed
ORD_7534,CUST_1444,2024-04-22,Premium Box,Google Search,253.72,90.5,Completed
ORD_7535,CUST_1448,2025-03-25,Premium Box,Instagram,100.93,49.59,Completed
ORD_7536,CUST_1008,2024-12-01,Beauty,Partnership,210.29,143.53,Completed
ORD_7537,CUST_1023,2024-04-15,Premium Box,TikTok,400.09,145.03,Completed
ORD_7538,CUST_942,2024-10-08,Accessories,Partnership,156.27,105.54,Completed
ORD_7539,CUST_907,2024-09-22,Accessories,TikTok,291.6,148.79,Completed
ORD_7540,CUST_1475,2024-06-15,Gift Card,TikTok,87.53,60.06,Completed
ORD_7541,CUST_947,2025-04-20,Beauty,TikTok,141.97,59.77,Completed
ORD_7542,CUST_1094,2025-03-24,Accessories,Instagram,598.88,316.4,Completed
ORD_7543,CUST_82,2025-04-03,Gift Card,TikTok,477.21,273.31,Completed
ORD_7544,CUST_1120,2024-05-16,Gift Card,Event Walk-in,176.61,103.81,Completed
ORD_7545,CUST_816,2024-10-16,Limited Collection,Referral,288.35,199.78,Completed
ORD_7546,CUST_1067,2024-06-20,Beauty,Event Walk-in,583.21,232.67,Cancelled
ORD_7547,CUST_1323,2024-07-03,Accessories,LinkedIn,172.85,119.09,Completed
ORD_7548,CUST_128,2025-01-25,Limited Collection,Referral,39.48,26.1,Completed
ORD_7549,CUST_742,2024-11-25,Fashion,Referral,491.27,259.37,Completed
ORD_7550,CUST_677,2024-01-27,Fashion,Instagram,543.28,191.44,Refunded
ORD_7551,CUST_1114,2024-03-28,Premium Box,Event Walk-in,80.64,40.34,Completed
ORD_7552,CUST_1048,2025-06-22,Premium Box,Referral,292.58,213.88,Completed
ORD_7553,CUST_1289,2024-03-24,Accessories,Partnership,687.6,279.23,Cancelled
ORD_7554,CUST_1120,2024-01-30,Beauty,Event Walk-in,180.66,63.49,Completed
ORD_7555,CUST_107,2025-01-13,Limited Collection,LinkedIn,695.72,395.44,Completed
ORD_7556,CUST_1285,2024-02-27,Gift Card,Google Search,589.4,224.67,Cancelled
ORD_7557,CUST_1094,2024-02-22,Premium Box,Instagram,504.56,210.96,Completed
ORD_7558,CUST_473,2024-01-31,Accessories,Google Search,435.92,180.21,Completed
ORD_7559,CUST_1035,2025-05-10,Premium Box,Partnership,25.47,16.18,Completed
ORD_7560,CUST_52,2024-07-09,Gift Card,Instagram,103.73,47.58,Completed
ORD_7561,CUST_569,2025-03-22,Fashion,Partnership,359.51,264.77,Completed
ORD_7562,CUST_51,2024-10-06,Gift Card,Instagram,588.56,216.56,Completed
ORD_7563,CUST_463,2024-08-06,Limited Collection,Event Walk-in,73.04,36.55,Completed
ORD_7564,CUST_1038,2024-01-25,Gift Card,Google Search,488.22,218.29,Completed
ORD_7565,CUST_736,2024-09-08,Gift Card,Google Search,19.44,9.26,Completed
ORD_7566,CUST_964,2024-08-27,Premium Box,Google Search,252.14,169.4,Completed
ORD_7567,CUST_563,2024-09-06,Premium Box,Google Search,170.65,93.7,Completed
ORD_7568,CUST_1070,2024-04-26,Fashion,LinkedIn,654.71,274.11,Completed
ORD_7569,CUST_657,2025-05-26,Gift Card,Instagram,307.26,120.54,Completed
ORD_7570,CUST_754,2024-06-21,Subscription Box,Instagram,338.3,150.25,Refunded
ORD_7571,CUST_1172,2024-04-11,Subscription Box,Partnership,190.11,106.54,Completed
ORD_7572,CUST_988,2024-01-07,Gift Card,Partnership,481.72,201.36,Completed
ORD_7573,CUST_50,2024-04-22,Premium Box,Referral,427.32,301.35,Completed
ORD_7574,CUST_1437,2025-03-05,Limited Collection,Google Search,24.81,13.96,Completed
ORD_7575,CUST_932,2024-10-03,Subscription Box,Instagram,654.54,458.25,Completed
ORD_7576,CUST_577,2024-04-14,Accessories,LinkedIn,213.37,117.23,Completed
ORD_7577,CUST_261,2025-04-28,Gift Card,Partnership,46.49,27.89,Completed
ORD_7578,CUST_251,2024-07-31,Accessories,Google Search,243.65,174.74,Completed
ORD_7579,CUST_1124,2024-03-23,Premium Box,Partnership,228.48,153.28,Refunded
ORD_7580,CUST_108,2024-07-09,Fashion,Instagram,226.24,96.86,Completed
ORD_7581,CUST_770,2024-12-25,Accessories,Referral,285.13,178.27,Refunded
ORD_7582,CUST_412,2025-01-08,Fashion,Event Walk-in,569.64,317.88,Completed
ORD_7583,CUST_189,2024-04-21,Gift Card,Referral,658.91,293.5,Completed
ORD_7584,CUST_393,2025-06-25,Limited Collection,Google Search,125.26,72.15,Completed
ORD_7585,CUST_1143,2024-02-28,Gift Card,Event Walk-in,662.1,262.82,Completed
ORD_7586,CUST_236,2024-07-10,Limited Collection,TikTok,23.43,17.04,Completed
ORD_7587,CUST_1299,2024-09-26,Beauty,LinkedIn,325.35,224.21,Completed
ORD_7588,CUST_886,2024-12-29,Accessories,Google Search,90.76,53.16,Completed
ORD_7589,CUST_653,2024-07-25,Gift Card,Google Search,369.67,223.03,Completed
ORD_7590,CUST_739,2024-06-24,Gift Card,Event Walk-in,238.44,153.42,Completed
ORD_7591,CUST_130,2024-06-27,Gift Card,TikTok,350.52,129.64,Completed
ORD_7592,CUST_414,2024-06-26,Gift Card,LinkedIn,421.61,263.01,Completed
ORD_7593,CUST_1148,2024-01-08,Beauty,TikTok,185.73,97.46,Completed
ORD_7594,CUST_931,2024-07-26,Beauty,LinkedIn,352.64,145.72,Completed
ORD_7595,CUST_1211,2024-08-11,Premium Box,LinkedIn,353.06,129.82,Completed
ORD_7596,CUST_79,2024-09-01,Beauty,Referral,512.37,358.81,Completed
ORD_7597,CUST_416,2025-05-18,Premium Box,Partnership,564.86,335.98,Completed
ORD_7598,CUST_885,2024-01-16,Accessories,Referral,520.75,384.17,Completed
ORD_7599,CUST_197,2025-05-10,Gift Card,Partnership,684.89,264.67,Completed
ORD_7600,CUST_467,2025-05-23,Gift Card,TikTok,324.09,173.44,Refunded
ORD_7601,CUST_468,2024-01-13,Limited Collection,Google Search,581.99,283.16,Completed
ORD_7602,CUST_30,2025-06-09,Fashion,Google Search,244.79,126.86,Completed
ORD_7603,CUST_694,2024-02-01,Subscription Box,Instagram,175.71,81.91,Completed
ORD_7604,CUST_1358,2024-01-14,Subscription Box,Partnership,227.16,82.46,Completed
ORD_7605,CUST_965,2025-05-14,Premium Box,Google Search,417.5,264.53,Completed
ORD_7606,CUST_1209,2025-05-07,Limited Collection,TikTok,615.75,249.07,Completed
ORD_7607,CUST_579,2024-07-30,Beauty,Partnership,622.4,413.31,Completed
ORD_7608,CUST_1112,2024-07-14,Gift Card,TikTok,615.69,418.16,Completed
ORD_7609,CUST_961,2025-04-16,Limited Collection,Google Search,140.81,56.36,Completed
ORD_7610,CUST_344,2025-04-11,Fashion,TikTok,268.32,113.69,Completed
ORD_7611,CUST_556,2024-03-16,Limited Collection,Instagram,246.6,127.95,Completed
ORD_7612,CUST_1344,2024-02-16,Beauty,Partnership,574.82,248.48,Completed
ORD_7613,CUST_630,2025-02-12,Subscription Box,LinkedIn,465.35,268.46,Completed
ORD_7614,CUST_1307,2025-02-05,Beauty,Google Search,126.15,50.54,Completed
ORD_7615,CUST_1252,2024-11-30,Fashion,TikTok,616.95,328.42,Completed
ORD_7616,CUST_1017,2024-11-16,Fashion,Referral,512.94,271.87,Completed
ORD_7617,CUST_22,2025-01-18,Fashion,LinkedIn,337.22,166.36,Refunded
ORD_7618,CUST_1146,2024-04-25,Premium Box,LinkedIn,598.84,243.68,Completed
ORD_7619,CUST_1376,2025-05-05,Limited Collection,Google Search,668.54,318.36,Completed
ORD_7620,CUST_605,2024-10-21,Subscription Box,TikTok,526.95,269.85,Completed
ORD_7621,CUST_427,2025-04-06,Gift Card,Referral,340.08,155.43,Cancelled
ORD_7622,CUST_1471,2025-02-26,Subscription Box,Instagram,413.58,297.28,Refunded
ORD_7623,CUST_74,2024-12-25,Subscription Box,Google Search,23.56,10.39,Completed
ORD_7624,CUST_497,2024-09-07,Accessories,Instagram,639.1,293.46,Completed
ORD_7625,CUST_651,2024-05-08,Subscription Box,TikTok,440.16,207.11,Completed
ORD_7626,CUST_1125,2024-01-04,Beauty,LinkedIn,610.98,416.83,Completed
ORD_7627,CUST_507,2024-08-29,Beauty,LinkedIn,696.66,351.85,Refunded
ORD_7628,CUST_789,2025-02-15,Limited Collection,Google Search,411.77,268.94,Completed
ORD_7629,CUST_47,2025-04-06,Beauty,LinkedIn,267.74,161.6,Completed
ORD_7630,CUST_782,2025-04-20,Fashion,Google Search,354.31,166.7,Completed
ORD_7631,CUST_1062,2024-11-05,Gift Card,Instagram,215.96,142.05,Completed
ORD_7632,CUST_1031,2025-05-15,Accessories,Google Search,364.31,250.35,Completed
ORD_7633,CUST_1319,2024-03-12,Fashion,LinkedIn,587.53,226.13,Completed
ORD_7634,CUST_934,2024-08-30,Limited Collection,Partnership,137.33,91.59,Completed
ORD_7635,CUST_75,2024-09-27,Fashion,Instagram,529.81,377.04,Completed
ORD_7636,CUST_461,2025-02-26,Accessories,Partnership,211.04,131.09,Completed
ORD_7637,CUST_1349,2025-01-01,Gift Card,Referral,182.85,85.9,Completed
ORD_7638,CUST_60,2024-12-29,Limited Collection,Instagram,420.95,223.99,Cancelled
ORD_7639,CUST_616,2025-06-20,Gift Card,Instagram,376.45,177.35,Completed
ORD_7640,CUST_952,2025-03-28,Fashion,Referral,503.83,228.97,Completed
ORD_7641,CUST_1070,2024-02-08,Beauty,LinkedIn,669.94,327.92,Completed
ORD_7642,CUST_243,2024-05-28,Subscription Box,Instagram,210.99,151.5,Completed
ORD_7643,CUST_1484,2024-11-01,Beauty,Instagram,154.27,80.14,Completed
ORD_7644,CUST_1385,2024-04-19,Beauty,Referral,83.07,57.23,Completed
ORD_7645,CUST_1139,2024-07-27,Beauty,Referral,525.87,337.66,Completed
ORD_7646,CUST_997,2024-09-05,Subscription Box,LinkedIn,114.84,44.51,Completed
ORD_7647,CUST_1274,2024-02-08,Fashion,Referral,267.77,175.96,Completed
ORD_7648,CUST_479,2024-10-23,Gift Card,Instagram,209.69,143.79,Refunded
ORD_7649,CUST_1113,2024-12-04,Premium Box,Referral,695.83,304.81,Completed
ORD_7650,CUST_728,2024-01-30,Subscription Box,Event Walk-in,323.55,113.69,Completed
ORD_7651,CUST_377,2024-07-22,Gift Card,Referral,614.05,305.74,Completed
ORD_7652,CUST_1452,2024-12-12,Subscription Box,Partnership,253.75,136.3,Completed
ORD_7653,CUST_169,2024-07-06,Fashion,Instagram,166.41,96.4,Completed
ORD_7654,CUST_605,2025-04-08,Accessories,TikTok,93.7,33.36,Completed
ORD_7655,CUST_1049,2024-01-21,Subscription Box,Google Search,143.27,79.4,Completed
ORD_7656,CUST_142,2024-11-29,Accessories,Partnership,139.81,103.48,Completed
ORD_7657,CUST_1227,2024-08-04,Fashion,TikTok,434.93,212.1,Completed
ORD_7658,CUST_1330,2025-03-18,Fashion,LinkedIn,335.87,172.42,Completed
ORD_7659,CUST_334,2024-06-14,Beauty,Event Walk-in,198.39,109.59,Completed
ORD_7660,CUST_127,2024-04-29,Accessories,Google Search,66.05,49.28,Completed
ORD_7661,CUST_399,2025-05-06,Accessories,Referral,696.8,352.42,Completed
ORD_7662,CUST_1173,2025-05-20,Subscription Box,Google Search,552.99,267.81,Completed
ORD_7663,CUST_920,2024-12-24,Beauty,Google Search,460.99,314.09,Cancelled
ORD_7664,CUST_716,2025-03-05,Beauty,Instagram,274.08,104.59,Refunded
ORD_7665,CUST_260,2025-02-27,Beauty,Event Walk-in,274.35,124.75,Completed
ORD_7666,CUST_739,2025-05-16,Premium Box,Event Walk-in,264.05,107.25,Completed
ORD_7667,CUST_346,2024-07-09,Accessories,Referral,689.17,458.2,Completed
ORD_7668,CUST_1422,2024-09-07,Limited Collection,Instagram,371.84,230.58,Completed
ORD_7669,CUST_512,2025-01-30,Premium Box,Partnership,603.92,270.63,Cancelled
ORD_7670,CUST_934,2024-09-21,Limited Collection,Partnership,380.2,192.51,Completed
ORD_7671,CUST_82,2024-08-25,Limited Collection,TikTok,574.39,225.3,Completed
ORD_7672,CUST_504,2024-05-29,Subscription Box,Event Walk-in,515.55,190.89,Completed
ORD_7673,CUST_1402,2025-05-25,Accessories,Event Walk-in,125.56,58.8,Completed
ORD_7674,CUST_964,2024-11-13,Fashion,Google Search,622.16,280.97,Completed
ORD_7675,CUST_1106,2024-09-11,Fashion,Instagram,209.75,81.55,Completed
ORD_7676,CUST_1192,2024-01-30,Fashion,LinkedIn,681.46,444.66,Completed
ORD_7677,CUST_390,2025-06-24,Limited Collection,Partnership,81.58,47.6,Completed
ORD_7678,CUST_939,2024-11-12,Beauty,TikTok,680.86,293.06,Cancelled
ORD_7679,CUST_1361,2025-01-11,Beauty,Google Search,435.93,272.0,Completed
ORD_7680,CUST_565,2024-07-25,Gift Card,Event Walk-in,648.78,256.83,Refunded
ORD_7681,CUST_322,2024-04-15,Limited Collection,Instagram,191.24,135.77,Refunded
ORD_7682,CUST_1198,2024-09-18,Subscription Box,Google Search,676.08,463.43,Completed
ORD_7683,CUST_108,2024-10-15,Fashion,Instagram,429.68,161.02,Completed
ORD_7684,CUST_33,2025-06-29,Subscription Box,Partnership,670.75,364.28,Completed
ORD_7685,CUST_663,2025-06-02,Accessories,LinkedIn,447.46,313.05,Completed
ORD_7686,CUST_110,2024-08-15,Limited Collection,Instagram,512.51,207.19,Completed
ORD_7687,CUST_245,2024-12-09,Beauty,Event Walk-in,481.86,306.84,Completed
ORD_7688,CUST_73,2024-02-22,Fashion,Partnership,616.76,388.93,Completed
ORD_7689,CUST_1238,2024-04-02,Premium Box,Google Search,517.11,302.74,Completed
ORD_7690,CUST_1323,2025-01-03,Gift Card,LinkedIn,50.03,33.02,Completed
ORD_7691,CUST_253,2025-01-11,Accessories,Google Search,21.93,8.73,Completed
ORD_7692,CUST_1227,2025-02-19,Accessories,TikTok,337.5,185.34,Completed
ORD_7693,CUST_1273,2025-05-03,Subscription Box,TikTok,69.25,49.49,Completed
ORD_7694,CUST_688,2024-05-18,Fashion,Referral,179.3,76.33,Completed
ORD_7695,CUST_65,2024-01-16,Beauty,LinkedIn,696.53,296.96,Completed
ORD_7696,CUST_1264,2024-02-11,Gift Card,Partnership,326.87,171.01,Completed
ORD_7697,CUST_668,2025-06-13,Accessories,LinkedIn,564.32,299.06,Completed
ORD_7698,CUST_259,2024-08-25,Gift Card,LinkedIn,449.99,218.55,Refunded
ORD_7699,CUST_1347,2024-09-28,Fashion,Instagram,323.31,234.54,Completed
ORD_7700,CUST_1217,2024-03-11,Premium Box,Event Walk-in,44.47,18.99,Completed
ORD_7701,CUST_1442,2024-02-16,Premium Box,Partnership,57.94,26.18,Completed
ORD_7702,CUST_1125,2024-08-20,Accessories,LinkedIn,444.58,331.06,Completed
ORD_7703,CUST_1229,2024-07-27,Gift Card,TikTok,400.54,224.75,Completed
ORD_7704,CUST_375,2025-01-28,Subscription Box,LinkedIn,183.41,79.62,Completed
ORD_7705,CUST_1261,2024-10-03,Gift Card,Referral,232.5,130.78,Completed
ORD_7706,CUST_343,2024-07-07,Premium Box,Instagram,117.62,83.23,Completed
ORD_7707,CUST_10,2025-02-25,Fashion,Instagram,599.55,374.58,Completed
ORD_7708,CUST_1172,2025-05-17,Gift Card,Partnership,429.03,174.16,Completed
ORD_7709,CUST_227,2024-08-22,Accessories,TikTok,15.95,8.75,Completed
ORD_7710,CUST_139,2024-03-27,Premium Box,Partnership,694.67,281.84,Completed
ORD_7711,CUST_368,2024-10-14,Gift Card,Partnership,166.45,107.44,Completed
ORD_7712,CUST_324,2025-04-11,Limited Collection,TikTok,65.93,29.93,Completed
ORD_7713,CUST_350,2025-04-23,Fashion,Google Search,174.17,63.82,Refunded
ORD_7714,CUST_549,2024-09-28,Accessories,Referral,23.91,13.04,Completed
ORD_7715,CUST_1468,2025-04-05,Beauty,Event Walk-in,537.32,296.06,Completed
ORD_7716,CUST_1092,2025-02-15,Fashion,LinkedIn,310.31,207.27,Completed
ORD_7717,CUST_432,2025-05-27,Accessories,Instagram,225.71,148.42,Refunded
ORD_7718,CUST_597,2025-05-25,Gift Card,LinkedIn,84.83,58.85,Completed
ORD_7719,CUST_250,2025-03-08,Gift Card,Google Search,45.99,23.88,Completed
ORD_7720,CUST_300,2024-11-10,Fashion,LinkedIn,389.7,187.97,Completed
ORD_7721,CUST_1234,2024-03-05,Gift Card,Referral,366.58,155.86,Completed
ORD_7722,CUST_899,2024-01-31,Beauty,TikTok,442.63,273.56,Completed
ORD_7723,CUST_322,2025-04-11,Gift Card,Instagram,492.73,338.44,Completed
ORD_7724,CUST_823,2025-04-03,Subscription Box,Google Search,396.19,198.88,Completed
ORD_7725,CUST_966,2024-01-27,Premium Box,Event Walk-in,51.1,29.44,Refunded
ORD_7726,CUST_1394,2025-06-04,Fashion,Instagram,509.22,331.31,Refunded
ORD_7727,CUST_118,2024-05-28,Subscription Box,Instagram,475.9,300.84,Completed
ORD_7728,CUST_1404,2024-12-31,Gift Card,Instagram,43.89,26.4,Completed
ORD_7729,CUST_728,2025-02-10,Limited Collection,Event Walk-in,647.12,272.65,Completed
ORD_7730,CUST_500,2025-06-06,Fashion,LinkedIn,200.34,78.07,Completed
ORD_7731,CUST_967,2024-04-11,Accessories,Partnership,122.24,74.63,Completed
ORD_7732,CUST_810,2024-11-14,Premium Box,Referral,453.12,172.1,Completed
ORD_7733,CUST_861,2024-12-02,Accessories,TikTok,514.97,373.21,Completed
ORD_7734,CUST_224,2024-03-10,Beauty,Instagram,543.14,201.29,Completed
ORD_7735,CUST_97,2024-06-27,Beauty,Referral,199.38,78.37,Completed
ORD_7736,CUST_404,2024-03-01,Premium Box,Referral,326.87,216.44,Completed
ORD_7737,CUST_965,2024-03-25,Beauty,Google Search,58.49,33.77,Completed
ORD_7738,CUST_1077,2024-07-04,Subscription Box,Google Search,593.5,434.16,Completed
ORD_7739,CUST_981,2025-04-30,Gift Card,Event Walk-in,72.12,46.43,Completed
ORD_7740,CUST_876,2024-11-16,Subscription Box,TikTok,418.52,220.12,Completed
ORD_7741,CUST_1193,2024-03-20,Limited Collection,Google Search,350.42,195.51,Completed
ORD_7742,CUST_362,2025-03-30,Limited Collection,Partnership,113.68,66.19,Refunded
ORD_7743,CUST_1297,2024-08-04,Subscription Box,LinkedIn,107.84,41.16,Refunded
ORD_7744,CUST_1472,2025-02-20,Premium Box,Google Search,72.5,32.84,Completed
ORD_7745,CUST_1350,2025-04-10,Premium Box,Event Walk-in,693.21,248.97,Completed
ORD_7746,CUST_1428,2024-10-24,Gift Card,TikTok,417.01,216.49,Refunded
ORD_7747,CUST_1483,2025-02-10,Beauty,Partnership,23.12,15.42,Completed
ORD_7748,CUST_563,2025-04-28,Subscription Box,Google Search,314.28,172.6,Completed
ORD_7749,CUST_555,2025-06-26,Accessories,Referral,428.33,305.82,Completed
ORD_7750,CUST_221,2025-03-31,Fashion,Event Walk-in,53.8,34.03,Refunded
ORD_7751,CUST_95,2024-03-23,Subscription Box,Referral,450.13,183.35,Completed
ORD_7752,CUST_345,2025-05-07,Gift Card,TikTok,112.94,52.98,Completed
ORD_7753,CUST_163,2025-06-15,Fashion,TikTok,169.55,104.45,Completed
ORD_7754,CUST_845,2025-03-30,Fashion,Google Search,476.85,282.23,Refunded
ORD_7755,CUST_1433,2024-07-22,Beauty,Google Search,50.39,17.89,Completed
ORD_7756,CUST_1003,2025-04-11,Accessories,Referral,422.93,276.56,Cancelled
ORD_7757,CUST_1486,2024-06-05,Gift Card,LinkedIn,581.93,329.16,Completed
ORD_7758,CUST_1271,2025-03-29,Gift Card,Event Walk-in,212.69,83.09,Completed
ORD_7759,CUST_1343,2025-01-29,Gift Card,Referral,330.11,228.77,Completed
ORD_7760,CUST_891,2024-08-27,Premium Box,Referral,654.05,293.14,Completed
ORD_7761,CUST_1265,2024-08-15,Premium Box,TikTok,393.99,277.18,Completed
ORD_7762,CUST_143,2025-05-09,Gift Card,Google Search,483.61,267.64,Completed
ORD_7763,CUST_1080,2024-02-17,Gift Card,Partnership,300.15,203.58,Cancelled
ORD_7764,CUST_410,2024-06-29,Gift Card,Event Walk-in,156.45,114.06,Completed
ORD_7765,CUST_1104,2024-01-30,Premium Box,Referral,540.38,246.64,Completed
ORD_7766,CUST_1386,2024-11-25,Gift Card,LinkedIn,434.99,205.91,Completed
ORD_7767,CUST_62,2024-07-04,Gift Card,TikTok,80.16,38.59,Completed
ORD_7768,CUST_497,2024-04-01,Gift Card,Instagram,79.87,35.89,Completed
ORD_7769,CUST_1237,2024-05-26,Accessories,TikTok,133.74,68.14,Completed
ORD_7770,CUST_1426,2024-04-21,Gift Card,Google Search,514.92,204.34,Completed
ORD_7771,CUST_899,2024-03-15,Accessories,TikTok,170.95,64.8,Completed
ORD_7772,CUST_620,2024-03-26,Accessories,LinkedIn,393.71,228.41,Completed
ORD_7773,CUST_1397,2024-12-25,Limited Collection,Referral,268.63,97.5,Completed
ORD_7774,CUST_770,2024-09-18,Subscription Box,Referral,508.2,272.35,Completed
ORD_7775,CUST_10,2024-04-30,Accessories,Instagram,78.8,50.31,Completed
ORD_7776,CUST_554,2024-08-11,Limited Collection,Referral,24.68,15.14,Refunded
ORD_7777,CUST_1385,2024-12-19,Fashion,Referral,46.08,22.49,Completed
ORD_7778,CUST_1106,2025-01-26,Gift Card,Instagram,372.78,186.7,Completed
ORD_7779,CUST_1002,2024-05-09,Fashion,LinkedIn,55.34,25.49,Completed
ORD_7780,CUST_407,2024-03-02,Beauty,Instagram,424.48,251.32,Completed
ORD_7781,CUST_997,2024-03-17,Accessories,LinkedIn,50.59,19.84,Completed
ORD_7782,CUST_160,2024-05-20,Gift Card,Instagram,687.62,400.77,Cancelled
ORD_7783,CUST_911,2024-07-11,Accessories,TikTok,190.69,127.29,Completed
ORD_7784,CUST_1487,2024-06-04,Limited Collection,Partnership,581.75,284.27,Completed
ORD_7785,CUST_237,2024-05-18,Premium Box,LinkedIn,476.56,280.85,Completed
ORD_7786,CUST_1439,2024-01-12,Premium Box,Google Search,262.43,145.54,Completed
ORD_7787,CUST_799,2024-03-17,Accessories,Referral,201.87,133.2,Completed
ORD_7788,CUST_998,2025-05-05,Premium Box,Google Search,680.3,427.17,Completed
ORD_7789,CUST_1107,2024-08-25,Premium Box,LinkedIn,209.48,100.55,Cancelled
ORD_7790,CUST_306,2024-04-19,Premium Box,TikTok,562.84,371.65,Refunded
ORD_7791,CUST_480,2024-02-17,Beauty,Google Search,580.45,366.74,Completed
ORD_7792,CUST_631,2024-05-14,Accessories,TikTok,478.86,340.65,Completed
ORD_7793,CUST_189,2024-08-20,Accessories,Referral,410.28,176.89,Completed
ORD_7794,CUST_381,2025-04-15,Gift Card,Google Search,155.23,88.96,Completed
ORD_7795,CUST_80,2024-06-04,Subscription Box,TikTok,106.69,57.89,Completed
ORD_7796,CUST_1358,2024-03-22,Gift Card,Partnership,189.62,125.19,Completed
ORD_7797,CUST_409,2024-03-01,Fashion,Event Walk-in,184.57,111.29,Completed
ORD_7798,CUST_852,2024-10-21,Accessories,Referral,150.17,54.7,Refunded
ORD_7799,CUST_303,2025-02-06,Fashion,Event Walk-in,43.09,28.44,Completed
ORD_7800,CUST_395,2024-04-06,Beauty,TikTok,586.01,295.12,Completed
ORD_7801,CUST_359,2024-05-03,Premium Box,Partnership,665.5,355.2,Completed
ORD_7802,CUST_937,2024-02-08,Limited Collection,Google Search,427.96,151.75,Completed
ORD_7803,CUST_881,2024-10-22,Fashion,TikTok,536.94,252.52,Completed
ORD_7804,CUST_868,2024-02-05,Gift Card,TikTok,310.62,212.11,Refunded
ORD_7805,CUST_683,2024-10-04,Beauty,LinkedIn,23.92,14.57,Cancelled
ORD_7806,CUST_158,2024-12-25,Beauty,LinkedIn,586.12,362.43,Completed
ORD_7807,CUST_455,2025-05-16,Fashion,TikTok,179.29,103.85,Completed
ORD_7808,CUST_1458,2025-06-19,Subscription Box,Event Walk-in,661.6,342.33,Completed
ORD_7809,CUST_1460,2024-07-06,Accessories,Event Walk-in,155.75,104.12,Refunded
ORD_7810,CUST_936,2025-02-15,Gift Card,Instagram,438.77,296.12,Completed
ORD_7811,CUST_1139,2025-01-11,Premium Box,Referral,449.26,250.16,Completed
ORD_7812,CUST_837,2025-02-12,Accessories,Partnership,442.7,236.85,Cancelled
ORD_7813,CUST_259,2025-01-30,Gift Card,LinkedIn,632.63,302.91,Completed
ORD_7814,CUST_1242,2024-01-19,Accessories,TikTok,286.26,122.04,Completed
ORD_7815,CUST_289,2025-01-19,Limited Collection,LinkedIn,606.43,430.75,Completed
ORD_7816,CUST_709,2025-02-28,Beauty,Instagram,426.98,192.55,Completed
ORD_7817,CUST_1318,2024-08-21,Premium Box,TikTok,569.3,257.39,Cancelled
ORD_7818,CUST_61,2025-05-14,Subscription Box,Instagram,619.79,387.07,Completed
ORD_7819,CUST_265,2024-06-23,Limited Collection,Event Walk-in,491.23,259.51,Completed
ORD_7820,CUST_566,2024-03-09,Limited Collection,Event Walk-in,227.86,160.51,Cancelled
ORD_7821,CUST_49,2025-04-26,Fashion,LinkedIn,75.28,45.11,Completed
ORD_7822,CUST_493,2024-03-16,Subscription Box,LinkedIn,671.48,248.32,Completed
ORD_7823,CUST_1263,2025-02-24,Beauty,Partnership,152.38,63.5,Completed
ORD_7824,CUST_1006,2024-10-22,Beauty,Instagram,646.67,326.92,Cancelled
ORD_7825,CUST_1174,2024-08-26,Beauty,LinkedIn,430.85,156.12,Refunded
ORD_7826,CUST_1306,2024-04-04,Gift Card,Event Walk-in,230.21,153.7,Completed
ORD_7827,CUST_1291,2025-05-15,Gift Card,Partnership,292.87,219.13,Completed
ORD_7828,CUST_565,2024-10-19,Accessories,Event Walk-in,591.46,245.49,Completed
ORD_7829,CUST_1246,2025-06-25,Subscription Box,Instagram,495.1,365.24,Refunded
ORD_7830,CUST_646,2024-01-21,Accessories,Partnership,350.04,142.08,Completed
ORD_7831,CUST_679,2025-04-30,Limited Collection,Event Walk-in,181.04,70.0,Completed
ORD_7832,CUST_1394,2024-01-19,Beauty,Instagram,482.29,269.24,Completed
ORD_7833,CUST_1205,2024-08-02,Beauty,Google Search,579.36,386.81,Completed
ORD_7834,CUST_502,2024-04-28,Premium Box,LinkedIn,318.5,158.3,Completed
ORD_7835,CUST_249,2025-06-09,Accessories,Event Walk-in,278.39,202.29,Completed
ORD_7836,CUST_832,2024-06-13,Limited Collection,TikTok,278.12,181.78,Completed
ORD_7837,CUST_484,2025-03-25,Fashion,Event Walk-in,512.43,259.76,Completed
ORD_7838,CUST_1074,2024-09-20,Accessories,Partnership,302.16,179.91,Completed
ORD_7839,CUST_94,2024-08-02,Subscription Box,Instagram,203.67,73.09,Completed
ORD_7840,CUST_1233,2024-11-23,Premium Box,LinkedIn,500.76,280.56,Completed
ORD_7841,CUST_663,2024-03-29,Accessories,LinkedIn,209.15,97.93,Cancelled
ORD_7842,CUST_972,2025-01-27,Limited Collection,Partnership,601.66,445.3,Completed
ORD_7843,CUST_616,2025-02-05,Fashion,Instagram,162.7,59.87,Completed
ORD_7844,CUST_491,2024-10-18,Beauty,Event Walk-in,91.45,43.9,Completed
ORD_7845,CUST_199,2024-08-08,Accessories,Instagram,422.53,159.78,Cancelled
ORD_7846,CUST_798,2024-10-14,Fashion,Google Search,48.46,19.38,Completed
ORD_7847,CUST_622,2025-05-30,Subscription Box,Google Search,668.83,257.31,Completed
ORD_7848,CUST_558,2024-04-19,Premium Box,LinkedIn,290.64,134.8,Completed
ORD_7849,CUST_426,2024-10-31,Accessories,Google Search,446.6,262.59,Cancelled
ORD_7850,CUST_1298,2024-09-06,Subscription Box,TikTok,646.38,386.21,Completed
ORD_7851,CUST_1495,2024-05-12,Accessories,Partnership,677.92,478.7,Completed
ORD_7852,CUST_204,2024-07-04,Gift Card,Instagram,141.26,58.35,Completed
ORD_7853,CUST_262,2024-12-25,Accessories,Event Walk-in,390.44,246.46,Completed
ORD_7854,CUST_1169,2024-08-21,Premium Box,LinkedIn,258.87,177.63,Completed
ORD_7855,CUST_1027,2024-03-01,Subscription Box,Google Search,661.9,437.35,Completed
ORD_7856,CUST_1335,2024-04-12,Premium Box,Partnership,344.58,166.84,Completed
ORD_7857,CUST_1006,2025-06-08,Limited Collection,Instagram,672.12,322.53,Completed
ORD_7858,CUST_162,2024-08-01,Limited Collection,Event Walk-in,584.35,345.91,Completed
ORD_7859,CUST_706,2024-02-24,Fashion,TikTok,452.71,256.37,Completed
ORD_7860,CUST_154,2024-04-20,Fashion,Event Walk-in,171.22,121.64,Completed
ORD_7861,CUST_636,2024-12-26,Fashion,Referral,142.84,85.79,Completed
ORD_7862,CUST_1059,2025-02-16,Fashion,Referral,380.62,162.69,Completed
ORD_7863,CUST_957,2024-09-26,Limited Collection,TikTok,120.63,64.39,Completed
ORD_7864,CUST_94,2025-04-23,Fashion,Instagram,163.66,58.65,Refunded
ORD_7865,CUST_638,2025-03-20,Limited Collection,LinkedIn,464.73,200.41,Completed
ORD_7866,CUST_331,2024-09-04,Subscription Box,Instagram,459.36,194.31,Completed
ORD_7867,CUST_657,2024-05-29,Subscription Box,Instagram,500.38,321.88,Completed
ORD_7868,CUST_803,2024-07-05,Fashion,LinkedIn,156.98,62.81,Completed
ORD_7869,CUST_412,2024-04-20,Fashion,Event Walk-in,569.2,217.72,Completed
ORD_7870,CUST_620,2025-06-22,Limited Collection,LinkedIn,191.9,106.53,Completed
ORD_7871,CUST_995,2025-01-26,Limited Collection,TikTok,400.47,160.72,Completed
ORD_7872,CUST_792,2024-01-24,Limited Collection,TikTok,492.73,294.74,Cancelled
ORD_7873,CUST_769,2025-06-07,Subscription Box,TikTok,161.84,89.61,Completed
ORD_7874,CUST_447,2025-04-18,Limited Collection,Event Walk-in,533.94,193.48,Completed
ORD_7875,CUST_256,2025-06-17,Subscription Box,Referral,685.03,245.01,Completed
ORD_7876,CUST_777,2025-01-29,Accessories,TikTok,695.33,353.35,Refunded
ORD_7877,CUST_1357,2024-01-12,Gift Card,Google Search,232.05,141.34,Cancelled
ORD_7878,CUST_81,2024-04-25,Fashion,Instagram,384.51,142.02,Completed
ORD_7879,CUST_639,2024-02-06,Beauty,Partnership,613.74,387.6,Refunded
ORD_7880,CUST_94,2025-06-16,Gift Card,Instagram,214.58,89.77,Completed
ORD_7881,CUST_585,2024-05-31,Gift Card,Partnership,201.8,97.95,Completed
ORD_7882,CUST_1136,2024-06-18,Beauty,TikTok,357.8,146.65,Completed
ORD_7883,CUST_877,2024-08-04,Premium Box,TikTok,441.36,284.33,Completed
ORD_7884,CUST_889,2025-05-23,Beauty,Referral,501.79,242.74,Completed
ORD_7885,CUST_795,2024-02-08,Accessories,TikTok,536.43,283.45,Completed
ORD_7886,CUST_585,2024-11-20,Fashion,Partnership,534.17,336.27,Completed
ORD_7887,CUST_1030,2025-03-30,Beauty,Referral,72.09,25.64,Completed
ORD_7888,CUST_508,2025-02-15,Accessories,Google Search,516.52,342.21,Refunded
ORD_7889,CUST_83,2025-03-27,Premium Box,Event Walk-in,659.51,448.89,Completed
ORD_7890,CUST_307,2025-04-21,Limited Collection,Event Walk-in,466.72,303.78,Refunded
ORD_7891,CUST_289,2025-05-31,Premium Box,LinkedIn,676.34,503.77,Completed
ORD_7892,CUST_938,2024-01-11,Limited Collection,Google Search,603.84,263.43,Completed
ORD_7893,CUST_35,2025-05-29,Beauty,Google Search,268.54,167.12,Completed
ORD_7894,CUST_428,2024-05-14,Fashion,Event Walk-in,221.99,142.27,Refunded
ORD_7895,CUST_1307,2025-02-05,Gift Card,Google Search,49.67,32.03,Completed
ORD_7896,CUST_846,2024-05-13,Limited Collection,Partnership,689.83,407.54,Completed
ORD_7897,CUST_513,2025-06-04,Limited Collection,Partnership,29.96,19.24,Completed
ORD_7898,CUST_954,2025-01-19,Accessories,Referral,79.81,40.74,Completed
ORD_7899,CUST_505,2025-05-28,Subscription Box,Instagram,465.55,207.93,Completed
ORD_7900,CUST_1103,2024-09-05,Premium Box,Instagram,525.82,221.53,Completed
ORD_7901,CUST_50,2024-01-19,Premium Box,Referral,672.05,433.97,Completed
ORD_7902,CUST_721,2025-05-21,Accessories,LinkedIn,41.32,30.85,Completed
ORD_7903,CUST_660,2024-08-10,Limited Collection,LinkedIn,108.76,72.58,Completed
ORD_7904,CUST_1405,2024-11-01,Gift Card,Partnership,534.3,287.15,Completed
ORD_7905,CUST_1306,2024-07-28,Limited Collection,Event Walk-in,689.83,324.39,Completed
ORD_7906,CUST_977,2024-03-31,Accessories,Event Walk-in,659.52,404.71,Refunded
ORD_7907,CUST_1475,2024-03-12,Accessories,TikTok,670.0,345.25,Cancelled
ORD_7908,CUST_451,2024-01-07,Fashion,Partnership,403.04,200.2,Completed
ORD_7909,CUST_525,2025-06-29,Beauty,Event Walk-in,699.72,302.93,Completed
ORD_7910,CUST_509,2024-07-13,Accessories,LinkedIn,231.1,168.97,Completed
ORD_7911,CUST_494,2024-11-24,Gift Card,Partnership,625.67,264.96,Refunded
ORD_7912,CUST_201,2024-10-27,Subscription Box,Instagram,524.36,324.02,Completed
ORD_7913,CUST_338,2024-12-02,Premium Box,Instagram,318.37,179.84,Completed
ORD_7914,CUST_993,2024-03-05,Gift Card,TikTok,405.07,209.23,Completed
ORD_7915,CUST_191,2025-06-17,Accessories,Google Search,56.56,36.96,Completed
ORD_7916,CUST_785,2025-04-07,Premium Box,TikTok,22.47,10.43,Completed
ORD_7917,CUST_242,2025-06-18,Gift Card,Event Walk-in,40.01,28.94,Cancelled
ORD_7918,CUST_595,2024-07-10,Subscription Box,Partnership,541.37,307.64,Completed
ORD_7919,CUST_1245,2025-06-07,Fashion,Google Search,553.89,248.84,Cancelled
ORD_7920,CUST_320,2025-01-28,Limited Collection,LinkedIn,530.1,326.06,Completed
ORD_7921,CUST_26,2024-08-24,Gift Card,Referral,229.53,138.56,Completed
ORD_7922,CUST_607,2024-06-02,Accessories,TikTok,624.56,299.85,Completed
ORD_7923,CUST_128,2025-02-20,Subscription Box,Referral,679.86,422.68,Completed
ORD_7924,CUST_1456,2024-07-13,Subscription Box,Event Walk-in,176.21,120.91,Completed
ORD_7925,CUST_200,2024-02-22,Accessories,LinkedIn,457.6,328.07,Completed
ORD_7926,CUST_422,2024-07-07,Accessories,TikTok,562.11,317.96,Completed
ORD_7927,CUST_1345,2024-01-22,Accessories,LinkedIn,660.75,233.62,Completed
ORD_7928,CUST_297,2024-01-08,Fashion,Referral,439.25,275.87,Completed
ORD_7929,CUST_1011,2024-09-04,Limited Collection,Referral,154.49,79.45,Completed
ORD_7930,CUST_316,2025-06-05,Fashion,Event Walk-in,240.77,178.78,Completed
ORD_7931,CUST_1316,2025-06-05,Gift Card,Google Search,67.91,35.13,Completed
ORD_7932,CUST_777,2024-07-09,Accessories,TikTok,607.9,394.61,Completed
ORD_7933,CUST_888,2024-11-10,Subscription Box,LinkedIn,360.18,242.09,Completed
ORD_7934,CUST_905,2024-11-14,Subscription Box,TikTok,639.36,347.91,Completed
ORD_7935,CUST_165,2024-07-06,Accessories,TikTok,528.43,215.73,Completed
ORD_7936,CUST_1047,2024-03-18,Beauty,Event Walk-in,489.61,322.53,Refunded
ORD_7937,CUST_312,2025-02-16,Subscription Box,Referral,350.03,126.4,Completed
ORD_7938,CUST_295,2024-05-25,Limited Collection,Instagram,680.29,336.22,Completed
ORD_7939,CUST_326,2024-08-15,Subscription Box,Partnership,595.73,211.98,Completed
ORD_7940,CUST_1139,2025-05-28,Beauty,Referral,561.77,394.65,Completed
ORD_7941,CUST_1029,2024-02-20,Premium Box,Partnership,467.33,348.22,Completed
ORD_7942,CUST_382,2025-01-25,Limited Collection,TikTok,371.95,170.13,Completed
ORD_7943,CUST_1219,2024-05-18,Fashion,TikTok,499.18,315.91,Completed
ORD_7944,CUST_1176,2024-02-10,Gift Card,Partnership,193.99,107.16,Completed
ORD_7945,CUST_138,2024-12-10,Limited Collection,LinkedIn,638.64,233.02,Completed
ORD_7946,CUST_284,2024-07-26,Beauty,Google Search,513.79,198.94,Completed
ORD_7947,CUST_92,2024-12-26,Subscription Box,Partnership,42.35,24.89,Refunded
ORD_7948,CUST_1215,2024-01-24,Gift Card,LinkedIn,246.3,155.93,Completed
ORD_7949,CUST_838,2024-10-20,Subscription Box,Partnership,589.85,340.82,Refunded
ORD_7950,CUST_452,2024-09-22,Limited Collection,Instagram,669.47,236.02,Completed
ORD_7951,CUST_105,2024-10-12,Subscription Box,Partnership,353.36,241.39,Completed
ORD_7952,CUST_1335,2024-01-19,Beauty,Partnership,49.24,24.23,Refunded
ORD_7953,CUST_1405,2024-11-28,Limited Collection,Partnership,267.12,196.95,Completed
ORD_7954,CUST_550,2025-01-08,Subscription Box,Google Search,152.18,93.65,Completed
ORD_7955,CUST_312,2025-03-30,Beauty,Referral,349.37,140.35,Completed
ORD_7956,CUST_1443,2024-08-13,Limited Collection,Referral,664.79,295.4,Completed
ORD_7957,CUST_1008,2024-06-21,Gift Card,Partnership,606.63,291.04,Cancelled
ORD_7958,CUST_716,2024-01-08,Limited Collection,Instagram,133.76,58.77,Completed
ORD_7959,CUST_54,2024-02-15,Beauty,Referral,359.05,196.45,Cancelled
ORD_7960,CUST_472,2025-02-06,Beauty,TikTok,130.78,82.75,Completed
ORD_7961,CUST_702,2025-01-18,Subscription Box,TikTok,377.98,258.4,Completed
ORD_7962,CUST_253,2024-04-22,Accessories,Google Search,511.0,281.2,Completed
ORD_7963,CUST_404,2024-08-31,Subscription Box,Referral,256.2,119.68,Completed
ORD_7964,CUST_1019,2024-08-10,Subscription Box,TikTok,478.13,350.85,Completed
ORD_7965,CUST_1306,2025-01-04,Limited Collection,Event Walk-in,484.76,284.48,Completed
ORD_7966,CUST_670,2025-02-21,Limited Collection,Instagram,461.69,252.28,Completed
ORD_7967,CUST_566,2025-04-21,Beauty,Event Walk-in,221.01,137.39,Refunded
ORD_7968,CUST_551,2025-04-27,Fashion,Partnership,178.14,106.85,Completed
ORD_7969,CUST_326,2025-05-12,Limited Collection,Partnership,621.31,446.55,Completed
ORD_7970,CUST_356,2025-05-30,Limited Collection,TikTok,143.9,91.96,Completed
ORD_7971,CUST_706,2025-04-30,Beauty,TikTok,522.07,260.78,Completed
ORD_7972,CUST_1226,2024-02-19,Fashion,Instagram,268.95,123.05,Completed
ORD_7973,CUST_1104,2024-07-06,Premium Box,Referral,116.56,85.06,Refunded
ORD_7974,CUST_189,2024-07-24,Premium Box,Referral,597.84,239.66,Completed
ORD_7975,CUST_889,2024-04-05,Fashion,Referral,55.95,35.7,Completed
ORD_7976,CUST_1004,2024-10-08,Limited Collection,Partnership,30.9,13.37,Completed
ORD_7977,CUST_460,2024-01-18,Accessories,Google Search,670.0,350.89,Completed
ORD_7978,CUST_1409,2024-04-13,Limited Collection,Instagram,246.03,164.62,Completed
ORD_7979,CUST_300,2024-10-23,Fashion,LinkedIn,607.06,327.74,Completed
ORD_7980,CUST_924,2024-03-03,Subscription Box,TikTok,423.31,190.81,Cancelled
ORD_7981,CUST_75,2024-12-16,Subscription Box,Instagram,635.89,456.95,Completed
ORD_7982,CUST_604,2025-06-12,Premium Box,Instagram,177.81,86.04,Completed
ORD_7983,CUST_993,2024-11-27,Subscription Box,TikTok,100.8,37.08,Completed
ORD_7984,CUST_1083,2024-04-22,Beauty,Google Search,172.82,80.54,Completed
ORD_7985,CUST_1055,2024-06-09,Subscription Box,Google Search,225.9,165.19,Completed
ORD_7986,CUST_1260,2024-08-25,Premium Box,Referral,336.67,164.84,Completed
ORD_7987,CUST_859,2024-09-08,Gift Card,Google Search,145.94,98.28,Completed
ORD_7988,CUST_464,2024-02-13,Subscription Box,Referral,176.58,79.99,Completed
ORD_7989,CUST_1396,2024-08-26,Beauty,LinkedIn,397.91,199.72,Completed
ORD_7990,CUST_51,2024-09-15,Subscription Box,Instagram,466.24,206.76,Completed
ORD_7991,CUST_689,2024-04-08,Premium Box,TikTok,403.94,205.52,Completed
ORD_7992,CUST_774,2025-04-16,Limited Collection,Event Walk-in,515.11,290.88,Completed
ORD_7993,CUST_826,2024-03-03,Subscription Box,Google Search,144.81,97.71,Completed
ORD_7994,CUST_995,2024-02-02,Limited Collection,TikTok,178.97,68.05,Refunded
ORD_7995,CUST_1197,2024-08-22,Beauty,Google Search,130.95,84.24,Completed
ORD_7996,CUST_320,2025-01-24,Accessories,LinkedIn,83.75,50.85,Completed
ORD_7997,CUST_142,2024-11-23,Fashion,Partnership,497.66,237.3,Completed
ORD_7998,CUST_1126,2024-03-12,Subscription Box,TikTok,300.87,164.4,Completed
ORD_7999,CUST_48,2025-02-14,Accessories,Partnership,661.4,360.71,Completed
ORD_8000,CUST_1400,2024-04-17,Limited Collection,Instagram,222.07,115.4,Completed
ORD_8001,CUST_429,2024-07-29,Beauty,Event Walk-in,347.51,234.3,Cancelled
ORD_8002,CUST_654,2024-06-19,Subscription Box,Event Walk-in,319.39,132.91,Refunded
ORD_8003,CUST_1351,2025-02-04,Fashion,Partnership,63.05,24.04,Completed
ORD_8004,CUST_895,2024-11-20,Subscription Box,Event Walk-in,557.28,301.57,Completed
ORD_8005,CUST_1468,2024-03-21,Premium Box,Event Walk-in,334.39,182.08,Completed
ORD_8006,CUST_1323,2025-06-06,Gift Card,LinkedIn,455.25,336.64,Completed
ORD_8007,CUST_1037,2024-11-17,Fashion,Referral,39.58,27.3,Completed
ORD_8008,CUST_182,2024-11-02,Premium Box,LinkedIn,695.92,247.54,Completed
ORD_8009,CUST_466,2024-02-02,Fashion,Event Walk-in,653.57,433.51,Refunded
ORD_8010,CUST_473,2025-02-13,Beauty,Google Search,201.03,121.13,Completed
ORD_8011,CUST_718,2024-02-15,Fashion,Google Search,31.14,19.38,Refunded
ORD_8012,CUST_736,2025-05-20,Accessories,Google Search,674.96,435.68,Completed
ORD_8013,CUST_1493,2025-04-21,Gift Card,Referral,638.53,419.29,Completed
ORD_8014,CUST_1410,2024-02-08,Limited Collection,TikTok,77.75,44.45,Refunded
ORD_8015,CUST_1313,2024-07-22,Subscription Box,Referral,118.09,74.73,Completed
ORD_8016,CUST_666,2024-08-14,Premium Box,Instagram,115.73,49.89,Refunded
ORD_8017,CUST_439,2024-11-11,Gift Card,Event Walk-in,75.26,31.56,Completed
ORD_8018,CUST_1018,2024-01-19,Premium Box,Event Walk-in,446.54,159.74,Cancelled
ORD_8019,CUST_1464,2024-01-20,Premium Box,Event Walk-in,422.27,216.44,Completed
ORD_8020,CUST_1447,2025-01-02,Premium Box,Instagram,234.1,144.65,Completed
ORD_8021,CUST_1353,2024-11-24,Beauty,Referral,530.54,263.02,Completed
ORD_8022,CUST_1428,2024-09-09,Fashion,TikTok,431.42,299.02,Completed
ORD_8023,CUST_1090,2024-06-12,Gift Card,TikTok,492.78,286.05,Completed
ORD_8024,CUST_609,2025-05-30,Subscription Box,Instagram,375.78,146.11,Completed
ORD_8025,CUST_1066,2024-03-28,Limited Collection,Partnership,78.37,35.12,Completed
ORD_8026,CUST_521,2025-04-04,Subscription Box,Event Walk-in,187.14,80.21,Completed
ORD_8027,CUST_1413,2025-03-18,Beauty,Event Walk-in,457.66,192.89,Completed
ORD_8028,CUST_1054,2024-09-17,Accessories,TikTok,441.03,174.62,Completed
ORD_8029,CUST_780,2025-02-09,Limited Collection,LinkedIn,471.08,324.61,Refunded
ORD_8030,CUST_1078,2024-03-25,Beauty,Partnership,656.4,475.37,Completed
ORD_8031,CUST_1342,2024-09-06,Accessories,Instagram,271.37,178.07,Completed
ORD_8032,CUST_91,2024-10-15,Limited Collection,LinkedIn,416.87,305.08,Completed
ORD_8033,CUST_733,2024-11-26,Beauty,Instagram,495.46,257.63,Completed
ORD_8034,CUST_352,2024-02-15,Subscription Box,Instagram,93.31,44.69,Refunded
ORD_8035,CUST_418,2025-04-11,Gift Card,Event Walk-in,261.35,110.88,Completed
ORD_8036,CUST_67,2024-09-06,Limited Collection,Google Search,691.84,411.46,Completed
ORD_8037,CUST_672,2024-04-28,Subscription Box,LinkedIn,212.25,139.01,Completed
ORD_8038,CUST_1030,2025-01-24,Accessories,Referral,404.04,289.89,Completed
ORD_8039,CUST_674,2024-10-14,Limited Collection,Partnership,25.65,16.59,Completed
ORD_8040,CUST_411,2024-05-17,Fashion,TikTok,60.14,21.38,Completed
ORD_8041,CUST_544,2024-11-19,Subscription Box,Event Walk-in,214.65,143.84,Completed
ORD_8042,CUST_645,2025-05-21,Limited Collection,LinkedIn,272.36,191.07,Completed
ORD_8043,CUST_1447,2025-02-08,Fashion,Instagram,119.13,79.11,Completed
ORD_8044,CUST_1418,2024-12-28,Fashion,LinkedIn,321.33,209.44,Completed
ORD_8045,CUST_496,2024-07-13,Beauty,Instagram,513.89,218.98,Completed
ORD_8046,CUST_32,2024-08-12,Subscription Box,Partnership,448.78,234.67,Refunded
ORD_8047,CUST_278,2024-05-31,Fashion,TikTok,444.91,226.61,Completed
ORD_8048,CUST_554,2024-07-09,Subscription Box,Referral,575.45,215.94,Completed
ORD_8049,CUST_997,2024-11-24,Beauty,LinkedIn,289.6,146.6,Completed
ORD_8050,CUST_547,2025-06-06,Accessories,Event Walk-in,28.16,17.39,Completed
ORD_8051,CUST_915,2024-06-14,Limited Collection,Event Walk-in,427.0,256.58,Completed
ORD_8052,CUST_1302,2024-09-13,Limited Collection,Instagram,694.14,440.66,Completed
ORD_8053,CUST_943,2024-11-20,Subscription Box,TikTok,55.27,25.61,Completed
ORD_8054,CUST_275,2024-11-22,Subscription Box,Referral,597.06,282.96,Completed
ORD_8055,CUST_784,2024-08-16,Beauty,Google Search,106.96,52.71,Completed
ORD_8056,CUST_1483,2024-03-28,Fashion,Partnership,91.75,47.11,Completed
ORD_8057,CUST_1382,2024-06-08,Fashion,Partnership,363.86,176.19,Completed
ORD_8058,CUST_731,2025-02-26,Beauty,Partnership,520.46,314.16,Completed
ORD_8059,CUST_509,2024-11-23,Subscription Box,LinkedIn,195.72,94.49,Completed
ORD_8060,CUST_770,2024-05-11,Accessories,Referral,633.53,237.3,Completed
ORD_8061,CUST_1106,2024-11-22,Fashion,Instagram,598.03,254.83,Completed
ORD_8062,CUST_66,2025-02-05,Subscription Box,TikTok,630.98,381.53,Completed
ORD_8063,CUST_414,2024-10-31,Beauty,LinkedIn,408.06,144.68,Completed
ORD_8064,CUST_141,2025-02-21,Accessories,Instagram,380.91,234.21,Completed
ORD_8065,CUST_794,2025-05-25,Subscription Box,Google Search,527.33,229.01,Completed
ORD_8066,CUST_669,2025-05-01,Fashion,Event Walk-in,78.2,54.87,Completed
ORD_8067,CUST_821,2024-12-11,Premium Box,Event Walk-in,334.39,197.01,Completed
ORD_8068,CUST_1149,2024-12-30,Accessories,Google Search,474.47,247.43,Completed
ORD_8069,CUST_135,2025-05-11,Accessories,TikTok,57.99,24.2,Completed
ORD_8070,CUST_28,2024-04-22,Premium Box,TikTok,392.07,189.91,Completed
ORD_8071,CUST_1338,2024-04-15,Limited Collection,Google Search,591.45,292.34,Refunded
ORD_8072,CUST_1444,2025-05-11,Accessories,Google Search,525.77,353.91,Completed
ORD_8073,CUST_1495,2024-11-07,Fashion,Partnership,445.35,256.23,Completed
ORD_8074,CUST_136,2024-01-16,Accessories,Event Walk-in,295.25,195.78,Completed
ORD_8075,CUST_1374,2024-02-20,Premium Box,TikTok,571.43,286.91,Completed
ORD_8076,CUST_195,2025-05-23,Limited Collection,Google Search,161.33,115.97,Completed
ORD_8077,CUST_1413,2024-05-30,Limited Collection,Event Walk-in,413.84,255.75,Completed
ORD_8078,CUST_441,2024-02-27,Gift Card,Event Walk-in,535.59,380.74,Completed
ORD_8079,CUST_453,2025-06-19,Premium Box,Instagram,55.58,37.96,Completed
ORD_8080,CUST_1484,2025-02-16,Fashion,Instagram,589.61,263.01,Refunded
ORD_8081,CUST_1259,2024-04-20,Subscription Box,Referral,596.63,437.57,Completed
ORD_8082,CUST_1160,2025-03-30,Subscription Box,TikTok,182.27,84.68,Completed
ORD_8083,CUST_1448,2024-01-14,Premium Box,Instagram,387.95,170.73,Completed
ORD_8084,CUST_1123,2024-01-13,Fashion,LinkedIn,376.07,156.94,Completed
ORD_8085,CUST_372,2024-02-10,Beauty,TikTok,637.35,366.37,Refunded
ORD_8086,CUST_1005,2024-07-13,Fashion,Referral,472.15,321.92,Completed
ORD_8087,CUST_1018,2025-03-18,Premium Box,Event Walk-in,161.81,97.27,Completed
ORD_8088,CUST_1477,2024-11-20,Beauty,Referral,547.88,263.85,Completed
ORD_8089,CUST_460,2025-02-24,Beauty,Google Search,110.56,76.68,Completed
ORD_8090,CUST_1369,2024-06-10,Gift Card,Event Walk-in,333.24,204.14,Completed
ORD_8091,CUST_800,2024-10-13,Accessories,Google Search,198.61,100.72,Cancelled
ORD_8092,CUST_300,2024-12-29,Fashion,LinkedIn,92.23,48.48,Completed
ORD_8093,CUST_257,2024-11-26,Accessories,Google Search,526.24,248.14,Completed
ORD_8094,CUST_866,2025-06-08,Limited Collection,Event Walk-in,312.72,132.59,Completed
ORD_8095,CUST_1071,2024-11-20,Subscription Box,TikTok,473.93,277.44,Completed
ORD_8096,CUST_1385,2024-09-03,Limited Collection,Referral,174.25,112.56,Completed
ORD_8097,CUST_1485,2025-04-22,Premium Box,TikTok,423.43,154.15,Refunded
ORD_8098,CUST_721,2024-04-30,Subscription Box,LinkedIn,665.95,379.44,Completed
ORD_8099,CUST_1183,2024-11-22,Gift Card,Partnership,456.25,217.57,Completed
ORD_8100,CUST_527,2025-05-24,Gift Card,Google Search,142.68,84.82,Completed
ORD_8101,CUST_1359,2024-06-11,Fashion,LinkedIn,508.87,272.84,Completed
ORD_8102,CUST_1119,2024-07-15,Subscription Box,Instagram,340.12,176.33,Completed
ORD_8103,CUST_754,2024-08-06,Subscription Box,Instagram,237.29,158.15,Completed
ORD_8104,CUST_136,2024-01-12,Fashion,Event Walk-in,627.99,328.38,Completed
ORD_8105,CUST_300,2024-07-10,Beauty,LinkedIn,632.46,426.72,Completed
ORD_8106,CUST_1487,2024-05-14,Subscription Box,Partnership,452.09,204.44,Completed
ORD_8107,CUST_924,2024-10-22,Beauty,TikTok,94.9,70.72,Completed
ORD_8108,CUST_262,2024-02-04,Accessories,Event Walk-in,692.5,502.58,Completed
ORD_8109,CUST_1149,2025-05-14,Limited Collection,Google Search,222.59,126.04,Completed
ORD_8110,CUST_369,2024-12-01,Beauty,TikTok,497.25,312.55,Completed
ORD_8111,CUST_1125,2024-07-15,Fashion,LinkedIn,415.7,263.15,Refunded
ORD_8112,CUST_917,2024-03-13,Gift Card,Referral,573.21,277.5,Completed
ORD_8113,CUST_422,2025-02-24,Premium Box,TikTok,149.75,73.04,Completed
ORD_8114,CUST_1288,2024-01-27,Beauty,Partnership,56.14,22.24,Completed
ORD_8115,CUST_626,2024-04-22,Gift Card,Google Search,241.29,114.08,Completed
ORD_8116,CUST_1478,2024-02-22,Gift Card,Instagram,122.93,91.19,Completed
ORD_8117,CUST_457,2024-08-26,Fashion,Referral,74.63,43.13,Completed
ORD_8118,CUST_376,2024-07-18,Premium Box,TikTok,73.18,52.85,Completed
ORD_8119,CUST_790,2024-12-30,Gift Card,Google Search,370.88,208.03,Completed
ORD_8120,CUST_412,2024-02-23,Gift Card,Event Walk-in,574.34,394.51,Completed
ORD_8121,CUST_972,2024-03-31,Fashion,Partnership,338.04,134.95,Completed
ORD_8122,CUST_912,2025-02-26,Premium Box,Google Search,67.13,42.0,Refunded
ORD_8123,CUST_240,2025-02-26,Gift Card,TikTok,371.06,258.73,Completed
ORD_8124,CUST_316,2024-08-31,Limited Collection,Event Walk-in,330.91,125.59,Completed
ORD_8125,CUST_1258,2025-01-02,Limited Collection,Instagram,65.63,43.57,Completed
ORD_8126,CUST_1137,2024-08-27,Fashion,TikTok,207.76,142.58,Completed
ORD_8127,CUST_130,2025-01-20,Subscription Box,TikTok,190.98,132.51,Completed
ORD_8128,CUST_1389,2024-02-27,Beauty,Referral,128.22,62.56,Completed
ORD_8129,CUST_1204,2024-08-08,Limited Collection,Referral,96.08,65.16,Completed
ORD_8130,CUST_148,2024-10-08,Beauty,Partnership,549.47,269.09,Completed
ORD_8131,CUST_980,2024-10-16,Fashion,TikTok,310.98,115.25,Completed
ORD_8132,CUST_553,2024-10-28,Subscription Box,Google Search,179.86,129.87,Completed
ORD_8133,CUST_93,2025-01-16,Fashion,TikTok,253.96,137.76,Completed
ORD_8134,CUST_631,2025-02-15,Limited Collection,TikTok,498.55,361.05,Completed
ORD_8135,CUST_1440,2024-06-09,Beauty,Partnership,274.08,200.67,Completed
ORD_8136,CUST_181,2024-03-14,Gift Card,Google Search,250.25,161.34,Completed
ORD_8137,CUST_945,2024-03-09,Beauty,Referral,105.29,59.48,Completed
ORD_8138,CUST_946,2024-01-08,Limited Collection,TikTok,17.96,8.7,Cancelled
ORD_8139,CUST_958,2024-03-27,Premium Box,LinkedIn,513.06,181.8,Completed
ORD_8140,CUST_325,2024-01-30,Fashion,TikTok,193.46,86.11,Completed
ORD_8141,CUST_137,2025-06-22,Beauty,Partnership,545.24,221.67,Completed
ORD_8142,CUST_764,2025-04-19,Gift Card,Google Search,247.85,98.97,Cancelled
ORD_8143,CUST_29,2024-04-28,Premium Box,Event Walk-in,381.93,150.97,Completed
ORD_8144,CUST_957,2025-02-18,Premium Box,TikTok,327.3,201.83,Completed
ORD_8145,CUST_670,2025-03-24,Subscription Box,Instagram,639.62,232.43,Completed
ORD_8146,CUST_1367,2024-05-05,Beauty,Event Walk-in,178.06,80.51,Completed
ORD_8147,CUST_173,2025-04-06,Premium Box,TikTok,582.61,226.08,Completed
ORD_8148,CUST_1259,2024-10-16,Gift Card,Referral,559.7,373.25,Completed
ORD_8149,CUST_1413,2024-04-20,Accessories,Event Walk-in,676.34,294.6,Completed
ORD_8150,CUST_801,2025-01-03,Premium Box,Event Walk-in,422.87,163.43,Completed
ORD_8151,CUST_69,2025-05-07,Accessories,Partnership,53.13,27.99,Cancelled
ORD_8152,CUST_1341,2025-06-24,Beauty,Instagram,166.49,68.66,Completed
ORD_8153,CUST_574,2025-06-29,Fashion,Google Search,683.8,487.8,Completed
ORD_8154,CUST_1247,2024-04-29,Limited Collection,TikTok,407.56,230.05,Cancelled
ORD_8155,CUST_1163,2024-04-07,Beauty,Event Walk-in,259.75,105.62,Completed
ORD_8156,CUST_687,2025-01-09,Accessories,Partnership,280.38,134.37,Completed
ORD_8157,CUST_25,2024-10-08,Accessories,Google Search,418.75,215.13,Completed
ORD_8158,CUST_1027,2024-07-12,Accessories,Google Search,414.3,192.95,Completed
ORD_8159,CUST_42,2024-09-26,Fashion,Google Search,56.83,36.95,Completed
ORD_8160,CUST_358,2024-04-20,Gift Card,Event Walk-in,541.25,264.12,Completed
ORD_8161,CUST_1177,2024-11-07,Subscription Box,Instagram,38.07,26.97,Completed
ORD_8162,CUST_1366,2024-03-26,Beauty,Google Search,614.02,427.1,Completed
ORD_8163,CUST_1161,2024-09-28,Premium Box,TikTok,504.35,223.21,Refunded
ORD_8164,CUST_1184,2025-01-15,Beauty,Partnership,348.56,123.0,Completed
ORD_8165,CUST_254,2024-02-26,Gift Card,LinkedIn,247.48,96.33,Completed
ORD_8166,CUST_1383,2025-03-18,Accessories,Google Search,694.15,331.71,Completed
ORD_8167,CUST_711,2024-08-04,Fashion,TikTok,388.41,275.77,Completed
ORD_8168,CUST_1031,2024-02-27,Beauty,Google Search,150.44,84.3,Completed
ORD_8169,CUST_1026,2024-06-29,Premium Box,TikTok,571.56,378.17,Completed
ORD_8170,CUST_1343,2024-06-05,Subscription Box,Referral,628.26,379.64,Completed
ORD_8171,CUST_195,2025-04-06,Beauty,Google Search,341.06,205.49,Completed
ORD_8172,CUST_667,2024-05-14,Premium Box,LinkedIn,500.16,350.27,Completed
ORD_8173,CUST_281,2024-07-18,Premium Box,Referral,138.82,94.35,Completed
ORD_8174,CUST_677,2024-02-04,Limited Collection,Instagram,95.27,46.22,Completed
ORD_8175,CUST_1006,2024-03-12,Beauty,Instagram,44.71,32.19,Completed
ORD_8176,CUST_1162,2024-03-26,Gift Card,Partnership,440.76,280.9,Completed
ORD_8177,CUST_235,2024-05-29,Beauty,TikTok,687.87,383.83,Completed
ORD_8178,CUST_1155,2025-03-19,Fashion,Instagram,217.69,81.21,Completed
ORD_8179,CUST_1437,2024-09-17,Subscription Box,Google Search,265.5,154.14,Completed
ORD_8180,CUST_924,2024-03-27,Fashion,TikTok,456.73,189.89,Refunded
ORD_8181,CUST_1087,2025-04-30,Gift Card,Instagram,441.78,301.41,Completed
ORD_8182,CUST_1147,2024-07-04,Beauty,Partnership,572.35,373.92,Completed
ORD_8183,CUST_575,2024-12-02,Limited Collection,LinkedIn,598.14,337.7,Completed
ORD_8184,CUST_819,2024-03-30,Gift Card,TikTok,233.99,150.8,Completed
ORD_8185,CUST_160,2024-06-24,Limited Collection,Instagram,475.6,296.68,Completed
ORD_8186,CUST_1158,2025-05-17,Fashion,LinkedIn,114.83,45.13,Completed
ORD_8187,CUST_585,2024-01-30,Limited Collection,Partnership,260.69,120.29,Completed
ORD_8188,CUST_407,2024-04-30,Gift Card,Instagram,550.03,335.8,Cancelled
ORD_8189,CUST_228,2024-04-05,Accessories,TikTok,674.77,364.69,Completed
ORD_8190,CUST_404,2025-01-13,Accessories,Referral,356.97,183.37,Completed
ORD_8191,CUST_1430,2025-02-15,Beauty,TikTok,22.76,15.32,Completed
ORD_8192,CUST_218,2025-03-26,Gift Card,LinkedIn,651.36,391.0,Completed
ORD_8193,CUST_1255,2024-04-18,Limited Collection,Partnership,401.47,268.98,Completed
ORD_8194,CUST_88,2024-04-28,Premium Box,TikTok,63.02,22.32,Completed
ORD_8195,CUST_798,2024-11-17,Beauty,Google Search,155.66,57.83,Completed
ORD_8196,CUST_467,2025-03-18,Accessories,TikTok,660.2,492.27,Completed
ORD_8197,CUST_141,2025-06-04,Accessories,Instagram,343.99,145.23,Completed
ORD_8198,CUST_123,2025-02-03,Limited Collection,Referral,220.88,81.99,Completed
ORD_8199,CUST_1019,2024-06-05,Premium Box,TikTok,371.34,255.53,Completed
ORD_8200,CUST_728,2024-12-26,Gift Card,Event Walk-in,170.18,100.93,Completed
ORD_8201,CUST_1233,2025-02-12,Subscription Box,LinkedIn,510.67,286.35,Completed
ORD_8202,CUST_593,2025-04-06,Gift Card,LinkedIn,108.14,42.52,Completed
ORD_8203,CUST_1055,2024-06-13,Gift Card,Google Search,246.26,168.37,Completed
ORD_8204,CUST_340,2024-02-24,Beauty,Referral,497.51,305.63,Completed
ORD_8205,CUST_1036,2024-05-02,Premium Box,LinkedIn,95.81,63.88,Completed
ORD_8206,CUST_588,2024-05-21,Limited Collection,Event Walk-in,361.51,149.39,Completed
ORD_8207,CUST_1164,2024-04-18,Fashion,TikTok,481.98,312.56,Completed
ORD_8208,CUST_1285,2024-11-03,Fashion,Google Search,170.55,60.81,Completed
ORD_8209,CUST_1416,2025-05-23,Limited Collection,Referral,549.15,357.79,Completed
ORD_8210,CUST_1030,2025-04-25,Beauty,Referral,224.22,126.56,Completed
ORD_8211,CUST_235,2025-06-06,Fashion,TikTok,306.89,214.04,Completed
ORD_8212,CUST_950,2024-04-30,Gift Card,Partnership,649.5,242.58,Completed
ORD_8213,CUST_435,2024-01-04,Beauty,Event Walk-in,226.95,142.83,Completed
ORD_8214,CUST_685,2024-09-04,Limited Collection,Google Search,364.58,270.87,Completed
ORD_8215,CUST_1094,2024-02-27,Gift Card,Instagram,483.16,255.78,Completed
ORD_8216,CUST_293,2024-08-20,Fashion,Referral,239.32,94.38,Completed
ORD_8217,CUST_497,2024-11-19,Limited Collection,Instagram,266.03,170.86,Refunded
ORD_8218,CUST_761,2024-02-23,Subscription Box,Google Search,502.85,204.99,Refunded
ORD_8219,CUST_793,2025-05-05,Fashion,TikTok,657.3,275.91,Completed
ORD_8220,CUST_1276,2025-05-22,Premium Box,LinkedIn,385.72,268.37,Completed
ORD_8221,CUST_316,2024-09-19,Fashion,Event Walk-in,440.57,261.1,Completed
ORD_8222,CUST_818,2025-01-28,Subscription Box,Partnership,64.28,42.07,Completed
ORD_8223,CUST_813,2024-09-29,Limited Collection,Instagram,160.67,69.28,Completed
ORD_8224,CUST_903,2025-06-20,Limited Collection,Instagram,633.71,432.2,Completed
ORD_8225,CUST_46,2024-11-15,Accessories,Partnership,451.19,209.25,Completed
ORD_8226,CUST_1421,2024-10-20,Accessories,Partnership,319.49,214.21,Completed
ORD_8227,CUST_15,2024-10-06,Gift Card,Instagram,329.36,229.2,Completed
ORD_8228,CUST_942,2025-06-03,Limited Collection,Partnership,462.08,204.91,Completed
ORD_8229,CUST_36,2024-12-28,Beauty,Event Walk-in,612.09,316.29,Completed
ORD_8230,CUST_1338,2024-10-26,Accessories,Google Search,142.94,71.48,Completed
ORD_8231,CUST_51,2025-03-02,Accessories,Instagram,302.27,122.4,Refunded
ORD_8232,CUST_173,2025-05-20,Premium Box,TikTok,233.82,93.99,Completed
ORD_8233,CUST_159,2025-03-31,Beauty,Google Search,698.19,402.75,Refunded
ORD_8234,CUST_1112,2024-12-17,Accessories,TikTok,244.46,100.81,Completed
ORD_8235,CUST_720,2024-10-03,Fashion,Instagram,48.67,35.41,Completed
ORD_8236,CUST_557,2024-08-05,Beauty,Instagram,341.0,253.01,Completed
ORD_8237,CUST_821,2024-06-03,Premium Box,Event Walk-in,513.8,330.17,Cancelled
ORD_8238,CUST_904,2024-04-21,Limited Collection,Event Walk-in,407.04,144.93,Completed
ORD_8239,CUST_1011,2025-01-14,Fashion,Referral,537.72,370.25,Completed
ORD_8240,CUST_60,2025-02-04,Beauty,Instagram,262.82,175.85,Completed
ORD_8241,CUST_1308,2025-06-23,Gift Card,LinkedIn,373.74,216.11,Completed
ORD_8242,CUST_1283,2025-05-18,Premium Box,Google Search,410.05,262.77,Completed
ORD_8243,CUST_97,2024-10-22,Accessories,Referral,676.64,334.33,Completed
ORD_8244,CUST_56,2025-01-20,Limited Collection,Google Search,283.02,197.4,Cancelled
ORD_8245,CUST_583,2024-07-06,Premium Box,Instagram,409.36,173.71,Refunded
ORD_8246,CUST_120,2024-08-29,Accessories,TikTok,128.82,77.0,Completed
ORD_8247,CUST_1068,2024-11-07,Beauty,Event Walk-in,369.03,164.24,Completed
ORD_8248,CUST_759,2024-07-08,Limited Collection,Referral,569.56,235.05,Refunded
ORD_8249,CUST_706,2025-04-30,Fashion,TikTok,588.13,310.19,Refunded
ORD_8250,CUST_260,2024-12-05,Beauty,Event Walk-in,430.41,243.32,Completed
ORD_8251,CUST_1108,2024-08-02,Premium Box,Referral,666.44,484.35,Completed
ORD_8252,CUST_302,2024-06-29,Accessories,Referral,260.51,98.2,Completed
ORD_8253,CUST_214,2025-02-16,Fashion,Partnership,562.09,325.64,Completed
ORD_8254,CUST_1117,2024-04-10,Fashion,Instagram,650.54,401.11,Completed
ORD_8255,CUST_123,2024-01-11,Gift Card,Referral,431.01,295.85,Completed
ORD_8256,CUST_465,2025-05-28,Premium Box,Event Walk-in,86.01,42.19,Completed
ORD_8257,CUST_1248,2025-02-26,Fashion,Event Walk-in,378.16,214.85,Completed
ORD_8258,CUST_614,2024-11-15,Premium Box,Google Search,199.16,129.7,Completed
ORD_8259,CUST_703,2024-06-23,Fashion,Instagram,478.16,225.2,Completed
ORD_8260,CUST_66,2025-01-19,Beauty,TikTok,326.1,129.42,Completed
ORD_8261,CUST_457,2025-04-10,Gift Card,Referral,531.82,392.48,Completed
ORD_8262,CUST_954,2024-07-07,Fashion,Referral,195.62,127.68,Completed
ORD_8263,CUST_1275,2024-04-07,Fashion,Partnership,130.94,68.47,Refunded
ORD_8264,CUST_55,2024-08-16,Premium Box,Referral,583.66,231.24,Completed
ORD_8265,CUST_97,2024-12-19,Beauty,Referral,368.11,172.38,Completed
ORD_8266,CUST_1280,2025-04-25,Subscription Box,Partnership,169.84,81.45,Completed
ORD_8267,CUST_1098,2024-01-11,Beauty,Partnership,311.0,156.36,Refunded
ORD_8268,CUST_480,2024-07-17,Beauty,Google Search,316.97,195.76,Completed
ORD_8269,CUST_41,2025-01-02,Beauty,Google Search,471.89,309.95,Completed
ORD_8270,CUST_685,2025-06-12,Gift Card,Google Search,70.67,43.24,Completed
ORD_8271,CUST_242,2025-01-17,Limited Collection,Event Walk-in,302.23,186.11,Completed
ORD_8272,CUST_427,2024-08-07,Gift Card,Referral,651.28,462.76,Completed
ORD_8273,CUST_997,2024-11-11,Premium Box,LinkedIn,438.43,216.28,Completed
ORD_8274,CUST_1468,2024-10-22,Limited Collection,Event Walk-in,191.66,95.75,Cancelled
ORD_8275,CUST_1112,2025-02-06,Gift Card,TikTok,421.19,264.43,Cancelled
ORD_8276,CUST_322,2025-06-18,Subscription Box,Instagram,299.4,105.84,Completed
ORD_8277,CUST_1189,2024-11-30,Accessories,Google Search,601.24,279.82,Completed
ORD_8278,CUST_329,2024-07-17,Subscription Box,Event Walk-in,626.83,437.73,Completed
ORD_8279,CUST_1061,2024-02-22,Subscription Box,Referral,370.43,221.8,Completed
ORD_8280,CUST_124,2025-04-28,Gift Card,TikTok,484.53,271.08,Completed
ORD_8281,CUST_1147,2024-04-29,Subscription Box,Partnership,95.51,46.49,Completed
ORD_8282,CUST_1064,2024-10-24,Beauty,Instagram,102.78,50.07,Completed
ORD_8283,CUST_910,2024-05-20,Accessories,Google Search,236.44,167.85,Cancelled
ORD_8284,CUST_842,2024-09-23,Premium Box,Partnership,599.49,210.53,Completed
ORD_8285,CUST_1042,2024-08-02,Beauty,Instagram,659.64,288.77,Completed
ORD_8286,CUST_1345,2024-12-12,Premium Box,LinkedIn,210.43,107.43,Completed
ORD_8287,CUST_1454,2025-03-19,Limited Collection,Partnership,46.29,32.18,Completed
ORD_8288,CUST_137,2025-01-03,Beauty,Partnership,651.48,336.86,Completed
ORD_8289,CUST_1384,2024-10-04,Limited Collection,TikTok,274.32,180.08,Completed
ORD_8290,CUST_409,2024-10-03,Fashion,Event Walk-in,101.8,36.0,Completed
ORD_8291,CUST_116,2024-10-03,Gift Card,Google Search,268.2,137.27,Completed
ORD_8292,CUST_1010,2024-05-31,Premium Box,Google Search,572.3,240.77,Completed
ORD_8293,CUST_234,2025-04-08,Beauty,Instagram,157.1,74.24,Completed
ORD_8294,CUST_1462,2024-05-22,Premium Box,Referral,106.08,43.98,Cancelled
ORD_8295,CUST_1015,2024-03-16,Accessories,Instagram,458.76,288.81,Completed
ORD_8296,CUST_1188,2024-01-25,Subscription Box,Instagram,465.22,346.33,Completed
ORD_8297,CUST_1395,2025-01-20,Accessories,Event Walk-in,106.87,48.1,Completed
ORD_8298,CUST_442,2025-05-24,Limited Collection,Google Search,429.2,288.11,Completed
ORD_8299,CUST_408,2025-04-30,Beauty,Partnership,185.41,106.85,Completed
ORD_8300,CUST_324,2025-06-05,Limited Collection,TikTok,444.06,302.27,Completed
ORD_8301,CUST_1184,2024-12-17,Beauty,Partnership,436.22,284.97,Completed
ORD_8302,CUST_395,2025-01-07,Beauty,TikTok,506.66,187.59,Refunded
ORD_8303,CUST_395,2025-02-03,Accessories,TikTok,391.31,221.7,Refunded
ORD_8304,CUST_1435,2024-02-05,Gift Card,Google Search,395.26,168.13,Cancelled
ORD_8305,CUST_1149,2024-04-05,Fashion,Google Search,626.37,425.67,Completed
ORD_8306,CUST_951,2024-02-21,Limited Collection,Event Walk-in,430.67,288.59,Completed
ORD_8307,CUST_1331,2024-11-29,Accessories,Google Search,174.96,119.6,Completed
ORD_8308,CUST_797,2024-11-22,Beauty,Google Search,359.1,263.49,Completed
ORD_8309,CUST_47,2024-03-24,Gift Card,LinkedIn,280.1,200.69,Completed
ORD_8310,CUST_792,2025-01-08,Limited Collection,TikTok,110.32,77.69,Refunded
ORD_8311,CUST_352,2025-03-08,Beauty,Instagram,383.98,216.17,Completed
ORD_8312,CUST_962,2024-04-19,Subscription Box,Partnership,279.23,190.99,Refunded
ORD_8313,CUST_1294,2025-04-29,Limited Collection,TikTok,252.0,102.19,Completed
ORD_8314,CUST_1254,2024-09-15,Beauty,Partnership,207.42,100.78,Completed
ORD_8315,CUST_515,2025-03-06,Limited Collection,Partnership,563.37,396.7,Refunded
ORD_8316,CUST_911,2024-04-13,Premium Box,TikTok,638.41,366.48,Completed
ORD_8317,CUST_545,2025-01-19,Limited Collection,Partnership,397.98,234.01,Completed
ORD_8318,CUST_262,2024-12-03,Beauty,Event Walk-in,59.37,23.98,Refunded
ORD_8319,CUST_1484,2025-04-23,Fashion,Instagram,232.65,145.09,Completed
ORD_8320,CUST_352,2024-08-29,Premium Box,Instagram,586.91,382.69,Completed
ORD_8321,CUST_770,2025-06-19,Subscription Box,Referral,692.59,453.89,Completed
ORD_8322,CUST_456,2025-02-20,Gift Card,Instagram,636.83,456.55,Completed
ORD_8323,CUST_1170,2024-03-05,Accessories,LinkedIn,689.84,328.87,Completed
ORD_8324,CUST_296,2024-08-09,Premium Box,Instagram,373.4,236.01,Completed
ORD_8325,CUST_1407,2024-07-07,Limited Collection,Instagram,429.8,259.81,Completed
ORD_8326,CUST_646,2024-02-26,Accessories,Partnership,475.57,246.95,Completed
ORD_8327,CUST_460,2024-12-14,Beauty,Google Search,495.69,228.27,Completed
ORD_8328,CUST_54,2024-02-11,Subscription Box,Referral,238.23,121.63,Completed
ORD_8329,CUST_970,2025-02-09,Premium Box,Google Search,565.34,250.92,Completed
ORD_8330,CUST_1247,2024-11-22,Limited Collection,TikTok,285.58,175.44,Completed
ORD_8331,CUST_606,2024-10-08,Fashion,Instagram,427.56,232.34,Completed
ORD_8332,CUST_1254,2025-05-21,Premium Box,Partnership,514.64,180.23,Completed
ORD_8333,CUST_1125,2025-06-03,Gift Card,LinkedIn,254.75,189.51,Completed
ORD_8334,CUST_1251,2024-01-28,Premium Box,Instagram,263.04,186.16,Completed
ORD_8335,CUST_756,2024-10-12,Premium Box,Referral,467.0,233.68,Completed
ORD_8336,CUST_1281,2025-05-14,Limited Collection,Instagram,553.8,232.03,Completed
ORD_8337,CUST_105,2024-09-17,Fashion,Partnership,341.48,140.55,Completed
ORD_8338,CUST_927,2025-04-27,Subscription Box,Referral,444.97,289.19,Completed
ORD_8339,CUST_1234,2025-06-12,Accessories,Referral,611.68,258.08,Completed
ORD_8340,CUST_291,2024-10-03,Accessories,Instagram,507.7,256.02,Completed
ORD_8341,CUST_1331,2024-06-04,Accessories,Google Search,392.07,287.0,Completed
ORD_8342,CUST_270,2024-08-24,Beauty,Partnership,304.26,128.25,Completed
ORD_8343,CUST_250,2025-05-30,Premium Box,Google Search,171.03,115.37,Completed
ORD_8344,CUST_918,2024-11-11,Premium Box,TikTok,85.96,60.08,Completed
ORD_8345,CUST_29,2024-01-06,Beauty,Event Walk-in,374.8,164.0,Completed
ORD_8346,CUST_195,2024-01-16,Gift Card,Google Search,251.01,181.22,Completed
ORD_8347,CUST_735,2025-03-08,Accessories,Instagram,49.17,26.39,Completed
ORD_8348,CUST_39,2024-07-25,Fashion,Event Walk-in,542.81,241.24,Completed
ORD_8349,CUST_460,2025-05-24,Gift Card,Google Search,121.31,62.14,Completed
ORD_8350,CUST_1493,2024-12-12,Limited Collection,Referral,45.81,32.6,Completed
ORD_8351,CUST_1071,2025-04-29,Accessories,TikTok,35.22,22.46,Completed
ORD_8352,CUST_1094,2024-08-09,Beauty,Instagram,426.21,169.93,Completed
ORD_8353,CUST_115,2024-05-05,Subscription Box,Instagram,325.57,227.65,Completed
ORD_8354,CUST_1088,2024-09-03,Accessories,Partnership,660.16,278.09,Completed
ORD_8355,CUST_1027,2024-08-31,Gift Card,Google Search,295.4,205.44,Refunded
ORD_8356,CUST_213,2024-01-24,Beauty,Referral,178.55,116.25,Completed
ORD_8357,CUST_118,2024-07-10,Premium Box,Instagram,292.33,194.07,Refunded
ORD_8358,CUST_127,2025-03-02,Limited Collection,Google Search,375.39,249.61,Completed
ORD_8359,CUST_1338,2024-12-30,Beauty,Google Search,493.6,351.78,Refunded
ORD_8360,CUST_192,2024-03-07,Premium Box,LinkedIn,633.51,453.36,Completed
ORD_8361,CUST_1208,2024-04-16,Beauty,Partnership,167.8,87.11,Completed
ORD_8362,CUST_207,2025-01-23,Limited Collection,Event Walk-in,44.99,31.17,Completed
ORD_8363,CUST_599,2024-08-24,Beauty,LinkedIn,403.44,299.58,Completed
ORD_8364,CUST_1327,2025-02-04,Premium Box,Partnership,283.67,157.69,Refunded
ORD_8365,CUST_379,2024-03-31,Premium Box,Google Search,205.31,95.82,Cancelled
ORD_8366,CUST_1275,2025-05-28,Accessories,Partnership,105.95,39.44,Completed
ORD_8367,CUST_425,2024-05-03,Premium Box,LinkedIn,415.53,189.87,Completed
ORD_8368,CUST_512,2024-06-01,Accessories,Partnership,312.16,148.29,Completed
ORD_8369,CUST_785,2024-11-28,Premium Box,TikTok,246.51,182.31,Completed
ORD_8370,CUST_852,2024-05-01,Subscription Box,Referral,423.59,218.64,Completed
ORD_8371,CUST_697,2024-08-01,Beauty,Event Walk-in,158.06,71.55,Completed
ORD_8372,CUST_121,2024-02-23,Gift Card,Instagram,149.59,66.98,Completed
ORD_8373,CUST_70,2024-08-20,Limited Collection,Partnership,328.15,229.16,Completed
ORD_8374,CUST_358,2025-06-20,Fashion,Event Walk-in,407.71,213.03,Completed
ORD_8375,CUST_20,2024-12-25,Accessories,LinkedIn,308.08,181.47,Completed
ORD_8376,CUST_319,2025-02-04,Fashion,Event Walk-in,515.41,203.13,Completed
ORD_8377,CUST_455,2024-09-12,Limited Collection,TikTok,449.17,219.2,Completed
ORD_8378,CUST_576,2025-02-08,Fashion,Event Walk-in,584.27,378.66,Completed
ORD_8379,CUST_1182,2025-05-12,Limited Collection,Partnership,568.22,203.07,Completed
ORD_8380,CUST_405,2024-09-21,Limited Collection,LinkedIn,150.1,86.37,Completed
ORD_8381,CUST_135,2024-08-07,Accessories,TikTok,536.86,350.49,Completed
ORD_8382,CUST_1196,2024-01-07,Premium Box,TikTok,191.72,143.58,Completed
ORD_8383,CUST_862,2025-05-13,Premium Box,Google Search,119.66,89.56,Completed
ORD_8384,CUST_271,2024-07-28,Limited Collection,Google Search,106.93,62.89,Completed
ORD_8385,CUST_1420,2025-04-11,Accessories,Referral,280.96,134.38,Completed
ORD_8386,CUST_413,2024-09-02,Accessories,Instagram,201.98,70.94,Completed
ORD_8387,CUST_1130,2025-03-16,Accessories,Referral,57.65,39.31,Cancelled
ORD_8388,CUST_416,2025-03-04,Gift Card,Partnership,428.14,303.49,Cancelled
ORD_8389,CUST_514,2024-04-25,Fashion,Event Walk-in,583.57,350.33,Completed
ORD_8390,CUST_1359,2024-03-03,Beauty,LinkedIn,573.24,393.42,Completed
ORD_8391,CUST_891,2024-01-04,Fashion,Referral,277.54,149.81,Completed
ORD_8392,CUST_723,2024-06-13,Limited Collection,Event Walk-in,698.68,254.82,Completed
ORD_8393,CUST_312,2024-11-25,Subscription Box,Referral,308.04,206.35,Completed
ORD_8394,CUST_410,2024-08-02,Fashion,Event Walk-in,215.38,148.53,Completed
ORD_8395,CUST_703,2025-02-21,Premium Box,Instagram,365.58,169.87,Completed
ORD_8396,CUST_635,2024-01-05,Subscription Box,Instagram,89.6,47.12,Completed
ORD_8397,CUST_1213,2024-01-07,Accessories,Referral,693.33,464.52,Completed
ORD_8398,CUST_369,2024-04-13,Subscription Box,TikTok,552.8,342.14,Completed
ORD_8399,CUST_1052,2024-04-29,Limited Collection,Partnership,194.7,83.0,Completed
ORD_8400,CUST_175,2025-04-23,Gift Card,Partnership,458.15,179.2,Refunded
ORD_8401,CUST_673,2024-08-17,Premium Box,Event Walk-in,174.3,111.18,Refunded
ORD_8402,CUST_1427,2025-02-26,Gift Card,Event Walk-in,92.02,39.91,Refunded
ORD_8403,CUST_1409,2024-08-25,Accessories,Instagram,213.03,154.99,Completed
ORD_8404,CUST_1473,2024-03-22,Beauty,Instagram,488.25,216.34,Completed
ORD_8405,CUST_1496,2024-12-23,Premium Box,LinkedIn,491.26,201.67,Completed
ORD_8406,CUST_1060,2025-01-17,Beauty,TikTok,326.62,154.0,Completed
ORD_8407,CUST_803,2024-04-26,Limited Collection,LinkedIn,165.45,71.89,Completed
ORD_8408,CUST_973,2024-08-13,Subscription Box,Referral,305.0,123.0,Completed
ORD_8409,CUST_938,2025-05-12,Fashion,Google Search,513.28,326.22,Completed
ORD_8410,CUST_415,2024-05-20,Limited Collection,Google Search,382.86,232.2,Refunded
ORD_8411,CUST_1126,2025-03-01,Gift Card,TikTok,197.4,93.85,Refunded
ORD_8412,CUST_743,2024-03-08,Gift Card,Event Walk-in,253.86,130.74,Completed
ORD_8413,CUST_1373,2024-12-07,Accessories,Referral,304.25,119.49,Completed
ORD_8414,CUST_1280,2024-04-05,Accessories,Partnership,316.38,128.69,Completed
ORD_8415,CUST_920,2024-05-12,Gift Card,Google Search,181.98,96.77,Completed
ORD_8416,CUST_555,2024-08-12,Accessories,Referral,316.08,221.21,Completed
ORD_8417,CUST_1385,2024-06-08,Gift Card,Referral,157.41,104.59,Completed
ORD_8418,CUST_115,2025-02-19,Fashion,Instagram,684.21,364.41,Completed
ORD_8419,CUST_869,2024-06-21,Accessories,Instagram,536.32,318.75,Refunded
ORD_8420,CUST_1042,2025-05-22,Accessories,Instagram,457.32,256.99,Refunded
ORD_8421,CUST_607,2025-06-23,Premium Box,TikTok,481.76,261.58,Cancelled
ORD_8422,CUST_539,2024-05-15,Premium Box,LinkedIn,531.45,317.59,Completed
ORD_8423,CUST_679,2024-12-24,Accessories,Event Walk-in,475.5,340.05,Completed
ORD_8424,CUST_739,2024-08-23,Premium Box,Event Walk-in,651.84,249.69,Completed
ORD_8425,CUST_377,2024-12-25,Gift Card,Referral,540.85,325.76,Completed
ORD_8426,CUST_943,2025-04-07,Subscription Box,TikTok,196.05,116.7,Completed
ORD_8427,CUST_541,2024-01-17,Limited Collection,Google Search,525.38,350.44,Completed
ORD_8428,CUST_718,2024-10-23,Fashion,Google Search,602.83,260.88,Completed
ORD_8429,CUST_905,2025-03-04,Premium Box,TikTok,463.01,282.23,Completed
ORD_8430,CUST_1479,2024-08-17,Limited Collection,Google Search,326.54,185.66,Completed
ORD_8431,CUST_1266,2024-08-08,Premium Box,Event Walk-in,102.81,45.49,Completed
ORD_8432,CUST_1300,2024-11-04,Gift Card,Instagram,369.42,234.97,Completed
ORD_8433,CUST_884,2024-12-03,Subscription Box,Google Search,691.82,335.41,Completed
ORD_8434,CUST_894,2024-01-31,Beauty,Event Walk-in,403.88,277.74,Completed
ORD_8435,CUST_837,2024-11-20,Beauty,Partnership,381.09,205.99,Completed
ORD_8436,CUST_1174,2024-11-05,Limited Collection,LinkedIn,583.54,384.81,Cancelled
ORD_8437,CUST_1179,2024-04-08,Fashion,Instagram,623.75,440.22,Completed
ORD_8438,CUST_900,2024-09-22,Premium Box,Event Walk-in,421.81,172.45,Completed
ORD_8439,CUST_681,2024-04-01,Beauty,Event Walk-in,55.81,29.0,Refunded
ORD_8440,CUST_1249,2024-08-20,Beauty,Instagram,270.07,202.29,Completed
ORD_8441,CUST_517,2025-06-20,Premium Box,Event Walk-in,264.59,130.57,Completed
ORD_8442,CUST_520,2024-10-22,Limited Collection,Partnership,473.42,335.41,Completed
ORD_8443,CUST_146,2024-11-27,Gift Card,Referral,357.81,264.74,Completed
ORD_8444,CUST_446,2024-05-17,Gift Card,Event Walk-in,504.11,374.97,Completed
ORD_8445,CUST_875,2024-07-20,Premium Box,TikTok,676.87,424.04,Completed
ORD_8446,CUST_477,2024-04-24,Fashion,TikTok,449.6,176.14,Refunded
ORD_8447,CUST_810,2024-04-11,Premium Box,Referral,647.04,401.34,Completed
ORD_8448,CUST_2,2024-12-06,Subscription Box,LinkedIn,352.73,181.06,Completed
ORD_8449,CUST_491,2024-04-17,Subscription Box,Event Walk-in,466.98,261.49,Completed
ORD_8450,CUST_1287,2024-01-07,Subscription Box,Google Search,481.01,302.4,Refunded
ORD_8451,CUST_117,2024-03-13,Premium Box,Event Walk-in,73.18,30.56,Completed
ORD_8452,CUST_1180,2024-02-12,Gift Card,Google Search,414.62,290.89,Completed
ORD_8453,CUST_691,2024-08-21,Limited Collection,Event Walk-in,603.41,246.65,Completed
ORD_8454,CUST_642,2025-02-13,Beauty,Referral,397.52,205.89,Completed
ORD_8455,CUST_856,2025-06-24,Limited Collection,Google Search,197.05,78.82,Completed
ORD_8456,CUST_844,2024-02-07,Accessories,Event Walk-in,297.87,117.99,Completed
ORD_8457,CUST_682,2025-05-30,Limited Collection,Referral,297.96,121.01,Completed
ORD_8458,CUST_1093,2024-11-07,Gift Card,Event Walk-in,503.09,337.52,Completed
ORD_8459,CUST_501,2024-03-12,Limited Collection,Google Search,502.37,373.17,Refunded
ORD_8460,CUST_518,2024-04-24,Beauty,Instagram,136.01,60.69,Completed
ORD_8461,CUST_233,2024-05-30,Subscription Box,Instagram,640.91,343.46,Cancelled
ORD_8462,CUST_58,2024-10-21,Fashion,TikTok,650.99,399.82,Completed
ORD_8463,CUST_695,2024-01-22,Fashion,LinkedIn,186.2,96.88,Completed
ORD_8464,CUST_1082,2025-03-02,Subscription Box,Partnership,569.01,230.13,Completed
ORD_8465,CUST_777,2024-10-25,Gift Card,TikTok,178.96,118.38,Completed
ORD_8466,CUST_943,2024-01-19,Limited Collection,TikTok,150.48,86.5,Completed
ORD_8467,CUST_1070,2025-05-21,Gift Card,LinkedIn,283.87,147.13,Completed
ORD_8468,CUST_1229,2024-12-04,Premium Box,TikTok,93.12,62.25,Completed
ORD_8469,CUST_1188,2024-03-29,Fashion,Instagram,503.84,350.06,Completed
ORD_8470,CUST_1486,2024-09-15,Beauty,LinkedIn,422.92,203.29,Completed
ORD_8471,CUST_230,2024-08-16,Subscription Box,Instagram,365.02,199.94,Completed
ORD_8472,CUST_946,2024-08-15,Subscription Box,TikTok,421.34,256.89,Completed
ORD_8473,CUST_1133,2024-08-25,Limited Collection,Instagram,400.31,267.27,Completed
ORD_8474,CUST_771,2025-06-13,Gift Card,Instagram,630.08,243.11,Completed
ORD_8475,CUST_1091,2024-06-09,Beauty,Event Walk-in,193.93,69.06,Completed
ORD_8476,CUST_860,2025-02-15,Beauty,TikTok,569.61,271.7,Completed
ORD_8477,CUST_616,2025-05-04,Subscription Box,Instagram,531.21,234.95,Cancelled
ORD_8478,CUST_45,2025-03-15,Beauty,Google Search,201.97,124.48,Completed
ORD_8479,CUST_1496,2025-03-31,Fashion,LinkedIn,615.12,378.08,Refunded
ORD_8480,CUST_1402,2024-08-27,Limited Collection,Event Walk-in,528.05,346.53,Completed
ORD_8481,CUST_245,2024-11-21,Beauty,Event Walk-in,448.31,203.61,Completed
ORD_8482,CUST_448,2025-03-28,Subscription Box,Referral,433.17,283.0,Completed
ORD_8483,CUST_517,2024-07-22,Fashion,Event Walk-in,650.13,387.54,Completed
ORD_8484,CUST_716,2024-05-18,Gift Card,Instagram,657.18,286.62,Completed
ORD_8485,CUST_468,2024-01-11,Beauty,Google Search,479.91,334.86,Completed
ORD_8486,CUST_244,2025-06-21,Subscription Box,LinkedIn,262.22,184.89,Refunded
ORD_8487,CUST_630,2024-01-13,Gift Card,LinkedIn,162.84,81.39,Completed
ORD_8488,CUST_462,2024-12-29,Subscription Box,Instagram,670.95,343.98,Cancelled
ORD_8489,CUST_853,2024-10-21,Fashion,TikTok,333.42,157.35,Completed
ORD_8490,CUST_1179,2024-10-02,Subscription Box,Instagram,633.5,467.48,Completed
ORD_8491,CUST_1459,2025-01-25,Gift Card,Event Walk-in,105.02,75.99,Refunded
ORD_8492,CUST_286,2025-03-08,Accessories,Google Search,407.3,297.69,Refunded
ORD_8493,CUST_310,2025-05-18,Beauty,Event Walk-in,688.85,503.32,Completed
ORD_8494,CUST_997,2025-05-26,Gift Card,LinkedIn,572.39,230.16,Completed
ORD_8495,CUST_446,2024-08-12,Beauty,Event Walk-in,545.44,381.21,Completed
ORD_8496,CUST_637,2024-05-14,Beauty,TikTok,59.71,25.02,Completed
ORD_8497,CUST_1420,2024-11-28,Gift Card,Referral,86.39,36.41,Completed
ORD_8498,CUST_282,2024-10-26,Accessories,Instagram,623.66,400.22,Completed
ORD_8499,CUST_721,2024-07-19,Fashion,LinkedIn,198.15,134.6,Completed
ORD_8500,CUST_10,2025-01-11,Limited Collection,Instagram,425.39,305.88,Completed
ORD_8501,CUST_14,2024-07-05,Accessories,TikTok,492.14,256.22,Refunded
ORD_8502,CUST_1486,2024-08-31,Fashion,LinkedIn,441.47,280.84,Completed
ORD_8503,CUST_159,2024-05-21,Gift Card,Google Search,178.37,119.08,Completed
ORD_8504,CUST_751,2024-11-12,Beauty,Event Walk-in,213.62,105.37,Completed
ORD_8505,CUST_649,2024-11-03,Accessories,Instagram,31.18,12.81,Completed
ORD_8506,CUST_1116,2024-07-24,Fashion,TikTok,357.92,131.7,Completed
ORD_8507,CUST_148,2024-02-15,Premium Box,Partnership,18.95,9.79,Completed
ORD_8508,CUST_870,2024-11-16,Limited Collection,Referral,110.19,47.09,Completed
ORD_8509,CUST_1289,2024-10-20,Subscription Box,Partnership,693.08,515.47,Completed
ORD_8510,CUST_1120,2024-01-20,Premium Box,Event Walk-in,54.83,25.87,Cancelled
ORD_8511,CUST_600,2024-11-04,Accessories,TikTok,300.37,131.75,Completed
ORD_8512,CUST_1099,2025-01-12,Fashion,Google Search,617.9,460.72,Completed
ORD_8513,CUST_1205,2024-04-06,Premium Box,Google Search,308.32,124.63,Completed
ORD_8514,CUST_714,2024-06-04,Gift Card,Instagram,591.59,413.67,Completed
ORD_8515,CUST_1201,2024-02-21,Fashion,Partnership,317.9,185.45,Cancelled
ORD_8516,CUST_1045,2025-06-22,Limited Collection,Google Search,250.72,177.39,Completed
ORD_8517,CUST_283,2024-10-11,Limited Collection,Google Search,513.86,378.55,Cancelled
ORD_8518,CUST_594,2024-05-09,Limited Collection,Google Search,287.41,187.26,Completed
ORD_8519,CUST_895,2024-10-30,Accessories,Event Walk-in,231.17,137.53,Completed
ORD_8520,CUST_302,2024-02-12,Premium Box,Referral,79.88,44.97,Completed
ORD_8521,CUST_1374,2024-06-24,Subscription Box,TikTok,607.61,404.12,Completed
ORD_8522,CUST_1451,2025-06-11,Beauty,Google Search,400.66,228.33,Refunded
ORD_8523,CUST_869,2024-01-21,Beauty,Instagram,201.79,75.97,Completed
ORD_8524,CUST_147,2024-10-07,Accessories,Google Search,211.88,111.24,Completed
ORD_8525,CUST_1231,2024-02-23,Fashion,Partnership,592.05,391.24,Completed
ORD_8526,CUST_876,2024-12-02,Premium Box,TikTok,376.74,194.15,Completed
ORD_8527,CUST_243,2025-05-10,Premium Box,Instagram,294.4,217.55,Completed
ORD_8528,CUST_1370,2024-08-17,Gift Card,Instagram,346.19,212.23,Completed
ORD_8529,CUST_1006,2024-09-20,Limited Collection,Instagram,430.73,303.36,Completed
ORD_8530,CUST_426,2024-11-04,Beauty,Google Search,59.6,30.53,Cancelled
ORD_8531,CUST_742,2024-06-05,Subscription Box,Referral,78.65,51.25,Refunded
ORD_8532,CUST_1114,2025-02-16,Limited Collection,Event Walk-in,91.39,64.08,Completed
ORD_8533,CUST_886,2025-06-19,Limited Collection,Google Search,61.28,39.31,Completed
ORD_8534,CUST_1356,2025-05-27,Premium Box,Instagram,515.91,347.3,Completed
ORD_8535,CUST_289,2025-04-09,Subscription Box,LinkedIn,682.88,297.08,Completed
ORD_8536,CUST_506,2024-10-27,Limited Collection,Referral,239.85,123.0,Refunded
ORD_8537,CUST_110,2024-11-23,Limited Collection,Instagram,534.12,314.6,Completed
ORD_8538,CUST_530,2024-07-11,Subscription Box,Referral,40.32,25.39,Completed
ORD_8539,CUST_1337,2024-05-08,Beauty,Partnership,39.8,27.29,Completed
ORD_8540,CUST_335,2024-07-23,Gift Card,Event Walk-in,556.12,246.61,Completed
ORD_8541,CUST_300,2024-05-09,Subscription Box,LinkedIn,248.62,114.12,Cancelled
ORD_8542,CUST_112,2025-02-16,Fashion,Referral,342.15,166.59,Completed
ORD_8543,CUST_758,2025-04-13,Limited Collection,LinkedIn,95.89,57.08,Completed
ORD_8544,CUST_287,2024-03-11,Accessories,LinkedIn,94.66,47.43,Completed
ORD_8545,CUST_488,2025-06-26,Fashion,Google Search,374.73,246.08,Cancelled
ORD_8546,CUST_450,2024-02-06,Fashion,Partnership,56.2,19.97,Completed
ORD_8547,CUST_27,2024-11-10,Accessories,TikTok,680.12,273.12,Completed
ORD_8548,CUST_1418,2024-03-06,Beauty,LinkedIn,237.26,105.48,Completed
ORD_8549,CUST_257,2025-01-15,Premium Box,Google Search,584.6,289.12,Completed
ORD_8550,CUST_304,2024-10-01,Limited Collection,Event Walk-in,470.98,306.72,Completed
ORD_8551,CUST_172,2024-02-28,Beauty,TikTok,437.02,317.58,Completed
ORD_8552,CUST_876,2024-08-16,Beauty,TikTok,27.18,10.72,Refunded
ORD_8553,CUST_1375,2025-06-14,Premium Box,Event Walk-in,186.51,139.78,Refunded
ORD_8554,CUST_1447,2024-02-22,Premium Box,Instagram,501.75,304.06,Refunded
ORD_8555,CUST_129,2025-01-28,Gift Card,Referral,220.4,92.85,Completed
ORD_8556,CUST_1257,2025-06-23,Gift Card,Partnership,571.12,426.23,Refunded
ORD_8557,CUST_1358,2024-08-28,Subscription Box,Partnership,123.01,62.48,Completed
ORD_8558,CUST_1216,2024-05-16,Accessories,Referral,612.55,329.97,Completed
ORD_8559,CUST_149,2024-04-16,Subscription Box,Partnership,239.27,95.3,Completed
ORD_8560,CUST_250,2025-01-04,Premium Box,Google Search,77.1,48.71,Completed
ORD_8561,CUST_970,2024-07-01,Beauty,Google Search,367.08,209.42,Completed
ORD_8562,CUST_1459,2024-05-18,Premium Box,Event Walk-in,310.92,167.98,Refunded
ORD_8563,CUST_1181,2024-04-02,Premium Box,TikTok,616.98,268.23,Refunded
ORD_8564,CUST_306,2024-10-20,Beauty,TikTok,151.58,75.89,Completed
ORD_8565,CUST_846,2025-06-27,Limited Collection,Partnership,293.16,190.0,Completed
ORD_8566,CUST_716,2024-07-30,Beauty,Instagram,331.98,154.62,Completed
ORD_8567,CUST_1137,2024-03-22,Beauty,TikTok,145.46,97.7,Completed
ORD_8568,CUST_1299,2024-08-01,Accessories,LinkedIn,51.72,27.05,Completed
ORD_8569,CUST_1341,2024-02-08,Gift Card,Instagram,80.46,59.08,Completed
ORD_8570,CUST_871,2025-06-13,Accessories,Referral,273.24,199.72,Completed
ORD_8571,CUST_258,2025-02-19,Gift Card,LinkedIn,335.61,181.84,Completed
ORD_8572,CUST_992,2024-05-27,Premium Box,Instagram,78.67,47.87,Completed
ORD_8573,CUST_699,2025-05-06,Beauty,Google Search,128.53,87.38,Completed
ORD_8574,CUST_144,2024-08-03,Gift Card,Google Search,217.18,143.39,Completed
ORD_8575,CUST_1357,2024-10-24,Limited Collection,Google Search,461.35,178.61,Completed
ORD_8576,CUST_918,2025-03-28,Fashion,TikTok,21.57,15.92,Completed
ORD_8577,CUST_570,2025-04-27,Beauty,Referral,250.75,122.27,Completed
ORD_8578,CUST_1334,2024-02-19,Limited Collection,Partnership,680.88,418.41,Completed
ORD_8579,CUST_360,2024-09-05,Gift Card,Partnership,104.97,78.66,Completed
ORD_8580,CUST_923,2024-04-25,Limited Collection,Partnership,68.28,50.8,Completed
ORD_8581,CUST_299,2024-06-09,Premium Box,Instagram,104.51,71.64,Completed
ORD_8582,CUST_1162,2024-07-17,Fashion,Partnership,376.97,247.31,Completed
ORD_8583,CUST_1127,2024-10-22,Gift Card,Event Walk-in,666.0,339.94,Refunded
ORD_8584,CUST_691,2025-05-04,Subscription Box,Event Walk-in,462.97,280.92,Completed
ORD_8585,CUST_100,2024-09-23,Fashion,TikTok,690.02,321.09,Completed
ORD_8586,CUST_1133,2024-04-22,Subscription Box,Instagram,489.27,353.68,Completed
ORD_8587,CUST_519,2025-04-02,Gift Card,LinkedIn,200.31,99.86,Completed
ORD_8588,CUST_838,2025-01-15,Fashion,Partnership,682.01,244.43,Completed
ORD_8589,CUST_423,2024-03-03,Beauty,Event Walk-in,478.51,311.42,Completed
ORD_8590,CUST_1367,2025-02-14,Accessories,Event Walk-in,159.79,118.79,Refunded
ORD_8591,CUST_328,2024-05-22,Fashion,Instagram,179.51,119.69,Completed
ORD_8592,CUST_1327,2024-04-29,Accessories,Partnership,598.86,379.82,Completed
ORD_8593,CUST_1391,2025-02-22,Subscription Box,Referral,624.61,424.37,Cancelled
ORD_8594,CUST_210,2025-06-07,Premium Box,Google Search,341.4,207.84,Completed
ORD_8595,CUST_65,2024-01-28,Limited Collection,LinkedIn,138.74,57.31,Completed
ORD_8596,CUST_39,2024-01-09,Gift Card,Event Walk-in,532.96,283.94,Completed
ORD_8597,CUST_1018,2024-03-04,Beauty,Event Walk-in,17.6,8.09,Completed
ORD_8598,CUST_238,2025-01-02,Beauty,Partnership,202.64,109.19,Completed
ORD_8599,CUST_1122,2024-12-03,Limited Collection,Instagram,315.23,221.7,Completed
ORD_8600,CUST_410,2025-01-04,Beauty,Event Walk-in,68.96,31.39,Completed
ORD_8601,CUST_551,2024-07-04,Fashion,Partnership,466.2,245.87,Completed
ORD_8602,CUST_1048,2024-11-28,Subscription Box,Referral,492.26,338.79,Completed
ORD_8603,CUST_656,2024-01-04,Gift Card,Partnership,55.67,30.91,Completed
ORD_8604,CUST_1018,2024-10-27,Subscription Box,Event Walk-in,494.4,368.52,Completed
ORD_8605,CUST_208,2024-06-26,Subscription Box,LinkedIn,370.46,163.31,Completed
ORD_8606,CUST_402,2025-01-06,Limited Collection,Event Walk-in,376.35,189.24,Completed
ORD_8607,CUST_148,2024-09-09,Limited Collection,Partnership,642.34,305.14,Completed
ORD_8608,CUST_1072,2025-04-19,Subscription Box,Instagram,423.94,300.27,Completed
ORD_8609,CUST_1468,2024-03-29,Fashion,Event Walk-in,469.99,341.48,Completed
ORD_8610,CUST_434,2024-01-23,Fashion,Partnership,74.02,48.67,Completed
ORD_8611,CUST_107,2024-03-28,Gift Card,LinkedIn,606.01,276.73,Completed
ORD_8612,CUST_803,2024-01-05,Beauty,LinkedIn,567.9,334.03,Completed
ORD_8613,CUST_1461,2024-08-04,Gift Card,TikTok,584.3,265.15,Completed
ORD_8614,CUST_398,2024-12-29,Gift Card,Event Walk-in,270.33,201.58,Completed
ORD_8615,CUST_1485,2024-07-22,Gift Card,TikTok,127.34,94.42,Completed
ORD_8616,CUST_1393,2024-09-22,Accessories,Google Search,219.26,79.62,Completed
ORD_8617,CUST_1334,2025-03-16,Gift Card,Partnership,622.89,413.58,Completed
ORD_8618,CUST_789,2025-02-12,Fashion,Google Search,356.36,194.41,Completed
ORD_8619,CUST_125,2025-02-03,Premium Box,Partnership,276.66,165.39,Completed
ORD_8620,CUST_1259,2024-04-12,Subscription Box,Referral,670.63,382.37,Completed
ORD_8621,CUST_1429,2025-02-08,Beauty,LinkedIn,217.41,151.45,Cancelled
ORD_8622,CUST_621,2024-06-18,Accessories,LinkedIn,680.11,436.76,Completed
ORD_8623,CUST_1354,2025-01-26,Beauty,TikTok,664.05,470.72,Completed
ORD_8624,CUST_1401,2024-08-20,Limited Collection,Instagram,394.65,246.42,Completed
ORD_8625,CUST_1430,2024-05-26,Accessories,TikTok,83.74,47.45,Completed
ORD_8626,CUST_1313,2024-09-25,Beauty,Referral,309.56,112.98,Completed
ORD_8627,CUST_1108,2024-02-20,Limited Collection,Referral,543.19,366.32,Refunded
ORD_8628,CUST_236,2025-01-24,Gift Card,TikTok,41.76,21.68,Completed
ORD_8629,CUST_1036,2025-04-14,Limited Collection,LinkedIn,59.61,43.53,Completed
ORD_8630,CUST_732,2024-03-22,Fashion,LinkedIn,664.38,275.45,Completed
ORD_8631,CUST_101,2024-04-07,Accessories,TikTok,650.8,362.05,Completed
ORD_8632,CUST_263,2025-04-15,Fashion,Instagram,99.66,47.78,Completed
ORD_8633,CUST_157,2024-03-02,Limited Collection,Instagram,520.86,243.58,Completed
ORD_8634,CUST_1021,2025-02-26,Subscription Box,Instagram,599.5,229.94,Completed
ORD_8635,CUST_271,2025-01-14,Beauty,Google Search,440.57,212.5,Completed
ORD_8636,CUST_890,2024-12-15,Limited Collection,Event Walk-in,113.39,76.94,Completed
ORD_8637,CUST_159,2025-06-29,Accessories,Google Search,200.05,92.88,Completed
ORD_8638,CUST_312,2024-03-05,Subscription Box,Referral,285.52,155.68,Completed
ORD_8639,CUST_669,2024-07-24,Gift Card,Event Walk-in,120.06,70.35,Refunded
ORD_8640,CUST_1052,2024-03-04,Gift Card,Partnership,302.45,141.99,Completed
ORD_8641,CUST_961,2024-08-21,Gift Card,Google Search,102.12,69.46,Completed
ORD_8642,CUST_177,2024-10-05,Beauty,Instagram,15.01,6.71,Completed
ORD_8643,CUST_1391,2024-12-05,Fashion,Referral,434.23,310.84,Completed
ORD_8644,CUST_476,2024-11-22,Beauty,Referral,198.37,146.61,Completed
ORD_8645,CUST_804,2025-06-29,Fashion,Google Search,365.92,221.39,Completed
ORD_8646,CUST_1431,2025-03-02,Accessories,TikTok,566.6,325.14,Completed
ORD_8647,CUST_1003,2025-02-22,Fashion,Referral,291.97,105.77,Cancelled
ORD_8648,CUST_1317,2024-11-17,Premium Box,TikTok,60.21,38.79,Completed
ORD_8649,CUST_1376,2024-08-04,Subscription Box,Google Search,121.09,65.08,Completed
ORD_8650,CUST_656,2024-10-01,Premium Box,Partnership,228.92,122.4,Completed
ORD_8651,CUST_329,2025-02-13,Gift Card,Event Walk-in,286.98,190.47,Completed
ORD_8652,CUST_141,2024-06-23,Limited Collection,Instagram,40.51,19.1,Refunded
ORD_8653,CUST_1310,2025-03-19,Beauty,Event Walk-in,450.18,165.83,Completed
ORD_8654,CUST_226,2025-02-25,Limited Collection,Referral,215.48,150.48,Completed
ORD_8655,CUST_1250,2024-07-08,Gift Card,Instagram,294.81,134.32,Completed
ORD_8656,CUST_749,2024-07-16,Subscription Box,Instagram,49.64,29.72,Completed
ORD_8657,CUST_346,2024-11-23,Accessories,Referral,342.83,222.25,Completed
ORD_8658,CUST_456,2024-10-13,Subscription Box,Instagram,157.5,57.73,Completed
ORD_8659,CUST_919,2024-10-21,Limited Collection,TikTok,385.21,219.09,Completed
ORD_8660,CUST_1310,2024-05-25,Gift Card,Event Walk-in,257.11,169.01,Completed
ORD_8661,CUST_594,2024-04-02,Limited Collection,Google Search,624.33,228.74,Refunded
ORD_8662,CUST_1178,2024-06-07,Accessories,Google Search,493.18,294.21,Completed
ORD_8663,CUST_846,2024-06-11,Premium Box,Partnership,677.76,285.93,Completed
ORD_8664,CUST_983,2024-03-08,Premium Box,LinkedIn,461.46,203.77,Completed
ORD_8665,CUST_895,2024-07-05,Subscription Box,Event Walk-in,677.96,283.24,Completed
ORD_8666,CUST_1487,2025-04-14,Subscription Box,Partnership,668.02,401.48,Completed
ORD_8667,CUST_186,2024-09-01,Premium Box,TikTok,114.64,84.98,Completed
ORD_8668,CUST_406,2024-01-23,Limited Collection,LinkedIn,92.26,33.29,Completed
ORD_8669,CUST_261,2024-01-20,Beauty,Partnership,517.03,265.56,Cancelled
ORD_8670,CUST_1226,2025-02-15,Beauty,Instagram,146.71,101.43,Completed
ORD_8671,CUST_1006,2024-12-30,Subscription Box,Instagram,132.84,52.15,Completed
ORD_8672,CUST_465,2024-07-03,Accessories,Event Walk-in,34.29,13.25,Completed
ORD_8673,CUST_613,2024-10-29,Gift Card,Event Walk-in,193.45,108.34,Completed
ORD_8674,CUST_245,2024-08-01,Accessories,Event Walk-in,689.71,461.51,Cancelled
ORD_8675,CUST_644,2024-04-09,Premium Box,Referral,515.06,253.32,Completed
ORD_8676,CUST_1050,2025-05-14,Fashion,Partnership,132.41,74.1,Completed
ORD_8677,CUST_1006,2025-05-26,Premium Box,Instagram,348.88,162.69,Completed
ORD_8678,CUST_617,2024-08-09,Limited Collection,Referral,200.97,136.04,Completed
ORD_8679,CUST_1326,2024-01-23,Accessories,Partnership,639.71,469.04,Completed
ORD_8680,CUST_269,2024-02-01,Accessories,Referral,131.33,88.89,Completed
ORD_8681,CUST_469,2024-06-04,Fashion,Partnership,45.35,18.08,Completed
ORD_8682,CUST_680,2025-03-09,Subscription Box,Event Walk-in,247.97,149.79,Completed
ORD_8683,CUST_1489,2024-10-31,Premium Box,Google Search,168.36,80.2,Completed
ORD_8684,CUST_1336,2025-03-04,Beauty,Event Walk-in,461.5,306.1,Completed
ORD_8685,CUST_1030,2024-10-01,Beauty,Referral,34.21,20.41,Completed
ORD_8686,CUST_527,2024-03-18,Subscription Box,Google Search,386.78,253.15,Completed
ORD_8687,CUST_1289,2025-01-31,Limited Collection,Partnership,562.15,269.38,Completed
ORD_8688,CUST_130,2024-11-28,Beauty,TikTok,669.41,495.47,Completed
ORD_8689,CUST_1030,2024-09-14,Subscription Box,Referral,324.46,225.3,Completed
ORD_8690,CUST_417,2025-05-31,Premium Box,LinkedIn,521.42,284.75,Completed
ORD_8691,CUST_1434,2024-01-14,Gift Card,Partnership,355.79,126.09,Cancelled
ORD_8692,CUST_656,2024-12-21,Subscription Box,Partnership,209.13,99.98,Completed
ORD_8693,CUST_927,2024-06-15,Beauty,Referral,118.59,64.49,Completed
ORD_8694,CUST_1292,2025-02-20,Subscription Box,Event Walk-in,44.87,20.81,Completed
ORD_8695,CUST_1499,2025-01-18,Limited Collection,TikTok,111.8,51.14,Refunded
ORD_8696,CUST_1352,2024-06-26,Subscription Box,Google Search,621.81,460.66,Completed
ORD_8697,CUST_549,2024-01-09,Gift Card,Referral,73.65,27.93,Completed
ORD_8698,CUST_146,2025-06-17,Subscription Box,Referral,534.17,193.95,Cancelled
ORD_8699,CUST_60,2024-01-17,Gift Card,Instagram,486.39,313.62,Completed
ORD_8700,CUST_64,2024-07-22,Limited Collection,TikTok,77.33,31.16,Completed
ORD_8701,CUST_676,2024-03-22,Premium Box,Instagram,262.47,148.92,Completed
ORD_8702,CUST_850,2024-09-05,Subscription Box,Partnership,562.43,412.59,Completed
ORD_8703,CUST_1369,2024-11-24,Gift Card,Event Walk-in,475.23,311.92,Completed
ORD_8704,CUST_1198,2025-06-06,Premium Box,Google Search,155.98,96.93,Completed
ORD_8705,CUST_1026,2024-01-27,Beauty,TikTok,203.56,104.68,Completed
ORD_8706,CUST_152,2024-07-20,Beauty,Partnership,641.6,467.7,Completed
ORD_8707,CUST_495,2025-05-05,Premium Box,Google Search,400.41,247.62,Refunded
ORD_8708,CUST_935,2024-07-30,Limited Collection,Google Search,613.69,436.21,Cancelled
ORD_8709,CUST_832,2024-05-06,Limited Collection,TikTok,169.18,75.5,Completed
ORD_8710,CUST_380,2025-02-24,Subscription Box,Instagram,600.96,418.09,Completed
ORD_8711,CUST_621,2024-02-08,Premium Box,LinkedIn,145.11,93.17,Completed
ORD_8712,CUST_705,2024-08-06,Gift Card,Event Walk-in,359.51,161.88,Completed
ORD_8713,CUST_185,2024-12-05,Gift Card,Referral,610.02,445.58,Completed
ORD_8714,CUST_854,2025-06-03,Premium Box,Partnership,45.95,31.2,Completed
ORD_8715,CUST_817,2024-08-29,Subscription Box,TikTok,86.03,59.99,Completed
ORD_8716,CUST_835,2024-01-31,Accessories,Google Search,17.14,12.49,Completed
ORD_8717,CUST_1491,2024-09-07,Subscription Box,Google Search,321.57,123.69,Completed
ORD_8718,CUST_1354,2025-04-07,Premium Box,TikTok,98.97,60.16,Completed
ORD_8719,CUST_1030,2024-10-30,Premium Box,Referral,527.55,336.87,Completed
ORD_8720,CUST_358,2024-11-19,Fashion,Event Walk-in,67.99,36.09,Completed
ORD_8721,CUST_1194,2024-08-26,Gift Card,Referral,39.62,27.18,Completed
ORD_8722,CUST_186,2024-12-11,Limited Collection,TikTok,84.11,34.05,Completed
ORD_8723,CUST_979,2025-04-24,Premium Box,Referral,562.28,405.15,Completed
ORD_8724,CUST_325,2024-08-11,Accessories,TikTok,561.12,222.45,Completed
ORD_8725,CUST_190,2024-09-20,Gift Card,Referral,239.85,92.11,Completed
ORD_8726,CUST_839,2024-11-18,Gift Card,Referral,99.64,69.03,Refunded
ORD_8727,CUST_256,2024-09-06,Subscription Box,Referral,221.89,122.0,Completed
ORD_8728,CUST_1200,2024-06-22,Gift Card,LinkedIn,612.69,273.75,Completed
ORD_8729,CUST_584,2024-09-10,Beauty,Partnership,530.26,358.39,Refunded
ORD_8730,CUST_1465,2024-12-01,Subscription Box,Event Walk-in,664.79,338.55,Completed
ORD_8731,CUST_53,2025-06-22,Subscription Box,LinkedIn,501.95,192.1,Completed
ORD_8732,CUST_209,2024-11-07,Beauty,LinkedIn,529.98,324.26,Completed
ORD_8733,CUST_268,2025-06-13,Limited Collection,TikTok,222.09,150.38,Completed
ORD_8734,CUST_1268,2024-11-27,Accessories,Instagram,530.42,326.04,Completed
ORD_8735,CUST_1474,2024-04-01,Gift Card,Event Walk-in,402.23,163.86,Refunded
ORD_8736,CUST_891,2025-04-29,Limited Collection,Referral,608.46,377.7,Completed
ORD_8737,CUST_892,2025-02-07,Premium Box,Google Search,656.63,422.57,Completed
ORD_8738,CUST_971,2024-11-12,Limited Collection,TikTok,632.6,439.56,Completed
ORD_8739,CUST_354,2025-02-20,Subscription Box,Referral,600.86,339.88,Completed
ORD_8740,CUST_1189,2025-01-20,Limited Collection,Google Search,458.23,315.44,Completed
ORD_8741,CUST_896,2025-02-11,Gift Card,TikTok,102.72,68.21,Refunded
ORD_8742,CUST_18,2024-12-31,Gift Card,LinkedIn,212.83,155.54,Completed
ORD_8743,CUST_1477,2024-05-30,Premium Box,Referral,427.43,260.79,Completed
ORD_8744,CUST_292,2024-02-24,Gift Card,Referral,303.48,122.2,Completed
ORD_8745,CUST_343,2025-06-24,Gift Card,Instagram,463.94,172.01,Completed
ORD_8746,CUST_547,2024-02-27,Premium Box,Event Walk-in,70.93,49.3,Cancelled
ORD_8747,CUST_1202,2024-08-19,Subscription Box,Event Walk-in,283.47,196.18,Cancelled
ORD_8748,CUST_1470,2025-05-23,Fashion,Partnership,570.82,301.56,Completed
ORD_8749,CUST_488,2024-11-24,Accessories,Google Search,277.22,130.73,Completed
ORD_8750,CUST_127,2025-02-23,Gift Card,Google Search,449.97,265.31,Completed
ORD_8751,CUST_787,2024-12-08,Accessories,Event Walk-in,132.66,77.38,Completed
ORD_8752,CUST_1015,2024-10-11,Beauty,Instagram,694.18,249.91,Refunded
ORD_8753,CUST_159,2025-03-04,Fashion,Google Search,469.6,178.96,Cancelled
ORD_8754,CUST_1208,2024-11-18,Fashion,Partnership,487.81,310.76,Completed
ORD_8755,CUST_706,2024-05-07,Beauty,TikTok,569.81,330.9,Completed
ORD_8756,CUST_994,2024-06-23,Beauty,Instagram,438.16,264.62,Completed
ORD_8757,CUST_1372,2025-06-11,Fashion,Instagram,237.42,130.06,Completed
ORD_8758,CUST_1109,2024-02-04,Fashion,Google Search,41.29,15.09,Completed
ORD_8759,CUST_1312,2024-04-21,Gift Card,TikTok,47.66,34.08,Completed
ORD_8760,CUST_296,2024-01-26,Accessories,Instagram,116.03,76.51,Completed
ORD_8761,CUST_172,2024-11-05,Gift Card,TikTok,45.41,22.07,Completed
ORD_8762,CUST_492,2024-06-23,Gift Card,Partnership,202.29,105.42,Completed
ORD_8763,CUST_1218,2025-03-05,Accessories,Event Walk-in,367.8,197.51,Cancelled
ORD_8764,CUST_669,2025-05-31,Gift Card,Event Walk-in,100.49,72.29,Completed
ORD_8765,CUST_368,2024-02-05,Gift Card,Partnership,694.81,346.61,Completed
ORD_8766,CUST_286,2024-04-21,Fashion,Google Search,67.25,23.79,Completed
ORD_8767,CUST_1150,2025-02-10,Gift Card,Instagram,145.48,81.47,Completed
ORD_8768,CUST_1068,2024-12-05,Accessories,Event Walk-in,307.52,165.86,Completed
ORD_8769,CUST_1033,2025-05-17,Subscription Box,Referral,430.37,273.52,Completed
ORD_8770,CUST_1050,2024-07-13,Accessories,Partnership,343.32,219.33,Completed
ORD_8771,CUST_1465,2024-12-31,Accessories,Event Walk-in,353.83,259.46,Completed
ORD_8772,CUST_764,2024-06-11,Accessories,Google Search,480.49,211.79,Completed
ORD_8773,CUST_629,2024-05-19,Gift Card,TikTok,134.71,60.24,Completed
ORD_8774,CUST_637,2024-11-19,Limited Collection,TikTok,548.86,271.56,Refunded
ORD_8775,CUST_1046,2024-12-31,Limited Collection,Partnership,327.66,127.54,Completed
ORD_8776,CUST_1320,2024-06-01,Fashion,Referral,215.02,121.49,Completed
ORD_8777,CUST_1055,2024-05-03,Gift Card,Google Search,196.88,73.21,Completed
ORD_8778,CUST_1257,2024-01-23,Fashion,Partnership,677.42,336.37,Cancelled
ORD_8779,CUST_1216,2025-03-14,Limited Collection,Referral,465.35,283.06,Completed
ORD_8780,CUST_437,2025-03-22,Premium Box,LinkedIn,29.67,14.8,Completed
ORD_8781,CUST_1335,2025-05-21,Premium Box,Partnership,19.62,7.99,Completed
ORD_8782,CUST_232,2024-06-30,Fashion,Referral,268.1,155.64,Completed
ORD_8783,CUST_729,2025-04-22,Premium Box,Partnership,690.4,301.21,Completed
ORD_8784,CUST_1383,2025-04-02,Accessories,Google Search,21.49,15.22,Completed
ORD_8785,CUST_481,2025-01-04,Gift Card,Google Search,176.8,110.98,Completed
ORD_8786,CUST_1247,2024-10-31,Gift Card,TikTok,467.08,339.74,Completed
ORD_8787,CUST_33,2024-07-12,Subscription Box,Partnership,384.32,238.07,Completed
ORD_8788,CUST_1107,2025-01-26,Premium Box,LinkedIn,426.56,171.77,Refunded
ORD_8789,CUST_451,2024-04-03,Premium Box,Partnership,512.16,224.66,Completed
ORD_8790,CUST_496,2025-01-01,Beauty,Instagram,20.01,11.87,Completed
ORD_8791,CUST_1054,2024-05-18,Limited Collection,TikTok,175.68,88.25,Completed
ORD_8792,CUST_1249,2025-02-11,Beauty,Instagram,605.3,243.39,Refunded
ORD_8793,CUST_478,2024-03-24,Limited Collection,Instagram,569.16,351.58,Completed
ORD_8794,CUST_790,2024-07-24,Gift Card,Google Search,59.76,43.97,Completed
ORD_8795,CUST_1028,2025-04-23,Accessories,Google Search,593.3,397.23,Completed
ORD_8796,CUST_1053,2024-09-12,Gift Card,LinkedIn,221.81,163.42,Completed
ORD_8797,CUST_1145,2024-05-14,Premium Box,Partnership,226.3,117.47,Completed
ORD_8798,CUST_315,2024-04-11,Beauty,TikTok,414.65,239.25,Completed
ORD_8799,CUST_815,2024-11-30,Limited Collection,TikTok,252.9,146.89,Completed
ORD_8800,CUST_327,2024-05-26,Subscription Box,LinkedIn,250.96,98.09,Completed
ORD_8801,CUST_1436,2024-03-15,Beauty,Event Walk-in,85.02,44.8,Refunded
ORD_8802,CUST_411,2024-09-14,Premium Box,TikTok,51.91,37.72,Completed
ORD_8803,CUST_313,2024-12-10,Accessories,LinkedIn,501.2,252.01,Completed
ORD_8804,CUST_234,2024-02-23,Premium Box,Instagram,555.48,382.53,Completed
ORD_8805,CUST_781,2024-12-19,Beauty,Event Walk-in,185.58,114.82,Completed
ORD_8806,CUST_331,2024-10-07,Fashion,Instagram,185.55,70.08,Completed
ORD_8807,CUST_1417,2024-08-11,Premium Box,Partnership,212.84,111.04,Completed
ORD_8808,CUST_131,2025-02-20,Gift Card,Event Walk-in,303.0,225.41,Completed
ORD_8809,CUST_1164,2024-11-27,Fashion,TikTok,251.73,112.3,Completed
ORD_8810,CUST_372,2025-02-12,Premium Box,TikTok,156.41,71.34,Completed
ORD_8811,CUST_656,2024-01-07,Premium Box,Partnership,221.42,100.52,Cancelled
ORD_8812,CUST_625,2024-09-29,Premium Box,Partnership,653.74,244.07,Completed
ORD_8813,CUST_1413,2024-12-14,Accessories,Event Walk-in,133.24,74.9,Completed
ORD_8814,CUST_1069,2024-08-17,Premium Box,Referral,194.9,82.49,Completed
ORD_8815,CUST_23,2024-05-07,Gift Card,Instagram,279.27,192.57,Completed
ORD_8816,CUST_73,2024-11-26,Accessories,Partnership,119.63,54.35,Completed
ORD_8817,CUST_389,2024-02-14,Accessories,Google Search,372.88,198.75,Refunded
ORD_8818,CUST_262,2025-06-04,Subscription Box,Event Walk-in,226.1,79.42,Completed
ORD_8819,CUST_487,2024-03-05,Beauty,Instagram,421.79,241.96,Completed
ORD_8820,CUST_258,2024-06-29,Limited Collection,LinkedIn,532.75,241.13,Completed
ORD_8821,CUST_753,2024-08-30,Accessories,Partnership,121.77,88.75,Completed
ORD_8822,CUST_1104,2025-06-15,Accessories,Referral,427.95,297.33,Completed
ORD_8823,CUST_1352,2024-06-04,Limited Collection,Google Search,514.36,323.96,Completed
ORD_8824,CUST_857,2024-08-05,Subscription Box,Instagram,173.43,116.17,Completed
ORD_8825,CUST_1489,2024-03-03,Limited Collection,Google Search,295.4,127.01,Completed
ORD_8826,CUST_395,2025-04-27,Fashion,TikTok,426.07,233.12,Completed
ORD_8827,CUST_1126,2025-03-25,Subscription Box,TikTok,309.16,197.65,Completed
ORD_8828,CUST_235,2024-04-08,Premium Box,TikTok,291.18,197.41,Completed
ORD_8829,CUST_1463,2025-05-14,Accessories,Partnership,61.07,35.38,Completed
ORD_8830,CUST_1497,2025-06-22,Limited Collection,LinkedIn,274.47,170.7,Completed
ORD_8831,CUST_787,2024-05-01,Gift Card,Event Walk-in,276.78,194.98,Refunded
ORD_8832,CUST_55,2024-12-10,Subscription Box,Referral,179.65,63.25,Completed
ORD_8833,CUST_467,2025-03-18,Fashion,TikTok,605.08,277.79,Completed
ORD_8834,CUST_588,2024-01-13,Accessories,Event Walk-in,645.44,387.7,Completed
ORD_8835,CUST_168,2024-07-27,Accessories,Event Walk-in,87.86,34.88,Completed
ORD_8836,CUST_100,2024-08-21,Subscription Box,TikTok,567.23,272.0,Completed
ORD_8837,CUST_205,2024-04-18,Fashion,Google Search,589.54,377.56,Completed
ORD_8838,CUST_67,2025-04-27,Fashion,Google Search,76.33,41.47,Completed
ORD_8839,CUST_1464,2025-04-02,Gift Card,Event Walk-in,310.82,191.6,Completed
ORD_8840,CUST_892,2024-09-09,Gift Card,Google Search,67.41,27.42,Completed
ORD_8841,CUST_62,2025-01-10,Beauty,TikTok,487.62,217.71,Completed
ORD_8842,CUST_339,2025-04-14,Gift Card,Partnership,568.64,369.52,Completed
ORD_8843,CUST_951,2024-03-30,Accessories,Event Walk-in,27.49,14.48,Completed
ORD_8844,CUST_1247,2024-10-09,Subscription Box,TikTok,304.01,183.02,Completed
ORD_8845,CUST_1362,2024-03-28,Beauty,Google Search,80.39,30.3,Completed
ORD_8846,CUST_1294,2024-09-08,Beauty,TikTok,461.95,319.09,Cancelled
ORD_8847,CUST_30,2024-10-30,Beauty,Google Search,365.33,143.92,Completed
ORD_8848,CUST_1098,2025-06-22,Fashion,Partnership,190.09,140.4,Completed
ORD_8849,CUST_127,2024-02-26,Limited Collection,Google Search,488.75,349.1,Cancelled
ORD_8850,CUST_1111,2024-12-26,Subscription Box,LinkedIn,106.68,50.47,Completed
ORD_8851,CUST_107,2024-10-31,Fashion,LinkedIn,217.49,124.15,Refunded
ORD_8852,CUST_482,2024-06-27,Gift Card,Referral,497.07,367.11,Completed
ORD_8853,CUST_548,2024-01-26,Beauty,TikTok,695.1,396.12,Cancelled
ORD_8854,CUST_907,2025-03-09,Gift Card,TikTok,643.81,251.11,Refunded
ORD_8855,CUST_1209,2025-03-25,Accessories,TikTok,217.55,85.3,Completed
ORD_8856,CUST_309,2025-06-09,Premium Box,TikTok,321.24,201.87,Completed
ORD_8857,CUST_252,2025-06-18,Limited Collection,Referral,545.17,388.71,Completed
ORD_8858,CUST_420,2024-09-20,Beauty,LinkedIn,320.95,215.37,Completed
ORD_8859,CUST_990,2025-01-27,Beauty,Event Walk-in,240.81,173.71,Refunded
ORD_8860,CUST_705,2024-10-28,Limited Collection,Event Walk-in,222.27,94.18,Completed
ORD_8861,CUST_433,2025-05-29,Beauty,Instagram,328.11,165.32,Refunded
ORD_8862,CUST_1134,2024-02-01,Subscription Box,TikTok,601.09,266.21,Completed
ORD_8863,CUST_758,2024-05-26,Accessories,LinkedIn,562.62,334.98,Cancelled
ORD_8864,CUST_353,2025-03-15,Accessories,LinkedIn,670.93,455.01,Completed
ORD_8865,CUST_848,2024-06-01,Beauty,Instagram,157.24,105.42,Completed
ORD_8866,CUST_1029,2024-07-12,Subscription Box,Partnership,110.03,44.71,Completed
ORD_8867,CUST_84,2025-06-20,Fashion,Referral,325.87,122.9,Completed
ORD_8868,CUST_1030,2024-06-27,Accessories,Referral,609.53,448.3,Completed
ORD_8869,CUST_987,2025-04-22,Subscription Box,Event Walk-in,227.47,81.83,Completed
ORD_8870,CUST_199,2024-03-05,Limited Collection,Instagram,533.64,379.94,Completed
ORD_8871,CUST_1155,2024-10-31,Premium Box,Instagram,565.62,285.46,Completed
ORD_8872,CUST_216,2024-07-13,Limited Collection,Google Search,502.34,286.83,Completed
ORD_8873,CUST_853,2024-10-22,Accessories,TikTok,387.2,210.28,Completed
ORD_8874,CUST_680,2025-01-10,Gift Card,Event Walk-in,208.32,90.69,Completed
ORD_8875,CUST_368,2024-03-12,Subscription Box,Partnership,348.23,255.89,Completed
ORD_8876,CUST_598,2024-07-31,Limited Collection,Partnership,389.72,188.77,Cancelled
ORD_8877,CUST_164,2024-12-19,Fashion,TikTok,368.62,202.89,Completed
ORD_8878,CUST_1334,2024-09-09,Accessories,Partnership,629.09,406.01,Completed
ORD_8879,CUST_1018,2025-04-17,Premium Box,Event Walk-in,33.45,19.93,Completed
ORD_8880,CUST_1469,2024-10-10,Limited Collection,Partnership,603.31,386.73,Completed
ORD_8881,CUST_944,2024-11-26,Accessories,Partnership,101.07,52.81,Completed
ORD_8882,CUST_391,2025-04-14,Premium Box,Instagram,602.87,213.44,Completed
ORD_8883,CUST_447,2025-03-11,Limited Collection,Event Walk-in,425.2,213.27,Completed
ORD_8884,CUST_813,2024-10-17,Subscription Box,Instagram,232.02,82.23,Completed
ORD_8885,CUST_683,2025-02-03,Premium Box,LinkedIn,150.69,78.65,Completed
ORD_8886,CUST_569,2024-01-18,Gift Card,Partnership,83.96,62.21,Completed
ORD_8887,CUST_570,2025-05-03,Premium Box,Referral,160.02,75.84,Completed
ORD_8888,CUST_1174,2025-05-04,Subscription Box,LinkedIn,577.49,319.27,Completed
ORD_8889,CUST_415,2024-05-21,Subscription Box,Google Search,354.99,183.63,Completed
ORD_8890,CUST_760,2024-03-26,Premium Box,LinkedIn,433.87,164.12,Completed
ORD_8891,CUST_593,2024-07-08,Accessories,LinkedIn,570.88,405.59,Completed
ORD_8892,CUST_918,2024-10-26,Accessories,TikTok,99.73,68.86,Completed
ORD_8893,CUST_162,2025-06-04,Accessories,Event Walk-in,194.78,113.51,Completed
ORD_8894,CUST_536,2024-07-04,Limited Collection,Event Walk-in,183.58,81.31,Completed
ORD_8895,CUST_947,2024-01-16,Limited Collection,TikTok,397.28,292.46,Completed
ORD_8896,CUST_360,2024-04-21,Fashion,Partnership,428.47,181.85,Completed
ORD_8897,CUST_1154,2024-09-08,Subscription Box,Referral,58.39,30.11,Cancelled
ORD_8898,CUST_1246,2024-02-10,Fashion,Instagram,335.12,208.09,Completed
ORD_8899,CUST_163,2024-04-14,Limited Collection,TikTok,97.65,56.22,Completed
ORD_8900,CUST_25,2025-04-03,Gift Card,Google Search,406.53,167.29,Completed
ORD_8901,CUST_3,2024-10-05,Limited Collection,TikTok,339.57,244.21,Completed
ORD_8902,CUST_1166,2024-09-10,Accessories,Google Search,245.19,122.2,Completed
ORD_8903,CUST_1125,2024-08-05,Limited Collection,LinkedIn,246.59,108.6,Completed
ORD_8904,CUST_1314,2024-01-01,Premium Box,Event Walk-in,241.12,154.88,Completed
ORD_8905,CUST_499,2024-03-08,Limited Collection,TikTok,517.54,217.18,Refunded
ORD_8906,CUST_990,2025-04-17,Beauty,Event Walk-in,344.44,206.55,Completed
ORD_8907,CUST_714,2025-05-12,Fashion,Instagram,313.56,222.53,Completed
ORD_8908,CUST_1247,2024-11-17,Fashion,TikTok,328.83,125.06,Completed
ORD_8909,CUST_1027,2025-05-30,Gift Card,Google Search,290.13,154.35,Completed
ORD_8910,CUST_227,2024-02-14,Beauty,TikTok,200.42,86.09,Completed
ORD_8911,CUST_101,2025-02-13,Gift Card,TikTok,109.94,42.42,Completed
ORD_8912,CUST_266,2024-10-18,Gift Card,Partnership,252.81,88.97,Completed
ORD_8913,CUST_644,2024-07-31,Limited Collection,Referral,403.84,241.38,Completed
ORD_8914,CUST_1092,2025-04-27,Accessories,LinkedIn,305.63,213.18,Completed
ORD_8915,CUST_869,2024-11-28,Premium Box,Instagram,18.48,13.26,Completed
ORD_8916,CUST_231,2025-06-06,Beauty,LinkedIn,91.71,57.81,Completed
ORD_8917,CUST_264,2024-05-14,Fashion,TikTok,101.62,74.88,Completed
ORD_8918,CUST_276,2024-07-28,Limited Collection,Event Walk-in,526.19,340.78,Completed
ORD_8919,CUST_672,2024-07-20,Beauty,LinkedIn,206.86,146.75,Completed
ORD_8920,CUST_685,2024-08-09,Gift Card,Google Search,493.88,249.02,Refunded
ORD_8921,CUST_1385,2024-03-11,Subscription Box,Referral,521.23,253.48,Completed
ORD_8922,CUST_736,2025-01-28,Gift Card,Google Search,93.84,35.49,Completed
ORD_8923,CUST_892,2024-06-15,Beauty,Google Search,423.22,251.15,Completed
ORD_8924,CUST_995,2024-06-26,Beauty,TikTok,551.06,249.71,Completed
ORD_8925,CUST_829,2024-04-12,Fashion,TikTok,44.34,19.38,Completed
ORD_8926,CUST_1224,2024-10-21,Beauty,LinkedIn,150.37,57.41,Completed
ORD_8927,CUST_173,2024-10-16,Premium Box,TikTok,581.36,307.77,Completed
ORD_8928,CUST_959,2025-02-01,Beauty,LinkedIn,649.67,228.1,Completed
ORD_8929,CUST_219,2024-06-02,Beauty,Event Walk-in,343.57,183.43,Completed
ORD_8930,CUST_1181,2024-08-02,Fashion,TikTok,602.57,382.88,Refunded
ORD_8931,CUST_770,2024-09-20,Accessories,Referral,70.71,27.65,Refunded
ORD_8932,CUST_1368,2025-02-03,Limited Collection,Google Search,643.84,350.65,Completed
ORD_8933,CUST_1064,2025-06-10,Limited Collection,Instagram,449.46,226.4,Completed
ORD_8934,CUST_1163,2025-02-05,Beauty,Event Walk-in,497.97,359.62,Refunded
ORD_8935,CUST_384,2025-05-15,Fashion,Event Walk-in,585.67,291.08,Completed
ORD_8936,CUST_1027,2025-03-16,Limited Collection,Google Search,566.37,414.59,Completed
ORD_8937,CUST_335,2024-02-29,Fashion,Event Walk-in,591.94,338.0,Refunded
ORD_8938,CUST_375,2025-04-28,Premium Box,LinkedIn,230.55,170.67,Completed
ORD_8939,CUST_295,2025-03-18,Limited Collection,Instagram,122.1,72.95,Completed
ORD_8940,CUST_293,2024-09-23,Fashion,Referral,306.05,176.63,Completed
ORD_8941,CUST_346,2024-01-28,Fashion,Referral,576.54,348.01,Completed
ORD_8942,CUST_1228,2025-01-13,Premium Box,Event Walk-in,191.46,68.49,Completed
ORD_8943,CUST_704,2024-03-26,Accessories,TikTok,265.51,172.8,Completed
ORD_8944,CUST_581,2025-04-27,Premium Box,LinkedIn,479.55,347.1,Completed
ORD_8945,CUST_1053,2024-09-15,Subscription Box,LinkedIn,68.54,27.02,Completed
ORD_8946,CUST_1333,2024-01-24,Accessories,Google Search,528.34,314.58,Completed
ORD_8947,CUST_1028,2024-12-04,Gift Card,Google Search,211.72,86.25,Completed
ORD_8948,CUST_1025,2024-03-28,Beauty,Partnership,568.83,310.79,Completed
ORD_8949,CUST_1359,2025-06-03,Beauty,LinkedIn,535.59,299.16,Completed
ORD_8950,CUST_780,2025-05-17,Gift Card,LinkedIn,499.22,186.56,Completed
ORD_8951,CUST_583,2024-06-01,Subscription Box,Instagram,335.28,209.0,Completed
ORD_8952,CUST_461,2024-04-14,Fashion,Partnership,41.59,21.81,Completed
ORD_8953,CUST_773,2024-02-13,Premium Box,Instagram,639.01,223.84,Completed
ORD_8954,CUST_589,2025-01-15,Gift Card,Referral,557.8,302.8,Completed
ORD_8955,CUST_460,2024-11-27,Limited Collection,Google Search,688.32,394.28,Completed
ORD_8956,CUST_1422,2024-03-28,Gift Card,Instagram,431.11,160.79,Completed
ORD_8957,CUST_55,2025-06-10,Limited Collection,Referral,219.86,110.86,Completed
ORD_8958,CUST_482,2024-06-01,Fashion,Referral,370.38,269.29,Completed
ORD_8959,CUST_1440,2025-04-18,Premium Box,Partnership,475.4,179.19,Cancelled
ORD_8960,CUST_264,2025-03-15,Subscription Box,TikTok,371.78,135.03,Completed
ORD_8961,CUST_1348,2024-08-20,Limited Collection,LinkedIn,156.1,74.76,Refunded
ORD_8962,CUST_1252,2024-09-24,Premium Box,TikTok,559.23,306.01,Cancelled
ORD_8963,CUST_198,2025-06-21,Premium Box,Instagram,164.54,106.63,Completed
ORD_8964,CUST_1245,2024-10-08,Premium Box,Google Search,146.67,65.7,Completed
ORD_8965,CUST_44,2025-02-09,Fashion,LinkedIn,649.87,413.66,Completed
ORD_8966,CUST_1200,2024-02-23,Fashion,LinkedIn,251.29,136.11,Completed
ORD_8967,CUST_498,2024-01-23,Accessories,Google Search,21.86,9.79,Completed
ORD_8968,CUST_872,2024-11-30,Fashion,Google Search,647.8,377.46,Refunded
ORD_8969,CUST_929,2024-01-14,Gift Card,Referral,22.22,15.42,Completed
ORD_8970,CUST_819,2025-02-19,Fashion,TikTok,354.4,185.31,Cancelled
ORD_8971,CUST_1185,2024-04-08,Gift Card,Referral,357.82,172.52,Cancelled
ORD_8972,CUST_1409,2024-09-18,Fashion,Instagram,355.51,177.71,Completed
ORD_8973,CUST_762,2025-03-17,Premium Box,Partnership,396.13,150.23,Completed
ORD_8974,CUST_1264,2024-11-04,Gift Card,Partnership,372.51,176.11,Completed
ORD_8975,CUST_34,2024-02-04,Limited Collection,Instagram,626.21,236.76,Completed
ORD_8976,CUST_703,2024-07-14,Premium Box,Instagram,148.52,65.22,Refunded
ORD_8977,CUST_736,2025-02-23,Subscription Box,Google Search,397.71,215.45,Completed
ORD_8978,CUST_800,2024-06-04,Beauty,Google Search,448.98,283.15,Completed
ORD_8979,CUST_1493,2024-12-21,Fashion,Referral,613.68,444.7,Completed
ORD_8980,CUST_1274,2024-09-23,Premium Box,Referral,554.97,234.04,Completed
ORD_8981,CUST_1111,2024-04-05,Limited Collection,LinkedIn,80.73,52.13,Completed
ORD_8982,CUST_1258,2024-09-05,Gift Card,Instagram,241.46,152.27,Completed
ORD_8983,CUST_1225,2024-08-09,Gift Card,Event Walk-in,512.8,241.28,Completed
ORD_8984,CUST_1482,2024-08-23,Fashion,Instagram,300.21,158.47,Completed
ORD_8985,CUST_1020,2025-06-03,Subscription Box,TikTok,400.2,198.84,Completed
ORD_8986,CUST_485,2025-03-29,Fashion,TikTok,241.24,144.62,Completed
ORD_8987,CUST_261,2024-05-11,Accessories,Partnership,23.29,12.49,Completed
ORD_8988,CUST_1287,2024-05-02,Fashion,Google Search,553.67,221.68,Completed
ORD_8989,CUST_747,2024-09-15,Accessories,Referral,549.0,281.47,Refunded
ORD_8990,CUST_1099,2024-01-26,Subscription Box,Google Search,38.21,22.39,Completed
ORD_8991,CUST_1194,2024-07-01,Limited Collection,Referral,50.99,37.44,Completed
ORD_8992,CUST_142,2024-11-22,Subscription Box,Partnership,571.3,386.87,Completed
ORD_8993,CUST_572,2025-03-28,Beauty,Google Search,266.68,187.71,Refunded
ORD_8994,CUST_1433,2024-04-25,Gift Card,Google Search,415.49,306.92,Completed
ORD_8995,CUST_670,2024-02-18,Fashion,Instagram,90.43,61.02,Completed
ORD_8996,CUST_1095,2025-01-29,Fashion,Partnership,367.94,227.95,Refunded
ORD_8997,CUST_874,2024-07-05,Premium Box,Referral,72.53,52.08,Completed
ORD_8998,CUST_185,2024-05-15,Premium Box,Referral,41.63,28.98,Completed
ORD_8999,CUST_17,2024-10-10,Fashion,Referral,604.65,217.0,Refunded
ORD_9000,CUST_51,2025-06-09,Gift Card,Instagram,328.34,203.67,Completed
ORD_9001,CUST_815,2024-03-25,Fashion,TikTok,151.82,111.84,Completed
ORD_9002,CUST_705,2024-07-25,Accessories,Event Walk-in,520.26,222.34,Completed
ORD_9003,CUST_166,2024-02-29,Fashion,Referral,387.51,143.89,Completed
ORD_9004,CUST_197,2024-11-15,Gift Card,Partnership,521.2,335.29,Completed
ORD_9005,CUST_1460,2024-07-12,Fashion,Event Walk-in,627.78,392.62,Completed
ORD_9006,CUST_688,2024-11-13,Gift Card,Referral,489.2,296.05,Completed
ORD_9007,CUST_890,2024-04-05,Premium Box,Event Walk-in,634.88,423.29,Completed
ORD_9008,CUST_1257,2025-05-28,Fashion,Partnership,267.92,109.71,Completed
ORD_9009,CUST_37,2025-05-03,Subscription Box,Partnership,533.31,224.52,Cancelled
ORD_9010,CUST_1323,2024-04-02,Beauty,LinkedIn,195.49,145.15,Completed
ORD_9011,CUST_1216,2025-03-30,Gift Card,Referral,657.24,336.52,Cancelled
ORD_9012,CUST_880,2024-12-15,Beauty,LinkedIn,57.5,20.69,Completed
ORD_9013,CUST_378,2025-03-29,Limited Collection,Referral,323.33,156.85,Completed
ORD_9014,CUST_1495,2024-03-01,Premium Box,Partnership,437.66,182.94,Refunded
ORD_9015,CUST_949,2025-01-26,Gift Card,TikTok,281.76,130.56,Completed
ORD_9016,CUST_1460,2024-09-24,Limited Collection,Event Walk-in,407.7,194.02,Completed
ORD_9017,CUST_1002,2024-07-09,Limited Collection,LinkedIn,681.28,458.33,Completed
ORD_9018,CUST_1088,2024-08-10,Fashion,Partnership,551.38,298.73,Completed
ORD_9019,CUST_1007,2024-12-01,Gift Card,TikTok,292.47,152.5,Completed
ORD_9020,CUST_582,2024-06-21,Accessories,LinkedIn,222.86,129.0,Completed
ORD_9021,CUST_441,2024-10-25,Subscription Box,Event Walk-in,668.81,468.62,Completed
ORD_9022,CUST_45,2024-07-07,Fashion,Google Search,34.72,18.06,Refunded
ORD_9023,CUST_135,2024-04-30,Beauty,TikTok,91.55,49.64,Completed
ORD_9024,CUST_1067,2024-07-06,Limited Collection,Event Walk-in,473.7,305.87,Completed
ORD_9025,CUST_1339,2024-06-21,Limited Collection,Partnership,408.77,164.3,Completed
ORD_9026,CUST_204,2024-12-24,Accessories,Instagram,614.08,384.16,Refunded
ORD_9027,CUST_9,2025-04-24,Fashion,Partnership,441.28,270.15,Completed
ORD_9028,CUST_593,2024-11-23,Accessories,LinkedIn,299.64,190.91,Refunded
ORD_9029,CUST_1035,2024-08-02,Beauty,Partnership,59.99,29.18,Completed
ORD_9030,CUST_1144,2024-11-24,Limited Collection,LinkedIn,85.17,61.39,Completed
ORD_9031,CUST_1167,2024-10-27,Beauty,TikTok,389.81,194.82,Completed
ORD_9032,CUST_252,2024-10-09,Accessories,Referral,634.32,403.54,Completed
ORD_9033,CUST_751,2024-07-06,Beauty,Event Walk-in,400.25,160.5,Completed
ORD_9034,CUST_269,2025-04-22,Limited Collection,Referral,478.79,269.8,Cancelled
ORD_9035,CUST_307,2024-04-22,Subscription Box,Event Walk-in,678.48,394.49,Completed
ORD_9036,CUST_534,2024-01-31,Subscription Box,Google Search,539.75,309.76,Completed
ORD_9037,CUST_230,2024-10-03,Gift Card,Instagram,454.18,339.19,Completed
ORD_9038,CUST_52,2024-03-25,Premium Box,Instagram,138.1,77.2,Completed
ORD_9039,CUST_1411,2025-04-17,Beauty,LinkedIn,482.24,176.38,Completed
ORD_9040,CUST_1146,2024-08-07,Premium Box,LinkedIn,644.11,452.95,Completed
ORD_9041,CUST_139,2025-01-16,Fashion,Partnership,169.62,79.02,Completed
ORD_9042,CUST_265,2024-02-14,Premium Box,Event Walk-in,121.42,78.77,Completed
ORD_9043,CUST_1269,2025-01-17,Fashion,Event Walk-in,181.68,79.17,Completed
ORD_9044,CUST_1034,2024-08-11,Accessories,Google Search,595.42,428.57,Completed
ORD_9045,CUST_17,2025-01-05,Premium Box,Referral,174.28,127.56,Completed
ORD_9046,CUST_159,2024-10-19,Fashion,Google Search,366.7,220.31,Completed
ORD_9047,CUST_915,2024-01-07,Limited Collection,Event Walk-in,407.91,158.69,Completed
ORD_9048,CUST_130,2024-04-07,Premium Box,TikTok,633.83,392.82,Completed
ORD_9049,CUST_898,2024-11-22,Premium Box,Google Search,395.67,232.66,Completed
ORD_9050,CUST_672,2025-05-15,Limited Collection,LinkedIn,124.37,54.71,Completed
ORD_9051,CUST_1146,2024-05-03,Limited Collection,LinkedIn,222.1,144.21,Completed
ORD_9052,CUST_858,2024-04-09,Gift Card,Instagram,477.85,188.54,Completed
ORD_9053,CUST_134,2024-08-20,Subscription Box,Google Search,336.59,206.93,Refunded
ORD_9054,CUST_36,2024-01-06,Premium Box,Event Walk-in,329.8,204.33,Completed
ORD_9055,CUST_109,2024-02-06,Limited Collection,Instagram,431.71,234.77,Completed
ORD_9056,CUST_182,2024-04-08,Beauty,LinkedIn,417.79,287.86,Refunded
ORD_9057,CUST_444,2024-06-17,Premium Box,Referral,228.44,89.62,Completed
ORD_9058,CUST_907,2024-08-21,Subscription Box,TikTok,305.72,225.22,Refunded
ORD_9059,CUST_156,2024-04-22,Limited Collection,Referral,642.59,475.75,Completed
ORD_9060,CUST_1066,2025-01-09,Premium Box,Partnership,444.07,321.68,Completed
ORD_9061,CUST_20,2025-03-29,Premium Box,LinkedIn,288.44,183.06,Refunded
ORD_9062,CUST_1059,2024-05-14,Beauty,Referral,232.08,101.64,Completed
ORD_9063,CUST_407,2025-05-28,Accessories,Instagram,51.43,25.28,Completed
ORD_9064,CUST_438,2024-01-31,Gift Card,Instagram,358.55,192.0,Completed
ORD_9065,CUST_638,2024-11-10,Premium Box,LinkedIn,23.51,14.48,Completed
ORD_9066,CUST_263,2024-06-09,Beauty,Instagram,320.06,148.66,Completed
ORD_9067,CUST_644,2024-01-10,Subscription Box,Referral,396.58,250.54,Completed
ORD_9068,CUST_1335,2024-08-01,Gift Card,Partnership,589.02,222.65,Completed
ORD_9069,CUST_221,2024-01-21,Fashion,Event Walk-in,400.46,230.54,Completed
ORD_9070,CUST_1016,2024-06-20,Limited Collection,TikTok,475.3,213.29,Completed
ORD_9071,CUST_1204,2024-02-21,Subscription Box,Referral,519.54,192.2,Completed
ORD_9072,CUST_1197,2024-04-29,Gift Card,Google Search,186.3,71.76,Completed
ORD_9073,CUST_149,2024-09-29,Limited Collection,Partnership,168.71,107.93,Completed
ORD_9074,CUST_101,2024-04-18,Gift Card,TikTok,518.53,242.27,Cancelled
ORD_9075,CUST_61,2025-06-02,Beauty,Instagram,338.07,194.59,Completed
ORD_9076,CUST_144,2024-06-19,Subscription Box,Google Search,348.26,216.8,Completed
ORD_9077,CUST_686,2025-01-14,Fashion,Instagram,552.83,349.57,Completed
ORD_9078,CUST_872,2024-01-01,Gift Card,Google Search,88.81,43.06,Completed
ORD_9079,CUST_1457,2024-12-17,Fashion,TikTok,264.18,194.92,Completed
ORD_9080,CUST_658,2025-01-16,Limited Collection,Instagram,613.36,240.46,Completed
ORD_9081,CUST_251,2024-08-19,Accessories,Google Search,548.92,301.11,Completed
ORD_9082,CUST_193,2024-04-06,Gift Card,Google Search,217.82,145.27,Completed
ORD_9083,CUST_369,2024-02-29,Fashion,TikTok,584.6,362.05,Completed
ORD_9084,CUST_1415,2024-04-10,Accessories,Instagram,20.41,12.02,Completed
ORD_9085,CUST_103,2024-05-12,Gift Card,Partnership,48.1,17.03,Refunded
ORD_9086,CUST_744,2025-02-05,Fashion,TikTok,257.09,142.86,Completed
ORD_9087,CUST_1365,2024-06-08,Subscription Box,Partnership,486.02,196.61,Completed
ORD_9088,CUST_1125,2024-11-10,Accessories,LinkedIn,605.1,273.41,Completed
ORD_9089,CUST_631,2024-01-17,Premium Box,TikTok,138.77,59.73,Completed
ORD_9090,CUST_925,2024-12-06,Beauty,Google Search,166.44,117.18,Completed
ORD_9091,CUST_1099,2024-09-27,Gift Card,Google Search,312.18,109.85,Completed
ORD_9092,CUST_155,2025-03-29,Premium Box,Instagram,120.02,43.73,Refunded
ORD_9093,CUST_956,2024-05-03,Premium Box,Instagram,194.87,87.98,Completed
ORD_9094,CUST_1363,2025-04-04,Premium Box,Google Search,478.89,340.49,Completed
ORD_9095,CUST_783,2024-03-25,Gift Card,LinkedIn,287.01,169.92,Completed
ORD_9096,CUST_33,2025-04-20,Fashion,Partnership,321.73,142.53,Completed
ORD_9097,CUST_840,2024-03-15,Accessories,Google Search,319.49,223.98,Completed
ORD_9098,CUST_1138,2024-12-22,Fashion,TikTok,429.99,297.81,Completed
ORD_9099,CUST_214,2025-03-03,Beauty,Partnership,456.02,169.5,Completed
ORD_9100,CUST_1332,2024-12-10,Accessories,Referral,574.82,414.72,Completed
ORD_9101,CUST_885,2025-03-19,Premium Box,Referral,644.14,386.36,Completed
ORD_9102,CUST_1355,2024-12-06,Beauty,LinkedIn,346.05,205.59,Completed
ORD_9103,CUST_768,2024-11-07,Accessories,TikTok,692.82,424.91,Completed
ORD_9104,CUST_694,2024-12-19,Gift Card,Instagram,679.98,242.09,Completed
ORD_9105,CUST_698,2024-03-05,Limited Collection,TikTok,270.3,187.32,Refunded
ORD_9106,CUST_1246,2025-02-17,Beauty,Instagram,410.35,299.37,Completed
ORD_9107,CUST_959,2024-11-03,Subscription Box,LinkedIn,614.96,346.73,Completed
ORD_9108,CUST_866,2024-07-22,Accessories,Event Walk-in,523.54,272.08,Completed
ORD_9109,CUST_148,2024-12-27,Fashion,Partnership,294.88,209.4,Refunded
ORD_9110,CUST_963,2024-05-10,Premium Box,Partnership,699.9,320.76,Completed
ORD_9111,CUST_716,2025-06-08,Gift Card,Instagram,405.6,190.58,Completed
ORD_9112,CUST_1219,2025-01-27,Beauty,TikTok,428.53,208.32,Completed
ORD_9113,CUST_1475,2025-06-26,Accessories,TikTok,290.3,208.13,Completed
ORD_9114,CUST_1423,2024-01-26,Accessories,LinkedIn,487.66,227.81,Completed
ORD_9115,CUST_266,2025-02-27,Fashion,Partnership,408.48,199.45,Completed
ORD_9116,CUST_390,2024-07-17,Beauty,Partnership,155.09,81.77,Refunded
ORD_9117,CUST_12,2024-03-06,Limited Collection,Partnership,470.45,304.92,Completed
ORD_9118,CUST_860,2024-10-05,Premium Box,TikTok,412.09,177.9,Completed
ORD_9119,CUST_1060,2025-02-07,Beauty,TikTok,642.62,392.18,Cancelled
ORD_9120,CUST_1046,2025-06-27,Beauty,Partnership,632.36,358.13,Completed
ORD_9121,CUST_539,2024-02-17,Beauty,LinkedIn,453.65,278.59,Completed
ORD_9122,CUST_1086,2025-03-30,Gift Card,Partnership,223.24,154.15,Completed
ORD_9123,CUST_173,2025-03-25,Gift Card,TikTok,310.76,174.94,Completed
ORD_9124,CUST_657,2024-04-05,Beauty,Instagram,160.11,91.98,Completed
ORD_9125,CUST_670,2024-04-29,Fashion,Instagram,676.57,448.96,Completed
ORD_9126,CUST_179,2024-02-10,Limited Collection,LinkedIn,591.73,253.79,Completed
ORD_9127,CUST_579,2024-11-14,Fashion,Partnership,389.61,205.32,Completed
ORD_9128,CUST_672,2025-06-29,Limited Collection,LinkedIn,111.57,56.67,Completed
ORD_9129,CUST_42,2025-03-05,Accessories,Google Search,274.14,116.06,Completed
ORD_9130,CUST_663,2024-01-19,Fashion,LinkedIn,694.5,246.81,Completed
ORD_9131,CUST_1240,2024-09-12,Fashion,Instagram,335.82,153.11,Completed
ORD_9132,CUST_990,2025-06-28,Accessories,Event Walk-in,652.43,351.84,Completed
ORD_9133,CUST_1156,2024-06-11,Accessories,Google Search,561.29,293.46,Completed
ORD_9134,CUST_377,2024-05-24,Beauty,Referral,643.97,461.98,Completed
ORD_9135,CUST_223,2025-01-21,Accessories,Referral,603.74,211.57,Completed
ORD_9136,CUST_1408,2024-02-24,Premium Box,Google Search,699.79,367.01,Completed
ORD_9137,CUST_568,2025-06-19,Premium Box,LinkedIn,113.47,47.81,Completed
ORD_9138,CUST_485,2024-12-28,Subscription Box,TikTok,311.05,160.12,Completed
ORD_9139,CUST_12,2024-08-25,Premium Box,Partnership,120.58,55.81,Completed
ORD_9140,CUST_716,2024-04-05,Fashion,Instagram,691.41,247.02,Completed
ORD_9141,CUST_335,2025-02-01,Limited Collection,Event Walk-in,598.72,385.6,Completed
ORD_9142,CUST_267,2025-03-24,Beauty,LinkedIn,98.16,47.64,Refunded
ORD_9143,CUST_1338,2024-09-05,Beauty,Google Search,137.86,49.47,Completed
ORD_9144,CUST_28,2025-01-14,Accessories,TikTok,306.14,143.78,Completed
ORD_9145,CUST_1448,2025-05-19,Subscription Box,Instagram,291.78,191.54,Completed
ORD_9146,CUST_749,2025-05-02,Accessories,Instagram,235.37,173.65,Completed
ORD_9147,CUST_1450,2024-09-17,Gift Card,LinkedIn,491.38,176.57,Refunded
ORD_9148,CUST_1191,2025-06-18,Accessories,Event Walk-in,595.61,379.69,Completed
ORD_9149,CUST_873,2024-07-03,Limited Collection,Partnership,472.04,241.34,Completed
ORD_9150,CUST_102,2025-06-24,Beauty,Google Search,227.77,145.84,Completed
ORD_9151,CUST_1044,2025-02-22,Subscription Box,Instagram,588.86,369.09,Completed
ORD_9152,CUST_616,2024-01-07,Premium Box,Instagram,544.39,373.36,Completed
ORD_9153,CUST_1256,2025-03-20,Limited Collection,Google Search,539.87,365.8,Completed
ORD_9154,CUST_1428,2025-03-22,Premium Box,TikTok,83.06,57.11,Completed
ORD_9155,CUST_206,2024-07-01,Subscription Box,TikTok,165.67,62.09,Refunded
ORD_9156,CUST_1170,2024-04-17,Subscription Box,LinkedIn,636.02,426.1,Cancelled
ORD_9157,CUST_1231,2025-04-17,Limited Collection,Partnership,474.22,348.36,Completed
ORD_9158,CUST_891,2025-02-16,Limited Collection,Referral,91.72,62.31,Refunded
ORD_9159,CUST_839,2024-09-26,Beauty,Referral,212.41,77.53,Completed
ORD_9160,CUST_1393,2025-05-16,Limited Collection,Google Search,168.54,87.15,Completed
ORD_9161,CUST_1312,2024-06-14,Accessories,TikTok,466.7,226.58,Completed
ORD_9162,CUST_919,2025-06-21,Premium Box,TikTok,596.51,399.18,Refunded
ORD_9163,CUST_49,2024-06-07,Gift Card,LinkedIn,356.21,156.78,Completed
ORD_9164,CUST_700,2025-01-01,Accessories,TikTok,329.88,216.03,Refunded
ORD_9165,CUST_352,2025-01-07,Premium Box,Instagram,72.38,46.15,Completed
ORD_9166,CUST_1323,2025-03-22,Beauty,LinkedIn,80.95,54.74,Completed
ORD_9167,CUST_1106,2025-01-24,Premium Box,Instagram,625.21,376.16,Completed
ORD_9168,CUST_546,2024-05-20,Accessories,Event Walk-in,698.89,376.34,Completed
ORD_9169,CUST_1179,2024-12-22,Accessories,Instagram,450.45,225.52,Refunded
ORD_9170,CUST_1109,2024-03-08,Accessories,Google Search,154.59,98.02,Completed
ORD_9171,CUST_1009,2025-01-04,Limited Collection,Partnership,425.85,283.95,Completed
ORD_9172,CUST_1336,2024-08-22,Fashion,Event Walk-in,371.23,143.34,Completed
ORD_9173,CUST_1435,2024-02-28,Limited Collection,Google Search,286.05,133.7,Refunded
ORD_9174,CUST_1051,2024-12-19,Beauty,TikTok,49.29,36.79,Completed
ORD_9175,CUST_307,2024-08-30,Fashion,Event Walk-in,303.85,107.64,Refunded
ORD_9176,CUST_1481,2025-01-06,Gift Card,Event Walk-in,304.48,117.73,Completed
ORD_9177,CUST_492,2024-11-30,Gift Card,Partnership,600.41,350.96,Completed
ORD_9178,CUST_348,2025-01-24,Subscription Box,Event Walk-in,666.59,333.16,Completed
ORD_9179,CUST_880,2024-09-26,Limited Collection,LinkedIn,52.3,22.46,Completed
ORD_9180,CUST_64,2024-08-24,Gift Card,TikTok,125.41,71.64,Completed
ORD_9181,CUST_562,2024-02-15,Premium Box,Instagram,487.17,354.89,Completed
ORD_9182,CUST_1105,2024-04-16,Premium Box,Partnership,437.59,295.53,Completed
ORD_9183,CUST_513,2025-01-07,Fashion,Partnership,538.2,248.97,Completed
ORD_9184,CUST_398,2025-03-12,Limited Collection,Event Walk-in,49.11,31.88,Completed
ORD_9185,CUST_690,2024-12-02,Gift Card,Google Search,641.33,261.77,Completed
ORD_9186,CUST_678,2025-04-30,Fashion,Instagram,286.7,118.69,Completed
ORD_9187,CUST_1037,2025-04-07,Gift Card,Referral,136.89,60.53,Completed
ORD_9188,CUST_1033,2024-05-08,Accessories,Referral,472.53,287.25,Refunded
ORD_9189,CUST_769,2024-02-16,Limited Collection,TikTok,631.14,338.4,Completed
ORD_9190,CUST_1369,2024-12-25,Limited Collection,Event Walk-in,294.38,128.58,Completed
ORD_9191,CUST_126,2024-09-09,Gift Card,Instagram,322.81,157.93,Cancelled
ORD_9192,CUST_1322,2024-08-23,Accessories,Referral,588.91,304.04,Refunded
ORD_9193,CUST_640,2024-09-23,Gift Card,Referral,186.72,139.76,Completed
ORD_9194,CUST_1169,2025-01-07,Subscription Box,LinkedIn,205.53,75.11,Refunded
ORD_9195,CUST_172,2024-02-19,Accessories,TikTok,671.93,279.05,Completed
ORD_9196,CUST_1298,2024-03-06,Limited Collection,TikTok,162.29,102.31,Completed
ORD_9197,CUST_49,2024-02-27,Fashion,LinkedIn,568.53,419.5,Completed
ORD_9198,CUST_1255,2025-03-15,Fashion,Partnership,466.49,296.42,Completed
ORD_9199,CUST_287,2025-05-25,Subscription Box,LinkedIn,516.98,331.24,Completed
ORD_9200,CUST_1266,2025-06-15,Accessories,Event Walk-in,186.29,66.52,Completed
ORD_9201,CUST_1446,2025-01-20,Beauty,TikTok,377.17,282.71,Completed
ORD_9202,CUST_368,2025-06-22,Premium Box,Partnership,371.29,224.34,Completed
ORD_9203,CUST_356,2025-03-14,Accessories,TikTok,253.53,151.83,Completed
ORD_9204,CUST_117,2025-04-29,Limited Collection,Event Walk-in,160.25,93.01,Cancelled
ORD_9205,CUST_1382,2024-07-16,Accessories,Partnership,342.47,171.83,Completed
ORD_9206,CUST_743,2024-09-19,Limited Collection,Event Walk-in,627.12,379.11,Completed
ORD_9207,CUST_22,2024-09-11,Limited Collection,LinkedIn,402.21,184.05,Completed
ORD_9208,CUST_587,2024-03-14,Beauty,TikTok,485.37,203.23,Cancelled
ORD_9209,CUST_881,2025-05-01,Fashion,TikTok,61.79,32.14,Completed
ORD_9210,CUST_535,2025-04-26,Fashion,Google Search,210.89,153.87,Completed
ORD_9211,CUST_330,2024-07-13,Subscription Box,Event Walk-in,607.83,219.92,Completed
ORD_9212,CUST_1440,2024-03-30,Accessories,Partnership,152.75,74.08,Completed
ORD_9213,CUST_115,2025-06-02,Beauty,Instagram,575.67,265.69,Refunded
ORD_9214,CUST_556,2024-02-27,Premium Box,Instagram,419.88,235.79,Completed
ORD_9215,CUST_831,2025-02-01,Limited Collection,LinkedIn,653.62,342.44,Completed
ORD_9216,CUST_544,2024-03-23,Premium Box,Event Walk-in,156.31,68.97,Completed
ORD_9217,CUST_260,2025-03-05,Accessories,Event Walk-in,441.84,232.06,Completed
ORD_9218,CUST_27,2025-02-12,Premium Box,TikTok,488.48,257.48,Completed
ORD_9219,CUST_1174,2024-12-17,Premium Box,LinkedIn,689.59,331.28,Completed
ORD_9220,CUST_197,2024-06-21,Fashion,Partnership,326.58,184.93,Completed
ORD_9221,CUST_248,2024-03-03,Limited Collection,Instagram,430.49,274.73,Completed
ORD_9222,CUST_238,2024-01-10,Fashion,Partnership,467.26,195.46,Completed
ORD_9223,CUST_663,2024-06-04,Premium Box,LinkedIn,239.45,152.05,Refunded
ORD_9224,CUST_26,2025-02-12,Beauty,Referral,451.26,259.96,Completed
ORD_9225,CUST_1158,2024-04-30,Fashion,LinkedIn,205.07,106.49,Completed
ORD_9226,CUST_181,2024-01-09,Subscription Box,Google Search,167.77,78.28,Completed
ORD_9227,CUST_1434,2025-05-06,Fashion,Partnership,90.03,67.43,Completed
ORD_9228,CUST_301,2024-02-11,Limited Collection,TikTok,529.92,375.19,Completed
ORD_9229,CUST_90,2024-11-11,Beauty,Partnership,234.39,95.99,Completed
ORD_9230,CUST_1119,2025-02-22,Gift Card,Instagram,412.49,246.11,Completed
ORD_9231,CUST_978,2025-02-27,Beauty,LinkedIn,356.1,165.72,Completed
ORD_9232,CUST_1128,2024-12-23,Premium Box,Partnership,610.88,353.13,Completed
ORD_9233,CUST_850,2024-02-06,Gift Card,Partnership,83.09,50.62,Completed
ORD_9234,CUST_1008,2024-02-04,Gift Card,Partnership,139.05,81.03,Completed
ORD_9235,CUST_1175,2024-10-27,Subscription Box,Instagram,216.18,89.07,Completed
ORD_9236,CUST_1276,2024-12-25,Subscription Box,LinkedIn,110.93,81.34,Completed
ORD_9237,CUST_1028,2024-05-08,Fashion,Google Search,404.31,175.03,Completed
ORD_9238,CUST_470,2024-08-21,Limited Collection,Instagram,208.45,78.51,Completed
ORD_9239,CUST_520,2024-11-30,Subscription Box,Partnership,412.46,205.83,Completed
ORD_9240,CUST_1360,2025-04-28,Subscription Box,TikTok,651.71,307.09,Completed
ORD_9241,CUST_252,2024-09-25,Gift Card,Referral,213.0,153.34,Refunded
ORD_9242,CUST_634,2024-12-17,Limited Collection,Partnership,516.59,222.1,Completed
ORD_9243,CUST_1270,2025-01-09,Premium Box,LinkedIn,636.62,241.97,Refunded
ORD_9244,CUST_214,2025-06-05,Subscription Box,Partnership,531.85,379.03,Refunded
ORD_9245,CUST_916,2024-07-26,Gift Card,Instagram,285.11,101.81,Completed
ORD_9246,CUST_1387,2024-02-10,Fashion,Instagram,681.89,461.51,Completed
ORD_9247,CUST_172,2025-04-09,Subscription Box,TikTok,395.72,243.92,Completed
ORD_9248,CUST_538,2024-11-09,Accessories,Event Walk-in,201.69,141.76,Completed
ORD_9249,CUST_1140,2025-03-07,Premium Box,Google Search,35.32,13.26,Completed
ORD_9250,CUST_57,2024-10-20,Gift Card,Partnership,447.53,333.93,Completed
ORD_9251,CUST_128,2025-06-10,Accessories,Referral,93.14,64.84,Completed
ORD_9252,CUST_856,2025-06-13,Subscription Box,Google Search,26.67,18.93,Completed
ORD_9253,CUST_840,2024-10-02,Premium Box,Google Search,56.39,36.56,Completed
ORD_9254,CUST_1445,2025-03-12,Gift Card,LinkedIn,563.23,396.93,Completed
ORD_9255,CUST_107,2024-08-16,Premium Box,LinkedIn,256.67,161.79,Cancelled
ORD_9256,CUST_841,2024-04-10,Premium Box,Partnership,150.89,70.75,Completed
ORD_9257,CUST_387,2025-01-19,Limited Collection,TikTok,302.39,166.61,Cancelled
ORD_9258,CUST_1356,2025-02-13,Limited Collection,Instagram,689.3,452.53,Completed
ORD_9259,CUST_339,2024-03-06,Subscription Box,Partnership,176.48,72.41,Completed
ORD_9260,CUST_990,2024-04-29,Accessories,Event Walk-in,488.7,229.33,Completed
ORD_9261,CUST_1469,2024-01-31,Fashion,Partnership,290.58,174.7,Completed
ORD_9262,CUST_1124,2024-12-09,Subscription Box,Partnership,164.53,61.06,Completed
ORD_9263,CUST_1187,2024-01-13,Accessories,Instagram,445.26,258.02,Completed
ORD_9264,CUST_423,2024-04-06,Premium Box,Event Walk-in,672.19,299.62,Cancelled
ORD_9265,CUST_1329,2024-08-20,Premium Box,TikTok,262.65,149.67,Completed
ORD_9266,CUST_1452,2024-04-02,Fashion,Partnership,572.45,391.83,Completed
ORD_9267,CUST_1071,2025-06-23,Gift Card,TikTok,235.43,127.41,Completed
ORD_9268,CUST_163,2024-03-20,Beauty,TikTok,173.21,61.85,Completed
ORD_9269,CUST_1129,2025-06-18,Limited Collection,Partnership,665.11,315.83,Completed
ORD_9270,CUST_1128,2024-12-13,Accessories,Partnership,333.77,129.4,Completed
ORD_9271,CUST_470,2024-04-02,Premium Box,Instagram,256.88,172.7,Completed
ORD_9272,CUST_543,2025-03-13,Fashion,Referral,299.76,177.51,Completed
ORD_9273,CUST_36,2025-01-13,Subscription Box,Event Walk-in,142.77,61.21,Completed
ORD_9274,CUST_310,2024-06-22,Accessories,Event Walk-in,495.39,323.23,Completed
ORD_9275,CUST_1140,2024-11-28,Subscription Box,Google Search,265.53,132.26,Completed
ORD_9276,CUST_1209,2025-01-04,Beauty,TikTok,102.23,52.92,Completed
ORD_9277,CUST_1483,2024-11-03,Beauty,Partnership,51.93,21.87,Completed
ORD_9278,CUST_1138,2025-02-01,Accessories,TikTok,630.37,247.37,Completed
ORD_9279,CUST_409,2024-11-27,Gift Card,Event Walk-in,170.9,76.62,Completed
ORD_9280,CUST_1318,2024-10-08,Fashion,TikTok,644.99,301.5,Completed
ORD_9281,CUST_634,2024-01-13,Gift Card,Partnership,329.19,232.94,Completed
ORD_9282,CUST_1036,2024-11-20,Limited Collection,LinkedIn,525.44,364.17,Completed
ORD_9283,CUST_110,2025-06-14,Beauty,Instagram,128.73,76.67,Completed
ORD_9284,CUST_522,2024-12-08,Subscription Box,Event Walk-in,642.7,469.96,Completed
ORD_9285,CUST_1047,2025-03-12,Beauty,Event Walk-in,200.89,80.8,Cancelled
ORD_9286,CUST_1017,2025-05-31,Beauty,Referral,411.4,199.08,Completed
ORD_9287,CUST_524,2025-05-05,Premium Box,Event Walk-in,633.7,226.32,Completed
ORD_9288,CUST_1301,2024-12-13,Fashion,Instagram,403.02,190.67,Cancelled
ORD_9289,CUST_963,2025-05-27,Beauty,Partnership,564.96,242.06,Completed
ORD_9290,CUST_523,2024-12-09,Beauty,Instagram,562.66,244.45,Completed
ORD_9291,CUST_540,2024-03-21,Fashion,Partnership,273.87,185.51,Completed
ORD_9292,CUST_1046,2025-02-01,Beauty,Partnership,633.41,312.41,Completed
ORD_9293,CUST_73,2025-03-03,Accessories,Partnership,140.34,83.31,Completed
ORD_9294,CUST_443,2025-01-11,Accessories,Event Walk-in,303.5,160.82,Completed
ORD_9295,CUST_574,2025-05-12,Fashion,Google Search,44.88,23.77,Completed
ORD_9296,CUST_43,2024-11-22,Accessories,LinkedIn,639.45,381.0,Completed
ORD_9297,CUST_1373,2025-06-30,Limited Collection,Referral,136.25,68.57,Refunded
ORD_9298,CUST_512,2024-06-08,Beauty,Partnership,353.1,134.79,Completed
ORD_9299,CUST_690,2024-10-05,Fashion,Google Search,298.14,212.58,Completed
ORD_9300,CUST_597,2025-04-01,Fashion,LinkedIn,419.79,285.91,Completed
ORD_9301,CUST_1160,2024-11-24,Premium Box,TikTok,131.72,55.75,Cancelled
ORD_9302,CUST_159,2024-11-08,Beauty,Google Search,280.64,129.02,Cancelled
ORD_9303,CUST_649,2024-05-27,Premium Box,Instagram,39.09,19.43,Completed
ORD_9304,CUST_165,2024-06-02,Limited Collection,TikTok,541.77,339.23,Completed
ORD_9305,CUST_898,2024-12-27,Limited Collection,Google Search,589.94,397.39,Cancelled
ORD_9306,CUST_903,2025-04-08,Premium Box,Instagram,255.37,169.33,Completed
ORD_9307,CUST_880,2024-02-15,Premium Box,LinkedIn,85.89,50.83,Completed
ORD_9308,CUST_552,2024-03-11,Fashion,Partnership,165.96,106.8,Completed
ORD_9309,CUST_1349,2024-05-04,Gift Card,Referral,675.23,418.18,Completed
ORD_9310,CUST_1185,2024-11-10,Premium Box,Referral,424.61,197.94,Completed
ORD_9311,CUST_58,2024-06-10,Limited Collection,TikTok,574.27,220.29,Completed
ORD_9312,CUST_1346,2024-08-12,Beauty,Referral,685.36,481.66,Cancelled
ORD_9313,CUST_1469,2025-05-27,Premium Box,Partnership,643.02,242.31,Completed
ORD_9314,CUST_753,2024-08-09,Accessories,Partnership,428.36,174.2,Completed
ORD_9315,CUST_871,2025-05-12,Beauty,Referral,497.88,337.2,Completed
ORD_9316,CUST_895,2024-09-11,Gift Card,Event Walk-in,148.52,98.34,Completed
ORD_9317,CUST_485,2025-06-21,Accessories,TikTok,358.21,245.43,Completed
ORD_9318,CUST_729,2025-05-29,Accessories,Partnership,482.37,262.25,Refunded
ORD_9319,CUST_334,2024-03-16,Fashion,Event Walk-in,557.36,392.63,Completed
ORD_9320,CUST_720,2024-09-21,Subscription Box,Instagram,100.63,36.62,Completed
ORD_9321,CUST_1263,2025-01-04,Limited Collection,Partnership,333.72,218.1,Completed
ORD_9322,CUST_1238,2024-08-16,Limited Collection,Google Search,566.25,332.33,Refunded
ORD_9323,CUST_792,2025-06-22,Fashion,TikTok,65.37,27.02,Completed
ORD_9324,CUST_1154,2025-04-14,Accessories,Referral,180.75,130.31,Completed
ORD_9325,CUST_535,2024-05-06,Accessories,Google Search,327.01,142.23,Completed
ORD_9326,CUST_1230,2025-04-18,Subscription Box,LinkedIn,551.93,380.58,Completed
ORD_9327,CUST_1267,2025-06-23,Gift Card,Instagram,302.4,225.04,Completed
ORD_9328,CUST_997,2024-03-27,Subscription Box,LinkedIn,524.47,349.29,Refunded
ORD_9329,CUST_815,2024-02-09,Fashion,TikTok,379.8,202.31,Completed
ORD_9330,CUST_1245,2024-01-02,Fashion,Google Search,561.17,211.85,Completed
ORD_9331,CUST_1317,2024-05-16,Subscription Box,TikTok,600.52,383.09,Completed
ORD_9332,CUST_1243,2024-11-28,Fashion,Google Search,249.26,162.06,Completed
ORD_9333,CUST_465,2024-06-25,Limited Collection,Event Walk-in,626.71,273.14,Completed
ORD_9334,CUST_1165,2024-05-11,Accessories,Instagram,142.06,99.9,Completed
ORD_9335,CUST_929,2025-05-19,Subscription Box,Referral,142.82,102.42,Completed
ORD_9336,CUST_909,2024-09-02,Premium Box,Google Search,680.11,329.63,Refunded
ORD_9337,CUST_23,2024-02-08,Gift Card,Instagram,36.73,20.46,Completed
ORD_9338,CUST_546,2024-05-31,Limited Collection,Event Walk-in,387.85,142.78,Completed
ORD_9339,CUST_379,2025-01-12,Gift Card,Google Search,121.96,65.73,Completed
ORD_9340,CUST_215,2024-07-07,Subscription Box,LinkedIn,202.6,135.28,Completed
ORD_9341,CUST_841,2024-10-29,Subscription Box,Partnership,652.27,426.85,Completed
ORD_9342,CUST_745,2024-04-13,Premium Box,Partnership,693.24,251.43,Refunded
ORD_9343,CUST_1262,2024-06-20,Subscription Box,TikTok,637.71,369.46,Refunded
ORD_9344,CUST_718,2024-02-01,Fashion,Google Search,531.46,338.7,Completed
ORD_9345,CUST_1452,2024-04-29,Beauty,Partnership,77.51,55.6,Completed
ORD_9346,CUST_1172,2025-05-21,Subscription Box,Partnership,184.31,67.34,Cancelled
ORD_9347,CUST_84,2024-04-26,Premium Box,Referral,227.66,89.41,Completed
ORD_9348,CUST_852,2024-09-08,Premium Box,Referral,207.24,116.81,Completed
ORD_9349,CUST_698,2025-01-24,Premium Box,TikTok,351.25,152.1,Completed
ORD_9350,CUST_1387,2025-06-01,Subscription Box,Instagram,666.28,352.77,Completed
ORD_9351,CUST_590,2024-09-14,Limited Collection,LinkedIn,276.55,150.82,Completed
ORD_9352,CUST_900,2024-10-21,Limited Collection,Event Walk-in,535.04,215.15,Completed
ORD_9353,CUST_768,2025-04-07,Beauty,TikTok,119.09,80.53,Completed
ORD_9354,CUST_1239,2024-05-17,Beauty,Event Walk-in,325.2,228.66,Completed
ORD_9355,CUST_274,2024-06-28,Accessories,TikTok,102.63,71.44,Cancelled
ORD_9356,CUST_469,2024-02-01,Premium Box,Partnership,284.77,160.75,Cancelled
ORD_9357,CUST_832,2025-04-12,Accessories,TikTok,279.26,172.45,Completed
ORD_9358,CUST_402,2025-06-06,Gift Card,Event Walk-in,578.53,247.95,Completed
ORD_9359,CUST_1265,2024-08-04,Subscription Box,TikTok,448.36,320.96,Completed
ORD_9360,CUST_1444,2024-05-10,Limited Collection,Google Search,585.43,410.68,Cancelled
ORD_9361,CUST_666,2024-09-28,Gift Card,Instagram,309.77,200.52,Completed
ORD_9362,CUST_803,2024-10-23,Beauty,LinkedIn,501.59,255.21,Refunded
ORD_9363,CUST_520,2024-02-23,Subscription Box,Partnership,541.72,315.5,Completed
ORD_9364,CUST_789,2024-06-15,Accessories,Google Search,269.66,202.15,Completed
ORD_9365,CUST_1301,2024-01-06,Accessories,Instagram,26.79,16.93,Completed
ORD_9366,CUST_1457,2024-08-03,Gift Card,TikTok,536.31,270.19,Refunded
ORD_9367,CUST_1307,2024-10-18,Accessories,Google Search,615.07,264.23,Completed
ORD_9368,CUST_1192,2025-04-07,Subscription Box,LinkedIn,396.01,218.82,Completed
ORD_9369,CUST_1237,2024-01-13,Limited Collection,TikTok,636.58,282.87,Completed
ORD_9370,CUST_740,2025-01-28,Subscription Box,Event Walk-in,141.86,101.04,Completed
ORD_9371,CUST_1308,2024-12-17,Gift Card,LinkedIn,617.56,296.63,Refunded
ORD_9372,CUST_343,2024-06-14,Premium Box,Instagram,621.35,249.02,Completed
ORD_9373,CUST_1423,2025-01-15,Fashion,LinkedIn,475.06,175.66,Completed
ORD_9374,CUST_281,2024-09-18,Fashion,Referral,362.52,243.38,Completed
ORD_9375,CUST_151,2024-05-19,Gift Card,Referral,216.74,84.25,Completed
ORD_9376,CUST_1301,2025-06-03,Premium Box,Instagram,640.6,232.37,Completed
ORD_9377,CUST_669,2024-05-26,Fashion,Event Walk-in,515.9,304.15,Refunded
ORD_9378,CUST_84,2025-03-15,Subscription Box,Referral,310.35,192.79,Completed
ORD_9379,CUST_397,2024-08-09,Limited Collection,TikTok,370.06,170.76,Completed
ORD_9380,CUST_774,2024-06-23,Beauty,Event Walk-in,328.57,177.21,Completed
ORD_9381,CUST_560,2024-08-09,Limited Collection,Partnership,349.29,198.65,Completed
ORD_9382,CUST_331,2025-03-30,Subscription Box,Instagram,641.23,441.85,Completed
ORD_9383,CUST_221,2024-10-23,Accessories,Event Walk-in,230.48,119.86,Completed
ORD_9384,CUST_114,2024-06-13,Beauty,Event Walk-in,442.02,256.48,Completed
ORD_9385,CUST_1133,2024-01-03,Subscription Box,Instagram,421.78,289.69,Completed
ORD_9386,CUST_837,2025-03-05,Premium Box,Partnership,231.37,133.02,Completed
ORD_9387,CUST_790,2025-04-02,Gift Card,Google Search,149.9,62.22,Completed
ORD_9388,CUST_115,2024-10-22,Gift Card,Instagram,143.32,51.22,Completed
ORD_9389,CUST_916,2024-01-04,Premium Box,Instagram,698.43,360.92,Completed
ORD_9390,CUST_1137,2025-05-15,Fashion,TikTok,40.37,18.19,Completed
ORD_9391,CUST_1088,2025-01-14,Gift Card,Partnership,300.99,141.36,Completed
ORD_9392,CUST_242,2024-06-08,Gift Card,Event Walk-in,129.09,72.72,Completed
ORD_9393,CUST_873,2024-09-09,Fashion,Partnership,120.34,64.68,Completed
ORD_9394,CUST_761,2025-05-27,Accessories,Google Search,23.61,9.83,Completed
ORD_9395,CUST_140,2025-06-04,Gift Card,Partnership,511.78,352.4,Completed
ORD_9396,CUST_879,2024-01-03,Accessories,LinkedIn,504.67,296.92,Completed
ORD_9397,CUST_905,2024-07-23,Fashion,TikTok,72.04,34.48,Refunded
ORD_9398,CUST_1,2024-06-17,Premium Box,Referral,66.65,45.56,Refunded
ORD_9399,CUST_309,2024-12-27,Subscription Box,TikTok,120.88,52.19,Completed
ORD_9400,CUST_392,2025-06-09,Limited Collection,TikTok,196.61,119.56,Refunded
ORD_9401,CUST_414,2024-10-14,Premium Box,LinkedIn,436.38,249.9,Completed
ORD_9402,CUST_106,2025-05-21,Accessories,Referral,559.4,306.6,Completed
ORD_9403,CUST_898,2024-11-29,Accessories,Google Search,367.73,275.35,Completed
ORD_9404,CUST_1000,2025-04-07,Accessories,Event Walk-in,627.62,352.85,Completed
ORD_9405,CUST_1315,2024-09-30,Beauty,Google Search,297.01,210.47,Completed
ORD_9406,CUST_517,2024-12-10,Accessories,Event Walk-in,75.58,38.25,Completed
ORD_9407,CUST_881,2024-11-22,Gift Card,TikTok,611.16,342.31,Completed
ORD_9408,CUST_1045,2025-01-08,Gift Card,Google Search,653.29,290.45,Completed
ORD_9409,CUST_837,2024-03-05,Fashion,Partnership,546.55,341.97,Completed
ORD_9410,CUST_166,2024-09-28,Premium Box,Referral,590.94,300.77,Completed
ORD_9411,CUST_437,2025-01-17,Subscription Box,LinkedIn,640.94,473.52,Completed
ORD_9412,CUST_1320,2024-01-09,Gift Card,Referral,548.43,294.66,Completed
ORD_9413,CUST_230,2025-01-14,Beauty,Instagram,599.39,439.48,Completed
ORD_9414,CUST_686,2024-06-24,Accessories,Instagram,573.87,377.76,Completed
ORD_9415,CUST_515,2024-06-05,Beauty,Partnership,158.38,68.08,Completed
ORD_9416,CUST_1037,2024-01-24,Gift Card,Referral,330.68,167.25,Completed
ORD_9417,CUST_67,2024-06-05,Premium Box,Google Search,289.29,118.39,Completed
ORD_9418,CUST_189,2025-05-06,Gift Card,Referral,272.12,202.35,Completed
ORD_9419,CUST_1036,2024-10-23,Subscription Box,LinkedIn,55.26,26.81,Completed
ORD_9420,CUST_1325,2024-11-26,Premium Box,Referral,245.5,128.83,Completed
ORD_9421,CUST_832,2025-04-05,Gift Card,TikTok,347.83,219.58,Completed
ORD_9422,CUST_1348,2024-07-31,Subscription Box,LinkedIn,665.38,256.92,Completed
ORD_9423,CUST_862,2024-02-06,Fashion,Google Search,530.92,379.82,Completed
ORD_9424,CUST_737,2025-04-10,Premium Box,LinkedIn,572.1,274.7,Refunded
ORD_9425,CUST_1130,2024-03-28,Fashion,Referral,389.8,149.05,Completed
ORD_9426,CUST_1453,2025-04-02,Subscription Box,Partnership,275.84,201.23,Completed
ORD_9427,CUST_1451,2024-07-24,Fashion,Google Search,146.1,102.84,Completed
ORD_9428,CUST_316,2025-06-14,Premium Box,Event Walk-in,409.89,252.25,Completed
ORD_9429,CUST_684,2024-12-18,Beauty,Instagram,646.15,421.03,Completed
ORD_9430,CUST_51,2024-03-19,Limited Collection,Instagram,419.02,205.16,Completed
ORD_9431,CUST_225,2024-12-28,Subscription Box,LinkedIn,248.15,143.59,Completed
ORD_9432,CUST_296,2025-04-20,Limited Collection,Instagram,522.77,313.59,Refunded
ORD_9433,CUST_1052,2025-03-29,Beauty,Partnership,453.17,276.68,Completed
ORD_9434,CUST_1249,2025-06-16,Premium Box,Instagram,500.47,338.93,Completed
ORD_9435,CUST_542,2024-06-17,Gift Card,Instagram,106.8,63.85,Completed
ORD_9436,CUST_1384,2024-12-31,Accessories,TikTok,687.06,306.48,Completed
ORD_9437,CUST_873,2024-12-19,Fashion,Partnership,390.85,268.3,Completed
ORD_9438,CUST_730,2024-09-07,Accessories,Instagram,290.05,194.4,Completed
ORD_9439,CUST_1233,2025-03-24,Beauty,LinkedIn,684.36,323.42,Completed
ORD_9440,CUST_364,2024-01-07,Accessories,Event Walk-in,369.42,248.23,Completed
ORD_9441,CUST_59,2024-01-05,Limited Collection,LinkedIn,463.54,236.3,Completed
ORD_9442,CUST_778,2025-05-11,Subscription Box,Instagram,501.95,291.71,Cancelled
ORD_9443,CUST_1389,2025-05-19,Gift Card,Referral,352.73,190.34,Completed
ORD_9444,CUST_1420,2024-01-15,Fashion,Referral,543.13,281.93,Completed
ORD_9445,CUST_1011,2024-05-04,Fashion,Referral,629.67,236.16,Completed
ORD_9446,CUST_889,2025-03-01,Beauty,Referral,300.69,176.13,Refunded
ORD_9447,CUST_487,2024-05-03,Gift Card,Instagram,323.51,126.58,Completed
ORD_9448,CUST_14,2024-01-27,Gift Card,TikTok,344.13,257.97,Refunded
ORD_9449,CUST_801,2025-06-05,Accessories,Event Walk-in,373.23,214.26,Completed
ORD_9450,CUST_656,2024-12-15,Premium Box,Partnership,381.58,228.19,Completed
ORD_9451,CUST_1264,2024-07-15,Subscription Box,Partnership,364.84,174.9,Completed
ORD_9452,CUST_893,2024-08-17,Subscription Box,Google Search,646.37,246.19,Completed
ORD_9453,CUST_1466,2024-04-13,Beauty,Event Walk-in,638.33,239.31,Completed
ORD_9454,CUST_922,2024-04-16,Subscription Box,TikTok,477.24,232.46,Completed
ORD_9455,CUST_1108,2025-02-19,Premium Box,Referral,381.36,176.01,Completed
ORD_9456,CUST_512,2025-02-11,Accessories,Partnership,610.49,457.58,Completed
ORD_9457,CUST_332,2025-03-17,Fashion,LinkedIn,648.13,305.24,Completed
ORD_9458,CUST_1380,2024-04-18,Fashion,Instagram,493.89,326.0,Completed
ORD_9459,CUST_662,2024-11-23,Beauty,Partnership,550.65,406.87,Refunded
ORD_9460,CUST_706,2025-03-29,Gift Card,TikTok,106.87,56.27,Completed
ORD_9461,CUST_872,2025-04-11,Gift Card,Google Search,528.94,226.77,Completed
ORD_9462,CUST_87,2024-01-09,Accessories,Partnership,464.86,250.38,Completed
ORD_9463,CUST_58,2024-04-10,Subscription Box,TikTok,18.64,7.7,Refunded
ORD_9464,CUST_774,2024-07-13,Limited Collection,Event Walk-in,16.33,8.12,Refunded
ORD_9465,CUST_1141,2024-11-27,Fashion,LinkedIn,657.09,457.75,Refunded
ORD_9466,CUST_891,2024-07-14,Fashion,Referral,557.17,260.48,Completed
ORD_9467,CUST_436,2025-02-24,Gift Card,Instagram,42.83,17.13,Refunded
ORD_9468,CUST_723,2024-04-17,Premium Box,Event Walk-in,40.75,15.54,Completed
ORD_9469,CUST_1262,2024-12-19,Gift Card,TikTok,525.99,373.01,Refunded
ORD_9470,CUST_1399,2025-05-16,Fashion,Google Search,47.73,27.99,Refunded
ORD_9471,CUST_1042,2025-05-03,Premium Box,Instagram,442.99,230.48,Completed
ORD_9472,CUST_930,2024-04-26,Premium Box,Instagram,169.32,89.59,Completed
ORD_9473,CUST_639,2024-10-22,Fashion,Partnership,41.53,17.06,Refunded
ORD_9474,CUST_467,2024-03-21,Subscription Box,TikTok,296.4,109.36,Completed
ORD_9475,CUST_161,2024-07-01,Accessories,Referral,56.5,22.46,Completed
ORD_9476,CUST_1488,2024-07-19,Accessories,TikTok,196.84,110.54,Completed
ORD_9477,CUST_384,2025-04-10,Limited Collection,Event Walk-in,129.42,57.76,Completed
ORD_9478,CUST_892,2024-05-22,Limited Collection,Google Search,391.56,190.57,Refunded
ORD_9479,CUST_1204,2024-02-01,Limited Collection,Referral,133.35,89.53,Completed
ORD_9480,CUST_1028,2024-07-18,Premium Box,Google Search,475.43,355.29,Completed
ORD_9481,CUST_542,2024-12-22,Subscription Box,Instagram,213.72,159.68,Completed
ORD_9482,CUST_27,2025-02-05,Gift Card,TikTok,173.39,121.91,Completed
ORD_9483,CUST_367,2024-07-24,Subscription Box,TikTok,272.43,109.78,Completed
ORD_9484,CUST_625,2024-11-19,Fashion,Partnership,596.87,253.61,Completed
ORD_9485,CUST_1283,2024-05-07,Subscription Box,Google Search,115.95,83.12,Completed
ORD_9486,CUST_11,2024-06-22,Premium Box,Partnership,492.08,201.18,Completed
ORD_9487,CUST_1214,2024-09-01,Premium Box,LinkedIn,272.73,193.69,Refunded
ORD_9488,CUST_429,2025-02-19,Accessories,Event Walk-in,642.59,360.36,Cancelled
ORD_9489,CUST_1213,2025-05-02,Premium Box,Referral,109.68,59.53,Completed
ORD_9490,CUST_665,2024-02-14,Accessories,Referral,694.57,338.2,Cancelled
ORD_9491,CUST_582,2025-05-25,Beauty,LinkedIn,29.5,19.46,Completed
ORD_9492,CUST_945,2025-05-25,Subscription Box,Referral,315.46,123.21,Completed
ORD_9493,CUST_1209,2024-07-20,Accessories,TikTok,29.46,16.83,Completed
ORD_9494,CUST_490,2025-05-08,Limited Collection,Event Walk-in,256.07,129.34,Cancelled
ORD_9495,CUST_191,2024-02-27,Fashion,Google Search,277.7,127.51,Completed
ORD_9496,CUST_900,2025-03-17,Subscription Box,Event Walk-in,620.69,220.92,Completed
ORD_9497,CUST_1007,2025-05-16,Accessories,TikTok,562.84,308.94,Completed
ORD_9498,CUST_159,2024-08-09,Accessories,Google Search,411.41,175.98,Completed
ORD_9499,CUST_465,2025-06-18,Beauty,Event Walk-in,493.16,282.13,Completed
ORD_9500,CUST_1040,2024-09-29,Premium Box,Partnership,230.55,138.24,Completed
ORD_9501,CUST_660,2025-02-17,Premium Box,LinkedIn,608.53,314.0,Cancelled
ORD_9502,CUST_96,2024-03-23,Accessories,Google Search,234.3,128.35,Completed
ORD_9503,CUST_1391,2024-12-27,Fashion,Referral,196.61,79.84,Refunded
ORD_9504,CUST_667,2024-08-19,Beauty,LinkedIn,51.49,25.71,Completed
ORD_9505,CUST_956,2024-05-06,Beauty,Instagram,230.37,138.58,Completed
ORD_9506,CUST_535,2025-06-06,Gift Card,Google Search,404.26,221.32,Refunded
ORD_9507,CUST_687,2024-04-25,Subscription Box,Partnership,365.84,226.79,Completed
ORD_9508,CUST_427,2024-06-11,Premium Box,Referral,141.07,103.59,Completed
ORD_9509,CUST_295,2024-12-02,Limited Collection,Instagram,446.74,180.69,Completed
ORD_9510,CUST_810,2025-01-03,Subscription Box,Referral,250.26,138.37,Completed
ORD_9511,CUST_1348,2024-11-24,Accessories,LinkedIn,176.12,73.78,Completed
ORD_9512,CUST_1197,2024-06-03,Subscription Box,Google Search,240.59,93.99,Completed
ORD_9513,CUST_240,2024-08-10,Premium Box,TikTok,454.27,264.55,Completed
ORD_9514,CUST_1430,2024-01-24,Accessories,TikTok,604.69,315.75,Completed
ORD_9515,CUST_192,2025-06-03,Subscription Box,LinkedIn,76.81,46.79,Completed
ORD_9516,CUST_867,2024-09-30,Beauty,TikTok,424.67,256.98,Completed
ORD_9517,CUST_841,2025-06-20,Subscription Box,Partnership,116.29,75.29,Completed
ORD_9518,CUST_875,2024-01-19,Accessories,TikTok,123.79,57.61,Completed
ORD_9519,CUST_29,2024-03-01,Fashion,Event Walk-in,166.73,77.64,Completed
ORD_9520,CUST_1378,2025-02-08,Premium Box,Partnership,366.57,216.89,Completed
ORD_9521,CUST_68,2025-06-22,Gift Card,Partnership,33.85,15.7,Completed
ORD_9522,CUST_707,2025-02-12,Beauty,Referral,325.26,151.86,Completed
ORD_9523,CUST_1062,2025-06-04,Beauty,Instagram,655.96,237.91,Completed
ORD_9524,CUST_21,2024-08-08,Gift Card,Instagram,553.14,270.75,Refunded
ORD_9525,CUST_367,2024-02-01,Gift Card,TikTok,232.55,96.06,Completed
ORD_9526,CUST_919,2025-04-25,Beauty,TikTok,384.14,168.27,Completed
ORD_9527,CUST_511,2024-11-25,Beauty,Instagram,636.06,389.36,Completed
ORD_9528,CUST_1459,2024-07-01,Subscription Box,Event Walk-in,280.24,166.09,Completed
ORD_9529,CUST_809,2024-01-26,Subscription Box,LinkedIn,624.72,290.05,Completed
ORD_9530,CUST_512,2025-02-13,Gift Card,Partnership,53.86,31.73,Completed
ORD_9531,CUST_520,2024-03-09,Limited Collection,Partnership,520.33,290.76,Completed
ORD_9532,CUST_462,2025-05-16,Subscription Box,Instagram,631.52,385.31,Completed
ORD_9533,CUST_155,2025-01-03,Premium Box,Instagram,611.84,326.97,Completed
ORD_9534,CUST_786,2024-05-05,Premium Box,Instagram,40.7,22.97,Completed
ORD_9535,CUST_311,2025-02-19,Beauty,Event Walk-in,487.78,323.34,Completed
ORD_9536,CUST_1389,2025-01-26,Gift Card,Referral,521.87,347.22,Completed
ORD_9537,CUST_705,2024-08-13,Premium Box,Event Walk-in,124.17,56.02,Completed
ORD_9538,CUST_1218,2025-06-23,Subscription Box,Event Walk-in,590.65,369.43,Completed
ORD_9539,CUST_1102,2025-02-22,Limited Collection,LinkedIn,256.08,104.03,Completed
ORD_9540,CUST_1302,2025-06-11,Gift Card,Instagram,307.17,218.51,Completed
ORD_9541,CUST_20,2024-07-31,Premium Box,LinkedIn,280.28,149.19,Completed
ORD_9542,CUST_1003,2024-12-10,Premium Box,Referral,309.49,186.27,Completed
ORD_9543,CUST_1156,2024-07-31,Fashion,Google Search,663.11,371.5,Completed
ORD_9544,CUST_203,2024-07-17,Fashion,Google Search,271.67,190.65,Completed
ORD_9545,CUST_303,2025-01-23,Accessories,Event Walk-in,648.25,409.76,Completed
ORD_9546,CUST_767,2024-11-25,Limited Collection,LinkedIn,526.24,255.09,Completed
ORD_9547,CUST_301,2025-05-11,Subscription Box,TikTok,406.9,278.33,Completed
ORD_9548,CUST_1149,2024-06-01,Gift Card,Google Search,697.4,385.36,Completed
ORD_9549,CUST_1406,2025-04-09,Accessories,TikTok,17.58,11.77,Refunded
ORD_9550,CUST_1468,2024-08-01,Gift Card,Event Walk-in,532.04,221.31,Completed
ORD_9551,CUST_660,2024-04-09,Limited Collection,LinkedIn,506.26,339.8,Refunded
ORD_9552,CUST_56,2024-09-06,Gift Card,Google Search,356.02,264.54,Completed
ORD_9553,CUST_221,2024-05-12,Subscription Box,Event Walk-in,592.27,207.55,Completed
ORD_9554,CUST_560,2025-05-18,Beauty,Partnership,215.12,84.14,Completed
ORD_9555,CUST_548,2024-06-07,Fashion,TikTok,239.83,118.35,Completed
ORD_9556,CUST_1468,2024-08-02,Gift Card,Event Walk-in,665.24,482.67,Completed
ORD_9557,CUST_614,2024-04-12,Subscription Box,Google Search,627.94,419.5,Completed
ORD_9558,CUST_791,2024-07-08,Beauty,TikTok,63.8,42.88,Completed
ORD_9559,CUST_466,2024-10-22,Premium Box,Event Walk-in,302.74,115.8,Completed
ORD_9560,CUST_93,2024-03-30,Fashion,TikTok,259.37,158.23,Refunded
ORD_9561,CUST_891,2025-06-01,Subscription Box,Referral,69.73,48.23,Completed
ORD_9562,CUST_279,2024-10-28,Limited Collection,Google Search,565.24,254.14,Completed
ORD_9563,CUST_158,2025-02-20,Fashion,LinkedIn,103.65,49.29,Completed
ORD_9564,CUST_1046,2024-09-12,Premium Box,Partnership,423.14,278.8,Cancelled
ORD_9565,CUST_566,2025-01-13,Premium Box,Event Walk-in,589.65,208.18,Completed
ORD_9566,CUST_232,2024-03-04,Fashion,Referral,435.96,189.04,Completed
ORD_9567,CUST_614,2025-02-21,Premium Box,Google Search,263.85,104.36,Completed
ORD_9568,CUST_1186,2025-03-01,Accessories,TikTok,79.0,33.74,Completed
ORD_9569,CUST_215,2025-03-19,Gift Card,LinkedIn,610.84,244.76,Completed
ORD_9570,CUST_1455,2024-01-10,Beauty,Referral,62.9,43.31,Completed
ORD_9571,CUST_473,2025-02-20,Premium Box,Google Search,307.94,216.92,Completed
ORD_9572,CUST_121,2024-02-17,Subscription Box,Instagram,68.82,50.52,Completed
ORD_9573,CUST_1361,2025-03-29,Gift Card,Google Search,340.48,222.97,Completed
ORD_9574,CUST_129,2024-08-02,Limited Collection,Referral,123.34,44.38,Completed
ORD_9575,CUST_26,2025-02-20,Premium Box,Referral,318.7,139.26,Completed
ORD_9576,CUST_77,2024-01-22,Limited Collection,Event Walk-in,616.55,238.79,Completed
ORD_9577,CUST_1190,2025-04-12,Accessories,Partnership,491.47,263.66,Completed
ORD_9578,CUST_187,2024-06-11,Limited Collection,TikTok,603.07,331.85,Completed
ORD_9579,CUST_1115,2024-03-14,Gift Card,Referral,694.05,459.4,Completed
ORD_9580,CUST_7,2025-01-22,Premium Box,Google Search,313.85,120.65,Completed
ORD_9581,CUST_403,2024-12-13,Fashion,Instagram,266.82,136.6,Completed
ORD_9582,CUST_339,2024-06-28,Beauty,Partnership,592.96,301.99,Completed
ORD_9583,CUST_676,2024-01-11,Subscription Box,Instagram,230.22,91.96,Completed
ORD_9584,CUST_524,2025-05-20,Gift Card,Event Walk-in,496.99,320.24,Completed
ORD_9585,CUST_1180,2024-08-13,Fashion,Google Search,545.38,212.88,Completed
ORD_9586,CUST_1390,2024-05-13,Accessories,Referral,518.24,294.2,Completed
ORD_9587,CUST_653,2024-01-29,Subscription Box,Google Search,373.79,196.65,Completed
ORD_9588,CUST_1482,2025-06-06,Limited Collection,Instagram,528.28,269.4,Completed
ORD_9589,CUST_1250,2024-04-11,Subscription Box,Instagram,198.71,86.89,Completed
ORD_9590,CUST_748,2024-08-06,Gift Card,Instagram,668.26,307.92,Completed
ORD_9591,CUST_1136,2024-12-27,Premium Box,TikTok,204.8,146.3,Completed
ORD_9592,CUST_796,2024-02-01,Premium Box,Partnership,55.52,25.71,Completed
ORD_9593,CUST_1271,2024-03-05,Subscription Box,Event Walk-in,192.98,115.09,Completed
ORD_9594,CUST_948,2024-01-19,Fashion,Event Walk-in,643.8,341.43,Completed
ORD_9595,CUST_722,2025-05-10,Beauty,LinkedIn,430.63,180.83,Completed
ORD_9596,CUST_202,2024-05-23,Premium Box,Event Walk-in,108.54,66.93,Completed
ORD_9597,CUST_164,2024-06-26,Fashion,TikTok,308.11,156.58,Completed
ORD_9598,CUST_934,2025-01-12,Limited Collection,Partnership,251.38,110.1,Completed
ORD_9599,CUST_917,2024-01-27,Gift Card,Referral,636.74,439.75,Completed
ORD_9600,CUST_1109,2024-03-17,Premium Box,Google Search,681.68,398.05,Completed
ORD_9601,CUST_3,2025-05-31,Premium Box,TikTok,510.57,270.86,Completed
ORD_9602,CUST_861,2024-01-20,Premium Box,TikTok,455.68,228.08,Completed
ORD_9603,CUST_604,2025-03-05,Premium Box,Instagram,366.72,227.12,Completed
ORD_9604,CUST_589,2024-10-08,Beauty,Referral,568.13,211.66,Completed
ORD_9605,CUST_473,2024-09-29,Fashion,Google Search,672.08,483.26,Completed
ORD_9606,CUST_104,2024-06-16,Beauty,LinkedIn,147.59,109.78,Completed
ORD_9607,CUST_373,2025-06-17,Subscription Box,Event Walk-in,66.76,41.5,Cancelled
ORD_9608,CUST_677,2024-03-04,Subscription Box,Instagram,97.64,68.49,Completed
ORD_9609,CUST_1267,2024-02-12,Fashion,Instagram,196.56,79.84,Cancelled
ORD_9610,CUST_1176,2025-02-14,Accessories,Partnership,322.92,183.65,Refunded
ORD_9611,CUST_1340,2025-01-06,Fashion,Referral,450.35,177.33,Completed
ORD_9612,CUST_112,2025-05-18,Premium Box,Referral,511.2,363.81,Cancelled
ORD_9613,CUST_624,2024-06-12,Beauty,Partnership,656.36,393.2,Completed
ORD_9614,CUST_531,2024-08-02,Gift Card,Partnership,385.29,211.1,Completed
ORD_9615,CUST_426,2025-03-04,Accessories,Google Search,297.87,153.19,Completed
ORD_9616,CUST_16,2025-06-22,Gift Card,LinkedIn,246.59,124.65,Completed
ORD_9617,CUST_782,2024-10-25,Gift Card,Google Search,164.67,66.82,Completed
ORD_9618,CUST_1344,2024-12-09,Subscription Box,Partnership,203.75,83.06,Completed
ORD_9619,CUST_311,2024-08-10,Beauty,Event Walk-in,295.52,181.17,Completed
ORD_9620,CUST_478,2024-09-29,Premium Box,Instagram,310.81,117.14,Completed
ORD_9621,CUST_632,2024-02-18,Gift Card,TikTok,372.84,160.53,Cancelled
ORD_9622,CUST_557,2024-04-14,Accessories,Instagram,471.25,326.1,Completed
ORD_9623,CUST_308,2025-04-03,Subscription Box,Event Walk-in,457.01,288.55,Cancelled
ORD_9624,CUST_1123,2024-12-23,Fashion,LinkedIn,265.07,124.06,Completed
ORD_9625,CUST_1061,2025-02-06,Fashion,Referral,574.57,317.62,Completed
ORD_9626,CUST_82,2025-04-10,Subscription Box,TikTok,327.39,163.0,Completed
ORD_9627,CUST_1427,2025-05-28,Accessories,Event Walk-in,501.26,361.01,Completed
ORD_9628,CUST_110,2024-07-25,Subscription Box,Instagram,106.94,65.01,Refunded
ORD_9629,CUST_516,2025-02-28,Beauty,Instagram,169.45,77.45,Refunded
ORD_9630,CUST_1268,2024-05-15,Subscription Box,Instagram,341.21,235.51,Completed
ORD_9631,CUST_1084,2024-05-05,Limited Collection,TikTok,546.22,317.64,Completed
ORD_9632,CUST_282,2024-12-10,Gift Card,Instagram,391.94,269.79,Completed
ORD_9633,CUST_395,2025-01-20,Beauty,TikTok,186.43,125.59,Completed
ORD_9634,CUST_358,2024-09-18,Beauty,Event Walk-in,217.79,78.29,Refunded
ORD_9635,CUST_975,2025-05-24,Fashion,Referral,197.49,112.33,Completed
ORD_9636,CUST_1146,2025-02-27,Beauty,LinkedIn,452.42,303.96,Cancelled
ORD_9637,CUST_861,2025-03-22,Fashion,TikTok,29.76,22.22,Completed
ORD_9638,CUST_390,2025-03-31,Gift Card,Partnership,574.73,329.68,Completed
ORD_9639,CUST_928,2025-04-23,Gift Card,Google Search,492.25,279.45,Cancelled
ORD_9640,CUST_53,2025-02-09,Fashion,LinkedIn,362.21,144.87,Completed
ORD_9641,CUST_1382,2025-05-02,Subscription Box,Partnership,677.53,459.77,Completed
ORD_9642,CUST_686,2024-02-18,Gift Card,Instagram,162.6,66.38,Completed
ORD_9643,CUST_1120,2025-04-21,Subscription Box,Event Walk-in,279.39,119.97,Completed
ORD_9644,CUST_67,2025-02-25,Premium Box,Google Search,505.7,276.55,Completed
ORD_9645,CUST_954,2024-07-24,Accessories,Referral,22.88,11.24,Completed
ORD_9646,CUST_850,2024-02-26,Accessories,Partnership,547.87,283.46,Refunded
ORD_9647,CUST_439,2024-12-14,Premium Box,Event Walk-in,695.37,498.19,Completed
ORD_9648,CUST_1012,2024-06-17,Accessories,Instagram,588.45,241.85,Completed
ORD_9649,CUST_1278,2025-04-06,Subscription Box,Referral,682.08,307.93,Completed
ORD_9650,CUST_181,2024-02-05,Gift Card,Google Search,668.24,391.95,Completed
ORD_9651,CUST_1140,2025-06-08,Accessories,Google Search,204.36,80.42,Completed
ORD_9652,CUST_324,2025-04-18,Fashion,TikTok,250.07,133.22,Completed
ORD_9653,CUST_117,2024-03-05,Beauty,Event Walk-in,386.23,177.17,Completed
ORD_9654,CUST_616,2024-12-17,Premium Box,Instagram,498.42,231.38,Completed
ORD_9655,CUST_339,2025-03-04,Subscription Box,Partnership,566.57,303.36,Completed
ORD_9656,CUST_110,2024-04-25,Accessories,Instagram,642.5,246.63,Completed
ORD_9657,CUST_1286,2025-02-26,Accessories,Instagram,175.64,95.26,Refunded
ORD_9658,CUST_752,2024-08-24,Subscription Box,Referral,450.95,160.75,Completed
ORD_9659,CUST_924,2025-04-17,Accessories,TikTok,542.13,274.33,Refunded
ORD_9660,CUST_1046,2024-01-12,Limited Collection,Partnership,452.41,240.35,Completed
ORD_9661,CUST_374,2025-05-03,Gift Card,Event Walk-in,215.62,149.21,Cancelled
ORD_9662,CUST_656,2024-01-14,Fashion,Partnership,647.25,254.17,Refunded
ORD_9663,CUST_740,2025-01-12,Fashion,Event Walk-in,499.97,176.62,Refunded
ORD_9664,CUST_1030,2024-06-24,Limited Collection,Referral,624.95,376.91,Completed
ORD_9665,CUST_598,2025-02-07,Fashion,Partnership,625.0,455.03,Completed
ORD_9666,CUST_478,2024-11-29,Beauty,Instagram,229.25,158.19,Completed
ORD_9667,CUST_1216,2024-10-25,Fashion,Referral,538.57,315.87,Refunded
ORD_9668,CUST_279,2024-04-27,Fashion,Google Search,249.32,176.82,Completed
ORD_9669,CUST_849,2024-02-04,Fashion,TikTok,480.17,246.62,Completed
ORD_9670,CUST_488,2024-05-17,Fashion,Google Search,418.45,163.35,Completed
ORD_9671,CUST_530,2024-05-22,Beauty,Referral,110.29,69.27,Refunded
ORD_9672,CUST_392,2024-07-12,Premium Box,TikTok,257.59,155.99,Completed
ORD_9673,CUST_1267,2025-05-13,Beauty,Instagram,414.87,172.81,Refunded
ORD_9674,CUST_461,2024-09-07,Beauty,Partnership,457.19,201.63,Completed
ORD_9675,CUST_423,2024-07-19,Beauty,Event Walk-in,42.52,24.24,Completed
ORD_9676,CUST_852,2024-02-23,Subscription Box,Referral,486.18,337.95,Completed
ORD_9677,CUST_1423,2024-07-27,Beauty,LinkedIn,465.39,278.77,Completed
ORD_9678,CUST_1361,2024-11-26,Beauty,Google Search,66.45,47.02,Completed
ORD_9679,CUST_1335,2024-10-01,Fashion,Partnership,385.76,279.63,Completed
ORD_9680,CUST_1366,2024-05-21,Beauty,Google Search,86.36,62.05,Completed
ORD_9681,CUST_73,2025-05-09,Accessories,Partnership,55.46,30.09,Completed
ORD_9682,CUST_1344,2025-02-18,Fashion,Partnership,626.55,373.8,Completed
ORD_9683,CUST_1109,2024-10-02,Subscription Box,Google Search,174.99,64.6,Refunded
ORD_9684,CUST_918,2025-06-08,Limited Collection,TikTok,399.77,158.31,Completed
ORD_9685,CUST_917,2024-09-13,Premium Box,Referral,524.31,294.61,Completed
ORD_9686,CUST_386,2024-01-26,Gift Card,TikTok,56.78,24.54,Refunded
ORD_9687,CUST_584,2024-06-22,Limited Collection,Partnership,582.4,338.75,Completed
ORD_9688,CUST_402,2024-06-28,Premium Box,Event Walk-in,72.05,26.18,Completed
ORD_9689,CUST_1448,2024-01-23,Subscription Box,Instagram,541.05,250.81,Completed
ORD_9690,CUST_1043,2024-10-01,Accessories,Partnership,176.93,124.7,Completed
ORD_9691,CUST_1371,2024-07-09,Fashion,Partnership,188.36,71.9,Completed
ORD_9692,CUST_952,2024-06-22,Subscription Box,Referral,35.11,18.69,Cancelled
ORD_9693,CUST_341,2025-03-19,Gift Card,Event Walk-in,550.44,353.28,Refunded
ORD_9694,CUST_783,2024-05-15,Premium Box,LinkedIn,274.28,166.37,Completed
ORD_9695,CUST_1075,2025-05-17,Beauty,LinkedIn,305.19,176.57,Refunded
ORD_9696,CUST_788,2024-12-05,Beauty,LinkedIn,81.33,55.34,Completed
ORD_9697,CUST_1116,2024-07-12,Gift Card,TikTok,174.84,97.34,Refunded
ORD_9698,CUST_929,2024-10-23,Accessories,Referral,534.87,288.91,Completed
ORD_9699,CUST_894,2024-09-29,Fashion,Event Walk-in,187.39,129.66,Completed
ORD_9700,CUST_1153,2024-07-09,Premium Box,Referral,431.62,288.44,Completed
ORD_9701,CUST_1262,2024-02-06,Subscription Box,TikTok,231.57,115.89,Refunded
ORD_9702,CUST_1029,2024-12-18,Premium Box,Partnership,367.7,191.29,Completed
ORD_9703,CUST_1104,2024-05-26,Gift Card,Referral,355.87,164.62,Completed
ORD_9704,CUST_463,2024-12-05,Limited Collection,Event Walk-in,228.8,87.8,Cancelled
ORD_9705,CUST_280,2024-08-20,Fashion,LinkedIn,252.32,163.01,Completed
ORD_9706,CUST_1099,2024-09-26,Limited Collection,Google Search,273.93,123.21,Completed
ORD_9707,CUST_982,2025-06-28,Beauty,TikTok,360.64,242.62,Cancelled
ORD_9708,CUST_986,2024-02-20,Premium Box,Partnership,51.56,20.32,Completed
ORD_9709,CUST_308,2024-11-19,Subscription Box,Event Walk-in,84.44,57.33,Completed
ORD_9710,CUST_940,2024-11-07,Accessories,Google Search,80.53,52.28,Completed
ORD_9711,CUST_1322,2024-09-26,Gift Card,Referral,261.94,132.49,Completed
ORD_9712,CUST_162,2024-12-02,Accessories,Event Walk-in,509.25,368.02,Completed
ORD_9713,CUST_783,2024-05-18,Beauty,LinkedIn,468.53,188.1,Completed
ORD_9714,CUST_1357,2024-03-14,Premium Box,Google Search,172.64,97.85,Completed
ORD_9715,CUST_1473,2025-01-11,Beauty,Instagram,161.27,107.29,Completed
ORD_9716,CUST_457,2024-03-10,Limited Collection,Referral,114.03,46.9,Completed
ORD_9717,CUST_336,2024-08-10,Gift Card,Instagram,172.5,105.43,Completed
ORD_9718,CUST_455,2024-09-25,Limited Collection,TikTok,448.71,211.31,Completed
ORD_9719,CUST_1294,2024-05-28,Subscription Box,TikTok,232.56,145.91,Completed
ORD_9720,CUST_479,2024-12-30,Subscription Box,Instagram,29.95,11.77,Completed
ORD_9721,CUST_1298,2024-05-29,Gift Card,TikTok,694.94,256.83,Cancelled
ORD_9722,CUST_199,2024-12-28,Beauty,Instagram,443.87,325.39,Completed
ORD_9723,CUST_1062,2025-05-18,Beauty,Instagram,63.17,22.48,Completed
ORD_9724,CUST_633,2025-06-06,Limited Collection,LinkedIn,612.4,273.88,Refunded
ORD_9725,CUST_305,2025-04-07,Subscription Box,LinkedIn,120.26,42.19,Completed
ORD_9726,CUST_1496,2024-04-26,Beauty,LinkedIn,180.18,64.8,Completed
ORD_9727,CUST_574,2025-05-01,Gift Card,Google Search,141.36,66.84,Completed
ORD_9728,CUST_213,2024-12-12,Accessories,Referral,120.45,75.85,Completed
ORD_9729,CUST_149,2024-01-25,Subscription Box,Partnership,613.88,244.02,Cancelled
ORD_9730,CUST_627,2024-06-24,Subscription Box,Partnership,220.01,87.13,Completed
ORD_9731,CUST_1343,2024-06-11,Gift Card,Referral,229.8,86.41,Refunded
ORD_9732,CUST_1150,2025-04-11,Limited Collection,Instagram,172.55,79.59,Cancelled
ORD_9733,CUST_1385,2025-03-04,Limited Collection,Referral,187.87,83.58,Completed
ORD_9734,CUST_1066,2024-06-09,Premium Box,Partnership,262.56,146.06,Completed
ORD_9735,CUST_602,2024-01-02,Subscription Box,Google Search,640.72,381.84,Completed
ORD_9736,CUST_680,2024-01-30,Gift Card,Event Walk-in,199.25,112.56,Completed
ORD_9737,CUST_932,2024-07-14,Gift Card,Instagram,492.03,285.79,Completed
ORD_9738,CUST_103,2024-08-26,Limited Collection,Partnership,661.73,439.42,Refunded
ORD_9739,CUST_212,2024-03-01,Fashion,Instagram,630.52,413.23,Completed
ORD_9740,CUST_1125,2024-02-08,Beauty,LinkedIn,317.25,201.17,Completed
ORD_9741,CUST_825,2024-04-01,Fashion,LinkedIn,551.31,323.37,Completed
ORD_9742,CUST_80,2024-02-20,Fashion,TikTok,398.55,170.39,Completed
ORD_9743,CUST_417,2024-06-26,Subscription Box,LinkedIn,469.88,334.54,Completed
ORD_9744,CUST_531,2024-06-21,Fashion,Partnership,226.0,87.02,Completed
ORD_9745,CUST_1277,2024-01-04,Beauty,Event Walk-in,208.55,99.99,Refunded
ORD_9746,CUST_930,2025-06-26,Premium Box,Instagram,697.29,264.86,Completed
ORD_9747,CUST_1098,2024-12-08,Fashion,Partnership,363.89,201.1,Refunded
ORD_9748,CUST_856,2024-04-17,Premium Box,Google Search,561.82,293.55,Completed
ORD_9749,CUST_1013,2024-06-13,Premium Box,LinkedIn,589.45,220.42,Completed
ORD_9750,CUST_281,2024-02-26,Subscription Box,Referral,120.8,85.65,Completed
ORD_9751,CUST_892,2025-02-07,Beauty,Google Search,384.98,202.65,Completed
ORD_9752,CUST_693,2024-05-22,Limited Collection,TikTok,202.31,128.74,Completed
ORD_9753,CUST_1238,2025-01-10,Accessories,Google Search,170.04,106.52,Refunded
ORD_9754,CUST_139,2025-06-06,Premium Box,Partnership,251.84,147.52,Completed
ORD_9755,CUST_1089,2025-05-04,Limited Collection,LinkedIn,447.47,164.88,Completed
ORD_9756,CUST_1293,2024-11-05,Beauty,Event Walk-in,322.69,153.19,Cancelled
ORD_9757,CUST_536,2024-06-28,Gift Card,Event Walk-in,43.07,21.91,Completed
ORD_9758,CUST_992,2024-02-22,Accessories,Instagram,56.98,35.12,Completed
ORD_9759,CUST_289,2024-07-23,Beauty,LinkedIn,612.41,292.75,Completed
ORD_9760,CUST_811,2024-08-20,Premium Box,Google Search,539.12,321.09,Completed
ORD_9761,CUST_173,2025-01-18,Limited Collection,TikTok,194.0,107.24,Refunded
ORD_9762,CUST_991,2024-12-03,Accessories,TikTok,30.39,10.94,Completed
ORD_9763,CUST_961,2025-02-18,Beauty,Google Search,574.19,295.69,Completed
ORD_9764,CUST_902,2024-06-03,Accessories,TikTok,363.11,128.42,Refunded
ORD_9765,CUST_372,2025-02-05,Premium Box,TikTok,482.11,294.66,Completed
ORD_9766,CUST_1308,2025-05-11,Beauty,LinkedIn,198.02,108.78,Completed
ORD_9767,CUST_1062,2025-06-06,Accessories,Instagram,225.98,84.17,Completed
ORD_9768,CUST_490,2024-01-25,Subscription Box,Event Walk-in,408.9,189.97,Completed
ORD_9769,CUST_487,2024-01-15,Fashion,Instagram,436.62,326.6,Completed
ORD_9770,CUST_1244,2024-08-17,Subscription Box,Google Search,156.45,86.71,Cancelled
ORD_9771,CUST_83,2024-02-10,Fashion,Event Walk-in,529.55,341.95,Completed
ORD_9772,CUST_416,2024-03-03,Limited Collection,Partnership,552.02,336.45,Completed
ORD_9773,CUST_257,2024-01-27,Gift Card,Google Search,188.36,116.96,Completed
ORD_9774,CUST_329,2024-02-16,Accessories,Event Walk-in,684.46,504.94,Completed
ORD_9775,CUST_183,2024-01-12,Beauty,Instagram,219.87,111.73,Completed
ORD_9776,CUST_797,2024-08-08,Accessories,Google Search,16.63,8.61,Completed
ORD_9777,CUST_1290,2024-01-14,Accessories,Partnership,503.94,273.67,Completed
ORD_9778,CUST_1014,2024-06-28,Beauty,Instagram,623.14,310.63,Completed
ORD_9779,CUST_1094,2024-12-24,Premium Box,Instagram,279.24,190.21,Completed
ORD_9780,CUST_85,2024-12-30,Fashion,Instagram,69.24,34.55,Cancelled
ORD_9781,CUST_1406,2024-05-05,Subscription Box,TikTok,629.18,375.87,Completed
ORD_9782,CUST_24,2024-09-13,Beauty,Partnership,112.52,62.62,Completed
ORD_9783,CUST_2,2025-06-10,Fashion,LinkedIn,472.42,262.47,Completed
ORD_9784,CUST_27,2024-10-13,Premium Box,TikTok,37.15,14.62,Completed
ORD_9785,CUST_864,2024-09-03,Limited Collection,Referral,431.16,254.15,Completed
ORD_9786,CUST_1397,2024-01-10,Accessories,Referral,509.05,234.33,Completed
ORD_9787,CUST_439,2024-04-18,Gift Card,Event Walk-in,224.78,134.26,Completed
ORD_9788,CUST_1192,2024-12-08,Subscription Box,LinkedIn,585.33,305.2,Completed
ORD_9789,CUST_849,2025-05-09,Premium Box,TikTok,283.83,121.63,Completed
ORD_9790,CUST_1149,2024-04-11,Limited Collection,Google Search,46.16,34.36,Completed
ORD_9791,CUST_528,2025-03-09,Beauty,Partnership,479.75,307.67,Completed
ORD_9792,CUST_231,2024-07-10,Premium Box,LinkedIn,570.21,345.68,Completed
ORD_9793,CUST_794,2024-07-22,Subscription Box,Google Search,695.52,408.2,Completed
ORD_9794,CUST_812,2024-09-23,Beauty,Event Walk-in,267.94,131.62,Completed
ORD_9795,CUST_1215,2024-05-01,Limited Collection,LinkedIn,306.82,155.7,Completed
ORD_9796,CUST_429,2024-07-22,Gift Card,Event Walk-in,575.99,370.21,Completed
ORD_9797,CUST_608,2024-11-23,Limited Collection,Event Walk-in,208.29,130.71,Completed
ORD_9798,CUST_1450,2025-01-04,Accessories,LinkedIn,688.55,287.73,Completed
ORD_9799,CUST_808,2024-01-29,Accessories,TikTok,628.3,432.74,Completed
ORD_9800,CUST_1221,2024-10-01,Subscription Box,Referral,557.86,287.53,Completed
ORD_9801,CUST_816,2024-08-30,Gift Card,Referral,100.39,65.65,Completed
ORD_9802,CUST_1318,2024-07-05,Premium Box,TikTok,87.73,48.22,Completed
ORD_9803,CUST_197,2025-02-04,Subscription Box,Partnership,652.55,370.47,Completed
ORD_9804,CUST_612,2024-05-22,Premium Box,Event Walk-in,473.92,336.46,Completed
ORD_9805,CUST_1200,2025-03-07,Fashion,LinkedIn,63.49,30.72,Completed
ORD_9806,CUST_892,2024-11-02,Accessories,Google Search,418.17,302.17,Refunded
ORD_9807,CUST_759,2025-03-04,Fashion,Referral,143.37,96.33,Completed
ORD_9808,CUST_702,2025-05-19,Limited Collection,TikTok,549.48,213.35,Completed
ORD_9809,CUST_1248,2025-06-23,Limited Collection,Event Walk-in,74.39,37.08,Completed
ORD_9810,CUST_799,2024-06-10,Limited Collection,Referral,453.24,231.59,Completed
ORD_9811,CUST_1194,2024-10-25,Beauty,Referral,638.3,266.69,Completed
ORD_9812,CUST_1330,2025-06-17,Subscription Box,LinkedIn,575.39,409.05,Completed
ORD_9813,CUST_1161,2024-06-08,Accessories,TikTok,687.4,482.92,Completed
ORD_9814,CUST_602,2025-06-08,Fashion,Google Search,481.1,293.52,Completed
ORD_9815,CUST_1482,2025-02-11,Gift Card,Instagram,213.9,102.67,Completed
ORD_9816,CUST_417,2024-06-19,Accessories,LinkedIn,236.11,130.52,Cancelled
ORD_9817,CUST_1382,2024-11-25,Limited Collection,Partnership,323.89,201.83,Completed
ORD_9818,CUST_1402,2024-09-10,Gift Card,Event Walk-in,615.36,272.55,Completed
ORD_9819,CUST_497,2024-12-01,Beauty,Instagram,698.77,252.88,Completed
ORD_9820,CUST_539,2024-12-09,Subscription Box,LinkedIn,463.61,257.56,Completed
ORD_9821,CUST_441,2024-07-18,Fashion,Event Walk-in,140.07,59.33,Completed
ORD_9822,CUST_1288,2024-05-12,Fashion,Partnership,113.86,62.08,Completed
ORD_9823,CUST_704,2025-06-02,Accessories,TikTok,640.74,361.07,Completed
ORD_9824,CUST_1445,2024-12-12,Fashion,LinkedIn,647.57,365.5,Completed
ORD_9825,CUST_276,2024-08-28,Subscription Box,Event Walk-in,232.83,107.49,Completed
ORD_9826,CUST_1124,2024-03-06,Limited Collection,Partnership,131.96,94.6,Completed
ORD_9827,CUST_1274,2025-02-24,Beauty,Referral,211.75,122.99,Completed
ORD_9828,CUST_1055,2025-04-03,Subscription Box,Google Search,285.53,108.16,Completed
ORD_9829,CUST_1206,2024-09-09,Fashion,LinkedIn,654.3,434.5,Completed
ORD_9830,CUST_1404,2025-04-07,Beauty,Instagram,99.05,51.3,Completed
ORD_9831,CUST_1143,2025-01-11,Accessories,Event Walk-in,437.91,318.48,Completed
ORD_9832,CUST_1266,2025-06-10,Gift Card,Event Walk-in,134.37,94.2,Completed
ORD_9833,CUST_22,2025-02-06,Fashion,LinkedIn,644.02,274.68,Completed
ORD_9834,CUST_660,2024-09-26,Premium Box,LinkedIn,24.56,10.15,Refunded
ORD_9835,CUST_517,2024-04-15,Fashion,Event Walk-in,87.57,54.94,Completed
ORD_9836,CUST_175,2024-04-27,Subscription Box,Partnership,487.42,318.67,Completed
ORD_9837,CUST_1495,2024-10-31,Gift Card,Partnership,269.8,135.49,Completed
ORD_9838,CUST_1239,2024-06-12,Accessories,Event Walk-in,688.6,345.15,Completed
ORD_9839,CUST_877,2025-02-17,Fashion,TikTok,390.59,237.8,Completed
ORD_9840,CUST_919,2024-12-03,Fashion,TikTok,338.25,120.4,Refunded
ORD_9841,CUST_954,2025-01-04,Accessories,Referral,537.51,278.34,Completed
ORD_9842,CUST_776,2024-02-20,Subscription Box,Google Search,602.56,330.8,Completed
ORD_9843,CUST_517,2024-01-19,Subscription Box,Event Walk-in,560.44,375.64,Completed
ORD_9844,CUST_980,2024-01-16,Premium Box,TikTok,287.16,133.79,Completed
ORD_9845,CUST_459,2024-12-21,Accessories,Event Walk-in,185.6,94.17,Completed
ORD_9846,CUST_1286,2024-03-03,Accessories,Instagram,381.79,164.85,Completed
ORD_9847,CUST_589,2025-04-21,Fashion,Referral,626.37,277.03,Completed
ORD_9848,CUST_334,2025-04-17,Fashion,Event Walk-in,133.75,94.76,Completed
ORD_9849,CUST_1426,2024-04-23,Fashion,Google Search,119.99,72.34,Refunded
ORD_9850,CUST_618,2024-11-12,Gift Card,LinkedIn,484.45,347.13,Completed
ORD_9851,CUST_173,2025-04-11,Fashion,TikTok,186.61,67.26,Completed
ORD_9852,CUST_1147,2024-07-21,Premium Box,Partnership,489.81,276.12,Completed
ORD_9853,CUST_515,2025-03-17,Fashion,Partnership,484.59,182.61,Completed
ORD_9854,CUST_1341,2024-06-04,Limited Collection,Instagram,415.39,212.93,Completed
ORD_9855,CUST_592,2025-04-28,Limited Collection,LinkedIn,114.06,65.98,Completed
ORD_9856,CUST_1239,2024-03-07,Subscription Box,Event Walk-in,271.61,155.22,Completed
ORD_9857,CUST_1040,2024-10-06,Gift Card,Partnership,634.39,451.54,Refunded
ORD_9858,CUST_1313,2024-12-10,Premium Box,Referral,378.29,166.35,Cancelled
ORD_9859,CUST_1139,2024-03-03,Premium Box,Referral,95.6,70.41,Completed
ORD_9860,CUST_64,2024-12-13,Accessories,TikTok,664.79,248.39,Completed
ORD_9861,CUST_1143,2024-04-20,Accessories,Event Walk-in,523.6,382.43,Completed
ORD_9862,CUST_1181,2024-09-29,Beauty,TikTok,127.83,55.37,Completed
ORD_9863,CUST_319,2024-11-17,Gift Card,Event Walk-in,33.18,16.78,Completed
ORD_9864,CUST_1196,2024-02-01,Fashion,TikTok,335.26,118.03,Completed
ORD_9865,CUST_959,2024-04-16,Accessories,LinkedIn,410.81,231.75,Completed
ORD_9866,CUST_143,2025-02-04,Accessories,Google Search,609.0,435.68,Completed
ORD_9867,CUST_642,2024-08-14,Subscription Box,Referral,21.48,14.32,Completed
ORD_9868,CUST_49,2024-06-17,Beauty,LinkedIn,25.03,17.66,Completed
ORD_9869,CUST_737,2024-01-27,Subscription Box,LinkedIn,464.73,329.73,Completed
ORD_9870,CUST_209,2024-01-31,Accessories,LinkedIn,151.96,92.95,Completed
ORD_9871,CUST_419,2024-06-23,Subscription Box,Partnership,663.76,461.63,Cancelled
ORD_9872,CUST_170,2025-06-23,Subscription Box,Event Walk-in,278.78,177.29,Completed
ORD_9873,CUST_26,2024-11-16,Fashion,Referral,487.85,311.23,Refunded
ORD_9874,CUST_363,2025-01-22,Limited Collection,Partnership,675.32,463.26,Completed
ORD_9875,CUST_772,2025-06-08,Gift Card,Partnership,511.53,347.51,Refunded
ORD_9876,CUST_592,2024-08-23,Fashion,LinkedIn,673.01,250.23,Completed
ORD_9877,CUST_121,2025-02-19,Beauty,Instagram,69.14,37.75,Completed
ORD_9878,CUST_1384,2025-02-25,Premium Box,TikTok,256.18,141.97,Completed
ORD_9879,CUST_900,2024-09-18,Subscription Box,Event Walk-in,577.0,341.33,Completed
ORD_9880,CUST_650,2024-03-08,Gift Card,Instagram,155.53,69.79,Completed
ORD_9881,CUST_26,2024-06-02,Fashion,Referral,614.17,229.58,Refunded
ORD_9882,CUST_61,2024-03-09,Premium Box,Instagram,132.73,59.36,Completed
ORD_9883,CUST_1163,2025-01-26,Beauty,Event Walk-in,105.81,52.74,Refunded
ORD_9884,CUST_848,2024-04-23,Premium Box,Instagram,628.05,263.7,Completed
ORD_9885,CUST_1195,2024-11-11,Beauty,Referral,280.33,166.67,Refunded
ORD_9886,CUST_469,2025-02-26,Gift Card,Partnership,54.96,36.5,Completed
ORD_9887,CUST_1035,2024-06-03,Fashion,Partnership,577.31,361.74,Completed
ORD_9888,CUST_684,2024-08-04,Gift Card,Instagram,675.97,407.26,Completed
ORD_9889,CUST_610,2024-06-12,Limited Collection,Google Search,580.61,345.1,Refunded
ORD_9890,CUST_1077,2024-12-08,Accessories,Google Search,455.28,174.03,Completed
ORD_9891,CUST_1449,2024-11-14,Gift Card,Google Search,39.02,23.51,Completed
ORD_9892,CUST_269,2024-09-10,Subscription Box,Referral,610.53,292.07,Completed
ORD_9893,CUST_106,2024-04-14,Fashion,Referral,644.43,471.77,Completed
ORD_9894,CUST_711,2024-02-03,Accessories,TikTok,47.79,22.07,Completed
ORD_9895,CUST_1015,2024-01-14,Fashion,Instagram,391.46,137.89,Completed
ORD_9896,CUST_523,2024-09-24,Gift Card,Instagram,371.24,241.03,Completed
ORD_9897,CUST_95,2024-06-04,Gift Card,Referral,211.43,113.75,Refunded
ORD_9898,CUST_1159,2025-02-10,Fashion,LinkedIn,439.32,201.63,Completed
ORD_9899,CUST_582,2024-11-22,Premium Box,LinkedIn,124.54,91.57,Completed
ORD_9900,CUST_868,2024-07-02,Gift Card,TikTok,241.22,145.61,Completed
ORD_9901,CUST_199,2024-05-05,Premium Box,Instagram,213.82,110.5,Completed
ORD_9902,CUST_639,2024-09-12,Gift Card,Partnership,427.08,271.84,Completed
ORD_9903,CUST_1346,2024-11-27,Subscription Box,Referral,655.34,461.78,Completed
ORD_9904,CUST_1123,2024-11-09,Fashion,LinkedIn,487.62,244.27,Completed
ORD_9905,CUST_379,2024-10-13,Beauty,Google Search,448.39,278.6,Refunded
ORD_9906,CUST_514,2025-06-06,Gift Card,Event Walk-in,365.93,159.58,Completed
ORD_9907,CUST_1376,2025-03-02,Limited Collection,Google Search,516.46,253.18,Completed
ORD_9908,CUST_1161,2024-02-26,Beauty,TikTok,280.69,149.33,Completed
ORD_9909,CUST_1470,2025-02-23,Accessories,Partnership,553.44,370.96,Refunded
ORD_9910,CUST_81,2025-02-10,Gift Card,Instagram,533.14,244.07,Completed
ORD_9911,CUST_902,2024-01-21,Gift Card,TikTok,632.83,296.75,Completed
ORD_9912,CUST_578,2024-02-09,Beauty,LinkedIn,215.08,146.74,Completed
ORD_9913,CUST_327,2025-05-07,Accessories,LinkedIn,619.75,237.65,Completed
ORD_9914,CUST_148,2025-03-01,Subscription Box,Partnership,253.92,173.09,Refunded
ORD_9915,CUST_1395,2025-04-05,Premium Box,Event Walk-in,467.36,266.91,Refunded
ORD_9916,CUST_254,2024-08-27,Accessories,LinkedIn,469.51,334.83,Completed
ORD_9917,CUST_1369,2024-05-13,Beauty,Event Walk-in,256.67,102.02,Completed
ORD_9918,CUST_233,2024-10-07,Subscription Box,Instagram,439.84,267.89,Cancelled
ORD_9919,CUST_49,2024-08-28,Subscription Box,LinkedIn,630.83,427.82,Completed
ORD_9920,CUST_929,2024-09-14,Premium Box,Referral,86.9,33.21,Completed
ORD_9921,CUST_1309,2024-06-25,Premium Box,Instagram,342.78,195.49,Completed
ORD_9922,CUST_756,2024-01-12,Accessories,Referral,535.04,301.78,Completed
ORD_9923,CUST_1097,2024-07-16,Limited Collection,LinkedIn,531.13,270.99,Cancelled
ORD_9924,CUST_1326,2024-10-18,Subscription Box,Partnership,174.14,65.55,Completed
ORD_9925,CUST_641,2024-04-23,Subscription Box,TikTok,661.42,463.03,Completed
ORD_9926,CUST_791,2024-04-30,Gift Card,TikTok,355.71,194.41,Completed
ORD_9927,CUST_606,2024-03-22,Beauty,Instagram,227.94,134.14,Completed
ORD_9928,CUST_1116,2024-05-30,Accessories,TikTok,660.57,306.27,Refunded
ORD_9929,CUST_942,2025-02-25,Gift Card,Partnership,649.09,254.45,Completed
ORD_9930,CUST_1481,2025-02-08,Subscription Box,Event Walk-in,240.4,121.52,Completed
ORD_9931,CUST_1186,2024-09-04,Subscription Box,TikTok,232.67,163.93,Completed
ORD_9932,CUST_59,2025-02-16,Gift Card,LinkedIn,468.02,278.43,Completed
ORD_9933,CUST_676,2024-05-25,Accessories,Instagram,476.34,186.94,Completed
ORD_9934,CUST_1224,2024-07-16,Premium Box,LinkedIn,117.32,57.86,Completed
ORD_9935,CUST_37,2025-04-30,Premium Box,Partnership,527.09,257.53,Cancelled
ORD_9936,CUST_1363,2024-01-05,Accessories,Google Search,558.19,210.99,Completed
ORD_9937,CUST_603,2024-01-12,Subscription Box,TikTok,605.58,417.75,Completed
ORD_9938,CUST_134,2025-06-13,Beauty,Google Search,512.7,342.33,Completed
ORD_9939,CUST_369,2024-08-09,Subscription Box,TikTok,223.3,124.26,Completed
ORD_9940,CUST_564,2025-02-23,Limited Collection,LinkedIn,430.41,309.09,Completed
ORD_9941,CUST_1290,2024-02-28,Premium Box,Partnership,681.56,298.11,Completed
ORD_9942,CUST_556,2025-05-29,Subscription Box,Instagram,558.0,217.49,Completed
ORD_9943,CUST_1234,2024-06-27,Fashion,Referral,159.79,80.94,Completed
ORD_9944,CUST_730,2025-04-30,Subscription Box,Instagram,573.82,418.71,Cancelled
ORD_9945,CUST_317,2025-02-19,Limited Collection,Instagram,410.83,198.54,Completed
ORD_9946,CUST_903,2024-05-28,Premium Box,Instagram,97.57,66.61,Completed
ORD_9947,CUST_646,2025-06-12,Gift Card,Partnership,695.09,368.58,Completed
ORD_9948,CUST_398,2024-01-01,Subscription Box,Event Walk-in,469.66,305.67,Completed
ORD_9949,CUST_601,2024-07-02,Beauty,Referral,141.22,65.9,Completed
ORD_9950,CUST_1066,2024-12-27,Fashion,Partnership,629.92,393.96,Refunded
ORD_9951,CUST_279,2024-02-22,Subscription Box,Google Search,545.34,364.0,Completed
ORD_9952,CUST_404,2024-06-22,Limited Collection,Referral,326.68,222.29,Completed
ORD_9953,CUST_773,2024-11-05,Beauty,Instagram,697.86,428.33,Completed
ORD_9954,CUST_1464,2024-06-26,Fashion,Event Walk-in,65.11,23.02,Completed
ORD_9955,CUST_1242,2024-02-08,Premium Box,TikTok,234.22,135.78,Completed
ORD_9956,CUST_758,2025-05-13,Subscription Box,LinkedIn,156.33,107.06,Completed
ORD_9957,CUST_755,2024-05-28,Limited Collection,Event Walk-in,253.66,151.57,Completed
ORD_9958,CUST_739,2024-07-31,Beauty,Event Walk-in,695.96,328.21,Cancelled
ORD_9959,CUST_427,2024-10-22,Limited Collection,Referral,342.34,140.07,Completed
ORD_9960,CUST_295,2024-01-20,Fashion,Instagram,340.25,217.54,Completed
ORD_9961,CUST_763,2025-03-23,Subscription Box,Referral,520.36,385.97,Completed
ORD_9962,CUST_782,2024-11-11,Subscription Box,Google Search,256.5,164.04,Completed
ORD_9963,CUST_1358,2025-05-22,Accessories,Partnership,131.37,94.12,Completed
ORD_9964,CUST_938,2024-05-12,Fashion,Google Search,401.93,261.29,Completed
ORD_9965,CUST_899,2024-12-10,Accessories,TikTok,433.01,284.66,Completed
ORD_9966,CUST_270,2024-07-04,Premium Box,Partnership,612.16,261.95,Completed
ORD_9967,CUST_993,2024-02-01,Accessories,TikTok,326.7,173.93,Completed
ORD_9968,CUST_184,2025-02-07,Limited Collection,Instagram,589.63,375.44,Completed
ORD_9969,CUST_573,2025-03-12,Beauty,Referral,56.94,21.31,Completed
ORD_9970,CUST_1413,2024-10-31,Subscription Box,Event Walk-in,105.3,78.95,Completed
ORD_9971,CUST_1377,2024-01-20,Premium Box,Google Search,411.41,271.34,Completed
ORD_9972,CUST_21,2024-04-28,Premium Box,Instagram,534.98,259.56,Refunded
ORD_9973,CUST_521,2025-01-07,Limited Collection,Event Walk-in,349.78,226.46,Completed
ORD_9974,CUST_184,2024-08-19,Fashion,Instagram,605.3,246.01,Completed
ORD_9975,CUST_10,2024-08-15,Subscription Box,Instagram,171.23,111.62,Completed
ORD_9976,CUST_559,2025-04-24,Accessories,TikTok,176.4,124.55,Completed
ORD_9977,CUST_13,2025-02-06,Beauty,TikTok,317.08,179.49,Refunded
ORD_9978,CUST_642,2025-01-04,Limited Collection,Referral,376.3,170.85,Cancelled
ORD_9979,CUST_1010,2025-05-06,Fashion,Google Search,444.02,243.5,Refunded
ORD_9980,CUST_580,2025-03-31,Accessories,Event Walk-in,80.26,52.51,Completed
ORD_9981,CUST_368,2024-09-07,Beauty,Partnership,559.8,374.86,Completed
ORD_9982,CUST_127,2025-05-14,Beauty,Google Search,500.69,372.33,Completed
ORD_9983,CUST_1366,2024-04-27,Subscription Box,Google Search,188.81,110.47,Completed
ORD_9984,CUST_693,2024-01-08,Subscription Box,TikTok,18.19,11.24,Completed
ORD_9985,CUST_1409,2024-08-03,Fashion,Instagram,102.29,51.18,Completed
ORD_9986,CUST_1331,2025-06-09,Subscription Box,Google Search,289.93,163.55,Completed
ORD_9987,CUST_894,2025-06-20,Gift Card,Event Walk-in,156.83,101.72,Completed
ORD_9988,CUST_1181,2024-03-08,Subscription Box,TikTok,481.23,212.9,Completed
ORD_9989,CUST_432,2025-01-27,Limited Collection,Instagram,26.86,17.57,Completed
ORD_9990,CUST_895,2025-02-06,Premium Box,Event Walk-in,574.11,252.65,Cancelled
ORD_9991,CUST_1445,2025-02-02,Beauty,LinkedIn,655.89,481.62,Completed
ORD_9992,CUST_127,2024-02-21,Fashion,Google Search,393.81,199.06,Completed
ORD_9993,CUST_1082,2025-05-27,Gift Card,Partnership,92.83,68.01,Completed
ORD_9994,CUST_286,2025-05-03,Beauty,Google Search,365.38,183.32,Completed
ORD_9995,CUST_902,2024-04-06,Limited Collection,TikTok,295.83,109.83,Completed
ORD_9996,CUST_1359,2024-12-29,Fashion,LinkedIn,330.1,211.39,Completed
ORD_9997,CUST_310,2024-03-06,Limited Collection,Event Walk-in,638.05,257.94,Completed
ORD_9998,CUST_535,2024-07-28,Accessories,Google Search,406.54,269.84,Refunded
ORD_9999,CUST_1114,2025-06-22,Premium Box,Event Walk-in,517.89,373.66,Completed
ORD_10000,CUST_311,2024-03-31,Premium Box,Event Walk-in,562.99,393.15,Completed
