feedback_id,customer_id,date,score,complaint_category,comment
FB_1,CUST_633,2025-05-13,3,Réservation,Service client réactif.
FB_2,CUST_38,2024-01-19,4,Qualité service,Service client réactif.
FB_3,CUST_1281,2025-02-09,5,Qualité service,Packaging premium.
FB_4,CUST_1363,2024-01-28,3,Support client,Taille indisponible trop souvent.
FB_5,CUST_643,2025-05-23,5,Aucune plainte,Livraison rapide et produit conforme.
FB_6,CUST_248,2024-03-29,2,Organisation,Expérience d’achat agréable.
FB_7,CUST_670,2025-01-06,5,Communication,Expérience d’achat agréable.
FB_8,CUST_856,2025-04-16,1,Organisation,Le prix est intéressant mais le retour est compliqué.
FB_9,CUST_102,2024-09-12,5,Prix,Le prix est intéressant mais le retour est compliqué.
FB_10,CUST_569,2024-04-30,4,Aucune plainte,Service client réactif.
FB_11,CUST_346,2024-10-27,4,Communication,Produit reçu en retard.
FB_12,CUST_156,2025-02-03,1,Support client,J’ai eu un problème avec ma commande.
FB_13,CUST_1347,2025-04-30,5,Support client,Taille indisponible trop souvent.
FB_14,CUST_1274,2024-07-22,5,Organisation,Très bonne qualité.
FB_15,CUST_533,2025-02-04,5,Réservation,Expérience d’achat agréable.
FB_16,CUST_426,2024-04-04,2,Qualité service,Le site est fluide et simple.
FB_17,CUST_1371,2025-01-17,2,Organisation,Service client réactif.
FB_18,CUST_727,2024-10-12,1,Qualité service,Livraison rapide et produit conforme.
FB_19,CUST_738,2024-12-23,3,Réservation,Le site est fluide et simple.
FB_20,CUST_1200,2024-01-29,3,Prix,Le prix est intéressant mais le retour est compliqué.
FB_21,CUST_683,2024-10-19,2,Support client,Le prix est intéressant mais le retour est compliqué.
FB_22,CUST_700,2025-03-04,4,Réservation,Le prix est intéressant mais le retour est compliqué.
FB_23,CUST_762,2024-09-17,1,Prix,Packaging premium.
FB_24,CUST_124,2024-09-24,1,Prix,Produit reçu en retard.
FB_25,CUST_773,2024-04-02,4,Organisation,Taille indisponible trop souvent.
FB_26,CUST_356,2024-08-11,2,Prix,Packaging premium.
FB_27,CUST_619,2024-06-10,1,Aucune plainte,Livraison rapide et produit conforme.
FB_28,CUST_174,2024-08-18,5,Réservation,Expérience d’achat agréable.
FB_29,CUST_1489,2024-09-29,4,Prix,Produit reçu en retard.
FB_30,CUST_630,2024-05-02,3,Réservation,Le prix est intéressant mais le retour est compliqué.
FB_31,CUST_150,2024-11-24,2,Aucune plainte,Produit reçu en retard.
FB_32,CUST_911,2025-06-25,2,Communication,Très bonne qualité.
FB_33,CUST_299,2024-08-06,1,Organisation,Le prix est intéressant mais le retour est compliqué.
FB_34,CUST_4,2025-04-18,2,Qualité service,Packaging premium.
FB_35,CUST_48,2024-01-18,4,Communication,Le prix est intéressant mais le retour est compliqué.
FB_36,CUST_256,2024-05-08,3,Prix,Livraison rapide et produit conforme.
FB_37,CUST_1187,2024-11-12,3,Aucune plainte,Service client réactif.
FB_38,CUST_233,2025-02-07,5,Qualité service,Très bonne qualité.
FB_39,CUST_993,2024-03-02,4,Prix,Taille indisponible trop souvent.
FB_40,CUST_593,2024-10-27,5,Qualité service,Produit reçu en retard.
FB_41,CUST_1183,2024-10-11,1,Support client,Le prix est intéressant mais le retour est compliqué.
FB_42,CUST_936,2025-06-12,5,Support client,Expérience d’achat agréable.
FB_43,CUST_1188,2024-06-27,4,Communication,Très bonne qualité.
FB_44,CUST_1201,2024-08-21,4,Communication,J’ai eu un problème avec ma commande.
FB_45,CUST_1462,2024-02-27,5,Qualité service,Packaging premium.
FB_46,CUST_99,2025-01-11,4,Qualité service,Livraison rapide et produit conforme.
FB_47,CUST_514,2024-02-01,2,Support client,Très bonne qualité.
FB_48,CUST_1342,2024-12-16,4,Aucune plainte,Le site est fluide et simple.
FB_49,CUST_72,2024-11-01,5,Prix,Service client réactif.
FB_50,CUST_1448,2025-01-18,2,Réservation,Le prix est intéressant mais le retour est compliqué.
FB_51,CUST_916,2025-05-01,4,Aucune plainte,Taille indisponible trop souvent.
FB_52,CUST_761,2025-06-18,4,Communication,Taille indisponible trop souvent.
FB_53,CUST_975,2024-09-05,4,Qualité service,Expérience d’achat agréable.
FB_54,CUST_465,2024-05-06,5,Réservation,Très bonne qualité.
FB_55,CUST_990,2024-02-15,5,Support client,Expérience d’achat agréable.
FB_56,CUST_390,2024-11-11,4,Qualité service,Le site est fluide et simple.
FB_57,CUST_486,2024-10-18,4,Communication,Taille indisponible trop souvent.
FB_58,CUST_1194,2024-09-20,1,Réservation,J’ai eu un problème avec ma commande.
FB_59,CUST_168,2025-03-15,2,Qualité service,Le site est fluide et simple.
FB_60,CUST_667,2024-11-05,3,Qualité service,Le prix est intéressant mais le retour est compliqué.
FB_61,CUST_517,2024-02-07,1,Prix,Expérience d’achat agréable.
FB_62,CUST_992,2024-01-29,2,Organisation,Le prix est intéressant mais le retour est compliqué.
FB_63,CUST_298,2024-11-06,2,Support client,Produit reçu en retard.
FB_64,CUST_497,2024-09-21,2,Support client,Livraison rapide et produit conforme.
FB_65,CUST_311,2025-03-30,3,Organisation,Livraison rapide et produit conforme.
FB_66,CUST_1064,2024-03-10,3,Réservation,Produit reçu en retard.
FB_67,CUST_362,2025-04-13,2,Aucune plainte,Service client réactif.
FB_68,CUST_842,2025-01-29,3,Prix,Très bonne qualité.
FB_69,CUST_1440,2025-04-11,1,Organisation,Très bonne qualité.
FB_70,CUST_131,2025-03-05,5,Aucune plainte,Taille indisponible trop souvent.
FB_71,CUST_704,2025-01-15,1,Qualité service,Livraison rapide et produit conforme.
FB_72,CUST_177,2025-01-31,4,Aucune plainte,Expérience d’achat agréable.
FB_73,CUST_497,2024-08-29,2,Organisation,Expérience d’achat agréable.
FB_74,CUST_893,2025-06-23,1,Communication,Produit reçu en retard.
FB_75,CUST_1123,2025-04-15,2,Support client,Le site est fluide et simple.
FB_76,CUST_850,2025-06-26,2,Organisation,Taille indisponible trop souvent.
FB_77,CUST_39,2025-06-04,5,Qualité service,Produit reçu en retard.
FB_78,CUST_1257,2024-03-22,4,Prix,Le site est fluide et simple.
FB_79,CUST_355,2024-12-12,2,Organisation,Expérience d’achat agréable.
FB_80,CUST_1136,2024-04-18,3,Support client,Le prix est intéressant mais le retour est compliqué.
FB_81,CUST_1410,2024-07-13,4,Organisation,Produit reçu en retard.
FB_82,CUST_1315,2024-06-22,5,Communication,Le prix est intéressant mais le retour est compliqué.
FB_83,CUST_218,2024-01-26,1,Prix,Le site est fluide et simple.
FB_84,CUST_684,2025-04-27,4,Support client,Livraison rapide et produit conforme.
FB_85,CUST_952,2024-10-02,2,Aucune plainte,Le site est fluide et simple.
FB_86,CUST_500,2024-10-25,3,Support client,Service client réactif.
FB_87,CUST_51,2024-03-05,4,Prix,Expérience d’achat agréable.
FB_88,CUST_1041,2025-06-09,5,Support client,Le site est fluide et simple.
FB_89,CUST_907,2024-07-01,5,Organisation,Produit reçu en retard.
FB_90,CUST_711,2025-03-28,1,Aucune plainte,Service client réactif.
FB_91,CUST_306,2025-04-19,3,Réservation,Produit reçu en retard.
FB_92,CUST_1040,2024-03-20,1,Aucune plainte,Expérience d’achat agréable.
FB_93,CUST_295,2024-01-15,5,Organisation,Le prix est intéressant mais le retour est compliqué.
FB_94,CUST_283,2025-02-23,4,Support client,Livraison rapide et produit conforme.
FB_95,CUST_949,2024-04-20,1,Prix,Expérience d’achat agréable.
FB_96,CUST_1119,2024-04-24,3,Communication,Le prix est intéressant mais le retour est compliqué.
FB_97,CUST_861,2024-09-29,2,Organisation,J’ai eu un problème avec ma commande.
FB_98,CUST_534,2024-02-03,1,Support client,Le prix est intéressant mais le retour est compliqué.
FB_99,CUST_398,2024-12-13,3,Aucune plainte,Le site est fluide et simple.
FB_100,CUST_834,2024-07-20,3,Organisation,Packaging premium.
FB_101,CUST_1257,2024-02-26,1,Support client,Taille indisponible trop souvent.
FB_102,CUST_558,2024-02-10,3,Réservation,Le site est fluide et simple.
FB_103,CUST_376,2024-01-18,5,Communication,Très bonne qualité.
FB_104,CUST_1051,2025-05-18,4,Aucune plainte,Expérience d’achat agréable.
FB_105,CUST_279,2025-03-05,5,Organisation,Packaging premium.
FB_106,CUST_1193,2024-07-22,1,Aucune plainte,Taille indisponible trop souvent.
FB_107,CUST_690,2025-05-21,4,Prix,Packaging premium.
FB_108,CUST_118,2024-02-24,5,Qualité service,J’ai eu un problème avec ma commande.
FB_109,CUST_235,2024-05-29,4,Qualité service,J’ai eu un problème avec ma commande.
FB_110,CUST_192,2025-01-14,2,Communication,Produit reçu en retard.
FB_111,CUST_34,2025-01-15,4,Organisation,Packaging premium.
FB_112,CUST_486,2024-06-18,4,Support client,Livraison rapide et produit conforme.
FB_113,CUST_570,2025-02-16,5,Prix,Expérience d’achat agréable.
FB_114,CUST_208,2024-01-20,3,Aucune plainte,Taille indisponible trop souvent.
FB_115,CUST_897,2025-01-17,5,Organisation,Le site est fluide et simple.
FB_116,CUST_76,2024-02-12,2,Prix,Service client réactif.
FB_117,CUST_843,2024-02-22,1,Prix,Taille indisponible trop souvent.
FB_118,CUST_1039,2025-01-28,4,Aucune plainte,Livraison rapide et produit conforme.
FB_119,CUST_821,2024-07-03,5,Support client,Service client réactif.
FB_120,CUST_1153,2024-12-01,1,Prix,Expérience d’achat agréable.
FB_121,CUST_1125,2024-10-13,4,Support client,Le prix est intéressant mais le retour est compliqué.
FB_122,CUST_516,2024-01-07,4,Organisation,Produit reçu en retard.
FB_123,CUST_912,2025-05-20,2,Support client,Le prix est intéressant mais le retour est compliqué.
FB_124,CUST_1315,2025-04-24,2,Communication,Taille indisponible trop souvent.
FB_125,CUST_724,2024-06-01,2,Qualité service,Le prix est intéressant mais le retour est compliqué.
FB_126,CUST_165,2024-02-29,1,Qualité service,Livraison rapide et produit conforme.
FB_127,CUST_1323,2024-10-23,3,Support client,Produit reçu en retard.
FB_128,CUST_1144,2025-04-20,3,Qualité service,Le prix est intéressant mais le retour est compliqué.
FB_129,CUST_1419,2024-09-12,1,Aucune plainte,Très bonne qualité.
FB_130,CUST_1461,2024-01-11,4,Prix,Livraison rapide et produit conforme.
FB_131,CUST_773,2024-03-20,4,Prix,J’ai eu un problème avec ma commande.
FB_132,CUST_939,2025-05-27,1,Aucune plainte,Livraison rapide et produit conforme.
FB_133,CUST_935,2024-12-13,1,Prix,Taille indisponible trop souvent.
FB_134,CUST_674,2024-06-20,3,Qualité service,Taille indisponible trop souvent.
FB_135,CUST_519,2025-04-12,2,Communication,Le prix est intéressant mais le retour est compliqué.
FB_136,CUST_1357,2024-11-21,5,Qualité service,J’ai eu un problème avec ma commande.
FB_137,CUST_1431,2024-09-05,4,Aucune plainte,Très bonne qualité.
FB_138,CUST_940,2025-05-23,2,Réservation,Expérience d’achat agréable.
FB_139,CUST_1170,2025-01-01,5,Qualité service,Très bonne qualité.
FB_140,CUST_1353,2024-10-24,2,Réservation,Expérience d’achat agréable.
FB_141,CUST_395,2024-06-05,2,Organisation,Livraison rapide et produit conforme.
FB_142,CUST_275,2025-06-05,3,Communication,Packaging premium.
FB_143,CUST_1141,2024-06-21,2,Communication,Très bonne qualité.
FB_144,CUST_71,2024-08-30,5,Aucune plainte,Packaging premium.
FB_145,CUST_459,2024-04-17,2,Qualité service,Service client réactif.
FB_146,CUST_1489,2024-01-03,2,Réservation,Expérience d’achat agréable.
FB_147,CUST_327,2024-12-17,3,Support client,Très bonne qualité.
FB_148,CUST_1348,2024-12-10,4,Organisation,Taille indisponible trop souvent.
FB_149,CUST_253,2024-02-22,5,Organisation,Livraison rapide et produit conforme.
FB_150,CUST_845,2025-02-05,2,Réservation,Taille indisponible trop souvent.
FB_151,CUST_1153,2024-05-25,5,Organisation,Produit reçu en retard.
FB_152,CUST_810,2024-05-30,1,Support client,Service client réactif.
FB_153,CUST_605,2024-11-08,1,Prix,Taille indisponible trop souvent.
FB_154,CUST_477,2024-06-25,5,Prix,Produit reçu en retard.
FB_155,CUST_36,2024-04-08,2,Communication,Le prix est intéressant mais le retour est compliqué.
FB_156,CUST_1465,2025-02-13,3,Prix,Le prix est intéressant mais le retour est compliqué.
FB_157,CUST_595,2025-02-15,5,Réservation,Expérience d’achat agréable.
FB_158,CUST_1383,2024-03-01,1,Support client,Packaging premium.
FB_159,CUST_122,2025-06-18,3,Aucune plainte,Le prix est intéressant mais le retour est compliqué.
FB_160,CUST_1349,2025-03-13,1,Support client,Très bonne qualité.
FB_161,CUST_23,2024-02-25,1,Prix,Très bonne qualité.
FB_162,CUST_465,2024-04-18,2,Réservation,Expérience d’achat agréable.
FB_163,CUST_298,2024-11-11,4,Support client,Très bonne qualité.
FB_164,CUST_1029,2024-08-30,5,Communication,J’ai eu un problème avec ma commande.
FB_165,CUST_183,2025-06-11,3,Organisation,Produit reçu en retard.
FB_166,CUST_1197,2024-08-20,4,Organisation,Expérience d’achat agréable.
FB_167,CUST_160,2024-01-16,2,Prix,Service client réactif.
FB_168,CUST_1293,2024-02-17,5,Aucune plainte,Le site est fluide et simple.
FB_169,CUST_1122,2025-01-17,4,Qualité service,Expérience d’achat agréable.
FB_170,CUST_636,2024-04-03,2,Communication,J’ai eu un problème avec ma commande.
FB_171,CUST_1451,2024-07-04,1,Réservation,Le prix est intéressant mais le retour est compliqué.
FB_172,CUST_773,2024-11-20,4,Aucune plainte,Produit reçu en retard.
FB_173,CUST_828,2025-01-18,2,Support client,Le prix est intéressant mais le retour est compliqué.
FB_174,CUST_1418,2024-03-03,3,Communication,Livraison rapide et produit conforme.
FB_175,CUST_996,2024-12-17,5,Organisation,Produit reçu en retard.
FB_176,CUST_273,2024-06-16,4,Aucune plainte,Le prix est intéressant mais le retour est compliqué.
FB_177,CUST_738,2024-01-25,3,Support client,J’ai eu un problème avec ma commande.
FB_178,CUST_663,2025-05-12,4,Qualité service,Le prix est intéressant mais le retour est compliqué.
FB_179,CUST_1322,2024-10-19,5,Support client,J’ai eu un problème avec ma commande.
FB_180,CUST_819,2024-07-23,3,Aucune plainte,Service client réactif.
FB_181,CUST_940,2024-03-04,1,Prix,Packaging premium.
FB_182,CUST_324,2025-05-27,1,Support client,Produit reçu en retard.
FB_183,CUST_1240,2024-11-09,3,Communication,Service client réactif.
FB_184,CUST_1429,2024-09-20,3,Prix,Le site est fluide et simple.
FB_185,CUST_216,2024-11-19,3,Support client,Expérience d’achat agréable.
FB_186,CUST_1152,2025-04-23,2,Organisation,Service client réactif.
FB_187,CUST_903,2025-01-08,1,Réservation,Service client réactif.
FB_188,CUST_1494,2024-05-30,3,Aucune plainte,Le prix est intéressant mais le retour est compliqué.
FB_189,CUST_1451,2024-01-04,5,Communication,Le prix est intéressant mais le retour est compliqué.
FB_190,CUST_1025,2024-11-28,3,Aucune plainte,Produit reçu en retard.
FB_191,CUST_863,2024-06-22,2,Organisation,Le site est fluide et simple.
FB_192,CUST_591,2024-10-23,4,Communication,Très bonne qualité.
FB_193,CUST_567,2025-04-06,2,Réservation,J’ai eu un problème avec ma commande.
FB_194,CUST_508,2024-08-17,3,Réservation,Service client réactif.
FB_195,CUST_1453,2024-11-20,4,Prix,Packaging premium.
FB_196,CUST_1027,2024-07-31,3,Organisation,Service client réactif.
FB_197,CUST_1036,2024-12-09,1,Aucune plainte,Très bonne qualité.
FB_198,CUST_629,2024-09-12,1,Organisation,Taille indisponible trop souvent.
FB_199,CUST_10,2024-06-11,5,Communication,Taille indisponible trop souvent.
FB_200,CUST_74,2024-06-10,5,Communication,Packaging premium.
FB_201,CUST_399,2024-03-22,5,Organisation,Très bonne qualité.
FB_202,CUST_295,2025-06-08,3,Organisation,Livraison rapide et produit conforme.
FB_203,CUST_564,2024-10-02,1,Communication,Très bonne qualité.
FB_204,CUST_216,2024-02-24,5,Qualité service,J’ai eu un problème avec ma commande.
FB_205,CUST_1472,2024-08-12,3,Aucune plainte,Livraison rapide et produit conforme.
FB_206,CUST_1368,2024-06-04,2,Qualité service,Livraison rapide et produit conforme.
FB_207,CUST_1386,2024-04-18,2,Aucune plainte,Le prix est intéressant mais le retour est compliqué.
FB_208,CUST_1252,2024-03-12,2,Prix,Packaging premium.
FB_209,CUST_953,2024-09-04,2,Organisation,Expérience d’achat agréable.
FB_210,CUST_1230,2025-02-23,5,Réservation,Produit reçu en retard.
FB_211,CUST_216,2025-02-21,4,Communication,Expérience d’achat agréable.
FB_212,CUST_654,2025-02-18,4,Prix,J’ai eu un problème avec ma commande.
FB_213,CUST_227,2025-06-08,1,Support client,Service client réactif.
FB_214,CUST_1065,2024-09-02,5,Support client,Le prix est intéressant mais le retour est compliqué.
FB_215,CUST_900,2024-07-06,2,Aucune plainte,Produit reçu en retard.
FB_216,CUST_599,2024-01-15,3,Prix,Packaging premium.
FB_217,CUST_123,2024-02-03,3,Communication,Produit reçu en retard.
FB_218,CUST_638,2024-02-26,3,Support client,Le site est fluide et simple.
FB_219,CUST_197,2025-02-26,3,Qualité service,J’ai eu un problème avec ma commande.
FB_220,CUST_971,2024-09-20,4,Support client,Produit reçu en retard.
FB_221,CUST_1117,2024-09-23,3,Prix,Le prix est intéressant mais le retour est compliqué.
FB_222,CUST_1327,2024-03-18,1,Communication,Taille indisponible trop souvent.
FB_223,CUST_1158,2024-01-15,5,Organisation,Livraison rapide et produit conforme.
FB_224,CUST_1202,2025-01-03,2,Qualité service,Livraison rapide et produit conforme.
FB_225,CUST_323,2024-08-22,2,Communication,Le prix est intéressant mais le retour est compliqué.
FB_226,CUST_409,2024-12-12,1,Qualité service,Expérience d’achat agréable.
FB_227,CUST_312,2025-04-17,1,Aucune plainte,J’ai eu un problème avec ma commande.
FB_228,CUST_111,2024-01-21,3,Réservation,Packaging premium.
FB_229,CUST_1487,2024-09-24,4,Prix,Expérience d’achat agréable.
FB_230,CUST_65,2024-06-04,2,Organisation,J’ai eu un problème avec ma commande.
FB_231,CUST_1254,2024-02-09,1,Réservation,J’ai eu un problème avec ma commande.
FB_232,CUST_225,2025-05-11,5,Aucune plainte,Service client réactif.
FB_233,CUST_864,2025-05-20,2,Réservation,Expérience d’achat agréable.
FB_234,CUST_467,2024-03-04,3,Réservation,Le prix est intéressant mais le retour est compliqué.
FB_235,CUST_930,2025-03-17,2,Aucune plainte,Expérience d’achat agréable.
FB_236,CUST_1023,2024-06-12,4,Réservation,Livraison rapide et produit conforme.
FB_237,CUST_1318,2024-01-02,4,Qualité service,Produit reçu en retard.
FB_238,CUST_542,2024-06-11,1,Réservation,Le site est fluide et simple.
FB_239,CUST_1243,2024-01-26,1,Réservation,Livraison rapide et produit conforme.
FB_240,CUST_572,2025-03-02,4,Qualité service,J’ai eu un problème avec ma commande.
FB_241,CUST_623,2025-05-30,1,Support client,Taille indisponible trop souvent.
FB_242,CUST_7,2024-02-26,2,Qualité service,Le site est fluide et simple.
FB_243,CUST_1453,2024-02-03,2,Organisation,Le site est fluide et simple.
FB_244,CUST_390,2025-05-09,3,Support client,Expérience d’achat agréable.
FB_245,CUST_1459,2024-04-17,2,Qualité service,Livraison rapide et produit conforme.
FB_246,CUST_104,2024-04-12,2,Aucune plainte,Taille indisponible trop souvent.
FB_247,CUST_216,2024-01-24,5,Organisation,J’ai eu un problème avec ma commande.
FB_248,CUST_219,2024-10-17,5,Réservation,Taille indisponible trop souvent.
FB_249,CUST_169,2024-03-12,5,Aucune plainte,Le site est fluide et simple.
FB_250,CUST_412,2024-09-17,1,Aucune plainte,Très bonne qualité.
FB_251,CUST_176,2024-01-28,4,Aucune plainte,Packaging premium.
FB_252,CUST_379,2024-04-10,5,Support client,Service client réactif.
FB_253,CUST_514,2024-08-05,4,Aucune plainte,Livraison rapide et produit conforme.
FB_254,CUST_1412,2025-02-28,4,Aucune plainte,Taille indisponible trop souvent.
FB_255,CUST_418,2025-02-09,5,Communication,Taille indisponible trop souvent.
FB_256,CUST_437,2024-01-07,2,Réservation,Expérience d’achat agréable.
FB_257,CUST_491,2024-05-05,2,Communication,Le prix est intéressant mais le retour est compliqué.
FB_258,CUST_643,2025-04-26,4,Prix,Très bonne qualité.
FB_259,CUST_213,2025-02-11,5,Qualité service,Service client réactif.
FB_260,CUST_853,2025-05-21,5,Support client,Le prix est intéressant mais le retour est compliqué.
FB_261,CUST_1468,2024-03-02,3,Qualité service,Très bonne qualité.
FB_262,CUST_654,2025-05-29,5,Réservation,Le prix est intéressant mais le retour est compliqué.
FB_263,CUST_850,2025-02-23,5,Support client,Packaging premium.
FB_264,CUST_448,2024-08-27,1,Organisation,Service client réactif.
FB_265,CUST_1190,2025-01-15,2,Qualité service,Service client réactif.
FB_266,CUST_1309,2025-03-01,4,Communication,Taille indisponible trop souvent.
FB_267,CUST_744,2025-03-25,5,Qualité service,Livraison rapide et produit conforme.
FB_268,CUST_1360,2024-11-25,3,Aucune plainte,Le prix est intéressant mais le retour est compliqué.
FB_269,CUST_1389,2025-03-09,4,Organisation,Le prix est intéressant mais le retour est compliqué.
FB_270,CUST_262,2024-03-29,3,Prix,J’ai eu un problème avec ma commande.
FB_271,CUST_1310,2024-01-22,3,Prix,J’ai eu un problème avec ma commande.
FB_272,CUST_835,2024-05-22,4,Support client,Produit reçu en retard.
FB_273,CUST_955,2025-02-25,5,Support client,Packaging premium.
FB_274,CUST_511,2025-04-01,4,Organisation,Packaging premium.
FB_275,CUST_34,2024-01-11,1,Communication,Expérience d’achat agréable.
FB_276,CUST_372,2024-06-27,5,Support client,Le prix est intéressant mais le retour est compliqué.
FB_277,CUST_36,2025-02-13,1,Réservation,Le prix est intéressant mais le retour est compliqué.
FB_278,CUST_295,2024-09-06,4,Organisation,Packaging premium.
FB_279,CUST_12,2024-10-04,1,Réservation,Produit reçu en retard.
FB_280,CUST_212,2025-05-07,1,Prix,Expérience d’achat agréable.
FB_281,CUST_1421,2024-08-28,3,Aucune plainte,Livraison rapide et produit conforme.
FB_282,CUST_745,2024-09-01,1,Aucune plainte,Le prix est intéressant mais le retour est compliqué.
FB_283,CUST_1491,2025-01-13,3,Communication,Taille indisponible trop souvent.
FB_284,CUST_516,2024-02-25,1,Organisation,Le site est fluide et simple.
FB_285,CUST_1257,2024-01-13,4,Organisation,J’ai eu un problème avec ma commande.
FB_286,CUST_1495,2024-01-21,5,Prix,J’ai eu un problème avec ma commande.
FB_287,CUST_978,2024-12-20,4,Aucune plainte,Produit reçu en retard.
FB_288,CUST_488,2024-10-23,2,Prix,Livraison rapide et produit conforme.
FB_289,CUST_1175,2024-05-02,2,Aucune plainte,Très bonne qualité.
FB_290,CUST_82,2024-05-11,2,Organisation,Le site est fluide et simple.
FB_291,CUST_1085,2024-12-21,3,Aucune plainte,Le site est fluide et simple.
FB_292,CUST_243,2025-01-17,4,Aucune plainte,Le site est fluide et simple.
FB_293,CUST_1030,2024-07-22,5,Réservation,J’ai eu un problème avec ma commande.
FB_294,CUST_99,2025-05-12,2,Qualité service,Taille indisponible trop souvent.
FB_295,CUST_1310,2024-03-16,2,Support client,Le prix est intéressant mais le retour est compliqué.
FB_296,CUST_815,2025-02-03,3,Qualité service,Taille indisponible trop souvent.
FB_297,CUST_196,2024-08-25,3,Aucune plainte,Service client réactif.
FB_298,CUST_876,2024-10-21,5,Communication,Livraison rapide et produit conforme.
FB_299,CUST_1288,2025-01-29,4,Aucune plainte,Taille indisponible trop souvent.
FB_300,CUST_914,2025-03-21,4,Réservation,Taille indisponible trop souvent.
FB_301,CUST_187,2024-04-02,2,Réservation,Le site est fluide et simple.
FB_302,CUST_941,2024-10-23,4,Qualité service,Expérience d’achat agréable.
FB_303,CUST_258,2024-08-13,3,Organisation,Service client réactif.
FB_304,CUST_844,2024-10-30,5,Communication,Service client réactif.
FB_305,CUST_1249,2024-04-19,3,Support client,Taille indisponible trop souvent.
FB_306,CUST_894,2025-06-19,1,Aucune plainte,Service client réactif.
FB_307,CUST_1348,2025-06-05,2,Prix,Packaging premium.
FB_308,CUST_1440,2025-04-27,2,Communication,Livraison rapide et produit conforme.
FB_309,CUST_374,2025-03-20,2,Qualité service,Livraison rapide et produit conforme.
FB_310,CUST_701,2024-03-13,4,Support client,Produit reçu en retard.
FB_311,CUST_1135,2025-06-16,2,Support client,Le prix est intéressant mais le retour est compliqué.
FB_312,CUST_584,2024-02-11,5,Réservation,Produit reçu en retard.
FB_313,CUST_649,2024-06-30,4,Organisation,Le site est fluide et simple.
FB_314,CUST_410,2024-08-26,2,Organisation,Service client réactif.
FB_315,CUST_670,2025-01-19,5,Prix,J’ai eu un problème avec ma commande.
FB_316,CUST_1201,2024-11-21,1,Aucune plainte,Packaging premium.
FB_317,CUST_1376,2024-03-20,1,Support client,Packaging premium.
FB_318,CUST_457,2024-12-20,1,Réservation,Le prix est intéressant mais le retour est compliqué.
FB_319,CUST_983,2024-08-09,5,Prix,Très bonne qualité.
FB_320,CUST_485,2024-06-17,4,Prix,Produit reçu en retard.
FB_321,CUST_1379,2024-07-20,4,Support client,Service client réactif.
FB_322,CUST_418,2025-06-07,5,Prix,J’ai eu un problème avec ma commande.
FB_323,CUST_807,2025-01-30,1,Réservation,Très bonne qualité.
FB_324,CUST_1254,2024-02-04,3,Organisation,Expérience d’achat agréable.
FB_325,CUST_11,2024-05-24,3,Prix,Packaging premium.
FB_326,CUST_1336,2025-04-22,5,Aucune plainte,Le site est fluide et simple.
FB_327,CUST_422,2025-06-01,5,Réservation,Le prix est intéressant mais le retour est compliqué.
FB_328,CUST_559,2024-12-29,5,Communication,Produit reçu en retard.
FB_329,CUST_1072,2024-10-18,1,Organisation,J’ai eu un problème avec ma commande.
FB_330,CUST_81,2025-06-11,4,Aucune plainte,Expérience d’achat agréable.
FB_331,CUST_661,2025-06-27,2,Organisation,Produit reçu en retard.
FB_332,CUST_36,2024-03-23,4,Organisation,Livraison rapide et produit conforme.
FB_333,CUST_251,2025-05-23,4,Communication,Le prix est intéressant mais le retour est compliqué.
FB_334,CUST_596,2025-01-06,3,Réservation,Expérience d’achat agréable.
FB_335,CUST_788,2024-01-09,4,Aucune plainte,Expérience d’achat agréable.
FB_336,CUST_118,2025-03-27,1,Aucune plainte,Le prix est intéressant mais le retour est compliqué.
FB_337,CUST_948,2024-08-08,4,Réservation,Le prix est intéressant mais le retour est compliqué.
FB_338,CUST_1038,2024-05-30,2,Aucune plainte,Le prix est intéressant mais le retour est compliqué.
FB_339,CUST_167,2025-03-07,2,Réservation,Taille indisponible trop souvent.
FB_340,CUST_1334,2025-02-07,5,Aucune plainte,Le site est fluide et simple.
FB_341,CUST_1402,2025-02-18,3,Qualité service,Taille indisponible trop souvent.
FB_342,CUST_757,2024-07-05,3,Organisation,Expérience d’achat agréable.
FB_343,CUST_959,2024-12-30,4,Organisation,J’ai eu un problème avec ma commande.
FB_344,CUST_1272,2024-06-30,1,Qualité service,Très bonne qualité.
FB_345,CUST_1382,2024-05-12,5,Organisation,Expérience d’achat agréable.
FB_346,CUST_1473,2024-11-20,2,Support client,Service client réactif.
FB_347,CUST_1442,2024-09-14,1,Réservation,Le site est fluide et simple.
FB_348,CUST_343,2024-02-07,1,Qualité service,Produit reçu en retard.
FB_349,CUST_357,2024-09-13,2,Communication,Taille indisponible trop souvent.
FB_350,CUST_902,2024-08-26,4,Prix,Très bonne qualité.
FB_351,CUST_1165,2024-11-29,1,Réservation,Le site est fluide et simple.
FB_352,CUST_244,2024-04-03,1,Qualité service,J’ai eu un problème avec ma commande.
FB_353,CUST_1356,2024-08-17,1,Organisation,Livraison rapide et produit conforme.
FB_354,CUST_697,2024-10-25,3,Prix,Le prix est intéressant mais le retour est compliqué.
FB_355,CUST_1041,2024-02-04,1,Prix,Service client réactif.
FB_356,CUST_449,2024-02-16,3,Communication,Service client réactif.
FB_357,CUST_82,2024-10-27,4,Communication,Produit reçu en retard.
FB_358,CUST_1304,2024-03-30,4,Aucune plainte,Le site est fluide et simple.
FB_359,CUST_592,2024-12-19,5,Réservation,Le prix est intéressant mais le retour est compliqué.
FB_360,CUST_65,2025-06-03,3,Communication,Produit reçu en retard.
FB_361,CUST_829,2024-04-15,4,Prix,Expérience d’achat agréable.
FB_362,CUST_1434,2024-11-04,4,Support client,Le prix est intéressant mais le retour est compliqué.
FB_363,CUST_92,2024-05-27,4,Aucune plainte,Produit reçu en retard.
FB_364,CUST_1497,2024-06-04,4,Prix,J’ai eu un problème avec ma commande.
FB_365,CUST_631,2024-03-28,5,Support client,Expérience d’achat agréable.
FB_366,CUST_515,2025-05-13,5,Support client,Le site est fluide et simple.
FB_367,CUST_945,2024-09-02,2,Prix,Livraison rapide et produit conforme.
FB_368,CUST_672,2025-03-09,3,Réservation,Produit reçu en retard.
FB_369,CUST_806,2025-04-06,4,Aucune plainte,Le site est fluide et simple.
FB_370,CUST_235,2024-12-30,3,Prix,Très bonne qualité.
FB_371,CUST_173,2024-01-05,2,Prix,Taille indisponible trop souvent.
FB_372,CUST_1285,2025-03-20,1,Qualité service,Taille indisponible trop souvent.
FB_373,CUST_709,2025-04-12,1,Aucune plainte,Le prix est intéressant mais le retour est compliqué.
FB_374,CUST_1105,2024-06-25,5,Aucune plainte,Expérience d’achat agréable.
FB_375,CUST_114,2024-12-18,3,Qualité service,Le prix est intéressant mais le retour est compliqué.
FB_376,CUST_791,2025-04-08,2,Qualité service,Produit reçu en retard.
FB_377,CUST_116,2024-10-04,5,Organisation,Produit reçu en retard.
FB_378,CUST_995,2024-09-10,2,Qualité service,Le prix est intéressant mais le retour est compliqué.
FB_379,CUST_43,2024-04-04,5,Organisation,Produit reçu en retard.
FB_380,CUST_780,2025-03-19,5,Prix,Service client réactif.
FB_381,CUST_175,2024-11-05,1,Réservation,Très bonne qualité.
FB_382,CUST_1006,2024-11-27,4,Support client,J’ai eu un problème avec ma commande.
FB_383,CUST_1229,2024-01-22,4,Aucune plainte,Service client réactif.
FB_384,CUST_1486,2025-02-09,3,Prix,Très bonne qualité.
FB_385,CUST_478,2024-01-12,1,Organisation,Expérience d’achat agréable.
FB_386,CUST_175,2024-12-10,1,Support client,Produit reçu en retard.
FB_387,CUST_289,2024-03-11,3,Communication,Très bonne qualité.
FB_388,CUST_1163,2025-05-25,3,Aucune plainte,Packaging premium.
FB_389,CUST_1139,2024-09-10,4,Prix,Très bonne qualité.
FB_390,CUST_302,2024-06-29,2,Réservation,Livraison rapide et produit conforme.
FB_391,CUST_516,2024-12-19,2,Organisation,Packaging premium.
FB_392,CUST_56,2024-11-23,2,Aucune plainte,Très bonne qualité.
FB_393,CUST_1362,2024-07-19,3,Organisation,J’ai eu un problème avec ma commande.
FB_394,CUST_391,2025-06-15,3,Prix,Livraison rapide et produit conforme.
FB_395,CUST_198,2024-09-28,1,Organisation,J’ai eu un problème avec ma commande.
FB_396,CUST_196,2024-10-29,3,Communication,Très bonne qualité.
FB_397,CUST_372,2024-02-15,3,Support client,Très bonne qualité.
FB_398,CUST_971,2024-11-11,3,Qualité service,Taille indisponible trop souvent.
FB_399,CUST_677,2025-04-24,2,Communication,Le site est fluide et simple.
FB_400,CUST_1119,2024-03-30,2,Qualité service,Produit reçu en retard.
FB_401,CUST_1481,2024-06-15,1,Aucune plainte,Expérience d’achat agréable.
FB_402,CUST_1324,2024-02-04,5,Support client,Très bonne qualité.
FB_403,CUST_1500,2024-08-15,5,Aucune plainte,Taille indisponible trop souvent.
FB_404,CUST_604,2024-10-08,2,Organisation,Service client réactif.
FB_405,CUST_1386,2025-04-14,2,Organisation,Livraison rapide et produit conforme.
FB_406,CUST_1170,2024-08-26,2,Aucune plainte,Packaging premium.
FB_407,CUST_1090,2024-12-08,1,Support client,Service client réactif.
FB_408,CUST_1346,2025-01-09,4,Qualité service,Taille indisponible trop souvent.
FB_409,CUST_875,2024-08-30,2,Communication,Packaging premium.
FB_410,CUST_1081,2024-03-15,1,Communication,Très bonne qualité.
FB_411,CUST_1407,2025-03-25,4,Qualité service,Expérience d’achat agréable.
FB_412,CUST_415,2025-05-11,4,Qualité service,Service client réactif.
FB_413,CUST_1062,2025-05-15,2,Prix,J’ai eu un problème avec ma commande.
FB_414,CUST_54,2025-03-05,1,Réservation,Taille indisponible trop souvent.
FB_415,CUST_275,2024-02-06,3,Aucune plainte,Très bonne qualité.
FB_416,CUST_692,2024-04-02,1,Organisation,Très bonne qualité.
FB_417,CUST_1153,2024-12-04,1,Qualité service,Service client réactif.
FB_418,CUST_568,2025-06-07,2,Communication,Expérience d’achat agréable.
FB_419,CUST_302,2024-06-21,3,Support client,Le prix est intéressant mais le retour est compliqué.
FB_420,CUST_125,2025-04-14,1,Qualité service,Très bonne qualité.
FB_421,CUST_967,2024-10-13,3,Qualité service,Service client réactif.
FB_422,CUST_120,2024-05-31,4,Communication,J’ai eu un problème avec ma commande.
FB_423,CUST_30,2025-03-21,5,Qualité service,Le site est fluide et simple.
FB_424,CUST_1279,2024-10-19,3,Prix,Très bonne qualité.
FB_425,CUST_960,2024-05-14,2,Organisation,Le site est fluide et simple.
FB_426,CUST_1281,2025-04-01,2,Support client,Le prix est intéressant mais le retour est compliqué.
FB_427,CUST_1054,2024-07-20,1,Prix,Taille indisponible trop souvent.
FB_428,CUST_381,2024-08-03,2,Prix,Livraison rapide et produit conforme.
FB_429,CUST_1133,2024-11-04,3,Organisation,J’ai eu un problème avec ma commande.
FB_430,CUST_1373,2024-01-10,1,Aucune plainte,J’ai eu un problème avec ma commande.
FB_431,CUST_125,2024-12-29,2,Réservation,J’ai eu un problème avec ma commande.
FB_432,CUST_990,2024-10-07,4,Support client,Très bonne qualité.
FB_433,CUST_329,2024-06-22,4,Qualité service,Produit reçu en retard.
FB_434,CUST_763,2024-05-16,5,Aucune plainte,Taille indisponible trop souvent.
FB_435,CUST_1136,2024-06-06,4,Prix,J’ai eu un problème avec ma commande.
FB_436,CUST_961,2024-09-05,2,Réservation,Taille indisponible trop souvent.
FB_437,CUST_37,2025-04-03,2,Qualité service,Livraison rapide et produit conforme.
FB_438,CUST_984,2024-09-28,5,Support client,J’ai eu un problème avec ma commande.
FB_439,CUST_486,2024-10-20,2,Support client,Taille indisponible trop souvent.
FB_440,CUST_661,2025-01-27,2,Qualité service,Expérience d’achat agréable.
FB_441,CUST_234,2024-06-03,3,Qualité service,Service client réactif.
FB_442,CUST_1314,2024-11-10,5,Réservation,Expérience d’achat agréable.
FB_443,CUST_855,2024-06-15,4,Réservation,Produit reçu en retard.
FB_444,CUST_398,2025-01-31,3,Réservation,Produit reçu en retard.
FB_445,CUST_910,2025-05-19,4,Support client,Produit reçu en retard.
FB_446,CUST_703,2024-09-13,1,Prix,Livraison rapide et produit conforme.
FB_447,CUST_1336,2024-01-04,5,Support client,Taille indisponible trop souvent.
FB_448,CUST_1058,2024-04-05,1,Communication,Très bonne qualité.
FB_449,CUST_699,2024-08-13,3,Support client,Produit reçu en retard.
FB_450,CUST_61,2024-04-22,4,Organisation,Le site est fluide et simple.
FB_451,CUST_820,2024-04-20,5,Prix,J’ai eu un problème avec ma commande.
FB_452,CUST_155,2024-10-10,4,Qualité service,J’ai eu un problème avec ma commande.
FB_453,CUST_1159,2024-11-25,4,Qualité service,Packaging premium.
FB_454,CUST_607,2024-12-07,4,Qualité service,Packaging premium.
FB_455,CUST_961,2024-01-12,2,Qualité service,Livraison rapide et produit conforme.
FB_456,CUST_216,2025-05-20,4,Qualité service,Très bonne qualité.
FB_457,CUST_1306,2024-10-13,3,Aucune plainte,Le site est fluide et simple.
FB_458,CUST_680,2024-03-02,5,Communication,Le prix est intéressant mais le retour est compliqué.
FB_459,CUST_1292,2024-05-24,4,Qualité service,Le site est fluide et simple.
FB_460,CUST_39,2024-10-26,5,Support client,Service client réactif.
FB_461,CUST_841,2025-05-07,5,Support client,J’ai eu un problème avec ma commande.
FB_462,CUST_813,2024-11-01,1,Support client,Expérience d’achat agréable.
FB_463,CUST_291,2024-10-22,3,Prix,Packaging premium.
FB_464,CUST_1377,2024-11-24,3,Organisation,Service client réactif.
FB_465,CUST_623,2024-08-16,4,Aucune plainte,Service client réactif.
FB_466,CUST_1087,2025-04-27,3,Réservation,Produit reçu en retard.
FB_467,CUST_691,2024-10-29,1,Réservation,Expérience d’achat agréable.
FB_468,CUST_264,2025-04-17,3,Réservation,Produit reçu en retard.
FB_469,CUST_903,2024-05-05,3,Qualité service,Livraison rapide et produit conforme.
FB_470,CUST_72,2024-06-26,2,Prix,Produit reçu en retard.
FB_471,CUST_573,2024-12-03,1,Qualité service,Expérience d’achat agréable.
FB_472,CUST_261,2025-01-16,5,Organisation,Taille indisponible trop souvent.
FB_473,CUST_933,2025-01-20,5,Aucune plainte,Le prix est intéressant mais le retour est compliqué.
FB_474,CUST_345,2025-01-24,3,Réservation,Livraison rapide et produit conforme.
FB_475,CUST_159,2025-06-18,5,Aucune plainte,J’ai eu un problème avec ma commande.
FB_476,CUST_1221,2024-03-04,5,Communication,Packaging premium.
FB_477,CUST_995,2024-04-30,3,Communication,J’ai eu un problème avec ma commande.
FB_478,CUST_488,2024-01-31,1,Réservation,Expérience d’achat agréable.
FB_479,CUST_712,2025-03-12,5,Aucune plainte,Expérience d’achat agréable.
FB_480,CUST_35,2024-01-14,2,Communication,Taille indisponible trop souvent.
FB_481,CUST_558,2025-06-10,2,Prix,J’ai eu un problème avec ma commande.
FB_482,CUST_1218,2024-01-16,5,Support client,Le site est fluide et simple.
FB_483,CUST_346,2024-11-13,2,Support client,Taille indisponible trop souvent.
FB_484,CUST_1304,2024-10-02,5,Communication,Expérience d’achat agréable.
FB_485,CUST_859,2024-10-29,4,Réservation,Très bonne qualité.
FB_486,CUST_350,2024-06-17,5,Support client,Le prix est intéressant mais le retour est compliqué.
FB_487,CUST_57,2025-01-14,3,Aucune plainte,Service client réactif.
FB_488,CUST_490,2025-02-19,2,Support client,J’ai eu un problème avec ma commande.
FB_489,CUST_687,2024-08-27,4,Prix,Produit reçu en retard.
FB_490,CUST_1229,2024-11-19,2,Aucune plainte,J’ai eu un problème avec ma commande.
FB_491,CUST_420,2024-07-30,1,Aucune plainte,Packaging premium.
FB_492,CUST_511,2024-02-28,3,Prix,Packaging premium.
FB_493,CUST_655,2024-08-23,4,Réservation,Produit reçu en retard.
FB_494,CUST_1120,2025-05-06,2,Organisation,Expérience d’achat agréable.
FB_495,CUST_77,2024-11-09,4,Qualité service,Expérience d’achat agréable.
FB_496,CUST_963,2025-01-06,5,Support client,Service client réactif.
FB_497,CUST_826,2025-04-13,4,Aucune plainte,Service client réactif.
FB_498,CUST_987,2024-01-18,3,Communication,Service client réactif.
FB_499,CUST_1256,2025-04-27,3,Qualité service,Le site est fluide et simple.
FB_500,CUST_240,2024-06-16,5,Qualité service,Le prix est intéressant mais le retour est compliqué.
FB_501,CUST_674,2025-06-29,5,Support client,Le prix est intéressant mais le retour est compliqué.
FB_502,CUST_429,2024-09-17,1,Réservation,J’ai eu un problème avec ma commande.
FB_503,CUST_191,2025-05-27,3,Communication,Service client réactif.
FB_504,CUST_74,2024-06-25,5,Aucune plainte,Expérience d’achat agréable.
FB_505,CUST_256,2024-07-18,3,Organisation,Livraison rapide et produit conforme.
FB_506,CUST_1160,2025-01-09,5,Prix,Livraison rapide et produit conforme.
FB_507,CUST_573,2025-03-30,4,Support client,Expérience d’achat agréable.
FB_508,CUST_1102,2024-05-20,1,Réservation,J’ai eu un problème avec ma commande.
FB_509,CUST_750,2024-05-19,4,Aucune plainte,Très bonne qualité.
FB_510,CUST_976,2024-10-12,3,Prix,Le prix est intéressant mais le retour est compliqué.
FB_511,CUST_280,2024-04-05,4,Qualité service,Le site est fluide et simple.
FB_512,CUST_196,2025-05-30,3,Organisation,Packaging premium.
FB_513,CUST_1059,2024-06-06,4,Réservation,Le site est fluide et simple.
FB_514,CUST_1485,2025-02-25,5,Support client,J’ai eu un problème avec ma commande.
FB_515,CUST_1123,2025-01-07,1,Communication,Livraison rapide et produit conforme.
FB_516,CUST_1075,2024-03-09,2,Qualité service,J’ai eu un problème avec ma commande.
FB_517,CUST_140,2024-05-22,2,Prix,Service client réactif.
FB_518,CUST_108,2024-11-20,1,Réservation,J’ai eu un problème avec ma commande.
FB_519,CUST_414,2024-01-26,3,Communication,Le prix est intéressant mais le retour est compliqué.
FB_520,CUST_27,2024-02-23,4,Prix,Livraison rapide et produit conforme.
FB_521,CUST_14,2025-06-05,1,Prix,Livraison rapide et produit conforme.
FB_522,CUST_180,2024-04-26,1,Aucune plainte,J’ai eu un problème avec ma commande.
FB_523,CUST_1017,2024-03-31,2,Réservation,Expérience d’achat agréable.
FB_524,CUST_1282,2025-06-02,4,Qualité service,Livraison rapide et produit conforme.
FB_525,CUST_1171,2024-10-25,5,Qualité service,Packaging premium.
FB_526,CUST_879,2024-01-01,2,Qualité service,Très bonne qualité.
FB_527,CUST_1430,2024-11-16,1,Organisation,Très bonne qualité.
FB_528,CUST_1188,2024-02-01,1,Aucune plainte,Produit reçu en retard.
FB_529,CUST_1011,2025-05-29,3,Réservation,Très bonne qualité.
FB_530,CUST_773,2025-02-08,1,Communication,Très bonne qualité.
FB_531,CUST_666,2025-06-12,2,Communication,Livraison rapide et produit conforme.
FB_532,CUST_1495,2024-05-10,4,Aucune plainte,Très bonne qualité.
FB_533,CUST_100,2025-01-17,5,Prix,Taille indisponible trop souvent.
FB_534,CUST_742,2025-05-18,4,Aucune plainte,J’ai eu un problème avec ma commande.
FB_535,CUST_499,2024-02-16,2,Communication,Le prix est intéressant mais le retour est compliqué.
FB_536,CUST_63,2025-06-29,2,Support client,Livraison rapide et produit conforme.
FB_537,CUST_745,2024-04-29,1,Aucune plainte,Expérience d’achat agréable.
FB_538,CUST_68,2024-10-05,5,Support client,Service client réactif.
FB_539,CUST_889,2024-05-30,3,Réservation,Livraison rapide et produit conforme.
FB_540,CUST_263,2024-01-09,2,Réservation,Le prix est intéressant mais le retour est compliqué.
FB_541,CUST_227,2025-06-05,5,Prix,J’ai eu un problème avec ma commande.
FB_542,CUST_907,2024-11-19,4,Communication,J’ai eu un problème avec ma commande.
FB_543,CUST_343,2024-11-02,4,Organisation,Produit reçu en retard.
FB_544,CUST_748,2025-04-09,5,Prix,Packaging premium.
FB_545,CUST_594,2024-03-13,1,Communication,Le prix est intéressant mais le retour est compliqué.
FB_546,CUST_1469,2025-02-24,3,Communication,Packaging premium.
FB_547,CUST_1244,2025-02-06,2,Prix,Packaging premium.
FB_548,CUST_736,2025-03-16,2,Qualité service,Le prix est intéressant mais le retour est compliqué.
FB_549,CUST_1093,2025-06-09,5,Prix,Produit reçu en retard.
FB_550,CUST_387,2025-03-26,5,Support client,Taille indisponible trop souvent.
FB_551,CUST_204,2025-01-26,5,Qualité service,Très bonne qualité.
FB_552,CUST_926,2024-10-26,3,Organisation,J’ai eu un problème avec ma commande.
FB_553,CUST_1281,2025-06-02,3,Aucune plainte,Packaging premium.
FB_554,CUST_172,2025-03-16,2,Communication,Le site est fluide et simple.
FB_555,CUST_576,2024-12-17,4,Support client,Service client réactif.
FB_556,CUST_540,2024-10-30,5,Support client,J’ai eu un problème avec ma commande.
FB_557,CUST_860,2024-12-03,2,Réservation,Livraison rapide et produit conforme.
FB_558,CUST_1199,2024-12-20,3,Support client,Le prix est intéressant mais le retour est compliqué.
FB_559,CUST_445,2025-02-26,5,Prix,Le site est fluide et simple.
FB_560,CUST_254,2024-05-03,3,Prix,Le prix est intéressant mais le retour est compliqué.
FB_561,CUST_950,2024-11-11,4,Prix,Le site est fluide et simple.
FB_562,CUST_608,2025-06-14,1,Support client,Le site est fluide et simple.
FB_563,CUST_636,2024-06-10,4,Aucune plainte,Service client réactif.
FB_564,CUST_1392,2024-12-06,3,Réservation,Livraison rapide et produit conforme.
FB_565,CUST_235,2024-06-22,4,Réservation,Le prix est intéressant mais le retour est compliqué.
FB_566,CUST_1224,2024-06-26,3,Prix,Très bonne qualité.
FB_567,CUST_590,2024-01-07,3,Organisation,Produit reçu en retard.
FB_568,CUST_842,2024-06-12,1,Qualité service,Taille indisponible trop souvent.
FB_569,CUST_447,2024-01-16,3,Qualité service,Très bonne qualité.
FB_570,CUST_1198,2025-01-29,4,Aucune plainte,Le site est fluide et simple.
FB_571,CUST_1323,2025-01-23,4,Communication,Le site est fluide et simple.
FB_572,CUST_221,2024-11-10,5,Réservation,Très bonne qualité.
FB_573,CUST_367,2024-11-29,2,Organisation,Service client réactif.
FB_574,CUST_1424,2025-06-09,1,Prix,Le prix est intéressant mais le retour est compliqué.
FB_575,CUST_232,2024-06-02,1,Aucune plainte,Le site est fluide et simple.
FB_576,CUST_982,2024-06-21,4,Qualité service,Produit reçu en retard.
FB_577,CUST_1315,2025-02-11,5,Réservation,Service client réactif.
FB_578,CUST_1401,2025-02-18,3,Qualité service,Très bonne qualité.
FB_579,CUST_582,2024-03-20,1,Communication,Taille indisponible trop souvent.
FB_580,CUST_1444,2024-01-18,1,Prix,Expérience d’achat agréable.
FB_581,CUST_314,2024-04-25,1,Réservation,Produit reçu en retard.
FB_582,CUST_656,2024-08-05,5,Aucune plainte,Le site est fluide et simple.
FB_583,CUST_136,2024-02-25,4,Réservation,Le prix est intéressant mais le retour est compliqué.
FB_584,CUST_414,2025-01-20,4,Qualité service,Livraison rapide et produit conforme.
FB_585,CUST_1007,2024-06-17,1,Réservation,Produit reçu en retard.
FB_586,CUST_126,2024-07-09,5,Aucune plainte,Taille indisponible trop souvent.
FB_587,CUST_1130,2025-06-09,2,Réservation,Livraison rapide et produit conforme.
FB_588,CUST_742,2024-04-12,1,Communication,Taille indisponible trop souvent.
FB_589,CUST_517,2024-05-16,3,Qualité service,Livraison rapide et produit conforme.
FB_590,CUST_866,2024-05-13,1,Support client,Livraison rapide et produit conforme.
FB_591,CUST_378,2024-12-12,5,Prix,Livraison rapide et produit conforme.
FB_592,CUST_107,2025-03-16,1,Support client,Expérience d’achat agréable.
FB_593,CUST_1148,2024-10-05,2,Organisation,Très bonne qualité.
FB_594,CUST_1122,2024-04-02,2,Réservation,Le site est fluide et simple.
FB_595,CUST_814,2024-10-05,1,Qualité service,Le prix est intéressant mais le retour est compliqué.
FB_596,CUST_114,2025-06-09,4,Prix,Taille indisponible trop souvent.
FB_597,CUST_1456,2024-10-05,2,Organisation,Le site est fluide et simple.
FB_598,CUST_780,2024-08-24,1,Communication,Service client réactif.
FB_599,CUST_1358,2025-03-18,1,Prix,Packaging premium.
FB_600,CUST_549,2024-07-21,1,Aucune plainte,Service client réactif.
FB_601,CUST_995,2025-01-24,5,Support client,Service client réactif.
FB_602,CUST_1290,2025-01-04,3,Organisation,Le prix est intéressant mais le retour est compliqué.
FB_603,CUST_172,2025-04-14,5,Aucune plainte,Expérience d’achat agréable.
FB_604,CUST_1376,2024-12-16,3,Communication,Packaging premium.
FB_605,CUST_217,2024-08-29,3,Aucune plainte,Packaging premium.
FB_606,CUST_832,2024-07-07,3,Prix,Le prix est intéressant mais le retour est compliqué.
FB_607,CUST_241,2025-03-13,3,Aucune plainte,Très bonne qualité.
FB_608,CUST_529,2024-08-02,4,Prix,Produit reçu en retard.
FB_609,CUST_885,2024-08-10,1,Qualité service,J’ai eu un problème avec ma commande.
FB_610,CUST_361,2025-01-11,4,Réservation,Le prix est intéressant mais le retour est compliqué.
FB_611,CUST_516,2024-05-08,5,Support client,Expérience d’achat agréable.
FB_612,CUST_533,2025-03-14,1,Qualité service,Le site est fluide et simple.
FB_613,CUST_735,2025-05-01,4,Organisation,Livraison rapide et produit conforme.
FB_614,CUST_1147,2024-12-09,3,Prix,Service client réactif.
FB_615,CUST_1284,2024-08-12,1,Communication,Livraison rapide et produit conforme.
FB_616,CUST_1261,2024-05-12,4,Communication,Taille indisponible trop souvent.
FB_617,CUST_722,2024-06-25,1,Support client,Taille indisponible trop souvent.
FB_618,CUST_562,2025-06-10,5,Qualité service,Taille indisponible trop souvent.
FB_619,CUST_163,2024-06-06,5,Support client,Taille indisponible trop souvent.
FB_620,CUST_754,2025-06-04,2,Support client,Packaging premium.
FB_621,CUST_114,2024-12-14,1,Aucune plainte,Le site est fluide et simple.
FB_622,CUST_694,2024-03-21,2,Prix,Service client réactif.
FB_623,CUST_1280,2024-10-17,5,Qualité service,Le site est fluide et simple.
FB_624,CUST_373,2025-03-21,4,Prix,Service client réactif.
FB_625,CUST_950,2024-08-20,5,Communication,Taille indisponible trop souvent.
FB_626,CUST_356,2024-04-25,5,Prix,Très bonne qualité.
FB_627,CUST_146,2024-08-08,5,Réservation,Le site est fluide et simple.
FB_628,CUST_137,2024-01-06,2,Aucune plainte,Service client réactif.
FB_629,CUST_1397,2024-12-10,5,Réservation,Très bonne qualité.
FB_630,CUST_941,2024-06-08,2,Support client,Produit reçu en retard.
FB_631,CUST_645,2024-08-27,1,Réservation,Produit reçu en retard.
FB_632,CUST_983,2024-03-22,1,Réservation,Le prix est intéressant mais le retour est compliqué.
FB_633,CUST_762,2024-12-09,1,Qualité service,Taille indisponible trop souvent.
FB_634,CUST_353,2025-05-08,2,Prix,Expérience d’achat agréable.
FB_635,CUST_1116,2024-04-13,1,Qualité service,Expérience d’achat agréable.
FB_636,CUST_142,2024-04-24,5,Qualité service,Expérience d’achat agréable.
FB_637,CUST_175,2025-03-30,1,Organisation,Produit reçu en retard.
FB_638,CUST_994,2024-12-07,1,Aucune plainte,Livraison rapide et produit conforme.
FB_639,CUST_1270,2024-08-13,5,Organisation,Produit reçu en retard.
FB_640,CUST_456,2024-04-12,1,Qualité service,Le site est fluide et simple.
FB_641,CUST_508,2024-05-11,1,Prix,Packaging premium.
FB_642,CUST_584,2024-01-23,5,Communication,Livraison rapide et produit conforme.
FB_643,CUST_72,2024-07-14,2,Communication,J’ai eu un problème avec ma commande.
FB_644,CUST_870,2025-02-14,1,Prix,Packaging premium.
FB_645,CUST_1001,2024-01-02,4,Prix,Expérience d’achat agréable.
FB_646,CUST_968,2024-03-02,4,Organisation,Le site est fluide et simple.
FB_647,CUST_364,2024-10-20,3,Support client,Packaging premium.
FB_648,CUST_1311,2025-01-21,5,Aucune plainte,Produit reçu en retard.
FB_649,CUST_20,2024-04-25,1,Prix,Le site est fluide et simple.
FB_650,CUST_391,2024-03-22,5,Support client,Le site est fluide et simple.
FB_651,CUST_495,2025-03-29,5,Qualité service,Expérience d’achat agréable.
FB_652,CUST_118,2024-03-04,3,Réservation,Packaging premium.
FB_653,CUST_106,2024-01-03,1,Communication,Produit reçu en retard.
FB_654,CUST_1047,2024-03-24,5,Réservation,Produit reçu en retard.
FB_655,CUST_1487,2024-06-23,2,Réservation,Produit reçu en retard.
FB_656,CUST_126,2024-06-12,1,Prix,Taille indisponible trop souvent.
FB_657,CUST_844,2024-08-03,1,Support client,J’ai eu un problème avec ma commande.
FB_658,CUST_564,2025-05-16,5,Support client,Livraison rapide et produit conforme.
FB_659,CUST_221,2024-12-02,3,Support client,Livraison rapide et produit conforme.
FB_660,CUST_633,2024-04-19,3,Réservation,Le site est fluide et simple.
FB_661,CUST_855,2024-01-04,1,Aucune plainte,Le prix est intéressant mais le retour est compliqué.
FB_662,CUST_508,2025-03-15,4,Aucune plainte,Service client réactif.
FB_663,CUST_888,2024-04-17,2,Qualité service,Le prix est intéressant mais le retour est compliqué.
FB_664,CUST_1008,2024-02-28,4,Réservation,Le site est fluide et simple.
FB_665,CUST_310,2024-11-25,2,Réservation,J’ai eu un problème avec ma commande.
FB_666,CUST_578,2024-06-20,2,Communication,Service client réactif.
FB_667,CUST_1187,2024-08-03,4,Réservation,Service client réactif.
FB_668,CUST_488,2025-06-29,3,Organisation,Le prix est intéressant mais le retour est compliqué.
FB_669,CUST_32,2024-05-08,5,Prix,Packaging premium.
FB_670,CUST_41,2024-11-13,2,Réservation,Produit reçu en retard.
FB_671,CUST_1222,2024-03-24,3,Support client,Expérience d’achat agréable.
FB_672,CUST_1196,2024-12-08,5,Communication,Le prix est intéressant mais le retour est compliqué.
FB_673,CUST_1445,2025-06-03,5,Réservation,Packaging premium.
FB_674,CUST_772,2024-11-26,5,Réservation,J’ai eu un problème avec ma commande.
FB_675,CUST_381,2025-03-26,2,Support client,Produit reçu en retard.
FB_676,CUST_263,2024-09-04,1,Aucune plainte,Packaging premium.
FB_677,CUST_1235,2024-05-01,2,Communication,Produit reçu en retard.
FB_678,CUST_918,2024-05-25,3,Prix,Packaging premium.
FB_679,CUST_671,2024-05-12,5,Support client,Le prix est intéressant mais le retour est compliqué.
FB_680,CUST_538,2024-03-08,3,Support client,Livraison rapide et produit conforme.
FB_681,CUST_998,2025-04-04,1,Communication,Expérience d’achat agréable.
FB_682,CUST_1115,2024-05-09,2,Prix,Le prix est intéressant mais le retour est compliqué.
FB_683,CUST_458,2025-05-13,1,Aucune plainte,J’ai eu un problème avec ma commande.
FB_684,CUST_341,2025-01-22,4,Réservation,Le site est fluide et simple.
FB_685,CUST_868,2024-02-03,1,Réservation,Taille indisponible trop souvent.
FB_686,CUST_669,2024-02-28,3,Réservation,Taille indisponible trop souvent.
FB_687,CUST_1244,2024-02-07,1,Réservation,Le site est fluide et simple.
FB_688,CUST_726,2024-01-23,2,Support client,Taille indisponible trop souvent.
FB_689,CUST_1099,2025-02-04,4,Qualité service,Produit reçu en retard.
FB_690,CUST_1418,2024-05-07,5,Prix,J’ai eu un problème avec ma commande.
FB_691,CUST_623,2024-10-08,1,Réservation,Très bonne qualité.
FB_692,CUST_880,2025-06-29,2,Prix,J’ai eu un problème avec ma commande.
FB_693,CUST_301,2024-06-22,1,Aucune plainte,Produit reçu en retard.
FB_694,CUST_1472,2024-12-04,3,Aucune plainte,Livraison rapide et produit conforme.
FB_695,CUST_912,2025-06-04,3,Prix,Produit reçu en retard.
FB_696,CUST_255,2025-04-24,5,Qualité service,Packaging premium.
FB_697,CUST_1474,2025-04-30,4,Réservation,Très bonne qualité.
FB_698,CUST_837,2025-02-24,2,Qualité service,Le site est fluide et simple.
FB_699,CUST_344,2024-08-02,1,Prix,Très bonne qualité.
FB_700,CUST_483,2024-12-31,4,Support client,Très bonne qualité.
FB_701,CUST_1231,2024-03-28,2,Qualité service,Taille indisponible trop souvent.
FB_702,CUST_1098,2024-10-08,1,Qualité service,J’ai eu un problème avec ma commande.
FB_703,CUST_584,2024-01-14,3,Réservation,Le prix est intéressant mais le retour est compliqué.
FB_704,CUST_73,2025-03-20,2,Qualité service,Produit reçu en retard.
FB_705,CUST_617,2025-04-24,4,Support client,Très bonne qualité.
FB_706,CUST_1406,2024-03-11,4,Aucune plainte,Packaging premium.
FB_707,CUST_169,2024-08-13,3,Organisation,Packaging premium.
FB_708,CUST_250,2024-03-30,4,Réservation,Packaging premium.
FB_709,CUST_1478,2024-09-15,5,Communication,Expérience d’achat agréable.
FB_710,CUST_916,2024-07-10,1,Communication,Produit reçu en retard.
FB_711,CUST_669,2024-12-04,2,Aucune plainte,Taille indisponible trop souvent.
FB_712,CUST_553,2024-12-12,4,Aucune plainte,J’ai eu un problème avec ma commande.
FB_713,CUST_923,2025-01-28,3,Organisation,Le site est fluide et simple.
FB_714,CUST_1167,2025-04-18,1,Réservation,Le site est fluide et simple.
FB_715,CUST_596,2024-03-02,2,Communication,Packaging premium.
FB_716,CUST_698,2024-07-13,1,Communication,J’ai eu un problème avec ma commande.
FB_717,CUST_810,2025-06-01,1,Qualité service,Packaging premium.
FB_718,CUST_1124,2025-04-14,3,Prix,Le prix est intéressant mais le retour est compliqué.
FB_719,CUST_187,2024-05-29,1,Qualité service,Expérience d’achat agréable.
FB_720,CUST_944,2024-07-03,4,Prix,Service client réactif.
FB_721,CUST_203,2025-03-04,4,Prix,J’ai eu un problème avec ma commande.
FB_722,CUST_1024,2025-05-24,3,Support client,Le site est fluide et simple.
FB_723,CUST_112,2024-04-17,4,Support client,Expérience d’achat agréable.
FB_724,CUST_787,2024-10-28,1,Support client,Packaging premium.
FB_725,CUST_380,2024-09-13,4,Qualité service,Service client réactif.
FB_726,CUST_709,2025-01-20,1,Support client,Produit reçu en retard.
FB_727,CUST_884,2024-04-20,3,Communication,Service client réactif.
FB_728,CUST_1351,2024-10-10,1,Réservation,Taille indisponible trop souvent.
FB_729,CUST_974,2025-03-15,1,Qualité service,J’ai eu un problème avec ma commande.
FB_730,CUST_651,2024-06-04,5,Prix,Le site est fluide et simple.
FB_731,CUST_227,2024-10-08,2,Qualité service,Expérience d’achat agréable.
FB_732,CUST_211,2024-06-22,1,Organisation,Taille indisponible trop souvent.
FB_733,CUST_992,2025-06-23,5,Communication,Très bonne qualité.
FB_734,CUST_401,2024-06-06,2,Qualité service,Service client réactif.
FB_735,CUST_1497,2024-08-23,3,Qualité service,Très bonne qualité.
FB_736,CUST_1126,2024-06-02,1,Prix,Très bonne qualité.
FB_737,CUST_754,2025-03-05,5,Communication,Produit reçu en retard.
FB_738,CUST_156,2025-05-24,2,Prix,Service client réactif.
FB_739,CUST_429,2025-02-01,1,Organisation,Produit reçu en retard.
FB_740,CUST_532,2024-09-05,5,Réservation,Taille indisponible trop souvent.
FB_741,CUST_835,2024-12-31,5,Réservation,Produit reçu en retard.
FB_742,CUST_816,2025-06-02,5,Prix,J’ai eu un problème avec ma commande.
FB_743,CUST_681,2024-09-23,2,Prix,Expérience d’achat agréable.
FB_744,CUST_1467,2024-02-14,1,Organisation,J’ai eu un problème avec ma commande.
FB_745,CUST_956,2024-01-15,5,Réservation,Service client réactif.
FB_746,CUST_1013,2024-03-16,4,Communication,Produit reçu en retard.
FB_747,CUST_969,2024-01-24,1,Communication,Le prix est intéressant mais le retour est compliqué.
FB_748,CUST_8,2024-12-21,3,Support client,Expérience d’achat agréable.
FB_749,CUST_318,2024-09-25,5,Support client,Service client réactif.
FB_750,CUST_256,2024-02-25,3,Prix,Packaging premium.
FB_751,CUST_825,2024-05-09,2,Communication,Livraison rapide et produit conforme.
FB_752,CUST_468,2025-03-28,4,Organisation,Très bonne qualité.
FB_753,CUST_632,2025-03-19,2,Communication,J’ai eu un problème avec ma commande.
FB_754,CUST_1293,2024-01-20,4,Organisation,Service client réactif.
FB_755,CUST_58,2025-03-23,3,Communication,Service client réactif.
FB_756,CUST_173,2024-05-21,1,Réservation,Taille indisponible trop souvent.
FB_757,CUST_992,2024-05-29,3,Organisation,Produit reçu en retard.
FB_758,CUST_1183,2024-12-05,4,Qualité service,Packaging premium.
FB_759,CUST_260,2024-11-29,3,Communication,J’ai eu un problème avec ma commande.
FB_760,CUST_490,2024-08-07,5,Organisation,Produit reçu en retard.
FB_761,CUST_1067,2025-04-25,5,Prix,Livraison rapide et produit conforme.
FB_762,CUST_245,2025-03-27,1,Support client,Livraison rapide et produit conforme.
FB_763,CUST_1208,2024-10-14,4,Communication,Packaging premium.
FB_764,CUST_675,2024-03-01,3,Qualité service,Très bonne qualité.
FB_765,CUST_425,2024-05-16,4,Qualité service,Le prix est intéressant mais le retour est compliqué.
FB_766,CUST_1284,2024-05-19,3,Communication,Le prix est intéressant mais le retour est compliqué.
FB_767,CUST_758,2024-07-19,1,Réservation,Très bonne qualité.
FB_768,CUST_1216,2024-01-04,4,Réservation,Livraison rapide et produit conforme.
FB_769,CUST_141,2024-03-06,5,Qualité service,Le prix est intéressant mais le retour est compliqué.
FB_770,CUST_1104,2025-04-06,1,Communication,Packaging premium.
FB_771,CUST_254,2024-08-22,3,Réservation,Expérience d’achat agréable.
FB_772,CUST_317,2024-04-19,1,Support client,Très bonne qualité.
FB_773,CUST_284,2024-03-30,1,Réservation,Livraison rapide et produit conforme.
FB_774,CUST_554,2024-03-29,3,Réservation,Expérience d’achat agréable.
FB_775,CUST_134,2024-04-15,4,Communication,Le site est fluide et simple.
FB_776,CUST_92,2025-06-19,2,Prix,Produit reçu en retard.
FB_777,CUST_1126,2025-04-11,1,Support client,J’ai eu un problème avec ma commande.
FB_778,CUST_152,2025-06-13,2,Réservation,Packaging premium.
FB_779,CUST_990,2024-08-30,2,Communication,Taille indisponible trop souvent.
FB_780,CUST_721,2024-02-18,2,Communication,Le prix est intéressant mais le retour est compliqué.
FB_781,CUST_921,2024-08-13,2,Organisation,Expérience d’achat agréable.
FB_782,CUST_973,2025-05-19,3,Prix,Service client réactif.
FB_783,CUST_1385,2025-04-24,4,Support client,Expérience d’achat agréable.
FB_784,CUST_299,2025-04-27,3,Qualité service,Très bonne qualité.
FB_785,CUST_906,2025-02-19,3,Prix,Taille indisponible trop souvent.
FB_786,CUST_762,2025-05-23,5,Communication,Service client réactif.
FB_787,CUST_659,2024-05-20,3,Réservation,Très bonne qualité.
FB_788,CUST_620,2024-04-12,4,Aucune plainte,Produit reçu en retard.
FB_789,CUST_54,2024-05-01,4,Organisation,J’ai eu un problème avec ma commande.
FB_790,CUST_489,2024-12-06,5,Organisation,Très bonne qualité.
FB_791,CUST_1349,2025-01-22,2,Support client,J’ai eu un problème avec ma commande.
FB_792,CUST_383,2024-10-27,3,Support client,Produit reçu en retard.
FB_793,CUST_785,2024-02-13,3,Qualité service,Le site est fluide et simple.
FB_794,CUST_1342,2025-04-20,3,Support client,J’ai eu un problème avec ma commande.
FB_795,CUST_209,2024-02-26,3,Organisation,Service client réactif.
FB_796,CUST_1189,2024-05-02,1,Qualité service,J’ai eu un problème avec ma commande.
FB_797,CUST_387,2024-04-25,1,Aucune plainte,Livraison rapide et produit conforme.
FB_798,CUST_769,2025-04-20,2,Communication,Produit reçu en retard.
FB_799,CUST_478,2024-01-18,3,Organisation,J’ai eu un problème avec ma commande.
FB_800,CUST_900,2025-04-05,1,Prix,Taille indisponible trop souvent.
FB_801,CUST_157,2024-07-16,5,Prix,Packaging premium.
FB_802,CUST_1120,2025-01-26,4,Organisation,Service client réactif.
FB_803,CUST_618,2025-06-05,1,Qualité service,Expérience d’achat agréable.
FB_804,CUST_833,2024-07-24,4,Qualité service,Livraison rapide et produit conforme.
FB_805,CUST_322,2024-07-14,5,Réservation,Taille indisponible trop souvent.
FB_806,CUST_964,2024-08-14,1,Support client,Très bonne qualité.
FB_807,CUST_565,2024-12-03,3,Organisation,Taille indisponible trop souvent.
FB_808,CUST_1073,2024-02-16,4,Réservation,Le prix est intéressant mais le retour est compliqué.
FB_809,CUST_412,2024-10-28,5,Qualité service,Taille indisponible trop souvent.
FB_810,CUST_332,2025-03-05,4,Réservation,Livraison rapide et produit conforme.
FB_811,CUST_458,2024-02-28,2,Organisation,Packaging premium.
FB_812,CUST_42,2025-05-12,3,Qualité service,Le prix est intéressant mais le retour est compliqué.
FB_813,CUST_24,2025-03-01,1,Communication,Le site est fluide et simple.
FB_814,CUST_960,2024-04-02,5,Support client,Expérience d’achat agréable.
FB_815,CUST_644,2025-01-03,1,Support client,J’ai eu un problème avec ma commande.
FB_816,CUST_15,2025-05-02,5,Organisation,Très bonne qualité.
FB_817,CUST_697,2024-12-12,3,Communication,Packaging premium.
FB_818,CUST_1316,2024-04-17,2,Organisation,Très bonne qualité.
FB_819,CUST_859,2024-10-31,1,Support client,Expérience d’achat agréable.
FB_820,CUST_250,2024-06-01,5,Support client,Taille indisponible trop souvent.
FB_821,CUST_173,2024-05-15,4,Qualité service,J’ai eu un problème avec ma commande.
FB_822,CUST_656,2024-02-08,4,Réservation,Taille indisponible trop souvent.
FB_823,CUST_1352,2024-02-17,5,Organisation,Taille indisponible trop souvent.
FB_824,CUST_291,2024-02-04,3,Réservation,Produit reçu en retard.
FB_825,CUST_322,2024-03-24,4,Qualité service,Livraison rapide et produit conforme.
FB_826,CUST_520,2025-05-08,2,Aucune plainte,Très bonne qualité.
FB_827,CUST_225,2025-05-05,3,Qualité service,Expérience d’achat agréable.
FB_828,CUST_854,2025-05-23,5,Réservation,Le site est fluide et simple.
FB_829,CUST_861,2024-05-26,1,Réservation,Livraison rapide et produit conforme.
FB_830,CUST_1366,2024-02-01,1,Support client,Produit reçu en retard.
FB_831,CUST_282,2024-09-30,2,Communication,Service client réactif.
FB_832,CUST_107,2025-03-14,1,Support client,Taille indisponible trop souvent.
FB_833,CUST_1043,2024-12-11,3,Support client,Service client réactif.
FB_834,CUST_829,2024-09-26,2,Prix,Le site est fluide et simple.
FB_835,CUST_628,2024-08-05,4,Aucune plainte,Packaging premium.
FB_836,CUST_9,2024-09-13,2,Support client,J’ai eu un problème avec ma commande.
FB_837,CUST_277,2025-03-30,2,Organisation,Packaging premium.
FB_838,CUST_930,2024-08-12,2,Aucune plainte,Service client réactif.
FB_839,CUST_903,2024-05-12,5,Qualité service,Produit reçu en retard.
FB_840,CUST_1250,2025-01-04,5,Support client,Packaging premium.
FB_841,CUST_2,2024-03-21,4,Qualité service,Livraison rapide et produit conforme.
FB_842,CUST_404,2025-06-04,5,Réservation,J’ai eu un problème avec ma commande.
FB_843,CUST_508,2024-04-25,5,Organisation,Très bonne qualité.
FB_844,CUST_1353,2025-03-18,3,Organisation,Livraison rapide et produit conforme.
FB_845,CUST_444,2024-09-13,1,Qualité service,Très bonne qualité.
FB_846,CUST_374,2025-01-14,3,Communication,Très bonne qualité.
FB_847,CUST_488,2024-11-01,4,Prix,Le site est fluide et simple.
FB_848,CUST_777,2024-02-04,2,Réservation,Service client réactif.
FB_849,CUST_1177,2024-10-19,1,Organisation,J’ai eu un problème avec ma commande.
FB_850,CUST_698,2024-07-15,1,Organisation,Produit reçu en retard.
FB_851,CUST_653,2024-10-30,2,Qualité service,Packaging premium.
FB_852,CUST_885,2025-02-24,4,Qualité service,J’ai eu un problème avec ma commande.
FB_853,CUST_1172,2025-05-19,1,Réservation,J’ai eu un problème avec ma commande.
FB_854,CUST_112,2025-04-29,1,Support client,Produit reçu en retard.
FB_855,CUST_488,2025-02-12,1,Prix,Livraison rapide et produit conforme.
FB_856,CUST_1182,2025-03-23,5,Réservation,Taille indisponible trop souvent.
FB_857,CUST_661,2024-02-22,4,Aucune plainte,Le site est fluide et simple.
FB_858,CUST_1420,2024-01-20,5,Aucune plainte,Très bonne qualité.
FB_859,CUST_104,2025-06-04,4,Organisation,Service client réactif.
FB_860,CUST_106,2024-06-12,4,Qualité service,Très bonne qualité.
FB_861,CUST_1014,2024-09-30,3,Aucune plainte,Packaging premium.
FB_862,CUST_297,2024-12-11,2,Réservation,Le prix est intéressant mais le retour est compliqué.
FB_863,CUST_351,2025-05-25,1,Communication,Le prix est intéressant mais le retour est compliqué.
FB_864,CUST_1180,2024-05-03,5,Organisation,Très bonne qualité.
FB_865,CUST_1408,2024-05-26,1,Prix,Le prix est intéressant mais le retour est compliqué.
FB_866,CUST_1399,2025-03-30,2,Prix,Packaging premium.
FB_867,CUST_930,2024-03-12,2,Prix,Expérience d’achat agréable.
FB_868,CUST_93,2024-02-08,1,Aucune plainte,Le prix est intéressant mais le retour est compliqué.
FB_869,CUST_643,2024-12-08,5,Réservation,Livraison rapide et produit conforme.
FB_870,CUST_232,2025-06-18,4,Réservation,Produit reçu en retard.
FB_871,CUST_410,2024-12-29,1,Prix,Le site est fluide et simple.
FB_872,CUST_281,2024-09-17,4,Communication,Livraison rapide et produit conforme.
FB_873,CUST_427,2025-01-11,4,Communication,Le site est fluide et simple.
FB_874,CUST_591,2025-02-06,3,Aucune plainte,J’ai eu un problème avec ma commande.
FB_875,CUST_750,2024-03-02,2,Prix,Packaging premium.
FB_876,CUST_411,2024-12-22,4,Support client,Très bonne qualité.
FB_877,CUST_1209,2024-01-05,5,Réservation,Expérience d’achat agréable.
FB_878,CUST_37,2024-10-18,4,Aucune plainte,Expérience d’achat agréable.
FB_879,CUST_554,2024-02-27,2,Organisation,Expérience d’achat agréable.
FB_880,CUST_775,2024-06-01,2,Organisation,Expérience d’achat agréable.
FB_881,CUST_46,2024-10-26,2,Communication,Taille indisponible trop souvent.
FB_882,CUST_235,2024-05-08,1,Aucune plainte,Expérience d’achat agréable.
FB_883,CUST_1110,2024-07-28,1,Organisation,Service client réactif.
FB_884,CUST_195,2024-03-28,4,Réservation,Le site est fluide et simple.
FB_885,CUST_1292,2024-02-04,5,Qualité service,Taille indisponible trop souvent.
FB_886,CUST_139,2024-06-18,1,Réservation,Expérience d’achat agréable.
FB_887,CUST_423,2025-02-18,5,Aucune plainte,Expérience d’achat agréable.
FB_888,CUST_161,2024-06-01,1,Support client,J’ai eu un problème avec ma commande.
FB_889,CUST_1158,2024-03-13,2,Support client,Produit reçu en retard.
FB_890,CUST_712,2024-05-22,3,Aucune plainte,Packaging premium.
FB_891,CUST_315,2024-08-31,2,Aucune plainte,J’ai eu un problème avec ma commande.
FB_892,CUST_53,2024-10-09,3,Qualité service,Packaging premium.
FB_893,CUST_699,2025-03-08,2,Aucune plainte,J’ai eu un problème avec ma commande.
FB_894,CUST_1148,2025-02-23,5,Support client,Taille indisponible trop souvent.
FB_895,CUST_1401,2024-01-07,3,Qualité service,Le prix est intéressant mais le retour est compliqué.
FB_896,CUST_534,2024-04-09,3,Aucune plainte,Packaging premium.
FB_897,CUST_463,2025-03-04,5,Réservation,Service client réactif.
FB_898,CUST_985,2024-07-22,5,Prix,Le prix est intéressant mais le retour est compliqué.
FB_899,CUST_1112,2024-04-11,1,Qualité service,Très bonne qualité.
FB_900,CUST_624,2024-10-21,4,Réservation,Expérience d’achat agréable.
FB_901,CUST_973,2024-02-18,4,Organisation,Expérience d’achat agréable.
FB_902,CUST_486,2024-02-21,4,Aucune plainte,Taille indisponible trop souvent.
FB_903,CUST_881,2025-05-19,2,Aucune plainte,Produit reçu en retard.
FB_904,CUST_233,2024-08-31,5,Prix,Très bonne qualité.
FB_905,CUST_1397,2024-07-03,5,Prix,Le prix est intéressant mais le retour est compliqué.
FB_906,CUST_54,2024-01-07,2,Aucune plainte,Service client réactif.
FB_907,CUST_95,2024-06-02,2,Réservation,Expérience d’achat agréable.
FB_908,CUST_965,2024-11-08,1,Communication,Le prix est intéressant mais le retour est compliqué.
FB_909,CUST_237,2024-08-29,2,Support client,Très bonne qualité.
FB_910,CUST_144,2024-12-05,4,Aucune plainte,Taille indisponible trop souvent.
FB_911,CUST_564,2025-04-08,5,Aucune plainte,Expérience d’achat agréable.
FB_912,CUST_1408,2024-12-29,1,Communication,J’ai eu un problème avec ma commande.
FB_913,CUST_958,2024-04-21,5,Communication,Taille indisponible trop souvent.
FB_914,CUST_554,2024-08-18,2,Aucune plainte,Le site est fluide et simple.
FB_915,CUST_402,2025-02-08,1,Communication,Le prix est intéressant mais le retour est compliqué.
FB_916,CUST_1213,2024-10-24,5,Qualité service,Expérience d’achat agréable.
FB_917,CUST_653,2025-04-09,1,Support client,Le site est fluide et simple.
FB_918,CUST_1348,2025-04-08,5,Qualité service,J’ai eu un problème avec ma commande.
FB_919,CUST_486,2024-10-11,3,Communication,Packaging premium.
FB_920,CUST_923,2025-04-22,4,Qualité service,Le site est fluide et simple.
FB_921,CUST_527,2024-05-01,3,Aucune plainte,Le site est fluide et simple.
FB_922,CUST_222,2024-04-12,5,Prix,Produit reçu en retard.
FB_923,CUST_1356,2024-08-02,2,Prix,Le site est fluide et simple.
FB_924,CUST_186,2024-11-02,4,Support client,Expérience d’achat agréable.
FB_925,CUST_1162,2024-02-06,1,Aucune plainte,Service client réactif.
FB_926,CUST_159,2024-01-31,4,Communication,Le prix est intéressant mais le retour est compliqué.
FB_927,CUST_1195,2025-01-04,4,Qualité service,Packaging premium.
FB_928,CUST_607,2024-08-03,4,Organisation,Service client réactif.
FB_929,CUST_889,2025-03-16,5,Organisation,Livraison rapide et produit conforme.
FB_930,CUST_1410,2024-03-05,1,Organisation,Produit reçu en retard.
FB_931,CUST_1210,2025-05-18,2,Réservation,Expérience d’achat agréable.
FB_932,CUST_1067,2024-07-09,5,Aucune plainte,J’ai eu un problème avec ma commande.
FB_933,CUST_1137,2025-01-04,1,Réservation,Taille indisponible trop souvent.
FB_934,CUST_768,2024-08-04,2,Qualité service,Packaging premium.
FB_935,CUST_1293,2025-02-09,2,Aucune plainte,Service client réactif.
FB_936,CUST_401,2025-03-01,2,Qualité service,Service client réactif.
FB_937,CUST_999,2025-03-29,2,Prix,Le site est fluide et simple.
FB_938,CUST_1249,2025-05-03,1,Organisation,Le prix est intéressant mais le retour est compliqué.
FB_939,CUST_1119,2024-10-02,3,Prix,Expérience d’achat agréable.
FB_940,CUST_272,2025-06-12,3,Réservation,Expérience d’achat agréable.
FB_941,CUST_1228,2024-08-04,1,Qualité service,Packaging premium.
FB_942,CUST_454,2024-01-08,3,Organisation,Packaging premium.
FB_943,CUST_147,2024-02-10,5,Aucune plainte,Le site est fluide et simple.
FB_944,CUST_419,2024-07-28,1,Communication,Taille indisponible trop souvent.
FB_945,CUST_1407,2024-06-24,4,Qualité service,Très bonne qualité.
FB_946,CUST_1386,2024-05-30,5,Communication,Service client réactif.
FB_947,CUST_588,2024-02-25,3,Réservation,Le site est fluide et simple.
FB_948,CUST_220,2024-05-30,5,Prix,J’ai eu un problème avec ma commande.
FB_949,CUST_1312,2025-01-14,5,Aucune plainte,Très bonne qualité.
FB_950,CUST_560,2024-11-30,4,Communication,Produit reçu en retard.
FB_951,CUST_1103,2025-01-18,5,Organisation,Le site est fluide et simple.
FB_952,CUST_165,2025-05-03,2,Réservation,Le prix est intéressant mais le retour est compliqué.
FB_953,CUST_1304,2024-01-30,5,Organisation,Packaging premium.
FB_954,CUST_1498,2025-03-23,3,Aucune plainte,Taille indisponible trop souvent.
FB_955,CUST_404,2024-06-22,5,Qualité service,Expérience d’achat agréable.
FB_956,CUST_856,2024-11-26,3,Aucune plainte,Expérience d’achat agréable.
FB_957,CUST_1003,2025-01-11,3,Prix,Produit reçu en retard.
FB_958,CUST_1120,2024-10-14,3,Prix,J’ai eu un problème avec ma commande.
FB_959,CUST_433,2024-12-20,2,Prix,Expérience d’achat agréable.
FB_960,CUST_1177,2025-01-09,2,Aucune plainte,J’ai eu un problème avec ma commande.
FB_961,CUST_1210,2025-02-24,1,Aucune plainte,Le prix est intéressant mais le retour est compliqué.
FB_962,CUST_1052,2024-02-29,3,Réservation,Produit reçu en retard.
FB_963,CUST_1171,2025-04-18,5,Qualité service,J’ai eu un problème avec ma commande.
FB_964,CUST_548,2024-07-08,2,Qualité service,Le site est fluide et simple.
FB_965,CUST_186,2024-10-09,1,Prix,Très bonne qualité.
FB_966,CUST_1188,2024-11-09,2,Communication,Très bonne qualité.
FB_967,CUST_1176,2025-06-04,5,Qualité service,Expérience d’achat agréable.
FB_968,CUST_1269,2024-08-05,4,Réservation,Le prix est intéressant mais le retour est compliqué.
FB_969,CUST_1332,2024-12-23,4,Réservation,J’ai eu un problème avec ma commande.
FB_970,CUST_1236,2024-12-31,4,Aucune plainte,Le site est fluide et simple.
FB_971,CUST_1256,2024-12-23,4,Communication,Le prix est intéressant mais le retour est compliqué.
FB_972,CUST_1304,2025-05-19,2,Organisation,Produit reçu en retard.
FB_973,CUST_867,2025-01-20,3,Aucune plainte,Taille indisponible trop souvent.
FB_974,CUST_254,2025-02-08,3,Communication,Livraison rapide et produit conforme.
FB_975,CUST_657,2025-05-10,4,Organisation,J’ai eu un problème avec ma commande.
FB_976,CUST_120,2024-04-08,2,Aucune plainte,Livraison rapide et produit conforme.
FB_977,CUST_1032,2024-07-13,2,Réservation,Expérience d’achat agréable.
FB_978,CUST_563,2025-01-24,4,Prix,Taille indisponible trop souvent.
FB_979,CUST_314,2024-02-01,2,Aucune plainte,Packaging premium.
FB_980,CUST_864,2025-06-14,4,Aucune plainte,Produit reçu en retard.
FB_981,CUST_27,2024-03-07,2,Qualité service,Packaging premium.
FB_982,CUST_54,2025-03-03,4,Aucune plainte,Taille indisponible trop souvent.
FB_983,CUST_1269,2024-08-10,5,Prix,Le site est fluide et simple.
FB_984,CUST_1090,2024-07-29,4,Organisation,Taille indisponible trop souvent.
FB_985,CUST_1409,2024-04-08,2,Support client,Livraison rapide et produit conforme.
FB_986,CUST_1042,2024-06-12,4,Aucune plainte,Service client réactif.
FB_987,CUST_1106,2024-03-31,2,Support client,Le site est fluide et simple.
FB_988,CUST_287,2024-05-29,4,Organisation,Livraison rapide et produit conforme.
FB_989,CUST_94,2024-04-04,5,Communication,Le site est fluide et simple.
FB_990,CUST_1135,2025-03-06,2,Communication,Packaging premium.
FB_991,CUST_304,2024-07-02,4,Support client,J’ai eu un problème avec ma commande.
FB_992,CUST_1076,2024-06-13,1,Organisation,Packaging premium.
FB_993,CUST_1339,2024-02-19,1,Prix,Le prix est intéressant mais le retour est compliqué.
FB_994,CUST_62,2024-04-23,2,Qualité service,J’ai eu un problème avec ma commande.
FB_995,CUST_977,2024-03-20,4,Qualité service,J’ai eu un problème avec ma commande.
FB_996,CUST_1079,2024-10-04,4,Organisation,Packaging premium.
FB_997,CUST_70,2025-06-17,5,Prix,J’ai eu un problème avec ma commande.
FB_998,CUST_391,2024-09-03,2,Prix,Le prix est intéressant mais le retour est compliqué.
FB_999,CUST_1441,2025-04-03,3,Support client,Expérience d’achat agréable.
FB_1000,CUST_329,2024-11-04,5,Communication,J’ai eu un problème avec ma commande.
FB_1001,CUST_510,2024-04-25,3,Prix,Livraison rapide et produit conforme.
FB_1002,CUST_767,2024-08-01,1,Réservation,Taille indisponible trop souvent.
FB_1003,CUST_1298,2025-01-17,3,Qualité service,Expérience d’achat agréable.
FB_1004,CUST_118,2025-06-19,1,Support client,Packaging premium.
FB_1005,CUST_1240,2024-03-28,4,Réservation,Taille indisponible trop souvent.
FB_1006,CUST_232,2024-09-08,5,Prix,Packaging premium.
FB_1007,CUST_286,2025-03-10,5,Réservation,Taille indisponible trop souvent.
FB_1008,CUST_308,2024-04-25,5,Support client,Le site est fluide et simple.
FB_1009,CUST_910,2024-10-18,3,Organisation,Produit reçu en retard.
FB_1010,CUST_1426,2025-06-26,3,Communication,J’ai eu un problème avec ma commande.
FB_1011,CUST_4,2025-04-19,2,Réservation,Service client réactif.
FB_1012,CUST_921,2024-09-09,4,Réservation,Service client réactif.
FB_1013,CUST_1065,2024-11-17,4,Aucune plainte,Service client réactif.
FB_1014,CUST_1447,2024-06-30,2,Prix,Expérience d’achat agréable.
FB_1015,CUST_688,2024-05-21,3,Aucune plainte,Packaging premium.
FB_1016,CUST_393,2024-05-05,2,Qualité service,Livraison rapide et produit conforme.
FB_1017,CUST_394,2025-03-02,5,Prix,Le prix est intéressant mais le retour est compliqué.
FB_1018,CUST_1448,2024-07-05,5,Prix,Expérience d’achat agréable.
FB_1019,CUST_568,2024-12-16,1,Prix,J’ai eu un problème avec ma commande.
FB_1020,CUST_814,2024-03-28,2,Réservation,Produit reçu en retard.
FB_1021,CUST_738,2024-02-07,4,Qualité service,Livraison rapide et produit conforme.
FB_1022,CUST_540,2025-02-04,4,Aucune plainte,Service client réactif.
FB_1023,CUST_163,2024-03-30,3,Prix,Service client réactif.
FB_1024,CUST_1359,2025-01-28,2,Aucune plainte,Taille indisponible trop souvent.
FB_1025,CUST_331,2024-02-09,1,Organisation,Taille indisponible trop souvent.
FB_1026,CUST_954,2025-06-03,1,Prix,Très bonne qualité.
FB_1027,CUST_79,2024-03-22,1,Support client,Le prix est intéressant mais le retour est compliqué.
FB_1028,CUST_577,2024-04-25,5,Qualité service,Très bonne qualité.
FB_1029,CUST_1131,2025-04-16,5,Organisation,J’ai eu un problème avec ma commande.
FB_1030,CUST_153,2024-03-03,3,Qualité service,Expérience d’achat agréable.
FB_1031,CUST_1161,2024-05-23,4,Prix,J’ai eu un problème avec ma commande.
FB_1032,CUST_1101,2025-01-10,5,Organisation,Expérience d’achat agréable.
FB_1033,CUST_37,2025-01-28,3,Qualité service,Produit reçu en retard.
FB_1034,CUST_804,2025-06-30,5,Prix,Livraison rapide et produit conforme.
FB_1035,CUST_879,2024-12-30,5,Support client,Très bonne qualité.
FB_1036,CUST_791,2024-10-01,3,Support client,Service client réactif.
FB_1037,CUST_1447,2024-01-15,2,Qualité service,Le prix est intéressant mais le retour est compliqué.
FB_1038,CUST_384,2025-03-17,2,Support client,Livraison rapide et produit conforme.
FB_1039,CUST_1349,2025-05-10,2,Prix,Service client réactif.
FB_1040,CUST_843,2024-11-27,4,Qualité service,Service client réactif.
FB_1041,CUST_551,2024-03-15,2,Support client,Très bonne qualité.
FB_1042,CUST_476,2024-12-23,2,Communication,Packaging premium.
FB_1043,CUST_500,2025-06-12,3,Organisation,Très bonne qualité.
FB_1044,CUST_1211,2024-05-28,3,Support client,Le prix est intéressant mais le retour est compliqué.
FB_1045,CUST_899,2024-03-04,3,Support client,Très bonne qualité.
FB_1046,CUST_437,2024-01-17,4,Aucune plainte,Livraison rapide et produit conforme.
FB_1047,CUST_1083,2024-03-30,3,Communication,Le site est fluide et simple.
FB_1048,CUST_823,2024-08-15,5,Aucune plainte,Expérience d’achat agréable.
FB_1049,CUST_799,2024-02-12,4,Réservation,Taille indisponible trop souvent.
FB_1050,CUST_808,2025-01-25,3,Réservation,Produit reçu en retard.
FB_1051,CUST_837,2024-07-28,2,Prix,Produit reçu en retard.
FB_1052,CUST_602,2024-07-19,2,Aucune plainte,Taille indisponible trop souvent.
FB_1053,CUST_749,2024-11-12,2,Prix,Très bonne qualité.
FB_1054,CUST_815,2024-09-07,1,Support client,Livraison rapide et produit conforme.
FB_1055,CUST_999,2024-11-14,5,Support client,Expérience d’achat agréable.
FB_1056,CUST_1391,2024-02-24,4,Organisation,J’ai eu un problème avec ma commande.
FB_1057,CUST_481,2024-10-04,1,Communication,Le site est fluide et simple.
FB_1058,CUST_1148,2025-04-17,2,Aucune plainte,Le site est fluide et simple.
FB_1059,CUST_244,2025-03-18,4,Support client,Le prix est intéressant mais le retour est compliqué.
FB_1060,CUST_525,2025-01-15,5,Prix,Expérience d’achat agréable.
FB_1061,CUST_650,2024-06-15,2,Réservation,Produit reçu en retard.
FB_1062,CUST_577,2025-03-19,2,Organisation,Très bonne qualité.
FB_1063,CUST_831,2025-01-10,4,Organisation,Taille indisponible trop souvent.
FB_1064,CUST_398,2024-04-07,4,Organisation,Produit reçu en retard.
FB_1065,CUST_140,2024-03-21,4,Réservation,Service client réactif.
FB_1066,CUST_1102,2024-10-25,1,Prix,Le site est fluide et simple.
FB_1067,CUST_729,2024-02-02,5,Aucune plainte,Service client réactif.
FB_1068,CUST_988,2024-03-10,1,Qualité service,Le site est fluide et simple.
FB_1069,CUST_553,2024-02-01,1,Aucune plainte,Livraison rapide et produit conforme.
FB_1070,CUST_232,2024-12-06,5,Qualité service,Produit reçu en retard.
FB_1071,CUST_745,2024-04-25,1,Support client,J’ai eu un problème avec ma commande.
FB_1072,CUST_1414,2024-09-18,2,Réservation,Très bonne qualité.
FB_1073,CUST_1015,2024-09-14,5,Qualité service,J’ai eu un problème avec ma commande.
FB_1074,CUST_1265,2024-03-10,3,Qualité service,Packaging premium.
FB_1075,CUST_1230,2024-05-06,2,Réservation,J’ai eu un problème avec ma commande.
FB_1076,CUST_1472,2025-01-28,4,Prix,Produit reçu en retard.
FB_1077,CUST_77,2024-01-17,4,Prix,Expérience d’achat agréable.
FB_1078,CUST_1242,2025-04-16,3,Communication,Service client réactif.
FB_1079,CUST_533,2025-03-04,1,Support client,Produit reçu en retard.
FB_1080,CUST_5,2024-03-15,1,Support client,Très bonne qualité.
FB_1081,CUST_1471,2024-10-28,5,Aucune plainte,J’ai eu un problème avec ma commande.
FB_1082,CUST_596,2024-02-13,1,Prix,Taille indisponible trop souvent.
FB_1083,CUST_47,2024-05-20,3,Qualité service,Le prix est intéressant mais le retour est compliqué.
FB_1084,CUST_1435,2025-05-20,3,Aucune plainte,Très bonne qualité.
FB_1085,CUST_1427,2025-06-05,5,Qualité service,Taille indisponible trop souvent.
FB_1086,CUST_917,2024-07-21,2,Organisation,Le prix est intéressant mais le retour est compliqué.
FB_1087,CUST_946,2025-03-31,3,Réservation,J’ai eu un problème avec ma commande.
FB_1088,CUST_1381,2024-12-28,4,Prix,Taille indisponible trop souvent.
FB_1089,CUST_443,2024-12-31,4,Communication,Taille indisponible trop souvent.
FB_1090,CUST_40,2025-04-20,5,Support client,Le site est fluide et simple.
FB_1091,CUST_332,2024-06-21,1,Qualité service,Expérience d’achat agréable.
FB_1092,CUST_389,2025-01-30,4,Prix,Le site est fluide et simple.
FB_1093,CUST_349,2025-03-30,2,Communication,Service client réactif.
FB_1094,CUST_82,2025-03-18,5,Prix,Taille indisponible trop souvent.
FB_1095,CUST_673,2024-06-22,1,Aucune plainte,J’ai eu un problème avec ma commande.
FB_1096,CUST_1178,2024-11-18,1,Support client,Packaging premium.
FB_1097,CUST_1365,2025-01-13,3,Support client,Produit reçu en retard.
FB_1098,CUST_489,2024-03-06,3,Aucune plainte,Taille indisponible trop souvent.
FB_1099,CUST_1019,2024-05-29,4,Prix,Le site est fluide et simple.
FB_1100,CUST_667,2024-12-13,1,Prix,Le prix est intéressant mais le retour est compliqué.
FB_1101,CUST_1224,2024-11-09,2,Aucune plainte,Taille indisponible trop souvent.
FB_1102,CUST_1209,2024-05-17,1,Organisation,Produit reçu en retard.
FB_1103,CUST_468,2025-06-18,5,Support client,Expérience d’achat agréable.
FB_1104,CUST_1146,2024-05-13,2,Qualité service,Taille indisponible trop souvent.
FB_1105,CUST_1241,2024-05-20,2,Réservation,Très bonne qualité.
FB_1106,CUST_473,2025-06-07,2,Prix,J’ai eu un problème avec ma commande.
FB_1107,CUST_455,2024-09-20,2,Organisation,Livraison rapide et produit conforme.
FB_1108,CUST_410,2025-03-25,1,Prix,Très bonne qualité.
FB_1109,CUST_86,2024-09-01,1,Prix,Service client réactif.
FB_1110,CUST_1082,2024-08-07,1,Aucune plainte,Taille indisponible trop souvent.
FB_1111,CUST_197,2024-06-05,2,Support client,Très bonne qualité.
FB_1112,CUST_851,2024-10-18,5,Qualité service,J’ai eu un problème avec ma commande.
FB_1113,CUST_53,2024-10-02,3,Réservation,Livraison rapide et produit conforme.
FB_1114,CUST_375,2024-12-13,1,Prix,Taille indisponible trop souvent.
FB_1115,CUST_1165,2024-10-15,5,Organisation,Taille indisponible trop souvent.
FB_1116,CUST_208,2024-02-27,3,Réservation,J’ai eu un problème avec ma commande.
FB_1117,CUST_1143,2025-06-25,1,Aucune plainte,Service client réactif.
FB_1118,CUST_1033,2025-04-24,2,Support client,Service client réactif.
FB_1119,CUST_217,2024-06-06,5,Qualité service,J’ai eu un problème avec ma commande.
FB_1120,CUST_335,2024-11-09,5,Prix,Livraison rapide et produit conforme.
FB_1121,CUST_1085,2025-06-15,2,Support client,Le site est fluide et simple.
FB_1122,CUST_910,2024-07-20,2,Aucune plainte,Service client réactif.
FB_1123,CUST_1023,2024-07-30,2,Organisation,Très bonne qualité.
FB_1124,CUST_1196,2024-08-09,2,Prix,Livraison rapide et produit conforme.
FB_1125,CUST_474,2024-03-27,5,Communication,Le prix est intéressant mais le retour est compliqué.
FB_1126,CUST_939,2025-01-19,2,Communication,J’ai eu un problème avec ma commande.
FB_1127,CUST_950,2024-12-25,4,Aucune plainte,Produit reçu en retard.
FB_1128,CUST_547,2025-06-10,1,Communication,Expérience d’achat agréable.
FB_1129,CUST_76,2025-03-27,2,Qualité service,Le prix est intéressant mais le retour est compliqué.
FB_1130,CUST_734,2024-03-06,2,Qualité service,Expérience d’achat agréable.
FB_1131,CUST_1169,2024-11-05,4,Qualité service,Livraison rapide et produit conforme.
FB_1132,CUST_1338,2024-11-10,1,Prix,Très bonne qualité.
FB_1133,CUST_1433,2025-05-14,3,Organisation,Le site est fluide et simple.
FB_1134,CUST_249,2024-01-10,1,Support client,Le site est fluide et simple.
FB_1135,CUST_1164,2025-06-09,2,Support client,Produit reçu en retard.
FB_1136,CUST_1433,2025-01-12,3,Prix,Packaging premium.
FB_1137,CUST_411,2024-08-18,1,Réservation,Taille indisponible trop souvent.
FB_1138,CUST_126,2024-08-29,4,Aucune plainte,Le site est fluide et simple.
FB_1139,CUST_714,2024-12-12,4,Communication,Très bonne qualité.
FB_1140,CUST_5,2025-03-02,1,Support client,Le site est fluide et simple.
FB_1141,CUST_475,2024-08-07,2,Support client,Packaging premium.
FB_1142,CUST_1293,2024-01-28,4,Prix,Service client réactif.
FB_1143,CUST_1026,2024-01-29,4,Communication,Livraison rapide et produit conforme.
FB_1144,CUST_1151,2024-05-19,2,Qualité service,Le prix est intéressant mais le retour est compliqué.
FB_1145,CUST_784,2025-04-13,3,Aucune plainte,Expérience d’achat agréable.
FB_1146,CUST_623,2024-04-11,1,Réservation,Le site est fluide et simple.
FB_1147,CUST_397,2024-12-04,2,Support client,Le prix est intéressant mais le retour est compliqué.
FB_1148,CUST_441,2025-03-20,2,Prix,Produit reçu en retard.
FB_1149,CUST_687,2025-02-21,3,Prix,Très bonne qualité.
FB_1150,CUST_1440,2024-04-16,1,Organisation,Expérience d’achat agréable.
FB_1151,CUST_89,2025-03-04,3,Qualité service,J’ai eu un problème avec ma commande.
FB_1152,CUST_759,2025-05-01,1,Prix,Le site est fluide et simple.
FB_1153,CUST_970,2024-10-11,1,Organisation,Le prix est intéressant mais le retour est compliqué.
FB_1154,CUST_200,2024-06-12,5,Aucune plainte,Packaging premium.
FB_1155,CUST_764,2025-02-15,1,Communication,Très bonne qualité.
FB_1156,CUST_297,2024-11-28,2,Communication,Le prix est intéressant mais le retour est compliqué.
FB_1157,CUST_78,2024-07-30,5,Aucune plainte,Expérience d’achat agréable.
FB_1158,CUST_483,2024-10-03,5,Communication,Expérience d’achat agréable.
FB_1159,CUST_232,2025-01-23,4,Support client,Taille indisponible trop souvent.
FB_1160,CUST_876,2025-04-20,1,Aucune plainte,Livraison rapide et produit conforme.
FB_1161,CUST_1303,2024-02-15,5,Prix,Le site est fluide et simple.
FB_1162,CUST_231,2024-06-14,1,Communication,Packaging premium.
FB_1163,CUST_212,2024-07-03,3,Support client,Taille indisponible trop souvent.
FB_1164,CUST_1364,2024-08-06,1,Communication,Produit reçu en retard.
FB_1165,CUST_179,2025-01-14,4,Prix,Expérience d’achat agréable.
FB_1166,CUST_201,2024-11-25,5,Qualité service,Le prix est intéressant mais le retour est compliqué.
FB_1167,CUST_304,2025-02-19,5,Aucune plainte,Service client réactif.
FB_1168,CUST_1499,2024-06-03,1,Organisation,Le prix est intéressant mais le retour est compliqué.
FB_1169,CUST_307,2024-01-18,1,Prix,Packaging premium.
FB_1170,CUST_1265,2025-03-18,4,Support client,Service client réactif.
FB_1171,CUST_29,2024-02-11,5,Prix,Taille indisponible trop souvent.
FB_1172,CUST_24,2024-08-23,2,Communication,Taille indisponible trop souvent.
FB_1173,CUST_66,2025-04-06,5,Support client,Le site est fluide et simple.
FB_1174,CUST_1262,2024-03-13,3,Organisation,Produit reçu en retard.
FB_1175,CUST_964,2024-07-13,4,Réservation,Taille indisponible trop souvent.
FB_1176,CUST_874,2024-10-18,5,Réservation,Expérience d’achat agréable.
FB_1177,CUST_135,2025-02-18,5,Réservation,Expérience d’achat agréable.
FB_1178,CUST_56,2025-04-27,2,Qualité service,Très bonne qualité.
FB_1179,CUST_1105,2025-01-09,4,Réservation,J’ai eu un problème avec ma commande.
FB_1180,CUST_1353,2024-08-23,2,Organisation,Taille indisponible trop souvent.
FB_1181,CUST_1025,2024-06-07,2,Réservation,Le prix est intéressant mais le retour est compliqué.
FB_1182,CUST_370,2024-09-16,2,Organisation,Le site est fluide et simple.
FB_1183,CUST_644,2024-04-21,1,Organisation,Packaging premium.
FB_1184,CUST_548,2025-05-28,4,Prix,Le prix est intéressant mais le retour est compliqué.
FB_1185,CUST_662,2024-04-08,2,Communication,Service client réactif.
FB_1186,CUST_1284,2025-03-14,3,Organisation,Expérience d’achat agréable.
FB_1187,CUST_809,2025-04-07,2,Aucune plainte,Packaging premium.
FB_1188,CUST_507,2025-05-23,5,Communication,Très bonne qualité.
FB_1189,CUST_1159,2024-07-23,5,Réservation,Très bonne qualité.
FB_1190,CUST_463,2025-06-08,1,Organisation,Très bonne qualité.
FB_1191,CUST_1343,2025-02-10,5,Qualité service,Service client réactif.
FB_1192,CUST_837,2024-10-22,5,Aucune plainte,Livraison rapide et produit conforme.
FB_1193,CUST_1442,2024-03-17,1,Prix,Expérience d’achat agréable.
FB_1194,CUST_840,2024-01-15,1,Prix,Le prix est intéressant mais le retour est compliqué.
FB_1195,CUST_1306,2024-05-18,3,Qualité service,J’ai eu un problème avec ma commande.
FB_1196,CUST_856,2025-02-17,2,Prix,Livraison rapide et produit conforme.
FB_1197,CUST_731,2024-06-22,5,Communication,Le site est fluide et simple.
FB_1198,CUST_427,2024-12-15,5,Organisation,Très bonne qualité.
FB_1199,CUST_4,2025-05-16,3,Aucune plainte,Le site est fluide et simple.
FB_1200,CUST_404,2024-08-20,5,Prix,Le prix est intéressant mais le retour est compliqué.
FB_1201,CUST_526,2024-08-26,2,Organisation,Le site est fluide et simple.
FB_1202,CUST_1349,2024-02-13,4,Qualité service,Expérience d’achat agréable.
FB_1203,CUST_1036,2024-09-24,1,Aucune plainte,Service client réactif.
FB_1204,CUST_1498,2024-04-03,3,Communication,Le site est fluide et simple.
FB_1205,CUST_904,2024-08-12,3,Aucune plainte,Le site est fluide et simple.
FB_1206,CUST_1418,2024-01-02,2,Organisation,Produit reçu en retard.
FB_1207,CUST_414,2024-11-09,5,Prix,Livraison rapide et produit conforme.
FB_1208,CUST_25,2024-03-09,2,Support client,Le site est fluide et simple.
FB_1209,CUST_1308,2024-02-21,2,Support client,J’ai eu un problème avec ma commande.
FB_1210,CUST_249,2024-06-02,2,Organisation,Produit reçu en retard.
FB_1211,CUST_14,2024-12-08,1,Organisation,Très bonne qualité.
FB_1212,CUST_635,2024-10-23,2,Prix,Service client réactif.
FB_1213,CUST_921,2025-01-28,3,Aucune plainte,Produit reçu en retard.
FB_1214,CUST_544,2024-10-19,5,Réservation,Packaging premium.
FB_1215,CUST_23,2024-10-27,3,Réservation,Packaging premium.
FB_1216,CUST_935,2024-01-08,2,Prix,Packaging premium.
FB_1217,CUST_18,2024-12-25,3,Réservation,Le site est fluide et simple.
FB_1218,CUST_779,2024-05-07,3,Communication,J’ai eu un problème avec ma commande.
FB_1219,CUST_908,2024-09-08,3,Communication,Produit reçu en retard.
FB_1220,CUST_422,2025-05-06,3,Communication,J’ai eu un problème avec ma commande.
FB_1221,CUST_1147,2024-09-08,2,Communication,Le site est fluide et simple.
FB_1222,CUST_917,2024-07-20,2,Support client,Produit reçu en retard.
FB_1223,CUST_1026,2025-01-23,1,Réservation,Le site est fluide et simple.
FB_1224,CUST_1235,2024-06-25,1,Qualité service,Packaging premium.
FB_1225,CUST_848,2024-04-30,1,Prix,Le prix est intéressant mais le retour est compliqué.
FB_1226,CUST_1036,2025-04-10,1,Réservation,Le site est fluide et simple.
FB_1227,CUST_1316,2025-04-30,5,Communication,Service client réactif.
FB_1228,CUST_966,2024-01-27,5,Réservation,Le site est fluide et simple.
FB_1229,CUST_464,2024-07-12,4,Prix,J’ai eu un problème avec ma commande.
FB_1230,CUST_308,2024-04-19,4,Réservation,Produit reçu en retard.
FB_1231,CUST_917,2024-02-14,5,Support client,Taille indisponible trop souvent.
FB_1232,CUST_1437,2024-06-15,4,Communication,Produit reçu en retard.
FB_1233,CUST_130,2024-04-11,4,Qualité service,Le prix est intéressant mais le retour est compliqué.
FB_1234,CUST_371,2025-03-04,3,Prix,Livraison rapide et produit conforme.
FB_1235,CUST_848,2025-05-12,3,Prix,Taille indisponible trop souvent.
FB_1236,CUST_130,2024-11-19,1,Qualité service,Taille indisponible trop souvent.
FB_1237,CUST_338,2025-05-01,4,Organisation,J’ai eu un problème avec ma commande.
FB_1238,CUST_1413,2024-05-15,3,Aucune plainte,Livraison rapide et produit conforme.
FB_1239,CUST_699,2024-03-31,4,Réservation,Expérience d’achat agréable.
FB_1240,CUST_1414,2025-05-09,5,Communication,Le prix est intéressant mais le retour est compliqué.
FB_1241,CUST_1164,2024-03-09,5,Communication,Taille indisponible trop souvent.
FB_1242,CUST_1059,2024-09-23,4,Support client,Taille indisponible trop souvent.
FB_1243,CUST_262,2024-12-15,2,Aucune plainte,Packaging premium.
FB_1244,CUST_141,2024-05-31,4,Organisation,Taille indisponible trop souvent.
FB_1245,CUST_581,2024-02-13,4,Qualité service,Packaging premium.
FB_1246,CUST_1023,2025-01-13,3,Aucune plainte,Service client réactif.
FB_1247,CUST_240,2024-10-19,1,Prix,Très bonne qualité.
FB_1248,CUST_1284,2024-06-01,4,Prix,J’ai eu un problème avec ma commande.
FB_1249,CUST_125,2025-04-09,3,Prix,Packaging premium.
FB_1250,CUST_920,2025-02-24,4,Organisation,Livraison rapide et produit conforme.
FB_1251,CUST_127,2024-06-15,5,Organisation,J’ai eu un problème avec ma commande.
FB_1252,CUST_1379,2025-02-23,1,Qualité service,J’ai eu un problème avec ma commande.
FB_1253,CUST_308,2025-01-10,3,Réservation,Service client réactif.
FB_1254,CUST_875,2024-03-16,1,Support client,Taille indisponible trop souvent.
FB_1255,CUST_723,2024-12-17,3,Support client,Produit reçu en retard.
FB_1256,CUST_1265,2025-01-11,5,Prix,Produit reçu en retard.
FB_1257,CUST_225,2025-06-24,2,Aucune plainte,Service client réactif.
FB_1258,CUST_421,2025-03-26,1,Organisation,Service client réactif.
FB_1259,CUST_1007,2025-03-07,3,Communication,Très bonne qualité.
FB_1260,CUST_1178,2024-12-29,4,Communication,Très bonne qualité.
FB_1261,CUST_900,2024-08-07,1,Organisation,Service client réactif.
FB_1262,CUST_531,2024-11-25,3,Qualité service,J’ai eu un problème avec ma commande.
FB_1263,CUST_1040,2024-08-13,4,Support client,J’ai eu un problème avec ma commande.
FB_1264,CUST_949,2024-10-14,5,Prix,Taille indisponible trop souvent.
FB_1265,CUST_221,2024-11-09,4,Organisation,Livraison rapide et produit conforme.
FB_1266,CUST_514,2025-06-01,4,Qualité service,Packaging premium.
FB_1267,CUST_1487,2024-07-27,5,Support client,J’ai eu un problème avec ma commande.
FB_1268,CUST_575,2024-04-10,4,Organisation,Taille indisponible trop souvent.
FB_1269,CUST_1279,2024-05-03,3,Communication,Packaging premium.
FB_1270,CUST_503,2024-05-27,5,Organisation,J’ai eu un problème avec ma commande.
FB_1271,CUST_412,2024-01-31,4,Support client,Le site est fluide et simple.
FB_1272,CUST_1025,2024-08-09,3,Qualité service,Le prix est intéressant mais le retour est compliqué.
FB_1273,CUST_342,2025-06-21,4,Prix,Packaging premium.
FB_1274,CUST_515,2024-09-21,4,Support client,Taille indisponible trop souvent.
FB_1275,CUST_1152,2024-02-24,5,Prix,Packaging premium.
FB_1276,CUST_810,2025-04-11,4,Communication,Le prix est intéressant mais le retour est compliqué.
FB_1277,CUST_972,2025-04-13,4,Prix,Livraison rapide et produit conforme.
FB_1278,CUST_616,2024-01-25,2,Prix,Le prix est intéressant mais le retour est compliqué.
FB_1279,CUST_479,2024-08-29,5,Aucune plainte,Très bonne qualité.
FB_1280,CUST_981,2024-02-20,1,Aucune plainte,J’ai eu un problème avec ma commande.
FB_1281,CUST_1119,2024-11-19,1,Aucune plainte,Packaging premium.
FB_1282,CUST_449,2024-05-18,3,Réservation,J’ai eu un problème avec ma commande.
FB_1283,CUST_897,2024-01-01,1,Organisation,Livraison rapide et produit conforme.
FB_1284,CUST_1349,2024-08-21,4,Prix,Très bonne qualité.
FB_1285,CUST_1401,2024-11-06,4,Prix,J’ai eu un problème avec ma commande.
FB_1286,CUST_1099,2024-06-02,3,Prix,Livraison rapide et produit conforme.
FB_1287,CUST_837,2024-12-26,4,Organisation,Packaging premium.
FB_1288,CUST_704,2024-01-21,3,Qualité service,Expérience d’achat agréable.
FB_1289,CUST_1386,2024-03-04,5,Prix,Le site est fluide et simple.
FB_1290,CUST_1335,2024-02-29,1,Communication,Taille indisponible trop souvent.
FB_1291,CUST_1028,2024-06-25,5,Réservation,Packaging premium.
FB_1292,CUST_1052,2024-07-24,5,Réservation,Service client réactif.
FB_1293,CUST_399,2024-12-15,4,Réservation,Très bonne qualité.
FB_1294,CUST_946,2024-05-28,4,Aucune plainte,Expérience d’achat agréable.
FB_1295,CUST_41,2024-04-27,4,Support client,Service client réactif.
FB_1296,CUST_1327,2025-04-17,1,Aucune plainte,Le prix est intéressant mais le retour est compliqué.
FB_1297,CUST_850,2024-01-05,5,Aucune plainte,J’ai eu un problème avec ma commande.
FB_1298,CUST_1485,2025-04-13,5,Qualité service,J’ai eu un problème avec ma commande.
FB_1299,CUST_1019,2024-02-14,3,Aucune plainte,Service client réactif.
FB_1300,CUST_313,2025-06-16,3,Organisation,Expérience d’achat agréable.
FB_1301,CUST_310,2025-06-03,2,Réservation,Expérience d’achat agréable.
FB_1302,CUST_1287,2024-03-11,2,Support client,Livraison rapide et produit conforme.
FB_1303,CUST_213,2024-07-10,4,Prix,Service client réactif.
FB_1304,CUST_439,2025-06-03,1,Qualité service,Le prix est intéressant mais le retour est compliqué.
FB_1305,CUST_1022,2024-10-10,1,Communication,Expérience d’achat agréable.
FB_1306,CUST_530,2024-12-14,1,Support client,Packaging premium.
FB_1307,CUST_463,2024-12-24,4,Prix,Le prix est intéressant mais le retour est compliqué.
FB_1308,CUST_460,2024-08-23,2,Organisation,Service client réactif.
FB_1309,CUST_1110,2024-03-31,3,Réservation,Très bonne qualité.
FB_1310,CUST_661,2025-04-21,3,Qualité service,Très bonne qualité.
FB_1311,CUST_800,2025-06-16,4,Communication,Taille indisponible trop souvent.
FB_1312,CUST_673,2025-04-24,1,Qualité service,Produit reçu en retard.
FB_1313,CUST_372,2024-02-15,2,Prix,Le site est fluide et simple.
FB_1314,CUST_910,2025-01-22,5,Prix,Expérience d’achat agréable.
FB_1315,CUST_415,2025-04-02,5,Qualité service,Livraison rapide et produit conforme.
FB_1316,CUST_633,2025-04-15,1,Communication,Produit reçu en retard.
FB_1317,CUST_344,2024-11-12,4,Prix,Livraison rapide et produit conforme.
FB_1318,CUST_473,2024-12-17,2,Organisation,Le prix est intéressant mais le retour est compliqué.
FB_1319,CUST_756,2025-05-21,4,Réservation,Livraison rapide et produit conforme.
FB_1320,CUST_237,2025-01-30,2,Support client,Produit reçu en retard.
FB_1321,CUST_1354,2024-05-27,4,Communication,Packaging premium.
FB_1322,CUST_1387,2024-09-14,2,Aucune plainte,Le prix est intéressant mais le retour est compliqué.
FB_1323,CUST_782,2024-06-18,3,Qualité service,Livraison rapide et produit conforme.
FB_1324,CUST_638,2025-01-31,1,Qualité service,J’ai eu un problème avec ma commande.
FB_1325,CUST_1191,2024-09-08,4,Communication,Expérience d’achat agréable.
FB_1326,CUST_1001,2024-11-27,4,Aucune plainte,J’ai eu un problème avec ma commande.
FB_1327,CUST_451,2024-04-29,1,Organisation,Service client réactif.
FB_1328,CUST_945,2024-08-20,3,Communication,J’ai eu un problème avec ma commande.
FB_1329,CUST_1007,2024-05-08,2,Aucune plainte,Packaging premium.
FB_1330,CUST_1306,2024-09-20,2,Qualité service,Le prix est intéressant mais le retour est compliqué.
FB_1331,CUST_285,2025-03-22,2,Support client,J’ai eu un problème avec ma commande.
FB_1332,CUST_684,2025-02-11,1,Support client,Livraison rapide et produit conforme.
FB_1333,CUST_1383,2025-04-02,3,Qualité service,Produit reçu en retard.
FB_1334,CUST_1345,2025-06-17,4,Aucune plainte,Taille indisponible trop souvent.
FB_1335,CUST_30,2025-03-02,2,Organisation,Le prix est intéressant mais le retour est compliqué.
FB_1336,CUST_915,2024-06-19,3,Aucune plainte,Service client réactif.
FB_1337,CUST_1149,2025-05-06,5,Prix,Packaging premium.
FB_1338,CUST_664,2024-05-22,3,Organisation,Le site est fluide et simple.
FB_1339,CUST_139,2025-04-28,3,Aucune plainte,Packaging premium.
FB_1340,CUST_793,2024-02-23,4,Qualité service,Le prix est intéressant mais le retour est compliqué.
FB_1341,CUST_1382,2024-10-20,1,Support client,Le site est fluide et simple.
FB_1342,CUST_1314,2024-12-01,1,Organisation,Service client réactif.
FB_1343,CUST_915,2025-04-06,2,Aucune plainte,Livraison rapide et produit conforme.
FB_1344,CUST_376,2025-04-30,3,Communication,Service client réactif.
FB_1345,CUST_541,2024-05-15,3,Organisation,Le site est fluide et simple.
FB_1346,CUST_147,2024-11-02,5,Prix,Le prix est intéressant mais le retour est compliqué.
FB_1347,CUST_715,2024-03-23,3,Réservation,Livraison rapide et produit conforme.
FB_1348,CUST_499,2025-02-14,3,Réservation,Le site est fluide et simple.
FB_1349,CUST_896,2024-08-06,3,Qualité service,Produit reçu en retard.
FB_1350,CUST_193,2024-12-01,4,Organisation,Très bonne qualité.
FB_1351,CUST_1350,2024-10-09,1,Aucune plainte,Le site est fluide et simple.
FB_1352,CUST_1454,2025-06-13,3,Organisation,Expérience d’achat agréable.
FB_1353,CUST_347,2025-03-19,3,Communication,Expérience d’achat agréable.
FB_1354,CUST_149,2024-10-20,5,Support client,Livraison rapide et produit conforme.
FB_1355,CUST_895,2025-06-03,3,Qualité service,Très bonne qualité.
FB_1356,CUST_115,2024-06-06,5,Prix,J’ai eu un problème avec ma commande.
FB_1357,CUST_689,2025-06-10,4,Réservation,Le site est fluide et simple.
FB_1358,CUST_1325,2024-05-25,2,Communication,Très bonne qualité.
FB_1359,CUST_45,2025-06-03,2,Réservation,Produit reçu en retard.
FB_1360,CUST_54,2024-12-04,3,Aucune plainte,Le prix est intéressant mais le retour est compliqué.
FB_1361,CUST_723,2024-10-09,1,Communication,Expérience d’achat agréable.
FB_1362,CUST_1452,2024-10-06,1,Aucune plainte,Livraison rapide et produit conforme.
FB_1363,CUST_1493,2025-02-03,4,Organisation,J’ai eu un problème avec ma commande.
FB_1364,CUST_508,2025-04-23,1,Organisation,Produit reçu en retard.
FB_1365,CUST_997,2024-03-13,2,Aucune plainte,Le prix est intéressant mais le retour est compliqué.
FB_1366,CUST_692,2024-03-09,1,Support client,Packaging premium.
FB_1367,CUST_1366,2024-05-29,5,Prix,Livraison rapide et produit conforme.
FB_1368,CUST_1440,2024-12-22,3,Qualité service,Packaging premium.
FB_1369,CUST_951,2024-10-14,1,Support client,Produit reçu en retard.
FB_1370,CUST_184,2024-01-06,2,Organisation,Taille indisponible trop souvent.
FB_1371,CUST_814,2024-01-10,5,Communication,Livraison rapide et produit conforme.
FB_1372,CUST_1052,2024-11-02,5,Prix,Très bonne qualité.
FB_1373,CUST_1310,2024-04-06,1,Support client,Service client réactif.
FB_1374,CUST_254,2025-02-26,1,Qualité service,Très bonne qualité.
FB_1375,CUST_409,2024-04-12,5,Qualité service,Produit reçu en retard.
FB_1376,CUST_476,2025-05-07,3,Prix,Service client réactif.
FB_1377,CUST_586,2024-09-13,4,Qualité service,Livraison rapide et produit conforme.
FB_1378,CUST_562,2025-03-27,5,Organisation,Le site est fluide et simple.
FB_1379,CUST_52,2025-01-07,5,Organisation,J’ai eu un problème avec ma commande.
FB_1380,CUST_775,2024-10-05,4,Prix,Service client réactif.
FB_1381,CUST_717,2024-04-10,2,Qualité service,Le prix est intéressant mais le retour est compliqué.
FB_1382,CUST_646,2024-05-15,1,Organisation,Packaging premium.
FB_1383,CUST_1142,2025-01-05,3,Aucune plainte,Produit reçu en retard.
FB_1384,CUST_492,2024-01-15,4,Aucune plainte,Le prix est intéressant mais le retour est compliqué.
FB_1385,CUST_512,2024-11-05,2,Aucune plainte,Service client réactif.
FB_1386,CUST_429,2024-11-06,4,Aucune plainte,Packaging premium.
FB_1387,CUST_1391,2024-08-06,3,Réservation,Le prix est intéressant mais le retour est compliqué.
FB_1388,CUST_1065,2024-11-22,1,Support client,Le site est fluide et simple.
FB_1389,CUST_797,2025-02-01,1,Support client,Très bonne qualité.
FB_1390,CUST_885,2024-11-10,1,Prix,Packaging premium.
FB_1391,CUST_239,2024-01-27,1,Prix,Taille indisponible trop souvent.
FB_1392,CUST_1399,2025-06-23,2,Communication,Livraison rapide et produit conforme.
FB_1393,CUST_948,2024-04-15,4,Communication,Livraison rapide et produit conforme.
FB_1394,CUST_119,2024-06-17,3,Aucune plainte,Très bonne qualité.
FB_1395,CUST_406,2025-02-16,2,Support client,Service client réactif.
FB_1396,CUST_999,2025-03-08,5,Organisation,Taille indisponible trop souvent.
FB_1397,CUST_235,2025-01-18,3,Prix,Produit reçu en retard.
FB_1398,CUST_346,2024-04-06,1,Aucune plainte,Packaging premium.
FB_1399,CUST_47,2024-05-19,5,Aucune plainte,Packaging premium.
FB_1400,CUST_250,2025-03-16,4,Aucune plainte,Expérience d’achat agréable.
FB_1401,CUST_1346,2024-07-17,2,Prix,Expérience d’achat agréable.
FB_1402,CUST_602,2025-04-13,5,Prix,Service client réactif.
FB_1403,CUST_1025,2024-01-07,5,Prix,J’ai eu un problème avec ma commande.
FB_1404,CUST_1020,2024-02-03,1,Aucune plainte,Taille indisponible trop souvent.
FB_1405,CUST_1268,2024-02-17,3,Communication,Packaging premium.
FB_1406,CUST_1022,2024-10-20,1,Aucune plainte,Le site est fluide et simple.
FB_1407,CUST_339,2024-04-05,4,Aucune plainte,Packaging premium.
FB_1408,CUST_433,2024-01-27,2,Prix,Packaging premium.
FB_1409,CUST_168,2024-04-03,2,Réservation,J’ai eu un problème avec ma commande.
FB_1410,CUST_735,2024-07-18,2,Communication,J’ai eu un problème avec ma commande.
FB_1411,CUST_621,2024-12-20,4,Organisation,Expérience d’achat agréable.
FB_1412,CUST_424,2025-03-18,5,Prix,Taille indisponible trop souvent.
FB_1413,CUST_175,2024-08-19,3,Communication,Livraison rapide et produit conforme.
FB_1414,CUST_1116,2025-03-30,2,Support client,J’ai eu un problème avec ma commande.
FB_1415,CUST_115,2025-03-19,2,Réservation,Produit reçu en retard.
FB_1416,CUST_214,2025-05-18,5,Organisation,Produit reçu en retard.
FB_1417,CUST_789,2025-03-13,5,Support client,Packaging premium.
FB_1418,CUST_1417,2024-05-14,1,Réservation,Service client réactif.
FB_1419,CUST_540,2024-02-01,4,Communication,Très bonne qualité.
FB_1420,CUST_8,2025-06-06,2,Prix,Packaging premium.
FB_1421,CUST_946,2024-01-09,5,Prix,Service client réactif.
FB_1422,CUST_185,2024-06-24,2,Prix,Produit reçu en retard.
FB_1423,CUST_818,2024-03-24,5,Organisation,Expérience d’achat agréable.
FB_1424,CUST_1246,2025-03-04,2,Qualité service,Taille indisponible trop souvent.
FB_1425,CUST_639,2025-05-06,1,Prix,Expérience d’achat agréable.
FB_1426,CUST_26,2025-05-22,3,Organisation,Produit reçu en retard.
FB_1427,CUST_474,2024-06-26,5,Qualité service,Très bonne qualité.
FB_1428,CUST_134,2024-09-05,1,Support client,Le site est fluide et simple.
FB_1429,CUST_693,2024-03-22,5,Communication,Produit reçu en retard.
FB_1430,CUST_1064,2024-04-07,2,Prix,Livraison rapide et produit conforme.
FB_1431,CUST_1349,2025-03-21,3,Qualité service,Service client réactif.
FB_1432,CUST_1055,2024-07-16,2,Réservation,Le prix est intéressant mais le retour est compliqué.
FB_1433,CUST_440,2025-04-04,3,Organisation,Packaging premium.
FB_1434,CUST_9,2024-10-29,4,Organisation,J’ai eu un problème avec ma commande.
FB_1435,CUST_214,2025-03-16,4,Aucune plainte,Produit reçu en retard.
FB_1436,CUST_59,2024-10-18,4,Aucune plainte,J’ai eu un problème avec ma commande.
FB_1437,CUST_470,2024-08-20,5,Réservation,Le prix est intéressant mais le retour est compliqué.
FB_1438,CUST_124,2025-03-03,1,Qualité service,Taille indisponible trop souvent.
FB_1439,CUST_511,2024-06-21,3,Support client,Livraison rapide et produit conforme.
FB_1440,CUST_1362,2024-11-19,2,Organisation,J’ai eu un problème avec ma commande.
FB_1441,CUST_1447,2025-04-13,4,Prix,Le site est fluide et simple.
FB_1442,CUST_65,2024-03-05,2,Prix,Le site est fluide et simple.
FB_1443,CUST_1274,2025-01-19,1,Réservation,Le site est fluide et simple.
FB_1444,CUST_1125,2024-10-23,3,Communication,J’ai eu un problème avec ma commande.
FB_1445,CUST_1274,2025-06-29,4,Communication,Le prix est intéressant mais le retour est compliqué.
FB_1446,CUST_1457,2024-04-05,3,Prix,Produit reçu en retard.
FB_1447,CUST_765,2025-01-16,4,Prix,Livraison rapide et produit conforme.
FB_1448,CUST_1283,2024-07-28,2,Réservation,Le prix est intéressant mais le retour est compliqué.
FB_1449,CUST_742,2025-01-24,1,Réservation,Packaging premium.
FB_1450,CUST_1201,2024-06-20,5,Aucune plainte,Taille indisponible trop souvent.
FB_1451,CUST_696,2024-02-04,5,Réservation,Livraison rapide et produit conforme.
FB_1452,CUST_780,2024-03-19,3,Prix,Taille indisponible trop souvent.
FB_1453,CUST_570,2024-11-19,3,Qualité service,Très bonne qualité.
FB_1454,CUST_829,2025-02-18,2,Réservation,J’ai eu un problème avec ma commande.
FB_1455,CUST_743,2024-02-25,3,Communication,Livraison rapide et produit conforme.
FB_1456,CUST_312,2024-03-25,2,Communication,Le site est fluide et simple.
FB_1457,CUST_1005,2024-06-23,3,Organisation,Le site est fluide et simple.
FB_1458,CUST_230,2024-10-06,3,Communication,Le prix est intéressant mais le retour est compliqué.
FB_1459,CUST_940,2025-01-15,5,Communication,Packaging premium.
FB_1460,CUST_284,2024-03-22,3,Organisation,Expérience d’achat agréable.
FB_1461,CUST_577,2024-05-15,3,Aucune plainte,J’ai eu un problème avec ma commande.
FB_1462,CUST_14,2025-02-20,1,Communication,Le prix est intéressant mais le retour est compliqué.
FB_1463,CUST_1396,2025-05-04,1,Prix,Très bonne qualité.
FB_1464,CUST_1339,2025-05-18,1,Réservation,Taille indisponible trop souvent.
FB_1465,CUST_888,2024-04-20,1,Organisation,Service client réactif.
FB_1466,CUST_945,2025-02-02,2,Qualité service,Livraison rapide et produit conforme.
FB_1467,CUST_1464,2025-03-05,5,Aucune plainte,Packaging premium.
FB_1468,CUST_1483,2025-03-21,1,Prix,Le prix est intéressant mais le retour est compliqué.
FB_1469,CUST_704,2024-07-04,1,Support client,Très bonne qualité.
FB_1470,CUST_1202,2025-06-14,4,Réservation,Packaging premium.
FB_1471,CUST_1422,2025-01-23,5,Prix,Service client réactif.
FB_1472,CUST_742,2024-04-14,4,Aucune plainte,Très bonne qualité.
FB_1473,CUST_1444,2024-07-13,3,Support client,Packaging premium.
FB_1474,CUST_7,2024-04-28,1,Organisation,Très bonne qualité.
FB_1475,CUST_1024,2025-02-06,2,Prix,Produit reçu en retard.
FB_1476,CUST_706,2024-07-15,1,Organisation,Livraison rapide et produit conforme.
FB_1477,CUST_422,2025-03-19,3,Organisation,Très bonne qualité.
FB_1478,CUST_269,2024-06-04,5,Prix,Livraison rapide et produit conforme.
FB_1479,CUST_1335,2024-01-07,5,Support client,J’ai eu un problème avec ma commande.
FB_1480,CUST_757,2025-01-30,2,Réservation,Expérience d’achat agréable.
FB_1481,CUST_137,2024-03-24,5,Communication,Produit reçu en retard.
FB_1482,CUST_888,2025-01-02,3,Organisation,Packaging premium.
FB_1483,CUST_582,2024-03-30,4,Qualité service,Expérience d’achat agréable.
FB_1484,CUST_1058,2024-03-23,3,Qualité service,Produit reçu en retard.
FB_1485,CUST_645,2024-02-13,5,Organisation,Produit reçu en retard.
FB_1486,CUST_1261,2024-05-09,1,Prix,Livraison rapide et produit conforme.
FB_1487,CUST_1279,2024-07-25,1,Organisation,Très bonne qualité.
FB_1488,CUST_1166,2025-04-15,2,Qualité service,Packaging premium.
FB_1489,CUST_1232,2024-07-24,4,Réservation,Packaging premium.
FB_1490,CUST_938,2025-04-27,3,Communication,Produit reçu en retard.
FB_1491,CUST_66,2025-01-27,3,Support client,J’ai eu un problème avec ma commande.
FB_1492,CUST_388,2024-07-03,1,Organisation,Service client réactif.
FB_1493,CUST_545,2024-06-06,2,Communication,Service client réactif.
FB_1494,CUST_1221,2024-01-08,3,Réservation,Packaging premium.
FB_1495,CUST_1416,2024-11-24,4,Communication,Livraison rapide et produit conforme.
FB_1496,CUST_181,2024-04-24,4,Support client,Très bonne qualité.
FB_1497,CUST_1375,2025-05-30,3,Organisation,J’ai eu un problème avec ma commande.
FB_1498,CUST_771,2024-03-14,4,Support client,Service client réactif.
FB_1499,CUST_471,2025-06-19,3,Organisation,Le prix est intéressant mais le retour est compliqué.
FB_1500,CUST_1361,2024-10-14,3,Aucune plainte,Packaging premium.
FB_1501,CUST_1469,2025-06-23,4,Aucune plainte,Service client réactif.
FB_1502,CUST_1395,2024-07-04,3,Support client,Taille indisponible trop souvent.
FB_1503,CUST_203,2024-08-13,3,Organisation,Produit reçu en retard.
FB_1504,CUST_845,2025-06-06,3,Aucune plainte,Le site est fluide et simple.
FB_1505,CUST_420,2024-02-11,5,Prix,Expérience d’achat agréable.
FB_1506,CUST_1351,2024-05-24,3,Réservation,Produit reçu en retard.
FB_1507,CUST_357,2024-03-01,1,Organisation,Le prix est intéressant mais le retour est compliqué.
FB_1508,CUST_738,2024-11-21,3,Prix,Très bonne qualité.
FB_1509,CUST_1081,2024-03-24,5,Support client,J’ai eu un problème avec ma commande.
FB_1510,CUST_883,2024-07-21,2,Prix,Livraison rapide et produit conforme.
FB_1511,CUST_1401,2025-04-27,3,Organisation,Taille indisponible trop souvent.
FB_1512,CUST_558,2024-10-21,3,Prix,J’ai eu un problème avec ma commande.
FB_1513,CUST_998,2024-01-08,1,Aucune plainte,Taille indisponible trop souvent.
FB_1514,CUST_828,2024-10-23,5,Qualité service,Livraison rapide et produit conforme.
FB_1515,CUST_336,2024-05-30,3,Communication,Le site est fluide et simple.
FB_1516,CUST_8,2025-01-18,5,Communication,Très bonne qualité.
FB_1517,CUST_723,2024-03-01,3,Communication,Packaging premium.
FB_1518,CUST_1065,2025-03-30,3,Communication,J’ai eu un problème avec ma commande.
FB_1519,CUST_1215,2024-09-12,2,Réservation,Le prix est intéressant mais le retour est compliqué.
FB_1520,CUST_553,2025-01-20,3,Support client,Produit reçu en retard.
FB_1521,CUST_359,2025-06-07,4,Réservation,Très bonne qualité.
FB_1522,CUST_778,2025-05-20,1,Aucune plainte,Expérience d’achat agréable.
FB_1523,CUST_635,2025-04-21,2,Support client,Le site est fluide et simple.
FB_1524,CUST_992,2025-05-27,3,Organisation,Taille indisponible trop souvent.
FB_1525,CUST_485,2025-06-11,1,Communication,Packaging premium.
FB_1526,CUST_795,2025-02-23,3,Réservation,Très bonne qualité.
FB_1527,CUST_239,2024-09-28,5,Organisation,Service client réactif.
FB_1528,CUST_84,2024-08-16,1,Prix,J’ai eu un problème avec ma commande.
FB_1529,CUST_185,2025-03-13,5,Support client,Packaging premium.
FB_1530,CUST_617,2025-04-05,2,Aucune plainte,J’ai eu un problème avec ma commande.
FB_1531,CUST_988,2024-02-24,1,Aucune plainte,Produit reçu en retard.
FB_1532,CUST_1054,2025-01-14,2,Communication,Service client réactif.
FB_1533,CUST_800,2025-03-22,4,Prix,Taille indisponible trop souvent.
FB_1534,CUST_1068,2024-07-10,5,Support client,Très bonne qualité.
FB_1535,CUST_929,2025-02-27,5,Support client,Taille indisponible trop souvent.
FB_1536,CUST_958,2025-01-29,1,Qualité service,Très bonne qualité.
FB_1537,CUST_1056,2025-06-11,5,Réservation,J’ai eu un problème avec ma commande.
FB_1538,CUST_791,2024-04-22,3,Prix,Service client réactif.
FB_1539,CUST_251,2024-08-24,2,Communication,Livraison rapide et produit conforme.
FB_1540,CUST_1241,2024-06-22,5,Support client,Packaging premium.
FB_1541,CUST_94,2024-01-24,5,Organisation,Taille indisponible trop souvent.
FB_1542,CUST_1271,2025-05-06,3,Support client,Taille indisponible trop souvent.
FB_1543,CUST_88,2025-06-28,4,Prix,Service client réactif.
FB_1544,CUST_51,2024-10-03,3,Communication,Le site est fluide et simple.
FB_1545,CUST_1349,2024-10-03,2,Organisation,Service client réactif.
FB_1546,CUST_169,2024-08-23,3,Communication,J’ai eu un problème avec ma commande.
FB_1547,CUST_302,2025-03-12,2,Aucune plainte,Packaging premium.
FB_1548,CUST_351,2025-02-21,3,Prix,Taille indisponible trop souvent.
FB_1549,CUST_49,2024-08-19,3,Qualité service,Produit reçu en retard.
FB_1550,CUST_754,2025-01-24,3,Réservation,Très bonne qualité.
FB_1551,CUST_1322,2025-06-26,5,Organisation,Livraison rapide et produit conforme.
FB_1552,CUST_483,2024-02-23,1,Communication,Packaging premium.
FB_1553,CUST_1358,2025-02-03,4,Support client,Packaging premium.
FB_1554,CUST_1049,2025-05-26,1,Réservation,Packaging premium.
FB_1555,CUST_491,2024-07-23,1,Qualité service,Taille indisponible trop souvent.
FB_1556,CUST_1458,2025-01-08,5,Prix,Service client réactif.
FB_1557,CUST_1310,2025-04-05,5,Communication,Taille indisponible trop souvent.
FB_1558,CUST_131,2025-01-27,4,Support client,Expérience d’achat agréable.
FB_1559,CUST_1442,2024-02-19,1,Support client,Livraison rapide et produit conforme.
FB_1560,CUST_153,2024-06-23,4,Prix,Le prix est intéressant mais le retour est compliqué.
FB_1561,CUST_765,2024-09-01,4,Prix,Packaging premium.
FB_1562,CUST_135,2024-12-05,1,Prix,Service client réactif.
FB_1563,CUST_354,2024-11-16,5,Réservation,Taille indisponible trop souvent.
FB_1564,CUST_220,2024-05-22,3,Prix,Le site est fluide et simple.
FB_1565,CUST_1098,2024-09-27,1,Prix,Le prix est intéressant mais le retour est compliqué.
FB_1566,CUST_781,2024-05-03,5,Organisation,Livraison rapide et produit conforme.
FB_1567,CUST_868,2025-02-14,3,Prix,Packaging premium.
FB_1568,CUST_23,2025-03-25,4,Qualité service,Produit reçu en retard.
FB_1569,CUST_1462,2024-10-18,3,Support client,Taille indisponible trop souvent.
FB_1570,CUST_30,2025-04-21,3,Support client,Produit reçu en retard.
FB_1571,CUST_41,2024-06-15,1,Support client,Service client réactif.
FB_1572,CUST_927,2024-02-09,2,Aucune plainte,Expérience d’achat agréable.
FB_1573,CUST_1263,2024-06-27,4,Support client,Le site est fluide et simple.
FB_1574,CUST_895,2025-01-21,5,Support client,Très bonne qualité.
FB_1575,CUST_1121,2024-04-18,5,Qualité service,Le prix est intéressant mais le retour est compliqué.
FB_1576,CUST_1266,2025-03-15,4,Qualité service,Taille indisponible trop souvent.
FB_1577,CUST_1256,2024-03-25,1,Organisation,Packaging premium.
FB_1578,CUST_1265,2025-02-07,5,Support client,J’ai eu un problème avec ma commande.
FB_1579,CUST_1484,2025-04-03,5,Prix,Expérience d’achat agréable.
FB_1580,CUST_1217,2024-02-26,2,Organisation,Le site est fluide et simple.
FB_1581,CUST_1303,2024-05-23,4,Support client,Expérience d’achat agréable.
FB_1582,CUST_1301,2024-04-15,4,Organisation,Produit reçu en retard.
FB_1583,CUST_173,2024-12-29,2,Communication,Expérience d’achat agréable.
FB_1584,CUST_1378,2025-03-19,5,Aucune plainte,Le site est fluide et simple.
FB_1585,CUST_340,2024-02-01,1,Réservation,Service client réactif.
FB_1586,CUST_282,2024-04-08,2,Organisation,Taille indisponible trop souvent.
FB_1587,CUST_537,2024-04-14,4,Qualité service,Taille indisponible trop souvent.
FB_1588,CUST_1428,2024-04-05,4,Aucune plainte,Le site est fluide et simple.
FB_1589,CUST_514,2025-05-07,1,Aucune plainte,Expérience d’achat agréable.
FB_1590,CUST_119,2024-05-04,1,Aucune plainte,Taille indisponible trop souvent.
FB_1591,CUST_800,2024-07-25,3,Réservation,Très bonne qualité.
FB_1592,CUST_1492,2025-05-20,5,Réservation,Service client réactif.
FB_1593,CUST_754,2024-05-02,2,Communication,Le prix est intéressant mais le retour est compliqué.
FB_1594,CUST_585,2024-01-03,3,Qualité service,Le site est fluide et simple.
FB_1595,CUST_1225,2025-05-27,5,Prix,J’ai eu un problème avec ma commande.
FB_1596,CUST_429,2025-04-01,4,Organisation,Produit reçu en retard.
FB_1597,CUST_1026,2024-10-05,1,Réservation,Packaging premium.
FB_1598,CUST_130,2025-05-02,5,Communication,Expérience d’achat agréable.
FB_1599,CUST_1498,2024-01-23,5,Communication,Expérience d’achat agréable.
FB_1600,CUST_406,2024-10-31,4,Communication,Très bonne qualité.
FB_1601,CUST_158,2024-12-13,5,Organisation,Packaging premium.
FB_1602,CUST_270,2025-04-05,2,Support client,Le site est fluide et simple.
FB_1603,CUST_832,2024-07-20,3,Communication,Le prix est intéressant mais le retour est compliqué.
FB_1604,CUST_911,2025-04-24,5,Organisation,Le prix est intéressant mais le retour est compliqué.
FB_1605,CUST_1399,2025-05-18,4,Aucune plainte,Livraison rapide et produit conforme.
FB_1606,CUST_1285,2024-06-09,1,Prix,Taille indisponible trop souvent.
FB_1607,CUST_1407,2025-03-20,3,Aucune plainte,Le prix est intéressant mais le retour est compliqué.
FB_1608,CUST_240,2024-10-29,4,Réservation,Taille indisponible trop souvent.
FB_1609,CUST_909,2024-03-20,4,Organisation,Produit reçu en retard.
FB_1610,CUST_792,2024-07-23,5,Organisation,Packaging premium.
FB_1611,CUST_184,2025-06-11,3,Organisation,Taille indisponible trop souvent.
FB_1612,CUST_454,2025-02-26,2,Organisation,Très bonne qualité.
FB_1613,CUST_388,2024-10-03,4,Organisation,Expérience d’achat agréable.
FB_1614,CUST_1100,2025-03-31,1,Qualité service,Packaging premium.
FB_1615,CUST_332,2025-06-30,3,Support client,Service client réactif.
FB_1616,CUST_971,2024-03-09,2,Aucune plainte,Très bonne qualité.
FB_1617,CUST_1412,2025-05-11,4,Prix,Le prix est intéressant mais le retour est compliqué.
FB_1618,CUST_902,2024-12-03,2,Support client,Expérience d’achat agréable.
FB_1619,CUST_65,2024-03-29,3,Organisation,Livraison rapide et produit conforme.
FB_1620,CUST_207,2024-10-12,2,Communication,Le prix est intéressant mais le retour est compliqué.
FB_1621,CUST_1236,2024-05-23,5,Support client,Le prix est intéressant mais le retour est compliqué.
FB_1622,CUST_867,2024-11-29,1,Qualité service,Packaging premium.
FB_1623,CUST_1110,2024-08-04,5,Qualité service,J’ai eu un problème avec ma commande.
FB_1624,CUST_11,2024-12-14,1,Qualité service,Très bonne qualité.
FB_1625,CUST_246,2024-12-12,5,Organisation,Le prix est intéressant mais le retour est compliqué.
FB_1626,CUST_1226,2024-07-17,1,Organisation,Produit reçu en retard.
FB_1627,CUST_560,2025-06-13,1,Qualité service,Taille indisponible trop souvent.
FB_1628,CUST_518,2024-04-13,1,Support client,Service client réactif.
FB_1629,CUST_1431,2025-06-06,4,Prix,J’ai eu un problème avec ma commande.
FB_1630,CUST_843,2025-06-24,2,Réservation,Le site est fluide et simple.
FB_1631,CUST_727,2024-02-24,4,Communication,J’ai eu un problème avec ma commande.
FB_1632,CUST_566,2024-03-07,4,Communication,Le prix est intéressant mais le retour est compliqué.
FB_1633,CUST_297,2024-05-09,2,Organisation,Expérience d’achat agréable.
FB_1634,CUST_1136,2024-04-14,2,Qualité service,Produit reçu en retard.
FB_1635,CUST_1491,2025-05-25,5,Communication,Expérience d’achat agréable.
FB_1636,CUST_224,2025-06-28,4,Organisation,Produit reçu en retard.
FB_1637,CUST_640,2025-05-22,2,Support client,J’ai eu un problème avec ma commande.
FB_1638,CUST_146,2024-07-20,4,Prix,J’ai eu un problème avec ma commande.
FB_1639,CUST_511,2024-08-04,4,Qualité service,Taille indisponible trop souvent.
FB_1640,CUST_315,2024-12-10,2,Prix,Service client réactif.
FB_1641,CUST_989,2025-03-01,2,Communication,Le prix est intéressant mais le retour est compliqué.
FB_1642,CUST_1274,2024-01-17,5,Qualité service,Produit reçu en retard.
FB_1643,CUST_546,2025-03-29,2,Prix,Service client réactif.
FB_1644,CUST_433,2025-03-03,1,Support client,Le site est fluide et simple.
FB_1645,CUST_557,2024-01-10,5,Réservation,Très bonne qualité.
FB_1646,CUST_160,2024-10-25,4,Aucune plainte,Produit reçu en retard.
FB_1647,CUST_1339,2025-01-18,2,Réservation,Le site est fluide et simple.
FB_1648,CUST_1251,2024-02-15,4,Communication,Très bonne qualité.
FB_1649,CUST_50,2024-05-02,5,Communication,Le prix est intéressant mais le retour est compliqué.
FB_1650,CUST_410,2025-01-21,2,Réservation,Service client réactif.
FB_1651,CUST_856,2025-05-13,5,Réservation,Expérience d’achat agréable.
FB_1652,CUST_883,2024-08-24,5,Organisation,Taille indisponible trop souvent.
FB_1653,CUST_374,2024-10-23,1,Prix,Service client réactif.
FB_1654,CUST_1467,2024-08-26,1,Support client,Très bonne qualité.
FB_1655,CUST_29,2024-07-12,3,Communication,Produit reçu en retard.
FB_1656,CUST_597,2024-06-20,5,Communication,Expérience d’achat agréable.
FB_1657,CUST_337,2024-08-19,4,Support client,Livraison rapide et produit conforme.
FB_1658,CUST_526,2024-03-14,2,Réservation,Taille indisponible trop souvent.
FB_1659,CUST_85,2024-05-02,1,Support client,Le prix est intéressant mais le retour est compliqué.
FB_1660,CUST_911,2024-02-18,2,Organisation,Le site est fluide et simple.
FB_1661,CUST_322,2024-08-08,2,Aucune plainte,Le prix est intéressant mais le retour est compliqué.
FB_1662,CUST_1403,2024-06-09,5,Communication,Produit reçu en retard.
FB_1663,CUST_1456,2025-04-24,3,Support client,J’ai eu un problème avec ma commande.
FB_1664,CUST_106,2024-12-13,2,Communication,Packaging premium.
FB_1665,CUST_971,2025-02-26,4,Qualité service,Très bonne qualité.
FB_1666,CUST_1052,2024-11-07,2,Organisation,Très bonne qualité.
FB_1667,CUST_1090,2024-07-26,4,Communication,Packaging premium.
FB_1668,CUST_988,2024-08-12,4,Organisation,Expérience d’achat agréable.
FB_1669,CUST_893,2024-09-12,1,Prix,Livraison rapide et produit conforme.
FB_1670,CUST_91,2025-03-15,4,Communication,Le prix est intéressant mais le retour est compliqué.
FB_1671,CUST_320,2024-05-25,2,Qualité service,Taille indisponible trop souvent.
FB_1672,CUST_321,2025-06-28,4,Organisation,Produit reçu en retard.
FB_1673,CUST_1377,2024-09-13,2,Prix,Expérience d’achat agréable.
FB_1674,CUST_231,2024-07-15,4,Qualité service,J’ai eu un problème avec ma commande.
FB_1675,CUST_1379,2024-12-30,3,Qualité service,Expérience d’achat agréable.
FB_1676,CUST_619,2024-06-03,4,Prix,Produit reçu en retard.
FB_1677,CUST_631,2025-01-05,3,Organisation,Le prix est intéressant mais le retour est compliqué.
FB_1678,CUST_1494,2025-02-28,4,Aucune plainte,J’ai eu un problème avec ma commande.
FB_1679,CUST_242,2025-06-15,4,Support client,Le prix est intéressant mais le retour est compliqué.
FB_1680,CUST_1347,2024-01-28,5,Qualité service,Très bonne qualité.
FB_1681,CUST_406,2025-03-19,5,Qualité service,Très bonne qualité.
FB_1682,CUST_395,2024-05-10,3,Qualité service,Service client réactif.
FB_1683,CUST_1286,2024-03-02,5,Réservation,Taille indisponible trop souvent.
FB_1684,CUST_385,2024-06-01,1,Réservation,Service client réactif.
FB_1685,CUST_80,2025-01-20,2,Prix,Service client réactif.
FB_1686,CUST_10,2024-05-31,3,Support client,Expérience d’achat agréable.
FB_1687,CUST_541,2025-05-27,5,Réservation,Expérience d’achat agréable.
FB_1688,CUST_745,2024-05-13,1,Prix,J’ai eu un problème avec ma commande.
FB_1689,CUST_1397,2024-03-01,2,Support client,Le site est fluide et simple.
FB_1690,CUST_647,2025-05-28,1,Réservation,Livraison rapide et produit conforme.
FB_1691,CUST_1084,2024-09-13,5,Support client,Livraison rapide et produit conforme.
FB_1692,CUST_571,2025-04-21,2,Aucune plainte,Le site est fluide et simple.
FB_1693,CUST_556,2024-07-25,1,Qualité service,Très bonne qualité.
FB_1694,CUST_59,2024-12-09,4,Support client,Expérience d’achat agréable.
FB_1695,CUST_1372,2024-01-04,5,Communication,Le site est fluide et simple.
FB_1696,CUST_1485,2024-09-17,5,Organisation,Le site est fluide et simple.
FB_1697,CUST_1499,2025-03-01,3,Organisation,J’ai eu un problème avec ma commande.
FB_1698,CUST_33,2025-01-16,3,Communication,Livraison rapide et produit conforme.
FB_1699,CUST_55,2024-03-23,4,Prix,Taille indisponible trop souvent.
FB_1700,CUST_90,2025-06-05,3,Prix,Produit reçu en retard.
FB_1701,CUST_949,2025-06-25,4,Réservation,Service client réactif.
FB_1702,CUST_913,2025-05-24,2,Support client,Packaging premium.
FB_1703,CUST_458,2024-09-30,1,Réservation,Produit reçu en retard.
FB_1704,CUST_104,2024-05-22,5,Communication,J’ai eu un problème avec ma commande.
FB_1705,CUST_685,2024-01-05,1,Organisation,Le prix est intéressant mais le retour est compliqué.
FB_1706,CUST_1445,2024-01-18,1,Qualité service,Très bonne qualité.
FB_1707,CUST_877,2024-01-28,1,Prix,Le prix est intéressant mais le retour est compliqué.
FB_1708,CUST_370,2024-01-29,4,Organisation,Packaging premium.
FB_1709,CUST_696,2024-09-06,4,Communication,Produit reçu en retard.
FB_1710,CUST_209,2024-01-02,2,Aucune plainte,Service client réactif.
FB_1711,CUST_668,2024-04-07,1,Organisation,Le site est fluide et simple.
FB_1712,CUST_775,2024-07-08,5,Support client,Très bonne qualité.
FB_1713,CUST_170,2024-04-16,2,Qualité service,Service client réactif.
FB_1714,CUST_1008,2024-05-16,5,Réservation,Service client réactif.
FB_1715,CUST_543,2024-07-04,1,Support client,Très bonne qualité.
FB_1716,CUST_68,2025-05-27,1,Support client,Le site est fluide et simple.
FB_1717,CUST_1040,2024-12-09,2,Organisation,Le site est fluide et simple.
FB_1718,CUST_379,2024-09-08,5,Organisation,Très bonne qualité.
FB_1719,CUST_248,2024-12-11,3,Qualité service,Taille indisponible trop souvent.
FB_1720,CUST_363,2025-03-06,4,Organisation,Packaging premium.
FB_1721,CUST_1135,2024-07-24,1,Prix,Le site est fluide et simple.
FB_1722,CUST_1396,2024-12-28,5,Organisation,Expérience d’achat agréable.
FB_1723,CUST_1092,2025-02-10,1,Aucune plainte,Livraison rapide et produit conforme.
FB_1724,CUST_1053,2024-01-06,1,Réservation,Packaging premium.
FB_1725,CUST_781,2025-06-12,2,Réservation,Très bonne qualité.
FB_1726,CUST_279,2024-11-07,1,Qualité service,Service client réactif.
FB_1727,CUST_1035,2024-02-26,4,Communication,Service client réactif.
FB_1728,CUST_70,2024-06-11,2,Qualité service,Le site est fluide et simple.
FB_1729,CUST_298,2024-11-20,4,Aucune plainte,Le prix est intéressant mais le retour est compliqué.
FB_1730,CUST_1458,2024-04-14,4,Réservation,Livraison rapide et produit conforme.
FB_1731,CUST_65,2024-05-20,5,Organisation,Livraison rapide et produit conforme.
FB_1732,CUST_331,2025-02-17,3,Aucune plainte,Service client réactif.
FB_1733,CUST_1223,2024-05-16,4,Aucune plainte,Le prix est intéressant mais le retour est compliqué.
FB_1734,CUST_366,2024-06-04,4,Réservation,Livraison rapide et produit conforme.
FB_1735,CUST_982,2024-04-27,2,Organisation,Packaging premium.
FB_1736,CUST_270,2025-04-23,4,Réservation,Très bonne qualité.
FB_1737,CUST_608,2024-09-29,5,Qualité service,Service client réactif.
FB_1738,CUST_8,2024-11-03,4,Communication,Taille indisponible trop souvent.
FB_1739,CUST_889,2024-03-27,5,Prix,Très bonne qualité.
FB_1740,CUST_1185,2024-11-02,4,Organisation,Très bonne qualité.
FB_1741,CUST_1470,2024-06-18,1,Qualité service,Le site est fluide et simple.
FB_1742,CUST_1042,2024-05-22,3,Organisation,Expérience d’achat agréable.
FB_1743,CUST_679,2024-01-26,4,Communication,Le prix est intéressant mais le retour est compliqué.
FB_1744,CUST_1444,2024-05-10,5,Qualité service,Très bonne qualité.
FB_1745,CUST_567,2025-05-04,1,Communication,Service client réactif.
FB_1746,CUST_333,2024-08-18,4,Communication,Le prix est intéressant mais le retour est compliqué.
FB_1747,CUST_1335,2024-05-30,1,Aucune plainte,Très bonne qualité.
FB_1748,CUST_272,2024-08-09,4,Organisation,Très bonne qualité.
FB_1749,CUST_364,2025-05-29,1,Réservation,Expérience d’achat agréable.
FB_1750,CUST_279,2024-02-18,2,Prix,Produit reçu en retard.
FB_1751,CUST_932,2025-06-09,2,Qualité service,Service client réactif.
FB_1752,CUST_1305,2025-06-09,4,Réservation,Taille indisponible trop souvent.
FB_1753,CUST_146,2024-10-31,3,Aucune plainte,Très bonne qualité.
FB_1754,CUST_549,2024-10-23,1,Réservation,Le site est fluide et simple.
FB_1755,CUST_1442,2025-06-28,3,Prix,Expérience d’achat agréable.
FB_1756,CUST_345,2025-06-11,2,Prix,Service client réactif.
FB_1757,CUST_67,2024-03-20,1,Réservation,Expérience d’achat agréable.
FB_1758,CUST_695,2024-06-24,4,Qualité service,Livraison rapide et produit conforme.
FB_1759,CUST_1153,2024-06-09,3,Qualité service,Service client réactif.
FB_1760,CUST_686,2024-06-18,5,Réservation,Produit reçu en retard.
FB_1761,CUST_1147,2024-06-28,2,Réservation,J’ai eu un problème avec ma commande.
FB_1762,CUST_985,2025-03-06,2,Qualité service,Le site est fluide et simple.
FB_1763,CUST_1184,2024-06-24,1,Aucune plainte,Le prix est intéressant mais le retour est compliqué.
FB_1764,CUST_1435,2024-09-16,4,Aucune plainte,Le prix est intéressant mais le retour est compliqué.
FB_1765,CUST_677,2024-03-13,4,Support client,Très bonne qualité.
FB_1766,CUST_91,2024-08-31,5,Communication,Le site est fluide et simple.
FB_1767,CUST_1168,2024-03-28,5,Qualité service,Livraison rapide et produit conforme.
FB_1768,CUST_898,2024-04-18,1,Communication,Packaging premium.
FB_1769,CUST_943,2024-06-05,2,Communication,Expérience d’achat agréable.
FB_1770,CUST_949,2025-01-18,3,Communication,Taille indisponible trop souvent.
FB_1771,CUST_1412,2024-04-22,2,Prix,Livraison rapide et produit conforme.
FB_1772,CUST_997,2024-03-18,4,Communication,J’ai eu un problème avec ma commande.
FB_1773,CUST_97,2024-08-18,1,Prix,Le prix est intéressant mais le retour est compliqué.
FB_1774,CUST_512,2024-05-10,1,Support client,Packaging premium.
FB_1775,CUST_1047,2025-02-17,2,Prix,Packaging premium.
FB_1776,CUST_1230,2025-04-07,2,Organisation,Service client réactif.
FB_1777,CUST_452,2025-06-17,5,Réservation,Expérience d’achat agréable.
FB_1778,CUST_1482,2024-09-07,2,Organisation,Packaging premium.
FB_1779,CUST_54,2024-10-31,4,Réservation,Le prix est intéressant mais le retour est compliqué.
FB_1780,CUST_1057,2024-05-08,4,Communication,Le site est fluide et simple.
FB_1781,CUST_735,2024-01-29,3,Organisation,Packaging premium.
FB_1782,CUST_1284,2025-06-01,2,Support client,Très bonne qualité.
FB_1783,CUST_1234,2025-06-21,2,Prix,Le site est fluide et simple.
FB_1784,CUST_620,2024-03-06,4,Communication,Taille indisponible trop souvent.
FB_1785,CUST_744,2024-08-24,4,Qualité service,J’ai eu un problème avec ma commande.
FB_1786,CUST_650,2024-08-31,2,Réservation,J’ai eu un problème avec ma commande.
FB_1787,CUST_1393,2025-02-08,5,Aucune plainte,Taille indisponible trop souvent.
FB_1788,CUST_522,2024-12-17,3,Communication,Produit reçu en retard.
FB_1789,CUST_1069,2024-11-23,5,Communication,Expérience d’achat agréable.
FB_1790,CUST_595,2024-02-18,4,Communication,Expérience d’achat agréable.
FB_1791,CUST_212,2025-01-21,4,Support client,Livraison rapide et produit conforme.
FB_1792,CUST_5,2025-02-02,5,Qualité service,Service client réactif.
FB_1793,CUST_548,2024-01-27,4,Réservation,Packaging premium.
FB_1794,CUST_943,2025-03-05,2,Organisation,Packaging premium.
FB_1795,CUST_550,2024-06-27,2,Prix,Expérience d’achat agréable.
FB_1796,CUST_39,2024-10-02,1,Support client,Livraison rapide et produit conforme.
FB_1797,CUST_202,2024-03-14,4,Organisation,Service client réactif.
FB_1798,CUST_96,2024-01-06,3,Organisation,Service client réactif.
FB_1799,CUST_428,2025-03-01,4,Aucune plainte,Le site est fluide et simple.
FB_1800,CUST_539,2024-11-19,4,Qualité service,Très bonne qualité.
FB_1801,CUST_1430,2024-07-16,5,Aucune plainte,Très bonne qualité.
FB_1802,CUST_618,2024-12-13,3,Réservation,Taille indisponible trop souvent.
FB_1803,CUST_1232,2024-03-29,4,Organisation,J’ai eu un problème avec ma commande.
FB_1804,CUST_326,2025-02-17,2,Prix,Produit reçu en retard.
FB_1805,CUST_865,2024-12-19,1,Réservation,Packaging premium.
FB_1806,CUST_660,2025-04-12,3,Communication,Livraison rapide et produit conforme.
FB_1807,CUST_185,2024-06-02,2,Communication,Service client réactif.
FB_1808,CUST_1011,2025-02-15,1,Organisation,Livraison rapide et produit conforme.
FB_1809,CUST_897,2024-09-13,2,Réservation,J’ai eu un problème avec ma commande.
FB_1810,CUST_65,2025-02-18,2,Qualité service,J’ai eu un problème avec ma commande.
FB_1811,CUST_395,2024-04-02,4,Support client,Taille indisponible trop souvent.
FB_1812,CUST_102,2024-10-05,5,Communication,J’ai eu un problème avec ma commande.
FB_1813,CUST_394,2025-06-27,5,Organisation,Service client réactif.
FB_1814,CUST_225,2024-08-23,5,Communication,Livraison rapide et produit conforme.
FB_1815,CUST_4,2024-09-28,5,Prix,Le prix est intéressant mais le retour est compliqué.
FB_1816,CUST_305,2025-06-09,2,Support client,Le prix est intéressant mais le retour est compliqué.
FB_1817,CUST_1466,2024-04-19,5,Support client,Le prix est intéressant mais le retour est compliqué.
FB_1818,CUST_1066,2024-11-01,5,Réservation,Livraison rapide et produit conforme.
FB_1819,CUST_960,2025-03-09,1,Support client,Expérience d’achat agréable.
FB_1820,CUST_153,2025-03-24,5,Organisation,Packaging premium.
FB_1821,CUST_371,2024-09-11,3,Qualité service,J’ai eu un problème avec ma commande.
FB_1822,CUST_551,2024-01-24,4,Qualité service,Livraison rapide et produit conforme.
FB_1823,CUST_360,2025-06-21,5,Prix,J’ai eu un problème avec ma commande.
FB_1824,CUST_1360,2025-04-26,5,Support client,Très bonne qualité.
FB_1825,CUST_625,2024-05-24,2,Organisation,Taille indisponible trop souvent.
FB_1826,CUST_1443,2025-06-29,2,Support client,Livraison rapide et produit conforme.
FB_1827,CUST_911,2024-03-26,4,Organisation,Très bonne qualité.
FB_1828,CUST_174,2024-07-04,5,Support client,Le site est fluide et simple.
FB_1829,CUST_851,2024-03-04,5,Réservation,Service client réactif.
FB_1830,CUST_1250,2024-08-17,2,Communication,Taille indisponible trop souvent.
FB_1831,CUST_969,2025-04-22,4,Aucune plainte,Service client réactif.
FB_1832,CUST_1311,2025-01-16,1,Support client,Le site est fluide et simple.
FB_1833,CUST_78,2025-04-21,1,Organisation,Le prix est intéressant mais le retour est compliqué.
FB_1834,CUST_338,2025-01-26,2,Réservation,Taille indisponible trop souvent.
FB_1835,CUST_275,2025-03-13,4,Qualité service,Service client réactif.
FB_1836,CUST_878,2024-01-08,3,Support client,Le site est fluide et simple.
FB_1837,CUST_211,2024-09-30,5,Qualité service,Taille indisponible trop souvent.
FB_1838,CUST_1069,2024-12-30,4,Réservation,J’ai eu un problème avec ma commande.
FB_1839,CUST_921,2024-12-01,1,Aucune plainte,Le prix est intéressant mais le retour est compliqué.
FB_1840,CUST_1017,2024-12-31,5,Organisation,J’ai eu un problème avec ma commande.
FB_1841,CUST_280,2024-12-14,3,Réservation,J’ai eu un problème avec ma commande.
FB_1842,CUST_508,2024-12-08,4,Prix,Le site est fluide et simple.
FB_1843,CUST_788,2024-06-28,1,Communication,Produit reçu en retard.
FB_1844,CUST_47,2024-04-10,3,Qualité service,Livraison rapide et produit conforme.
FB_1845,CUST_519,2024-04-16,5,Qualité service,Packaging premium.
FB_1846,CUST_1248,2024-09-20,2,Qualité service,Service client réactif.
FB_1847,CUST_203,2025-04-25,1,Communication,Le prix est intéressant mais le retour est compliqué.
FB_1848,CUST_1312,2025-05-25,1,Prix,Produit reçu en retard.
FB_1849,CUST_621,2025-04-28,2,Communication,Très bonne qualité.
FB_1850,CUST_1008,2024-02-26,2,Organisation,J’ai eu un problème avec ma commande.
FB_1851,CUST_4,2025-01-02,3,Qualité service,J’ai eu un problème avec ma commande.
FB_1852,CUST_849,2025-03-20,5,Qualité service,Taille indisponible trop souvent.
FB_1853,CUST_1171,2024-06-25,4,Aucune plainte,J’ai eu un problème avec ma commande.
FB_1854,CUST_1004,2024-05-25,3,Réservation,Expérience d’achat agréable.
FB_1855,CUST_1067,2024-08-04,5,Réservation,Le prix est intéressant mais le retour est compliqué.
FB_1856,CUST_108,2025-04-08,3,Communication,Très bonne qualité.
FB_1857,CUST_940,2024-08-09,1,Organisation,Produit reçu en retard.
FB_1858,CUST_1331,2025-02-07,1,Qualité service,Très bonne qualité.
FB_1859,CUST_1478,2025-02-25,5,Réservation,J’ai eu un problème avec ma commande.
FB_1860,CUST_297,2025-01-27,3,Support client,Service client réactif.
FB_1861,CUST_1468,2024-04-04,4,Qualité service,Le site est fluide et simple.
FB_1862,CUST_920,2025-04-28,2,Prix,J’ai eu un problème avec ma commande.
FB_1863,CUST_1417,2024-05-17,2,Organisation,Très bonne qualité.
FB_1864,CUST_290,2024-07-26,5,Organisation,Très bonne qualité.
FB_1865,CUST_1368,2024-12-07,4,Réservation,Expérience d’achat agréable.
FB_1866,CUST_775,2024-09-15,4,Communication,Le site est fluide et simple.
FB_1867,CUST_1449,2025-05-08,4,Qualité service,Expérience d’achat agréable.
FB_1868,CUST_3,2024-06-06,5,Communication,J’ai eu un problème avec ma commande.
FB_1869,CUST_1309,2024-06-06,3,Organisation,J’ai eu un problème avec ma commande.
FB_1870,CUST_1016,2024-07-22,4,Prix,Service client réactif.
FB_1871,CUST_1011,2024-04-29,5,Aucune plainte,Service client réactif.
FB_1872,CUST_18,2025-06-02,1,Organisation,J’ai eu un problème avec ma commande.
FB_1873,CUST_1293,2024-10-08,4,Communication,Packaging premium.
FB_1874,CUST_273,2024-06-14,4,Prix,Expérience d’achat agréable.
FB_1875,CUST_843,2025-04-21,2,Réservation,Expérience d’achat agréable.
FB_1876,CUST_915,2025-02-20,2,Réservation,Produit reçu en retard.
FB_1877,CUST_1147,2024-05-31,2,Aucune plainte,Packaging premium.
FB_1878,CUST_1221,2024-08-20,2,Communication,Service client réactif.
FB_1879,CUST_770,2024-07-11,4,Aucune plainte,J’ai eu un problème avec ma commande.
FB_1880,CUST_1399,2024-07-27,2,Support client,Packaging premium.
FB_1881,CUST_1492,2025-01-14,2,Communication,Packaging premium.
FB_1882,CUST_526,2025-06-08,5,Support client,Très bonne qualité.
FB_1883,CUST_498,2024-10-25,1,Organisation,Le prix est intéressant mais le retour est compliqué.
FB_1884,CUST_1091,2024-09-29,1,Prix,Très bonne qualité.
FB_1885,CUST_573,2024-11-26,3,Communication,Livraison rapide et produit conforme.
FB_1886,CUST_724,2024-09-05,3,Qualité service,Expérience d’achat agréable.
FB_1887,CUST_598,2024-07-15,1,Organisation,Très bonne qualité.
FB_1888,CUST_742,2025-02-13,3,Organisation,Produit reçu en retard.
FB_1889,CUST_223,2024-06-18,5,Support client,Produit reçu en retard.
FB_1890,CUST_230,2025-05-31,2,Aucune plainte,Taille indisponible trop souvent.
FB_1891,CUST_893,2024-09-14,3,Organisation,J’ai eu un problème avec ma commande.
FB_1892,CUST_1079,2025-01-01,5,Qualité service,Expérience d’achat agréable.
FB_1893,CUST_357,2025-02-09,4,Prix,Produit reçu en retard.
FB_1894,CUST_1286,2024-05-08,1,Aucune plainte,Très bonne qualité.
FB_1895,CUST_685,2024-04-22,5,Communication,Le prix est intéressant mais le retour est compliqué.
FB_1896,CUST_1431,2025-06-17,4,Prix,Livraison rapide et produit conforme.
FB_1897,CUST_700,2024-03-02,1,Aucune plainte,Très bonne qualité.
FB_1898,CUST_1217,2024-07-08,4,Aucune plainte,Expérience d’achat agréable.
FB_1899,CUST_640,2024-05-20,2,Qualité service,Produit reçu en retard.
FB_1900,CUST_1082,2024-01-15,5,Support client,J’ai eu un problème avec ma commande.
FB_1901,CUST_1138,2024-09-27,4,Qualité service,Taille indisponible trop souvent.
FB_1902,CUST_865,2024-12-18,1,Communication,Service client réactif.
FB_1903,CUST_700,2024-01-30,3,Communication,Le prix est intéressant mais le retour est compliqué.
FB_1904,CUST_622,2024-05-17,2,Réservation,Taille indisponible trop souvent.
FB_1905,CUST_286,2024-04-21,3,Aucune plainte,Le prix est intéressant mais le retour est compliqué.
FB_1906,CUST_257,2025-02-14,4,Prix,Produit reçu en retard.
FB_1907,CUST_1003,2025-03-13,3,Réservation,Livraison rapide et produit conforme.
FB_1908,CUST_757,2025-02-09,4,Support client,Packaging premium.
FB_1909,CUST_552,2024-03-23,3,Communication,Le prix est intéressant mais le retour est compliqué.
FB_1910,CUST_446,2024-04-10,4,Support client,Taille indisponible trop souvent.
FB_1911,CUST_780,2025-01-24,5,Communication,Produit reçu en retard.
FB_1912,CUST_1454,2024-08-03,5,Aucune plainte,Le prix est intéressant mais le retour est compliqué.
FB_1913,CUST_42,2024-01-31,5,Organisation,Produit reçu en retard.
FB_1914,CUST_1078,2024-07-19,5,Support client,Taille indisponible trop souvent.
FB_1915,CUST_192,2024-07-14,5,Réservation,Très bonne qualité.
FB_1916,CUST_81,2025-04-13,2,Qualité service,Packaging premium.
FB_1917,CUST_1195,2025-05-07,3,Aucune plainte,Le site est fluide et simple.
FB_1918,CUST_1176,2024-02-16,3,Support client,Service client réactif.
FB_1919,CUST_1456,2024-01-01,3,Communication,J’ai eu un problème avec ma commande.
FB_1920,CUST_98,2024-10-08,2,Support client,J’ai eu un problème avec ma commande.
FB_1921,CUST_706,2024-07-13,5,Prix,Taille indisponible trop souvent.
FB_1922,CUST_272,2024-09-01,5,Aucune plainte,Livraison rapide et produit conforme.
FB_1923,CUST_521,2025-05-16,1,Qualité service,Le site est fluide et simple.
FB_1924,CUST_976,2025-03-03,3,Support client,Produit reçu en retard.
FB_1925,CUST_1176,2024-04-27,1,Communication,Le prix est intéressant mais le retour est compliqué.
FB_1926,CUST_21,2025-06-22,2,Réservation,Service client réactif.
FB_1927,CUST_783,2024-09-22,5,Communication,Produit reçu en retard.
FB_1928,CUST_298,2024-09-23,3,Communication,Le prix est intéressant mais le retour est compliqué.
FB_1929,CUST_1407,2024-01-04,4,Support client,Produit reçu en retard.
FB_1930,CUST_459,2024-06-09,2,Support client,Service client réactif.
FB_1931,CUST_1229,2024-12-09,3,Aucune plainte,Livraison rapide et produit conforme.
FB_1932,CUST_263,2025-04-09,2,Réservation,J’ai eu un problème avec ma commande.
FB_1933,CUST_452,2025-01-15,4,Support client,Livraison rapide et produit conforme.
FB_1934,CUST_802,2024-06-19,4,Qualité service,Expérience d’achat agréable.
FB_1935,CUST_488,2024-07-07,5,Prix,Le prix est intéressant mais le retour est compliqué.
FB_1936,CUST_1235,2024-11-11,4,Communication,Très bonne qualité.
FB_1937,CUST_874,2024-06-11,5,Organisation,Expérience d’achat agréable.
FB_1938,CUST_769,2024-07-10,3,Prix,Expérience d’achat agréable.
FB_1939,CUST_1356,2024-01-16,2,Aucune plainte,Livraison rapide et produit conforme.
FB_1940,CUST_779,2025-06-08,3,Support client,Packaging premium.
FB_1941,CUST_782,2024-05-02,4,Réservation,Produit reçu en retard.
FB_1942,CUST_1236,2024-07-01,4,Réservation,Produit reçu en retard.
FB_1943,CUST_1397,2024-08-10,5,Qualité service,Taille indisponible trop souvent.
FB_1944,CUST_23,2025-06-07,5,Support client,Expérience d’achat agréable.
FB_1945,CUST_1208,2024-11-23,5,Organisation,Très bonne qualité.
FB_1946,CUST_286,2024-05-01,5,Organisation,Produit reçu en retard.
FB_1947,CUST_975,2025-02-07,4,Communication,Très bonne qualité.
FB_1948,CUST_1261,2025-03-25,1,Organisation,Service client réactif.
FB_1949,CUST_25,2024-01-26,5,Qualité service,Le prix est intéressant mais le retour est compliqué.
FB_1950,CUST_1169,2024-11-14,4,Prix,Service client réactif.
FB_1951,CUST_1288,2024-02-26,5,Support client,Livraison rapide et produit conforme.
FB_1952,CUST_456,2025-01-07,4,Organisation,Le prix est intéressant mais le retour est compliqué.
FB_1953,CUST_25,2025-03-21,2,Prix,Produit reçu en retard.
FB_1954,CUST_128,2024-07-03,5,Prix,Produit reçu en retard.
FB_1955,CUST_1080,2025-06-21,1,Aucune plainte,Expérience d’achat agréable.
FB_1956,CUST_974,2025-02-01,2,Réservation,Le site est fluide et simple.
FB_1957,CUST_530,2025-06-28,1,Qualité service,Le prix est intéressant mais le retour est compliqué.
FB_1958,CUST_601,2024-04-05,5,Aucune plainte,Le site est fluide et simple.
FB_1959,CUST_216,2025-06-24,4,Réservation,Livraison rapide et produit conforme.
FB_1960,CUST_263,2024-07-27,1,Communication,Packaging premium.
FB_1961,CUST_1003,2025-02-18,3,Qualité service,Service client réactif.
FB_1962,CUST_425,2025-05-23,3,Aucune plainte,Expérience d’achat agréable.
FB_1963,CUST_1476,2024-09-22,2,Prix,Expérience d’achat agréable.
FB_1964,CUST_1153,2024-03-28,3,Organisation,Livraison rapide et produit conforme.
FB_1965,CUST_1272,2024-01-15,4,Communication,Packaging premium.
FB_1966,CUST_204,2024-09-04,2,Prix,Service client réactif.
FB_1967,CUST_1348,2024-04-22,4,Aucune plainte,Très bonne qualité.
FB_1968,CUST_998,2024-06-02,2,Support client,Taille indisponible trop souvent.
FB_1969,CUST_259,2025-05-19,5,Qualité service,Produit reçu en retard.
FB_1970,CUST_503,2024-09-27,3,Aucune plainte,Service client réactif.
FB_1971,CUST_1174,2024-09-18,5,Réservation,Très bonne qualité.
FB_1972,CUST_531,2024-06-05,2,Réservation,Produit reçu en retard.
FB_1973,CUST_1236,2025-02-01,4,Organisation,J’ai eu un problème avec ma commande.
FB_1974,CUST_974,2024-06-12,2,Aucune plainte,Service client réactif.
FB_1975,CUST_914,2025-06-01,3,Organisation,Très bonne qualité.
FB_1976,CUST_1027,2025-05-18,4,Support client,Service client réactif.
FB_1977,CUST_809,2024-05-02,2,Aucune plainte,Produit reçu en retard.
FB_1978,CUST_172,2024-09-03,4,Prix,Très bonne qualité.
FB_1979,CUST_199,2025-04-28,2,Organisation,Le prix est intéressant mais le retour est compliqué.
FB_1980,CUST_1013,2024-11-02,1,Support client,Très bonne qualité.
FB_1981,CUST_947,2024-06-02,4,Support client,Expérience d’achat agréable.
FB_1982,CUST_177,2024-02-02,5,Aucune plainte,J’ai eu un problème avec ma commande.
FB_1983,CUST_808,2025-02-11,2,Réservation,Service client réactif.
FB_1984,CUST_348,2024-01-18,4,Qualité service,Packaging premium.
FB_1985,CUST_479,2025-03-11,3,Réservation,Livraison rapide et produit conforme.
FB_1986,CUST_44,2025-05-09,5,Aucune plainte,Le site est fluide et simple.
FB_1987,CUST_1346,2025-04-17,1,Réservation,Taille indisponible trop souvent.
FB_1988,CUST_382,2024-04-22,1,Support client,Le site est fluide et simple.
FB_1989,CUST_99,2024-06-18,4,Qualité service,Très bonne qualité.
FB_1990,CUST_552,2024-08-27,3,Communication,Packaging premium.
FB_1991,CUST_11,2024-06-17,3,Communication,Expérience d’achat agréable.
FB_1992,CUST_599,2024-08-05,2,Qualité service,Le prix est intéressant mais le retour est compliqué.
FB_1993,CUST_377,2025-01-23,5,Réservation,J’ai eu un problème avec ma commande.
FB_1994,CUST_129,2024-12-23,4,Réservation,Service client réactif.
FB_1995,CUST_840,2024-06-08,1,Support client,Le prix est intéressant mais le retour est compliqué.
FB_1996,CUST_421,2024-07-19,2,Prix,Livraison rapide et produit conforme.
FB_1997,CUST_674,2025-01-09,4,Support client,Le site est fluide et simple.
FB_1998,CUST_177,2025-04-24,1,Qualité service,Produit reçu en retard.
FB_1999,CUST_730,2024-10-13,1,Prix,Livraison rapide et produit conforme.
FB_2000,CUST_1319,2025-05-18,1,Prix,Taille indisponible trop souvent.
FB_2001,CUST_799,2025-04-27,4,Aucune plainte,Produit reçu en retard.
FB_2002,CUST_1269,2024-03-31,1,Aucune plainte,Packaging premium.
FB_2003,CUST_543,2024-09-16,4,Aucune plainte,Expérience d’achat agréable.
FB_2004,CUST_933,2024-05-25,5,Prix,Le prix est intéressant mais le retour est compliqué.
FB_2005,CUST_620,2024-06-21,4,Prix,Packaging premium.
FB_2006,CUST_56,2024-12-27,4,Réservation,Service client réactif.
FB_2007,CUST_1191,2024-06-26,5,Prix,Très bonne qualité.
FB_2008,CUST_1447,2025-05-16,4,Communication,Le site est fluide et simple.
FB_2009,CUST_1275,2024-07-30,1,Prix,Très bonne qualité.
FB_2010,CUST_168,2024-07-13,1,Organisation,J’ai eu un problème avec ma commande.
FB_2011,CUST_692,2024-12-13,1,Qualité service,Le prix est intéressant mais le retour est compliqué.
FB_2012,CUST_1364,2024-03-23,4,Aucune plainte,Expérience d’achat agréable.
FB_2013,CUST_1242,2025-06-15,4,Qualité service,Très bonne qualité.
FB_2014,CUST_220,2024-04-28,4,Réservation,Produit reçu en retard.
FB_2015,CUST_1167,2024-10-10,2,Aucune plainte,Très bonne qualité.
FB_2016,CUST_1004,2025-03-31,5,Aucune plainte,Expérience d’achat agréable.
FB_2017,CUST_1376,2024-08-14,2,Réservation,Très bonne qualité.
FB_2018,CUST_979,2024-11-15,3,Organisation,Service client réactif.
FB_2019,CUST_746,2024-07-27,1,Communication,Très bonne qualité.
FB_2020,CUST_1168,2025-03-13,5,Prix,Le prix est intéressant mais le retour est compliqué.
FB_2021,CUST_437,2024-12-24,3,Communication,Taille indisponible trop souvent.
FB_2022,CUST_1283,2024-03-30,5,Prix,Livraison rapide et produit conforme.
FB_2023,CUST_485,2024-03-18,2,Réservation,Expérience d’achat agréable.
FB_2024,CUST_939,2024-11-10,3,Aucune plainte,Taille indisponible trop souvent.
FB_2025,CUST_1209,2024-03-06,3,Réservation,J’ai eu un problème avec ma commande.
FB_2026,CUST_849,2024-07-11,5,Communication,Le prix est intéressant mais le retour est compliqué.
FB_2027,CUST_847,2024-01-28,4,Qualité service,Expérience d’achat agréable.
FB_2028,CUST_677,2024-07-13,1,Réservation,Très bonne qualité.
FB_2029,CUST_1065,2024-09-01,3,Organisation,Produit reçu en retard.
FB_2030,CUST_326,2024-07-19,4,Qualité service,Très bonne qualité.
FB_2031,CUST_1443,2025-02-26,5,Organisation,Service client réactif.
FB_2032,CUST_217,2024-04-11,5,Qualité service,Le prix est intéressant mais le retour est compliqué.
FB_2033,CUST_1020,2024-07-17,2,Aucune plainte,Service client réactif.
FB_2034,CUST_1461,2025-06-19,3,Prix,Taille indisponible trop souvent.
FB_2035,CUST_212,2024-09-25,5,Réservation,Expérience d’achat agréable.
FB_2036,CUST_764,2024-02-20,3,Organisation,Très bonne qualité.
FB_2037,CUST_713,2025-04-17,4,Qualité service,J’ai eu un problème avec ma commande.
FB_2038,CUST_964,2024-05-30,2,Qualité service,Le site est fluide et simple.
FB_2039,CUST_1049,2025-02-21,5,Prix,Produit reçu en retard.
FB_2040,CUST_267,2024-01-05,5,Aucune plainte,J’ai eu un problème avec ma commande.
FB_2041,CUST_923,2025-04-21,2,Aucune plainte,Livraison rapide et produit conforme.
FB_2042,CUST_913,2024-02-14,5,Aucune plainte,Très bonne qualité.
FB_2043,CUST_1457,2025-01-08,4,Prix,Taille indisponible trop souvent.
FB_2044,CUST_204,2024-06-22,1,Aucune plainte,Service client réactif.
FB_2045,CUST_1061,2025-02-19,4,Qualité service,Le site est fluide et simple.
FB_2046,CUST_599,2024-08-04,5,Aucune plainte,Packaging premium.
FB_2047,CUST_1394,2025-01-28,3,Prix,Service client réactif.
FB_2048,CUST_662,2025-02-25,4,Aucune plainte,Service client réactif.
FB_2049,CUST_259,2025-01-16,2,Réservation,Le site est fluide et simple.
FB_2050,CUST_1313,2024-11-17,2,Réservation,Packaging premium.
FB_2051,CUST_880,2024-12-13,1,Prix,Packaging premium.
FB_2052,CUST_746,2025-05-10,1,Réservation,Le site est fluide et simple.
FB_2053,CUST_1093,2024-10-08,3,Réservation,Taille indisponible trop souvent.
FB_2054,CUST_200,2024-10-04,1,Réservation,J’ai eu un problème avec ma commande.
FB_2055,CUST_638,2024-06-12,4,Aucune plainte,Le prix est intéressant mais le retour est compliqué.
FB_2056,CUST_1364,2024-02-15,5,Support client,Le site est fluide et simple.
FB_2057,CUST_1260,2025-05-08,5,Aucune plainte,Expérience d’achat agréable.
FB_2058,CUST_866,2025-04-08,5,Qualité service,Expérience d’achat agréable.
FB_2059,CUST_604,2024-02-08,3,Aucune plainte,Expérience d’achat agréable.
FB_2060,CUST_986,2025-02-23,3,Communication,Taille indisponible trop souvent.
FB_2061,CUST_632,2024-07-24,5,Réservation,Packaging premium.
FB_2062,CUST_1135,2024-11-03,5,Organisation,Livraison rapide et produit conforme.
FB_2063,CUST_46,2024-01-25,1,Qualité service,Très bonne qualité.
FB_2064,CUST_262,2024-11-28,2,Organisation,Livraison rapide et produit conforme.
FB_2065,CUST_1445,2024-12-16,2,Prix,Le prix est intéressant mais le retour est compliqué.
FB_2066,CUST_440,2024-12-30,5,Support client,Packaging premium.
FB_2067,CUST_344,2024-07-19,4,Aucune plainte,J’ai eu un problème avec ma commande.
FB_2068,CUST_86,2024-01-01,2,Réservation,Service client réactif.
FB_2069,CUST_1357,2024-03-28,4,Aucune plainte,Produit reçu en retard.
FB_2070,CUST_194,2024-10-31,5,Réservation,Service client réactif.
FB_2071,CUST_331,2024-05-14,5,Prix,Le prix est intéressant mais le retour est compliqué.
FB_2072,CUST_145,2024-12-03,2,Prix,Expérience d’achat agréable.
FB_2073,CUST_1291,2025-02-25,1,Aucune plainte,Livraison rapide et produit conforme.
FB_2074,CUST_225,2025-01-18,2,Organisation,Très bonne qualité.
FB_2075,CUST_412,2024-07-10,4,Qualité service,Service client réactif.
FB_2076,CUST_50,2024-07-24,3,Support client,Produit reçu en retard.
FB_2077,CUST_883,2024-11-28,5,Qualité service,Taille indisponible trop souvent.
FB_2078,CUST_1306,2024-12-30,4,Communication,J’ai eu un problème avec ma commande.
FB_2079,CUST_661,2024-11-11,2,Communication,Le site est fluide et simple.
FB_2080,CUST_911,2024-06-09,2,Support client,Service client réactif.
FB_2081,CUST_491,2024-01-23,2,Prix,J’ai eu un problème avec ma commande.
FB_2082,CUST_1038,2025-02-10,4,Communication,Expérience d’achat agréable.
FB_2083,CUST_1468,2024-05-07,4,Qualité service,Le site est fluide et simple.
FB_2084,CUST_1428,2024-05-08,2,Support client,Packaging premium.
FB_2085,CUST_368,2025-01-11,4,Aucune plainte,Le prix est intéressant mais le retour est compliqué.
FB_2086,CUST_1452,2024-10-29,1,Organisation,Taille indisponible trop souvent.
FB_2087,CUST_830,2024-08-01,3,Qualité service,Taille indisponible trop souvent.
FB_2088,CUST_1112,2025-04-11,4,Organisation,J’ai eu un problème avec ma commande.
FB_2089,CUST_1041,2024-06-04,4,Réservation,Produit reçu en retard.
FB_2090,CUST_73,2025-04-17,5,Organisation,J’ai eu un problème avec ma commande.
FB_2091,CUST_167,2024-08-20,4,Support client,Très bonne qualité.
FB_2092,CUST_788,2024-02-05,1,Communication,Le prix est intéressant mais le retour est compliqué.
FB_2093,CUST_1358,2024-04-25,1,Réservation,Très bonne qualité.
FB_2094,CUST_74,2024-09-10,1,Qualité service,Expérience d’achat agréable.
FB_2095,CUST_865,2024-03-12,5,Prix,Taille indisponible trop souvent.
FB_2096,CUST_618,2024-05-28,4,Aucune plainte,Le site est fluide et simple.
FB_2097,CUST_783,2024-11-06,4,Support client,Le site est fluide et simple.
FB_2098,CUST_188,2024-05-06,4,Organisation,Produit reçu en retard.
FB_2099,CUST_689,2024-01-03,2,Prix,Packaging premium.
FB_2100,CUST_948,2025-05-17,2,Qualité service,Produit reçu en retard.
FB_2101,CUST_25,2025-03-10,2,Communication,Produit reçu en retard.
FB_2102,CUST_80,2025-03-13,5,Aucune plainte,Taille indisponible trop souvent.
FB_2103,CUST_957,2025-04-05,1,Aucune plainte,Le prix est intéressant mais le retour est compliqué.
FB_2104,CUST_296,2025-04-13,3,Réservation,Le site est fluide et simple.
FB_2105,CUST_658,2025-06-27,2,Prix,Très bonne qualité.
FB_2106,CUST_1168,2024-04-05,5,Communication,J’ai eu un problème avec ma commande.
FB_2107,CUST_556,2024-01-01,2,Organisation,Très bonne qualité.
FB_2108,CUST_745,2024-09-06,1,Communication,J’ai eu un problème avec ma commande.
FB_2109,CUST_494,2024-09-10,1,Prix,Service client réactif.
FB_2110,CUST_632,2024-03-01,1,Organisation,Le prix est intéressant mais le retour est compliqué.
FB_2111,CUST_790,2025-06-09,1,Aucune plainte,Très bonne qualité.
FB_2112,CUST_418,2024-05-07,1,Réservation,Livraison rapide et produit conforme.
FB_2113,CUST_233,2024-07-05,3,Prix,Expérience d’achat agréable.
FB_2114,CUST_187,2024-03-12,2,Qualité service,Livraison rapide et produit conforme.
FB_2115,CUST_1499,2024-11-10,3,Communication,Produit reçu en retard.
FB_2116,CUST_131,2025-03-24,5,Réservation,Service client réactif.
FB_2117,CUST_1327,2024-09-09,4,Qualité service,Packaging premium.
FB_2118,CUST_129,2024-12-10,3,Réservation,Service client réactif.
FB_2119,CUST_1433,2024-06-20,1,Support client,Expérience d’achat agréable.
FB_2120,CUST_673,2024-01-10,5,Qualité service,Service client réactif.
FB_2121,CUST_1173,2024-12-13,3,Support client,J’ai eu un problème avec ma commande.
FB_2122,CUST_596,2025-06-18,4,Prix,J’ai eu un problème avec ma commande.
FB_2123,CUST_398,2025-05-10,1,Organisation,Le site est fluide et simple.
FB_2124,CUST_1193,2024-07-04,5,Réservation,Livraison rapide et produit conforme.
FB_2125,CUST_1143,2025-02-06,1,Organisation,Le prix est intéressant mais le retour est compliqué.
FB_2126,CUST_846,2024-02-18,5,Organisation,Expérience d’achat agréable.
FB_2127,CUST_68,2024-11-14,3,Prix,Taille indisponible trop souvent.
FB_2128,CUST_739,2025-02-28,1,Organisation,Expérience d’achat agréable.
FB_2129,CUST_797,2024-01-10,2,Réservation,Très bonne qualité.
FB_2130,CUST_1107,2025-05-09,3,Prix,J’ai eu un problème avec ma commande.
FB_2131,CUST_479,2024-03-21,5,Support client,J’ai eu un problème avec ma commande.
FB_2132,CUST_158,2024-05-09,3,Prix,Service client réactif.
FB_2133,CUST_1272,2024-01-20,3,Organisation,Le prix est intéressant mais le retour est compliqué.
FB_2134,CUST_764,2024-10-25,5,Réservation,Le site est fluide et simple.
FB_2135,CUST_1362,2025-02-10,5,Prix,Le prix est intéressant mais le retour est compliqué.
FB_2136,CUST_1175,2025-01-09,5,Prix,J’ai eu un problème avec ma commande.
FB_2137,CUST_811,2024-09-03,3,Communication,Le site est fluide et simple.
FB_2138,CUST_454,2025-05-13,2,Réservation,Taille indisponible trop souvent.
FB_2139,CUST_582,2025-03-30,2,Aucune plainte,Packaging premium.
FB_2140,CUST_291,2024-08-26,5,Réservation,Service client réactif.
FB_2141,CUST_1249,2025-01-25,1,Qualité service,Produit reçu en retard.
FB_2142,CUST_520,2024-02-11,5,Aucune plainte,Packaging premium.
FB_2143,CUST_459,2024-08-28,3,Prix,Service client réactif.
FB_2144,CUST_621,2025-04-30,5,Communication,Taille indisponible trop souvent.
FB_2145,CUST_431,2024-06-15,4,Prix,Service client réactif.
FB_2146,CUST_1082,2025-05-16,4,Prix,Très bonne qualité.
FB_2147,CUST_1473,2025-05-26,5,Prix,J’ai eu un problème avec ma commande.
FB_2148,CUST_336,2025-06-09,5,Support client,Le prix est intéressant mais le retour est compliqué.
FB_2149,CUST_917,2024-05-20,3,Réservation,Service client réactif.
FB_2150,CUST_1081,2024-08-20,4,Prix,J’ai eu un problème avec ma commande.
FB_2151,CUST_271,2024-06-06,1,Aucune plainte,Produit reçu en retard.
FB_2152,CUST_1367,2024-06-17,5,Organisation,Packaging premium.
FB_2153,CUST_1048,2024-12-19,2,Organisation,Livraison rapide et produit conforme.
FB_2154,CUST_63,2025-05-26,1,Communication,Taille indisponible trop souvent.
FB_2155,CUST_712,2024-03-11,5,Organisation,Le prix est intéressant mais le retour est compliqué.
FB_2156,CUST_1274,2024-12-14,5,Réservation,Expérience d’achat agréable.
FB_2157,CUST_997,2024-06-17,2,Communication,Produit reçu en retard.
FB_2158,CUST_1266,2024-07-29,3,Communication,Très bonne qualité.
FB_2159,CUST_792,2024-12-09,3,Organisation,Le prix est intéressant mais le retour est compliqué.
FB_2160,CUST_591,2025-03-07,3,Réservation,Le site est fluide et simple.
FB_2161,CUST_38,2024-09-25,5,Qualité service,Packaging premium.
FB_2162,CUST_1433,2025-04-18,1,Organisation,Taille indisponible trop souvent.
FB_2163,CUST_507,2024-08-22,5,Organisation,Le site est fluide et simple.
FB_2164,CUST_1222,2024-04-07,1,Support client,Très bonne qualité.
FB_2165,CUST_684,2025-06-07,1,Aucune plainte,Livraison rapide et produit conforme.
FB_2166,CUST_659,2024-04-22,5,Support client,Livraison rapide et produit conforme.
FB_2167,CUST_614,2024-03-29,2,Support client,Expérience d’achat agréable.
FB_2168,CUST_875,2024-02-11,3,Qualité service,Très bonne qualité.
FB_2169,CUST_176,2024-01-16,4,Prix,Service client réactif.
FB_2170,CUST_749,2025-05-22,2,Qualité service,J’ai eu un problème avec ma commande.
FB_2171,CUST_1309,2024-09-10,3,Réservation,Livraison rapide et produit conforme.
FB_2172,CUST_508,2024-09-16,5,Organisation,Livraison rapide et produit conforme.
FB_2173,CUST_40,2024-07-01,1,Communication,Taille indisponible trop souvent.
FB_2174,CUST_596,2024-06-29,1,Communication,J’ai eu un problème avec ma commande.
FB_2175,CUST_942,2024-11-02,4,Prix,Très bonne qualité.
FB_2176,CUST_723,2025-04-30,4,Qualité service,J’ai eu un problème avec ma commande.
FB_2177,CUST_82,2024-09-10,5,Aucune plainte,Le prix est intéressant mais le retour est compliqué.
FB_2178,CUST_441,2025-04-28,2,Prix,Expérience d’achat agréable.
FB_2179,CUST_1194,2024-08-25,4,Réservation,Le prix est intéressant mais le retour est compliqué.
FB_2180,CUST_30,2024-05-17,5,Support client,Taille indisponible trop souvent.
FB_2181,CUST_1091,2024-01-09,3,Organisation,Service client réactif.
FB_2182,CUST_1395,2024-12-21,5,Prix,Expérience d’achat agréable.
FB_2183,CUST_98,2025-05-24,5,Communication,Très bonne qualité.
FB_2184,CUST_806,2025-01-19,1,Organisation,Packaging premium.
FB_2185,CUST_868,2025-05-10,1,Qualité service,Packaging premium.
FB_2186,CUST_119,2025-06-25,4,Qualité service,Taille indisponible trop souvent.
FB_2187,CUST_661,2024-12-18,3,Support client,Le prix est intéressant mais le retour est compliqué.
FB_2188,CUST_234,2024-03-28,5,Réservation,Taille indisponible trop souvent.
FB_2189,CUST_942,2025-02-09,2,Organisation,Taille indisponible trop souvent.
FB_2190,CUST_682,2024-09-22,5,Support client,J’ai eu un problème avec ma commande.
FB_2191,CUST_682,2025-04-03,5,Aucune plainte,Packaging premium.
FB_2192,CUST_1364,2024-04-29,4,Support client,Le prix est intéressant mais le retour est compliqué.
FB_2193,CUST_1224,2024-01-01,2,Qualité service,Taille indisponible trop souvent.
FB_2194,CUST_806,2025-03-16,2,Support client,Livraison rapide et produit conforme.
FB_2195,CUST_139,2024-02-21,1,Support client,Service client réactif.
FB_2196,CUST_1056,2025-05-14,2,Qualité service,Livraison rapide et produit conforme.
FB_2197,CUST_1401,2024-10-28,3,Prix,Le site est fluide et simple.
FB_2198,CUST_155,2024-03-25,5,Aucune plainte,Le site est fluide et simple.
FB_2199,CUST_596,2024-09-19,2,Qualité service,Taille indisponible trop souvent.
FB_2200,CUST_1144,2024-11-17,4,Réservation,Packaging premium.
FB_2201,CUST_801,2025-05-16,4,Communication,Service client réactif.
FB_2202,CUST_216,2024-11-03,2,Aucune plainte,Produit reçu en retard.
FB_2203,CUST_259,2025-02-12,4,Communication,J’ai eu un problème avec ma commande.
FB_2204,CUST_501,2024-12-18,1,Communication,Livraison rapide et produit conforme.
FB_2205,CUST_687,2025-05-21,2,Aucune plainte,Expérience d’achat agréable.
FB_2206,CUST_834,2024-03-05,3,Réservation,Très bonne qualité.
FB_2207,CUST_417,2024-03-14,1,Prix,Livraison rapide et produit conforme.
FB_2208,CUST_268,2024-02-08,1,Communication,Taille indisponible trop souvent.
FB_2209,CUST_632,2024-10-21,3,Prix,Packaging premium.
FB_2210,CUST_1300,2024-04-01,5,Prix,Service client réactif.
FB_2211,CUST_691,2024-07-22,5,Réservation,Expérience d’achat agréable.
FB_2212,CUST_339,2024-05-10,3,Aucune plainte,Packaging premium.
FB_2213,CUST_587,2025-06-16,3,Organisation,Expérience d’achat agréable.
FB_2214,CUST_51,2024-08-01,5,Qualité service,Le prix est intéressant mais le retour est compliqué.
FB_2215,CUST_1290,2024-07-26,3,Support client,Très bonne qualité.
FB_2216,CUST_123,2024-09-16,4,Prix,J’ai eu un problème avec ma commande.
FB_2217,CUST_138,2025-03-26,1,Prix,Le prix est intéressant mais le retour est compliqué.
FB_2218,CUST_560,2025-05-07,4,Aucune plainte,Très bonne qualité.
FB_2219,CUST_448,2024-12-05,2,Organisation,Le site est fluide et simple.
FB_2220,CUST_962,2025-03-13,5,Communication,Taille indisponible trop souvent.
FB_2221,CUST_1331,2024-04-12,1,Organisation,Produit reçu en retard.
FB_2222,CUST_416,2024-07-03,2,Support client,Livraison rapide et produit conforme.
FB_2223,CUST_553,2025-02-07,5,Réservation,Expérience d’achat agréable.
FB_2224,CUST_1467,2024-06-14,3,Aucune plainte,Taille indisponible trop souvent.
FB_2225,CUST_681,2024-10-15,5,Aucune plainte,J’ai eu un problème avec ma commande.
FB_2226,CUST_660,2025-01-13,3,Organisation,Très bonne qualité.
FB_2227,CUST_710,2024-12-31,2,Qualité service,J’ai eu un problème avec ma commande.
FB_2228,CUST_1200,2025-03-02,1,Réservation,Expérience d’achat agréable.
FB_2229,CUST_706,2024-04-11,1,Organisation,Service client réactif.
FB_2230,CUST_841,2024-05-21,2,Qualité service,Packaging premium.
FB_2231,CUST_518,2024-04-20,2,Communication,Taille indisponible trop souvent.
FB_2232,CUST_1290,2024-11-19,2,Réservation,Très bonne qualité.
FB_2233,CUST_468,2024-09-20,3,Support client,Produit reçu en retard.
FB_2234,CUST_1368,2024-03-25,2,Réservation,Le site est fluide et simple.
FB_2235,CUST_1045,2025-01-23,5,Réservation,Expérience d’achat agréable.
FB_2236,CUST_1072,2025-03-09,3,Support client,Le site est fluide et simple.
FB_2237,CUST_839,2024-07-16,1,Aucune plainte,J’ai eu un problème avec ma commande.
FB_2238,CUST_1053,2025-01-17,5,Prix,Produit reçu en retard.
FB_2239,CUST_135,2024-05-25,1,Support client,Taille indisponible trop souvent.
FB_2240,CUST_986,2025-05-04,1,Organisation,Le site est fluide et simple.
FB_2241,CUST_1139,2025-01-08,3,Aucune plainte,Packaging premium.
FB_2242,CUST_283,2024-09-09,3,Aucune plainte,Packaging premium.
FB_2243,CUST_732,2024-01-30,5,Organisation,J’ai eu un problème avec ma commande.
FB_2244,CUST_62,2024-04-03,3,Réservation,J’ai eu un problème avec ma commande.
FB_2245,CUST_292,2024-07-12,1,Qualité service,Le site est fluide et simple.
FB_2246,CUST_831,2025-03-22,1,Qualité service,Packaging premium.
FB_2247,CUST_1275,2024-11-28,3,Aucune plainte,Très bonne qualité.
FB_2248,CUST_941,2024-04-30,2,Aucune plainte,Expérience d’achat agréable.
FB_2249,CUST_619,2024-10-05,1,Communication,Packaging premium.
FB_2250,CUST_406,2025-02-19,4,Prix,Produit reçu en retard.
FB_2251,CUST_913,2024-02-02,3,Organisation,Livraison rapide et produit conforme.
FB_2252,CUST_249,2025-04-03,5,Prix,J’ai eu un problème avec ma commande.
FB_2253,CUST_950,2024-08-12,2,Communication,Le prix est intéressant mais le retour est compliqué.
FB_2254,CUST_1302,2025-02-16,1,Qualité service,Packaging premium.
FB_2255,CUST_747,2024-07-23,1,Prix,Service client réactif.
FB_2256,CUST_1450,2024-08-31,4,Support client,Packaging premium.
FB_2257,CUST_394,2024-06-02,3,Aucune plainte,Packaging premium.
FB_2258,CUST_1478,2024-08-02,5,Qualité service,Le site est fluide et simple.
FB_2259,CUST_1373,2024-10-19,4,Communication,Le prix est intéressant mais le retour est compliqué.
FB_2260,CUST_1432,2024-04-20,4,Réservation,Produit reçu en retard.
FB_2261,CUST_1205,2025-01-04,2,Organisation,Taille indisponible trop souvent.
FB_2262,CUST_775,2025-02-17,4,Organisation,Expérience d’achat agréable.
FB_2263,CUST_1086,2025-04-06,4,Réservation,J’ai eu un problème avec ma commande.
FB_2264,CUST_863,2024-07-31,2,Aucune plainte,Très bonne qualité.
FB_2265,CUST_48,2024-11-16,3,Communication,Service client réactif.
FB_2266,CUST_128,2025-01-24,1,Organisation,Livraison rapide et produit conforme.
FB_2267,CUST_557,2024-01-22,4,Organisation,Le site est fluide et simple.
FB_2268,CUST_125,2025-04-26,4,Prix,Très bonne qualité.
FB_2269,CUST_758,2024-10-17,1,Réservation,Le prix est intéressant mais le retour est compliqué.
FB_2270,CUST_223,2024-04-17,1,Support client,Très bonne qualité.
FB_2271,CUST_636,2024-11-17,1,Communication,Expérience d’achat agréable.
FB_2272,CUST_1385,2024-11-24,2,Communication,Le site est fluide et simple.
FB_2273,CUST_352,2024-09-01,3,Aucune plainte,Très bonne qualité.
FB_2274,CUST_1131,2024-01-13,4,Communication,Très bonne qualité.
FB_2275,CUST_266,2024-07-25,5,Support client,Très bonne qualité.
FB_2276,CUST_467,2025-04-09,5,Aucune plainte,J’ai eu un problème avec ma commande.
FB_2277,CUST_1431,2025-03-01,5,Communication,Taille indisponible trop souvent.
FB_2278,CUST_777,2025-01-21,4,Aucune plainte,J’ai eu un problème avec ma commande.
FB_2279,CUST_1477,2025-06-23,2,Organisation,Packaging premium.
FB_2280,CUST_179,2024-11-10,5,Organisation,Taille indisponible trop souvent.
FB_2281,CUST_626,2025-06-17,5,Qualité service,Taille indisponible trop souvent.
FB_2282,CUST_1098,2024-07-19,5,Aucune plainte,Très bonne qualité.
FB_2283,CUST_675,2024-09-30,4,Réservation,Taille indisponible trop souvent.
FB_2284,CUST_1224,2025-03-02,1,Qualité service,Très bonne qualité.
FB_2285,CUST_381,2024-10-06,5,Aucune plainte,Très bonne qualité.
FB_2286,CUST_358,2024-11-11,4,Organisation,Livraison rapide et produit conforme.
FB_2287,CUST_387,2024-06-16,3,Organisation,Packaging premium.
FB_2288,CUST_302,2024-03-30,4,Communication,J’ai eu un problème avec ma commande.
FB_2289,CUST_582,2024-01-10,1,Communication,J’ai eu un problème avec ma commande.
FB_2290,CUST_441,2024-02-28,5,Qualité service,Livraison rapide et produit conforme.
FB_2291,CUST_656,2024-04-28,2,Aucune plainte,Très bonne qualité.
FB_2292,CUST_1311,2025-05-10,5,Prix,Le site est fluide et simple.
FB_2293,CUST_1310,2024-06-13,1,Support client,Packaging premium.
FB_2294,CUST_684,2025-03-25,1,Réservation,Packaging premium.
FB_2295,CUST_150,2025-05-06,1,Prix,Le prix est intéressant mais le retour est compliqué.
FB_2296,CUST_11,2024-05-15,5,Communication,Produit reçu en retard.
FB_2297,CUST_813,2024-03-27,2,Qualité service,Très bonne qualité.
FB_2298,CUST_162,2024-05-05,3,Communication,Service client réactif.
FB_2299,CUST_569,2024-06-18,3,Prix,Expérience d’achat agréable.
FB_2300,CUST_211,2024-11-05,2,Qualité service,Expérience d’achat agréable.
FB_2301,CUST_1347,2025-03-13,2,Support client,Très bonne qualité.
FB_2302,CUST_1402,2024-05-26,2,Aucune plainte,Taille indisponible trop souvent.
FB_2303,CUST_1244,2024-02-29,3,Aucune plainte,Taille indisponible trop souvent.
FB_2304,CUST_634,2024-12-07,4,Qualité service,Expérience d’achat agréable.
FB_2305,CUST_109,2024-01-09,3,Communication,Produit reçu en retard.
FB_2306,CUST_7,2024-10-04,1,Prix,Packaging premium.
FB_2307,CUST_1497,2024-09-30,2,Organisation,Expérience d’achat agréable.
FB_2308,CUST_1081,2025-03-25,5,Communication,Livraison rapide et produit conforme.
FB_2309,CUST_1346,2025-01-11,2,Prix,Packaging premium.
FB_2310,CUST_722,2025-06-10,4,Communication,Taille indisponible trop souvent.
FB_2311,CUST_665,2024-03-03,1,Communication,Expérience d’achat agréable.
FB_2312,CUST_799,2025-01-30,1,Organisation,Le prix est intéressant mais le retour est compliqué.
FB_2313,CUST_398,2024-09-30,4,Communication,Très bonne qualité.
FB_2314,CUST_346,2024-05-18,2,Aucune plainte,J’ai eu un problème avec ma commande.
FB_2315,CUST_1014,2025-04-09,1,Aucune plainte,Produit reçu en retard.
FB_2316,CUST_1104,2025-01-01,2,Communication,Packaging premium.
FB_2317,CUST_1152,2024-12-22,2,Prix,Livraison rapide et produit conforme.
FB_2318,CUST_95,2025-02-05,4,Support client,Taille indisponible trop souvent.
FB_2319,CUST_631,2024-08-12,5,Support client,Service client réactif.
FB_2320,CUST_1399,2024-10-18,3,Communication,Service client réactif.
FB_2321,CUST_1175,2024-12-29,4,Organisation,Très bonne qualité.
FB_2322,CUST_285,2024-12-01,3,Prix,Taille indisponible trop souvent.
FB_2323,CUST_883,2025-05-11,1,Organisation,Service client réactif.
FB_2324,CUST_1248,2024-11-16,1,Communication,Expérience d’achat agréable.
FB_2325,CUST_965,2025-04-23,4,Aucune plainte,Livraison rapide et produit conforme.
FB_2326,CUST_1295,2024-03-06,5,Réservation,Expérience d’achat agréable.
FB_2327,CUST_124,2024-10-14,3,Communication,J’ai eu un problème avec ma commande.
FB_2328,CUST_896,2025-06-12,1,Prix,Service client réactif.
FB_2329,CUST_1252,2025-02-17,4,Qualité service,Packaging premium.
FB_2330,CUST_442,2024-04-28,1,Réservation,Packaging premium.
FB_2331,CUST_1435,2024-10-18,1,Réservation,Expérience d’achat agréable.
FB_2332,CUST_67,2025-05-19,2,Réservation,Très bonne qualité.
FB_2333,CUST_94,2024-06-15,2,Réservation,Le site est fluide et simple.
FB_2334,CUST_257,2025-02-04,1,Qualité service,Expérience d’achat agréable.
FB_2335,CUST_177,2024-05-06,4,Support client,Le site est fluide et simple.
FB_2336,CUST_876,2024-05-04,3,Prix,Livraison rapide et produit conforme.
FB_2337,CUST_75,2024-02-05,2,Aucune plainte,Packaging premium.
FB_2338,CUST_961,2025-06-06,1,Organisation,Le site est fluide et simple.
FB_2339,CUST_1156,2025-03-14,5,Aucune plainte,Très bonne qualité.
FB_2340,CUST_1225,2024-09-13,5,Organisation,Taille indisponible trop souvent.
FB_2341,CUST_395,2024-04-11,2,Support client,Taille indisponible trop souvent.
FB_2342,CUST_474,2024-08-07,5,Organisation,Taille indisponible trop souvent.
FB_2343,CUST_1180,2024-06-06,3,Qualité service,Livraison rapide et produit conforme.
FB_2344,CUST_38,2024-02-02,2,Réservation,Le site est fluide et simple.
FB_2345,CUST_378,2024-06-07,3,Aucune plainte,Service client réactif.
FB_2346,CUST_834,2024-02-07,3,Organisation,Le prix est intéressant mais le retour est compliqué.
FB_2347,CUST_825,2024-04-11,2,Support client,Expérience d’achat agréable.
FB_2348,CUST_1267,2024-02-18,5,Aucune plainte,Expérience d’achat agréable.
FB_2349,CUST_886,2024-03-22,2,Communication,Produit reçu en retard.
FB_2350,CUST_385,2025-04-22,2,Réservation,Le prix est intéressant mais le retour est compliqué.
FB_2351,CUST_233,2025-04-04,3,Prix,Très bonne qualité.
FB_2352,CUST_487,2025-02-27,3,Réservation,Expérience d’achat agréable.
FB_2353,CUST_1166,2024-12-17,1,Support client,Livraison rapide et produit conforme.
FB_2354,CUST_1029,2024-04-19,1,Prix,Le prix est intéressant mais le retour est compliqué.
FB_2355,CUST_1011,2024-04-26,2,Qualité service,Le site est fluide et simple.
FB_2356,CUST_961,2024-10-02,1,Communication,Expérience d’achat agréable.
FB_2357,CUST_1346,2024-03-05,3,Prix,Packaging premium.
FB_2358,CUST_495,2025-02-10,2,Prix,Taille indisponible trop souvent.
FB_2359,CUST_637,2024-11-17,5,Prix,J’ai eu un problème avec ma commande.
FB_2360,CUST_455,2025-06-09,4,Réservation,Service client réactif.
FB_2361,CUST_1145,2024-09-02,3,Qualité service,Service client réactif.
FB_2362,CUST_129,2025-05-22,5,Support client,Taille indisponible trop souvent.
FB_2363,CUST_784,2025-03-22,2,Prix,Le site est fluide et simple.
FB_2364,CUST_1085,2025-06-18,4,Communication,J’ai eu un problème avec ma commande.
FB_2365,CUST_1186,2024-06-25,5,Communication,J’ai eu un problème avec ma commande.
FB_2366,CUST_1325,2024-06-08,2,Réservation,J’ai eu un problème avec ma commande.
FB_2367,CUST_502,2024-04-01,4,Réservation,Le site est fluide et simple.
FB_2368,CUST_1198,2025-03-10,4,Communication,Service client réactif.
FB_2369,CUST_228,2024-08-12,4,Prix,Le prix est intéressant mais le retour est compliqué.
FB_2370,CUST_893,2024-01-08,2,Communication,Le site est fluide et simple.
FB_2371,CUST_30,2024-12-09,5,Qualité service,Le prix est intéressant mais le retour est compliqué.
FB_2372,CUST_1434,2024-03-02,4,Support client,Produit reçu en retard.
FB_2373,CUST_1158,2024-03-02,2,Réservation,Taille indisponible trop souvent.
FB_2374,CUST_1350,2025-01-13,4,Communication,Livraison rapide et produit conforme.
FB_2375,CUST_1140,2025-04-25,4,Aucune plainte,Très bonne qualité.
FB_2376,CUST_634,2024-03-10,3,Communication,J’ai eu un problème avec ma commande.
FB_2377,CUST_1245,2025-01-04,3,Support client,Livraison rapide et produit conforme.
FB_2378,CUST_404,2024-03-23,3,Qualité service,Expérience d’achat agréable.
FB_2379,CUST_756,2024-05-23,2,Support client,J’ai eu un problème avec ma commande.
FB_2380,CUST_374,2025-04-02,5,Organisation,Le site est fluide et simple.
FB_2381,CUST_1396,2024-05-05,5,Réservation,Service client réactif.
FB_2382,CUST_571,2025-03-27,3,Réservation,Le site est fluide et simple.
FB_2383,CUST_480,2024-03-30,4,Aucune plainte,Packaging premium.
FB_2384,CUST_978,2025-05-22,5,Prix,Packaging premium.
FB_2385,CUST_1101,2025-05-11,4,Aucune plainte,Packaging premium.
FB_2386,CUST_705,2025-03-15,5,Qualité service,Taille indisponible trop souvent.
FB_2387,CUST_265,2024-05-08,5,Communication,Le site est fluide et simple.
FB_2388,CUST_911,2024-02-22,5,Prix,Service client réactif.
FB_2389,CUST_241,2024-08-14,5,Support client,Livraison rapide et produit conforme.
FB_2390,CUST_95,2024-01-20,3,Réservation,Le site est fluide et simple.
FB_2391,CUST_748,2024-03-05,4,Support client,Taille indisponible trop souvent.
FB_2392,CUST_279,2024-01-08,3,Aucune plainte,J’ai eu un problème avec ma commande.
FB_2393,CUST_636,2024-05-26,2,Support client,Très bonne qualité.
FB_2394,CUST_454,2024-09-15,1,Support client,Packaging premium.
FB_2395,CUST_1147,2025-03-21,4,Aucune plainte,Packaging premium.
FB_2396,CUST_359,2024-09-15,1,Communication,J’ai eu un problème avec ma commande.
FB_2397,CUST_1372,2025-01-27,2,Communication,Expérience d’achat agréable.
FB_2398,CUST_1094,2025-03-11,4,Prix,Expérience d’achat agréable.
FB_2399,CUST_418,2024-01-12,1,Prix,Le site est fluide et simple.
FB_2400,CUST_681,2024-04-16,2,Support client,Taille indisponible trop souvent.
FB_2401,CUST_64,2025-01-11,5,Qualité service,Taille indisponible trop souvent.
FB_2402,CUST_249,2025-05-31,1,Communication,Taille indisponible trop souvent.
FB_2403,CUST_940,2025-01-31,4,Communication,Service client réactif.
FB_2404,CUST_890,2024-09-03,1,Prix,Le prix est intéressant mais le retour est compliqué.
FB_2405,CUST_1003,2024-05-27,5,Communication,Expérience d’achat agréable.
FB_2406,CUST_678,2025-01-05,3,Prix,Produit reçu en retard.
FB_2407,CUST_692,2025-03-13,3,Organisation,Produit reçu en retard.
FB_2408,CUST_369,2024-08-10,5,Organisation,Expérience d’achat agréable.
FB_2409,CUST_874,2025-02-21,1,Support client,Le prix est intéressant mais le retour est compliqué.
FB_2410,CUST_129,2024-07-28,5,Réservation,Service client réactif.
FB_2411,CUST_975,2024-10-05,2,Réservation,Livraison rapide et produit conforme.
FB_2412,CUST_1154,2024-11-28,3,Qualité service,Le prix est intéressant mais le retour est compliqué.
FB_2413,CUST_1196,2025-02-15,2,Réservation,Service client réactif.
FB_2414,CUST_566,2024-02-27,5,Support client,Le prix est intéressant mais le retour est compliqué.
FB_2415,CUST_1295,2025-05-22,5,Communication,Produit reçu en retard.
FB_2416,CUST_1398,2025-05-12,4,Qualité service,Très bonne qualité.
FB_2417,CUST_511,2025-06-30,4,Support client,Le site est fluide et simple.
FB_2418,CUST_901,2025-03-18,1,Réservation,Le prix est intéressant mais le retour est compliqué.
FB_2419,CUST_442,2024-03-19,1,Qualité service,Le site est fluide et simple.
FB_2420,CUST_845,2024-12-28,2,Réservation,Expérience d’achat agréable.
FB_2421,CUST_179,2024-08-29,5,Organisation,Service client réactif.
FB_2422,CUST_275,2024-05-16,3,Organisation,Livraison rapide et produit conforme.
FB_2423,CUST_1445,2024-02-23,1,Support client,Produit reçu en retard.
FB_2424,CUST_1280,2025-03-19,2,Aucune plainte,Expérience d’achat agréable.
FB_2425,CUST_669,2024-02-12,1,Organisation,Expérience d’achat agréable.
FB_2426,CUST_330,2025-02-17,2,Prix,Le prix est intéressant mais le retour est compliqué.
FB_2427,CUST_1262,2025-02-18,4,Support client,Service client réactif.
FB_2428,CUST_192,2024-08-18,4,Prix,Service client réactif.
FB_2429,CUST_1277,2024-02-21,1,Aucune plainte,Le site est fluide et simple.
FB_2430,CUST_581,2025-06-15,1,Aucune plainte,Packaging premium.
FB_2431,CUST_576,2024-04-07,5,Réservation,Expérience d’achat agréable.
FB_2432,CUST_336,2025-04-30,2,Aucune plainte,Le prix est intéressant mais le retour est compliqué.
FB_2433,CUST_1336,2024-07-03,3,Qualité service,J’ai eu un problème avec ma commande.
FB_2434,CUST_1314,2024-05-05,5,Organisation,Très bonne qualité.
FB_2435,CUST_479,2024-09-01,3,Organisation,Très bonne qualité.
FB_2436,CUST_170,2024-06-04,2,Réservation,Taille indisponible trop souvent.
FB_2437,CUST_940,2024-03-26,3,Qualité service,Service client réactif.
FB_2438,CUST_461,2024-05-02,3,Aucune plainte,Service client réactif.
FB_2439,CUST_475,2024-06-11,5,Support client,Service client réactif.
FB_2440,CUST_426,2024-10-17,5,Support client,Produit reçu en retard.
FB_2441,CUST_305,2024-12-29,5,Organisation,Taille indisponible trop souvent.
FB_2442,CUST_1251,2024-04-05,1,Organisation,Packaging premium.
FB_2443,CUST_260,2024-02-01,2,Aucune plainte,Le site est fluide et simple.
FB_2444,CUST_521,2025-06-18,4,Organisation,Packaging premium.
FB_2445,CUST_381,2024-03-12,1,Qualité service,Expérience d’achat agréable.
FB_2446,CUST_720,2024-08-27,5,Réservation,Produit reçu en retard.
FB_2447,CUST_1281,2025-05-26,3,Prix,Taille indisponible trop souvent.
FB_2448,CUST_137,2024-04-12,2,Organisation,Livraison rapide et produit conforme.
FB_2449,CUST_633,2024-10-14,2,Réservation,Livraison rapide et produit conforme.
FB_2450,CUST_973,2025-06-19,2,Communication,J’ai eu un problème avec ma commande.
FB_2451,CUST_914,2025-01-26,1,Organisation,Expérience d’achat agréable.
FB_2452,CUST_856,2024-05-05,4,Support client,J’ai eu un problème avec ma commande.
FB_2453,CUST_18,2024-10-31,2,Prix,Taille indisponible trop souvent.
FB_2454,CUST_964,2024-07-25,1,Organisation,Livraison rapide et produit conforme.
FB_2455,CUST_393,2024-02-04,5,Aucune plainte,Packaging premium.
FB_2456,CUST_402,2024-06-27,5,Organisation,Le prix est intéressant mais le retour est compliqué.
FB_2457,CUST_284,2024-08-19,5,Aucune plainte,J’ai eu un problème avec ma commande.
FB_2458,CUST_756,2024-04-12,1,Qualité service,J’ai eu un problème avec ma commande.
FB_2459,CUST_416,2024-02-24,4,Prix,Le site est fluide et simple.
FB_2460,CUST_979,2024-04-25,3,Communication,Packaging premium.
FB_2461,CUST_1321,2025-05-23,2,Aucune plainte,Livraison rapide et produit conforme.
FB_2462,CUST_745,2024-04-16,4,Réservation,Packaging premium.
FB_2463,CUST_627,2024-03-17,5,Qualité service,Le prix est intéressant mais le retour est compliqué.
FB_2464,CUST_1064,2024-11-16,5,Qualité service,Service client réactif.
FB_2465,CUST_911,2024-08-04,1,Organisation,Produit reçu en retard.
FB_2466,CUST_1301,2025-03-04,4,Réservation,Packaging premium.
FB_2467,CUST_1377,2024-09-06,1,Support client,Produit reçu en retard.
FB_2468,CUST_215,2024-10-25,3,Support client,Très bonne qualité.
FB_2469,CUST_1108,2024-07-23,4,Prix,Le prix est intéressant mais le retour est compliqué.
FB_2470,CUST_160,2024-01-10,2,Communication,Le prix est intéressant mais le retour est compliqué.
FB_2471,CUST_1063,2025-02-01,3,Réservation,Le site est fluide et simple.
FB_2472,CUST_746,2025-06-04,3,Réservation,Le prix est intéressant mais le retour est compliqué.
FB_2473,CUST_1034,2024-05-12,4,Prix,Très bonne qualité.
FB_2474,CUST_479,2025-03-04,2,Prix,Taille indisponible trop souvent.
FB_2475,CUST_1399,2025-03-02,2,Réservation,Service client réactif.
FB_2476,CUST_638,2025-02-02,2,Support client,Packaging premium.
FB_2477,CUST_936,2024-07-28,3,Support client,Le site est fluide et simple.
FB_2478,CUST_1417,2024-12-06,2,Qualité service,Très bonne qualité.
FB_2479,CUST_195,2025-04-13,4,Réservation,Expérience d’achat agréable.
FB_2480,CUST_1200,2024-02-08,4,Communication,Packaging premium.
FB_2481,CUST_1246,2025-02-26,1,Support client,Produit reçu en retard.
FB_2482,CUST_929,2025-02-21,3,Réservation,Service client réactif.
FB_2483,CUST_753,2024-06-18,3,Réservation,J’ai eu un problème avec ma commande.
FB_2484,CUST_159,2024-12-11,1,Communication,Packaging premium.
FB_2485,CUST_855,2024-10-31,2,Réservation,Produit reçu en retard.
FB_2486,CUST_995,2024-09-03,2,Communication,Le site est fluide et simple.
FB_2487,CUST_1108,2024-09-20,5,Organisation,Taille indisponible trop souvent.
FB_2488,CUST_540,2025-03-05,1,Aucune plainte,Livraison rapide et produit conforme.
FB_2489,CUST_1392,2024-11-19,5,Réservation,Expérience d’achat agréable.
FB_2490,CUST_814,2024-05-25,4,Aucune plainte,Packaging premium.
FB_2491,CUST_1451,2024-02-09,5,Communication,Le prix est intéressant mais le retour est compliqué.
FB_2492,CUST_362,2024-08-05,1,Qualité service,Produit reçu en retard.
FB_2493,CUST_39,2025-04-17,2,Organisation,Service client réactif.
FB_2494,CUST_4,2025-06-08,1,Prix,Livraison rapide et produit conforme.
FB_2495,CUST_284,2025-06-16,2,Aucune plainte,Packaging premium.
FB_2496,CUST_530,2024-10-26,4,Aucune plainte,Très bonne qualité.
FB_2497,CUST_155,2025-06-23,5,Qualité service,Le site est fluide et simple.
FB_2498,CUST_885,2025-02-22,5,Réservation,Taille indisponible trop souvent.
FB_2499,CUST_1367,2025-06-30,4,Aucune plainte,Le prix est intéressant mais le retour est compliqué.
FB_2500,CUST_250,2024-12-20,5,Aucune plainte,J’ai eu un problème avec ma commande.
FB_2501,CUST_219,2024-09-07,5,Prix,Produit reçu en retard.
FB_2502,CUST_474,2025-06-29,5,Qualité service,Le prix est intéressant mais le retour est compliqué.
FB_2503,CUST_8,2025-06-07,4,Organisation,Packaging premium.
FB_2504,CUST_282,2025-04-26,3,Support client,Livraison rapide et produit conforme.
FB_2505,CUST_626,2024-11-01,3,Communication,J’ai eu un problème avec ma commande.
FB_2506,CUST_1174,2024-08-02,1,Communication,Taille indisponible trop souvent.
FB_2507,CUST_1478,2024-07-05,1,Communication,Expérience d’achat agréable.
FB_2508,CUST_1225,2024-02-18,2,Organisation,Très bonne qualité.
FB_2509,CUST_985,2025-04-15,2,Organisation,Expérience d’achat agréable.
FB_2510,CUST_566,2024-02-16,5,Support client,Produit reçu en retard.
FB_2511,CUST_1165,2025-06-07,5,Réservation,Le site est fluide et simple.
FB_2512,CUST_455,2025-05-05,4,Réservation,Taille indisponible trop souvent.
FB_2513,CUST_131,2025-02-03,5,Prix,Livraison rapide et produit conforme.
FB_2514,CUST_893,2024-10-22,3,Support client,Le prix est intéressant mais le retour est compliqué.
FB_2515,CUST_942,2024-02-07,3,Organisation,Le site est fluide et simple.
FB_2516,CUST_236,2025-05-13,5,Support client,J’ai eu un problème avec ma commande.
FB_2517,CUST_192,2025-06-09,4,Aucune plainte,Livraison rapide et produit conforme.
FB_2518,CUST_1298,2025-01-18,3,Prix,Service client réactif.
FB_2519,CUST_1114,2024-03-13,5,Organisation,Packaging premium.
FB_2520,CUST_793,2025-06-15,5,Aucune plainte,Service client réactif.
FB_2521,CUST_1495,2024-12-25,1,Communication,Taille indisponible trop souvent.
FB_2522,CUST_283,2025-06-06,5,Réservation,Le site est fluide et simple.
FB_2523,CUST_376,2025-01-13,1,Qualité service,Produit reçu en retard.
FB_2524,CUST_236,2024-04-13,5,Aucune plainte,J’ai eu un problème avec ma commande.
FB_2525,CUST_228,2025-06-25,2,Réservation,Livraison rapide et produit conforme.
FB_2526,CUST_574,2024-06-22,4,Support client,Service client réactif.
FB_2527,CUST_853,2024-06-07,5,Support client,Taille indisponible trop souvent.
FB_2528,CUST_519,2024-02-06,3,Organisation,Taille indisponible trop souvent.
FB_2529,CUST_960,2024-08-15,1,Qualité service,Taille indisponible trop souvent.
FB_2530,CUST_385,2025-03-28,4,Organisation,Le prix est intéressant mais le retour est compliqué.
FB_2531,CUST_43,2024-02-19,5,Qualité service,Expérience d’achat agréable.
FB_2532,CUST_1045,2024-04-19,2,Aucune plainte,Service client réactif.
FB_2533,CUST_871,2025-03-25,3,Réservation,Le prix est intéressant mais le retour est compliqué.
FB_2534,CUST_1249,2024-01-21,1,Prix,Le prix est intéressant mais le retour est compliqué.
FB_2535,CUST_469,2025-02-26,5,Organisation,Packaging premium.
FB_2536,CUST_730,2024-06-08,1,Qualité service,Le site est fluide et simple.
FB_2537,CUST_32,2024-06-29,2,Organisation,Le prix est intéressant mais le retour est compliqué.
FB_2538,CUST_705,2025-02-15,3,Aucune plainte,J’ai eu un problème avec ma commande.
FB_2539,CUST_1196,2024-05-15,3,Prix,Très bonne qualité.
FB_2540,CUST_1433,2024-10-08,2,Qualité service,Produit reçu en retard.
FB_2541,CUST_377,2024-06-05,5,Qualité service,J’ai eu un problème avec ma commande.
FB_2542,CUST_274,2024-01-10,4,Réservation,Service client réactif.
FB_2543,CUST_339,2024-07-29,2,Organisation,J’ai eu un problème avec ma commande.
FB_2544,CUST_638,2025-01-03,2,Réservation,Taille indisponible trop souvent.
FB_2545,CUST_1008,2024-09-25,1,Organisation,Taille indisponible trop souvent.
FB_2546,CUST_363,2024-07-26,3,Communication,Le prix est intéressant mais le retour est compliqué.
FB_2547,CUST_443,2024-07-03,5,Réservation,Le site est fluide et simple.
FB_2548,CUST_987,2024-08-28,2,Prix,Le prix est intéressant mais le retour est compliqué.
FB_2549,CUST_826,2024-12-22,1,Prix,Le prix est intéressant mais le retour est compliqué.
FB_2550,CUST_349,2024-12-03,3,Support client,Expérience d’achat agréable.
FB_2551,CUST_853,2025-03-27,5,Qualité service,Produit reçu en retard.
FB_2552,CUST_981,2025-05-12,1,Organisation,Taille indisponible trop souvent.
FB_2553,CUST_377,2024-11-14,4,Communication,J’ai eu un problème avec ma commande.
FB_2554,CUST_133,2024-03-01,5,Aucune plainte,Packaging premium.
FB_2555,CUST_942,2024-04-21,3,Prix,Service client réactif.
FB_2556,CUST_575,2025-01-23,2,Support client,Le prix est intéressant mais le retour est compliqué.
FB_2557,CUST_1266,2024-01-26,5,Prix,Le site est fluide et simple.
FB_2558,CUST_1412,2024-07-05,1,Aucune plainte,Le prix est intéressant mais le retour est compliqué.
FB_2559,CUST_1464,2024-12-07,1,Organisation,Très bonne qualité.
FB_2560,CUST_1398,2024-10-29,5,Communication,Le prix est intéressant mais le retour est compliqué.
FB_2561,CUST_99,2024-04-10,3,Aucune plainte,Packaging premium.
FB_2562,CUST_1443,2024-08-10,3,Réservation,Service client réactif.
FB_2563,CUST_589,2025-05-10,5,Organisation,J’ai eu un problème avec ma commande.
FB_2564,CUST_356,2024-03-30,3,Réservation,Taille indisponible trop souvent.
FB_2565,CUST_1052,2024-10-20,4,Prix,Service client réactif.
FB_2566,CUST_174,2024-12-18,5,Communication,Expérience d’achat agréable.
FB_2567,CUST_710,2024-11-23,4,Communication,Taille indisponible trop souvent.
FB_2568,CUST_839,2024-03-20,4,Support client,Le site est fluide et simple.
FB_2569,CUST_452,2024-11-06,3,Communication,Taille indisponible trop souvent.
FB_2570,CUST_1249,2025-04-02,2,Prix,Le prix est intéressant mais le retour est compliqué.
FB_2571,CUST_112,2024-03-25,5,Communication,Service client réactif.
FB_2572,CUST_46,2025-04-04,3,Prix,Livraison rapide et produit conforme.
FB_2573,CUST_808,2024-10-27,3,Prix,Taille indisponible trop souvent.
FB_2574,CUST_557,2024-02-23,4,Réservation,Taille indisponible trop souvent.
FB_2575,CUST_838,2024-04-10,2,Aucune plainte,J’ai eu un problème avec ma commande.
FB_2576,CUST_1184,2024-08-10,5,Communication,Produit reçu en retard.
FB_2577,CUST_527,2024-06-03,4,Aucune plainte,Produit reçu en retard.
FB_2578,CUST_207,2024-05-10,5,Support client,Très bonne qualité.
FB_2579,CUST_1341,2025-04-21,5,Qualité service,Le site est fluide et simple.
FB_2580,CUST_804,2024-02-08,4,Qualité service,Service client réactif.
FB_2581,CUST_1188,2024-02-16,3,Communication,Service client réactif.
FB_2582,CUST_1144,2025-04-22,1,Support client,Produit reçu en retard.
FB_2583,CUST_1066,2025-03-25,3,Qualité service,Le prix est intéressant mais le retour est compliqué.
FB_2584,CUST_676,2024-09-25,1,Communication,J’ai eu un problème avec ma commande.
FB_2585,CUST_949,2024-11-28,1,Aucune plainte,Le prix est intéressant mais le retour est compliqué.
FB_2586,CUST_915,2024-12-07,5,Réservation,Produit reçu en retard.
FB_2587,CUST_106,2024-09-10,1,Support client,Expérience d’achat agréable.
FB_2588,CUST_379,2025-01-15,4,Support client,Le prix est intéressant mais le retour est compliqué.
FB_2589,CUST_1312,2025-03-30,3,Support client,Le prix est intéressant mais le retour est compliqué.
FB_2590,CUST_434,2025-02-15,3,Réservation,Taille indisponible trop souvent.
FB_2591,CUST_856,2025-06-28,3,Support client,Expérience d’achat agréable.
FB_2592,CUST_296,2024-11-06,3,Prix,Produit reçu en retard.
FB_2593,CUST_1312,2025-04-18,4,Prix,Le prix est intéressant mais le retour est compliqué.
FB_2594,CUST_1180,2024-01-23,5,Organisation,Taille indisponible trop souvent.
FB_2595,CUST_231,2024-09-24,5,Support client,Service client réactif.
FB_2596,CUST_787,2024-11-13,2,Aucune plainte,Expérience d’achat agréable.
FB_2597,CUST_1326,2024-11-01,5,Qualité service,Le prix est intéressant mais le retour est compliqué.
FB_2598,CUST_946,2024-08-27,5,Qualité service,Service client réactif.
FB_2599,CUST_1174,2024-04-21,5,Aucune plainte,J’ai eu un problème avec ma commande.
FB_2600,CUST_322,2025-05-17,4,Aucune plainte,Expérience d’achat agréable.
FB_2601,CUST_1341,2025-03-19,4,Prix,Livraison rapide et produit conforme.
FB_2602,CUST_1499,2025-06-18,3,Qualité service,Packaging premium.
FB_2603,CUST_936,2024-06-28,4,Prix,Le site est fluide et simple.
FB_2604,CUST_1090,2024-07-03,3,Aucune plainte,Service client réactif.
FB_2605,CUST_1008,2024-03-31,2,Support client,J’ai eu un problème avec ma commande.
FB_2606,CUST_715,2024-02-12,1,Communication,J’ai eu un problème avec ma commande.
FB_2607,CUST_1301,2025-04-18,1,Prix,Packaging premium.
FB_2608,CUST_790,2024-09-22,1,Prix,Service client réactif.
FB_2609,CUST_726,2024-10-02,1,Organisation,Produit reçu en retard.
FB_2610,CUST_125,2024-12-15,1,Organisation,Le prix est intéressant mais le retour est compliqué.
FB_2611,CUST_231,2025-02-12,3,Organisation,Taille indisponible trop souvent.
FB_2612,CUST_1328,2025-04-29,2,Organisation,Taille indisponible trop souvent.
FB_2613,CUST_244,2025-01-24,3,Aucune plainte,Taille indisponible trop souvent.
FB_2614,CUST_941,2024-08-01,5,Qualité service,Service client réactif.
FB_2615,CUST_51,2024-05-22,3,Prix,Taille indisponible trop souvent.
FB_2616,CUST_774,2024-10-27,4,Aucune plainte,J’ai eu un problème avec ma commande.
FB_2617,CUST_512,2025-01-23,3,Communication,Le prix est intéressant mais le retour est compliqué.
FB_2618,CUST_1073,2025-04-13,2,Support client,Taille indisponible trop souvent.
FB_2619,CUST_1280,2025-04-13,1,Réservation,Taille indisponible trop souvent.
FB_2620,CUST_1306,2025-03-29,2,Organisation,Le site est fluide et simple.
FB_2621,CUST_335,2024-01-03,4,Aucune plainte,Expérience d’achat agréable.
FB_2622,CUST_984,2024-03-24,5,Prix,Livraison rapide et produit conforme.
FB_2623,CUST_727,2024-07-13,5,Prix,Produit reçu en retard.
FB_2624,CUST_675,2025-03-08,2,Support client,Service client réactif.
FB_2625,CUST_304,2024-11-16,2,Prix,Service client réactif.
FB_2626,CUST_555,2025-05-29,4,Organisation,Expérience d’achat agréable.
FB_2627,CUST_263,2025-05-23,1,Qualité service,Très bonne qualité.
FB_2628,CUST_1454,2024-05-16,1,Prix,J’ai eu un problème avec ma commande.
FB_2629,CUST_392,2024-09-18,4,Support client,J’ai eu un problème avec ma commande.
FB_2630,CUST_708,2024-04-15,4,Support client,Le prix est intéressant mais le retour est compliqué.
FB_2631,CUST_343,2025-01-24,4,Organisation,J’ai eu un problème avec ma commande.
FB_2632,CUST_331,2024-12-12,5,Réservation,Expérience d’achat agréable.
FB_2633,CUST_497,2024-08-01,1,Communication,J’ai eu un problème avec ma commande.
FB_2634,CUST_245,2024-03-31,2,Organisation,Produit reçu en retard.
FB_2635,CUST_330,2024-04-30,3,Qualité service,Service client réactif.
FB_2636,CUST_1012,2024-09-22,2,Prix,Expérience d’achat agréable.
FB_2637,CUST_741,2025-04-27,3,Prix,J’ai eu un problème avec ma commande.
FB_2638,CUST_791,2025-05-10,4,Prix,Produit reçu en retard.
FB_2639,CUST_827,2025-03-11,1,Aucune plainte,Taille indisponible trop souvent.
FB_2640,CUST_969,2024-05-02,2,Organisation,Packaging premium.
FB_2641,CUST_318,2024-02-14,5,Prix,Expérience d’achat agréable.
FB_2642,CUST_592,2024-05-10,1,Communication,Packaging premium.
FB_2643,CUST_588,2024-06-07,2,Qualité service,J’ai eu un problème avec ma commande.
FB_2644,CUST_222,2024-03-15,4,Réservation,Packaging premium.
FB_2645,CUST_494,2025-05-01,2,Organisation,Packaging premium.
FB_2646,CUST_323,2024-01-13,3,Communication,Le prix est intéressant mais le retour est compliqué.
FB_2647,CUST_436,2024-01-09,4,Prix,Le prix est intéressant mais le retour est compliqué.
FB_2648,CUST_921,2025-04-16,3,Communication,Très bonne qualité.
FB_2649,CUST_643,2025-03-13,5,Prix,Le site est fluide et simple.
FB_2650,CUST_809,2024-08-16,5,Prix,Le site est fluide et simple.
FB_2651,CUST_262,2024-03-08,2,Réservation,Packaging premium.
FB_2652,CUST_1076,2025-05-09,4,Support client,Taille indisponible trop souvent.
FB_2653,CUST_937,2025-05-24,2,Support client,Taille indisponible trop souvent.
FB_2654,CUST_847,2024-01-21,1,Qualité service,Expérience d’achat agréable.
FB_2655,CUST_1257,2024-11-07,2,Organisation,J’ai eu un problème avec ma commande.
FB_2656,CUST_1472,2025-01-17,1,Réservation,Produit reçu en retard.
FB_2657,CUST_291,2025-01-21,5,Support client,Expérience d’achat agréable.
FB_2658,CUST_745,2024-04-15,2,Support client,Très bonne qualité.
FB_2659,CUST_1204,2024-06-19,1,Prix,J’ai eu un problème avec ma commande.
FB_2660,CUST_1320,2025-01-04,3,Prix,Très bonne qualité.
FB_2661,CUST_1287,2024-01-26,2,Prix,Service client réactif.
FB_2662,CUST_323,2024-08-06,4,Aucune plainte,J’ai eu un problème avec ma commande.
FB_2663,CUST_1283,2024-10-12,2,Support client,Expérience d’achat agréable.
FB_2664,CUST_1076,2024-01-09,3,Aucune plainte,Service client réactif.
FB_2665,CUST_295,2025-05-31,5,Réservation,Très bonne qualité.
FB_2666,CUST_1173,2025-04-04,4,Organisation,Le site est fluide et simple.
FB_2667,CUST_904,2024-10-26,1,Support client,J’ai eu un problème avec ma commande.
FB_2668,CUST_194,2025-02-23,4,Réservation,Livraison rapide et produit conforme.
FB_2669,CUST_606,2024-10-20,4,Support client,Le site est fluide et simple.
FB_2670,CUST_24,2025-06-10,2,Qualité service,Expérience d’achat agréable.
FB_2671,CUST_32,2024-07-01,2,Prix,Packaging premium.
FB_2672,CUST_286,2025-03-01,5,Aucune plainte,Expérience d’achat agréable.
FB_2673,CUST_1264,2025-01-22,4,Prix,Le prix est intéressant mais le retour est compliqué.
FB_2674,CUST_953,2024-12-31,2,Qualité service,Taille indisponible trop souvent.
FB_2675,CUST_1405,2024-04-10,4,Communication,Packaging premium.
FB_2676,CUST_623,2025-04-09,3,Communication,Packaging premium.
FB_2677,CUST_1039,2024-06-21,1,Prix,Service client réactif.
FB_2678,CUST_882,2025-02-24,4,Aucune plainte,Produit reçu en retard.
FB_2679,CUST_518,2024-09-27,3,Communication,Produit reçu en retard.
FB_2680,CUST_513,2025-05-18,5,Organisation,Service client réactif.
FB_2681,CUST_905,2024-12-22,1,Aucune plainte,J’ai eu un problème avec ma commande.
FB_2682,CUST_879,2025-05-02,5,Communication,Très bonne qualité.
FB_2683,CUST_507,2025-02-22,2,Réservation,Taille indisponible trop souvent.
FB_2684,CUST_79,2025-06-24,5,Communication,Packaging premium.
FB_2685,CUST_761,2024-05-03,4,Qualité service,Expérience d’achat agréable.
FB_2686,CUST_750,2024-05-29,5,Communication,Expérience d’achat agréable.
FB_2687,CUST_1009,2024-03-19,5,Prix,Expérience d’achat agréable.
FB_2688,CUST_1350,2024-03-09,1,Organisation,Taille indisponible trop souvent.
FB_2689,CUST_476,2024-04-19,4,Qualité service,Packaging premium.
FB_2690,CUST_1358,2024-06-06,1,Réservation,Packaging premium.
FB_2691,CUST_1208,2024-11-24,5,Organisation,Packaging premium.
FB_2692,CUST_1233,2024-01-21,2,Prix,Packaging premium.
FB_2693,CUST_216,2024-08-21,3,Communication,Le prix est intéressant mais le retour est compliqué.
FB_2694,CUST_203,2024-10-07,1,Qualité service,Le prix est intéressant mais le retour est compliqué.
FB_2695,CUST_1035,2024-08-27,4,Prix,Le prix est intéressant mais le retour est compliqué.
FB_2696,CUST_909,2025-05-19,4,Communication,Très bonne qualité.
FB_2697,CUST_1172,2025-01-31,1,Aucune plainte,Expérience d’achat agréable.
FB_2698,CUST_47,2024-08-23,3,Support client,Taille indisponible trop souvent.
FB_2699,CUST_255,2024-10-09,1,Support client,Taille indisponible trop souvent.
FB_2700,CUST_64,2024-01-17,5,Communication,Livraison rapide et produit conforme.
FB_2701,CUST_621,2024-03-11,3,Réservation,Livraison rapide et produit conforme.
FB_2702,CUST_572,2025-02-23,3,Organisation,Livraison rapide et produit conforme.
FB_2703,CUST_78,2024-10-17,4,Support client,Produit reçu en retard.
FB_2704,CUST_895,2024-11-22,4,Réservation,Service client réactif.
FB_2705,CUST_463,2024-11-21,2,Communication,Packaging premium.
FB_2706,CUST_212,2025-03-22,4,Réservation,Le prix est intéressant mais le retour est compliqué.
FB_2707,CUST_288,2024-12-01,3,Communication,Livraison rapide et produit conforme.
FB_2708,CUST_771,2024-03-12,5,Aucune plainte,Taille indisponible trop souvent.
FB_2709,CUST_692,2024-10-13,3,Qualité service,Le prix est intéressant mais le retour est compliqué.
FB_2710,CUST_310,2025-04-18,3,Qualité service,Le site est fluide et simple.
FB_2711,CUST_125,2025-06-19,5,Qualité service,Le prix est intéressant mais le retour est compliqué.
FB_2712,CUST_1044,2025-06-22,1,Réservation,Livraison rapide et produit conforme.
FB_2713,CUST_1248,2024-01-13,5,Réservation,Packaging premium.
FB_2714,CUST_1085,2024-07-29,5,Réservation,J’ai eu un problème avec ma commande.
FB_2715,CUST_483,2024-12-05,2,Prix,Très bonne qualité.
FB_2716,CUST_974,2024-03-29,4,Support client,Expérience d’achat agréable.
FB_2717,CUST_1068,2024-09-21,1,Réservation,Le prix est intéressant mais le retour est compliqué.
FB_2718,CUST_458,2025-02-16,4,Support client,Le prix est intéressant mais le retour est compliqué.
FB_2719,CUST_704,2025-05-15,3,Organisation,Packaging premium.
FB_2720,CUST_1,2024-07-11,1,Qualité service,Le site est fluide et simple.
FB_2721,CUST_677,2025-02-23,3,Prix,Produit reçu en retard.
FB_2722,CUST_814,2025-02-09,2,Aucune plainte,Produit reçu en retard.
FB_2723,CUST_702,2025-05-19,4,Réservation,Livraison rapide et produit conforme.
FB_2724,CUST_1271,2024-07-18,5,Support client,Le site est fluide et simple.
FB_2725,CUST_642,2024-05-29,4,Qualité service,Très bonne qualité.
FB_2726,CUST_1455,2025-03-27,3,Support client,Le prix est intéressant mais le retour est compliqué.
FB_2727,CUST_38,2024-10-17,2,Aucune plainte,J’ai eu un problème avec ma commande.
FB_2728,CUST_43,2024-12-02,3,Communication,Expérience d’achat agréable.
FB_2729,CUST_513,2024-03-06,4,Organisation,Produit reçu en retard.
FB_2730,CUST_1488,2025-02-15,3,Réservation,Très bonne qualité.
FB_2731,CUST_1214,2024-02-10,5,Communication,Très bonne qualité.
FB_2732,CUST_1007,2024-02-07,4,Communication,Packaging premium.
FB_2733,CUST_955,2024-10-02,2,Aucune plainte,Taille indisponible trop souvent.
FB_2734,CUST_420,2024-01-31,1,Qualité service,Livraison rapide et produit conforme.
FB_2735,CUST_650,2024-04-06,5,Support client,Expérience d’achat agréable.
FB_2736,CUST_285,2024-10-07,4,Qualité service,Service client réactif.
FB_2737,CUST_15,2025-04-06,5,Communication,Très bonne qualité.
FB_2738,CUST_783,2024-03-05,5,Support client,Livraison rapide et produit conforme.
FB_2739,CUST_303,2025-06-25,1,Support client,Packaging premium.
FB_2740,CUST_1415,2024-09-01,4,Aucune plainte,Très bonne qualité.
FB_2741,CUST_122,2024-01-07,5,Qualité service,Packaging premium.
FB_2742,CUST_390,2024-05-08,5,Communication,Expérience d’achat agréable.
FB_2743,CUST_1002,2025-03-14,1,Réservation,J’ai eu un problème avec ma commande.
FB_2744,CUST_56,2024-01-04,5,Qualité service,Produit reçu en retard.
FB_2745,CUST_1311,2025-05-23,3,Support client,Taille indisponible trop souvent.
FB_2746,CUST_929,2024-03-04,4,Aucune plainte,Expérience d’achat agréable.
FB_2747,CUST_730,2025-01-18,1,Communication,Expérience d’achat agréable.
FB_2748,CUST_891,2025-05-28,4,Prix,Livraison rapide et produit conforme.
FB_2749,CUST_395,2024-11-11,2,Qualité service,Taille indisponible trop souvent.
FB_2750,CUST_1138,2025-06-10,5,Support client,Le prix est intéressant mais le retour est compliqué.
FB_2751,CUST_1230,2024-11-20,5,Aucune plainte,J’ai eu un problème avec ma commande.
FB_2752,CUST_725,2024-03-07,1,Organisation,Expérience d’achat agréable.
FB_2753,CUST_586,2024-07-09,4,Support client,Service client réactif.
FB_2754,CUST_1110,2024-05-25,3,Communication,Service client réactif.
FB_2755,CUST_1492,2025-03-09,5,Aucune plainte,Taille indisponible trop souvent.
FB_2756,CUST_1262,2024-06-23,2,Organisation,J’ai eu un problème avec ma commande.
FB_2757,CUST_98,2024-11-03,5,Qualité service,Livraison rapide et produit conforme.
FB_2758,CUST_118,2024-09-19,5,Communication,Le site est fluide et simple.
FB_2759,CUST_645,2024-10-06,1,Réservation,Taille indisponible trop souvent.
FB_2760,CUST_754,2024-03-09,4,Organisation,Expérience d’achat agréable.
FB_2761,CUST_124,2024-12-15,4,Réservation,Le site est fluide et simple.
FB_2762,CUST_972,2024-09-23,4,Prix,J’ai eu un problème avec ma commande.
FB_2763,CUST_409,2024-07-19,1,Réservation,Très bonne qualité.
FB_2764,CUST_578,2024-01-11,5,Qualité service,Très bonne qualité.
FB_2765,CUST_31,2025-01-07,5,Aucune plainte,Très bonne qualité.
FB_2766,CUST_628,2024-05-23,3,Aucune plainte,Packaging premium.
FB_2767,CUST_530,2024-06-20,5,Aucune plainte,Packaging premium.
FB_2768,CUST_1364,2025-04-11,2,Qualité service,Taille indisponible trop souvent.
FB_2769,CUST_226,2025-01-20,4,Support client,J’ai eu un problème avec ma commande.
FB_2770,CUST_337,2024-03-13,1,Support client,Livraison rapide et produit conforme.
FB_2771,CUST_646,2024-03-14,2,Organisation,Le site est fluide et simple.
FB_2772,CUST_1449,2024-09-28,3,Organisation,Très bonne qualité.
FB_2773,CUST_1379,2024-03-04,4,Qualité service,Le site est fluide et simple.
FB_2774,CUST_1086,2024-03-09,1,Organisation,Le site est fluide et simple.
FB_2775,CUST_968,2025-05-11,1,Qualité service,Expérience d’achat agréable.
FB_2776,CUST_1330,2024-01-07,3,Prix,Taille indisponible trop souvent.
FB_2777,CUST_15,2025-05-20,5,Organisation,Expérience d’achat agréable.
FB_2778,CUST_447,2024-11-23,1,Organisation,Packaging premium.
FB_2779,CUST_883,2025-01-02,2,Organisation,J’ai eu un problème avec ma commande.
FB_2780,CUST_1211,2024-11-13,3,Réservation,Livraison rapide et produit conforme.
FB_2781,CUST_470,2025-01-26,3,Qualité service,Produit reçu en retard.
FB_2782,CUST_1028,2025-05-15,4,Communication,Expérience d’achat agréable.
FB_2783,CUST_581,2025-04-26,5,Support client,Produit reçu en retard.
FB_2784,CUST_14,2024-02-29,2,Prix,Le site est fluide et simple.
FB_2785,CUST_376,2025-06-22,3,Organisation,Le prix est intéressant mais le retour est compliqué.
FB_2786,CUST_37,2024-11-28,1,Aucune plainte,Livraison rapide et produit conforme.
FB_2787,CUST_294,2024-04-11,3,Qualité service,Produit reçu en retard.
FB_2788,CUST_925,2025-02-01,5,Support client,Le site est fluide et simple.
FB_2789,CUST_999,2024-12-27,3,Aucune plainte,Produit reçu en retard.
FB_2790,CUST_996,2025-06-02,5,Prix,Très bonne qualité.
FB_2791,CUST_153,2024-02-12,5,Organisation,Produit reçu en retard.
FB_2792,CUST_243,2024-09-10,4,Support client,Service client réactif.
FB_2793,CUST_1299,2024-12-01,3,Prix,Le site est fluide et simple.
FB_2794,CUST_160,2025-01-19,4,Prix,Packaging premium.
FB_2795,CUST_840,2024-09-22,2,Communication,Taille indisponible trop souvent.
FB_2796,CUST_60,2024-03-16,3,Communication,Expérience d’achat agréable.
FB_2797,CUST_875,2024-08-24,4,Qualité service,Livraison rapide et produit conforme.
FB_2798,CUST_244,2024-07-18,5,Communication,Très bonne qualité.
FB_2799,CUST_91,2025-02-04,2,Qualité service,Le prix est intéressant mais le retour est compliqué.
FB_2800,CUST_155,2025-04-22,5,Organisation,Très bonne qualité.
FB_2801,CUST_592,2024-07-30,1,Support client,J’ai eu un problème avec ma commande.
FB_2802,CUST_594,2024-11-11,5,Communication,Produit reçu en retard.
FB_2803,CUST_868,2024-11-15,4,Communication,Produit reçu en retard.
FB_2804,CUST_997,2024-09-02,2,Réservation,Taille indisponible trop souvent.
FB_2805,CUST_763,2024-07-05,4,Aucune plainte,J’ai eu un problème avec ma commande.
FB_2806,CUST_546,2024-10-18,5,Support client,Livraison rapide et produit conforme.
FB_2807,CUST_615,2024-05-18,3,Qualité service,Très bonne qualité.
FB_2808,CUST_1400,2024-05-09,5,Aucune plainte,Le site est fluide et simple.
FB_2809,CUST_927,2024-02-05,5,Organisation,Expérience d’achat agréable.
FB_2810,CUST_339,2024-01-02,2,Réservation,Le site est fluide et simple.
FB_2811,CUST_497,2025-01-11,2,Prix,J’ai eu un problème avec ma commande.
FB_2812,CUST_102,2024-10-18,4,Support client,Le prix est intéressant mais le retour est compliqué.
FB_2813,CUST_1349,2024-05-30,3,Réservation,Produit reçu en retard.
FB_2814,CUST_532,2025-05-09,4,Organisation,Taille indisponible trop souvent.
FB_2815,CUST_372,2024-06-29,4,Organisation,Service client réactif.
FB_2816,CUST_1244,2025-02-24,3,Support client,Service client réactif.
FB_2817,CUST_820,2024-01-15,3,Qualité service,Très bonne qualité.
FB_2818,CUST_326,2025-06-15,3,Prix,Livraison rapide et produit conforme.
FB_2819,CUST_933,2024-11-02,3,Prix,J’ai eu un problème avec ma commande.
FB_2820,CUST_554,2024-06-02,3,Communication,J’ai eu un problème avec ma commande.
FB_2821,CUST_1472,2025-01-03,2,Prix,Livraison rapide et produit conforme.
FB_2822,CUST_628,2024-08-21,5,Réservation,Expérience d’achat agréable.
FB_2823,CUST_1216,2024-02-12,3,Prix,Le site est fluide et simple.
FB_2824,CUST_631,2024-04-14,5,Réservation,J’ai eu un problème avec ma commande.
FB_2825,CUST_1248,2024-09-05,4,Organisation,Très bonne qualité.
FB_2826,CUST_584,2025-03-11,2,Réservation,Produit reçu en retard.
FB_2827,CUST_423,2024-11-03,3,Organisation,Le site est fluide et simple.
FB_2828,CUST_1387,2024-12-07,2,Aucune plainte,J’ai eu un problème avec ma commande.
FB_2829,CUST_94,2024-12-24,4,Qualité service,Produit reçu en retard.
FB_2830,CUST_1162,2024-12-07,4,Support client,Packaging premium.
FB_2831,CUST_372,2025-05-20,4,Aucune plainte,Très bonne qualité.
FB_2832,CUST_1488,2024-10-17,3,Aucune plainte,Le prix est intéressant mais le retour est compliqué.
FB_2833,CUST_1421,2024-04-19,3,Prix,Très bonne qualité.
FB_2834,CUST_1434,2024-02-19,3,Qualité service,J’ai eu un problème avec ma commande.
FB_2835,CUST_495,2025-06-22,5,Aucune plainte,Le site est fluide et simple.
FB_2836,CUST_453,2025-05-03,2,Aucune plainte,Taille indisponible trop souvent.
FB_2837,CUST_922,2025-06-17,4,Organisation,J’ai eu un problème avec ma commande.
FB_2838,CUST_202,2024-10-31,1,Qualité service,Service client réactif.
FB_2839,CUST_423,2024-02-18,3,Communication,Expérience d’achat agréable.
FB_2840,CUST_1156,2024-05-21,5,Communication,Livraison rapide et produit conforme.
FB_2841,CUST_914,2025-05-01,3,Organisation,Service client réactif.
FB_2842,CUST_751,2024-07-10,5,Organisation,Packaging premium.
FB_2843,CUST_302,2025-04-16,3,Réservation,J’ai eu un problème avec ma commande.
FB_2844,CUST_476,2024-05-24,2,Qualité service,Expérience d’achat agréable.
FB_2845,CUST_819,2024-09-03,5,Prix,J’ai eu un problème avec ma commande.
FB_2846,CUST_278,2025-05-14,2,Support client,Livraison rapide et produit conforme.
FB_2847,CUST_1376,2025-06-29,1,Communication,Très bonne qualité.
FB_2848,CUST_551,2025-05-22,3,Qualité service,Service client réactif.
FB_2849,CUST_1306,2024-05-18,3,Organisation,Produit reçu en retard.
FB_2850,CUST_455,2024-08-16,5,Réservation,Très bonne qualité.
FB_2851,CUST_403,2024-12-17,5,Communication,Très bonne qualité.
FB_2852,CUST_461,2024-08-22,4,Réservation,Le prix est intéressant mais le retour est compliqué.
FB_2853,CUST_416,2024-03-27,1,Support client,Très bonne qualité.
FB_2854,CUST_108,2024-04-21,2,Organisation,Service client réactif.
FB_2855,CUST_631,2024-04-29,1,Communication,Taille indisponible trop souvent.
FB_2856,CUST_160,2024-07-25,4,Réservation,Produit reçu en retard.
FB_2857,CUST_1370,2025-05-22,4,Support client,Très bonne qualité.
FB_2858,CUST_1449,2024-06-24,1,Prix,Le prix est intéressant mais le retour est compliqué.
FB_2859,CUST_423,2024-12-06,3,Support client,J’ai eu un problème avec ma commande.
FB_2860,CUST_1122,2024-05-12,2,Organisation,Produit reçu en retard.
FB_2861,CUST_650,2024-08-27,3,Qualité service,Taille indisponible trop souvent.
FB_2862,CUST_329,2024-12-05,5,Réservation,Le site est fluide et simple.
FB_2863,CUST_1286,2025-04-21,3,Aucune plainte,Très bonne qualité.
FB_2864,CUST_880,2025-05-14,5,Support client,Livraison rapide et produit conforme.
FB_2865,CUST_660,2025-01-23,2,Qualité service,Livraison rapide et produit conforme.
FB_2866,CUST_582,2024-05-24,2,Communication,Service client réactif.
FB_2867,CUST_1050,2024-04-13,3,Organisation,Produit reçu en retard.
FB_2868,CUST_275,2024-12-11,3,Prix,Le site est fluide et simple.
FB_2869,CUST_595,2024-02-24,3,Réservation,Le prix est intéressant mais le retour est compliqué.
FB_2870,CUST_771,2024-09-14,2,Réservation,Packaging premium.
FB_2871,CUST_583,2025-03-22,2,Communication,Le prix est intéressant mais le retour est compliqué.
FB_2872,CUST_1332,2024-02-08,5,Support client,Produit reçu en retard.
FB_2873,CUST_1274,2025-02-14,3,Support client,Le prix est intéressant mais le retour est compliqué.
FB_2874,CUST_297,2024-06-20,3,Organisation,Service client réactif.
FB_2875,CUST_1035,2025-02-01,5,Organisation,Le prix est intéressant mais le retour est compliqué.
FB_2876,CUST_1376,2024-03-06,1,Aucune plainte,Très bonne qualité.
FB_2877,CUST_1405,2024-03-20,5,Communication,J’ai eu un problème avec ma commande.
FB_2878,CUST_567,2024-05-28,4,Organisation,J’ai eu un problème avec ma commande.
FB_2879,CUST_177,2024-04-27,1,Support client,Le prix est intéressant mais le retour est compliqué.
FB_2880,CUST_792,2025-04-07,2,Prix,J’ai eu un problème avec ma commande.
FB_2881,CUST_176,2025-03-09,4,Aucune plainte,Le site est fluide et simple.
FB_2882,CUST_269,2025-06-17,1,Organisation,Livraison rapide et produit conforme.
FB_2883,CUST_505,2024-05-05,2,Support client,Le prix est intéressant mais le retour est compliqué.
FB_2884,CUST_626,2025-05-21,1,Organisation,Taille indisponible trop souvent.
FB_2885,CUST_630,2024-04-02,5,Aucune plainte,Le site est fluide et simple.
FB_2886,CUST_439,2025-03-01,2,Support client,Le prix est intéressant mais le retour est compliqué.
FB_2887,CUST_897,2024-08-18,3,Communication,Produit reçu en retard.
FB_2888,CUST_384,2024-06-05,1,Support client,Produit reçu en retard.
FB_2889,CUST_1027,2024-02-14,2,Qualité service,Très bonne qualité.
FB_2890,CUST_1492,2025-06-13,4,Support client,Le prix est intéressant mais le retour est compliqué.
FB_2891,CUST_89,2025-05-07,1,Organisation,Service client réactif.
FB_2892,CUST_13,2025-02-02,1,Communication,Taille indisponible trop souvent.
FB_2893,CUST_1176,2024-04-27,3,Organisation,Produit reçu en retard.
FB_2894,CUST_272,2025-06-20,1,Réservation,Le site est fluide et simple.
FB_2895,CUST_1221,2024-07-07,1,Qualité service,Le prix est intéressant mais le retour est compliqué.
FB_2896,CUST_20,2024-01-31,4,Qualité service,Le site est fluide et simple.
FB_2897,CUST_1030,2025-01-06,3,Organisation,Le site est fluide et simple.
FB_2898,CUST_865,2024-03-19,1,Communication,Très bonne qualité.
FB_2899,CUST_1170,2024-03-28,2,Organisation,Expérience d’achat agréable.
FB_2900,CUST_544,2024-04-25,4,Support client,Produit reçu en retard.
FB_2901,CUST_483,2024-11-02,1,Réservation,Produit reçu en retard.
FB_2902,CUST_333,2025-01-19,2,Qualité service,Packaging premium.
FB_2903,CUST_1151,2024-12-06,1,Organisation,Expérience d’achat agréable.
FB_2904,CUST_1348,2024-06-10,5,Aucune plainte,Le site est fluide et simple.
FB_2905,CUST_40,2024-04-10,1,Organisation,Packaging premium.
FB_2906,CUST_713,2024-01-10,5,Aucune plainte,Produit reçu en retard.
FB_2907,CUST_619,2024-04-25,4,Communication,Packaging premium.
FB_2908,CUST_904,2025-03-19,3,Qualité service,Livraison rapide et produit conforme.
FB_2909,CUST_1054,2025-01-09,4,Prix,J’ai eu un problème avec ma commande.
FB_2910,CUST_825,2024-12-01,3,Réservation,Le site est fluide et simple.
FB_2911,CUST_79,2025-06-13,1,Qualité service,Livraison rapide et produit conforme.
FB_2912,CUST_662,2024-02-07,3,Prix,Produit reçu en retard.
FB_2913,CUST_376,2025-06-03,3,Communication,Service client réactif.
FB_2914,CUST_26,2025-01-03,1,Prix,Taille indisponible trop souvent.
FB_2915,CUST_444,2025-05-11,2,Communication,Service client réactif.
FB_2916,CUST_741,2024-09-16,3,Organisation,Le prix est intéressant mais le retour est compliqué.
FB_2917,CUST_40,2024-10-16,2,Aucune plainte,Très bonne qualité.
FB_2918,CUST_736,2024-07-16,3,Réservation,Produit reçu en retard.
FB_2919,CUST_1457,2024-06-08,4,Réservation,Packaging premium.
FB_2920,CUST_625,2025-03-08,2,Qualité service,Le prix est intéressant mais le retour est compliqué.
FB_2921,CUST_1135,2025-02-23,4,Organisation,Service client réactif.
FB_2922,CUST_779,2024-12-28,3,Support client,Taille indisponible trop souvent.
FB_2923,CUST_1114,2025-03-03,1,Réservation,Expérience d’achat agréable.
FB_2924,CUST_786,2025-04-29,5,Organisation,Le prix est intéressant mais le retour est compliqué.
FB_2925,CUST_333,2025-04-08,4,Prix,Produit reçu en retard.
FB_2926,CUST_253,2024-01-09,2,Organisation,Packaging premium.
FB_2927,CUST_829,2024-10-08,1,Organisation,Très bonne qualité.
FB_2928,CUST_181,2024-04-06,5,Réservation,Produit reçu en retard.
FB_2929,CUST_1207,2025-01-13,5,Support client,Livraison rapide et produit conforme.
FB_2930,CUST_943,2025-02-17,3,Support client,Service client réactif.
FB_2931,CUST_711,2025-03-14,2,Aucune plainte,Expérience d’achat agréable.
FB_2932,CUST_990,2025-06-21,4,Qualité service,Le prix est intéressant mais le retour est compliqué.
FB_2933,CUST_969,2025-06-27,4,Organisation,Expérience d’achat agréable.
FB_2934,CUST_375,2025-06-07,2,Prix,Service client réactif.
FB_2935,CUST_1215,2024-04-25,5,Communication,Livraison rapide et produit conforme.
FB_2936,CUST_529,2025-01-14,5,Communication,Livraison rapide et produit conforme.
FB_2937,CUST_50,2024-12-06,1,Réservation,Service client réactif.
FB_2938,CUST_349,2025-05-31,1,Réservation,Taille indisponible trop souvent.
FB_2939,CUST_766,2024-04-16,2,Prix,Service client réactif.
FB_2940,CUST_430,2024-04-27,3,Communication,Service client réactif.
FB_2941,CUST_1484,2024-08-10,5,Aucune plainte,Produit reçu en retard.
FB_2942,CUST_912,2024-04-28,3,Organisation,Expérience d’achat agréable.
FB_2943,CUST_1093,2024-10-03,5,Aucune plainte,Très bonne qualité.
FB_2944,CUST_1065,2025-06-24,5,Aucune plainte,Livraison rapide et produit conforme.
FB_2945,CUST_1220,2024-09-20,1,Qualité service,Le prix est intéressant mais le retour est compliqué.
FB_2946,CUST_343,2024-02-17,5,Communication,Produit reçu en retard.
FB_2947,CUST_64,2024-06-23,5,Prix,Packaging premium.
FB_2948,CUST_1197,2024-06-11,3,Organisation,J’ai eu un problème avec ma commande.
FB_2949,CUST_505,2024-02-02,3,Aucune plainte,Produit reçu en retard.
FB_2950,CUST_1470,2024-07-26,2,Support client,Taille indisponible trop souvent.
FB_2951,CUST_360,2024-07-29,2,Communication,Livraison rapide et produit conforme.
FB_2952,CUST_1161,2024-01-11,5,Prix,Expérience d’achat agréable.
FB_2953,CUST_70,2025-03-28,2,Support client,Le site est fluide et simple.
FB_2954,CUST_56,2025-01-12,4,Support client,Service client réactif.
FB_2955,CUST_1398,2025-02-17,4,Réservation,J’ai eu un problème avec ma commande.
FB_2956,CUST_515,2025-06-27,4,Qualité service,Très bonne qualité.
FB_2957,CUST_1014,2024-03-01,2,Qualité service,Packaging premium.
FB_2958,CUST_1324,2024-08-10,4,Support client,Produit reçu en retard.
FB_2959,CUST_531,2024-12-10,5,Aucune plainte,Livraison rapide et produit conforme.
FB_2960,CUST_498,2024-01-13,3,Organisation,Produit reçu en retard.
FB_2961,CUST_430,2024-04-03,4,Organisation,Service client réactif.
FB_2962,CUST_707,2024-11-12,1,Communication,Service client réactif.
FB_2963,CUST_230,2024-04-28,1,Communication,Le site est fluide et simple.
FB_2964,CUST_1263,2024-07-25,1,Organisation,Taille indisponible trop souvent.
FB_2965,CUST_1025,2024-09-08,2,Aucune plainte,Expérience d’achat agréable.
FB_2966,CUST_403,2025-02-15,5,Organisation,Le site est fluide et simple.
FB_2967,CUST_270,2025-05-09,4,Communication,Livraison rapide et produit conforme.
FB_2968,CUST_1453,2024-11-03,2,Réservation,Le prix est intéressant mais le retour est compliqué.
FB_2969,CUST_188,2024-12-16,2,Organisation,Livraison rapide et produit conforme.
FB_2970,CUST_628,2024-08-31,1,Communication,Produit reçu en retard.
FB_2971,CUST_567,2025-01-08,4,Organisation,J’ai eu un problème avec ma commande.
FB_2972,CUST_1218,2025-01-12,5,Communication,J’ai eu un problème avec ma commande.
FB_2973,CUST_1461,2024-04-26,3,Réservation,Le prix est intéressant mais le retour est compliqué.
FB_2974,CUST_1224,2025-06-26,4,Prix,Packaging premium.
FB_2975,CUST_1491,2025-01-07,1,Support client,Service client réactif.
FB_2976,CUST_1,2025-06-09,3,Support client,J’ai eu un problème avec ma commande.
FB_2977,CUST_512,2024-09-01,3,Réservation,Produit reçu en retard.
FB_2978,CUST_242,2024-06-30,1,Prix,Le prix est intéressant mais le retour est compliqué.
FB_2979,CUST_263,2024-09-08,3,Organisation,Très bonne qualité.
FB_2980,CUST_1164,2024-02-26,2,Réservation,Packaging premium.
FB_2981,CUST_1330,2024-08-11,2,Organisation,Le site est fluide et simple.
FB_2982,CUST_1187,2024-07-04,5,Aucune plainte,Très bonne qualité.
FB_2983,CUST_1375,2025-04-23,2,Réservation,Le site est fluide et simple.
FB_2984,CUST_420,2024-09-19,1,Aucune plainte,Taille indisponible trop souvent.
FB_2985,CUST_401,2024-08-28,4,Support client,Le prix est intéressant mais le retour est compliqué.
FB_2986,CUST_278,2025-04-17,5,Réservation,Service client réactif.
FB_2987,CUST_342,2025-06-17,4,Support client,Service client réactif.
FB_2988,CUST_988,2025-01-27,2,Support client,Expérience d’achat agréable.
FB_2989,CUST_785,2024-12-01,4,Réservation,Le site est fluide et simple.
FB_2990,CUST_265,2024-08-03,1,Support client,Le prix est intéressant mais le retour est compliqué.
FB_2991,CUST_1168,2025-02-28,3,Communication,Expérience d’achat agréable.
FB_2992,CUST_796,2025-02-12,1,Aucune plainte,Service client réactif.
FB_2993,CUST_168,2024-07-11,4,Support client,Livraison rapide et produit conforme.
FB_2994,CUST_700,2025-05-15,3,Qualité service,Le site est fluide et simple.
FB_2995,CUST_60,2024-08-31,5,Organisation,Produit reçu en retard.
FB_2996,CUST_1021,2025-06-30,1,Organisation,Livraison rapide et produit conforme.
FB_2997,CUST_598,2025-04-23,3,Aucune plainte,J’ai eu un problème avec ma commande.
FB_2998,CUST_1452,2024-08-31,2,Aucune plainte,Service client réactif.
FB_2999,CUST_462,2025-05-27,4,Aucune plainte,J’ai eu un problème avec ma commande.
FB_3000,CUST_539,2025-02-19,2,Organisation,Le prix est intéressant mais le retour est compliqué.
